# FONLL heavy-flavor meson grid
# columns: pT y dsigma/dpT/dy
# units: GeV 1 pb/GeV
# collision: pp
# ebeam1_GeV: 7000
# ebeam2_GeV: 7000
# sqrt_s_GeV: 14000
# quark: bottom
# final_state: meson
# final_state_detail: B hadron
# heavy_quark_mass_GeV: 4.75
# scale: muR=muF=sqrt(m^2+pT^2), ffact=1, fren=1
# pdf: NNPDF40_nlo_as_01180
# lhapdf_id: 331700
# perturbative_order: FONLL
# fragmentation_function: Kartvelishvili, normalized (1-z)*z^alpha; public FONLL N=5 central default for B hadrons
# fragmentation_mode: 2
# fragmentation_alpha: 24.2
# fragmentation_frame: y=0
# fragmentation_fraction: 1
# meson_mass: irrelevant in this phase space (ifrframe=1; xmh enters only the szmin guard, inactive for pT<=50 GeV, |y|<=3); on-shell mass applied at sampling time
# internal_quark_grid: /Volumes/sandbox/projects/aaaPHYSICSaaa/NNPDF40/fonll-local/run/nlo_bottom/nl_b_.out
# output_pT_values_GeV: 0..50 step 0.50505051
# output_y_values: -3..3 step 0.060606061
# note_pT0: pT=0 rows are set to 0; fragmfonll evaluates differential points for pT>0
# trapezoid_integral_pb_y-3to3_pt0to50: 3.059034524392e+08
# pT y dsigma/dpT/dy
0 -3 0.000000000000e+00
0 -2.9393939 0.000000000000e+00
0 -2.8787879 0.000000000000e+00
0 -2.8181818 0.000000000000e+00
0 -2.7575758 0.000000000000e+00
0 -2.6969697 0.000000000000e+00
0 -2.6363636 0.000000000000e+00
0 -2.5757576 0.000000000000e+00
0 -2.5151515 0.000000000000e+00
0 -2.4545455 0.000000000000e+00
0 -2.3939394 0.000000000000e+00
0 -2.3333333 0.000000000000e+00
0 -2.2727273 0.000000000000e+00
0 -2.2121212 0.000000000000e+00
0 -2.1515152 0.000000000000e+00
0 -2.0909091 0.000000000000e+00
0 -2.030303 0.000000000000e+00
0 -1.969697 0.000000000000e+00
0 -1.9090909 0.000000000000e+00
0 -1.8484848 0.000000000000e+00
0 -1.7878788 0.000000000000e+00
0 -1.7272727 0.000000000000e+00
0 -1.6666667 0.000000000000e+00
0 -1.6060606 0.000000000000e+00
0 -1.5454545 0.000000000000e+00
0 -1.4848485 0.000000000000e+00
0 -1.4242424 0.000000000000e+00
0 -1.3636364 0.000000000000e+00
0 -1.3030303 0.000000000000e+00
0 -1.2424242 0.000000000000e+00
0 -1.1818182 0.000000000000e+00
0 -1.1212121 0.000000000000e+00
0 -1.0606061 0.000000000000e+00
0 -1 0.000000000000e+00
0 -0.93939394 0.000000000000e+00
0 -0.87878788 0.000000000000e+00
0 -0.81818182 0.000000000000e+00
0 -0.75757576 0.000000000000e+00
0 -0.6969697 0.000000000000e+00
0 -0.63636364 0.000000000000e+00
0 -0.57575758 0.000000000000e+00
0 -0.51515152 0.000000000000e+00
0 -0.45454545 0.000000000000e+00
0 -0.39393939 0.000000000000e+00
0 -0.33333333 0.000000000000e+00
0 -0.27272727 0.000000000000e+00
0 -0.21212121 0.000000000000e+00
0 -0.15151515 0.000000000000e+00
0 -0.090909091 0.000000000000e+00
0 -0.03030303 0.000000000000e+00
0 0.03030303 0.000000000000e+00
0 0.090909091 0.000000000000e+00
0 0.15151515 0.000000000000e+00
0 0.21212121 0.000000000000e+00
0 0.27272727 0.000000000000e+00
0 0.33333333 0.000000000000e+00
0 0.39393939 0.000000000000e+00
0 0.45454545 0.000000000000e+00
0 0.51515152 0.000000000000e+00
0 0.57575758 0.000000000000e+00
0 0.63636364 0.000000000000e+00
0 0.6969697 0.000000000000e+00
0 0.75757576 0.000000000000e+00
0 0.81818182 0.000000000000e+00
0 0.87878788 0.000000000000e+00
0 0.93939394 0.000000000000e+00
0 1 0.000000000000e+00
0 1.0606061 0.000000000000e+00
0 1.1212121 0.000000000000e+00
0 1.1818182 0.000000000000e+00
0 1.2424242 0.000000000000e+00
0 1.3030303 0.000000000000e+00
0 1.3636364 0.000000000000e+00
0 1.4242424 0.000000000000e+00
0 1.4848485 0.000000000000e+00
0 1.5454545 0.000000000000e+00
0 1.6060606 0.000000000000e+00
0 1.6666667 0.000000000000e+00
0 1.7272727 0.000000000000e+00
0 1.7878788 0.000000000000e+00
0 1.8484848 0.000000000000e+00
0 1.9090909 0.000000000000e+00
0 1.969697 0.000000000000e+00
0 2.030303 0.000000000000e+00
0 2.0909091 0.000000000000e+00
0 2.1515152 0.000000000000e+00
0 2.2121212 0.000000000000e+00
0 2.2727273 0.000000000000e+00
0 2.3333333 0.000000000000e+00
0 2.3939394 0.000000000000e+00
0 2.4545455 0.000000000000e+00
0 2.5151515 0.000000000000e+00
0 2.5757576 0.000000000000e+00
0 2.6363636 0.000000000000e+00
0 2.6969697 0.000000000000e+00
0 2.7575758 0.000000000000e+00
0 2.8181818 0.000000000000e+00
0 2.8787879 0.000000000000e+00
0 2.9393939 0.000000000000e+00
0 3 0.000000000000e+00
0.50505051 -3 1.782778609100e+06
0.50505051 -2.9393939 1.812195534000e+06
0.50505051 -2.8787879 1.841110213700e+06
0.50505051 -2.8181818 1.869506607800e+06
0.50505051 -2.7575758 1.897367614800e+06
0.50505051 -2.6969697 1.924695066200e+06
0.50505051 -2.6363636 1.951454777200e+06
0.50505051 -2.5757576 1.977638998500e+06
0.50505051 -2.5151515 2.003241245200e+06
0.50505051 -2.4545455 2.028246759300e+06
0.50505051 -2.3939394 2.052648528600e+06
0.50505051 -2.3333333 2.076448424300e+06
0.50505051 -2.2727273 2.099629844200e+06
0.50505051 -2.2121212 2.122183884500e+06
0.50505051 -2.1515152 2.144105379400e+06
0.50505051 -2.0909091 2.165392182700e+06
0.50505051 -2.030303 2.186038448000e+06
0.50505051 -1.969697 2.206041180400e+06
0.50505051 -1.9090909 2.225392340500e+06
0.50505051 -1.8484848 2.244092924400e+06
0.50505051 -1.7878788 2.262141321300e+06
0.50505051 -1.7272727 2.279531664900e+06
0.50505051 -1.6666667 2.296270715100e+06
0.50505051 -1.6060606 2.312353496600e+06
0.50505051 -1.5454545 2.327784420800e+06
0.50505051 -1.4848485 2.342570400500e+06
0.50505051 -1.4242424 2.356715521800e+06
0.50505051 -1.3636364 2.370222876000e+06
0.50505051 -1.3030303 2.383088232000e+06
0.50505051 -1.2424242 2.395315107700e+06
0.50505051 -1.1818182 2.406898096800e+06
0.50505051 -1.1212121 2.417836748100e+06
0.50505051 -1.0606061 2.428138806700e+06
0.50505051 -1 2.437820069400e+06
0.50505051 -0.93939394 2.446889264000e+06
0.50505051 -0.87878788 2.455345953000e+06
0.50505051 -0.81818182 2.463203719600e+06
0.50505051 -0.75757576 2.470468754000e+06
0.50505051 -0.6969697 2.477148830900e+06
0.50505051 -0.63636364 2.483246449500e+06
0.50505051 -0.57575758 2.488762709000e+06
0.50505051 -0.51515152 2.493707502700e+06
0.50505051 -0.45454545 2.498089308200e+06
0.50505051 -0.39393939 2.501909318400e+06
0.50505051 -0.33333333 2.505169494300e+06
0.50505051 -0.27272727 2.507879862800e+06
0.50505051 -0.21212121 2.510048438300e+06
0.50505051 -0.15151515 2.511674050300e+06
0.50505051 -0.090909091 2.512756308000e+06
0.50505051 -0.03030303 2.513297126200e+06
0.50505051 0.03030303 2.513297687100e+06
0.50505051 0.090909091 2.512757544100e+06
0.50505051 0.15151515 2.511676467700e+06
0.50505051 0.21212121 2.510051708800e+06
0.50505051 0.27272727 2.507883669400e+06
0.50505051 0.33333333 2.505173540500e+06
0.50505051 0.39393939 2.501912594700e+06
0.50505051 0.45454545 2.498091854600e+06
0.50505051 0.51515152 2.493705370300e+06
0.50505051 0.57575758 2.488760282800e+06
0.50505051 0.63636364 2.483243700200e+06
0.50505051 0.6969697 2.477146701900e+06
0.50505051 0.75757576 2.470465813200e+06
0.50505051 0.81818182 2.463201113300e+06
0.50505051 0.87878788 2.455347571100e+06
0.50505051 0.93939394 2.446888062300e+06
0.50505051 1 2.437818287500e+06
0.50505051 1.0606061 2.428137643500e+06
0.50505051 1.1212121 2.417827772700e+06
0.50505051 1.1818182 2.406889770500e+06
0.50505051 1.2424242 2.395308028100e+06
0.50505051 1.3030303 2.383082228000e+06
0.50505051 1.3636364 2.370216236700e+06
0.50505051 1.4242424 2.356709859100e+06
0.50505051 1.4848485 2.342568952300e+06
0.50505051 1.5454545 2.327782714500e+06
0.50505051 1.6060606 2.312351417600e+06
0.50505051 1.6666667 2.296265668200e+06
0.50505051 1.7272727 2.279533399000e+06
0.50505051 1.7878788 2.262138445400e+06
0.50505051 1.8484848 2.244089877500e+06
0.50505051 1.9090909 2.225387240500e+06
0.50505051 1.969697 2.206034891600e+06
0.50505051 2.030303 2.186034132300e+06
0.50505051 2.0909091 2.165385589300e+06
0.50505051 2.1515152 2.144095696100e+06
0.50505051 2.2121212 2.122174868800e+06
0.50505051 2.2727273 2.099620764600e+06
0.50505051 2.3333333 2.076439219300e+06
0.50505051 2.3939394 2.052641477000e+06
0.50505051 2.4545455 2.028239728600e+06
0.50505051 2.5151515 2.003232752500e+06
0.50505051 2.5757576 1.977630279300e+06
0.50505051 2.6363636 1.951445028400e+06
0.50505051 2.6969697 1.924687715500e+06
0.50505051 2.7575758 1.897373209400e+06
0.50505051 2.8181818 1.869506790300e+06
0.50505051 2.8787879 1.841110957300e+06
0.50505051 2.9393939 1.812200409000e+06
0.50505051 3 1.782781866100e+06
1.010101 -3 3.204243846700e+06
1.010101 -2.9393939 3.257771228200e+06
1.010101 -2.8787879 3.310425800300e+06
1.010101 -2.8181818 3.362141969400e+06
1.010101 -2.7575758 3.412895545800e+06
1.010101 -2.6969697 3.462756190800e+06
1.010101 -2.6363636 3.511584081300e+06
1.010101 -2.5757576 3.559372645000e+06
1.010101 -2.5151515 3.606128099100e+06
1.010101 -2.4545455 3.651828024800e+06
1.010101 -2.3939394 3.696444767900e+06
1.010101 -2.3333333 3.739992427000e+06
1.010101 -2.2727273 3.782426728600e+06
1.010101 -2.2121212 3.823733818800e+06
1.010101 -2.1515152 3.863899198200e+06
1.010101 -2.0909091 3.902926506400e+06
1.010101 -2.030303 3.940811556400e+06
1.010101 -1.969697 3.977550051500e+06
1.010101 -1.9090909 4.013101989500e+06
1.010101 -1.8484848 4.047482083500e+06
1.010101 -1.7878788 4.080685672400e+06
1.010101 -1.7272727 4.112689749800e+06
1.010101 -1.6666667 4.143529086400e+06
1.010101 -1.6060606 4.173171876100e+06
1.010101 -1.5454545 4.201627855600e+06
1.010101 -1.4848485 4.228912013000e+06
1.010101 -1.4242424 4.255026482900e+06
1.010101 -1.3636364 4.279984888300e+06
1.010101 -1.3030303 4.303770156700e+06
1.010101 -1.2424242 4.326397432300e+06
1.010101 -1.1818182 4.347852527800e+06
1.010101 -1.1212121 4.368127558300e+06
1.010101 -1.0606061 4.387225031800e+06
1.010101 -1 4.405182091700e+06
1.010101 -0.93939394 4.422011885100e+06
1.010101 -0.87878788 4.437699803800e+06
1.010101 -0.81818182 4.452300346900e+06
1.010101 -0.75757576 4.465797851400e+06
1.010101 -0.6969697 4.478209953200e+06
1.010101 -0.63636364 4.489545386700e+06
1.010101 -0.57575758 4.499808805600e+06
1.010101 -0.51515152 4.509011938100e+06
1.010101 -0.45454545 4.517168232400e+06
1.010101 -0.39393939 4.524292495900e+06
1.010101 -0.33333333 4.530376183700e+06
1.010101 -0.27272727 4.535425002600e+06
1.010101 -0.21212121 4.539467846100e+06
1.010101 -0.15151515 4.542503915900e+06
1.010101 -0.090909091 4.544525527200e+06
1.010101 -0.03030303 4.545531565800e+06
1.010101 0.03030303 4.545534810100e+06
1.010101 0.090909091 4.544532122100e+06
1.010101 0.15151515 4.542516781800e+06
1.010101 0.21212121 4.539483878500e+06
1.010101 0.27272727 4.535442845000e+06
1.010101 0.33333333 4.530394624600e+06
1.010101 0.39393939 4.524305911900e+06
1.010101 0.45454545 4.517176948700e+06
1.010101 0.51515152 4.508998570000e+06
1.010101 0.57575758 4.499792886100e+06
1.010101 0.63636364 4.489527161200e+06
1.010101 0.6969697 4.478193491300e+06
1.010101 0.75757576 4.465775154000e+06
1.010101 0.81818182 4.452279133700e+06
1.010101 0.87878788 4.437705477200e+06
1.010101 0.93939394 4.422003358900e+06
1.010101 1 4.405167891700e+06
1.010101 1.0606061 4.387214260100e+06
1.010101 1.1212121 4.368078096100e+06
1.010101 1.1818182 4.347806110500e+06
1.010101 1.2424242 4.326357899600e+06
1.010101 1.3030303 4.303737475900e+06
1.010101 1.3636364 4.279949682300e+06
1.010101 1.4242424 4.254996977800e+06
1.010101 1.4848485 4.228906055900e+06
1.010101 1.5454545 4.201620418900e+06
1.010101 1.6060606 4.173163961200e+06
1.010101 1.6666667 4.143505152100e+06
1.010101 1.7272727 4.112700026200e+06
1.010101 1.7878788 4.080673194200e+06
1.010101 1.8484848 4.047470933300e+06
1.010101 1.9090909 4.013075942400e+06
1.010101 1.969697 3.977516237900e+06
1.010101 2.030303 3.940787055300e+06
1.010101 2.0909091 3.902889717400e+06
1.010101 2.1515152 3.863842936500e+06
1.010101 2.2121212 3.823680948000e+06
1.010101 2.2727273 3.782373393700e+06
1.010101 2.3333333 3.739939123100e+06
1.010101 2.3939394 3.696399983500e+06
1.010101 2.4545455 3.651783167200e+06
1.010101 2.5151515 3.606077262700e+06
1.010101 2.5757576 3.559318149100e+06
1.010101 2.6363636 3.511519626100e+06
1.010101 2.6969697 3.462705830800e+06
1.010101 2.7575758 3.412915329700e+06
1.010101 2.8181818 3.362135959000e+06
1.010101 2.8787879 3.310417741800e+06
1.010101 2.9393939 3.257784759200e+06
1.010101 3 3.204249551500e+06
1.5151515 -3 4.233730045200e+06
1.5151515 -2.9393939 4.305974614000e+06
1.5151515 -2.8787879 4.376894543600e+06
1.5151515 -2.8181818 4.446754850800e+06
1.5151515 -2.7575758 4.515410430400e+06
1.5151515 -2.6969697 4.582741762100e+06
1.5151515 -2.6363636 4.648801353000e+06
1.5151515 -2.5757576 4.713520685700e+06
1.5151515 -2.5151515 4.776873396700e+06
1.5151515 -2.4545455 4.838844026200e+06
1.5151515 -2.3939394 4.899408006000e+06
1.5151515 -2.3333333 4.958513696800e+06
1.5151515 -2.2727273 5.016174715300e+06
1.5151515 -2.2121212 5.072356552900e+06
1.5151515 -2.1515152 5.127023346100e+06
1.5151515 -2.0909091 5.180181695100e+06
1.5151515 -2.030303 5.231820642600e+06
1.5151515 -1.969697 5.281886526700e+06
1.5151515 -1.9090909 5.330409504700e+06
1.5151515 -1.8484848 5.377376557000e+06
1.5151515 -1.7878788 5.422778273100e+06
1.5151515 -1.7272727 5.466620933300e+06
1.5151515 -1.6666667 5.508832391300e+06
1.5151515 -1.6060606 5.549440667800e+06
1.5151515 -1.5454545 5.588454633400e+06
1.5151515 -1.4848485 5.625884129800e+06
1.5151515 -1.4242424 5.661722728900e+06
1.5151515 -1.3636364 5.695992488900e+06
1.5151515 -1.3030303 5.728707638900e+06
1.5151515 -1.2424242 5.759852769100e+06
1.5151515 -1.1818182 5.789408012700e+06
1.5151515 -1.1212121 5.817362221200e+06
1.5151515 -1.0606061 5.843719266700e+06
1.5151515 -1 5.868498983200e+06
1.5151515 -0.93939394 5.891727750300e+06
1.5151515 -0.87878788 5.913443450400e+06
1.5151515 -0.81818182 5.933609379600e+06
1.5151515 -0.75757576 5.952269507500e+06
1.5151515 -0.6969697 5.969440888400e+06
1.5151515 -0.63636364 5.985137519400e+06
1.5151515 -0.57575758 5.999366620600e+06
1.5151515 -0.51515152 6.012132310400e+06
1.5151515 -0.45454545 6.023446290000e+06
1.5151515 -0.39393939 6.033333708100e+06
1.5151515 -0.33333333 6.041792055300e+06
1.5151515 -0.27272727 6.048821055600e+06
1.5151515 -0.21212121 6.054431652200e+06
1.5151515 -0.15151515 6.058643535400e+06
1.5151515 -0.090909091 6.061443214500e+06
1.5151515 -0.03030303 6.062839854200e+06
1.5151515 0.03030303 6.062835169900e+06
1.5151515 0.090909091 6.061433721000e+06
1.5151515 0.15151515 6.058623125200e+06
1.5151515 0.21212121 6.054409404600e+06
1.5151515 0.27272727 6.048788468400e+06
1.5151515 0.33333333 6.041746433400e+06
1.5151515 0.39393939 6.033284314000e+06
1.5151515 0.45454545 6.023396834700e+06
1.5151515 0.51515152 6.012093469200e+06
1.5151515 0.57575758 5.999327690800e+06
1.5151515 0.63636364 5.985088931200e+06
1.5151515 0.6969697 5.969412415500e+06
1.5151515 0.75757576 5.952215093800e+06
1.5151515 0.81818182 5.933545897400e+06
1.5151515 0.87878788 5.913331683800e+06
1.5151515 0.93939394 5.891625097700e+06
1.5151515 1 5.868399630900e+06
1.5151515 1.0606061 5.843613906900e+06
1.5151515 1.1212121 5.817298859300e+06
1.5151515 1.1818182 5.789339540800e+06
1.5151515 1.2424242 5.759780324900e+06
1.5151515 1.3030303 5.728635888600e+06
1.5151515 1.3636364 5.695927201600e+06
1.5151515 1.4242424 5.661648803300e+06
1.5151515 1.4848485 5.625815468600e+06
1.5151515 1.5454545 5.588389584500e+06
1.5151515 1.6060606 5.549370750100e+06
1.5151515 1.6666667 5.508775680300e+06
1.5151515 1.7272727 5.466526920300e+06
1.5151515 1.7878788 5.422726809500e+06
1.5151515 1.8484848 5.377341744400e+06
1.5151515 1.9090909 5.330398007100e+06
1.5151515 1.969697 5.281865415900e+06
1.5151515 2.030303 5.231775476700e+06
1.5151515 2.0909091 5.180146220500e+06
1.5151515 2.1515152 5.126983169400e+06
1.5151515 2.2121212 5.072318309000e+06
1.5151515 2.2727273 5.016135709300e+06
1.5151515 2.3333333 4.958493160200e+06
1.5151515 2.3939394 4.899370852600e+06
1.5151515 2.4545455 4.838804893800e+06
1.5151515 2.5151515 4.776828457500e+06
1.5151515 2.5757576 4.713465085900e+06
1.5151515 2.6363636 4.648743341100e+06
1.5151515 2.6969697 4.582687864200e+06
1.5151515 2.7575758 4.515295846400e+06
1.5151515 2.8181818 4.446679007300e+06
1.5151515 2.8787879 4.376834805000e+06
1.5151515 2.9393939 4.305790653100e+06
1.5151515 3 4.233589169700e+06
2.020202 -3 4.912729865100e+06
2.020202 -2.9393939 4.999000542100e+06
2.020202 -2.8787879 5.083706249900e+06
2.020202 -2.8181818 5.167211654100e+06
2.020202 -2.7575758 5.249350395600e+06
2.020202 -2.6969697 5.330001857300e+06
2.020202 -2.6363636 5.409142643600e+06
2.020202 -2.5757576 5.486752187000e+06
2.020202 -2.5151515 5.562784891700e+06
2.020202 -2.4545455 5.637215526500e+06
2.020202 -2.3939394 5.710035122600e+06
2.020202 -2.3333333 5.781152697400e+06
2.020202 -2.2727273 5.850567844700e+06
2.020202 -2.2121212 5.918265464100e+06
2.020202 -2.1515152 5.984204394300e+06
2.020202 -2.0909091 6.048359745200e+06
2.020202 -2.030303 6.110732208000e+06
2.020202 -1.969697 6.171262017200e+06
2.020202 -1.9090909 6.229970872400e+06
2.020202 -1.8484848 6.286848027300e+06
2.020202 -1.7878788 6.341901067400e+06
2.020202 -1.7272727 6.395110270100e+06
2.020202 -1.6666667 6.446355841600e+06
2.020202 -1.6060606 6.495714433900e+06
2.020202 -1.5454545 6.543177091600e+06
2.020202 -1.4848485 6.588738788000e+06
2.020202 -1.4242424 6.632387157200e+06
2.020202 -1.3636364 6.674154421300e+06
2.020202 -1.3030303 6.714072087000e+06
2.020202 -1.2424242 6.752102384500e+06
2.020202 -1.1818182 6.788231354100e+06
2.020202 -1.1212121 6.822449210200e+06
2.020202 -1.0606061 6.854750728500e+06
2.020202 -1 6.885128776900e+06
2.020202 -0.93939394 6.913613723300e+06
2.020202 -0.87878788 6.940281362200e+06
2.020202 -0.81818182 6.965040152600e+06
2.020202 -0.75757576 6.987975928800e+06
2.020202 -0.6969697 7.009092424600e+06
2.020202 -0.63636364 7.028411290500e+06
2.020202 -0.57575758 7.045938109600e+06
2.020202 -0.51515152 7.061675046300e+06
2.020202 -0.45454545 7.075628914000e+06
2.020202 -0.39393939 7.087817059400e+06
2.020202 -0.33333333 7.098253748700e+06
2.020202 -0.27272727 7.106934092900e+06
2.020202 -0.21212121 7.113854905200e+06
2.020202 -0.15151515 7.119036640800e+06
2.020202 -0.090909091 7.122491672200e+06
2.020202 -0.03030303 7.124224089900e+06
2.020202 0.03030303 7.124220716500e+06
2.020202 0.090909091 7.122478663700e+06
2.020202 0.15151515 7.119007963500e+06
2.020202 0.21212121 7.113802684800e+06
2.020202 0.27272727 7.106858768300e+06
2.020202 0.33333333 7.098159477900e+06
2.020202 0.39393939 7.087710599600e+06
2.020202 0.45454545 7.075516845000e+06
2.020202 0.51515152 7.061612841600e+06
2.020202 0.57575758 7.045867767000e+06
2.020202 0.63636364 7.028331108300e+06
2.020202 0.6969697 7.009025270200e+06
2.020202 0.75757576 6.987864915800e+06
2.020202 0.81818182 6.964916764700e+06
2.020202 0.87878788 6.940153027400e+06
2.020202 0.93939394 6.913512489200e+06
2.020202 1 6.885002943300e+06
2.020202 1.0606061 6.854616387400e+06
2.020202 1.1212121 6.822410210700e+06
2.020202 1.1818182 6.788183511100e+06
2.020202 1.2424242 6.752046747300e+06
2.020202 1.3030303 6.714022529000e+06
2.020202 1.3636364 6.674124716300e+06
2.020202 1.4242424 6.632351407000e+06
2.020202 1.4848485 6.588695105200e+06
2.020202 1.5454545 6.543136852400e+06
2.020202 1.6060606 6.495684238600e+06
2.020202 1.6666667 6.446345023100e+06
2.020202 1.7272727 6.395017108900e+06
2.020202 1.7878788 6.341885300800e+06
2.020202 1.8484848 6.286867504300e+06
2.020202 1.9090909 6.229975233700e+06
2.020202 1.969697 6.171237923200e+06
2.020202 2.030303 6.110667340300e+06
2.020202 2.0909091 6.048300697800e+06
2.020202 2.1515152 5.984127396000e+06
2.020202 2.2121212 5.918170099100e+06
2.020202 2.2727273 5.850455972600e+06
2.020202 2.3333333 5.781060369500e+06
2.020202 2.3939394 5.709909196200e+06
2.020202 2.4545455 5.637084938500e+06
2.020202 2.5151515 5.562639231600e+06
2.020202 2.5757576 5.486584557900e+06
2.020202 2.6363636 5.408963539200e+06
2.020202 2.6969697 5.329801573400e+06
2.020202 2.7575758 5.249083734000e+06
2.020202 2.8181818 5.166985535700e+06
2.020202 2.8787879 5.083473705900e+06
2.020202 2.9393939 4.998595116900e+06
2.020202 3 4.912412654100e+06
2.5252525 -3 5.254005830200e+06
2.5252525 -2.9393939 5.349441456500e+06
2.5252525 -2.8787879 5.443370611700e+06
2.5252525 -2.8181818 5.535934205300e+06
2.5252525 -2.7575758 5.626950318800e+06
2.5252525 -2.6969697 5.716619981800e+06
2.5252525 -2.6363636 5.804546740200e+06
2.5252525 -2.5757576 5.890853022400e+06
2.5252525 -2.5151515 5.975506876500e+06
2.5252525 -2.4545455 6.058422521600e+06
2.5252525 -2.3939394 6.139592531400e+06
2.5252525 -2.3333333 6.219030853300e+06
2.5252525 -2.2727273 6.296563990400e+06
2.5252525 -2.2121212 6.372238412200e+06
2.5252525 -2.1515152 6.446035158400e+06
2.5252525 -2.0909091 6.517887052000e+06
2.5252525 -2.030303 6.587798567400e+06
2.5252525 -1.969697 6.655763897200e+06
2.5252525 -1.9090909 6.721707452100e+06
2.5252525 -1.8484848 6.785645674300e+06
2.5252525 -1.7878788 6.847612488400e+06
2.5252525 -1.7272727 6.907488245500e+06
2.5252525 -1.6666667 6.965279883100e+06
2.5252525 -1.6060606 7.020997079800e+06
2.5252525 -1.5454545 7.074616696800e+06
2.5252525 -1.4848485 7.126137262500e+06
2.5252525 -1.4242424 7.175539545200e+06
2.5252525 -1.3636364 7.222853628200e+06
2.5252525 -1.3030303 7.268080514300e+06
2.5252525 -1.2424242 7.311212792000e+06
2.5252525 -1.1818182 7.352245566700e+06
2.5252525 -1.1212121 7.391168696200e+06
2.5252525 -1.0606061 7.427950547900e+06
2.5252525 -1 7.462585104000e+06
2.5252525 -0.93939394 7.495086178800e+06
2.5252525 -0.87878788 7.525481692900e+06
2.5252525 -0.81818182 7.553783341300e+06
2.5252525 -0.75757576 7.580020459700e+06
2.5252525 -0.6969697 7.604189492100e+06
2.5252525 -0.63636364 7.626302515500e+06
2.5252525 -0.57575758 7.646375758900e+06
2.5252525 -0.51515152 7.664413781200e+06
2.5252525 -0.45454545 7.680410746500e+06
2.5252525 -0.39393939 7.694388813500e+06
2.5252525 -0.33333333 7.706355527800e+06
2.5252525 -0.27272727 7.716311608300e+06
2.5252525 -0.21212121 7.724257080600e+06
2.5252525 -0.15151515 7.730198093400e+06
2.5252525 -0.090909091 7.734167750300e+06
2.5252525 -0.03030303 7.736166229400e+06
2.5252525 0.03030303 7.736175497900e+06
2.5252525 0.090909091 7.734176837300e+06
2.5252525 0.15151515 7.730201564900e+06
2.5252525 0.21212121 7.724226257900e+06
2.5252525 0.27272727 7.716256287100e+06
2.5252525 0.33333333 7.706302676200e+06
2.5252525 0.39393939 7.694309276100e+06
2.5252525 0.45454545 7.680319507700e+06
2.5252525 0.51515152 7.664302933900e+06
2.5252525 0.57575758 7.646260977600e+06
2.5252525 0.63636364 7.626184263700e+06
2.5252525 0.6969697 7.604139660900e+06
2.5252525 0.75757576 7.579926677700e+06
2.5252525 0.81818182 7.553692562100e+06
2.5252525 0.87878788 7.525557191500e+06
2.5252525 0.93939394 7.495167181500e+06
2.5252525 1 7.462601400800e+06
2.5252525 1.0606061 7.427974390000e+06
2.5252525 1.1212121 7.391193279800e+06
2.5252525 1.1818182 7.352281549100e+06
2.5252525 1.2424242 7.311262368500e+06
2.5252525 1.3030303 7.268141972200e+06
2.5252525 1.3636364 7.222933493000e+06
2.5252525 1.4242424 7.175638337200e+06
2.5252525 1.4848485 7.126210946800e+06
2.5252525 1.5454545 7.074679590000e+06
2.5252525 1.6060606 7.021075088100e+06
2.5252525 1.6666667 6.965320149800e+06
2.5252525 1.7272727 6.907516682500e+06
2.5252525 1.7878788 6.847642582000e+06
2.5252525 1.8484848 6.785710010200e+06
2.5252525 1.9090909 6.721644373800e+06
2.5252525 1.969697 6.655642968600e+06
2.5252525 2.030303 6.587645343900e+06
2.5252525 2.0909091 6.517685922900e+06
2.5252525 2.1515152 6.445770586400e+06
2.5252525 2.2121212 6.371933079600e+06
2.5252525 2.2727273 6.296213003000e+06
2.5252525 2.3333333 6.218663669700e+06
2.5252525 2.3939394 6.139223374900e+06
2.5252525 2.4545455 6.058021853200e+06
2.5252525 2.5151515 5.975068719300e+06
2.5252525 2.5757576 5.890402570100e+06
2.5252525 2.6363636 5.804062029300e+06
2.5252525 2.6969697 5.716091311600e+06
2.5252525 2.7575758 5.626540788900e+06
2.5252525 2.8181818 5.535464307000e+06
2.5252525 2.8787879 5.442896501700e+06
2.5252525 2.9393939 5.348911063400e+06
2.5252525 3 5.253560471900e+06
3.030303 -3 5.319183106400e+06
3.030303 -2.9393939 5.419395658800e+06
3.030303 -2.8787879 5.518006515200e+06
3.030303 -2.8181818 5.615576186400e+06
3.030303 -2.7575758 5.711511581300e+06
3.030303 -2.6969697 5.805878815200e+06
3.030303 -2.6363636 5.898597531100e+06
3.030303 -2.5757576 5.989772515900e+06
3.030303 -2.5151515 6.079259300600e+06
3.030303 -2.4545455 6.166968677900e+06
3.030303 -2.3939394 6.252870407000e+06
3.030303 -2.3333333 6.337053291500e+06
3.030303 -2.2727273 6.419311486500e+06
3.030303 -2.2121212 6.499668473300e+06
3.030303 -2.1515152 6.578100187900e+06
3.030303 -2.0909091 6.654583836000e+06
3.030303 -2.030303 6.729022525800e+06
3.030303 -1.969697 6.801375344000e+06
3.030303 -1.9090909 6.871716590300e+06
3.030303 -1.8484848 6.939999710000e+06
3.030303 -1.7878788 7.006207288900e+06
3.030303 -1.7272727 7.070247138800e+06
3.030303 -1.6666667 7.132118059400e+06
3.030303 -1.6060606 7.191792014800e+06
3.030303 -1.5454545 7.249278063900e+06
3.030303 -1.4848485 7.304579706500e+06
3.030303 -1.4242424 7.357667270700e+06
3.030303 -1.3636364 7.408525499500e+06
3.030303 -1.3030303 7.457173157200e+06
3.030303 -1.2424242 7.503609695800e+06
3.030303 -1.1818182 7.547825178300e+06
3.030303 -1.1212121 7.589812385000e+06
3.030303 -1.0606061 7.629542856900e+06
3.030303 -1 7.667009969600e+06
3.030303 -0.93939394 7.702214244100e+06
3.030303 -0.87878788 7.735156009000e+06
3.030303 -0.81818182 7.765847231100e+06
3.030303 -0.75757576 7.794322469800e+06
3.030303 -0.6969697 7.820585085400e+06
3.030303 -0.63636364 7.844604011600e+06
3.030303 -0.57575758 7.866411789600e+06
3.030303 -0.51515152 7.886022507100e+06
3.030303 -0.45454545 7.903413564500e+06
3.030303 -0.39393939 7.918635729100e+06
3.030303 -0.33333333 7.931667583000e+06
3.030303 -0.27272727 7.942542604500e+06
3.030303 -0.21212121 7.951203740900e+06
3.030303 -0.15151515 7.957698023200e+06
3.030303 -0.090909091 7.961996976500e+06
3.030303 -0.03030303 7.964163033300e+06
3.030303 0.03030303 7.964155618000e+06
3.030303 0.090909091 7.961990991400e+06
3.030303 0.15151515 7.957654256000e+06
3.030303 0.21212121 7.951114483000e+06
3.030303 0.27272727 7.942449111200e+06
3.030303 0.33333333 7.931597137800e+06
3.030303 0.39393939 7.918561992200e+06
3.030303 0.45454545 7.903368479300e+06
3.030303 0.51515152 7.885825115000e+06
3.030303 0.57575758 7.866265698800e+06
3.030303 0.63636364 7.844514948400e+06
3.030303 0.6969697 7.820794538500e+06
3.030303 0.75757576 7.794497231800e+06
3.030303 0.81818182 7.766042123800e+06
3.030303 0.87878788 7.735350442500e+06
3.030303 0.93939394 7.702422194200e+06
3.030303 1 7.667231583300e+06
3.030303 1.0606061 7.629759048100e+06
3.030303 1.1212121 7.589985172100e+06
3.030303 1.1818182 7.548022494400e+06
3.030303 1.2424242 7.503772726200e+06
3.030303 1.3030303 7.457290841700e+06
3.030303 1.3636364 7.408633335000e+06
3.030303 1.4242424 7.357759949200e+06
3.030303 1.4848485 7.304540831500e+06
3.030303 1.5454545 7.249214780300e+06
3.030303 1.6060606 7.191678398200e+06
3.030303 1.6666667 7.131949553500e+06
3.030303 1.7272727 7.070044316000e+06
3.030303 1.7878788 7.005982028900e+06
3.030303 1.8484848 6.939783178300e+06
3.030303 1.9090909 6.871467749500e+06
3.030303 1.969697 6.801070187900e+06
3.030303 2.030303 6.728614809900e+06
3.030303 2.0909091 6.654120255900e+06
3.030303 2.1515152 6.577622150100e+06
3.030303 2.2121212 6.499156122700e+06
3.030303 2.2727273 6.418760565700e+06
3.030303 2.3333333 6.336453382300e+06
3.030303 2.3939394 6.252292123200e+06
3.030303 2.4545455 6.166313687700e+06
3.030303 2.5151515 6.078560652500e+06
3.030303 2.5757576 5.989072382700e+06
3.030303 2.6363636 5.897894140800e+06
3.030303 2.6969697 5.805087262000e+06
3.030303 2.7575758 5.710694762900e+06
3.030303 2.8181818 5.614770710400e+06
3.030303 2.8787879 5.517377294400e+06
3.030303 2.9393939 5.418576111400e+06
3.030303 3 5.318427787800e+06
3.5353535 -3 5.169568689500e+06
3.5353535 -2.9393939 5.270523439900e+06
3.5353535 -2.8787879 5.370344702500e+06
3.5353535 -2.8181818 5.468876775900e+06
3.5353535 -2.7575758 5.566035274000e+06
3.5353535 -2.6969697 5.661880463100e+06
3.5353535 -2.6363636 5.755895989100e+06
3.5353535 -2.5757576 5.848360282200e+06
3.5353535 -2.5151515 5.939222496800e+06
3.5353535 -2.4545455 6.028422144600e+06
3.5353535 -2.3939394 6.115931010100e+06
3.5353535 -2.3333333 6.201593192800e+06
3.5353535 -2.2727273 6.285446596000e+06
3.5353535 -2.2121212 6.367450616600e+06
3.5353535 -2.1515152 6.447509182500e+06
3.5353535 -2.0909091 6.525646390800e+06
3.5353535 -2.030303 6.601776602800e+06
3.5353535 -1.969697 6.675909338400e+06
3.5353535 -1.9090909 6.747951225700e+06
3.5353535 -1.8484848 6.818014666000e+06
3.5353535 -1.7878788 6.885981771100e+06
3.5353535 -1.7272727 6.951763371700e+06
3.5353535 -1.6666667 7.015342381200e+06
3.5353535 -1.6060606 7.076768004500e+06
3.5353535 -1.5454545 7.136043407400e+06
3.5353535 -1.4848485 7.193071488900e+06
3.5353535 -1.4242424 7.247857015600e+06
3.5353535 -1.3636364 7.300385745100e+06
3.5353535 -1.3030303 7.350663211500e+06
3.5353535 -1.2424242 7.398665307800e+06
3.5353535 -1.1818182 7.444402729900e+06
3.5353535 -1.1212121 7.487877010400e+06
3.5353535 -1.0606061 7.529075623300e+06
3.5353535 -1 7.567993639700e+06
3.5353535 -0.93939394 7.604600139700e+06
3.5353535 -0.87878788 7.638882332500e+06
3.5353535 -0.81818182 7.670853802100e+06
3.5353535 -0.75757576 7.700490799400e+06
3.5353535 -0.6969697 7.727838218000e+06
3.5353535 -0.63636364 7.752878803000e+06
3.5353535 -0.57575758 7.775580375600e+06
3.5353535 -0.51515152 7.796025850600e+06
3.5353535 -0.45454545 7.814230698800e+06
3.5353535 -0.39393939 7.830141075900e+06
3.5353535 -0.33333333 7.843762312900e+06
3.5353535 -0.27272727 7.855105868800e+06
3.5353535 -0.21212121 7.864179576400e+06
3.5353535 -0.15151515 7.870973411000e+06
3.5353535 -0.090909091 7.875505437300e+06
3.5353535 -0.03030303 7.877743578300e+06
3.5353535 0.03030303 7.877704574800e+06
3.5353535 0.090909091 7.875455941800e+06
3.5353535 0.15151515 7.870949167100e+06
3.5353535 0.21212121 7.863971219600e+06
3.5353535 0.27272727 7.854963277000e+06
3.5353535 0.33333333 7.843630596900e+06
3.5353535 0.39393939 7.830025187900e+06
3.5353535 0.45454545 7.814124012200e+06
3.5353535 0.51515152 7.796060365100e+06
3.5353535 0.57575758 7.775619053300e+06
3.5353535 0.63636364 7.753148603000e+06
3.5353535 0.6969697 7.728166322000e+06
3.5353535 0.75757576 7.700793511700e+06
3.5353535 0.81818182 7.671169888600e+06
3.5353535 0.87878788 7.639198317200e+06
3.5353535 0.93939394 7.604958992800e+06
3.5353535 1 7.568347003200e+06
3.5353535 1.0606061 7.529379526400e+06
3.5353535 1.1212121 7.488087980200e+06
3.5353535 1.1818182 7.444569998900e+06
3.5353535 1.2424242 7.398635567900e+06
3.5353535 1.3030303 7.350585238400e+06
3.5353535 1.3636364 7.300267714300e+06
3.5353535 1.4242424 7.247694277100e+06
3.5353535 1.4848485 7.192879169900e+06
3.5353535 1.5454545 7.135811142400e+06
3.5353535 1.6060606 7.076521783000e+06
3.5353535 1.6666667 7.015026580800e+06
3.5353535 1.7272727 6.951350623700e+06
3.5353535 1.7878788 6.885515912400e+06
3.5353535 1.8484848 6.817544751800e+06
3.5353535 1.9090909 6.747469736400e+06
3.5353535 1.969697 6.675323247700e+06
3.5353535 2.030303 6.601125886600e+06
3.5353535 2.0909091 6.524916443900e+06
3.5353535 2.1515152 6.446729716800e+06
3.5353535 2.2121212 6.366602269900e+06
3.5353535 2.2727273 6.284627330100e+06
3.5353535 2.3333333 6.200677803700e+06
3.5353535 2.3939394 6.114964523300e+06
3.5353535 2.4545455 6.027479391000e+06
3.5353535 2.5151515 5.938255702700e+06
3.5353535 2.5757576 5.847347060700e+06
3.5353535 2.6363636 5.754812564000e+06
3.5353535 2.6969697 5.660696529200e+06
3.5353535 2.7575758 5.565053900800e+06
3.5353535 2.8181818 5.467949909000e+06
3.5353535 2.8787879 5.369442167500e+06
3.5353535 2.9393939 5.269599479600e+06
3.5353535 3 5.168492127100e+06
4.040404 -3 4.867045827000e+06
4.040404 -2.9393939 4.965712833400e+06
4.040404 -2.8787879 5.063429176900e+06
4.040404 -2.8181818 5.159913088400e+06
4.040404 -2.7575758 5.255243863200e+06
4.040404 -2.6969697 5.349031599600e+06
4.040404 -2.6363636 5.441479891300e+06
4.040404 -2.5757576 5.532313812800e+06
4.040404 -2.5151515 5.621984446800e+06
4.040404 -2.4545455 5.709841258700e+06
4.040404 -2.3939394 5.796022248500e+06
4.040404 -2.3333333 5.880690142000e+06
4.040404 -2.2727273 5.963353096500e+06
4.040404 -2.2121212 6.044362965000e+06
4.040404 -2.1515152 6.123542221500e+06
4.040404 -2.0909091 6.200817481100e+06
4.040404 -2.030303 6.276208535100e+06
4.040404 -1.969697 6.349681288100e+06
4.040404 -1.9090909 6.421161241600e+06
4.040404 -1.8484848 6.490720472100e+06
4.040404 -1.7878788 6.558237214100e+06
4.040404 -1.7272727 6.623655805500e+06
4.040404 -1.6666667 6.686937256400e+06
4.040404 -1.6060606 6.748115003800e+06
4.040404 -1.5454545 6.807138472100e+06
4.040404 -1.4848485 6.864019313100e+06
4.040404 -1.4242424 6.918723199600e+06
4.040404 -1.3636364 6.971216669400e+06
4.040404 -1.3030303 7.021464062600e+06
4.040404 -1.2424242 7.069462212100e+06
4.040404 -1.1818182 7.115241143700e+06
4.040404 -1.1212121 7.158794902200e+06
4.040404 -1.0606061 7.200119218700e+06
4.040404 -1 7.239191877900e+06
4.040404 -0.93939394 7.275987874800e+06
4.040404 -0.87878788 7.310459432700e+06
4.040404 -0.81818182 7.342706375000e+06
4.040404 -0.75757576 7.372440007000e+06
4.040404 -0.6969697 7.399968635400e+06
4.040404 -0.63636364 7.425167461800e+06
4.040404 -0.57575758 7.448080463200e+06
4.040404 -0.51515152 7.468707350500e+06
4.040404 -0.45454545 7.487043960300e+06
4.040404 -0.39393939 7.503093820700e+06
4.040404 -0.33333333 7.516852475700e+06
4.040404 -0.27272727 7.528321774300e+06
4.040404 -0.21212121 7.537526739100e+06
4.040404 -0.15151515 7.544231587100e+06
4.040404 -0.090909091 7.548891821300e+06
4.040404 -0.03030303 7.551134343600e+06
4.040404 0.03030303 7.551044570400e+06
4.040404 0.090909091 7.548790299100e+06
4.040404 0.15151515 7.544205959300e+06
4.040404 0.21212121 7.537343238800e+06
4.040404 0.27272727 7.528177652900e+06
4.040404 0.33333333 7.516728652900e+06
4.040404 0.39393939 7.503182566900e+06
4.040404 0.45454545 7.487149583400e+06
4.040404 0.51515152 7.469058819200e+06
4.040404 0.57575758 7.448492011900e+06
4.040404 0.63636364 7.425550303100e+06
4.040404 0.6969697 7.400353195200e+06
4.040404 0.75757576 7.372814791700e+06
4.040404 0.81818182 7.342950307900e+06
4.040404 0.87878788 7.310791986800e+06
4.040404 0.93939394 7.276308968300e+06
4.040404 1 7.239396485800e+06
4.040404 1.0606061 7.200310890500e+06
4.040404 1.1212121 7.158794111100e+06
4.040404 1.1818182 7.115189888800e+06
4.040404 1.2424242 7.069364068900e+06
4.040404 1.3030303 7.021284981500e+06
4.040404 1.3636364 6.970971455900e+06
4.040404 1.4242424 6.918427325200e+06
4.040404 1.4848485 6.863662101600e+06
4.040404 1.5454545 6.806703849800e+06
4.040404 1.6060606 6.747578811800e+06
4.040404 1.6666667 6.686310240200e+06
4.040404 1.7272727 6.622918146100e+06
4.040404 1.7878788 6.557433482100e+06
4.040404 1.8484848 6.489890494400e+06
4.040404 1.9090909 6.420322319100e+06
4.040404 1.969697 6.348754620900e+06
4.040404 2.030303 6.275219566100e+06
4.040404 2.0909091 6.199752025200e+06
4.040404 2.1515152 6.122392299200e+06
4.040404 2.2121212 6.043179635800e+06
4.040404 2.2727273 5.962202459000e+06
4.040404 2.3333333 5.879341716600e+06
4.040404 2.3939394 5.794810546600e+06
4.040404 2.4545455 5.708593176400e+06
4.040404 2.5151515 5.620741109200e+06
4.040404 2.5757576 5.531306104400e+06
4.040404 2.6363636 5.440341066000e+06
4.040404 2.6969697 5.347902033500e+06
4.040404 2.7575758 5.254044331900e+06
4.040404 2.8181818 5.158833010100e+06
4.040404 2.8787879 5.062330782300e+06
4.040404 2.9393939 4.964607886800e+06
4.040404 3 4.865735199000e+06
4.5454545 -3 4.469803833400e+06
4.5454545 -2.9393939 4.563896241500e+06
4.5454545 -2.8787879 4.657115778400e+06
4.5454545 -2.8181818 4.749318049600e+06
4.5454545 -2.7575758 4.840294788600e+06
4.5454545 -2.6969697 4.930048575500e+06
4.5454545 -2.6363636 5.018473955900e+06
4.5454545 -2.5757576 5.105587708300e+06
4.5454545 -2.5151515 5.191330034300e+06
4.5454545 -2.4545455 5.275556336600e+06
4.5454545 -2.3939394 5.358328957700e+06
4.5454545 -2.3333333 5.439886896200e+06
4.5454545 -2.2727273 5.519303488100e+06
4.5454545 -2.2121212 5.597424331900e+06
4.5454545 -2.1515152 5.673644036200e+06
4.5454545 -2.0909091 5.748130150600e+06
4.5454545 -2.030303 5.820826211200e+06
4.5454545 -1.969697 5.891721768500e+06
4.5454545 -1.9090909 5.960745200800e+06
4.5454545 -1.8484848 6.027988314500e+06
4.5454545 -1.7878788 6.093301812600e+06
4.5454545 -1.7272727 6.156629766400e+06
4.5454545 -1.6666667 6.217945628600e+06
4.5454545 -1.6060606 6.277254131000e+06
4.5454545 -1.5454545 6.334512888900e+06
4.5454545 -1.4848485 6.389732773500e+06
4.5454545 -1.4242424 6.442871228900e+06
4.5454545 -1.3636364 6.493888732900e+06
4.5454545 -1.3030303 6.542766375200e+06
4.5454545 -1.2424242 6.589498547900e+06
4.5454545 -1.1818182 6.634086558800e+06
4.5454545 -1.1212121 6.676531711100e+06
4.5454545 -1.0606061 6.716865093600e+06
4.5454545 -1 6.754952224700e+06
4.5454545 -0.93939394 6.790870296400e+06
4.5454545 -0.87878788 6.824537430200e+06
4.5454545 -0.81818182 6.856089984000e+06
4.5454545 -0.75757576 6.885187936900e+06
4.5454545 -0.6969697 6.912140457900e+06
4.5454545 -0.63636364 6.936840641200e+06
4.5454545 -0.57575758 6.959300106800e+06
4.5454545 -0.51515152 6.979520073700e+06
4.5454545 -0.45454545 6.997503376000e+06
4.5454545 -0.39393939 7.013236994000e+06
4.5454545 -0.33333333 7.026766295000e+06
4.5454545 -0.27272727 7.037758028500e+06
4.5454545 -0.21212121 7.046922892000e+06
4.5454545 -0.15151515 7.053481066700e+06
4.5454545 -0.090909091 7.058056526600e+06
4.5454545 -0.03030303 7.060326793600e+06
4.5454545 0.03030303 7.060328208800e+06
4.5454545 0.090909091 7.058064352700e+06
4.5454545 0.15151515 7.053564640500e+06
4.5454545 0.21212121 7.046835679100e+06
4.5454545 0.27272727 7.037870716400e+06
4.5454545 0.33333333 7.026898166300e+06
4.5454545 0.39393939 7.013634244000e+06
4.5454545 0.45454545 6.997887278800e+06
4.5454545 0.51515152 6.979907058200e+06
4.5454545 0.57575758 6.959705204300e+06
4.5454545 0.63636364 6.937257492900e+06
4.5454545 0.6969697 6.912542344300e+06
4.5454545 0.75757576 6.885648227900e+06
4.5454545 0.81818182 6.856358179200e+06
4.5454545 0.87878788 6.824713383100e+06
4.5454545 0.93939394 6.790967769500e+06
4.5454545 1 6.754874843500e+06
4.5454545 1.0606061 6.716717467400e+06
4.5454545 1.1212121 6.676407625600e+06
4.5454545 1.1818182 6.633914938000e+06
4.5454545 1.2424242 6.589255786200e+06
4.5454545 1.3030303 6.542436035100e+06
4.5454545 1.3636364 6.493457907400e+06
4.5454545 1.4242424 6.442339004800e+06
4.5454545 1.4848485 6.389111919100e+06
4.5454545 1.5454545 6.333798042400e+06
4.5454545 1.6060606 6.276420190500e+06
4.5454545 1.6666667 6.217006299900e+06
4.5454545 1.7272727 6.155589092800e+06
4.5454545 1.7878788 6.092198478800e+06
4.5454545 1.8484848 6.026863961400e+06
4.5454545 1.9090909 5.959617124700e+06
4.5454545 1.969697 5.890489776600e+06
4.5454545 2.030303 5.819516530300e+06
4.5454545 2.0909091 5.746738470100e+06
4.5454545 2.1515152 5.672189532700e+06
4.5454545 2.2121212 5.595912842000e+06
4.5454545 2.2727273 5.517994529400e+06
4.5454545 2.3333333 5.438321526100e+06
4.5454545 2.3939394 5.357101492500e+06
4.5454545 2.4545455 5.274326185200e+06
4.5454545 2.5151515 5.190048929300e+06
4.5454545 2.5757576 5.104321435000e+06
4.5454545 2.6363636 5.017193504900e+06
4.5454545 2.6969697 4.928721798000e+06
4.5454545 2.7575758 4.838970170300e+06
4.5454545 2.8181818 4.747996356300e+06
4.5454545 2.8787879 4.655861535400e+06
4.5454545 2.9393939 4.562639684300e+06
4.5454545 3 4.468398420700e+06
5.0505051 -3 4.027295860300e+06
5.0505051 -2.9393939 4.115202105200e+06
5.0505051 -2.8787879 4.202378462100e+06
5.0505051 -2.8181818 4.288571553400e+06
5.0505051 -2.7575758 4.373719610500e+06
5.0505051 -2.6969697 4.457765452100e+06
5.0505051 -2.6363636 4.540730175600e+06
5.0505051 -2.5757576 4.622476894800e+06
5.0505051 -2.5151515 4.703015195100e+06
5.0505051 -2.4545455 4.782177247700e+06
5.0505051 -2.3939394 4.860065550600e+06
5.0505051 -2.3333333 4.936528852000e+06
5.0505051 -2.2727273 5.011437622500e+06
5.0505051 -2.2121212 5.084952779500e+06
5.0505051 -2.1515152 5.157082206800e+06
5.0505051 -2.0909091 5.227320847800e+06
5.0505051 -2.030303 5.295944339600e+06
5.0505051 -1.969697 5.362912363300e+06
5.0505051 -1.9090909 5.428196576500e+06
5.0505051 -1.8484848 5.491799816800e+06
5.0505051 -1.7878788 5.553637859000e+06
5.0505051 -1.7272727 5.613616499400e+06
5.0505051 -1.6666667 5.671748418900e+06
5.0505051 -1.6060606 5.728008177800e+06
5.0505051 -1.5454545 5.782355273400e+06
5.0505051 -1.4848485 5.834786741100e+06
5.0505051 -1.4242424 5.885271233800e+06
5.0505051 -1.3636364 5.933784228500e+06
5.0505051 -1.3030303 5.980314285800e+06
5.0505051 -1.2424242 6.024819954900e+06
5.0505051 -1.1818182 6.067361576100e+06
5.0505051 -1.1212121 6.107800281500e+06
5.0505051 -1.0606061 6.146221522100e+06
5.0505051 -1 6.182544354600e+06
5.0505051 -0.93939394 6.216778038000e+06
5.0505051 -0.87878788 6.248926145400e+06
5.0505051 -0.81818182 6.279096091500e+06
5.0505051 -0.75757576 6.306951604500e+06
5.0505051 -0.6969697 6.332775540900e+06
5.0505051 -0.63636364 6.356429556800e+06
5.0505051 -0.57575758 6.377944293900e+06
5.0505051 -0.51515152 6.397325735700e+06
5.0505051 -0.45454545 6.414589759400e+06
5.0505051 -0.39393939 6.429604556000e+06
5.0505051 -0.33333333 6.442320125400e+06
5.0505051 -0.27272727 6.453052312500e+06
5.0505051 -0.21212121 6.461787138000e+06
5.0505051 -0.15151515 6.468300202500e+06
5.0505051 -0.090909091 6.472604899200e+06
5.0505051 -0.03030303 6.474755546500e+06
5.0505051 0.03030303 6.474745868000e+06
5.0505051 0.090909091 6.472587264800e+06
5.0505051 0.15151515 6.468276853900e+06
5.0505051 0.21212121 6.461875665700e+06
5.0505051 0.27272727 6.453562555800e+06
5.0505051 0.33333333 6.442937220200e+06
5.0505051 0.39393939 6.429970116600e+06
5.0505051 0.45454545 6.414943863700e+06
5.0505051 0.51515152 6.397757350300e+06
5.0505051 0.57575758 6.378386552700e+06
5.0505051 0.63636364 6.356871942600e+06
5.0505051 0.6969697 6.333204704800e+06
5.0505051 0.75757576 6.307442959300e+06
5.0505051 0.81818182 6.279166929100e+06
5.0505051 0.87878788 6.248923295100e+06
5.0505051 0.93939394 6.216663700300e+06
5.0505051 1 6.182344068400e+06
5.0505051 1.0606061 6.145947166200e+06
5.0505051 1.1212121 6.107491037800e+06
5.0505051 1.1818182 6.066984442800e+06
5.0505051 1.2424242 6.024426838700e+06
5.0505051 1.3030303 5.979822717500e+06
5.0505051 1.3636364 5.933193352200e+06
5.0505051 1.4242424 5.884563717100e+06
5.0505051 1.4848485 5.833957266600e+06
5.0505051 1.5454545 5.781405075200e+06
5.0505051 1.6060606 5.726935395400e+06
5.0505051 1.6666667 5.670573718400e+06
5.0505051 1.7272727 5.612351020700e+06
5.0505051 1.7878788 5.552297046200e+06
5.0505051 1.8484848 5.490444103100e+06
5.0505051 1.9090909 5.426821097100e+06
5.0505051 1.969697 5.361465087100e+06
5.0505051 2.030303 5.294415769900e+06
5.0505051 2.0909091 5.225704535500e+06
5.0505051 2.1515152 5.155367326000e+06
5.0505051 2.2121212 5.083491356600e+06
5.0505051 2.2727273 5.009997554700e+06
5.0505051 2.3333333 4.935016265100e+06
5.0505051 2.3939394 4.858597780000e+06
5.0505051 2.4545455 4.780772884500e+06
5.0505051 2.5151515 4.701592279500e+06
5.0505051 2.5757576 4.621105696800e+06
5.0505051 2.6363636 4.539365782900e+06
5.0505051 2.6969697 4.456426007300e+06
5.0505051 2.7575758 4.372346332200e+06
5.0505051 2.8181818 4.287183768100e+06
5.0505051 2.8787879 4.201004698600e+06
5.0505051 2.9393939 4.113871467300e+06
5.0505051 3 4.025850359900e+06
5.5555556 -3 3.577021994800e+06
5.5555556 -2.9393939 3.657717474000e+06
5.5555556 -2.8787879 3.737964088000e+06
5.5555556 -2.8181818 3.817317292900e+06
5.5555556 -2.7575758 3.895771165900e+06
5.5555556 -2.6969697 3.973309729700e+06
5.5555556 -2.6363636 4.049856568100e+06
5.5555556 -2.5757576 4.125330493600e+06
5.5555556 -2.5151515 4.199691950100e+06
5.5555556 -2.4545455 4.272949530100e+06
5.5555556 -2.3939394 4.344971479000e+06
5.5555556 -2.3333333 4.415732883600e+06
5.5555556 -2.2727273 4.485195401200e+06
5.5555556 -2.2121212 4.553200887800e+06
5.5555556 -2.1515152 4.620287078700e+06
5.5555556 -2.0909091 4.685420244800e+06
5.5555556 -2.030303 4.749131613700e+06
5.5555556 -1.969697 4.811369970700e+06
5.5555556 -1.9090909 4.872070648200e+06
5.5555556 -1.8484848 4.931234854500e+06
5.5555556 -1.7878788 4.988782853000e+06
5.5555556 -1.7272727 5.044659608000e+06
5.5555556 -1.6666667 5.098839841500e+06
5.5555556 -1.6060606 5.151285019600e+06
5.5555556 -1.5454545 5.201980466900e+06
5.5555556 -1.4848485 5.250927175200e+06
5.5555556 -1.4242424 5.298098143900e+06
5.5555556 -1.3636364 5.343456666000e+06
5.5555556 -1.3030303 5.386977867900e+06
5.5555556 -1.2424242 5.428683627800e+06
5.5555556 -1.1818182 5.468460008400e+06
5.5555556 -1.1212121 5.506325604200e+06
5.5555556 -1.0606061 5.542284206000e+06
5.5555556 -1 5.576307806200e+06
5.5555556 -0.93939394 5.608384923000e+06
5.5555556 -0.87878788 5.638541744500e+06
5.5555556 -0.81818182 5.666879171500e+06
5.5555556 -0.75757576 5.693058426400e+06
5.5555556 -0.6969697 5.717339866800e+06
5.5555556 -0.63636364 5.739592899500e+06
5.5555556 -0.57575758 5.759832265300e+06
5.5555556 -0.51515152 5.778080756100e+06
5.5555556 -0.45454545 5.794368510500e+06
5.5555556 -0.39393939 5.808010541400e+06
5.5555556 -0.33333333 5.820318571700e+06
5.5555556 -0.27272727 5.830592332300e+06
5.5555556 -0.21212121 5.838739623700e+06
5.5555556 -0.15151515 5.844834077100e+06
5.5555556 -0.090909091 5.848893553500e+06
5.5555556 -0.03030303 5.850918457700e+06
5.5555556 0.03030303 5.850917375400e+06
5.5555556 0.090909091 5.848897710500e+06
5.5555556 0.15151515 5.844836724500e+06
5.5555556 0.21212121 5.839155975400e+06
5.5555556 0.27272727 5.831123190100e+06
5.5555556 0.33333333 5.820936074900e+06
5.5555556 0.39393939 5.808875707200e+06
5.5555556 0.45454545 5.794728477300e+06
5.5555556 0.51515152 5.778517293300e+06
5.5555556 0.57575758 5.760300413000e+06
5.5555556 0.63636364 5.740048142500e+06
5.5555556 0.6969697 5.717753786200e+06
5.5555556 0.75757576 5.693312759800e+06
5.5555556 0.81818182 5.666814103000e+06
5.5555556 0.87878788 5.638510410400e+06
5.5555556 0.93939394 5.608248220700e+06
5.5555556 1 5.576050678000e+06
5.5555556 1.0606061 5.541935195300e+06
5.5555556 1.1212121 5.505899990300e+06
5.5555556 1.1818182 5.467943535100e+06
5.5555556 1.2424242 5.428075864000e+06
5.5555556 1.3030303 5.386318226800e+06
5.5555556 1.3636364 5.342695944200e+06
5.5555556 1.4242424 5.297231022000e+06
5.5555556 1.4848485 5.249948321200e+06
5.5555556 1.5454545 5.200881214100e+06
5.5555556 1.6060606 5.150052946100e+06
5.5555556 1.6666667 5.097493443900e+06
5.5555556 1.7272727 5.043231695000e+06
5.5555556 1.7878788 4.987297516000e+06
5.5555556 1.8484848 4.929719192400e+06
5.5555556 1.9090909 4.870532826900e+06
5.5555556 1.969697 4.809774861800e+06
5.5555556 2.030303 4.747477565000e+06
5.5555556 2.0909091 4.683673390600e+06
5.5555556 2.1515152 4.618405445400e+06
5.5555556 2.2121212 4.551764416600e+06
5.5555556 2.2727273 4.483612742000e+06
5.5555556 2.3333333 4.414180807000e+06
5.5555556 2.3939394 4.343445790700e+06
5.5555556 2.4545455 4.271457604900e+06
5.5555556 2.5151515 4.198260885300e+06
5.5555556 2.5757576 4.123902127500e+06
5.5555556 2.6363636 4.048437940900e+06
5.5555556 2.6969697 3.971920473200e+06
5.5555556 2.7575758 3.894402379900e+06
5.5555556 2.8181818 3.815942283100e+06
5.5555556 2.8787879 3.736603089300e+06
5.5555556 2.9393939 3.656445362200e+06
5.5555556 3 3.575533934800e+06
6.0606061 -3 3.144100686700e+06
6.0606061 -2.9393939 3.217462901500e+06
6.0606061 -2.8787879 3.290382405100e+06
6.0606061 -2.8181818 3.362584098800e+06
6.0606061 -2.7575758 3.434002431500e+06
6.0606061 -2.6969697 3.504617153400e+06
6.0606061 -2.6363636 3.574356938000e+06
6.0606061 -2.5757576 3.643192379300e+06
6.0606061 -2.5151515 3.711057614300e+06
6.0606061 -2.4545455 3.777942405800e+06
6.0606061 -2.3939394 3.843768052700e+06
6.0606061 -2.3333333 3.908453483400e+06
6.0606061 -2.2727273 3.972061949400e+06
6.0606061 -2.2121212 4.034321091600e+06
6.0606061 -2.1515152 4.095766522500e+06
6.0606061 -2.0909091 4.155425042200e+06
6.0606061 -2.030303 4.213863970000e+06
6.0606061 -1.969697 4.270970641500e+06
6.0606061 -1.9090909 4.326669764700e+06
6.0606061 -1.8484848 4.381006470100e+06
6.0606061 -1.7878788 4.433888718100e+06
6.0606061 -1.7272727 4.485255748300e+06
6.0606061 -1.6666667 4.535094568500e+06
6.0606061 -1.6060606 4.583364071100e+06
6.0606061 -1.5454545 4.630054071900e+06
6.0606061 -1.4848485 4.675162776800e+06
6.0606061 -1.4242424 4.718652259800e+06
6.0606061 -1.3636364 4.760505280600e+06
6.0606061 -1.3030303 4.800715448600e+06
6.0606061 -1.2424242 4.839146345400e+06
6.0606061 -1.1818182 4.875857062100e+06
6.0606061 -1.1212121 4.910849993500e+06
6.0606061 -1.0606061 4.944073735800e+06
6.0606061 -1 4.975509918800e+06
6.0606061 -0.93939394 5.005179206800e+06
6.0606061 -0.87878788 5.033090754200e+06
6.0606061 -0.81818182 5.059317378500e+06
6.0606061 -0.75757576 5.083558004500e+06
6.0606061 -0.6969697 5.106054489400e+06
6.0606061 -0.63636364 5.126692158100e+06
6.0606061 -0.57575758 5.145469410200e+06
6.0606061 -0.51515152 5.162396619200e+06
6.0606061 -0.45454545 5.177518484700e+06
6.0606061 -0.39393939 5.190075829600e+06
6.0606061 -0.33333333 5.201615622000e+06
6.0606061 -0.27272727 5.211097794100e+06
6.0606061 -0.21212121 5.218665163200e+06
6.0606061 -0.15151515 5.224332216900e+06
6.0606061 -0.090909091 5.228104136300e+06
6.0606061 -0.03030303 5.229988579400e+06
6.0606061 0.03030303 5.229992109800e+06
6.0606061 0.090909091 5.228138904400e+06
6.0606061 0.15151515 5.224447451200e+06
6.0606061 0.21212121 5.219217709600e+06
6.0606061 0.27272727 5.211637126300e+06
6.0606061 0.33333333 5.202214287000e+06
6.0606061 0.39393939 5.191057722800e+06
6.0606061 0.45454545 5.177900616200e+06
6.0606061 0.51515152 5.162861530800e+06
6.0606061 0.57575758 5.145945785000e+06
6.0606061 0.63636364 5.127149556700e+06
6.0606061 0.6969697 5.106400698200e+06
6.0606061 0.75757576 5.083711446100e+06
6.0606061 0.81818182 5.059222535900e+06
6.0606061 0.87878788 5.033009709300e+06
6.0606061 0.93939394 5.005010007500e+06
6.0606061 1 4.975230577600e+06
6.0606061 1.0606061 4.943674259100e+06
6.0606061 1.1212121 4.910345691100e+06
6.0606061 1.1818182 4.875251002000e+06
6.0606061 1.2424242 4.838410138300e+06
6.0606061 1.3030303 4.799849361600e+06
6.0606061 1.3636364 4.759587926500e+06
6.0606061 1.4242424 4.717647913500e+06
6.0606061 1.4848485 4.674057802300e+06
6.0606061 1.5454545 4.628846365400e+06
6.0606061 1.6060606 4.582038165500e+06
6.0606061 1.6666667 4.533663994300e+06
6.0606061 1.7272727 4.483748013100e+06
6.0606061 1.7878788 4.432318688600e+06
6.0606061 1.8484848 4.379412437600e+06
6.0606061 1.9090909 4.325064090000e+06
6.0606061 1.969697 4.269299630100e+06
6.0606061 2.030303 4.212153103600e+06
6.0606061 2.0909091 4.153656666600e+06
6.0606061 2.1515152 4.093864770400e+06
6.0606061 2.2121212 4.032818286200e+06
6.0606061 2.2727273 3.970448904900e+06
6.0606061 2.3333333 3.906936326400e+06
6.0606061 2.3939394 3.842270798300e+06
6.0606061 2.4545455 3.776493831600e+06
6.0606061 2.5151515 3.709651780700e+06
6.0606061 2.5757576 3.641792594400e+06
6.0606061 2.6363636 3.572965861100e+06
6.0606061 2.6969697 3.503220621000e+06
6.0606061 2.7575758 3.432613715900e+06
6.0606061 2.8181818 3.361197731800e+06
6.0606061 2.8787879 3.289034678900e+06
6.0606061 2.9393939 3.216185548000e+06
6.0606061 3 3.142704564300e+06
6.5656566 -3 2.743564110800e+06
6.5656566 -2.9393939 2.809619392900e+06
6.5656566 -2.8787879 2.875332086800e+06
6.5656566 -2.8181818 2.940424929500e+06
6.5656566 -2.7575758 3.004861351200e+06
6.5656566 -2.6969697 3.068601864500e+06
6.5656566 -2.6363636 3.131571798600e+06
6.5656566 -2.5757576 3.193780174600e+06
6.5656566 -2.5151515 3.255157249500e+06
6.5656566 -2.4545455 3.315659987100e+06
6.5656566 -2.3939394 3.375251918800e+06
6.5656566 -2.3333333 3.433874064200e+06
6.5656566 -2.2727273 3.491520052400e+06
6.5656566 -2.2121212 3.548111070800e+06
6.5656566 -2.1515152 3.603705142900e+06
6.5656566 -2.0909091 3.657922589700e+06
6.5656566 -2.030303 3.711014214900e+06
6.5656566 -1.969697 3.762892704100e+06
6.5656566 -1.9090909 3.813535929400e+06
6.5656566 -1.8484848 3.862971652000e+06
6.5656566 -1.7878788 3.911083251200e+06
6.5656566 -1.7272727 3.957844239100e+06
6.5656566 -1.6666667 4.003250604400e+06
6.5656566 -1.6060606 4.047248658900e+06
6.5656566 -1.5454545 4.089828332800e+06
6.5656566 -1.4848485 4.130990856900e+06
6.5656566 -1.4242424 4.170713907300e+06
6.5656566 -1.3636364 4.208970968400e+06
6.5656566 -1.3030303 4.245621563100e+06
6.5656566 -1.2424242 4.280726169000e+06
6.5656566 -1.1818182 4.314294438100e+06
6.5656566 -1.1212121 4.346291856500e+06
6.5656566 -1.0606061 4.376682156400e+06
6.5656566 -1 4.405454666900e+06
6.5656566 -0.93939394 4.432616501200e+06
6.5656566 -0.87878788 4.458165290100e+06
6.5656566 -0.81818182 4.482175038000e+06
6.5656566 -0.75757576 4.504375590700e+06
6.5656566 -0.6969697 4.524984117000e+06
6.5656566 -0.63636364 4.543904114700e+06
6.5656566 -0.57575758 4.561131405600e+06
6.5656566 -0.51515152 4.576671455600e+06
6.5656566 -0.45454545 4.590564418300e+06
6.5656566 -0.39393939 4.602180612100e+06
6.5656566 -0.33333333 4.612675359500e+06
6.5656566 -0.27272727 4.621393312400e+06
6.5656566 -0.21212121 4.628348249700e+06
6.5656566 -0.15151515 4.633555961000e+06
6.5656566 -0.090909091 4.637025647700e+06
6.5656566 -0.03030303 4.638762709900e+06
6.5656566 0.03030303 4.638778744500e+06
6.5656566 0.090909091 4.637175318700e+06
6.5656566 0.15151515 4.633957694600e+06
6.5656566 0.21212121 4.628920147300e+06
6.5656566 0.27272727 4.621971315300e+06
6.5656566 0.33333333 4.613316731900e+06
6.5656566 0.39393939 4.603072249600e+06
6.5656566 0.45454545 4.590986889300e+06
6.5656566 0.51515152 4.577174607200e+06
6.5656566 0.57575758 4.561636813100e+06
6.5656566 0.63636364 4.544376217100e+06
6.5656566 0.6969697 4.525155129700e+06
6.5656566 0.75757576 4.504500614500e+06
6.5656566 0.81818182 4.482057443600e+06
6.5656566 0.87878788 4.458048877400e+06
6.5656566 0.93939394 4.432407585700e+06
6.5656566 1 4.405137706300e+06
6.5656566 1.0606061 4.376240403200e+06
6.5656566 1.1212121 4.345725053000e+06
6.5656566 1.1818182 4.313611896200e+06
6.5656566 1.2424242 4.279923388000e+06
6.5656566 1.3030303 4.244677150400e+06
6.5656566 1.3636364 4.207890993200e+06
6.5656566 1.4242424 4.169591923800e+06
6.5656566 1.4848485 4.129805306100e+06
6.5656566 1.5454545 4.088559397300e+06
6.5656566 1.6060606 4.045880630400e+06
6.5656566 1.6666667 4.001793228500e+06
6.5656566 1.7272727 3.956325903900e+06
6.5656566 1.7878788 3.909505867400e+06
6.5656566 1.8484848 3.861364814800e+06
6.5656566 1.9090909 3.811934375300e+06
6.5656566 1.969697 3.761240376400e+06
6.5656566 2.030303 3.709314842200e+06
6.5656566 2.0909091 3.656190045900e+06
6.5656566 2.1515152 3.601947697500e+06
6.5656566 2.2121212 3.546516503800e+06
6.5656566 2.2727273 3.489974141300e+06
6.5656566 2.3333333 3.432409838300e+06
6.5656566 2.3939394 3.373831256800e+06
6.5656566 2.4545455 3.314279731400e+06
6.5656566 2.5151515 3.253795148100e+06
6.5656566 2.5757576 3.192425144300e+06
6.5656566 2.6363636 3.130218434000e+06
6.5656566 2.6969697 3.067220635300e+06
6.5656566 2.7575758 3.003487817700e+06
6.5656566 2.8181818 2.939073124200e+06
6.5656566 2.8787879 2.874027271400e+06
6.5656566 2.9393939 2.808403549600e+06
6.5656566 3 2.742255805300e+06
7.0707071 -3 2.382505857800e+06
7.0707071 -2.9393939 2.441674335200e+06
7.0707071 -2.8787879 2.500499793300e+06
7.0707071 -2.8181818 2.558804963700e+06
7.0707071 -2.7575758 2.616570391000e+06
7.0707071 -2.6969697 2.673733918300e+06
7.0707071 -2.6363636 2.730254557400e+06
7.0707071 -2.5757576 2.786122617900e+06
7.0707071 -2.5151515 2.841252523100e+06
7.0707071 -2.4545455 2.895629814600e+06
7.0707071 -2.3939394 2.949229959800e+06
7.0707071 -2.3333333 3.001992028700e+06
7.0707071 -2.2727273 3.053936701000e+06
7.0707071 -2.2121212 3.105063733200e+06
7.0707071 -2.1515152 3.154929043900e+06
7.0707071 -2.0909091 3.203859134600e+06
7.0707071 -2.030303 3.251737416100e+06
7.0707071 -1.969697 3.298556661700e+06
7.0707071 -1.9090909 3.344300662700e+06
7.0707071 -1.8484848 3.388957472700e+06
7.0707071 -1.7878788 3.432429893100e+06
7.0707071 -1.7272727 3.474707332400e+06
7.0707071 -1.6666667 3.515775199100e+06
7.0707071 -1.6060606 3.555593835100e+06
7.0707071 -1.5454545 3.594157956400e+06
7.0707071 -1.4848485 3.631473346600e+06
7.0707071 -1.4242424 3.667497809900e+06
7.0707071 -1.3636364 3.702094996900e+06
7.0707071 -1.3030303 3.735307530300e+06
7.0707071 -1.2424242 3.767159879200e+06
7.0707071 -1.1818182 3.797623281600e+06
7.0707071 -1.1212121 3.826669798500e+06
7.0707071 -1.0606061 3.854265134600e+06
7.0707071 -1 3.880395269500e+06
7.0707071 -0.93939394 3.905065924900e+06
7.0707071 -0.87878788 3.928272206000e+06
7.0707071 -0.81818182 3.950080022400e+06
7.0707071 -0.75757576 3.970251845600e+06
7.0707071 -0.6969697 3.988981561100e+06
7.0707071 -0.63636364 4.006189005200e+06
7.0707071 -0.57575758 4.021869601700e+06
7.0707071 -0.51515152 4.036024411500e+06
7.0707071 -0.45454545 4.048670157500e+06
7.0707071 -0.39393939 4.059549446900e+06
7.0707071 -0.33333333 4.068841693200e+06
7.0707071 -0.27272727 4.076771680400e+06
7.0707071 -0.21212121 4.083118203400e+06
7.0707071 -0.15151515 4.087870658400e+06
7.0707071 -0.090909091 4.091037678600e+06
7.0707071 -0.03030303 4.092628899500e+06
7.0707071 0.03030303 4.092674725500e+06
7.0707071 0.090909091 4.091400578000e+06
7.0707071 0.15151515 4.088286005500e+06
7.0707071 0.21212121 4.083712840700e+06
7.0707071 0.27272727 4.077376806000e+06
7.0707071 0.33333333 4.069486465700e+06
7.0707071 0.39393939 4.060153908500e+06
7.0707071 0.45454545 4.049141698600e+06
7.0707071 0.51515152 4.036550685200e+06
7.0707071 0.57575758 4.022390685900e+06
7.0707071 0.63636364 4.006671314500e+06
7.0707071 0.6969697 3.989138345800e+06
7.0707071 0.75757576 3.970366693000e+06
7.0707071 0.81818182 3.949967132200e+06
7.0707071 0.87878788 3.928142775700e+06
7.0707071 0.93939394 3.904832401100e+06
7.0707071 1 3.880041046600e+06
7.0707071 1.0606061 3.853776885400e+06
7.0707071 1.1212121 3.826054734700e+06
7.0707071 1.1818182 3.796893284400e+06
7.0707071 1.2424242 3.766316494300e+06
7.0707071 1.3030303 3.734339307100e+06
7.0707071 1.3636364 3.700981091700e+06
7.0707071 1.4242424 3.666264473900e+06
7.0707071 1.4848485 3.630215404300e+06
7.0707071 1.5454545 3.592861945100e+06
7.0707071 1.6060606 3.554228890400e+06
7.0707071 1.6666667 3.514339397100e+06
7.0707071 1.7272727 3.473219343400e+06
7.0707071 1.7878788 3.430897763700e+06
7.0707071 1.8484848 3.387399953600e+06
7.0707071 1.9090909 3.342754178900e+06
7.0707071 1.969697 3.296986212800e+06
7.0707071 2.030303 3.250126976300e+06
7.0707071 2.0909091 3.202208672100e+06
7.0707071 2.1515152 3.153302575600e+06
7.0707071 2.2121212 3.103317504100e+06
7.0707071 2.2727273 3.052412058200e+06
7.0707071 2.3333333 3.000586385700e+06
7.0707071 2.3939394 2.947871195900e+06
7.0707071 2.4545455 2.894307029600e+06
7.0707071 2.5151515 2.839934819400e+06
7.0707071 2.5757576 2.784797308800e+06
7.0707071 2.6363636 2.728942970100e+06
7.0707071 2.6969697 2.672415106400e+06
7.0707071 2.7575758 2.615264071700e+06
7.0707071 2.8181818 2.557535414500e+06
7.0707071 2.8787879 2.499277425200e+06
7.0707071 2.9393939 2.440536957400e+06
7.0707071 3 2.381361697500e+06
7.5757576 -3 2.062972714600e+06
7.5757576 -2.9393939 2.115705369200e+06
7.5757576 -2.8787879 2.168178350700e+06
7.5757576 -2.8181818 2.220155919600e+06
7.5757576 -2.7575758 2.271716595800e+06
7.5757576 -2.6969697 2.322746687600e+06
7.5757576 -2.6363636 2.373248714300e+06
7.5757576 -2.5757576 2.423180335200e+06
7.5757576 -2.5151515 2.472484880500e+06
7.5757576 -2.4545455 2.521144254100e+06
7.5757576 -2.3939394 2.569137039800e+06
7.5757576 -2.3333333 2.616484694000e+06
7.5757576 -2.2727273 2.663105954700e+06
7.5757576 -2.2121212 2.708747366300e+06
7.5757576 -2.1515152 2.753492739700e+06
7.5757576 -2.0909091 2.797394699000e+06
7.5757576 -2.030303 2.840387667600e+06
7.5757576 -1.969697 2.882439888700e+06
7.5757576 -1.9090909 2.923558743000e+06
7.5757576 -1.8484848 2.963702442000e+06
7.5757576 -1.7878788 3.002786934000e+06
7.5757576 -1.7272727 3.040823076300e+06
7.5757576 -1.6666667 3.077787176900e+06
7.5757576 -1.6060606 3.113644909600e+06
7.5757576 -1.5454545 3.148421642500e+06
7.5757576 -1.4848485 3.182066990100e+06
7.5757576 -1.4242424 3.214468265100e+06
7.5757576 -1.3636364 3.245645914800e+06
7.5757576 -1.3030303 3.275605863900e+06
7.5757576 -1.2424242 3.304349209300e+06
7.5757576 -1.1818182 3.331857353000e+06
7.5757576 -1.1212121 3.358080043000e+06
7.5757576 -1.0606061 3.382989397600e+06
7.5757576 -1 3.406585249000e+06
7.5757576 -0.93939394 3.428875767700e+06
7.5757576 -0.87878788 3.449849849200e+06
7.5757576 -0.81818182 3.469557769000e+06
7.5757576 -0.75757576 3.487783084200e+06
7.5757576 -0.6969697 3.504709106100e+06
7.5757576 -0.63636364 3.520269490300e+06
7.5757576 -0.57575758 3.534462508000e+06
7.5757576 -0.51515152 3.547282259700e+06
7.5757576 -0.45454545 3.558725199500e+06
7.5757576 -0.39393939 3.568832917200e+06
7.5757576 -0.33333333 3.577194802500e+06
7.5757576 -0.27272727 3.584185944100e+06
7.5757576 -0.21212121 3.589941445500e+06
7.5757576 -0.15151515 3.594264369300e+06
7.5757576 -0.090909091 3.597139577200e+06
7.5757576 -0.03030303 3.598592322000e+06
7.5757576 0.03030303 3.598735724700e+06
7.5757576 0.090909091 3.597513817600e+06
7.5757576 0.15151515 3.594676940000e+06
7.5757576 0.21212121 3.590534946600e+06
7.5757576 0.27272727 3.584809573300e+06
7.5757576 0.33333333 3.577656185000e+06
7.5757576 0.39393939 3.569199129400e+06
7.5757576 0.45454545 3.559222714700e+06
7.5757576 0.51515152 3.547806008000e+06
7.5757576 0.57575758 3.534980757700e+06
7.5757576 0.63636364 3.520753311000e+06
7.5757576 0.6969697 3.504886348500e+06
7.5757576 0.75757576 3.487899927100e+06
7.5757576 0.81818182 3.469458324700e+06
7.5757576 0.87878788 3.449720724600e+06
7.5757576 0.93939394 3.428639704100e+06
7.5757576 1 3.406223027500e+06
7.5757576 1.0606061 3.382483526100e+06
7.5757576 1.1212121 3.357436663400e+06
7.5757576 1.1818182 3.331099638600e+06
7.5757576 1.2424242 3.303495812900e+06
7.5757576 1.3030303 3.274638874900e+06
7.5757576 1.3636364 3.244547202100e+06
7.5757576 1.4242424 3.213244682300e+06
7.5757576 1.4848485 3.180754405400e+06
7.5757576 1.5454545 3.147101919900e+06
7.5757576 1.6060606 3.112311031400e+06
7.5757576 1.6666667 3.076405007000e+06
7.5757576 1.7272727 3.039404849600e+06
7.5757576 1.7878788 3.001337435900e+06
7.5757576 1.8484848 2.962227014800e+06
7.5757576 1.9090909 2.922098857200e+06
7.5757576 1.969697 2.880975214100e+06
7.5757576 2.030303 2.838888353800e+06
7.5757576 2.0909091 2.795869014600e+06
7.5757576 2.1515152 2.751973428400e+06
7.5757576 2.2121212 2.707140595700e+06
7.5757576 2.2727273 2.661500466900e+06
7.5757576 2.3333333 2.615054163900e+06
7.5757576 2.3939394 2.567834099800e+06
7.5757576 2.4545455 2.519876848100e+06
7.5757576 2.5151515 2.471225039700e+06
7.5757576 2.5757576 2.421916863900e+06
7.5757576 2.6363636 2.371995057200e+06
7.5757576 2.6969697 2.321500126000e+06
7.5757576 2.7575758 2.270479083000e+06
7.5757576 2.8181818 2.218970825500e+06
7.5757576 2.8787879 2.167016605000e+06
7.5757576 2.9393939 2.114662844100e+06
7.5757576 3 2.061954398000e+06
8.0808081 -3 1.783696032700e+06
8.0808081 -2.9393939 1.830548088300e+06
8.0808081 -2.8787879 1.877186036100e+06
8.0808081 -2.8181818 1.923414360600e+06
8.0808081 -2.7575758 1.969311924300e+06
8.0808081 -2.6969697 2.014751518100e+06
8.0808081 -2.6363636 2.059742086600e+06
8.0808081 -2.5757576 2.104228634900e+06
8.0808081 -2.5151515 2.148191067100e+06
8.0808081 -2.4545455 2.191599543500e+06
8.0808081 -2.3939394 2.234523326600e+06
8.0808081 -2.3333333 2.276856154500e+06
8.0808081 -2.2727273 2.318302847600e+06
8.0808081 -2.2121212 2.359128892500e+06
8.0808081 -2.1515152 2.399164052200e+06
8.0808081 -2.0909091 2.438435078200e+06
8.0808081 -2.030303 2.476914502600e+06
8.0808081 -1.969697 2.514566583800e+06
8.0808081 -1.9090909 2.551407080600e+06
8.0808081 -1.8484848 2.587370831400e+06
8.0808081 -1.7878788 2.622398771300e+06
8.0808081 -1.7272727 2.656505481200e+06
8.0808081 -1.6666667 2.689665296200e+06
8.0808081 -1.6060606 2.721842673500e+06
8.0808081 -1.5454545 2.753103375200e+06
8.0808081 -1.4848485 2.783257798200e+06
8.0808081 -1.4242424 2.812348061700e+06
8.0808081 -1.3636364 2.840359671300e+06
8.0808081 -1.3030303 2.867285152800e+06
8.0808081 -1.2424242 2.893134609300e+06
8.0808081 -1.1818182 2.917869240000e+06
8.0808081 -1.1212121 2.941451175200e+06
8.0808081 -1.0606061 2.963854219900e+06
8.0808081 -1 2.985090743500e+06
8.0808081 -0.93939394 3.005167522700e+06
8.0808081 -0.87878788 3.024056850400e+06
8.0808081 -0.81818182 3.041796595900e+06
8.0808081 -0.75757576 3.058199484500e+06
8.0808081 -0.6969697 3.073438315400e+06
8.0808081 -0.63636364 3.087460039400e+06
8.0808081 -0.57575758 3.100259224900e+06
8.0808081 -0.51515152 3.111821798000e+06
8.0808081 -0.45454545 3.122139010800e+06
8.0808081 -0.39393939 3.131223714600e+06
8.0808081 -0.33333333 3.139105458500e+06
8.0808081 -0.27272727 3.145145963500e+06
8.0808081 -0.21212121 3.150292075600e+06
8.0808081 -0.15151515 3.154207216900e+06
8.0808081 -0.090909091 3.156810162000e+06
8.0808081 -0.03030303 3.158148506500e+06
8.0808081 0.03030303 3.158420315000e+06
8.0808081 0.090909091 3.157175825300e+06
8.0808081 0.15151515 3.154627297600e+06
8.0808081 0.21212121 3.150852944400e+06
8.0808081 0.27272727 3.145745527400e+06
8.0808081 0.33333333 3.139270696900e+06
8.0808081 0.39393939 3.131627519300e+06
8.0808081 0.45454545 3.122634975100e+06
8.0808081 0.51515152 3.112324027400e+06
8.0808081 0.57575758 3.100758756800e+06
8.0808081 0.63636364 3.087937495000e+06
8.0808081 0.6969697 3.073652354300e+06
8.0808081 0.75757576 3.058327709600e+06
8.0808081 0.81818182 3.041715719000e+06
8.0808081 0.87878788 3.023927226600e+06
8.0808081 0.93939394 3.004932722000e+06
8.0808081 1 2.984739724400e+06
8.0808081 1.0606061 2.963363949900e+06
8.0808081 1.1212121 2.940819299500e+06
8.0808081 1.1818182 2.917121228700e+06
8.0808081 1.2424242 2.892291223600e+06
8.0808081 1.3030303 2.866344023800e+06
8.0808081 1.3636364 2.839299330500e+06
8.0808081 1.4242424 2.811177082700e+06
8.0808081 1.4848485 2.781999652000e+06
8.0808081 1.5454545 2.751788970800e+06
8.0808081 1.6060606 2.720567469900e+06
8.0808081 1.6666667 2.688357087200e+06
8.0808081 1.7272727 2.655175423100e+06
8.0808081 1.7878788 2.621048746400e+06
8.0808081 1.8484848 2.585996007900e+06
8.0808081 1.9090909 2.550041839500e+06
8.0808081 1.969697 2.513209086000e+06
8.0808081 2.030303 2.475528296000e+06
8.0808081 2.0909091 2.437038639000e+06
8.0808081 2.1515152 2.397756765500e+06
8.0808081 2.2121212 2.357671203100e+06
8.0808081 2.2727273 2.316877413900e+06
8.0808081 2.3333333 2.275379816100e+06
8.0808081 2.3939394 2.233213152500e+06
8.0808081 2.4545455 2.190411545400e+06
8.0808081 2.5151515 2.147010567300e+06
8.0808081 2.5757576 2.103046298400e+06
8.0808081 2.6363636 2.058559567100e+06
8.0808081 2.6969697 2.013585678200e+06
8.0808081 2.7575758 1.968161892100e+06
8.0808081 2.8181818 1.922328806600e+06
8.0808081 2.8787879 1.876126439200e+06
8.0808081 2.9393939 1.829592839900e+06
8.0808081 3 1.782769806000e+06
8.5858586 -3 1.541637447400e+06
8.5858586 -2.9393939 1.583230235400e+06
8.5858586 -2.8787879 1.624602096700e+06
8.5858586 -2.8181818 1.665654574800e+06
8.5858586 -2.7575758 1.706424997000e+06
8.5858586 -2.6969697 1.746819677700e+06
8.5858586 -2.6363636 1.786831250700e+06
8.5858586 -2.5757576 1.826411731200e+06
8.5858586 -2.5151515 1.865534984200e+06
8.5858586 -2.4545455 1.904264042700e+06
8.5858586 -2.3939394 1.942570366600e+06
8.5858586 -2.3333333 1.980104565100e+06
8.5858586 -2.2727273 2.017108295400e+06
8.5858586 -2.2121212 2.053522089900e+06
8.5858586 -2.1515152 2.089285556600e+06
8.5858586 -2.0909091 2.124341952000e+06
8.5858586 -2.030303 2.158710986400e+06
8.5858586 -1.969697 2.192367734600e+06
8.5858586 -1.9090909 2.225297218400e+06
8.5858586 -1.8484848 2.257446663900e+06
8.5858586 -1.7878788 2.288782660100e+06
8.5858586 -1.7272727 2.319288672300e+06
8.5858586 -1.6666667 2.348978812900e+06
8.5858586 -1.6060606 2.377812860300e+06
8.5858586 -1.5454545 2.405786391000e+06
8.5858586 -1.4848485 2.432797630000e+06
8.5858586 -1.4242424 2.458864631800e+06
8.5858586 -1.3636364 2.483981384100e+06
8.5858586 -1.3030303 2.508128609600e+06
8.5858586 -1.2424242 2.531309703400e+06
8.5858586 -1.1818182 2.553478163000e+06
8.5858586 -1.1212121 2.574633876300e+06
8.5858586 -1.0606061 2.594740492100e+06
8.5858586 -1 2.613814249200e+06
8.5858586 -0.93939394 2.631857495400e+06
8.5858586 -0.87878788 2.648829276500e+06
8.5858586 -0.81818182 2.664757741200e+06
8.5858586 -0.75757576 2.679487620800e+06
8.5858586 -0.6969697 2.693182877700e+06
8.5858586 -0.63636364 2.705790238500e+06
8.5858586 -0.57575758 2.717300299600e+06
8.5858586 -0.51515152 2.727698189400e+06
8.5858586 -0.45454545 2.736974371200e+06
8.5858586 -0.39393939 2.745118128500e+06
8.5858586 -0.33333333 2.752159239400e+06
8.5858586 -0.27272727 2.757821742000e+06
8.5858586 -0.21212121 2.762281393000e+06
8.5858586 -0.15151515 2.765819260100e+06
8.5858586 -0.090909091 2.768177260400e+06
8.5858586 -0.03030303 2.769471488500e+06
8.5858586 0.03030303 2.769659532000e+06
8.5858586 0.090909091 2.768533405100e+06
8.5858586 0.15151515 2.766248895900e+06
8.5858586 0.21212121 2.762811411500e+06
8.5858586 0.27272727 2.758281373100e+06
8.5858586 0.33333333 2.752439670800e+06
8.5858586 0.39393939 2.745520973200e+06
8.5858586 0.45454545 2.737447417400e+06
8.5858586 0.51515152 2.728175136300e+06
8.5858586 0.57575758 2.717775023700e+06
8.5858586 0.63636364 2.706251486200e+06
8.5858586 0.6969697 2.693478389900e+06
8.5858586 0.75757576 2.679629589700e+06
8.5858586 0.81818182 2.664705459200e+06
8.5858586 0.87878788 2.648702003500e+06
8.5858586 0.93939394 2.631629959800e+06
8.5858586 1 2.613487216300e+06
8.5858586 1.0606061 2.594287322900e+06
8.5858586 1.1212121 2.574043249400e+06
8.5858586 1.1818182 2.552772345500e+06
8.5858586 1.2424242 2.530492800700e+06
8.5858586 1.3030303 2.507217011600e+06
8.5858586 1.3636364 2.482967564400e+06
8.5858586 1.4242424 2.457761347300e+06
8.5858586 1.4848485 2.431617035600e+06
8.5858586 1.5454545 2.404555487300e+06
8.5858586 1.6060606 2.376597569400e+06
8.5858586 1.6666667 2.347763452500e+06
8.5858586 1.7272727 2.318068297500e+06
8.5858586 1.7878788 2.287533839800e+06
8.5858586 1.8484848 2.256178634000e+06
8.5858586 1.9090909 2.224027804100e+06
8.5858586 1.969697 2.191106566800e+06
8.5858586 2.030303 2.157438178200e+06
8.5858586 2.0909091 2.123069464800e+06
8.5858586 2.1515152 2.087975851600e+06
8.5858586 2.2121212 2.052209299600e+06
8.5858586 2.2727273 2.015817091400e+06
8.5858586 2.3333333 1.978813969600e+06
8.5858586 2.3939394 1.941230338800e+06
8.5858586 2.4545455 1.903099598900e+06
8.5858586 2.5151515 1.864453584800e+06
8.5858586 2.5757576 1.825324845500e+06
8.5858586 2.6363636 1.785746170900e+06
8.5858586 2.6969697 1.745752605300e+06
8.5858586 2.7575758 1.705379105600e+06
8.5858586 2.8181818 1.664662787300e+06
8.5858586 2.8787879 1.623640118300e+06
8.5858586 2.9393939 1.582343031600e+06
8.5858586 3 1.540807494200e+06
9.0909091 -3 1.333011060900e+06
9.0909091 -2.9393939 1.369894145500e+06
9.0909091 -2.8787879 1.406578594500e+06
9.0909091 -2.8181818 1.443005331100e+06
9.0909091 -2.7575758 1.479194016400e+06
9.0909091 -2.6969697 1.515073711800e+06
9.0909091 -2.6363636 1.550622023700e+06
9.0909091 -2.5757576 1.585814772300e+06
9.0909091 -2.5151515 1.620659225700e+06
9.0909091 -2.4545455 1.655202786300e+06
9.0909091 -2.3939394 1.689115531700e+06
9.0909091 -2.3333333 1.722578931500e+06
9.0909091 -2.2727273 1.755563960300e+06
9.0909091 -2.2121212 1.788016221300e+06
9.0909091 -2.1515152 1.819921912100e+06
9.0909091 -2.0909091 1.851172549200e+06
9.0909091 -2.030303 1.881848147200e+06
9.0909091 -1.969697 1.911899836200e+06
9.0909091 -1.9090909 1.941299170600e+06
9.0909091 -1.8484848 1.970002632600e+06
9.0909091 -1.7878788 1.998002168800e+06
9.0909091 -1.7272727 2.025269393600e+06
9.0909091 -1.6666667 2.051838842600e+06
9.0909091 -1.6060606 2.077661419800e+06
9.0909091 -1.5454545 2.102645925400e+06
9.0909091 -1.4848485 2.126814987800e+06
9.0909091 -1.4242424 2.150151537800e+06
9.0909091 -1.3636364 2.172645820500e+06
9.0909091 -1.3030303 2.194277396100e+06
9.0909091 -1.2424242 2.215024690400e+06
9.0909091 -1.1818182 2.234861300300e+06
9.0909091 -1.1212121 2.253799152200e+06
9.0909091 -1.0606061 2.271816711200e+06
9.0909091 -1 2.288926338200e+06
9.0909091 -0.93939394 2.305119958900e+06
9.0909091 -0.87878788 2.320338502100e+06
9.0909091 -0.81818182 2.334628833900e+06
9.0909091 -0.75757576 2.347844778200e+06
9.0909091 -0.6969697 2.360139334600e+06
9.0909091 -0.63636364 2.371455120500e+06
9.0909091 -0.57575758 2.381787814400e+06
9.0909091 -0.51515152 2.391121539900e+06
9.0909091 -0.45454545 2.399444091500e+06
9.0909091 -0.39393939 2.406743443200e+06
9.0909091 -0.33333333 2.413018051400e+06
9.0909091 -0.27272727 2.418288615000e+06
9.0909091 -0.21212121 2.422246943200e+06
9.0909091 -0.15151515 2.425349260900e+06
9.0909091 -0.090909091 2.427497955500e+06
9.0909091 -0.03030303 2.428776731800e+06
9.0909091 0.03030303 2.428828598400e+06
9.0909091 0.090909091 2.427822642600e+06
9.0909091 0.15151515 2.425773120400e+06
9.0909091 0.21212121 2.422677926000e+06
9.0909091 0.27272727 2.418592448800e+06
9.0909091 0.33333333 2.413400529900e+06
9.0909091 0.39393939 2.407119510400e+06
9.0909091 0.45454545 2.399891342200e+06
9.0909091 0.51515152 2.391579104900e+06
9.0909091 0.57575758 2.382238430800e+06
9.0909091 0.63636364 2.371893787600e+06
9.0909091 0.6969697 2.360530560300e+06
9.0909091 0.75757576 2.347994693500e+06
9.0909091 0.81818182 2.334607653500e+06
9.0909091 0.87878788 2.320224817100e+06
9.0909091 0.93939394 2.304904373500e+06
9.0909091 1 2.288628583200e+06
9.0909091 1.0606061 2.271407965300e+06
9.0909091 1.1212121 2.253256895400e+06
9.0909091 1.1818182 2.234191333900e+06
9.0909091 1.2424242 2.214229345400e+06
9.0909091 1.3030303 2.193380486900e+06
9.0909091 1.3636364 2.171664941000e+06
9.0909091 1.4242424 2.149099747000e+06
9.0909091 1.4848485 2.125703727600e+06
9.0909091 1.5454545 2.101493501800e+06
9.0909091 1.6060606 2.076487038900e+06
9.0909091 1.6666667 2.050702644000e+06
9.0909091 1.7272727 2.024154552400e+06
9.0909091 1.7878788 1.996861960000e+06
9.0909091 1.8484848 1.968845509700e+06
9.0909091 1.9090909 1.940127350800e+06
9.0909091 1.969697 1.910730621700e+06
9.0909091 2.030303 1.880680762500e+06
9.0909091 2.0909091 1.850011932800e+06
9.0909091 2.1515152 1.818701065200e+06
9.0909091 2.2121212 1.786824474900e+06
9.0909091 2.2727273 1.754389652200e+06
9.0909091 2.3333333 1.721425494800e+06
9.0909091 2.3939394 1.687959819800e+06
9.0909091 2.4545455 1.654020112100e+06
9.0909091 2.5151515 1.619634638700e+06
9.0909091 2.5757576 1.584834744000e+06
9.0909091 2.6363636 1.549649748400e+06
9.0909091 2.6969697 1.514112141900e+06
9.0909091 2.7575758 1.478255895300e+06
9.0909091 2.8181818 1.442110937900e+06
9.0909091 2.8787879 1.405707434100e+06
9.0909091 2.9393939 1.369078255400e+06
9.0909091 3 1.332255120800e+06
9.5959596 -3 1.153813482700e+06
9.5959596 -2.9393939 1.186495384600e+06
9.5959596 -2.8787879 1.219036287700e+06
9.5959596 -2.8181818 1.251351209000e+06
9.5959596 -2.7575758 1.283477343300e+06
9.5959596 -2.6969697 1.315337804800e+06
9.5959596 -2.6363636 1.346920022000e+06
9.5959596 -2.5757576 1.378238564900e+06
9.5959596 -2.5151515 1.409304646200e+06
9.5959596 -2.4545455 1.439899464800e+06
9.5959596 -2.3939394 1.470096104300e+06
9.5959596 -2.3333333 1.499914685900e+06
9.5959596 -2.2727273 1.529295211600e+06
9.5959596 -2.2121212 1.558211899800e+06
9.5959596 -2.1515152 1.586645631500e+06
9.5959596 -2.0909091 1.614517669500e+06
9.5959596 -2.030303 1.641884198500e+06
9.5959596 -1.969697 1.668707354700e+06
9.5959596 -1.9090909 1.694946934500e+06
9.5959596 -1.8484848 1.720562512100e+06
9.5959596 -1.7878788 1.745576939600e+06
9.5959596 -1.7272727 1.769980318300e+06
9.5959596 -1.6666667 1.793749630600e+06
9.5959596 -1.6060606 1.816795084900e+06
9.5959596 -1.5454545 1.839135939300e+06
9.5959596 -1.4848485 1.860758793400e+06
9.5959596 -1.4242424 1.881641401000e+06
9.5959596 -1.3636364 1.901768097900e+06
9.5959596 -1.3030303 1.921121329000e+06
9.5959596 -1.2424242 1.939683802700e+06
9.5959596 -1.1818182 1.957443024200e+06
9.5959596 -1.1212121 1.974402074600e+06
9.5959596 -1.0606061 1.990534999100e+06
9.5959596 -1 2.005870900800e+06
9.5959596 -0.93939394 2.020374877000e+06
9.5959596 -0.87878788 2.034005206300e+06
9.5959596 -0.81818182 2.046816198600e+06
9.5959596 -0.75757576 2.058667139100e+06
9.5959596 -0.6969697 2.069700008900e+06
9.5959596 -0.63636364 2.079848886300e+06
9.5959596 -0.57575758 2.089116204400e+06
9.5959596 -0.51515152 2.097486697500e+06
9.5959596 -0.45454545 2.104944890800e+06
9.5959596 -0.39393939 2.111483237500e+06
9.5959596 -0.33333333 2.117104764300e+06
9.5959596 -0.27272727 2.121820983200e+06
9.5959596 -0.21212121 2.125606378200e+06
9.5959596 -0.15151515 2.128263469600e+06
9.5959596 -0.090909091 2.130201003500e+06
9.5959596 -0.03030303 2.131309341600e+06
9.5959596 0.03030303 2.131343198700e+06
9.5959596 0.090909091 2.130443157200e+06
9.5959596 0.15151515 2.128605918900e+06
9.5959596 0.21212121 2.125829970700e+06
9.5959596 0.27272727 2.122125894700e+06
9.5959596 0.33333333 2.117523522600e+06
9.5959596 0.39393939 2.111865499300e+06
9.5959596 0.45454545 2.105360707800e+06
9.5959596 0.51515152 2.097928308700e+06
9.5959596 0.57575758 2.089542604600e+06
9.5959596 0.63636364 2.080260134800e+06
9.5959596 0.6969697 2.070078973200e+06
9.5959596 0.75757576 2.058827861200e+06
9.5959596 0.81818182 2.046807620800e+06
9.5959596 0.87878788 2.033904632000e+06
9.5959596 0.93939394 2.020166744100e+06
9.5959596 1 2.005575650500e+06
9.5959596 1.0606061 1.990142310700e+06
9.5959596 1.1212121 1.973879995900e+06
9.5959596 1.1818182 1.956801767500e+06
9.5959596 1.2424242 1.938925071700e+06
9.5959596 1.3030303 1.920260937400e+06
9.5959596 1.3636364 1.900825698600e+06
9.5959596 1.4242424 1.880635898400e+06
9.5959596 1.4848485 1.859709148000e+06
9.5959596 1.5454545 1.838057995600e+06
9.5959596 1.6060606 1.815699158700e+06
9.5959596 1.6666667 1.792650340600e+06
9.5959596 1.7272727 1.768924331600e+06
9.5959596 1.7878788 1.744538165400e+06
9.5959596 1.8484848 1.719513872400e+06
9.5959596 1.9090909 1.693872730400e+06
9.5959596 1.969697 1.667634141300e+06
9.5959596 2.030303 1.640825855200e+06
9.5959596 2.0909091 1.613465681500e+06
9.5959596 2.1515152 1.585546516600e+06
9.5959596 2.2121212 1.557134318000e+06
9.5959596 2.2727273 1.528236520900e+06
9.5959596 2.3333333 1.498877349200e+06
9.5959596 2.3939394 1.469080835600e+06
9.5959596 2.4545455 1.438873816700e+06
9.5959596 2.5151515 1.408282304500e+06
9.5959596 2.5757576 1.377334147700e+06
9.5959596 2.6363636 1.346059300400e+06
9.5959596 2.6969697 1.314485055500e+06
9.5959596 2.7575758 1.282639002700e+06
9.5959596 2.8181818 1.250548085600e+06
9.5959596 2.8787879 1.218241452500e+06
9.5959596 2.9393939 1.185750514600e+06
9.5959596 3 1.153105375600e+06
10.10101 -3 1.000148351500e+06
10.10101 -2.9393939 1.029138291800e+06
10.10101 -2.8787879 1.058003994700e+06
10.10101 -2.8181818 1.086695476100e+06
10.10101 -2.7575758 1.115230130300e+06
10.10101 -2.6969697 1.143532589500e+06
10.10101 -2.6363636 1.171620730800e+06
10.10101 -2.5757576 1.199536213500e+06
10.10101 -2.5151515 1.227094576700e+06
10.10101 -2.4545455 1.254305762100e+06
10.10101 -2.3939394 1.281222466500e+06
10.10101 -2.3333333 1.307780938000e+06
10.10101 -2.2727273 1.333960632400e+06
10.10101 -2.2121212 1.359729324300e+06
10.10101 -2.1515152 1.385073755000e+06
10.10101 -2.0909091 1.409950594500e+06
10.10101 -2.030303 1.434366466700e+06
10.10101 -1.969697 1.458314490300e+06
10.10101 -1.9090909 1.481738645600e+06
10.10101 -1.8484848 1.504631779400e+06
10.10101 -1.7878788 1.526986067000e+06
10.10101 -1.7272727 1.548809643700e+06
10.10101 -1.6666667 1.570037155300e+06
10.10101 -1.6060606 1.590632167700e+06
10.10101 -1.5454545 1.610619161000e+06
10.10101 -1.4848485 1.629967254900e+06
10.10101 -1.4242424 1.648656471800e+06
10.10101 -1.3636364 1.666665685900e+06
10.10101 -1.3030303 1.683981334400e+06
10.10101 -1.2424242 1.700596394900e+06
10.10101 -1.1818182 1.716501169500e+06
10.10101 -1.1212121 1.731687541300e+06
10.10101 -1.0606061 1.746118921500e+06
10.10101 -1 1.759849888300e+06
10.10101 -0.93939394 1.772834929700e+06
10.10101 -0.87878788 1.785081900900e+06
10.10101 -0.81818182 1.796545672700e+06
10.10101 -0.75757576 1.807173580000e+06
10.10101 -0.6969697 1.817073397600e+06
10.10101 -0.63636364 1.826173885900e+06
10.10101 -0.57575758 1.834487095100e+06
10.10101 -0.51515152 1.841990835900e+06
10.10101 -0.45454545 1.848670838300e+06
10.10101 -0.39393939 1.854530193400e+06
10.10101 -0.33333333 1.859569488500e+06
10.10101 -0.27272727 1.863784205600e+06
10.10101 -0.21212121 1.867208888100e+06
10.10101 -0.15151515 1.869783747600e+06
10.10101 -0.090909091 1.871507987000e+06
10.10101 -0.03030303 1.872345322800e+06
10.10101 0.03030303 1.872377427300e+06
10.10101 0.090909091 1.871576680400e+06
10.10101 0.15151515 1.869931251300e+06
10.10101 0.21212121 1.867439379500e+06
10.10101 0.27272727 1.864100586600e+06
10.10101 0.33333333 1.859967476300e+06
10.10101 0.39393939 1.854929631400e+06
10.10101 0.45454545 1.849047522800e+06
10.10101 0.51515152 1.842403983200e+06
10.10101 0.57575758 1.834889288100e+06
10.10101 0.63636364 1.826556838900e+06
10.10101 0.6969697 1.817416389700e+06
10.10101 0.75757576 1.807361371800e+06
10.10101 0.81818182 1.796549502900e+06
10.10101 0.87878788 1.784977398300e+06
10.10101 0.93939394 1.772659487600e+06
10.10101 1 1.759580629800e+06
10.10101 1.0606061 1.745750022900e+06
10.10101 1.1212121 1.731179405800e+06
10.10101 1.1818182 1.715881414900e+06
10.10101 1.2424242 1.699872799900e+06
10.10101 1.3030303 1.683163959000e+06
10.10101 1.3636364 1.665769438700e+06
10.10101 1.4242424 1.647703686300e+06
10.10101 1.4848485 1.628981252000e+06
10.10101 1.5454545 1.609615823800e+06
10.10101 1.6060606 1.589622213700e+06
10.10101 1.6666667 1.569014778600e+06
10.10101 1.7272727 1.547806696400e+06
10.10101 1.7878788 1.526015959200e+06
10.10101 1.8484848 1.503662037400e+06
10.10101 1.9090909 1.480764922500e+06
10.10101 1.969697 1.457342159600e+06
10.10101 2.030303 1.433423254900e+06
10.10101 2.0909091 1.409005122900e+06
10.10101 2.1515152 1.384106369200e+06
10.10101 2.2121212 1.358774258300e+06
10.10101 2.2727273 1.333017552500e+06
10.10101 2.3333333 1.306857873500e+06
10.10101 2.3939394 1.280317798000e+06
10.10101 2.4545455 1.253421529800e+06
10.10101 2.5151515 1.226195091800e+06
10.10101 2.5757576 1.198662069800e+06
10.10101 2.6363636 1.170849139600e+06
10.10101 2.6969697 1.142780303700e+06
10.10101 2.7575758 1.114478976900e+06
10.10101 2.8181818 1.085970740200e+06
10.10101 2.8787879 1.057286744800e+06
10.10101 2.9393939 1.028451361300e+06
10.10101 3 9.994926572000e+05
10.606061 -3 8.684658019300e+05
10.606061 -2.9393939 8.942041109900e+05
10.606061 -2.8787879 9.198368350200e+05
10.606061 -2.8181818 9.453407783200e+05
10.606061 -2.7575758 9.706961599900e+05
10.606061 -2.6969697 9.958713112800e+05
10.606061 -2.6363636 1.020912213900e+06
10.606061 -2.5757576 1.045708202400e+06
10.606061 -2.5151515 1.070219695400e+06
10.606061 -2.4545455 1.094485018600e+06
10.606061 -2.3939394 1.118465608000e+06
10.606061 -2.3333333 1.142139975700e+06
10.606061 -2.2727273 1.165480234300e+06
10.606061 -2.2121212 1.188460723900e+06
10.606061 -2.1515152 1.211066375300e+06
10.606061 -2.0909091 1.233289216900e+06
10.606061 -2.030303 1.255105925800e+06
10.606061 -1.969697 1.276492389700e+06
10.606061 -1.9090909 1.297417062200e+06
10.606061 -1.8484848 1.317880124300e+06
10.606061 -1.7878788 1.337872505700e+06
10.606061 -1.7272727 1.357377381600e+06
10.606061 -1.6666667 1.376348140800e+06
10.606061 -1.6060606 1.394783383300e+06
10.606061 -1.5454545 1.412669578300e+06
10.606061 -1.4848485 1.429989159500e+06
10.606061 -1.4242424 1.446720644100e+06
10.606061 -1.3636364 1.462841627400e+06
10.606061 -1.3030303 1.478345454600e+06
10.606061 -1.2424242 1.493228976100e+06
10.606061 -1.1818182 1.507473967200e+06
10.606061 -1.1212121 1.521077884700e+06
10.606061 -1.0606061 1.534017787000e+06
10.606061 -1 1.546315763800e+06
10.606061 -0.93939394 1.557945627700e+06
10.606061 -0.87878788 1.568911031800e+06
10.606061 -0.81818182 1.579216965700e+06
10.606061 -0.75757576 1.588756728300e+06
10.606061 -0.6969697 1.597622352100e+06
10.606061 -0.63636364 1.605784830200e+06
10.606061 -0.57575758 1.613246440000e+06
10.606061 -0.51515152 1.619974237800e+06
10.606061 -0.45454545 1.625958484000e+06
10.606061 -0.39393939 1.631213861100e+06
10.606061 -0.33333333 1.635735445000e+06
10.606061 -0.27272727 1.639519247400e+06
10.606061 -0.21212121 1.642557105400e+06
10.606061 -0.15151515 1.644933411900e+06
10.606061 -0.090909091 1.646663202600e+06
10.606061 -0.03030303 1.647243595900e+06
10.606061 0.03030303 1.647250012800e+06
10.606061 0.090909091 1.646539089900e+06
10.606061 0.15151515 1.645064888100e+06
10.606061 0.21212121 1.642826101200e+06
10.606061 0.27272727 1.639826083700e+06
10.606061 0.33333333 1.636089721300e+06
10.606061 0.39393939 1.631620768100e+06
10.606061 0.45454545 1.626317674100e+06
10.606061 0.51515152 1.620351836900e+06
10.606061 0.57575758 1.613627474900e+06
10.606061 0.63636364 1.606140717100e+06
10.606061 0.6969697 1.597935455300e+06
10.606061 0.75757576 1.588977722500e+06
10.606061 0.81818182 1.579223865600e+06
10.606061 0.87878788 1.568836733300e+06
10.606061 0.93939394 1.557785864100e+06
10.606061 1 1.546058121400e+06
10.606061 1.0606061 1.533658882200e+06
10.606061 1.1212121 1.520599490400e+06
10.606061 1.1818182 1.506890978800e+06
10.606061 1.2424242 1.492549632700e+06
10.606061 1.3030303 1.477583964300e+06
10.606061 1.3636364 1.462007455900e+06
10.606061 1.4242424 1.445833411100e+06
10.606061 1.4848485 1.429074698800e+06
10.606061 1.5454545 1.411745026600e+06
10.606061 1.6060606 1.393856553700e+06
10.606061 1.6666667 1.375421604800e+06
10.606061 1.7272727 1.356454546700e+06
10.606061 1.7878788 1.336972786400e+06
10.606061 1.8484848 1.316993826200e+06
10.606061 1.9090909 1.296533772600e+06
10.606061 1.969697 1.275610236300e+06
10.606061 2.030303 1.254253534800e+06
10.606061 2.0909091 1.232450113200e+06
10.606061 2.1515152 1.210229633000e+06
10.606061 2.2121212 1.187626882200e+06
10.606061 2.2727273 1.164651924500e+06
10.606061 2.3333333 1.141324457800e+06
10.606061 2.3939394 1.117667354000e+06
10.606061 2.4545455 1.093701581600e+06
10.606061 2.5151515 1.069449268400e+06
10.606061 2.5757576 1.044933915100e+06
10.606061 2.6363636 1.020176938500e+06
10.606061 2.6969697 9.952001094400e+05
10.606061 2.7575758 9.700270715500e+05
10.606061 2.8181818 9.446813369000e+05
10.606061 2.8787879 9.191892662100e+05
10.606061 2.9393939 8.935753794300e+05
10.606061 3 8.678640637400e+05
11.111111 -3 7.556033286000e+05
11.111111 -2.9393939 7.784803806300e+05
11.111111 -2.8787879 8.012724442900e+05
11.111111 -2.8181818 8.239673149300e+05
11.111111 -2.7575758 8.465259598700e+05
11.111111 -2.6969697 8.689672994800e+05
11.111111 -2.6363636 8.912559362500e+05
11.111111 -2.5757576 9.133129035000e+05
11.111111 -2.5151515 9.351862389500e+05
11.111111 -2.4545455 9.568226891500e+05
11.111111 -2.3939394 9.782147199100e+05
11.111111 -2.3333333 9.993339343000e+05
11.111111 -2.2727273 1.020163393000e+06
11.111111 -2.2121212 1.040680946500e+06
11.111111 -2.1515152 1.060881972700e+06
11.111111 -2.0909091 1.080752026700e+06
11.111111 -2.030303 1.100248375500e+06
11.111111 -1.969697 1.119371265300e+06
11.111111 -1.9090909 1.138078976400e+06
11.111111 -1.8484848 1.156383457000e+06
11.111111 -1.7878788 1.174273860800e+06
11.111111 -1.7272727 1.191718780800e+06
11.111111 -1.6666667 1.208709936300e+06
11.111111 -1.6060606 1.225220366400e+06
11.111111 -1.5454545 1.241239884900e+06
11.111111 -1.4848485 1.256754498000e+06
11.111111 -1.4242424 1.271739528600e+06
11.111111 -1.3636364 1.286181915200e+06
11.111111 -1.3030303 1.300078376900e+06
11.111111 -1.2424242 1.313422571200e+06
11.111111 -1.1818182 1.326194568300e+06
11.111111 -1.1212121 1.338392095200e+06
11.111111 -1.0606061 1.350008529900e+06
11.111111 -1 1.361038237300e+06
11.111111 -0.93939394 1.371462160600e+06
11.111111 -0.87878788 1.381273265300e+06
11.111111 -0.81818182 1.390523340100e+06
11.111111 -0.75757576 1.399089861900e+06
11.111111 -0.6969697 1.407067181500e+06
11.111111 -0.63636364 1.414399595200e+06
11.111111 -0.57575758 1.421081367700e+06
11.111111 -0.51515152 1.427119992800e+06
11.111111 -0.45454545 1.432484661300e+06
11.111111 -0.39393939 1.437203149100e+06
11.111111 -0.33333333 1.441263922100e+06
11.111111 -0.27272727 1.444660617800e+06
11.111111 -0.21212121 1.447392265100e+06
11.111111 -0.15151515 1.449501117200e+06
11.111111 -0.090909091 1.451117909300e+06
11.111111 -0.03030303 1.451684308300e+06
11.111111 0.03030303 1.451618342000e+06
11.111111 0.090909091 1.450983213700e+06
11.111111 0.15151515 1.449661660500e+06
11.111111 0.21212121 1.447649661700e+06
11.111111 0.27272727 1.444954930600e+06
11.111111 0.33333333 1.441586748700e+06
11.111111 0.39393939 1.437586600300e+06
11.111111 0.45454545 1.432842623000e+06
11.111111 0.51515152 1.427455861200e+06
11.111111 0.57575758 1.421436723800e+06
11.111111 0.63636364 1.414711742200e+06
11.111111 0.6969697 1.407339039300e+06
11.111111 0.75757576 1.399326306500e+06
11.111111 0.81818182 1.390563168700e+06
11.111111 0.87878788 1.381227412100e+06
11.111111 0.93939394 1.371301931600e+06
11.111111 1 1.360777616500e+06
11.111111 1.0606061 1.349654283700e+06
11.111111 1.1212121 1.337941491500e+06
11.111111 1.1818182 1.325648847700e+06
11.111111 1.2424242 1.312790337200e+06
11.111111 1.3030303 1.299375505500e+06
11.111111 1.3636364 1.285415971700e+06
11.111111 1.4242424 1.270923794600e+06
11.111111 1.4848485 1.255911267600e+06
11.111111 1.5454545 1.240389929600e+06
11.111111 1.6060606 1.224370184000e+06
11.111111 1.6666667 1.207864965200e+06
11.111111 1.7272727 1.190888646500e+06
11.111111 1.7878788 1.173455483300e+06
11.111111 1.8484848 1.155581817800e+06
11.111111 1.9090909 1.137283536600e+06
11.111111 1.969697 1.118576844400e+06
11.111111 2.030303 1.099486198200e+06
11.111111 2.0909091 1.079996987000e+06
11.111111 2.1515152 1.060149236100e+06
11.111111 2.2121212 1.039960346000e+06
11.111111 2.2727273 1.019445945200e+06
11.111111 2.3333333 9.986228980400e+05
11.111111 2.3939394 9.775122636200e+05
11.111111 2.4545455 9.561345651900e+05
11.111111 2.5151515 9.345072904500e+05
11.111111 2.5757576 9.126524412300e+05
11.111111 2.6363636 8.905903909300e+05
11.111111 2.6969697 8.683400465500e+05
11.111111 2.7575758 8.459240955900e+05
11.111111 2.8181818 8.233646886400e+05
11.111111 2.8787879 8.006833531400e+05
11.111111 2.9393939 7.779045087700e+05
11.111111 3 7.550505750000e+05
11.616162 -3 6.587875028700e+05
11.616162 -2.9393939 6.791519606000e+05
11.616162 -2.8787879 6.994461316000e+05
11.616162 -2.8181818 7.196797871500e+05
11.616162 -2.7575758 7.397771133500e+05
11.616162 -2.6969697 7.597840525800e+05
11.616162 -2.6363636 7.796309302800e+05
11.616162 -2.5757576 7.993260500100e+05
11.616162 -2.5151515 8.188495827000e+05
11.616162 -2.4545455 8.381663200200e+05
11.616162 -2.3939394 8.572714892000e+05
11.616162 -2.3333333 8.761330021700e+05
11.616162 -2.2727273 8.947462449500e+05
11.616162 -2.2121212 9.131002027900e+05
11.616162 -2.1515152 9.311743481700e+05
11.616162 -2.0909091 9.489579064200e+05
11.616162 -2.030303 9.663924043900e+05
11.616162 -1.969697 9.835084793800e+05
11.616162 -1.9090909 1.000249536400e+06
11.616162 -1.8484848 1.016654599400e+06
11.616162 -1.7878788 1.032679569600e+06
11.616162 -1.7272727 1.048306937400e+06
11.616162 -1.6666667 1.063554184400e+06
11.616162 -1.6060606 1.078355880600e+06
11.616162 -1.5454545 1.092719731800e+06
11.616162 -1.4848485 1.106629176000e+06
11.616162 -1.4242424 1.120064619200e+06
11.616162 -1.3636364 1.133021267600e+06
11.616162 -1.3030303 1.145494947000e+06
11.616162 -1.2424242 1.157472268000e+06
11.616162 -1.1818182 1.168938061200e+06
11.616162 -1.1212121 1.179885991300e+06
11.616162 -1.0606061 1.190308771800e+06
11.616162 -1 1.200207171000e+06
11.616162 -0.93939394 1.209551121800e+06
11.616162 -0.87878788 1.218362930600e+06
11.616162 -0.81818182 1.226649873600e+06
11.616162 -0.75757576 1.234348547200e+06
11.616162 -0.6969697 1.241523739700e+06
11.616162 -0.63636364 1.248115430200e+06
11.616162 -0.57575758 1.254127465600e+06
11.616162 -0.51515152 1.259542341200e+06
11.616162 -0.45454545 1.264354426500e+06
11.616162 -0.39393939 1.268598509500e+06
11.616162 -0.33333333 1.272249473000e+06
11.616162 -0.27272727 1.275302323900e+06
11.616162 -0.21212121 1.277757004600e+06
11.616162 -0.15151515 1.279716296600e+06
11.616162 -0.090909091 1.281055396300e+06
11.616162 -0.03030303 1.281695609200e+06
11.616162 0.03030303 1.281569706300e+06
11.616162 0.090909091 1.280996583200e+06
11.616162 0.15151515 1.279809245200e+06
11.616162 0.21212121 1.278001107500e+06
11.616162 0.27272727 1.275580005500e+06
11.616162 0.33333333 1.272552303500e+06
11.616162 0.39393939 1.268937590800e+06
11.616162 0.45454545 1.264715362200e+06
11.616162 0.51515152 1.259847408900e+06
11.616162 0.57575758 1.254441688600e+06
11.616162 0.63636364 1.248404180200e+06
11.616162 0.6969697 1.241771808600e+06
11.616162 0.75757576 1.234566106700e+06
11.616162 0.81818182 1.226746744300e+06
11.616162 0.87878788 1.218327549300e+06
11.616162 0.93939394 1.209398715900e+06
11.616162 1 1.199944854800e+06
11.616162 1.0606061 1.189956453000e+06
11.616162 1.1212121 1.179440549300e+06
11.616162 1.1818182 1.168406583300e+06
11.616162 1.2424242 1.156865917600e+06
11.616162 1.3030303 1.144828953600e+06
11.616162 1.3636364 1.132305625500e+06
11.616162 1.4242424 1.119306862700e+06
11.616162 1.4848485 1.105843800500e+06
11.616162 1.5454545 1.091926405100e+06
11.616162 1.6060606 1.077564539700e+06
11.616162 1.6666667 1.062770855700e+06
11.616162 1.7272727 1.047559062000e+06
11.616162 1.7878788 1.031942194800e+06
11.616162 1.8484848 1.015934361700e+06
11.616162 1.9090909 9.995511372800e+05
11.616162 1.969697 9.828076521200e+05
11.616162 2.030303 9.657205448400e+05
11.616162 2.0909091 9.482783628200e+05
11.616162 2.1515152 9.305277893300e+05
11.616162 2.2121212 9.124735819400e+05
11.616162 2.2727273 8.941324664000e+05
11.616162 2.3333333 8.755221920100e+05
11.616162 2.3939394 8.566593230000e+05
11.616162 2.4545455 8.375637665600e+05
11.616162 2.5151515 8.182523850900e+05
11.616162 2.5757576 7.987436025200e+05
11.616162 2.6363636 7.790565835200e+05
11.616162 2.6969697 7.592096095400e+05
11.616162 2.7575758 7.392229708000e+05
11.616162 2.8181818 7.191166155300e+05
11.616162 2.8787879 6.989101682500e+05
11.616162 2.9393939 6.786251558800e+05
11.616162 3 6.582835900200e+05
12.121212 -3 5.756294982100e+05
12.121212 -2.9393939 5.937819949500e+05
12.121212 -2.8787879 6.118979945600e+05
12.121212 -2.8181818 6.299464869500e+05
12.121212 -2.7575758 6.478780013000e+05
12.121212 -2.6969697 6.657173363600e+05
12.121212 -2.6363636 6.834565165500e+05
12.121212 -2.5757576 7.010547275200e+05
12.121212 -2.5151515 7.185053507300e+05
12.121212 -2.4545455 7.357714097400e+05
12.121212 -2.3939394 7.528565443700e+05
12.121212 -2.3333333 7.697357781200e+05
12.121212 -2.2727273 7.863948351500e+05
12.121212 -2.2121212 8.028390228200e+05
12.121212 -2.1515152 8.190197807100e+05
12.121212 -2.0909091 8.349442934700e+05
12.121212 -2.030303 8.505697713200e+05
12.121212 -1.969697 8.659031914600e+05
12.121212 -1.9090909 8.809131019700e+05
12.121212 -1.8484848 8.956324827500e+05
12.121212 -1.7878788 9.100143673200e+05
12.121212 -1.7272727 9.240389746600e+05
12.121212 -1.6666667 9.377317540300e+05
12.121212 -1.6060606 9.510193581200e+05
12.121212 -1.5454545 9.639143626100e+05
12.121212 -1.4848485 9.763995947300e+05
12.121212 -1.4242424 9.884640469500e+05
12.121212 -1.3636364 1.000104300400e+06
12.121212 -1.3030303 1.011314171700e+06
12.121212 -1.2424242 1.022075815700e+06
12.121212 -1.1818182 1.032377864600e+06
12.121212 -1.1212121 1.042215352300e+06
12.121212 -1.0606061 1.051572478900e+06
12.121212 -1 1.060463644500e+06
12.121212 -0.93939394 1.068855949200e+06
12.121212 -0.87878788 1.076778493200e+06
12.121212 -0.81818182 1.084232295800e+06
12.121212 -0.75757576 1.091160821300e+06
12.121212 -0.6969697 1.097590120100e+06
12.121212 -0.63636364 1.103516376400e+06
12.121212 -0.57575758 1.108941515000e+06
12.121212 -0.51515152 1.113811615200e+06
12.121212 -0.45454545 1.118130089300e+06
12.121212 -0.39393939 1.121948417500e+06
12.121212 -0.33333333 1.125237453400e+06
12.121212 -0.27272727 1.127984185300e+06
12.121212 -0.21212121 1.130194426600e+06
12.121212 -0.15151515 1.132018125300e+06
12.121212 -0.090909091 1.133155248500e+06
12.121212 -0.03030303 1.133757884100e+06
12.121212 0.03030303 1.133678299700e+06
12.121212 0.090909091 1.133114194700e+06
12.121212 0.15151515 1.132047872700e+06
12.121212 0.21212121 1.130420809200e+06
12.121212 0.27272727 1.128243748400e+06
12.121212 0.33333333 1.125522207100e+06
12.121212 0.39393939 1.122255625600e+06
12.121212 0.45454545 1.118475875800e+06
12.121212 0.51515152 1.114098167200e+06
12.121212 0.57575758 1.109218778900e+06
12.121212 0.63636364 1.103795183800e+06
12.121212 0.6969697 1.097824958700e+06
12.121212 0.75757576 1.091340990000e+06
12.121212 0.81818182 1.084353345800e+06
12.121212 0.87878788 1.076772020200e+06
12.121212 0.93939394 1.068713474800e+06
12.121212 1 1.060209981700e+06
12.121212 1.0606061 1.051229947200e+06
12.121212 1.1212121 1.041777383800e+06
12.121212 1.1818182 1.031861354100e+06
12.121212 1.2424242 1.021491714400e+06
12.121212 1.3030303 1.010677918400e+06
12.121212 1.3636364 9.994290470900e+05
12.121212 1.4242424 9.877554874400e+05
12.121212 1.4848485 9.756666267100e+05
12.121212 1.5454545 9.631714439000e+05
12.121212 1.6060606 9.502798729700e+05
12.121212 1.6666667 9.370036570000e+05
12.121212 1.7272727 9.233554869600e+05
12.121212 1.7878788 9.093482146400e+05
12.121212 1.8484848 8.949938463000e+05
12.121212 1.9090909 8.803051554600e+05
12.121212 1.969697 8.652986790400e+05
12.121212 2.030303 8.499820712900e+05
12.121212 2.0909091 8.343545390200e+05
12.121212 2.1515152 8.184544477900e+05
12.121212 2.2121212 8.022868429200e+05
12.121212 2.2727273 7.858651876500e+05
12.121212 2.3333333 7.692083215900e+05
12.121212 2.3939394 7.523301295700e+05
12.121212 2.4545455 7.352480606700e+05
12.121212 2.5151515 7.179790115200e+05
12.121212 2.5757576 7.005397330400e+05
12.121212 2.6363636 6.829464559500e+05
12.121212 2.6969697 6.652177475500e+05
12.121212 2.7575758 6.473719407000e+05
12.121212 2.8181818 6.294257748800e+05
12.121212 2.8787879 6.113979851200e+05
12.121212 2.9393939 5.933075368600e+05
12.121212 3 5.751741983500e+05
12.626263 -3 5.040876162400e+05
12.626263 -2.9393939 5.202977252500e+05
12.626263 -2.8787879 5.364985442900e+05
12.626263 -2.8181818 5.525917297600e+05
12.626263 -2.7575758 5.686282505500e+05
12.626263 -2.6969697 5.845805293500e+05
12.626263 -2.6363636 6.004525045300e+05
12.626263 -2.5757576 6.162002003100e+05
12.626263 -2.5151515 6.318207375500e+05
12.626263 -2.4545455 6.472803494500e+05
12.626263 -2.3939394 6.625840008600e+05
12.626263 -2.3333333 6.777231454800e+05
12.626263 -2.2727273 6.926582083600e+05
12.626263 -2.2121212 7.073966151100e+05
12.626263 -2.1515152 7.219078011400e+05
12.626263 -2.0909091 7.361768542200e+05
12.626263 -2.030303 7.502059722300e+05
12.626263 -1.969697 7.639691271300e+05
12.626263 -1.9090909 7.774602127600e+05
12.626263 -1.8484848 7.906755911700e+05
12.626263 -1.7878788 8.036048287700e+05
12.626263 -1.7272727 8.162090031300e+05
12.626263 -1.6666667 8.285086490400e+05
12.626263 -1.6060606 8.404539505900e+05
12.626263 -1.5454545 8.520454423700e+05
12.626263 -1.4848485 8.632698364200e+05
12.626263 -1.4242424 8.741189733200e+05
12.626263 -1.3636364 8.845891247300e+05
12.626263 -1.3030303 8.946713058500e+05
12.626263 -1.2424242 9.043489878000e+05
12.626263 -1.1818182 9.136153205500e+05
12.626263 -1.1212121 9.224650937200e+05
12.626263 -1.0606061 9.308755204300e+05
12.626263 -1 9.388795357400e+05
12.626263 -0.93939394 9.464465947700e+05
12.626263 -0.87878788 9.535741788000e+05
12.626263 -0.81818182 9.602880479800e+05
12.626263 -0.75757576 9.665299418100e+05
12.626263 -0.6969697 9.723198287300e+05
12.626263 -0.63636364 9.776547604300e+05
12.626263 -0.57575758 9.825180671000e+05
12.626263 -0.51515152 9.869222304300e+05
12.626263 -0.45454545 9.908055727000e+05
12.626263 -0.39393939 9.942387136700e+05
12.626263 -0.33333333 9.972058859800e+05
12.626263 -0.27272727 9.996811484500e+05
12.626263 -0.21212121 1.001676486400e+06
12.626263 -0.15151515 1.003329783500e+06
12.626263 -0.090909091 1.004343842100e+06
12.626263 -0.03030303 1.004873464600e+06
12.626263 0.03030303 1.004895727000e+06
12.626263 0.090909091 1.004329472500e+06
12.626263 0.15151515 1.003350842800e+06
12.626263 0.21212121 1.001882789600e+06
12.626263 0.27272727 9.999221417200e+05
12.626263 0.33333333 9.974738473300e+05
12.626263 0.39393939 9.945323194600e+05
12.626263 0.45454545 9.911120232200e+05
12.626263 0.51515152 9.871926227600e+05
12.626263 0.57575758 9.827766611900e+05
12.626263 0.63636364 9.778912057600e+05
12.626263 0.6969697 9.725209451700e+05
12.626263 0.75757576 9.666784863200e+05
12.626263 0.81818182 9.603899386000e+05
12.626263 0.87878788 9.536019928800e+05
12.626263 0.93939394 9.463115699800e+05
12.626263 1 9.386500700400e+05
12.626263 1.0606061 9.305662191900e+05
12.626263 1.1212121 9.220586475600e+05
12.626263 1.1818182 9.131357132600e+05
12.626263 1.2424242 9.038057169200e+05
12.626263 1.3030303 8.940779376400e+05
12.626263 1.3636364 8.839606760000e+05
12.626263 1.4242424 8.734631231900e+05
12.626263 1.4848485 8.625933370800e+05
12.626263 1.5454545 8.513597295300e+05
12.626263 1.6060606 8.397719621900e+05
12.626263 1.6666667 8.278416794100e+05
12.626263 1.7272727 8.155802035600e+05
12.626263 1.7878788 8.029984589500e+05
12.626263 1.8484848 7.901076476100e+05
12.626263 1.9090909 7.769190737500e+05
12.626263 1.969697 7.634510458500e+05
12.626263 2.030303 7.496998882000e+05
12.626263 2.0909091 7.356782426500e+05
12.626263 2.1515152 7.214136720800e+05
12.626263 2.2121212 7.069129534900e+05
12.626263 2.2727273 6.921883493000e+05
12.626263 2.3333333 6.772560812700e+05
12.626263 2.3939394 6.621305149500e+05
12.626263 2.4545455 6.468269424000e+05
12.626263 2.5151515 6.313601517800e+05
12.626263 2.5757576 6.157463222400e+05
12.626263 2.6363636 6.000010646400e+05
12.626263 2.6969697 5.841405019300e+05
12.626263 2.7575758 5.681810129300e+05
12.626263 2.8181818 5.521377309500e+05
12.626263 2.8787879 5.360288568600e+05
12.626263 2.9393939 5.198699078600e+05
12.626263 3 5.036772406200e+05
13.131313 -3 4.424235578500e+05
13.131313 -2.9393939 4.569314587100e+05
13.131313 -2.8787879 4.714039050000e+05
13.131313 -2.8181818 4.858077066600e+05
13.131313 -2.7575758 5.001753434200e+05
13.131313 -2.6969697 5.144689099900e+05
13.131313 -2.6363636 5.286863346700e+05
13.131313 -2.5757576 5.428021755200e+05
13.131313 -2.5151515 5.568040534400e+05
13.131313 -2.4545455 5.706825015500e+05
13.131313 -2.3939394 5.844146980900e+05
13.131313 -2.3333333 5.980051654000e+05
13.131313 -2.2727273 6.114150635000e+05
13.131313 -2.2121212 6.246363208000e+05
13.131313 -2.1515152 6.376719769200e+05
13.131313 -2.0909091 6.504893304500e+05
13.131313 -2.030303 6.631108062600e+05
13.131313 -1.969697 6.754842097000e+05
13.131313 -1.9090909 6.876232437100e+05
13.131313 -1.8484848 6.995055228700e+05
13.131313 -1.7878788 7.111365952800e+05
13.131313 -1.7272727 7.224793308400e+05
13.131313 -1.6666667 7.335540015200e+05
13.131313 -1.6060606 7.443084551100e+05
13.131313 -1.5454545 7.547443671300e+05
13.131313 -1.4848485 7.648519514400e+05
13.131313 -1.4242424 7.746240035400e+05
13.131313 -1.3636364 7.840543453000e+05
13.131313 -1.3030303 7.931318900700e+05
13.131313 -1.2424242 8.018461207600e+05
13.131313 -1.1818182 8.101919106100e+05
13.131313 -1.1212121 8.181643207600e+05
13.131313 -1.0606061 8.257292483200e+05
13.131313 -1 8.329475982300e+05
13.131313 -0.93939394 8.397720143500e+05
13.131313 -0.87878788 8.462076869100e+05
13.131313 -0.81818182 8.522542778200e+05
13.131313 -0.75757576 8.578839911200e+05
13.131313 -0.6969697 8.631145440200e+05
13.131313 -0.63636364 8.679237474700e+05
13.131313 -0.57575758 8.722968758200e+05
13.131313 -0.51515152 8.762583718500e+05
13.131313 -0.45454545 8.797656729200e+05
13.131313 -0.39393939 8.828620747400e+05
13.131313 -0.33333333 8.855364585100e+05
13.131313 -0.27272727 8.877706528900e+05
13.131313 -0.21212121 8.895796849000e+05
13.131313 -0.15151515 8.910639098800e+05
13.131313 -0.090909091 8.919803549600e+05
13.131313 -0.03030303 8.924499738600e+05
13.131313 0.03030303 8.924953583700e+05
13.131313 0.090909091 8.920375112800e+05
13.131313 0.15151515 8.910989853600e+05
13.131313 0.21212121 8.897649113100e+05
13.131313 0.27272727 8.879935079800e+05
13.131313 0.33333333 8.857892053600e+05
13.131313 0.39393939 8.831391082500e+05
13.131313 0.45454545 8.800436375800e+05
13.131313 0.51515152 8.765218982100e+05
13.131313 0.57575758 8.725330960300e+05
13.131313 0.63636364 8.681087881900e+05
13.131313 0.6969697 8.632797354700e+05
13.131313 0.75757576 8.580076174300e+05
13.131313 0.81818182 8.523298396900e+05
13.131313 0.87878788 8.462286757500e+05
13.131313 0.93939394 8.396561838700e+05
13.131313 1 8.327387724800e+05
13.131313 1.0606061 8.254513031100e+05
13.131313 1.1212121 8.177835292500e+05
13.131313 1.1818182 8.097431615400e+05
13.131313 1.2424242 8.013366426100e+05
13.131313 1.3030303 7.925736050500e+05
13.131313 1.3636364 7.834613612900e+05
13.131313 1.4242424 7.740072956100e+05
13.131313 1.4848485 7.642190667400e+05
13.131313 1.5454545 7.541057005000e+05
13.131313 1.6060606 7.436755259200e+05
13.131313 1.6666667 7.329390154800e+05
13.131313 1.7272727 7.219067224100e+05
13.131313 1.7878788 7.105882021900e+05
13.131313 1.8484848 6.989942450300e+05
13.131313 1.9090909 6.871342449400e+05
13.131313 1.969697 6.750268879300e+05
13.131313 2.030303 6.626640062900e+05
13.131313 2.0909091 6.500628257000e+05
13.131313 2.1515152 6.372456688400e+05
13.131313 2.2121212 6.242187001900e+05
13.131313 2.2727273 6.109950847700e+05
13.131313 2.3333333 5.975881452000e+05
13.131313 2.3939394 5.840113056900e+05
13.131313 2.4545455 5.702791460000e+05
13.131313 2.5151515 5.564051160100e+05
13.131313 2.5757576 5.424038131900e+05
13.131313 2.6363636 5.282905794000e+05
13.131313 2.6969697 5.140786359900e+05
13.131313 2.7575758 4.997826895200e+05
13.131313 2.8181818 4.854177361700e+05
13.131313 2.8787879 4.709985328200e+05
13.131313 2.9393939 4.565389734200e+05
13.131313 3 4.420542186900e+05
13.636364 -3 3.891710263900e+05
13.636364 -2.9393939 4.021618542800e+05
13.636364 -2.8787879 4.151128762900e+05
13.636364 -2.8181818 4.280443407200e+05
13.636364 -2.7575758 4.409338362000e+05
13.636364 -2.6969697 4.537597023700e+05
13.636364 -2.6363636 4.665190698300e+05
13.636364 -2.5757576 4.791909656200e+05
13.636364 -2.5151515 4.917687277900e+05
13.636364 -2.4545455 5.042466145700e+05
13.636364 -2.3939394 5.165927013900e+05
13.636364 -2.3333333 5.288003992300e+05
13.636364 -2.2727273 5.408596018400e+05
13.636364 -2.2121212 5.527470795800e+05
13.636364 -2.1515152 5.644783568700e+05
13.636364 -2.0909091 5.760166944100e+05
13.636364 -2.030303 5.873834674000e+05
13.636364 -1.969697 5.985250991700e+05
13.636364 -1.9090909 6.094569949000e+05
13.636364 -1.8484848 6.201607191600e+05
13.636364 -1.7878788 6.306395655600e+05
13.636364 -1.7272727 6.408627269500e+05
13.636364 -1.6666667 6.508701177100e+05
13.636364 -1.6060606 6.605692201100e+05
13.636364 -1.5454545 6.699829211100e+05
13.636364 -1.4848485 6.791030189200e+05
13.636364 -1.4242424 6.879209174500e+05
13.636364 -1.3636364 6.964263615600e+05
13.636364 -1.3030303 7.046102102700e+05
13.636364 -1.2424242 7.124672779600e+05
13.636364 -1.1818182 7.199939269400e+05
13.636364 -1.1212121 7.271880056800e+05
13.636364 -1.0606061 7.339830773400e+05
13.636364 -1 7.405015267200e+05
13.636364 -0.93939394 7.466531731100e+05
13.636364 -0.87878788 7.524761713500e+05
13.636364 -0.81818182 7.579346477200e+05
13.636364 -0.75757576 7.630181978300e+05
13.636364 -0.6969697 7.677420119900e+05
13.636364 -0.63636364 7.720812419300e+05
13.636364 -0.57575758 7.760315429700e+05
13.636364 -0.51515152 7.795951093600e+05
13.636364 -0.45454545 7.827683238600e+05
13.636364 -0.39393939 7.855635381300e+05
13.636364 -0.33333333 7.879810547700e+05
13.636364 -0.27272727 7.899912795400e+05
13.636364 -0.21212121 7.916434113700e+05
13.636364 -0.15151515 7.929754338700e+05
13.636364 -0.090909091 7.938013684900e+05
13.636364 -0.03030303 7.942236600500e+05
13.636364 0.03030303 7.942447554300e+05
13.636364 0.090909091 7.938897521000e+05
13.636364 0.15151515 7.930555953600e+05
13.636364 0.21212121 7.918062743500e+05
13.636364 0.27272727 7.901983419200e+05
13.636364 0.33333333 7.882122740100e+05
13.636364 0.39393939 7.858193877100e+05
13.636364 0.45454545 7.830239236700e+05
13.636364 0.51515152 7.798363247200e+05
13.636364 0.57575758 7.762470952000e+05
13.636364 0.63636364 7.722308913900e+05
13.636364 0.6969697 7.678754878200e+05
13.636364 0.75757576 7.631176688600e+05
13.636364 0.81818182 7.579852911500e+05
13.636364 0.87878788 7.524716958400e+05
13.636364 0.93939394 7.465692891700e+05
13.636364 1 7.403034151200e+05
13.636364 1.0606061 7.337233268200e+05
13.636364 1.1212121 7.268019135000e+05
13.636364 1.1818182 7.195462076000e+05
13.636364 1.2424242 7.119609409000e+05
13.636364 1.3030303 7.040551831500e+05
13.636364 1.3636364 6.958356752800e+05
13.636364 1.4242424 6.873083595900e+05
13.636364 1.4848485 6.784811064800e+05
13.636364 1.5454545 6.693628785100e+05
13.636364 1.6060606 6.599606577300e+05
13.636364 1.6666667 6.502836553800e+05
13.636364 1.7272727 6.403415983700e+05
13.636364 1.7878788 6.301438025500e+05
13.636364 1.8484848 6.197001717800e+05
13.636364 1.9090909 6.090179953700e+05
13.636364 1.969697 5.981148769300e+05
13.636364 2.030303 5.869838441700e+05
13.636364 2.0909091 5.756405287400e+05
13.636364 2.1515152 5.641053000300e+05
13.636364 2.2121212 5.523839109100e+05
13.636364 2.2727273 5.404886430600e+05
13.636364 2.3333333 5.284317137200e+05
13.636364 2.3939394 5.162256603000e+05
13.636364 2.4545455 5.038838366200e+05
13.636364 2.5151515 4.914190271600e+05
13.636364 2.5757576 4.788441986500e+05
13.636364 2.6363636 4.661729795400e+05
13.636364 2.6969697 4.534173537600e+05
13.636364 2.7575758 4.405902107200e+05
13.636364 2.8181818 4.277057422600e+05
13.636364 2.8787879 4.147754801500e+05
13.636364 2.9393939 4.018137044300e+05
13.636364 3 3.888343561200e+05
14.141414 -3 3.430794068200e+05
14.141414 -2.9393939 3.547205459300e+05
14.141414 -2.8787879 3.663573199700e+05
14.141414 -2.8181818 3.779731482200e+05
14.141414 -2.7575758 3.895541901300e+05
14.141414 -2.6969697 4.010836183300e+05
14.141414 -2.6363636 4.125551819800e+05
14.141414 -2.5757576 4.239521162800e+05
14.141414 -2.5151515 4.352761439200e+05
14.141414 -2.4545455 4.465032615000e+05
14.141414 -2.3939394 4.576200992700e+05
14.141414 -2.3333333 4.686049615400e+05
14.141414 -2.2727273 4.794695759400e+05
14.141414 -2.2121212 4.901837458200e+05
14.141414 -2.1515152 5.007569394700e+05
14.141414 -2.0909091 5.111571067700e+05
14.141414 -2.030303 5.214007577500e+05
14.141414 -1.969697 5.314525525100e+05
14.141414 -1.9090909 5.413125484800e+05
14.141414 -1.8484848 5.509706371100e+05
14.141414 -1.7878788 5.604399724800e+05
14.141414 -1.7272727 5.696698742300e+05
14.141414 -1.6666667 5.787172792400e+05
14.141414 -1.6060606 5.874782131700e+05
14.141414 -1.5454545 5.959842440200e+05
14.141414 -1.4848485 6.042275253200e+05
14.141414 -1.4242424 6.121959036500e+05
14.141414 -1.3636364 6.198773023700e+05
14.141414 -1.3030303 6.272668899600e+05
14.141414 -1.2424242 6.343611781700e+05
14.141414 -1.1818182 6.411596541400e+05
14.141414 -1.1212121 6.476628417300e+05
14.141414 -1.0606061 6.537898978000e+05
14.141414 -1 6.596850390700e+05
14.141414 -0.93939394 6.652258638500e+05
14.141414 -0.87878788 6.704934528000e+05
14.141414 -0.81818182 6.754333917700e+05
14.141414 -0.75757576 6.800292953100e+05
14.141414 -0.6969697 6.842971877200e+05
14.141414 -0.63636364 6.882176600000e+05
14.141414 -0.57575758 6.917864075200e+05
14.141414 -0.51515152 6.950146891300e+05
14.141414 -0.45454545 6.978870591400e+05
14.141414 -0.39393939 7.004081472500e+05
14.141414 -0.33333333 7.025966870100e+05
14.141414 -0.27272727 7.044100323200e+05
14.141414 -0.21212121 7.059314471900e+05
14.141414 -0.15151515 7.071131686100e+05
14.141414 -0.090909091 7.078596271100e+05
14.141414 -0.03030303 7.082400363900e+05
14.141414 0.03030303 7.082548922700e+05
14.141414 0.090909091 7.079195778000e+05
14.141414 0.15151515 7.072337999300e+05
14.141414 0.21212121 7.060768878600e+05
14.141414 0.27272727 7.045966993800e+05
14.141414 0.33333333 7.028054312400e+05
14.141414 0.39393939 7.006421611700e+05
14.141414 0.45454545 6.981125702800e+05
14.141414 0.51515152 6.952183753300e+05
14.141414 0.57575758 6.919855224200e+05
14.141414 0.63636364 6.883474225400e+05
14.141414 0.6969697 6.843999420000e+05
14.141414 0.75757576 6.801070900500e+05
14.141414 0.81818182 6.754600534400e+05
14.141414 0.87878788 6.704728645100e+05
14.141414 0.93939394 6.651629385100e+05
14.141414 1 6.594799226600e+05
14.141414 1.0606061 6.535287134900e+05
14.141414 1.1212121 6.472710581100e+05
14.141414 1.1818182 6.407133797000e+05
14.141414 1.2424242 6.338590502000e+05
14.141414 1.3030303 6.267156817900e+05
14.141414 1.3636364 6.192899678600e+05
14.141414 1.4242424 6.115870106400e+05
14.141414 1.4848485 6.036146558500e+05
14.141414 1.5454545 5.953807371600e+05
14.141414 1.6060606 5.868916559900e+05
14.141414 1.6666667 5.781560409500e+05
14.141414 1.7272727 5.691826850100e+05
14.141414 1.7878788 5.599802242000e+05
14.141414 1.8484848 5.505573370500e+05
14.141414 1.9090909 5.409208989400e+05
14.141414 1.969697 5.310861680600e+05
14.141414 2.030303 5.210468138800e+05
14.141414 2.0909091 5.108199911000e+05
14.141414 2.1515152 5.004214205800e+05
14.141414 2.2121212 4.898579611100e+05
14.141414 2.2727273 4.791400513400e+05
14.141414 2.3333333 4.682794084600e+05
14.141414 2.3939394 4.572886620400e+05
14.141414 2.4545455 4.461789680800e+05
14.141414 2.5151515 4.349621537200e+05
14.141414 2.5757576 4.236503549600e+05
14.141414 2.6363636 4.122545407100e+05
14.141414 2.6969697 4.007865031500e+05
14.141414 2.7575758 3.892572728500e+05
14.141414 2.8181818 3.776795789300e+05
14.141414 2.8787879 3.660642194300e+05
14.141414 2.9393939 3.544257089700e+05
14.141414 3 3.427754575600e+05
14.646465 -3 3.030890193900e+05
14.646465 -2.9393939 3.135550639900e+05
14.646465 -2.8787879 3.240265527700e+05
14.646465 -2.8181818 3.344761055800e+05
14.646465 -2.7575758 3.448991098700e+05
14.646465 -2.6969697 3.552801175900e+05
14.646465 -2.6363636 3.656119421600e+05
14.646465 -2.5757576 3.758863122800e+05
14.646465 -2.5151515 3.860953880400e+05
14.646465 -2.4545455 3.962139106400e+05
14.646465 -2.3939394 4.062349325400e+05
14.646465 -2.3333333 4.161439313600e+05
14.646465 -2.2727273 4.259496567800e+05
14.646465 -2.2121212 4.356214538700e+05
14.646465 -2.1515152 4.451586853900e+05
14.646465 -2.0909091 4.545490232600e+05
14.646465 -2.030303 4.637974307800e+05
14.646465 -1.969697 4.728845836400e+05
14.646465 -1.9090909 4.817921243800e+05
14.646465 -1.8484848 4.905203410300e+05
14.646465 -1.7878788 4.990967871100e+05
14.646465 -1.7272727 5.074437824800e+05
14.646465 -1.6666667 5.156049412400e+05
14.646465 -1.6060606 5.235274077700e+05
14.646465 -1.5454545 5.312218749500e+05
14.646465 -1.4848485 5.386794753200e+05
14.646465 -1.4242424 5.458867698500e+05
14.646465 -1.3636364 5.528340008500e+05
14.646465 -1.3030303 5.595183707600e+05
14.646465 -1.2424242 5.659360914400e+05
14.646465 -1.1818182 5.720889217600e+05
14.646465 -1.1212121 5.779772929700e+05
14.646465 -1.0606061 5.835586356700e+05
14.646465 -1 5.888985465500e+05
14.646465 -0.93939394 5.938888830000e+05
14.646465 -0.87878788 5.986584565700e+05
14.646465 -0.81818182 6.031234029900e+05
14.646465 -0.75757576 6.072842527300e+05
14.646465 -0.6969697 6.111468728100e+05
14.646465 -0.63636364 6.146966180800e+05
14.646465 -0.57575758 6.179264064800e+05
14.646465 -0.51515152 6.208536702600e+05
14.646465 -0.45454545 6.234610327600e+05
14.646465 -0.39393939 6.257415760700e+05
14.646465 -0.33333333 6.277135030700e+05
14.646465 -0.27272727 6.293679185900e+05
14.646465 -0.21212121 6.307757720600e+05
14.646465 -0.15151515 6.318096427300e+05
14.646465 -0.090909091 6.324862338400e+05
14.646465 -0.03030303 6.328294004400e+05
14.646465 0.03030303 6.328437910300e+05
14.646465 0.090909091 6.325259134900e+05
14.646465 0.15151515 6.319116717300e+05
14.646465 0.21212121 6.309093214800e+05
14.646465 0.27272727 6.295248828300e+05
14.646465 0.33333333 6.279078621100e+05
14.646465 0.39393939 6.259495760800e+05
14.646465 0.45454545 6.236564734100e+05
14.646465 0.51515152 6.210316981600e+05
14.646465 0.57575758 6.181005479200e+05
14.646465 0.63636364 6.148132316500e+05
14.646465 0.6969697 6.112248272300e+05
14.646465 0.75757576 6.073440748300e+05
14.646465 0.81818182 6.031351455900e+05
14.646465 0.87878788 5.986176879200e+05
14.646465 0.93939394 5.938155280000e+05
14.646465 1 5.886738626500e+05
14.646465 1.0606061 5.832811142600e+05
14.646465 1.1212121 5.776140164600e+05
14.646465 1.1818182 5.716779649800e+05
14.646465 1.2424242 5.654746880700e+05
14.646465 1.3030303 5.590103364000e+05
14.646465 1.3636364 5.522914854200e+05
14.646465 1.4242424 5.453227222100e+05
14.646465 1.4848485 5.381111716900e+05
14.646465 1.5454545 5.306640183900e+05
14.646465 1.6060606 5.229874089500e+05
14.646465 1.6666667 5.150891698900e+05
14.646465 1.7272727 5.069776381200e+05
14.646465 1.7878788 4.986599892900e+05
14.646465 1.8484848 4.901438238400e+05
14.646465 1.9090909 4.814370058000e+05
14.646465 1.969697 4.725515493600e+05
14.646465 2.030303 4.634806438500e+05
14.646465 2.0909091 4.542466167200e+05
14.646465 2.1515152 4.448574734200e+05
14.646465 2.2121212 4.353215560100e+05
14.646465 2.2727273 4.256492329100e+05
14.646465 2.3333333 4.158513125100e+05
14.646465 2.3939394 4.059391438700e+05
14.646465 2.4545455 3.959224281200e+05
14.646465 2.5151515 3.858122071700e+05
14.646465 2.5757576 3.756195879600e+05
14.646465 2.6363636 3.653532059100e+05
14.646465 2.6969697 3.550245891000e+05
14.646465 2.7575758 3.446435301100e+05
14.646465 2.8181818 3.342219946600e+05
14.646465 2.8787879 3.237704861100e+05
14.646465 2.9393939 3.133024566400e+05
14.646465 3 3.028277195800e+05
15.151515 -3 2.683235722500e+05
15.151515 -2.9393939 2.777572658600e+05
15.151515 -2.8787879 2.871890657500e+05
15.151515 -2.8181818 2.966081424200e+05
15.151515 -2.7575758 3.060034912200e+05
15.151515 -2.6969697 3.153684743100e+05
15.151515 -2.6363636 3.246901331100e+05
15.151515 -2.5757576 3.339699311100e+05
15.151515 -2.5151515 3.431832903200e+05
15.151515 -2.4545455 3.523197919700e+05
15.151515 -2.3939394 3.613715232900e+05
15.151515 -2.3333333 3.703280018700e+05
15.151515 -2.2727273 3.791866735500e+05
15.151515 -2.2121212 3.879305185200e+05
15.151515 -2.1515152 3.965480541700e+05
15.151515 -2.0909091 4.050411980000e+05
15.151515 -2.030303 4.134071993300e+05
15.151515 -1.969697 4.216427532300e+05
15.151515 -1.9090909 4.297027198100e+05
15.151515 -1.8484848 4.376032089500e+05
15.151515 -1.7878788 4.453648018100e+05
15.151515 -1.7272727 4.529234849000e+05
15.151515 -1.6666667 4.602940661800e+05
15.151515 -1.6060606 4.674683969200e+05
15.151515 -1.5454545 4.744376212800e+05
15.151515 -1.4848485 4.811912360800e+05
15.151515 -1.4242424 4.877179757900e+05
15.151515 -1.3636364 4.940112881100e+05
15.151515 -1.3030303 5.000676019500e+05
15.151515 -1.2424242 5.058839018000e+05
15.151515 -1.1818182 5.114626114600e+05
15.151515 -1.1212121 5.168017267000e+05
15.151515 -1.0606061 5.218971063500e+05
15.151515 -1 5.267414129000e+05
15.151515 -0.93939394 5.312751876600e+05
15.151515 -0.87878788 5.355996795900e+05
15.151515 -0.81818182 5.396239507700e+05
15.151515 -0.75757576 5.433961934400e+05
15.151515 -0.6969697 5.468985754200e+05
15.151515 -0.63636364 5.501189037000e+05
15.151515 -0.57575758 5.530459877800e+05
15.151515 -0.51515152 5.556987234100e+05
15.151515 -0.45454545 5.580695595200e+05
15.151515 -0.39393939 5.601419802800e+05
15.151515 -0.33333333 5.619200599400e+05
15.151515 -0.27272727 5.634274726200e+05
15.151515 -0.21212121 5.647286243000e+05
15.151515 -0.15151515 5.656361311500e+05
15.151515 -0.090909091 5.662516605200e+05
15.151515 -0.03030303 5.665618596100e+05
15.151515 0.03030303 5.665747981100e+05
15.151515 0.090909091 5.662877296900e+05
15.151515 0.15151515 5.657059711300e+05
15.151515 0.21212121 5.648401416100e+05
15.151515 0.27272727 5.635572063200e+05
15.151515 0.33333333 5.620978374000e+05
15.151515 0.39393939 5.603220960400e+05
15.151515 0.45454545 5.582402628000e+05
15.151515 0.51515152 5.558600524600e+05
15.151515 0.57575758 5.531908864400e+05
15.151515 0.63636364 5.502208908600e+05
15.151515 0.6969697 5.469593001900e+05
15.151515 0.75757576 5.434345739900e+05
15.151515 0.81818182 5.396250322700e+05
15.151515 0.87878788 5.355249064700e+05
15.151515 0.93939394 5.311663887800e+05
15.151515 1 5.265235981400e+05
15.151515 1.0606061 5.216241395900e+05
15.151515 1.1212121 5.164821954300e+05
15.151515 1.1818182 5.111005988500e+05
15.151515 1.2424242 5.054779931200e+05
15.151515 1.3030303 4.996192794800e+05
15.151515 1.3636364 4.935305304800e+05
15.151515 1.4242424 4.872163696800e+05
15.151515 1.4848485 4.806829106100e+05
15.151515 1.5454545 4.739369008300e+05
15.151515 1.6060606 4.669841350000e+05
15.151515 1.6666667 4.598319232900e+05
15.151515 1.7272727 4.524877041300e+05
15.151515 1.7878788 4.449575558300e+05
15.151515 1.8484848 4.372484133700e+05
15.151515 1.9090909 4.293687649200e+05
15.151515 1.969697 4.213276850200e+05
15.151515 2.030303 4.131192448200e+05
15.151515 2.0909091 4.047675536400e+05
15.151515 2.1515152 3.962762239500e+05
15.151515 2.2121212 3.876543942800e+05
15.151515 2.2727273 3.789122134600e+05
15.151515 2.3333333 3.700593934800e+05
15.151515 2.3939394 3.611053489800e+05
15.151515 2.4545455 3.520595409500e+05
15.151515 2.5151515 3.429318069600e+05
15.151515 2.5757576 3.337314870800e+05
15.151515 2.6363636 3.244665522400e+05
15.151515 2.6969697 3.151480042900e+05
15.151515 2.7575758 3.057848054500e+05
15.151515 2.8181818 2.963884640200e+05
15.151515 2.8787879 2.869688563400e+05
15.151515 2.9393939 2.775373197800e+05
15.151515 3 2.681033705900e+05
15.656566 -3 2.380411775000e+05
15.656566 -2.9393939 2.465533633500e+05
15.656566 -2.8787879 2.550640651600e+05
15.656566 -2.8181818 2.635682134000e+05
15.656566 -2.7575758 2.720523432600e+05
15.656566 -2.6969697 2.805161961400e+05
15.656566 -2.6363636 2.889417780800e+05
15.656566 -2.5757576 2.973330921800e+05
15.656566 -2.5151515 3.056608475300e+05
15.656566 -2.4545455 3.139248565500e+05
15.656566 -2.3939394 3.221186162600e+05
15.656566 -2.3333333 3.302258225600e+05
15.656566 -2.2727273 3.382371560000e+05
15.656566 -2.2121212 3.461594532000e+05
15.656566 -2.1515152 3.539642761600e+05
15.656566 -2.0909091 3.616575243300e+05
15.656566 -2.030303 3.692364797700e+05
15.656566 -1.969697 3.767088517900e+05
15.656566 -1.9090909 3.840132469300e+05
15.656566 -1.8484848 3.911759884500e+05
15.656566 -1.7878788 3.981958977900e+05
15.656566 -1.7272727 4.050494760300e+05
15.656566 -1.6666667 4.117324854100e+05
15.656566 -1.6060606 4.182405402200e+05
15.656566 -1.5454545 4.245626266300e+05
15.656566 -1.4848485 4.306878457500e+05
15.656566 -1.4242424 4.366080919800e+05
15.656566 -1.3636364 4.423179747000e+05
15.656566 -1.3030303 4.478133165800e+05
15.656566 -1.2424242 4.530929697000e+05
15.656566 -1.1818182 4.581584692600e+05
15.656566 -1.1212121 4.630069753600e+05
15.656566 -1.0606061 4.676391186100e+05
15.656566 -1 4.720400493800e+05
15.656566 -0.93939394 4.761924780600e+05
15.656566 -0.87878788 4.801187522800e+05
15.656566 -0.81818182 4.837598080000e+05
15.656566 -0.75757576 4.871840748100e+05
15.656566 -0.6969697 4.903643675800e+05
15.656566 -0.63636364 4.932901427800e+05
15.656566 -0.57575758 4.959387717700e+05
15.656566 -0.51515152 4.983456355700e+05
15.656566 -0.45454545 5.005016073500e+05
15.656566 -0.39393939 5.023891763500e+05
15.656566 -0.33333333 5.040041965400e+05
15.656566 -0.27272727 5.053697099700e+05
15.656566 -0.21212121 5.065597572300e+05
15.656566 -0.15151515 5.073715216700e+05
15.656566 -0.090909091 5.079313275400e+05
15.656566 -0.03030303 5.082117722700e+05
15.656566 0.03030303 5.082252238200e+05
15.656566 0.090909091 5.079645835800e+05
15.656566 0.15151515 5.074314877100e+05
15.656566 0.21212121 5.066423991100e+05
15.656566 0.27272727 5.054924705700e+05
15.656566 0.33333333 5.041568891400e+05
15.656566 0.39393939 5.025451766500e+05
15.656566 0.45454545 5.006514740500e+05
15.656566 0.51515152 4.984889257700e+05
15.656566 0.57575758 4.960580811900e+05
15.656566 0.63636364 4.933654919000e+05
15.656566 0.6969697 4.904064130400e+05
15.656566 0.75757576 4.871927543800e+05
15.656566 0.81818182 4.837410933300e+05
15.656566 0.87878788 4.800161725000e+05
15.656566 0.93939394 4.760543713300e+05
15.656566 1 4.718543381100e+05
15.656566 1.0606061 4.674000830600e+05
15.656566 1.1212121 4.627233960100e+05
15.656566 1.1818182 4.578369693100e+05
15.656566 1.2424242 4.527329181900e+05
15.656566 1.3030303 4.474150818300e+05
15.656566 1.3636364 4.418887915900e+05
15.656566 1.4242424 4.361589958500e+05
15.656566 1.4848485 4.302309097300e+05
15.656566 1.5454545 4.241106790400e+05
15.656566 1.6060606 4.178036457200e+05
15.656566 1.6666667 4.113169106900e+05
15.656566 1.7272727 4.046565286600e+05
15.656566 1.7878788 3.978282370100e+05
15.656566 1.8484848 3.908387473100e+05
15.656566 1.9090909 3.836966660600e+05
15.656566 1.969697 3.764072463500e+05
15.656566 2.030303 3.689687606800e+05
15.656566 2.0909091 3.614021393900e+05
15.656566 2.1515152 3.537108231200e+05
15.656566 2.2121212 3.459039199600e+05
15.656566 2.2727273 3.379902031200e+05
15.656566 2.3333333 3.299784486500e+05
15.656566 2.3939394 3.218768674100e+05
15.656566 2.4545455 3.136946155300e+05
15.656566 2.5151515 3.054398466100e+05
15.656566 2.5757576 2.971206513200e+05
15.656566 2.6363636 2.887453997300e+05
15.656566 2.6969697 2.803241195600e+05
15.656566 2.7575758 2.718653186400e+05
15.656566 2.8181818 2.633794765100e+05
15.656566 2.8787879 2.548756611600e+05
15.656566 2.9393939 2.463633569800e+05
15.656566 3 2.378522874900e+05
16.161616 -3 2.116036373400e+05
16.161616 -2.9393939 2.192949535300e+05
16.161616 -2.8787879 2.269880149400e+05
16.161616 -2.8181818 2.346779033800e+05
16.161616 -2.7575758 2.423558772600e+05
16.161616 -2.6969697 2.500154693800e+05
16.161616 -2.6363636 2.576447090200e+05
16.161616 -2.5757576 2.652409797000e+05
16.161616 -2.5151515 2.727838104100e+05
16.161616 -2.4545455 2.802720238900e+05
16.161616 -2.3939394 2.876972760800e+05
16.161616 -2.3333333 2.950474247000e+05
16.161616 -2.2727273 3.023068337600e+05
16.161616 -2.2121212 3.095000758600e+05
16.161616 -2.1515152 3.165809452800e+05
16.161616 -2.0909091 3.235608032800e+05
16.161616 -2.030303 3.304369810200e+05
16.161616 -1.969697 3.372127213700e+05
16.161616 -1.9090909 3.438422818600e+05
16.161616 -1.8484848 3.503460320500e+05
16.161616 -1.7878788 3.567118360300e+05
16.161616 -1.7272727 3.629356488600e+05
16.161616 -1.6666667 3.690083728600e+05
16.161616 -1.6060606 3.749211653200e+05
16.161616 -1.5454545 3.806641673000e+05
16.161616 -1.4848485 3.862281346500e+05
16.161616 -1.4242424 3.916068666500e+05
16.161616 -1.3636364 3.967948647500e+05
16.161616 -1.3030303 4.017890702200e+05
16.161616 -1.2424242 4.065892679500e+05
16.161616 -1.1818182 4.111952884500e+05
16.161616 -1.1212121 4.156064303500e+05
16.161616 -1.0606061 4.198173676900e+05
16.161616 -1 4.238212213500e+05
16.161616 -0.93939394 4.276147615200e+05
16.161616 -0.87878788 4.311858014200e+05
16.161616 -0.81818182 4.345140641200e+05
16.161616 -0.75757576 4.376266581900e+05
16.161616 -0.6969697 4.405187628300e+05
16.161616 -0.63636364 4.431808798200e+05
16.161616 -0.57575758 4.455758152000e+05
16.161616 -0.51515152 4.477601988100e+05
16.161616 -0.45454545 4.497223732600e+05
16.161616 -0.39393939 4.514407963200e+05
16.161616 -0.33333333 4.529153893400e+05
16.161616 -0.27272727 4.541604158700e+05
16.161616 -0.21212121 4.552340934100e+05
16.161616 -0.15151515 4.559711230500e+05
16.161616 -0.090909091 4.564770688900e+05
16.161616 -0.03030303 4.567306673800e+05
16.161616 0.03030303 4.567455043000e+05
16.161616 0.090909091 4.565085337400e+05
16.161616 0.15151515 4.560249811900e+05
16.161616 0.21212121 4.552972968000e+05
16.161616 0.27272727 4.542935084000e+05
16.161616 0.33333333 4.530457923300e+05
16.161616 0.39393939 4.515788718100e+05
16.161616 0.45454545 4.498520309800e+05
16.161616 0.51515152 4.478845115700e+05
16.161616 0.57575758 4.456713074800e+05
16.161616 0.63636364 4.432182356900e+05
16.161616 0.6969697 4.405351131900e+05
16.161616 0.75757576 4.376047839200e+05
16.161616 0.81818182 4.344653565200e+05
16.161616 0.87878788 4.310813359200e+05
16.161616 0.93939394 4.274740741500e+05
16.161616 1 4.236586508700e+05
16.161616 1.0606061 4.196161781700e+05
16.161616 1.1212121 4.153530601100e+05
16.161616 1.1818182 4.109092004100e+05
16.161616 1.2424242 4.062686170700e+05
16.161616 1.3030303 4.014344633600e+05
16.161616 1.3636364 3.964111766000e+05
16.161616 1.4242424 3.912037808400e+05
16.161616 1.4848485 3.858167328400e+05
16.161616 1.5454545 3.802557087400e+05
16.161616 1.6060606 3.745256796000e+05
16.161616 1.6666667 3.686330797600e+05
16.161616 1.7272727 3.625831439700e+05
16.161616 1.7878788 3.563814151700e+05
16.161616 1.8484848 3.500345302900e+05
16.161616 1.9090909 3.435515509800e+05
16.161616 1.969697 3.369323507800e+05
16.161616 2.030303 3.301813454400e+05
16.161616 2.0909091 3.233156760900e+05
16.161616 2.1515152 3.163386120300e+05
16.161616 2.2121212 3.092587219900e+05
16.161616 2.2727273 3.020837458300e+05
16.161616 2.3333333 2.948215421000e+05
16.161616 2.3939394 2.874796949700e+05
16.161616 2.4545455 2.800661861300e+05
16.161616 2.5151515 2.725878810300e+05
16.161616 2.5757576 2.650530387300e+05
16.161616 2.6363636 2.574699783300e+05
16.161616 2.6969697 2.498472240400e+05
16.161616 2.7575758 2.421932847600e+05
16.161616 2.8181818 2.345171280300e+05
16.161616 2.8787879 2.268269557000e+05
16.161616 2.9393939 2.191314746900e+05
16.161616 3 2.114405692100e+05
16.666667 -3 1.884713088300e+05
16.666667 -2.9393939 1.954326468000e+05
16.666667 -2.8787879 2.023971681600e+05
16.666667 -2.8181818 2.093634746100e+05
16.666667 -2.7575758 2.163239382300e+05
16.666667 -2.6969697 2.232660772900e+05
16.666667 -2.6363636 2.301849027100e+05
16.666667 -2.5757576 2.370719538000e+05
16.666667 -2.5151515 2.439166971300e+05
16.666667 -2.4545455 2.507119159200e+05
16.666667 -2.3939394 2.574491041300e+05
16.666667 -2.3333333 2.641261441100e+05
16.666667 -2.2727273 2.707184061100e+05
16.666667 -2.2121212 2.772526418600e+05
16.666667 -2.1515152 2.836848179000e+05
16.666667 -2.0909091 2.900281998200e+05
16.666667 -2.030303 2.962767017800e+05
16.666667 -1.969697 3.024257027900e+05
16.666667 -1.9090909 3.084522071900e+05
16.666667 -1.8484848 3.143662471900e+05
16.666667 -1.7878788 3.201565766600e+05
16.666667 -1.7272727 3.258176926800e+05
16.666667 -1.6666667 3.313420275600e+05
16.666667 -1.6060606 3.367213451900e+05
16.666667 -1.5454545 3.419454380600e+05
16.666667 -1.4848485 3.470073473100e+05
16.666667 -1.4242424 3.519011500900e+05
16.666667 -1.3636364 3.566218834900e+05
16.666667 -1.3030303 3.611680672600e+05
16.666667 -1.2424242 3.655387852800e+05
16.666667 -1.1818182 3.697341828700e+05
16.666667 -1.1212121 3.737540221200e+05
16.666667 -1.0606061 3.775909277000e+05
16.666667 -1 3.812388234100e+05
16.666667 -0.93939394 3.846924570700e+05
16.666667 -0.87878788 3.879457754000e+05
16.666667 -0.81818182 3.909996662700e+05
16.666667 -0.75757576 3.938340041600e+05
16.666667 -0.6969697 3.964685777300e+05
16.666667 -0.63636364 3.988946340100e+05
16.666667 -0.57575758 4.010769561000e+05
16.666667 -0.51515152 4.030554991200e+05
16.666667 -0.45454545 4.048438162600e+05
16.666667 -0.39393939 4.064071129900e+05
16.666667 -0.33333333 4.077545349500e+05
16.666667 -0.27272727 4.088982164000e+05
16.666667 -0.21212121 4.098661632900e+05
16.666667 -0.15151515 4.105370000000e+05
16.666667 -0.090909091 4.109922418700e+05
16.666667 -0.03030303 4.112227644400e+05
16.666667 0.03030303 4.112358372000e+05
16.666667 0.090909091 4.110216117700e+05
16.666667 0.15151515 4.105804417000e+05
16.666667 0.21212121 4.099159772200e+05
16.666667 0.27272727 4.090311564600e+05
16.666667 0.33333333 4.078821127200e+05
16.666667 0.39393939 4.065310388600e+05
16.666667 0.45454545 4.049521046200e+05
16.666667 0.51515152 4.031604986800e+05
16.666667 0.57575758 4.011440866100e+05
16.666667 0.63636364 3.989052543000e+05
16.666667 0.6969697 3.964624693600e+05
16.666667 0.75757576 3.937961792900e+05
16.666667 0.81818182 3.909290142700e+05
16.666667 0.87878788 3.878522588900e+05
16.666667 0.93939394 3.845643943900e+05
16.666667 1 3.810872507000e+05
16.666667 1.0606061 3.774158207400e+05
16.666667 1.1212121 3.735284110600e+05
16.666667 1.1818182 3.694805755300e+05
16.666667 1.2424242 3.652545706600e+05
16.666667 1.3030303 3.608535755400e+05
16.666667 1.3636364 3.562806684100e+05
16.666667 1.4242424 3.515409024600e+05
16.666667 1.4848485 3.466381189300e+05
16.666667 1.5454545 3.415774617000e+05
16.666667 1.6060606 3.363637352600e+05
16.666667 1.6666667 3.310022781200e+05
16.666667 1.7272727 3.254983278700e+05
16.666667 1.7878788 3.198571813700e+05
16.666667 1.8484848 3.140848777000e+05
16.666667 1.9090909 3.081906685700e+05
16.666667 1.969697 3.021713108600e+05
16.666667 2.030303 2.960350328200e+05
16.666667 2.0909091 2.897963174300e+05
16.666667 2.1515152 2.834577466000e+05
16.666667 2.2121212 2.770271470300e+05
16.666667 2.2727273 2.705118057000e+05
16.666667 2.3333333 2.639185590300e+05
16.666667 2.3939394 2.572543159700e+05
16.666667 2.4545455 2.505260151800e+05
16.666667 2.5151515 2.437401819500e+05
16.666667 2.5757576 2.369052154000e+05
16.666667 2.6363636 2.300286252200e+05
16.666667 2.6969697 2.231177892300e+05
16.666667 2.7575758 2.161809574200e+05
16.666667 2.8181818 2.092257486500e+05
16.666667 2.8787879 2.022599399200e+05
16.666667 2.9393939 1.952919722200e+05
16.666667 3 1.883313032300e+05
17.171717 -3 1.681879408000e+05
17.171717 -2.9393939 1.744985249800e+05
17.171717 -2.8787879 1.808137929600e+05
17.171717 -2.8181818 1.871362850900e+05
17.171717 -2.7575758 1.934541443300e+05
17.171717 -2.6969697 1.997577783100e+05
17.171717 -2.6363636 2.060407445600e+05
17.171717 -2.5757576 2.122959858600e+05
17.171717 -2.5151515 2.185163744800e+05
17.171717 -2.4545455 2.246902867300e+05
17.171717 -2.3939394 2.308158888600e+05
17.171717 -2.3333333 2.368906606400e+05
17.171717 -2.2727273 2.428869726700e+05
17.171717 -2.2121212 2.488216608700e+05
17.171717 -2.1515152 2.546730324800e+05
17.171717 -2.0909091 2.604472079600e+05
17.171717 -2.030303 2.661343675300e+05
17.171717 -1.969697 2.717297716600e+05
17.171717 -1.9090909 2.772169554900e+05
17.171717 -1.8484848 2.826027307600e+05
17.171717 -1.7878788 2.878777404100e+05
17.171717 -1.7272727 2.930348747600e+05
17.171717 -1.6666667 2.980676107100e+05
17.171717 -1.6060606 3.029681712400e+05
17.171717 -1.5454545 3.077272131300e+05
17.171717 -1.4848485 3.123391515200e+05
17.171717 -1.4242424 3.167980399800e+05
17.171717 -1.3636364 3.211002614900e+05
17.171717 -1.3030303 3.252449139400e+05
17.171717 -1.2424242 3.292304070900e+05
17.171717 -1.1818182 3.330587663800e+05
17.171717 -1.1212121 3.367267694500e+05
17.171717 -1.0606061 3.402277254600e+05
17.171717 -1 3.435560763600e+05
17.171717 -0.93939394 3.467055484300e+05
17.171717 -0.87878788 3.496733622000e+05
17.171717 -0.81818182 3.524643045400e+05
17.171717 -0.75757576 3.550505081200e+05
17.171717 -0.6969697 3.574547793500e+05
17.171717 -0.63636364 3.596691597200e+05
17.171717 -0.57575758 3.616774379200e+05
17.171717 -0.51515152 3.634725537700e+05
17.171717 -0.45454545 3.651046242300e+05
17.171717 -0.39393939 3.665252331500e+05
17.171717 -0.33333333 3.677548016200e+05
17.171717 -0.27272727 3.688103667400e+05
17.171717 -0.21212121 3.696868576600e+05
17.171717 -0.15151515 3.702970625400e+05
17.171717 -0.090909091 3.707069476800e+05
17.171717 -0.03030303 3.709171322200e+05
17.171717 0.03030303 3.709262535500e+05
17.171717 0.090909091 3.707319814600e+05
17.171717 0.15151515 3.703292411500e+05
17.171717 0.21212121 3.697225615400e+05
17.171717 0.27272727 3.689176188000e+05
17.171717 0.33333333 3.678910841700e+05
17.171717 0.39393939 3.666408710900e+05
17.171717 0.45454545 3.651882681700e+05
17.171717 0.51515152 3.635552730200e+05
17.171717 0.57575758 3.617158242100e+05
17.171717 0.63636364 3.596738178200e+05
17.171717 0.6969697 3.574386060000e+05
17.171717 0.75757576 3.550140777000e+05
17.171717 0.81818182 3.523903877500e+05
17.171717 0.87878788 3.495856855000e+05
17.171717 0.93939394 3.465891984000e+05
17.171717 1 3.434155858900e+05
17.171717 1.0606061 3.400687515000e+05
17.171717 1.1212121 3.365277360600e+05
17.171717 1.1818182 3.328338620700e+05
17.171717 1.2424242 3.289791532800e+05
17.171717 1.3030303 3.249666187700e+05
17.171717 1.3636364 3.207975037200e+05
17.171717 1.4242424 3.164768661200e+05
17.171717 1.4848485 3.120081812200e+05
17.171717 1.5454545 3.073958942000e+05
17.171717 1.6060606 3.026446887700e+05
17.171717 1.6666667 2.977590050900e+05
17.171717 1.7272727 2.927442960900e+05
17.171717 1.7878788 2.876055280400e+05
17.171717 1.8484848 2.823477674700e+05
17.171717 1.9090909 2.769797585200e+05
17.171717 1.969697 2.714989091600e+05
17.171717 2.030303 2.659134190400e+05
17.171717 2.0909091 2.602358079700e+05
17.171717 2.1515152 2.544686426200e+05
17.171717 2.2121212 2.486189037900e+05
17.171717 2.2727273 2.426932592400e+05
17.171717 2.3333333 2.366977834700e+05
17.171717 2.3939394 2.306386285200e+05
17.171717 2.4545455 2.245224161600e+05
17.171717 2.5151515 2.183557970600e+05
17.171717 2.5757576 2.121463025500e+05
17.171717 2.6363636 2.059005112900e+05
17.171717 2.6969697 1.996253589900e+05
17.171717 2.7575758 1.933282957000e+05
17.171717 2.8181818 1.870162071700e+05
17.171717 2.8787879 1.806968720800e+05
17.171717 2.9393939 1.743781319300e+05
17.171717 3 1.680684325300e+05
17.676768 -3 1.503651269300e+05
17.676768 -2.9393939 1.560943328300e+05
17.676768 -2.8787879 1.618323368900e+05
17.676768 -2.8181818 1.675781886000e+05
17.676768 -2.7575758 1.733211553500e+05
17.676768 -2.6969697 1.790549118600e+05
17.676768 -2.6363636 1.847682057100e+05
17.676768 -2.5757576 1.904589256600e+05
17.676768 -2.5151515 1.961201089200e+05
17.676768 -2.4545455 2.017375157600e+05
17.676768 -2.3939394 2.073188247700e+05
17.676768 -2.3333333 2.128477350900e+05
17.676768 -2.2727273 2.183093770300e+05
17.676768 -2.2121212 2.237079060400e+05
17.676768 -2.1515152 2.290403633900e+05
17.676768 -2.0909091 2.343035998100e+05
17.676768 -2.030303 2.394875833000e+05
17.676768 -1.969697 2.445900602100e+05
17.676768 -1.9090909 2.495938789100e+05
17.676768 -1.8484848 2.545059813700e+05
17.676768 -1.7878788 2.593177552300e+05
17.676768 -1.7272727 2.640225580600e+05
17.676768 -1.6666667 2.686139746300e+05
17.676768 -1.6060606 2.730845637000e+05
17.676768 -1.5454545 2.774263458700e+05
17.676768 -1.4848485 2.816340788200e+05
17.676768 -1.4242424 2.857027366700e+05
17.676768 -1.3636364 2.896295290900e+05
17.676768 -1.3030303 2.934133551900e+05
17.676768 -1.2424242 2.970537382100e+05
17.676768 -1.1818182 3.005525425000e+05
17.676768 -1.1212121 3.039038534100e+05
17.676768 -1.0606061 3.071024481200e+05
17.676768 -1 3.101434818900e+05
17.676768 -0.93939394 3.130217094900e+05
17.676768 -0.87878788 3.157327480600e+05
17.676768 -0.81818182 3.182792717300e+05
17.676768 -0.75757576 3.206432086100e+05
17.676768 -0.6969697 3.228407314300e+05
17.676768 -0.63636364 3.248648396500e+05
17.676768 -0.57575758 3.267133113300e+05
17.676768 -0.51515152 3.283585732400e+05
17.676768 -0.45454545 3.298499597500e+05
17.676768 -0.39393939 3.311381578900e+05
17.676768 -0.33333333 3.322590218400e+05
17.676768 -0.27272727 3.332417262800e+05
17.676768 -0.21212121 3.340292184700e+05
17.676768 -0.15151515 3.345876450700e+05
17.676768 -0.090909091 3.349577305400e+05
17.676768 -0.03030303 3.351477447000e+05
17.676768 0.03030303 3.351559016900e+05
17.676768 0.090909091 3.349764325800e+05
17.676768 0.15151515 3.346086224800e+05
17.676768 0.21212121 3.340537139600e+05
17.676768 0.27272727 3.333113271000e+05
17.676768 0.33333333 3.323907631500e+05
17.676768 0.39393939 3.312546858500e+05
17.676768 0.45454545 3.299047744700e+05
17.676768 0.51515152 3.284145290300e+05
17.676768 0.57575758 3.267342885400e+05
17.676768 0.63636364 3.248701399700e+05
17.676768 0.6969697 3.228237276700e+05
17.676768 0.75757576 3.206131714200e+05
17.676768 0.81818182 3.182124037700e+05
17.676768 0.87878788 3.156468579900e+05
17.676768 0.93939394 3.129159356200e+05
17.676768 1 3.100151584000e+05
17.676768 1.0606061 3.069559088700e+05
17.676768 1.1212121 3.037311721900e+05
17.676768 1.1818182 3.003533894800e+05
17.676768 1.2424242 2.968316128800e+05
17.676768 1.3030303 2.931678961400e+05
17.676768 1.3636364 2.893615089400e+05
17.676768 1.4242424 2.854170293200e+05
17.676768 1.4848485 2.813378930000e+05
17.676768 1.5454545 2.771279851400e+05
17.676768 1.6060606 2.727916758300e+05
17.676768 1.6666667 2.683330775000e+05
17.676768 1.7272727 2.637574936800e+05
17.676768 1.7878788 2.590693096100e+05
17.676768 1.8484848 2.542730990400e+05
17.676768 1.9090909 2.493770617700e+05
17.676768 1.969697 2.443799128100e+05
17.676768 2.030303 2.392883945000e+05
17.676768 2.0909091 2.341136912700e+05
17.676768 2.1515152 2.288586478000e+05
17.676768 2.2121212 2.235293445500e+05
17.676768 2.2727273 2.181313991200e+05
17.676768 2.3333333 2.126708226900e+05
17.676768 2.3939394 2.071533736900e+05
17.676768 2.4545455 2.015853528800e+05
17.676768 2.5151515 1.959731323700e+05
17.676768 2.5757576 1.903231994700e+05
17.676768 2.6363636 1.846415547000e+05
17.676768 2.6969697 1.789347697200e+05
17.676768 2.7575758 1.732095011600e+05
17.676768 2.8181818 1.674724494100e+05
17.676768 2.8787879 1.617311959600e+05
17.676768 2.9393939 1.559925368500e+05
17.676768 3 1.502638177400e+05
18.181818 -3 1.346728665100e+05
18.181818 -2.9393939 1.398821802500e+05
18.181818 -2.8787879 1.451048643100e+05
18.181818 -2.8181818 1.503329854200e+05
18.181818 -2.7575758 1.555620862300e+05
18.181818 -2.6969697 1.607846888000e+05
18.181818 -2.6363636 1.659876822900e+05
18.181818 -2.5757576 1.711725762800e+05
18.181818 -2.5151515 1.763339361500e+05
18.181818 -2.4545455 1.814531003200e+05
18.181818 -2.3939394 1.865441695700e+05
18.181818 -2.3333333 1.915790924600e+05
18.181818 -2.2727273 1.965602631600e+05
18.181818 -2.2121212 2.014844534600e+05
18.181818 -2.1515152 2.063522435800e+05
18.181818 -2.0909091 2.111558500200e+05
18.181818 -2.030303 2.158878344400e+05
18.181818 -1.969697 2.205463587700e+05
18.181818 -1.9090909 2.251160460100e+05
18.181818 -1.8484848 2.296027567800e+05
18.181818 -1.7878788 2.339984294600e+05
18.181818 -1.7272727 2.382965187500e+05
18.181818 -1.6666667 2.424909908700e+05
18.181818 -1.6060606 2.465750944700e+05
18.181818 -1.5454545 2.505418570700e+05
18.181818 -1.4848485 2.543861077000e+05
18.181818 -1.4242424 2.581042584800e+05
18.181818 -1.3636364 2.616934204200e+05
18.181818 -1.3030303 2.651529184300e+05
18.181818 -1.2424242 2.684837840100e+05
18.181818 -1.1818182 2.716854214700e+05
18.181818 -1.1212121 2.747516069300e+05
18.181818 -1.0606061 2.776781219000e+05
18.181818 -1 2.804604323100e+05
18.181818 -0.93939394 2.830936537100e+05
18.181818 -0.87878788 2.855736663400e+05
18.181818 -0.81818182 2.879023726800e+05
18.181818 -0.75757576 2.900662023200e+05
18.181818 -0.6969697 2.920774281200e+05
18.181818 -0.63636364 2.939300584600e+05
18.181818 -0.57575758 2.956231131900e+05
18.181818 -0.51515152 2.971435956000e+05
18.181818 -0.45454545 2.985083416300e+05
18.181818 -0.39393939 2.996814052300e+05
18.181818 -0.33333333 3.007012389800e+05
18.181818 -0.27272727 3.016185780800e+05
18.181818 -0.21212121 3.023216770500e+05
18.181818 -0.15151515 3.028362657500e+05
18.181818 -0.090909091 3.031729545100e+05
18.181818 -0.03030303 3.033427543400e+05
18.181818 0.03030303 3.033512571500e+05
18.181818 0.090909091 3.031838580500e+05
18.181818 0.15151515 3.028477366900e+05
18.181818 0.21212121 3.023396860700e+05
18.181818 0.27272727 3.016583180800e+05
18.181818 0.33333333 3.008121258000e+05
18.181818 0.39393939 2.997941015300e+05
18.181818 0.45454545 2.985360566500e+05
18.181818 0.51515152 2.971753484800e+05
18.181818 0.57575758 2.956386625400e+05
18.181818 0.63636364 2.939329290700e+05
18.181818 0.6969697 2.920619785700e+05
18.181818 0.75757576 2.900382006000e+05
18.181818 0.81818182 2.878435495200e+05
18.181818 0.87878788 2.854914805300e+05
18.181818 0.93939394 2.829983968700e+05
18.181818 1 2.803442291200e+05
18.181818 1.0606061 2.775439176600e+05
18.181818 1.1212121 2.746022065900e+05
18.181818 1.1818182 2.715107435800e+05
18.181818 1.2424242 2.682870774200e+05
18.181818 1.3030303 2.649369639300e+05
18.181818 1.3636364 2.614568607800e+05
18.181818 1.4242424 2.578504696600e+05
18.181818 1.4848485 2.541213622500e+05
18.181818 1.5454545 2.502731052000e+05
18.181818 1.6060606 2.463096515200e+05
18.181818 1.6666667 2.422350542500e+05
18.181818 1.7272727 2.380541684800e+05
18.181818 1.7878788 2.337707500600e+05
18.181818 1.8484848 2.293894305800e+05
18.181818 1.9090909 2.249180403300e+05
18.181818 1.969697 2.203553296700e+05
18.181818 2.030303 2.157073137400e+05
18.181818 2.0909091 2.109841883200e+05
18.181818 2.1515152 2.061886813900e+05
18.181818 2.2121212 2.013261407800e+05
18.181818 2.2727273 1.964013466800e+05
18.181818 2.3333333 1.914204440700e+05
18.181818 2.3939394 1.863890296700e+05
18.181818 2.4545455 1.813128128500e+05
18.181818 2.5151515 1.761974792200e+05
18.181818 2.5757576 1.710487721500e+05
18.181818 2.6363636 1.658724933200e+05
18.181818 2.6969697 1.606747385600e+05
18.181818 2.7575758 1.554615945300e+05
18.181818 2.8181818 1.502397757000e+05
18.181818 2.8787879 1.450160254500e+05
18.181818 2.9393939 1.397961797500e+05
18.181818 3 1.345867903500e+05
18.686869 -3 1.208296285000e+05
18.686869 -2.9393939 1.255738119000e+05
18.686869 -2.8787879 1.303327626100e+05
18.686869 -2.8181818 1.350972782500e+05
18.686869 -2.7575758 1.398655979300e+05
18.686869 -2.6969697 1.446284888800e+05
18.686869 -2.6363636 1.493740859800e+05
18.686869 -2.5757576 1.541057363700e+05
18.686869 -2.5151515 1.588197587800e+05
18.686869 -2.4545455 1.634918468600e+05
18.686869 -2.3939394 1.681368957500e+05
18.686869 -2.3333333 1.727305290500e+05
18.686869 -2.2727273 1.772798833500e+05
18.686869 -2.2121212 1.817808817600e+05
18.686869 -2.1515152 1.862302380900e+05
18.686869 -2.0909091 1.906202656900e+05
18.686869 -2.030303 1.949456974700e+05
18.686869 -1.969697 1.992044410500e+05
18.686869 -1.9090909 2.033836910500e+05
18.686869 -1.8484848 2.074875371900e+05
18.686869 -1.7878788 2.115085279500e+05
18.686869 -1.7272727 2.154403325200e+05
18.686869 -1.6666667 2.192774406400e+05
18.686869 -1.6060606 2.230136801300e+05
18.686869 -1.5454545 2.266428358100e+05
18.686869 -1.4848485 2.301600950000e+05
18.686869 -1.4242424 2.335627105700e+05
18.686869 -1.3636364 2.368476868100e+05
18.686869 -1.3030303 2.400159132000e+05
18.686869 -1.2424242 2.430680152500e+05
18.686869 -1.1818182 2.460012908100e+05
18.686869 -1.1212121 2.488103961800e+05
18.686869 -1.0606061 2.514916992100e+05
18.686869 -1 2.540407139300e+05
18.686869 -0.93939394 2.564527148400e+05
18.686869 -0.87878788 2.587244855900e+05
18.686869 -0.81818182 2.608579779700e+05
18.686869 -0.75757576 2.628412972400e+05
18.686869 -0.6969697 2.646843598100e+05
18.686869 -0.63636364 2.663821884900e+05
18.686869 -0.57575758 2.679320782300e+05
18.686869 -0.51515152 2.693345135400e+05
18.686869 -0.45454545 2.705854054200e+05
18.686869 -0.39393939 2.716665851200e+05
18.686869 -0.33333333 2.725929335200e+05
18.686869 -0.27272727 2.734405502000e+05
18.686869 -0.21212121 2.740755999000e+05
18.686869 -0.15151515 2.745493983100e+05
18.686869 -0.090909091 2.748594345600e+05
18.686869 -0.03030303 2.750111458100e+05
18.686869 0.03030303 2.750162419300e+05
18.686869 0.090909091 2.748619501100e+05
18.686869 0.15151515 2.745545978800e+05
18.686869 0.21212121 2.740889873500e+05
18.686869 0.27272727 2.734645842100e+05
18.686869 0.33333333 2.726820440100e+05
18.686869 0.39393939 2.717568323800e+05
18.686869 0.45454545 2.705967849700e+05
18.686869 0.51515152 2.693525761200e+05
18.686869 0.57575758 2.679454008100e+05
18.686869 0.63636364 2.663819097600e+05
18.686869 0.6969697 2.646696535900e+05
18.686869 0.75757576 2.628116509100e+05
18.686869 0.81818182 2.608059641500e+05
18.686869 0.87878788 2.586491267900e+05
18.686869 0.93939394 2.563653526200e+05
18.686869 1 2.539367430500e+05
18.686869 1.0606061 2.513693737900e+05
18.686869 1.1212121 2.486781531900e+05
18.686869 1.1818182 2.458501655500e+05
18.686869 1.2424242 2.428936848100e+05
18.686869 1.3030303 2.398258601000e+05
18.686869 1.3636364 2.366394716000e+05
18.686869 1.4242424 2.333374469300e+05
18.686869 1.4848485 2.299234250400e+05
18.686869 1.5454545 2.264007125200e+05
18.686869 1.6060606 2.227730038200e+05
18.686869 1.6666667 2.190441120500e+05
18.686869 1.7272727 2.152184991600e+05
18.686869 1.7878788 2.112995830000e+05
18.686869 1.8484848 2.072920124600e+05
18.686869 1.9090909 2.032030079500e+05
18.686869 1.969697 1.990308247800e+05
18.686869 2.030303 1.947817191100e+05
18.686869 2.0909091 1.904646803200e+05
18.686869 2.1515152 1.860819623900e+05
18.686869 2.2121212 1.816385193400e+05
18.686869 2.2727273 1.771390765200e+05
18.686869 2.3333333 1.725893549600e+05
18.686869 2.3939394 1.679945704600e+05
18.686869 2.4545455 1.633599657500e+05
18.686869 2.5151515 1.586906679200e+05
18.686869 2.5757576 1.539917328800e+05
18.686869 2.6363636 1.492688901100e+05
18.686869 2.6969697 1.445279412400e+05
18.686869 2.7575758 1.397743905600e+05
18.686869 2.8181818 1.350148342900e+05
18.686869 2.8787879 1.302547656700e+05
18.686869 2.9393939 1.254995557600e+05
18.686869 3 1.207552927300e+05
19.191919 -3 1.085933730300e+05
19.191919 -2.9393939 1.129205587100e+05
19.191919 -2.8787879 1.172618221600e+05
19.191919 -2.8181818 1.216109971300e+05
19.191919 -2.7575758 1.259647881500e+05
19.191919 -2.6969697 1.303142774200e+05
19.191919 -2.6363636 1.346491331300e+05
19.191919 -2.5757576 1.389751656100e+05
19.191919 -2.5151515 1.432843978500e+05
19.191919 -2.4545455 1.475545218600e+05
19.191919 -2.3939394 1.517960589100e+05
19.191919 -2.3333333 1.559962049200e+05
19.191919 -2.2727273 1.601577594500e+05
19.191919 -2.2121212 1.642774387700e+05
19.191919 -2.1515152 1.683490602100e+05
19.191919 -2.0909091 1.723667139700e+05
19.191919 -2.030303 1.763260594600e+05
19.191919 -1.969697 1.802249590000e+05
19.191919 -1.9090909 1.840525955800e+05
19.191919 -1.8484848 1.878111090800e+05
19.191919 -1.7878788 1.914940548900e+05
19.191919 -1.7272727 1.950955764400e+05
19.191919 -1.6666667 1.986105924600e+05
19.191919 -1.6060606 2.020332740900e+05
19.191919 -1.5454545 2.053580903700e+05
19.191919 -1.4848485 2.085807701400e+05
19.191919 -1.4242424 2.116986620800e+05
19.191919 -1.3636364 2.147096828300e+05
19.191919 -1.3030303 2.176158581200e+05
19.191919 -1.2424242 2.204160009300e+05
19.191919 -1.1818182 2.231067639700e+05
19.191919 -1.1212121 2.256837588500e+05
19.191919 -1.0606061 2.281437179000e+05
19.191919 -1 2.304820225200e+05
19.191919 -0.93939394 2.326943484300e+05
19.191919 -0.87878788 2.347780997200e+05
19.191919 -0.81818182 2.367350847900e+05
19.191919 -0.75757576 2.385553986300e+05
19.191919 -0.6969697 2.402464377200e+05
19.191919 -0.63636364 2.418044344600e+05
19.191919 -0.57575758 2.432269121500e+05
19.191919 -0.51515152 2.445143204700e+05
19.191919 -0.45454545 2.456626847300e+05
19.191919 -0.39393939 2.466662780000e+05
19.191919 -0.33333333 2.475131292500e+05
19.191919 -0.27272727 2.482860827800e+05
19.191919 -0.21212121 2.488685072200e+05
19.191919 -0.15151515 2.493027948400e+05
19.191919 -0.090909091 2.495902589500e+05
19.191919 -0.03030303 2.497280892000e+05
19.191919 0.03030303 2.497270669000e+05
19.191919 0.090909091 2.495859059500e+05
19.191919 0.15151515 2.493042241200e+05
19.191919 0.21212121 2.488772381700e+05
19.191919 0.27272727 2.483034457900e+05
19.191919 0.33333333 2.475839755000e+05
19.191919 0.39393939 2.467269348200e+05
19.191919 0.45454545 2.456742198900e+05
19.191919 0.51515152 2.445266496700e+05
19.191919 0.57575758 2.432371668200e+05
19.191919 0.63636364 2.418020192300e+05
19.191919 0.6969697 2.402314594500e+05
19.191919 0.75757576 2.385244920400e+05
19.191919 0.81818182 2.366871385500e+05
19.191919 0.87878788 2.347112175700e+05
19.191919 0.93939394 2.326120069800e+05
19.191919 1 2.303888600300e+05
19.191919 1.0606061 2.280322193300e+05
19.191919 1.1212121 2.255638324300e+05
19.191919 1.1818182 2.229758464500e+05
19.191919 1.2424242 2.202615366000e+05
19.191919 1.3030303 2.174481736200e+05
19.191919 1.3636364 2.145264916800e+05
19.191919 1.4242424 2.114989597600e+05
19.191919 1.4848485 2.083691259400e+05
19.191919 1.5454545 2.051399267800e+05
19.191919 1.6060606 2.018150199600e+05
19.191919 1.6666667 1.983978744000e+05
19.191919 1.7272727 1.948926048500e+05
19.191919 1.7878788 1.913025759100e+05
19.191919 1.8484848 1.876321791200e+05
19.191919 1.9090909 1.838876230900e+05
19.191919 1.969697 1.800669377600e+05
19.191919 2.030303 1.761773413300e+05
19.191919 2.0909091 1.722258125100e+05
19.191919 2.1515152 1.682145555600e+05
19.191919 2.2121212 1.641482848300e+05
19.191919 2.2727273 1.600319149300e+05
19.191919 2.3333333 1.558703387100e+05
19.191919 2.3939394 1.516683094000e+05
19.191919 2.4545455 1.474307687800e+05
19.191919 2.5151515 1.431624304100e+05
19.191919 2.5757576 1.388678753400e+05
19.191919 2.6363636 1.345526710800e+05
19.191919 2.6969697 1.302224270300e+05
19.191919 2.7575758 1.258819999600e+05
19.191919 2.8181818 1.215374781900e+05
19.191919 2.8787879 1.171934453400e+05
19.191919 2.9393939 1.128550932600e+05
19.191919 3 1.085281893200e+05
19.69697 -3 9.775625640200e+04
19.69697 -2.9393939 1.017085458800e+05
19.69697 -2.8787879 1.056750239300e+05
19.69697 -2.8181818 1.096504632300e+05
19.69697 -2.7575758 1.136308529500e+05
19.69697 -2.6969697 1.176092374200e+05
19.69697 -2.6363636 1.215743188000e+05
19.69697 -2.5757576 1.255360455000e+05
19.69697 -2.5151515 1.294757913500e+05
19.69697 -2.4545455 1.333840625500e+05
19.69697 -2.3939394 1.372648190300e+05
19.69697 -2.3333333 1.411109336300e+05
19.69697 -2.2727273 1.449238849200e+05
19.69697 -2.2121212 1.486989093300e+05
19.69697 -2.1515152 1.524297592500e+05
19.69697 -2.0909091 1.561116497100e+05
19.69697 -2.030303 1.597408728600e+05
19.69697 -1.969697 1.633151162500e+05
19.69697 -1.9090909 1.668256373100e+05
19.69697 -1.8484848 1.702721346900e+05
19.69697 -1.7878788 1.736497744200e+05
19.69697 -1.7272727 1.769531331300e+05
19.69697 -1.6666667 1.801774222500e+05
19.69697 -1.6060606 1.833170671400e+05
19.69697 -1.5454545 1.863671409400e+05
19.69697 -1.4848485 1.893238185700e+05
19.69697 -1.4242424 1.921845186200e+05
19.69697 -1.3636364 1.949489016900e+05
19.69697 -1.3030303 1.976184025300e+05
19.69697 -1.2424242 2.001904549200e+05
19.69697 -1.1818182 2.026618871100e+05
19.69697 -1.1212121 2.050290747000e+05
19.69697 -1.0606061 2.072888466700e+05
19.69697 -1 2.094365309300e+05
19.69697 -0.93939394 2.114683802400e+05
19.69697 -0.87878788 2.133821875900e+05
19.69697 -0.81818182 2.151796816700e+05
19.69697 -0.75757576 2.168526611400e+05
19.69697 -0.6969697 2.184060217800e+05
19.69697 -0.63636364 2.198376485900e+05
19.69697 -0.57575758 2.211453444600e+05
19.69697 -0.51515152 2.223272850500e+05
19.69697 -0.45454545 2.233829305200e+05
19.69697 -0.39393939 2.243110536400e+05
19.69697 -0.33333333 2.250955500800e+05
19.69697 -0.27272727 2.257976605200e+05
19.69697 -0.21212121 2.263338706500e+05
19.69697 -0.15151515 2.267306126400e+05
19.69697 -0.090909091 2.269964082000e+05
19.69697 -0.03030303 2.271244677100e+05
19.69697 0.03030303 2.271191179200e+05
19.69697 0.090909091 2.269883016900e+05
19.69697 0.15151515 2.267289895400e+05
19.69697 0.21212121 2.263371771400e+05
19.69697 0.27272727 2.258090052600e+05
19.69697 0.33333333 2.251480084400e+05
19.69697 0.39393939 2.243534716900e+05
19.69697 0.45454545 2.234062790100e+05
19.69697 0.51515152 2.223365040700e+05
19.69697 0.57575758 2.211529719300e+05
19.69697 0.63636364 2.198332011000e+05
19.69697 0.6969697 2.183906824500e+05
19.69697 0.75757576 2.168228716400e+05
19.69697 0.81818182 2.151329198300e+05
19.69697 0.87878788 2.133230096800e+05
19.69697 0.93939394 2.113901578200e+05
19.69697 1 2.093513369900e+05
19.69697 1.0606061 2.071874995700e+05
19.69697 1.1212121 2.049198344400e+05
19.69697 1.1818182 2.025459414100e+05
19.69697 1.2424242 2.000538150800e+05
19.69697 1.3030303 1.974700316300e+05
19.69697 1.3636364 1.947873320900e+05
19.69697 1.4242424 1.920077666400e+05
19.69697 1.4848485 1.891346792200e+05
19.69697 1.5454545 1.861705699400e+05
19.69697 1.6060606 1.831191283400e+05
19.69697 1.6666667 1.799836442300e+05
19.69697 1.7272727 1.767677456300e+05
19.69697 1.7878788 1.734747969400e+05
19.69697 1.8484848 1.701088882800e+05
19.69697 1.9090909 1.666748663600e+05
19.69697 1.969697 1.631710761200e+05
19.69697 2.030303 1.596059311300e+05
19.69697 2.0909091 1.559837594600e+05
19.69697 2.1515152 1.523074997700e+05
19.69697 2.2121212 1.485815373700e+05
19.69697 2.2727273 1.448105006700e+05
19.69697 2.3333333 1.409986506300e+05
19.69697 2.3939394 1.371504820200e+05
19.69697 2.4545455 1.332705917300e+05
19.69697 2.5151515 1.293632272500e+05
19.69697 2.5757576 1.254329305800e+05
19.69697 2.6363636 1.214849137900e+05
19.69697 2.6969697 1.175244463400e+05
19.69697 2.7575758 1.135558130200e+05
19.69697 2.8181818 1.095842788500e+05
19.69697 2.8787879 1.056142463800e+05
19.69697 2.9393939 1.016506534900e+05
19.69697 3 9.769891769500e+04
20.20202 -3 8.814057373200e+04
20.20202 -2.9393939 9.175534266500e+04
20.20202 -2.8787879 9.538529475200e+04
20.20202 -2.8181818 9.902324156000e+04
20.20202 -2.7575758 1.026672176000e+05
20.20202 -2.6969697 1.063130395900e+05
20.20202 -2.6363636 1.099445118300e+05
20.20202 -2.5757576 1.135751016600e+05
20.20202 -2.5151515 1.171800205000e+05
20.20202 -2.4545455 1.207619758700e+05
20.20202 -2.3939394 1.243201160100e+05
20.20202 -2.3333333 1.278464544200e+05
20.20202 -2.2727273 1.313448675100e+05
20.20202 -2.2121212 1.348081842100e+05
20.20202 -2.1515152 1.382314798900e+05
20.20202 -2.0909091 1.416102138500e+05
20.20202 -2.030303 1.449412162300e+05
20.20202 -1.969697 1.482219224000e+05
20.20202 -1.9090909 1.514460829800e+05
20.20202 -1.8484848 1.546102748600e+05
20.20202 -1.7878788 1.577119890700e+05
20.20202 -1.7272727 1.607458204500e+05
20.20202 -1.6666667 1.637072429300e+05
20.20202 -1.6060606 1.665910208900e+05
20.20202 -1.5454545 1.693925905400e+05
20.20202 -1.4848485 1.721085785400e+05
20.20202 -1.4242424 1.747371022000e+05
20.20202 -1.3636364 1.772789083700e+05
20.20202 -1.3030303 1.797340414800e+05
20.20202 -1.2424242 1.820994361500e+05
20.20202 -1.1818182 1.843723554500e+05
20.20202 -1.1212121 1.865496320700e+05
20.20202 -1.0606061 1.886279322600e+05
20.20202 -1 1.906029690000e+05
20.20202 -0.93939394 1.924714576600e+05
20.20202 -0.87878788 1.942315232900e+05
20.20202 -0.81818182 1.958848050200e+05
20.20202 -0.75757576 1.974245606600e+05
20.20202 -0.6969697 1.988530298200e+05
20.20202 -0.63636364 2.001703012200e+05
20.20202 -0.57575758 2.013737086100e+05
20.20202 -0.51515152 2.024615744500e+05
20.20202 -0.45454545 2.034331115100e+05
20.20202 -0.39393939 2.042868849400e+05
20.20202 -0.33333333 2.050187376200e+05
20.20202 -0.27272727 2.056617268000e+05
20.20202 -0.21212121 2.061545258200e+05
20.20202 -0.15151515 2.065152188000e+05
20.20202 -0.090909091 2.067594756100e+05
20.20202 -0.03030303 2.068796655600e+05
20.20202 0.03030303 2.068735816400e+05
20.20202 0.090909091 2.067503684400e+05
20.20202 0.15151515 2.065103518600e+05
20.20202 0.21212121 2.061503810700e+05
20.20202 0.27272727 2.056637416700e+05
20.20202 0.33333333 2.050550985200e+05
20.20202 0.39393939 2.043228658600e+05
20.20202 0.45454545 2.034668319900e+05
20.20202 0.51515152 2.024723476000e+05
20.20202 0.57575758 2.013795368900e+05
20.20202 0.63636364 2.001635541200e+05
20.20202 0.6969697 1.988375920800e+05
20.20202 0.75757576 1.973970215700e+05
20.20202 0.81818182 1.958391862500e+05
20.20202 0.87878788 1.941773691600e+05
20.20202 0.93939394 1.923983348900e+05
20.20202 1 1.905233389900e+05
20.20202 1.0606061 1.885366223000e+05
20.20202 1.1212121 1.864506031000e+05
20.20202 1.1818182 1.842674808300e+05
20.20202 1.2424242 1.819792507100e+05
20.20202 1.3030303 1.796024980800e+05
20.20202 1.3636364 1.771359672100e+05
20.20202 1.4242424 1.745807167600e+05
20.20202 1.4848485 1.719398552500e+05
20.20202 1.5454545 1.692155997900e+05
20.20202 1.6060606 1.664115585700e+05
20.20202 1.6666667 1.635309533700e+05
20.20202 1.7272727 1.605768313200e+05
20.20202 1.7878788 1.575524665700e+05
20.20202 1.8484848 1.544618919200e+05
20.20202 1.9090909 1.513081571800e+05
20.20202 1.969697 1.480906994300e+05
20.20202 2.030303 1.448185223500e+05
20.20202 2.0909091 1.414937766800e+05
20.20202 2.1515152 1.381201478000e+05
20.20202 2.2121212 1.347016236600e+05
20.20202 2.2727273 1.312422335600e+05
20.20202 2.3333333 1.277459904500e+05
20.20202 2.3939394 1.242171428900e+05
20.20202 2.4545455 1.206598854000e+05
20.20202 2.5151515 1.170781438400e+05
20.20202 2.5757576 1.134765976800e+05
20.20202 2.6363636 1.098598174500e+05
20.20202 2.6969697 1.062326258700e+05
20.20202 2.7575758 1.025988935500e+05
20.20202 2.8181818 9.896316709300e+04
20.20202 2.8787879 9.532997844800e+04
20.20202 2.9393939 9.170397711300e+04
20.20202 3 8.809016060400e+04
20.707071 -3 7.959378736700e+04
20.707071 -2.9393939 8.290447461200e+04
20.707071 -2.8787879 8.623085184100e+04
20.707071 -2.8181818 8.956374621200e+04
20.707071 -2.7575758 9.290480333400e+04
20.707071 -2.6969697 9.625126231600e+04
20.707071 -2.6363636 9.958136668000e+04
20.707071 -2.5757576 1.029086425900e+05
20.707071 -2.5151515 1.062137841200e+05
20.707071 -2.4545455 1.095008056700e+05
20.707071 -2.3939394 1.127677812800e+05
20.707071 -2.3333333 1.160057422800e+05
20.707071 -2.2727273 1.192192350100e+05
20.707071 -2.2121212 1.224006163900e+05
20.707071 -2.1515152 1.255457851200e+05
20.707071 -2.0909091 1.286504442800e+05
20.707071 -2.030303 1.317115852600e+05
20.707071 -1.969697 1.347265098100e+05
20.707071 -1.9090909 1.376916020200e+05
20.707071 -1.8484848 1.406001838200e+05
20.707071 -1.7878788 1.434523035200e+05
20.707071 -1.7272727 1.462421359300e+05
20.707071 -1.6666667 1.489654864800e+05
20.707071 -1.6060606 1.516175531800e+05
20.707071 -1.5454545 1.541939314100e+05
20.707071 -1.4848485 1.566919380500e+05
20.707071 -1.4242424 1.591108794000e+05
20.707071 -1.3636364 1.614510726900e+05
20.707071 -1.3030303 1.637117607200e+05
20.707071 -1.2424242 1.658897803400e+05
20.707071 -1.1818182 1.679828352400e+05
20.707071 -1.1212121 1.699878985000e+05
20.707071 -1.0606061 1.719014127100e+05
20.707071 -1 1.737199130800e+05
20.707071 -0.93939394 1.754403207900e+05
20.707071 -0.87878788 1.770611505600e+05
20.707071 -0.81818182 1.785837968600e+05
20.707071 -0.75757576 1.800029240200e+05
20.707071 -0.6969697 1.813180601600e+05
20.707071 -0.63636364 1.825316536800e+05
20.707071 -0.57575758 1.836404246300e+05
20.707071 -0.51515152 1.846431949300e+05
20.707071 -0.45454545 1.855383248400e+05
20.707071 -0.39393939 1.863237712400e+05
20.707071 -0.33333333 1.870043034500e+05
20.707071 -0.27272727 1.876002139800e+05
20.707071 -0.21212121 1.880533246200e+05
20.707071 -0.15151515 1.883803844000e+05
20.707071 -0.090909091 1.886036540300e+05
20.707071 -0.03030303 1.887157055900e+05
20.707071 0.03030303 1.887112929600e+05
20.707071 0.090909091 1.885950086100e+05
20.707071 0.15151515 1.883717734600e+05
20.707071 0.21212121 1.880404413700e+05
20.707071 0.27272727 1.875914334000e+05
20.707071 0.33333333 1.870303739500e+05
20.707071 0.39393939 1.863559375100e+05
20.707071 0.45454545 1.855724828900e+05
20.707071 0.51515152 1.846612340300e+05
20.707071 0.57575758 1.836458441900e+05
20.707071 0.63636364 1.825224306400e+05
20.707071 0.6969697 1.813024912900e+05
20.707071 0.75757576 1.799768593300e+05
20.707071 0.81818182 1.785413537800e+05
20.707071 0.87878788 1.770096590000e+05
20.707071 0.93939394 1.753737785800e+05
20.707071 1 1.736450489300e+05
20.707071 1.0606061 1.718197999400e+05
20.707071 1.1212121 1.698984165500e+05
20.707071 1.1818182 1.678875763900e+05
20.707071 1.2424242 1.657846654100e+05
20.707071 1.3030303 1.635951476100e+05
20.707071 1.3636364 1.613243684700e+05
20.707071 1.4242424 1.589722592000e+05
20.707071 1.4848485 1.565417057400e+05
20.707071 1.5454545 1.540348482100e+05
20.707071 1.6060606 1.514550378700e+05
20.707071 1.6666667 1.488053404400e+05
20.707071 1.7272727 1.460883026400e+05
20.707071 1.7878788 1.433070193600e+05
20.707071 1.8484848 1.404656992100e+05
20.707071 1.9090909 1.375654087600e+05
20.707071 1.969697 1.346072462600e+05
20.707071 2.030303 1.315997924800e+05
20.707071 2.0909091 1.285442563800e+05
20.707071 2.1515152 1.254443510600e+05
20.707071 2.2121212 1.223037369600e+05
20.707071 2.2727273 1.191260169000e+05
20.707071 2.3333333 1.159151334800e+05
20.707071 2.3939394 1.126748684400e+05
20.707071 2.4545455 1.094090853600e+05
20.707071 2.5151515 1.061217113500e+05
20.707071 2.5757576 1.028173050500e+05
20.707071 2.6363636 9.949965056300e+04
20.707071 2.6969697 9.617317466600e+04
20.707071 2.7575758 9.284146181800e+04
20.707071 2.8181818 8.950875907400e+04
20.707071 2.8787879 8.617947801800e+04
20.707071 2.9393939 8.285810672200e+04
20.707071 3 7.954920068000e+04
21.212121 -3 7.198398115700e+04
21.212121 -2.9393939 7.502028223200e+04
21.212121 -2.8787879 7.807189127500e+04
21.212121 -2.8181818 8.112923756800e+04
21.212121 -2.7575758 8.419776622000e+04
21.212121 -2.6969697 8.727128100600e+04
21.212121 -2.6363636 9.032893136600e+04
21.212121 -2.5757576 9.338042078800e+04
21.212121 -2.5151515 9.641708195700e+04
21.212121 -2.4545455 9.943694105300e+04
21.212121 -2.3939394 1.024399050600e+05
21.212121 -2.3333333 1.054176977500e+05
21.212121 -2.2727273 1.083727379400e+05
21.212121 -2.2121212 1.112989031000e+05
21.212121 -2.1515152 1.141920676700e+05
21.212121 -2.0909091 1.170485334800e+05
21.212121 -2.030303 1.198651772000e+05
21.212121 -1.969697 1.226392549800e+05
21.212121 -1.9090909 1.253692603400e+05
21.212121 -1.8484848 1.280464044400e+05
21.212121 -1.7878788 1.306724021000e+05
21.212121 -1.7272727 1.332410416500e+05
21.212121 -1.6666667 1.357484789200e+05
21.212121 -1.6060606 1.381902769000e+05
21.212121 -1.5454545 1.405623580600e+05
21.212121 -1.4848485 1.428629762900e+05
21.212121 -1.4242424 1.450922543200e+05
21.212121 -1.3636364 1.472494221100e+05
21.212121 -1.3030303 1.493335079600e+05
21.212121 -1.2424242 1.513414988700e+05
21.212121 -1.1818182 1.532713354900e+05
21.212121 -1.1212121 1.551198966100e+05
21.212121 -1.0606061 1.568837140700e+05
21.212121 -1 1.585600781300e+05
21.212121 -0.93939394 1.601461101600e+05
21.212121 -0.87878788 1.616406501200e+05
21.212121 -0.81818182 1.630447385700e+05
21.212121 -0.75757576 1.643542936200e+05
21.212121 -0.6969697 1.655667278900e+05
21.212121 -0.63636364 1.666861767800e+05
21.212121 -0.57575758 1.677090127200e+05
21.212121 -0.51515152 1.686341701800e+05
21.212121 -0.45454545 1.694598005000e+05
21.212121 -0.39393939 1.701842216500e+05
21.212121 -0.33333333 1.708143703600e+05
21.212121 -0.27272727 1.713688961900e+05
21.212121 -0.21212121 1.717863861600e+05
21.212121 -0.15151515 1.720859636900e+05
21.212121 -0.090909091 1.722884898500e+05
21.212121 -0.03030303 1.723916836100e+05
21.212121 0.03030303 1.723894582100e+05
21.212121 0.090909091 1.722810288900e+05
21.212121 0.15151515 1.720726108800e+05
21.212121 0.21212121 1.717670754700e+05
21.212121 0.27272727 1.713515882900e+05
21.212121 0.33333333 1.708343000400e+05
21.212121 0.39393939 1.702118219400e+05
21.212121 0.45454545 1.694873408900e+05
21.212121 0.51515152 1.686584857900e+05
21.212121 0.57575758 1.677175826400e+05
21.212121 0.63636364 1.666744455700e+05
21.212121 0.6969697 1.655508471100e+05
21.212121 0.75757576 1.643289062100e+05
21.212121 0.81818182 1.630065390600e+05
21.212121 0.87878788 1.615916855900e+05
21.212121 0.93939394 1.600868461400e+05
21.212121 1 1.584905377300e+05
21.212121 1.0606061 1.568102342400e+05
21.212121 1.1212121 1.550396096300e+05
21.212121 1.1818182 1.531851336100e+05
21.212121 1.2424242 1.512490990600e+05
21.212121 1.3030303 1.492305035900e+05
21.212121 1.3636364 1.471369615200e+05
21.212121 1.4242424 1.449690152700e+05
21.212121 1.4848485 1.427292698700e+05
21.212121 1.5454545 1.404197570100e+05
21.212121 1.6060606 1.380434676800e+05
21.212121 1.6666667 1.356031731000e+05
21.212121 1.7272727 1.331010930400e+05
21.212121 1.7878788 1.305401131600e+05
21.212121 1.8484848 1.279245127800e+05
21.212121 1.9090909 1.252539442000e+05
21.212121 1.969697 1.225310097000e+05
21.212121 2.030303 1.197631998700e+05
21.212121 2.0909091 1.169516337500e+05
21.212121 2.1515152 1.140995944200e+05
21.212121 2.2121212 1.112105181200e+05
21.212121 2.2727273 1.082878127200e+05
21.212121 2.3333333 1.053352967500e+05
21.212121 2.3939394 1.023562143500e+05
21.212121 2.4545455 9.935426815900e+04
21.212121 2.5151515 9.633349079700e+04
21.212121 2.5757576 9.329785057600e+04
21.212121 2.6363636 9.025061696800e+04
21.212121 2.6969697 8.719589409900e+04
21.212121 2.7575758 8.413701576700e+04
21.212121 2.8181818 8.107828885600e+04
21.212121 2.8787879 7.802368706200e+04
21.212121 2.9393939 7.497758772300e+04
21.212121 3 7.194411529200e+04
21.717172 -3 6.519685021900e+04
21.717172 -2.9393939 6.798498345700e+04
21.717172 -2.8787879 7.078787254200e+04
21.717172 -2.8181818 7.359636784400e+04
21.717172 -2.7575758 7.641879739600e+04
21.717172 -2.6969697 7.924135795100e+04
21.717172 -2.6363636 8.205247060300e+04
21.717172 -2.5757576 8.485617917100e+04
21.717172 -2.5151515 8.765006709500e+04
21.717172 -2.4545455 9.042766757400e+04
21.717172 -2.3939394 9.319132135700e+04
21.717172 -2.3333333 9.593365866800e+04
21.717172 -2.2727273 9.865431432200e+04
21.717172 -2.2121212 1.013490097100e+05
21.717172 -2.1515152 1.040135000200e+05
21.717172 -2.0909091 1.066447864200e+05
21.717172 -2.030303 1.092396772500e+05
21.717172 -1.969697 1.117954016200e+05
21.717172 -1.9090909 1.143115518100e+05
21.717172 -1.8484848 1.167790299500e+05
21.717172 -1.7878788 1.191997652200e+05
21.717172 -1.7272727 1.215676046400e+05
21.717172 -1.6666667 1.238789575000e+05
21.717172 -1.6060606 1.261296353700e+05
21.717172 -1.5454545 1.283163003400e+05
21.717172 -1.4848485 1.304381190800e+05
21.717172 -1.4242424 1.324951418000e+05
21.717172 -1.3636364 1.344860077400e+05
21.717172 -1.3030303 1.364095078800e+05
21.717172 -1.2424242 1.382630188400e+05
21.717172 -1.1818182 1.400444618700e+05
21.717172 -1.1212121 1.417505618500e+05
21.717172 -1.0606061 1.433783680100e+05
21.717172 -1 1.449254793000e+05
21.717172 -0.93939394 1.463894455600e+05
21.717172 -0.87878788 1.477692294300e+05
21.717172 -0.81818182 1.490654932900e+05
21.717172 -0.75757576 1.502752259500e+05
21.717172 -0.6969697 1.513946672700e+05
21.717172 -0.63636364 1.524285270100e+05
21.717172 -0.57575758 1.533731940200e+05
21.717172 -0.51515152 1.542276292500e+05
21.717172 -0.45454545 1.549899788400e+05
21.717172 -0.39393939 1.556590906200e+05
21.717172 -0.33333333 1.562438149400e+05
21.717172 -0.27272727 1.567562218500e+05
21.717172 -0.21212121 1.571416219800e+05
21.717172 -0.15151515 1.574213217800e+05
21.717172 -0.090909091 1.576041030100e+05
21.717172 -0.03030303 1.576981440000e+05
21.717172 0.03030303 1.576972790300e+05
21.717172 0.090909091 1.575977594500e+05
21.717172 0.15151515 1.574029437500e+05
21.717172 0.21212121 1.571204363200e+05
21.717172 0.27272727 1.567349463500e+05
21.717172 0.33333333 1.562576782900e+05
21.717172 0.39393939 1.556825557400e+05
21.717172 0.45454545 1.550111233300e+05
21.717172 0.51515152 1.542512253300e+05
21.717172 0.57575758 1.533879181400e+05
21.717172 0.63636364 1.524142567200e+05
21.717172 0.6969697 1.513783517800e+05
21.717172 0.75757576 1.502506281500e+05
21.717172 0.81818182 1.490308307400e+05
21.717172 0.87878788 1.477241937200e+05
21.717172 0.93939394 1.463368568200e+05
21.717172 1 1.448621714500e+05
21.717172 1.0606061 1.433108676500e+05
21.717172 1.1212121 1.416792097200e+05
21.717172 1.1818182 1.399666788600e+05
21.717172 1.2424242 1.381804150400e+05
21.717172 1.3030303 1.363188714600e+05
21.717172 1.3636364 1.343861352300e+05
21.717172 1.4242424 1.323852893800e+05
21.717172 1.4848485 1.303190019600e+05
21.717172 1.5454545 1.281888534200e+05
21.717172 1.6060606 1.259974665200e+05
21.717172 1.6666667 1.237472826900e+05
21.717172 1.7272727 1.214403330200e+05
21.717172 1.7878788 1.190793056100e+05
21.717172 1.8484848 1.166682290200e+05
21.717172 1.9090909 1.142063662300e+05
21.717172 1.969697 1.116970706800e+05
21.717172 2.030303 1.091466848400e+05
21.717172 2.0909091 1.065563575700e+05
21.717172 2.1515152 1.039290773300e+05
21.717172 2.2121212 1.012680932300e+05
21.717172 2.2727273 9.857665619500e+04
21.717172 2.3333333 9.585831785500e+04
21.717172 2.3939394 9.311599951500e+04
21.717172 2.4545455 9.035333607200e+04
21.717172 2.5151515 8.757426726100e+04
21.717172 2.5757576 8.478190702800e+04
21.717172 2.6363636 8.197946749200e+04
21.717172 2.6969697 7.917075433500e+04
21.717172 2.7575758 7.635886568800e+04
21.717172 2.8181818 7.354820672300e+04
21.717172 2.8787879 7.074226800500e+04
21.717172 2.9393939 6.794521323200e+04
21.717172 3 6.516078394000e+04
22.222222 -3 5.913342829500e+04
22.222222 -2.9393939 6.169657568600e+04
22.222222 -2.8787879 6.427485278500e+04
22.222222 -2.8181818 6.685818019700e+04
22.222222 -2.7575758 6.945599459900e+04
22.222222 -2.6969697 7.204933360400e+04
22.222222 -2.6363636 7.463702295000e+04
22.222222 -2.5757576 7.721830600000e+04
22.222222 -2.5151515 7.979141465500e+04
22.222222 -2.4545455 8.234947710700e+04
22.222222 -2.3939394 8.489606512600e+04
22.222222 -2.3333333 8.742453876400e+04
22.222222 -2.2727273 8.993252416800e+04
22.222222 -2.2121212 9.241689890000e+04
22.222222 -2.1515152 9.487363961300e+04
22.222222 -2.0909091 9.730024982000e+04
22.222222 -2.030303 9.969372899900e+04
22.222222 -1.969697 1.020513629900e+05
22.222222 -1.9090909 1.043728987000e+05
22.222222 -1.8484848 1.066500367100e+05
22.222222 -1.7878788 1.088840869000e+05
22.222222 -1.7272727 1.110693537400e+05
22.222222 -1.6666667 1.132023301800e+05
22.222222 -1.6060606 1.152791810400e+05
22.222222 -1.5454545 1.172975378900e+05
22.222222 -1.4848485 1.192570677800e+05
22.222222 -1.4242424 1.211573092500e+05
22.222222 -1.3636364 1.229968795000e+05
22.222222 -1.3030303 1.247742408500e+05
22.222222 -1.2424242 1.264871714400e+05
22.222222 -1.1818182 1.281334262200e+05
22.222222 -1.1212121 1.297097695000e+05
22.222222 -1.0606061 1.312138540600e+05
22.222222 -1 1.326433120300e+05
22.222222 -0.93939394 1.339962342200e+05
22.222222 -0.87878788 1.352715563600e+05
22.222222 -0.81818182 1.364695434300e+05
22.222222 -0.75757576 1.375882823000e+05
22.222222 -0.6969697 1.386233599800e+05
22.222222 -0.63636364 1.395793152000e+05
22.222222 -0.57575758 1.404527886900e+05
22.222222 -0.51515152 1.412427319200e+05
22.222222 -0.45454545 1.419474401400e+05
22.222222 -0.39393939 1.425659692500e+05
22.222222 -0.33333333 1.431122761600e+05
22.222222 -0.27272727 1.435804837500e+05
22.222222 -0.21212121 1.439367966600e+05
22.222222 -0.15151515 1.442005772300e+05
22.222222 -0.090909091 1.443674147900e+05
22.222222 -0.03030303 1.444519413700e+05
22.222222 0.03030303 1.444512943700e+05
22.222222 0.090909091 1.443606999300e+05
22.222222 0.15151515 1.441792661700e+05
22.222222 0.21212121 1.439165141300e+05
22.222222 0.27272727 1.435594246200e+05
22.222222 0.33333333 1.431177067200e+05
22.222222 0.39393939 1.425861841200e+05
22.222222 0.45454545 1.419648828500e+05
22.222222 0.51515152 1.412605071100e+05
22.222222 0.57575758 1.404717325500e+05
22.222222 0.63636364 1.395620116600e+05
22.222222 0.6969697 1.386066322100e+05
22.222222 0.75757576 1.375648050100e+05
22.222222 0.81818182 1.364374577200e+05
22.222222 0.87878788 1.352311994300e+05
22.222222 0.93939394 1.339487164800e+05
22.222222 1 1.325866816800e+05
22.222222 1.0606061 1.311511806900e+05
22.222222 1.1212121 1.296463113400e+05
22.222222 1.1818182 1.280636591600e+05
22.222222 1.2424242 1.264121527600e+05
22.222222 1.3030303 1.246942305100e+05
22.222222 1.3636364 1.229083968800e+05
22.222222 1.4242424 1.210592316900e+05
22.222222 1.4848485 1.191508555100e+05
22.222222 1.5454545 1.171838976700e+05
22.222222 1.6060606 1.151606275700e+05
22.222222 1.6666667 1.130832628200e+05
22.222222 1.7272727 1.109536741900e+05
22.222222 1.7878788 1.087743515700e+05
22.222222 1.8484848 1.065489432100e+05
22.222222 1.9090909 1.042770241400e+05
22.222222 1.969697 1.019619053200e+05
22.222222 2.030303 9.960905710600e+04
22.222222 2.0909091 9.721958086300e+04
22.222222 2.1515152 9.479642927400e+04
22.222222 2.2121212 9.234262774700e+04
22.222222 2.2727273 8.986122254500e+04
22.222222 2.3333333 8.735541354100e+04
22.222222 2.3939394 8.482812573900e+04
22.222222 2.4545455 8.228277151700e+04
22.222222 2.5151515 7.972293939500e+04
22.222222 2.5757576 7.715111636400e+04
22.222222 2.6363636 7.457061168800e+04
22.222222 2.6969697 7.198494853000e+04
22.222222 2.7575758 6.939711598800e+04
22.222222 2.8181818 6.681133887400e+04
22.222222 2.8787879 6.423080008700e+04
22.222222 2.9393939 6.165932668800e+04
22.222222 3 5.910039791700e+04
22.727273 -3 5.370783300600e+04
22.727273 -2.9393939 5.606679451800e+04
22.727273 -2.8787879 5.844211676500e+04
22.727273 -2.8181818 6.082107060100e+04
22.727273 -2.7575758 6.321218158100e+04
22.727273 -2.6969697 6.559880358500e+04
22.727273 -2.6363636 6.798362946400e+04
22.727273 -2.5757576 7.036352039000e+04
22.727273 -2.5151515 7.273579424100e+04
22.727273 -2.4545455 7.509504059400e+04
22.727273 -2.3939394 7.744435335000e+04
22.727273 -2.3333333 7.977802002600e+04
22.727273 -2.2727273 8.209271017900e+04
22.727273 -2.2121212 8.438571462400e+04
22.727273 -2.1515152 8.665351583400e+04
22.727273 -2.0909091 8.889382498500e+04
22.727273 -2.030303 9.110408825500e+04
22.727273 -1.969697 9.328178780500e+04
22.727273 -1.9090909 9.542630693400e+04
22.727273 -1.8484848 9.753017511600e+04
22.727273 -1.7878788 9.959416736300e+04
22.727273 -1.7272727 1.016131490500e+05
22.727273 -1.6666667 1.035836112600e+05
22.727273 -1.6060606 1.055023483800e+05
22.727273 -1.5454545 1.073678164200e+05
22.727273 -1.4848485 1.091796265100e+05
22.727273 -1.4242424 1.109370573700e+05
22.727273 -1.3636364 1.126387570000e+05
22.727273 -1.3030303 1.142830133700e+05
22.727273 -1.2424242 1.158677817100e+05
22.727273 -1.1818182 1.173906767300e+05
22.727273 -1.1212121 1.188488072300e+05
22.727273 -1.0606061 1.202401446400e+05
22.727273 -1 1.215624281800e+05
22.727273 -0.93939394 1.228141624500e+05
22.727273 -0.87878788 1.239942482300e+05
22.727273 -0.81818182 1.251025420400e+05
22.727273 -0.75757576 1.261383465500e+05
22.727273 -0.6969697 1.270966078900e+05
22.727273 -0.63636364 1.279815568000e+05
22.727273 -0.57575758 1.287901015600e+05
22.727273 -0.51515152 1.295211523400e+05
22.727273 -0.45454545 1.301733295000e+05
22.727273 -0.39393939 1.307456779000e+05
22.727273 -0.33333333 1.312592202800e+05
22.727273 -0.27272727 1.316841729400e+05
22.727273 -0.21212121 1.320139520200e+05
22.727273 -0.15151515 1.322612778700e+05
22.727273 -0.090909091 1.324175001100e+05
22.727273 -0.03030303 1.324925827900e+05
22.727273 0.03030303 1.324912870800e+05
22.727273 0.090909091 1.324084642900e+05
22.727273 0.15151515 1.322406310300e+05
22.727273 0.21212121 1.319945274600e+05
22.727273 0.27272727 1.316652737500e+05
22.727273 0.33333333 1.312546187800e+05
22.727273 0.39393939 1.307631495400e+05
22.727273 0.45454545 1.301882093400e+05
22.727273 0.51515152 1.295334150500e+05
22.727273 0.57575758 1.288073752700e+05
22.727273 0.63636364 1.279614708700e+05
22.727273 0.6969697 1.270796121900e+05
22.727273 0.75757576 1.261160336800e+05
22.727273 0.81818182 1.250727257100e+05
22.727273 0.87878788 1.239579106700e+05
22.727273 0.93939394 1.227701014600e+05
22.727273 1 1.215120580500e+05
22.727273 1.0606061 1.201825324400e+05
22.727273 1.1212121 1.187914814000e+05
22.727273 1.1818182 1.173286552900e+05
22.727273 1.2424242 1.157993344800e+05
22.727273 1.3030303 1.142115500100e+05
22.727273 1.3636364 1.125606840700e+05
22.727273 1.4242424 1.108494505800e+05
22.727273 1.4848485 1.090849485300e+05
22.727273 1.5454545 1.072666106100e+05
22.727273 1.6060606 1.053963421500e+05
22.727273 1.6666667 1.034762891400e+05
22.727273 1.7272727 1.015081274300e+05
22.727273 1.7878788 9.949412794400e+04
22.727273 1.8484848 9.743770218400e+04
22.727273 1.9090909 9.533882103000e+04
22.727273 1.969697 9.320031895300e+04
22.727273 2.030303 9.102709166000e+04
22.727273 2.0909091 8.882026802000e+04
22.727273 2.1515152 8.658280768200e+04
22.727273 2.2121212 8.431745198700e+04
22.727273 2.2727273 8.202703492500e+04
22.727273 2.3333333 7.971442885600e+04
22.727273 2.3939394 7.738275073500e+04
22.727273 2.4545455 7.503491458900e+04
22.727273 2.5151515 7.267405136000e+04
22.727273 2.5757576 7.030253519900e+04
22.727273 2.6363636 6.792357055700e+04
22.727273 2.6969697 6.554043256600e+04
22.727273 2.7575758 6.315617496100e+04
22.727273 2.8181818 6.077450601200e+04
22.727273 2.8787879 5.839851074000e+04
22.727273 2.9393939 5.603163945800e+04
22.727273 3 5.367723664600e+04
23.232323 -3 4.884526112100e+04
23.232323 -2.9393939 5.101916571800e+04
23.232323 -2.8787879 5.320956527800e+04
23.232323 -2.8181818 5.540259549700e+04
23.232323 -2.7575758 5.760426122700e+04
23.232323 -2.6969697 5.980506423900e+04
23.232323 -2.6363636 6.200539058000e+04
23.232323 -2.5757576 6.420182472200e+04
23.232323 -2.5151515 6.639131916300e+04
23.232323 -2.4545455 6.857030940500e+04
23.232323 -2.3939394 7.074009660500e+04
23.232323 -2.3333333 7.289605925700e+04
23.232323 -2.2727273 7.503473573100e+04
23.232323 -2.2121212 7.715341118600e+04
23.232323 -2.1515152 7.924916723200e+04
23.232323 -2.0909091 8.131976827100e+04
23.232323 -2.030303 8.336318607100e+04
23.232323 -1.969697 8.537713644500e+04
23.232323 -1.9090909 8.736052516600e+04
23.232323 -1.8484848 8.930636797500e+04
23.232323 -1.7878788 9.121525476800e+04
23.232323 -1.7272727 9.308251051000e+04
23.232323 -1.6666667 9.490479679300e+04
23.232323 -1.6060606 9.667966422600e+04
23.232323 -1.5454545 9.840601054300e+04
23.232323 -1.4848485 1.000831015500e+05
23.232323 -1.4242424 1.017103187700e+05
23.232323 -1.3636364 1.032862124500e+05
23.232323 -1.3030303 1.048090806000e+05
23.232323 -1.2424242 1.062767954100e+05
23.232323 -1.1818182 1.076870151700e+05
23.232323 -1.1212121 1.090373495500e+05
23.232323 -1.0606061 1.103258004500e+05
23.232323 -1 1.115503543600e+05
23.232323 -0.93939394 1.127097440300e+05
23.232323 -0.87878788 1.138028917800e+05
23.232323 -0.81818182 1.148293428500e+05
23.232323 -0.75757576 1.157894139000e+05
23.232323 -0.6969697 1.166775191500e+05
23.232323 -0.63636364 1.174976552300e+05
23.232323 -0.57575758 1.182468779900e+05
23.232323 -0.51515152 1.189241377300e+05
23.232323 -0.45454545 1.195283802500e+05
23.232323 -0.39393939 1.200585714400e+05
23.232323 -0.33333333 1.205418087700e+05
23.232323 -0.27272727 1.209281164700e+05
23.232323 -0.21212121 1.212335836400e+05
23.232323 -0.15151515 1.214631020500e+05
23.232323 -0.090909091 1.216118881800e+05
23.232323 -0.03030303 1.216794449600e+05
23.232323 0.03030303 1.216766623600e+05
23.232323 0.090909091 1.216001036900e+05
23.232323 0.15151515 1.214455218600e+05
23.232323 0.21212121 1.212146042900e+05
23.232323 0.27272727 1.209111218500e+05
23.232323 0.33333333 1.205287852100e+05
23.232323 0.39393939 1.200736364900e+05
23.232323 0.45454545 1.195408186400e+05
23.232323 0.51515152 1.189333288300e+05
23.232323 0.57575758 1.182582252800e+05
23.232323 0.63636364 1.174778964800e+05
23.232323 0.6969697 1.166602552400e+05
23.232323 0.75757576 1.157682092000e+05
23.232323 0.81818182 1.148016909000e+05
23.232323 0.87878788 1.137695278200e+05
23.232323 0.93939394 1.126684970000e+05
23.232323 1 1.115049872200e+05
23.232323 1.0606061 1.102739298900e+05
23.232323 1.1212121 1.089845393800e+05
23.232323 1.1818182 1.076319643300e+05
23.232323 1.2424242 1.062145338800e+05
23.232323 1.3030303 1.047444624900e+05
23.232323 1.3636364 1.032173116200e+05
23.232323 1.4242424 1.016320966100e+05
23.232323 1.4848485 9.999876422700e+04
23.232323 1.5454545 9.831591821000e+04
23.232323 1.6060606 9.658508744300e+04
23.232323 1.6666667 9.480839902000e+04
23.232323 1.7272727 9.298735595300e+04
23.232323 1.7878788 9.112401694900e+04
23.232323 1.8484848 8.922168810000e+04
23.232323 1.9090909 8.728051912800e+04
23.232323 1.969697 8.530281554500e+04
23.232323 2.030303 8.329312268900e+04
23.232323 2.0909091 8.125269780000e+04
23.232323 2.1515152 7.918439785100e+04
23.232323 2.2121212 7.709065156300e+04
23.232323 2.2727273 7.497414468800e+04
23.232323 2.3333333 7.283749903600e+04
23.232323 2.3939394 7.068391678000e+04
23.232323 2.4545455 6.851573578700e+04
23.232323 2.5151515 6.633571706400e+04
23.232323 2.5757576 6.414642531900e+04
23.232323 2.6363636 6.195077361700e+04
23.232323 2.6969697 5.975183096600e+04
23.232323 2.7575758 5.755272022700e+04
23.232323 2.8181818 5.535654385700e+04
23.232323 2.8787879 5.316639224300e+04
23.232323 2.9393939 5.098538616300e+04
23.232323 3 4.881674213100e+04
23.737374 -3 4.448058003000e+04
23.737374 -2.9393939 4.648684358700e+04
23.737374 -2.8787879 4.850706997800e+04
23.737374 -2.8181818 5.053079347200e+04
23.737374 -2.7575758 5.256078445900e+04
23.737374 -2.6969697 5.459328133000e+04
23.737374 -2.6363636 5.662560668200e+04
23.737374 -2.5757576 5.865483587000e+04
23.737374 -2.5151515 6.067773350000e+04
23.737374 -2.4545455 6.269280961800e+04
23.737374 -2.3939394 6.469907919500e+04
23.737374 -2.3333333 6.669287379400e+04
23.737374 -2.2727273 6.867101635200e+04
23.737374 -2.2121212 7.063073164900e+04
23.737374 -2.1515152 7.256961877300e+04
23.737374 -2.0909091 7.448555224000e+04
23.737374 -2.030303 7.637690260300e+04
23.737374 -1.969697 7.824151494200e+04
23.737374 -1.9090909 8.007791967600e+04
23.737374 -1.8484848 8.187951478400e+04
23.737374 -1.7878788 8.364677674000e+04
23.737374 -1.7272727 8.537539530000e+04
23.737374 -1.6666667 8.706254270800e+04
23.737374 -1.6060606 8.870636376000e+04
23.737374 -1.5454545 9.030582433300e+04
23.737374 -1.4848485 9.185994272900e+04
23.737374 -1.4242424 9.336825225400e+04
23.737374 -1.3636364 9.482922372000e+04
23.737374 -1.3030303 9.624120174800e+04
23.737374 -1.2424242 9.760185102300e+04
23.737374 -1.1818182 9.890909757400e+04
23.737374 -1.1212121 1.001609736200e+05
23.737374 -1.0606061 1.013554577900e+05
23.737374 -1 1.024907738100e+05
23.737374 -0.93939394 1.035657863800e+05
23.737374 -0.87878788 1.045794857400e+05
23.737374 -0.81818182 1.055313001700e+05
23.737374 -0.75757576 1.064219899900e+05
23.737374 -0.6969697 1.072459176000e+05
23.737374 -0.63636364 1.080067982700e+05
23.737374 -0.57575758 1.087017278900e+05
23.737374 -0.51515152 1.093298512500e+05
23.737374 -0.45454545 1.098902728500e+05
23.737374 -0.39393939 1.103819216700e+05
23.737374 -0.33333333 1.108346524900e+05
23.737374 -0.27272727 1.111887188000e+05
23.737374 -0.21212121 1.114719098600e+05
23.737374 -0.15151515 1.116841500800e+05
23.737374 -0.090909091 1.118252436700e+05
23.737374 -0.03030303 1.118886445000e+05
23.737374 0.03030303 1.118837257700e+05
23.737374 0.090909091 1.118122293000e+05
23.737374 0.15151515 1.116696319000e+05
23.737374 0.21212121 1.114541370600e+05
23.737374 0.27272727 1.111724711100e+05
23.737374 0.33333333 1.108174963000e+05
23.737374 0.39393939 1.103948806400e+05
23.737374 0.45454545 1.099005060000e+05
23.737374 0.51515152 1.093372530700e+05
23.737374 0.57575758 1.087074497800e+05
23.737374 0.63636364 1.079921769800e+05
23.737374 0.6969697 1.072285057400e+05
23.737374 0.75757576 1.064019510200e+05
23.737374 0.81818182 1.055054609600e+05
23.737374 0.87878788 1.045485344100e+05
23.737374 0.93939394 1.035276901800e+05
23.737374 1 1.024489162800e+05
23.737374 1.0606061 1.013095272400e+05
23.737374 1.1212121 1.001118050300e+05
23.737374 1.1818182 9.885965094500e+04
23.737374 1.2424242 9.754545204800e+04
23.737374 1.3030303 9.618247995100e+04
23.737374 1.3636364 9.476794895800e+04
23.737374 1.4242424 9.329849283300e+04
23.737374 1.4848485 9.178483441800e+04
23.737374 1.5454545 9.022564338800e+04
23.737374 1.6060606 8.862209108300e+04
23.737374 1.6666667 8.697620034200e+04
23.737374 1.7272727 8.528940744200e+04
23.737374 1.7878788 8.356360487400e+04
23.737374 1.8484848 8.180194629500e+04
23.737374 1.9090909 8.000459348000e+04
23.737374 1.969697 7.817348487800e+04
23.737374 2.030303 7.631294401900e+04
23.737374 2.0909091 7.442434512500e+04
23.737374 2.1515152 7.251032974200e+04
23.737374 2.2121212 7.057305114000e+04
23.737374 2.2727273 6.861513341600e+04
23.737374 2.3333333 6.663900431800e+04
23.737374 2.3939394 6.464764661100e+04
23.737374 2.4545455 6.264303094700e+04
23.737374 2.5151515 6.062773340000e+04
23.737374 2.5757576 5.860441393100e+04
23.737374 2.6363636 5.657573922900e+04
23.737374 2.6969697 5.454460260100e+04
23.737374 2.7575758 5.251400285300e+04
23.737374 2.8181818 5.048663738200e+04
23.737374 2.8787879 4.846556724400e+04
23.737374 2.9393939 4.645366345600e+04
23.737374 3 4.445390440700e+04
24.242424 -3 4.055721313800e+04
24.242424 -2.9393939 4.241074897500e+04
24.242424 -2.8787879 4.427432397500e+04
24.242424 -2.8181818 4.614378426800e+04
24.242424 -2.7575758 4.801901078500e+04
24.242424 -2.6969697 4.989793138600e+04
24.242424 -2.6363636 5.177710858800e+04
24.242424 -2.5757576 5.365395446500e+04
24.242424 -2.5151515 5.552493921600e+04
24.242424 -2.4545455 5.739043031600e+04
24.242424 -2.3939394 5.924756525900e+04
24.242424 -2.3333333 6.109329710500e+04
24.242424 -2.2727273 6.292481606900e+04
24.242424 -2.2121212 6.473945794500e+04
24.242424 -2.1515152 6.653516872200e+04
24.242424 -2.0909091 6.831005021800e+04
24.242424 -2.030303 7.006263158600e+04
24.242424 -1.969697 7.179077852800e+04
24.242424 -1.9090909 7.349280681700e+04
24.242424 -1.8484848 7.516262553200e+04
24.242424 -1.7878788 7.680040774400e+04
24.242424 -1.7272727 7.840229548700e+04
24.242424 -1.6666667 7.996613967100e+04
24.242424 -1.6060606 8.149038543400e+04
24.242424 -1.5454545 8.297388241000e+04
24.242424 -1.4848485 8.441565136700e+04
24.242424 -1.4242424 8.581522283800e+04
24.242424 -1.3636364 8.717108827700e+04
24.242424 -1.3030303 8.848156952200e+04
24.242424 -1.2424242 8.974420357200e+04
24.242424 -1.1818182 9.095728586500e+04
24.242424 -1.1212121 9.211908747500e+04
24.242424 -1.0606061 9.322766847500e+04
24.242424 -1 9.428139080000e+04
24.242424 -0.93939394 9.527921772000e+04
24.242424 -0.87878788 9.622025026300e+04
24.242424 -0.81818182 9.710393807400e+04
24.242424 -0.75757576 9.793095394600e+04
24.242424 -0.6969697 9.869611300700e+04
24.242424 -0.63636364 9.940271384400e+04
24.242424 -0.57575758 1.000479146700e+05
24.242424 -0.51515152 1.006311078000e+05
24.242424 -0.45454545 1.011513965900e+05
24.242424 -0.39393939 1.016077846700e+05
24.242424 -0.33333333 1.020294736000e+05
24.242424 -0.27272727 1.023570695600e+05
24.242424 -0.21212121 1.026198854500e+05
24.242424 -0.15151515 1.028166853400e+05
24.242424 -0.090909091 1.029485558000e+05
24.242424 -0.03030303 1.030102507400e+05
24.242424 0.03030303 1.030037157100e+05
24.242424 0.090909091 1.029362650700e+05
24.242424 0.15151515 1.028039810300e+05
24.242424 0.21212121 1.026042481500e+05
24.242424 0.27272727 1.023409079900e+05
24.242424 0.33333333 1.020120591300e+05
24.242424 0.39393939 1.016188534800e+05
24.242424 0.45454545 1.011597602300e+05
24.242424 0.51515152 1.006368702900e+05
24.242424 0.57575758 1.000505929000e+05
24.242424 0.63636364 9.939560638700e+04
24.242424 0.6969697 9.867975777300e+04
24.242424 0.75757576 9.791213911500e+04
24.242424 0.81818182 9.707943361700e+04
24.242424 0.87878788 9.619152276100e+04
24.242424 0.93939394 9.524469026700e+04
24.242424 1 9.424220384100e+04
24.242424 1.0606061 9.318712215200e+04
24.242424 1.1212121 9.207338150700e+04
24.242424 1.1818182 9.091205452300e+04
24.242424 1.2424242 8.969339247200e+04
24.242424 1.3030303 8.842830366000e+04
24.242424 1.3636364 8.711601537100e+04
24.242424 1.4242424 8.575318992100e+04
24.242424 1.4848485 8.434877436700e+04
24.242424 1.5454545 8.290254441200e+04
24.242424 1.6060606 8.141533022100e+04
24.242424 1.6666667 7.988892926600e+04
24.242424 1.7272727 7.832480269400e+04
24.242424 1.7878788 7.672471293400e+04
24.242424 1.8484848 7.509155512100e+04
24.242424 1.9090909 7.342546579400e+04
24.242424 1.969697 7.172823923600e+04
24.242424 2.030303 7.000397458700e+04
24.242424 2.0909091 6.825407749600e+04
24.242424 2.1515152 6.648092642900e+04
24.242424 2.2121212 6.468651205000e+04
24.242424 2.2727273 6.287340340700e+04
24.242424 2.3333333 6.104383958200e+04
24.242424 2.3939394 5.920037215900e+04
24.242424 2.4545455 5.734488729900e+04
24.242424 2.5151515 5.547990477000e+04
24.242424 2.5757576 5.360794277700e+04
24.242424 2.6363636 5.173156561300e+04
24.242424 2.6969697 4.985349107700e+04
24.242424 2.7575758 4.797641823400e+04
24.242424 2.8181818 4.610290100100e+04
24.242424 2.8787879 4.423587238300e+04
24.242424 2.9393939 4.237798992500e+04
24.242424 3 4.053191673400e+04
24.747475 -3 3.702574345400e+04
24.747475 -2.9393939 3.873884078900e+04
24.747475 -2.8787879 4.045949957000e+04
24.747475 -2.8181818 4.218829056800e+04
24.747475 -2.7575758 4.392325383100e+04
24.747475 -2.6969697 4.566183096500e+04
24.747475 -2.6363636 4.740123149400e+04
24.747475 -2.5757576 4.913898945800e+04
24.747475 -2.5151515 5.087149763200e+04
24.747475 -2.4545455 5.260009020700e+04
24.747475 -2.3939394 5.432096562900e+04
24.747475 -2.3333333 5.603136335100e+04
24.747475 -2.2727273 5.772880719600e+04
24.747475 -2.2121212 5.941092669800e+04
24.747475 -2.1515152 6.107586114200e+04
24.747475 -2.0909091 6.272196352200e+04
24.747475 -2.030303 6.434769981600e+04
24.747475 -1.969697 6.595094874200e+04
24.747475 -1.9090909 6.752993988000e+04
24.747475 -1.8484848 6.907922880300e+04
24.747475 -1.7878788 7.059847736000e+04
24.747475 -1.7272727 7.208453908600e+04
24.747475 -1.6666667 7.353576726300e+04
24.747475 -1.6060606 7.495068426400e+04
24.747475 -1.5454545 7.632804993200e+04
24.747475 -1.4848485 7.766703540200e+04
24.747475 -1.4242424 7.896705319200e+04
24.747475 -1.3636364 8.022665644500e+04
24.747475 -1.3030303 8.144407377200e+04
24.747475 -1.2424242 8.261693217800e+04
24.747475 -1.1818182 8.374382382300e+04
24.747475 -1.1212121 8.482312240800e+04
24.747475 -1.0606061 8.585306702100e+04
24.747475 -1 8.683209439800e+04
24.747475 -0.93939394 8.775923279500e+04
24.747475 -0.87878788 8.863374428500e+04
24.747475 -0.81818182 8.945509459300e+04
24.747475 -0.75757576 9.022368876800e+04
24.747475 -0.6969697 9.093497352100e+04
24.747475 -0.63636364 9.159175669500e+04
24.747475 -0.57575758 9.219140523600e+04
24.747475 -0.51515152 9.273343541700e+04
24.747475 -0.45454545 9.321692022200e+04
24.747475 -0.39393939 9.364103936700e+04
24.747475 -0.33333333 9.403267895500e+04
24.747475 -0.27272727 9.433750340400e+04
24.747475 -0.21212121 9.458170079100e+04
24.747475 -0.15151515 9.476471448400e+04
24.747475 -0.090909091 9.488689693700e+04
24.747475 -0.03030303 9.494699558200e+04
24.747475 0.03030303 9.494070115500e+04
24.747475 0.090909091 9.487632479700e+04
24.747475 0.15151515 9.475288896800e+04
24.747475 0.21212121 9.456815365000e+04
24.747475 0.27272727 9.432178975500e+04
24.747475 0.33333333 9.401626669500e+04
24.747475 0.39393939 9.365034302000e+04
24.747475 0.45454545 9.322366766900e+04
24.747475 0.51515152 9.273762808800e+04
24.747475 0.57575758 9.219276866900e+04
24.747475 0.63636364 9.159017962600e+04
24.747475 0.6969697 9.092190772800e+04
24.747475 0.75757576 9.020611810200e+04
24.747475 0.81818182 8.943153791800e+04
24.747475 0.87878788 8.860703826900e+04
24.747475 0.93939394 8.772808538800e+04
24.747475 1 8.679567440300e+04
24.747475 1.0606061 8.581685396500e+04
24.747475 1.1212121 8.478100982300e+04
24.747475 1.1818182 8.370190145900e+04
24.747475 1.2424242 8.257154033900e+04
24.747475 1.3030303 8.139594521100e+04
24.747475 1.3636364 8.017683335800e+04
24.747475 1.4242424 7.891215398600e+04
24.747475 1.4848485 7.760754452900e+04
24.747475 1.5454545 7.626460068200e+04
24.747475 1.6060606 7.488383289400e+04
24.747475 1.6666667 7.346675596700e+04
24.747475 1.7272727 7.201485687300e+04
24.747475 1.7878788 7.052976179200e+04
24.747475 1.8484848 6.901408384100e+04
24.747475 1.9090909 6.746796555700e+04
24.747475 1.969697 6.589323744100e+04
24.747475 2.030303 6.429366706700e+04
24.747475 2.0909091 6.267061253900e+04
24.747475 2.1515152 6.102621119500e+04
24.747475 2.2121212 5.936243835200e+04
24.747475 2.2727273 5.768170292600e+04
24.747475 2.3333333 5.598602728600e+04
24.747475 2.3939394 5.427757632500e+04
24.747475 2.4545455 5.255829774600e+04
24.747475 2.5151515 5.083065144300e+04
24.747475 2.5757576 4.909691716900e+04
24.747475 2.6363636 4.735961728600e+04
24.747475 2.6969697 4.562126978100e+04
24.747475 2.7575758 4.388427352100e+04
24.747475 2.8181818 4.215115328100e+04
24.747475 2.8787879 4.042464006200e+04
24.747475 2.9393939 3.870714922200e+04
24.747475 3 3.700108117700e+04
25.252525 -3 3.384246281000e+04
25.252525 -2.9393939 3.542595094400e+04
25.252525 -2.8787879 3.701722447000e+04
25.252525 -2.8181818 3.861760040000e+04
25.252525 -2.7575758 4.022441298800e+04
25.252525 -2.6969697 4.183481039600e+04
25.252525 -2.6363636 4.344648290900e+04
25.252525 -2.5757576 4.505707308500e+04
25.252525 -2.5151515 4.666327291800e+04
25.252525 -2.4545455 4.826637922300e+04
25.252525 -2.3939394 4.986253873600e+04
25.252525 -2.3333333 5.144908415500e+04
25.252525 -2.2727273 5.302383610800e+04
25.252525 -2.2121212 5.458477861700e+04
25.252525 -2.1515152 5.613015073600e+04
25.252525 -2.0909091 5.765848236800e+04
25.252525 -2.030303 5.916808200100e+04
25.252525 -1.969697 6.065688962900e+04
25.252525 -1.9090909 6.212310003200e+04
25.252525 -1.8484848 6.356199143600e+04
25.252525 -1.7878788 6.497264253500e+04
25.252525 -1.7272727 6.635281841500e+04
25.252525 -1.6666667 6.770103169600e+04
25.252525 -1.6060606 6.901580307400e+04
25.252525 -1.5454545 7.029593586800e+04
25.252525 -1.4848485 7.154074941600e+04
25.252525 -1.4242424 7.274952015500e+04
25.252525 -1.3636364 7.392082474000e+04
25.252525 -1.3030303 7.505281318500e+04
25.252525 -1.2424242 7.614339198300e+04
25.252525 -1.1818182 7.719129468700e+04
25.252525 -1.1212121 7.819495343800e+04
25.252525 -1.0606061 7.915280862900e+04
25.252525 -1 8.006336683400e+04
25.252525 -0.93939394 8.092570429000e+04
25.252525 -0.87878788 8.173925223800e+04
25.252525 -0.81818182 8.250341768800e+04
25.252525 -0.75757576 8.321844502700e+04
25.252525 -0.6969697 8.388027915800e+04
25.252525 -0.63636364 8.449128704600e+04
25.252525 -0.57575758 8.504917853900e+04
25.252525 -0.51515152 8.555342138100e+04
25.252525 -0.45454545 8.600312977000e+04
25.252525 -0.39393939 8.639768920800e+04
25.252525 -0.33333333 8.676173117300e+04
25.252525 -0.27272727 8.704564411700e+04
25.252525 -0.21212121 8.727281512600e+04
25.252525 -0.15151515 8.744316525700e+04
25.252525 -0.090909091 8.755649034700e+04
25.252525 -0.03030303 8.761364191800e+04
25.252525 0.03030303 8.760941962100e+04
25.252525 0.090909091 8.754775564400e+04
25.252525 0.15151515 8.743199719000e+04
25.252525 0.21212121 8.726062323400e+04
25.252525 0.27272727 8.703117630100e+04
25.252525 0.33333333 8.674563285600e+04
25.252525 0.39393939 8.640528997800e+04
25.252525 0.45454545 8.600839657000e+04
25.252525 0.51515152 8.555627178000e+04
25.252525 0.57575758 8.504957267100e+04
25.252525 0.63636364 8.449104573400e+04
25.252525 0.6969697 8.387195328100e+04
25.252525 0.75757576 8.320254779000e+04
25.252525 0.81818182 8.248054667900e+04
25.252525 0.87878788 8.171427960100e+04
25.252525 0.93939394 8.089727389600e+04
25.252525 1 8.003015725400e+04
25.252525 1.0606061 7.911982295400e+04
25.252525 1.1212121 7.815656452800e+04
25.252525 1.1818182 7.715233707900e+04
25.252525 1.2424242 7.610307720900e+04
25.252525 1.3030303 7.500952871400e+04
25.252525 1.3636364 7.387573847000e+04
25.252525 1.4242424 7.270109052100e+04
25.252525 1.4848485 7.148793981400e+04
25.252525 1.5454545 7.023951418600e+04
25.252525 1.6060606 6.895623840700e+04
25.252525 1.6666667 6.763932093100e+04
25.252525 1.7272727 6.629021947900e+04
25.252525 1.7878788 6.491040425800e+04
25.252525 1.8484848 6.350224868400e+04
25.252525 1.9090909 6.206596470000e+04
25.252525 1.969697 6.060349650800e+04
25.252525 2.030303 5.911814833900e+04
25.252525 2.0909091 5.761121151200e+04
25.252525 2.1515152 5.608463924900e+04
25.252525 2.2121212 5.454047642800e+04
25.252525 2.2727273 5.298085528900e+04
25.252525 2.3333333 5.140756922100e+04
25.252525 2.3939394 4.982259474100e+04
25.252525 2.4545455 4.822792234100e+04
25.252525 2.5151515 4.662587524600e+04
25.252525 2.5757576 4.501855194800e+04
25.252525 2.6363636 4.340839034300e+04
25.252525 2.6969697 4.179770581000e+04
25.252525 2.7575758 4.018871196700e+04
25.252525 2.8181818 3.858386144500e+04
25.252525 2.8787879 3.698565663400e+04
25.252525 2.9393939 3.539624765000e+04
25.252525 3 3.381789668000e+04
25.757576 -3 3.096859915500e+04
25.757576 -2.9393939 3.243312642800e+04
25.757576 -2.8787879 3.390711075500e+04
25.757576 -2.8181818 3.539010045600e+04
25.757576 -2.7575758 3.687947069500e+04
25.757576 -2.6969697 3.837268837800e+04
25.757576 -2.6363636 3.986750480100e+04
25.757576 -2.5757576 4.136169135200e+04
25.757576 -2.5151515 4.285243732000e+04
25.757576 -2.4545455 4.434045198800e+04
25.757576 -2.3939394 4.582230449500e+04
25.757576 -2.3333333 4.729540316200e+04
25.757576 -2.2727273 4.875782412200e+04
25.757576 -2.2121212 5.020784826000e+04
25.757576 -2.1515152 5.164376250200e+04
25.757576 -2.0909091 5.306418365000e+04
25.757576 -2.030303 5.446731390000e+04
25.757576 -1.969697 5.585116347700e+04
25.757576 -1.9090909 5.721388549500e+04
25.757576 -1.8484848 5.855152689800e+04
25.757576 -1.7878788 5.986267207900e+04
25.757576 -1.7272727 6.114593054500e+04
25.757576 -1.6666667 6.239974413200e+04
25.757576 -1.6060606 6.362265262400e+04
25.757576 -1.5454545 6.481361082300e+04
25.757576 -1.4848485 6.597202857000e+04
25.757576 -1.4242424 6.709706665200e+04
25.757576 -1.3636364 6.818725335900e+04
25.757576 -1.3030303 6.924078085900e+04
25.757576 -1.2424242 7.025587287200e+04
25.757576 -1.1818182 7.123129345600e+04
25.757576 -1.1212121 7.216553910000e+04
25.757576 -1.0606061 7.305721800500e+04
25.757576 -1 7.390492123500e+04
25.757576 -0.93939394 7.470780854900e+04
25.757576 -0.87878788 7.546540696900e+04
25.757576 -0.81818182 7.617703850100e+04
25.757576 -0.75757576 7.684293646400e+04
25.757576 -0.6969697 7.745931441400e+04
25.757576 -0.63636364 7.802824913000e+04
25.757576 -0.57575758 7.854778971900e+04
25.757576 -0.51515152 7.901729560900e+04
25.757576 -0.45454545 7.943599272900e+04
25.757576 -0.39393939 7.980342386800e+04
25.757576 -0.33333333 8.014250454700e+04
25.757576 -0.27272727 8.040682561800e+04
25.757576 -0.21212121 8.061838852000e+04
25.757576 -0.15151515 8.077702104400e+04
25.757576 -0.090909091 8.088254928100e+04
25.757576 -0.03030303 8.093571396300e+04
25.757576 0.03030303 8.093400411200e+04
25.757576 0.090909091 8.087573866600e+04
25.757576 0.15151515 8.076658144500e+04
25.757576 0.21212121 8.060697599400e+04
25.757576 0.27272727 8.039393160800e+04
25.757576 0.33333333 8.012612637300e+04
25.757576 0.39393939 7.980936732100e+04
25.757576 0.45454545 7.943980041000e+04
25.757576 0.51515152 7.901903987800e+04
25.757576 0.57575758 7.854719274800e+04
25.757576 0.63636364 7.802641392200e+04
25.757576 0.6969697 7.745491479000e+04
25.757576 0.75757576 7.682980181900e+04
25.757576 0.81818182 7.615468562200e+04
25.757576 0.87878788 7.544189765900e+04
25.757576 0.93939394 7.468148087400e+04
25.757576 1 7.387497359000e+04
25.757576 1.0606061 7.302664723000e+04
25.757576 1.1212121 7.213087539700e+04
25.757576 1.1818182 7.119526577200e+04
25.757576 1.2424242 7.021989286100e+04
25.757576 1.3030303 6.920213500900e+04
25.757576 1.3636364 6.814656938500e+04
25.757576 1.4242424 6.705421819500e+04
25.757576 1.4848485 6.592529050000e+04
25.757576 1.5454545 6.476343092600e+04
25.757576 1.6060606 6.356955546100e+04
25.757576 1.6666667 6.234449757200e+04
25.757576 1.7272727 6.108965375200e+04
25.757576 1.7878788 5.980634705300e+04
25.757576 1.8484848 5.849673497900e+04
25.757576 1.9090909 5.716116938100e+04
25.757576 1.969697 5.580169632100e+04
25.757576 2.030303 5.442106851100e+04
25.757576 2.0909091 5.302055931800e+04
25.757576 2.1515152 5.160198271600e+04
25.757576 2.2121212 5.016741591300e+04
25.757576 2.2727273 4.871869784400e+04
25.757576 2.3333333 4.725743275500e+04
25.757576 2.3939394 4.578556037600e+04
25.757576 2.4545455 4.430502574100e+04
25.757576 2.5151515 4.281797261400e+04
25.757576 2.5757576 4.132638933600e+04
25.757576 2.6363636 3.983256182900e+04
25.757576 2.6969697 3.833865624500e+04
25.757576 2.7575758 3.684678580300e+04
25.757576 2.8181818 3.535924458800e+04
25.757576 2.8787879 3.387830019300e+04
25.757576 2.9393939 3.240589523600e+04
25.757576 3 3.094423736700e+04
26.262626 -3 2.837013585100e+04
26.262626 -2.9393939 2.972637585400e+04
26.262626 -2.8787879 3.109328854000e+04
26.262626 -2.8181818 3.246882146500e+04
26.262626 -2.7575758 3.385061886300e+04
26.262626 -2.6969697 3.523652619900e+04
26.262626 -2.6363636 3.662430428900e+04
26.262626 -2.5757576 3.801183013200e+04
26.262626 -2.5151515 3.939676843100e+04
26.262626 -2.4545455 4.077921268900e+04
26.262626 -2.3939394 4.215620336900e+04
26.262626 -2.3333333 4.352530996500e+04
26.262626 -2.2727273 4.488482188800e+04
26.262626 -2.2121212 4.623319555800e+04
26.262626 -2.1515152 4.756874281400e+04
26.262626 -2.0909091 4.889011078400e+04
26.262626 -2.030303 5.019552547700e+04
26.262626 -1.969697 5.148302669400e+04
26.262626 -1.9090909 5.275071130200e+04
26.262626 -1.8484848 5.399538636700e+04
26.262626 -1.7878788 5.521534371200e+04
26.262626 -1.7272727 5.640972572000e+04
26.262626 -1.6666667 5.757688617600e+04
26.262626 -1.6060606 5.871544596500e+04
26.262626 -1.5454545 5.982453436800e+04
26.262626 -1.4848485 6.090359300000e+04
26.262626 -1.4242424 6.195169126300e+04
26.262626 -1.3636364 6.296726896800e+04
26.262626 -1.3030303 6.394871085700e+04
26.262626 -1.2424242 6.489445676400e+04
26.262626 -1.1818182 6.580328321700e+04
26.262626 -1.1212121 6.667376340800e+04
26.262626 -1.0606061 6.750461817100e+04
26.262626 -1 6.829454420900e+04
26.262626 -0.93939394 6.904283900500e+04
26.262626 -0.87878788 6.974901170400e+04
26.262626 -0.81818182 7.041235105400e+04
26.262626 -0.75757576 7.103313109600e+04
26.262626 -0.6969697 7.160767051900e+04
26.262626 -0.63636364 7.213792900600e+04
26.262626 -0.57575758 7.262217003100e+04
26.262626 -0.51515152 7.305971979800e+04
26.262626 -0.45454545 7.344992989500e+04
26.262626 -0.39393939 7.379241268700e+04
26.262626 -0.33333333 7.410865039800e+04
26.262626 -0.27272727 7.435488672300e+04
26.262626 -0.21212121 7.455209871000e+04
26.262626 -0.15151515 7.469994540900e+04
26.262626 -0.090909091 7.479839252800e+04
26.262626 -0.03030303 7.484756754100e+04
26.262626 0.03030303 7.484741876100e+04
26.262626 0.090909091 7.479373948200e+04
26.262626 0.15151515 7.469031672800e+04
26.262626 0.21212121 7.454135522600e+04
26.262626 0.27272727 7.434322787200e+04
26.262626 0.33333333 7.409235317500e+04
26.262626 0.39393939 7.379681686300e+04
26.262626 0.45454545 7.345233162000e+04
26.262626 0.51515152 7.306053320600e+04
26.262626 0.57575758 7.262072887300e+04
26.262626 0.63636364 7.213416205100e+04
26.262626 0.6969697 7.160464902300e+04
26.262626 0.75757576 7.102375221600e+04
26.262626 0.81818182 7.039037522800e+04
26.262626 0.87878788 6.972676257000e+04
26.262626 0.93939394 6.901828690800e+04
26.262626 1 6.826736849300e+04
26.262626 1.0606061 6.747606269800e+04
26.262626 1.1212121 6.664259296300e+04
26.262626 1.1818182 6.577021774900e+04
26.262626 1.2424242 6.486184998100e+04
26.262626 1.3030303 6.391447544200e+04
26.262626 1.3636364 6.293068516400e+04
26.262626 1.4242424 6.191341833900e+04
26.262626 1.4848485 6.086231414100e+04
26.262626 1.5454545 5.977988709800e+04
26.262626 1.6060606 5.866808720900e+04
26.262626 1.6666667 5.752735268000e+04
26.262626 1.7272727 5.635902642500e+04
26.262626 1.7878788 5.516431812600e+04
26.262626 1.8484848 5.394515676500e+04
26.262626 1.9090909 5.270208546500e+04
26.262626 1.969697 5.143718206600e+04
26.262626 2.030303 5.015264481500e+04
26.262626 2.0909091 4.884980226500e+04
26.262626 2.1515152 4.753034649900e+04
26.262626 2.2121212 4.619626784300e+04
26.262626 2.2727273 4.484919807200e+04
26.262626 2.3333333 4.349063266600e+04
26.262626 2.3939394 4.212249569500e+04
26.262626 2.4545455 4.074661349600e+04
26.262626 2.5151515 3.936497049800e+04
26.262626 2.5757576 3.797946487400e+04
26.262626 2.6363636 3.659219570900e+04
26.262626 2.6969697 3.520525931600e+04
26.262626 2.7575758 3.382066955400e+04
26.262626 2.8181818 3.244051200900e+04
26.262626 2.8787879 3.106683171000e+04
26.262626 2.9393939 2.970147470000e+04
26.262626 3 2.834660820200e+04
26.767677 -3 2.601758512300e+04
26.767677 -2.9393939 2.727548523000e+04
26.767677 -2.8787879 2.854417138700e+04
26.767677 -2.8181818 2.982121425000e+04
26.767677 -2.7575758 3.110447377700e+04
26.767677 -2.6969697 3.239197744200e+04
26.767677 -2.6363636 3.368158724800e+04
26.767677 -2.5757576 3.497125473500e+04
26.767677 -2.5151515 3.625905477600e+04
26.767677 -2.4545455 3.754462409600e+04
26.767677 -2.3939394 3.882535941300e+04
26.767677 -2.3333333 4.009905812000e+04
26.767677 -2.2727273 4.136419576200e+04
26.767677 -2.2121212 4.261928237500e+04
26.767677 -2.1515152 4.386265966200e+04
26.767677 -2.0909091 4.509298100100e+04
26.767677 -2.030303 4.630860305200e+04
26.767677 -1.969697 4.750756702200e+04
26.767677 -1.9090909 4.868793765100e+04
26.767677 -1.8484848 4.984717165700e+04
26.767677 -1.7878788 5.098349248700e+04
26.767677 -1.7272727 5.209622276200e+04
26.767677 -1.6666667 5.318372750100e+04
26.767677 -1.6060606 5.424477104400e+04
26.767677 -1.5454545 5.527862675800e+04
26.767677 -1.4848485 5.628469969500e+04
26.767677 -1.4242424 5.726199223500e+04
26.767677 -1.3636364 5.820890375100e+04
26.767677 -1.3030303 5.912407203500e+04
26.767677 -1.2424242 6.000603072500e+04
26.767677 -1.1818182 6.085360346900e+04
26.767677 -1.1212121 6.166543682700e+04
26.767677 -1.0606061 6.244031631800e+04
26.767677 -1 6.317708656300e+04
26.767677 -0.93939394 6.387518054300e+04
26.767677 -0.87878788 6.453402166500e+04
26.767677 -0.81818182 6.515293920100e+04
26.767677 -0.75757576 6.573221296400e+04
26.767677 -0.6969697 6.626821465100e+04
26.767677 -0.63636364 6.676289006100e+04
26.767677 -0.57575758 6.721459614600e+04
26.767677 -0.51515152 6.762273599100e+04
26.767677 -0.45454545 6.798675390100e+04
26.767677 -0.39393939 6.830626011200e+04
26.767677 -0.33333333 6.860139539000e+04
26.767677 -0.27272727 6.883111216400e+04
26.767677 -0.21212121 6.901510221000e+04
26.767677 -0.15151515 6.915303043800e+04
26.767677 -0.090909091 6.924488866500e+04
26.767677 -0.03030303 6.929060482700e+04
26.767677 0.03030303 6.929081456200e+04
26.767677 0.090909091 6.924232132400e+04
26.767677 0.15151515 6.914427309200e+04
26.767677 0.21212121 6.900512011000e+04
26.767677 0.27272727 6.882018438600e+04
26.767677 0.33333333 6.858595372600e+04
26.767677 0.39393939 6.830938874300e+04
26.767677 0.45454545 6.798805252800e+04
26.767677 0.51515152 6.762271147000e+04
26.767677 0.57575758 6.721254050000e+04
26.767677 0.63636364 6.675813570800e+04
26.767677 0.6969697 6.626429263700e+04
26.767677 0.75757576 6.572630512600e+04
26.767677 0.81818182 6.513105285800e+04
26.767677 0.87878788 6.451289577500e+04
26.767677 0.93939394 6.385224843600e+04
26.767677 1 6.315204887000e+04
26.767677 1.0606061 6.241365535800e+04
26.767677 1.1212121 6.163724306600e+04
26.767677 1.1818182 6.082349543000e+04
26.767677 1.2424242 5.997603250600e+04
26.767677 1.3030303 5.909379829300e+04
26.767677 1.3636364 5.817616875900e+04
26.767677 1.4242424 5.722743878700e+04
26.767677 1.4848485 5.624816839000e+04
26.767677 1.5454545 5.523889766400e+04
26.767677 1.6060606 5.420249995900e+04
26.767677 1.6666667 5.313924990200e+04
26.767677 1.7272727 5.205043238700e+04
26.767677 1.7878788 5.093716553200e+04
26.767677 1.8484848 4.980114260900e+04
26.767677 1.9090909 4.864312371300e+04
26.767677 1.969697 4.746511542800e+04
26.767677 2.030303 4.626884251300e+04
26.767677 2.0909091 4.505572163500e+04
26.767677 2.1515152 4.382733304600e+04
26.767677 2.2121212 4.258547945900e+04
26.767677 2.2727273 4.133168845000e+04
26.767677 2.3333333 4.006742113900e+04
26.767677 2.3939394 3.879453090100e+04
26.767677 2.4545455 3.751470167000e+04
26.767677 2.5151515 3.622978869000e+04
26.767677 2.5757576 3.494159938600e+04
26.767677 2.6363636 3.365205778100e+04
26.767677 2.6969697 3.236322862000e+04
26.767677 2.7575758 3.107699012700e+04
26.767677 2.8181818 2.979521613500e+04
26.767677 2.8787879 2.851978223400e+04
26.767677 2.9393939 2.725249952600e+04
26.767677 3 2.599549761500e+04
27.272727 -3 2.388528893400e+04
27.272727 -2.9393939 2.505347399300e+04
27.272727 -2.8787879 2.623197029800e+04
27.272727 -2.8181818 2.741864855600e+04
27.272727 -2.7575758 2.861151644400e+04
27.272727 -2.6969697 2.980869428500e+04
27.272727 -2.6363636 3.100815940700e+04
27.272727 -2.5757576 3.220792405200e+04
27.272727 -2.5151515 3.340647406700e+04
27.272727 -2.4545455 3.460306757200e+04
27.272727 -2.3939394 3.579539798700e+04
27.272727 -2.3333333 3.698147466700e+04
27.272727 -2.2727273 3.815994310400e+04
27.272727 -2.2121212 3.932929120100e+04
27.272727 -2.1515152 4.048791628500e+04
27.272727 -2.0909091 4.163447100200e+04
27.272727 -2.030303 4.276747225300e+04
27.272727 -1.969697 4.388498509000e+04
27.272727 -1.9090909 4.498510992800e+04
27.272727 -1.8484848 4.606575597900e+04
27.272727 -1.7878788 4.712524569400e+04
27.272727 -1.7272727 4.816285381600e+04
27.272727 -1.6666667 4.917705525400e+04
27.272727 -1.6060606 5.016679637000e+04
27.272727 -1.5454545 5.113145345100e+04
27.272727 -1.4848485 5.207031982100e+04
27.272727 -1.4242424 5.298235692900e+04
27.272727 -1.3636364 5.386604960100e+04
27.272727 -1.3030303 5.472021948700e+04
27.272727 -1.2424242 5.554343741400e+04
27.272727 -1.1818182 5.633460951900e+04
27.272727 -1.1212121 5.709243529200e+04
27.272727 -1.0606061 5.781574231800e+04
27.272727 -1 5.850357823900e+04
27.272727 -0.93939394 5.915543456400e+04
27.272727 -0.87878788 5.977066408000e+04
27.272727 -0.81818182 6.034867872400e+04
27.272727 -0.75757576 6.088970108000e+04
27.272727 -0.6969697 6.139019217700e+04
27.272727 -0.63636364 6.185208334700e+04
27.272727 -0.57575758 6.227379091800e+04
27.272727 -0.51515152 6.265485188700e+04
27.272727 -0.45454545 6.299475595000e+04
27.272727 -0.39393939 6.329308608900e+04
27.272727 -0.33333333 6.356873641200e+04
27.272727 -0.27272727 6.378330302800e+04
27.272727 -0.21212121 6.395510197800e+04
27.272727 -0.15151515 6.408388350200e+04
27.272727 -0.090909091 6.416962160000e+04
27.272727 -0.03030303 6.421233692600e+04
27.272727 0.03030303 6.421232824700e+04
27.272727 0.090909091 6.416855059400e+04
27.272727 0.15151515 6.407606041900e+04
27.272727 0.21212121 6.394591716800e+04
27.272727 0.27272727 6.377286554800e+04
27.272727 0.33333333 6.355468550300e+04
27.272727 0.39393939 6.329533682200e+04
27.272727 0.45454545 6.299549658700e+04
27.272727 0.51515152 6.265402047300e+04
27.272727 0.57575758 6.227129957700e+04
27.272727 0.63636364 6.184704321500e+04
27.272727 0.6969697 6.138467356300e+04
27.272727 0.75757576 6.088548128700e+04
27.272727 0.81818182 6.032656188600e+04
27.272727 0.87878788 5.975058329000e+04
27.272727 0.93939394 5.913398999600e+04
27.272727 1 5.848024859900e+04
27.272727 1.0606061 5.779094007800e+04
27.272727 1.1212121 5.706653733900e+04
27.272727 1.1818182 5.630736391800e+04
27.272727 1.2424242 5.551569585300e+04
27.272727 1.3030303 5.469321249000e+04
27.272727 1.3636364 5.383695329300e+04
27.272727 1.4242424 5.295096815600e+04
27.272727 1.4848485 5.203774021400e+04
27.272727 1.5454545 5.109611171700e+04
27.272727 1.6060606 5.012903015300e+04
27.272727 1.6666667 4.913706351600e+04
27.272727 1.7272727 4.812140947500e+04
27.272727 1.7878788 4.708308423300e+04
27.272727 1.8484848 4.602357197800e+04
27.272727 1.9090909 4.494384918200e+04
27.272727 1.969697 4.384574678600e+04
27.272727 2.030303 4.273064790700e+04
27.272727 2.0909091 4.160002457200e+04
27.272727 2.1515152 4.045536366800e+04
27.272727 2.2121212 3.929825855800e+04
27.272727 2.2727273 3.813018572000e+04
27.272727 2.3333333 3.695260801100e+04
27.272727 2.3939394 3.576725144200e+04
27.272727 2.4545455 3.457567929700e+04
27.272727 2.5151515 3.337961999000e+04
27.272727 2.5757576 3.218079860600e+04
27.272727 2.6363636 3.098100905300e+04
27.272727 2.6969697 2.978225460300e+04
27.272727 2.7575758 2.858625671600e+04
27.272727 2.8181818 2.739470626600e+04
27.272727 2.8787879 2.620939557600e+04
27.272727 2.9393939 2.503207089900e+04
27.272727 3 2.386484999500e+04
27.777778 -3 2.195057487500e+04
27.777778 -2.9393939 2.303641174400e+04
27.777778 -2.8787879 2.413211978600e+04
27.777778 -2.8181818 2.523581151000e+04
27.777778 -2.7575758 2.634563022400e+04
27.777778 -2.6969697 2.745981055000e+04
27.777778 -2.6363636 2.857640593500e+04
27.777778 -2.5757576 2.969349486700e+04
27.777778 -2.5151515 3.080999014100e+04
27.777778 -2.4545455 3.192477175400e+04
27.777778 -2.3939394 3.303584562100e+04
27.777778 -2.3333333 3.414136419100e+04
27.777778 -2.2727273 3.524011255400e+04
27.777778 -2.2121212 3.633054719500e+04
27.777778 -2.1515152 3.741115329900e+04
27.777778 -2.0909091 3.848057789000e+04
27.777778 -2.030303 3.953747218700e+04
27.777778 -1.969697 4.057998012600e+04
27.777778 -1.9090909 4.160630611800e+04
27.777778 -1.8484848 4.261461166800e+04
27.777778 -1.7878788 4.360339030000e+04
27.777778 -1.7272727 4.457180465500e+04
27.777778 -1.6666667 4.551849063100e+04
27.777778 -1.6060606 4.644258461500e+04
27.777778 -1.5454545 4.734351455100e+04
27.777778 -1.4848485 4.822042216500e+04
27.777778 -1.4242424 4.907226247900e+04
27.777778 -1.3636364 4.989771985500e+04
27.777778 -1.3030303 5.069567415000e+04
27.777778 -1.2424242 5.146474050100e+04
27.777778 -1.1818182 5.220392341900e+04
27.777778 -1.1212121 5.291195373200e+04
27.777778 -1.0606061 5.358770808100e+04
27.777778 -1 5.423045722400e+04
27.777778 -0.93939394 5.483966395800e+04
27.777778 -0.87878788 5.541467138700e+04
27.777778 -0.81818182 5.595497305900e+04
27.777778 -0.75757576 5.646068780200e+04
27.777778 -0.6969697 5.692843948900e+04
27.777778 -0.63636364 5.736008473400e+04
27.777778 -0.57575758 5.775413524500e+04
27.777778 -0.51515152 5.811024410100e+04
27.777778 -0.45454545 5.842791467300e+04
27.777778 -0.39393939 5.870671948500e+04
27.777778 -0.33333333 5.896440410200e+04
27.777778 -0.27272727 5.916498432300e+04
27.777778 -0.21212121 5.932553962000e+04
27.777778 -0.15151515 5.944587270300e+04
27.777778 -0.090909091 5.952596524000e+04
27.777778 -0.03030303 5.956593475400e+04
27.777778 0.03030303 5.956575979600e+04
27.777778 0.090909091 5.952559916400e+04
27.777778 0.15151515 5.943909785400e+04
27.777778 0.21212121 5.931711653400e+04
27.777778 0.27272727 5.915507709300e+04
27.777778 0.33333333 5.895186178600e+04
27.777778 0.39393939 5.870854003600e+04
27.777778 0.45454545 5.842856410600e+04
27.777778 0.51515152 5.810868774000e+04
27.777778 0.57575758 5.775132609600e+04
27.777778 0.63636364 5.735490405000e+04
27.777778 0.6969697 5.692192996800e+04
27.777778 0.75757576 5.645598085500e+04
27.777778 0.81818182 5.593289208100e+04
27.777778 0.87878788 5.539557016100e+04
27.777778 0.93939394 5.481957313200e+04
27.777778 1 5.420864085100e+04
27.777778 1.0606061 5.356470054600e+04
27.777778 1.1212121 5.288779375600e+04
27.777778 1.1818182 5.217927401500e+04
27.777778 1.2424242 5.143921586700e+04
27.777778 1.3030303 5.067118027100e+04
27.777778 1.3636364 4.987196857200e+04
27.777778 1.4242424 4.904372902000e+04
27.777778 1.4848485 4.819105835200e+04
27.777778 1.5454545 4.731205281000e+04
27.777778 1.6060606 4.640880421600e+04
27.777778 1.6666667 4.548248901500e+04
27.777778 1.7272727 4.453424305700e+04
27.777778 1.7878788 4.356494835100e+04
27.777778 1.8484848 4.257593331500e+04
27.777778 1.9090909 4.156834879700e+04
27.777778 1.969697 4.054378479300e+04
27.777778 2.030303 3.950342599100e+04
27.777778 2.0909091 3.844872885700e+04
27.777778 2.1515152 3.738110492300e+04
27.777778 2.2121212 3.630198437600e+04
27.777778 2.2727273 3.521279069600e+04
27.777778 2.3333333 3.411498831900e+04
27.777778 2.3939394 3.301014816800e+04
27.777778 2.4545455 3.189975198500e+04
27.777778 2.5151515 3.078539755500e+04
27.777778 2.5757576 2.966873366700e+04
27.777778 2.6363636 2.855147365500e+04
27.777778 2.6969697 2.743549432900e+04
27.777778 2.7575758 2.632236997700e+04
27.777778 2.8181818 2.521365818800e+04
27.777778 2.8787879 2.411113179400e+04
27.777778 2.9393939 2.301641809200e+04
27.777778 3 2.193162975300e+04
28.282828 -3 2.019314980400e+04
28.282828 -2.9393939 2.120319058300e+04
28.282828 -2.8787879 2.222284211200e+04
28.282828 -2.8181818 2.325025000400e+04
28.282828 -2.7575758 2.428367825200e+04
28.282828 -2.6969697 2.532150464000e+04
28.282828 -2.6363636 2.636184396600e+04
28.282828 -2.5757576 2.740286283400e+04
28.282828 -2.5151515 2.844383422900e+04
28.282828 -2.4545455 2.948331767400e+04
28.282828 -2.3939394 3.051962657800e+04
28.282828 -2.3333333 3.155100439300e+04
28.282828 -2.2727273 3.257631503200e+04
28.282828 -2.2121212 3.359402540600e+04
28.282828 -2.1515152 3.460273643800e+04
28.282828 -2.0909091 3.560107612400e+04
28.282828 -2.030303 3.658780516100e+04
28.282828 -1.969697 3.756119557900e+04
28.282828 -1.9090909 3.851957684800e+04
28.282828 -1.8484848 3.946123574800e+04
28.282828 -1.7878788 4.038482808200e+04
28.282828 -1.7272727 4.128944386000e+04
28.282828 -1.6666667 4.217389273800e+04
28.282828 -1.6060606 4.303749118900e+04
28.282828 -1.5454545 4.387964399300e+04
28.282828 -1.4848485 4.469936594100e+04
28.282828 -1.4242424 4.549565465000e+04
28.282828 -1.3636364 4.626741415900e+04
28.282828 -1.3030303 4.701350025400e+04
28.282828 -1.2424242 4.773259226700e+04
28.282828 -1.1818182 4.842379446000e+04
28.282828 -1.1212121 4.908586465700e+04
28.282828 -1.0606061 4.971775418600e+04
28.282828 -1 5.031890750600e+04
28.282828 -0.93939394 5.088873282600e+04
28.282828 -0.87878788 5.142660979300e+04
28.282828 -0.81818182 5.193208776200e+04
28.282828 -0.75757576 5.240517206400e+04
28.282828 -0.6969697 5.284270864900e+04
28.282828 -0.63636364 5.324642743400e+04
28.282828 -0.57575758 5.361497887500e+04
28.282828 -0.51515152 5.394806843000e+04
28.282828 -0.45454545 5.424521121900e+04
28.282828 -0.39393939 5.450600182500e+04
28.282828 -0.33333333 5.474709670200e+04
28.282828 -0.27272727 5.493472755300e+04
28.282828 -0.21212121 5.508490677300e+04
28.282828 -0.15151515 5.519744018300e+04
28.282828 -0.090909091 5.527234050800e+04
28.282828 -0.03030303 5.530975435000e+04
28.282828 0.03030303 5.530960914500e+04
28.282828 0.090909091 5.527210765600e+04
28.282828 0.15151515 5.519191845100e+04
28.282828 0.21212121 5.507723200700e+04
28.282828 0.27272727 5.492547005300e+04
28.282828 0.33333333 5.473589159800e+04
28.282828 0.39393939 5.450779815300e+04
28.282828 0.45454545 5.424586325500e+04
28.282828 0.51515152 5.394601210300e+04
28.282828 0.57575758 5.361192855500e+04
28.282828 0.63636364 5.324109512600e+04
28.282828 0.6969697 5.283598435500e+04
28.282828 0.75757576 5.239876182500e+04
28.282828 0.81818182 5.191125828900e+04
28.282828 0.87878788 5.140837677400e+04
28.282828 0.93939394 5.086989962800e+04
28.282828 1 5.029849188600e+04
28.282828 1.0606061 4.969643191300e+04
28.282828 1.1212121 4.906321371100e+04
28.282828 1.1818182 4.840129007600e+04
28.282828 1.2424242 4.770931491600e+04
28.282828 1.3030303 4.699091965300e+04
28.282828 1.3636364 4.624454283000e+04
28.282828 1.4242424 4.546975233400e+04
28.282828 1.4848485 4.467267869700e+04
28.282828 1.5454545 4.385153122900e+04
28.282828 1.6060606 4.300724006700e+04
28.282828 1.6666667 4.214144676700e+04
28.282828 1.7272727 4.125537194500e+04
28.282828 1.7878788 4.034973254300e+04
28.282828 1.8484848 3.942575846800e+04
28.282828 1.9090909 3.848468630000e+04
28.282828 1.969697 3.752785537600e+04
28.282828 2.030303 3.655637878400e+04
28.282828 2.0909091 3.557163436600e+04
28.282828 2.1515152 3.457496141000e+04
28.282828 2.2121212 3.356769098900e+04
28.282828 2.2727273 3.255116934700e+04
28.282828 2.3333333 3.152684882100e+04
28.282828 2.3939394 3.049614164100e+04
28.282828 2.4545455 2.946047272900e+04
28.282828 2.5151515 2.842133505600e+04
28.282828 2.5757576 2.738028634200e+04
28.282828 2.6363636 2.633898826600e+04
28.282828 2.6969697 2.529914153500e+04
28.282828 2.7575758 2.426220325500e+04
28.282828 2.8181818 2.322965550800e+04
28.282828 2.8787879 2.220324765100e+04
28.282828 2.9393939 2.118449716500e+04
28.282828 3 2.017544945500e+04
28.787879 -3 1.859487247000e+04
28.787879 -2.9393939 1.953514238200e+04
28.787879 -2.8787879 2.048481584300e+04
28.787879 -2.8181818 2.144202842600e+04
28.787879 -2.7575758 2.240512699800e+04
28.787879 -2.6969697 2.337262755400e+04
28.787879 -2.6363636 2.434273523200e+04
28.787879 -2.5757576 2.531373571500e+04
28.787879 -2.5151515 2.628509990400e+04
28.787879 -2.4545455 2.725522033400e+04
28.787879 -2.3939394 2.822265031500e+04
28.787879 -2.3333333 2.918571788300e+04
28.787879 -2.2727273 3.014329213100e+04
28.787879 -2.2121212 3.109390887800e+04
28.787879 -2.1515152 3.203630162900e+04
28.787879 -2.0909091 3.296906624300e+04
28.787879 -2.030303 3.389106726900e+04
28.787879 -1.969697 3.480072270000e+04
28.787879 -1.9090909 3.569646055200e+04
28.787879 -1.8484848 3.657665800400e+04
28.787879 -1.7878788 3.744007808000e+04
28.787879 -1.7272727 3.828581696700e+04
28.787879 -1.6666667 3.911284626100e+04
28.787879 -1.6060606 3.992063694700e+04
28.787879 -1.5454545 4.070849585000e+04
28.787879 -1.4848485 4.147538612500e+04
28.787879 -1.4242424 4.222039704000e+04
28.787879 -1.3636364 4.294257765900e+04
28.787879 -1.3030303 4.364075659500e+04
28.787879 -1.2424242 4.431368230200e+04
28.787879 -1.1818182 4.496054940800e+04
28.787879 -1.1212121 4.558016041900e+04
28.787879 -1.0606061 4.617156820700e+04
28.787879 -1 4.673429078300e+04
28.787879 -0.93939394 4.726772513300e+04
28.787879 -0.87878788 4.777129451400e+04
28.787879 -0.81818182 4.824456969900e+04
28.787879 -0.75757576 4.868746888400e+04
28.787879 -0.6969697 4.909708683400e+04
28.787879 -0.63636364 4.947500747700e+04
28.787879 -0.57575758 4.982003584500e+04
28.787879 -0.51515152 5.013185972800e+04
28.787879 -0.45454545 5.041002867600e+04
28.787879 -0.39393939 5.065418426900e+04
28.787879 -0.33333333 5.087992226700e+04
28.787879 -0.27272727 5.105555831700e+04
28.787879 -0.21212121 5.119615376800e+04
28.787879 -0.15151515 5.130149402500e+04
28.787879 -0.090909091 5.137162117100e+04
28.787879 -0.03030303 5.140667523600e+04
28.787879 0.03030303 5.140661971100e+04
28.787879 0.090909091 5.137132790400e+04
28.787879 0.15151515 5.129742844000e+04
28.787879 0.21212121 5.118928651700e+04
28.787879 0.27272727 5.104702524900e+04
28.787879 0.33333333 5.086975728400e+04
28.787879 0.39393939 5.065622876900e+04
28.787879 0.45454545 5.041045071800e+04
28.787879 0.51515152 5.012960915600e+04
28.787879 0.57575758 4.981678750600e+04
28.787879 0.63636364 4.946956972600e+04
28.787879 0.6969697 4.909046809300e+04
28.787879 0.75757576 4.867951095100e+04
28.787879 0.81818182 4.822662109900e+04
28.787879 0.87878788 4.775387536200e+04
28.787879 0.93939394 4.725010393800e+04
28.787879 1 4.671514906600e+04
28.787879 1.0606061 4.615178559600e+04
28.787879 1.1212121 4.555908236900e+04
28.787879 1.1818182 4.493968296600e+04
28.787879 1.2424242 4.429257544200e+04
28.787879 1.3030303 4.361973848100e+04
28.787879 1.3636364 4.292200131200e+04
28.787879 1.4242424 4.219690539100e+04
28.787879 1.4848485 4.145105906500e+04
28.787879 1.5454545 4.068319978200e+04
28.787879 1.6060606 3.989350922400e+04
28.787879 1.6666667 3.908356962900e+04
28.787879 1.7272727 3.825488974600e+04
28.787879 1.7878788 3.740801678000e+04
28.787879 1.8484848 3.654411968400e+04
28.787879 1.9090909 3.566441269100e+04
28.787879 1.969697 3.477002736000e+04
28.787879 2.030303 3.386208807400e+04
28.787879 2.0909091 3.294186482100e+04
28.787879 2.1515152 3.201061446200e+04
28.787879 2.2121212 3.106961443200e+04
28.787879 2.2727273 3.012011395700e+04
28.787879 2.3333333 2.916353833200e+04
28.787879 2.3939394 2.820115731800e+04
28.787879 2.4545455 2.723433890100e+04
28.787879 2.5151515 2.626452301800e+04
28.787879 2.5757576 2.529314684500e+04
28.787879 2.6363636 2.432181953800e+04
28.787879 2.6969697 2.335205898200e+04
28.787879 2.7575758 2.238523991000e+04
28.787879 2.8181818 2.142281706500e+04
28.787879 2.8787879 2.046645660300e+04
28.787879 2.9393939 1.951764090800e+04
28.787879 3 1.857824232600e+04
29.292929 -3 1.713963289900e+04
29.292929 -2.9393939 1.801568261300e+04
29.292929 -2.8787879 1.890088503700e+04
29.292929 -2.8181818 1.979343214600e+04
29.292929 -2.7575758 2.069172272000e+04
29.292929 -2.6969697 2.159438141600e+04
29.292929 -2.6363636 2.249974895700e+04
29.292929 -2.5757576 2.340626052900e+04
29.292929 -2.5151515 2.431339954400e+04
29.292929 -2.4545455 2.521956877100e+04
29.292929 -2.3939394 2.612346277400e+04
29.292929 -2.3333333 2.702351088100e+04
29.292929 -2.2727273 2.791854347100e+04
29.292929 -2.2121212 2.880720156500e+04
29.292929 -2.1515152 2.968835609000e+04
29.292929 -2.0909091 3.056058446200e+04
29.292929 -2.030303 3.142283984200e+04
29.292929 -1.969697 3.227366751400e+04
29.292929 -1.9090909 3.311156670100e+04
29.292929 -1.8484848 3.393502246700e+04
29.292929 -1.7878788 3.474284065600e+04
29.292929 -1.7272727 3.553420182900e+04
29.292929 -1.6666667 3.630821549100e+04
29.292929 -1.6060606 3.706445263600e+04
29.292929 -1.5454545 3.780209905500e+04
29.292929 -1.4848485 3.852014555400e+04
29.292929 -1.4242424 3.921779151900e+04
29.292929 -1.3636364 3.989413677900e+04
29.292929 -1.3030303 4.054802142700e+04
29.292929 -1.2424242 4.117825956900e+04
29.292929 -1.1818182 4.178411594800e+04
29.292929 -1.1212121 4.236446775500e+04
29.292929 -1.0606061 4.291848108100e+04
29.292929 -1 4.344565698700e+04
29.292929 -0.93939394 4.394543950500e+04
29.292929 -0.87878788 4.441728300100e+04
29.292929 -0.81818182 4.486074309500e+04
29.292929 -0.75757576 4.527569246300e+04
29.292929 -0.6969697 4.565948976100e+04
29.292929 -0.63636364 4.601356253000e+04
29.292929 -0.57575758 4.633686150900e+04
29.292929 -0.51515152 4.662901421800e+04
29.292929 -0.45454545 4.688963137400e+04
29.292929 -0.39393939 4.711840729600e+04
29.292929 -0.33333333 4.732990821400e+04
29.292929 -0.27272727 4.749443742000e+04
29.292929 -0.21212121 4.762617409100e+04
29.292929 -0.15151515 4.772488088400e+04
29.292929 -0.090909091 4.779061294900e+04
29.292929 -0.03030303 4.782349094200e+04
29.292929 0.03030303 4.782348106700e+04
29.292929 0.090909091 4.779030489300e+04
29.292929 0.15151515 4.772228056100e+04
29.292929 0.21212121 4.762024568500e+04
29.292929 0.27272727 4.748664934500e+04
29.292929 0.33333333 4.732051036900e+04
29.292929 0.39393939 4.712077541900e+04
29.292929 0.45454545 4.688961408900e+04
29.292929 0.51515152 4.662676975400e+04
29.292929 0.57575758 4.633343376300e+04
29.292929 0.63636364 4.600808615200e+04
29.292929 0.6969697 4.565294870500e+04
29.292929 0.75757576 4.526703878100e+04
29.292929 0.81818182 4.484661187700e+04
29.292929 0.87878788 4.440090778000e+04
29.292929 0.93939394 4.392899443900e+04
29.292929 1 4.342764502600e+04
29.292929 1.0606061 4.290007918600e+04
29.292929 1.1212121 4.234507813700e+04
29.292929 1.1818182 4.176454001800e+04
29.292929 1.2424242 4.115907991700e+04
29.292929 1.3030303 4.052841296500e+04
29.292929 1.3636364 3.987530867500e+04
29.292929 1.4242424 3.919652193100e+04
29.292929 1.4848485 3.849799325100e+04
29.292929 1.5454545 3.777916376100e+04
29.292929 1.6060606 3.704007265300e+04
29.292929 1.6666667 3.628175781500e+04
29.292929 1.7272727 3.550611508100e+04
29.292929 1.7878788 3.471355822200e+04
29.292929 1.8484848 3.390519735900e+04
29.292929 1.9090909 3.308214307500e+04
29.292929 1.969697 3.224539879100e+04
29.292929 2.030303 3.139611950200e+04
29.292929 2.0909091 3.053546955000e+04
29.292929 2.1515152 2.966461497900e+04
29.292929 2.2121212 2.878479833600e+04
29.292929 2.2727273 2.789716698300e+04
29.292929 2.3333333 2.700309853300e+04
29.292929 2.3939394 2.610375637300e+04
29.292929 2.4545455 2.520044065700e+04
29.292929 2.5151515 2.429457739900e+04
29.292929 2.5757576 2.338746421600e+04
29.292929 2.6363636 2.248063605000e+04
29.292929 2.6969697 2.157546127300e+04
29.292929 2.7575758 2.067325621200e+04
29.292929 2.8181818 1.977547230800e+04
29.292929 2.8787879 1.888363787100e+04
29.292929 2.9393939 1.799926004800e+04
29.292929 3 1.712397687700e+04
29.79798 -3 1.581315814700e+04
29.79798 -2.9393939 1.663004728100e+04
29.79798 -2.8787879 1.745579147900e+04
29.79798 -2.8181818 1.828869837300e+04
29.79798 -2.7575758 1.912721462500e+04
29.79798 -2.6969697 1.997003549000e+04
29.79798 -2.6363636 2.081567026200e+04
29.79798 -2.5757576 2.166272546100e+04
29.79798 -2.5151515 2.251056003300e+04
29.79798 -2.4545455 2.335771376800e+04
29.79798 -2.3939394 2.420293498000e+04
29.79798 -2.3333333 2.504476369200e+04
29.79798 -2.2727273 2.588200152300e+04
29.79798 -2.2121212 2.671339184500e+04
29.79798 -2.1515152 2.753793799500e+04
29.79798 -2.0909091 2.835425092300e+04
29.79798 -2.030303 2.916132392400e+04
29.79798 -1.969697 2.995778605000e+04
29.79798 -1.9090909 3.074221598200e+04
29.79798 -1.8484848 3.151322827100e+04
29.79798 -1.7878788 3.226962263800e+04
29.79798 -1.7272727 3.301072238600e+04
29.79798 -1.6666667 3.373574988500e+04
29.79798 -1.6060606 3.444429146200e+04
29.79798 -1.5454545 3.513546184600e+04
29.79798 -1.4848485 3.580832677400e+04
29.79798 -1.4242424 3.646216972400e+04
29.79798 -1.3636364 3.709609385200e+04
29.79798 -1.3030303 3.770898212500e+04
29.79798 -1.2424242 3.829971573300e+04
29.79798 -1.1818182 3.886760179800e+04
29.79798 -1.1212121 3.941162099300e+04
29.79798 -1.0606061 3.993104368300e+04
29.79798 -1 4.042531647400e+04
29.79798 -0.93939394 4.089395380000e+04
29.79798 -0.87878788 4.133643478000e+04
29.79798 -0.81818182 4.175226586400e+04
29.79798 -0.75757576 4.214130809500e+04
29.79798 -0.6969697 4.250121097300e+04
29.79798 -0.63636364 4.283321707600e+04
29.79798 -0.57575758 4.313640662700e+04
29.79798 -0.51515152 4.341034422300e+04
29.79798 -0.45454545 4.365471462600e+04
29.79798 -0.39393939 4.386925280600e+04
29.79798 -0.33333333 4.406754550900e+04
29.79798 -0.27272727 4.422179893800e+04
29.79798 -0.21212121 4.434534152400e+04
29.79798 -0.15151515 4.443792287100e+04
29.79798 -0.090909091 4.449959200300e+04
29.79798 -0.03030303 4.453044963500e+04
29.79798 0.03030303 4.453044766400e+04
29.79798 0.090909091 4.449935176000e+04
29.79798 0.15151515 4.443651504700e+04
29.79798 0.21212121 4.434051756400e+04
29.79798 0.27272727 4.421475339200e+04
29.79798 0.33333333 4.405875954900e+04
29.79798 0.39393939 4.387183703000e+04
29.79798 0.45454545 4.365433085700e+04
29.79798 0.51515152 4.340809351700e+04
29.79798 0.57575758 4.313280741700e+04
29.79798 0.63636364 4.282774295400e+04
29.79798 0.6969697 4.249467639400e+04
29.79798 0.75757576 4.213266964100e+04
29.79798 0.81818182 4.174161256600e+04
29.79798 0.87878788 4.132165936000e+04
29.79798 0.93939394 4.087863197400e+04
29.79798 1 4.040829691900e+04
29.79798 1.0606061 3.991387623100e+04
29.79798 1.1212121 3.939388920500e+04
29.79798 1.1818182 3.884923369400e+04
29.79798 1.2424242 3.828209909800e+04
29.79798 1.3030303 3.769072335100e+04
29.79798 1.3636364 3.707862569200e+04
29.79798 1.4242424 3.644299901100e+04
29.79798 1.4848485 3.578819166000e+04
29.79798 1.5454545 3.511456072700e+04
29.79798 1.6060606 3.442230437500e+04
29.79798 1.6666667 3.371179247700e+04
29.79798 1.7272727 3.298521070000e+04
29.79798 1.7878788 3.224291144500e+04
29.79798 1.8484848 3.148591536500e+04
29.79798 1.9090909 3.071520064200e+04
29.79798 1.969697 2.993173541900e+04
29.79798 2.030303 2.913666750700e+04
29.79798 2.0909091 2.833107372600e+04
29.79798 2.1515152 2.751603364400e+04
29.79798 2.2121212 2.669275488200e+04
29.79798 2.2727273 2.586229215200e+04
29.79798 2.3333333 2.502594553100e+04
29.79798 2.3939394 2.418482086800e+04
29.79798 2.4545455 2.334014619600e+04
29.79798 2.5151515 2.249333310900e+04
29.79798 2.5757576 2.164554712200e+04
29.79798 2.6363636 2.079822251900e+04
29.79798 2.6969697 1.995263164000e+04
29.79798 2.7575758 1.911003829600e+04
29.79798 2.8181818 1.827188870200e+04
29.79798 2.8787879 1.743956903200e+04
29.79798 2.9393939 1.661459517300e+04
29.79798 3 1.579840675500e+04
30.30303 -3 1.460275843900e+04
30.30303 -2.9393939 1.536508085600e+04
30.30303 -2.8787879 1.613594197600e+04
30.30303 -2.8181818 1.691378284500e+04
30.30303 -2.7575758 1.769711629700e+04
30.30303 -2.6969697 1.848467818900e+04
30.30303 -2.6363636 1.927515255000e+04
30.30303 -2.5757576 2.006732021000e+04
30.30303 -2.5151515 2.086036026100e+04
30.30303 -2.4545455 2.165299648000e+04
30.30303 -2.3939394 2.244397970400e+04
30.30303 -2.3333333 2.323195423900e+04
30.30303 -2.2727273 2.401574252300e+04
30.30303 -2.2121212 2.479416172000e+04
30.30303 -2.1515152 2.556633135300e+04
30.30303 -2.0909091 2.633096055400e+04
30.30303 -2.030303 2.708702027200e+04
30.30303 -1.969697 2.783317740400e+04
30.30303 -1.9090909 2.856812465300e+04
30.30303 -1.8484848 2.929061164500e+04
30.30303 -1.7878788 2.999941347800e+04
30.30303 -1.7272727 3.069401898800e+04
30.30303 -1.6666667 3.137374009600e+04
30.30303 -1.6060606 3.203809700600e+04
30.30303 -1.5454545 3.268622359800e+04
30.30303 -1.4848485 3.331726789300e+04
30.30303 -1.4242424 3.393054498800e+04
30.30303 -1.3636364 3.452517018700e+04
30.30303 -1.3030303 3.510007685700e+04
30.30303 -1.2424242 3.565422054800e+04
30.30303 -1.1818182 3.618692498100e+04
30.30303 -1.1212121 3.669728936500e+04
30.30303 -1.0606061 3.718466575300e+04
30.30303 -1 3.764846337800e+04
30.30303 -0.93939394 3.808824893600e+04
30.30303 -0.87878788 3.850352809600e+04
30.30303 -0.81818182 3.889373927500e+04
30.30303 -0.75757576 3.925874773800e+04
30.30303 -0.6969697 3.959652810000e+04
30.30303 -0.63636364 3.990808832100e+04
30.30303 -0.57575758 4.019263292100e+04
30.30303 -0.51515152 4.044969062400e+04
30.30303 -0.45454545 4.067901273300e+04
30.30303 -0.39393939 4.088035516700e+04
30.30303 -0.33333333 4.106639471300e+04
30.30303 -0.27272727 4.121114527500e+04
30.30303 -0.21212121 4.132710095200e+04
30.30303 -0.15151515 4.141401275100e+04
30.30303 -0.090909091 4.147191107700e+04
30.30303 -0.03030303 4.150088401800e+04
30.30303 0.03030303 4.150088977600e+04
30.30303 0.090909091 4.147176406800e+04
30.30303 0.15151515 4.141334390700e+04
30.30303 0.21212121 4.132348628400e+04
30.30303 0.27272727 4.120484921700e+04
30.30303 0.33333333 4.105819497800e+04
30.30303 0.39393939 4.088295470100e+04
30.30303 0.45454545 4.067857403400e+04
30.30303 0.51515152 4.044727708300e+04
30.30303 0.57575758 4.018886638500e+04
30.30303 0.63636364 3.990262400600e+04
30.30303 0.6969697 3.958999857200e+04
30.30303 0.75757576 3.925038384400e+04
30.30303 0.81818182 3.888522059900e+04
30.30303 0.87878788 3.849091908200e+04
30.30303 0.93939394 3.807405173800e+04
30.30303 1 3.763231286600e+04
30.30303 1.0606061 3.716861229600e+04
30.30303 1.1212121 3.668101340500e+04
30.30303 1.1818182 3.616986717500e+04
30.30303 1.2424242 3.563780201800e+04
30.30303 1.3030303 3.508313604200e+04
30.30303 1.3636364 3.450885884800e+04
30.30303 1.4242424 3.391336733600e+04
30.30303 1.4848485 3.329898797800e+04
30.30303 1.5454545 3.266715299900e+04
30.30303 1.6060606 3.201818039500e+04
30.30303 1.6666667 3.135200481600e+04
30.30303 1.7272727 3.067084862500e+04
30.30303 1.7878788 2.997509251400e+04
30.30303 1.8484848 2.926562381800e+04
30.30303 1.9090909 2.854330982800e+04
30.30303 1.969697 2.780915669400e+04
30.30303 2.030303 2.706424126500e+04
30.30303 2.0909091 2.630957365700e+04
30.30303 2.1515152 2.554616526900e+04
30.30303 2.2121212 2.477517567600e+04
30.30303 2.2727273 2.399758527800e+04
30.30303 2.3333333 2.321459141400e+04
30.30303 2.3939394 2.242728351600e+04
30.30303 2.4545455 2.163682524300e+04
30.30303 2.5151515 2.084457852200e+04
30.30303 2.5757576 2.005160791700e+04
30.30303 2.6363636 1.925922997200e+04
30.30303 2.6969697 1.846867055800e+04
30.30303 2.7575758 1.768113556200e+04
30.30303 2.8181818 1.689804471900e+04
30.30303 2.8787879 1.612068461800e+04
30.30303 2.9393939 1.535050590900e+04
30.30303 3 1.458885355700e+04
30.808081 -3 1.349711242800e+04
30.808081 -2.9393939 1.420904875400e+04
30.808081 -2.8787879 1.492920750300e+04
30.808081 -2.8181818 1.565615660100e+04
30.808081 -2.7575758 1.638849766600e+04
30.808081 -2.6969697 1.712499794900e+04
30.808081 -2.6363636 1.786449677000e+04
30.808081 -2.5757576 1.860592730800e+04
30.808081 -2.5151515 1.934830467200e+04
30.808081 -2.4545455 2.009051734400e+04
30.808081 -2.3939394 2.083130923300e+04
30.808081 -2.3333333 2.156941670900e+04
30.808081 -2.2727273 2.230373286200e+04
30.808081 -2.2121212 2.303312802200e+04
30.808081 -2.1515152 2.375680746200e+04
30.808081 -2.0909091 2.447361149800e+04
30.808081 -2.030303 2.518245617300e+04
30.808081 -1.969697 2.588201960400e+04
30.808081 -1.9090909 2.657112879400e+04
30.808081 -1.8484848 2.724866740200e+04
30.808081 -1.7878788 2.791339739800e+04
30.808081 -1.7272727 2.856495796500e+04
30.808081 -1.6666667 2.920272194500e+04
30.808081 -1.6060606 2.982611097300e+04
30.808081 -1.5454545 3.043434665400e+04
30.808081 -1.4848485 3.102664485800e+04
30.808081 -1.4242424 3.160230948100e+04
30.808081 -1.3636364 3.216049398300e+04
30.808081 -1.3030303 3.270017997300e+04
30.808081 -1.2424242 3.322040265700e+04
30.808081 -1.1818182 3.372048838700e+04
30.808081 -1.1212121 3.419964955100e+04
30.808081 -1.0606061 3.465729847000e+04
30.808081 -1 3.509284544000e+04
30.808081 -0.93939394 3.550587998300e+04
30.808081 -0.87878788 3.589592807300e+04
30.808081 -0.81818182 3.626236794000e+04
30.808081 -0.75757576 3.660507138300e+04
30.808081 -0.6969697 3.692235720600e+04
30.808081 -0.63636364 3.721494275900e+04
30.808081 -0.57575758 3.748217628200e+04
30.808081 -0.51515152 3.772358162900e+04
30.808081 -0.45454545 3.793895426200e+04
30.808081 -0.39393939 3.812805784100e+04
30.808081 -0.33333333 3.830273628900e+04
30.808081 -0.27272727 3.843869020600e+04
30.808081 -0.21212121 3.854760983500e+04
30.808081 -0.15151515 3.862926058000e+04
30.808081 -0.090909091 3.868365433600e+04
30.808081 -0.03030303 3.871087376900e+04
30.808081 0.03030303 3.871089960200e+04
30.808081 0.090909091 3.868358916300e+04
30.808081 0.15151515 3.862891269300e+04
30.808081 0.21212121 3.854514914400e+04
30.808081 0.27272727 3.843319007700e+04
30.808081 0.33333333 3.829515296700e+04
30.808081 0.39393939 3.813049816300e+04
30.808081 0.45454545 3.793875239000e+04
30.808081 0.51515152 3.772088329300e+04
30.808081 0.57575758 3.747824063600e+04
30.808081 0.63636364 3.720946317800e+04
30.808081 0.6969697 3.691586212500e+04
30.808081 0.75757576 3.659697507500e+04
30.808081 0.81818182 3.625453485400e+04
30.808081 0.87878788 3.588561767000e+04
30.808081 0.93939394 3.549297485600e+04
30.808081 1 3.507745989300e+04
30.808081 1.0606061 3.464225915200e+04
30.808081 1.1212121 3.418457635400e+04
30.808081 1.1818182 3.370483343900e+04
30.808081 1.2424242 3.320495321200e+04
30.808081 1.3030303 3.268454249300e+04
30.808081 1.3636364 3.214525439200e+04
30.808081 1.4242424 3.158695034900e+04
30.808081 1.4848485 3.101008740800e+04
30.808081 1.5454545 3.041696763700e+04
30.808081 1.6060606 2.980799599400e+04
30.808081 1.6666667 2.918298489100e+04
30.808081 1.7272727 2.854391736500e+04
30.808081 1.7878788 2.789129106900e+04
30.808081 1.8484848 2.722582518600e+04
30.808081 1.9090909 2.654832395400e+04
30.808081 1.969697 2.585986089700e+04
30.808081 2.030303 2.516138967200e+04
30.808081 2.0909091 2.445386953200e+04
30.808081 2.1515152 2.373827033800e+04
30.808081 2.2121212 2.301568039800e+04
30.808081 2.2727273 2.228702503700e+04
30.808081 2.3333333 2.155339975400e+04
30.808081 2.3939394 2.081588941400e+04
30.808081 2.4545455 2.007560777000e+04
30.808081 2.5151515 1.933382402700e+04
30.808081 2.5757576 1.859154078400e+04
30.808081 2.6363636 1.784995535400e+04
30.808081 2.6969697 1.711027435600e+04
30.808081 2.7575758 1.637364522600e+04
30.808081 2.8181818 1.564143204600e+04
30.808081 2.8787879 1.491486958800e+04
30.808081 2.9393939 1.419528396100e+04
30.808081 3 1.348401552500e+04
31.313131 -3 1.248610791600e+04
31.313131 -2.9393939 1.315147208200e+04
31.313131 -2.8787879 1.382475289100e+04
31.313131 -2.8181818 1.450462932800e+04
31.313131 -2.7575758 1.518980586000e+04
31.313131 -2.6969697 1.587909417800e+04
31.313131 -2.6363636 1.657145361400e+04
31.313131 -2.5757576 1.726592611200e+04
31.313131 -2.5151515 1.796142155000e+04
31.313131 -2.4545455 1.865693698400e+04
31.313131 -2.3939394 1.935123310600e+04
31.313131 -2.3333333 2.004313015700e+04
31.313131 -2.2727273 2.073161429900e+04
31.313131 -2.2121212 2.141561607900e+04
31.313131 -2.1515152 2.209438462300e+04
31.313131 -2.0909091 2.276687235900e+04
31.313131 -2.030303 2.343195880800e+04
31.313131 -1.969697 2.408833465600e+04
31.313131 -1.9090909 2.473494322800e+04
31.313131 -1.8484848 2.537080524000e+04
31.313131 -1.7878788 2.599469964100e+04
31.313131 -1.7272727 2.660637412700e+04
31.313131 -1.6666667 2.720522613000e+04
31.313131 -1.6060606 2.779061050600e+04
31.313131 -1.5454545 2.836184824600e+04
31.313131 -1.4848485 2.891820650800e+04
31.313131 -1.4242424 2.945896651000e+04
31.313131 -1.3636364 2.998332897400e+04
31.313131 -1.3030303 3.049032645700e+04
31.313131 -1.2424242 3.097907250300e+04
31.313131 -1.1818182 3.144889660800e+04
31.313131 -1.1212121 3.189910101600e+04
31.313131 -1.0606061 3.232914754500e+04
31.313131 -1 3.273847717700e+04
31.313131 -0.93939394 3.312668681200e+04
31.313131 -0.87878788 3.349330031000e+04
31.313131 -0.81818182 3.383766955500e+04
31.313131 -0.75757576 3.415966974000e+04
31.313131 -0.6969697 3.445795247600e+04
31.313131 -0.63636364 3.473290094000e+04
31.313131 -0.57575758 3.498404895700e+04
31.313131 -0.51515152 3.521093141300e+04
31.313131 -0.45454545 3.541336045000e+04
31.313131 -0.39393939 3.559110791400e+04
31.313131 -0.33333333 3.575525708400e+04
31.313131 -0.27272727 3.588305120400e+04
31.313131 -0.21212121 3.598543349100e+04
31.313131 -0.15151515 3.606219200700e+04
31.313131 -0.090909091 3.611333209200e+04
31.313131 -0.03030303 3.613893039900e+04
31.313131 0.03030303 3.613898189200e+04
31.313131 0.090909091 3.611334000600e+04
31.313131 0.15151515 3.606192740400e+04
31.313131 0.21212121 3.598389183800e+04
31.313131 0.27272727 3.587842978900e+04
31.313131 0.33333333 3.574830703900e+04
31.313131 0.39393939 3.559331112100e+04
31.313131 0.45454545 3.541348338800e+04
31.313131 0.51515152 3.520797573900e+04
31.313131 0.57575758 3.497994017300e+04
31.313131 0.63636364 3.472735841000e+04
31.313131 0.6969697 3.445151119000e+04
31.313131 0.75757576 3.415180159000e+04
31.313131 0.81818182 3.382967427900e+04
31.313131 0.87878788 3.348481741800e+04
31.313131 0.93939394 3.311539215100e+04
31.313131 1 3.272377713700e+04
31.313131 1.0606061 3.231503306500e+04
31.313131 1.1212121 3.188503621000e+04
31.313131 1.1818182 3.143459920400e+04
31.313131 1.2424242 3.096454993100e+04
31.313131 1.3030303 3.047598855800e+04
31.313131 1.3636364 2.996911773500e+04
31.313131 1.4242424 2.944515220500e+04
31.313131 1.4848485 2.890328709400e+04
31.313131 1.5454545 2.834603669800e+04
31.313131 1.6060606 2.777409167400e+04
31.313131 1.6666667 2.718731731700e+04
31.313131 1.7272727 2.658726834000e+04
31.313131 1.7878788 2.597462721500e+04
31.313131 1.8484848 2.534993463500e+04
31.313131 1.9090909 2.471398002400e+04
31.313131 1.969697 2.406788672300e+04
31.313131 2.030303 2.341246610200e+04
31.313131 2.0909091 2.274863482500e+04
31.313131 2.1515152 2.207734766100e+04
31.313131 2.2121212 2.139959482500e+04
31.313131 2.2727273 2.071626063100e+04
31.313131 2.3333333 2.002837082400e+04
31.313131 2.3939394 1.933698422000e+04
31.313131 2.4545455 1.864317854200e+04
31.313131 2.5151515 1.794810229200e+04
31.313131 2.5757576 1.725272817700e+04
31.313131 2.6363636 1.655814733600e+04
31.313131 2.6969697 1.586554712600e+04
31.313131 2.7575758 1.517602970500e+04
31.313131 2.8181818 1.449087718600e+04
31.313131 2.8787879 1.381129366000e+04
31.313131 2.9393939 1.313848178100e+04
31.313131 3 1.247380074000e+04
31.818182 -3 1.156070780000e+04
31.818182 -2.9393939 1.218298501800e+04
31.818182 -2.8787879 1.281288966200e+04
31.818182 -2.8181818 1.344919535400e+04
31.818182 -2.7575758 1.409071042200e+04
31.818182 -2.6969697 1.473631430100e+04
31.818182 -2.6363636 1.538504948100e+04
31.818182 -2.5757576 1.603601314500e+04
31.818182 -2.5151515 1.668808065000e+04
31.818182 -2.4545455 1.734029887100e+04
31.818182 -2.3939394 1.799148187100e+04
31.818182 -2.3333333 1.864053198600e+04
31.818182 -2.2727273 1.928652036700e+04
31.818182 -2.2121212 1.992846351600e+04
31.818182 -2.1515152 2.056561325500e+04
31.818182 -2.0909091 2.119698028300e+04
31.818182 -2.030303 2.182145885000e+04
31.818182 -1.969697 2.243777670000e+04
31.818182 -1.9090909 2.304494863400e+04
31.818182 -1.8484848 2.364213525600e+04
31.818182 -1.7878788 2.422816463900e+04
31.818182 -1.7272727 2.480284262600e+04
31.818182 -1.6666667 2.536556001100e+04
31.818182 -1.6060606 2.591567332600e+04
31.818182 -1.5454545 2.645256641200e+04
31.818182 -1.4848485 2.697554749600e+04
31.818182 -1.4242424 2.748389204900e+04
31.818182 -1.3636364 2.797683561600e+04
31.818182 -1.3030303 2.845346910000e+04
31.818182 -1.2424242 2.891297915800e+04
31.818182 -1.1818182 2.935470741700e+04
31.818182 -1.1212121 2.977801626100e+04
31.818182 -1.0606061 3.018241549100e+04
31.818182 -1 3.056738799900e+04
31.818182 -0.93939394 3.093253748200e+04
31.818182 -0.87878788 3.127735835800e+04
31.818182 -0.81818182 3.160122190300e+04
31.818182 -0.75757576 3.190400271500e+04
31.818182 -0.6969697 3.218464178900e+04
31.818182 -0.63636364 3.244317931600e+04
31.818182 -0.57575758 3.267937555200e+04
31.818182 -0.51515152 3.289277367500e+04
31.818182 -0.45454545 3.308318012300e+04
31.818182 -0.39393939 3.325038497800e+04
31.818182 -0.33333333 3.340477141300e+04
31.818182 -0.27272727 3.352498118100e+04
31.818182 -0.21212121 3.362128084200e+04
31.818182 -0.15151515 3.369348595800e+04
31.818182 -0.090909091 3.374161050300e+04
31.818182 -0.03030303 3.376571728800e+04
31.818182 0.03030303 3.376579173500e+04
31.818182 0.090909091 3.374169273800e+04
31.818182 0.15151515 3.369325810300e+04
31.818182 0.21212121 3.362032593500e+04
31.818182 0.27272727 3.352129726500e+04
31.818182 0.33333333 3.339845219000e+04
31.818182 0.39393939 3.325237082200e+04
31.818182 0.45454545 3.308351181100e+04
31.818182 0.51515152 3.288972836700e+04
31.818182 0.57575758 3.267510732500e+04
31.818182 0.63636364 3.243754998100e+04
31.818182 0.6969697 3.217825748800e+04
31.818182 0.75757576 3.189637225700e+04
31.818182 0.81818182 3.159298148700e+04
31.818182 0.87878788 3.126984742700e+04
31.818182 0.93939394 3.092310574800e+04
31.818182 1 3.055330388000e+04
31.818182 1.0606061 3.016914340000e+04
31.818182 1.1212121 2.976485376900e+04
31.818182 1.1818182 2.934158758200e+04
31.818182 1.2424242 2.889946088700e+04
31.818182 1.3030303 2.844040174100e+04
31.818182 1.3636364 2.796361461700e+04
31.818182 1.4242424 2.747130134500e+04
31.818182 1.4848485 2.696219016200e+04
31.818182 1.5454545 2.643820256800e+04
31.818182 1.6060606 2.590060135100e+04
31.818182 1.6666667 2.534934169800e+04
31.818182 1.7272727 2.478549311000e+04
31.818182 1.7878788 2.420993809800e+04
31.818182 1.8484848 2.362306689600e+04
31.818182 1.9090909 2.302568128400e+04
31.818182 1.969697 2.241890452200e+04
31.818182 2.030303 2.180342392100e+04
31.818182 2.0909091 2.118011577400e+04
31.818182 2.1515152 2.054993366300e+04
31.818182 2.2121212 1.991375322600e+04
31.818182 2.2727273 1.927242632400e+04
31.818182 2.3333333 1.862695240800e+04
31.818182 2.3939394 1.797832709500e+04
31.818182 2.4545455 1.732759896000e+04
31.818182 2.5151515 1.667579409100e+04
31.818182 2.5757576 1.602387043100e+04
31.818182 2.6363636 1.537283594900e+04
31.818182 2.6969697 1.472383972100e+04
31.818182 2.7575758 1.407795955100e+04
31.818182 2.8181818 1.343638138500e+04
31.818182 2.8787879 1.280027203800e+04
31.818182 2.9393939 1.217075927200e+04
31.818182 3 1.154918142100e+04
32.323232 -3 1.071282856300e+04
32.323232 -2.9393939 1.129520900300e+04
32.323232 -2.8787879 1.188494593700e+04
32.323232 -2.8181818 1.248089602900e+04
32.323232 -2.7575758 1.308196314200e+04
32.323232 -2.6969697 1.368711000800e+04
32.323232 -2.6363636 1.429543716200e+04
32.323232 -2.5757576 1.490604676700e+04
32.323232 -2.5151515 1.551783893600e+04
32.323232 -2.4545455 1.612987532300e+04
32.323232 -2.3939394 1.674105055200e+04
32.323232 -2.3333333 1.735035014800e+04
32.323232 -2.2727273 1.795690919900e+04
32.323232 -2.2121212 1.855984779100e+04
32.323232 -2.1515152 1.915839396800e+04
32.323232 -2.0909091 1.975156640700e+04
32.323232 -2.030303 2.033831874400e+04
32.323232 -1.969697 2.091744885300e+04
32.323232 -1.9090909 2.148800382900e+04
32.323232 -1.8484848 2.204927604400e+04
32.323232 -1.7878788 2.260016214200e+04
32.323232 -1.7272727 2.314048332400e+04
32.323232 -1.6666667 2.366961534600e+04
32.323232 -1.6060606 2.418697270100e+04
32.323232 -1.5454545 2.469195645500e+04
32.323232 -1.4848485 2.518390957200e+04
32.323232 -1.4242424 2.566212632200e+04
32.323232 -1.3636364 2.612586082500e+04
32.323232 -1.3030303 2.657426499300e+04
32.323232 -1.2424242 2.700659642800e+04
32.323232 -1.1818182 2.742221558400e+04
32.323232 -1.1212121 2.782052308600e+04
32.323232 -1.0606061 2.820107527900e+04
32.323232 -1 2.856339929400e+04
32.323232 -0.93939394 2.890710370100e+04
32.323232 -0.87878788 2.923164032100e+04
32.323232 -0.81818182 2.953643931000e+04
32.323232 -0.75757576 2.982137046600e+04
32.323232 -0.6969697 3.008559938500e+04
32.323232 -0.63636364 3.032886272000e+04
32.323232 -0.57575758 3.055115814500e+04
32.323232 -0.51515152 3.075202535200e+04
32.323232 -0.45454545 3.093125457300e+04
32.323232 -0.39393939 3.108866247800e+04
32.323232 -0.33333333 3.123398118400e+04
32.323232 -0.27272727 3.134713563600e+04
32.323232 -0.21212121 3.143777252100e+04
32.323232 -0.15151515 3.150574160100e+04
32.323232 -0.090909091 3.155107240300e+04
32.323232 -0.03030303 3.157380533200e+04
32.323232 0.03030303 3.157389871000e+04
32.323232 0.090909091 3.155122927400e+04
32.323232 0.15151515 3.150559342900e+04
32.323232 0.21212121 3.143710622500e+04
32.323232 0.27272727 3.134434913700e+04
32.323232 0.33333333 3.122831356300e+04
32.323232 0.39393939 3.109049115100e+04
32.323232 0.45454545 3.093161104200e+04
32.323232 0.51515152 3.074910028900e+04
32.323232 0.57575758 3.054678164700e+04
32.323232 0.63636364 3.032320108000e+04
32.323232 0.6969697 3.007926495400e+04
32.323232 0.75757576 2.981400685600e+04
32.323232 0.81818182 2.952824967400e+04
32.323232 0.87878788 2.922431919500e+04
32.323232 0.93939394 2.889945528100e+04
32.323232 1 2.854982408400e+04
32.323232 1.0606061 2.818857388500e+04
32.323232 1.1212121 2.780820562500e+04
32.323232 1.1818182 2.741005957200e+04
32.323232 1.2424242 2.699414650200e+04
32.323232 1.3030303 2.656237739900e+04
32.323232 1.3636364 2.611360255100e+04
32.323232 1.4242424 2.565048037900e+04
32.323232 1.4848485 2.517198591300e+04
32.323232 1.5454545 2.467894588900e+04
32.323232 1.6060606 2.417323272400e+04
32.323232 1.6666667 2.365495262100e+04
32.323232 1.7272727 2.312473114200e+04
32.323232 1.7878788 2.258359170100e+04
32.323232 1.8484848 2.203184572200e+04
32.323232 1.9090909 2.147030551200e+04
32.323232 1.969697 2.090003428000e+04
32.323232 2.030303 2.032163856700e+04
32.323232 2.0909091 1.973595590200e+04
32.323232 2.1515152 1.914392988800e+04
32.323232 2.2121212 1.854632758800e+04
32.323232 2.2727273 1.794397641700e+04
32.323232 2.3333333 1.733787438900e+04
32.323232 2.3939394 1.672892823800e+04
32.323232 2.4545455 1.611815355200e+04
32.323232 2.5151515 1.550647657900e+04
32.323232 2.5757576 1.489483600500e+04
32.323232 2.6363636 1.428418360300e+04
32.323232 2.6969697 1.367560821700e+04
32.323232 2.7575758 1.307017763400e+04
32.323232 2.8181818 1.246898243000e+04
32.323232 2.8787879 1.187314064300e+04
32.323232 2.9393939 1.128375029000e+04
32.323232 3 1.070207112600e+04
32.828283 -3 9.935229334700e+03
32.828283 -2.9393939 1.048063877500e+04
32.828283 -2.8787879 1.103314985400e+04
32.828283 -2.8181818 1.159169760200e+04
32.828283 -2.7575758 1.215526968500e+04
32.828283 -2.6969697 1.272290993400e+04
32.828283 -2.6363636 1.329376851300e+04
32.828283 -2.5757576 1.386691521200e+04
32.828283 -2.5151515 1.444131164800e+04
32.828283 -2.4545455 1.501603146000e+04
32.828283 -2.3939394 1.559005628100e+04
32.828283 -2.3333333 1.616245510600e+04
32.828283 -2.2727273 1.673240912000e+04
32.828283 -2.2121212 1.729913469600e+04
32.828283 -2.1515152 1.786183021900e+04
32.828283 -2.0909091 1.841950109200e+04
32.828283 -2.030303 1.897117406400e+04
32.828283 -1.969697 1.951574515100e+04
32.828283 -1.9090909 2.005228109300e+04
32.828283 -1.8484848 2.058018267800e+04
32.828283 -1.7878788 2.109841708500e+04
32.828283 -1.7272727 2.160679362000e+04
32.828283 -1.6666667 2.210469256800e+04
32.828283 -1.6060606 2.259160134800e+04
32.828283 -1.5454545 2.306691338600e+04
32.828283 -1.4848485 2.353000019000e+04
32.828283 -1.4242424 2.398019025800e+04
32.828283 -1.3636364 2.441675055400e+04
32.828283 -1.3030303 2.483888716500e+04
32.828283 -1.2424242 2.524593211900e+04
32.828283 -1.1818182 2.563726339200e+04
32.828283 -1.1212121 2.601231285600e+04
32.828283 -1.0606061 2.637067575100e+04
32.828283 -1 2.671192592900e+04
32.828283 -0.93939394 2.703566352600e+04
32.828283 -0.87878788 2.734130797600e+04
32.828283 -0.81818182 2.762837016900e+04
32.828283 -0.75757576 2.789671098200e+04
32.828283 -0.6969697 2.814564864400e+04
32.828283 -0.63636364 2.837469929100e+04
32.828283 -0.57575758 2.858406696200e+04
32.828283 -0.51515152 2.877327757900e+04
32.828283 -0.45454545 2.894210742200e+04
32.828283 -0.39393939 2.909039905400e+04
32.828283 -0.33333333 2.922727409400e+04
32.828283 -0.27272727 2.933386730400e+04
32.828283 -0.21212121 2.941923293000e+04
32.828283 -0.15151515 2.948326586000e+04
32.828283 -0.090909091 2.952600497100e+04
32.828283 -0.03030303 2.954746416100e+04
32.828283 0.03030303 2.954757489600e+04
32.828283 0.090909091 2.952622929000e+04
32.828283 0.15151515 2.948323443900e+04
32.828283 0.21212121 2.941867486400e+04
32.828283 0.27272727 2.933181570100e+04
32.828283 0.33333333 2.922231975100e+04
32.828283 0.39393939 2.909212036200e+04
32.828283 0.45454545 2.894235438000e+04
32.828283 0.51515152 2.877063698800e+04
32.828283 0.57575758 2.857967326300e+04
32.828283 0.63636364 2.836914593400e+04
32.828283 0.6969697 2.813935374900e+04
32.828283 0.75757576 2.788963191500e+04
32.828283 0.81818182 2.762049528100e+04
32.828283 0.87878788 2.733378485100e+04
32.828283 0.93939394 2.702930460100e+04
32.828283 1 2.669871513100e+04
32.828283 1.0606061 2.635888737500e+04
32.828283 1.1212121 2.600079054700e+04
32.828283 1.1818182 2.562590786100e+04
32.828283 1.2424242 2.523451662300e+04
32.828283 1.3030303 2.482802355700e+04
32.828283 1.3636364 2.440544173100e+04
32.828283 1.4242424 2.396930929600e+04
32.828283 1.4848485 2.351930746600e+04
32.828283 1.5454545 2.305519450900e+04
32.828283 1.6060606 2.257909477000e+04
32.828283 1.6666667 2.209143809800e+04
32.828283 1.7272727 2.159249939900e+04
32.828283 1.7878788 2.108332031900e+04
32.828283 1.8484848 2.056423455800e+04
32.828283 1.9090909 2.003603842200e+04
32.828283 1.969697 1.949968499000e+04
32.828283 2.030303 1.895575078300e+04
32.828283 2.0909091 1.840503885600e+04
32.828283 2.1515152 1.784845289700e+04
32.828283 2.2121212 1.728668049300e+04
32.828283 2.2727273 1.672053484100e+04
32.828283 2.3333333 1.615100458400e+04
32.828283 2.3939394 1.557890819000e+04
32.828283 2.4545455 1.500521506300e+04
32.828283 2.5151515 1.443078836100e+04
32.828283 2.5757576 1.385652869100e+04
32.828283 2.6363636 1.328335630200e+04
32.828283 2.6969697 1.271228721300e+04
32.828283 2.7575758 1.214437847400e+04
32.828283 2.8181818 1.158063851400e+04
32.828283 2.8787879 1.102213665700e+04
32.828283 2.9393939 1.046994939100e+04
32.828283 3 9.925219946100e+03
33.333333 -3 9.221415352300e+03
33.333333 -2.9393939 9.732541739500e+03
33.333333 -2.8787879 1.025052750200e+04
33.333333 -2.8181818 1.077438513300e+04
33.333333 -2.7575758 1.130317625000e+04
33.333333 -2.6969697 1.183600814900e+04
33.333333 -2.6363636 1.237208334400e+04
33.333333 -2.5757576 1.291042201500e+04
33.333333 -2.5151515 1.345006103900e+04
33.333333 -2.4545455 1.399010575000e+04
33.333333 -2.3939394 1.452961266300e+04
33.333333 -2.3333333 1.506773219800e+04
33.333333 -2.2727273 1.560368220000e+04
33.333333 -2.2121212 1.613674597800e+04
33.333333 -2.1515152 1.666610314600e+04
33.333333 -2.0909091 1.719075652100e+04
33.333333 -2.030303 1.770979053100e+04
33.333333 -1.969697 1.822221306100e+04
33.333333 -1.9090909 1.872712303100e+04
33.333333 -1.8484848 1.922399561300e+04
33.333333 -1.7878788 1.971186025400e+04
33.333333 -1.7272727 2.019050314300e+04
33.333333 -1.6666667 2.065934390100e+04
33.333333 -1.6060606 2.111791910100e+04
33.333333 -1.5454545 2.156561665600e+04
33.333333 -1.4848485 2.200183011400e+04
33.333333 -1.4242424 2.242592417900e+04
33.333333 -1.3636364 2.283718441300e+04
33.333333 -1.3030303 2.323485954700e+04
33.333333 -1.2424242 2.361835976200e+04
33.333333 -1.1818182 2.398707441700e+04
33.333333 -1.1212121 2.434047200300e+04
33.333333 -1.0606061 2.467817373400e+04
33.333333 -1 2.499980188000e+04
33.333333 -0.93939394 2.530492842300e+04
33.333333 -0.87878788 2.559296943100e+04
33.333333 -0.81818182 2.586351714500e+04
33.333333 -0.75757576 2.611642164100e+04
33.333333 -0.6969697 2.635108933700e+04
33.333333 -0.63636364 2.656691866600e+04
33.333333 -0.57575758 2.676425637900e+04
33.333333 -0.51515152 2.694261262300e+04
33.333333 -0.45454545 2.710175940600e+04
33.333333 -0.39393939 2.724155633600e+04
33.333333 -0.33333333 2.737054984900e+04
33.333333 -0.27272727 2.747104510200e+04
33.333333 -0.21212121 2.755150631400e+04
33.333333 -0.15151515 2.761188425000e+04
33.333333 -0.090909091 2.765221301000e+04
33.333333 -0.03030303 2.767248173100e+04
33.333333 0.03030303 2.767260994100e+04
33.333333 0.090909091 2.765249064900e+04
33.333333 0.15151515 2.761196259300e+04
33.333333 0.21212121 2.755100173400e+04
33.333333 0.27272727 2.746949007700e+04
33.333333 0.33333333 2.736636953000e+04
33.333333 0.39393939 2.724319404300e+04
33.333333 0.45454545 2.710185589600e+04
33.333333 0.51515152 2.694032920700e+04
33.333333 0.57575758 2.675995988900e+04
33.333333 0.63636364 2.656164012400e+04
33.333333 0.6969697 2.634483853700e+04
33.333333 0.75757576 2.610962960500e+04
33.333333 0.81818182 2.585603091000e+04
33.333333 0.87878788 2.558527938100e+04
33.333333 0.93939394 2.529912373300e+04
33.333333 1 2.498688163700e+04
33.333333 1.0606061 2.466705002900e+04
33.333333 1.1212121 2.432968700500e+04
33.333333 1.1818182 2.397643108000e+04
33.333333 1.2424242 2.360784783700e+04
33.333333 1.3030303 2.322483409900e+04
33.333333 1.3636364 2.282680261600e+04
33.333333 1.4242424 2.241573451200e+04
33.333333 1.4848485 2.199212368400e+04
33.333333 1.5454545 2.155513270100e+04
33.333333 1.6060606 2.110655805100e+04
33.333333 1.6666667 2.064734222200e+04
33.333333 1.7272727 2.017754063900e+04
33.333333 1.7878788 1.969807383700e+04
33.333333 1.8484848 1.920938948200e+04
33.333333 1.9090909 1.871222889600e+04
33.333333 1.969697 1.820741349300e+04
33.333333 2.030303 1.769552913800e+04
33.333333 2.0909091 1.717734890000e+04
33.333333 2.1515152 1.665370236200e+04
33.333333 2.2121212 1.612523736200e+04
33.333333 2.2727273 1.559276179200e+04
33.333333 2.3333333 1.505722320300e+04
33.333333 2.3939394 1.451937513400e+04
33.333333 2.4545455 1.398012593200e+04
33.333333 2.5151515 1.344031031400e+04
33.333333 2.5757576 1.290077120800e+04
33.333333 2.6363636 1.236241214000e+04
33.333333 2.6969697 1.182617803800e+04
33.333333 2.7575758 1.129310142600e+04
33.333333 2.8181818 1.076412899300e+04
33.333333 2.8787879 1.024029004200e+04
33.333333 2.9393939 9.722614179500e+03
33.333333 3 9.212122582500e+03
33.838384 -3 8.565552802600e+03
33.838384 -2.9393939 9.044868454700e+03
33.838384 -2.8787879 9.530811788100e+03
33.838384 -2.8181818 1.002246906100e+04
33.838384 -2.7575758 1.051897129200e+04
33.838384 -2.6969697 1.101946771500e+04
33.838384 -2.6363636 1.152321440100e+04
33.838384 -2.5757576 1.202918624900e+04
33.838384 -2.5151515 1.253649657100e+04
33.838384 -2.4545455 1.304430199100e+04
33.838384 -2.3939394 1.355171622400e+04
33.838384 -2.3333333 1.405796777400e+04
33.838384 -2.2727273 1.456230517400e+04
33.838384 -2.2121212 1.506404412200e+04
33.838384 -2.1515152 1.556236259300e+04
33.838384 -2.0909091 1.605628731100e+04
33.838384 -2.030303 1.654493670300e+04
33.838384 -1.969697 1.702742916700e+04
33.838384 -1.9090909 1.750291543400e+04
33.838384 -1.8484848 1.797090900600e+04
33.838384 -1.7878788 1.843049829600e+04
33.838384 -1.7272727 1.888144415500e+04
33.838384 -1.6666667 1.932323395800e+04
33.838384 -1.6060606 1.975541802600e+04
33.838384 -1.5454545 2.017739353700e+04
33.838384 -1.4848485 2.058857058000e+04
33.838384 -1.4242424 2.098834548900e+04
33.838384 -1.3636364 2.137603070800e+04
33.838384 -1.3030303 2.175091126100e+04
33.838384 -1.2424242 2.211247027100e+04
33.838384 -1.1818182 2.246010641500e+04
33.838384 -1.1212121 2.279333282700e+04
33.838384 -1.0606061 2.311178452000e+04
33.838384 -1 2.341512658200e+04
33.838384 -0.93939394 2.370288958900e+04
33.838384 -0.87878788 2.397452078700e+04
33.838384 -0.81818182 2.422967790300e+04
33.838384 -0.75757576 2.446820335000e+04
33.838384 -0.6969697 2.468954301800e+04
33.838384 -0.63636364 2.489307075600e+04
33.838384 -0.57575758 2.507920326200e+04
33.838384 -0.51515152 2.524744312300e+04
33.838384 -0.45454545 2.539756605200e+04
33.838384 -0.39393939 2.552943868300e+04
33.838384 -0.33333333 2.565106509500e+04
33.838384 -0.27272727 2.574589345800e+04
33.838384 -0.21212121 2.582179342100e+04
33.838384 -0.15151515 2.587877457600e+04
33.838384 -0.090909091 2.591685553000e+04
33.838384 -0.03030303 2.593600615900e+04
33.838384 0.03030303 2.593615009000e+04
33.838384 0.090909091 2.591716874600e+04
33.838384 0.15151515 2.587892870100e+04
33.838384 0.21212121 2.582135335300e+04
33.838384 0.27272727 2.574460851000e+04
33.838384 0.33333333 2.564765305800e+04
33.838384 0.39393939 2.553100480000e+04
33.838384 0.45454545 2.539753690400e+04
33.838384 0.51515152 2.524550203600e+04
33.838384 0.57575758 2.507511802100e+04
33.838384 0.63636364 2.488816892700e+04
33.838384 0.6969697 2.468337729300e+04
33.838384 0.75757576 2.446169409600e+04
33.838384 0.81818182 2.422254004000e+04
33.838384 0.87878788 2.396690000900e+04
33.838384 0.93939394 2.369700063700e+04
33.838384 1 2.340262883600e+04
33.838384 1.0606061 2.310126878600e+04
33.838384 1.1212121 2.278322704300e+04
33.838384 1.1818182 2.245013235800e+04
33.838384 1.2424242 2.210270216400e+04
33.838384 1.3030303 2.174155973400e+04
33.838384 1.3636364 2.136651170500e+04
33.838384 1.4242424 2.097884241400e+04
33.838384 1.4848485 2.057962551100e+04
33.838384 1.5454545 2.016805139300e+04
33.838384 1.6060606 1.974513137800e+04
33.838384 1.6666667 1.931233806200e+04
33.838384 1.7272727 1.886969110400e+04
33.838384 1.7878788 1.841788636700e+04
33.838384 1.8484848 1.795752726700e+04
33.838384 1.9090909 1.748926289000e+04
33.838384 1.969697 1.701379968800e+04
33.838384 2.030303 1.653174809100e+04
33.838384 2.0909091 1.604384982700e+04
33.838384 2.1515152 1.555084429800e+04
33.838384 2.2121212 1.505337197700e+04
33.838384 2.2727273 1.455223643000e+04
33.838384 2.3333333 1.404831248600e+04
33.838384 2.3939394 1.354231763500e+04
33.838384 2.4545455 1.303509276500e+04
33.838384 2.5151515 1.252746077300e+04
33.838384 2.5757576 1.202020221600e+04
33.838384 2.6363636 1.151420348000e+04
33.838384 2.6969697 1.101035125900e+04
33.838384 2.7575758 1.050963613500e+04
33.838384 2.8181818 1.001296538600e+04
33.838384 2.8787879 9.521329444900e+03
33.838384 2.9393939 9.035682099200e+03
33.838384 3 8.556938030200e+03
34.343434 -3 7.962395619300e+03
34.343434 -2.9393939 8.412175790500e+03
34.343434 -2.8787879 8.868362252900e+03
34.343434 -2.8181818 9.330104729100e+03
34.343434 -2.7575758 9.796604539800e+03
34.343434 -2.6969697 1.026703729000e+04
34.343434 -2.6363636 1.074070412200e+04
34.343434 -2.5757576 1.121655613300e+04
34.343434 -2.5151515 1.169378190900e+04
34.343434 -2.4545455 1.217159293500e+04
34.343434 -2.3939394 1.264914806300e+04
34.343434 -2.3333333 1.312574992700e+04
34.343434 -2.2727273 1.360067036000e+04
34.343434 -2.2121212 1.407323185200e+04
34.343434 -2.1515152 1.454262535700e+04
34.343434 -2.0909091 1.500792700200e+04
34.343434 -2.030303 1.546827522500e+04
34.343434 -1.969697 1.592288618600e+04
34.343434 -1.9090909 1.637097389900e+04
34.343434 -1.8484848 1.681205962900e+04
34.343434 -1.7878788 1.724530104900e+04
34.343434 -1.7272727 1.767043325400e+04
34.343434 -1.6666667 1.808702001600e+04
34.343434 -1.6060606 1.849460174700e+04
34.343434 -1.5454545 1.889259740600e+04
34.343434 -1.4848485 1.928043004900e+04
34.343434 -1.4242424 1.965752376500e+04
34.343434 -1.3636364 2.002322164700e+04
34.343434 -1.3030303 2.037684892700e+04
34.343434 -1.2424242 2.071794359300e+04
34.343434 -1.1818182 2.104592096200e+04
34.343434 -1.1212121 2.136034172900e+04
34.343434 -1.0606061 2.166084771600e+04
34.343434 -1 2.194713109100e+04
34.343434 -0.93939394 2.221868240900e+04
34.343434 -0.87878788 2.247500845800e+04
34.343434 -0.81818182 2.271580813200e+04
34.343434 -0.75757576 2.294092445300e+04
34.343434 -0.6969697 2.314981252600e+04
34.343434 -0.63636364 2.334188574200e+04
34.343434 -0.57575758 2.351756884800e+04
34.343434 -0.51515152 2.367637304200e+04
34.343434 -0.45454545 2.381807852100e+04
34.343434 -0.39393939 2.394255332300e+04
34.343434 -0.33333333 2.405729049100e+04
34.343434 -0.27272727 2.414684956200e+04
34.343434 -0.21212121 2.421850737900e+04
34.343434 -0.15151515 2.427232474700e+04
34.343434 -0.090909091 2.430830454900e+04
34.343434 -0.03030303 2.432640407000e+04
34.343434 0.03030303 2.432655810600e+04
34.343434 0.090909091 2.430863459600e+04
34.343434 0.15151515 2.427251987400e+04
34.343434 0.21212121 2.421814791200e+04
34.343434 0.27272727 2.414568172100e+04
34.343434 0.33333333 2.405454594100e+04
34.343434 0.39393939 2.394406513100e+04
34.343434 0.45454545 2.381797341700e+04
34.343434 0.51515152 2.367469982900e+04
34.343434 0.57575758 2.351378872600e+04
34.343434 0.63636364 2.333735247700e+04
34.343434 0.6969697 2.314381262600e+04
34.343434 0.75757576 2.293469154100e+04
34.343434 0.81818182 2.270896965300e+04
34.343434 0.87878788 2.246766471000e+04
34.343434 0.93939394 2.221240519200e+04
34.343434 1 2.193541285200e+04
34.343434 1.0606061 2.165087028100e+04
34.343434 1.1212121 2.135086682300e+04
34.343434 1.1818182 2.103658395200e+04
34.343434 1.2424242 2.070879123900e+04
34.343434 1.3030303 2.036806061300e+04
34.343434 1.3636364 2.001445056100e+04
34.343434 1.4242424 1.964872677800e+04
34.343434 1.4848485 1.927208441800e+04
34.343434 1.5454545 1.888425046000e+04
34.343434 1.6060606 1.848533602200e+04
34.343434 1.6666667 1.807710500100e+04
34.343434 1.7272727 1.765976724600e+04
34.343434 1.7878788 1.723375631300e+04
34.343434 1.8484848 1.679980817100e+04
34.343434 1.9090909 1.635845468400e+04
34.343434 1.969697 1.591033658200e+04
34.343434 2.030303 1.545607871100e+04
34.343434 2.0909091 1.499638165300e+04
34.343434 2.1515152 1.453190715200e+04
34.343434 2.2121212 1.406330243400e+04
34.343434 2.2727273 1.359135714800e+04
34.343434 2.3333333 1.311685942500e+04
34.343434 2.3939394 1.264051069100e+04
34.343434 2.4545455 1.216309113500e+04
34.343434 2.5151515 1.168540499900e+04
34.343434 2.5757576 1.120818666100e+04
34.343434 2.6363636 1.073229076000e+04
34.343434 2.6969697 1.025856343200e+04
34.343434 2.7575758 9.787940293900e+03
34.343434 2.8181818 9.321308861100e+03
34.343434 2.8787879 8.859605271400e+03
34.343434 2.9393939 8.403698168200e+03
34.343434 3 7.954417401000e+03
34.848485 -3 7.407222062900e+03
34.848485 -2.9393939 7.829560358700e+03
34.848485 -2.8787879 8.258094288100e+03
34.848485 -2.8181818 8.692021750500e+03
34.848485 -2.7575758 9.130617082900e+03
34.848485 -2.6969697 9.573076555800e+03
34.848485 -2.6363636 1.001872963600e+04
34.848485 -2.5757576 1.046653313200e+04
34.848485 -2.5151515 1.091575067400e+04
34.848485 -2.4545455 1.136563554800e+04
34.848485 -2.3939394 1.181538906400e+04
34.848485 -2.3333333 1.226438139300e+04
34.848485 -2.2727273 1.271189958900e+04
34.848485 -2.2121212 1.315726220500e+04
34.848485 -2.1515152 1.359968094500e+04
34.848485 -2.0909091 1.403829605900e+04
34.848485 -2.030303 1.447226867900e+04
34.848485 -1.969697 1.490089211700e+04
34.848485 -1.9090909 1.532344213600e+04
34.848485 -1.8484848 1.573942999200e+04
34.848485 -1.7878788 1.614810151900e+04
34.848485 -1.7272727 1.654916458300e+04
34.848485 -1.6666667 1.694224757600e+04
34.848485 -1.6060606 1.732687720800e+04
34.848485 -1.5454545 1.770249817400e+04
34.848485 -1.4848485 1.806854539200e+04
34.848485 -1.4242424 1.842446958200e+04
34.848485 -1.3636364 1.876964340700e+04
34.848485 -1.3030303 1.910344323300e+04
34.848485 -1.2424242 1.942543567600e+04
34.848485 -1.1818182 1.973506712500e+04
34.848485 -1.1212121 2.003194177400e+04
34.848485 -1.0606061 2.031570684900e+04
34.848485 -1 2.058605917300e+04
34.848485 -0.93939394 2.084246614100e+04
34.848485 -0.87878788 2.108450820000e+04
34.848485 -0.81818182 2.131190151500e+04
34.848485 -0.75757576 2.152449876800e+04
34.848485 -0.6969697 2.172175539600e+04
34.848485 -0.63636364 2.190315039800e+04
34.848485 -0.57575758 2.206907755900e+04
34.848485 -0.51515152 2.221907447200e+04
34.848485 -0.45454545 2.235292089400e+04
34.848485 -0.39393939 2.247048617200e+04
34.848485 -0.33333333 2.257878096000e+04
34.848485 -0.27272727 2.266343569500e+04
34.848485 -0.21212121 2.273114491700e+04
34.848485 -0.15151515 2.278200745000e+04
34.848485 -0.090909091 2.281601957300e+04
34.848485 -0.03030303 2.283313212300e+04
34.848485 0.03030303 2.283328807100e+04
34.848485 0.090909091 2.281635002100e+04
34.848485 0.15151515 2.278221962100e+04
34.848485 0.21212121 2.273085815000e+04
34.848485 0.27272727 2.266232084400e+04
34.848485 0.33333333 2.257653208200e+04
34.848485 0.39393939 2.247197500700e+04
34.848485 0.45454545 2.235278875200e+04
34.848485 0.51515152 2.221757142000e+04
34.848485 0.57575758 2.206565702500e+04
34.848485 0.63636364 2.189889231300e+04
34.848485 0.6969697 2.171601562200e+04
34.848485 0.75757576 2.151853609000e+04
34.848485 0.81818182 2.130534257400e+04
34.848485 0.87878788 2.107752167700e+04
34.848485 0.93939394 2.083586327400e+04
34.848485 1 2.057555791700e+04
34.848485 1.0606061 2.030621732300e+04
34.848485 1.1212121 2.002306161500e+04
34.848485 1.1818182 1.972632940500e+04
34.848485 1.2424242 1.941682552800e+04
34.848485 1.3030303 1.909516531500e+04
34.848485 1.3636364 1.876148074500e+04
34.848485 1.4242424 1.841638408000e+04
34.848485 1.4848485 1.806071449700e+04
34.848485 1.5454545 1.769496259400e+04
34.848485 1.6060606 1.731858136000e+04
34.848485 1.6666667 1.693321792700e+04
34.848485 1.7272727 1.653946667100e+04
34.848485 1.7878788 1.613754000700e+04
34.848485 1.8484848 1.572823146900e+04
34.848485 1.9090909 1.531195094300e+04
34.848485 1.969697 1.488933254700e+04
34.848485 2.030303 1.446099041300e+04
34.848485 2.0909091 1.402756969700e+04
34.848485 2.1515152 1.358968922400e+04
34.848485 2.2121212 1.314799771300e+04
34.848485 2.2727273 1.270325453900e+04
34.848485 2.3333333 1.225616913800e+04
34.848485 2.3939394 1.180743235100e+04
34.848485 2.4545455 1.135778017200e+04
34.848485 2.5151515 1.090797587900e+04
34.848485 2.5757576 1.045873689500e+04
34.848485 2.6363636 1.001086577900e+04
34.848485 2.6969697 9.565184143500e+03
34.848485 2.7575758 9.122567678000e+03
34.848485 2.8181818 8.683895213800e+03
34.848485 2.8787879 8.250023582300e+03
34.848485 2.9393939 7.821750071300e+03
34.848485 3 7.399839215700e+03
35.353535 -3 6.895778603600e+03
35.353535 -2.9393939 7.292600256600e+03
35.353535 -2.8787879 7.695417767300e+03
35.353535 -2.8181818 8.103462807600e+03
35.353535 -2.7575758 8.516081284100e+03
35.353535 -2.6969697 8.932491658200e+03
35.353535 -2.6363636 9.352036400500e+03
35.353535 -2.5757576 9.773704276800e+03
35.353535 -2.5151515 1.019683114800e+04
35.353535 -2.4545455 1.062069599400e+04
35.353535 -2.3939394 1.104454534600e+04
35.353535 -2.3333333 1.146780396600e+04
35.353535 -2.2727273 1.188977024900e+04
35.353535 -2.2121212 1.230976023900e+04
35.353535 -2.1515152 1.272700765600e+04
35.353535 -2.0909091 1.314072011000e+04
35.353535 -2.030303 1.355009662600e+04
35.353535 -1.969697 1.395448163100e+04
35.353535 -1.9090909 1.435320351400e+04
35.353535 -1.8484848 1.474576344400e+04
35.353535 -1.7878788 1.513150729400e+04
35.353535 -1.7272727 1.551011518700e+04
35.353535 -1.6666667 1.588125866300e+04
35.353535 -1.6060606 1.624445949800e+04
35.353535 -1.5454545 1.659918587900e+04
35.353535 -1.4848485 1.694488621100e+04
35.353535 -1.4242424 1.728103666400e+04
35.353535 -1.3636364 1.760703901700e+04
35.353535 -1.3030303 1.792232907600e+04
35.353535 -1.2424242 1.822647854400e+04
35.353535 -1.1818182 1.851897827600e+04
35.353535 -1.1212121 1.879946881400e+04
35.353535 -1.0606061 1.906760401700e+04
35.353535 -1 1.932306322800e+04
35.353535 -0.93939394 1.956531765100e+04
35.353535 -0.87878788 1.979401880300e+04
35.353535 -0.81818182 2.000888404500e+04
35.353535 -0.75757576 2.020977814800e+04
35.353535 -0.6969697 2.039617141000e+04
35.353535 -0.63636364 2.056759943600e+04
35.353535 -0.57575758 2.072441052700e+04
35.353535 -0.51515152 2.086617939700e+04
35.353535 -0.45454545 2.099268223300e+04
35.353535 -0.39393939 2.110379209200e+04
35.353535 -0.33333333 2.120606018100e+04
35.353535 -0.27272727 2.128614631400e+04
35.353535 -0.21212121 2.135017365600e+04
35.353535 -0.15151515 2.139827073400e+04
35.353535 -0.090909091 2.143043772300e+04
35.353535 -0.03030303 2.144662406500e+04
35.353535 0.03030303 2.144677483600e+04
35.353535 0.090909091 2.143075745600e+04
35.353535 0.15151515 2.139848539700e+04
35.353535 0.21212121 2.134993324300e+04
35.353535 0.27272727 2.128507674600e+04
35.353535 0.33333333 2.120412907200e+04
35.353535 0.39393939 2.110530502900e+04
35.353535 0.45454545 2.099256192800e+04
35.353535 0.51515152 2.086476236700e+04
35.353535 0.57575758 2.072135267300e+04
35.353535 0.63636364 2.056351893800e+04
35.353535 0.6969697 2.039075518400e+04
35.353535 0.75757576 2.020408179900e+04
35.353535 0.81818182 2.000260062000e+04
35.353535 0.87878788 1.978737652400e+04
35.353535 0.93939394 1.955864429100e+04
35.353535 1 1.931406563900e+04
35.353535 1.0606061 1.905862474000e+04
35.353535 1.1212121 1.879115022900e+04
35.353535 1.1818182 1.851079939200e+04
35.353535 1.2424242 1.821837533800e+04
35.353535 1.3030303 1.791454349200e+04
35.353535 1.3636364 1.759936982800e+04
35.353535 1.4242424 1.727363045700e+04
35.353535 1.4848485 1.693754572000e+04
35.353535 1.5454545 1.659228115100e+04
35.353535 1.6060606 1.623706126000e+04
35.353535 1.6666667 1.587304774900e+04
35.353535 1.7272727 1.550127806500e+04
35.353535 1.7878788 1.512185832400e+04
35.353535 1.8484848 1.473554549100e+04
35.353535 1.9090909 1.434264616400e+04
35.353535 1.969697 1.394382534200e+04
35.353535 2.030303 1.353966497700e+04
35.353535 2.0909091 1.313074421900e+04
35.353535 2.1515152 1.271767654400e+04
35.353535 2.2121212 1.230109564000e+04
35.353535 2.2727273 1.188171556700e+04
35.353535 2.3333333 1.146018872900e+04
35.353535 2.3939394 1.103718997000e+04
35.353535 2.4545455 1.061342731500e+04
35.353535 2.5151515 1.018960374000e+04
35.353535 2.5757576 9.766443577000e+03
35.353535 2.6363636 9.344683976900e+03
35.353535 2.6969697 8.925131640600e+03
35.353535 2.7575758 8.508604396300e+03
35.353535 2.8181818 8.095969792700e+03
35.353535 2.8787879 7.687989147300e+03
35.353535 2.9393939 7.285411191800e+03
35.353535 3 6.888951380600e+03
35.858586 -3 6.424228712500e+03
35.858586 -2.9393939 6.797303741000e+03
35.858586 -2.8787879 7.176185280200e+03
35.858586 -2.8181818 7.560130067600e+03
35.858586 -2.7575758 7.948546318500e+03
35.858586 -2.6969697 8.340678854400e+03
35.858586 -2.6363636 8.735877423600e+03
35.858586 -2.5757576 9.133178781600e+03
35.858586 -2.5151515 9.531981603300e+03
35.858586 -2.4545455 9.931584543900e+03
35.858586 -2.3939394 1.033128190700e+04
35.858586 -2.3333333 1.073053242800e+04
35.858586 -2.2727273 1.112864929000e+04
35.858586 -2.2121212 1.152495374000e+04
35.858586 -2.1515152 1.191869899800e+04
35.858586 -2.0909091 1.230915568500e+04
35.858586 -2.030303 1.269558039000e+04
35.858586 -1.969697 1.307733984100e+04
35.858586 -1.9090909 1.345380572600e+04
35.858586 -1.8484848 1.382448592300e+04
35.858586 -1.7878788 1.418881968700e+04
35.858586 -1.7272727 1.454646257900e+04
35.858586 -1.6666667 1.489710962900e+04
35.858586 -1.6060606 1.524028815600e+04
35.858586 -1.5454545 1.557548602100e+04
35.858586 -1.4848485 1.590216923700e+04
35.858586 -1.4242424 1.621983539400e+04
35.858586 -1.3636364 1.652791998600e+04
35.858586 -1.3030303 1.682591677500e+04
35.858586 -1.2424242 1.711338982800e+04
35.858586 -1.1818182 1.738988025900e+04
35.858586 -1.1212121 1.765505922700e+04
35.858586 -1.0606061 1.790858814500e+04
35.858586 -1 1.815011227600e+04
35.858586 -0.93939394 1.837913677100e+04
35.858586 -0.87878788 1.859536782200e+04
35.858586 -0.81818182 1.879851855200e+04
35.858586 -0.75757576 1.898845757900e+04
35.858586 -0.6969697 1.916470465000e+04
35.858586 -0.63636364 1.932681924900e+04
35.858586 -0.57575758 1.947510826200e+04
35.858586 -0.51515152 1.960918232600e+04
35.858586 -0.45454545 1.972881861400e+04
35.858586 -0.39393939 1.983389548500e+04
35.858586 -0.33333333 1.993051938600e+04
35.858586 -0.27272727 2.000634791400e+04
35.858586 -0.21212121 2.006693406000e+04
35.858586 -0.15151515 2.011244023100e+04
35.858586 -0.090909091 2.014287544500e+04
35.858586 -0.03030303 2.015819172600e+04
35.858586 0.03030303 2.015833400900e+04
35.858586 0.090909091 2.014317951500e+04
35.858586 0.15151515 2.011264820200e+04
35.858586 0.21212121 2.006671211700e+04
35.858586 0.27272727 2.000533003600e+04
35.858586 0.33333333 1.992877675000e+04
35.858586 0.39393939 1.983549088600e+04
35.858586 0.45454545 1.972873809400e+04
35.858586 0.51515152 1.960780283500e+04
35.858586 0.57575758 1.947236760900e+04
35.858586 0.63636364 1.932287961600e+04
35.858586 0.6969697 1.915961761000e+04
35.858586 0.75757576 1.898302699400e+04
35.858586 0.81818182 1.879250816500e+04
35.858586 0.87878788 1.858903336000e+04
35.858586 0.93939394 1.837263910900e+04
35.858586 1 1.814261997800e+04
35.858586 1.0606061 1.790023409800e+04
35.858586 1.1212121 1.764726358800e+04
35.858586 1.1818182 1.738222512600e+04
35.858586 1.2424242 1.710577005900e+04
35.858586 1.3030303 1.681861264500e+04
35.858586 1.3636364 1.652068639800e+04
35.858586 1.4242424 1.621303585100e+04
35.858586 1.4848485 1.589532646400e+04
35.858586 1.5454545 1.556906831300e+04
35.858586 1.6060606 1.523368224800e+04
35.858586 1.6666667 1.488967269800e+04
35.858586 1.7272727 1.453839620300e+04
35.858586 1.7878788 1.418001730000e+04
35.858586 1.8484848 1.381517279000e+04
35.858586 1.9090909 1.344410442700e+04
35.858586 1.969697 1.306750608700e+04
35.858586 2.030303 1.268592291500e+04
35.858586 2.0909091 1.229986676200e+04
35.858586 2.1515152 1.190996979200e+04
35.858586 2.2121212 1.151683258200e+04
35.858586 2.2727273 1.112111610500e+04
35.858586 2.3333333 1.072343987300e+04
35.858586 2.3939394 1.032445318600e+04
35.858586 2.4545455 9.924843970400e+03
35.858586 2.5151515 9.525252470300e+03
35.858586 2.5757576 9.126414878700e+03
35.858586 2.6363636 8.729004337400e+03
35.858586 2.6969697 8.333814345400e+03
35.858586 2.7575758 7.941610851400e+03
35.858586 2.8181818 7.553233785300e+03
35.858586 2.8787879 7.169354054200e+03
35.858586 2.9393939 6.790688902900e+03
35.858586 3 6.417918800900e+03
36.363636 -3 5.989107230700e+03
36.363636 -2.9393939 6.340064098400e+03
36.363636 -2.8787879 6.696647366000e+03
36.363636 -2.8181818 7.058137359600e+03
36.363636 -2.7575758 7.423987907100e+03
36.363636 -2.6969697 7.793474413200e+03
36.363636 -2.6363636 8.165958984600e+03
36.363636 -2.5757576 8.540531084400e+03
36.363636 -2.5151515 8.916636019400e+03
36.363636 -2.4545455 9.293599722100e+03
36.363636 -2.3939394 9.670763530700e+03
36.363636 -2.3333333 1.004759541200e+04
36.363636 -2.2727273 1.042343288000e+04
36.363636 -2.2121212 1.079761115500e+04
36.363636 -2.1515152 1.116940023600e+04
36.363636 -2.0909091 1.153812480100e+04
36.363636 -2.030303 1.190311560900e+04
36.363636 -1.969697 1.226373599800e+04
36.363636 -1.9090909 1.261939530500e+04
36.363636 -1.8484848 1.296963471300e+04
36.363636 -1.7878788 1.331396160600e+04
36.363636 -1.7272727 1.365201338100e+04
36.363636 -1.6666667 1.398349777600e+04
36.363636 -1.6060606 1.430795346300e+04
36.363636 -1.5454545 1.462488529200e+04
36.363636 -1.4848485 1.493378231200e+04
36.363636 -1.4242424 1.523415695900e+04
36.363636 -1.3636364 1.552548747400e+04
36.363636 -1.3030303 1.580731364800e+04
36.363636 -1.2424242 1.607919221900e+04
36.363636 -1.1818182 1.634071099600e+04
36.363636 -1.1212121 1.659156892300e+04
36.363636 -1.0606061 1.683143393600e+04
36.363636 -1 1.705991035600e+04
36.363636 -0.93939394 1.727656276500e+04
36.363636 -0.87878788 1.748112814300e+04
36.363636 -0.81818182 1.767331915200e+04
36.363636 -0.75757576 1.785299234400e+04
36.363636 -0.6969697 1.801975910300e+04
36.363636 -0.63636364 1.817316279700e+04
36.363636 -0.57575758 1.831348246700e+04
36.363636 -0.51515152 1.844035321200e+04
36.363636 -0.45454545 1.855356518400e+04
36.363636 -0.39393939 1.865300147200e+04
36.363636 -0.33333333 1.874432927600e+04
36.363636 -0.27272727 1.881619092300e+04
36.363636 -0.21212121 1.887355319000e+04
36.363636 -0.15151515 1.891663137100e+04
36.363636 -0.090909091 1.894544063300e+04
36.363636 -0.03030303 1.895993830600e+04
36.363636 0.03030303 1.896007287000e+04
36.363636 0.090909091 1.894572892400e+04
36.363636 0.15151515 1.891682619200e+04
36.363636 0.21212121 1.887332948500e+04
36.363636 0.27272727 1.881522085700e+04
36.363636 0.33333333 1.874271897100e+04
36.363636 0.39393939 1.865473432400e+04
36.363636 0.45454545 1.855354358400e+04
36.363636 0.51515152 1.843900440700e+04
36.363636 0.57575758 1.831098133400e+04
36.363636 0.63636364 1.816940228400e+04
36.363636 0.6969697 1.801495222000e+04
36.363636 0.75757576 1.784782871600e+04
36.363636 0.81818182 1.766757448100e+04
36.363636 0.87878788 1.747507875900e+04
36.363636 0.93939394 1.727037158200e+04
36.363636 1 1.705363749700e+04
36.363636 1.0606061 1.682387282300e+04
36.363636 1.1212121 1.658426144600e+04
36.363636 1.1818182 1.633355386200e+04
36.363636 1.2424242 1.607202837400e+04
36.363636 1.3030303 1.580047095300e+04
36.363636 1.3636364 1.551868991400e+04
36.363636 1.4242424 1.522786494300e+04
36.363636 1.4848485 1.492744948700e+04
36.363636 1.5454545 1.461886446000e+04
36.363636 1.6060606 1.430200745400e+04
36.363636 1.6666667 1.397679941600e+04
36.363636 1.7272727 1.364464760500e+04
36.363636 1.7878788 1.330593997600e+04
36.363636 1.8484848 1.296114528500e+04
36.363636 1.9090909 1.261048810400e+04
36.363636 1.969697 1.225465220600e+04
36.363636 2.030303 1.189415976300e+04
36.363636 2.0909091 1.152946434500e+04
36.363636 2.1515152 1.116122040400e+04
36.363636 2.2121212 1.078998264700e+04
36.363636 2.2727273 1.041636074900e+04
36.363636 2.3333333 1.004095941800e+04
36.363636 2.3939394 9.664394150000e+03
36.363636 2.4545455 9.287330581900e+03
36.363636 2.5151515 8.910362656200e+03
36.363636 2.5757576 8.534223065800e+03
36.363636 2.6363636 8.159536804800e+03
36.363636 2.6969697 7.787078675000e+03
36.363636 2.7575758 7.417569701300e+03
36.363636 2.8181818 7.051798194700e+03
36.363636 2.8787879 6.690370775900e+03
36.363636 2.9393939 6.333978408800e+03
36.363636 3 5.983277982700e+03
36.868687 -3 5.587279676800e+03
36.868687 -2.9393939 5.917619633600e+03
36.868687 -2.8787879 6.253413101400e+03
36.868687 -2.8181818 6.593967707300e+03
36.868687 -2.7575758 6.938763269800e+03
36.868687 -2.6969697 7.287109929200e+03
36.868687 -2.6363636 7.638391707000e+03
36.868687 -2.5757576 7.991749547500e+03
36.868687 -2.5151515 8.346656141900e+03
36.868687 -2.4545455 8.702478967000e+03
36.868687 -2.3939394 9.058602410600e+03
36.868687 -2.3333333 9.414482949000e+03
36.868687 -2.2727273 9.769492458900e+03
36.868687 -2.2121212 1.012298607600e+04
36.868687 -2.1515152 1.047425187100e+04
36.868687 -2.0909091 1.082265638200e+04
36.868687 -2.030303 1.116761208100e+04
36.868687 -1.969697 1.150846488500e+04
36.868687 -1.9090909 1.184465959800e+04
36.868687 -1.8484848 1.217579429200e+04
36.868687 -1.7878788 1.250141283600e+04
36.868687 -1.7272727 1.282113995700e+04
36.868687 -1.6666667 1.313469585600e+04
36.868687 -1.6060606 1.344163071700e+04
36.868687 -1.5454545 1.374146530900e+04
36.868687 -1.4848485 1.403371634500e+04
36.868687 -1.4242424 1.431790552100e+04
36.868687 -1.3636364 1.459356143500e+04
36.868687 -1.3030303 1.486025386300e+04
36.868687 -1.2424242 1.511754123900e+04
36.868687 -1.1818182 1.536504863000e+04
36.868687 -1.1212121 1.560250104000e+04
36.868687 -1.0606061 1.582956963000e+04
36.868687 -1 1.604582349300e+04
36.868687 -0.93939394 1.625089963000e+04
36.868687 -0.87878788 1.644454359300e+04
36.868687 -0.81818182 1.662647460100e+04
36.868687 -0.75757576 1.679652380400e+04
36.868687 -0.6969697 1.695442356800e+04
36.868687 -0.63636364 1.709967358600e+04
36.868687 -0.57575758 1.723253675000e+04
36.868687 -0.51515152 1.735265934200e+04
36.868687 -0.45454545 1.745985713000e+04
36.868687 -0.39393939 1.755401618900e+04
36.868687 -0.33333333 1.764036329700e+04
36.868687 -0.27272727 1.770853098300e+04
36.868687 -0.21212121 1.776286782400e+04
36.868687 -0.15151515 1.780367067900e+04
36.868687 -0.090909091 1.783095368500e+04
36.868687 -0.03030303 1.784468071500e+04
36.868687 0.03030303 1.784481027200e+04
36.868687 0.090909091 1.783122757600e+04
36.868687 0.15151515 1.780384707900e+04
36.868687 0.21212121 1.776262984400e+04
36.868687 0.27272727 1.770759237400e+04
36.868687 0.33333333 1.763888975700e+04
36.868687 0.39393939 1.755591435900e+04
36.868687 0.45454545 1.745991100100e+04
36.868687 0.51515152 1.735136306800e+04
36.868687 0.57575758 1.723019384200e+04
36.868687 0.63636364 1.709616448800e+04
36.868687 0.6969697 1.694982723700e+04
36.868687 0.75757576 1.679162617400e+04
36.868687 0.81818182 1.662098220200e+04
36.868687 0.87878788 1.643877106100e+04
36.868687 0.93939394 1.624503530300e+04
36.868687 1 1.604033564000e+04
36.868687 1.0606061 1.582292619000e+04
36.868687 1.1212121 1.559567825800e+04
36.868687 1.1818182 1.535836977800e+04
36.868687 1.2424242 1.511079920600e+04
36.868687 1.3030303 1.485384124600e+04
36.868687 1.3636364 1.458722692200e+04
36.868687 1.4242424 1.431202552800e+04
36.868687 1.4848485 1.402788901700e+04
36.868687 1.5454545 1.373580258000e+04
36.868687 1.6060606 1.343620812700e+04
36.868687 1.6666667 1.312869349900e+04
36.868687 1.7272727 1.281442401900e+04
36.868687 1.7878788 1.249410605200e+04
36.868687 1.8484848 1.216804701400e+04
36.868687 1.9090909 1.183649372900e+04
36.868687 1.969697 1.150006773400e+04
36.868687 2.030303 1.115928964500e+04
36.868687 2.0909091 1.081457043400e+04
36.868687 2.1515152 1.046657367200e+04
36.868687 2.2121212 1.011580388600e+04
36.868687 2.2727273 9.762829144300e+03
36.868687 2.3333333 9.408246447500e+03
36.868687 2.3939394 9.052633949100e+03
36.868687 2.4545455 8.696628102600e+03
36.868687 2.5151515 8.340800700200e+03
36.868687 2.5757576 7.985856888100e+03
36.868687 2.6363636 7.632395393900e+03
36.868687 2.6969697 7.281162450000e+03
36.868687 2.7575758 6.932839619700e+03
36.868687 2.8181818 6.588143514100e+03
36.868687 2.8787879 6.247650246600e+03
36.868687 2.9393939 5.912021290400e+03
36.868687 3 5.581896590800e+03
37.373737 -3 5.215907357300e+03
37.373737 -2.9393939 5.527017878500e+03
37.373737 -2.8787879 5.843413804300e+03
37.373737 -2.8181818 6.164435434200e+03
37.373737 -2.7575758 6.489571286100e+03
37.373737 -2.6969697 6.818171309700e+03
37.373737 -2.6363636 7.149647420700e+03
37.373737 -2.5757576 7.483192427900e+03
37.373737 -2.5151515 7.818288117300e+03
37.373737 -2.4545455 8.154354559800e+03
37.373737 -2.3939394 8.490813687200e+03
37.373737 -2.3333333 8.827100542200e+03
37.373737 -2.2727273 9.162626381200e+03
37.373737 -2.2121212 9.496767872200e+03
37.373737 -2.1515152 9.828839153000e+03
37.373737 -2.0909091 1.015823375700e+04
37.373737 -2.030303 1.048444223000e+04
37.373737 -1.969697 1.080679558900e+04
37.373737 -1.9090909 1.112477308700e+04
37.373737 -1.8484848 1.143804002600e+04
37.373737 -1.7878788 1.174615295900e+04
37.373737 -1.7272727 1.204872439900e+04
37.373737 -1.6666667 1.234549459100e+04
37.373737 -1.6060606 1.263602194500e+04
37.373737 -1.5454545 1.291984312600e+04
37.373737 -1.4848485 1.319650467500e+04
37.373737 -1.4242424 1.346553638500e+04
37.373737 -1.3636364 1.372651758000e+04
37.373737 -1.3030303 1.397903559700e+04
37.373737 -1.2424242 1.422266148000e+04
37.373737 -1.1818182 1.445704746100e+04
37.373737 -1.1212121 1.468194152400e+04
37.373737 -1.0606061 1.489701296100e+04
37.373737 -1 1.510181366000e+04
37.373737 -0.93939394 1.529605010000e+04
37.373737 -0.87878788 1.547946284700e+04
37.373737 -0.81818182 1.565178125800e+04
37.373737 -0.75757576 1.581281000000e+04
37.373737 -0.6969697 1.596240446200e+04
37.373737 -0.63636364 1.610001735200e+04
37.373737 -0.57575758 1.622589735100e+04
37.373737 -0.51515152 1.633969560900e+04
37.373737 -0.45454545 1.644125942200e+04
37.373737 -0.39393939 1.653047674500e+04
37.373737 -0.33333333 1.661213166800e+04
37.373737 -0.27272727 1.667685957400e+04
37.373737 -0.21212121 1.672835507700e+04
37.373737 -0.15151515 1.676702515900e+04
37.373737 -0.090909091 1.679287615900e+04
37.373737 -0.03030303 1.680587836000e+04
37.373737 0.03030303 1.680600498600e+04
37.373737 0.090909091 1.679313551300e+04
37.373737 0.15151515 1.676717757700e+04
37.373737 0.21212121 1.672809469400e+04
37.373737 0.27272727 1.667593456900e+04
37.373737 0.33333333 1.661082465300e+04
37.373737 0.39393939 1.653252492800e+04
37.373737 0.45454545 1.644141050000e+04
37.373737 0.51515152 1.633847972000e+04
37.373737 0.57575758 1.622365171700e+04
37.373737 0.63636364 1.609681074100e+04
37.373737 0.6969697 1.595796664400e+04
37.373737 0.75757576 1.580817256000e+04
37.373737 0.81818182 1.564651975500e+04
37.373737 0.87878788 1.547396198400e+04
37.373737 0.93939394 1.529048480100e+04
37.373737 1 1.509670931000e+04
37.373737 1.0606061 1.489129124300e+04
37.373737 1.1212121 1.467565106100e+04
37.373737 1.1818182 1.445082509100e+04
37.373737 1.2424242 1.421630555800e+04
37.373737 1.3030303 1.397301750300e+04
37.373737 1.3636364 1.372066140800e+04
37.373737 1.4242424 1.346000410600e+04
37.373737 1.4848485 1.319115296200e+04
37.373737 1.5454545 1.291453439600e+04
37.373737 1.6060606 1.263100566800e+04
37.373737 1.6666667 1.234012821500e+04
37.373737 1.7272727 1.204262348900e+04
37.373737 1.7878788 1.173949739400e+04
37.373737 1.8484848 1.143096001200e+04
37.373737 1.9090909 1.111729730800e+04
37.373737 1.969697 1.079903047200e+04
37.373737 2.030303 1.047669369000e+04
37.373737 2.0909091 1.015067240900e+04
37.373737 2.1515152 9.821618736900e+03
37.373737 2.2121212 9.489990319900e+03
37.373737 2.2727273 9.156327409000e+03
37.373737 2.3333333 8.821215102300e+03
37.373737 2.3939394 8.485196103700e+03
37.373737 2.4545455 8.148873631400e+03
37.373737 2.5151515 7.812814629400e+03
37.373737 2.5757576 7.477678687900e+03
37.373737 2.6363636 7.144056197700e+03
37.373737 2.6969697 6.812654019900e+03
37.373737 2.7575758 6.484117057900e+03
37.373737 2.8181818 6.159083223200e+03
37.373737 2.8787879 5.838124295000e+03
37.373737 2.9393939 5.521867996400e+03
37.373737 3 5.210938251000e+03
37.878788 -3 4.872417264500e+03
37.878788 -2.9393939 5.165583063800e+03
37.878788 -2.8787879 5.463868774100e+03
37.878788 -2.8181818 5.766651678600e+03
37.878788 -2.7575758 6.073417440600e+03
37.878788 -2.6969697 6.383561678400e+03
37.878788 -2.6363636 6.696522747100e+03
37.878788 -2.5757576 7.011550834400e+03
37.878788 -2.5151515 7.328122673900e+03
37.878788 -2.4545455 7.645712981000e+03
37.878788 -2.3939394 7.963775724900e+03
37.878788 -2.3333333 8.281727305700e+03
37.878788 -2.2727273 8.599016224700e+03
37.878788 -2.2121212 8.915038068500e+03
37.878788 -2.1515152 9.229146901700e+03
37.878788 -2.0909091 9.540747839600e+03
37.878788 -2.030303 9.849395775300e+03
37.878788 -1.969697 1.015442479700e+04
37.878788 -1.9090909 1.045534722700e+04
37.878788 -1.8484848 1.075188920300e+04
37.878788 -1.7878788 1.104361103800e+04
37.878788 -1.7272727 1.133010792300e+04
37.878788 -1.6666667 1.161115134500e+04
37.878788 -1.6060606 1.188630355200e+04
37.878788 -1.5454545 1.215511762300e+04
37.878788 -1.4848485 1.241716912200e+04
37.878788 -1.4242424 1.267200007500e+04
37.878788 -1.3636364 1.291923181600e+04
37.878788 -1.3030303 1.315846455700e+04
37.878788 -1.2424242 1.338929005200e+04
37.878788 -1.1818182 1.361138039600e+04
37.878788 -1.1212121 1.382450087600e+04
37.878788 -1.0606061 1.402831340100e+04
37.878788 -1 1.422237911100e+04
37.878788 -0.93939394 1.440645663500e+04
37.878788 -0.87878788 1.458027916900e+04
37.878788 -0.81818182 1.474358363000e+04
37.878788 -0.75757576 1.489616190500e+04
37.878788 -0.6969697 1.503796467300e+04
37.878788 -0.63636364 1.516841986400e+04
37.878788 -0.57575758 1.528775221100e+04
37.878788 -0.51515152 1.539562199200e+04
37.878788 -0.45454545 1.549190422900e+04
37.878788 -0.39393939 1.557648914300e+04
37.878788 -0.33333333 1.565371639200e+04
37.878788 -0.27272727 1.571524185500e+04
37.878788 -0.21212121 1.576406900600e+04
37.878788 -0.15151515 1.580073885800e+04
37.878788 -0.090909091 1.582524685900e+04
37.878788 -0.03030303 1.583756849600e+04
37.878788 0.03030303 1.583769204900e+04
37.878788 0.090909091 1.582548844200e+04
37.878788 0.15151515 1.580086062600e+04
37.878788 0.21212121 1.576378028000e+04
37.878788 0.27272727 1.571431912700e+04
37.878788 0.33333333 1.565260635100e+04
37.878788 0.39393939 1.557862833200e+04
37.878788 0.45454545 1.549218010500e+04
37.878788 0.51515152 1.539450546800e+04
37.878788 0.57575758 1.528557487300e+04
37.878788 0.63636364 1.516551483900e+04
37.878788 0.6969697 1.503367132600e+04
37.878788 0.75757576 1.489177276400e+04
37.878788 0.81818182 1.473852559400e+04
37.878788 0.87878788 1.457504081200e+04
37.878788 0.93939394 1.440116057000e+04
37.878788 1 1.421740839200e+04
37.878788 1.0606061 1.402337456500e+04
37.878788 1.1212121 1.381883171700e+04
37.878788 1.1818182 1.360559049800e+04
37.878788 1.2424242 1.338328670100e+04
37.878788 1.3030303 1.315280704400e+04
37.878788 1.3636364 1.291383624600e+04
37.878788 1.4242424 1.266679300400e+04
37.878788 1.4848485 1.241223960100e+04
37.878788 1.5454545 1.215017500900e+04
37.878788 1.6060606 1.188161018600e+04
37.878788 1.6666667 1.160634186800e+04
37.878788 1.7272727 1.132459654600e+04
37.878788 1.7878788 1.103754791000e+04
37.878788 1.8484848 1.074541258900e+04
37.878788 1.9090909 1.044850769200e+04
37.878788 1.969697 1.014724444600e+04
37.878788 2.030303 9.842172247600e+03
37.878788 2.0909091 9.533665082300e+03
37.878788 2.1515152 9.222344011800e+03
37.878788 2.2121212 8.908628192100e+03
37.878788 2.2727273 8.593044065600e+03
37.878788 2.3333333 8.276152254600e+03
37.878788 2.3939394 7.958466520200e+03
37.878788 2.4545455 7.640559301800e+03
37.878788 2.5151515 7.322995810800e+03
37.878788 2.5757576 7.006385901800e+03
37.878788 2.6363636 6.691319723900e+03
37.878788 2.6969697 6.378456021100e+03
37.878788 2.7575758 6.068403181400e+03
37.878788 2.8181818 5.761729303700e+03
37.878788 2.8787879 5.459012222700e+03
37.878788 2.9393939 5.160845171600e+03
37.878788 3 4.867832113000e+03
38.383838 -3 4.554475719500e+03
38.383838 -2.9393939 4.830887070800e+03
38.383838 -2.8787879 5.112254376800e+03
38.383838 -2.8181818 5.397993612400e+03
38.383838 -2.7575758 5.687582939400e+03
38.383838 -2.6969697 5.980468418400e+03
38.383838 -2.6363636 6.276107622800e+03
38.383838 -2.5757576 6.573816555700e+03
38.383838 -2.5151515 6.873059483800e+03
38.383838 -2.4545455 7.173358429800e+03
38.383838 -2.3939394 7.474194910500e+03
38.383838 -2.3333333 7.774978589500e+03
38.383838 -2.2727273 8.075187887100e+03
38.383838 -2.2121212 8.374232001000e+03
38.383838 -2.1515152 8.671519438900e+03
38.383838 -2.0909091 8.966455472600e+03
38.383838 -2.030303 9.258639851900e+03
38.383838 -1.969697 9.547435315200e+03
38.383838 -1.9090909 9.832385330300e+03
38.383838 -1.8484848 1.011325800200e+04
38.383838 -1.7878788 1.038962107200e+04
38.383838 -1.7272727 1.066104592700e+04
38.383838 -1.6666667 1.092734464400e+04
38.383838 -1.6060606 1.118807989000e+04
38.383838 -1.5454545 1.144282191800e+04
38.383838 -1.4848485 1.169117230800e+04
38.383838 -1.4242424 1.193269249100e+04
38.383838 -1.3636364 1.216703116000e+04
38.383838 -1.3030303 1.239380377200e+04
38.383838 -1.2424242 1.261262646600e+04
38.383838 -1.1818182 1.282318776100e+04
38.383838 -1.1212121 1.302526216200e+04
38.383838 -1.0606061 1.321850094800e+04
38.383838 -1 1.340250128000e+04
38.383838 -0.93939394 1.357704908700e+04
38.383838 -0.87878788 1.374187648600e+04
38.383838 -0.81818182 1.389672179100e+04
38.383838 -0.75757576 1.404138608600e+04
38.383838 -0.6969697 1.417586903800e+04
38.383838 -0.63636364 1.429961131600e+04
38.383838 -0.57575758 1.441279714800e+04
38.383838 -0.51515152 1.451510790500e+04
38.383838 -0.45454545 1.460643534900e+04
38.383838 -0.39393939 1.468667326700e+04
38.383838 -0.33333333 1.475971006100e+04
38.383838 -0.27272727 1.481826155200e+04
38.383838 -0.21212121 1.486458405100e+04
38.383838 -0.15151515 1.489937653100e+04
38.383838 -0.090909091 1.492262511000e+04
38.383838 -0.03030303 1.493430857500e+04
38.383838 0.03030303 1.493442637300e+04
38.383838 0.090909091 1.492284260300e+04
38.383838 0.15151515 1.489946015900e+04
38.383838 0.21212121 1.486426262500e+04
38.383838 0.27272727 1.481733783400e+04
38.383838 0.33333333 1.475882331300e+04
38.383838 0.39393939 1.468881840000e+04
38.383838 0.45454545 1.460685957600e+04
38.383838 0.51515152 1.451409855000e+04
38.383838 0.57575758 1.441068898200e+04
38.383838 0.63636364 1.429695713300e+04
38.383838 0.6969697 1.417174224500e+04
38.383838 0.75757576 1.403722712500e+04
38.383838 0.81818182 1.389184244300e+04
38.383838 0.87878788 1.373688608800e+04
38.383838 0.93939394 1.357200716600e+04
38.383838 1 1.339759721400e+04
38.383838 1.0606061 1.321410608000e+04
38.383838 1.1212121 1.302029752500e+04
38.383838 1.1818182 1.281781683900e+04
38.383838 1.2424242 1.260694520900e+04
38.383838 1.3030303 1.238847662900e+04
38.383838 1.3636364 1.216204616000e+04
38.383838 1.4242424 1.192781961800e+04
38.383838 1.4848485 1.168660073200e+04
38.383838 1.5454545 1.143825541600e+04
38.383838 1.6060606 1.118366380300e+04
38.383838 1.6666667 1.092300156400e+04
38.383838 1.7272727 1.065609723600e+04
38.383838 1.7878788 1.038409896800e+04
38.383838 1.8484848 1.010733245600e+04
38.383838 1.9090909 9.826125941000e+03
38.383838 1.969697 9.540797678700e+03
38.383838 2.030303 9.251902087800e+03
38.383838 2.0909091 8.959809438500e+03
38.383838 2.1515152 8.665097714700e+03
38.383838 2.2121212 8.368157095500e+03
38.383838 2.2727273 8.069510685900e+03
38.383838 2.3333333 7.769679933800e+03
38.383838 2.3939394 7.469158541600e+03
38.383838 2.4545455 7.168495407400e+03
38.383838 2.5151515 6.868245393100e+03
38.383838 2.5757576 6.568976920100e+03
38.383838 2.6363636 6.271277382700e+03
38.383838 2.6969697 5.975753201100e+03
38.383838 2.7575758 5.682974928600e+03
38.383838 2.8181818 5.393461268300e+03
38.383838 2.8787879 5.107791288800e+03
38.383838 2.9393939 4.826526962400e+03
38.383838 3 4.550246220800e+03
38.888889 -3 4.259964836300e+03
38.888889 -2.9393939 4.520723724500e+03
38.888889 -2.8787879 4.786276530200e+03
38.888889 -2.8181818 5.056077003900e+03
38.888889 -2.7575758 5.329596681700e+03
38.888889 -2.6969697 5.606333415100e+03
38.888889 -2.6363636 5.885756653600e+03
38.888889 -2.5757576 6.167253366200e+03
38.888889 -2.5151515 6.450275767500e+03
38.888889 -2.4545455 6.734380655400e+03
38.888889 -2.3939394 7.019074001900e+03
38.888889 -2.3333333 7.303772354800e+03
38.888889 -2.2727273 7.587976595800e+03
38.888889 -2.2121212 7.871103904100e+03
38.888889 -2.1515152 8.152625125500e+03
38.888889 -2.0909091 8.431943030300e+03
38.888889 -2.030303 8.708682900900e+03
38.888889 -1.969697 8.982258234800e+03
38.888889 -1.9090909 9.252241985000e+03
38.888889 -1.8484848 9.518422761100e+03
38.888889 -1.7878788 9.780382504700e+03
38.888889 -1.7272727 1.003766754600e+04
38.888889 -1.6666667 1.029013312600e+04
38.888889 -1.6060606 1.053734133600e+04
38.888889 -1.5454545 1.077888039600e+04
38.888889 -1.4848485 1.101437444100e+04
38.888889 -1.4242424 1.124341037100e+04
38.888889 -1.3636364 1.146564988800e+04
38.888889 -1.3030303 1.168072863200e+04
38.888889 -1.2424242 1.188828790200e+04
38.888889 -1.1818182 1.208803184600e+04
38.888889 -1.1212121 1.227973482900e+04
38.888889 -1.0606061 1.246303936200e+04
38.888889 -1 1.263759688800e+04
38.888889 -0.93939394 1.280319770200e+04
38.888889 -0.87878788 1.295958126200e+04
38.888889 -0.81818182 1.310648395800e+04
38.888889 -0.75757576 1.324373424800e+04
38.888889 -0.6969697 1.337133542200e+04
38.888889 -0.63636364 1.348877660600e+04
38.888889 -0.57575758 1.359618743200e+04
38.888889 -0.51515152 1.369328252100e+04
38.888889 -0.45454545 1.377995859900e+04
38.888889 -0.39393939 1.385611371300e+04
38.888889 -0.33333333 1.392516068100e+04
38.888889 -0.27272727 1.398097120900e+04
38.888889 -0.21212121 1.402494371800e+04
38.888889 -0.15151515 1.405797255400e+04
38.888889 -0.090909091 1.408003964200e+04
38.888889 -0.03030303 1.409112464700e+04
38.888889 0.03030303 1.409123226700e+04
38.888889 0.090909091 1.408022503400e+04
38.888889 0.15151515 1.405801088100e+04
38.888889 0.21212121 1.402458677200e+04
38.888889 0.27272727 1.398004829200e+04
38.888889 0.33333333 1.392453428900e+04
38.888889 0.39393939 1.385818204800e+04
38.888889 0.45454545 1.378053580600e+04
38.888889 0.51515152 1.369238616200e+04
38.888889 0.57575758 1.359416474700e+04
38.888889 0.63636364 1.348630149900e+04
38.888889 0.6969697 1.336741345600e+04
38.888889 0.75757576 1.323978150000e+04
38.888889 0.81818182 1.310177308100e+04
38.888889 0.87878788 1.295481965000e+04
38.888889 0.93939394 1.279840303400e+04
38.888889 1 1.263280780000e+04
38.888889 1.0606061 1.245894044600e+04
38.888889 1.1212121 1.227549103900e+04
38.888889 1.1818182 1.208309480200e+04
38.888889 1.2424242 1.188290109100e+04
38.888889 1.3030303 1.167570462700e+04
38.888889 1.3636364 1.146101224600e+04
38.888889 1.4242424 1.123888654000e+04
38.888889 1.4848485 1.101010480900e+04
38.888889 1.5454545 1.077468481400e+04
38.888889 1.6060606 1.053318748700e+04
38.888889 1.6666667 1.028616768300e+04
38.888889 1.7272727 1.003324339500e+04
38.888889 1.7878788 9.775359283000e+03
38.888889 1.8484848 9.513004134500e+03
38.888889 1.9090909 9.246508112500e+03
38.888889 1.969697 8.976124202500e+03
38.888889 2.030303 8.702397868000e+03
38.888889 2.0909091 8.425696203600e+03
38.888889 2.1515152 8.146552706200e+03
38.888889 2.2121212 7.865334772500e+03
38.888889 2.2727273 7.582566776500e+03
38.888889 2.3333333 7.298721660800e+03
38.888889 2.3939394 7.014281367600e+03
38.888889 2.4545455 6.729777411600e+03
38.888889 2.5151515 6.445744059600e+03
38.888889 2.5757576 6.162720473500e+03
38.888889 2.6363636 5.881282052900e+03
38.888889 2.6969697 5.601984283900e+03
38.888889 2.7575758 5.325359028200e+03
38.888889 2.8181818 5.051898163100e+03
38.888889 2.8787879 4.782169982600e+03
38.888889 2.9393939 4.516709543400e+03
38.888889 3 4.256063960300e+03
39.393939 -3 3.986960923700e+03
39.393939 -2.9393939 4.233086746000e+03
39.393939 -2.8787879 4.483847697600e+03
39.393939 -2.8181818 4.738732511800e+03
39.393939 -2.7575758 4.997210243500e+03
39.393939 -2.6969697 5.258827405900e+03
39.393939 -2.6363636 5.523062414800e+03
39.393939 -2.5757576 5.789370514000e+03
39.393939 -2.5151515 6.057199334800e+03
39.393939 -2.4545455 6.326127280900e+03
39.393939 -2.3939394 6.595683041400e+03
39.393939 -2.3333333 6.865299539000e+03
39.393939 -2.2727273 7.134496461400e+03
39.393939 -2.2121212 7.402694967400e+03
39.393939 -2.1515152 7.669425298700e+03
39.393939 -2.0909091 7.934095389500e+03
39.393939 -2.030303 8.196341304200e+03
39.393939 -1.969697 8.455638537500e+03
39.393939 -1.9090909 8.711588712200e+03
39.393939 -1.8484848 8.963985100700e+03
39.393939 -1.7878788 9.212425653300e+03
39.393939 -1.7272727 9.456439449000e+03
39.393939 -1.6666667 9.695918689200e+03
39.393939 -1.6060606 9.930426864200e+03
39.393939 -1.5454545 1.015957077200e+04
39.393939 -1.4848485 1.038299458800e+04
39.393939 -1.4242424 1.060031272700e+04
39.393939 -1.3636364 1.081119059700e+04
39.393939 -1.3030303 1.101528739100e+04
39.393939 -1.2424242 1.121226951700e+04
39.393939 -1.1818182 1.140185691200e+04
39.393939 -1.1212121 1.158381444600e+04
39.393939 -1.0606061 1.175778386500e+04
39.393939 -1 1.192347600400e+04
39.393939 -0.93939394 1.208067100200e+04
39.393939 -0.87878788 1.222912071700e+04
39.393939 -0.81818182 1.236856365200e+04
39.393939 -0.75757576 1.249886157800e+04
39.393939 -0.6969697 1.261999151700e+04
39.393939 -0.63636364 1.273151226800e+04
39.393939 -0.57575758 1.283349415500e+04
39.393939 -0.51515152 1.292569142500e+04
39.393939 -0.45454545 1.300799828200e+04
39.393939 -0.39393939 1.308031605600e+04
39.393939 -0.33333333 1.314553449300e+04
39.393939 -0.27272727 1.319884736100e+04
39.393939 -0.21212121 1.324061529700e+04
39.393939 -0.15151515 1.327198579100e+04
39.393939 -0.090909091 1.329294366200e+04
39.393939 -0.03030303 1.330346671000e+04
39.393939 0.03030303 1.330355911100e+04
39.393939 0.090909091 1.329308895500e+04
39.393939 0.15151515 1.327197312900e+04
39.393939 0.21212121 1.324022124800e+04
39.393939 0.27272727 1.319792924400e+04
39.393939 0.33333333 1.314522766500e+04
39.393939 0.39393939 1.308224846500e+04
39.393939 0.45454545 1.300870605600e+04
39.393939 0.51515152 1.292492028500e+04
39.393939 0.57575758 1.283157410900e+04
39.393939 0.63636364 1.272915168400e+04
39.393939 0.6969697 1.261630881900e+04
39.393939 0.75757576 1.249508679300e+04
39.393939 0.81818182 1.236403149200e+04
39.393939 0.87878788 1.222456481400e+04
39.393939 0.93939394 1.207611603700e+04
39.393939 1 1.191887531700e+04
39.393939 1.0606061 1.175379988500e+04
39.393939 1.1212121 1.158020868100e+04
39.393939 1.1818182 1.139740161700e+04
39.393939 1.2424242 1.120715262600e+04
39.393939 1.3030303 1.101054124400e+04
39.393939 1.3636364 1.080684281700e+04
39.393939 1.4242424 1.059613763200e+04
39.393939 1.4848485 1.037899217500e+04
39.393939 1.5454545 1.015572147300e+04
39.393939 1.6060606 9.926539064700e+03
39.393939 1.6666667 9.692254679000e+03
39.393939 1.7272727 9.452486513000e+03
39.393939 1.7878788 9.207868232600e+03
39.393939 1.8484848 8.959033616600e+03
39.393939 1.9090909 8.706330683500e+03
39.393939 1.969697 8.449970489500e+03
39.393939 2.030303 8.190478986800e+03
39.393939 2.0909091 7.928214612800e+03
39.393939 2.1515152 7.663675084700e+03
39.393939 2.2121212 7.397205426200e+03
39.393939 2.2727273 7.129329799300e+03
39.393939 2.3333333 6.860473012400e+03
39.393939 2.3939394 6.591110800900e+03
39.393939 2.4545455 6.321757854100e+03
39.393939 2.5151515 6.052924423000e+03
39.393939 2.5757576 5.785128641900e+03
39.393939 2.6363636 5.518922705600e+03
39.393939 2.6969697 5.254817554800e+03
39.393939 2.7575758 4.993307387900e+03
39.393939 2.8181818 4.734874252700e+03
39.393939 2.8787879 4.480064483800e+03
39.393939 2.9393939 4.229389023000e+03
39.393939 3 3.983362701400e+03
39.89899 -3 3.733714673600e+03
39.89899 -2.9393939 3.966150233000e+03
39.89899 -2.8787879 4.203066988800e+03
39.89899 -2.8181818 4.443984755300e+03
39.89899 -2.7575758 4.688375663000e+03
39.89899 -2.6969697 4.935827604300e+03
39.89899 -2.6363636 5.185830974500e+03
39.89899 -2.5757576 5.437898200400e+03
39.89899 -2.5151515 5.691484449500e+03
39.89899 -2.4545455 5.946179036200e+03
39.89899 -2.3939394 6.201532746400e+03
39.89899 -2.3333333 6.456997770000e+03
39.89899 -2.2727273 6.712113595200e+03
39.89899 -2.2121212 6.966304344000e+03
39.89899 -2.1515152 7.219146278300e+03
39.89899 -2.0909091 7.470068111200e+03
39.89899 -2.030303 7.718708890000e+03
39.89899 -1.969697 7.964604206300e+03
39.89899 -1.9090909 8.207384162200e+03
39.89899 -1.8484848 8.446840318900e+03
39.89899 -1.7878788 8.682580618600e+03
39.89899 -1.7272727 8.914133160800e+03
39.89899 -1.6666667 9.141413258400e+03
39.89899 -1.6060606 9.363990406300e+03
39.89899 -1.5454545 9.581490236800e+03
39.89899 -1.4848485 9.793575830700e+03
39.89899 -1.4242424 9.999886459000e+03
39.89899 -1.3636364 1.020008886800e+04
39.89899 -1.3030303 1.039386565600e+04
39.89899 -1.2424242 1.058090846300e+04
39.89899 -1.1818182 1.076095284200e+04
39.89899 -1.1212121 1.093374653800e+04
39.89899 -1.0606061 1.109894313100e+04
39.89899 -1 1.125630470200e+04
39.89899 -0.93939394 1.140559751100e+04
39.89899 -0.87878788 1.154658553500e+04
39.89899 -0.81818182 1.167902073700e+04
39.89899 -0.75757576 1.180279019200e+04
39.89899 -0.6969697 1.191783586900e+04
39.89899 -0.63636364 1.202378809200e+04
39.89899 -0.57575758 1.212066462100e+04
39.89899 -0.51515152 1.220825778200e+04
39.89899 -0.45454545 1.228645797000e+04
39.89899 -0.39393939 1.235516720200e+04
39.89899 -0.33333333 1.241669386300e+04
39.89899 -0.27272727 1.246774995300e+04
39.89899 -0.21212121 1.250744954900e+04
39.89899 -0.15151515 1.253725935400e+04
39.89899 -0.090909091 1.255717460700e+04
39.89899 -0.03030303 1.256716882600e+04
39.89899 0.03030303 1.256724155800e+04
39.89899 0.090909091 1.255727348600e+04
39.89899 0.15151515 1.253719238900e+04
39.89899 0.21212121 1.250701793000e+04
39.89899 0.27272727 1.246684115900e+04
39.89899 0.33333333 1.241677804800e+04
39.89899 0.39393939 1.235693763300e+04
39.89899 0.45454545 1.228724904800e+04
39.89899 0.51515152 1.220763028700e+04
39.89899 0.57575758 1.211885665800e+04
39.89899 0.63636364 1.202150095400e+04
39.89899 0.6969697 1.191441007600e+04
39.89899 0.75757576 1.179916518200e+04
39.89899 0.81818182 1.167469409100e+04
39.89899 0.87878788 1.154221134700e+04
39.89899 0.93939394 1.140127040700e+04
39.89899 1 1.125193592700e+04
39.89899 1.0606061 1.109499596700e+04
39.89899 1.1212121 1.093060346900e+04
39.89899 1.1818182 1.075704336900e+04
39.89899 1.2424242 1.057604045200e+04
39.89899 1.3030303 1.038937351800e+04
39.89899 1.3636364 1.019598960300e+04
39.89899 1.4242424 9.996036195600e+03
39.89899 1.4848485 9.789829684100e+03
39.89899 1.5454545 9.577946102300e+03
39.89899 1.6060606 9.360379184900e+03
39.89899 1.6666667 9.137994352000e+03
39.89899 1.7272727 8.910584856900e+03
39.89899 1.7878788 8.678461685300e+03
39.89899 1.8484848 8.442318496700e+03
39.89899 1.9090909 8.202559382700e+03
39.89899 1.969697 7.959365536000e+03
39.89899 2.030303 7.713240550600e+03
39.89899 2.0909091 7.464524712400e+03
39.89899 2.1515152 7.213695651500e+03
39.89899 2.2121212 6.961071150500e+03
39.89899 2.2727273 6.707168870600e+03
39.89899 2.3333333 6.452375514200e+03
39.89899 2.3939394 6.197162403600e+03
39.89899 2.4545455 5.942021820200e+03
39.89899 2.5151515 5.687445918600e+03
39.89899 2.5757576 5.433932610800e+03
39.89899 2.6363636 5.182001568600e+03
39.89899 2.6969697 4.932128794400e+03
39.89899 2.7575758 4.684774248500e+03
39.89899 2.8181818 4.440417814000e+03
39.89899 2.8787879 4.199577928400e+03
39.89899 2.9393939 3.962741801700e+03
39.89899 3 3.730394169900e+03
40.40404 -3 3.498633449100e+03
40.40404 -2.9393939 3.718251437000e+03
40.40404 -2.8787879 3.942202687500e+03
40.40404 -2.8181818 4.170033829300e+03
40.40404 -2.7575758 4.401225714200e+03
40.40404 -2.6969697 4.635397946800e+03
40.40404 -2.6363636 4.872059941200e+03
40.40404 -2.5757576 5.110765645900e+03
40.40404 -2.5151515 5.350990483000e+03
40.40404 -2.4545455 5.592327834000e+03
40.40404 -2.3939394 5.834350664600e+03
40.40404 -2.3333333 6.076528084300e+03
40.40404 -2.2727273 6.318422348400e+03
40.40404 -2.2121212 6.559463187800e+03
40.40404 -2.1515152 6.799254576500e+03
40.40404 -2.0909091 7.037262965100e+03
40.40404 -2.030303 7.273129570000e+03
40.40404 -1.969697 7.506438550100e+03
40.40404 -1.9090909 7.736847854700e+03
40.40404 -1.8484848 7.964149244600e+03
40.40404 -1.7878788 8.187949781500e+03
40.40404 -1.7272727 8.407795908000e+03
40.40404 -1.6666667 8.623609143600e+03
40.40404 -1.6060606 8.834970888200e+03
40.40404 -1.5454545 9.041525373900e+03
40.40404 -1.4848485 9.242954187900e+03
40.40404 -1.4242424 9.438915905900e+03
40.40404 -1.3636364 9.629081820800e+03
40.40404 -1.3030303 9.813154851500e+03
40.40404 -1.2424242 9.990851896000e+03
40.40404 -1.1818182 1.016192282100e+04
40.40404 -1.1212121 1.032609452800e+04
40.40404 -1.0606061 1.048304529700e+04
40.40404 -1 1.063257192100e+04
40.40404 -0.93939394 1.077443157700e+04
40.40404 -0.87878788 1.090839683200e+04
40.40404 -0.81818182 1.103424658100e+04
40.40404 -0.75757576 1.115187714700e+04
40.40404 -0.6969697 1.126120316800e+04
40.40404 -0.63636364 1.136191311700e+04
40.40404 -0.57575758 1.145398698800e+04
40.40404 -0.51515152 1.153724789800e+04
40.40404 -0.45454545 1.161158570100e+04
40.40404 -0.39393939 1.167690011400e+04
40.40404 -0.33333333 1.173488146200e+04
40.40404 -0.27272727 1.178388600300e+04
40.40404 -0.21212121 1.182164482400e+04
40.40404 -0.15151515 1.184998484100e+04
40.40404 -0.090909091 1.186891839200e+04
40.40404 -0.03030303 1.187841376300e+04
40.40404 0.03030303 1.187846419200e+04
40.40404 0.090909091 1.186896773400e+04
40.40404 0.15151515 1.184986317900e+04
40.40404 0.21212121 1.182117642500e+04
40.40404 0.27272727 1.178299117100e+04
40.40404 0.33333333 1.173540670100e+04
40.40404 0.39393939 1.167851120500e+04
40.40404 0.45454545 1.161240165600e+04
40.40404 0.51515152 1.153677902000e+04
40.40404 0.57575758 1.145229132500e+04
40.40404 0.63636364 1.135968406000e+04
40.40404 0.6969697 1.125803051000e+04
40.40404 0.75757576 1.114838117600e+04
40.40404 0.81818182 1.103015398800e+04
40.40404 0.87878788 1.090418529300e+04
40.40404 0.93939394 1.077031803400e+04
40.40404 1 1.062843665900e+04
40.40404 1.0606061 1.047914730100e+04
40.40404 1.1212121 1.032319772200e+04
40.40404 1.1818182 1.015859956500e+04
40.40404 1.2424242 9.986214645000e+03
40.40404 1.3030303 9.808894532400e+03
40.40404 1.3636364 9.625206334900e+03
40.40404 1.4242424 9.435348921400e+03
40.40404 1.4848485 9.239467642700e+03
40.40404 1.5454545 9.038239691500e+03
40.40404 1.6060606 8.831641380200e+03
40.40404 1.6666667 8.620401953700e+03
40.40404 1.7272727 8.404580483300e+03
40.40404 1.7878788 8.184241275800e+03
40.40404 1.8484848 7.960021944900e+03
40.40404 1.9090909 7.732421394200e+03
40.40404 1.969697 7.501594222300e+03
40.40404 2.030303 7.268027622300e+03
40.40404 2.0909091 7.032032997200e+03
40.40404 2.1515152 6.794084458600e+03
40.40404 2.2121212 6.554466343100e+03
40.40404 2.2727273 6.313681577100e+03
40.40404 2.3333333 6.072093496100e+03
40.40404 2.3939394 5.830167351100e+03
40.40404 2.4545455 5.588365299200e+03
40.40404 2.5151515 5.347172390800e+03
40.40404 2.5757576 5.107061128600e+03
40.40404 2.6363636 4.868513973100e+03
40.40404 2.6969697 4.631981804600e+03
40.40404 2.7575758 4.397895648000e+03
40.40404 2.8181818 4.166732348100e+03
40.40404 2.8787879 3.938982037700e+03
40.40404 2.9393939 3.715107255600e+03
40.40404 3 3.495566951100e+03
40.909091 -3 3.280265596800e+03
40.909091 -2.9393939 3.487875198600e+03
40.909091 -2.8787879 3.699676386800e+03
40.909091 -2.8181818 3.915238533300e+03
40.909091 -2.7575758 4.134056418400e+03
40.909091 -2.6969697 4.355771473200e+03
40.909091 -2.6363636 4.579919658100e+03
40.909091 -2.5757576 4.806081578800e+03
40.909091 -2.5151515 5.033762654600e+03
40.909091 -2.4545455 5.262556882400e+03
40.909091 -2.3939394 5.492059796800e+03
40.909091 -2.3333333 5.721753562200e+03
40.909091 -2.2727273 5.951223954800e+03
40.909091 -2.2121212 6.179912357800e+03
40.909091 -2.1515152 6.407434304600e+03
40.909091 -2.0909091 6.633305312000e+03
40.909091 -2.030303 6.857172849800e+03
40.909091 -1.969697 7.078655266600e+03
40.909091 -1.9090909 7.297436186000e+03
40.909091 -1.8484848 7.513313180400e+03
40.909091 -1.7878788 7.725882399400e+03
40.909091 -1.7272727 7.934724418700e+03
40.909091 -1.6666667 8.139752416400e+03
40.909091 -1.6060606 8.340565273900e+03
40.909091 -1.5454545 8.536825072500e+03
40.909091 -1.4848485 8.728231107400e+03
40.909091 -1.4242424 8.914455729800e+03
40.909091 -1.3636364 9.095180240900e+03
40.909091 -1.3030303 9.270123942300e+03
40.909091 -1.2424242 9.439028168700e+03
40.909091 -1.1818182 9.601654476700e+03
40.909091 -1.1212121 9.757710452300e+03
40.909091 -1.0606061 9.906907727800e+03
40.909091 -1 1.004905986100e+04
40.909091 -0.93939394 1.018392295900e+04
40.909091 -0.87878788 1.031127566800e+04
40.909091 -0.81818182 1.043093285000e+04
40.909091 -0.75757576 1.054278512100e+04
40.909091 -0.6969697 1.064673310100e+04
40.909091 -0.63636364 1.074250460200e+04
40.909091 -0.57575758 1.083005836700e+04
40.909091 -0.51515152 1.090923976200e+04
40.909091 -0.45454545 1.097994234200e+04
40.909091 -0.39393939 1.104206170500e+04
40.909091 -0.33333333 1.109668672900e+04
40.909091 -0.27272727 1.114377712300e+04
40.909091 -0.21212121 1.117971495800e+04
40.909091 -0.15151515 1.120667026100e+04
40.909091 -0.090909091 1.122467755700e+04
40.909091 -0.03030303 1.123370140100e+04
40.909091 0.03030303 1.123372936000e+04
40.909091 0.090909091 1.122467797100e+04
40.909091 0.15151515 1.120649627800e+04
40.909091 0.21212121 1.117921206900e+04
40.909091 0.27272727 1.114290120800e+04
40.909091 0.33333333 1.109764768000e+04
40.909091 0.39393939 1.104353039300e+04
40.909091 0.45454545 1.098073049800e+04
40.909091 0.51515152 1.090893000700e+04
40.909091 0.57575758 1.082846984600e+04
40.909091 0.63636364 1.074033514800e+04
40.909091 0.6969697 1.064379202900e+04
40.909091 0.75757576 1.053941097200e+04
40.909091 0.81818182 1.042708818000e+04
40.909091 0.87878788 1.030721835600e+04
40.909091 0.93939394 1.018000918200e+04
40.909091 1 1.004513786700e+04
40.909091 1.0606061 9.903112273500e+03
40.909091 1.1212121 9.754872143000e+03
40.909091 1.1818182 9.598895923800e+03
40.909091 1.2424242 9.434603283800e+03
40.909091 1.3030303 9.266075765800e+03
40.909091 1.3636364 9.091513586700e+03
40.909091 1.4242424 8.911126883500e+03
40.909091 1.4848485 8.725006843800e+03
40.909091 1.5454545 8.533758637700e+03
40.909091 1.6060606 8.337509957300e+03
40.909091 1.6666667 8.136743824200e+03
40.909091 1.7272727 7.931774432100e+03
40.909091 1.7878788 7.722549738000e+03
40.909091 1.8484848 7.509549019600e+03
40.909091 1.9090909 7.293379943400e+03
40.909091 1.969697 7.074172767800e+03
40.909091 2.030303 6.852411657400e+03
40.909091 2.0909091 6.628369501000e+03
40.909091 2.1515152 6.402527853000e+03
40.909091 2.2121212 6.175135231400e+03
40.909091 2.2727273 5.946672702800e+03
40.909091 2.3333333 5.717492843600e+03
40.909091 2.3939394 5.488051086500e+03
40.909091 2.4545455 5.258775369100e+03
40.909091 2.5151515 5.030152206700e+03
40.909091 2.5757576 4.802621862800e+03
40.909091 2.6363636 4.576630334000e+03
40.909091 2.6969697 4.352610636400e+03
40.909091 2.7575758 4.130970830500e+03
40.909091 2.8181818 3.912179515000e+03
40.909091 2.8787879 3.696700819400e+03
40.909091 2.9393939 3.484972238200e+03
40.909091 3 3.277430945400e+03
41.414141 -3 3.077286919500e+03
41.414141 -2.9393939 3.273639706200e+03
41.414141 -2.8787879 3.474048223600e+03
41.414141 -2.8181818 3.678101097100e+03
41.414141 -2.7575758 3.885311524800e+03
41.414141 -2.6969697 4.095334296200e+03
41.414141 -2.6363636 4.307737246900e+03
41.414141 -2.5757576 4.522117216000e+03
41.414141 -2.5151515 4.738014452400e+03
41.414141 -2.4545455 4.955022636800e+03
41.414141 -2.3939394 5.172760160500e+03
41.414141 -2.3333333 5.390719840400e+03
41.414141 -2.2727273 5.608507143100e+03
41.414141 -2.2121212 5.825583484100e+03
41.414141 -2.1515152 6.041566579500e+03
41.414141 -2.0909091 6.256022954400e+03
41.414141 -2.030303 6.468612817500e+03
41.414141 -1.969697 6.678976856900e+03
41.414141 -1.9090909 6.886820247100e+03
41.414141 -1.8484848 7.091951633900e+03
41.414141 -1.7878788 7.293951192200e+03
41.414141 -1.7272727 7.492441733400e+03
41.414141 -1.6666667 7.687319408600e+03
41.414141 -1.6060606 7.878204643200e+03
41.414141 -1.5454545 8.064776201600e+03
41.414141 -1.4848485 8.246749178200e+03
41.414141 -1.4242424 8.423806248600e+03
41.414141 -1.3636364 8.595643682500e+03
41.414141 -1.3030303 8.761994046000e+03
41.414141 -1.2424242 8.922620995600e+03
41.414141 -1.1818182 9.077294061100e+03
41.414141 -1.1212121 9.225708253400e+03
41.414141 -1.0606061 9.367610570100e+03
41.414141 -1 9.502817175700e+03
41.414141 -0.93939394 9.631090052200e+03
41.414141 -0.87878788 9.752215184200e+03
41.414141 -0.81818182 9.866044203200e+03
41.414141 -0.75757576 9.972454340500e+03
41.414141 -0.6969697 1.007134256500e+04
41.414141 -0.63636364 1.016245967500e+04
41.414141 -0.57575758 1.024575654500e+04
41.414141 -0.51515152 1.032109438400e+04
41.414141 -0.45454545 1.038837296400e+04
41.414141 -0.39393939 1.044748395200e+04
41.414141 -0.33333333 1.049899648000e+04
41.414141 -0.27272727 1.054423079800e+04
41.414141 -0.21212121 1.057846056600e+04
41.414141 -0.15151515 1.060411111500e+04
41.414141 -0.090909091 1.062124269000e+04
41.414141 -0.03030303 1.062982022700e+04
41.414141 0.03030303 1.062982802800e+04
41.414141 0.090909091 1.062119827700e+04
41.414141 0.15151515 1.060388944900e+04
41.414141 0.21212121 1.057792699600e+04
41.414141 0.27272727 1.054337940000e+04
41.414141 0.33333333 1.050031970300e+04
41.414141 0.39393939 1.044882890300e+04
41.414141 0.45454545 1.038909764700e+04
41.414141 0.51515152 1.032092474900e+04
41.414141 0.57575758 1.024426882800e+04
41.414141 0.63636364 1.016035903400e+04
41.414141 0.6969697 1.006859991900e+04
41.414141 0.75757576 9.969209642200e+03
41.414141 0.81818182 9.862438286700e+03
41.414141 0.87878788 9.748316065300e+03
41.414141 0.93939394 9.627364113100e+03
41.414141 1 9.499085910900e+03
41.414141 1.0606061 9.363968581700e+03
41.414141 1.1212121 9.222816928500e+03
41.414141 1.1818182 9.075001582600e+03
41.414141 1.2424242 8.918388835600e+03
41.414141 1.3030303 8.758141371800e+03
41.414141 1.3636364 8.592174227200e+03
41.414141 1.4242424 8.420677753400e+03
41.414141 1.4848485 8.243778941000e+03
41.414141 1.5454545 8.061905190000e+03
41.414141 1.6060606 7.875401569300e+03
41.414141 1.6666667 7.684510944000e+03
41.414141 1.7272727 7.489701102400e+03
41.414141 1.7878788 7.290950936300e+03
41.414141 1.8484848 7.088523491700e+03
41.414141 1.9090909 6.883111179500e+03
41.414141 1.969697 6.674826906700e+03
41.414141 2.030303 6.464169373700e+03
41.414141 2.0909091 6.251366217500e+03
41.414141 2.1515152 6.036908364800e+03
41.414141 2.2121212 5.821012749900e+03
41.414141 2.2727273 5.604134603900e+03
41.414141 2.3333333 5.386621746100e+03
41.414141 2.3939394 5.168915370000e+03
41.414141 2.4545455 4.951411898700e+03
41.414141 2.5151515 4.734600725800e+03
41.414141 2.5757576 4.518884926100e+03
41.414141 2.6363636 4.304679599500e+03
41.414141 2.6969697 4.092403219200e+03
41.414141 2.7575758 3.882446430300e+03
41.414141 2.8181818 3.675263857500e+03
41.414141 2.8787879 3.471296073800e+03
41.414141 2.9393939 3.270956890700e+03
41.414141 3 3.074663776100e+03
41.919192 -3 2.888488631000e+03
41.919192 -2.9393939 3.074283541000e+03
41.919192 -2.8787879 3.264003352500e+03
41.919192 -2.8181818 3.457253318200e+03
41.919192 -2.7575758 3.653568454100e+03
41.919192 -2.6969697 3.852610952700e+03
41.919192 -2.6363636 4.053982298800e+03
41.919192 -2.5757576 4.257290974300e+03
41.919192 -2.5151515 4.462111611500e+03
41.919192 -2.4545455 4.668038446800e+03
41.919192 -2.3939394 4.874712382800e+03
41.919192 -2.3333333 5.081637334200e+03
41.919192 -2.2727273 5.288430479600e+03
41.919192 -2.2121212 5.494582063200e+03
41.919192 -2.1515152 5.699710771600e+03
41.919192 -2.0909091 5.903426768500e+03
41.919192 -2.030303 6.105409459500e+03
41.919192 -1.969697 6.305315337100e+03
41.919192 -1.9090909 6.502865490200e+03
41.919192 -1.8484848 6.697882095400e+03
41.919192 -1.7878788 6.889930922600e+03
41.919192 -1.7272727 7.078676243700e+03
41.919192 -1.6666667 7.263995503100e+03
41.919192 -1.6060606 7.445532536300e+03
41.919192 -1.5454545 7.622981446400e+03
41.919192 -1.4848485 7.796070087200e+03
41.919192 -1.4242424 7.964490816000e+03
41.919192 -1.3636364 8.127957801300e+03
41.919192 -1.3030303 8.286215331600e+03
41.919192 -1.2424242 8.439045963200e+03
41.919192 -1.1818182 8.586223027200e+03
41.919192 -1.1212121 8.727439401800e+03
41.919192 -1.0606061 8.862472843700e+03
41.919192 -1 8.991134400700e+03
41.919192 -0.93939394 9.113195709100e+03
41.919192 -0.87878788 9.228455206600e+03
41.919192 -0.81818182 9.336793723600e+03
41.919192 -0.75757576 9.438076437600e+03
41.919192 -0.6969697 9.532200402900e+03
41.919192 -0.63636364 9.618929438800e+03
41.919192 -0.57575758 9.698214437400e+03
41.919192 -0.51515152 9.769929651700e+03
41.919192 -0.45454545 9.833980765500e+03
41.919192 -0.39393939 9.890257632800e+03
41.919192 -0.33333333 9.938943417200e+03
41.919192 -0.27272727 9.982314406600e+03
41.919192 -0.21212121 1.001494285100e+04
41.919192 -0.15151515 1.003936392800e+04
41.919192 -0.090909091 1.005566637400e+04
41.919192 -0.03030303 1.006382136000e+04
41.919192 0.03030303 1.006381320300e+04
41.919192 0.090909091 1.005558391700e+04
41.919192 0.15151515 1.003910078400e+04
41.919192 0.21212121 1.001438359800e+04
41.919192 0.27272727 9.981494233700e+03
41.919192 0.33333333 9.940500955700e+03
41.919192 0.39393939 9.891492152600e+03
41.919192 0.45454545 9.834627399400e+03
41.919192 0.51515152 9.769863893300e+03
41.919192 0.57575758 9.696823133000e+03
41.919192 0.63636364 9.616908101500e+03
41.919192 0.6969697 9.529618492000e+03
41.919192 0.75757576 9.434979342700e+03
41.919192 0.81818182 9.333396220900e+03
41.919192 0.87878788 9.224726983000e+03
41.919192 0.93939394 9.109647440500e+03
41.919192 1 8.987578046400e+03
41.919192 1.0606061 8.859009579100e+03
41.919192 1.1212121 8.724474527400e+03
41.919192 1.1818182 8.584233527600e+03
41.919192 1.2424242 8.434990166600e+03
41.919192 1.3030303 8.282544252100e+03
41.919192 1.3636364 8.124673339400e+03
41.919192 1.4242424 7.961537294500e+03
41.919192 1.4848485 7.793331627500e+03
41.919192 1.5454545 7.620298158500e+03
41.919192 1.6060606 7.442948587800e+03
41.919192 1.6666667 7.261395657500e+03
41.919192 1.7272727 7.076104845300e+03
41.919192 1.7878788 6.887212250400e+03
41.919192 1.8484848 6.694765799900e+03
41.919192 1.9090909 6.499482792200e+03
41.919192 1.969697 6.301472314900e+03
41.919192 2.030303 6.101263749900e+03
41.919192 2.0909091 5.899037266400e+03
41.919192 2.1515152 5.695286744600e+03
41.919192 2.2121212 5.490207589200e+03
41.919192 2.2727273 5.284229296200e+03
41.919192 2.3333333 5.077693238400e+03
41.919192 2.3939394 4.871022491200e+03
41.919192 2.4545455 4.664590793700e+03
41.919192 2.5151515 4.458884404800e+03
41.919192 2.5757576 4.254267914700e+03
41.919192 2.6363636 4.051134102500e+03
41.919192 2.6969697 3.849886457100e+03
41.919192 2.7575758 3.650902548300e+03
41.919192 2.8181818 3.454619046800e+03
41.919192 2.8787879 3.261454311500e+03
41.919192 2.9393939 3.071801684500e+03
41.919192 3 2.886058629100e+03
42.424242 -3 2.712766674500e+03
42.424242 -2.9393939 2.888654092300e+03
42.424242 -2.8787879 3.068339850400e+03
42.424242 -2.8181818 3.251444170500e+03
42.424242 -2.7575758 3.437525824600e+03
42.424242 -2.6969697 3.626251359500e+03
42.424242 -2.6363636 3.817254264700e+03
42.424242 -2.5757576 4.010154860100e+03
42.424242 -2.5151515 4.204557786200e+03
42.424242 -2.4545455 4.400059947600e+03
42.424242 -2.3939394 4.596323159500e+03
42.424242 -2.3333333 4.792865346900e+03
42.424242 -2.2727273 4.989306623700e+03
42.424242 -2.2121212 5.185172583200e+03
42.424242 -2.1515152 5.380087676600e+03
42.424242 -2.0909091 5.573693216800e+03
42.424242 -2.030303 5.765692059200e+03
42.424242 -1.969697 5.955755125200e+03
42.424242 -1.9090909 6.143613530200e+03
42.424242 -1.8484848 6.329102018000e+03
42.424242 -1.7878788 6.511779138900e+03
42.424242 -1.7272727 6.691343023700e+03
42.424242 -1.6666667 6.867656251000e+03
42.424242 -1.6060606 7.040385662700e+03
42.424242 -1.5454545 7.209239556000e+03
42.424242 -1.4848485 7.373955052500e+03
42.424242 -1.4242424 7.534235621900e+03
42.424242 -1.3636364 7.689814136900e+03
42.424242 -1.3030303 7.840446393100e+03
42.424242 -1.2424242 7.985929534800e+03
42.424242 -1.1818182 8.126037102500e+03
42.424242 -1.1212121 8.260471025900e+03
42.424242 -1.0606061 8.389031238200e+03
42.424242 -1 8.511522030900e+03
42.424242 -0.93939394 8.627725698500e+03
42.424242 -0.87878788 8.737459421200e+03
42.424242 -0.81818182 8.840621049700e+03
42.424242 -0.75757576 8.937070880200e+03
42.424242 -0.6969697 9.026704902900e+03
42.424242 -0.63636364 9.109295771300e+03
42.424242 -0.57575758 9.184797261400e+03
42.424242 -0.51515152 9.253096874600e+03
42.424242 -0.45454545 9.314103720800e+03
42.424242 -0.39393939 9.367708802200e+03
42.424242 -0.33333333 9.413858447900e+03
42.424242 -0.27272727 9.455332535200e+03
42.424242 -0.21212121 9.486460332400e+03
42.424242 -0.15151515 9.509722635300e+03
42.424242 -0.090909091 9.525239940500e+03
42.424242 -0.03030303 9.532995345100e+03
42.424242 0.03030303 9.532976137300e+03
42.424242 0.090909091 9.525127537700e+03
42.424242 0.15151515 9.509424937300e+03
42.424242 0.21212121 9.485880858600e+03
42.424242 0.27272727 9.454551510200e+03
42.424242 0.33333333 9.415506549400e+03
42.424242 0.39393939 9.368840030100e+03
42.424242 0.45454545 9.314674704500e+03
42.424242 0.51515152 9.253091370400e+03
42.424242 0.57575758 9.183501954700e+03
42.424242 0.63636364 9.107362141900e+03
42.424242 0.6969697 9.024249232200e+03
42.424242 0.75757576 8.934140270700e+03
42.424242 0.81818182 8.837393170500e+03
42.424242 0.87878788 8.733914434300e+03
42.424242 0.93939394 8.624345315400e+03
42.424242 1 8.508130454600e+03
42.424242 1.0606061 8.385745660100e+03
42.424242 1.1212121 8.257479848100e+03
42.424242 1.1818182 8.124166907500e+03
42.424242 1.2424242 7.982046866400e+03
42.424242 1.3030303 7.836943558900e+03
42.424242 1.3636364 7.686701090500e+03
42.424242 1.4242424 7.531442543100e+03
42.424242 1.4848485 7.371416961000e+03
42.424242 1.5454545 7.206745392400e+03
42.424242 1.6060606 7.037985120700e+03
42.424242 1.6666667 6.865271254000e+03
42.424242 1.7272727 6.688918098700e+03
42.424242 1.7878788 6.509289220200e+03
42.424242 1.8484848 6.326273279800e+03
42.424242 1.9090909 6.140535032400e+03
42.424242 1.969697 5.952197183600e+03
42.424242 2.030303 5.761827129300e+03
42.424242 2.0909091 5.569560909000e+03
42.424242 2.1515152 5.375885870400e+03
42.424242 2.2121212 5.180987225600e+03
42.424242 2.2727273 4.985272388000e+03
42.424242 2.3333333 4.789069589800e+03
42.424242 2.3939394 4.592781363200e+03
42.424242 2.4545455 4.396769002100e+03
42.424242 2.5151515 4.201506675200e+03
42.424242 2.5757576 4.007322665600e+03
42.424242 2.6363636 3.814595991600e+03
42.424242 2.6969697 3.623712802000e+03
42.424242 2.7575758 3.435040334800e+03
42.424242 2.8181818 3.248995602100e+03
42.424242 2.8787879 3.065975085500e+03
42.424242 2.9393939 2.886355778600e+03
42.424242 3 2.710513358500e+03
42.929293 -3 2.549111937200e+03
42.929293 -2.9393939 2.715697132900e+03
42.929293 -2.8787879 2.885957938400e+03
42.929293 -2.8181818 3.059528670500e+03
42.929293 -2.7575758 3.235992308200e+03
42.929293 -2.6969697 3.415019169200e+03
42.929293 -2.6363636 3.596270861600e+03
42.929293 -2.5757576 3.779382153200e+03
42.929293 -2.5151515 3.963981614300e+03
42.929293 -2.4545455 4.149671717700e+03
42.929293 -2.3939394 4.336132008500e+03
42.929293 -2.3333333 4.522898368300e+03
42.929293 -2.2727273 4.709588110800e+03
42.929293 -2.2121212 4.895764432400e+03
42.929293 -2.1515152 5.081064423900e+03
42.929293 -2.0909091 5.265148480300e+03
42.929293 -2.030303 5.447743919600e+03
42.929293 -1.969697 5.628537647300e+03
42.929293 -1.9090909 5.807265927100e+03
42.929293 -1.8484848 5.983772556200e+03
42.929293 -1.7878788 6.157619182400e+03
42.929293 -1.7272727 6.328527029900e+03
42.929293 -1.6666667 6.496350258200e+03
42.929293 -1.6060606 6.660776540500e+03
42.929293 -1.5454545 6.821527742800e+03
42.929293 -1.4848485 6.978347127000e+03
42.929293 -1.4242424 7.130951327200e+03
42.929293 -1.3636364 7.279091538300e+03
42.929293 -1.3030303 7.422535405300e+03
42.929293 -1.2424242 7.561089959700e+03
42.929293 -1.1818182 7.694526822900e+03
42.929293 -1.1212121 7.822566157900e+03
42.929293 -1.0606061 7.945021039400e+03
42.929293 -1 8.061690873000e+03
42.929293 -0.93939394 8.172368760700e+03
42.929293 -0.87878788 8.276894860000e+03
42.929293 -0.81818182 8.375172166800e+03
42.929293 -0.75757576 8.467063863500e+03
42.929293 -0.6969697 8.552463388500e+03
42.929293 -0.63636364 8.631150400700e+03
42.929293 -0.57575758 8.703081697900e+03
42.929293 -0.51515152 8.768159514700e+03
42.929293 -0.45454545 8.826293242100e+03
42.929293 -0.39393939 8.877377526400e+03
42.929293 -0.33333333 8.921252003900e+03
42.929293 -0.27272727 8.960806918500e+03
42.929293 -0.21212121 8.990527880600e+03
42.929293 -0.15151515 9.012697536700e+03
42.929293 -0.090909091 9.027472151500e+03
42.929293 -0.03030303 9.034850562400e+03
42.929293 0.03030303 9.034824780600e+03
42.929293 0.090909091 9.027337943000e+03
42.929293 0.15151515 9.012372265700e+03
42.929293 0.21212121 8.989933448100e+03
42.929293 0.27272727 8.960073260500e+03
42.929293 0.33333333 8.922867188100e+03
42.929293 0.39393939 8.878409984500e+03
42.929293 0.45454545 8.826799027400e+03
42.929293 0.51515152 8.768174356300e+03
42.929293 0.57575758 8.701886749700e+03
42.929293 0.63636364 8.629309959700e+03
42.929293 0.6969697 8.550108104300e+03
42.929293 0.75757576 8.464310389600e+03
42.929293 0.81818182 8.372081683500e+03
42.929293 0.87878788 8.273536332500e+03
42.929293 0.93939394 8.169145782800e+03
42.929293 1 8.058456460000e+03
42.929293 1.0606061 7.941899107200e+03
42.929293 1.1212121 7.819619235600e+03
42.929293 1.1818182 7.692624651500e+03
42.929293 1.2424242 7.557398033400e+03
42.929293 1.3030303 7.419183894600e+03
42.929293 1.3636364 7.276136480100e+03
42.929293 1.4242424 7.128309635200e+03
42.929293 1.4848485 6.975977117900e+03
42.929293 1.5454545 6.819223389900e+03
42.929293 1.6060606 6.658530196700e+03
42.929293 1.6666667 6.494177867800e+03
42.929293 1.7272727 6.326240661500e+03
42.929293 1.7878788 6.155309137200e+03
42.929293 1.8484848 5.981204309300e+03
42.929293 1.9090909 5.804465772500e+03
42.929293 1.969697 5.625246447800e+03
42.929293 2.030303 5.444145719800e+03
42.929293 2.0909091 5.261263772100e+03
42.929293 2.1515152 5.077075580300e+03
42.929293 2.2121212 4.891763623100e+03
42.929293 2.2727273 4.705718628800e+03
42.929293 2.3333333 4.519248423800e+03
42.929293 2.3939394 4.332734319200e+03
42.929293 2.4545455 4.146531363600e+03
42.929293 2.5151515 3.961095544700e+03
42.929293 2.5757576 3.776723052500e+03
42.929293 2.6363636 3.593784923800e+03
42.929293 2.6969697 3.412648070300e+03
42.929293 2.7575758 3.233670678600e+03
42.929293 2.8181818 3.057249878900e+03
42.929293 2.8787879 2.883760325100e+03
42.929293 2.9393939 2.713566480000e+03
42.929293 3 2.547020426300e+03
43.434343 -3 2.396601297300e+03
43.434343 -2.9393939 2.554447652100e+03
43.434343 -2.8787879 2.715850548400e+03
43.434343 -2.8181818 2.880458073100e+03
43.434343 -2.7575758 3.047876591600e+03
43.434343 -2.6969697 3.217781375500e+03
43.434343 -2.6363636 3.389857224100e+03
43.434343 -2.5757576 3.563756333400e+03
43.434343 -2.5151515 3.739125269500e+03
43.434343 -2.4545455 3.915575309000e+03
43.434343 -2.3939394 4.092799116500e+03
43.434343 -2.3333333 4.270354260100e+03
43.434343 -2.2727273 4.447854670300e+03
43.434343 -2.2121212 4.624898525500e+03
43.434343 -2.1515152 4.801141383600e+03
43.434343 -2.0909091 4.976254860100e+03
43.434343 -2.030303 5.149988418400e+03
43.434343 -1.969697 5.322047312600e+03
43.434343 -1.9090909 5.492169869900e+03
43.434343 -1.8484848 5.660204017200e+03
43.434343 -1.7878788 5.825725551700e+03
43.434343 -1.7272727 5.988468027200e+03
43.434343 -1.6666667 6.148283734000e+03
43.434343 -1.6060606 6.304877901500e+03
43.434343 -1.5454545 6.457985948500e+03
43.434343 -1.4848485 6.607355083100e+03
43.434343 -1.4242424 6.752716665800e+03
43.434343 -1.3636364 6.893839453200e+03
43.434343 -1.3030303 7.030503208200e+03
43.434343 -1.2424242 7.162520238200e+03
43.434343 -1.1818182 7.289660001600e+03
43.434343 -1.1212121 7.411666418500e+03
43.434343 -1.0606061 7.528358741300e+03
43.434343 -1 7.639534561900e+03
43.434343 -0.93939394 7.744998504200e+03
43.434343 -0.87878788 7.844613984100e+03
43.434343 -0.81818182 7.938280939900e+03
43.434343 -0.75757576 8.025870128200e+03
43.434343 -0.6969697 8.107273736400e+03
43.434343 -0.63636364 8.182276370800e+03
43.434343 -0.57575758 8.250837171300e+03
43.434343 -0.51515152 8.312874433100e+03
43.434343 -0.45454545 8.368295233500e+03
43.434343 -0.39393939 8.416999079300e+03
43.434343 -0.33333333 8.458809857300e+03
43.434343 -0.27272727 8.496456802400e+03
43.434343 -0.21212121 8.524857801700e+03
43.434343 -0.15151515 8.545996564800e+03
43.434343 -0.090909091 8.560069948300e+03
43.434343 -0.03030303 8.567093673600e+03
43.434343 0.03030303 8.567064607200e+03
43.434343 0.090909091 8.559921147600e+03
43.434343 0.15151515 8.545650246800e+03
43.434343 0.21212121 8.524253146600e+03
43.434343 0.27272727 8.495778723500e+03
43.434343 0.33333333 8.460309962500e+03
43.434343 0.39393939 8.417937698600e+03
43.434343 0.45454545 8.368747019000e+03
43.434343 0.51515152 8.312880806900e+03
43.434343 0.57575758 8.249750923900e+03
43.434343 0.63636364 8.180531773200e+03
43.434343 0.6969697 8.105004267300e+03
43.434343 0.75757576 8.023291414800e+03
43.434343 0.81818182 7.935311278500e+03
43.434343 0.87878788 7.841431879500e+03
43.434343 0.93939394 7.741921317800e+03
43.434343 1 7.636450297100e+03
43.434343 1.0606061 7.525384691900e+03
43.434343 1.1212121 7.408823006200e+03
43.434343 1.1818182 7.287641505100e+03
43.434343 1.2424242 7.159057443100e+03
43.434343 1.3030303 7.027281791500e+03
43.434343 1.3636364 6.891030399400e+03
43.434343 1.4242424 6.750218341000e+03
43.434343 1.4848485 6.605126108000e+03
43.434343 1.5454545 6.455864810600e+03
43.434343 1.6060606 6.302768299000e+03
43.434343 1.6666667 6.146310683500e+03
43.434343 1.7272727 5.986322922900e+03
43.434343 1.7878788 5.823554832100e+03
43.434343 1.8484848 5.657865476600e+03
43.434343 1.9090909 5.489617863900e+03
43.434343 1.969697 5.319007297100e+03
43.434343 2.030303 5.146645145400e+03
43.434343 2.0909091 4.972607793000e+03
43.434343 2.1515152 4.797359098000e+03
43.434343 2.2121212 4.621079678400e+03
43.434343 2.2727273 4.444149225700e+03
43.434343 2.3333333 4.266850437200e+03
43.434343 2.3939394 4.089544338500e+03
43.434343 2.4545455 3.912579119300e+03
43.434343 2.5151515 3.736392556700e+03
43.434343 2.5757576 3.561253737700e+03
43.434343 2.6363636 3.387527324200e+03
43.434343 2.6969697 3.215561052500e+03
43.434343 2.7575758 3.045704175500e+03
43.434343 2.8181818 2.878334388300e+03
43.434343 2.8787879 2.713804854600e+03
43.434343 2.9393939 2.552470201000e+03
43.434343 3 2.394658093700e+03
43.939394 -3 2.254389460400e+03
43.939394 -2.9393939 2.404021596600e+03
43.939394 -2.8787879 2.557094829200e+03
43.939394 -2.8181818 2.713271031300e+03
43.939394 -2.7575758 2.872178256500e+03
43.939394 -2.6969697 3.033498882000e+03
43.939394 -2.6363636 3.196935957800e+03
43.939394 -2.5757576 3.362161022300e+03
43.939394 -2.5151515 3.528834102700e+03
43.939394 -2.4545455 3.696578341200e+03
43.939394 -2.3939394 3.865094209600e+03
43.939394 -2.3333333 4.033963653800e+03
43.939394 -2.2727273 4.202801724900e+03
43.939394 -2.2121212 4.371234994700e+03
43.939394 -2.1515152 4.538940421100e+03
43.939394 -2.0909091 4.705598604000e+03
43.939394 -2.030303 4.870976270700e+03
43.939394 -1.969697 5.034798663800e+03
43.939394 -1.9090909 5.196805160600e+03
43.939394 -1.8484848 5.356842658700e+03
43.939394 -1.7878788 5.514510729100e+03
43.939394 -1.7272727 5.669546867600e+03
43.939394 -1.6666667 5.821806387100e+03
43.939394 -1.6060606 5.971008477100e+03
43.939394 -1.5454545 6.116902505800e+03
43.939394 -1.4848485 6.259238661900e+03
43.939394 -1.4242424 6.397763557400e+03
43.939394 -1.3636364 6.532262734400e+03
43.939394 -1.3030303 6.662527900100e+03
43.939394 -1.2424242 6.788372636600e+03
43.939394 -1.1818182 6.909565779100e+03
43.939394 -1.1212121 7.025876362600e+03
43.939394 -1.0606061 7.137126117000e+03
43.939394 -1 7.243113684000e+03
43.939394 -0.93939394 7.343656880200e+03
43.939394 -0.87878788 7.438638471800e+03
43.939394 -0.81818182 7.527952162700e+03
43.939394 -0.75757576 7.611476596900e+03
43.939394 -0.6969697 7.689107445800e+03
43.939394 -0.63636364 7.760631166900e+03
43.939394 -0.57575758 7.826008766600e+03
43.939394 -0.51515152 7.885174862500e+03
43.939394 -0.45454545 7.938032852800e+03
43.939394 -0.39393939 7.984486873500e+03
43.939394 -0.33333333 8.024390671200e+03
43.939394 -0.27272727 8.060180080000e+03
43.939394 -0.21212121 8.087342548300e+03
43.939394 -0.15151515 8.107508259800e+03
43.939394 -0.090909091 8.120920879100e+03
43.939394 -0.03030303 8.127611733300e+03
43.939394 0.03030303 8.127581131300e+03
43.939394 0.090909091 8.120763036400e+03
43.939394 0.15151515 8.107146507700e+03
43.939394 0.21212121 8.086731942500e+03
43.939394 0.27272727 8.059567011200e+03
43.939394 0.33333333 8.025740953200e+03
43.939394 0.39393939 7.985338229400e+03
43.939394 0.45454545 7.938438352100e+03
43.939394 0.51515152 7.885158055000e+03
43.939394 0.57575758 7.825040695700e+03
43.939394 0.63636364 7.758983001900e+03
43.939394 0.6969697 7.686920388700e+03
43.939394 0.75757576 7.609056969700e+03
43.939394 0.81818182 7.525103871700e+03
43.939394 0.87878788 7.435610900800e+03
43.939394 0.93939394 7.340712803000e+03
43.939394 1 7.240172053900e+03
43.939394 1.0606061 7.134288173200e+03
43.939394 1.1212121 7.023167057000e+03
43.939394 1.1818182 6.907422972800e+03
43.939394 1.2424242 6.785188353400e+03
43.939394 1.3030303 6.659416238200e+03
43.939394 1.3636364 6.529589436500e+03
43.939394 1.4242424 6.395399130400e+03
43.939394 1.4848485 6.257131791300e+03
43.939394 1.5454545 6.114948732600e+03
43.939394 1.6060606 5.969030298600e+03
43.939394 1.6666667 5.820009268800e+03
43.939394 1.7272727 5.667550840700e+03
43.939394 1.7878788 5.512449853900e+03
43.939394 1.8484848 5.354700375400e+03
43.939394 1.9090909 5.194467769300e+03
43.939394 1.969697 5.031995727200e+03
43.939394 2.030303 4.867876955400e+03
43.939394 2.0909091 4.702178678200e+03
43.939394 2.1515152 4.535360757800e+03
43.939394 2.2121212 4.367596695500e+03
43.939394 2.2727273 4.199260350900e+03
43.939394 2.3333333 4.030608216300e+03
43.939394 2.3939394 3.861983061300e+03
43.939394 2.4545455 3.693719506900e+03
43.939394 2.5151515 3.526242792400e+03
43.939394 2.5757576 3.359799904300e+03
43.939394 2.6363636 3.194746776300e+03
43.939394 2.6969697 3.031414303700e+03
43.939394 2.7575758 2.870142118900e+03
43.939394 2.8181818 2.711289101100e+03
43.939394 2.8787879 2.555187874200e+03
43.939394 2.9393939 2.402184448200e+03
43.939394 3 2.252582591400e+03
44.444444 -3 2.121701648700e+03
44.444444 -2.9393939 2.263608498900e+03
44.444444 -2.8787879 2.408844563600e+03
44.444444 -2.8181818 2.557085698100e+03
44.444444 -2.7575758 2.707979618800e+03
44.444444 -2.6969697 2.861218068700e+03
44.444444 -2.6363636 3.016518201600e+03
44.444444 -2.5757576 3.173571011500e+03
44.444444 -2.5151515 3.332047401200e+03
44.444444 -2.4545455 3.491584741800e+03
44.444444 -2.3939394 3.651886587800e+03
44.444444 -2.3333333 3.812560582300e+03
44.444444 -2.2727273 3.973230085500e+03
44.444444 -2.2121212 4.133542025600e+03
44.444444 -2.1515152 4.293194421700e+03
44.444444 -2.0909091 4.451879040600e+03
44.444444 -2.030303 4.609374107600e+03
44.444444 -1.969697 4.765424890700e+03
44.444444 -1.9090909 4.919772605400e+03
44.444444 -1.8484848 5.072258871600e+03
44.444444 -1.7878788 5.222513483000e+03
44.444444 -1.7272727 5.370273226200e+03
44.444444 -1.6666667 5.515398800000e+03
44.444444 -1.6060606 5.657620286700e+03
44.444444 -1.5454545 5.796701327900e+03
44.444444 -1.4848485 5.932395337200e+03
44.444444 -1.4242424 6.064463743500e+03
44.444444 -1.3636364 6.192707979500e+03
44.444444 -1.3030303 6.316931017800e+03
44.444444 -1.2424242 6.436944829300e+03
44.444444 -1.1818182 6.552520263500e+03
44.444444 -1.1212121 6.663449490500e+03
44.444444 -1.0606061 6.769555947300e+03
44.444444 -1 6.870641564500e+03
44.444444 -0.93939394 6.966539320900e+03
44.444444 -0.87878788 7.057144773300e+03
44.444444 -0.81818182 7.142346325900e+03
44.444444 -0.75757576 7.222027758100e+03
44.444444 -0.6969697 7.296094460400e+03
44.444444 -0.63636364 7.364331627000e+03
44.444444 -0.57575758 7.426701926500e+03
44.444444 -0.51515152 7.483155184800e+03
44.444444 -0.45454545 7.533591069500e+03
44.444444 -0.39393939 7.577917200400e+03
44.444444 -0.33333333 7.616026689100e+03
44.444444 -0.27272727 7.650035741500e+03
44.444444 -0.21212121 7.676039191500e+03
44.444444 -0.15151515 7.695286561100e+03
44.444444 -0.090909091 7.708077305200e+03
44.444444 -0.03030303 7.714456085200e+03
44.444444 0.03030303 7.714424274700e+03
44.444444 0.090909091 7.707913906300e+03
44.444444 0.15151515 7.694913714300e+03
44.444444 0.21212121 7.675426941800e+03
44.444444 0.27272727 7.649501534700e+03
44.444444 0.33333333 7.617229624100e+03
44.444444 0.39393939 7.578688933600e+03
44.444444 0.45454545 7.533953803800e+03
44.444444 0.51515152 7.483112533800e+03
44.444444 0.57575758 7.425857794400e+03
44.444444 0.63636364 7.362780085600e+03
44.444444 0.6969697 7.293994171100e+03
44.444444 0.75757576 7.219742910100e+03
44.444444 0.81818182 7.139630290700e+03
44.444444 0.87878788 7.054245273800e+03
44.444444 0.93939394 6.963715140500e+03
44.444444 1 6.867833975600e+03
44.444444 1.0606061 6.766846439000e+03
44.444444 1.1212121 6.660877793100e+03
44.444444 1.1818182 6.550302059000e+03
44.444444 1.2424242 6.434080337400e+03
44.444444 1.3030303 6.313920614400e+03
44.444444 1.3636364 6.190160641500e+03
44.444444 1.4242424 6.062222099500e+03
44.444444 1.4848485 5.930398983800e+03
44.444444 1.5454545 5.794892866400e+03
44.444444 1.6060606 5.655775399400e+03
44.444444 1.6666667 5.513748729000e+03
44.444444 1.7272727 5.368432649300e+03
44.444444 1.7878788 5.220544619300e+03
44.444444 1.8484848 5.070279876200e+03
44.444444 1.9090909 4.917615591800e+03
44.444444 1.969697 4.762844519000e+03
44.444444 2.030303 4.606506539300e+03
44.444444 2.0909091 4.448675755300e+03
44.444444 2.1515152 4.289815002800e+03
44.444444 2.2121212 4.130082996200e+03
44.444444 2.2727273 3.969852844600e+03
44.444444 2.3333333 3.809356258600e+03
44.444444 2.3939394 3.648919971800e+03
44.444444 2.4545455 3.488856547000e+03
44.444444 2.5151515 3.329586013000e+03
44.444444 2.5757576 3.171338024100e+03
44.444444 2.6363636 3.014455443600e+03
44.444444 2.6969697 2.859255953600e+03
44.444444 2.7575758 2.706068500600e+03
44.444444 2.8181818 2.555233718400e+03
44.444444 2.8787879 2.407065357500e+03
44.444444 2.9393939 2.261900689500e+03
44.444444 3 2.120021134600e+03
44.949495 -3 1.997827102900e+03
44.949495 -2.9393939 2.132464795400e+03
44.949495 -2.8787879 2.270323228600e+03
44.949495 -2.8181818 2.411092531800e+03
44.949495 -2.7575758 2.554438174600e+03
44.949495 -2.6969697 2.700063057700e+03
44.949495 -2.6363636 2.847695434500e+03
44.949495 -2.5757576 2.997044129200e+03
44.949495 -2.5151515 3.147790044400e+03
44.949495 -2.4545455 3.299586190000e+03
44.949495 -2.3939394 3.452136209900e+03
44.949495 -2.3333333 3.605073527000e+03
44.949495 -2.2727273 3.758036496600e+03
44.949495 -2.2121212 3.910685705400e+03
44.949495 -2.1515152 4.062737506200e+03
44.949495 -2.0909091 4.213898696900e+03
44.949495 -2.030303 4.363954139300e+03
44.949495 -1.969697 4.512667398000e+03
44.949495 -1.9090909 4.659783510600e+03
44.949495 -1.8484848 4.805136181700e+03
44.949495 -1.7878788 4.948388066700e+03
44.949495 -1.7272727 5.089274292700e+03
44.949495 -1.6666667 5.227660937000e+03
44.949495 -1.6060606 5.363286977100e+03
44.949495 -1.5454545 5.495930100200e+03
44.949495 -1.4848485 5.625348136200e+03
44.949495 -1.4242424 5.751316403600e+03
44.949495 -1.3636364 5.873650925800e+03
44.949495 -1.3030303 5.992164938800e+03
44.949495 -1.2424242 6.106667229600e+03
44.949495 -1.1818182 6.216933483600e+03
44.949495 -1.1212121 6.322775361700e+03
44.949495 -1.0606061 6.424018788500e+03
44.949495 -1 6.520470899700e+03
44.949495 -0.93939394 6.611981177900e+03
44.949495 -0.87878788 6.698450922100e+03
44.949495 -0.81818182 6.779766010000e+03
44.949495 -0.75757576 6.855812112400e+03
44.949495 -0.6969697 6.926509420100e+03
44.949495 -0.63636364 6.991640254000e+03
44.949495 -0.57575758 7.051168570400e+03
44.949495 -0.51515152 7.105057095500e+03
44.949495 -0.45454545 7.153202688600e+03
44.949495 -0.39393939 7.195515215000e+03
44.949495 -0.33333333 7.231917312800e+03
44.949495 -0.27272727 7.264228743200e+03
44.949495 -0.21212121 7.289155120400e+03
44.949495 -0.15151515 7.307536502500e+03
44.949495 -0.090909091 7.319741949300e+03
44.949495 -0.03030303 7.325827942800e+03
44.949495 0.03030303 7.325794318000e+03
44.949495 0.090909091 7.319574557900e+03
44.949495 0.15151515 7.307155556200e+03
44.949495 0.21212121 7.288546140400e+03
44.949495 0.27272727 7.263795553600e+03
44.949495 0.33333333 7.232994569200e+03
44.949495 0.39393939 7.196214885800e+03
44.949495 0.45454545 7.153523963300e+03
44.949495 0.51515152 7.104992564200e+03
44.949495 0.57575758 7.050446356900e+03
44.949495 0.63636364 6.990187256000e+03
44.949495 0.6969697 6.924502708100e+03
44.949495 0.75757576 6.853635797200e+03
44.949495 0.81818182 6.777193492700e+03
44.949495 0.87878788 6.695657010700e+03
44.949495 0.93939394 6.609263732500e+03
44.949495 1 6.517786812800e+03
44.949495 1.0606061 6.421432126700e+03
44.949495 1.1212121 6.320330560400e+03
44.949495 1.1818182 6.214709378100e+03
44.949495 1.2424242 6.104139434300e+03
44.949495 1.3030303 5.989268098100e+03
44.949495 1.3636364 5.871217452500e+03
44.949495 1.4242424 5.749186298400e+03
44.949495 1.4848485 5.623454953000e+03
44.949495 1.5454545 5.494244206800e+03
44.949495 1.6060606 5.361577289100e+03
44.949495 1.6666667 5.226129538200e+03
44.949495 1.7272727 5.087589593900e+03
44.949495 1.7878788 4.946503037800e+03
44.949495 1.8484848 4.803291367400e+03
44.949495 1.9090909 4.657774647200e+03
44.949495 1.969697 4.510293299600e+03
44.949495 2.030303 4.361303353000e+03
44.949495 2.0909091 4.210902428300e+03
44.949495 2.1515152 4.059556569800e+03
44.949495 2.2121212 3.907403956600e+03
44.949495 2.2727273 3.754822964000e+03
44.949495 2.3333333 3.602022093400e+03
44.949495 2.3939394 3.449313605500e+03
44.949495 2.4545455 3.296982691100e+03
44.949495 2.5151515 3.145448324100e+03
44.949495 2.5757576 2.994927420500e+03
44.949495 2.6363636 2.845746052500e+03
44.949495 2.6969697 2.698212050400e+03
44.949495 2.7575758 2.552642600900e+03
44.949495 2.8181818 2.409360501200e+03
44.949495 2.8787879 2.268662997200e+03
44.949495 2.9393939 2.130877587400e+03
44.949495 3 1.996265332000e+03
45.454545 -3 1.882113369200e+03
45.454545 -2.9393939 2.009907818600e+03
45.454545 -2.8787879 2.140817736900e+03
45.454545 -2.8181818 2.274547843400e+03
45.454545 -2.7575758 2.410779832900e+03
45.454545 -2.6969697 2.549228764100e+03
45.454545 -2.6363636 2.689632210700e+03
45.454545 -2.5757576 2.831713861900e+03
45.454545 -2.5151515 2.975164967300e+03
45.454545 -2.4545455 3.119654617800e+03
45.454545 -2.3939394 3.264885840200e+03
45.454545 -2.3333333 3.410516931300e+03
45.454545 -2.2727273 3.556205242600e+03
45.454545 -2.2121212 3.701621408900e+03
45.454545 -2.1515152 3.846496081400e+03
45.454545 -2.0909091 3.990554364100e+03
45.454545 -2.030303 4.133584946100e+03
45.454545 -1.969697 4.275366416600e+03
45.454545 -1.9090909 4.415650181600e+03
45.454545 -1.8484848 4.554261312500e+03
45.454545 -1.7878788 4.690894246500e+03
45.454545 -1.7272727 4.825284548700e+03
45.454545 -1.6666667 4.957301853200e+03
45.454545 -1.6060606 5.086693305700e+03
45.454545 -1.5454545 5.213249610700e+03
45.454545 -1.4848485 5.336734810500e+03
45.454545 -1.4242424 5.456937107000e+03
45.454545 -1.3636364 5.573685276800e+03
45.454545 -1.3030303 5.686801659900e+03
45.454545 -1.2424242 5.796091593600e+03
45.454545 -1.1818182 5.901337929900e+03
45.454545 -1.1212121 6.002367916200e+03
45.454545 -1.0606061 6.099011083300e+03
45.454545 -1 6.191081649700e+03
45.454545 -0.93939394 6.278445716200e+03
45.454545 -0.87878788 6.361004442900e+03
45.454545 -0.81818182 6.438643919500e+03
45.454545 -0.75757576 6.511249861300e+03
45.454545 -0.6969697 6.578759451800e+03
45.454545 -0.63636364 6.640952931400e+03
45.454545 -0.57575758 6.697794657200e+03
45.454545 -0.51515152 6.749257115700e+03
45.454545 -0.45454545 6.795235858900e+03
45.454545 -0.39393939 6.835642257800e+03
45.454545 -0.33333333 6.870413143400e+03
45.454545 -0.27272727 6.901100434600e+03
45.454545 -0.21212121 6.925035198600e+03
45.454545 -0.15151515 6.942601134000e+03
45.454545 -0.090909091 6.954255071300e+03
45.454545 -0.03030303 6.960065760700e+03
45.454545 0.03030303 6.960029279400e+03
45.454545 0.090909091 6.954083717600e+03
45.454545 0.15151515 6.942213888200e+03
45.454545 0.21212121 6.924435402300e+03
45.454545 0.27272727 6.900799246900e+03
45.454545 0.33333333 6.871390757700e+03
45.454545 0.39393939 6.836276569200e+03
45.454545 0.45454545 6.795516652100e+03
45.454545 0.51515152 6.749176516700e+03
45.454545 0.57575758 6.697182837300e+03
45.454545 0.63636364 6.639603069800e+03
45.454545 0.6969697 6.576851567100e+03
45.454545 0.75757576 6.509159184200e+03
45.454545 0.81818182 6.436219406300e+03
45.454545 0.87878788 6.358303142900e+03
45.454545 0.93939394 6.275822614600e+03
45.454545 1 6.188508352500e+03
45.454545 1.0606061 6.096542226200e+03
45.454545 1.1212121 6.000036163400e+03
45.454545 1.1818182 5.899168967500e+03
45.454545 1.2424242 5.793885305100e+03
45.454545 1.3030303 5.684053135600e+03
45.454545 1.3636364 5.571350451600e+03
45.454545 1.4242424 5.454908496300e+03
45.454545 1.4848485 5.334938950900e+03
45.454545 1.5454545 5.211667118300e+03
45.454545 1.6060606 5.085115707500e+03
45.454545 1.6666667 4.955865673500e+03
45.454545 1.7272727 4.823748211000e+03
45.454545 1.7878788 4.689091890000e+03
45.454545 1.8484848 4.552527609800e+03
45.454545 1.9090909 4.413761408600e+03
45.454545 1.969697 4.273180007700e+03
45.454545 2.030303 4.131132728100e+03
45.454545 2.0909091 3.987756796300e+03
45.454545 2.1515152 3.843511601500e+03
45.454545 2.2121212 3.698513783700e+03
45.454545 2.2727273 3.553154220300e+03
45.454545 2.3333333 3.407618346000e+03
45.454545 2.3939394 3.262204409500e+03
45.454545 2.4545455 3.117171023800e+03
45.454545 2.5151515 2.972934308100e+03
45.454545 2.5757576 2.829702845600e+03
45.454545 2.6363636 2.687784553900e+03
45.454545 2.6969697 2.547479408100e+03
45.454545 2.7575758 2.409092014900e+03
45.454545 2.8181818 2.272927552200e+03
45.454545 2.8787879 2.139269675000e+03
45.454545 2.9393939 2.008434624500e+03
45.454545 3 1.880665030500e+03
45.959596 -3 1.773961125300e+03
45.959596 -2.9393939 1.895310325800e+03
45.959596 -2.8787879 2.019672748000e+03
45.959596 -2.8181818 2.146767935500e+03
45.959596 -2.7575758 2.276292784800e+03
45.959596 -2.6969697 2.407974576400e+03
45.959596 -2.6363636 2.541559551900e+03
45.959596 -2.5757576 2.676782578900e+03
45.959596 -2.5151515 2.813346257700e+03
45.959596 -2.4545455 2.950935406600e+03
45.959596 -2.3939394 3.089253931600e+03
45.959596 -2.3333333 3.227983370900e+03
45.959596 -2.2727273 3.366800549300e+03
45.959596 -2.2121212 3.505386101600e+03
45.959596 -2.1515152 3.643480641300e+03
45.959596 -2.0909091 3.780828917200e+03
45.959596 -2.030303 3.917223053800e+03
45.959596 -1.969697 4.052452403200e+03
45.959596 -1.9090909 4.186277208700e+03
45.959596 -1.8484848 4.318515108300e+03
45.959596 -1.7878788 4.448888125300e+03
45.959596 -1.7272727 4.577136410500e+03
45.959596 -1.6666667 4.703130290000e+03
45.959596 -1.6060606 4.826625515500e+03
45.959596 -1.5454545 4.947424000200e+03
45.959596 -1.4848485 5.065297993800e+03
45.959596 -1.4242424 5.180047755400e+03
45.959596 -1.3636364 5.291512543100e+03
45.959596 -1.3030303 5.399522551200e+03
45.959596 -1.2424242 5.503880574900e+03
45.959596 -1.1818182 5.604378139100e+03
45.959596 -1.1212121 5.700854760400e+03
45.959596 -1.0606061 5.793144302300e+03
45.959596 -1 5.881069972000e+03
45.959596 -0.93939394 5.964513154100e+03
45.959596 -0.87878788 6.043371167500e+03
45.959596 -0.81818182 6.117531966000e+03
45.959596 -0.75757576 6.186881623200e+03
45.959596 -0.6969697 6.251373039400e+03
45.959596 -0.63636364 6.310787675500e+03
45.959596 -0.57575758 6.365088776400e+03
45.959596 -0.51515152 6.414255110000e+03
45.959596 -0.45454545 6.458182631100e+03
45.959596 -0.39393939 6.496784219200e+03
45.959596 -0.33333333 6.529999174600e+03
45.959596 -0.27272727 6.559121959800e+03
45.959596 -0.21212121 6.582150033600e+03
45.959596 -0.15151515 6.598949511400e+03
45.959596 -0.090909091 6.610082764600e+03
45.959596 -0.03030303 6.615633718500e+03
45.959596 0.03030303 6.615593318500e+03
45.959596 0.090909091 6.609906475500e+03
45.959596 0.15151515 6.598556903000e+03
45.959596 0.21212121 6.581566513800e+03
45.959596 0.27272727 6.558987889800e+03
45.959596 0.33333333 6.530897827400e+03
45.959596 0.39393939 6.497358666300e+03
45.959596 0.45454545 6.458424600500e+03
45.959596 0.51515152 6.414162995100e+03
45.959596 0.57575758 6.364567189900e+03
45.959596 0.63636364 6.309547277200e+03
45.959596 0.6969697 6.249565862400e+03
45.959596 0.75757576 6.184860372500e+03
45.959596 0.81818182 6.115249982300e+03
45.959596 0.87878788 6.040760773400e+03
45.959596 0.93939394 5.961973857600e+03
45.959596 1 5.878593679400e+03
45.959596 1.0606061 5.790787851300e+03
45.959596 1.1212121 5.698625447700e+03
45.959596 1.1818182 5.602301194700e+03
45.959596 1.2424242 5.501949589200e+03
45.959596 1.3030303 5.396972607800e+03
45.959596 1.3636364 5.289260736000e+03
45.959596 1.4242424 5.178112359800e+03
45.959596 1.4848485 5.063593355100e+03
45.959596 1.5454545 4.945931545900e+03
45.959596 1.6060606 4.825169880400e+03
45.959596 1.6666667 4.701773093600e+03
45.959596 1.7272727 4.575733180500e+03
45.959596 1.7878788 4.447171609400e+03
45.959596 1.8484848 4.316876277000e+03
45.959596 1.9090909 4.184486434800e+03
45.959596 1.969697 4.050433150300e+03
45.959596 2.030303 3.914948483600e+03
45.959596 2.0909091 3.778222763000e+03
45.959596 2.1515152 3.640689375200e+03
45.959596 2.2121212 3.502448216900e+03
45.959596 2.2727273 3.363909996400e+03
45.959596 2.3333333 3.225235511600e+03
45.959596 2.3939394 3.086708390400e+03
45.959596 2.4545455 2.948568028700e+03
45.959596 2.5151515 2.811219728200e+03
45.959596 2.5757576 2.674867761700e+03
45.959596 2.6363636 2.539803395700e+03
45.959596 2.6969697 2.406318984600e+03
45.959596 2.7575758 2.274706143900e+03
45.959596 2.8181818 2.145252570600e+03
45.959596 2.8787879 2.018231402700e+03
45.959596 2.9393939 1.893946179200e+03
45.959596 3 1.772622592200e+03
46.464646 -3 1.672819563400e+03
46.464646 -2.9393939 1.788095598200e+03
46.464646 -2.8787879 1.906285567000e+03
46.464646 -2.8181818 2.027123853600e+03
46.464646 -2.7575758 2.150321999400e+03
46.464646 -2.6969697 2.275618687800e+03
46.464646 -2.6363636 2.402768999300e+03
46.464646 -2.5757576 2.531515447900e+03
46.464646 -2.5151515 2.661572969900e+03
46.464646 -2.4545455 2.792641359300e+03
46.464646 -2.3939394 2.924428282500e+03
46.464646 -2.3333333 3.056636446800e+03
46.464646 -2.2727273 3.188959782000e+03
46.464646 -2.2121212 3.321091461900e+03
46.464646 -2.1515152 3.452778375500e+03
46.464646 -2.0909091 3.583783987900e+03
46.464646 -2.030303 3.713905367900e+03
46.464646 -1.969697 3.842938321300e+03
46.464646 -1.9090909 3.970653660600e+03
46.464646 -1.8484848 4.096864353200e+03
46.464646 -1.7878788 4.221313891000e+03
46.464646 -1.7272727 4.343751808900e+03
46.464646 -1.6666667 4.464046237600e+03
46.464646 -1.6060606 4.581962682900e+03
46.464646 -1.5454545 4.697312003100e+03
46.464646 -1.4848485 4.809876369600e+03
46.464646 -1.4242424 4.919467542900e+03
46.464646 -1.3636364 5.025932920200e+03
46.464646 -1.3030303 5.129109169000e+03
46.464646 -1.2424242 5.228798341500e+03
46.464646 -1.1818182 5.324801375400e+03
46.464646 -1.1212121 5.416967540800e+03
46.464646 -1.0606061 5.505135164300e+03
46.464646 -1 5.589138233800e+03
46.464646 -0.93939394 5.668870826300e+03
46.464646 -0.87878788 5.744225171000e+03
46.464646 -0.81818182 5.815091524700e+03
46.464646 -0.75757576 5.881358295300e+03
46.464646 -0.6969697 5.942990071500e+03
46.464646 -0.63636364 5.999774571800e+03
46.464646 -0.57575758 6.051671917400e+03
46.464646 -0.51515152 6.098663990600e+03
46.464646 -0.45454545 6.140648715700e+03
46.464646 -0.39393939 6.177541088800e+03
46.464646 -0.33333333 6.209278451400e+03
46.464646 -0.27272727 6.236889566600e+03
46.464646 -0.21212121 6.259085553800e+03
46.464646 -0.15151515 6.275165834300e+03
46.464646 -0.090909091 6.285806453200e+03
46.464646 -0.03030303 6.291111434800e+03
46.464646 0.03030303 6.291066357400e+03
46.464646 0.090909091 6.285623940500e+03
46.464646 0.15151515 6.274768479600e+03
46.464646 0.21212121 6.258526394700e+03
46.464646 0.27272727 6.236951203500e+03
46.464646 0.33333333 6.210109561500e+03
46.464646 0.39393939 6.178060056400e+03
46.464646 0.45454545 6.140854250900e+03
46.464646 0.51515152 6.098562419000e+03
46.464646 0.57575758 6.051215621800e+03
46.464646 0.63636364 5.998648624300e+03
46.464646 0.6969697 5.941282846000e+03
46.464646 0.75757576 5.879398018000e+03
46.464646 0.81818182 5.812937931700e+03
46.464646 0.87878788 5.741712763700e+03
46.464646 0.93939394 5.666408110600e+03
46.464646 1 5.586746729500e+03
46.464646 1.0606061 5.502885033600e+03
46.464646 1.1212121 5.414834615000e+03
46.464646 1.1818182 5.322828180600e+03
46.464646 1.2424242 5.227076752100e+03
46.464646 1.3030303 5.126807148700e+03
46.464646 1.3636364 5.023754725200e+03
46.464646 1.4242424 4.917618349600e+03
46.464646 1.4848485 4.808255984300e+03
46.464646 1.5454545 4.695901984100e+03
46.464646 1.6060606 4.580613321700e+03
46.464646 1.6666667 4.462758853100e+03
46.464646 1.7272727 4.342461456300e+03
46.464646 1.7878788 4.219687993200e+03
46.464646 1.8484848 4.095310158100e+03
46.464646 1.9090909 3.968946132100e+03
46.464646 1.969697 3.841065064300e+03
46.464646 2.030303 3.711786507200e+03
46.464646 2.0909091 3.581361929900e+03
46.464646 2.1515152 3.450174868500e+03
46.464646 2.2121212 3.318318130300e+03
46.464646 2.2727273 3.186226999900e+03
46.464646 2.3333333 3.054035542100e+03
46.464646 2.3939394 2.922011620900e+03
46.464646 2.4545455 2.790387067000e+03
46.464646 2.5151515 2.659544885800e+03
46.464646 2.5757576 2.529688301600e+03
46.464646 2.6363636 2.401095435700e+03
46.464646 2.6969697 2.274049873900e+03
46.464646 2.7575758 2.148830266600e+03
46.464646 2.8181818 2.025707169100e+03
46.464646 2.8787879 1.904945801300e+03
46.464646 2.9393939 1.786836133900e+03
46.464646 3 1.671587692900e+03
46.969697 -3 1.578182157700e+03
46.969697 -2.9393939 1.687732987300e+03
46.969697 -2.8787879 1.800101482100e+03
46.969697 -2.8181818 1.915036578400e+03
46.969697 -2.7575758 2.032264181900e+03
46.969697 -2.6969697 2.151532948900e+03
46.969697 -2.6363636 2.272607338300e+03
46.969697 -2.5757576 2.395234984400e+03
46.969697 -2.5151515 2.519143517000e+03
46.969697 -2.4545455 2.644047070600e+03
46.969697 -2.3939394 2.769660096900e+03
46.969697 -2.3333333 2.895704250800e+03
46.969697 -2.2727273 3.021887118500e+03
46.969697 -2.2121212 3.147917591100e+03
46.969697 -2.1515152 3.273546456800e+03
46.969697 -2.0909091 3.398553275900e+03
46.969697 -2.030303 3.522742342200e+03
46.969697 -1.969697 3.645912575100e+03
46.969697 -1.9090909 3.767845900300e+03
46.969697 -1.8484848 3.888354340900e+03
46.969697 -1.7878788 4.007196182400e+03
46.969697 -1.7272727 4.124134482800e+03
46.969697 -1.6666667 4.239033180700e+03
46.969697 -1.6060606 4.351668776000e+03
46.969697 -1.5454545 4.461858824000e+03
46.969697 -1.4848485 4.569396485400e+03
46.969697 -1.4242424 4.674104687000e+03
46.969697 -1.3636364 4.775836968900e+03
46.969697 -1.3030303 4.874434852600e+03
46.969697 -1.2424242 4.969701996600e+03
46.969697 -1.1818182 5.061449123700e+03
46.969697 -1.1212121 5.149533151300e+03
46.969697 -1.0606061 5.233796613100e+03
46.969697 -1 5.314085872900e+03
46.969697 -0.93939394 5.390304263900e+03
46.969697 -0.87878788 5.462339651800e+03
46.969697 -0.81818182 5.530084443100e+03
46.969697 -0.75757576 5.593431747900e+03
46.969697 -0.6969697 5.652352534900e+03
46.969697 -0.63636364 5.706646433400e+03
46.969697 -0.57575758 5.756268117000e+03
46.969697 -0.51515152 5.801200310500e+03
46.969697 -0.45454545 5.841344081600e+03
46.969697 -0.39393939 5.876617379000e+03
46.969697 -0.33333333 5.906956228100e+03
46.969697 -0.27272727 5.933115772800e+03
46.969697 -0.21212121 5.954533684700e+03
46.969697 -0.15151515 5.969939523800e+03
46.969697 -0.090909091 5.980113282900e+03
46.969697 -0.03030303 5.985184559200e+03
46.969697 0.03030303 5.985134476200e+03
46.969697 0.090909091 5.979923521400e+03
46.969697 0.15151515 5.969538249200e+03
46.969697 0.21212121 5.954007177700e+03
46.969697 0.27272727 5.933383742100e+03
46.969697 0.33333333 5.907724385500e+03
46.969697 0.39393939 5.877084420200e+03
46.969697 0.45454545 5.841515833000e+03
46.969697 0.51515152 5.801089510300e+03
46.969697 0.57575758 5.755852541300e+03
46.969697 0.63636364 5.705635009500e+03
46.969697 0.6969697 5.650744529500e+03
46.969697 0.75757576 5.591530288400e+03
46.969697 0.81818182 5.528040952400e+03
46.969697 0.87878788 5.459936005500e+03
46.969697 0.93939394 5.387915264300e+03
46.969697 1 5.311771447900e+03
46.969697 1.0606061 5.231645723900e+03
46.969697 1.1212121 5.147493193700e+03
46.969697 1.1818182 5.059575988200e+03
46.969697 1.2424242 4.968121428000e+03
46.969697 1.3030303 4.872412300500e+03
46.969697 1.3636364 4.773735863700e+03
46.969697 1.4242424 4.672334002900e+03
46.969697 1.4848485 4.567853066100e+03
46.969697 1.5454545 4.460527508600e+03
46.969697 1.6060606 4.350408286700e+03
46.969697 1.6666667 4.237810987900e+03
46.969697 1.7272727 4.122936052000e+03
46.969697 1.7878788 4.005665468900e+03
46.969697 1.8484848 3.886878311100e+03
46.969697 1.9090909 3.766214369000e+03
46.969697 1.969697 3.644165254200e+03
46.969697 2.030303 3.520758221000e+03
46.969697 2.0909091 3.396306753700e+03
46.969697 2.1515152 3.271122592400e+03
46.969697 2.2121212 3.145303624300e+03
46.969697 2.2727273 3.019309164100e+03
46.969697 2.3333333 2.893245837200e+03
46.969697 2.3939394 2.767364772600e+03
46.969697 2.4545455 2.641902497600e+03
46.969697 2.5151515 2.517208690600e+03
46.969697 2.5757576 2.393487800700e+03
46.969697 2.6363636 2.271008531900e+03
46.969697 2.6969697 2.150044086600e+03
46.969697 2.7575758 2.030860458200e+03
46.969697 2.8181818 1.913711950200e+03
46.969697 2.8787879 1.798857423600e+03
46.969697 2.9393939 1.686573408900e+03
46.969697 3 1.577053141000e+03
47.474747 -3 1.489582804200e+03
47.474747 -2.9393939 1.593733921800e+03
47.474747 -2.8787879 1.700609583000e+03
47.474747 -2.8181818 1.809972674700e+03
47.474747 -2.7575758 1.921563259800e+03
47.474747 -2.6969697 2.035138251500e+03
47.474747 -2.6363636 2.150472000200e+03
47.474747 -2.5757576 2.267316232200e+03
47.474747 -2.5151515 2.385410670100e+03
47.474747 -2.4545455 2.504483614500e+03
47.474747 -2.3939394 2.624258510300e+03
47.474747 -2.3333333 2.744473815400e+03
47.474747 -2.2727273 2.864847808200e+03
47.474747 -2.2121212 2.985107279800e+03
47.474747 -2.1515152 3.105006133300e+03
47.474747 -2.0909091 3.224336486700e+03
47.474747 -2.030303 3.342911900100e+03
47.474747 -1.969697 3.460532679900e+03
47.474747 -1.9090909 3.576991102800e+03
47.474747 -1.8484848 3.692102323200e+03
47.474747 -1.7878788 3.805633265400e+03
47.474747 -1.7272727 3.917363148800e+03
47.474747 -1.6666667 4.027151137600e+03
47.474747 -1.6060606 4.134785577600e+03
47.474747 -1.5454545 4.240088853900e+03
47.474747 -1.4848485 4.342865382100e+03
47.474747 -1.4242424 4.442949051900e+03
47.474747 -1.3636364 4.540198147200e+03
47.474747 -1.3030303 4.634457161000e+03
47.474747 -1.2424242 4.725533938800e+03
47.474747 -1.1818182 4.813249356700e+03
47.474747 -1.1212121 4.897465862100e+03
47.474747 -1.0606061 4.978029826400e+03
47.474747 -1 5.054801362900e+03
47.474747 -0.93939394 5.127689206500e+03
47.474747 -0.87878788 5.196578865600e+03
47.474747 -0.81818182 5.261364784900e+03
47.474747 -0.75757576 5.321946486400e+03
47.474747 -0.6969697 5.378296020000e+03
47.474747 -0.63636364 5.430230280600e+03
47.474747 -0.57575758 5.477696034400e+03
47.474747 -0.51515152 5.520675786000e+03
47.474747 -0.45454545 5.559074404100e+03
47.474747 -0.39393939 5.592813519300e+03
47.474747 -0.33333333 5.621829985800e+03
47.474747 -0.27272727 5.646615535000e+03
47.474747 -0.21212121 5.667283580600e+03
47.474747 -0.15151515 5.682056598300e+03
47.474747 -0.090909091 5.691787502700e+03
47.474747 -0.03030303 5.696636191800e+03
47.474747 0.03030303 5.696581204700e+03
47.474747 0.090909091 5.691590071900e+03
47.474747 0.15151515 5.681652756400e+03
47.474747 0.21212121 5.666797487400e+03
47.474747 0.27272727 5.647076395700e+03
47.474747 0.33333333 5.622536919200e+03
47.474747 0.39393939 5.593231598300e+03
47.474747 0.45454545 5.559214899800e+03
47.474747 0.51515152 5.520555221100e+03
47.474747 0.57575758 5.477300918600e+03
47.474747 0.63636364 5.429326467300e+03
47.474747 0.6969697 5.376788615800e+03
47.474747 0.75757576 5.320105791000e+03
47.474747 0.81818182 5.259413250500e+03
47.474747 0.87878788 5.194293967800e+03
47.474747 0.93939394 5.125375572200e+03
47.474747 1 5.052562399100e+03
47.474747 1.0606061 4.975969920600e+03
47.474747 1.1212121 4.895516169300e+03
47.474747 1.1818182 4.811466898800e+03
47.474747 1.2424242 4.724037637200e+03
47.474747 1.3030303 4.632718244200e+03
47.474747 1.3636364 4.538192949300e+03
47.474747 1.4242424 4.441247146200e+03
47.474747 1.4848485 4.341392075600e+03
47.474747 1.5454545 4.238834439900e+03
47.474747 1.6060606 4.133598277200e+03
47.474747 1.6666667 4.025991346400e+03
47.474747 1.7272727 3.916238435500e+03
47.474747 1.7878788 3.804201061600e+03
47.474747 1.8484848 3.690699634000e+03
47.474747 1.9090909 3.575434892800e+03
47.474747 1.969697 3.458893656300e+03
47.474747 2.030303 3.341044010600e+03
47.474747 2.0909091 3.222254996100e+03
47.474747 2.1515152 3.102751232400e+03
47.474747 2.2121212 2.982648069500e+03
47.474747 2.2727273 2.862421777600e+03
47.474747 2.3333333 2.742153528200e+03
47.474747 2.3939394 2.622077435400e+03
47.474747 2.4545455 2.502444592100e+03
47.474747 2.5151515 2.383563815000e+03
47.474747 2.5757576 2.265642013300e+03
47.474747 2.6363636 2.148940979000e+03
47.474747 2.6969697 2.033722233500e+03
47.474747 2.7575758 1.920239526300e+03
47.474747 2.8181818 1.808732543200e+03
47.474747 2.8787879 1.699454049800e+03
47.474747 2.9393939 1.592668379600e+03
47.474747 3 1.488551496600e+03
47.979798 -3 1.406592284000e+03
47.979798 -2.9393939 1.505648260300e+03
47.979798 -2.8787879 1.607338946800e+03
47.979798 -2.8181818 1.711440301800e+03
47.979798 -2.7575758 1.817706258500e+03
47.979798 -2.6969697 1.925900288700e+03
47.979798 -2.6363636 2.035806860600e+03
47.979798 -2.5757576 2.147182346300e+03
47.979798 -2.5151515 2.259776995100e+03
47.979798 -2.4545455 2.373333613900e+03
47.979798 -2.3939394 2.487585572200e+03
47.979798 -2.3333333 2.602286208300e+03
47.979798 -2.2727273 2.717162924700e+03
47.979798 -2.2121212 2.831960712800e+03
47.979798 -2.1515152 2.946437337400e+03
47.979798 -2.0909091 3.060393727700e+03
47.979798 -2.030303 3.173653846300e+03
47.979798 -1.969697 3.286019455700e+03
47.979798 -1.9090909 3.397291316000e+03
47.979798 -1.8484848 3.507291521900e+03
47.979798 -1.7878788 3.615790812000e+03
47.979798 -1.7272727 3.722585270900e+03
47.979798 -1.6666667 3.827530286400e+03
47.979798 -1.6060606 3.930426221400e+03
47.979798 -1.5454545 4.031099025500e+03
47.979798 -1.4848485 4.129363848100e+03
47.979798 -1.4242424 4.225065380900e+03
47.979798 -1.3636364 4.318065918100e+03
47.979798 -1.3030303 4.408210903500e+03
47.979798 -1.2424242 4.495314871300e+03
47.979798 -1.1818182 4.579209356900e+03
47.979798 -1.1212121 4.659760065400e+03
47.979798 -1.0606061 4.736816947800e+03
47.979798 -1 4.810254888600e+03
47.979798 -0.93939394 4.879984219400e+03
47.979798 -0.87878788 4.945890726700e+03
47.979798 -0.81818182 5.007871170900e+03
47.979798 -0.75757576 5.065831980800e+03
47.979798 -0.6969697 5.119741923800e+03
47.979798 -0.63636364 5.169439477700e+03
47.979798 -0.57575758 5.214861169100e+03
47.979798 -0.51515152 5.255989460200e+03
47.979798 -0.45454545 5.292733135300e+03
47.979798 -0.39393939 5.325017909100e+03
47.979798 -0.33333333 5.352782839600e+03
47.979798 -0.27272727 5.376292013900e+03
47.979798 -0.21212121 5.396213087200e+03
47.979798 -0.15151515 5.410391851000e+03
47.979798 -0.090909091 5.419702527700e+03
47.979798 -0.03030303 5.424338923000e+03
47.979798 0.03030303 5.424279520000e+03
47.979798 0.090909091 5.419497786800e+03
47.979798 0.15151515 5.409987432300e+03
47.979798 0.21212121 5.395774498300e+03
47.979798 0.27272727 5.376908560800e+03
47.979798 0.33333333 5.353430178700e+03
47.979798 0.39393939 5.325389656500e+03
47.979798 0.45454545 5.292844578100e+03
47.979798 0.51515152 5.255858525100e+03
47.979798 0.57575758 5.214472843400e+03
47.979798 0.63636364 5.168629159300e+03
47.979798 0.6969697 5.118339000200e+03
47.979798 0.75757576 5.064056173900e+03
47.979798 0.81818182 5.005996588400e+03
47.979798 0.87878788 4.943730668900e+03
47.979798 0.93939394 4.877751437300e+03
47.979798 1 4.808095711100e+03
47.979798 1.0606061 4.734838950200e+03
47.979798 1.1212121 4.657897436400e+03
47.979798 1.1818182 4.577508881800e+03
47.979798 1.2424242 4.493866152000e+03
47.979798 1.3030303 4.406729851900e+03
47.979798 1.3636364 4.316188315800e+03
47.979798 1.4242424 4.223421273900e+03
47.979798 1.4848485 4.127954672800e+03
47.979798 1.5454545 4.029920327600e+03
47.979798 1.6060606 3.929300235800e+03
47.979798 1.6666667 3.826430069600e+03
47.979798 1.7272727 3.721520909500e+03
47.979798 1.7878788 3.614458363000e+03
47.979798 1.8484848 3.505957699500e+03
47.979798 1.9090909 3.395814575900e+03
47.979798 1.969697 3.284474317900e+03
47.979798 2.030303 3.171887229400e+03
47.979798 2.0909091 3.058464689200e+03
47.979798 2.1515152 2.944338533400e+03
47.979798 2.2121212 2.829652273500e+03
47.979798 2.2727273 2.714885899900e+03
47.979798 2.3333333 2.600100104600e+03
47.979798 2.3939394 2.485512750900e+03
47.979798 2.4545455 2.371394971100e+03
47.979798 2.5151515 2.258012475400e+03
47.979798 2.5757576 2.145574802900e+03
47.979798 2.6363636 2.034337432400e+03
47.979798 2.6969697 1.924549655600e+03
47.979798 2.7575758 1.816453426300e+03
47.979798 2.8181818 1.710276130100e+03
47.979798 2.8787879 1.606263432000e+03
47.979798 2.9393939 1.504669610800e+03
47.979798 3 1.405651907600e+03
48.484848 -3 1.328815089900e+03
48.484848 -2.9393939 1.423061021900e+03
48.484848 -2.8787879 1.519855209800e+03
48.484848 -2.8181818 1.618985616800e+03
48.484848 -2.7575758 1.720219579700e+03
48.484848 -2.6969697 1.823325740700e+03
48.484848 -2.6363636 1.928098506200e+03
48.484848 -2.5757576 2.034300649400e+03
48.484848 -2.5151515 2.141690780900e+03
48.484848 -2.4545455 2.250026789000e+03
48.484848 -2.3939394 2.359051719800e+03
48.484848 -2.3333333 2.468532151800e+03
48.484848 -2.2727273 2.578204628800e+03
48.484848 -2.2121212 2.687830708700e+03
48.484848 -2.1515152 2.797173837600e+03
48.484848 -2.0909091 2.906040455800e+03
48.484848 -2.030303 3.014264869700e+03
48.484848 -1.969697 3.121651807400e+03
48.484848 -1.9090909 3.228008125800e+03
48.484848 -1.8484848 3.333165755200e+03
48.484848 -1.7878788 3.436896289400e+03
48.484848 -1.7272727 3.539011472700e+03
48.484848 -1.6666667 3.639365240500e+03
48.484848 -1.6060606 3.737769389900e+03
48.484848 -1.5454545 3.834052824800e+03
48.484848 -1.4848485 3.928040339200e+03
48.484848 -1.4242424 4.019587215700e+03
48.484848 -1.3636364 4.108559547700e+03
48.484848 -1.3030303 4.194801882300e+03
48.484848 -1.2424242 4.278137545600e+03
48.484848 -1.1818182 4.358409258000e+03
48.484848 -1.1212121 4.435483743500e+03
48.484848 -1.0606061 4.509214563200e+03
48.484848 -1 4.579491766600e+03
48.484848 -0.93939394 4.646224076500e+03
48.484848 -0.87878788 4.709300195100e+03
48.484848 -0.81818182 4.768619883800e+03
48.484848 -0.75757576 4.824095762300e+03
48.484848 -0.6969697 4.875690421700e+03
48.484848 -0.63636364 4.923266637700e+03
48.484848 -0.57575758 4.966748871000e+03
48.484848 -0.51515152 5.006120658600e+03
48.484848 -0.45454545 5.041294363500e+03
48.484848 -0.39393939 5.072199758200e+03
48.484848 -0.33333333 5.098777967600e+03
48.484848 -0.27272727 5.121121966900e+03
48.484848 -0.21212121 5.140280849900e+03
48.484848 -0.15151515 5.153901859300e+03
48.484848 -0.090909091 5.162813819400e+03
48.484848 -0.03030303 5.167247700900e+03
48.484848 0.03030303 5.167184663700e+03
48.484848 0.090909091 5.162602899900e+03
48.484848 0.15151515 5.153499363000e+03
48.484848 0.21212121 5.139896789300e+03
48.484848 0.27272727 5.121841123900e+03
48.484848 0.33333333 5.099368600900e+03
48.484848 0.39393939 5.072527756100e+03
48.484848 0.45454545 5.041378624100e+03
48.484848 0.51515152 5.005978944100e+03
48.484848 0.57575758 4.966360678200e+03
48.484848 0.63636364 4.922530475200e+03
48.484848 0.6969697 4.874396715000e+03
48.484848 0.75757576 4.822389471700e+03
48.484848 0.81818182 4.766811989400e+03
48.484848 0.87878788 4.707265539200e+03
48.484848 0.93939394 4.644079790600e+03
48.484848 1 4.577420430400e+03
48.484848 1.0606061 4.507309643200e+03
48.484848 1.1212121 4.433704029400e+03
48.484848 1.1818182 4.356785445300e+03
48.484848 1.2424242 4.276721908500e+03
48.484848 1.3030303 4.193528549300e+03
48.484848 1.3636364 4.106845729000e+03
48.484848 1.4242424 4.017992065100e+03
48.484848 1.4848485 3.926690234000e+03
48.484848 1.5454545 3.832948643300e+03
48.484848 1.6060606 3.736697257000e+03
48.484848 1.6666667 3.638320816300e+03
48.484848 1.7272727 3.537999477700e+03
48.484848 1.7878788 3.435662072600e+03
48.484848 1.8484848 3.331896301800e+03
48.484848 1.9090909 3.226617059300e+03
48.484848 1.969697 3.120189615800e+03
48.484848 2.030303 3.012588787400e+03
48.484848 2.0909091 2.904249742700e+03
48.484848 2.1515152 2.795216779700e+03
48.484848 2.2121212 2.685669083100e+03
48.484848 2.2727273 2.576073222700e+03
48.484848 2.3333333 2.466476499900e+03
48.484848 2.3939394 2.357082509200e+03
48.484848 2.4545455 2.248182572900e+03
48.484848 2.5151515 2.140002756400e+03
48.484848 2.5757576 2.032754329200e+03
48.484848 2.6363636 1.926685319000e+03
48.484848 2.6969697 1.822033034600e+03
48.484848 2.7575758 1.719028168100e+03
48.484848 2.8181818 1.617888443600e+03
48.484848 2.8787879 1.518850507900e+03
48.484848 2.9393939 1.422161009700e+03
48.484848 3 1.327957337700e+03
48.989899 -3 1.255886508300e+03
48.989899 -2.9393939 1.345589391300e+03
48.989899 -2.8787879 1.437757440400e+03
48.989899 -2.8181818 1.532189501900e+03
48.989899 -2.7575758 1.628665640700e+03
48.989899 -2.6969697 1.726958805200e+03
48.989899 -2.6363636 1.826872821900e+03
48.989899 -2.5757576 1.928179005900e+03
48.989899 -2.5151515 2.030642268900e+03
48.989899 -2.4545455 2.134035811300e+03
48.989899 -2.3939394 2.238111595100e+03
48.989899 -2.3333333 2.342648018300e+03
48.989899 -2.2727273 2.447391825200e+03
48.989899 -2.2121212 2.552118358400e+03
48.989899 -2.1515152 2.656598817500e+03
48.989899 -2.0909091 2.760642841300e+03
48.989899 -2.030303 2.864093943800e+03
48.989899 -1.969697 2.966761932300e+03
48.989899 -1.9090909 3.068457722900e+03
48.989899 -1.8484848 3.169024533700e+03
48.989899 -1.7878788 3.268233825600e+03
48.989899 -1.7272727 3.365910403200e+03
48.989899 -1.6666667 3.461909766800e+03
48.989899 -1.6060606 3.556053972800e+03
48.989899 -1.5454545 3.648174797500e+03
48.989899 -1.4848485 3.738105400800e+03
48.989899 -1.4242424 3.825711322100e+03
48.989899 -1.3636364 3.910862435400e+03
48.989899 -1.3030303 3.993401122100e+03
48.989899 -1.2424242 4.073160965600e+03
48.989899 -1.1818182 4.149996100000e+03
48.989899 -1.1212121 4.223772472800e+03
48.989899 -1.0606061 4.294347713800e+03
48.989899 -1 4.361626440600e+03
48.989899 -0.93939394 4.425513662500e+03
48.989899 -0.87878788 4.485903145100e+03
48.989899 -0.81818182 4.542698482900e+03
48.989899 -0.75757576 4.595817080000e+03
48.989899 -0.6969697 4.645213959100e+03
48.989899 -0.63636364 4.690777066600e+03
48.989899 -0.57575758 4.732417882000e+03
48.989899 -0.51515152 4.770122477700e+03
48.989899 -0.45454545 4.803806226200e+03
48.989899 -0.39393939 4.833402519200e+03
48.989899 -0.33333333 4.858853582400e+03
48.989899 -0.27272727 4.880144130500e+03
48.989899 -0.21212121 4.898518808600e+03
48.989899 -0.15151515 4.911618554600e+03
48.989899 -0.090909091 4.920152306900e+03
48.989899 -0.03030303 4.924393180500e+03
48.989899 0.03030303 4.924327441000e+03
48.989899 0.090909091 4.919936896400e+03
48.989899 0.15151515 4.911220638300e+03
48.989899 0.21212121 4.898197810800e+03
48.989899 0.27272727 4.880910011100e+03
48.989899 0.33333333 4.859391598700e+03
48.989899 0.39393939 4.833689558700e+03
48.989899 0.45454545 4.803864963600e+03
48.989899 0.51515152 4.769969695400e+03
48.989899 0.57575758 4.732028527200e+03
48.989899 0.63636364 4.690094321200e+03
48.989899 0.6969697 4.644031938400e+03
48.989899 0.75757576 4.594184176700e+03
48.989899 0.81818182 4.540951707800e+03
48.989899 0.87878788 4.483989038800e+03
48.989899 0.93939394 4.423465432100e+03
48.989899 1 4.359650918400e+03
48.989899 1.0606061 4.292508869600e+03
48.989899 1.1212121 4.222070642800e+03
48.989899 1.1818182 4.148446275400e+03
48.989899 1.2424242 4.071780650300e+03
48.989899 1.3030303 3.992274373600e+03
48.989899 1.3636364 3.909341150000e+03
48.989899 1.4242424 3.824163403900e+03
48.989899 1.4848485 3.736809542400e+03
48.989899 1.5454545 3.647143600200e+03
48.989899 1.6060606 3.555031712100e+03
48.989899 1.6666667 3.460916519600e+03
48.989899 1.7272727 3.364946925200e+03
48.989899 1.7878788 3.267093300700e+03
48.989899 1.8484848 3.167815501800e+03
48.989899 1.9090909 3.067157385200e+03
48.989899 1.969697 2.965374720800e+03
48.989899 2.030303 2.862501925600e+03
48.989899 2.0909091 2.758975842500e+03
48.989899 2.1515152 2.654768562800e+03
48.989899 2.2121212 2.550098466700e+03
48.989899 2.2727273 2.445401478400e+03
48.989899 2.3333333 2.340718648000e+03
48.989899 2.3939394 2.236242562300e+03
48.989899 2.4545455 2.132279917700e+03
48.989899 2.5151515 2.029025221800e+03
48.989899 2.5757576 1.926689540300e+03
48.989899 2.6363636 1.825511556200e+03
48.989899 2.6969697 1.725717294100e+03
48.989899 2.7575758 1.627526947000e+03
48.989899 2.8181818 1.531150992600e+03
48.989899 2.8787879 1.436814804400e+03
48.989899 2.9393939 1.344759252300e+03
48.989899 3 1.255102015000e+03
49.494949 -3 1.187469976800e+03
49.494949 -2.9393939 1.272880000800e+03
49.494949 -2.8787879 1.360675349500e+03
49.494949 -2.8181818 1.450664687400e+03
49.494949 -2.7575758 1.542639960300e+03
49.494949 -2.6969697 1.636378133800e+03
49.494949 -2.6363636 1.731691777400e+03
49.494949 -2.5757576 1.828362473800e+03
49.494949 -2.5151515 1.926160131500e+03
49.494949 -2.4545455 2.024872627000e+03
49.494949 -2.3939394 2.124260343500e+03
49.494949 -2.3333333 2.224112158900e+03
49.494949 -2.2727273 2.324186338800e+03
49.494949 -2.2121212 2.424269095500e+03
49.494949 -2.1515152 2.524140936400e+03
49.494949 -2.0909091 2.623613650300e+03
49.494949 -2.030303 2.722538089800e+03
49.494949 -1.969697 2.820731024700e+03
49.494949 -1.9090909 2.918006427800e+03
49.494949 -1.8484848 3.014218652700e+03
49.494949 -1.7878788 3.109139677700e+03
49.494949 -1.7272727 3.202604092500e+03
49.494949 -1.6666667 3.294472002200e+03
49.494949 -1.6060606 3.384574236000e+03
49.494949 -1.5454545 3.472745676100e+03
49.494949 -1.4848485 3.558826718600e+03
49.494949 -1.4242424 3.642692674000e+03
49.494949 -1.3636364 3.724217057000e+03
49.494949 -1.3030303 3.803239642600e+03
49.494949 -1.2424242 3.879605048100e+03
49.494949 -1.1818182 3.953178487000e+03
49.494949 -1.1212121 4.023824081800e+03
49.494949 -1.0606061 4.091404493200e+03
49.494949 -1 4.155837097200e+03
49.494949 -0.93939394 4.217022407900e+03
49.494949 -0.87878788 4.274860684600e+03
49.494949 -0.81818182 4.329260063200e+03
49.494949 -0.75757576 4.380141237900e+03
49.494949 -0.6969697 4.427451430600e+03
49.494949 -0.63636364 4.471102948200e+03
49.494949 -0.57575758 4.510994492600e+03
49.494949 -0.51515152 4.547115908600e+03
49.494949 -0.45454545 4.579385020200e+03
49.494949 -0.39393939 4.607738065600e+03
49.494949 -0.33333333 4.632117582900e+03
49.494949 -0.27272727 4.652456204800e+03
49.494949 -0.21212121 4.670026312300e+03
49.494949 -0.15151515 4.682643310200e+03
49.494949 -0.090909091 4.690818389400e+03
49.494949 -0.03030303 4.694875590000e+03
49.494949 0.03030303 4.694808087100e+03
49.494949 0.090909091 4.690600426800e+03
49.494949 0.15151515 4.682252444000e+03
49.494949 0.21212121 4.669780085100e+03
49.494949 0.27272727 4.653220318200e+03
49.494949 0.33333333 4.632607622000e+03
49.494949 0.39393939 4.607987268600e+03
49.494949 0.45454545 4.579419759500e+03
49.494949 0.51515152 4.546951797500e+03
49.494949 0.57575758 4.510605499200e+03
49.494949 0.63636364 4.470455024600e+03
49.494949 0.6969697 4.426378857900e+03
49.494949 0.75757576 4.378584180700e+03
49.494949 0.81818182 4.327572450700e+03
49.494949 0.87878788 4.273058148900e+03
49.494949 0.93939394 4.215076093100e+03
49.494949 1 4.153962085600e+03
49.494949 1.0606061 4.089627766800e+03
49.494949 1.1212121 4.022194283900e+03
49.494949 1.1818182 3.951700907400e+03
49.494949 1.2424242 3.878269808500e+03
49.494949 1.3030303 3.802201522700e+03
49.494949 1.3636364 3.722901282900e+03
49.494949 1.4242424 3.641200452700e+03
49.494949 1.4848485 3.557579464400e+03
49.494949 1.5454545 3.471785208500e+03
49.494949 1.6060606 3.383599841800e+03
49.494949 1.6666667 3.293525131600e+03
49.494949 1.7272727 3.201687341400e+03
49.494949 1.7878788 3.108085676200e+03
49.494949 1.8484848 3.013067465400e+03
49.494949 1.9090909 2.916798630800e+03
49.494949 1.969697 2.819412850700e+03
49.494949 2.030303 2.721027322200e+03
49.494949 2.0909091 2.622056272600e+03
49.494949 2.1515152 2.522422679900e+03
49.494949 2.2121212 2.422383759000e+03
49.494949 2.2727273 2.322330854700e+03
49.494949 2.3333333 2.222303875900e+03
49.494949 2.3939394 2.122488892700e+03
49.494949 2.4545455 2.023199458600e+03
49.494949 2.5151515 1.924609410800e+03
49.494949 2.5757576 1.826926765000e+03
49.494949 2.6363636 1.730379298300e+03
49.494949 2.6969697 1.635182456000e+03
49.494949 2.7575758 1.541547035100e+03
49.494949 2.8181818 1.449678053600e+03
49.494949 2.8787879 1.359787501700e+03
49.494949 2.9393939 1.272111149300e+03
49.494949 3 1.186748901600e+03
50 -3 1.123254672300e+03
50 -2.9393939 1.204606420500e+03
50 -2.8787879 1.288266715700e+03
50 -2.8181818 1.374053108700e+03
50 -2.7575758 1.461768460800e+03
50 -2.6969697 1.551194005900e+03
50 -2.6363636 1.642150365900e+03
50 -2.5757576 1.734430199800e+03
50 -2.5151515 1.827808209800e+03
50 -2.4545455 1.922085228700e+03
50 -2.3939394 2.017030296400e+03
50 -2.3333333 2.112441431500e+03
50 -2.2727273 2.208089426500e+03
50 -2.2121212 2.303769040500e+03
50 -2.1515152 2.399270656400e+03
50 -2.0909091 2.494408459100e+03
50 -2.030303 2.589038404400e+03
50 -1.969697 2.682985317400e+03
50 -1.9090909 2.776066587900e+03
50 -1.8484848 2.868146049200e+03
50 -1.7878788 2.958998040400e+03
50 -1.7272727 3.048463622900e+03
50 -1.6666667 3.136410036800e+03
50 -1.6060606 3.222675335400e+03
50 -1.5454545 3.307097880100e+03
50 -1.4848485 3.389524546000e+03
50 -1.4242424 3.469839759100e+03
50 -1.3636364 3.547920233000e+03
50 -1.3030303 3.623603609100e+03
50 -1.2424242 3.696745652600e+03
50 -1.1818182 3.767221636600e+03
50 -1.1212121 3.834893705300e+03
50 -1.0606061 3.899630968900e+03
50 -1 3.961360573100e+03
50 -0.93939394 4.019979077200e+03
50 -0.87878788 4.075393856200e+03
50 -0.81818182 4.127517994700e+03
50 -0.75757576 4.176274324100e+03
50 -0.6969697 4.221602857100e+03
50 -0.63636364 4.263438038400e+03
50 -0.57575758 4.301667137400e+03
50 -0.51515152 4.336284418800e+03
50 -0.45454545 4.367209768900e+03
50 -0.39393939 4.394381289100e+03
50 -0.33333333 4.417741823700e+03
50 -0.27272727 4.437213242000e+03
50 -0.21212121 4.453966237000e+03
50 -0.15151515 4.466141349300e+03
50 -0.090909091 4.473976343300e+03
50 -0.03030303 4.477859077700e+03
50 0.03030303 4.477790650500e+03
50 0.090909091 4.473757764200e+03
50 0.15151515 4.465759596900e+03
50 0.21212121 4.453809776700e+03
50 0.27272727 4.437940802100e+03
50 0.33333333 4.418188584200e+03
50 0.39393939 4.394596124100e+03
50 0.45454545 4.367221957000e+03
50 0.51515152 4.336108720500e+03
50 0.57575758 4.301280800900e+03
50 0.63636364 4.262810860200e+03
50 0.6969697 4.220631684600e+03
50 0.75757576 4.174793899300e+03
50 0.81818182 4.125890091400e+03
50 0.87878788 4.073691240600e+03
50 0.93939394 4.018137775700e+03
50 1 3.959585731500e+03
50 1.0606061 3.897915878000e+03
50 1.1212121 3.833329482700e+03
50 1.1818182 3.765814282700e+03
50 1.2424242 3.695465492600e+03
50 1.3030303 3.622609477200e+03
50 1.3636364 3.546803174800e+03
50 1.4242424 3.468422002800e+03
50 1.4848485 3.388319275600e+03
50 1.5454545 3.306205254000e+03
50 1.6060606 3.221747604200e+03
50 1.6666667 3.135505056400e+03
50 1.7272727 3.047592249100e+03
50 1.7878788 2.958021387500e+03
50 1.8484848 2.867051846800e+03
50 1.9090909 2.774948843800e+03
50 1.969697 2.681731507200e+03
50 2.030303 2.587608828500e+03
50 2.0909091 2.492947907900e+03
50 2.1515152 2.397650423700e+03
50 2.2121212 2.302008668400e+03
50 2.2727273 2.206360835300e+03
50 2.3333333 2.110747727200e+03
50 2.3939394 2.015354255000e+03
50 2.4545455 1.920490080500e+03
50 2.5151515 1.826320308800e+03
50 2.5757576 1.733046400500e+03
50 2.6363636 1.640884698900e+03
50 2.6969697 1.550040483900e+03
50 2.7575758 1.460716620800e+03
50 2.8181818 1.373113574500e+03
50 2.8787879 1.287428392300e+03
50 2.9393939 1.203890964500e+03
50 3 1.122587299200e+03
