flavor,mass_GeV,channel,production_weight_fraction,accepted_peak_fraction
Ue,0.2,Bmeson,7.529493343263457e-05,0.0015622246235951298
Ue,0.2,Dmeson,0.0005587283600661961,0.004580335434763416
Ue,0.2,Bc,1.0467551456434276e-07,1.8669033799440245e-06
Ue,0.2,tau,3.3272382203310576e-08,2.8152485698312005e-07
Ue,0.2,induced_tau,5.555508955432452e-06,5.695373959993039e-05
Ue,0.2,Kmeson,0.9993602190505986,0.9937977961748569
Ue,0.2,WZ,6.419905033357513e-08,5.415989478346763e-07
Ue,0.215,Bmeson,6.801563927199976e-05,0.0014358595931083713
Ue,0.215,Dmeson,0.0004896331262837207,0.0035541063881725054
Ue,0.215,Bc,9.606892744374096e-08,1.6635789917028137e-06
Ue,0.215,tau,2.996050115059153e-08,2.799018540543475e-07
Ue,0.215,induced_tau,5.039098060473325e-06,6.113761456024577e-05
Ue,0.215,Kmeson,0.999437126823816,0.9949463449710714
Ue,0.215,WZ,5.928313932275808e-08,6.079522416950381e-07
Ue,0.23,Bmeson,6.541537695147098e-05,0.0016507615203091885
Ue,0.23,Dmeson,0.00045711879239647933,0.0038702615436376755
Ue,0.23,Bc,8.789735027887524e-08,1.8056160564718324e-06
Ue,0.23,tau,2.8055300277988155e-08,3.33657936276066e-07
Ue,0.23,induced_tau,4.646506910609452e-06,4.3487808364016e-05
Ue,0.23,Kmeson,0.9994726477626875,0.9944324670652953
Ue,0.23,WZ,5.5608403320620675e-08,8.827884010655195e-07
Ue,0.245,Bmeson,6.173280064377113e-05,0.0014807894281918656
Ue,0.245,Dmeson,0.0004393837800196455,0.0039667308084794664
Ue,0.245,Bc,8.194786961156569e-08,1.4405474356133584e-06
Ue,0.245,tau,2.654201384733489e-08,3.2060034947416523e-07
Ue,0.245,induced_tau,4.397633275171775e-06,3.458969282281153e-05
Ue,0.245,Kmeson,0.9994943243116144,0.9945150045648087
Ue,0.245,WZ,5.2984563578725756e-08,1.1243579121568624e-06
Ue,0.26,Bmeson,5.9219022563672695e-05,0.0016871326575938986
Ue,0.26,Dmeson,0.0004165557039667254,0.004203353541253995
Ue,0.26,Bc,8.02457889448192e-08,1.7859915494699263e-06
Ue,0.26,tau,2.475517366198055e-08,4.418651060329378e-07
Ue,0.26,induced_tau,3.995951427890675e-06,5.079570007468985e-05
Ue,0.26,Kmeson,0.999520073079107,0.9940550164865333
Ue,0.26,WZ,5.1241972088049393e-08,1.4737578885986125e-06
Ue,0.275,Bmeson,5.7055991865332734e-05,0.0014457678700615794
Ue,0.275,Dmeson,0.00040459033732218974,0.0030616154744607244
Ue,0.275,Bc,7.775454929879068e-08,1.4042326808845483e-06
Ue,0.275,tau,2.4765683809419337e-08,3.7949710594138057e-07
Ue,0.275,induced_tau,3.982698296009192e-06,2.9365016376984117e-05
Ue,0.275,Kmeson,0.9995342181221726,0.9954599818810479
Ue,0.275,WZ,5.0330110814988e-08,1.4860282659422087e-06
Ue,0.29,Bmeson,5.814962211274854e-05,0.0015154535749089147
Ue,0.29,Dmeson,0.00039502322488701606,0.0036993387047153585
Ue,0.29,Bc,7.650044052356893e-08,1.7467359240425575e-06
Ue,0.29,tau,2.339221267384126e-08,3.4315107520379346e-07
Ue,0.29,induced_tau,3.861436345362053e-06,3.711822991068435e-05
Ue,0.29,Kmeson,0.9995428155957128,0.9947447605084475
Ue,0.29,WZ,5.022828878276353e-08,1.2390950183030405e-06
Ue,0.305,Bmeson,5.827925443730896e-05,0.0013412071438093855
Ue,0.305,Dmeson,0.0004016589982907655,0.003234194435871985
Ue,0.305,Bc,7.718466692922731e-08,1.3321629219036897e-06
Ue,0.305,tau,2.42665522102269e-08,3.314001166607628e-07
Ue,0.305,induced_tau,3.880999631781507e-06,3.252707320689983e-05
Ue,0.305,Kmeson,0.9995360283258962,0.9953891906917579
Ue,0.305,WZ,5.097052483598114e-08,1.2170923153561612e-06
Ue,0.32,Bmeson,6.0768846885444054e-05,0.0016756468919116479
Ue,0.32,Dmeson,0.00040061170762219466,0.003953231906030122
Ue,0.32,Bc,7.832778975972497e-08,1.624900649360038e-06
Ue,0.32,tau,2.3924141709189196e-08,3.882941116081695e-07
Ue,0.32,induced_tau,3.9464969711322e-06,4.307701025680549e-05
Ue,0.32,Kmeson,0.9995345180306167,0.9943244989698615
Ue,0.32,WZ,5.266597297382547e-08,1.5320271787887262e-06
Ue,0.335,Bmeson,6.254652611553113e-05,0.0016528572150297412
Ue,0.335,Dmeson,0.0004171252078210889,0.00396968852107737
Ue,0.335,Bc,8.188327812808452e-08,1.4582854590137539e-06
Ue,0.335,tau,2.4138718917908818e-08,3.82119746713175e-07
Ue,0.335,induced_tau,4.069206155270871e-06,5.3807811430717365e-05
Ue,0.335,Kmeson,0.9995160975267341,0.9943203620834323
Ue,0.335,WZ,5.551117694495094e-08,1.4439638242016243e-06
Ue,0.35,Bmeson,6.789804512121545e-05,0.0015396685441388498
Ue,0.35,Dmeson,0.00044939327793862776,0.003846667298551254
Ue,0.35,Bc,8.681071864756793e-08,1.3870131777797487e-06
Ue,0.35,tau,2.5736529011521494e-08,3.6404239556313273e-07
Ue,0.35,induced_tau,4.16319794018114e-06,5.190999076994495e-05
Ue,0.35,Kmeson,0.9994783730900118,0.9945585129487853
Ue,0.35,WZ,5.984174052669468e-08,1.4901621813870387e-06
Ue,0.365,Bmeson,7.388980727331731e-05,0.0013392437110143172
Ue,0.365,Dmeson,0.0004826824077520493,0.003388857537251224
Ue,0.365,Bc,9.756796104165435e-08,1.5264865347480497e-06
Ue,0.365,tau,2.773805179123092e-08,3.042136833912789e-07
Ue,0.365,induced_tau,4.547652813828305e-06,2.017564981067677e-05
Ue,0.365,Kmeson,0.9994386886047123,0.995248603808135
Ue,0.365,WZ,6.622143575234877e-08,1.2885935706524299e-06
Ue,0.38,Bmeson,8.465618274581941e-05,0.0015199762336197307
Ue,0.38,Dmeson,0.0005299130749991421,0.003629283668518346
Ue,0.38,Bc,1.0365655552020944e-07,1.4743500681035097e-06
Ue,0.38,tau,3.177713655097027e-08,2.888886614134889e-07
Ue,0.38,induced_tau,5.307165406780812e-06,4.436687394925034e-05
Ue,0.38,Kmeson,0.9993799125283338,0.9948033470944937
Ue,0.38,WZ,7.561482236465084e-08,1.2628906893972246e-06
Ue,0.395,Bmeson,9.971192563934418e-05,0.0017606383189671356
Ue,0.395,Dmeson,0.0006338601413957864,0.004168365191410841
Ue,0.395,Bc,1.257059924698975e-07,1.6243885431632458e-06
Ue,0.395,tau,3.4304107140877274e-08,3.3661628933091284e-07
Ue,0.395,induced_tau,6.088332854486157e-06,2.37088348482318e-05
Ue,0.395,Kmeson,0.9992600898355952,0.9940438231743601
Ue,0.395,WZ,8.975441573226794e-08,1.5034755811603214e-06
Ue,0.41,Bmeson,0.00012641807406326325,0.0020268599861193565
Ue,0.41,Dmeson,0.0007907778041217853,0.0055844391280660145
Ue,0.41,Bc,1.5347779570771132e-07,1.9470212040310154e-06
Ue,0.41,tau,4.257517791669331e-08,4.281010233065426e-07
Ue,0.41,induced_tau,7.056320815340239e-06,3.6367222845218935e-05
Ue,0.41,Kmeson,0.9990754397308789,0.9923480221794714
Ue,0.41,WZ,1.120171470869696e-07,1.9363612706653623e-06
Ue,0.425,Bmeson,0.00016617849066625392,0.002456179354234445
Ue,0.425,Dmeson,0.00100783391490117,0.0072708323597644765
Ue,0.425,Bc,2.0529329962446134e-07,2.7469606881474403e-06
Ue,0.425,tau,5.700874113473861e-08,4.928076023905835e-07
Ue,0.425,induced_tau,9.046818261164964e-06,5.064667946042356e-05
Ue,0.425,Kmeson,0.9988165287631899,0.9902168914446153
Ue,0.425,WZ,1.4971094069998708e-07,2.210393634760421e-06
Ue,0.44,Bmeson,0.00024170734213201653,0.0033249504493003765
Ue,0.44,Dmeson,0.0014745952652177295,0.008791776364228645
Ue,0.44,Bc,2.931042670038517e-07,3.011091952724204e-06
Ue,0.44,tau,7.874969320118133e-08,6.886781048875213e-07
Ue,0.44,induced_tau,1.3782627201254232e-05,8.671021479939512e-05
Ue,0.44,Kmeson,0.9982693216667871,0.9877897061816706
Ue,0.44,WZ,2.2124470173035333e-07,3.157019943249389e-06
Ue,0.455,Bmeson,0.0004248312450853193,0.004913186705285911
Ue,0.455,Dmeson,0.0025622893901756953,0.012125100807327779
Ue,0.455,Bc,5.125537528279537e-07,5.625372213931222e-06
Ue,0.455,tau,1.3330861204819587e-07,9.874203602335007e-07
Ue,0.455,induced_tau,2.208995751166661e-05,0.00013943916660108226
Ue,0.455,Kmeson,0.996989758030998,0.9828107319490493
Ue,0.455,WZ,3.8551386438333985e-07,4.92857916179798e-06
Ue,0.47,Bmeson,0.0010212443421330636,0.011068438424431499
Ue,0.47,Dmeson,0.00598879613552897,0.03472497549905932
Ue,0.47,Bc,1.2047184055594937e-06,1.2289761982746711e-05
Ue,0.47,tau,3.1496798354607506e-07,2.2153037129027653e-06
Ue,0.47,induced_tau,5.294617548876327e-05,0.00033982040919861153
Ue,0.47,Kmeson,0.9929345630227809,0.953840643243167
Ue,0.47,WZ,9.30637679316786e-07,1.1617358447929225e-05
Ue,0.485,Bmeson,0.006566068526950673,0.05359157824351355
Ue,0.485,Dmeson,0.03934721008052424,0.17708038308025092
Ue,0.485,Bc,7.584132906112335e-06,5.894948557401161e-05
Ue,0.485,tau,2.004741365159614e-06,1.1380810472955065e-05
Ue,0.485,induced_tau,0.00032884983646350435,0.001442585274019897
Ue,0.485,Kmeson,0.9537422135289697,0.7677558459990974
Ue,0.485,WZ,6.069152820669451e-06,5.927710707126781e-05
Ue,0.5,Bmeson,0.14678753062322736,0.2607982761291146
Ue,0.5,Dmeson,0.8458054816055341,0.7316652772846818
Ue,0.5,Bc,0.00017405624309375686,0.00027452519127098133
Ue,0.5,tau,4.389496207567559e-05,6.46213705504394e-05
Ue,0.5,induced_tau,0.007052192647347313,0.0067747303404833556
Ue,0.5,Kmeson,0.0,0.0
Ue,0.5,WZ,0.00013684391872173767,0.00042256968389881825
Ue,0.525,Bmeson,0.14896691399798925,0.24007010936722717
Ue,0.525,Dmeson,0.8436101228589452,0.7530992029892626
Ue,0.525,Bc,0.0001679682547258748,0.00023932305133232722
Ue,0.525,tau,4.2627981177911804e-05,5.947327530009068e-05
Ue,0.525,induced_tau,0.007073374150956234,0.006105913894078917
Ue,0.525,Kmeson,0.0,0.0
Ue,0.525,WZ,0.0001389927562053841,0.0004259774227990367
Ue,0.55,Bmeson,0.1512650960842586,0.2595740334793636
Ue,0.55,Dmeson,0.8416311885632575,0.7353103350193303
Ue,0.55,Bc,0.0001730775987196693,0.00026756882440808795
Ue,0.55,tau,4.1172554171479544e-05,5.5188316128279764e-05
Ue,0.55,induced_tau,0.006745987037598832,0.004380537953872461
Ue,0.55,Kmeson,0.0,0.0
Ue,0.55,WZ,0.0001434781619940072,0.0004123364068973074
Ue,0.575,Bmeson,0.15338290663397486,0.27666175659306613
Ue,0.575,Dmeson,0.839705865398741,0.71250711216645
Ue,0.575,Bc,0.00017500318237474778,0.0003153102655028018
Ue,0.575,tau,3.77396750990744e-05,6.007449322827492e-05
Ue,0.575,induced_tau,0.006552916664366488,0.009939978617281449
Ue,0.575,Kmeson,0.0,0.0
Ue,0.575,WZ,0.00014556844544367988,0.0005157678644712821
Ue,0.6,Bmeson,0.15210804999980723,0.23387151284889468
Ue,0.6,Dmeson,0.8415290317367147,0.7601126714365765
Ue,0.6,Bc,0.00016977059715392518,0.00022715870863825795
Ue,0.6,tau,3.740242645886181e-05,4.458598076978839e-05
Ue,0.6,induced_tau,0.006009143602144459,0.005336108551963808
Ue,0.6,Kmeson,0.0,0.0
Ue,0.6,WZ,0.00014660163772094723,0.0004079624731569864
Ue,0.625,Bmeson,0.15166660305939839,0.24237786730040736
Ue,0.625,Dmeson,0.8421127788635776,0.7525351314479688
Ue,0.625,Bc,0.00017217791459024043,0.0002523035397510616
Ue,0.625,tau,3.60693891371551e-05,4.19726338519631e-05
Ue,0.625,induced_tau,0.005861252905672178,0.004406872129687846
Ue,0.625,Kmeson,0.0,0.0
Ue,0.625,WZ,0.00015111786762438047,0.0003858529483330328
Ue,0.65,Bmeson,0.15590652783913134,0.2454281737597895
Ue,0.65,Dmeson,0.8380735108775844,0.7482521956922664
Ue,0.65,Bc,0.0001760131604449969,0.0002930629606364249
Ue,0.65,tau,3.4186074955673756e-05,4.0198801533588684e-05
Ue,0.65,induced_tau,0.005654670567763514,0.005619095973686512
Ue,0.65,Kmeson,0.0,0.0
Ue,0.65,WZ,0.00015509148012002877,0.00036727281208746404
Ue,0.675,Bmeson,0.15536393900048584,0.21956101796841154
Ue,0.675,Dmeson,0.8390022349363806,0.775575638173863
Ue,0.675,Bc,0.00017719535585897998,0.00025292873825786107
Ue,0.675,tau,3.126594481256684e-05,3.334677314444967e-05
Ue,0.675,induced_tau,0.005267651752235243,0.0041980508537041465
Ue,0.675,Kmeson,0.0,0.0
Ue,0.675,WZ,0.0001577130102267645,0.0003790174926190731
Ue,0.7,Bmeson,0.15834695148615943,0.24309600854336788
Ue,0.7,Dmeson,0.8363177084677141,0.7518353244723106
Ue,0.7,Bc,0.0001786084687270185,0.0002919012526609862
Ue,0.7,tau,3.0722690211139566e-05,3.4730188815651436e-05
Ue,0.7,induced_tau,0.0049647361771314015,0.004375931257637947
Ue,0.7,Kmeson,0.0,0.0
Ue,0.7,WZ,0.00016127271005675632,0.0003661042852069746
Ue,0.725,Bmeson,0.15886097425653012,0.2410428598829648
Ue,0.725,Dmeson,0.8361255843730564,0.7547112281704599
Ue,0.725,Bc,0.0001756103018306978,0.0002701484276098601
Ue,0.725,tau,2.8302875757978764e-05,2.9178814421919055e-05
Ue,0.725,induced_tau,0.004647044336762246,0.003585489681510548
Ue,0.725,Kmeson,0.0,0.0
Ue,0.725,WZ,0.00016248385606250118,0.00036109502303300196
Ue,0.75,Bmeson,0.1593486778952746,0.1782164467303257
Ue,0.75,Dmeson,0.8358416756285936,0.8182591000548762
Ue,0.75,Bc,0.00017681637672480613,0.0002269987003886739
Ue,0.75,tau,2.5462996371456306e-05,2.4837353803203887e-05
Ue,0.75,induced_tau,0.0044420613488834115,0.0029439503060248095
Ue,0.75,Kmeson,0.0,0.0
Ue,0.75,WZ,0.0001653057541518882,0.0003286668545811656
Ue,0.775,Bmeson,0.15658938704237785,0.1976248522897779
Ue,0.775,Dmeson,0.838931080474243,0.7989195348551023
Ue,0.775,Bc,0.00018204095691739977,0.00022848077299596743
Ue,0.775,tau,2.4717882212441298e-05,2.4737661231150252e-05
Ue,0.775,induced_tau,0.004102917217940372,0.0028438989198520254
Ue,0.775,Kmeson,0.0,0.0
Ue,0.775,WZ,0.00016985642630903595,0.0003584955010408229
Ue,0.8,Bmeson,0.1565722287241284,0.2203821927890736
Ue,0.8,Dmeson,0.839310741836065,0.7758997707248326
Ue,0.8,Bc,0.00018134011823107198,0.0002591376646013514
Ue,0.8,tau,2.2837986329358688e-05,2.280231171508305e-05
Ue,0.8,induced_tau,0.003742284126379816,0.0030937663736445363
Ue,0.8,Kmeson,0.0,0.0
Ue,0.8,WZ,0.00017056720886645134,0.00034233013613306734
Ue,0.825,Bmeson,0.15491184474177433,0.20016601396096095
Ue,0.825,Dmeson,0.841386485444387,0.7966663643757385
Ue,0.825,Bc,0.00018087566661477577,0.00022990081001221462
Ue,0.825,tau,2.0985214109155732e-05,2.014926853470444e-05
Ue,0.825,induced_tau,0.0033273878276148514,0.0025832870032940092
Ue,0.825,Kmeson,0.0,0.0
Ue,0.825,WZ,0.00017242110549988226,0.0003342845814596156
Ue,0.85,Bmeson,0.15667686833465433,0.1998070078681637
Ue,0.85,Dmeson,0.8397255710563322,0.7964778105780645
Ue,0.85,Bc,0.00018432569307883157,0.000254392375973968
Ue,0.85,tau,1.894190288981887e-05,1.9115532919584027e-05
Ue,0.85,induced_tau,0.003220014081477771,0.0030656375170650587
Ue,0.85,Kmeson,0.0,0.0
Ue,0.85,WZ,0.00017427893156698784,0.0003760361278131485
Ue,0.875,Bmeson,0.15636428710962533,0.19299661670078697
Ue,0.875,Dmeson,0.8404169971145045,0.8038842845918399
Ue,0.875,Bc,0.0001840453129058878,0.0002477267923054017
Ue,0.875,tau,1.738895274687473e-05,1.603956216018568e-05
Ue,0.875,induced_tau,0.002841689571539632,0.002512671977824774
Ue,0.875,Kmeson,0.0,0.0
Ue,0.875,WZ,0.00017559193867784078,0.000342660375082861
Ue,0.9,Bmeson,0.1537934770779681,0.18609045468606017
Ue,0.9,Dmeson,0.8432037514009717,0.8111531413328648
Ue,0.9,Bc,0.00018605433988993616,0.0002452216094898114
Ue,0.9,tau,1.603558285370282e-05,1.3333375854830023e-05
Ue,0.9,induced_tau,0.002622294567173907,0.002201635684645819
Ue,0.9,Kmeson,0.0,0.0
Ue,0.9,WZ,0.00017838703114263463,0.0002962133110845269
Ue,0.925,Bmeson,0.1555437109620903,0.16594386623458957
Ue,0.925,Dmeson,0.8417680367173251,0.8321466506979808
Ue,0.925,Bc,0.00018700499100344613,0.0002450281331200878
Ue,0.925,tau,1.3833227362601896e-05,1.0818532637842971e-05
Ue,0.925,induced_tau,0.002307372637463673,0.001373608274064769
Ue,0.925,Kmeson,0.0,0.0
Ue,0.925,WZ,0.00018004146475505704,0.0002800281276071455
Ue,0.95,Bmeson,0.1512055760238826,0.1792582061946194
Ue,0.95,Dmeson,0.8462767675679183,0.8182165221131822
Ue,0.95,Bc,0.00018685487009570718,0.00026585830221516706
Ue,0.95,tau,1.2772931529293112e-05,1.135329479688192e-05
Ue,0.95,induced_tau,0.002135313279389766,0.0019050884048179577
Ue,0.95,Kmeson,0.0,0.0
Ue,0.95,WZ,0.0001827153271843601,0.0003429716903682598
Ue,0.975,Bmeson,0.15042943393980032,0.18922630130223667
Ue,0.975,Dmeson,0.8473027701419624,0.8088746543642835
Ue,0.975,Bc,0.0001852858597787193,0.00024121149716545964
Ue,0.975,tau,1.1228896883041584e-05,1.012088219829984e-05
Ue,0.975,induced_tau,0.0018879077934701547,0.0013040305611658502
Ue,0.975,Kmeson,0.0,0.0
Ue,0.975,WZ,0.00018337336810539664,0.00034368139295020415
Ue,1.0,Bmeson,0.15082323891175725,0.16103970837713621
Ue,1.0,Dmeson,0.8471690105547925,0.8373240878284074
Ue,1.0,Bc,0.0001897353369078074,0.000257615659668329
Ue,1.0,tau,1.0023867612623923e-05,8.34324627844656e-06
Ue,1.0,induced_tau,0.0016225941090835265,0.0010101959368760786
Ue,1.0,Kmeson,0.0,0.0
Ue,1.0,WZ,0.00018539721984624417,0.0003600489516334601
Ue,1.025,Bmeson,0.14722853017224752,0.1493713024274633
Ue,1.025,Dmeson,0.8509095678158043,0.8490174377484518
Ue,1.025,Bc,0.0001924994655390259,0.0002539819997625368
Ue,1.025,tau,9.005364214701576e-06,6.846154337070121e-06
Ue,1.025,induced_tau,0.0014728247106586584,0.0010717715793846306
Ue,1.025,Kmeson,0.0,0.0
Ue,1.025,WZ,0.00018757247153574928,0.00027866009060067054
Ue,1.05,Bmeson,0.1439959811507183,0.14635465959721933
Ue,1.05,Dmeson,0.8543869814527888,0.8519746881425794
Ue,1.05,Bc,0.00018630129108144924,0.0002745704907742477
Ue,1.05,tau,7.912088760959748e-06,5.456103315902747e-06
Ue,1.05,induced_tau,0.001233107273057134,0.0011437675518425996
Ue,1.05,Kmeson,0.0,0.0
Ue,1.05,WZ,0.0001897167435932674,0.00024685811426837767
Ue,1.075,Bmeson,0.14700650793579467,0.1790964364344444
Ue,1.075,Dmeson,0.8514823072086145,0.8193175939508491
Ue,1.075,Bc,0.00019079682066264046,0.00026710188478395254
Ue,1.075,tau,6.998914445858898e-06,6.064681841767824e-06
Ue,1.075,induced_tau,0.001121776545920106,0.0009749293206585353
Ue,1.075,Kmeson,0.0,0.0
Ue,1.075,WZ,0.0001916125745621424,0.0003378737274221729
Ue,1.1,Bmeson,0.1447417569007658,0.12919591339387096
Ue,1.1,Dmeson,0.8539059218350191,0.8694917080238452
Ue,1.1,Bc,0.00019154998481986862,0.00023578091318819975
Ue,1.1,tau,5.9579525609957425e-06,3.934826300498226e-06
Ue,1.1,induced_tau,0.0009603565764438898,0.0008092865200303859
Ue,1.1,Kmeson,0.0,0.0
Ue,1.1,WZ,0.00019445675039024936,0.0002633763227647363
Ue,1.125,Bmeson,0.14288043790141258,0.21104711055151912
Ue,1.125,Dmeson,0.855876385006488,0.7870192013526303
Ue,1.125,Bc,0.00019458800029019367,0.00039592569449384615
Ue,1.125,tau,5.198785938811989e-06,5.506661604455819e-06
Ue,1.125,induced_tau,0.0008462506562674707,0.0010873739135690147
Ue,1.125,Kmeson,0.0,0.0
Ue,1.125,WZ,0.00019713964960283746,0.00044488182618352583
Ue,1.15,Bmeson,0.14129543778711437,0.14513368096485657
Ue,1.15,Dmeson,0.8575688321355495,0.8537709782881111
Ue,1.15,Bc,0.00019695879876052838,0.0002331525548459926
Ue,1.15,tau,4.357739055723118e-06,3.1545313309674806e-06
Ue,1.15,induced_tau,0.0007346193607101889,0.0005659323613218869
Ue,1.15,Kmeson,0.0,0.0
Ue,1.15,WZ,0.00019979417880980983,0.00029310129953341645
Ue,1.175,Bmeson,0.1392775032775132,0.1406689083520735
Ue,1.175,Dmeson,0.8596912564679604,0.8580602342979603
Ue,1.175,Bc,0.00019932949771748253,0.000245155577782642
Ue,1.175,tau,3.7864721097458036e-06,2.3937467981790532e-06
Ue,1.175,induced_tau,0.0006247411577568844,0.0007676565793301686
Ue,1.175,Kmeson,0.0,0.0
Ue,1.175,WZ,0.00020338312694244355,0.00025565144605508574
Ue,1.2,Bmeson,0.13865473231143044,0.1377590842930691
Ue,1.2,Dmeson,0.8604175366819398,0.8612685465659466
Ue,1.2,Bc,0.00020027722796017397,0.0002613595747378262
Ue,1.2,tau,3.168642112237655e-06,2.3484359356621005e-06
Ue,1.2,induced_tau,0.000517817001788971,0.00041063985559705314
Ue,1.2,Kmeson,0.0,0.0
Ue,1.2,WZ,0.00020646813476855327,0.00029802127471378653
Ue,1.225,Bmeson,0.13623680673959163,0.17212462567993905
Ue,1.225,Dmeson,0.8629061911222928,0.8267348310018064
Ue,1.225,Bc,0.00020123136056674734,0.00030043559646553993
Ue,1.225,tau,2.675796447339276e-06,2.2985589026859803e-06
Ue,1.225,induced_tau,0.00044260396198726135,0.00048138889951010867
Ue,1.225,Kmeson,0.0,0.0
Ue,1.225,WZ,0.0002104910191142611,0.00035642026337620554
Ue,1.25,Bmeson,0.1368510958676165,0.1616556357957715
Ue,1.25,Dmeson,0.8623672889128621,0.8372920277678636
Ue,1.25,Bc,0.0002096758591472957,0.0003111524363079748
Ue,1.25,tau,2.3203129760750146e-06,1.860059761482065e-06
Ue,1.25,induced_tau,0.0003549472522103308,0.0003942561451833633
Ue,1.25,Kmeson,0.0,0.0
Ue,1.25,WZ,0.00021467179518791613,0.0003450677951120823
Ue,1.275,Bmeson,0.13625668961238266,0.12564816535938358
Ue,1.275,Dmeson,0.8630198894303903,0.8735131297208046
Ue,1.275,Bc,0.00021424338078250037,0.0002813538247906188
Ue,1.275,tau,1.9045019292045018e-06,1.2524795672997865e-06
Ue,1.275,induced_tau,0.00028769940432180286,0.0002697203749423963
Ue,1.275,Kmeson,0.0,0.0
Ue,1.275,WZ,0.00021957367019349882,0.0002863782405114291
Ue,1.3,Bmeson,0.137037429061552,0.13172954115056482
Ue,1.3,Dmeson,0.8622754358616747,0.8674243134475438
Ue,1.3,Bc,0.00022035002946796565,0.00027754663741097105
Ue,1.3,tau,1.4807447842283994e-06,9.951396951935444e-07
Ue,1.3,induced_tau,0.0002405102962296791,0.00027941219465855136
Ue,1.3,Kmeson,0.0,0.0
Ue,1.3,WZ,0.0002247940062914833,0.0002881914301266837
Ue,1.325,Bmeson,0.13459331589009288,0.14823955471858233
Ue,1.325,Dmeson,0.8647492681337943,0.8508839624236403
Ue,1.325,Bc,0.00022649649728912247,0.0003098803097458246
Ue,1.325,tau,1.2067973076547468e-06,8.371476509659222e-07
Ue,1.325,induced_tau,0.0001983056495419675,0.00024348451232668132
Ue,1.325,Kmeson,0.0,0.0
Ue,1.325,WZ,0.0002314070319739984,0.0003222808880540297
Ue,1.35,Bmeson,0.13310574232781405,0.130756502093116
Ue,1.35,Dmeson,0.8662658538622484,0.868340204423477
Ue,1.35,Bc,0.00023183566147847882,0.00033249936747227276
Ue,1.35,tau,9.418536767745985e-07,7.485475977111712e-07
Ue,1.35,induced_tau,0.0001564100284166244,0.00016656670441031425
Ue,1.35,Kmeson,0.0,0.0
Ue,1.35,WZ,0.00023921626636560676,0.00040347886392654735
Ue,1.375,Bmeson,0.13699187206673488,0.13535613738473776
Ue,1.375,Dmeson,0.8623981472344251,0.8637017444422838
Ue,1.375,Bc,0.00023952487929298764,0.00036636731116447194
Ue,1.375,tau,7.376683885727376e-07,5.702452949128963e-07
Ue,1.375,induced_tau,0.00012310812085404823,0.00016005588814981797
Ue,1.375,Kmeson,0.0,0.0
Ue,1.375,WZ,0.0002466100303045884,0.0004151247283693
Ue,1.4,Bmeson,0.13811231283677233,0.1421516907784857
Ue,1.4,Dmeson,0.8612922712130477,0.8571233994512276
Ue,1.4,Bc,0.00024662609531959044,0.0003245259629705386
Ue,1.4,tau,5.836411554645996e-07,3.5380211229967755e-07
Ue,1.4,induced_tau,9.20834927430597e-05,0.00010177685308270827
Ue,1.4,Kmeson,0.0,0.0
Ue,1.4,WZ,0.0002561227209618279,0.00029825315212138304
Ue,1.425,Bmeson,0.1385365826277963,0.1455144469365568
Ue,1.425,Dmeson,0.8608661661520667,0.8536022804284779
Ue,1.425,Bc,0.00025663419386949044,0.00034029926112091625
Ue,1.425,tau,4.3883739657167086e-07,3.340367887951348e-07
Ue,1.425,induced_tau,7.26960845488055e-05,8.658560228021142e-05
Ue,1.425,Kmeson,0.0,0.0
Ue,1.425,WZ,0.0002674821043220496,0.00045605373477536376
Ue,1.45,Bmeson,0.14165951493689324,0.14553384421378596
Ue,1.45,Dmeson,0.8577355417017715,0.8536888963693811
Ue,1.45,Bc,0.00027152447580080244,0.0003683223341705257
Ue,1.45,tau,3.2987127217844547e-07,2.1448803215287022e-07
Ue,1.45,induced_tau,5.3167984924507926e-05,5.25672941502914e-05
Ue,1.45,Kmeson,0.0,0.0
Ue,1.45,WZ,0.0002799210293378595,0.00035615530047992944
Ue,1.475,Bmeson,0.14520931493882883,0.1539099616751504
Ue,1.475,Dmeson,0.8541731711063731,0.8452621884756263
Ue,1.475,Bc,0.0002834194459162332,0.00039918005308041085
Ue,1.475,tau,2.321663860628779e-07,1.5680144487547464e-07
Ue,1.475,induced_tau,3.940365949412898e-05,4.368112186152489e-05
Ue,1.475,Kmeson,0.0,0.0
Ue,1.475,WZ,0.00029445868300164075,0.00038483187283650563
Ue,1.5,Bmeson,0.1495003450201271,0.14141163952599248
Ue,1.5,Dmeson,0.8498582444584275,0.8577699508536942
Ue,1.5,Bc,0.0003037210465463441,0.00036953678490498536
Ue,1.5,tau,1.6915229183601586e-07,1.1083162209924734e-07
Ue,1.5,induced_tau,2.6336726212033342e-05,2.5195293187503486e-05
Ue,1.5,Kmeson,0.0,0.0
Ue,1.5,WZ,0.00031118359639509925,0.00042356671059874435
Ue,1.525,Bmeson,0.15156656963531132,0.1462122453139583
Ue,1.525,Dmeson,0.8477613714959228,0.8528507849118835
Ue,1.525,Bc,0.00032182282389548535,0.0004555118323772253
Ue,1.525,tau,1.1327278814517153e-07,7.864130556705067e-08
Ue,1.525,induced_tau,1.808663593360499e-05,2.5537242317840296e-05
Ue,1.525,Kmeson,0.0,0.0
Ue,1.525,WZ,0.0003320361361484867,0.00045584205815759634
Ue,1.55,Bmeson,0.1559850241337323,0.16156424438305403
Ue,1.55,Dmeson,0.8433013493337824,0.8373608115534268
Ue,1.55,Bc,0.00034573855413788223,0.00048752391832883356
Ue,1.55,tau,7.151601990223128e-08,5.159672663257744e-08
Ue,1.55,induced_tau,1.2010599953408107e-05,1.6382131580080568e-05
Ue,1.55,Kmeson,0.0,0.0
Ue,1.55,WZ,0.0003558058623741048,0.0005709864168835164
Ue,1.575,Bmeson,0.16648815160490024,0.1311730190599326
Ue,1.575,Dmeson,0.8327537757929835,0.8678524765079738
Ue,1.575,Bc,0.00036913817584566976,0.00046756560535442335
Ue,1.575,tau,4.446552024534454e-08,2.738207835337573e-08
Ue,1.575,induced_tau,7.318840872070159e-06,8.276139752877937e-06
Ue,1.575,Kmeson,0.0,0.0
Ue,1.575,WZ,0.0003815711198782054,0.0004986353049079271
Ue,1.6,Bmeson,0.17096606123944114,0.17139488538517436
Ue,1.6,Dmeson,0.8282093242042077,0.827385576322113
Ue,1.6,Bc,0.0004044470141543405,0.000532271378760714
Ue,1.6,tau,2.5722006522833107e-08,1.8336184140670542e-08
Ue,1.6,induced_tau,4.241951845091556e-06,5.132401431986488e-06
Ue,1.6,Kmeson,0.0,0.0
Ue,1.6,WZ,0.00041589986834532453,0.000682116176335894
Ue,1.625,Bmeson,0.1813678950524703,0.16169020893603803
Ue,1.625,Dmeson,0.8177300050160781,0.837163234303925
Ue,1.625,Bc,0.0004451519720130545,0.00057402919435337
Ue,1.625,tau,1.3024709846358022e-08,7.941672568086501e-09
Ue,1.625,induced_tau,2.2380248685232355e-06,2.7135864729796726e-06
Ue,1.625,Kmeson,0.0,0.0
Ue,1.625,WZ,0.00045469690986026784,0.0005698060375380567
Ue,1.65,Bmeson,0.19349726628504982,0.18539039377344743
Ue,1.65,Dmeson,0.8055104888984389,0.8132556247240594
Ue,1.65,Bc,0.0004893916858180114,0.0006626561071752273
Ue,1.65,tau,5.99902720175418e-09,3.7147077494345348e-09
Ue,1.65,induced_tau,1.0092487587378647e-06,1.1188278018681011e-06
Ue,1.65,Kmeson,0.0,0.0
Ue,1.65,WZ,0.0005018378829073597,0.0006902028528083551
Ue,1.675,Bmeson,0.2073709744161449,0.22812754730794207
Ue,1.675,Dmeson,0.7915186991746171,0.7701496545402322
Ue,1.675,Bc,0.0005498181486904616,0.000867684099326429
Ue,1.675,tau,2.293469123686265e-09,1.6584566424761048e-09
Ue,1.675,induced_tau,3.7939857886759187e-07,5.344259484410749e-07
Ue,1.675,Kmeson,0.0,0.0
Ue,1.675,WZ,0.0005601265684995503,0.0008545779680945272
Ue,1.7,Bmeson,0.22574111841483854,0.21641910926135696
Ue,1.7,Dmeson,0.7730063568700309,0.7817565933548114
Ue,1.7,Bc,0.0006210077374823833,0.0008738811243568491
Ue,1.7,tau,6.718644347812637e-10,4.424913229027305e-10
Ue,1.7,induced_tau,1.0901147863251509e-07,1.272421833923215e-07
Ue,1.7,Kmeson,0.0,0.0
Ue,1.7,WZ,0.0006314072943049701,0.0009502885747999564
Ue,1.725,Bmeson,0.24684424955476347,0.22498709983099555
Ue,1.725,Dmeson,0.7517247582540327,0.7730309997927024
Ue,1.725,Bc,0.0007084928693662601,0.0010021480295773484
Ue,1.725,tau,1.0783358042672804e-10,6.783553667272172e-11
Ue,1.725,induced_tau,1.7612312872684188e-08,2.0372193748166227e-08
Ue,1.725,Kmeson,0.0,0.0
Ue,1.725,WZ,0.0007224816016912481,0.0009797319066956432
Ue,1.75,Bmeson,0.27592328802515037,0.3008784408305516
Ue,1.75,Dmeson,0.7224079557151368,0.6962770804775879
Ue,1.75,Bc,0.000832588775437217,0.001324925382193047
Ue,1.75,tau,4.861798668522166e-12,3.8191286111093916e-12
Ue,1.75,induced_tau,7.825068075680477e-10,1.086590816246618e-09
Ue,1.75,Kmeson,0.0,0.0
Ue,1.75,WZ,0.0008361666969070769,0.0015195522192577354
Ue,1.775,Bmeson,0.3079208872506759,0.2776781243941518
Ue,1.775,Dmeson,0.6901139958938434,0.7188845023078801
Ue,1.775,Bc,0.0009751141261232097,0.00154386551290532
Ue,1.775,tau,7.959985310742713e-18,6.422004963808555e-18
Ue,1.775,induced_tau,1.2262042689844204e-15,1.6536370413372229e-15
Ue,1.775,Kmeson,0.0,0.0
Ue,1.775,WZ,0.0009900027293563538,0.001893507785061149
Ue,1.8,Bmeson,0.35681206520076747,0.33212567863072767
Ue,1.8,Dmeson,0.6408256397604774,0.6649434111847624
Ue,1.8,Bc,0.0011810019237086394,0.001454275080438145
Ue,1.8,tau,0.0,0.0
Ue,1.8,induced_tau,0.0,0.0
Ue,1.8,Kmeson,0.0,0.0
Ue,1.8,WZ,0.001181293115046498,0.0014766351040717334
Ue,1.825,Bmeson,0.4169879210778821,0.40253706529008637
Ue,1.825,Dmeson,0.5801166911863842,0.5930577427077973
Ue,1.825,Bc,0.0014556807862099082,0.002202448083649643
Ue,1.825,tau,0.0,0.0
Ue,1.825,induced_tau,0.0,0.0
Ue,1.825,Kmeson,0.0,0.0
Ue,1.825,WZ,0.001439706949523843,0.002202743918466493
Ue,1.85,Bmeson,0.49269133992600644,0.5026063504796868
Ue,1.85,Dmeson,0.5037155543019388,0.4921692252394716
Ue,1.85,Bc,0.001803428335659177,0.00260992513011351
Ue,1.85,tau,0.0,0.0
Ue,1.85,induced_tau,0.0,0.0
Ue,1.85,Kmeson,0.0,0.0
Ue,1.85,WZ,0.0017896774363955694,0.00261449915072801
Ue,1.875,Bmeson,0.5886800563191205,0.5645255898505699
Ue,1.875,Dmeson,0.40678414871711305,0.42881868294281916
Ue,1.875,Bc,0.002289341206226224,0.0031611054701753787
Ue,1.875,tau,0.0,0.0
Ue,1.875,induced_tau,0.0,0.0
Ue,1.875,Kmeson,0.0,0.0
Ue,1.875,WZ,0.0022464537575402187,0.0034946217364356233
Ue,1.9,Bmeson,0.7098154114425959,0.6673141033747908
Ue,1.9,Dmeson,0.28450055673509356,0.3242185525210735
Ue,1.9,Bc,0.002866768508099994,0.004318138681890319
Ue,1.9,tau,0.0,0.0
Ue,1.9,induced_tau,0.0,0.0
Ue,1.9,Kmeson,0.0,0.0
Ue,1.9,WZ,0.002817263314210461,0.0041492054222454595
Ue,1.925,Bmeson,0.8431522091176207,0.8338394557082845
Ue,1.925,Dmeson,0.14963645358444327,0.15516259536710422
Ue,1.925,Bc,0.003668598204553999,0.005232907738480259
Ue,1.925,tau,0.0,0.0
Ue,1.925,induced_tau,0.0,0.0
Ue,1.925,Kmeson,0.0,0.0
Ue,1.925,WZ,0.003542739093381898,0.005765041186130976
Ue,1.95,Bmeson,0.9600217408928025,0.9510910789599007
Ue,1.95,Dmeson,0.031783293769227595,0.03549616609691442
Ue,1.95,Bc,0.004153232503412916,0.0068781140391661
Ue,1.95,tau,0.0,0.0
Ue,1.95,induced_tau,0.0,0.0
Ue,1.95,Kmeson,0.0,0.0
Ue,1.95,WZ,0.004041732834557172,0.006534640904018659
Ue,1.975,Bmeson,0.9909157679596379,0.9869499386424299
Ue,1.975,Dmeson,0.0,0.0
Ue,1.975,Bc,0.004619141970509952,0.006556139531297237
Ue,1.975,tau,0.0,0.0
Ue,1.975,induced_tau,0.0,0.0
Ue,1.975,Kmeson,0.0,0.0
Ue,1.975,WZ,0.004465090069852257,0.006493921826272866
Ue,2.0,Bmeson,0.9902167188196611,0.9862522812903088
Ue,2.0,Dmeson,0.0,0.0
Ue,2.0,Bc,0.004997460838212742,0.006515782661007036
Ue,2.0,tau,0.0,0.0
Ue,2.0,induced_tau,0.0,0.0
Ue,2.0,Kmeson,0.0,0.0
Ue,2.0,WZ,0.004785820342126236,0.007231936048684193
Ue,2.2,Bmeson,0.9844558901245718,0.9738707790543301
Ue,2.2,Dmeson,0.0,0.0
Ue,2.2,Bc,0.008178744526065826,0.012778846765170616
Ue,2.2,tau,0.0,0.0
Ue,2.2,induced_tau,0.0,0.0
Ue,2.2,Kmeson,0.0,0.0
Ue,2.2,WZ,0.007365365349362365,0.013350374180499378
Ue,2.4,Bmeson,0.9710151589833584,0.9576577529597402
Ue,2.4,Dmeson,0.0,0.0
Ue,2.4,Bc,0.015745903943346594,0.02126692298306652
Ue,2.4,tau,0.0,0.0
Ue,2.4,induced_tau,0.0,0.0
Ue,2.4,Kmeson,0.0,0.0
Ue,2.4,WZ,0.013238937073295034,0.02107532405719329
Ue,2.6,Bmeson,0.9411220443266186,0.9122832324785456
Ue,2.6,Dmeson,0.0,0.0
Ue,2.6,Bc,0.0330261939223738,0.038219035856847494
Ue,2.6,tau,0.0,0.0
Ue,2.6,induced_tau,0.0,0.0
Ue,2.6,Kmeson,0.0,0.0
Ue,2.6,WZ,0.02585176175100775,0.049497731664606824
Ue,2.8,Bmeson,0.8626008810530681,0.75839045503552
Ue,2.8,Dmeson,0.0,0.0
Ue,2.8,Bc,0.07930137596469787,0.09422184381975567
Ue,2.8,tau,0.0,0.0
Ue,2.8,induced_tau,0.0,0.0
Ue,2.8,Kmeson,0.0,0.0
Ue,2.8,WZ,0.05809774298223406,0.14738770114472438
Ue,3.0,Bmeson,0.6924213951285945,0.10473957117499821
Ue,3.0,Dmeson,0.0,0.0
Ue,3.0,Bc,0.18179903333866068,0.031382802031714986
Ue,3.0,tau,0.0,0.0
Ue,3.0,induced_tau,0.0,0.0
Ue,3.0,Kmeson,0.0,0.0
Ue,3.0,WZ,0.12577957153274474,0.8638776267932868
Ue,3.2,Bmeson,0.5348969167445514,0.06095310608037015
Ue,3.2,Dmeson,0.0,0.0
Ue,3.2,Bc,0.27984713189936783,0.028647240992162426
Ue,3.2,tau,0.0,0.0
Ue,3.2,induced_tau,0.0,0.0
Ue,3.2,Kmeson,0.0,0.0
Ue,3.2,WZ,0.18525595135608078,0.9103996529274675
Ue,3.4,Bmeson,0.4740311481772254,0.07053171393476886
Ue,3.4,Dmeson,0.0,0.0
Ue,3.4,Bc,0.3199454523957764,0.03496816078004928
Ue,3.4,tau,0.0,0.0
Ue,3.4,induced_tau,0.0,0.0
Ue,3.4,Kmeson,0.0,0.0
Ue,3.4,WZ,0.20602339942699835,0.8945001252851819
Ue,3.6,Bmeson,0.42767890364225136,0.06428307763786714
Ue,3.6,Dmeson,0.0,0.0
Ue,3.6,Bc,0.3495923592160354,0.04391162428595415
Ue,3.6,tau,0.0,0.0
Ue,3.6,induced_tau,0.0,0.0
Ue,3.6,Kmeson,0.0,0.0
Ue,3.6,WZ,0.22272873714171332,0.8918052980761787
Ue,3.8,Bmeson,0.3766642113793232,0.04294178400708625
Ue,3.8,Dmeson,0.0,0.0
Ue,3.8,Bc,0.3796799085096188,0.030859772266268053
Ue,3.8,tau,0.0,0.0
Ue,3.8,induced_tau,0.0,0.0
Ue,3.8,Kmeson,0.0,0.0
Ue,3.8,WZ,0.24365588011105796,0.9261984437266457
Ue,4.0,Bmeson,0.3237738813501392,0.03636728793763933
Ue,4.0,Dmeson,0.0,0.0
Ue,4.0,Bc,0.4076222895500994,0.03855328909150746
Ue,4.0,tau,0.0,0.0
Ue,4.0,induced_tau,0.0,0.0
Ue,4.0,Kmeson,0.0,0.0
Ue,4.0,WZ,0.26860382909976144,0.9250794229708532
Ue,4.2,Bmeson,0.26940353618033375,0.029952935674154003
Ue,4.2,Dmeson,0.0,0.0
Ue,4.2,Bc,0.43202232041841804,0.046952760461228114
Ue,4.2,tau,0.0,0.0
Ue,4.2,induced_tau,0.0,0.0
Ue,4.2,Kmeson,0.0,0.0
Ue,4.2,WZ,0.2985741434012482,0.923094303864618
Ue,4.4,Bmeson,0.20543964959305183,0.023417265157091444
Ue,4.4,Dmeson,0.0,0.0
Ue,4.4,Bc,0.45602585153369585,0.03463029165962868
Ue,4.4,tau,0.0,0.0
Ue,4.4,induced_tau,0.0,0.0
Ue,4.4,Kmeson,0.0,0.0
Ue,4.4,WZ,0.33853449887325227,0.9419524431832799
Ue,4.6,Bmeson,0.14626408452094722,0.016159554064316798
Ue,4.6,Dmeson,0.0,0.0
Ue,4.6,Bc,0.46913685859114257,0.0384278402507455
Ue,4.6,tau,0.0,0.0
Ue,4.6,induced_tau,0.0,0.0
Ue,4.6,Kmeson,0.0,0.0
Ue,4.6,WZ,0.38459905688791024,0.9454126056849378
Ue,4.8,Bmeson,0.08547363122913386,0.008615490100264743
Ue,4.8,Dmeson,0.0,0.0
Ue,4.8,Bc,0.4724057249100216,0.0325612934261361
Ue,4.8,tau,0.0,0.0
Ue,4.8,induced_tau,0.0,0.0
Ue,4.8,Kmeson,0.0,0.0
Ue,4.8,WZ,0.4421206438608446,0.9588232164735991
Ue,5.0,Bmeson,0.034336810354263406,0.0031938802893525945
Ue,5.0,Dmeson,0.0,0.0
Ue,5.0,Bc,0.45693396685357535,0.027934091805578442
Ue,5.0,tau,0.0,0.0
Ue,5.0,induced_tau,0.0,0.0
Ue,5.0,Kmeson,0.0,0.0
Ue,5.0,WZ,0.5087292227921612,0.968872027905069
Ue,5.2,Bmeson,0.0034718437551745323,0.00034659729783281476
Ue,5.2,Dmeson,0.0,0.0
Ue,5.2,Bc,0.41566007098202185,0.0254883388102283
Ue,5.2,tau,0.0,0.0
Ue,5.2,induced_tau,0.0,0.0
Ue,5.2,Kmeson,0.0,0.0
Ue,5.2,WZ,0.5808680852628035,0.9741650638919389
Ue,5.4,Bmeson,0.0,0.0
Ue,5.4,Dmeson,0.0,0.0
Ue,5.4,Bc,0.3461297567324596,0.019551301803134163
Ue,5.4,tau,0.0,0.0
Ue,5.4,induced_tau,0.0,0.0
Ue,5.4,Kmeson,0.0,0.0
Ue,5.4,WZ,0.6538702432675405,0.9804486981968659
Ue,5.5,Bmeson,0.0,0.0
Ue,5.5,Dmeson,0.0,0.0
Ue,5.5,Bc,0.3047238058059805,0.017424107109747674
Ue,5.5,tau,0.0,0.0
Ue,5.5,induced_tau,0.0,0.0
Ue,5.5,Kmeson,0.0,0.0
Ue,5.5,WZ,0.6952761941940194,0.9825758928902523
Ue,5.6,Bmeson,0.0,0.0
Ue,5.6,Dmeson,0.0,0.0
Ue,5.6,Bc,0.2595689948860113,0.014731864735519065
Ue,5.6,tau,0.0,0.0
Ue,5.6,induced_tau,0.0,0.0
Ue,5.6,Kmeson,0.0,0.0
Ue,5.6,WZ,0.7404310051139886,0.985268135264481
Ue,5.8,Bmeson,0.0,0.0
Ue,5.8,Dmeson,0.0,0.0
Ue,5.8,Bc,0.16145919031630226,0.009484691194869567
Ue,5.8,tau,0.0,0.0
Ue,5.8,induced_tau,0.0,0.0
Ue,5.8,Kmeson,0.0,0.0
Ue,5.8,WZ,0.8385408096836977,0.9905153088051304
Ue,6.0,Bmeson,0.0,0.0
Ue,6.0,Dmeson,0.0,0.0
Ue,6.0,Bc,0.0665433953720438,0.003358512544253276
Ue,6.0,tau,0.0,0.0
Ue,6.0,induced_tau,0.0,0.0
Ue,6.0,Kmeson,0.0,0.0
Ue,6.0,WZ,0.9334566046279561,0.9966414874557468
Ue,6.2,Bmeson,0.0,0.0
Ue,6.2,Dmeson,0.0,0.0
Ue,6.2,Bc,0.005757301124754406,0.00032444852929257393
Ue,6.2,tau,0.0,0.0
Ue,6.2,induced_tau,0.0,0.0
Ue,6.2,Kmeson,0.0,0.0
Ue,6.2,WZ,0.9942426988752456,0.9996755514707075
Ue,6.4,Bmeson,0.0,0.0
Ue,6.4,Dmeson,0.0,0.0
Ue,6.4,Bc,0.0,0.0
Ue,6.4,tau,0.0,0.0
Ue,6.4,induced_tau,0.0,0.0
Ue,6.4,Kmeson,0.0,0.0
Ue,6.4,WZ,1.0,1.0
Ue,6.6,Bmeson,0.0,0.0
Ue,6.6,Dmeson,0.0,0.0
Ue,6.6,Bc,0.0,0.0
Ue,6.6,tau,0.0,0.0
Ue,6.6,induced_tau,0.0,0.0
Ue,6.6,Kmeson,0.0,0.0
Ue,6.6,WZ,1.0,1.0
Ue,6.8,Bmeson,0.0,0.0
Ue,6.8,Dmeson,0.0,0.0
Ue,6.8,Bc,0.0,0.0
Ue,6.8,tau,0.0,0.0
Ue,6.8,induced_tau,0.0,0.0
Ue,6.8,Kmeson,0.0,0.0
Ue,6.8,WZ,1.0,1.0
Ue,7.0,Bmeson,0.0,0.0
Ue,7.0,Dmeson,0.0,0.0
Ue,7.0,Bc,0.0,0.0
Ue,7.0,tau,0.0,0.0
Ue,7.0,induced_tau,0.0,0.0
Ue,7.0,Kmeson,0.0,0.0
Ue,7.0,WZ,1.0,1.0
Ue,7.2,Bmeson,0.0,0.0
Ue,7.2,Dmeson,0.0,0.0
Ue,7.2,Bc,0.0,0.0
Ue,7.2,tau,0.0,0.0
Ue,7.2,induced_tau,0.0,0.0
Ue,7.2,Kmeson,0.0,0.0
Ue,7.2,WZ,1.0,1.0
Ue,7.4,Bmeson,0.0,0.0
Ue,7.4,Dmeson,0.0,0.0
Ue,7.4,Bc,0.0,0.0
Ue,7.4,tau,0.0,0.0
Ue,7.4,induced_tau,0.0,0.0
Ue,7.4,Kmeson,0.0,0.0
Ue,7.4,WZ,1.0,1.0
Ue,7.6,Bmeson,0.0,0.0
Ue,7.6,Dmeson,0.0,0.0
Ue,7.6,Bc,0.0,0.0
Ue,7.6,tau,0.0,0.0
Ue,7.6,induced_tau,0.0,0.0
Ue,7.6,Kmeson,0.0,0.0
Ue,7.6,WZ,1.0,1.0
Ue,7.8,Bmeson,0.0,0.0
Ue,7.8,Dmeson,0.0,0.0
Ue,7.8,Bc,0.0,0.0
Ue,7.8,tau,0.0,0.0
Ue,7.8,induced_tau,0.0,0.0
Ue,7.8,Kmeson,0.0,0.0
Ue,7.8,WZ,1.0,1.0
Ue,8.0,Bmeson,0.0,0.0
Ue,8.0,Dmeson,0.0,0.0
Ue,8.0,Bc,0.0,0.0
Ue,8.0,tau,0.0,0.0
Ue,8.0,induced_tau,0.0,0.0
Ue,8.0,Kmeson,0.0,0.0
Ue,8.0,WZ,1.0,1.0
Ue,8.5,Bmeson,0.0,0.0
Ue,8.5,Dmeson,0.0,0.0
Ue,8.5,Bc,0.0,0.0
Ue,8.5,tau,0.0,0.0
Ue,8.5,induced_tau,0.0,0.0
Ue,8.5,Kmeson,0.0,0.0
Ue,8.5,WZ,1.0,1.0
Ue,9.0,Bmeson,0.0,0.0
Ue,9.0,Dmeson,0.0,0.0
Ue,9.0,Bc,0.0,0.0
Ue,9.0,tau,0.0,0.0
Ue,9.0,induced_tau,0.0,0.0
Ue,9.0,Kmeson,0.0,0.0
Ue,9.0,WZ,1.0,1.0
Ue,9.5,Bmeson,0.0,0.0
Ue,9.5,Dmeson,0.0,0.0
Ue,9.5,Bc,0.0,0.0
Ue,9.5,tau,0.0,0.0
Ue,9.5,induced_tau,0.0,0.0
Ue,9.5,Kmeson,0.0,0.0
Ue,9.5,WZ,1.0,1.0
Ue,10.0,Bmeson,0.0,0.0
Ue,10.0,Dmeson,0.0,0.0
Ue,10.0,Bc,0.0,0.0
Ue,10.0,tau,0.0,0.0
Ue,10.0,induced_tau,0.0,0.0
Ue,10.0,Kmeson,0.0,0.0
Ue,10.0,WZ,1.0,1.0
Umu,0.2,Bmeson,5.769674270097432e-05,0.00152137914855242
Umu,0.2,Dmeson,0.0004156095332782116,0.004654815880782159
Umu,0.2,Bc,7.814566056946704e-08,1.8772073136252987e-06
Umu,0.2,tau,2.5386347571195634e-08,2.3477448074525424e-07
Umu,0.2,induced_tau,4.1566559306129795e-06,4.406169049012079e-05
Umu,0.2,Kmeson,0.9995223844043998,0.993777202816175
Umu,0.2,WZ,4.913168241663796e-08,4.2848220592013945e-07
Umu,0.215,Bmeson,5.299618791878839e-05,0.0013650897342086885
Umu,0.215,Dmeson,0.0003843716581206807,0.004002682791779195
Umu,0.215,Bc,7.403817843883819e-08,1.650828986891271e-06
Umu,0.215,tau,2.4024121087018712e-08,2.328778169308681e-07
Umu,0.215,induced_tau,3.7217034929638916e-06,3.0834147970694044e-05
Umu,0.215,Kmeson,0.9995587657320788,0.9945990832137706
Umu,0.215,WZ,4.6656089235672805e-08,4.264054670970086e-07
Umu,0.23,Bmeson,5.210525011668845e-05,0.0012429173616139843
Umu,0.23,Dmeson,0.0003631241714378973,0.0034560492020446077
Umu,0.23,Bc,6.972335950624224e-08,1.2043875893528316e-06
Umu,0.23,tau,2.2107704075832494e-08,1.9081768441853666e-07
Umu,0.23,induced_tau,3.743859168930278e-06,2.8273858552934996e-05
Umu,0.23,Kmeson,0.999580890012353,0.9952709547585873
Umu,0.23,WZ,4.4875860049610845e-08,4.0961392734443444e-07
Umu,0.245,Bmeson,5.0130390522649716e-05,0.0011808102013496737
Umu,0.245,Dmeson,0.00034879213572599127,0.003465138146824597
Umu,0.245,Bc,6.792005095564753e-08,1.178725001799508e-06
Umu,0.245,tau,2.1068419893983744e-08,1.9092059904590624e-07
Umu,0.245,induced_tau,3.56138590804022e-06,3.371467354304871e-05
Umu,0.245,Kmeson,0.9995973833553786,0.9953185161436173
Umu,0.245,WZ,4.374399395761317e-08,4.511890645203652e-07
Umu,0.26,Bmeson,4.993539386377915e-05,0.001662161718439915
Umu,0.26,Dmeson,0.0003456318029025665,0.004483882756711305
Umu,0.26,Bc,6.698035476937925e-08,1.6238898058927217e-06
Umu,0.26,tau,2.14840291452305e-08,3.238804679761875e-07
Umu,0.26,induced_tau,3.3562898591359773e-06,3.89048602031282e-05
Umu,0.26,Kmeson,0.9996009447897072,0.99381215137752
Umu,0.26,WZ,4.3259283403793257e-08,9.51516851675627e-07
Umu,0.275,Bmeson,5.0223745597802455e-05,0.001815062930127328
Umu,0.275,Dmeson,0.0003399079298867018,0.004557564017572078
Umu,0.275,Bc,6.429459849400397e-08,1.959305685989124e-06
Umu,0.275,tau,2.0622110467544912e-08,4.882562686917521e-07
Umu,0.275,induced_tau,3.413192161418984e-06,3.0283483532202062e-05
Umu,0.275,Kmeson,0.9996063267358086,0.9935928877497524
Umu,0.275,WZ,4.347983655936326e-08,1.7542570612058884e-06
Umu,0.29,Bmeson,5.022140519293062e-05,0.001881318435462292
Umu,0.29,Dmeson,0.0003363726022481017,0.003923940210421419
Umu,0.29,Bc,6.620456548925556e-08,1.9446375278899655e-06
Umu,0.29,tau,2.0482804339499367e-08,4.944200115492366e-07
Umu,0.29,induced_tau,3.2796701283053835e-06,3.2122623457426116e-05
Umu,0.29,Kmeson,0.9996099951200379,0.9941581020760404
Umu,0.29,WZ,4.451502283041586e-08,2.077597079018033e-06
Umu,0.305,Bmeson,5.288439912535541e-05,0.001575611400441454
Umu,0.305,Dmeson,0.0003494909663290916,0.0036667079460688057
Umu,0.305,Bc,6.919561308157436e-08,1.5080736021282223e-06
Umu,0.305,tau,2.043949355650466e-08,3.499313649446993e-07
Umu,0.305,induced_tau,3.346102144670805e-06,2.7655594964178048e-05
Umu,0.305,Kmeson,0.999594142324343,0.9947267061036237
Umu,0.305,WZ,4.657295131814073e-08,1.4609499348930753e-06
Umu,0.32,Bmeson,5.679019848525972e-05,0.0015249737196125143
Umu,0.32,Dmeson,0.00037347810399631243,0.004359575453947713
Umu,0.32,Bc,7.150399972849491e-08,1.6875998336099153e-06
Umu,0.32,tau,2.230797310525623e-08,4.260822157831506e-07
Umu,0.32,induced_tau,3.6647395249044606e-06,2.2586803230993505e-05
Umu,0.32,Kmeson,0.9995659230947986,0.9940891564951052
Umu,0.32,WZ,5.005122199597095e-08,1.593846054269228e-06
Umu,0.335,Bmeson,6.281071462104129e-05,0.0015284171521993465
Umu,0.335,Dmeson,0.0004128500796987272,0.004822391171113616
Umu,0.335,Bc,8.06525113378507e-08,1.6805010523842074e-06
Umu,0.335,tau,2.4160032638799962e-08,3.3205684334941163e-07
Umu,0.335,induced_tau,3.9971467462727516e-06,5.2147461690900125e-05
Umu,0.335,Kmeson,0.9995201814993603,0.9935936409047227
Umu,0.335,WZ,5.5747029553913155e-08,1.3907523777966504e-06
Umu,0.35,Bmeson,7.389316415351042e-05,0.0019687797305832787
Umu,0.35,Dmeson,0.0004755910049429945,0.005384354984885125
Umu,0.35,Bc,9.461804534041656e-08,2.255154788141388e-06
Umu,0.35,tau,2.7790915613333063e-08,4.897166618303819e-07
Umu,0.35,induced_tau,4.429059424816089e-06,2.913755935688061e-05
Umu,0.35,Kmeson,0.9994458988703807,0.9926131222405592
Umu,0.35,WZ,6.549213704043912e-08,1.860613165617447e-06
Umu,0.365,Bmeson,9.505727236829505e-05,0.002461545241822644
Umu,0.365,Dmeson,0.0005998567971815347,0.0059782321821849
Umu,0.365,Bc,1.198941641771033e-07,2.5493419651360983e-06
Umu,0.365,tau,3.5047261202658155e-08,5.549283347169125e-07
Umu,0.365,induced_tau,5.922356371442942e-06,4.467572996072565e-05
Umu,0.365,Kmeson,0.9992989238305859,0.9915100192110283
Umu,0.365,WZ,8.480206748491887e-08,2.423364703545964e-06
Umu,0.38,Bmeson,0.00016517290340905427,0.0035413526307253103
Umu,0.38,Dmeson,0.0010373331353838093,0.010292573789508907
Umu,0.38,Bc,2.043235383058906e-07,3.883521499562734e-06
Umu,0.38,tau,5.7226652233870537e-08,6.938348262517749e-07
Umu,0.38,induced_tau,9.510748318936195e-06,4.02522808282082e-05
Umu,0.38,Kmeson,0.9987875748774616,0.9861180329689389
Umu,0.38,WZ,1.4678523610966918e-07,3.2109736729285057e-06
Umu,0.395,Bmeson,0.1365994057383757,0.276608712868943
Umu,0.395,Dmeson,0.8553462822291708,0.7182673483499877
Umu,0.395,Bc,0.00017010333389173604,0.00025409389330550747
Umu,0.395,tau,4.88334595144644e-05,7.034390257323329e-05
Umu,0.395,induced_tau,0.007711755377343763,0.0044148038979751406
Umu,0.395,Kmeson,0.0,0.0
Umu,0.395,WZ,0.00012361986170361815,0.00038469708721533915
Umu,0.41,Bmeson,0.13765311285453707,0.25491047443257
Umu,0.41,Dmeson,0.8544101658134415,0.7408997320205374
Umu,0.41,Bc,0.0001679058583346592,0.000284279295771861
Umu,0.41,tau,4.574993519956459e-05,6.866373954098167e-05
Umu,0.41,induced_tau,0.007599687137836061,0.0034101618932827486
Umu,0.41,Kmeson,0.0,0.0
Umu,0.41,WZ,0.00012337840065105408,0.0004266886182970276
Umu,0.425,Bmeson,0.1415991636834817,0.2748563821520234
Umu,0.425,Dmeson,0.8505815602492716,0.7217431451804744
Umu,0.425,Bc,0.00016971669514573973,0.0002941062688263522
Umu,0.425,tau,4.6820736195400976e-05,7.899826232351811e-05
Umu,0.425,induced_tau,0.0074753839238098215,0.0025231810015785778
Umu,0.425,Kmeson,0.0,0.0
Umu,0.425,WZ,0.0001273547120957684,0.0005041871347735867
Umu,0.44,Bmeson,0.14083660229171574,0.2505118461293557
Umu,0.44,Dmeson,0.851384322000309,0.7466996836254519
Umu,0.44,Bc,0.0001676236240888259,0.0002729060844049802
Umu,0.44,tau,4.6123296083635405e-05,7.14595148270132e-05
Umu,0.44,induced_tau,0.007435913157748516,0.0020375694350287547
Umu,0.44,Kmeson,0.0,0.0
Umu,0.44,WZ,0.00012941563005426722,0.0004065352109317105
Umu,0.455,Bmeson,0.14131450713284696,0.2448022299789639
Umu,0.455,Dmeson,0.8509642586998334,0.7520136594466198
Umu,0.455,Bc,0.00017140836413383852,0.0002837828883796175
Umu,0.455,tau,4.371618304129333e-05,5.630861943188059e-05
Umu,0.455,induced_tau,0.007375771888105052,0.002501542460378605
Umu,0.455,Kmeson,0.0,0.0
Umu,0.455,WZ,0.0001303377320393765,0.00034247660622615237
Umu,0.47,Bmeson,0.14238229950810724,0.29607201156493756
Umu,0.47,Dmeson,0.8499282428084747,0.6990195956342291
Umu,0.47,Bc,0.0001679771982061486,0.00029949906283976106
Umu,0.47,tau,4.2716302308739364e-05,7.717881887860118e-05
Umu,0.47,induced_tau,0.007346512962792953,0.0040309296455131914
Umu,0.47,Kmeson,0.0,0.0
Umu,0.47,WZ,0.00013225122011027425,0.0005007852736017081
Umu,0.485,Bmeson,0.14832670870379175,0.2392225096565728
Umu,0.485,Dmeson,0.8440794322615394,0.7571007347746082
Umu,0.485,Bc,0.0001700986764271504,0.0002483428239547986
Umu,0.485,tau,4.240436457318653e-05,5.425505678979515e-05
Umu,0.485,induced_tau,0.007245438904561167,0.0029924982380099105
Umu,0.485,Kmeson,0.0,0.0
Umu,0.485,WZ,0.00013591708910750576,0.00038165945006427167
Umu,0.5,Bmeson,0.1479028688920943,0.2511957598775775
Umu,0.5,Dmeson,0.8449594369923835,0.745440463753171
Umu,0.5,Bc,0.00017115222350042066,0.0002841808612221067
Umu,0.5,tau,4.203327034319646e-05,5.486418080465479e-05
Umu,0.5,induced_tau,0.0067870706885948436,0.0026285636584777988
Umu,0.5,Kmeson,0.0,0.0
Umu,0.5,WZ,0.00013743793308371657,0.00039616766874719564
Umu,0.525,Bmeson,0.15201753913852786,0.2723169986023123
Umu,0.525,Dmeson,0.8405912215685393,0.7231925399801891
Umu,0.525,Bc,0.00017411753861251735,0.00027114192785884257
Umu,0.525,tau,4.242030285255304e-05,6.033509821229844e-05
Umu,0.525,induced_tau,0.007033027925382832,0.0037585928722797257
Umu,0.525,Kmeson,0.0,0.0
Umu,0.525,WZ,0.0001416735260850306,0.00040039151914762094
Umu,0.55,Bmeson,0.15365249997076816,0.23308094009352925
Umu,0.55,Dmeson,0.839551683881285,0.7634802497989973
Umu,0.55,Bc,0.0001717984293109203,0.00024456868515101255
Umu,0.55,tau,4.000625076332626e-05,4.280018708380328e-05
Umu,0.55,induced_tau,0.006438948495385148,0.0028282117000811447
Umu,0.55,Kmeson,0.0,0.0
Umu,0.55,WZ,0.00014506297248745778,0.0003232295351575097
Umu,0.575,Bmeson,0.15315635024015625,0.2759105673647732
Umu,0.575,Dmeson,0.8401742944295235,0.7202732864909196
Umu,0.575,Bc,0.0001736870439938607,0.0002890091242967968
Umu,0.575,tau,3.9812362221882586e-05,4.916078767157512e-05
Umu,0.575,induced_tau,0.006307649397574752,0.0031030071050477436
Umu,0.575,Kmeson,0.0,0.0
Umu,0.575,WZ,0.00014820652652987922,0.0003749691272909593
Umu,0.6,Bmeson,0.15717856710565706,0.22393670520918377
Umu,0.6,Dmeson,0.83655258696381,0.7726273339243437
Umu,0.6,Bc,0.00017412612002910282,0.00022071645092948056
Umu,0.6,tau,3.5984677661320254e-05,4.068997572209165e-05
Umu,0.6,induced_tau,0.005908336268960728,0.0028095037240689893
Umu,0.6,Kmeson,0.0,0.0
Umu,0.6,WZ,0.00015039886388187008,0.0003650507157520525
Umu,0.625,Bmeson,0.15551415006029257,0.20523485952756582
Umu,0.625,Dmeson,0.8384137562697932,0.7924355595770215
Umu,0.625,Bc,0.00017536005093704506,0.00022470155266979066
Umu,0.625,tau,3.519114983908739e-05,3.832206325485868e-05
Umu,0.625,induced_tau,0.005706300362802555,0.001687118262726651
Umu,0.625,Kmeson,0.0,0.0
Umu,0.625,WZ,0.00015524210633552458,0.0003794390167615052
Umu,0.65,Bmeson,0.15652967559417064,0.22938872905531754
Umu,0.65,Dmeson,0.8378285086773889,0.7683450267661325
Umu,0.65,Bc,0.00017331294841790358,0.0002630934026799194
Umu,0.65,tau,3.28251152031864e-05,3.7943732841826495e-05
Umu,0.65,induced_tau,0.005279272883128901,0.0015694841978587692
Umu,0.65,Kmeson,0.0,0.0
Umu,0.65,WZ,0.00015640478169063818,0.00039572284516963815
Umu,0.675,Bmeson,0.15688941950424512,0.21758154824297354
Umu,0.675,Dmeson,0.8377327064824002,0.7802566758792835
Umu,0.675,Bc,0.00017351669217583062,0.0002514845746497267
Umu,0.675,tau,3.105500302509249e-05,3.0255695978039578e-05
Umu,0.675,induced_tau,0.005014567106407547,0.001550858120426359
Umu,0.675,Kmeson,0.0,0.0
Umu,0.675,WZ,0.00015873521174638477,0.0003291774866888559
Umu,0.7,Bmeson,0.15759561974063283,0.19512267755635396
Umu,0.7,Dmeson,0.8372156264172615,0.8023848024074868
Umu,0.7,Bc,0.00017982174243889285,0.00021641364911706995
Umu,0.7,tau,2.9074186483868468e-05,3.0282233961706317e-05
Umu,0.7,induced_tau,0.00481714424318895,0.0018441720695838752
Umu,0.7,Kmeson,0.0,0.0
Umu,0.7,WZ,0.00016271366999391415,0.00040165208349683494
Umu,0.725,Bmeson,0.15958566826093834,0.19918218583281616
Umu,0.725,Dmeson,0.8356536844538992,0.7986925977972995
Umu,0.725,Bc,0.00017642849507145045,0.00023479194985143303
Umu,0.725,tau,2.69735845922027e-05,2.672108067662551e-05
Umu,0.725,induced_tau,0.004393384848880299,0.0015210560315875405
Umu,0.725,Kmeson,0.0,0.0
Umu,0.725,WZ,0.0001638603566184345,0.0003426473077686315
Umu,0.75,Bmeson,0.16014439334719877,0.21581032982447912
Umu,0.75,Dmeson,0.8354183876988517,0.7823572848239031
Umu,0.75,Bc,0.00017446803031680543,0.0002599698199889427
Umu,0.75,tau,2.4859838748783725e-05,2.60419166121588e-05
Umu,0.75,induced_tau,0.004072011520347838,0.0011982035947005517
Umu,0.75,Kmeson,0.0,0.0
Umu,0.75,WZ,0.00016587956453617273,0.0003481700203161625
Umu,0.775,Bmeson,0.1580053277222063,0.1692463425443544
Umu,0.775,Dmeson,0.8377099560675719,0.8285123849725408
Umu,0.775,Bc,0.00017895836975431273,0.00024176888395574712
Umu,0.775,tau,2.407395381477196e-05,1.948970294108007e-05
Umu,0.775,induced_tau,0.003912149601674578,0.001673361822524792
Umu,0.775,Kmeson,0.0,0.0
Umu,0.775,WZ,0.00016953428497829773,0.0003066520736830394
Umu,0.8,Bmeson,0.16020332020832923,0.22320548936718368
Umu,0.8,Dmeson,0.8358935767824829,0.774765759838154
Umu,0.8,Bc,0.0001861575632539061,0.00030006267005663043
Umu,0.8,tau,2.1521385710748134e-05,2.343414822463401e-05
Umu,0.8,induced_tau,0.0035238873551351915,0.0012880010371618229
Umu,0.8,Kmeson,0.0,0.0
Umu,0.8,WZ,0.00017153670508809562,0.00041725293921934884
Umu,0.825,Bmeson,0.15916616935211286,0.1936809036367465
Umu,0.825,Dmeson,0.8371216407305244,0.8040056202221204
Umu,0.825,Bc,0.0001814206413754004,0.00022581169288570367
Umu,0.825,tau,1.9676412468834826e-05,1.5535983991359676e-05
Umu,0.825,induced_tau,0.003337584924181684,0.0017927255678811488
Umu,0.825,Kmeson,0.0,0.0
Umu,0.825,WZ,0.00017350793933674117,0.0002794028963747889
Umu,0.85,Bmeson,0.15512263588311898,0.17512898024793802
Umu,0.85,Dmeson,0.8415656673283535,0.8227142200708771
Umu,0.85,Bc,0.000181456228708526,0.00028881870676362916
Umu,0.85,tau,1.791196288325374e-05,1.5835277465683926e-05
Umu,0.85,induced_tau,0.002936396914184607,0.0015315434090646559
Umu,0.85,Kmeson,0.0,0.0
Umu,0.85,WZ,0.0001759316827511904,0.0003206022878909407
Umu,0.875,Bmeson,0.15551259937842649,0.19460607006043432
Umu,0.875,Dmeson,0.8414076641087556,0.8034342855575386
Umu,0.875,Bc,0.00018736293199382226,0.0002506501927333287
Umu,0.875,tau,1.6115608979243864e-05,1.3750787832032407e-05
Umu,0.875,induced_tau,0.0026993603746317207,0.0013586066177010856
Umu,0.875,Kmeson,0.0,0.0
Umu,0.875,WZ,0.00017689759721321359,0.0003366367837606534
Umu,0.9,Bmeson,0.15065292097569594,0.17051033110658803
Umu,0.9,Dmeson,0.8465011599363805,0.8279057547527455
Umu,0.9,Bc,0.0001851479122920765,0.00023121207227495998
Umu,0.9,tau,1.4649165596874124e-05,1.1445169013066818e-05
Umu,0.9,induced_tau,0.0024665571495456006,0.0010555425571197358
Umu,0.9,Kmeson,0.0,0.0
Umu,0.9,WZ,0.00017956486048900265,0.0002857143422588259
Umu,0.925,Bmeson,0.15459196088702482,0.18304134281183013
Umu,0.925,Dmeson,0.842809084072268,0.8154088785380796
Umu,0.925,Bc,0.0001808101404074285,0.0002588172178178514
Umu,0.925,tau,1.3192802149434646e-05,1.1465772802101656e-05
Umu,0.925,induced_tau,0.0022251496952744652,0.0009559698793286597
Umu,0.925,Kmeson,0.0,0.0
Umu,0.925,WZ,0.00017980240287575062,0.0003235257801415608
Umu,0.95,Bmeson,0.14792618788768314,0.20387002113766428
Umu,0.95,Dmeson,0.8498435103263097,0.7945053827262469
Umu,0.95,Bc,0.00018621196067542133,0.0002833542989874048
Umu,0.95,tau,1.186089766462211e-05,1.0788634180532359e-05
Umu,0.95,induced_tau,0.0018495569588088466,0.0009943623373135828
Umu,0.95,Kmeson,0.0,0.0
Umu,0.95,WZ,0.00018267196885824976,0.00033609086560733173
Umu,0.975,Bmeson,0.1469919483297726,0.1962003288327359
Umu,0.975,Dmeson,0.8509104658806611,0.8020913118318566
Umu,0.975,Bc,0.00018903325601604755,0.0002974458626166616
Umu,0.975,tau,1.0492571953474317e-05,9.221321603185833e-06
Umu,0.975,induced_tau,0.0017134831096209003,0.0010739320525919563
Umu,0.975,Kmeson,0.0,0.0
Umu,0.975,WZ,0.0001845768519759027,0.00032776009859570345
Umu,1.0,Bmeson,0.14893060134458294,0.19385886598177043
Umu,1.0,Dmeson,0.84918982557736,0.8047701970547174
Umu,1.0,Bc,0.0001886076842717419,0.0002739282365158926
Umu,1.0,tau,9.312014043767429e-06,7.277444965684854e-06
Umu,1.0,induced_tau,0.001495549747259303,0.0008021208949608294
Umu,1.0,Kmeson,0.0,0.0
Umu,1.0,WZ,0.00018610363248230266,0.00028761038706970815
Umu,1.025,Bmeson,0.1448593508632123,0.18560414483085688
Umu,1.025,Dmeson,0.8534062589184048,0.8129756886802598
Umu,1.025,Bc,0.00019563410992076921,0.00033049675554129815
Umu,1.025,tau,8.139136860340353e-06,8.284337617977595e-06
Umu,1.025,induced_tau,0.0013419879143526001,0.0006915807943687618
Umu,1.025,Kmeson,0.0,0.0
Umu,1.025,WZ,0.00018862905724929883,0.0003898046013551614
Umu,1.05,Bmeson,0.1446702370643124,0.15554792013903526
Umu,1.05,Dmeson,0.8537788638604467,0.8434371066341292
Umu,1.05,Bc,0.00018918847874567423,0.00027546423775032247
Umu,1.05,tau,6.9869505488878955e-06,5.42548161862982e-06
Umu,1.05,induced_tau,0.0011649635051412023,0.00044352304217942876
Umu,1.05,Kmeson,0.0,0.0
Umu,1.05,WZ,0.00018976014080526236,0.0002905604652869965
Umu,1.075,Bmeson,0.14455645363900252,0.15533490583208598
Umu,1.075,Dmeson,0.8540455111219546,0.8435960422343176
Umu,1.075,Bc,0.00019193868805405742,0.0002679074718451215
Umu,1.075,tau,6.064485211100182e-06,4.464000998968665e-06
Umu,1.075,induced_tau,0.001008029409827128,0.0005422555437348727
Umu,1.075,Kmeson,0.0,0.0
Umu,1.075,WZ,0.0001920026559507285,0.0002544249170175533
Umu,1.1,Bmeson,0.14155039683708953,0.16977790462385983
Umu,1.1,Dmeson,0.8571893505591883,0.8291232906270701
Umu,1.1,Bc,0.00019520858595032707,0.00030035993427450145
Umu,1.1,tau,5.473853494279815e-06,4.57029496239638e-06
Umu,1.1,induced_tau,0.0008647554035718998,0.0004626272416516294
Umu,1.1,Kmeson,0.0,0.0
Umu,1.1,WZ,0.00019481476070566667,0.000331247278181523
Umu,1.125,Bmeson,0.14387169184183052,0.15862853410486094
Umu,1.125,Dmeson,0.8549650747708024,0.8404842801193018
Umu,1.125,Bc,0.00019454459208774006,0.0002461187617306795
Umu,1.125,tau,4.554973859927326e-06,3.2756214790484042e-06
Umu,1.125,induced_tau,0.0007673179336579901,0.00035518481879542977
Umu,1.125,Kmeson,0.0,0.0
Umu,1.125,WZ,0.0001968158877616225,0.00028260657383217456
Umu,1.15,Bmeson,0.13998180021812168,0.1329187675867764
Umu,1.15,Dmeson,0.8589899070632153,0.8663033221711687
Umu,1.15,Bc,0.0002011198853202909,0.0002295396819344076
Umu,1.15,tau,3.906762904084956e-06,2.407241298620563e-06
Umu,1.15,induced_tau,0.0006232428497984302,0.00031149219231458116
Umu,1.15,Kmeson,0.0,0.0
Umu,1.15,WZ,0.0002000232206402561,0.00023447112650727708
Umu,1.175,Bmeson,0.13696286961609716,0.153265255603686
Umu,1.175,Dmeson,0.8621015599296934,0.8458214619263948
Umu,1.175,Bc,0.00020029621584849978,0.0002793708085356998
Umu,1.175,tau,3.1352517610386477e-06,2.6806106447382933e-06
Umu,1.175,induced_tau,0.0005285899357783951,0.0002490541786960917
Umu,1.175,Kmeson,0.0,0.0
Umu,1.175,WZ,0.00020354905082149065,0.0003821768720428425
Umu,1.2,Bmeson,0.1395948954937122,0.14345669335189237
Umu,1.2,Dmeson,0.859556403268244,0.8557310079975734
Umu,1.2,Bc,0.0002019103603902059,0.0002463946908741132
Umu,1.2,tau,2.7053811781549834e-06,1.958912018951002e-06
Umu,1.2,induced_tau,0.0004383239985065249,0.00024118155354247944
Umu,1.2,Kmeson,0.0,0.0
Umu,1.2,WZ,0.00020576149796909182,0.0003227634940988297
Umu,1.225,Bmeson,0.13936917604765886,0.15911317228751504
Umu,1.225,Dmeson,0.8598547607234255,0.8400931862139694
Umu,1.225,Bc,0.0002004370619327436,0.00030038443756943755
Umu,1.225,tau,2.209127974855641e-06,1.7048855972582438e-06
Umu,1.225,induced_tau,0.00036422244082484254,0.00016905523205171396
Umu,1.225,Kmeson,0.0,0.0
Umu,1.225,WZ,0.00020919459818305387,0.0003224969432971376
Umu,1.25,Bmeson,0.1364925682465695,0.13578230835180966
Umu,1.25,Dmeson,0.8627841192978549,0.8634834537237978
Umu,1.25,Bc,0.00020944548934600854,0.0002748385457322931
Umu,1.25,tau,1.8328394074290673e-06,1.2019937286799798e-06
Umu,1.25,induced_tau,0.00029822912468007015,0.00018859946133757764
Umu,1.25,Kmeson,0.0,0.0
Umu,1.25,WZ,0.00021380500214188957,0.00026959792359385043
Umu,1.275,Bmeson,0.13384178100379765,0.14586110523114626
Umu,1.275,Dmeson,0.865493571827258,0.8533247787462834
Umu,1.275,Bc,0.00021291899276093952,0.0003148894615871223
Umu,1.275,tau,1.4582654265054034e-06,1.1353573441749922e-06
Umu,1.275,induced_tau,0.0002313687842006716,0.00017078694766534233
Umu,1.275,Kmeson,0.0,0.0
Umu,1.275,WZ,0.00021890112655628487,0.0003273042559737416
Umu,1.3,Bmeson,0.1352412136188913,0.14710368992470904
Umu,1.3,Dmeson,0.8641268584248472,0.8521887916006958
Umu,1.3,Bc,0.0002161533415567685,0.00028892557916269457
Umu,1.3,tau,1.1439739948450563e-06,8.233116164937464e-07
Umu,1.3,induced_tau,0.00019080731191144893,0.00011358961163516325
Umu,1.3,Kmeson,0.0,0.0
Umu,1.3,WZ,0.00022382332879847657,0.00030417997218079595
Umu,1.325,Bmeson,0.13304767194646563,0.11267237890983248
Umu,1.325,Dmeson,0.8663486971517746,0.8867789066890044
Umu,1.325,Bc,0.0002219026713237405,0.0002445442758630724
Umu,1.325,tau,9.477576880854692e-07,5.174784348144227e-07
Umu,1.325,induced_tau,0.0001501451034746468,6.641890180975734e-05
Umu,1.325,Kmeson,0.0,0.0
Umu,1.325,WZ,0.00023063536927295158,0.0002372337450556815
Umu,1.35,Bmeson,0.1358009308721078,0.16048520442249484
Umu,1.35,Dmeson,0.863615879857341,0.838691030769761
Umu,1.35,Bc,0.00023100188748444088,0.0003501629956858211
Umu,1.35,tau,6.909048863081232e-07,6.07113383044045e-07
Umu,1.35,induced_tau,0.00011417280338191311,6.458855592337721e-05
Umu,1.35,Kmeson,0.0,0.0
Umu,1.35,WZ,0.00023732367479856387,0.00040840614275188415
Umu,1.375,Bmeson,0.13653264405698448,0.14874899419168153
Umu,1.375,Dmeson,0.8628962142407625,0.8505124924346492
Umu,1.375,Bc,0.00023720130117761655,0.00036020068334739915
Umu,1.375,tau,5.364611204218327e-07,3.7194914738426483e-07
Umu,1.375,induced_tau,8.762035954460853e-05,4.7026683995589036e-05
Umu,1.375,Kmeson,0.0,0.0
Umu,1.375,WZ,0.00024578358041036106,0.0003309140571788087
Umu,1.4,Bmeson,0.13882746982687535,0.12647355280630312
Umu,1.4,Dmeson,0.860605072686777,0.87288200100965
Umu,1.4,Bc,0.00024605399247331917,0.0002945416514525196
Umu,1.4,tau,3.8998283919310205e-07,2.415801766847389e-07
Umu,1.4,induced_tau,6.575509157280558e-05,3.336018453112355e-05
Umu,1.4,Kmeson,0.0,0.0
Umu,1.4,WZ,0.0002552584194622977,0.0003163027678867028
Umu,1.425,Bmeson,0.13896843008283102,0.1584991404976531
Umu,1.425,Dmeson,0.8604584941695985,0.8406489805306615
Umu,1.425,Bc,0.0002588237512046419,0.00041416718470949966
Umu,1.425,tau,2.835121548414716e-07,2.1772777127156347e-07
Umu,1.425,induced_tau,4.6877463336420404e-05,2.960917414925975e-05
Umu,1.425,Kmeson,0.0,0.0
Umu,1.425,WZ,0.00026709102087451393,0.00040788488505516833
Umu,1.45,Bmeson,0.13909561540828844,0.1653176956288943
Umu,1.45,Dmeson,0.8603226098446504,0.833852774312442
Umu,1.45,Bc,0.00026961408333774865,0.000444532837274481
Umu,1.45,tau,1.9943725945622e-07,1.4804743994028032e-07
Umu,1.45,induced_tau,3.109644407160734e-05,2.6599240058092e-05
Umu,1.45,Kmeson,0.0,0.0
Umu,1.45,WZ,0.0002808647823923737,0.00035824993389122004
Umu,1.475,Bmeson,0.14366486199413933,0.16292546951562303
Umu,1.475,Dmeson,0.8557327228181842,0.8361642343065522
Umu,1.475,Bc,0.0002861817896123992,0.0004765423534810698
Umu,1.475,tau,1.298932095172979e-07,9.728589639986085e-08
Umu,1.475,induced_tau,2.0569755811711607e-05,1.576628905814287e-05
Umu,1.475,Kmeson,0.0,0.0
Umu,1.475,WZ,0.0002955337490427951,0.00041789024938923704
Umu,1.5,Bmeson,0.14813207091201952,0.16158098016492073
Umu,1.5,Dmeson,0.8512359859041786,0.837429499629907
Umu,1.5,Bc,0.0003053333415649046,0.000488968966475497
Umu,1.5,tau,8.480870964095183e-08,6.500716161249766e-08
Umu,1.5,induced_tau,1.348576824607207e-05,9.51723427052578e-06
Umu,1.5,Kmeson,0.0,0.0
Umu,1.5,WZ,0.0003130392652812835,0.0004909689972648673
Umu,1.525,Bmeson,0.1524237481737474,0.14944491150348568
Umu,1.525,Dmeson,0.846906166654068,0.8496092560367666
Umu,1.525,Bc,0.0003281907740384164,0.0004831508617743403
Umu,1.525,tau,4.7828707930080035e-08,3.347701376152521e-08
Umu,1.525,induced_tau,7.915321932977897e-06,4.8280640783950374e-06
Umu,1.525,Kmeson,0.0,0.0
Umu,1.525,WZ,0.00033393124750545736,0.0004578200568812021
Umu,1.55,Bmeson,0.16068343292427023,0.16162443679272956
Umu,1.55,Dmeson,0.8386127436652859,0.8374633064872065
Umu,1.55,Bc,0.0003422974123376138,0.0005151579279853144
Umu,1.55,tau,2.5974344107181688e-08,1.5818480201716655e-08
Umu,1.55,induced_tau,4.169818947979427e-06,3.0597531336439454e-06
Umu,1.55,Kmeson,0.0,0.0
Umu,1.55,WZ,0.00035733020481401465,0.00039402322046486275
Umu,1.575,Bmeson,0.16442940066130843,0.1867463428935343
Umu,1.575,Dmeson,0.834801712808097,0.8120242333133252
Umu,1.575,Bc,0.00037916688877372623,0.0006649430696855851
Umu,1.575,tau,1.1990592878359205e-08,9.141623804385162e-09
Umu,1.575,induced_tau,1.911539718960728e-06,1.5958863149683685e-06
Umu,1.575,Kmeson,0.0,0.0
Umu,1.575,WZ,0.00038779611150896204,0.0005628756955164019
Umu,1.6,Bmeson,0.1744784971989624,0.16815742796354355
Umu,1.6,Dmeson,0.8246950134427634,0.830705947827894
Umu,1.6,Bc,0.00040396319831004804,0.000572855713739886
Umu,1.6,tau,4.3492857851433654e-09,2.748292150303038e-09
Umu,1.6,induced_tau,6.727853753457016e-07,4.4017480018633274e-07
Umu,1.6,Kmeson,0.0,0.0
Umu,1.6,WZ,0.0004218490253028237,0.0005633255717301353
Umu,1.625,Bmeson,0.1844043655832333,0.21073865237787973
Umu,1.625,Dmeson,0.8146803420075209,0.7878716475755703
Umu,1.625,Bc,0.00045094801597308473,0.0007059396607534075
Umu,1.625,tau,9.585634118654546e-10,6.870864315638975e-10
Umu,1.625,induced_tau,1.5353658528236146e-07,1.1603210890096237e-07
Umu,1.625,Kmeson,0.0,0.0
Umu,1.625,WZ,0.0004641898981241094,0.000683643666601044
Umu,1.65,Bmeson,0.19932799820157454,0.2004007323464411
Umu,1.65,Dmeson,0.7996569223987072,0.7982939085475372
Umu,1.65,Bc,0.0005005206148388475,0.0007027605336327562
Umu,1.65,tau,6.480786759548901e-11,3.8581969925154725e-11
Umu,1.65,induced_tau,1.0416433097354014e-08,7.327274561505932e-09
Umu,1.65,Kmeson,0.0,0.0
Umu,1.65,WZ,0.0005145483036383622,0.0006025912065324073
Umu,1.675,Bmeson,0.2109717671041144,0.2251022241060081
Umu,1.675,Dmeson,0.7878727113135378,0.7732045159549062
Umu,1.675,Bc,0.0005733453580294953,0.0008602793884187087
Umu,1.675,tau,0.0,0.0
Umu,1.675,induced_tau,0.0,0.0
Umu,1.675,Kmeson,0.0,0.0
Umu,1.675,WZ,0.0005821762243183677,0.0008329805506670093
Umu,1.7,Bmeson,0.2359119642813585,0.20404096283351394
Umu,1.7,Dmeson,0.7627790488617026,0.7944845509359094
Umu,1.7,Bc,0.0006482544283233471,0.0008346304248694845
Umu,1.7,tau,0.0,0.0
Umu,1.7,induced_tau,0.0,0.0
Umu,1.7,Kmeson,0.0,0.0
Umu,1.7,WZ,0.0006607324286155912,0.0006398558057073207
Umu,1.725,Bmeson,0.25991107938778035,0.2449210789636772
Umu,1.725,Dmeson,0.7385597634825325,0.7532209527564807
Umu,1.725,Bc,0.0007589379606013597,0.0010078151408149203
Umu,1.725,tau,0.0,0.0
Umu,1.725,induced_tau,0.0,0.0
Umu,1.725,Kmeson,0.0,0.0
Umu,1.725,WZ,0.0007702191690858127,0.0008501531390272054
Umu,1.75,Bmeson,0.29327270609608913,0.26951338928408036
Umu,1.75,Dmeson,0.7049006272832353,0.7283650957172735
Umu,1.75,Bc,0.0009073622649283815,0.0011515072337720438
Umu,1.75,tau,0.0,0.0
Umu,1.75,induced_tau,0.0,0.0
Umu,1.75,Kmeson,0.0,0.0
Umu,1.75,WZ,0.0009193043557471749,0.0009700077648742738
Umu,1.775,Bmeson,0.3498926202619282,0.34582668532046906
Umu,1.775,Dmeson,0.6478848235885719,0.6513254535945872
Umu,1.775,Bc,0.0011061817883636258,0.0015557573096051111
Umu,1.775,tau,0.0,0.0
Umu,1.775,induced_tau,0.0,0.0
Umu,1.775,Kmeson,0.0,0.0
Umu,1.775,WZ,0.0011163743611361447,0.0012921037753387116
Umu,1.8,Bmeson,0.4120727214857379,0.4029292181757725
Umu,1.8,Dmeson,0.5851862397967532,0.5934085819960911
Umu,1.8,Bc,0.0013765008647234418,0.0020657539309162695
Umu,1.8,tau,0.0,0.0
Umu,1.8,induced_tau,0.0,0.0
Umu,1.8,Kmeson,0.0,0.0
Umu,1.8,WZ,0.0013645378527853544,0.0015964458972201026
Umu,1.825,Bmeson,0.4965043705295213,0.45866882366783707
Umu,1.825,Dmeson,0.49995949543354445,0.5366171571275693
Umu,1.825,Bc,0.0017725246735191956,0.002470334286123077
Umu,1.825,tau,0.0,0.0
Umu,1.825,induced_tau,0.0,0.0
Umu,1.825,Kmeson,0.0,0.0
Umu,1.825,WZ,0.0017636093634150972,0.0022436849184705545
Umu,1.85,Bmeson,0.6637735386119504,0.6538517757941554
Umu,1.85,Dmeson,0.3313230117042866,0.338995526619304
Umu,1.85,Bc,0.0024615919105616295,0.0037375647455924754
Umu,1.85,tau,0.0,0.0
Umu,1.85,induced_tau,0.0,0.0
Umu,1.85,Kmeson,0.0,0.0
Umu,1.85,WZ,0.002441857773201401,0.0034151328409481665
Umu,1.875,Bmeson,0.9924181948551674,0.9869698307170502
Umu,1.875,Dmeson,0.0,0.0
Umu,1.875,Bc,0.003818630272280723,0.006450337464947577
Umu,1.875,tau,0.0,0.0
Umu,1.875,induced_tau,0.0,0.0
Umu,1.875,Kmeson,0.0,0.0
Umu,1.875,WZ,0.0037631748725520733,0.006579831818002314
Umu,1.9,Bmeson,0.9919190950222723,0.9864458634962109
Umu,1.9,Dmeson,0.0,0.0
Umu,1.9,Bc,0.004072330476933858,0.006252781171754694
Umu,1.9,tau,0.0,0.0
Umu,1.9,induced_tau,0.0,0.0
Umu,1.9,Kmeson,0.0,0.0
Umu,1.9,WZ,0.004008574500793883,0.007301355332034431
Umu,1.925,Bmeson,0.991648440431287,0.9881822091534043
Umu,1.925,Dmeson,0.0,0.0
Umu,1.925,Bc,0.004226424612318644,0.0060614955674616845
Umu,1.925,tau,0.0,0.0
Umu,1.925,induced_tau,0.0,0.0
Umu,1.925,Kmeson,0.0,0.0
Umu,1.925,WZ,0.004125134956394327,0.00575629527913389
Umu,1.95,Bmeson,0.9913584633326218,0.9858737364060877
Umu,1.95,Dmeson,0.0,0.0
Umu,1.95,Bc,0.0043770638605673895,0.007171127215211926
Umu,1.95,tau,0.0,0.0
Umu,1.95,induced_tau,0.0,0.0
Umu,1.95,Kmeson,0.0,0.0
Umu,1.95,WZ,0.004264472806810826,0.006955136378700363
Umu,1.975,Bmeson,0.9905924437582573,0.9854465493100502
Umu,1.975,Dmeson,0.0,0.0
Umu,1.975,Bc,0.004803154129107704,0.007627801624919598
Umu,1.975,tau,0.0,0.0
Umu,1.975,induced_tau,0.0,0.0
Umu,1.975,Kmeson,0.0,0.0
Umu,1.975,WZ,0.004604402112634949,0.0069256490650303915
Umu,2.0,Bmeson,0.9900992196405092,0.9833614666004754
Umu,2.0,Dmeson,0.0,0.0
Umu,2.0,Bc,0.005054217517710287,0.008325843349609202
Umu,2.0,tau,0.0,0.0
Umu,2.0,induced_tau,0.0,0.0
Umu,2.0,Kmeson,0.0,0.0
Umu,2.0,WZ,0.004846562841780571,0.008312690049915509
Umu,2.2,Bmeson,0.983735679141756,0.9749588909003312
Umu,2.2,Dmeson,0.0,0.0
Umu,2.2,Bc,0.0085549273413459,0.012173514362403352
Umu,2.2,tau,0.0,0.0
Umu,2.2,induced_tau,0.0,0.0
Umu,2.2,Kmeson,0.0,0.0
Umu,2.2,WZ,0.007709393516898025,0.012867594737265514
Umu,2.4,Bmeson,0.9700928734013952,0.9536134052311604
Umu,2.4,Dmeson,0.0,0.0
Umu,2.4,Bc,0.016249883927257742,0.024389511768962528
Umu,2.4,tau,0.0,0.0
Umu,2.4,induced_tau,0.0,0.0
Umu,2.4,Kmeson,0.0,0.0
Umu,2.4,WZ,0.013657242671347207,0.021997082999877047
Umu,2.6,Bmeson,0.937687563285646,0.8956321419495586
Umu,2.6,Dmeson,0.0,0.0
Umu,2.6,Bc,0.03496269108746421,0.051265138507954194
Umu,2.6,tau,0.0,0.0
Umu,2.6,induced_tau,0.0,0.0
Umu,2.6,Kmeson,0.0,0.0
Umu,2.6,WZ,0.02734974562688989,0.05310271954248714
Umu,2.8,Bmeson,0.8543573451161356,0.7342320171883457
Umu,2.8,Dmeson,0.0,0.0
Umu,2.8,Bc,0.08410729766320461,0.10293345272948266
Umu,2.8,tau,0.0,0.0
Umu,2.8,induced_tau,0.0,0.0
Umu,2.8,Kmeson,0.0,0.0
Umu,2.8,WZ,0.061535357220659795,0.16283453008217164
Umu,3.0,Bmeson,0.670970926650574,0.08498329589811594
Umu,3.0,Dmeson,0.0,0.0
Umu,3.0,Bc,0.19460380989182005,0.03740712932541211
Umu,3.0,tau,0.0,0.0
Umu,3.0,induced_tau,0.0,0.0
Umu,3.0,Kmeson,0.0,0.0
Umu,3.0,WZ,0.134425263457606,0.877609574776472
Umu,3.2,Bmeson,0.5227711449964869,0.06972858462170303
Umu,3.2,Dmeson,0.0,0.0
Umu,3.2,Bc,0.28731463362282783,0.030815530965414745
Umu,3.2,tau,0.0,0.0
Umu,3.2,induced_tau,0.0,0.0
Umu,3.2,Kmeson,0.0,0.0
Umu,3.2,WZ,0.1899142213806854,0.8994558844128822
Umu,3.4,Bmeson,0.46659199518477235,0.05733226127644422
Umu,3.4,Dmeson,0.0,0.0
Umu,3.4,Bc,0.32464935993088184,0.03636177261694952
Umu,3.4,tau,0.0,0.0
Umu,3.4,induced_tau,0.0,0.0
Umu,3.4,Kmeson,0.0,0.0
Umu,3.4,WZ,0.20875864488434573,0.9063059661066063
Umu,3.6,Bmeson,0.42120412779649535,0.047902600359678194
Umu,3.6,Dmeson,0.0,0.0
Umu,3.6,Bc,0.3537231472356574,0.03606161734596765
Umu,3.6,tau,0.0,0.0
Umu,3.6,induced_tau,0.0,0.0
Umu,3.6,Kmeson,0.0,0.0
Umu,3.6,WZ,0.22507272496784733,0.9160357822943542
Umu,3.8,Bmeson,0.37846241003678477,0.048363983192394266
Umu,3.8,Dmeson,0.0,0.0
Umu,3.8,Bc,0.37875265691749016,0.029432515476234402
Umu,3.8,tau,0.0,0.0
Umu,3.8,induced_tau,0.0,0.0
Umu,3.8,Kmeson,0.0,0.0
Umu,3.8,WZ,0.2427849330457251,0.9222035013313713
Umu,4.0,Bmeson,0.3243880922157018,0.0393573480922203
Umu,4.0,Dmeson,0.0,0.0
Umu,4.0,Bc,0.40741237955029874,0.0419452144771261
Umu,4.0,tau,0.0,0.0
Umu,4.0,induced_tau,0.0,0.0
Umu,4.0,Kmeson,0.0,0.0
Umu,4.0,WZ,0.2681995282339995,0.9186974374306536
Umu,4.2,Bmeson,0.26641179061065295,0.025348788104899315
Umu,4.2,Dmeson,0.0,0.0
Umu,4.2,Bc,0.43393754237044996,0.04033043597401214
Umu,4.2,tau,0.0,0.0
Umu,4.2,induced_tau,0.0,0.0
Umu,4.2,Kmeson,0.0,0.0
Umu,4.2,WZ,0.29965066701889703,0.9343207759210885
Umu,4.4,Bmeson,0.20659987413111824,0.022193611292230565
Umu,4.4,Dmeson,0.0,0.0
Umu,4.4,Bc,0.45547930761167177,0.033630079097661573
Umu,4.4,tau,0.0,0.0
Umu,4.4,induced_tau,0.0,0.0
Umu,4.4,Kmeson,0.0,0.0
Umu,4.4,WZ,0.33792081825721,0.9441763096101078
Umu,4.6,Bmeson,0.14536503241032694,0.0150255199075511
Umu,4.6,Dmeson,0.0,0.0
Umu,4.6,Bc,0.4696990515554535,0.03599491165130138
Umu,4.6,tau,0.0,0.0
Umu,4.6,induced_tau,0.0,0.0
Umu,4.6,Kmeson,0.0,0.0
Umu,4.6,WZ,0.38493591603421956,0.9489795684411475
Umu,4.8,Bmeson,0.08314387455227695,0.008512945960456746
Umu,4.8,Dmeson,0.0,0.0
Umu,4.8,Bc,0.4735891256190839,0.0251942431829666
Umu,4.8,tau,0.0,0.0
Umu,4.8,induced_tau,0.0,0.0
Umu,4.8,Kmeson,0.0,0.0
Umu,4.8,WZ,0.4432669998286391,0.9662928108565767
Umu,5.0,Bmeson,0.03166219522374948,0.003012895043659019
Umu,5.0,Dmeson,0.0,0.0
Umu,5.0,Bc,0.45802689491803655,0.027136675882542167
Umu,5.0,tau,0.0,0.0
Umu,5.0,induced_tau,0.0,0.0
Umu,5.0,Kmeson,0.0,0.0
Umu,5.0,WZ,0.510310909858214,0.9698504290737988
Umu,5.2,Bmeson,0.0,0.0
Umu,5.2,Dmeson,0.0,0.0
Umu,5.2,Bc,0.41667628972228327,0.025530118811794046
Umu,5.2,tau,0.0,0.0
Umu,5.2,induced_tau,0.0,0.0
Umu,5.2,Kmeson,0.0,0.0
Umu,5.2,WZ,0.5833237102777167,0.974469881188206
Umu,5.4,Bmeson,0.0,0.0
Umu,5.4,Dmeson,0.0,0.0
Umu,5.4,Bc,0.34528437735888684,0.021956704924084962
Umu,5.4,tau,0.0,0.0
Umu,5.4,induced_tau,0.0,0.0
Umu,5.4,Kmeson,0.0,0.0
Umu,5.4,WZ,0.6547156226411132,0.9780432950759151
Umu,5.5,Bmeson,0.0,0.0
Umu,5.5,Dmeson,0.0,0.0
Umu,5.5,Bc,0.3035807652012108,0.015964522197019795
Umu,5.5,tau,0.0,0.0
Umu,5.5,induced_tau,0.0,0.0
Umu,5.5,Kmeson,0.0,0.0
Umu,5.5,WZ,0.6964192347987893,0.9840354778029802
Umu,5.6,Bmeson,0.0,0.0
Umu,5.6,Dmeson,0.0,0.0
Umu,5.6,Bc,0.2580556400418594,0.015426874513858232
Umu,5.6,tau,0.0,0.0
Umu,5.6,induced_tau,0.0,0.0
Umu,5.6,Kmeson,0.0,0.0
Umu,5.6,WZ,0.7419443599581407,0.9845731254861417
Umu,5.8,Bmeson,0.0,0.0
Umu,5.8,Dmeson,0.0,0.0
Umu,5.8,Bc,0.15886181281836997,0.00966167848175872
Umu,5.8,tau,0.0,0.0
Umu,5.8,induced_tau,0.0,0.0
Umu,5.8,Kmeson,0.0,0.0
Umu,5.8,WZ,0.8411381871816299,0.9903383215182413
Umu,6.0,Bmeson,0.0,0.0
Umu,6.0,Dmeson,0.0,0.0
Umu,6.0,Bc,0.062324041188557895,0.0032015150796438556
Umu,6.0,tau,0.0,0.0
Umu,6.0,induced_tau,0.0,0.0
Umu,6.0,Kmeson,0.0,0.0
Umu,6.0,WZ,0.9376759588114421,0.9967984849203562
Umu,6.2,Bmeson,0.0,0.0
Umu,6.2,Dmeson,0.0,0.0
Umu,6.2,Bc,0.0,0.0
Umu,6.2,tau,0.0,0.0
Umu,6.2,induced_tau,0.0,0.0
Umu,6.2,Kmeson,0.0,0.0
Umu,6.2,WZ,1.0,1.0
Umu,6.4,Bmeson,0.0,0.0
Umu,6.4,Dmeson,0.0,0.0
Umu,6.4,Bc,0.0,0.0
Umu,6.4,tau,0.0,0.0
Umu,6.4,induced_tau,0.0,0.0
Umu,6.4,Kmeson,0.0,0.0
Umu,6.4,WZ,1.0,1.0
Umu,6.6,Bmeson,0.0,0.0
Umu,6.6,Dmeson,0.0,0.0
Umu,6.6,Bc,0.0,0.0
Umu,6.6,tau,0.0,0.0
Umu,6.6,induced_tau,0.0,0.0
Umu,6.6,Kmeson,0.0,0.0
Umu,6.6,WZ,1.0,1.0
Umu,6.8,Bmeson,0.0,0.0
Umu,6.8,Dmeson,0.0,0.0
Umu,6.8,Bc,0.0,0.0
Umu,6.8,tau,0.0,0.0
Umu,6.8,induced_tau,0.0,0.0
Umu,6.8,Kmeson,0.0,0.0
Umu,6.8,WZ,1.0,1.0
Umu,7.0,Bmeson,0.0,0.0
Umu,7.0,Dmeson,0.0,0.0
Umu,7.0,Bc,0.0,0.0
Umu,7.0,tau,0.0,0.0
Umu,7.0,induced_tau,0.0,0.0
Umu,7.0,Kmeson,0.0,0.0
Umu,7.0,WZ,1.0,1.0
Umu,7.2,Bmeson,0.0,0.0
Umu,7.2,Dmeson,0.0,0.0
Umu,7.2,Bc,0.0,0.0
Umu,7.2,tau,0.0,0.0
Umu,7.2,induced_tau,0.0,0.0
Umu,7.2,Kmeson,0.0,0.0
Umu,7.2,WZ,1.0,1.0
Umu,7.4,Bmeson,0.0,0.0
Umu,7.4,Dmeson,0.0,0.0
Umu,7.4,Bc,0.0,0.0
Umu,7.4,tau,0.0,0.0
Umu,7.4,induced_tau,0.0,0.0
Umu,7.4,Kmeson,0.0,0.0
Umu,7.4,WZ,1.0,1.0
Umu,7.6,Bmeson,0.0,0.0
Umu,7.6,Dmeson,0.0,0.0
Umu,7.6,Bc,0.0,0.0
Umu,7.6,tau,0.0,0.0
Umu,7.6,induced_tau,0.0,0.0
Umu,7.6,Kmeson,0.0,0.0
Umu,7.6,WZ,1.0,1.0
Umu,7.8,Bmeson,0.0,0.0
Umu,7.8,Dmeson,0.0,0.0
Umu,7.8,Bc,0.0,0.0
Umu,7.8,tau,0.0,0.0
Umu,7.8,induced_tau,0.0,0.0
Umu,7.8,Kmeson,0.0,0.0
Umu,7.8,WZ,1.0,1.0
Umu,8.0,Bmeson,0.0,0.0
Umu,8.0,Dmeson,0.0,0.0
Umu,8.0,Bc,0.0,0.0
Umu,8.0,tau,0.0,0.0
Umu,8.0,induced_tau,0.0,0.0
Umu,8.0,Kmeson,0.0,0.0
Umu,8.0,WZ,1.0,1.0
Umu,8.5,Bmeson,0.0,0.0
Umu,8.5,Dmeson,0.0,0.0
Umu,8.5,Bc,0.0,0.0
Umu,8.5,tau,0.0,0.0
Umu,8.5,induced_tau,0.0,0.0
Umu,8.5,Kmeson,0.0,0.0
Umu,8.5,WZ,1.0,1.0
Umu,9.0,Bmeson,0.0,0.0
Umu,9.0,Dmeson,0.0,0.0
Umu,9.0,Bc,0.0,0.0
Umu,9.0,tau,0.0,0.0
Umu,9.0,induced_tau,0.0,0.0
Umu,9.0,Kmeson,0.0,0.0
Umu,9.0,WZ,1.0,1.0
Umu,9.5,Bmeson,0.0,0.0
Umu,9.5,Dmeson,0.0,0.0
Umu,9.5,Bc,0.0,0.0
Umu,9.5,tau,0.0,0.0
Umu,9.5,induced_tau,0.0,0.0
Umu,9.5,Kmeson,0.0,0.0
Umu,9.5,WZ,1.0,1.0
Umu,10.0,Bmeson,0.0,0.0
Umu,10.0,Dmeson,0.0,0.0
Umu,10.0,Bc,0.0,0.0
Umu,10.0,tau,0.0,0.0
Umu,10.0,induced_tau,0.0,0.0
Umu,10.0,Kmeson,0.0,0.0
Umu,10.0,WZ,1.0,1.0
Utau,0.2,Bmeson,0.4687604621366775,0.4864431089681924
Utau,0.2,Dmeson,0.0,0.0
Utau,0.2,Bc,0.0015326999294227603,0.0033981148106499706
Utau,0.2,tau,0.003211730969377497,0.0023472930496139955
Utau,0.2,induced_tau,0.5249708194532395,0.5070153333264783
Utau,0.2,Kmeson,0.0,0.0
Utau,0.2,WZ,0.0015242875112826738,0.0007961498450653405
Utau,0.215,Bmeson,0.467257218341798,0.6112513463213697
Utau,0.215,Dmeson,0.0,0.0
Utau,0.215,Bc,0.0015540145260502442,0.004354952612069675
Utau,0.215,tau,0.0032221002892150736,0.00280531417864442
Utau,0.215,induced_tau,0.5264158100442679,0.3804752885012374
Utau,0.215,Kmeson,0.0,0.0
Utau,0.215,WZ,0.0015508567986687086,0.0011130983866787967
Utau,0.23,Bmeson,0.464034958206998,0.5288377163540436
Utau,0.23,Dmeson,0.0,0.0
Utau,0.23,Bc,0.0015777578025899244,0.003779279956402887
Utau,0.23,tau,0.00324822421577388,0.002529757857180765
Utau,0.23,induced_tau,0.5295690940754394,0.4638152737034493
Utau,0.23,Kmeson,0.0,0.0
Utau,0.23,WZ,0.0015699656991988126,0.0010379721289235386
Utau,0.245,Bmeson,0.4657138768377054,0.5082099255263645
Utau,0.245,Dmeson,0.0,0.0
Utau,0.245,Bc,0.0015850641806172464,0.004067033496178832
Utau,0.245,tau,0.003169252458117988,0.0024835669415994056
Utau,0.245,induced_tau,0.527947375468601,0.4839818719132455
Utau,0.245,Kmeson,0.0,0.0
Utau,0.245,WZ,0.0015844310549582576,0.0012576021226117682
Utau,0.26,Bmeson,0.47052447438885925,0.4728387030994011
Utau,0.26,Dmeson,0.0,0.0
Utau,0.26,Bc,0.0016287214845827462,0.0042451395108065145
Utau,0.26,tau,0.003243484646326386,0.002758482585534242
Utau,0.26,induced_tau,0.5229854222998104,0.5186797706480656
Utau,0.26,Kmeson,0.0,0.0
Utau,0.26,WZ,0.0016178971804210979,0.0014779041561925885
Utau,0.275,Bmeson,0.4686691930970482,0.5386586052712219
Utau,0.275,Dmeson,0.0,0.0
Utau,0.275,Bc,0.0016256961598747372,0.004845062809435125
Utau,0.275,tau,0.0032004524569045085,0.0030540687741076058
Utau,0.275,induced_tau,0.5248819906047666,0.4514932404123059
Utau,0.275,Kmeson,0.0,0.0
Utau,0.275,WZ,0.0016226676814059717,0.0019490227329295793
Utau,0.29,Bmeson,0.470653568155829,0.5803834892032375
Utau,0.29,Dmeson,0.0,0.0
Utau,0.29,Bc,0.0016310486629224669,0.0054352088644993735
Utau,0.29,tau,0.0031854138340534108,0.0034352184215925377
Utau,0.29,induced_tau,0.5228992306358242,0.4080020880218921
Utau,0.29,Kmeson,0.0,0.0
Utau,0.29,WZ,0.0016307387113709277,0.0027439954887786278
Utau,0.305,Bmeson,0.47222906172973955,0.5284510681524037
Utau,0.305,Dmeson,0.0,0.0
Utau,0.305,Bc,0.0016518944608886154,0.006380534173609513
Utau,0.305,tau,0.003141543619957162,0.0038068081184484672
Utau,0.305,induced_tau,0.5213238169275654,0.457371570601072
Utau,0.305,Kmeson,0.0,0.0
Utau,0.305,WZ,0.0016536832618491782,0.003990018954466226
Utau,0.32,Bmeson,0.4745252278397523,0.5426074817103163
Utau,0.32,Dmeson,0.0,0.0
Utau,0.32,Bc,0.0016786773491356218,0.006448120302796874
Utau,0.32,tau,0.0031579046154290268,0.004372212582233496
Utau,0.32,induced_tau,0.518961273408772,0.44156232366635867
Utau,0.32,Kmeson,0.0,0.0
Utau,0.32,WZ,0.0016769167869110043,0.005009861738294811
Utau,0.335,Bmeson,0.47320850521976493,0.5696099208409655
Utau,0.335,Dmeson,0.0,0.0
Utau,0.335,Bc,0.0016997153373405779,0.00729281189427184
Utau,0.335,tau,0.0031255498716390535,0.005123380831825666
Utau,0.335,induced_tau,0.5202756240827182,0.41204262207948644
Utau,0.335,Kmeson,0.0,0.0
Utau,0.335,WZ,0.001690605488537144,0.005931264353450492
Utau,0.35,Bmeson,0.4780390920755138,0.4991151661459
Utau,0.35,Dmeson,0.0,0.0
Utau,0.35,Bc,0.001721889541190496,0.007624185076832224
Utau,0.35,tau,0.00314744454830763,0.005555883653597576
Utau,0.35,induced_tau,0.5153697948893011,0.4811945861914016
Utau,0.35,Kmeson,0.0,0.0
Utau,0.35,WZ,0.0017217789456869489,0.006510178932268637
Utau,0.365,Bmeson,0.47920517983897837,0.503158479569638
Utau,0.365,Dmeson,0.0,0.0
Utau,0.365,Bc,0.001754115570313181,0.0073086758973775505
Utau,0.365,tau,0.0031251451767471913,0.005104180089797506
Utau,0.365,induced_tau,0.5141633044608351,0.4788797465842711
Utau,0.365,Kmeson,0.0,0.0
Utau,0.365,WZ,0.0017522549531260962,0.0055489178589158425
Utau,0.38,Bmeson,0.48348404863352573,0.5914673947753845
Utau,0.38,Dmeson,0.0,0.0
Utau,0.38,Bc,0.0017719163505207503,0.006937326705313458
Utau,0.38,tau,0.003155387757778622,0.005393043850024146
Utau,0.38,induced_tau,0.509808309358337,0.38997007323948085
Utau,0.38,Kmeson,0.0,0.0
Utau,0.38,WZ,0.0017803378998380783,0.006232161429797014
Utau,0.395,Bmeson,0.478155897507215,0.5285882807261129
Utau,0.395,Dmeson,0.0,0.0
Utau,0.395,Bc,0.0017904680721729353,0.007260616758178914
Utau,0.395,tau,0.0031049645804146386,0.005771357481583269
Utau,0.395,induced_tau,0.5151526978049928,0.4511615000688545
Utau,0.395,Kmeson,0.0,0.0
Utau,0.395,WZ,0.0017959720352045128,0.0072182449652704065
Utau,0.41,Bmeson,0.48554799295095796,0.580251016672029
Utau,0.41,Dmeson,0.0,0.0
Utau,0.41,Bc,0.0018245171738763,0.007332039361642581
Utau,0.41,tau,0.0031021525123691445,0.005998547652364403
Utau,0.41,induced_tau,0.507694482378741,0.39824253798731424
Utau,0.41,Kmeson,0.0,0.0
Utau,0.41,WZ,0.0018308549840555764,0.00817585832664959
Utau,0.425,Bmeson,0.48944860276097824,0.5067858276991674
Utau,0.425,Dmeson,0.0,0.0
Utau,0.425,Bc,0.0018382791762464438,0.006890259942420315
Utau,0.425,tau,0.003069513293662708,0.005162768749060747
Utau,0.425,induced_tau,0.50379964401868,0.47471935148592775
Utau,0.425,Kmeson,0.0,0.0
Utau,0.425,WZ,0.0018439607504326602,0.006441792123423873
Utau,0.44,Bmeson,0.48507940612471906,0.5128641824965602
Utau,0.44,Dmeson,0.0,0.0
Utau,0.44,Bc,0.0018837179317039035,0.007841217744830362
Utau,0.44,tau,0.003122689794337226,0.005725771750003268
Utau,0.44,induced_tau,0.5080218157311552,0.46622894920480146
Utau,0.44,Kmeson,0.0,0.0
Utau,0.44,WZ,0.001892370418084438,0.007339878803804595
Utau,0.455,Bmeson,0.4915637939182291,0.6376066583557146
Utau,0.455,Dmeson,0.0,0.0
Utau,0.455,Bc,0.0019013828278871454,0.0086689989493831
Utau,0.455,tau,0.0030333307714554723,0.0054713147095077274
Utau,0.455,induced_tau,0.5015924306833232,0.34131928136410106
Utau,0.455,Kmeson,0.0,0.0
Utau,0.455,WZ,0.0019090617991051634,0.006933746621293451
Utau,0.47,Bmeson,0.4874296356967892,0.5334322188423855
Utau,0.47,Dmeson,0.0,0.0
Utau,0.47,Bc,0.0019906516709734473,0.007213453232142045
Utau,0.47,tau,0.003102615585316575,0.005151945621664664
Utau,0.47,induced_tau,0.5054910784366752,0.44786999063961047
Utau,0.47,Kmeson,0.0,0.0
Utau,0.47,WZ,0.0019860186102455975,0.006332391664197299
Utau,0.485,Bmeson,0.49371920845912115,0.6057401407217189
Utau,0.485,Dmeson,0.0,0.0
Utau,0.485,Bc,0.002006856888398772,0.008701895253175015
Utau,0.485,tau,0.0030472836293915398,0.005285191269533155
Utau,0.485,induced_tau,0.4992120590539489,0.3733914709679336
Utau,0.485,Kmeson,0.0,0.0
Utau,0.485,WZ,0.002014591969139759,0.0068813017876392995
Utau,0.5,Bmeson,0.4923763672720855,0.6147407927181511
Utau,0.5,Dmeson,0.0,0.0
Utau,0.5,Bc,0.0020455969118638477,0.008726074005851493
Utau,0.5,tau,0.0030630506105585316,0.005251956765951683
Utau,0.5,induced_tau,0.500462894141327,0.3645379592270592
Utau,0.5,Kmeson,0.0,0.0
Utau,0.5,WZ,0.00205209106416506,0.006743217282986593
Utau,0.525,Bmeson,0.4959440930477176,0.469212129486117
Utau,0.525,Dmeson,0.0,0.0
Utau,0.525,Bc,0.002129668991777255,0.007651733747649003
Utau,0.525,tau,0.0030394296352233715,0.0049004405548695095
Utau,0.525,induced_tau,0.49675234378078525,0.5110732614088713
Utau,0.525,Kmeson,0.0,0.0
Utau,0.525,WZ,0.0021344645444965555,0.007162434802493132
Utau,0.55,Bmeson,0.5045296740531322,0.48766613425295796
Utau,0.55,Dmeson,0.0,0.0
Utau,0.55,Bc,0.002196135841095176,0.00711493921127211
Utau,0.55,tau,0.002978301331032962,0.004429165619688033
Utau,0.55,induced_tau,0.4880995036329944,0.49341871669307696
Utau,0.55,Kmeson,0.0,0.0
Utau,0.55,WZ,0.002196385141745196,0.007371044223004877
Utau,0.575,Bmeson,0.5054344083317162,0.44323623510798155
Utau,0.575,Dmeson,0.0,0.0
Utau,0.575,Bc,0.0022854251134198722,0.006525429249861916
Utau,0.575,tau,0.002960837283875488,0.0037080927178297445
Utau,0.575,induced_tau,0.48703421750464354,0.5403511772042279
Utau,0.575,Kmeson,0.0,0.0
Utau,0.575,WZ,0.0022851117663450376,0.006179065720098961
Utau,0.6,Bmeson,0.5079562347565469,0.6009784886144398
Utau,0.6,Dmeson,0.0,0.0
Utau,0.6,Bc,0.0023798355629963495,0.008584396006700428
Utau,0.6,tau,0.0029762551938532834,0.004447777151832876
Utau,0.6,induced_tau,0.4843057196481116,0.3791763251643615
Utau,0.6,Kmeson,0.0,0.0
Utau,0.6,WZ,0.002381954838491812,0.0068130130626653925
Utau,0.625,Bmeson,0.5144964071411835,0.5824408114466768
Utau,0.625,Dmeson,0.0,0.0
Utau,0.625,Bc,0.0024837495846884413,0.009471192728200576
Utau,0.625,tau,0.002928237388877755,0.004976043805457316
Utau,0.625,induced_tau,0.47760339510768157,0.39521123598668995
Utau,0.625,Kmeson,0.0,0.0
Utau,0.625,WZ,0.0024882107775688104,0.007900716032975251
Utau,0.65,Bmeson,0.5177442790776843,0.5694305059393693
Utau,0.65,Dmeson,0.0,0.0
Utau,0.65,Bc,0.002591847505494929,0.00860190518654515
Utau,0.65,tau,0.002895212316648178,0.004235331141457531
Utau,0.65,induced_tau,0.4741783656404514,0.41021682610212423
Utau,0.65,Kmeson,0.0,0.0
Utau,0.65,WZ,0.0025902954597212605,0.0075154316305037555
Utau,0.675,Bmeson,0.5242749611463289,0.5150123730499113
Utau,0.675,Dmeson,0.0,0.0
Utau,0.675,Bc,0.0027080214224584147,0.009276266011994177
Utau,0.675,tau,0.0028798952168798703,0.004641988813815345
Utau,0.675,induced_tau,0.46743034804443745,0.4618384759600445
Utau,0.675,Kmeson,0.0,0.0
Utau,0.675,WZ,0.0027067741698954405,0.009230896164234583
Utau,0.7,Bmeson,0.5239263391873606,0.4580766031339736
Utau,0.7,Dmeson,0.0,0.0
Utau,0.7,Bc,0.0028593605077791642,0.008413080091633095
Utau,0.7,tau,0.0028612655681705835,0.003483208455909505
Utau,0.7,induced_tau,0.4675040189528286,0.5229519364969074
Utau,0.7,Kmeson,0.0,0.0
Utau,0.7,WZ,0.002849015783861001,0.007075171821576396
Utau,0.725,Bmeson,0.5293523740296797,0.52990649386734
Utau,0.725,Dmeson,0.0,0.0
Utau,0.725,Bc,0.0030244297282030455,0.010055259586803965
Utau,0.725,tau,0.0028419429987430562,0.0035211081515853586
Utau,0.725,induced_tau,0.46177067449313947,0.44923330234928105
Utau,0.725,Kmeson,0.0,0.0
Utau,0.725,WZ,0.003010578750234625,0.007283836044989448
Utau,0.75,Bmeson,0.5357654775433934,0.5069385573825295
Utau,0.75,Dmeson,0.0,0.0
Utau,0.75,Bc,0.0031987509260195156,0.010003151129614547
Utau,0.75,tau,0.0028104483707717064,0.004209690396835093
Utau,0.75,induced_tau,0.4550546816078204,0.4689118724831891
Utau,0.75,Kmeson,0.0,0.0
Utau,0.75,WZ,0.003170641551994912,0.009936728607831706
Utau,0.775,Bmeson,0.541021873742107,0.5709418551564899
Utau,0.775,Dmeson,0.0,0.0
Utau,0.775,Bc,0.0033745035576552363,0.010137139866235864
Utau,0.775,tau,0.0027660838118177843,0.0034248075537978294
Utau,0.775,induced_tau,0.4494890162899391,0.40747076110915964
Utau,0.775,Kmeson,0.0,0.0
Utau,0.775,WZ,0.0033485225984807047,0.008025436314316717
Utau,0.8,Bmeson,0.5451190134640427,0.5778504262708224
Utau,0.8,Dmeson,0.0,0.0
Utau,0.8,Bc,0.0035773100482656113,0.013801656706258141
Utau,0.8,tau,0.0027230177167617007,0.004581176630164003
Utau,0.8,induced_tau,0.4450348176747389,0.39074383834359405
Utau,0.8,Kmeson,0.0,0.0
Utau,0.8,WZ,0.003545841096191118,0.013022902049161348
Utau,0.825,Bmeson,0.5513115437605962,0.4853134911557668
Utau,0.825,Dmeson,0.0,0.0
Utau,0.825,Bc,0.003822498142168471,0.01163006476306091
Utau,0.825,tau,0.0026701772631306845,0.0031909738897417683
Utau,0.825,induced_tau,0.43842028355711965,0.4906462021056891
Utau,0.825,Kmeson,0.0,0.0
Utau,0.825,WZ,0.0037754972769849593,0.00921926808574155
Utau,0.85,Bmeson,0.5571313144395321,0.5928585571597946
Utau,0.85,Dmeson,0.0,0.0
Utau,0.85,Bc,0.004122708678166722,0.015446427288879204
Utau,0.85,tau,0.0026318425248847517,0.0037996940139521738
Utau,0.85,induced_tau,0.43205496872724436,0.3762075939272509
Utau,0.85,Kmeson,0.0,0.0
Utau,0.85,WZ,0.004059165630172054,0.011687727610122938
Utau,0.875,Bmeson,0.5643396108229884,0.5674713543394794
Utau,0.875,Dmeson,0.0,0.0
Utau,0.875,Bc,0.004455528021153586,0.01295411859789445
Utau,0.875,tau,0.0025762145261473686,0.003126131584059172
Utau,0.875,induced_tau,0.4242614109362719,0.4067509577106328
Utau,0.875,Kmeson,0.0,0.0
Utau,0.875,WZ,0.0043672356934387506,0.009697437767934138
Utau,0.9,Bmeson,0.5740151410845649,0.6285535542369476
Utau,0.9,Dmeson,0.0,0.0
Utau,0.9,Bc,0.004886156298160429,0.014931168564353873
Utau,0.9,tau,0.0025251660686251673,0.002942412606333711
Utau,0.9,induced_tau,0.4137925746439183,0.3440701166461965
Utau,0.9,Kmeson,0.0,0.0
Utau,0.9,WZ,0.004780961904731182,0.009502747946168278
Utau,0.925,Bmeson,0.5868848923245591,0.5482790666510248
Utau,0.925,Dmeson,0.0,0.0
Utau,0.925,Bc,0.005263838124331169,0.014293917564593337
Utau,0.925,tau,0.0024417572038512607,0.0026222151111868195
Utau,0.925,induced_tau,0.40028672658319253,0.4237779333086942
Utau,0.925,Kmeson,0.0,0.0
Utau,0.925,WZ,0.0051227857640658465,0.011026867364500776
Utau,0.95,Bmeson,0.5988366062447593,0.6168056164741036
Utau,0.95,Dmeson,0.0,0.0
Utau,0.95,Bc,0.005767176797752552,0.017841053147080208
Utau,0.95,tau,0.002371068662451509,0.002579493859635275
Utau,0.95,induced_tau,0.3874368267096844,0.34989523139173667
Utau,0.95,Kmeson,0.0,0.0
Utau,0.95,WZ,0.005588321585352285,0.012878605127444234
Utau,0.975,Bmeson,0.6179721276585344,0.5839668681929536
Utau,0.975,Dmeson,0.0,0.0
Utau,0.975,Bc,0.006346345230888326,0.015119679770621309
Utau,0.975,tau,0.0022471702974590797,0.001940494848998043
Utau,0.975,induced_tau,0.36731432987297385,0.38994414231250174
Utau,0.975,Kmeson,0.0,0.0
Utau,0.975,WZ,0.006120026940144498,0.00902881487492539
Utau,1.0,Bmeson,0.6601381262514038,0.7162093786584687
Utau,1.0,Dmeson,0.0,0.0
Utau,1.0,Bc,0.00731015097363993,0.021314659407102893
Utau,1.0,tau,0.001985237802294526,0.0022772185706496652
Utau,1.0,induced_tau,0.3235535392366666,0.24706657327746637
Utau,1.0,Kmeson,0.0,0.0
Utau,1.0,WZ,0.00701294573599507,0.013132170086312418
Utau,1.025,Bmeson,0.6716903275815324,0.6861772065025918
Utau,1.025,Dmeson,0.0,0.0
Utau,1.025,Bc,0.008252545997723747,0.02410280333750055
Utau,1.025,tau,0.0019023967271709248,0.001844339798909858
Utau,1.025,induced_tau,0.3102789726710879,0.273949756914855
Utau,1.025,Kmeson,0.0,0.0
Utau,1.025,WZ,0.007875757022485337,0.013925893446142819
Utau,1.05,Bmeson,0.6761045241120731,0.6134644557114001
Utau,1.05,Dmeson,0.0,0.0
Utau,1.05,Bc,0.008912229214562953,0.027338577392976342
Utau,1.05,tau,0.0018641765723077608,0.002028823326503389
Utau,1.05,induced_tau,0.30467090764489996,0.33887686120177
Utau,1.05,Kmeson,0.0,0.0
Utau,1.05,WZ,0.00844816245615634,0.01829128236735013
Utau,1.075,Bmeson,0.6741277322229369,0.6789727437025496
Utau,1.075,Dmeson,0.0,0.0
Utau,1.075,Bc,0.009819444434860594,0.028598570984529757
Utau,1.075,tau,0.0018756635694518614,0.0021282210990013826
Utau,1.075,induced_tau,0.304915628160689,0.2697975086730163
Utau,1.075,Kmeson,0.0,0.0
Utau,1.075,WZ,0.009261531612061688,0.020502955540903135
Utau,1.1,Bmeson,0.6713883691039877,0.5986614090825126
Utau,1.1,Dmeson,0.0,0.0
Utau,1.1,Bc,0.010767935821698712,0.02482397564716417
Utau,1.1,tau,0.001859960748419139,0.0015843490615590624
Utau,1.1,induced_tau,0.3058976167877064,0.35900114185446125
Utau,1.1,Kmeson,0.0,0.0
Utau,1.1,WZ,0.0100861175381882,0.015929124354302875
Utau,1.125,Bmeson,0.6673931172957721,0.5770803927397617
Utau,1.125,Dmeson,0.0,0.0
Utau,1.125,Bc,0.011958871037400707,0.03584700515285276
Utau,1.125,tau,0.0018618750792487079,0.002145245920798934
Utau,1.125,induced_tau,0.3076665122908634,0.36018895831035014
Utau,1.125,Kmeson,0.0,0.0
Utau,1.125,WZ,0.011119624296715022,0.02473839787623645
Utau,1.15,Bmeson,0.6656220986415124,0.5591440149810611
Utau,1.15,Dmeson,0.0,0.0
Utau,1.15,Bc,0.013306882318774286,0.03460548904788276
Utau,1.15,tau,0.001878502964668876,0.0019489775074166239
Utau,1.15,induced_tau,0.3069135198830905,0.37944657076181454
Utau,1.15,Kmeson,0.0,0.0
Utau,1.15,WZ,0.012278996191953941,0.024854947701824823
Utau,1.175,Bmeson,0.6626586081652287,0.637767658004795
Utau,1.175,Dmeson,0.0,0.0
Utau,1.175,Bc,0.014775015192810426,0.04169802702525911
Utau,1.175,tau,0.0018812414370507295,0.0020918608517595566
Utau,1.175,induced_tau,0.3071503608643206,0.2897071220959401
Utau,1.175,Kmeson,0.0,0.0
Utau,1.175,WZ,0.013534774340589518,0.02873533202224646
Utau,1.2,Bmeson,0.6568085863168045,0.6103885514346087
Utau,1.2,Dmeson,0.0,0.0
Utau,1.2,Bc,0.016632516535902617,0.04357202054607927
Utau,1.2,tau,0.0018931095800424427,0.0018683306664790459
Utau,1.2,induced_tau,0.30955406009972103,0.31413107170856963
Utau,1.2,Kmeson,0.0,0.0
Utau,1.2,WZ,0.015111727467529399,0.030040025644263446
Utau,1.225,Bmeson,0.6524519276308564,0.6279720554797594
Utau,1.225,Dmeson,0.0,0.0
Utau,1.225,Bc,0.018648225280187215,0.04486531932452304
Utau,1.225,tau,0.0018993488717054992,0.0018526525068820192
Utau,1.225,induced_tau,0.3102000565505368,0.2930368274679332
Utau,1.225,Kmeson,0.0,0.0
Utau,1.225,WZ,0.01680044166671412,0.03227314522090235
Utau,1.25,Bmeson,0.641406199661928,0.6204388662852809
Utau,1.25,Dmeson,0.0,0.0
Utau,1.25,Bc,0.02133297277023294,0.05042420923521731
Utau,1.25,tau,0.0019330023013699716,0.0015144503307948387
Utau,1.25,induced_tau,0.316273691031989,0.2990889901965086
Utau,1.25,Kmeson,0.0,0.0
Utau,1.25,WZ,0.01905413423447998,0.02853348395219822
Utau,1.275,Bmeson,0.6314327836428365,0.6373089419076683
Utau,1.275,Dmeson,0.0,0.0
Utau,1.275,Bc,0.024376179486482415,0.06087385847910008
Utau,1.275,tau,0.0019607740636434843,0.0018774008380184222
Utau,1.275,induced_tau,0.3206593044245751,0.25920004212863135
Utau,1.275,Kmeson,0.0,0.0
Utau,1.275,WZ,0.02157095838246259,0.04073975664658184
Utau,1.3,Bmeson,0.6228539740934642,0.5972458897681369
Utau,1.3,Dmeson,0.0,0.0
Utau,1.3,Bc,0.028581564589910506,0.06877809855930087
Utau,1.3,tau,0.0019614823725813144,0.0018430218855411222
Utau,1.3,induced_tau,0.3215487606538931,0.285002265885477
Utau,1.3,Kmeson,0.0,0.0
Utau,1.3,WZ,0.025054218290150778,0.04713072390154415
Utau,1.325,Bmeson,0.6125887944831018,0.5644608491838337
Utau,1.325,Dmeson,0.0,0.0
Utau,1.325,Bc,0.03284755486695452,0.07007870476988
Utau,1.325,tau,0.00198869568629543,0.0016278772058049356
Utau,1.325,induced_tau,0.32406844508313976,0.31896951607834007
Utau,1.325,Kmeson,0.0,0.0
Utau,1.325,WZ,0.02850650988050865,0.04486305276214128
Utau,1.35,Bmeson,0.5943333284917569,0.5226718592801168
Utau,1.35,Dmeson,0.0,0.0
Utau,1.35,Bc,0.038330424448854566,0.07631861681198866
Utau,1.35,tau,0.00203417204285643,0.0018416570899649847
Utau,1.35,induced_tau,0.332375535981483,0.33852856415043314
Utau,1.35,Kmeson,0.0,0.0
Utau,1.35,WZ,0.03292653903504899,0.06063930266749627
Utau,1.375,Bmeson,0.5763757556233413,0.46443391035624393
Utau,1.375,Dmeson,0.0,0.0
Utau,1.375,Bc,0.0448669056349744,0.09224343518349697
Utau,1.375,tau,0.0020710032091756517,0.0019738958729870444
Utau,1.375,induced_tau,0.33854841676259884,0.36260362189481027
Utau,1.375,Kmeson,0.0,0.0
Utau,1.375,WZ,0.03813791876990985,0.07874513669246172
Utau,1.4,Bmeson,0.553981865923993,0.4845274330490284
Utau,1.4,Dmeson,0.0,0.0
Utau,1.4,Bc,0.05311681669503034,0.09689863894676902
Utau,1.4,tau,0.002119854357611554,0.001747547831862958
Utau,1.4,induced_tau,0.34612968841545233,0.33263429573850845
Utau,1.4,Kmeson,0.0,0.0
Utau,1.4,WZ,0.0446517746079128,0.0841920844338313
Utau,1.425,Bmeson,0.5352620710021355,0.061150236697183225
Utau,1.425,Dmeson,0.0,0.0
Utau,1.425,Bc,0.06237482850974913,0.022045622767978147
Utau,1.425,tau,0.0021306134517701594,0.006912765664780957
Utau,1.425,induced_tau,0.3483714258669262,0.007343731791488125
Utau,1.425,Kmeson,0.0,0.0
Utau,1.425,WZ,0.05186106116941896,0.9025476430785695
Utau,1.45,Bmeson,0.513829173753605,0.030914681926073908
Utau,1.45,Dmeson,0.0,0.0
Utau,1.45,Bc,0.07380674335984018,0.01895078002346586
Utau,1.45,tau,0.002138056834474434,0.006237775541176793
Utau,1.45,induced_tau,0.349536099339804,0.007493989575324485
Utau,1.45,Kmeson,0.0,0.0
Utau,1.45,WZ,0.06068992671227631,0.9364027729339589
Utau,1.475,Bmeson,0.5009839392700438,0.03123150421437793
Utau,1.475,Dmeson,0.0,0.0
Utau,1.475,Bc,0.08602886126576414,0.020770135536416226
Utau,1.475,tau,0.002086095481071246,0.005364140732910192
Utau,1.475,induced_tau,0.3409603119720324,0.0021800639467456006
Utau,1.475,Kmeson,0.0,0.0
Utau,1.475,WZ,0.0699407920110883,0.9404541555695501
Utau,1.5,Bmeson,0.4976875775176002,0.04691476196282543
Utau,1.5,Dmeson,0.0,0.0
Utau,1.5,Bc,0.09879686289193422,0.024351207553577815
Utau,1.5,tau,0.0019690290189446637,0.004538273300642223
Utau,1.5,induced_tau,0.32212549400566753,0.003747782422010206
Utau,1.5,Kmeson,0.0,0.0
Utau,1.5,WZ,0.07942103656585338,0.9204479747609444
Utau,1.525,Bmeson,0.500737866707109,0.02772100809287436
Utau,1.525,Dmeson,0.0,0.0
Utau,1.525,Bc,0.11262194606360972,0.016354272913794935
Utau,1.525,tau,0.001807255141046692,0.003626532170458239
Utau,1.525,induced_tau,0.2953333813671623,0.0017648297175378858
Utau,1.525,Kmeson,0.0,0.0
Utau,1.525,WZ,0.08949955072107238,0.9505333571053346
Utau,1.55,Bmeson,0.5027547989169169,0.022052698907055322
Utau,1.55,Dmeson,0.0,0.0
Utau,1.55,Bc,0.129293451718478,0.019734844076871618
Utau,1.55,tau,0.0016201061510868497,0.0031099002371063845
Utau,1.55,induced_tau,0.2647300749538961,0.0009867301295993273
Utau,1.55,Kmeson,0.0,0.0
Utau,1.55,WZ,0.10160156825962209,0.9541158266493674
Utau,1.575,Bmeson,0.5111760194148005,0.022732317799459695
Utau,1.575,Dmeson,0.0,0.0
Utau,1.575,Bc,0.14731584217298271,0.022122686782029638
Utau,1.575,tau,0.0013804740874595331,0.002445089571392829
Utau,1.575,induced_tau,0.2256614994536929,0.0017952435707031449
Utau,1.575,Kmeson,0.0,0.0
Utau,1.575,WZ,0.1144661648710644,0.9509046622764147
Utau,1.6,Bmeson,0.5325133187998199,0.04929808228956918
Utau,1.6,Dmeson,0.0,0.0
Utau,1.6,Bc,0.16408776581906726,0.019980736351404887
Utau,1.6,tau,0.001078071548514804,0.0017597225741165787
Utau,1.6,induced_tau,0.17619877564405595,0.0009712394270389043
Utau,1.6,Kmeson,0.0,0.0
Utau,1.6,WZ,0.1261220681885422,0.9279902193578704
Utau,1.625,Bmeson,0.5602506017750927,0.04035135100709063
Utau,1.625,Dmeson,0.0,0.0
Utau,1.625,Bc,0.18057162696879273,0.014635645460633364
Utau,1.625,tau,0.0007415345720107298,0.0011193034680540277
Utau,1.625,induced_tau,0.12119201375836111,0.0004863277178475986
Utau,1.625,Kmeson,0.0,0.0
Utau,1.625,WZ,0.1372442229257427,0.9434073723463743
Utau,1.65,Bmeson,0.6306633026235031,0.03459213519381641
Utau,1.65,Dmeson,0.0,0.0
Utau,1.65,Bc,0.2106591753155789,0.013123962605470453
Utau,1.65,tau,2.000524352258503e-06,2.7633205122651897e-06
Utau,1.65,induced_tau,0.0003218484243283142,1.7412297640234318e-06
Utau,1.65,Kmeson,0.0,0.0
Utau,1.65,WZ,0.1583536731122374,0.9522793976504368
Utau,1.675,Bmeson,0.6298883760095428,0.03588129815725222
Utau,1.675,Dmeson,0.0,0.0
Utau,1.675,Bc,0.21221406515989527,0.01936055760195108
Utau,1.675,tau,6.582841381604911e-07,9.030647180104501e-07
Utau,1.675,induced_tau,0.00010944218346105403,1.008726840954885e-06
Utau,1.675,Kmeson,0.0,0.0
Utau,1.675,WZ,0.15778745836296276,0.9447562324492378
Utau,1.7,Bmeson,0.624053289180689,0.03386907883176688
Utau,1.7,Dmeson,0.0,0.0
Utau,1.7,Bc,0.2165945042144511,0.017230847879634005
Utau,1.7,tau,1.6588803898204723e-07,2.2848309724696384e-07
Utau,1.7,induced_tau,2.6946304105087384e-05,1.212289772785162e-07
Utau,1.7,Kmeson,0.0,0.0
Utau,1.7,WZ,0.15932509441271583,0.9488997235765246
Utau,1.725,Bmeson,0.6224159265476321,0.027851609140319443
Utau,1.725,Dmeson,0.0,0.0
Utau,1.725,Bc,0.21855257291090255,0.020526060374824226
Utau,1.725,tau,2.4338140459048312e-08,3.4235093442585516e-08
Utau,1.725,induced_tau,3.950923114410798e-06,3.342768838352406e-08
Utau,1.725,Kmeson,0.0,0.0
Utau,1.725,WZ,0.15902752528021052,0.9516222628220745
Utau,1.75,Bmeson,0.6173186452374416,0.02142078909415357
Utau,1.75,Dmeson,0.0,0.0
Utau,1.75,Bc,0.2224816481650904,0.0198729465727762
Utau,1.75,tau,9.32771733954045e-10,1.3466054460980798e-09
Utau,1.75,induced_tau,1.5350676023576784e-07,1.4362029319307941e-09
Utau,1.75,Kmeson,0.0,0.0
Utau,1.75,WZ,0.1601995521579361,0.9587062615502618
Utau,1.775,Bmeson,0.611825376211739,0.029256621360221568
Utau,1.775,Dmeson,0.0,0.0
Utau,1.775,Bc,0.22665866279929028,0.014544814244994476
Utau,1.775,tau,1.2764336227274405e-15,1.836304551911177e-15
Utau,1.775,induced_tau,2.084223755146835e-13,1.1507400157560353e-15
Utau,1.775,Kmeson,0.0,0.0
Utau,1.775,WZ,0.16151596098876111,0.956198564394781
Utau,1.8,Bmeson,0.6092183557132923,0.01600962941162346
Utau,1.8,Dmeson,0.0,0.0
Utau,1.8,Bc,0.22917199552293924,0.02237452764563702
Utau,1.8,tau,0.0,0.0
Utau,1.8,induced_tau,0.0,0.0
Utau,1.8,Kmeson,0.0,0.0
Utau,1.8,WZ,0.16160964876376843,0.9616158429427395
Utau,1.825,Bmeson,0.6043421706171415,0.030176408529393753
Utau,1.825,Dmeson,0.0,0.0
Utau,1.825,Bc,0.23302212668641897,0.028278751729430236
Utau,1.825,tau,0.0,0.0
Utau,1.825,induced_tau,0.0,0.0
Utau,1.825,Kmeson,0.0,0.0
Utau,1.825,WZ,0.16263570269643954,0.941544839741176
Utau,1.85,Bmeson,0.6028731934298878,0.016033604666959803
Utau,1.85,Dmeson,0.0,0.0
Utau,1.85,Bc,0.23486068705897542,0.01821088846172639
Utau,1.85,tau,0.0,0.0
Utau,1.85,induced_tau,0.0,0.0
Utau,1.85,Kmeson,0.0,0.0
Utau,1.85,WZ,0.16226611951113684,0.9657555068713137
Utau,1.875,Bmeson,0.5966476631781306,0.028275821969993137
Utau,1.875,Dmeson,0.0,0.0
Utau,1.875,Bc,0.23951874406608242,0.028210129166297726
Utau,1.875,tau,0.0,0.0
Utau,1.875,induced_tau,0.0,0.0
Utau,1.875,Kmeson,0.0,0.0
Utau,1.875,WZ,0.16383359275578688,0.943514048863709
Utau,1.9,Bmeson,0.5931360979826723,0.045068287006083084
Utau,1.9,Dmeson,0.0,0.0
Utau,1.9,Bc,0.24257858141844202,0.023793207053395597
Utau,1.9,tau,0.0,0.0
Utau,1.9,induced_tau,0.0,0.0
Utau,1.9,Kmeson,0.0,0.0
Utau,1.9,WZ,0.16428532059888568,0.9311385059405213
Utau,1.925,Bmeson,0.5880338187950227,0.022922142569397758
Utau,1.925,Dmeson,0.0,0.0
Utau,1.925,Bc,0.24658356361855105,0.021480047447050316
Utau,1.925,tau,0.0,0.0
Utau,1.925,induced_tau,0.0,0.0
Utau,1.925,Kmeson,0.0,0.0
Utau,1.925,WZ,0.16538261758642642,0.955597809983552
Utau,1.95,Bmeson,0.5849234624899007,0.04013765044446388
Utau,1.95,Dmeson,0.0,0.0
Utau,1.95,Bc,0.2494035236849461,0.0175118038186524
Utau,1.95,tau,0.0,0.0
Utau,1.95,induced_tau,0.0,0.0
Utau,1.95,Kmeson,0.0,0.0
Utau,1.95,WZ,0.1656730138251533,0.9423505457368837
Utau,1.975,Bmeson,0.5795419829958718,0.04299375363742015
Utau,1.975,Dmeson,0.0,0.0
Utau,1.975,Bc,0.2535968014878935,0.021448471450780396
Utau,1.975,tau,0.0,0.0
Utau,1.975,induced_tau,0.0,0.0
Utau,1.975,Kmeson,0.0,0.0
Utau,1.975,WZ,0.16686121551623476,0.9355577749117995
Utau,2.0,Bmeson,0.5749170620649331,0.028425052732551408
Utau,2.0,Dmeson,0.0,0.0
Utau,2.0,Bc,0.2573375916833971,0.020563365218469094
Utau,2.0,tau,0.0,0.0
Utau,2.0,induced_tau,0.0,0.0
Utau,2.0,Kmeson,0.0,0.0
Utau,2.0,WZ,0.16774534625166984,0.9510115820489795
Utau,2.2,Bmeson,0.5365539827893973,0.03489816847834844
Utau,2.2,Dmeson,0.0,0.0
Utau,2.2,Bc,0.28821425441815224,0.025761100854408327
Utau,2.2,tau,0.0,0.0
Utau,2.2,induced_tau,0.0,0.0
Utau,2.2,Kmeson,0.0,0.0
Utau,2.2,WZ,0.17523176279245045,0.9393407306672433
Utau,2.4,Bmeson,0.49598277163303506,0.02035714090475877
Utau,2.4,Dmeson,0.0,0.0
Utau,2.4,Bc,0.3204149156178144,0.023946002061627933
Utau,2.4,tau,0.0,0.0
Utau,2.4,induced_tau,0.0,0.0
Utau,2.4,Kmeson,0.0,0.0
Utau,2.4,WZ,0.18360231274915065,0.9556968570336133
Utau,2.6,Bmeson,0.4566326083333618,0.03299206318428188
Utau,2.6,Dmeson,0.0,0.0
Utau,2.6,Bc,0.3513886597933817,0.022403397974316067
Utau,2.6,tau,0.0,0.0
Utau,2.6,induced_tau,0.0,0.0
Utau,2.6,Kmeson,0.0,0.0
Utau,2.6,WZ,0.1919787318732565,0.944604538841402
Utau,2.8,Bmeson,0.4078021376740621,0.02466827192270581
Utau,2.8,Dmeson,0.0,0.0
Utau,2.8,Bc,0.38757266738212803,0.021026579417845897
Utau,2.8,tau,0.0,0.0
Utau,2.8,induced_tau,0.0,0.0
Utau,2.8,Kmeson,0.0,0.0
Utau,2.8,WZ,0.20462519494380987,0.9543051486594484
Utau,3.0,Bmeson,0.3482115586119625,0.018790635979325336
Utau,3.0,Dmeson,0.0,0.0
Utau,3.0,Bc,0.42937910302707505,0.031962556937952434
Utau,3.0,tau,0.0,0.0
Utau,3.0,induced_tau,0.0,0.0
Utau,3.0,Kmeson,0.0,0.0
Utau,3.0,WZ,0.22240933836096244,0.9492468070827222
Utau,3.2,Bmeson,0.2674627666177127,0.014181144446482092
Utau,3.2,Dmeson,0.0,0.0
Utau,3.2,Bc,0.48285980574707177,0.043764990153523115
Utau,3.2,tau,0.0,0.0
Utau,3.2,induced_tau,0.0,0.0
Utau,3.2,Kmeson,0.0,0.0
Utau,3.2,WZ,0.24967742763521555,0.9420538653999948
Utau,3.4,Bmeson,0.1624539649657124,0.007871345024651416
Utau,3.4,Dmeson,0.0,0.0
Utau,3.4,Bc,0.5485199338232317,0.04119662295052502
Utau,3.4,tau,0.0,0.0
Utau,3.4,induced_tau,0.0,0.0
Utau,3.4,Kmeson,0.0,0.0
Utau,3.4,WZ,0.2890261012110559,0.9509320320248236
Utau,3.6,Bmeson,0.0,0.0
Utau,3.6,Dmeson,0.0,0.0
Utau,3.6,Bc,0.6447906467083374,0.036323439476508824
Utau,3.6,tau,0.0,0.0
Utau,3.6,induced_tau,0.0,0.0
Utau,3.6,Kmeson,0.0,0.0
Utau,3.6,WZ,0.3552093532916627,0.9636765605234912
Utau,3.8,Bmeson,0.0,0.0
Utau,3.8,Dmeson,0.0,0.0
Utau,3.8,Bc,0.6264971166574519,0.03408488840386397
Utau,3.8,tau,0.0,0.0
Utau,3.8,induced_tau,0.0,0.0
Utau,3.8,Kmeson,0.0,0.0
Utau,3.8,WZ,0.37350288334254805,0.9659151115961361
Utau,4.0,Bmeson,0.0,0.0
Utau,4.0,Dmeson,0.0,0.0
Utau,4.0,Bc,0.595333335306973,0.031687166806411045
Utau,4.0,tau,0.0,0.0
Utau,4.0,induced_tau,0.0,0.0
Utau,4.0,Kmeson,0.0,0.0
Utau,4.0,WZ,0.404666664693027,0.9683128331935889
Utau,4.2,Bmeson,0.0,0.0
Utau,4.2,Dmeson,0.0,0.0
Utau,4.2,Bc,0.5391162001156115,0.026747307603284733
Utau,4.2,tau,0.0,0.0
Utau,4.2,induced_tau,0.0,0.0
Utau,4.2,Kmeson,0.0,0.0
Utau,4.2,WZ,0.4608837998843886,0.9732526923967152
Utau,4.4,Bmeson,0.0,0.0
Utau,4.4,Dmeson,0.0,0.0
Utau,4.4,Bc,0.40529861040933324,0.016001690852513812
Utau,4.4,tau,0.0,0.0
Utau,4.4,induced_tau,0.0,0.0
Utau,4.4,Kmeson,0.0,0.0
Utau,4.4,WZ,0.5947013895906668,0.9839983091474861
Utau,4.6,Bmeson,0.0,0.0
Utau,4.6,Dmeson,0.0,0.0
Utau,4.6,Bc,0.0,0.0
Utau,4.6,tau,0.0,0.0
Utau,4.6,induced_tau,0.0,0.0
Utau,4.6,Kmeson,0.0,0.0
Utau,4.6,WZ,1.0,1.0
Utau,4.8,Bmeson,0.0,0.0
Utau,4.8,Dmeson,0.0,0.0
Utau,4.8,Bc,0.0,0.0
Utau,4.8,tau,0.0,0.0
Utau,4.8,induced_tau,0.0,0.0
Utau,4.8,Kmeson,0.0,0.0
Utau,4.8,WZ,1.0,1.0
Utau,5.0,Bmeson,0.0,0.0
Utau,5.0,Dmeson,0.0,0.0
Utau,5.0,Bc,0.0,0.0
Utau,5.0,tau,0.0,0.0
Utau,5.0,induced_tau,0.0,0.0
Utau,5.0,Kmeson,0.0,0.0
Utau,5.0,WZ,1.0,1.0
Utau,5.2,Bmeson,0.0,0.0
Utau,5.2,Dmeson,0.0,0.0
Utau,5.2,Bc,0.0,0.0
Utau,5.2,tau,0.0,0.0
Utau,5.2,induced_tau,0.0,0.0
Utau,5.2,Kmeson,0.0,0.0
Utau,5.2,WZ,1.0,1.0
Utau,5.4,Bmeson,0.0,0.0
Utau,5.4,Dmeson,0.0,0.0
Utau,5.4,Bc,0.0,0.0
Utau,5.4,tau,0.0,0.0
Utau,5.4,induced_tau,0.0,0.0
Utau,5.4,Kmeson,0.0,0.0
Utau,5.4,WZ,1.0,1.0
Utau,5.5,Bmeson,0.0,0.0
Utau,5.5,Dmeson,0.0,0.0
Utau,5.5,Bc,0.0,0.0
Utau,5.5,tau,0.0,0.0
Utau,5.5,induced_tau,0.0,0.0
Utau,5.5,Kmeson,0.0,0.0
Utau,5.5,WZ,1.0,1.0
Utau,5.6,Bmeson,0.0,0.0
Utau,5.6,Dmeson,0.0,0.0
Utau,5.6,Bc,0.0,0.0
Utau,5.6,tau,0.0,0.0
Utau,5.6,induced_tau,0.0,0.0
Utau,5.6,Kmeson,0.0,0.0
Utau,5.6,WZ,1.0,1.0
Utau,5.8,Bmeson,0.0,0.0
Utau,5.8,Dmeson,0.0,0.0
Utau,5.8,Bc,0.0,0.0
Utau,5.8,tau,0.0,0.0
Utau,5.8,induced_tau,0.0,0.0
Utau,5.8,Kmeson,0.0,0.0
Utau,5.8,WZ,1.0,1.0
Utau,6.0,Bmeson,0.0,0.0
Utau,6.0,Dmeson,0.0,0.0
Utau,6.0,Bc,0.0,0.0
Utau,6.0,tau,0.0,0.0
Utau,6.0,induced_tau,0.0,0.0
Utau,6.0,Kmeson,0.0,0.0
Utau,6.0,WZ,1.0,1.0
Utau,6.2,Bmeson,0.0,0.0
Utau,6.2,Dmeson,0.0,0.0
Utau,6.2,Bc,0.0,0.0
Utau,6.2,tau,0.0,0.0
Utau,6.2,induced_tau,0.0,0.0
Utau,6.2,Kmeson,0.0,0.0
Utau,6.2,WZ,1.0,1.0
Utau,6.4,Bmeson,0.0,0.0
Utau,6.4,Dmeson,0.0,0.0
Utau,6.4,Bc,0.0,0.0
Utau,6.4,tau,0.0,0.0
Utau,6.4,induced_tau,0.0,0.0
Utau,6.4,Kmeson,0.0,0.0
Utau,6.4,WZ,1.0,1.0
Utau,6.6,Bmeson,0.0,0.0
Utau,6.6,Dmeson,0.0,0.0
Utau,6.6,Bc,0.0,0.0
Utau,6.6,tau,0.0,0.0
Utau,6.6,induced_tau,0.0,0.0
Utau,6.6,Kmeson,0.0,0.0
Utau,6.6,WZ,1.0,1.0
Utau,6.8,Bmeson,0.0,0.0
Utau,6.8,Dmeson,0.0,0.0
Utau,6.8,Bc,0.0,0.0
Utau,6.8,tau,0.0,0.0
Utau,6.8,induced_tau,0.0,0.0
Utau,6.8,Kmeson,0.0,0.0
Utau,6.8,WZ,1.0,1.0
Utau,7.0,Bmeson,0.0,0.0
Utau,7.0,Dmeson,0.0,0.0
Utau,7.0,Bc,0.0,0.0
Utau,7.0,tau,0.0,0.0
Utau,7.0,induced_tau,0.0,0.0
Utau,7.0,Kmeson,0.0,0.0
Utau,7.0,WZ,1.0,1.0
Utau,7.2,Bmeson,0.0,0.0
Utau,7.2,Dmeson,0.0,0.0
Utau,7.2,Bc,0.0,0.0
Utau,7.2,tau,0.0,0.0
Utau,7.2,induced_tau,0.0,0.0
Utau,7.2,Kmeson,0.0,0.0
Utau,7.2,WZ,1.0,1.0
Utau,7.4,Bmeson,0.0,0.0
Utau,7.4,Dmeson,0.0,0.0
Utau,7.4,Bc,0.0,0.0
Utau,7.4,tau,0.0,0.0
Utau,7.4,induced_tau,0.0,0.0
Utau,7.4,Kmeson,0.0,0.0
Utau,7.4,WZ,1.0,1.0
Utau,7.6,Bmeson,0.0,0.0
Utau,7.6,Dmeson,0.0,0.0
Utau,7.6,Bc,0.0,0.0
Utau,7.6,tau,0.0,0.0
Utau,7.6,induced_tau,0.0,0.0
Utau,7.6,Kmeson,0.0,0.0
Utau,7.6,WZ,1.0,1.0
Utau,7.8,Bmeson,0.0,0.0
Utau,7.8,Dmeson,0.0,0.0
Utau,7.8,Bc,0.0,0.0
Utau,7.8,tau,0.0,0.0
Utau,7.8,induced_tau,0.0,0.0
Utau,7.8,Kmeson,0.0,0.0
Utau,7.8,WZ,1.0,1.0
Utau,8.0,Bmeson,0.0,0.0
Utau,8.0,Dmeson,0.0,0.0
Utau,8.0,Bc,0.0,0.0
Utau,8.0,tau,0.0,0.0
Utau,8.0,induced_tau,0.0,0.0
Utau,8.0,Kmeson,0.0,0.0
Utau,8.0,WZ,1.0,1.0
Utau,8.5,Bmeson,0.0,0.0
Utau,8.5,Dmeson,0.0,0.0
Utau,8.5,Bc,0.0,0.0
Utau,8.5,tau,0.0,0.0
Utau,8.5,induced_tau,0.0,0.0
Utau,8.5,Kmeson,0.0,0.0
Utau,8.5,WZ,1.0,1.0
Utau,9.0,Bmeson,0.0,0.0
Utau,9.0,Dmeson,0.0,0.0
Utau,9.0,Bc,0.0,0.0
Utau,9.0,tau,0.0,0.0
Utau,9.0,induced_tau,0.0,0.0
Utau,9.0,Kmeson,0.0,0.0
Utau,9.0,WZ,1.0,1.0
Utau,9.5,Bmeson,0.0,0.0
Utau,9.5,Dmeson,0.0,0.0
Utau,9.5,Bc,0.0,0.0
Utau,9.5,tau,0.0,0.0
Utau,9.5,induced_tau,0.0,0.0
Utau,9.5,Kmeson,0.0,0.0
Utau,9.5,WZ,1.0,1.0
Utau,10.0,Bmeson,0.0,0.0
Utau,10.0,Dmeson,0.0,0.0
Utau,10.0,Bc,0.0,0.0
Utau,10.0,tau,0.0,0.0
Utau,10.0,induced_tau,0.0,0.0
Utau,10.0,Kmeson,0.0,0.0
Utau,10.0,WZ,1.0,1.0
