flavor,boundary,item,classification,mass_bin_low_GeV,mass_bin_high_GeV,n_mass_points,median_low_shift_pct,median_high_shift_pct,min_shift_pct,max_shift_pct,max_abs_shift_pct,n_missing_boundaries
Ue,lower,bc_spectrum_and_normalization,unknowable; factor scenario,0.0,0.3,7,2.603768154418873e-05,-5.207525500816601e-05,-8.776009082778202e-05,4.3880182887257035e-05,8.776009082778202e-05,0
Ue,lower,bc_spectrum_and_normalization,unknowable; factor scenario,0.3,0.6,17,3.8102590105282275e-05,-7.62049424452016e-05,-0.013396540198828966,0.006701756884730514,0.013396540198828966,0
Ue,lower,bc_spectrum_and_normalization,unknowable; factor scenario,0.6,0.8999999999999999,12,0.0049965403985274826,-0.009989444304803197,-0.012262728761247566,0.00613400055284874,0.012262728761247566,0
Ue,lower,bc_spectrum_and_normalization,unknowable; factor scenario,0.8999999999999999,1.2,12,0.004458002126739302,-0.00891289442694898,-0.011107242766961178,0.005556070296175442,0.011107242766961178,0
Ue,lower,bc_spectrum_and_normalization,unknowable; factor scenario,1.2,1.5,12,0.005374365289567695,-0.010744376774096676,-0.014260150181255593,0.007133733516817564,0.014260150181255593,0
Ue,lower,bc_spectrum_and_normalization,unknowable; factor scenario,1.5,1.8,12,0.011668311865620229,-0.023317576137199536,-0.05886858409932527,0.029494907659222136,0.05886858409932527,0
Ue,lower,bc_spectrum_and_normalization,unknowable; factor scenario,1.7999999999999998,2.0999999999999996,9,0.07686822473176314,-0.15293054633540581,-0.2194943004063421,0.11059410550320337,0.2194943004063421,0
Ue,lower,bc_spectrum_and_normalization,unknowable; factor scenario,2.1,2.4,1,0.21414292618255892,-0.42191090951234633,-0.42191090951234633,0.21414292618255892,0.42191090951234633,0
Ue,lower,bc_spectrum_and_normalization,unknowable; factor scenario,2.4,2.6999999999999997,2,0.73997428410284,-1.4295617062153987,-2.089710236877085,1.0842330293945102,2.089710236877085,0
Ue,lower,bc_spectrum_and_normalization,unknowable; factor scenario,2.6999999999999997,2.9999999999999996,1,2.4247057006126838,-4.678479255922885,-4.678479255922885,2.4247057006126838,4.678479255922885,0
Ue,lower,bc_spectrum_and_normalization,unknowable; factor scenario,3.0,3.3,2,11.011406611097485,-15.046126107344875,-18.936090452447917,14.985349447620798,18.936090452447917,0
Ue,lower,bc_spectrum_and_normalization,unknowable; factor scenario,3.3,3.5999999999999996,1,21.251822244662666,-24.254946316280403,-24.254946316280403,21.251822244662666,24.254946316280403,0
Ue,lower,bc_spectrum_and_normalization,unknowable; factor scenario,3.5999999999999996,3.8999999999999995,2,22.4187103537312,-31.94605313392906,-35.19916257214434,24.999863306904004,35.19916257214434,0
Ue,lower,bc_spectrum_and_normalization,unknowable; factor scenario,3.9,4.2,1,10.541749149723012,-25.49804152509203,-25.49804152509203,10.541749149723012,25.49804152509203,0
Ue,lower,bc_spectrum_and_normalization,unknowable; factor scenario,4.2,4.5,2,,,,,,4
Ue,lower,bc_spectrum_and_normalization,unknowable; factor scenario,4.5,4.8,1,,,,,,2
Ue,lower,bc_spectrum_and_normalization,unknowable; factor scenario,4.8,5.1,2,,,,,,4
Ue,lower,bc_spectrum_and_normalization,unknowable; factor scenario,5.1,5.3999999999999995,1,,,,,,2
Ue,lower,bc_spectrum_and_normalization,unknowable; factor scenario,5.3999999999999995,5.699999999999999,3,,,,,,6
Ue,lower,bc_spectrum_and_normalization,unknowable; factor scenario,5.7,6.0,1,,,,,,2
Ue,lower,bc_spectrum_and_normalization,unknowable; factor scenario,6.0,6.3,2,,,,,,4
Ue,lower,bc_spectrum_and_normalization,unknowable; factor scenario,6.3,6.6,1,,,,,,2
Ue,lower,bc_spectrum_and_normalization,unknowable; factor scenario,6.6,6.8999999999999995,2,,,,,,4
Ue,lower,bc_spectrum_and_normalization,unknowable; factor scenario,6.8999999999999995,7.199999999999999,1,,,,,,2
Ue,lower,bc_spectrum_and_normalization,unknowable; factor scenario,7.199999999999999,7.499999999999999,2,,,,,,4
Ue,lower,bc_spectrum_and_normalization,unknowable; factor scenario,7.5,7.8,1,,,,,,2
Ue,lower,bc_spectrum_and_normalization,unknowable; factor scenario,7.8,8.1,2,,,,,,4
Ue,lower,bc_spectrum_and_normalization,unknowable; factor scenario,8.4,8.700000000000001,1,,,,,,2
Ue,lower,bc_spectrum_and_normalization,unknowable; factor scenario,9.0,9.3,1,,,,,,2
Ue,lower,bc_spectrum_and_normalization,unknowable; factor scenario,9.299999999999999,9.6,1,,,,,,2
Ue,lower,bc_spectrum_and_normalization,unknowable; factor scenario,9.9,10.200000000000001,1,,,,,,2
Ue,lower,charged_kaon_parent_transport,unknowable; transport scenario,0.0,0.3,7,210.43528159965524,19.259366479143104,19.073761909145603,212.44194374827882,212.44194374827882,0
Ue,lower,charged_kaon_parent_transport,unknowable; transport scenario,0.3,0.6,17,207.23447438342677,19.166778757633463,0.0,212.20396037659327,212.20396037659327,0
Ue,lower,charged_kaon_parent_transport,unknowable; transport scenario,0.6,0.8999999999999999,12,0.0,0.0,0.0,0.0,0.0,0
Ue,lower,charged_kaon_parent_transport,unknowable; transport scenario,0.8999999999999999,1.2,12,0.0,0.0,0.0,0.0,0.0,0
Ue,lower,charged_kaon_parent_transport,unknowable; transport scenario,1.2,1.5,12,0.0,0.0,0.0,0.0,0.0,0
Ue,lower,charged_kaon_parent_transport,unknowable; transport scenario,1.5,1.8,12,0.0,0.0,0.0,0.0,0.0,0
Ue,lower,charged_kaon_parent_transport,unknowable; transport scenario,1.7999999999999998,2.0999999999999996,9,0.0,0.0,0.0,0.0,0.0,0
Ue,lower,charged_kaon_parent_transport,unknowable; transport scenario,2.1,2.4,1,0.0,0.0,0.0,0.0,0.0,0
Ue,lower,charged_kaon_parent_transport,unknowable; transport scenario,2.4,2.6999999999999997,2,0.0,0.0,0.0,0.0,0.0,0
Ue,lower,charged_kaon_parent_transport,unknowable; transport scenario,2.6999999999999997,2.9999999999999996,1,0.0,0.0,0.0,0.0,0.0,0
Ue,lower,charged_kaon_parent_transport,unknowable; transport scenario,3.0,3.3,2,0.0,0.0,0.0,0.0,0.0,0
Ue,lower,charged_kaon_parent_transport,unknowable; transport scenario,3.3,3.5999999999999996,1,0.0,0.0,0.0,0.0,0.0,0
Ue,lower,charged_kaon_parent_transport,unknowable; transport scenario,3.5999999999999996,3.8999999999999995,2,0.0,0.0,0.0,0.0,0.0,0
Ue,lower,charged_kaon_parent_transport,unknowable; transport scenario,3.9,4.2,1,0.0,0.0,0.0,0.0,0.0,0
Ue,lower,charged_kaon_parent_transport,unknowable; transport scenario,4.2,4.5,2,,,,,,4
Ue,lower,charged_kaon_parent_transport,unknowable; transport scenario,4.5,4.8,1,,,,,,2
Ue,lower,charged_kaon_parent_transport,unknowable; transport scenario,4.8,5.1,2,,,,,,4
Ue,lower,charged_kaon_parent_transport,unknowable; transport scenario,5.1,5.3999999999999995,1,,,,,,2
Ue,lower,charged_kaon_parent_transport,unknowable; transport scenario,5.3999999999999995,5.699999999999999,3,,,,,,6
Ue,lower,charged_kaon_parent_transport,unknowable; transport scenario,5.7,6.0,1,,,,,,2
Ue,lower,charged_kaon_parent_transport,unknowable; transport scenario,6.0,6.3,2,,,,,,4
Ue,lower,charged_kaon_parent_transport,unknowable; transport scenario,6.3,6.6,1,,,,,,2
Ue,lower,charged_kaon_parent_transport,unknowable; transport scenario,6.6,6.8999999999999995,2,,,,,,4
Ue,lower,charged_kaon_parent_transport,unknowable; transport scenario,6.8999999999999995,7.199999999999999,1,,,,,,2
Ue,lower,charged_kaon_parent_transport,unknowable; transport scenario,7.199999999999999,7.499999999999999,2,,,,,,4
Ue,lower,charged_kaon_parent_transport,unknowable; transport scenario,7.5,7.8,1,,,,,,2
Ue,lower,charged_kaon_parent_transport,unknowable; transport scenario,7.8,8.1,2,,,,,,4
Ue,lower,charged_kaon_parent_transport,unknowable; transport scenario,8.4,8.700000000000001,1,,,,,,2
Ue,lower,charged_kaon_parent_transport,unknowable; transport scenario,9.0,9.3,1,,,,,,2
Ue,lower,charged_kaon_parent_transport,unknowable; transport scenario,9.299999999999999,9.6,1,,,,,,2
Ue,lower,charged_kaon_parent_transport,unknowable; transport scenario,9.9,10.200000000000001,1,,,,,,2
Ue,lower,combined_physics_model_rss,"engineering envelope, not confidence interval",0.0,0.3,7,-34.323287235446784,232.67095224941573,-34.523830310451196,234.3375532211894,234.3375532211894,0
Ue,lower,combined_physics_model_rss,"engineering envelope, not confidence interval",0.3,0.6,17,-30.807414684576273,228.94921087871413,-34.44589799898266,234.28374226379236,234.28374226379236,0
Ue,lower,combined_physics_model_rss,"engineering envelope, not confidence interval",0.6,0.8999999999999999,12,-31.965388137456674,43.37369426631056,-32.54570484602972,44.379075689261605,44.379075689261605,0
Ue,lower,combined_physics_model_rss,"engineering envelope, not confidence interval",0.8999999999999999,1.2,12,-32.25028938404904,44.00526396384382,-33.27417583839307,45.21134511529401,45.21134511529401,0
Ue,lower,combined_physics_model_rss,"engineering envelope, not confidence interval",1.2,1.5,12,-32.42896292763908,44.34174758548507,-33.19832280100727,45.11982937111594,45.11982937111594,0
Ue,lower,combined_physics_model_rss,"engineering envelope, not confidence interval",1.5,1.8,12,-31.74078810265133,43.0172673846037,-32.7188270676997,44.89209145435815,44.89209145435815,0
Ue,lower,combined_physics_model_rss,"engineering envelope, not confidence interval",1.7999999999999998,2.0999999999999996,9,-26.797878599206125,40.617888957094415,-29.806943763077033,41.983263853046246,41.983263853046246,0
Ue,lower,combined_physics_model_rss,"engineering envelope, not confidence interval",2.1,2.4,1,-25.631634896405544,43.0864287726388,-25.631634896405544,43.0864287726388,43.0864287726388,0
Ue,lower,combined_physics_model_rss,"engineering envelope, not confidence interval",2.4,2.6999999999999997,2,-26.176538271262846,44.31757039601807,-26.657362259677676,44.319901494792326,44.319901494792326,0
Ue,lower,combined_physics_model_rss,"engineering envelope, not confidence interval",2.6999999999999997,2.9999999999999996,1,-27.773146287489993,47.912352691117064,-27.773146287489993,47.912352691117064,47.912352691117064,0
Ue,lower,combined_physics_model_rss,"engineering envelope, not confidence interval",3.0,3.3,2,-32.055583554981496,57.05988953377451,-33.88987507061798,60.58825032353765,60.58825032353765,0
Ue,lower,combined_physics_model_rss,"engineering envelope, not confidence interval",3.3,3.5999999999999996,1,-38.31366155026815,70.01533096176729,-38.31366155026815,70.01533096176729,70.01533096176729,0
Ue,lower,combined_physics_model_rss,"engineering envelope, not confidence interval",3.5999999999999996,3.8999999999999995,2,-46.10126998216353,67.85003039473685,-49.328034024056535,75.49714903872061,75.49714903872061,0
Ue,lower,combined_physics_model_rss,"engineering envelope, not confidence interval",3.9,4.2,1,-38.50342664470979,57.3204029177387,-38.50342664470979,57.3204029177387,57.3204029177387,0
Ue,lower,csv_8_digit_serialization,quantitatively dismissed by rounding bound,0.0,0.3,7,9.4230487857061e-06,-9.423044022849325e-06,-1.1038344549518797e-05,1.1038350278269604e-05,1.1038350278269604e-05,0
Ue,lower,csv_8_digit_serialization,quantitatively dismissed by rounding bound,0.3,0.6,17,9.638279707679942e-06,-9.638274878209785e-06,-1.105469741302656e-05,1.1054703352719741e-05,1.1054703352719741e-05,0
Ue,lower,csv_8_digit_serialization,quantitatively dismissed by rounding bound,0.6,0.8999999999999999,12,1.032008879464641e-05,-1.0320083643211575e-05,-1.1258830923122076e-05,1.125883648533943e-05,1.125883648533943e-05,0
Ue,lower,csv_8_digit_serialization,quantitatively dismissed by rounding bound,0.8999999999999999,1.2,12,9.819209667583095e-06,-9.819204616068333e-06,-1.1305582670040337e-05,1.1305588443200065e-05,1.1305588443200065e-05,0
Ue,lower,csv_8_digit_serialization,quantitatively dismissed by rounding bound,1.2,1.5,12,1.0266601679909115e-05,-1.0266596339736367e-05,-1.112817277215683e-05,1.1128178711850012e-05,1.1128178711850012e-05,0
Ue,lower,csv_8_digit_serialization,quantitatively dismissed by rounding bound,1.5,1.8,12,1.0241941694744128e-05,-1.0241936543309293e-05,-1.1235909991302861e-05,1.1235916153040648e-05,1.1235916153040648e-05,0
Ue,lower,csv_8_digit_serialization,quantitatively dismissed by rounding bound,1.7999999999999998,2.0999999999999996,9,9.906331199793783e-06,-9.906326348119165e-06,-1.1225381579826887e-05,1.12253875306223e-05,1.12253875306223e-05,0
Ue,lower,csv_8_digit_serialization,quantitatively dismissed by rounding bound,2.1,2.4,1,1.086124752358586e-05,-1.0861242039084118e-05,-1.0861242039084118e-05,1.086124752358586e-05,1.086124752358586e-05,0
Ue,lower,csv_8_digit_serialization,quantitatively dismissed by rounding bound,2.4,2.6999999999999997,2,1.1227341334407726e-05,-1.1227335572350228e-05,-1.1883956063662993e-05,1.1883962192094089e-05,1.1883962192094089e-05,0
Ue,lower,csv_8_digit_serialization,quantitatively dismissed by rounding bound,2.6999999999999997,2.9999999999999996,1,1.0920879556231e-05,-1.0920874071729259e-05,-1.0920874071729259e-05,1.0920879556231e-05,1.0920879556231e-05,0
Ue,lower,csv_8_digit_serialization,quantitatively dismissed by rounding bound,3.0,3.3,2,1.4587153618350612e-05,-1.4587145719113792e-05,-1.642461658901695e-05,1.6424625837174744e-05,1.6424625837174744e-05,0
Ue,lower,csv_8_digit_serialization,quantitatively dismissed by rounding bound,3.3,3.5999999999999996,1,1.9725929800706865e-05,-1.9725918143365107e-05,-1.9725918143365107e-05,1.9725929800706865e-05,1.9725929800706865e-05,0
Ue,lower,csv_8_digit_serialization,quantitatively dismissed by rounding bound,3.5999999999999996,3.8999999999999995,2,2.9643927879074994e-05,-2.9643907173415585e-05,-3.487238033894613e-05,3.48724062071426e-05,3.48724062071426e-05,0
Ue,lower,csv_8_digit_serialization,quantitatively dismissed by rounding bound,3.9,4.2,1,3.990245522889069e-05,-3.9902423554227795e-05,-3.9902423554227795e-05,3.990245522889069e-05,3.990245522889069e-05,0
Ue,lower,csv_8_digit_serialization,quantitatively dismissed by rounding bound,4.2,4.5,2,,,,,,4
Ue,lower,csv_8_digit_serialization,quantitatively dismissed by rounding bound,4.5,4.8,1,,,,,,2
Ue,lower,csv_8_digit_serialization,quantitatively dismissed by rounding bound,4.8,5.1,2,,,,,,4
Ue,lower,csv_8_digit_serialization,quantitatively dismissed by rounding bound,5.1,5.3999999999999995,1,,,,,,2
Ue,lower,csv_8_digit_serialization,quantitatively dismissed by rounding bound,5.3999999999999995,5.699999999999999,3,,,,,,6
Ue,lower,csv_8_digit_serialization,quantitatively dismissed by rounding bound,5.7,6.0,1,,,,,,2
Ue,lower,csv_8_digit_serialization,quantitatively dismissed by rounding bound,6.0,6.3,2,,,,,,4
Ue,lower,csv_8_digit_serialization,quantitatively dismissed by rounding bound,6.3,6.6,1,,,,,,2
Ue,lower,csv_8_digit_serialization,quantitatively dismissed by rounding bound,6.6,6.8999999999999995,2,,,,,,4
Ue,lower,csv_8_digit_serialization,quantitatively dismissed by rounding bound,6.8999999999999995,7.199999999999999,1,,,,,,2
Ue,lower,csv_8_digit_serialization,quantitatively dismissed by rounding bound,7.199999999999999,7.499999999999999,2,,,,,,4
Ue,lower,csv_8_digit_serialization,quantitatively dismissed by rounding bound,7.5,7.8,1,,,,,,2
Ue,lower,csv_8_digit_serialization,quantitatively dismissed by rounding bound,7.8,8.1,2,,,,,,4
Ue,lower,csv_8_digit_serialization,quantitatively dismissed by rounding bound,8.4,8.700000000000001,1,,,,,,2
Ue,lower,csv_8_digit_serialization,quantitatively dismissed by rounding bound,9.0,9.3,1,,,,,,2
Ue,lower,csv_8_digit_serialization,quantitatively dismissed by rounding bound,9.299999999999999,9.6,1,,,,,,2
Ue,lower,csv_8_digit_serialization,quantitatively dismissed by rounding bound,9.9,10.200000000000001,1,,,,,,2
Ue,lower,current_code_rerun_proxy,direct code calculation; finite-MC proxy,0.0,0.3,7,-0.012156215041181362,-0.012156215041181362,-0.01987506264824468,-0.00927585680493559,0.01987506264824468,0
Ue,lower,current_code_rerun_proxy,direct code calculation; finite-MC proxy,0.3,0.6,17,-0.017814755974943086,-0.017814755974943086,-3.053640625395704,-0.008524394154152404,3.053640625395704,0
Ue,lower,current_code_rerun_proxy,direct code calculation; finite-MC proxy,0.6,0.8999999999999999,12,-2.1158174795170073,-2.1158174795170073,-3.1725668358572823,-1.349583245980257,3.1725668358572823,0
Ue,lower,current_code_rerun_proxy,direct code calculation; finite-MC proxy,0.8999999999999999,1.2,12,-1.7403608046294816,-1.7403608046294816,-2.38921835631124,-1.3762446350123136,2.38921835631124,0
Ue,lower,current_code_rerun_proxy,direct code calculation; finite-MC proxy,1.2,1.5,12,-1.7620597478366362,-1.7620597478366362,-3.552590908579112,-1.314028326118044,3.552590908579112,0
Ue,lower,current_code_rerun_proxy,direct code calculation; finite-MC proxy,1.5,1.8,12,-2.6954791391262,-2.6954791391262,-4.441477334388944,-1.262334208310778,4.441477334388944,0
Ue,lower,current_code_rerun_proxy,direct code calculation; finite-MC proxy,1.7999999999999998,2.0999999999999996,9,-8.101732953471286,-8.101732953471286,-12.412045756137402,-3.812153324158518,12.412045756137402,0
Ue,lower,current_code_rerun_proxy,direct code calculation; finite-MC proxy,2.1,2.4,1,-9.16651133149957,-9.16651133149957,-9.16651133149957,-9.16651133149957,9.16651133149957,0
Ue,lower,current_code_rerun_proxy,direct code calculation; finite-MC proxy,2.4,2.6999999999999997,2,-10.191524383497663,-10.191524383497663,-11.172997866210377,-9.21005090078495,11.172997866210377,0
Ue,lower,current_code_rerun_proxy,direct code calculation; finite-MC proxy,2.6999999999999997,2.9999999999999996,1,-9.905850354920332,-9.905850354920332,-9.905850354920332,-9.905850354920332,9.905850354920332,0
Ue,lower,current_code_rerun_proxy,direct code calculation; finite-MC proxy,3.0,3.3,2,-2.978049646462261,-2.978049646462261,-5.532774768018567,-0.42332452490595474,5.532774768018567,0
Ue,lower,current_code_rerun_proxy,direct code calculation; finite-MC proxy,3.3,3.5999999999999996,1,0.0,0.0,0.0,0.0,0.0,0
Ue,lower,current_code_rerun_proxy,direct code calculation; finite-MC proxy,3.5999999999999996,3.8999999999999995,2,0.0,0.0,0.0,0.0,0.0,0
Ue,lower,current_code_rerun_proxy,direct code calculation; finite-MC proxy,3.9,4.2,1,0.0,0.0,0.0,0.0,0.0,0
Ue,lower,current_code_rerun_proxy,direct code calculation; finite-MC proxy,4.2,4.5,2,,,,,,4
Ue,lower,current_code_rerun_proxy,direct code calculation; finite-MC proxy,4.5,4.8,1,,,,,,2
Ue,lower,current_code_rerun_proxy,direct code calculation; finite-MC proxy,4.8,5.1,2,,,,,,4
Ue,lower,current_code_rerun_proxy,direct code calculation; finite-MC proxy,5.1,5.3999999999999995,1,,,,,,2
Ue,lower,current_code_rerun_proxy,direct code calculation; finite-MC proxy,5.3999999999999995,5.699999999999999,3,,,,,,6
Ue,lower,current_code_rerun_proxy,direct code calculation; finite-MC proxy,5.7,6.0,1,,,,,,2
Ue,lower,current_code_rerun_proxy,direct code calculation; finite-MC proxy,6.0,6.3,2,,,,,,4
Ue,lower,current_code_rerun_proxy,direct code calculation; finite-MC proxy,6.3,6.6,1,,,,,,2
Ue,lower,current_code_rerun_proxy,direct code calculation; finite-MC proxy,6.6,6.8999999999999995,2,,,,,,4
Ue,lower,current_code_rerun_proxy,direct code calculation; finite-MC proxy,6.8999999999999995,7.199999999999999,1,,,,,,2
Ue,lower,current_code_rerun_proxy,direct code calculation; finite-MC proxy,7.199999999999999,7.499999999999999,2,,,,,,4
Ue,lower,current_code_rerun_proxy,direct code calculation; finite-MC proxy,7.5,7.8,1,,,,,,2
Ue,lower,current_code_rerun_proxy,direct code calculation; finite-MC proxy,7.8,8.1,2,,,,,,4
Ue,lower,current_code_rerun_proxy,direct code calculation; finite-MC proxy,8.4,8.700000000000001,1,,,,,,2
Ue,lower,current_code_rerun_proxy,direct code calculation; finite-MC proxy,9.0,9.3,1,,,,,,2
Ue,lower,current_code_rerun_proxy,direct code calculation; finite-MC proxy,9.299999999999999,9.6,1,,,,,,2
Ue,lower,current_code_rerun_proxy,direct code calculation; finite-MC proxy,9.9,10.200000000000001,1,,,,,,2
Ue,lower,detector_reconstruction_efficiency,unknowable; efficiency scenario,0.0,0.3,7,41.41132778362877,0.0,0.0,41.87174163198699,41.87174163198699,0
Ue,lower,detector_reconstruction_efficiency,unknowable; efficiency scenario,0.3,0.6,17,41.453755607201835,0.0,0.0,41.80661342699699,41.80661342699699,0
Ue,lower,detector_reconstruction_efficiency,unknowable; efficiency scenario,0.6,0.8999999999999999,12,41.432837992894676,0.0,0.0,41.873480960297414,41.873480960297414,0
Ue,lower,detector_reconstruction_efficiency,unknowable; efficiency scenario,0.8999999999999999,1.2,12,41.56695282923164,0.0,0.0,41.878691310782635,41.878691310782635,0
Ue,lower,detector_reconstruction_efficiency,unknowable; efficiency scenario,1.2,1.5,12,41.467333143742536,0.0,0.0,41.91405701491293,41.91405701491293,0
Ue,lower,detector_reconstruction_efficiency,unknowable; efficiency scenario,1.5,1.8,12,41.58556576509743,0.0,0.0,42.16221599734447,42.16221599734447,0
Ue,lower,detector_reconstruction_efficiency,unknowable; efficiency scenario,1.7999999999999998,2.0999999999999996,9,42.11071719957531,0.0,0.0,42.31792648912194,42.31792648912194,0
Ue,lower,detector_reconstruction_efficiency,unknowable; efficiency scenario,2.1,2.4,1,43.04293757542641,0.0,0.0,43.04293757542641,43.04293757542641,0
Ue,lower,detector_reconstruction_efficiency,unknowable; efficiency scenario,2.4,2.6999999999999997,2,45.30926592768719,0.0,0.0,46.17439277870188,46.17439277870188,0
Ue,lower,detector_reconstruction_efficiency,unknowable; efficiency scenario,2.6999999999999997,2.9999999999999996,1,52.18803001216339,0.0,0.0,52.18803001216339,52.18803001216339,0
Ue,lower,detector_reconstruction_efficiency,unknowable; efficiency scenario,3.0,3.3,2,79.64142933716977,0.0,0.0,92.68835274747909,92.68835274747909,0
Ue,lower,detector_reconstruction_efficiency,unknowable; efficiency scenario,3.3,3.5999999999999996,1,146.09554951758423,0.0,0.0,146.09554951758423,146.09554951758423,0
Ue,lower,detector_reconstruction_efficiency,unknowable; efficiency scenario,3.5999999999999996,3.8999999999999995,2,230.5690576538051,0.0,0.0,230.5690576538051,230.5690576538051,1
Ue,lower,detector_reconstruction_efficiency,unknowable; efficiency scenario,3.9,4.2,1,,0.0,0.0,0.0,0.0,1
Ue,lower,detector_reconstruction_efficiency,unknowable; efficiency scenario,4.2,4.5,2,,,,,,4
Ue,lower,detector_reconstruction_efficiency,unknowable; efficiency scenario,4.5,4.8,1,,,,,,2
Ue,lower,detector_reconstruction_efficiency,unknowable; efficiency scenario,4.8,5.1,2,,,,,,4
Ue,lower,detector_reconstruction_efficiency,unknowable; efficiency scenario,5.1,5.3999999999999995,1,,,,,,2
Ue,lower,detector_reconstruction_efficiency,unknowable; efficiency scenario,5.3999999999999995,5.699999999999999,3,,,,,,6
Ue,lower,detector_reconstruction_efficiency,unknowable; efficiency scenario,5.7,6.0,1,,,,,,2
Ue,lower,detector_reconstruction_efficiency,unknowable; efficiency scenario,6.0,6.3,2,,,,,,4
Ue,lower,detector_reconstruction_efficiency,unknowable; efficiency scenario,6.3,6.6,1,,,,,,2
Ue,lower,detector_reconstruction_efficiency,unknowable; efficiency scenario,6.6,6.8999999999999995,2,,,,,,4
Ue,lower,detector_reconstruction_efficiency,unknowable; efficiency scenario,6.8999999999999995,7.199999999999999,1,,,,,,2
Ue,lower,detector_reconstruction_efficiency,unknowable; efficiency scenario,7.199999999999999,7.499999999999999,2,,,,,,4
Ue,lower,detector_reconstruction_efficiency,unknowable; efficiency scenario,7.5,7.8,1,,,,,,2
Ue,lower,detector_reconstruction_efficiency,unknowable; efficiency scenario,7.8,8.1,2,,,,,,4
Ue,lower,detector_reconstruction_efficiency,unknowable; efficiency scenario,8.4,8.700000000000001,1,,,,,,2
Ue,lower,detector_reconstruction_efficiency,unknowable; efficiency scenario,9.0,9.3,1,,,,,,2
Ue,lower,detector_reconstruction_efficiency,unknowable; efficiency scenario,9.299999999999999,9.6,1,,,,,,2
Ue,lower,detector_reconstruction_efficiency,unknowable; efficiency scenario,9.9,10.200000000000001,1,,,,,,2
Ue,lower,exclusive_channel_closure_and_weak_cascades,proxy/reweight estimate,0.0,0.3,7,-0.017884844283011514,-0.07143751139554455,-0.10278480160788028,-0.011145917218124968,0.10278480160788028,0
Ue,lower,exclusive_channel_closure_and_weak_cascades,proxy/reweight estimate,0.3,0.6,17,-0.026131621313696396,-0.104303578652154,-14.188641478704678,-0.011977051625422508,14.188641478704678,0
Ue,lower,exclusive_channel_closure_and_weak_cascades,proxy/reweight estimate,0.6,0.8999999999999999,12,-4.254337038074729,-14.418778428675743,-14.576410538445206,-3.9042450820034547,14.576410538445206,0
Ue,lower,exclusive_channel_closure_and_weak_cascades,proxy/reweight estimate,0.8999999999999999,1.2,12,-4.266330241470051,-14.567413189493955,-14.959962988107655,-4.029672386651684,14.959962988107655,0
Ue,lower,exclusive_channel_closure_and_weak_cascades,proxy/reweight estimate,1.2,1.5,12,-4.35319537675794,-14.639927368131623,-14.911919718523038,-4.02342853656974,14.911919718523038,0
Ue,lower,exclusive_channel_closure_and_weak_cascades,proxy/reweight estimate,1.5,1.8,12,-4.146627244569445,-14.36060132053132,-14.726597051355029,-3.8346219955314065,14.726597051355029,0
Ue,lower,exclusive_channel_closure_and_weak_cascades,proxy/reweight estimate,1.7999999999999998,2.0999999999999996,9,-3.14472608718086,-10.916449707615673,-13.394523832142447,-2.448050642608479,13.394523832142447,0
Ue,lower,exclusive_channel_closure_and_weak_cascades,proxy/reweight estimate,2.1,2.4,1,-2.5315107935472425,-8.592218596416412,-8.592218596416412,-2.5315107935472425,8.592218596416412,0
Ue,lower,exclusive_channel_closure_and_weak_cascades,proxy/reweight estimate,2.4,2.6999999999999997,2,-2.5625396287510203,-8.986810340518197,-9.111969002017617,-2.4456299414432503,9.111969002017617,0
Ue,lower,exclusive_channel_closure_and_weak_cascades,proxy/reweight estimate,2.6999999999999997,2.9999999999999996,1,-2.4812717131696083,-9.358283532091626,-9.358283532091626,-2.4812717131696083,9.358283532091626,0
Ue,lower,exclusive_channel_closure_and_weak_cascades,proxy/reweight estimate,3.0,3.3,2,-2.4183336922457888,-8.785516243076474,-9.210380728344225,-2.331795294268879,9.210380728344225,0
Ue,lower,exclusive_channel_closure_and_weak_cascades,proxy/reweight estimate,3.3,3.5999999999999996,1,-2.3719055024053026,-8.736990118299392,-8.736990118299392,-2.3719055024053026,8.736990118299392,0
Ue,lower,exclusive_channel_closure_and_weak_cascades,proxy/reweight estimate,3.5999999999999996,3.8999999999999995,2,-2.399407762260136,-9.215109699961605,-9.4355306344845,-2.2710002852474043,9.4355306344845,0
Ue,lower,exclusive_channel_closure_and_weak_cascades,proxy/reweight estimate,3.9,4.2,1,-0.9831089271151172,-3.9883984768789182,-3.9883984768789182,-0.9831089271151172,3.9883984768789182,0
Ue,lower,exclusive_channel_closure_and_weak_cascades,proxy/reweight estimate,4.2,4.5,2,,,,,,4
Ue,lower,exclusive_channel_closure_and_weak_cascades,proxy/reweight estimate,4.5,4.8,1,,,,,,2
Ue,lower,exclusive_channel_closure_and_weak_cascades,proxy/reweight estimate,4.8,5.1,2,,,,,,4
Ue,lower,exclusive_channel_closure_and_weak_cascades,proxy/reweight estimate,5.1,5.3999999999999995,1,,,,,,2
Ue,lower,exclusive_channel_closure_and_weak_cascades,proxy/reweight estimate,5.3999999999999995,5.699999999999999,3,,,,,,6
Ue,lower,exclusive_channel_closure_and_weak_cascades,proxy/reweight estimate,5.7,6.0,1,,,,,,2
Ue,lower,exclusive_channel_closure_and_weak_cascades,proxy/reweight estimate,6.0,6.3,2,,,,,,4
Ue,lower,exclusive_channel_closure_and_weak_cascades,proxy/reweight estimate,6.3,6.6,1,,,,,,2
Ue,lower,exclusive_channel_closure_and_weak_cascades,proxy/reweight estimate,6.6,6.8999999999999995,2,,,,,,4
Ue,lower,exclusive_channel_closure_and_weak_cascades,proxy/reweight estimate,6.8999999999999995,7.199999999999999,1,,,,,,2
Ue,lower,exclusive_channel_closure_and_weak_cascades,proxy/reweight estimate,7.199999999999999,7.499999999999999,2,,,,,,4
Ue,lower,exclusive_channel_closure_and_weak_cascades,proxy/reweight estimate,7.5,7.8,1,,,,,,2
Ue,lower,exclusive_channel_closure_and_weak_cascades,proxy/reweight estimate,7.8,8.1,2,,,,,,4
Ue,lower,exclusive_channel_closure_and_weak_cascades,proxy/reweight estimate,8.4,8.700000000000001,1,,,,,,2
Ue,lower,exclusive_channel_closure_and_weak_cascades,proxy/reweight estimate,9.0,9.3,1,,,,,,2
Ue,lower,exclusive_channel_closure_and_weak_cascades,proxy/reweight estimate,9.299999999999999,9.6,1,,,,,,2
Ue,lower,exclusive_channel_closure_and_weak_cascades,proxy/reweight estimate,9.9,10.200000000000001,1,,,,,,2
Ue,lower,flat_ew_kfactor_and_wz_mixture,literature-informed range,0.0,0.3,7,2.714536018189051e-06,-2.71453552969092e-06,-4.407657161475953e-06,4.4076579497343005e-06,4.4076579497343005e-06,0
Ue,lower,flat_ew_kfactor_and_wz_mixture,literature-informed range,0.3,0.6,17,3.261226688699992e-06,-3.2612260003617166e-06,-0.0005693874743584182,0.0005694028645919502,0.0005694028645919502,0
Ue,lower,flat_ew_kfactor_and_wz_mixture,literature-informed range,0.6,0.8999999999999999,12,0.00035933961018974614,-0.0003593333954665656,-0.00047985856269638916,0.00047986904685437537,0.00047986904685437537,0
Ue,lower,flat_ew_kfactor_and_wz_mixture,literature-informed range,0.8999999999999999,1.2,12,0.00024352014539319455,-0.00024351697331947975,-0.00029678515705011677,0.00029678976734004436,0.00029678976734004436,0
Ue,lower,flat_ew_kfactor_and_wz_mixture,literature-informed range,1.2,1.5,12,0.00019653253487961209,-0.0001965305958862018,-0.0002609558462651762,0.00026095911551671236,0.00026095911551671236,0
Ue,lower,flat_ew_kfactor_and_wz_mixture,literature-informed range,1.5,1.8,12,0.00044094631060920264,-0.0004409372300395731,-0.0011113556833253213,0.0011114133564804618,0.0011114133564804618,0
Ue,lower,flat_ew_kfactor_and_wz_mixture,literature-informed range,1.7999999999999998,2.0999999999999996,9,0.0029190634408093885,-0.002918671762874858,-0.004309048204675925,0.004310066801616053,0.004310066801616053,0
Ue,lower,flat_ew_kfactor_and_wz_mixture,literature-informed range,2.1,2.4,1,0.008531858385629754,-0.008528386543626976,-0.008528386543626976,0.008531858385629754,0.008531858385629754,0
Ue,lower,flat_ew_kfactor_and_wz_mixture,literature-informed range,2.4,2.6999999999999997,2,0.03188613384799144,-0.031829693530666114,-0.04631247842276087,0.04641044867943478,0.04641044867943478,0
Ue,lower,flat_ew_kfactor_and_wz_mixture,literature-informed range,2.6999999999999997,2.9999999999999996,1,0.11488111367847775,-0.11418907297816583,-0.11418907297816583,0.11488111367847775,0.11488111367847775,0
Ue,lower,flat_ew_kfactor_and_wz_mixture,literature-informed range,3.0,3.3,2,0.8273522278703482,-0.7901754448692233,-1.1715532889817193,1.237014594689012,1.237014594689012,0
Ue,lower,flat_ew_kfactor_and_wz_mixture,literature-informed range,3.3,3.5999999999999996,1,2.435711721063294,-2.1976961269852824,-2.1976961269852824,2.435711721063294,2.435711721063294,0
Ue,lower,flat_ew_kfactor_and_wz_mixture,literature-informed range,3.5999999999999996,3.8999999999999995,2,11.133444350298062,-7.457450838644208,-10.899720780661703,17.400329212573485,17.400329212573485,0
Ue,lower,flat_ew_kfactor_and_wz_mixture,literature-informed range,3.9,4.2,1,38.494604057077254,-17.72445074430188,-17.72445074430188,38.494604057077254,38.494604057077254,0
Ue,lower,flat_ew_kfactor_and_wz_mixture,literature-informed range,4.2,4.5,2,,,,,,3
Ue,lower,flat_ew_kfactor_and_wz_mixture,literature-informed range,4.5,4.8,1,,,,,,2
Ue,lower,flat_ew_kfactor_and_wz_mixture,literature-informed range,4.8,5.1,2,,,,,,4
Ue,lower,flat_ew_kfactor_and_wz_mixture,literature-informed range,5.1,5.3999999999999995,1,,,,,,2
Ue,lower,flat_ew_kfactor_and_wz_mixture,literature-informed range,5.3999999999999995,5.699999999999999,3,,,,,,6
Ue,lower,flat_ew_kfactor_and_wz_mixture,literature-informed range,5.7,6.0,1,,,,,,2
Ue,lower,flat_ew_kfactor_and_wz_mixture,literature-informed range,6.0,6.3,2,,,,,,4
Ue,lower,flat_ew_kfactor_and_wz_mixture,literature-informed range,6.3,6.6,1,,,,,,2
Ue,lower,flat_ew_kfactor_and_wz_mixture,literature-informed range,6.6,6.8999999999999995,2,,,,,,4
Ue,lower,flat_ew_kfactor_and_wz_mixture,literature-informed range,6.8999999999999995,7.199999999999999,1,,,,,,2
Ue,lower,flat_ew_kfactor_and_wz_mixture,literature-informed range,7.199999999999999,7.499999999999999,2,,,,,,4
Ue,lower,flat_ew_kfactor_and_wz_mixture,literature-informed range,7.5,7.8,1,,,,,,2
Ue,lower,flat_ew_kfactor_and_wz_mixture,literature-informed range,7.8,8.1,2,,,,,,4
Ue,lower,flat_ew_kfactor_and_wz_mixture,literature-informed range,8.4,8.700000000000001,1,,,,,,2
Ue,lower,flat_ew_kfactor_and_wz_mixture,literature-informed range,9.0,9.3,1,,,,,,2
Ue,lower,flat_ew_kfactor_and_wz_mixture,literature-informed range,9.299999999999999,9.6,1,,,,,,2
Ue,lower,flat_ew_kfactor_and_wz_mixture,literature-informed range,9.9,10.200000000000001,1,,,,,,2
Ue,lower,fonll_bottom_scale_pdf,literature-informed range,0.0,0.3,7,0.015883174721964544,-0.01586977729512995,-0.02198806846664958,0.0220111260150313,0.0220111260150313,0
Ue,lower,fonll_bottom_scale_pdf,literature-informed range,0.3,0.6,17,0.019569799630314577,-0.019548942305291916,-3.149313308690871,3.7629174676392596,3.7629174676392596,0
Ue,lower,fonll_bottom_scale_pdf,literature-informed range,0.6,0.8999999999999999,12,2.859635986641884,-2.627897608143509,-3.0675742009410922,3.3116111387459624,3.3116111387459624,0
Ue,lower,fonll_bottom_scale_pdf,literature-informed range,0.8999999999999999,1.2,12,2.2697199425665504,-2.0658833990546634,-2.375640262762868,2.717130707037274,2.717130707037274,0
Ue,lower,fonll_bottom_scale_pdf,literature-informed range,1.2,1.5,12,2.3012789376588128,-2.085020256749648,-2.417759748617987,2.541792748309546,2.541792748309546,0
Ue,lower,fonll_bottom_scale_pdf,literature-informed range,1.5,1.8,12,3.058155698574394,-2.918752996498025,-5.209067544048274,5.807011490788372,5.807011490788372,0
Ue,lower,fonll_bottom_scale_pdf,literature-informed range,1.7999999999999998,2.0999999999999996,9,12.51856999403238,-9.249984322438277,-12.385723742245503,19.464189861854187,19.464189861854187,0
Ue,lower,fonll_bottom_scale_pdf,literature-informed range,2.1,2.4,1,20.095009852457025,-12.54238538693252,-12.54238538693252,20.095009852457025,20.095009852457025,0
Ue,lower,fonll_bottom_scale_pdf,literature-informed range,2.4,2.6999999999999997,2,20.292407943433087,-12.705084878068378,-12.754485774432144,20.66068714911311,20.66068714911311,0
Ue,lower,fonll_bottom_scale_pdf,literature-informed range,2.6999999999999997,2.9999999999999996,1,20.462482683840744,-12.923093422446353,-12.923093422446353,20.462482683840744,20.462482683840744,0
Ue,lower,fonll_bottom_scale_pdf,literature-informed range,3.0,3.3,2,18.552769391211257,-12.447576663553056,-12.787249600427996,19.572815338616458,19.572815338616458,0
Ue,lower,fonll_bottom_scale_pdf,literature-informed range,3.3,3.5999999999999996,1,17.54502176610846,-12.542273655336189,-12.542273655336189,17.54502176610846,17.54502176610846,0
Ue,lower,fonll_bottom_scale_pdf,literature-informed range,3.5999999999999996,3.8999999999999995,2,16.052649565805623,-13.401134567300694,-13.482055655417625,18.26559484757302,18.26559484757302,0
Ue,lower,fonll_bottom_scale_pdf,literature-informed range,3.9,4.2,1,5.697220740461817,-6.036378208227289,-6.036378208227289,5.697220740461817,6.036378208227289,0
Ue,lower,fonll_bottom_scale_pdf,literature-informed range,4.2,4.5,2,,,,,,4
Ue,lower,fonll_bottom_scale_pdf,literature-informed range,4.5,4.8,1,,,,,,2
Ue,lower,fonll_bottom_scale_pdf,literature-informed range,4.8,5.1,2,,,,,,4
Ue,lower,fonll_bottom_scale_pdf,literature-informed range,5.1,5.3999999999999995,1,,,,,,2
Ue,lower,fonll_bottom_scale_pdf,literature-informed range,5.3999999999999995,5.699999999999999,3,,,,,,6
Ue,lower,fonll_bottom_scale_pdf,literature-informed range,5.7,6.0,1,,,,,,2
Ue,lower,fonll_bottom_scale_pdf,literature-informed range,6.0,6.3,2,,,,,,4
Ue,lower,fonll_bottom_scale_pdf,literature-informed range,6.3,6.6,1,,,,,,2
Ue,lower,fonll_bottom_scale_pdf,literature-informed range,6.6,6.8999999999999995,2,,,,,,4
Ue,lower,fonll_bottom_scale_pdf,literature-informed range,6.8999999999999995,7.199999999999999,1,,,,,,2
Ue,lower,fonll_bottom_scale_pdf,literature-informed range,7.199999999999999,7.499999999999999,2,,,,,,4
Ue,lower,fonll_bottom_scale_pdf,literature-informed range,7.5,7.8,1,,,,,,2
Ue,lower,fonll_bottom_scale_pdf,literature-informed range,7.8,8.1,2,,,,,,4
Ue,lower,fonll_bottom_scale_pdf,literature-informed range,8.4,8.700000000000001,1,,,,,,2
Ue,lower,fonll_bottom_scale_pdf,literature-informed range,9.0,9.3,1,,,,,,2
Ue,lower,fonll_bottom_scale_pdf,literature-informed range,9.299999999999999,9.6,1,,,,,,2
Ue,lower,fonll_bottom_scale_pdf,literature-informed range,9.9,10.200000000000001,1,,,,,,2
Ue,lower,fonll_charm_scale_pdf,literature-informed range,0.0,0.3,7,0.061607319203438315,-0.07672650125701841,-0.11124225611706118,0.089420321214706,0.11124225611706118,0
Ue,lower,fonll_charm_scale_pdf,literature-informed range,0.3,0.6,17,0.09236058828314686,-0.11480040440360328,-15.390945207634,21.517354391932297,21.517354391932297,0
Ue,lower,fonll_charm_scale_pdf,literature-informed range,0.6,0.8999999999999999,12,22.096587479043528,-15.847623907810188,-16.12881047976089,23.444518048854345,23.444518048854345,0
Ue,lower,fonll_charm_scale_pdf,literature-informed range,0.8999999999999999,1.2,12,23.27492953470226,-16.289521465987857,-16.90140355539853,24.550849035245047,24.550849035245047,0
Ue,lower,fonll_charm_scale_pdf,literature-informed range,1.2,1.5,12,23.45383999886719,-16.33213621931378,-16.832540319124412,24.33369648735495,24.33369648735495,0
Ue,lower,fonll_charm_scale_pdf,literature-informed range,1.5,1.8,12,21.07418162469924,-15.574559419091845,-16.3453626738431,23.900702524065288,23.900702524065288,0
Ue,lower,fonll_charm_scale_pdf,literature-informed range,1.7999999999999998,2.0999999999999996,9,6.398211790493624,-7.058637291659897,-13.283220399333795,16.66704719687999,16.66704719687999,0
Ue,lower,fonll_charm_scale_pdf,literature-informed range,2.1,2.4,1,0.0,0.0,0.0,0.0,0.0,0
Ue,lower,fonll_charm_scale_pdf,literature-informed range,2.4,2.6999999999999997,2,0.0,0.0,0.0,0.0,0.0,0
Ue,lower,fonll_charm_scale_pdf,literature-informed range,2.6999999999999997,2.9999999999999996,1,0.0,0.0,0.0,0.0,0.0,0
Ue,lower,fonll_charm_scale_pdf,literature-informed range,3.0,3.3,2,0.0,0.0,0.0,0.0,0.0,0
Ue,lower,fonll_charm_scale_pdf,literature-informed range,3.3,3.5999999999999996,1,0.0,0.0,0.0,0.0,0.0,0
Ue,lower,fonll_charm_scale_pdf,literature-informed range,3.5999999999999996,3.8999999999999995,2,0.0,0.0,0.0,0.0,0.0,0
Ue,lower,fonll_charm_scale_pdf,literature-informed range,3.9,4.2,1,0.0,0.0,0.0,0.0,0.0,0
Ue,lower,fonll_charm_scale_pdf,literature-informed range,4.2,4.5,2,,,,,,4
Ue,lower,fonll_charm_scale_pdf,literature-informed range,4.5,4.8,1,,,,,,2
Ue,lower,fonll_charm_scale_pdf,literature-informed range,4.8,5.1,2,,,,,,4
Ue,lower,fonll_charm_scale_pdf,literature-informed range,5.1,5.3999999999999995,1,,,,,,2
Ue,lower,fonll_charm_scale_pdf,literature-informed range,5.3999999999999995,5.699999999999999,3,,,,,,6
Ue,lower,fonll_charm_scale_pdf,literature-informed range,5.7,6.0,1,,,,,,2
Ue,lower,fonll_charm_scale_pdf,literature-informed range,6.0,6.3,2,,,,,,4
Ue,lower,fonll_charm_scale_pdf,literature-informed range,6.3,6.6,1,,,,,,2
Ue,lower,fonll_charm_scale_pdf,literature-informed range,6.6,6.8999999999999995,2,,,,,,4
Ue,lower,fonll_charm_scale_pdf,literature-informed range,6.8999999999999995,7.199999999999999,1,,,,,,2
Ue,lower,fonll_charm_scale_pdf,literature-informed range,7.199999999999999,7.499999999999999,2,,,,,,4
Ue,lower,fonll_charm_scale_pdf,literature-informed range,7.5,7.8,1,,,,,,2
Ue,lower,fonll_charm_scale_pdf,literature-informed range,7.8,8.1,2,,,,,,4
Ue,lower,fonll_charm_scale_pdf,literature-informed range,8.4,8.700000000000001,1,,,,,,2
Ue,lower,fonll_charm_scale_pdf,literature-informed range,9.0,9.3,1,,,,,,2
Ue,lower,fonll_charm_scale_pdf,literature-informed range,9.299999999999999,9.6,1,,,,,,2
Ue,lower,fonll_charm_scale_pdf,literature-informed range,9.9,10.200000000000001,1,,,,,,2
Ue,lower,fragmentation_fraction_extrapolation,literature-informed range,0.0,0.3,7,0.030781775365928965,-0.030731495907498907,-0.044005387895584835,0.04409783789680599,0.04409783789680599,0
Ue,lower,fragmentation_fraction_extrapolation,literature-informed range,0.3,0.6,17,0.044110621965764985,-0.044004796058572104,-6.68269893738489,8.81992950268291,8.81992950268291,0
Ue,lower,fragmentation_fraction_extrapolation,literature-informed range,0.6,0.8999999999999999,12,8.478961861581402,-6.598954589817541,-7.078945104751877,8.760410829001163,8.760410829001163,0
Ue,lower,fragmentation_fraction_extrapolation,literature-informed range,0.8999999999999999,1.2,12,8.560387213544784,-6.666311482958165,-7.098542351807124,8.82090546516614,8.82090546516614,0
Ue,lower,fragmentation_fraction_extrapolation,literature-informed range,1.2,1.5,12,8.478331765205228,-6.669410855555514,-7.091470484350593,8.811355571474323,8.811355571474323,0
Ue,lower,fragmentation_fraction_extrapolation,literature-informed range,1.5,1.8,12,8.463666225386845,-6.770890000129853,-7.096268451434851,8.83765679288091,8.83765679288091,0
Ue,lower,fragmentation_fraction_extrapolation,literature-informed range,1.7999999999999998,2.0999999999999996,9,8.385587918220082,-6.890921051748434,-7.128026311808123,8.916573901847968,8.916573901847968,0
Ue,lower,fragmentation_fraction_extrapolation,literature-informed range,2.1,2.4,1,8.58854503746822,-6.787315345342016,-6.787315345342016,8.58854503746822,8.58854503746822,0
Ue,lower,fragmentation_fraction_extrapolation,literature-informed range,2.4,2.6999999999999997,2,8.696241003554906,-6.921212289129819,-7.193798834981047,8.912497273548903,8.912497273548903,0
Ue,lower,fragmentation_fraction_extrapolation,literature-informed range,2.6999999999999997,2.9999999999999996,1,8.913189998518023,-7.300787208316539,-7.300787208316539,8.913189998518023,8.913189998518023,0
Ue,lower,fragmentation_fraction_extrapolation,literature-informed range,3.0,3.3,2,8.219175095998244,-6.834971555149865,-7.177729872764049,8.579050174617153,8.579050174617153,0
Ue,lower,fragmentation_fraction_extrapolation,literature-informed range,3.3,3.5999999999999996,1,8.019337383074854,-6.680103913069335,-6.680103913069335,8.019337383074854,8.019337383074854,0
Ue,lower,fragmentation_fraction_extrapolation,literature-informed range,3.5999999999999996,3.8999999999999995,2,7.7305711356662865,-7.003580440272105,-7.24217070851042,8.472474558358932,8.472474558358932,0
Ue,lower,fragmentation_fraction_extrapolation,literature-informed range,3.9,4.2,1,2.891172095761374,-2.978997817109086,-2.978997817109086,2.891172095761374,2.978997817109086,0
Ue,lower,fragmentation_fraction_extrapolation,literature-informed range,4.2,4.5,2,,,,,,4
Ue,lower,fragmentation_fraction_extrapolation,literature-informed range,4.5,4.8,1,,,,,,2
Ue,lower,fragmentation_fraction_extrapolation,literature-informed range,4.8,5.1,2,,,,,,4
Ue,lower,fragmentation_fraction_extrapolation,literature-informed range,5.1,5.3999999999999995,1,,,,,,2
Ue,lower,fragmentation_fraction_extrapolation,literature-informed range,5.3999999999999995,5.699999999999999,3,,,,,,6
Ue,lower,fragmentation_fraction_extrapolation,literature-informed range,5.7,6.0,1,,,,,,2
Ue,lower,fragmentation_fraction_extrapolation,literature-informed range,6.0,6.3,2,,,,,,4
Ue,lower,fragmentation_fraction_extrapolation,literature-informed range,6.3,6.6,1,,,,,,2
Ue,lower,fragmentation_fraction_extrapolation,literature-informed range,6.6,6.8999999999999995,2,,,,,,4
Ue,lower,fragmentation_fraction_extrapolation,literature-informed range,6.8999999999999995,7.199999999999999,1,,,,,,2
Ue,lower,fragmentation_fraction_extrapolation,literature-informed range,7.199999999999999,7.499999999999999,2,,,,,,4
Ue,lower,fragmentation_fraction_extrapolation,literature-informed range,7.5,7.8,1,,,,,,2
Ue,lower,fragmentation_fraction_extrapolation,literature-informed range,7.8,8.1,2,,,,,,4
Ue,lower,fragmentation_fraction_extrapolation,literature-informed range,8.4,8.700000000000001,1,,,,,,2
Ue,lower,fragmentation_fraction_extrapolation,literature-informed range,9.0,9.3,1,,,,,,2
Ue,lower,fragmentation_fraction_extrapolation,literature-informed range,9.299999999999999,9.6,1,,,,,,2
Ue,lower,fragmentation_fraction_extrapolation,literature-informed range,9.9,10.200000000000001,1,,,,,,2
Ue,lower,higgs_mediated_production,quantitatively dismissed; WZ-shape upper-bound proxy,0.0,0.3,7,0.0,-2.454703107446221e-11,-2.7200464103316335e-11,0.0,2.7200464103316335e-11,0
Ue,lower,higgs_mediated_production,quantitatively dismissed; WZ-shape upper-bound proxy,0.3,0.6,17,0.0,-9.368061881787071e-11,-2.8522895156868344e-08,0.0,2.8522895156868344e-08,0
Ue,lower,higgs_mediated_production,quantitatively dismissed; WZ-shape upper-bound proxy,0.6,0.8999999999999999,12,0.0,-3.740345810854251e-08,-4.561485633658435e-08,0.0,4.561485633658435e-08,0
Ue,lower,higgs_mediated_production,quantitatively dismissed; WZ-shape upper-bound proxy,0.8999999999999999,1.2,12,0.0,-5.239050859806582e-08,-7.067765261936643e-08,0.0,7.067765261936643e-08,0
Ue,lower,higgs_mediated_production,quantitatively dismissed; WZ-shape upper-bound proxy,1.2,1.5,12,0.0,-8.769538983877112e-08,-1.358934409445567e-07,0.0,1.358934409445567e-07,0
Ue,lower,higgs_mediated_production,quantitatively dismissed; WZ-shape upper-bound proxy,1.5,1.8,12,0.0,-2.7501599331181126e-07,-8.404434259645654e-07,0.0,8.404434259645654e-07,0
Ue,lower,higgs_mediated_production,quantitatively dismissed; WZ-shape upper-bound proxy,1.7999999999999998,2.0999999999999996,9,0.0,-2.5292280270150513e-06,-4.137864273445757e-06,0.0,4.137864273445757e-06,0
Ue,lower,higgs_mediated_production,quantitatively dismissed; WZ-shape upper-bound proxy,2.1,2.4,1,0.0,-9.910954823499907e-06,-9.910954823499907e-06,0.0,9.910954823499907e-06,0
Ue,lower,higgs_mediated_production,quantitatively dismissed; WZ-shape upper-bound proxy,2.4,2.6999999999999997,2,0.0,-4.962419807852392e-05,-7.524983449691547e-05,0.0,7.524983449691547e-05,0
Ue,lower,higgs_mediated_production,quantitatively dismissed; WZ-shape upper-bound proxy,2.6999999999999997,2.9999999999999996,1,0.0,-0.0002156206274972483,-0.0002156206274972483,0.0,0.0002156206274972483,0
Ue,lower,higgs_mediated_production,quantitatively dismissed; WZ-shape upper-bound proxy,3.0,3.3,2,0.0,-0.001926316153622043,-0.0029595669503001965,0.0,0.0029595669503001965,0
Ue,lower,higgs_mediated_production,quantitatively dismissed; WZ-shape upper-bound proxy,3.3,3.5999999999999996,1,0.0,-0.006415849942820184,-0.006415849942820184,0.0,0.006415849942820184,0
Ue,lower,higgs_mediated_production,quantitatively dismissed; WZ-shape upper-bound proxy,3.5999999999999996,3.8999999999999995,2,0.0,-0.029904395849866816,-0.04611010798610815,0.0,0.04611010798610815,0
Ue,lower,higgs_mediated_production,quantitatively dismissed; WZ-shape upper-bound proxy,3.9,4.2,1,0.0,-0.09075190608852646,-0.09075190608852646,0.0,0.09075190608852646,0
Ue,lower,higgs_mediated_production,quantitatively dismissed; WZ-shape upper-bound proxy,4.2,4.5,2,,,,,,4
Ue,lower,higgs_mediated_production,quantitatively dismissed; WZ-shape upper-bound proxy,4.5,4.8,1,,,,,,2
Ue,lower,higgs_mediated_production,quantitatively dismissed; WZ-shape upper-bound proxy,4.8,5.1,2,,,,,,4
Ue,lower,higgs_mediated_production,quantitatively dismissed; WZ-shape upper-bound proxy,5.1,5.3999999999999995,1,,,,,,2
Ue,lower,higgs_mediated_production,quantitatively dismissed; WZ-shape upper-bound proxy,5.3999999999999995,5.699999999999999,3,,,,,,6
Ue,lower,higgs_mediated_production,quantitatively dismissed; WZ-shape upper-bound proxy,5.7,6.0,1,,,,,,2
Ue,lower,higgs_mediated_production,quantitatively dismissed; WZ-shape upper-bound proxy,6.0,6.3,2,,,,,,4
Ue,lower,higgs_mediated_production,quantitatively dismissed; WZ-shape upper-bound proxy,6.3,6.6,1,,,,,,2
Ue,lower,higgs_mediated_production,quantitatively dismissed; WZ-shape upper-bound proxy,6.6,6.8999999999999995,2,,,,,,4
Ue,lower,higgs_mediated_production,quantitatively dismissed; WZ-shape upper-bound proxy,6.8999999999999995,7.199999999999999,1,,,,,,2
Ue,lower,higgs_mediated_production,quantitatively dismissed; WZ-shape upper-bound proxy,7.199999999999999,7.499999999999999,2,,,,,,4
Ue,lower,higgs_mediated_production,quantitatively dismissed; WZ-shape upper-bound proxy,7.5,7.8,1,,,,,,2
Ue,lower,higgs_mediated_production,quantitatively dismissed; WZ-shape upper-bound proxy,7.8,8.1,2,,,,,,4
Ue,lower,higgs_mediated_production,quantitatively dismissed; WZ-shape upper-bound proxy,8.4,8.700000000000001,1,,,,,,2
Ue,lower,higgs_mediated_production,quantitatively dismissed; WZ-shape upper-bound proxy,9.0,9.3,1,,,,,,2
Ue,lower,higgs_mediated_production,quantitatively dismissed; WZ-shape upper-bound proxy,9.299999999999999,9.6,1,,,,,,2
Ue,lower,higgs_mediated_production,quantitatively dismissed; WZ-shape upper-bound proxy,9.9,10.200000000000001,1,,,,,,2
Ue,lower,hnl_lifetime_width,physics-scaling proxy,0.0,0.3,7,-10.557280900008415,9.544511501033215,-10.557280900008415,9.544511501033215,10.557280900008415,0
Ue,lower,hnl_lifetime_width,physics-scaling proxy,0.3,0.6,17,-10.557280900008415,9.544511501033215,-10.557280900008415,9.544511501033215,10.557280900008415,0
Ue,lower,hnl_lifetime_width,physics-scaling proxy,0.6,0.8999999999999999,12,-10.557280900008415,9.544511501033215,-10.557280900008415,9.544511501033215,10.557280900008415,0
Ue,lower,hnl_lifetime_width,physics-scaling proxy,0.8999999999999999,1.2,12,-10.557280900008415,9.544511501033215,-10.557280900008415,9.544511501033215,10.557280900008415,0
Ue,lower,hnl_lifetime_width,physics-scaling proxy,1.2,1.5,12,-10.557280900008415,9.544511501033215,-10.557280900008415,9.544511501033215,10.557280900008415,0
Ue,lower,hnl_lifetime_width,physics-scaling proxy,1.5,1.8,12,-10.557280900008415,9.544511501033215,-10.557280900008415,9.544511501033215,10.557280900008415,0
Ue,lower,hnl_lifetime_width,physics-scaling proxy,1.7999999999999998,2.0999999999999996,9,-10.557280900008415,9.544511501033215,-10.557280900008415,9.544511501033215,10.557280900008415,0
Ue,lower,hnl_lifetime_width,physics-scaling proxy,2.1,2.4,1,-10.557280900008415,9.544511501033215,-10.557280900008415,9.544511501033215,10.557280900008415,0
Ue,lower,hnl_lifetime_width,physics-scaling proxy,2.4,2.6999999999999997,2,-10.557280900008415,9.544511501033215,-10.557280900008415,9.544511501033215,10.557280900008415,0
Ue,lower,hnl_lifetime_width,physics-scaling proxy,2.6999999999999997,2.9999999999999996,1,-10.557280900008415,9.544511501033215,-10.557280900008415,9.544511501033215,10.557280900008415,0
Ue,lower,hnl_lifetime_width,physics-scaling proxy,3.0,3.3,2,-10.557280900008415,9.544511501033215,-10.557280900008415,9.544511501033215,10.557280900008415,0
Ue,lower,hnl_lifetime_width,physics-scaling proxy,3.3,3.5999999999999996,1,-10.557280900008415,9.544511501033215,-10.557280900008415,9.544511501033215,10.557280900008415,0
Ue,lower,hnl_lifetime_width,physics-scaling proxy,3.5999999999999996,3.8999999999999995,2,-10.557280900008415,9.544511501033215,-10.557280900008415,9.544511501033215,10.557280900008415,0
Ue,lower,hnl_lifetime_width,physics-scaling proxy,3.9,4.2,1,-10.557280900008415,9.544511501033215,-10.557280900008415,9.544511501033215,10.557280900008415,0
Ue,lower,hnlcalc_hadron_parton_matching,proxy/reweight estimate; overlaps other rows,0.0,0.3,7,0.0,0.0,0.0,0.0,0.0,0
Ue,lower,hnlcalc_hadron_parton_matching,proxy/reweight estimate; overlaps other rows,0.3,0.6,17,0.0,0.0,0.0,0.0,0.0,0
Ue,lower,hnlcalc_hadron_parton_matching,proxy/reweight estimate; overlaps other rows,0.6,0.8999999999999999,12,0.0,0.0,-12.316012966139645,19.908499817842774,19.908499817842774,0
Ue,lower,hnlcalc_hadron_parton_matching,proxy/reweight estimate; overlaps other rows,0.8999999999999999,1.2,12,19.666095801500827,-12.293171088305112,-12.344159401183708,19.977947712504452,19.977947712504452,0
Ue,lower,hnlcalc_hadron_parton_matching,proxy/reweight estimate; overlaps other rows,1.2,1.5,12,19.697761802237842,-12.318035997648991,-12.34891093161955,20.00311081692592,20.00311081692592,0
Ue,lower,hnlcalc_hadron_parton_matching,proxy/reweight estimate; overlaps other rows,1.5,1.8,12,19.617662086472734,-12.342967270700223,-12.397971726099911,19.933728487632308,19.933728487632308,0
Ue,lower,hnlcalc_hadron_parton_matching,proxy/reweight estimate; overlaps other rows,1.7999999999999998,2.0999999999999996,9,19.806748998750145,-12.416827685499754,-12.497918226232896,20.217364815115136,20.217364815115136,0
Ue,lower,hnlcalc_hadron_parton_matching,proxy/reweight estimate; overlaps other rows,2.1,2.4,1,0.0,0.0,0.0,0.0,0.0,0
Ue,lower,hnlcalc_hadron_parton_matching,proxy/reweight estimate; overlaps other rows,2.4,2.6999999999999997,2,0.0,0.0,0.0,0.0,0.0,0
Ue,lower,hnlcalc_hadron_parton_matching,proxy/reweight estimate; overlaps other rows,2.6999999999999997,2.9999999999999996,1,0.0,0.0,0.0,0.0,0.0,0
Ue,lower,hnlcalc_hadron_parton_matching,proxy/reweight estimate; overlaps other rows,3.0,3.3,2,0.0,0.0,0.0,0.0,0.0,0
Ue,lower,hnlcalc_hadron_parton_matching,proxy/reweight estimate; overlaps other rows,3.3,3.5999999999999996,1,0.0,0.0,0.0,0.0,0.0,0
Ue,lower,hnlcalc_hadron_parton_matching,proxy/reweight estimate; overlaps other rows,3.5999999999999996,3.8999999999999995,2,0.0,0.0,0.0,0.0,0.0,0
Ue,lower,hnlcalc_hadron_parton_matching,proxy/reweight estimate; overlaps other rows,3.9,4.2,1,0.0,0.0,0.0,0.0,0.0,0
Ue,lower,hnlcalc_hadron_parton_matching,proxy/reweight estimate; overlaps other rows,4.2,4.5,2,,,,,,4
Ue,lower,hnlcalc_hadron_parton_matching,proxy/reweight estimate; overlaps other rows,4.5,4.8,1,,,,,,2
Ue,lower,hnlcalc_hadron_parton_matching,proxy/reweight estimate; overlaps other rows,4.8,5.1,2,,,,,,4
Ue,lower,hnlcalc_hadron_parton_matching,proxy/reweight estimate; overlaps other rows,5.1,5.3999999999999995,1,,,,,,2
Ue,lower,hnlcalc_hadron_parton_matching,proxy/reweight estimate; overlaps other rows,5.3999999999999995,5.699999999999999,3,,,,,,6
Ue,lower,hnlcalc_hadron_parton_matching,proxy/reweight estimate; overlaps other rows,5.7,6.0,1,,,,,,2
Ue,lower,hnlcalc_hadron_parton_matching,proxy/reweight estimate; overlaps other rows,6.0,6.3,2,,,,,,4
Ue,lower,hnlcalc_hadron_parton_matching,proxy/reweight estimate; overlaps other rows,6.3,6.6,1,,,,,,2
Ue,lower,hnlcalc_hadron_parton_matching,proxy/reweight estimate; overlaps other rows,6.6,6.8999999999999995,2,,,,,,4
Ue,lower,hnlcalc_hadron_parton_matching,proxy/reweight estimate; overlaps other rows,6.8999999999999995,7.199999999999999,1,,,,,,2
Ue,lower,hnlcalc_hadron_parton_matching,proxy/reweight estimate; overlaps other rows,7.199999999999999,7.499999999999999,2,,,,,,4
Ue,lower,hnlcalc_hadron_parton_matching,proxy/reweight estimate; overlaps other rows,7.5,7.8,1,,,,,,2
Ue,lower,hnlcalc_hadron_parton_matching,proxy/reweight estimate; overlaps other rows,7.8,8.1,2,,,,,,4
Ue,lower,hnlcalc_hadron_parton_matching,proxy/reweight estimate; overlaps other rows,8.4,8.700000000000001,1,,,,,,2
Ue,lower,hnlcalc_hadron_parton_matching,proxy/reweight estimate; overlaps other rows,9.0,9.3,1,,,,,,2
Ue,lower,hnlcalc_hadron_parton_matching,proxy/reweight estimate; overlaps other rows,9.299999999999999,9.6,1,,,,,,2
Ue,lower,hnlcalc_hadron_parton_matching,proxy/reweight estimate; overlaps other rows,9.9,10.200000000000001,1,,,,,,2
Ue,lower,induced_tau_branching_inputs,literature-informed range,0.0,0.3,7,0.0002466051350680232,-0.0002466019028424249,-0.00047273318359852823,0.0004727435168438987,0.0004727435168438987,0
Ue,lower,induced_tau_branching_inputs,literature-informed range,0.3,0.6,17,0.0002982051144018172,-0.00029820098961241825,-0.06379680783308306,0.06400826408716753,0.06400826408716753,0
Ue,lower,induced_tau_branching_inputs,literature-informed range,0.6,0.8999999999999999,12,0.03140833144464894,-0.0313605555525287,-0.04828824657640007,0.048394638687443425,0.048394638687443425,0
Ue,lower,induced_tau_branching_inputs,literature-informed range,0.8999999999999999,1.2,12,0.01042936373363279,-0.01042426705617494,-0.02090895435671314,0.020931855267014576,0.020931855267014576,0
Ue,lower,induced_tau_branching_inputs,literature-informed range,1.2,1.5,12,0.0016943477669562057,-0.001694197054424862,-0.004288667167140492,0.00428962192837723,0.00428962192837723,0
Ue,lower,induced_tau_branching_inputs,literature-informed range,1.5,1.8,12,1.2954511041662897e-05,-1.29545016824828e-05,-0.0002034216300406122,0.0002034237435388775,0.0002034237435388775,0
Ue,lower,induced_tau_branching_inputs,literature-informed range,1.7999999999999998,2.0999999999999996,9,0.0,0.0,0.0,0.0,0.0,0
Ue,lower,induced_tau_branching_inputs,literature-informed range,2.1,2.4,1,0.0,0.0,0.0,0.0,0.0,0
Ue,lower,induced_tau_branching_inputs,literature-informed range,2.4,2.6999999999999997,2,0.0,0.0,0.0,0.0,0.0,0
Ue,lower,induced_tau_branching_inputs,literature-informed range,2.6999999999999997,2.9999999999999996,1,0.0,0.0,0.0,0.0,0.0,0
Ue,lower,induced_tau_branching_inputs,literature-informed range,3.0,3.3,2,0.0,0.0,0.0,0.0,0.0,0
Ue,lower,induced_tau_branching_inputs,literature-informed range,3.3,3.5999999999999996,1,0.0,0.0,0.0,0.0,0.0,0
Ue,lower,induced_tau_branching_inputs,literature-informed range,3.5999999999999996,3.8999999999999995,2,0.0,0.0,0.0,0.0,0.0,0
Ue,lower,induced_tau_branching_inputs,literature-informed range,3.9,4.2,1,0.0,0.0,0.0,0.0,0.0,0
Ue,lower,induced_tau_branching_inputs,literature-informed range,4.2,4.5,2,,,,,,4
Ue,lower,induced_tau_branching_inputs,literature-informed range,4.5,4.8,1,,,,,,2
Ue,lower,induced_tau_branching_inputs,literature-informed range,4.8,5.1,2,,,,,,4
Ue,lower,induced_tau_branching_inputs,literature-informed range,5.1,5.3999999999999995,1,,,,,,2
Ue,lower,induced_tau_branching_inputs,literature-informed range,5.3999999999999995,5.699999999999999,3,,,,,,6
Ue,lower,induced_tau_branching_inputs,literature-informed range,5.7,6.0,1,,,,,,2
Ue,lower,induced_tau_branching_inputs,literature-informed range,6.0,6.3,2,,,,,,4
Ue,lower,induced_tau_branching_inputs,literature-informed range,6.3,6.6,1,,,,,,2
Ue,lower,induced_tau_branching_inputs,literature-informed range,6.6,6.8999999999999995,2,,,,,,4
Ue,lower,induced_tau_branching_inputs,literature-informed range,6.8999999999999995,7.199999999999999,1,,,,,,2
Ue,lower,induced_tau_branching_inputs,literature-informed range,7.199999999999999,7.499999999999999,2,,,,,,4
Ue,lower,induced_tau_branching_inputs,literature-informed range,7.5,7.8,1,,,,,,2
Ue,lower,induced_tau_branching_inputs,literature-informed range,7.8,8.1,2,,,,,,4
Ue,lower,induced_tau_branching_inputs,literature-informed range,8.4,8.700000000000001,1,,,,,,2
Ue,lower,induced_tau_branching_inputs,literature-informed range,9.0,9.3,1,,,,,,2
Ue,lower,induced_tau_branching_inputs,literature-informed range,9.299999999999999,9.6,1,,,,,,2
Ue,lower,induced_tau_branching_inputs,literature-informed range,9.9,10.200000000000001,1,,,,,,2
Ue,lower,integrated_luminosity,"direct normalization, assumed 1.5%",0.0,0.3,7,0.7200709834289887,-0.6938657823708838,-0.8123241033992867,0.8440252810956839,0.8440252810956839,0
Ue,lower,integrated_luminosity,"direct normalization, assumed 1.5%",0.3,0.6,17,0.7365784686735433,-0.7182602716546693,-0.8243017213450221,0.8452809500407055,0.8452809500407055,0
Ue,lower,integrated_luminosity,"direct normalization, assumed 1.5%",0.6,0.8999999999999999,12,0.7764375691482139,-0.7633865747334934,-0.828482540780684,0.832709098305795,0.832709098305795,0
Ue,lower,integrated_luminosity,"direct normalization, assumed 1.5%",0.8999999999999999,1.2,12,0.7446178239643886,-0.7229312907563512,-0.8319084304280078,0.8140338259024826,0.8319084304280078,0
Ue,lower,integrated_luminosity,"direct normalization, assumed 1.5%",1.2,1.5,12,0.7847843330690774,-0.7565434087808465,-0.8189075305958693,0.8509229695191856,0.8509229695191856,0
Ue,lower,integrated_luminosity,"direct normalization, assumed 1.5%",1.5,1.8,12,0.7828927430943766,-0.7539701184667735,-0.8268028998620447,0.8529541571484112,0.8529541571484112,0
Ue,lower,integrated_luminosity,"direct normalization, assumed 1.5%",1.7999999999999998,2.0999999999999996,9,0.7571409191643896,-0.729322181174219,-0.8260313676056508,0.8583879116561777,0.8583879116561777,0
Ue,lower,integrated_luminosity,"direct normalization, assumed 1.5%",2.1,2.4,1,0.8304274175369386,-0.7993431644320426,-0.7993431644320426,0.8304274175369386,0.8304274175369386,0
Ue,lower,integrated_luminosity,"direct normalization, assumed 1.5%",2.4,2.6999999999999997,2,0.858550573027872,-0.8261628829658807,-0.8742808088884724,0.9089763170388565,0.9089763170388565,0
Ue,lower,integrated_luminosity,"direct normalization, assumed 1.5%",2.6999999999999997,2.9999999999999996,1,0.8350057299729041,-0.803714147527057,-0.803714147527057,0.8350057299729041,0.8350057299729041,0
Ue,lower,integrated_luminosity,"direct normalization, assumed 1.5%",3.0,3.3,2,1.1169867785415954,-1.0719888349194018,-1.2063070311648771,1.2584584509438335,1.2584584509438335,0
Ue,lower,integrated_luminosity,"direct normalization, assumed 1.5%",3.3,3.5999999999999996,1,1.513310217335162,-1.4470093050183874,-1.4470093050183874,1.513310217335162,1.513310217335162,0
Ue,lower,integrated_luminosity,"direct normalization, assumed 1.5%",3.5999999999999996,3.8999999999999995,2,2.2836280224410865,-2.1658912618768786,-2.5438622348181172,2.690824448799467,2.690824448799467,0
Ue,lower,integrated_luminosity,"direct normalization, assumed 1.5%",3.9,4.2,1,3.0848828333702283,-2.9054132133292,-2.9054132133292,3.0848828333702283,3.0848828333702283,0
Ue,lower,integrated_luminosity,"direct normalization, assumed 1.5%",4.2,4.5,2,,,,,,4
Ue,lower,integrated_luminosity,"direct normalization, assumed 1.5%",4.5,4.8,1,,,,,,2
Ue,lower,integrated_luminosity,"direct normalization, assumed 1.5%",4.8,5.1,2,,,,,,4
Ue,lower,integrated_luminosity,"direct normalization, assumed 1.5%",5.1,5.3999999999999995,1,,,,,,2
Ue,lower,integrated_luminosity,"direct normalization, assumed 1.5%",5.3999999999999995,5.699999999999999,3,,,,,,6
Ue,lower,integrated_luminosity,"direct normalization, assumed 1.5%",5.7,6.0,1,,,,,,2
Ue,lower,integrated_luminosity,"direct normalization, assumed 1.5%",6.0,6.3,2,,,,,,4
Ue,lower,integrated_luminosity,"direct normalization, assumed 1.5%",6.3,6.6,1,,,,,,2
Ue,lower,integrated_luminosity,"direct normalization, assumed 1.5%",6.6,6.8999999999999995,2,,,,,,4
Ue,lower,integrated_luminosity,"direct normalization, assumed 1.5%",6.8999999999999995,7.199999999999999,1,,,,,,2
Ue,lower,integrated_luminosity,"direct normalization, assumed 1.5%",7.199999999999999,7.499999999999999,2,,,,,,4
Ue,lower,integrated_luminosity,"direct normalization, assumed 1.5%",7.5,7.8,1,,,,,,2
Ue,lower,integrated_luminosity,"direct normalization, assumed 1.5%",7.8,8.1,2,,,,,,4
Ue,lower,integrated_luminosity,"direct normalization, assumed 1.5%",8.4,8.700000000000001,1,,,,,,2
Ue,lower,integrated_luminosity,"direct normalization, assumed 1.5%",9.0,9.3,1,,,,,,2
Ue,lower,integrated_luminosity,"direct normalization, assumed 1.5%",9.299999999999999,9.6,1,,,,,,2
Ue,lower,integrated_luminosity,"direct normalization, assumed 1.5%",9.9,10.200000000000001,1,,,,,,2
Ue,lower,kaon_spectrum_and_normalization,unknowable; factor scenario,0.0,0.3,7,41.16965110561419,-29.281954410274114,-29.431375564954475,41.575577693859664,41.575577693859664,0
Ue,lower,kaon_spectrum_and_normalization,unknowable; factor scenario,0.3,0.6,17,40.7835582475198,-29.05862907965886,-29.41912540897271,41.31636048382412,41.31636048382412,0
Ue,lower,kaon_spectrum_and_normalization,unknowable; factor scenario,0.6,0.8999999999999999,12,0.0,0.0,0.0,0.0,0.0,0
Ue,lower,kaon_spectrum_and_normalization,unknowable; factor scenario,0.8999999999999999,1.2,12,0.0,0.0,0.0,0.0,0.0,0
Ue,lower,kaon_spectrum_and_normalization,unknowable; factor scenario,1.2,1.5,12,0.0,0.0,0.0,0.0,0.0,0
Ue,lower,kaon_spectrum_and_normalization,unknowable; factor scenario,1.5,1.8,12,0.0,0.0,0.0,0.0,0.0,0
Ue,lower,kaon_spectrum_and_normalization,unknowable; factor scenario,1.7999999999999998,2.0999999999999996,9,0.0,0.0,0.0,0.0,0.0,0
Ue,lower,kaon_spectrum_and_normalization,unknowable; factor scenario,2.1,2.4,1,0.0,0.0,0.0,0.0,0.0,0
Ue,lower,kaon_spectrum_and_normalization,unknowable; factor scenario,2.4,2.6999999999999997,2,0.0,0.0,0.0,0.0,0.0,0
Ue,lower,kaon_spectrum_and_normalization,unknowable; factor scenario,2.6999999999999997,2.9999999999999996,1,0.0,0.0,0.0,0.0,0.0,0
Ue,lower,kaon_spectrum_and_normalization,unknowable; factor scenario,3.0,3.3,2,0.0,0.0,0.0,0.0,0.0,0
Ue,lower,kaon_spectrum_and_normalization,unknowable; factor scenario,3.3,3.5999999999999996,1,0.0,0.0,0.0,0.0,0.0,0
Ue,lower,kaon_spectrum_and_normalization,unknowable; factor scenario,3.5999999999999996,3.8999999999999995,2,0.0,0.0,0.0,0.0,0.0,0
Ue,lower,kaon_spectrum_and_normalization,unknowable; factor scenario,3.9,4.2,1,0.0,0.0,0.0,0.0,0.0,0
Ue,lower,kaon_spectrum_and_normalization,unknowable; factor scenario,4.2,4.5,2,,,,,,4
Ue,lower,kaon_spectrum_and_normalization,unknowable; factor scenario,4.5,4.8,1,,,,,,2
Ue,lower,kaon_spectrum_and_normalization,unknowable; factor scenario,4.8,5.1,2,,,,,,4
Ue,lower,kaon_spectrum_and_normalization,unknowable; factor scenario,5.1,5.3999999999999995,1,,,,,,2
Ue,lower,kaon_spectrum_and_normalization,unknowable; factor scenario,5.3999999999999995,5.699999999999999,3,,,,,,6
Ue,lower,kaon_spectrum_and_normalization,unknowable; factor scenario,5.7,6.0,1,,,,,,2
Ue,lower,kaon_spectrum_and_normalization,unknowable; factor scenario,6.0,6.3,2,,,,,,4
Ue,lower,kaon_spectrum_and_normalization,unknowable; factor scenario,6.3,6.6,1,,,,,,2
Ue,lower,kaon_spectrum_and_normalization,unknowable; factor scenario,6.6,6.8999999999999995,2,,,,,,4
Ue,lower,kaon_spectrum_and_normalization,unknowable; factor scenario,6.8999999999999995,7.199999999999999,1,,,,,,2
Ue,lower,kaon_spectrum_and_normalization,unknowable; factor scenario,7.199999999999999,7.499999999999999,2,,,,,,4
Ue,lower,kaon_spectrum_and_normalization,unknowable; factor scenario,7.5,7.8,1,,,,,,2
Ue,lower,kaon_spectrum_and_normalization,unknowable; factor scenario,7.8,8.1,2,,,,,,4
Ue,lower,kaon_spectrum_and_normalization,unknowable; factor scenario,8.4,8.700000000000001,1,,,,,,2
Ue,lower,kaon_spectrum_and_normalization,unknowable; factor scenario,9.0,9.3,1,,,,,,2
Ue,lower,kaon_spectrum_and_normalization,unknowable; factor scenario,9.299999999999999,9.6,1,,,,,,2
Ue,lower,kaon_spectrum_and_normalization,unknowable; factor scenario,9.9,10.200000000000001,1,,,,,,2
Ue,lower,legacy_direct_form_factors,code-audit envelope,0.0,0.3,7,0.08221771930350119,-0.09206745490140111,-0.13177920181228764,0.11783576123260975,0.13177920181228764,0
Ue,lower,legacy_direct_form_factors,code-audit envelope,0.3,0.6,17,0.11789519937419612,-0.13173245966934255,-16.90128916754268,28.898226220069834,28.898226220069834,0
Ue,lower,legacy_direct_form_factors,code-audit envelope,0.6,0.8999999999999999,12,28.931410850952368,-16.831453431156937,-17.229302330016093,28.993316241370138,28.993316241370138,0
Ue,lower,legacy_direct_form_factors,code-audit envelope,0.8999999999999999,1.2,12,29.06920103963504,-16.879543504364207,-17.266343428821262,29.106579321554737,29.106579321554737,0
Ue,lower,legacy_direct_form_factors,code-audit envelope,1.2,1.5,12,29.140771860083515,-16.90185497683977,-17.268007543286757,29.189103600139422,29.189103600139422,0
Ue,lower,legacy_direct_form_factors,code-audit envelope,1.5,1.8,12,29.225005063775654,-17.013367065456368,-17.288955084900536,29.36720750458015,29.36720750458015,0
Ue,lower,legacy_direct_form_factors,code-audit envelope,1.7999999999999998,2.0999999999999996,9,29.609691573834485,-17.26635570168159,-17.46492150257627,29.712658241080582,29.712658241080582,0
Ue,lower,legacy_direct_form_factors,code-audit envelope,2.1,2.4,1,30.228925441992804,-17.316641085661523,-17.316641085661523,30.228925441992804,30.228925441992804,0
Ue,lower,legacy_direct_form_factors,code-audit envelope,2.4,2.6999999999999997,2,31.386549336910043,-17.760579802568266,-18.187249794283456,31.82093785313256,31.82093785313256,0
Ue,lower,legacy_direct_form_factors,code-audit envelope,2.6999999999999997,2.9999999999999996,1,34.92781408580856,-19.289751201970507,-19.289751201970507,34.92781408580856,34.92781408580856,0
Ue,lower,legacy_direct_form_factors,code-audit envelope,3.0,3.3,2,43.238562838263505,-22.15078169432676,-23.206752657468076,45.94846019496912,45.94846019496912,0
Ue,lower,legacy_direct_form_factors,code-audit envelope,3.3,3.5999999999999996,1,51.73929957725609,-25.938750736178672,-25.938750736178672,51.73929957725609,51.73929957725609,0
Ue,lower,legacy_direct_form_factors,code-audit envelope,3.5999999999999996,3.8999999999999995,2,43.29023823659091,-31.39736073766653,-33.70019366915794,53.0264426623134,53.0264426623134,0
Ue,lower,legacy_direct_form_factors,code-audit envelope,3.9,4.2,1,15.624465109399877,-20.94199494352863,-20.94199494352863,15.624465109399877,20.94199494352863,0
Ue,lower,legacy_direct_form_factors,code-audit envelope,4.2,4.5,2,,,,,,4
Ue,lower,legacy_direct_form_factors,code-audit envelope,4.5,4.8,1,,,,,,2
Ue,lower,legacy_direct_form_factors,code-audit envelope,4.8,5.1,2,,,,,,4
Ue,lower,legacy_direct_form_factors,code-audit envelope,5.1,5.3999999999999995,1,,,,,,2
Ue,lower,legacy_direct_form_factors,code-audit envelope,5.3999999999999995,5.699999999999999,3,,,,,,6
Ue,lower,legacy_direct_form_factors,code-audit envelope,5.7,6.0,1,,,,,,2
Ue,lower,legacy_direct_form_factors,code-audit envelope,6.0,6.3,2,,,,,,4
Ue,lower,legacy_direct_form_factors,code-audit envelope,6.3,6.6,1,,,,,,2
Ue,lower,legacy_direct_form_factors,code-audit envelope,6.6,6.8999999999999995,2,,,,,,4
Ue,lower,legacy_direct_form_factors,code-audit envelope,6.8999999999999995,7.199999999999999,1,,,,,,2
Ue,lower,legacy_direct_form_factors,code-audit envelope,7.199999999999999,7.499999999999999,2,,,,,,4
Ue,lower,legacy_direct_form_factors,code-audit envelope,7.5,7.8,1,,,,,,2
Ue,lower,legacy_direct_form_factors,code-audit envelope,7.8,8.1,2,,,,,,4
Ue,lower,legacy_direct_form_factors,code-audit envelope,8.4,8.700000000000001,1,,,,,,2
Ue,lower,legacy_direct_form_factors,code-audit envelope,9.0,9.3,1,,,,,,2
Ue,lower,legacy_direct_form_factors,code-audit envelope,9.299999999999999,9.6,1,,,,,,2
Ue,lower,legacy_direct_form_factors,code-audit envelope,9.9,10.200000000000001,1,,,,,,2
Ue,lower,missing_charm_baryon_channels,proxy/reweight estimate,0.0,0.3,7,-0.022909475173893412,-0.07625658294333482,-0.11046272867032414,-0.014272347850996514,0.11046272867032414,0
Ue,lower,missing_charm_baryon_channels,proxy/reweight estimate,0.3,0.6,17,-0.03436088646934232,-0.11428649850249162,-15.32797441726701,-0.0153047036823728,15.32797441726701,0
Ue,lower,missing_charm_baryon_channels,proxy/reweight estimate,0.6,0.8999999999999999,12,-5.648094673813109,-15.815471026082463,-16.104456625731146,-5.111202640795309,16.104456625731146,0
Ue,lower,missing_charm_baryon_channels,proxy/reweight estimate,0.8999999999999999,1.2,12,-5.727855899892015,-16.276444219740192,-16.889800672066013,-5.530690217104983,16.889800672066013,0
Ue,lower,missing_charm_baryon_channels,proxy/reweight estimate,1.2,1.5,12,-5.844096585345499,-16.330889276234235,-16.830799732379408,-5.55897960722469,16.830799732379408,0
Ue,lower,missing_charm_baryon_channels,proxy/reweight estimate,1.5,1.8,12,-5.464895977905759,-15.574532227378096,-16.34528777053014,-4.673185698903071,16.34528777053014,0
Ue,lower,missing_charm_baryon_channels,proxy/reweight estimate,1.7999999999999998,2.0999999999999996,9,-2.387870351465027,-7.058637291659897,-13.283220399333795,0.0,13.283220399333795,0
Ue,lower,missing_charm_baryon_channels,proxy/reweight estimate,2.1,2.4,1,0.0,0.0,0.0,0.0,0.0,0
Ue,lower,missing_charm_baryon_channels,proxy/reweight estimate,2.4,2.6999999999999997,2,0.0,0.0,0.0,0.0,0.0,0
Ue,lower,missing_charm_baryon_channels,proxy/reweight estimate,2.6999999999999997,2.9999999999999996,1,0.0,0.0,0.0,0.0,0.0,0
Ue,lower,missing_charm_baryon_channels,proxy/reweight estimate,3.0,3.3,2,0.0,0.0,0.0,0.0,0.0,0
Ue,lower,missing_charm_baryon_channels,proxy/reweight estimate,3.3,3.5999999999999996,1,0.0,0.0,0.0,0.0,0.0,0
Ue,lower,missing_charm_baryon_channels,proxy/reweight estimate,3.5999999999999996,3.8999999999999995,2,0.0,0.0,0.0,0.0,0.0,0
Ue,lower,missing_charm_baryon_channels,proxy/reweight estimate,3.9,4.2,1,0.0,0.0,0.0,0.0,0.0,0
Ue,lower,missing_charm_baryon_channels,proxy/reweight estimate,4.2,4.5,2,,,,,,4
Ue,lower,missing_charm_baryon_channels,proxy/reweight estimate,4.5,4.8,1,,,,,,2
Ue,lower,missing_charm_baryon_channels,proxy/reweight estimate,4.8,5.1,2,,,,,,4
Ue,lower,missing_charm_baryon_channels,proxy/reweight estimate,5.1,5.3999999999999995,1,,,,,,2
Ue,lower,missing_charm_baryon_channels,proxy/reweight estimate,5.3999999999999995,5.699999999999999,3,,,,,,6
Ue,lower,missing_charm_baryon_channels,proxy/reweight estimate,5.7,6.0,1,,,,,,2
Ue,lower,missing_charm_baryon_channels,proxy/reweight estimate,6.0,6.3,2,,,,,,4
Ue,lower,missing_charm_baryon_channels,proxy/reweight estimate,6.3,6.6,1,,,,,,2
Ue,lower,missing_charm_baryon_channels,proxy/reweight estimate,6.6,6.8999999999999995,2,,,,,,4
Ue,lower,missing_charm_baryon_channels,proxy/reweight estimate,6.8999999999999995,7.199999999999999,1,,,,,,2
Ue,lower,missing_charm_baryon_channels,proxy/reweight estimate,7.199999999999999,7.499999999999999,2,,,,,,4
Ue,lower,missing_charm_baryon_channels,proxy/reweight estimate,7.5,7.8,1,,,,,,2
Ue,lower,missing_charm_baryon_channels,proxy/reweight estimate,7.8,8.1,2,,,,,,4
Ue,lower,missing_charm_baryon_channels,proxy/reweight estimate,8.4,8.700000000000001,1,,,,,,2
Ue,lower,missing_charm_baryon_channels,proxy/reweight estimate,9.0,9.3,1,,,,,,2
Ue,lower,missing_charm_baryon_channels,proxy/reweight estimate,9.299999999999999,9.6,1,,,,,,2
Ue,lower,missing_charm_baryon_channels,proxy/reweight estimate,9.9,10.200000000000001,1,,,,,,2
Ue,lower,missing_neutral_kaon_production,unknowable; additive proxy,0.0,0.3,7,-2.4324723749218236,-18.386370076639167,-18.569323221732283,-2.1711614367375343,18.569323221732283,0
Ue,lower,missing_neutral_kaon_production,unknowable; additive proxy,0.3,0.6,17,0.0,0.0,-18.497907853993734,0.0,18.497907853993734,0
Ue,lower,missing_neutral_kaon_production,unknowable; additive proxy,0.6,0.8999999999999999,12,0.0,0.0,0.0,0.0,0.0,0
Ue,lower,missing_neutral_kaon_production,unknowable; additive proxy,0.8999999999999999,1.2,12,0.0,0.0,0.0,0.0,0.0,0
Ue,lower,missing_neutral_kaon_production,unknowable; additive proxy,1.2,1.5,12,0.0,0.0,0.0,0.0,0.0,0
Ue,lower,missing_neutral_kaon_production,unknowable; additive proxy,1.5,1.8,12,0.0,0.0,0.0,0.0,0.0,0
Ue,lower,missing_neutral_kaon_production,unknowable; additive proxy,1.7999999999999998,2.0999999999999996,9,0.0,0.0,0.0,0.0,0.0,0
Ue,lower,missing_neutral_kaon_production,unknowable; additive proxy,2.1,2.4,1,0.0,0.0,0.0,0.0,0.0,0
Ue,lower,missing_neutral_kaon_production,unknowable; additive proxy,2.4,2.6999999999999997,2,0.0,0.0,0.0,0.0,0.0,0
Ue,lower,missing_neutral_kaon_production,unknowable; additive proxy,2.6999999999999997,2.9999999999999996,1,0.0,0.0,0.0,0.0,0.0,0
Ue,lower,missing_neutral_kaon_production,unknowable; additive proxy,3.0,3.3,2,0.0,0.0,0.0,0.0,0.0,0
Ue,lower,missing_neutral_kaon_production,unknowable; additive proxy,3.3,3.5999999999999996,1,0.0,0.0,0.0,0.0,0.0,0
Ue,lower,missing_neutral_kaon_production,unknowable; additive proxy,3.5999999999999996,3.8999999999999995,2,0.0,0.0,0.0,0.0,0.0,0
Ue,lower,missing_neutral_kaon_production,unknowable; additive proxy,3.9,4.2,1,0.0,0.0,0.0,0.0,0.0,0
Ue,lower,missing_neutral_kaon_production,unknowable; additive proxy,4.2,4.5,2,,,,,,4
Ue,lower,missing_neutral_kaon_production,unknowable; additive proxy,4.5,4.8,1,,,,,,2
Ue,lower,missing_neutral_kaon_production,unknowable; additive proxy,4.8,5.1,2,,,,,,4
Ue,lower,missing_neutral_kaon_production,unknowable; additive proxy,5.1,5.3999999999999995,1,,,,,,2
Ue,lower,missing_neutral_kaon_production,unknowable; additive proxy,5.3999999999999995,5.699999999999999,3,,,,,,6
Ue,lower,missing_neutral_kaon_production,unknowable; additive proxy,5.7,6.0,1,,,,,,2
Ue,lower,missing_neutral_kaon_production,unknowable; additive proxy,6.0,6.3,2,,,,,,4
Ue,lower,missing_neutral_kaon_production,unknowable; additive proxy,6.3,6.6,1,,,,,,2
Ue,lower,missing_neutral_kaon_production,unknowable; additive proxy,6.6,6.8999999999999995,2,,,,,,4
Ue,lower,missing_neutral_kaon_production,unknowable; additive proxy,6.8999999999999995,7.199999999999999,1,,,,,,2
Ue,lower,missing_neutral_kaon_production,unknowable; additive proxy,7.199999999999999,7.499999999999999,2,,,,,,4
Ue,lower,missing_neutral_kaon_production,unknowable; additive proxy,7.5,7.8,1,,,,,,2
Ue,lower,missing_neutral_kaon_production,unknowable; additive proxy,7.8,8.1,2,,,,,,4
Ue,lower,missing_neutral_kaon_production,unknowable; additive proxy,8.4,8.700000000000001,1,,,,,,2
Ue,lower,missing_neutral_kaon_production,unknowable; additive proxy,9.0,9.3,1,,,,,,2
Ue,lower,missing_neutral_kaon_production,unknowable; additive proxy,9.299999999999999,9.6,1,,,,,,2
Ue,lower,missing_neutral_kaon_production,unknowable; additive proxy,9.9,10.200000000000001,1,,,,,,2
Ue,lower,missing_tau_multihadron_modes,proxy/reweight estimate,0.0,0.3,7,-8.253618001274887e-05,-0.0004126772794155187,-0.0007904508455558457,-5.821530827399002e-05,0.0007904508455558457,0
Ue,lower,missing_tau_multihadron_modes,proxy/reweight estimate,0.3,0.6,17,-9.966087236579213e-05,-0.0004982997549363155,-0.10643941330287232,-5.949881548561464e-05,0.10643941330287232,0
Ue,lower,missing_tau_multihadron_modes,proxy/reweight estimate,0.6,0.8999999999999999,12,-0.010482231161451638,-0.05235791419862523,-0.08063182815861714,-0.006071732097767679,0.08063182815861714,0
Ue,lower,missing_tau_multihadron_modes,proxy/reweight estimate,0.8999999999999999,1.2,12,-0.0034822116352639654,-0.01740537574830281,-0.034903410741360386,-0.001488509661140558,0.034903410741360386,0
Ue,lower,missing_tau_multihadron_modes,proxy/reweight estimate,1.2,1.5,12,-0.0005659433605920139,-0.0028295486384499746,-0.007160972926467668,-0.0001098589409553874,0.007160972926467668,0
Ue,lower,missing_tau_multihadron_modes,proxy/reweight estimate,1.5,1.8,12,-4.3267719684880745e-06,-2.1633849217606027e-05,-0.0003397988758924164,0.0,0.0003397988758924164,0
Ue,lower,missing_tau_multihadron_modes,proxy/reweight estimate,1.7999999999999998,2.0999999999999996,9,0.0,0.0,0.0,0.0,0.0,0
Ue,lower,missing_tau_multihadron_modes,proxy/reweight estimate,2.1,2.4,1,0.0,0.0,0.0,0.0,0.0,0
Ue,lower,missing_tau_multihadron_modes,proxy/reweight estimate,2.4,2.6999999999999997,2,0.0,0.0,0.0,0.0,0.0,0
Ue,lower,missing_tau_multihadron_modes,proxy/reweight estimate,2.6999999999999997,2.9999999999999996,1,0.0,0.0,0.0,0.0,0.0,0
Ue,lower,missing_tau_multihadron_modes,proxy/reweight estimate,3.0,3.3,2,0.0,0.0,0.0,0.0,0.0,0
Ue,lower,missing_tau_multihadron_modes,proxy/reweight estimate,3.3,3.5999999999999996,1,0.0,0.0,0.0,0.0,0.0,0
Ue,lower,missing_tau_multihadron_modes,proxy/reweight estimate,3.5999999999999996,3.8999999999999995,2,0.0,0.0,0.0,0.0,0.0,0
Ue,lower,missing_tau_multihadron_modes,proxy/reweight estimate,3.9,4.2,1,0.0,0.0,0.0,0.0,0.0,0
Ue,lower,missing_tau_multihadron_modes,proxy/reweight estimate,4.2,4.5,2,,,,,,4
Ue,lower,missing_tau_multihadron_modes,proxy/reweight estimate,4.5,4.8,1,,,,,,2
Ue,lower,missing_tau_multihadron_modes,proxy/reweight estimate,4.8,5.1,2,,,,,,4
Ue,lower,missing_tau_multihadron_modes,proxy/reweight estimate,5.1,5.3999999999999995,1,,,,,,2
Ue,lower,missing_tau_multihadron_modes,proxy/reweight estimate,5.3999999999999995,5.699999999999999,3,,,,,,6
Ue,lower,missing_tau_multihadron_modes,proxy/reweight estimate,5.7,6.0,1,,,,,,2
Ue,lower,missing_tau_multihadron_modes,proxy/reweight estimate,6.0,6.3,2,,,,,,4
Ue,lower,missing_tau_multihadron_modes,proxy/reweight estimate,6.3,6.6,1,,,,,,2
Ue,lower,missing_tau_multihadron_modes,proxy/reweight estimate,6.6,6.8999999999999995,2,,,,,,4
Ue,lower,missing_tau_multihadron_modes,proxy/reweight estimate,6.8999999999999995,7.199999999999999,1,,,,,,2
Ue,lower,missing_tau_multihadron_modes,proxy/reweight estimate,7.199999999999999,7.499999999999999,2,,,,,,4
Ue,lower,missing_tau_multihadron_modes,proxy/reweight estimate,7.5,7.8,1,,,,,,2
Ue,lower,missing_tau_multihadron_modes,proxy/reweight estimate,7.8,8.1,2,,,,,,4
Ue,lower,missing_tau_multihadron_modes,proxy/reweight estimate,8.4,8.700000000000001,1,,,,,,2
Ue,lower,missing_tau_multihadron_modes,proxy/reweight estimate,9.0,9.3,1,,,,,,2
Ue,lower,missing_tau_multihadron_modes,proxy/reweight estimate,9.299999999999999,9.6,1,,,,,,2
Ue,lower,missing_tau_multihadron_modes,proxy/reweight estimate,9.9,10.200000000000001,1,,,,,,2
Ue,lower,nonzero_background_threshold,direct threshold response; background unknowable,0.0,0.3,7,29.093212264156023,82.55633912365768,29.087568040665147,83.13674764338306,83.13674764338306,0
Ue,lower,nonzero_background_threshold,direct threshold response; background unknowable,0.3,0.6,17,29.099126095853457,82.63162466070624,29.086298986921587,83.06381046737985,83.06381046737985,0
Ue,lower,nonzero_background_threshold,direct threshold response; background unknowable,0.6,0.8999999999999999,12,29.111979311803537,82.60553285709143,29.098064316823557,83.15500613270595,83.15500613270595,0
Ue,lower,nonzero_background_threshold,direct threshold response; background unknowable,0.8999999999999999,1.2,12,29.122398333899227,82.80236896553532,29.104366624830867,83.16988301184426,83.16988301184426,0
Ue,lower,nonzero_background_threshold,direct threshold response; background unknowable,1.2,1.5,12,29.15410026983486,82.73433864530222,29.129563574539617,83.33064449046886,83.33064449046886,0
Ue,lower,nonzero_background_threshold,direct threshold response; background unknowable,1.5,1.8,12,29.227597523399915,83.10752704379789,29.17879144772053,83.88890470004063,83.88890470004063,0
Ue,lower,nonzero_background_threshold,direct threshold response; background unknowable,1.7999999999999998,2.0999999999999996,9,29.626811734423917,84.42296580482451,29.33334460396846,85.28956230578362,85.28956230578362,0
Ue,lower,nonzero_background_threshold,direct threshold response; background unknowable,2.1,2.4,1,30.280332804770627,86.99437543258108,30.280332804770627,86.99437543258108,86.99437543258108,0
Ue,lower,nonzero_background_threshold,direct threshold response; background unknowable,2.4,2.6999999999999997,2,31.56096856806314,92.78559298762406,31.060242012410978,95.08769798898089,95.08769798898089,0
Ue,lower,nonzero_background_threshold,direct threshold response; background unknowable,2.6999999999999997,2.9999999999999996,1,35.77702665121032,113.45073050036598,35.77702665121032,113.45073050036598,113.45073050036598,0
Ue,lower,nonzero_background_threshold,direct threshold response; background unknowable,3.0,3.3,2,51.24118938867355,249.4667470651889,44.34099686647572,332.7173678314796,332.7173678314796,0
Ue,lower,nonzero_background_threshold,direct threshold response; background unknowable,3.3,3.5999999999999996,1,82.7720177829063,732.6979552031967,82.7720177829063,732.6979552031967,732.6979552031967,0
Ue,lower,nonzero_background_threshold,direct threshold response; background unknowable,3.5999999999999996,3.8999999999999995,2,154.01512927389535,,123.68103748575253,184.3492210620382,184.3492210620382,2
Ue,lower,nonzero_background_threshold,direct threshold response; background unknowable,3.9,4.2,1,,,,,,2
Ue,lower,nonzero_background_threshold,direct threshold response; background unknowable,4.2,4.5,2,,,,,,4
Ue,lower,nonzero_background_threshold,direct threshold response; background unknowable,4.5,4.8,1,,,,,,2
Ue,lower,nonzero_background_threshold,direct threshold response; background unknowable,4.8,5.1,2,,,,,,4
Ue,lower,nonzero_background_threshold,direct threshold response; background unknowable,5.1,5.3999999999999995,1,,,,,,2
Ue,lower,nonzero_background_threshold,direct threshold response; background unknowable,5.3999999999999995,5.699999999999999,3,,,,,,6
Ue,lower,nonzero_background_threshold,direct threshold response; background unknowable,5.7,6.0,1,,,,,,2
Ue,lower,nonzero_background_threshold,direct threshold response; background unknowable,6.0,6.3,2,,,,,,4
Ue,lower,nonzero_background_threshold,direct threshold response; background unknowable,6.3,6.6,1,,,,,,2
Ue,lower,nonzero_background_threshold,direct threshold response; background unknowable,6.6,6.8999999999999995,2,,,,,,4
Ue,lower,nonzero_background_threshold,direct threshold response; background unknowable,6.8999999999999995,7.199999999999999,1,,,,,,2
Ue,lower,nonzero_background_threshold,direct threshold response; background unknowable,7.199999999999999,7.499999999999999,2,,,,,,4
Ue,lower,nonzero_background_threshold,direct threshold response; background unknowable,7.5,7.8,1,,,,,,2
Ue,lower,nonzero_background_threshold,direct threshold response; background unknowable,7.8,8.1,2,,,,,,4
Ue,lower,nonzero_background_threshold,direct threshold response; background unknowable,8.4,8.700000000000001,1,,,,,,2
Ue,lower,nonzero_background_threshold,direct threshold response; background unknowable,9.0,9.3,1,,,,,,2
Ue,lower,nonzero_background_threshold,direct threshold response; background unknowable,9.299999999999999,9.6,1,,,,,,2
Ue,lower,nonzero_background_threshold,direct threshold response; background unknowable,9.9,10.200000000000001,1,,,,,,2
Ue,lower,production_mc_statistical,directly calculable now,0.0,0.3,7,10.312083991770017,-8.130215080850345,-8.469577038211074,11.352602809629442,11.352602809629442,0
Ue,lower,production_mc_statistical,directly calculable now,0.3,0.6,17,7.028368674367114,-6.2374509292130735,-7.749353716894259,9.829339694760009,9.829339694760009,0
Ue,lower,production_mc_statistical,directly calculable now,0.6,0.8999999999999999,12,3.7348512366153885,-3.271078393682475,-3.622334033316299,4.379799847404797,4.379799847404797,0
Ue,lower,production_mc_statistical,directly calculable now,0.8999999999999999,1.2,12,4.634818987835432,-4.014654284024583,-4.4374246824164025,5.091979465574803,5.091979465574803,0
Ue,lower,production_mc_statistical,directly calculable now,1.2,1.5,12,5.5487459850882,-4.683150670949415,-5.295504652456707,6.243188196999849,6.243188196999849,0
Ue,lower,production_mc_statistical,directly calculable now,1.5,1.8,12,5.627641900529312,-4.720970427872418,-5.488172558536619,6.160183643046535,6.160183643046535,0
Ue,lower,production_mc_statistical,directly calculable now,1.7999999999999998,2.0999999999999996,9,2.549635824108587,-2.6137737464579702,-4.178969157409673,5.246810327461504,5.246810327461504,0
Ue,lower,production_mc_statistical,directly calculable now,2.1,2.4,1,2.4527845172094276,-2.2000920555270587,-2.2000920555270587,2.4527845172094276,2.4527845172094276,0
Ue,lower,production_mc_statistical,directly calculable now,2.4,2.6999999999999997,2,2.306625029658793,-2.2226933555955455,-2.3160534012393597,2.370838100354189,2.370838100354189,0
Ue,lower,production_mc_statistical,directly calculable now,2.6999999999999997,2.9999999999999996,1,2.20485424552912,-2.079039029383034,-2.079039029383034,2.20485424552912,2.20485424552912,0
Ue,lower,production_mc_statistical,directly calculable now,3.0,3.3,2,2.413647390603546,-2.2860336085245847,-2.3498205964453844,2.5561592046464243,2.5561592046464243,0
Ue,lower,production_mc_statistical,directly calculable now,3.3,3.5999999999999996,1,3.0537195380550886,-2.7952798030956627,-2.7952798030956627,3.0537195380550886,3.0537195380550886,0
Ue,lower,production_mc_statistical,directly calculable now,3.5999999999999996,3.8999999999999995,2,4.734015724186314,-4.253086535146849,-5.0719002669362805,5.69161284830868,5.69161284830868,0
Ue,lower,production_mc_statistical,directly calculable now,3.9,4.2,1,7.658556080479717,-6.629023352576924,-6.629023352576924,7.658556080479717,7.658556080479717,0
Ue,lower,production_spin_and_residual_angles,proxy/reweight estimate,0.0,0.3,7,0.031037615541484875,-0.030986497516749534,-0.044429009287716426,0.044523249716887925,0.044523249716887925,0
Ue,lower,production_spin_and_residual_angles,proxy/reweight estimate,0.3,0.6,17,0.044394109488776756,-0.044286920631964044,-6.725387749999145,8.865922641680912,8.865922641680912,0
Ue,lower,production_spin_and_residual_angles,proxy/reweight estimate,0.6,0.8999999999999999,12,8.514871749308085,-6.625608649779092,-7.096692460655129,8.813795349771492,8.813795349771492,0
Ue,lower,production_spin_and_residual_angles,proxy/reweight estimate,0.8999999999999999,1.2,12,8.571467769063545,-6.6747758686319605,-7.107795819256113,8.830200039829773,8.830200039829773,0
Ue,lower,production_spin_and_residual_angles,proxy/reweight estimate,1.2,1.5,12,8.482734639726274,-6.6711930941503965,-7.093990527231342,8.81437210460383,8.81437210460383,0
Ue,lower,production_spin_and_residual_angles,proxy/reweight estimate,1.5,1.8,12,8.468572854383849,-6.774948192766011,-7.098697563578627,8.843156641725347,8.843156641725347,0
Ue,lower,production_spin_and_residual_angles,proxy/reweight estimate,1.7999999999999998,2.0999999999999996,9,8.424301338091045,-6.9142203194539125,-7.15640402195683,8.934449599155414,8.934449599155414,0
Ue,lower,production_spin_and_residual_angles,proxy/reweight estimate,2.1,2.4,1,8.66383399947881,-6.83237813005152,-6.83237813005152,8.66383399947881,8.66383399947881,0
Ue,lower,production_spin_and_residual_angles,proxy/reweight estimate,2.4,2.6999999999999997,2,8.961458948532231,-7.0897105729404,-7.425482945669593,9.052429230325476,9.052429230325476,0
Ue,lower,production_spin_and_residual_angles,proxy/reweight estimate,2.6999999999999997,2.9999999999999996,1,9.937333238974722,-7.894586197802289,-7.894586197802289,9.937333238974722,9.937333238974722,0
Ue,lower,production_spin_and_residual_angles,proxy/reweight estimate,3.0,3.3,2,11.94237802666106,-9.118319485993336,-9.503443350509622,12.641807274658046,12.641807274658046,0
Ue,lower,production_spin_and_residual_angles,proxy/reweight estimate,3.3,3.5999999999999996,1,14.480404087075405,-10.856005167238415,-10.856005167238415,14.480404087075405,14.480404087075405,0
Ue,lower,production_spin_and_residual_angles,proxy/reweight estimate,3.5999999999999996,3.8999999999999995,2,14.459565402003227,-12.411573507804446,-12.588125171325792,16.009321050782365,16.009321050782365,0
Ue,lower,production_spin_and_residual_angles,proxy/reweight estimate,3.9,4.2,1,6.085931578021819,-6.49986327591775,-6.49986327591775,6.085931578021819,6.49986327591775,0
Ue,lower,production_spin_and_residual_angles,proxy/reweight estimate,4.2,4.5,2,,,,,,4
Ue,lower,production_spin_and_residual_angles,proxy/reweight estimate,4.5,4.8,1,,,,,,2
Ue,lower,production_spin_and_residual_angles,proxy/reweight estimate,4.8,5.1,2,,,,,,4
Ue,lower,production_spin_and_residual_angles,proxy/reweight estimate,5.1,5.3999999999999995,1,,,,,,2
Ue,lower,production_spin_and_residual_angles,proxy/reweight estimate,5.3999999999999995,5.699999999999999,3,,,,,,6
Ue,lower,production_spin_and_residual_angles,proxy/reweight estimate,5.7,6.0,1,,,,,,2
Ue,lower,production_spin_and_residual_angles,proxy/reweight estimate,6.0,6.3,2,,,,,,4
Ue,lower,production_spin_and_residual_angles,proxy/reweight estimate,6.3,6.6,1,,,,,,2
Ue,lower,production_spin_and_residual_angles,proxy/reweight estimate,6.6,6.8999999999999995,2,,,,,,4
Ue,lower,production_spin_and_residual_angles,proxy/reweight estimate,6.8999999999999995,7.199999999999999,1,,,,,,2
Ue,lower,production_spin_and_residual_angles,proxy/reweight estimate,7.199999999999999,7.499999999999999,2,,,,,,4
Ue,lower,production_spin_and_residual_angles,proxy/reweight estimate,7.5,7.8,1,,,,,,2
Ue,lower,production_spin_and_residual_angles,proxy/reweight estimate,7.8,8.1,2,,,,,,4
Ue,lower,production_spin_and_residual_angles,proxy/reweight estimate,8.4,8.700000000000001,1,,,,,,2
Ue,lower,production_spin_and_residual_angles,proxy/reweight estimate,9.0,9.3,1,,,,,,2
Ue,lower,production_spin_and_residual_angles,proxy/reweight estimate,9.299999999999999,9.6,1,,,,,,2
Ue,lower,production_spin_and_residual_angles,proxy/reweight estimate,9.9,10.200000000000001,1,,,,,,2
Ue,lower,visible_branching_fraction,literature-informed range,0.0,0.3,7,5.2847593985249075,-4.624767891581094,-4.911296405614884,5.692162578792326,5.692162578792326,0
Ue,lower,visible_branching_fraction,literature-informed range,0.3,0.6,17,5.46259824019546,-4.717291506180543,-5.012649666741453,5.788288112427042,5.788288112427042,0
Ue,lower,visible_branching_fraction,literature-informed range,0.6,0.8999999999999999,12,5.5509931266408685,-4.604615557024844,-4.988905521341447,5.747594736778439,5.747594736778439,0
Ue,lower,visible_branching_fraction,literature-informed range,0.8999999999999999,1.2,12,5.525370025668453,-4.572970037860707,-5.0090940275969835,5.810299169371658,5.810299169371658,0
Ue,lower,visible_branching_fraction,literature-informed range,1.2,1.5,12,5.530049123536718,-4.645647400648029,-4.973534329770546,5.82362169963635,5.82362169963635,0
Ue,lower,visible_branching_fraction,literature-informed range,1.5,1.8,12,5.430088221919982,-4.683952351223979,-4.979006212979731,5.748008628091816,5.748008628091816,0
Ue,lower,visible_branching_fraction,literature-informed range,1.7999999999999998,2.0999999999999996,9,5.434283345134117,-4.868604716721936,-4.996858147403449,5.822614656266012,5.822614656266012,0
Ue,lower,visible_branching_fraction,literature-informed range,2.1,2.4,1,5.691624175994514,-4.81704409599174,-4.81704409599174,5.691624175994514,5.691624175994514,0
Ue,lower,visible_branching_fraction,literature-informed range,2.4,2.6999999999999997,2,5.8268444278613885,-4.974879474143117,-5.25849438125695,6.048485057001707,6.048485057001707,0
Ue,lower,visible_branching_fraction,literature-informed range,2.6999999999999997,2.9999999999999996,1,6.254984939808472,-5.534844039695697,-5.534844039695697,6.254984939808472,6.254984939808472,0
Ue,lower,visible_branching_fraction,literature-informed range,3.0,3.3,2,8.183014487736296,-6.769508203549835,-7.193858569327405,9.025989841999671,9.025989841999671,0
Ue,lower,visible_branching_fraction,literature-informed range,3.3,3.5999999999999996,1,11.260623144338378,-8.67388996381142,-8.67388996381142,11.260623144338378,11.260623144338378,0
Ue,lower,visible_branching_fraction,literature-informed range,3.5999999999999996,3.8999999999999995,2,17.58111105393356,-12.817655541073076,-14.988832736169378,20.726872211649017,20.726872211649017,0
Ue,lower,visible_branching_fraction,literature-informed range,3.9,4.2,1,25.73754306381606,-16.599510585637447,-16.599510585637447,25.73754306381606,25.73754306381606,0
Ue,lower,visible_branching_fraction,literature-informed range,4.2,4.5,2,,,,,,3
Ue,lower,visible_branching_fraction,literature-informed range,4.5,4.8,1,,,,,,2
Ue,lower,visible_branching_fraction,literature-informed range,4.8,5.1,2,,,,,,4
Ue,lower,visible_branching_fraction,literature-informed range,5.1,5.3999999999999995,1,,,,,,2
Ue,lower,visible_branching_fraction,literature-informed range,5.3999999999999995,5.699999999999999,3,,,,,,6
Ue,lower,visible_branching_fraction,literature-informed range,5.7,6.0,1,,,,,,2
Ue,lower,visible_branching_fraction,literature-informed range,6.0,6.3,2,,,,,,4
Ue,lower,visible_branching_fraction,literature-informed range,6.3,6.6,1,,,,,,2
Ue,lower,visible_branching_fraction,literature-informed range,6.6,6.8999999999999995,2,,,,,,4
Ue,lower,visible_branching_fraction,literature-informed range,6.8999999999999995,7.199999999999999,1,,,,,,2
Ue,lower,visible_branching_fraction,literature-informed range,7.199999999999999,7.499999999999999,2,,,,,,4
Ue,lower,visible_branching_fraction,literature-informed range,7.5,7.8,1,,,,,,2
Ue,lower,visible_branching_fraction,literature-informed range,7.8,8.1,2,,,,,,4
Ue,lower,visible_branching_fraction,literature-informed range,8.4,8.700000000000001,1,,,,,,2
Ue,lower,visible_branching_fraction,literature-informed range,9.0,9.3,1,,,,,,2
Ue,lower,visible_branching_fraction,literature-informed range,9.299999999999999,9.6,1,,,,,,2
Ue,lower,visible_branching_fraction,literature-informed range,9.9,10.200000000000001,1,,,,,,2
Ue,lower,visible_decay_topology_acceptance,unknowable; acceptance scenario,0.0,0.3,7,19.37623870209615,-12.273200848259469,-12.328279989171897,19.86456130950205,19.86456130950205,0
Ue,lower,visible_decay_topology_acceptance,unknowable; acceptance scenario,0.3,0.6,17,19.573761101074382,-12.284626310623093,-12.32979111626804,19.928661970546237,19.928661970546237,0
Ue,lower,visible_decay_topology_acceptance,unknowable; acceptance scenario,0.6,0.8999999999999999,12,19.688144947524123,-12.306237885629884,-12.337508937056985,19.931403027085494,19.931403027085494,0
Ue,lower,visible_decay_topology_acceptance,unknowable; acceptance scenario,0.8999999999999999,1.2,12,19.666095801500827,-12.293171088305112,-12.344159401183708,19.977947712504452,19.977947712504452,0
Ue,lower,visible_decay_topology_acceptance,unknowable; acceptance scenario,1.2,1.5,12,19.697761802237842,-12.318035997648991,-12.34891093161955,20.00311081692592,20.00311081692592,0
Ue,lower,visible_decay_topology_acceptance,unknowable; acceptance scenario,1.5,1.8,12,19.617662086472734,-12.342967270700223,-12.397971726099911,19.933728487632308,19.933728487632308,0
Ue,lower,visible_decay_topology_acceptance,unknowable; acceptance scenario,1.7999999999999998,2.0999999999999996,9,19.806748998750145,-12.416827685499754,-12.497918226232896,20.217364815115136,20.217364815115136,0
Ue,lower,visible_decay_topology_acceptance,unknowable; acceptance scenario,2.1,2.4,1,20.313691690129154,-12.638105929274602,-12.638105929274602,20.313691690129154,20.313691690129154,0
Ue,lower,visible_decay_topology_acceptance,unknowable; acceptance scenario,2.4,2.6999999999999997,2,21.106178403148025,-13.038204017668104,-13.243944433406519,21.129842565783164,21.129842565783164,0
Ue,lower,visible_decay_topology_acceptance,unknowable; acceptance scenario,2.6999999999999997,2.9999999999999996,1,23.667474712692925,-14.064417991154377,-14.064417991154377,23.667474712692925,23.667474712692925,0
Ue,lower,visible_decay_topology_acceptance,unknowable; acceptance scenario,3.0,3.3,2,32.35993936418634,-17.161651279087824,-18.285917452391274,36.163285694252664,36.163285694252664,0
Ue,lower,visible_decay_topology_acceptance,unknowable; acceptance scenario,3.3,3.5999999999999996,1,48.28048065730614,-21.454511651109907,-21.454511651109907,48.28048065730614,48.28048065730614,0
Ue,lower,visible_decay_topology_acceptance,unknowable; acceptance scenario,3.5999999999999996,3.8999999999999995,2,81.0534700943278,-29.94826942385074,-34.553359204838685,94.43192621265109,94.43192621265109,0
Ue,lower,visible_decay_topology_acceptance,unknowable; acceptance scenario,3.9,4.2,1,,-38.046049540548225,-38.046049540548225,-38.046049540548225,38.046049540548225,1
Ue,lower,visible_decay_topology_acceptance,unknowable; acceptance scenario,4.2,4.5,2,,,,,,3
Ue,lower,visible_decay_topology_acceptance,unknowable; acceptance scenario,4.5,4.8,1,,,,,,2
Ue,lower,visible_decay_topology_acceptance,unknowable; acceptance scenario,4.8,5.1,2,,,,,,4
Ue,lower,visible_decay_topology_acceptance,unknowable; acceptance scenario,5.1,5.3999999999999995,1,,,,,,2
Ue,lower,visible_decay_topology_acceptance,unknowable; acceptance scenario,5.3999999999999995,5.699999999999999,3,,,,,,6
Ue,lower,visible_decay_topology_acceptance,unknowable; acceptance scenario,5.7,6.0,1,,,,,,2
Ue,lower,visible_decay_topology_acceptance,unknowable; acceptance scenario,6.0,6.3,2,,,,,,4
Ue,lower,visible_decay_topology_acceptance,unknowable; acceptance scenario,6.3,6.6,1,,,,,,2
Ue,lower,visible_decay_topology_acceptance,unknowable; acceptance scenario,6.6,6.8999999999999995,2,,,,,,4
Ue,lower,visible_decay_topology_acceptance,unknowable; acceptance scenario,6.8999999999999995,7.199999999999999,1,,,,,,2
Ue,lower,visible_decay_topology_acceptance,unknowable; acceptance scenario,7.199999999999999,7.499999999999999,2,,,,,,4
Ue,lower,visible_decay_topology_acceptance,unknowable; acceptance scenario,7.5,7.8,1,,,,,,2
Ue,lower,visible_decay_topology_acceptance,unknowable; acceptance scenario,7.8,8.1,2,,,,,,4
Ue,lower,visible_decay_topology_acceptance,unknowable; acceptance scenario,8.4,8.700000000000001,1,,,,,,2
Ue,lower,visible_decay_topology_acceptance,unknowable; acceptance scenario,9.0,9.3,1,,,,,,2
Ue,lower,visible_decay_topology_acceptance,unknowable; acceptance scenario,9.299999999999999,9.6,1,,,,,,2
Ue,lower,visible_decay_topology_acceptance,unknowable; acceptance scenario,9.9,10.200000000000001,1,,,,,,2
Ue,upper,bc_spectrum_and_normalization,unknowable; factor scenario,0.0,0.3,7,,,,,,14
Ue,upper,bc_spectrum_and_normalization,unknowable; factor scenario,0.3,0.6,17,,,,,,34
Ue,upper,bc_spectrum_and_normalization,unknowable; factor scenario,0.6,0.8999999999999999,12,-2.596811654598241e-11,5.190292640122607e-11,-5.546840209369464e-07,1.10936746455792e-06,1.10936746455792e-06,12
Ue,upper,bc_spectrum_and_normalization,unknowable; factor scenario,0.8999999999999999,1.2,12,-4.808263454059158e-07,9.616524465627663e-07,-1.2695612783275578e-05,2.5390969504712757e-05,2.5390969504712757e-05,0
Ue,upper,bc_spectrum_and_normalization,unknowable; factor scenario,1.2,1.5,12,-0.0001341462213477751,0.00026828236348031,-0.00502961816342129,0.010043879381615994,0.010043879381615994,0
Ue,upper,bc_spectrum_and_normalization,unknowable; factor scenario,1.5,1.8,12,-0.00011479154282123538,0.0002295639303762087,-0.003982522207157668,0.007958429959531443,0.007958429959531443,0
Ue,upper,bc_spectrum_and_normalization,unknowable; factor scenario,1.7999999999999998,2.0999999999999996,9,-0.0004100418161456787,0.0008199969963484932,-0.003239910408459057,0.006475527060878505,0.006475527060878505,0
Ue,upper,bc_spectrum_and_normalization,unknowable; factor scenario,2.1,2.4,1,-0.008264316594719379,0.01650152960757101,-0.008264316594719379,0.01650152960757101,0.01650152960757101,0
Ue,upper,bc_spectrum_and_normalization,unknowable; factor scenario,2.4,2.6999999999999997,2,-0.007718450908350549,0.015406294458930603,-0.010008829102647887,0.019972785094402035,0.019972785094402035,0
Ue,upper,bc_spectrum_and_normalization,unknowable; factor scenario,2.6999999999999997,2.9999999999999996,1,-0.051768253646999884,0.10274420970746156,-0.051768253646999884,0.10274420970746156,0.10274420970746156,0
Ue,upper,bc_spectrum_and_normalization,unknowable; factor scenario,3.0,3.3,2,-0.018642348483666193,0.037174664587202866,-0.024998399535680615,0.04982403344664377,0.04982403344664377,0
Ue,upper,bc_spectrum_and_normalization,unknowable; factor scenario,3.3,3.5999999999999996,1,-0.022989016127661355,0.045825968652968285,-0.022989016127661355,0.045825968652968285,0.045825968652968285,0
Ue,upper,bc_spectrum_and_normalization,unknowable; factor scenario,3.5999999999999996,3.8999999999999995,2,-0.16326008975241502,0.32162733229947893,-0.23879486209160694,0.4696960370240699,0.4696960370240699,0
Ue,upper,bc_spectrum_and_normalization,unknowable; factor scenario,3.9,4.2,1,-0.7823795281596269,1.4888166247119639,-0.7823795281596269,1.4888166247119639,1.4888166247119639,0
Ue,upper,bc_spectrum_and_normalization,unknowable; factor scenario,4.2,4.5,2,,,,,,4
Ue,upper,bc_spectrum_and_normalization,unknowable; factor scenario,4.5,4.8,1,,,,,,2
Ue,upper,bc_spectrum_and_normalization,unknowable; factor scenario,4.8,5.1,2,,,,,,4
Ue,upper,bc_spectrum_and_normalization,unknowable; factor scenario,5.1,5.3999999999999995,1,,,,,,2
Ue,upper,bc_spectrum_and_normalization,unknowable; factor scenario,5.3999999999999995,5.699999999999999,3,,,,,,6
Ue,upper,bc_spectrum_and_normalization,unknowable; factor scenario,5.7,6.0,1,,,,,,2
Ue,upper,bc_spectrum_and_normalization,unknowable; factor scenario,6.0,6.3,2,,,,,,4
Ue,upper,bc_spectrum_and_normalization,unknowable; factor scenario,6.3,6.6,1,,,,,,2
Ue,upper,bc_spectrum_and_normalization,unknowable; factor scenario,6.6,6.8999999999999995,2,,,,,,4
Ue,upper,bc_spectrum_and_normalization,unknowable; factor scenario,6.8999999999999995,7.199999999999999,1,,,,,,2
Ue,upper,bc_spectrum_and_normalization,unknowable; factor scenario,7.199999999999999,7.499999999999999,2,,,,,,4
Ue,upper,bc_spectrum_and_normalization,unknowable; factor scenario,7.5,7.8,1,,,,,,2
Ue,upper,bc_spectrum_and_normalization,unknowable; factor scenario,7.8,8.1,2,,,,,,4
Ue,upper,bc_spectrum_and_normalization,unknowable; factor scenario,8.4,8.700000000000001,1,,,,,,2
Ue,upper,bc_spectrum_and_normalization,unknowable; factor scenario,9.0,9.3,1,,,,,,2
Ue,upper,bc_spectrum_and_normalization,unknowable; factor scenario,9.299999999999999,9.6,1,,,,,,2
Ue,upper,bc_spectrum_and_normalization,unknowable; factor scenario,9.9,10.200000000000001,1,,,,,,2
Ue,upper,charged_kaon_parent_transport,unknowable; transport scenario,0.0,0.3,7,,,,,,14
Ue,upper,charged_kaon_parent_transport,unknowable; transport scenario,0.3,0.6,17,,,,,,34
Ue,upper,charged_kaon_parent_transport,unknowable; transport scenario,0.6,0.8999999999999999,12,0.0,0.0,0.0,0.0,0.0,12
Ue,upper,charged_kaon_parent_transport,unknowable; transport scenario,0.8999999999999999,1.2,12,0.0,0.0,0.0,0.0,0.0,0
Ue,upper,charged_kaon_parent_transport,unknowable; transport scenario,1.2,1.5,12,0.0,0.0,0.0,0.0,0.0,0
Ue,upper,charged_kaon_parent_transport,unknowable; transport scenario,1.5,1.8,12,0.0,0.0,0.0,0.0,0.0,0
Ue,upper,charged_kaon_parent_transport,unknowable; transport scenario,1.7999999999999998,2.0999999999999996,9,0.0,0.0,0.0,0.0,0.0,0
Ue,upper,charged_kaon_parent_transport,unknowable; transport scenario,2.1,2.4,1,0.0,0.0,0.0,0.0,0.0,0
Ue,upper,charged_kaon_parent_transport,unknowable; transport scenario,2.4,2.6999999999999997,2,0.0,0.0,0.0,0.0,0.0,0
Ue,upper,charged_kaon_parent_transport,unknowable; transport scenario,2.6999999999999997,2.9999999999999996,1,0.0,0.0,0.0,0.0,0.0,0
Ue,upper,charged_kaon_parent_transport,unknowable; transport scenario,3.0,3.3,2,0.0,0.0,0.0,0.0,0.0,0
Ue,upper,charged_kaon_parent_transport,unknowable; transport scenario,3.3,3.5999999999999996,1,0.0,0.0,0.0,0.0,0.0,0
Ue,upper,charged_kaon_parent_transport,unknowable; transport scenario,3.5999999999999996,3.8999999999999995,2,0.0,0.0,0.0,0.0,0.0,0
Ue,upper,charged_kaon_parent_transport,unknowable; transport scenario,3.9,4.2,1,0.0,0.0,0.0,0.0,0.0,0
Ue,upper,charged_kaon_parent_transport,unknowable; transport scenario,4.2,4.5,2,,,,,,4
Ue,upper,charged_kaon_parent_transport,unknowable; transport scenario,4.5,4.8,1,,,,,,2
Ue,upper,charged_kaon_parent_transport,unknowable; transport scenario,4.8,5.1,2,,,,,,4
Ue,upper,charged_kaon_parent_transport,unknowable; transport scenario,5.1,5.3999999999999995,1,,,,,,2
Ue,upper,charged_kaon_parent_transport,unknowable; transport scenario,5.3999999999999995,5.699999999999999,3,,,,,,6
Ue,upper,charged_kaon_parent_transport,unknowable; transport scenario,5.7,6.0,1,,,,,,2
Ue,upper,charged_kaon_parent_transport,unknowable; transport scenario,6.0,6.3,2,,,,,,4
Ue,upper,charged_kaon_parent_transport,unknowable; transport scenario,6.3,6.6,1,,,,,,2
Ue,upper,charged_kaon_parent_transport,unknowable; transport scenario,6.6,6.8999999999999995,2,,,,,,4
Ue,upper,charged_kaon_parent_transport,unknowable; transport scenario,6.8999999999999995,7.199999999999999,1,,,,,,2
Ue,upper,charged_kaon_parent_transport,unknowable; transport scenario,7.199999999999999,7.499999999999999,2,,,,,,4
Ue,upper,charged_kaon_parent_transport,unknowable; transport scenario,7.5,7.8,1,,,,,,2
Ue,upper,charged_kaon_parent_transport,unknowable; transport scenario,7.8,8.1,2,,,,,,4
Ue,upper,charged_kaon_parent_transport,unknowable; transport scenario,8.4,8.700000000000001,1,,,,,,2
Ue,upper,charged_kaon_parent_transport,unknowable; transport scenario,9.0,9.3,1,,,,,,2
Ue,upper,charged_kaon_parent_transport,unknowable; transport scenario,9.299999999999999,9.6,1,,,,,,2
Ue,upper,charged_kaon_parent_transport,unknowable; transport scenario,9.9,10.200000000000001,1,,,,,,2
Ue,upper,combined_physics_model_rss,"engineering envelope, not confidence interval",0.6,0.8999999999999999,6,-20.042438169769405,20.06628091525059,-20.136048839306074,20.15448144491905,20.15448144491905,0
Ue,upper,combined_physics_model_rss,"engineering envelope, not confidence interval",0.8999999999999999,1.2,12,-20.052508387601378,20.056797185393393,-20.130305360125632,20.189634061525542,20.189634061525542,0
Ue,upper,combined_physics_model_rss,"engineering envelope, not confidence interval",1.2,1.5,12,-20.11282150867042,20.120643568013996,-20.158550337019854,20.16958865296814,20.16958865296814,0
Ue,upper,combined_physics_model_rss,"engineering envelope, not confidence interval",1.5,1.8,12,-20.093170611968148,20.12463435982086,-20.183524529913488,20.268531026197966,20.268531026197966,0
Ue,upper,combined_physics_model_rss,"engineering envelope, not confidence interval",1.7999999999999998,2.0999999999999996,9,-20.150689529127753,20.180170955640065,-20.253596921909633,20.310885443756767,20.310885443756767,0
Ue,upper,combined_physics_model_rss,"engineering envelope, not confidence interval",2.1,2.4,1,-20.2724821281988,20.29212751488474,-20.2724821281988,20.29212751488474,20.29212751488474,0
Ue,upper,combined_physics_model_rss,"engineering envelope, not confidence interval",2.4,2.6999999999999997,2,-20.23450117793013,20.284431006177982,-20.251503458338714,20.31832262510198,20.31832262510198,0
Ue,upper,combined_physics_model_rss,"engineering envelope, not confidence interval",2.6999999999999997,2.9999999999999996,1,-20.42967557372367,20.464587005575787,-20.42967557372367,20.464587005575787,20.464587005575787,0
Ue,upper,combined_physics_model_rss,"engineering envelope, not confidence interval",3.0,3.3,2,-20.654624613928448,20.776959226176306,-20.739722143661975,20.878975609818106,20.878975609818106,0
Ue,upper,combined_physics_model_rss,"engineering envelope, not confidence interval",3.3,3.5999999999999996,1,-20.975131914371058,21.232701447681812,-20.975131914371058,21.232701447681812,21.232701447681812,0
Ue,upper,combined_physics_model_rss,"engineering envelope, not confidence interval",3.5999999999999996,3.8999999999999995,2,-22.098827696494112,22.294467805290665,-22.74713378345854,22.955860587799304,22.955860587799304,0
Ue,upper,combined_physics_model_rss,"engineering envelope, not confidence interval",3.9,4.2,1,-30.499884029925806,27.946832838740264,-30.499884029925806,27.946832838740264,30.499884029925806,0
Ue,upper,csv_8_digit_serialization,quantitatively dismissed by rounding bound,0.0,0.3,7,,,,,,14
Ue,upper,csv_8_digit_serialization,quantitatively dismissed by rounding bound,0.3,0.6,17,,,,,,34
Ue,upper,csv_8_digit_serialization,quantitatively dismissed by rounding bound,0.6,0.8999999999999999,12,-1.4369990530838095e-06,1.4369985201767577e-06,-2.739778481863908e-06,2.7397773827431138e-06,2.739778481863908e-06,12
Ue,upper,csv_8_digit_serialization,quantitatively dismissed by rounding bound,0.8999999999999999,1.2,12,-1.6586751305780467e-06,1.6586744977509227e-06,-3.0352290458779407e-06,3.035227980063837e-06,3.0352290458779407e-06,0
Ue,upper,csv_8_digit_serialization,quantitatively dismissed by rounding bound,1.2,1.5,12,-2.411776905963947e-06,2.411775956723261e-06,-2.860356729250668e-06,2.860355685641025e-06,2.860356729250668e-06,0
Ue,upper,csv_8_digit_serialization,quantitatively dismissed by rounding bound,1.5,1.8,12,-2.2605149141430303e-06,2.260514042617956e-06,-3.494374756218832e-06,3.4943734572578933e-06,3.494374756218832e-06,0
Ue,upper,csv_8_digit_serialization,quantitatively dismissed by rounding bound,1.7999999999999998,2.0999999999999996,9,-2.814216870650199e-06,2.814215926960628e-06,-3.6628630795121353e-06,3.6628617916534267e-06,3.6628630795121353e-06,0
Ue,upper,csv_8_digit_serialization,quantitatively dismissed by rounding bound,2.1,2.4,1,-3.760223121762607e-06,3.7602216451659842e-06,-3.760223121762607e-06,3.7602216451659842e-06,3.760223121762607e-06,0
Ue,upper,csv_8_digit_serialization,quantitatively dismissed by rounding bound,2.4,2.6999999999999997,2,-3.5581967872122533e-06,3.558195593722502e-06,-3.6195727859400506e-06,3.619571486979112e-06,3.6195727859400506e-06,0
Ue,upper,csv_8_digit_serialization,quantitatively dismissed by rounding bound,2.6999999999999997,2.9999999999999996,1,-4.764415317826121e-06,4.764413708002735e-06,-4.764415317826121e-06,4.764413708002735e-06,4.764415317826121e-06,0
Ue,upper,csv_8_digit_serialization,quantitatively dismissed by rounding bound,3.0,3.3,2,-6.1876514079184375e-06,6.187649126410122e-06,-6.5936863968829584e-06,6.593683954392304e-06,6.5936863968829584e-06,0
Ue,upper,csv_8_digit_serialization,quantitatively dismissed by rounding bound,3.3,3.5999999999999996,1,-7.836336513022957e-06,7.836333848487698e-06,-7.836336513022957e-06,7.836333848487698e-06,7.836336513022957e-06,0
Ue,upper,csv_8_digit_serialization,quantitatively dismissed by rounding bound,3.5999999999999996,3.8999999999999995,2,-1.06924104348316e-05,1.0692407415024974e-05,-1.2325811271640674e-05,1.2325807885460449e-05,1.2325811271640674e-05,0
Ue,upper,csv_8_digit_serialization,quantitatively dismissed by rounding bound,3.9,4.2,1,-2.2507781904934632e-05,2.250777819678973e-05,-2.2507781904934632e-05,2.250777819678973e-05,2.2507781904934632e-05,0
Ue,upper,csv_8_digit_serialization,quantitatively dismissed by rounding bound,4.2,4.5,2,,,,,,4
Ue,upper,csv_8_digit_serialization,quantitatively dismissed by rounding bound,4.5,4.8,1,,,,,,2
Ue,upper,csv_8_digit_serialization,quantitatively dismissed by rounding bound,4.8,5.1,2,,,,,,4
Ue,upper,csv_8_digit_serialization,quantitatively dismissed by rounding bound,5.1,5.3999999999999995,1,,,,,,2
Ue,upper,csv_8_digit_serialization,quantitatively dismissed by rounding bound,5.3999999999999995,5.699999999999999,3,,,,,,6
Ue,upper,csv_8_digit_serialization,quantitatively dismissed by rounding bound,5.7,6.0,1,,,,,,2
Ue,upper,csv_8_digit_serialization,quantitatively dismissed by rounding bound,6.0,6.3,2,,,,,,4
Ue,upper,csv_8_digit_serialization,quantitatively dismissed by rounding bound,6.3,6.6,1,,,,,,2
Ue,upper,csv_8_digit_serialization,quantitatively dismissed by rounding bound,6.6,6.8999999999999995,2,,,,,,4
Ue,upper,csv_8_digit_serialization,quantitatively dismissed by rounding bound,6.8999999999999995,7.199999999999999,1,,,,,,2
Ue,upper,csv_8_digit_serialization,quantitatively dismissed by rounding bound,7.199999999999999,7.499999999999999,2,,,,,,4
Ue,upper,csv_8_digit_serialization,quantitatively dismissed by rounding bound,7.5,7.8,1,,,,,,2
Ue,upper,csv_8_digit_serialization,quantitatively dismissed by rounding bound,7.8,8.1,2,,,,,,4
Ue,upper,csv_8_digit_serialization,quantitatively dismissed by rounding bound,8.4,8.700000000000001,1,,,,,,2
Ue,upper,csv_8_digit_serialization,quantitatively dismissed by rounding bound,9.0,9.3,1,,,,,,2
Ue,upper,csv_8_digit_serialization,quantitatively dismissed by rounding bound,9.299999999999999,9.6,1,,,,,,2
Ue,upper,csv_8_digit_serialization,quantitatively dismissed by rounding bound,9.9,10.200000000000001,1,,,,,,2
Ue,upper,current_code_rerun_proxy,direct code calculation; finite-MC proxy,0.0,0.3,7,,,,,,14
Ue,upper,current_code_rerun_proxy,direct code calculation; finite-MC proxy,0.3,0.6,17,,,,,,34
Ue,upper,current_code_rerun_proxy,direct code calculation; finite-MC proxy,0.6,0.8999999999999999,12,-1.2989609388114332e-12,-1.2989609388114332e-12,-5.910150147059312e-09,0.00030766812899596374,0.00030766812899596374,12
Ue,upper,current_code_rerun_proxy,direct code calculation; finite-MC proxy,0.8999999999999999,1.2,12,-1.203981359054751e-10,-1.203981359054751e-10,-5.2453597021440146e-08,0.002588708504602799,0.002588708504602799,0
Ue,upper,current_code_rerun_proxy,direct code calculation; finite-MC proxy,1.2,1.5,12,-4.2842396297260166e-09,-4.2842396297260166e-09,-2.2241851693749481e-07,0.00021408459618399434,0.00021408459618399434,0
Ue,upper,current_code_rerun_proxy,direct code calculation; finite-MC proxy,1.5,1.8,12,-8.062439604827887e-11,-8.062439604827887e-11,-7.957101644251452e-09,0.0004581746922083241,0.0004581746922083241,0
Ue,upper,current_code_rerun_proxy,direct code calculation; finite-MC proxy,1.7999999999999998,2.0999999999999996,9,1.1604339711368539e-08,1.1604339711368539e-08,2.4646951146678475e-12,0.009279523263283629,0.009279523263283629,0
Ue,upper,current_code_rerun_proxy,direct code calculation; finite-MC proxy,2.1,2.4,1,1.3173551138834227e-08,1.3173551138834227e-08,1.3173551138834227e-08,1.3173551138834227e-08,1.3173551138834227e-08,0
Ue,upper,current_code_rerun_proxy,direct code calculation; finite-MC proxy,2.4,2.6999999999999997,2,2.319615718393564e-05,2.319615718393564e-05,2.6846080913855985e-09,4.6389629759779893e-05,4.6389629759779893e-05,0
Ue,upper,current_code_rerun_proxy,direct code calculation; finite-MC proxy,2.6999999999999997,2.9999999999999996,1,1.9392436545473402e-07,1.9392436545473402e-07,1.9392436545473402e-07,1.9392436545473402e-07,1.9392436545473402e-07,0
Ue,upper,current_code_rerun_proxy,direct code calculation; finite-MC proxy,3.0,3.3,2,2.253468843749218e-05,2.253468843749218e-05,2.386391528830245e-07,4.483073772210133e-05,4.483073772210133e-05,0
Ue,upper,current_code_rerun_proxy,direct code calculation; finite-MC proxy,3.3,3.5999999999999996,1,0.0,0.0,0.0,0.0,0.0,0
Ue,upper,current_code_rerun_proxy,direct code calculation; finite-MC proxy,3.5999999999999996,3.8999999999999995,2,0.0,0.0,0.0,0.0,0.0,0
Ue,upper,current_code_rerun_proxy,direct code calculation; finite-MC proxy,3.9,4.2,1,0.0,0.0,0.0,0.0,0.0,0
Ue,upper,current_code_rerun_proxy,direct code calculation; finite-MC proxy,4.2,4.5,2,,,,,,4
Ue,upper,current_code_rerun_proxy,direct code calculation; finite-MC proxy,4.5,4.8,1,,,,,,2
Ue,upper,current_code_rerun_proxy,direct code calculation; finite-MC proxy,4.8,5.1,2,,,,,,4
Ue,upper,current_code_rerun_proxy,direct code calculation; finite-MC proxy,5.1,5.3999999999999995,1,,,,,,2
Ue,upper,current_code_rerun_proxy,direct code calculation; finite-MC proxy,5.3999999999999995,5.699999999999999,3,,,,,,6
Ue,upper,current_code_rerun_proxy,direct code calculation; finite-MC proxy,5.7,6.0,1,,,,,,2
Ue,upper,current_code_rerun_proxy,direct code calculation; finite-MC proxy,6.0,6.3,2,,,,,,4
Ue,upper,current_code_rerun_proxy,direct code calculation; finite-MC proxy,6.3,6.6,1,,,,,,2
Ue,upper,current_code_rerun_proxy,direct code calculation; finite-MC proxy,6.6,6.8999999999999995,2,,,,,,4
Ue,upper,current_code_rerun_proxy,direct code calculation; finite-MC proxy,6.8999999999999995,7.199999999999999,1,,,,,,2
Ue,upper,current_code_rerun_proxy,direct code calculation; finite-MC proxy,7.199999999999999,7.499999999999999,2,,,,,,4
Ue,upper,current_code_rerun_proxy,direct code calculation; finite-MC proxy,7.5,7.8,1,,,,,,2
Ue,upper,current_code_rerun_proxy,direct code calculation; finite-MC proxy,7.8,8.1,2,,,,,,4
Ue,upper,current_code_rerun_proxy,direct code calculation; finite-MC proxy,8.4,8.700000000000001,1,,,,,,2
Ue,upper,current_code_rerun_proxy,direct code calculation; finite-MC proxy,9.0,9.3,1,,,,,,2
Ue,upper,current_code_rerun_proxy,direct code calculation; finite-MC proxy,9.299999999999999,9.6,1,,,,,,2
Ue,upper,current_code_rerun_proxy,direct code calculation; finite-MC proxy,9.9,10.200000000000001,1,,,,,,2
Ue,upper,detector_reconstruction_efficiency,unknowable; efficiency scenario,0.0,0.3,7,,,,,,14
Ue,upper,detector_reconstruction_efficiency,unknowable; efficiency scenario,0.3,0.6,17,,,,,,34
Ue,upper,detector_reconstruction_efficiency,unknowable; efficiency scenario,0.6,0.8999999999999999,12,-5.216824391374997,0.0,-7.32933833217535,0.0,7.32933833217535,11
Ue,upper,detector_reconstruction_efficiency,unknowable; efficiency scenario,0.8999999999999999,1.2,12,-6.701481810603366,0.0,-8.364532290696669,0.0,8.364532290696669,0
Ue,upper,detector_reconstruction_efficiency,unknowable; efficiency scenario,1.2,1.5,12,-7.688107282949974,0.0,-9.105554000459893,0.0,9.105554000459893,0
Ue,upper,detector_reconstruction_efficiency,unknowable; efficiency scenario,1.5,1.8,12,-8.838335284183074,0.0,-9.506122535712136,0.0,9.506122535712136,0
Ue,upper,detector_reconstruction_efficiency,unknowable; efficiency scenario,1.7999999999999998,2.0999999999999996,9,-10.20358255657856,0.0,-10.721243918171574,0.0,10.721243918171574,0
Ue,upper,detector_reconstruction_efficiency,unknowable; efficiency scenario,2.1,2.4,1,-11.726446835079706,0.0,-11.726446835079706,0.0,11.726446835079706,0
Ue,upper,detector_reconstruction_efficiency,unknowable; efficiency scenario,2.4,2.6999999999999997,2,-13.601079202256184,0.0,-14.615523272658383,0.0,14.615523272658383,0
Ue,upper,detector_reconstruction_efficiency,unknowable; efficiency scenario,2.6999999999999997,2.9999999999999996,1,-17.086964598671884,0.0,-17.086964598671884,0.0,17.086964598671884,0
Ue,upper,detector_reconstruction_efficiency,unknowable; efficiency scenario,3.0,3.3,2,-21.090176886171626,0.0,-22.821196694421918,0.0,22.821196694421918,0
Ue,upper,detector_reconstruction_efficiency,unknowable; efficiency scenario,3.3,3.5999999999999996,1,-28.105252392717716,0.0,-28.105252392717716,0.0,28.105252392717716,0
Ue,upper,detector_reconstruction_efficiency,unknowable; efficiency scenario,3.5999999999999996,3.8999999999999995,2,-36.24918430476082,0.0,-36.24918430476082,0.0,36.24918430476082,1
Ue,upper,detector_reconstruction_efficiency,unknowable; efficiency scenario,3.9,4.2,1,,0.0,0.0,0.0,0.0,1
Ue,upper,detector_reconstruction_efficiency,unknowable; efficiency scenario,4.2,4.5,2,,,,,,4
Ue,upper,detector_reconstruction_efficiency,unknowable; efficiency scenario,4.5,4.8,1,,,,,,2
Ue,upper,detector_reconstruction_efficiency,unknowable; efficiency scenario,4.8,5.1,2,,,,,,4
Ue,upper,detector_reconstruction_efficiency,unknowable; efficiency scenario,5.1,5.3999999999999995,1,,,,,,2
Ue,upper,detector_reconstruction_efficiency,unknowable; efficiency scenario,5.3999999999999995,5.699999999999999,3,,,,,,6
Ue,upper,detector_reconstruction_efficiency,unknowable; efficiency scenario,5.7,6.0,1,,,,,,2
Ue,upper,detector_reconstruction_efficiency,unknowable; efficiency scenario,6.0,6.3,2,,,,,,4
Ue,upper,detector_reconstruction_efficiency,unknowable; efficiency scenario,6.3,6.6,1,,,,,,2
Ue,upper,detector_reconstruction_efficiency,unknowable; efficiency scenario,6.6,6.8999999999999995,2,,,,,,4
Ue,upper,detector_reconstruction_efficiency,unknowable; efficiency scenario,6.8999999999999995,7.199999999999999,1,,,,,,2
Ue,upper,detector_reconstruction_efficiency,unknowable; efficiency scenario,7.199999999999999,7.499999999999999,2,,,,,,4
Ue,upper,detector_reconstruction_efficiency,unknowable; efficiency scenario,7.5,7.8,1,,,,,,2
Ue,upper,detector_reconstruction_efficiency,unknowable; efficiency scenario,7.8,8.1,2,,,,,,4
Ue,upper,detector_reconstruction_efficiency,unknowable; efficiency scenario,8.4,8.700000000000001,1,,,,,,2
Ue,upper,detector_reconstruction_efficiency,unknowable; efficiency scenario,9.0,9.3,1,,,,,,2
Ue,upper,detector_reconstruction_efficiency,unknowable; efficiency scenario,9.299999999999999,9.6,1,,,,,,2
Ue,upper,detector_reconstruction_efficiency,unknowable; efficiency scenario,9.9,10.200000000000001,1,,,,,,2
Ue,upper,exclusive_channel_closure_and_weak_cascades,proxy/reweight estimate,0.0,0.3,7,,,,,,14
Ue,upper,exclusive_channel_closure_and_weak_cascades,proxy/reweight estimate,0.3,0.6,17,,,,,,34
Ue,upper,exclusive_channel_closure_and_weak_cascades,proxy/reweight estimate,0.6,0.8999999999999999,12,1.2357484624470061e-05,4.9429370452269694e-05,4.0951686486323524e-08,0.020187419899841963,0.020187419899841963,12
Ue,upper,exclusive_channel_closure_and_weak_cascades,proxy/reweight estimate,0.8999999999999999,1.2,12,0.00031003965866860383,0.001239975954403505,5.299982674955572e-10,0.3261838451632526,0.3261838451632526,0
Ue,upper,exclusive_channel_closure_and_weak_cascades,proxy/reweight estimate,1.2,1.5,12,0.006667537776328114,0.02659385660754854,1.8611778784816124e-10,0.37283989011063223,0.37283989011063223,0
Ue,upper,exclusive_channel_closure_and_weak_cascades,proxy/reweight estimate,1.5,1.8,12,0.030375452690867277,0.12008891140676825,0.0015060004480815792,0.42436285358211645,0.42436285358211645,0
Ue,upper,exclusive_channel_closure_and_weak_cascades,proxy/reweight estimate,1.7999999999999998,2.0999999999999996,9,0.0015051885368988493,0.0060186296302555675,2.891517156822232e-05,0.11604897373358458,0.11604897373358458,0
Ue,upper,exclusive_channel_closure_and_weak_cascades,proxy/reweight estimate,2.1,2.4,1,0.00017077912246588056,0.0006830839838434244,0.00017077912246588056,0.0006830839838434244,0.0006830839838434244,0
Ue,upper,exclusive_channel_closure_and_weak_cascades,proxy/reweight estimate,2.4,2.6999999999999997,2,0.030044643379334435,0.11874973524060861,0.002387064523268201,0.2279601600216008,0.2279601600216008,0
Ue,upper,exclusive_channel_closure_and_weak_cascades,proxy/reweight estimate,2.6999999999999997,2.9999999999999996,1,0.004566634352753951,0.01824862794879145,0.004566634352753951,0.01824862794879145,0.01824862794879145,0
Ue,upper,exclusive_channel_closure_and_weak_cascades,proxy/reweight estimate,3.0,3.3,2,0.022109601624109576,0.08826430383532813,0.018635572243907994,0.10208178614532493,0.10208178614532493,0
Ue,upper,exclusive_channel_closure_and_weak_cascades,proxy/reweight estimate,3.3,3.5999999999999996,1,0.02600629901416962,0.10377562694827702,0.02600629901416962,0.10377562694827702,0.10377562694827702,0
Ue,upper,exclusive_channel_closure_and_weak_cascades,proxy/reweight estimate,3.5999999999999996,3.8999999999999995,2,0.03561437324147709,0.14205311237911467,0.03257249496360082,0.15419790164927782,0.15419790164927782,0
Ue,upper,exclusive_channel_closure_and_weak_cascades,proxy/reweight estimate,3.9,4.2,1,0.07858847094481813,0.3128087134802282,0.07858847094481813,0.3128087134802282,0.3128087134802282,0
Ue,upper,exclusive_channel_closure_and_weak_cascades,proxy/reweight estimate,4.2,4.5,2,,,,,,4
Ue,upper,exclusive_channel_closure_and_weak_cascades,proxy/reweight estimate,4.5,4.8,1,,,,,,2
Ue,upper,exclusive_channel_closure_and_weak_cascades,proxy/reweight estimate,4.8,5.1,2,,,,,,4
Ue,upper,exclusive_channel_closure_and_weak_cascades,proxy/reweight estimate,5.1,5.3999999999999995,1,,,,,,2
Ue,upper,exclusive_channel_closure_and_weak_cascades,proxy/reweight estimate,5.3999999999999995,5.699999999999999,3,,,,,,6
Ue,upper,exclusive_channel_closure_and_weak_cascades,proxy/reweight estimate,5.7,6.0,1,,,,,,2
Ue,upper,exclusive_channel_closure_and_weak_cascades,proxy/reweight estimate,6.0,6.3,2,,,,,,4
Ue,upper,exclusive_channel_closure_and_weak_cascades,proxy/reweight estimate,6.3,6.6,1,,,,,,2
Ue,upper,exclusive_channel_closure_and_weak_cascades,proxy/reweight estimate,6.6,6.8999999999999995,2,,,,,,4
Ue,upper,exclusive_channel_closure_and_weak_cascades,proxy/reweight estimate,6.8999999999999995,7.199999999999999,1,,,,,,2
Ue,upper,exclusive_channel_closure_and_weak_cascades,proxy/reweight estimate,7.199999999999999,7.499999999999999,2,,,,,,4
Ue,upper,exclusive_channel_closure_and_weak_cascades,proxy/reweight estimate,7.5,7.8,1,,,,,,2
Ue,upper,exclusive_channel_closure_and_weak_cascades,proxy/reweight estimate,7.8,8.1,2,,,,,,4
Ue,upper,exclusive_channel_closure_and_weak_cascades,proxy/reweight estimate,8.4,8.700000000000001,1,,,,,,2
Ue,upper,exclusive_channel_closure_and_weak_cascades,proxy/reweight estimate,9.0,9.3,1,,,,,,2
Ue,upper,exclusive_channel_closure_and_weak_cascades,proxy/reweight estimate,9.299999999999999,9.6,1,,,,,,2
Ue,upper,exclusive_channel_closure_and_weak_cascades,proxy/reweight estimate,9.9,10.200000000000001,1,,,,,,2
Ue,upper,flat_ew_kfactor_and_wz_mixture,literature-informed range,0.0,0.3,7,,,,,,14
Ue,upper,flat_ew_kfactor_and_wz_mixture,literature-informed range,0.3,0.6,17,,,,,,34
Ue,upper,flat_ew_kfactor_and_wz_mixture,literature-informed range,0.6,0.8999999999999999,12,-1.259487726608144,1.171809965586379,-2.2769779769703846,1.7915164011304663,2.2769779769703846,12
Ue,upper,flat_ew_kfactor_and_wz_mixture,literature-informed range,0.8999999999999999,1.2,12,-1.4011823806704404,1.0751469274025705,-2.1814789602208506,1.985588349812062,2.1814789602208506,0
Ue,upper,flat_ew_kfactor_and_wz_mixture,literature-informed range,1.2,1.5,12,-2.103881203410929,1.5845068016972053,-2.491878262201297,1.8827548016401296,2.491878262201297,0
Ue,upper,flat_ew_kfactor_and_wz_mixture,literature-informed range,1.5,1.8,12,-1.8565394605035312,1.5565807043512958,-2.6119875215452004,2.178225854194382,2.6119875215452004,0
Ue,upper,flat_ew_kfactor_and_wz_mixture,literature-informed range,1.7999999999999998,2.0999999999999996,9,-2.419425702554645,1.9412642083855625,-3.132517487186526,2.58682575774265,3.132517487186526,0
Ue,upper,flat_ew_kfactor_and_wz_mixture,literature-informed range,2.1,2.4,1,-3.259148370498177,2.48046577405181,-3.259148370498177,2.48046577405181,3.259148370498177,0
Ue,upper,flat_ew_kfactor_and_wz_mixture,literature-informed range,2.4,2.6999999999999997,2,-2.9606633027009055,2.430503303024789,-3.1291564418483353,2.6853476370143348,3.1291564418483353,0
Ue,upper,flat_ew_kfactor_and_wz_mixture,literature-informed range,2.6999999999999997,2.9999999999999996,1,-4.074912728569369,3.1350713890987203,-4.074912728569369,3.1350713890987203,4.074912728569369,0
Ue,upper,flat_ew_kfactor_and_wz_mixture,literature-informed range,3.0,3.3,2,-4.905611325063347,4.06207213906753,-5.230161143281064,4.346774398391995,5.230161143281064,0
Ue,upper,flat_ew_kfactor_and_wz_mixture,literature-informed range,3.3,3.5999999999999996,1,-6.054518903152239,5.180378027062993,-6.054518903152239,5.180378027062993,6.054518903152239,0
Ue,upper,flat_ew_kfactor_and_wz_mixture,literature-informed range,3.5999999999999996,3.8999999999999995,2,-8.870441604101014,7.115413462489716,-10.317457618213744,8.234183002875305,10.317457618213744,0
Ue,upper,flat_ew_kfactor_and_wz_mixture,literature-informed range,3.9,4.2,1,-21.949303957072264,14.18616394788057,-21.949303957072264,14.18616394788057,21.949303957072264,0
Ue,upper,flat_ew_kfactor_and_wz_mixture,literature-informed range,4.2,4.5,2,,,,,,3
Ue,upper,flat_ew_kfactor_and_wz_mixture,literature-informed range,4.5,4.8,1,,,,,,2
Ue,upper,flat_ew_kfactor_and_wz_mixture,literature-informed range,4.8,5.1,2,,,,,,4
Ue,upper,flat_ew_kfactor_and_wz_mixture,literature-informed range,5.1,5.3999999999999995,1,,,,,,2
Ue,upper,flat_ew_kfactor_and_wz_mixture,literature-informed range,5.3999999999999995,5.699999999999999,3,,,,,,6
Ue,upper,flat_ew_kfactor_and_wz_mixture,literature-informed range,5.7,6.0,1,,,,,,2
Ue,upper,flat_ew_kfactor_and_wz_mixture,literature-informed range,6.0,6.3,2,,,,,,4
Ue,upper,flat_ew_kfactor_and_wz_mixture,literature-informed range,6.3,6.6,1,,,,,,2
Ue,upper,flat_ew_kfactor_and_wz_mixture,literature-informed range,6.6,6.8999999999999995,2,,,,,,4
Ue,upper,flat_ew_kfactor_and_wz_mixture,literature-informed range,6.8999999999999995,7.199999999999999,1,,,,,,2
Ue,upper,flat_ew_kfactor_and_wz_mixture,literature-informed range,7.199999999999999,7.499999999999999,2,,,,,,4
Ue,upper,flat_ew_kfactor_and_wz_mixture,literature-informed range,7.5,7.8,1,,,,,,2
Ue,upper,flat_ew_kfactor_and_wz_mixture,literature-informed range,7.8,8.1,2,,,,,,4
Ue,upper,flat_ew_kfactor_and_wz_mixture,literature-informed range,8.4,8.700000000000001,1,,,,,,2
Ue,upper,flat_ew_kfactor_and_wz_mixture,literature-informed range,9.0,9.3,1,,,,,,2
Ue,upper,flat_ew_kfactor_and_wz_mixture,literature-informed range,9.299999999999999,9.6,1,,,,,,2
Ue,upper,flat_ew_kfactor_and_wz_mixture,literature-informed range,9.9,10.200000000000001,1,,,,,,2
Ue,upper,fonll_bottom_scale_pdf,literature-informed range,0.0,0.3,7,,,,,,14
Ue,upper,fonll_bottom_scale_pdf,literature-informed range,0.3,0.6,17,,,,,,34
Ue,upper,fonll_bottom_scale_pdf,literature-informed range,0.6,0.8999999999999999,12,-1.5028929434279803e-06,1.5028898792124323e-06,-0.030406702117358186,0.03025610358009523,0.030406702117358186,12
Ue,upper,fonll_bottom_scale_pdf,literature-informed range,0.8999999999999999,1.2,12,-2.313148284027733e-07,2.3131476734050693e-07,-0.12079514952779702,0.11325025857600313,0.12079514952779702,0
Ue,upper,fonll_bottom_scale_pdf,literature-informed range,1.2,1.5,12,-5.650981627081109e-06,5.6509722901054715e-06,-0.2890801445918356,0.27170010249473187,0.2890801445918356,0
Ue,upper,fonll_bottom_scale_pdf,literature-informed range,1.5,1.8,12,-0.0003241566978895438,0.00032409198127414385,-0.016382668310044313,0.016343407544416877,0.016382668310044313,0
Ue,upper,fonll_bottom_scale_pdf,literature-informed range,1.7999999999999998,2.0999999999999996,9,-0.0012688355666146123,0.0012683950137981626,-0.03640585813484698,0.0361846403971855,0.03640585813484698,0
Ue,upper,fonll_bottom_scale_pdf,literature-informed range,2.1,2.4,1,-0.0010247885230629805,0.0010245934723984718,-0.0010247885230629805,0.0010245934723984718,0.0010247885230629805,0
Ue,upper,fonll_bottom_scale_pdf,literature-informed range,2.4,2.6999999999999997,2,-0.1854823838170483,0.17672478841617156,-0.3566109656960581,0.33914954481728543,0.3566109656960581,0
Ue,upper,fonll_bottom_scale_pdf,literature-informed range,2.6999999999999997,2.9999999999999996,1,-0.02746269442756022,0.027355061660849778,-0.02746269442756022,0.027355061660849778,0.02746269442756022,0
Ue,upper,fonll_bottom_scale_pdf,literature-informed range,3.0,3.3,2,-0.13327131558394933,0.13222296848388604,-0.1543936518752842,0.1528709717319776,0.1543936518752842,0
Ue,upper,fonll_bottom_scale_pdf,literature-informed range,3.3,3.5999999999999996,1,-0.15691826528981823,0.15541485898913354,-0.15691826528981823,0.15541485898913354,0.15691826528981823,0
Ue,upper,fonll_bottom_scale_pdf,literature-informed range,3.5999999999999996,3.8999999999999995,2,-0.2151149391081686,0.21267717652725393,-0.23344606098284482,0.23087168237936329,0.23344606098284482,0
Ue,upper,fonll_bottom_scale_pdf,literature-informed range,3.9,4.2,1,-0.47702726203501244,0.4676802832415339,-0.47702726203501244,0.4676802832415339,0.47702726203501244,0
Ue,upper,fonll_bottom_scale_pdf,literature-informed range,4.2,4.5,2,,,,,,4
Ue,upper,fonll_bottom_scale_pdf,literature-informed range,4.5,4.8,1,,,,,,2
Ue,upper,fonll_bottom_scale_pdf,literature-informed range,4.8,5.1,2,,,,,,4
Ue,upper,fonll_bottom_scale_pdf,literature-informed range,5.1,5.3999999999999995,1,,,,,,2
Ue,upper,fonll_bottom_scale_pdf,literature-informed range,5.3999999999999995,5.699999999999999,3,,,,,,6
Ue,upper,fonll_bottom_scale_pdf,literature-informed range,5.7,6.0,1,,,,,,2
Ue,upper,fonll_bottom_scale_pdf,literature-informed range,6.0,6.3,2,,,,,,4
Ue,upper,fonll_bottom_scale_pdf,literature-informed range,6.3,6.6,1,,,,,,2
Ue,upper,fonll_bottom_scale_pdf,literature-informed range,6.6,6.8999999999999995,2,,,,,,4
Ue,upper,fonll_bottom_scale_pdf,literature-informed range,6.8999999999999995,7.199999999999999,1,,,,,,2
Ue,upper,fonll_bottom_scale_pdf,literature-informed range,7.199999999999999,7.499999999999999,2,,,,,,4
Ue,upper,fonll_bottom_scale_pdf,literature-informed range,7.5,7.8,1,,,,,,2
Ue,upper,fonll_bottom_scale_pdf,literature-informed range,7.8,8.1,2,,,,,,4
Ue,upper,fonll_bottom_scale_pdf,literature-informed range,8.4,8.700000000000001,1,,,,,,2
Ue,upper,fonll_bottom_scale_pdf,literature-informed range,9.0,9.3,1,,,,,,2
Ue,upper,fonll_bottom_scale_pdf,literature-informed range,9.299999999999999,9.6,1,,,,,,2
Ue,upper,fonll_bottom_scale_pdf,literature-informed range,9.9,10.200000000000001,1,,,,,,2
Ue,upper,fonll_charm_scale_pdf,literature-informed range,0.0,0.3,7,,,,,,14
Ue,upper,fonll_charm_scale_pdf,literature-informed range,0.3,0.6,17,,,,,,34
Ue,upper,fonll_charm_scale_pdf,literature-informed range,0.6,0.8999999999999999,12,-8.260360173650838e-08,1.0325453825288378e-07,-9.675950114473864e-05,0.00012094512047422512,0.00012094512047422512,12
Ue,upper,fonll_charm_scale_pdf,literature-informed range,0.8999999999999999,1.2,12,-2.552427811330915e-05,3.19047345986867e-05,-0.38692418361376824,0.3998827818256112,0.3998827818256112,0
Ue,upper,fonll_charm_scale_pdf,literature-informed range,1.2,1.5,12,-0.013904517148927154,0.01728961449301014,-0.4105224271508501,0.46076211955632385,0.46076211955632385,0
Ue,upper,fonll_charm_scale_pdf,literature-informed range,1.5,1.8,12,-0.12273903059336067,0.148161588033624,-0.43747092651311714,0.514157916298319,0.514157916298319,0
Ue,upper,fonll_charm_scale_pdf,literature-informed range,1.7999999999999998,2.0999999999999996,9,-4.92748064573334e-09,6.159139864791996e-09,-0.11744916616485135,0.14419541790009482,0.14419541790009482,0
Ue,upper,fonll_charm_scale_pdf,literature-informed range,2.1,2.4,1,0.0,0.0,0.0,0.0,0.0,0
Ue,upper,fonll_charm_scale_pdf,literature-informed range,2.4,2.6999999999999997,2,0.0,0.0,0.0,0.0,0.0,0
Ue,upper,fonll_charm_scale_pdf,literature-informed range,2.6999999999999997,2.9999999999999996,1,0.0,0.0,0.0,0.0,0.0,0
Ue,upper,fonll_charm_scale_pdf,literature-informed range,3.0,3.3,2,0.0,0.0,0.0,0.0,0.0,0
Ue,upper,fonll_charm_scale_pdf,literature-informed range,3.3,3.5999999999999996,1,0.0,0.0,0.0,0.0,0.0,0
Ue,upper,fonll_charm_scale_pdf,literature-informed range,3.5999999999999996,3.8999999999999995,2,0.0,0.0,0.0,0.0,0.0,0
Ue,upper,fonll_charm_scale_pdf,literature-informed range,3.9,4.2,1,0.0,0.0,0.0,0.0,0.0,0
Ue,upper,fonll_charm_scale_pdf,literature-informed range,4.2,4.5,2,,,,,,4
Ue,upper,fonll_charm_scale_pdf,literature-informed range,4.5,4.8,1,,,,,,2
Ue,upper,fonll_charm_scale_pdf,literature-informed range,4.8,5.1,2,,,,,,4
Ue,upper,fonll_charm_scale_pdf,literature-informed range,5.1,5.3999999999999995,1,,,,,,2
Ue,upper,fonll_charm_scale_pdf,literature-informed range,5.3999999999999995,5.699999999999999,3,,,,,,6
Ue,upper,fonll_charm_scale_pdf,literature-informed range,5.7,6.0,1,,,,,,2
Ue,upper,fonll_charm_scale_pdf,literature-informed range,6.0,6.3,2,,,,,,4
Ue,upper,fonll_charm_scale_pdf,literature-informed range,6.3,6.6,1,,,,,,2
Ue,upper,fonll_charm_scale_pdf,literature-informed range,6.6,6.8999999999999995,2,,,,,,4
Ue,upper,fonll_charm_scale_pdf,literature-informed range,6.8999999999999995,7.199999999999999,1,,,,,,2
Ue,upper,fonll_charm_scale_pdf,literature-informed range,7.199999999999999,7.499999999999999,2,,,,,,4
Ue,upper,fonll_charm_scale_pdf,literature-informed range,7.5,7.8,1,,,,,,2
Ue,upper,fonll_charm_scale_pdf,literature-informed range,7.8,8.1,2,,,,,,4
Ue,upper,fonll_charm_scale_pdf,literature-informed range,8.4,8.700000000000001,1,,,,,,2
Ue,upper,fonll_charm_scale_pdf,literature-informed range,9.0,9.3,1,,,,,,2
Ue,upper,fonll_charm_scale_pdf,literature-informed range,9.299999999999999,9.6,1,,,,,,2
Ue,upper,fonll_charm_scale_pdf,literature-informed range,9.9,10.200000000000001,1,,,,,,2
Ue,upper,fragmentation_fraction_extrapolation,literature-informed range,0.0,0.3,7,,,,,,14
Ue,upper,fragmentation_fraction_extrapolation,literature-informed range,0.3,0.6,17,,,,,,34
Ue,upper,fragmentation_fraction_extrapolation,literature-informed range,0.6,0.8999999999999999,12,-1.888193214560907e-05,1.8881718444330176e-05,-0.015184463514472668,0.015146814015198906,0.015184463514472668,12
Ue,upper,fragmentation_fraction_extrapolation,literature-informed range,0.8999999999999999,1.2,12,-0.000773950069093976,0.0007737438143418096,-0.13711753879629418,0.12862921519283255,0.13711753879629418,0
Ue,upper,fragmentation_fraction_extrapolation,literature-informed range,1.2,1.5,12,-0.011055066083276444,0.011018651684446823,-0.14923307579702838,0.14394438881373262,0.14923307579702838,0
Ue,upper,fragmentation_fraction_extrapolation,literature-informed range,1.5,1.8,12,-0.04645548895031992,0.04590007046016975,-0.1695750480172009,0.16591740753653106,0.1695750480172009,0
Ue,upper,fragmentation_fraction_extrapolation,literature-informed range,1.7999999999999998,2.0999999999999996,9,-0.004517691876793073,0.004514503227270872,-0.04417916186760795,0.04391225034992008,0.04417916186760795,0
Ue,upper,fragmentation_fraction_extrapolation,literature-informed range,2.1,2.4,1,-0.0005123698767262042,0.0005123211141322415,-0.0005123698767262042,0.0005123211141322415,0.0005123698767262042,0
Ue,upper,fragmentation_fraction_extrapolation,literature-informed range,2.4,2.6999999999999997,2,-0.09160494542792552,0.08941657276925197,-0.17603973005465567,0.1716764271826543,0.17603973005465567,0
Ue,upper,fragmentation_fraction_extrapolation,literature-informed range,2.6999999999999997,2.9999999999999996,1,-0.013717853518524503,0.013690945404309929,-0.013717853518524503,0.013690945404309929,0.013717853518524503,0
Ue,upper,fragmentation_fraction_extrapolation,literature-informed range,3.0,3.3,2,-0.06650377488682802,0.06624169186510986,-0.07700508398972294,0.07662442078812948,0.07700508398972294,0
Ue,upper,fragmentation_fraction_extrapolation,literature-informed range,3.3,3.5999999999999996,1,-0.07826985871335346,0.07789401348818892,-0.07826985871335346,0.07789401348818892,0.07826985871335346,0
Ue,upper,fragmentation_fraction_extrapolation,literature-informed range,3.5999999999999996,3.8999999999999995,2,-0.1072501663825054,0.10664074005303226,-0.11639858890143406,0.11575500839327013,0.11639858890143406,0
Ue,upper,fragmentation_fraction_extrapolation,literature-informed range,3.9,4.2,1,-0.2373281672009564,0.23499158351560911,-0.2373281672009564,0.23499158351560911,0.2373281672009564,0
Ue,upper,fragmentation_fraction_extrapolation,literature-informed range,4.2,4.5,2,,,,,,4
Ue,upper,fragmentation_fraction_extrapolation,literature-informed range,4.5,4.8,1,,,,,,2
Ue,upper,fragmentation_fraction_extrapolation,literature-informed range,4.8,5.1,2,,,,,,4
Ue,upper,fragmentation_fraction_extrapolation,literature-informed range,5.1,5.3999999999999995,1,,,,,,2
Ue,upper,fragmentation_fraction_extrapolation,literature-informed range,5.3999999999999995,5.699999999999999,3,,,,,,6
Ue,upper,fragmentation_fraction_extrapolation,literature-informed range,5.7,6.0,1,,,,,,2
Ue,upper,fragmentation_fraction_extrapolation,literature-informed range,6.0,6.3,2,,,,,,4
Ue,upper,fragmentation_fraction_extrapolation,literature-informed range,6.3,6.6,1,,,,,,2
Ue,upper,fragmentation_fraction_extrapolation,literature-informed range,6.6,6.8999999999999995,2,,,,,,4
Ue,upper,fragmentation_fraction_extrapolation,literature-informed range,6.8999999999999995,7.199999999999999,1,,,,,,2
Ue,upper,fragmentation_fraction_extrapolation,literature-informed range,7.199999999999999,7.499999999999999,2,,,,,,4
Ue,upper,fragmentation_fraction_extrapolation,literature-informed range,7.5,7.8,1,,,,,,2
Ue,upper,fragmentation_fraction_extrapolation,literature-informed range,7.8,8.1,2,,,,,,4
Ue,upper,fragmentation_fraction_extrapolation,literature-informed range,8.4,8.700000000000001,1,,,,,,2
Ue,upper,fragmentation_fraction_extrapolation,literature-informed range,9.0,9.3,1,,,,,,2
Ue,upper,fragmentation_fraction_extrapolation,literature-informed range,9.299999999999999,9.6,1,,,,,,2
Ue,upper,fragmentation_fraction_extrapolation,literature-informed range,9.9,10.200000000000001,1,,,,,,2
Ue,upper,higgs_mediated_production,quantitatively dismissed; WZ-shape upper-bound proxy,0.0,0.3,7,,,,,,14
Ue,upper,higgs_mediated_production,quantitatively dismissed; WZ-shape upper-bound proxy,0.3,0.6,17,,,,,,34
Ue,upper,higgs_mediated_production,quantitatively dismissed; WZ-shape upper-bound proxy,0.6,0.8999999999999999,12,0.0,0.00016732590955026438,0.0,0.00037461529551752193,0.00037461529551752193,12
Ue,upper,higgs_mediated_production,quantitatively dismissed; WZ-shape upper-bound proxy,0.8999999999999999,1.2,12,0.0,0.0003513104733121608,0.0,0.0006254868355703991,0.0006254868355703991,0
Ue,upper,higgs_mediated_production,quantitatively dismissed; WZ-shape upper-bound proxy,1.2,1.5,12,0.0,0.0008088316967302944,0.0,0.0008950425411047291,0.0008950425411047291,0
Ue,upper,higgs_mediated_production,quantitatively dismissed; WZ-shape upper-bound proxy,1.5,1.8,12,0.0,0.0011016757895387919,0.0,0.0016514707555259633,0.0016514707555259633,0
Ue,upper,higgs_mediated_production,quantitatively dismissed; WZ-shape upper-bound proxy,1.7999999999999998,2.0999999999999996,9,0.0,0.001790397851508807,0.0,0.0025666824130965438,0.0025666824130965438,0
Ue,upper,higgs_mediated_production,quantitatively dismissed; WZ-shape upper-bound proxy,2.1,2.4,1,0.0,0.0032726980582875598,0.0,0.0032726980582875598,0.0032726980582875598,0
Ue,upper,higgs_mediated_production,quantitatively dismissed; WZ-shape upper-bound proxy,2.4,2.6999999999999997,2,0.0,0.0038862961583507882,0.0,0.004391006383430707,0.004391006383430707,0
Ue,upper,higgs_mediated_production,quantitatively dismissed; WZ-shape upper-bound proxy,2.6999999999999997,2.9999999999999996,1,0.0,0.006670516134654747,0.0,0.006670516134654747,0.006670516134654747,0
Ue,upper,higgs_mediated_production,quantitatively dismissed; WZ-shape upper-bound proxy,3.0,3.3,2,0.0,0.010600065453403307,0.0,0.012012519157478252,0.012012519157478252,0
Ue,upper,higgs_mediated_production,quantitatively dismissed; WZ-shape upper-bound proxy,3.3,3.5999999999999996,1,0.0,0.016079823262371562,0.0,0.016079823262371562,0.016079823262371562,0
Ue,upper,higgs_mediated_production,quantitatively dismissed; WZ-shape upper-bound proxy,3.5999999999999996,3.8999999999999995,2,0.0,0.02608846698457512,0.0,0.03141500470249525,0.03141500470249525,0
Ue,upper,higgs_mediated_production,quantitatively dismissed; WZ-shape upper-bound proxy,3.9,4.2,1,0.0,0.06310152092647847,0.0,0.06310152092647847,0.06310152092647847,0
Ue,upper,higgs_mediated_production,quantitatively dismissed; WZ-shape upper-bound proxy,4.2,4.5,2,,,,,,4
Ue,upper,higgs_mediated_production,quantitatively dismissed; WZ-shape upper-bound proxy,4.5,4.8,1,,,,,,2
Ue,upper,higgs_mediated_production,quantitatively dismissed; WZ-shape upper-bound proxy,4.8,5.1,2,,,,,,4
Ue,upper,higgs_mediated_production,quantitatively dismissed; WZ-shape upper-bound proxy,5.1,5.3999999999999995,1,,,,,,2
Ue,upper,higgs_mediated_production,quantitatively dismissed; WZ-shape upper-bound proxy,5.3999999999999995,5.699999999999999,3,,,,,,6
Ue,upper,higgs_mediated_production,quantitatively dismissed; WZ-shape upper-bound proxy,5.7,6.0,1,,,,,,2
Ue,upper,higgs_mediated_production,quantitatively dismissed; WZ-shape upper-bound proxy,6.0,6.3,2,,,,,,4
Ue,upper,higgs_mediated_production,quantitatively dismissed; WZ-shape upper-bound proxy,6.3,6.6,1,,,,,,2
Ue,upper,higgs_mediated_production,quantitatively dismissed; WZ-shape upper-bound proxy,6.6,6.8999999999999995,2,,,,,,4
Ue,upper,higgs_mediated_production,quantitatively dismissed; WZ-shape upper-bound proxy,6.8999999999999995,7.199999999999999,1,,,,,,2
Ue,upper,higgs_mediated_production,quantitatively dismissed; WZ-shape upper-bound proxy,7.199999999999999,7.499999999999999,2,,,,,,4
Ue,upper,higgs_mediated_production,quantitatively dismissed; WZ-shape upper-bound proxy,7.5,7.8,1,,,,,,2
Ue,upper,higgs_mediated_production,quantitatively dismissed; WZ-shape upper-bound proxy,7.8,8.1,2,,,,,,4
Ue,upper,higgs_mediated_production,quantitatively dismissed; WZ-shape upper-bound proxy,8.4,8.700000000000001,1,,,,,,2
Ue,upper,higgs_mediated_production,quantitatively dismissed; WZ-shape upper-bound proxy,9.0,9.3,1,,,,,,2
Ue,upper,higgs_mediated_production,quantitatively dismissed; WZ-shape upper-bound proxy,9.299999999999999,9.6,1,,,,,,2
Ue,upper,higgs_mediated_production,quantitatively dismissed; WZ-shape upper-bound proxy,9.9,10.200000000000001,1,,,,,,2
Ue,upper,hnl_lifetime_width,physics-scaling proxy,0.6,0.8999999999999999,6,-19.999999999999996,19.999999999999996,-19.999999999999996,19.999999999999996,19.999999999999996,0
Ue,upper,hnl_lifetime_width,physics-scaling proxy,0.8999999999999999,1.2,12,-19.999999999999996,19.999999999999996,-19.999999999999996,19.999999999999996,19.999999999999996,0
Ue,upper,hnl_lifetime_width,physics-scaling proxy,1.2,1.5,12,-19.999999999999996,19.999999999999996,-19.999999999999996,19.999999999999996,19.999999999999996,0
Ue,upper,hnl_lifetime_width,physics-scaling proxy,1.5,1.8,12,-19.999999999999996,19.999999999999996,-19.999999999999996,19.999999999999996,19.999999999999996,0
Ue,upper,hnl_lifetime_width,physics-scaling proxy,1.7999999999999998,2.0999999999999996,9,-19.999999999999996,19.999999999999996,-19.999999999999996,19.999999999999996,19.999999999999996,0
Ue,upper,hnl_lifetime_width,physics-scaling proxy,2.1,2.4,1,-19.999999999999996,19.999999999999996,-19.999999999999996,19.999999999999996,19.999999999999996,0
Ue,upper,hnl_lifetime_width,physics-scaling proxy,2.4,2.6999999999999997,2,-19.999999999999996,19.999999999999996,-19.999999999999996,19.999999999999996,19.999999999999996,0
Ue,upper,hnl_lifetime_width,physics-scaling proxy,2.6999999999999997,2.9999999999999996,1,-19.999999999999996,19.999999999999996,-19.999999999999996,19.999999999999996,19.999999999999996,0
Ue,upper,hnl_lifetime_width,physics-scaling proxy,3.0,3.3,2,-19.999999999999996,19.999999999999996,-19.999999999999996,19.999999999999996,19.999999999999996,0
Ue,upper,hnl_lifetime_width,physics-scaling proxy,3.3,3.5999999999999996,1,-19.999999999999996,19.999999999999996,-19.999999999999996,19.999999999999996,19.999999999999996,0
Ue,upper,hnl_lifetime_width,physics-scaling proxy,3.5999999999999996,3.8999999999999995,2,-19.999999999999996,19.999999999999996,-19.999999999999996,19.999999999999996,19.999999999999996,0
Ue,upper,hnl_lifetime_width,physics-scaling proxy,3.9,4.2,1,-19.999999999999996,19.999999999999996,-19.999999999999996,19.999999999999996,19.999999999999996,0
Ue,upper,hnlcalc_hadron_parton_matching,proxy/reweight estimate; overlaps other rows,0.0,0.3,7,,,,,,14
Ue,upper,hnlcalc_hadron_parton_matching,proxy/reweight estimate; overlaps other rows,0.3,0.6,17,,,,,,34
Ue,upper,hnlcalc_hadron_parton_matching,proxy/reweight estimate; overlaps other rows,0.6,0.8999999999999999,12,-2.0001323406057647,1.682260610455255,-3.772315622475164,3.2875128394036723,3.772315622475164,12
Ue,upper,hnlcalc_hadron_parton_matching,proxy/reweight estimate; overlaps other rows,0.8999999999999999,1.2,12,-3.1940790853280943,2.217581598747387,-4.687135381283203,3.5642355238997947,4.687135381283203,0
Ue,upper,hnlcalc_hadron_parton_matching,proxy/reweight estimate; overlaps other rows,1.2,1.5,12,-4.647730430108737,2.8219105984773174,-5.112812127419675,3.3554786923293722,5.112812127419675,0
Ue,upper,hnlcalc_hadron_parton_matching,proxy/reweight estimate; overlaps other rows,1.5,1.8,12,-4.20927431701279,3.0589388589394195,-5.576705447424802,4.290267289643013,5.576705447424802,0
Ue,upper,hnlcalc_hadron_parton_matching,proxy/reweight estimate; overlaps other rows,1.7999999999999998,2.0999999999999996,9,-5.357032187782451,3.916366606900157,-6.123408666865271,4.766244900812122,6.123408666865271,0
Ue,upper,hnlcalc_hadron_parton_matching,proxy/reweight estimate; overlaps other rows,2.1,2.4,1,0.0,0.0,0.0,0.0,0.0,0
Ue,upper,hnlcalc_hadron_parton_matching,proxy/reweight estimate; overlaps other rows,2.4,2.6999999999999997,2,0.0,0.0,0.0,0.0,0.0,0
Ue,upper,hnlcalc_hadron_parton_matching,proxy/reweight estimate; overlaps other rows,2.6999999999999997,2.9999999999999996,1,0.0,0.0,0.0,0.0,0.0,0
Ue,upper,hnlcalc_hadron_parton_matching,proxy/reweight estimate; overlaps other rows,3.0,3.3,2,0.0,0.0,0.0,0.0,0.0,0
Ue,upper,hnlcalc_hadron_parton_matching,proxy/reweight estimate; overlaps other rows,3.3,3.5999999999999996,1,0.0,0.0,0.0,0.0,0.0,0
Ue,upper,hnlcalc_hadron_parton_matching,proxy/reweight estimate; overlaps other rows,3.5999999999999996,3.8999999999999995,2,0.0,0.0,0.0,0.0,0.0,0
Ue,upper,hnlcalc_hadron_parton_matching,proxy/reweight estimate; overlaps other rows,3.9,4.2,1,0.0,0.0,0.0,0.0,0.0,0
Ue,upper,hnlcalc_hadron_parton_matching,proxy/reweight estimate; overlaps other rows,4.2,4.5,2,,,,,,4
Ue,upper,hnlcalc_hadron_parton_matching,proxy/reweight estimate; overlaps other rows,4.5,4.8,1,,,,,,2
Ue,upper,hnlcalc_hadron_parton_matching,proxy/reweight estimate; overlaps other rows,4.8,5.1,2,,,,,,4
Ue,upper,hnlcalc_hadron_parton_matching,proxy/reweight estimate; overlaps other rows,5.1,5.3999999999999995,1,,,,,,2
Ue,upper,hnlcalc_hadron_parton_matching,proxy/reweight estimate; overlaps other rows,5.3999999999999995,5.699999999999999,3,,,,,,6
Ue,upper,hnlcalc_hadron_parton_matching,proxy/reweight estimate; overlaps other rows,5.7,6.0,1,,,,,,2
Ue,upper,hnlcalc_hadron_parton_matching,proxy/reweight estimate; overlaps other rows,6.0,6.3,2,,,,,,4
Ue,upper,hnlcalc_hadron_parton_matching,proxy/reweight estimate; overlaps other rows,6.3,6.6,1,,,,,,2
Ue,upper,hnlcalc_hadron_parton_matching,proxy/reweight estimate; overlaps other rows,6.6,6.8999999999999995,2,,,,,,4
Ue,upper,hnlcalc_hadron_parton_matching,proxy/reweight estimate; overlaps other rows,6.8999999999999995,7.199999999999999,1,,,,,,2
Ue,upper,hnlcalc_hadron_parton_matching,proxy/reweight estimate; overlaps other rows,7.199999999999999,7.499999999999999,2,,,,,,4
Ue,upper,hnlcalc_hadron_parton_matching,proxy/reweight estimate; overlaps other rows,7.5,7.8,1,,,,,,2
Ue,upper,hnlcalc_hadron_parton_matching,proxy/reweight estimate; overlaps other rows,7.8,8.1,2,,,,,,4
Ue,upper,hnlcalc_hadron_parton_matching,proxy/reweight estimate; overlaps other rows,8.4,8.700000000000001,1,,,,,,2
Ue,upper,hnlcalc_hadron_parton_matching,proxy/reweight estimate; overlaps other rows,9.0,9.3,1,,,,,,2
Ue,upper,hnlcalc_hadron_parton_matching,proxy/reweight estimate; overlaps other rows,9.299999999999999,9.6,1,,,,,,2
Ue,upper,hnlcalc_hadron_parton_matching,proxy/reweight estimate; overlaps other rows,9.9,10.200000000000001,1,,,,,,2
Ue,upper,induced_tau_branching_inputs,literature-informed range,0.0,0.3,7,,,,,,14
Ue,upper,induced_tau_branching_inputs,literature-informed range,0.3,0.6,17,,,,,,34
Ue,upper,induced_tau_branching_inputs,literature-informed range,0.6,0.8999999999999999,12,-2.55351295663786e-13,2.3314683517128287e-13,-8.865574940841725e-10,8.865130851631875e-10,8.865574940841725e-10,12
Ue,upper,induced_tau_branching_inputs,literature-informed range,0.8999999999999999,1.2,12,-4.164446565368962e-11,4.169997680492088e-11,-7.868039553216022e-09,7.868039553216022e-09,7.868039553216022e-09,0
Ue,upper,induced_tau_branching_inputs,literature-informed range,1.2,1.5,12,-6.426248422286562e-10,6.426192911135331e-10,-4.651656837495466e-08,4.6516457352652196e-08,4.651656837495466e-08,0
Ue,upper,induced_tau_branching_inputs,literature-informed range,1.5,1.8,12,-1.3814505095410823e-10,1.3820056210533949e-10,-1.198330323859409e-09,1.198330323859409e-09,1.198330323859409e-09,0
Ue,upper,induced_tau_branching_inputs,literature-informed range,1.7999999999999998,2.0999999999999996,9,0.0,0.0,0.0,0.0,0.0,0
Ue,upper,induced_tau_branching_inputs,literature-informed range,2.1,2.4,1,0.0,0.0,0.0,0.0,0.0,0
Ue,upper,induced_tau_branching_inputs,literature-informed range,2.4,2.6999999999999997,2,0.0,0.0,0.0,0.0,0.0,0
Ue,upper,induced_tau_branching_inputs,literature-informed range,2.6999999999999997,2.9999999999999996,1,0.0,0.0,0.0,0.0,0.0,0
Ue,upper,induced_tau_branching_inputs,literature-informed range,3.0,3.3,2,0.0,0.0,0.0,0.0,0.0,0
Ue,upper,induced_tau_branching_inputs,literature-informed range,3.3,3.5999999999999996,1,0.0,0.0,0.0,0.0,0.0,0
Ue,upper,induced_tau_branching_inputs,literature-informed range,3.5999999999999996,3.8999999999999995,2,0.0,0.0,0.0,0.0,0.0,0
Ue,upper,induced_tau_branching_inputs,literature-informed range,3.9,4.2,1,0.0,0.0,0.0,0.0,0.0,0
Ue,upper,induced_tau_branching_inputs,literature-informed range,4.2,4.5,2,,,,,,4
Ue,upper,induced_tau_branching_inputs,literature-informed range,4.5,4.8,1,,,,,,2
Ue,upper,induced_tau_branching_inputs,literature-informed range,4.8,5.1,2,,,,,,4
Ue,upper,induced_tau_branching_inputs,literature-informed range,5.1,5.3999999999999995,1,,,,,,2
Ue,upper,induced_tau_branching_inputs,literature-informed range,5.3999999999999995,5.699999999999999,3,,,,,,6
Ue,upper,induced_tau_branching_inputs,literature-informed range,5.7,6.0,1,,,,,,2
Ue,upper,induced_tau_branching_inputs,literature-informed range,6.0,6.3,2,,,,,,4
Ue,upper,induced_tau_branching_inputs,literature-informed range,6.3,6.6,1,,,,,,2
Ue,upper,induced_tau_branching_inputs,literature-informed range,6.6,6.8999999999999995,2,,,,,,4
Ue,upper,induced_tau_branching_inputs,literature-informed range,6.8999999999999995,7.199999999999999,1,,,,,,2
Ue,upper,induced_tau_branching_inputs,literature-informed range,7.199999999999999,7.499999999999999,2,,,,,,4
Ue,upper,induced_tau_branching_inputs,literature-informed range,7.5,7.8,1,,,,,,2
Ue,upper,induced_tau_branching_inputs,literature-informed range,7.8,8.1,2,,,,,,4
Ue,upper,induced_tau_branching_inputs,literature-informed range,8.4,8.700000000000001,1,,,,,,2
Ue,upper,induced_tau_branching_inputs,literature-informed range,9.0,9.3,1,,,,,,2
Ue,upper,induced_tau_branching_inputs,literature-informed range,9.299999999999999,9.6,1,,,,,,2
Ue,upper,induced_tau_branching_inputs,literature-informed range,9.9,10.200000000000001,1,,,,,,2
Ue,upper,integrated_luminosity,"direct normalization, assumed 1.5%",0.0,0.3,7,,,,,,14
Ue,upper,integrated_luminosity,"direct normalization, assumed 1.5%",0.3,0.6,17,,,,,,34
Ue,upper,integrated_luminosity,"direct normalization, assumed 1.5%",0.6,0.8999999999999999,12,-0.10935294208238577,0.10624175144888781,-0.20839508740374546,0.20265170604187865,0.20839508740374546,12
Ue,upper,integrated_luminosity,"direct normalization, assumed 1.5%",0.8999999999999999,1.2,12,-0.12621497734226494,0.12263763982719444,-0.2308419181846877,0.22452965899943944,0.2308419181846877,0
Ue,upper,integrated_luminosity,"direct normalization, assumed 1.5%",1.2,1.5,12,-0.18346924747452698,0.17836900741498019,-0.21755661967506335,0.2115798831133553,0.21755661967506335,0
Ue,upper,integrated_luminosity,"direct normalization, assumed 1.5%",1.5,1.8,12,-0.1719720997899521,0.16717290045840105,-0.2657154461499722,0.2585386211946705,0.2657154461499722,0
Ue,upper,integrated_luminosity,"direct normalization, assumed 1.5%",1.7999999999999998,2.0999999999999996,9,-0.21405102081528682,0.20816338527842593,-0.27850959649073914,0.2710214617667184,0.27850959649073914,0
Ue,upper,integrated_luminosity,"direct normalization, assumed 1.5%",2.1,2.4,1,-0.2859018640040567,0.2782352977003466,-0.2859018640040567,0.2782352977003466,0.2859018640040567,0
Ue,upper,integrated_luminosity,"direct normalization, assumed 1.5%",2.4,2.6999999999999997,2,-0.2705618546063604,0.2632669439933566,-0.2752225049225343,0.26781405112876744,0.2752225049225343,0
Ue,upper,integrated_luminosity,"direct normalization, assumed 1.5%",2.6999999999999997,2.9999999999999996,1,-0.3621154541152194,0.3526707590604916,-0.3621154541152194,0.3526707590604916,0.3621154541152194,0
Ue,upper,integrated_luminosity,"direct normalization, assumed 1.5%",3.0,3.3,2,-0.4700279986054323,0.4582668830911185,-0.5007990453376743,0.488406953211018,0.5007990453376743,0
Ue,upper,integrated_luminosity,"direct normalization, assumed 1.5%",3.3,3.5999999999999996,1,-0.5948986935067513,0.5807192174232645,-0.5948986935067513,0.5807192174232645,0.5948986935067513,0
Ue,upper,integrated_luminosity,"direct normalization, assumed 1.5%",3.5999999999999996,3.8999999999999995,2,-0.8107609305562702,0.7932822539725826,-0.9341231253655713,0.9149342721484599,0.9341231253655713,0
Ue,upper,integrated_luminosity,"direct normalization, assumed 1.5%",3.9,4.2,1,-1.699188508842231,1.6770435649902549,-1.699188508842231,1.6770435649902549,1.699188508842231,0
Ue,upper,integrated_luminosity,"direct normalization, assumed 1.5%",4.2,4.5,2,,,,,,4
Ue,upper,integrated_luminosity,"direct normalization, assumed 1.5%",4.5,4.8,1,,,,,,2
Ue,upper,integrated_luminosity,"direct normalization, assumed 1.5%",4.8,5.1,2,,,,,,4
Ue,upper,integrated_luminosity,"direct normalization, assumed 1.5%",5.1,5.3999999999999995,1,,,,,,2
Ue,upper,integrated_luminosity,"direct normalization, assumed 1.5%",5.3999999999999995,5.699999999999999,3,,,,,,6
Ue,upper,integrated_luminosity,"direct normalization, assumed 1.5%",5.7,6.0,1,,,,,,2
Ue,upper,integrated_luminosity,"direct normalization, assumed 1.5%",6.0,6.3,2,,,,,,4
Ue,upper,integrated_luminosity,"direct normalization, assumed 1.5%",6.3,6.6,1,,,,,,2
Ue,upper,integrated_luminosity,"direct normalization, assumed 1.5%",6.6,6.8999999999999995,2,,,,,,4
Ue,upper,integrated_luminosity,"direct normalization, assumed 1.5%",6.8999999999999995,7.199999999999999,1,,,,,,2
Ue,upper,integrated_luminosity,"direct normalization, assumed 1.5%",7.199999999999999,7.499999999999999,2,,,,,,4
Ue,upper,integrated_luminosity,"direct normalization, assumed 1.5%",7.5,7.8,1,,,,,,2
Ue,upper,integrated_luminosity,"direct normalization, assumed 1.5%",7.8,8.1,2,,,,,,4
Ue,upper,integrated_luminosity,"direct normalization, assumed 1.5%",8.4,8.700000000000001,1,,,,,,2
Ue,upper,integrated_luminosity,"direct normalization, assumed 1.5%",9.0,9.3,1,,,,,,2
Ue,upper,integrated_luminosity,"direct normalization, assumed 1.5%",9.299999999999999,9.6,1,,,,,,2
Ue,upper,integrated_luminosity,"direct normalization, assumed 1.5%",9.9,10.200000000000001,1,,,,,,2
Ue,upper,kaon_spectrum_and_normalization,unknowable; factor scenario,0.0,0.3,7,,,,,,14
Ue,upper,kaon_spectrum_and_normalization,unknowable; factor scenario,0.3,0.6,17,,,,,,34
Ue,upper,kaon_spectrum_and_normalization,unknowable; factor scenario,0.6,0.8999999999999999,12,0.0,0.0,0.0,0.0,0.0,12
Ue,upper,kaon_spectrum_and_normalization,unknowable; factor scenario,0.8999999999999999,1.2,12,0.0,0.0,0.0,0.0,0.0,0
Ue,upper,kaon_spectrum_and_normalization,unknowable; factor scenario,1.2,1.5,12,0.0,0.0,0.0,0.0,0.0,0
Ue,upper,kaon_spectrum_and_normalization,unknowable; factor scenario,1.5,1.8,12,0.0,0.0,0.0,0.0,0.0,0
Ue,upper,kaon_spectrum_and_normalization,unknowable; factor scenario,1.7999999999999998,2.0999999999999996,9,0.0,0.0,0.0,0.0,0.0,0
Ue,upper,kaon_spectrum_and_normalization,unknowable; factor scenario,2.1,2.4,1,0.0,0.0,0.0,0.0,0.0,0
Ue,upper,kaon_spectrum_and_normalization,unknowable; factor scenario,2.4,2.6999999999999997,2,0.0,0.0,0.0,0.0,0.0,0
Ue,upper,kaon_spectrum_and_normalization,unknowable; factor scenario,2.6999999999999997,2.9999999999999996,1,0.0,0.0,0.0,0.0,0.0,0
Ue,upper,kaon_spectrum_and_normalization,unknowable; factor scenario,3.0,3.3,2,0.0,0.0,0.0,0.0,0.0,0
Ue,upper,kaon_spectrum_and_normalization,unknowable; factor scenario,3.3,3.5999999999999996,1,0.0,0.0,0.0,0.0,0.0,0
Ue,upper,kaon_spectrum_and_normalization,unknowable; factor scenario,3.5999999999999996,3.8999999999999995,2,0.0,0.0,0.0,0.0,0.0,0
Ue,upper,kaon_spectrum_and_normalization,unknowable; factor scenario,3.9,4.2,1,0.0,0.0,0.0,0.0,0.0,0
Ue,upper,kaon_spectrum_and_normalization,unknowable; factor scenario,4.2,4.5,2,,,,,,4
Ue,upper,kaon_spectrum_and_normalization,unknowable; factor scenario,4.5,4.8,1,,,,,,2
Ue,upper,kaon_spectrum_and_normalization,unknowable; factor scenario,4.8,5.1,2,,,,,,4
Ue,upper,kaon_spectrum_and_normalization,unknowable; factor scenario,5.1,5.3999999999999995,1,,,,,,2
Ue,upper,kaon_spectrum_and_normalization,unknowable; factor scenario,5.3999999999999995,5.699999999999999,3,,,,,,6
Ue,upper,kaon_spectrum_and_normalization,unknowable; factor scenario,5.7,6.0,1,,,,,,2
Ue,upper,kaon_spectrum_and_normalization,unknowable; factor scenario,6.0,6.3,2,,,,,,4
Ue,upper,kaon_spectrum_and_normalization,unknowable; factor scenario,6.3,6.6,1,,,,,,2
Ue,upper,kaon_spectrum_and_normalization,unknowable; factor scenario,6.6,6.8999999999999995,2,,,,,,4
Ue,upper,kaon_spectrum_and_normalization,unknowable; factor scenario,6.8999999999999995,7.199999999999999,1,,,,,,2
Ue,upper,kaon_spectrum_and_normalization,unknowable; factor scenario,7.199999999999999,7.499999999999999,2,,,,,,4
Ue,upper,kaon_spectrum_and_normalization,unknowable; factor scenario,7.5,7.8,1,,,,,,2
Ue,upper,kaon_spectrum_and_normalization,unknowable; factor scenario,7.8,8.1,2,,,,,,4
Ue,upper,kaon_spectrum_and_normalization,unknowable; factor scenario,8.4,8.700000000000001,1,,,,,,2
Ue,upper,kaon_spectrum_and_normalization,unknowable; factor scenario,9.0,9.3,1,,,,,,2
Ue,upper,kaon_spectrum_and_normalization,unknowable; factor scenario,9.299999999999999,9.6,1,,,,,,2
Ue,upper,kaon_spectrum_and_normalization,unknowable; factor scenario,9.9,10.200000000000001,1,,,,,,2
Ue,upper,legacy_direct_form_factors,code-audit envelope,0.0,0.3,7,,,,,,14
Ue,upper,legacy_direct_form_factors,code-audit envelope,0.3,0.6,17,,,,,,34
Ue,upper,legacy_direct_form_factors,code-audit envelope,0.6,0.8999999999999999,12,-5.035229392325036e-05,5.664451433462503e-05,-0.04057594987028068,0.04532805161674425,0.04532805161674425,12
Ue,upper,legacy_direct_form_factors,code-audit envelope,0.8999999999999999,1.2,12,-0.002064332544621239,0.0023206210206461186,-0.38692569310700975,0.3633924428228186,0.38692569310700975,0
Ue,upper,legacy_direct_form_factors,code-audit envelope,1.2,1.5,12,-0.03159412597593669,0.035188324923485226,-0.41052977979304517,0.4170581520155592,0.4170581520155592,0
Ue,upper,legacy_direct_form_factors,code-audit envelope,1.5,1.8,12,-0.12679080034072032,0.13785953443093968,-0.46162034465953017,0.48819327250686495,0.48819327250686495,0
Ue,upper,legacy_direct_form_factors,code-audit envelope,1.7999999999999998,2.0999999999999996,9,-0.014650663196780211,0.01644288125535187,-0.11903128460636347,0.13161851068568264,0.13161851068568264,0
Ue,upper,legacy_direct_form_factors,code-audit envelope,2.1,2.4,1,-0.007978595336721739,0.008965156412577002,-0.007978595336721739,0.008965156412577002,0.008965156412577002,0
Ue,upper,legacy_direct_form_factors,code-audit envelope,2.4,2.6999999999999997,2,-0.25584386937003156,0.26860091756388815,-0.48817670026091164,0.5109145999499409,0.5109145999499409,0
Ue,upper,legacy_direct_form_factors,code-audit envelope,2.6999999999999997,2.9999999999999996,1,-0.0782186544656227,0.08712747898698137,-0.0782186544656227,0.08712747898698137,0.08712747898698137,0
Ue,upper,legacy_direct_form_factors,code-audit envelope,3.0,3.3,2,-0.19305929548473766,0.2144223378320098,-0.22651956111428007,0.2507904964352603,0.2507904964352603,0
Ue,upper,legacy_direct_form_factors,code-audit envelope,3.3,3.5999999999999996,1,-0.22825477944072858,0.25283464936924904,-0.22825477944072858,0.25283464936924904,0.25283464936924904,0
Ue,upper,legacy_direct_form_factors,code-audit envelope,3.5999999999999996,3.8999999999999995,2,-0.4199238345370282,0.4611086450619917,-0.5054961111490175,0.5545524981511951,0.5545524981511951,0
Ue,upper,legacy_direct_form_factors,code-audit envelope,3.9,4.2,1,-1.2791514317895714,1.3601700744250822,-1.2791514317895714,1.3601700744250822,1.3601700744250822,0
Ue,upper,legacy_direct_form_factors,code-audit envelope,4.2,4.5,2,,,,,,4
Ue,upper,legacy_direct_form_factors,code-audit envelope,4.5,4.8,1,,,,,,2
Ue,upper,legacy_direct_form_factors,code-audit envelope,4.8,5.1,2,,,,,,4
Ue,upper,legacy_direct_form_factors,code-audit envelope,5.1,5.3999999999999995,1,,,,,,2
Ue,upper,legacy_direct_form_factors,code-audit envelope,5.3999999999999995,5.699999999999999,3,,,,,,6
Ue,upper,legacy_direct_form_factors,code-audit envelope,5.7,6.0,1,,,,,,2
Ue,upper,legacy_direct_form_factors,code-audit envelope,6.0,6.3,2,,,,,,4
Ue,upper,legacy_direct_form_factors,code-audit envelope,6.3,6.6,1,,,,,,2
Ue,upper,legacy_direct_form_factors,code-audit envelope,6.6,6.8999999999999995,2,,,,,,4
Ue,upper,legacy_direct_form_factors,code-audit envelope,6.8999999999999995,7.199999999999999,1,,,,,,2
Ue,upper,legacy_direct_form_factors,code-audit envelope,7.199999999999999,7.499999999999999,2,,,,,,4
Ue,upper,legacy_direct_form_factors,code-audit envelope,7.5,7.8,1,,,,,,2
Ue,upper,legacy_direct_form_factors,code-audit envelope,7.8,8.1,2,,,,,,4
Ue,upper,legacy_direct_form_factors,code-audit envelope,8.4,8.700000000000001,1,,,,,,2
Ue,upper,legacy_direct_form_factors,code-audit envelope,9.0,9.3,1,,,,,,2
Ue,upper,legacy_direct_form_factors,code-audit envelope,9.299999999999999,9.6,1,,,,,,2
Ue,upper,legacy_direct_form_factors,code-audit envelope,9.9,10.200000000000001,1,,,,,,2
Ue,upper,missing_charm_baryon_channels,proxy/reweight estimate,0.0,0.3,7,,,,,,14
Ue,upper,missing_charm_baryon_channels,proxy/reweight estimate,0.3,0.6,17,,,,,,34
Ue,upper,missing_charm_baryon_channels,proxy/reweight estimate,0.6,0.8999999999999999,12,3.0976265996685015e-08,1.0325413857259491e-07,0.0,0.00012094512027438498,0.00012094512027438498,12
Ue,upper,missing_charm_baryon_channels,proxy/reweight estimate,0.8999999999999999,1.2,12,9.571440651168217e-06,3.1904563890794435e-05,0.0,0.39988278148139766,0.39988278148139766,0
Ue,upper,missing_charm_baryon_channels,proxy/reweight estimate,1.2,1.5,12,0.005197465142070534,0.01728961105602611,3.823608096809039e-11,0.460762119307212,0.460762119307212,0
Ue,upper,missing_charm_baryon_channels,proxy/reweight estimate,1.5,1.8,12,0.04504761766822574,0.14816158801359558,0.0018541280999873067,0.5141579161310972,0.5141579161310972,0
Ue,upper,missing_charm_baryon_channels,proxy/reweight estimate,1.7999999999999998,2.0999999999999996,9,1.8477663843441405e-09,6.159139864791996e-09,0.0,0.14419541790009482,0.14419541790009482,0
Ue,upper,missing_charm_baryon_channels,proxy/reweight estimate,2.1,2.4,1,0.0,0.0,0.0,0.0,0.0,0
Ue,upper,missing_charm_baryon_channels,proxy/reweight estimate,2.4,2.6999999999999997,2,0.0,0.0,0.0,0.0,0.0,0
Ue,upper,missing_charm_baryon_channels,proxy/reweight estimate,2.6999999999999997,2.9999999999999996,1,0.0,0.0,0.0,0.0,0.0,0
Ue,upper,missing_charm_baryon_channels,proxy/reweight estimate,3.0,3.3,2,0.0,0.0,0.0,0.0,0.0,0
Ue,upper,missing_charm_baryon_channels,proxy/reweight estimate,3.3,3.5999999999999996,1,0.0,0.0,0.0,0.0,0.0,0
Ue,upper,missing_charm_baryon_channels,proxy/reweight estimate,3.5999999999999996,3.8999999999999995,2,0.0,0.0,0.0,0.0,0.0,0
Ue,upper,missing_charm_baryon_channels,proxy/reweight estimate,3.9,4.2,1,0.0,0.0,0.0,0.0,0.0,0
Ue,upper,missing_charm_baryon_channels,proxy/reweight estimate,4.2,4.5,2,,,,,,4
Ue,upper,missing_charm_baryon_channels,proxy/reweight estimate,4.5,4.8,1,,,,,,2
Ue,upper,missing_charm_baryon_channels,proxy/reweight estimate,4.8,5.1,2,,,,,,4
Ue,upper,missing_charm_baryon_channels,proxy/reweight estimate,5.1,5.3999999999999995,1,,,,,,2
Ue,upper,missing_charm_baryon_channels,proxy/reweight estimate,5.3999999999999995,5.699999999999999,3,,,,,,6
Ue,upper,missing_charm_baryon_channels,proxy/reweight estimate,5.7,6.0,1,,,,,,2
Ue,upper,missing_charm_baryon_channels,proxy/reweight estimate,6.0,6.3,2,,,,,,4
Ue,upper,missing_charm_baryon_channels,proxy/reweight estimate,6.3,6.6,1,,,,,,2
Ue,upper,missing_charm_baryon_channels,proxy/reweight estimate,6.6,6.8999999999999995,2,,,,,,4
Ue,upper,missing_charm_baryon_channels,proxy/reweight estimate,6.8999999999999995,7.199999999999999,1,,,,,,2
Ue,upper,missing_charm_baryon_channels,proxy/reweight estimate,7.199999999999999,7.499999999999999,2,,,,,,4
Ue,upper,missing_charm_baryon_channels,proxy/reweight estimate,7.5,7.8,1,,,,,,2
Ue,upper,missing_charm_baryon_channels,proxy/reweight estimate,7.8,8.1,2,,,,,,4
Ue,upper,missing_charm_baryon_channels,proxy/reweight estimate,8.4,8.700000000000001,1,,,,,,2
Ue,upper,missing_charm_baryon_channels,proxy/reweight estimate,9.0,9.3,1,,,,,,2
Ue,upper,missing_charm_baryon_channels,proxy/reweight estimate,9.299999999999999,9.6,1,,,,,,2
Ue,upper,missing_charm_baryon_channels,proxy/reweight estimate,9.9,10.200000000000001,1,,,,,,2
Ue,upper,missing_neutral_kaon_production,unknowable; additive proxy,0.0,0.3,7,,,,,,14
Ue,upper,missing_neutral_kaon_production,unknowable; additive proxy,0.3,0.6,17,,,,,,34
Ue,upper,missing_neutral_kaon_production,unknowable; additive proxy,0.6,0.8999999999999999,12,0.0,0.0,0.0,0.0,0.0,12
Ue,upper,missing_neutral_kaon_production,unknowable; additive proxy,0.8999999999999999,1.2,12,0.0,0.0,0.0,0.0,0.0,0
Ue,upper,missing_neutral_kaon_production,unknowable; additive proxy,1.2,1.5,12,0.0,0.0,0.0,0.0,0.0,0
Ue,upper,missing_neutral_kaon_production,unknowable; additive proxy,1.5,1.8,12,0.0,0.0,0.0,0.0,0.0,0
Ue,upper,missing_neutral_kaon_production,unknowable; additive proxy,1.7999999999999998,2.0999999999999996,9,0.0,0.0,0.0,0.0,0.0,0
Ue,upper,missing_neutral_kaon_production,unknowable; additive proxy,2.1,2.4,1,0.0,0.0,0.0,0.0,0.0,0
Ue,upper,missing_neutral_kaon_production,unknowable; additive proxy,2.4,2.6999999999999997,2,0.0,0.0,0.0,0.0,0.0,0
Ue,upper,missing_neutral_kaon_production,unknowable; additive proxy,2.6999999999999997,2.9999999999999996,1,0.0,0.0,0.0,0.0,0.0,0
Ue,upper,missing_neutral_kaon_production,unknowable; additive proxy,3.0,3.3,2,0.0,0.0,0.0,0.0,0.0,0
Ue,upper,missing_neutral_kaon_production,unknowable; additive proxy,3.3,3.5999999999999996,1,0.0,0.0,0.0,0.0,0.0,0
Ue,upper,missing_neutral_kaon_production,unknowable; additive proxy,3.5999999999999996,3.8999999999999995,2,0.0,0.0,0.0,0.0,0.0,0
Ue,upper,missing_neutral_kaon_production,unknowable; additive proxy,3.9,4.2,1,0.0,0.0,0.0,0.0,0.0,0
Ue,upper,missing_neutral_kaon_production,unknowable; additive proxy,4.2,4.5,2,,,,,,4
Ue,upper,missing_neutral_kaon_production,unknowable; additive proxy,4.5,4.8,1,,,,,,2
Ue,upper,missing_neutral_kaon_production,unknowable; additive proxy,4.8,5.1,2,,,,,,4
Ue,upper,missing_neutral_kaon_production,unknowable; additive proxy,5.1,5.3999999999999995,1,,,,,,2
Ue,upper,missing_neutral_kaon_production,unknowable; additive proxy,5.3999999999999995,5.699999999999999,3,,,,,,6
Ue,upper,missing_neutral_kaon_production,unknowable; additive proxy,5.7,6.0,1,,,,,,2
Ue,upper,missing_neutral_kaon_production,unknowable; additive proxy,6.0,6.3,2,,,,,,4
Ue,upper,missing_neutral_kaon_production,unknowable; additive proxy,6.3,6.6,1,,,,,,2
Ue,upper,missing_neutral_kaon_production,unknowable; additive proxy,6.6,6.8999999999999995,2,,,,,,4
Ue,upper,missing_neutral_kaon_production,unknowable; additive proxy,6.8999999999999995,7.199999999999999,1,,,,,,2
Ue,upper,missing_neutral_kaon_production,unknowable; additive proxy,7.199999999999999,7.499999999999999,2,,,,,,4
Ue,upper,missing_neutral_kaon_production,unknowable; additive proxy,7.5,7.8,1,,,,,,2
Ue,upper,missing_neutral_kaon_production,unknowable; additive proxy,7.8,8.1,2,,,,,,4
Ue,upper,missing_neutral_kaon_production,unknowable; additive proxy,8.4,8.700000000000001,1,,,,,,2
Ue,upper,missing_neutral_kaon_production,unknowable; additive proxy,9.0,9.3,1,,,,,,2
Ue,upper,missing_neutral_kaon_production,unknowable; additive proxy,9.299999999999999,9.6,1,,,,,,2
Ue,upper,missing_neutral_kaon_production,unknowable; additive proxy,9.9,10.200000000000001,1,,,,,,2
Ue,upper,missing_tau_multihadron_modes,proxy/reweight estimate,0.0,0.3,7,,,,,,14
Ue,upper,missing_tau_multihadron_modes,proxy/reweight estimate,0.3,0.6,17,,,,,,34
Ue,upper,missing_tau_multihadron_modes,proxy/reweight estimate,0.6,0.8999999999999999,12,5.510154954535551e-05,0.0002754942642568814,1.9983980048543515e-05,0.0010931958212889725,0.0010931958212889725,12
Ue,upper,missing_tau_multihadron_modes,proxy/reweight estimate,0.8999999999999999,1.2,12,0.0001353227147449232,0.0006765523040241916,2.630813200621418e-05,0.0014137412395864857,0.0014137412395864857,0
Ue,upper,missing_tau_multihadron_modes,proxy/reweight estimate,1.2,1.5,12,6.309558738815113e-05,0.0003154719395048744,1.8083081432251902e-05,0.0009175086683743672,0.0009175086683743672,0
Ue,upper,missing_tau_multihadron_modes,proxy/reweight estimate,1.5,1.8,12,1.1717423809010086e-06,5.858708651551581e-06,0.0,6.578456159811452e-05,6.578456159811452e-05,0
Ue,upper,missing_tau_multihadron_modes,proxy/reweight estimate,1.7999999999999998,2.0999999999999996,9,0.0,0.0,0.0,0.0,0.0,0
Ue,upper,missing_tau_multihadron_modes,proxy/reweight estimate,2.1,2.4,1,0.0,0.0,0.0,0.0,0.0,0
Ue,upper,missing_tau_multihadron_modes,proxy/reweight estimate,2.4,2.6999999999999997,2,0.0,0.0,0.0,0.0,0.0,0
Ue,upper,missing_tau_multihadron_modes,proxy/reweight estimate,2.6999999999999997,2.9999999999999996,1,0.0,0.0,0.0,0.0,0.0,0
Ue,upper,missing_tau_multihadron_modes,proxy/reweight estimate,3.0,3.3,2,0.0,0.0,0.0,0.0,0.0,0
Ue,upper,missing_tau_multihadron_modes,proxy/reweight estimate,3.3,3.5999999999999996,1,0.0,0.0,0.0,0.0,0.0,0
Ue,upper,missing_tau_multihadron_modes,proxy/reweight estimate,3.5999999999999996,3.8999999999999995,2,0.0,0.0,0.0,0.0,0.0,0
Ue,upper,missing_tau_multihadron_modes,proxy/reweight estimate,3.9,4.2,1,0.0,0.0,0.0,0.0,0.0,0
Ue,upper,missing_tau_multihadron_modes,proxy/reweight estimate,4.2,4.5,2,,,,,,4
Ue,upper,missing_tau_multihadron_modes,proxy/reweight estimate,4.5,4.8,1,,,,,,2
Ue,upper,missing_tau_multihadron_modes,proxy/reweight estimate,4.8,5.1,2,,,,,,4
Ue,upper,missing_tau_multihadron_modes,proxy/reweight estimate,5.1,5.3999999999999995,1,,,,,,2
Ue,upper,missing_tau_multihadron_modes,proxy/reweight estimate,5.3999999999999995,5.699999999999999,3,,,,,,6
Ue,upper,missing_tau_multihadron_modes,proxy/reweight estimate,5.7,6.0,1,,,,,,2
Ue,upper,missing_tau_multihadron_modes,proxy/reweight estimate,6.0,6.3,2,,,,,,4
Ue,upper,missing_tau_multihadron_modes,proxy/reweight estimate,6.3,6.6,1,,,,,,2
Ue,upper,missing_tau_multihadron_modes,proxy/reweight estimate,6.6,6.8999999999999995,2,,,,,,4
Ue,upper,missing_tau_multihadron_modes,proxy/reweight estimate,6.8999999999999995,7.199999999999999,1,,,,,,2
Ue,upper,missing_tau_multihadron_modes,proxy/reweight estimate,7.199999999999999,7.499999999999999,2,,,,,,4
Ue,upper,missing_tau_multihadron_modes,proxy/reweight estimate,7.5,7.8,1,,,,,,2
Ue,upper,missing_tau_multihadron_modes,proxy/reweight estimate,7.8,8.1,2,,,,,,4
Ue,upper,missing_tau_multihadron_modes,proxy/reweight estimate,8.4,8.700000000000001,1,,,,,,2
Ue,upper,missing_tau_multihadron_modes,proxy/reweight estimate,9.0,9.3,1,,,,,,2
Ue,upper,missing_tau_multihadron_modes,proxy/reweight estimate,9.299999999999999,9.6,1,,,,,,2
Ue,upper,missing_tau_multihadron_modes,proxy/reweight estimate,9.9,10.200000000000001,1,,,,,,2
Ue,upper,nonzero_background_threshold,direct threshold response; background unknowable,0.0,0.3,7,,,,,,14
Ue,upper,nonzero_background_threshold,direct threshold response; background unknowable,0.3,0.6,17,,,,,,34
Ue,upper,nonzero_background_threshold,direct threshold response; background unknowable,0.6,0.8999999999999999,12,-3.7787457880620656,-10.096964907503258,-10.911398458752174,-2.600372277316909,10.911398458752174,10
Ue,upper,nonzero_background_threshold,direct threshold response; background unknowable,0.8999999999999999,1.2,12,-4.6374903224705335,-11.41768703015355,-12.374530552713004,-3.4180480259053847,12.374530552713004,0
Ue,upper,nonzero_background_threshold,direct threshold response; background unknowable,1.2,1.5,12,-6.42671961065474,-13.065558364304518,-14.269939750945904,-5.476249422238122,14.269939750945904,0
Ue,upper,nonzero_background_threshold,direct threshold response; background unknowable,1.5,1.8,12,-6.319110237685027,-14.903967167041964,-16.249722484377692,-4.774627793199093,16.249722484377692,0
Ue,upper,nonzero_background_threshold,direct threshold response; background unknowable,1.7999999999999998,2.0999999999999996,9,-7.486379504821006,-17.672739769348556,-19.044190435240647,-6.399606825697235,19.044190435240647,0
Ue,upper,nonzero_background_threshold,direct threshold response; background unknowable,2.1,2.4,1,-8.582520016912243,-20.51029026776182,-20.51029026776182,-8.582520016912243,20.51029026776182,0
Ue,upper,nonzero_background_threshold,direct threshold response; background unknowable,2.4,2.6999999999999997,2,-10.257723784721318,-23.996881964963713,-25.943260323570627,-9.48950673742569,25.943260323570627,0
Ue,upper,nonzero_background_threshold,direct threshold response; background unknowable,2.6999999999999997,2.9999999999999996,1,-12.286653425357773,-29.826194638574087,-29.826194638574087,-12.286653425357773,29.826194638574087,0
Ue,upper,nonzero_background_threshold,direct threshold response; background unknowable,3.0,3.3,2,-15.472028541732413,-38.58371481136206,-42.19468818521123,-14.291872670118977,42.19468818521123,0
Ue,upper,nonzero_background_threshold,direct threshold response; background unknowable,3.3,3.5999999999999996,1,-20.129316958414112,-58.33109418893416,-58.33109418893416,-20.129316958414112,58.33109418893416,0
Ue,upper,nonzero_background_threshold,direct threshold response; background unknowable,3.5999999999999996,3.8999999999999995,2,-33.40773769398997,,-41.53172917863639,-25.283746209343562,41.53172917863639,2
Ue,upper,nonzero_background_threshold,direct threshold response; background unknowable,3.9,4.2,1,,,,,,2
Ue,upper,nonzero_background_threshold,direct threshold response; background unknowable,4.2,4.5,2,,,,,,4
Ue,upper,nonzero_background_threshold,direct threshold response; background unknowable,4.5,4.8,1,,,,,,2
Ue,upper,nonzero_background_threshold,direct threshold response; background unknowable,4.8,5.1,2,,,,,,4
Ue,upper,nonzero_background_threshold,direct threshold response; background unknowable,5.1,5.3999999999999995,1,,,,,,2
Ue,upper,nonzero_background_threshold,direct threshold response; background unknowable,5.3999999999999995,5.699999999999999,3,,,,,,6
Ue,upper,nonzero_background_threshold,direct threshold response; background unknowable,5.7,6.0,1,,,,,,2
Ue,upper,nonzero_background_threshold,direct threshold response; background unknowable,6.0,6.3,2,,,,,,4
Ue,upper,nonzero_background_threshold,direct threshold response; background unknowable,6.3,6.6,1,,,,,,2
Ue,upper,nonzero_background_threshold,direct threshold response; background unknowable,6.6,6.8999999999999995,2,,,,,,4
Ue,upper,nonzero_background_threshold,direct threshold response; background unknowable,6.8999999999999995,7.199999999999999,1,,,,,,2
Ue,upper,nonzero_background_threshold,direct threshold response; background unknowable,7.199999999999999,7.499999999999999,2,,,,,,4
Ue,upper,nonzero_background_threshold,direct threshold response; background unknowable,7.5,7.8,1,,,,,,2
Ue,upper,nonzero_background_threshold,direct threshold response; background unknowable,7.8,8.1,2,,,,,,4
Ue,upper,nonzero_background_threshold,direct threshold response; background unknowable,8.4,8.700000000000001,1,,,,,,2
Ue,upper,nonzero_background_threshold,direct threshold response; background unknowable,9.0,9.3,1,,,,,,2
Ue,upper,nonzero_background_threshold,direct threshold response; background unknowable,9.299999999999999,9.6,1,,,,,,2
Ue,upper,nonzero_background_threshold,direct threshold response; background unknowable,9.9,10.200000000000001,1,,,,,,2
Ue,upper,production_mc_statistical,directly calculable now,0.6,0.8999999999999999,6,-0.9892843806358742,0.9919194534622311,-1.688886881524898,1.3734370077617797,1.688886881524898,0
Ue,upper,production_mc_statistical,directly calculable now,0.8999999999999999,1.2,12,-1.139749874579532,0.8806224649007377,-1.8365146252064424,1.7013698948373124,1.8365146252064424,0
Ue,upper,production_mc_statistical,directly calculable now,1.2,1.5,12,-1.4789672061258308,1.1800619494540143,-1.6953175809851784,1.3867056125691057,1.6953175809851784,0
Ue,upper,production_mc_statistical,directly calculable now,1.5,1.8,12,-1.2300100674670134,1.0715095490959392,-1.8306593253618497,1.656748556766341,1.8306593253618497,0
Ue,upper,production_mc_statistical,directly calculable now,1.7999999999999998,2.0999999999999996,9,-1.2892060707379138,1.109970541127403,-1.6575275977854576,1.4830533141119595,1.6575275977854576,0
Ue,upper,production_mc_statistical,directly calculable now,2.1,2.4,1,-1.5099457579337394,1.3181302499504222,-1.5099457579337394,1.3181302499504222,1.5099457579337394,0
Ue,upper,production_mc_statistical,directly calculable now,2.4,2.6999999999999997,2,-1.5831458262810405,1.361442195817042,-1.6662965601270119,1.4194048160387274,1.6662965601270119,0
Ue,upper,production_mc_statistical,directly calculable now,2.6999999999999997,2.9999999999999996,1,-1.680210986437669,1.4945061738299348,-1.680210986437669,1.4945061738299348,1.680210986437669,0
Ue,upper,production_mc_statistical,directly calculable now,3.0,3.3,2,-2.0654884592138325,1.856038261549442,-2.164655143802119,1.9507272968075862,2.164655143802119,0
Ue,upper,production_mc_statistical,directly calculable now,3.3,3.5999999999999996,1,-2.336238563941462,2.1318296766239087,-2.336238563941462,2.1318296766239087,2.336238563941462,0
Ue,upper,production_mc_statistical,directly calculable now,3.5999999999999996,3.8999999999999995,2,-2.882783255335386,2.666983517016297,-3.206630954127365,2.9806948148558776,3.206630954127365,0
Ue,upper,production_mc_statistical,directly calculable now,3.9,4.2,1,-5.410109861415524,5.191930242413245,-5.410109861415524,5.191930242413245,5.410109861415524,0
Ue,upper,production_spin_and_residual_angles,proxy/reweight estimate,0.0,0.3,7,,,,,,14
Ue,upper,production_spin_and_residual_angles,proxy/reweight estimate,0.3,0.6,17,,,,,,34
Ue,upper,production_spin_and_residual_angles,proxy/reweight estimate,0.6,0.8999999999999999,12,-0.0001655370486075558,0.00016552486776788555,-0.01584200242481515,0.015801219892841445,0.01584200242481515,12
Ue,upper,production_spin_and_residual_angles,proxy/reweight estimate,0.8999999999999999,1.2,12,-0.0014654875377995147,0.0014648939798522775,-0.13724319214135638,0.12874109575660153,0.13724319214135638,0
Ue,upper,production_spin_and_residual_angles,proxy/reweight estimate,1.2,1.5,12,-0.012003371420732378,0.011960707247260505,-0.14933620148257498,0.14404099732288067,0.14933620148257498,0
Ue,upper,production_spin_and_residual_angles,proxy/reweight estimate,1.5,1.8,12,-0.0470651742542183,0.04650172311457812,-0.1699225041283614,0.16624987282436443,0.1699225041283614,0
Ue,upper,production_spin_and_residual_angles,proxy/reweight estimate,1.7999999999999998,2.0999999999999996,9,-0.005490157484855374,0.005485555102180406,-0.044409314336324446,0.04413944841652473,0.044409314336324446,0
Ue,upper,production_spin_and_residual_angles,proxy/reweight estimate,2.1,2.4,1,-0.00299091712933075,0.0029896507649063153,-0.00299091712933075,0.0029896507649063153,0.00299091712933075,0
Ue,upper,production_spin_and_residual_angles,proxy/reweight estimate,2.4,2.6999999999999997,2,-0.09395980130408321,0.09169120242560336,-0.17911898201292686,0.17460093023033973,0.17911898201292686,0
Ue,upper,production_spin_and_residual_angles,proxy/reweight estimate,2.6999999999999997,2.9999999999999996,1,-0.029246251657921718,0.02914401701152869,-0.029246251657921718,0.02914401701152869,0.029246251657921718,0
Ue,upper,production_spin_and_residual_angles,proxy/reweight estimate,3.0,3.3,2,-0.07212307280834995,0.07179701393500437,-0.08454390592759209,0.08406772144951002,0.08454390592759209,0
Ue,upper,production_spin_and_residual_angles,proxy/reweight estimate,3.3,3.5999999999999996,1,-0.08520387253833084,0.08473853682799959,-0.08520387253833084,0.08473853682799959,0.08520387253833084,0
Ue,upper,production_spin_and_residual_angles,proxy/reweight estimate,3.5999999999999996,3.8999999999999995,2,-0.15634418803694983,0.1550123967274719,-0.1881513233191523,0.18648668960732362,0.1881513233191523,0
Ue,upper,production_spin_and_residual_angles,proxy/reweight estimate,3.9,4.2,1,-0.47164351507267277,0.4623398830247316,-0.47164351507267277,0.4623398830247316,0.47164351507267277,0
Ue,upper,production_spin_and_residual_angles,proxy/reweight estimate,4.2,4.5,2,,,,,,4
Ue,upper,production_spin_and_residual_angles,proxy/reweight estimate,4.5,4.8,1,,,,,,2
Ue,upper,production_spin_and_residual_angles,proxy/reweight estimate,4.8,5.1,2,,,,,,4
Ue,upper,production_spin_and_residual_angles,proxy/reweight estimate,5.1,5.3999999999999995,1,,,,,,2
Ue,upper,production_spin_and_residual_angles,proxy/reweight estimate,5.3999999999999995,5.699999999999999,3,,,,,,6
Ue,upper,production_spin_and_residual_angles,proxy/reweight estimate,5.7,6.0,1,,,,,,2
Ue,upper,production_spin_and_residual_angles,proxy/reweight estimate,6.0,6.3,2,,,,,,4
Ue,upper,production_spin_and_residual_angles,proxy/reweight estimate,6.3,6.6,1,,,,,,2
Ue,upper,production_spin_and_residual_angles,proxy/reweight estimate,6.6,6.8999999999999995,2,,,,,,4
Ue,upper,production_spin_and_residual_angles,proxy/reweight estimate,6.8999999999999995,7.199999999999999,1,,,,,,2
Ue,upper,production_spin_and_residual_angles,proxy/reweight estimate,7.199999999999999,7.499999999999999,2,,,,,,4
Ue,upper,production_spin_and_residual_angles,proxy/reweight estimate,7.5,7.8,1,,,,,,2
Ue,upper,production_spin_and_residual_angles,proxy/reweight estimate,7.8,8.1,2,,,,,,4
Ue,upper,production_spin_and_residual_angles,proxy/reweight estimate,8.4,8.700000000000001,1,,,,,,2
Ue,upper,production_spin_and_residual_angles,proxy/reweight estimate,9.0,9.3,1,,,,,,2
Ue,upper,production_spin_and_residual_angles,proxy/reweight estimate,9.299999999999999,9.6,1,,,,,,2
Ue,upper,production_spin_and_residual_angles,proxy/reweight estimate,9.9,10.200000000000001,1,,,,,,2
Ue,upper,visible_branching_fraction,literature-informed range,0.0,0.3,7,,,,,,14
Ue,upper,visible_branching_fraction,literature-informed range,0.3,0.6,17,,,,,,34
Ue,upper,visible_branching_fraction,literature-informed range,0.6,0.8999999999999999,12,-0.7949761964369306,0.8152822488762368,-1.510573470912746,1.2531404196626905,1.510573470912746,12
Ue,upper,visible_branching_fraction,literature-informed range,0.8999999999999999,1.2,12,-0.9172353050599047,0.7568046889321223,-1.6574273334902134,1.3892103976930636,1.6574273334902134,0
Ue,upper,visible_branching_fraction,literature-informed range,1.2,1.5,12,-1.3309372876404935,1.1022944396867573,-1.576527398209171,1.3086507552894755,1.576527398209171,0
Ue,upper,visible_branching_fraction,literature-informed range,1.5,1.8,12,-1.2479755155623218,1.1107688902153856,-1.8184630550233227,1.6010332386246384,1.8184630550233227,0
Ue,upper,visible_branching_fraction,literature-informed range,1.7999999999999998,2.0999999999999996,9,-1.5512950735109499,1.349398667600843,-2.014358742500222,1.7409605894362468,2.014358742500222,0
Ue,upper,visible_branching_fraction,literature-informed range,2.1,2.4,1,-2.06734368479522,1.7238822243351049,-2.06734368479522,1.7238822243351049,2.06734368479522,0
Ue,upper,visible_branching_fraction,literature-informed range,2.4,2.6999999999999997,2,-1.957359860218627,1.6305159565895733,-1.9907901845702347,1.6588689915177701,1.9907901845702347,0
Ue,upper,visible_branching_fraction,literature-informed range,2.6999999999999997,2.9999999999999996,1,-2.6121736759892156,2.18926321295434,-2.6121736759892156,2.18926321295434,2.6121736759892156,0
Ue,upper,visible_branching_fraction,literature-informed range,3.0,3.3,2,-3.3789240076060545,2.8526696138015395,-3.5968765787614765,3.0424956431306827,3.5968765787614765,0
Ue,upper,visible_branching_fraction,literature-informed range,3.3,3.5999999999999996,1,-4.055419887822243,3.62616866401293,-4.055419887822243,3.62616866401293,4.055419887822243,0
Ue,upper,visible_branching_fraction,literature-informed range,3.5999999999999996,3.8999999999999995,2,-5.839665753732342,4.983123260619681,-6.7710955070792505,5.762561212267214,6.7710955070792505,0
Ue,upper,visible_branching_fraction,literature-informed range,3.9,4.2,1,-13.460089492815241,10.200959358749696,-13.460089492815241,10.200959358749696,13.460089492815241,0
Ue,upper,visible_branching_fraction,literature-informed range,4.2,4.5,2,,,,,,3
Ue,upper,visible_branching_fraction,literature-informed range,4.5,4.8,1,,,,,,2
Ue,upper,visible_branching_fraction,literature-informed range,4.8,5.1,2,,,,,,4
Ue,upper,visible_branching_fraction,literature-informed range,5.1,5.3999999999999995,1,,,,,,2
Ue,upper,visible_branching_fraction,literature-informed range,5.3999999999999995,5.699999999999999,3,,,,,,6
Ue,upper,visible_branching_fraction,literature-informed range,5.7,6.0,1,,,,,,2
Ue,upper,visible_branching_fraction,literature-informed range,6.0,6.3,2,,,,,,4
Ue,upper,visible_branching_fraction,literature-informed range,6.3,6.6,1,,,,,,2
Ue,upper,visible_branching_fraction,literature-informed range,6.6,6.8999999999999995,2,,,,,,4
Ue,upper,visible_branching_fraction,literature-informed range,6.8999999999999995,7.199999999999999,1,,,,,,2
Ue,upper,visible_branching_fraction,literature-informed range,7.199999999999999,7.499999999999999,2,,,,,,4
Ue,upper,visible_branching_fraction,literature-informed range,7.5,7.8,1,,,,,,2
Ue,upper,visible_branching_fraction,literature-informed range,7.8,8.1,2,,,,,,4
Ue,upper,visible_branching_fraction,literature-informed range,8.4,8.700000000000001,1,,,,,,2
Ue,upper,visible_branching_fraction,literature-informed range,9.0,9.3,1,,,,,,2
Ue,upper,visible_branching_fraction,literature-informed range,9.299999999999999,9.6,1,,,,,,2
Ue,upper,visible_branching_fraction,literature-informed range,9.9,10.200000000000001,1,,,,,,2
Ue,upper,visible_decay_topology_acceptance,unknowable; acceptance scenario,0.0,0.3,7,,,,,,14
Ue,upper,visible_decay_topology_acceptance,unknowable; acceptance scenario,0.3,0.6,17,,,,,,34
Ue,upper,visible_decay_topology_acceptance,unknowable; acceptance scenario,0.6,0.8999999999999999,12,-2.737595439231244,2.0825609377340792,-3.772315622475164,3.2875128394036723,3.772315622475164,11
Ue,upper,visible_decay_topology_acceptance,unknowable; acceptance scenario,0.8999999999999999,1.2,12,-3.1940790853280943,2.217581598747387,-4.687135381283203,3.5642355238997947,4.687135381283203,0
Ue,upper,visible_decay_topology_acceptance,unknowable; acceptance scenario,1.2,1.5,12,-4.647730430108737,2.8219105984773174,-5.112812127419675,3.3554786923293722,5.112812127419675,0
Ue,upper,visible_decay_topology_acceptance,unknowable; acceptance scenario,1.5,1.8,12,-4.20927431701279,3.0589388589394195,-5.576705447424802,4.290267289643013,5.576705447424802,0
Ue,upper,visible_decay_topology_acceptance,unknowable; acceptance scenario,1.7999999999999998,2.0999999999999996,9,-5.357032187782451,3.916366606900157,-6.123408666865271,4.766244900812122,6.123408666865271,0
Ue,upper,visible_decay_topology_acceptance,unknowable; acceptance scenario,2.1,2.4,1,-6.26853287584418,4.434216560620263,-6.26853287584418,4.434216560620263,6.26853287584418,0
Ue,upper,visible_decay_topology_acceptance,unknowable; acceptance scenario,2.4,2.6999999999999997,2,-7.336685710066721,4.925402840761817,-7.463059072001621,5.733509445388263,7.463059072001621,0
Ue,upper,visible_decay_topology_acceptance,unknowable; acceptance scenario,2.6999999999999997,2.9999999999999996,1,-8.68862732531045,5.6513159447019845,-8.68862732531045,5.6513159447019845,8.68862732531045,0
Ue,upper,visible_decay_topology_acceptance,unknowable; acceptance scenario,3.0,3.3,2,-10.586274702803035,7.4018197086253785,-11.428160789984654,7.904995499396383,11.428160789984654,0
Ue,upper,visible_decay_topology_acceptance,unknowable; acceptance scenario,3.3,3.5999999999999996,1,-13.856130365355334,9.463311433147803,-13.856130365355334,9.463311433147803,13.856130365355334,0
Ue,upper,visible_decay_topology_acceptance,unknowable; acceptance scenario,3.5999999999999996,3.8999999999999995,2,-21.118992006277754,13.51414314458307,-25.15816874885021,15.448979312842903,25.15816874885021,0
Ue,upper,visible_decay_topology_acceptance,unknowable; acceptance scenario,3.9,4.2,1,,25.67540680499947,25.67540680499947,25.67540680499947,25.67540680499947,1
Ue,upper,visible_decay_topology_acceptance,unknowable; acceptance scenario,4.2,4.5,2,,,,,,3
Ue,upper,visible_decay_topology_acceptance,unknowable; acceptance scenario,4.5,4.8,1,,,,,,2
Ue,upper,visible_decay_topology_acceptance,unknowable; acceptance scenario,4.8,5.1,2,,,,,,4
Ue,upper,visible_decay_topology_acceptance,unknowable; acceptance scenario,5.1,5.3999999999999995,1,,,,,,2
Ue,upper,visible_decay_topology_acceptance,unknowable; acceptance scenario,5.3999999999999995,5.699999999999999,3,,,,,,6
Ue,upper,visible_decay_topology_acceptance,unknowable; acceptance scenario,5.7,6.0,1,,,,,,2
Ue,upper,visible_decay_topology_acceptance,unknowable; acceptance scenario,6.0,6.3,2,,,,,,4
Ue,upper,visible_decay_topology_acceptance,unknowable; acceptance scenario,6.3,6.6,1,,,,,,2
Ue,upper,visible_decay_topology_acceptance,unknowable; acceptance scenario,6.6,6.8999999999999995,2,,,,,,4
Ue,upper,visible_decay_topology_acceptance,unknowable; acceptance scenario,6.8999999999999995,7.199999999999999,1,,,,,,2
Ue,upper,visible_decay_topology_acceptance,unknowable; acceptance scenario,7.199999999999999,7.499999999999999,2,,,,,,4
Ue,upper,visible_decay_topology_acceptance,unknowable; acceptance scenario,7.5,7.8,1,,,,,,2
Ue,upper,visible_decay_topology_acceptance,unknowable; acceptance scenario,7.8,8.1,2,,,,,,4
Ue,upper,visible_decay_topology_acceptance,unknowable; acceptance scenario,8.4,8.700000000000001,1,,,,,,2
Ue,upper,visible_decay_topology_acceptance,unknowable; acceptance scenario,9.0,9.3,1,,,,,,2
Ue,upper,visible_decay_topology_acceptance,unknowable; acceptance scenario,9.299999999999999,9.6,1,,,,,,2
Ue,upper,visible_decay_topology_acceptance,unknowable; acceptance scenario,9.9,10.200000000000001,1,,,,,,2
Umu,lower,bc_spectrum_and_normalization,unknowable; factor scenario,0.0,0.3,7,3.0326388023027562e-05,-6.0652647648762326e-05,-9.023217028003572e-05,4.511623694636313e-05,9.023217028003572e-05,0
Umu,lower,bc_spectrum_and_normalization,unknowable; factor scenario,0.3,0.6,17,0.004983345160747277,-0.009962679302866206,-0.013242828933401896,0.006624490410533923,0.013242828933401896,0
Umu,lower,bc_spectrum_and_normalization,unknowable; factor scenario,0.6,0.8999999999999999,12,0.004890807750257409,-0.009778094622758804,-0.011922644062500876,0.005963849706214219,0.011922644062500876,0
Umu,lower,bc_spectrum_and_normalization,unknowable; factor scenario,0.8999999999999999,1.2,12,0.004775627930098114,-0.009547931334946691,-0.011285815949402256,0.005645081447047673,0.011285815949402256,0
Umu,lower,bc_spectrum_and_normalization,unknowable; factor scenario,1.2,1.5,12,0.005061299424702348,-0.01011861810162884,-0.014378919344726349,0.007193114141990087,0.014378919344726349,0
Umu,lower,bc_spectrum_and_normalization,unknowable; factor scenario,1.5,1.8,12,0.00975197841577291,-0.01949002390964627,-0.050395593347940526,0.025244460513773603,0.050395593347940526,0
Umu,lower,bc_spectrum_and_normalization,unknowable; factor scenario,1.7999999999999998,2.0999999999999996,9,0.09501025588729561,-0.18855922740877995,-0.25747664188964237,0.12998899806222486,0.25747664188964237,0
Umu,lower,bc_spectrum_and_normalization,unknowable; factor scenario,2.1,2.4,1,0.21066314438553668,-0.4145075617532412,-0.4145075617532412,0.21066314438553668,0.4145075617532412,0
Umu,lower,bc_spectrum_and_normalization,unknowable; factor scenario,2.4,2.6999999999999997,2,0.6586450470422833,-1.4472829383560204,-2.0895930471434343,0.9027574772487945,2.0895930471434343,0
Umu,lower,bc_spectrum_and_normalization,unknowable; factor scenario,2.6999999999999997,2.9999999999999996,1,2.9947211254386374,-5.012300416015791,-5.012300416015791,2.9947211254386374,5.012300416015791,0
Umu,lower,bc_spectrum_and_normalization,unknowable; factor scenario,3.0,3.3,2,12.589228072943692,-16.50844117555323,-19.677114309962008,16.13631421967956,19.677114309962008,0
Umu,lower,bc_spectrum_and_normalization,unknowable; factor scenario,3.3,3.5999999999999996,1,22.909703869591922,-25.088855369756214,-25.088855369756214,22.909703869591922,25.088855369756214,0
Umu,lower,bc_spectrum_and_normalization,unknowable; factor scenario,3.5999999999999996,3.8999999999999995,2,26.450099596153265,-34.52220548163167,-37.143158910025875,27.980554124326275,37.143158910025875,0
Umu,lower,bc_spectrum_and_normalization,unknowable; factor scenario,3.9,4.2,1,13.150848898486679,-31.609099577389156,-31.609099577389156,13.150848898486679,31.609099577389156,0
Umu,lower,bc_spectrum_and_normalization,unknowable; factor scenario,4.2,4.5,2,,,,,,4
Umu,lower,bc_spectrum_and_normalization,unknowable; factor scenario,4.5,4.8,1,,,,,,2
Umu,lower,bc_spectrum_and_normalization,unknowable; factor scenario,4.8,5.1,2,,,,,,4
Umu,lower,bc_spectrum_and_normalization,unknowable; factor scenario,5.1,5.3999999999999995,1,,,,,,2
Umu,lower,bc_spectrum_and_normalization,unknowable; factor scenario,5.3999999999999995,5.699999999999999,3,,,,,,6
Umu,lower,bc_spectrum_and_normalization,unknowable; factor scenario,5.7,6.0,1,,,,,,2
Umu,lower,bc_spectrum_and_normalization,unknowable; factor scenario,6.0,6.3,2,,,,,,4
Umu,lower,bc_spectrum_and_normalization,unknowable; factor scenario,6.3,6.6,1,,,,,,2
Umu,lower,bc_spectrum_and_normalization,unknowable; factor scenario,6.6,6.8999999999999995,2,,,,,,4
Umu,lower,bc_spectrum_and_normalization,unknowable; factor scenario,6.8999999999999995,7.199999999999999,1,,,,,,2
Umu,lower,bc_spectrum_and_normalization,unknowable; factor scenario,7.199999999999999,7.499999999999999,2,,,,,,4
Umu,lower,bc_spectrum_and_normalization,unknowable; factor scenario,7.5,7.8,1,,,,,,2
Umu,lower,bc_spectrum_and_normalization,unknowable; factor scenario,7.8,8.1,2,,,,,,4
Umu,lower,bc_spectrum_and_normalization,unknowable; factor scenario,8.4,8.700000000000001,1,,,,,,2
Umu,lower,bc_spectrum_and_normalization,unknowable; factor scenario,9.0,9.3,1,,,,,,2
Umu,lower,bc_spectrum_and_normalization,unknowable; factor scenario,9.299999999999999,9.6,1,,,,,,2
Umu,lower,bc_spectrum_and_normalization,unknowable; factor scenario,9.9,10.200000000000001,1,,,,,,2
Umu,lower,charged_kaon_parent_transport,unknowable; transport scenario,0.0,0.3,7,209.6744500689057,19.26264060982803,19.006668393323366,210.86474162017765,210.86474162017765,0
Umu,lower,charged_kaon_parent_transport,unknowable; transport scenario,0.3,0.6,17,0.0,0.0,0.0,211.46510641240877,211.46510641240877,0
Umu,lower,charged_kaon_parent_transport,unknowable; transport scenario,0.6,0.8999999999999999,12,0.0,0.0,0.0,0.0,0.0,0
Umu,lower,charged_kaon_parent_transport,unknowable; transport scenario,0.8999999999999999,1.2,12,0.0,0.0,0.0,0.0,0.0,0
Umu,lower,charged_kaon_parent_transport,unknowable; transport scenario,1.2,1.5,12,0.0,0.0,0.0,0.0,0.0,0
Umu,lower,charged_kaon_parent_transport,unknowable; transport scenario,1.5,1.8,12,0.0,0.0,0.0,0.0,0.0,0
Umu,lower,charged_kaon_parent_transport,unknowable; transport scenario,1.7999999999999998,2.0999999999999996,9,0.0,0.0,0.0,0.0,0.0,0
Umu,lower,charged_kaon_parent_transport,unknowable; transport scenario,2.1,2.4,1,0.0,0.0,0.0,0.0,0.0,0
Umu,lower,charged_kaon_parent_transport,unknowable; transport scenario,2.4,2.6999999999999997,2,0.0,0.0,0.0,0.0,0.0,0
Umu,lower,charged_kaon_parent_transport,unknowable; transport scenario,2.6999999999999997,2.9999999999999996,1,0.0,0.0,0.0,0.0,0.0,0
Umu,lower,charged_kaon_parent_transport,unknowable; transport scenario,3.0,3.3,2,0.0,0.0,0.0,0.0,0.0,0
Umu,lower,charged_kaon_parent_transport,unknowable; transport scenario,3.3,3.5999999999999996,1,0.0,0.0,0.0,0.0,0.0,0
Umu,lower,charged_kaon_parent_transport,unknowable; transport scenario,3.5999999999999996,3.8999999999999995,2,0.0,0.0,0.0,0.0,0.0,0
Umu,lower,charged_kaon_parent_transport,unknowable; transport scenario,3.9,4.2,1,0.0,0.0,0.0,0.0,0.0,0
Umu,lower,charged_kaon_parent_transport,unknowable; transport scenario,4.2,4.5,2,,,,,,4
Umu,lower,charged_kaon_parent_transport,unknowable; transport scenario,4.5,4.8,1,,,,,,2
Umu,lower,charged_kaon_parent_transport,unknowable; transport scenario,4.8,5.1,2,,,,,,4
Umu,lower,charged_kaon_parent_transport,unknowable; transport scenario,5.1,5.3999999999999995,1,,,,,,2
Umu,lower,charged_kaon_parent_transport,unknowable; transport scenario,5.3999999999999995,5.699999999999999,3,,,,,,6
Umu,lower,charged_kaon_parent_transport,unknowable; transport scenario,5.7,6.0,1,,,,,,2
Umu,lower,charged_kaon_parent_transport,unknowable; transport scenario,6.0,6.3,2,,,,,,4
Umu,lower,charged_kaon_parent_transport,unknowable; transport scenario,6.3,6.6,1,,,,,,2
Umu,lower,charged_kaon_parent_transport,unknowable; transport scenario,6.6,6.8999999999999995,2,,,,,,4
Umu,lower,charged_kaon_parent_transport,unknowable; transport scenario,6.8999999999999995,7.199999999999999,1,,,,,,2
Umu,lower,charged_kaon_parent_transport,unknowable; transport scenario,7.199999999999999,7.499999999999999,2,,,,,,4
Umu,lower,charged_kaon_parent_transport,unknowable; transport scenario,7.5,7.8,1,,,,,,2
Umu,lower,charged_kaon_parent_transport,unknowable; transport scenario,7.8,8.1,2,,,,,,4
Umu,lower,charged_kaon_parent_transport,unknowable; transport scenario,8.4,8.700000000000001,1,,,,,,2
Umu,lower,charged_kaon_parent_transport,unknowable; transport scenario,9.0,9.3,1,,,,,,2
Umu,lower,charged_kaon_parent_transport,unknowable; transport scenario,9.299999999999999,9.6,1,,,,,,2
Umu,lower,charged_kaon_parent_transport,unknowable; transport scenario,9.9,10.200000000000001,1,,,,,,2
Umu,lower,combined_physics_model_rss,"engineering envelope, not confidence interval",0.0,0.3,7,-34.300773700029175,231.64881449491972,-34.5107234528067,233.10702723708266,233.10702723708266,0
Umu,lower,combined_physics_model_rss,"engineering envelope, not confidence interval",0.3,0.6,17,-31.67067416023649,42.98417164208801,-34.54679772056526,233.29249022183984,233.29249022183984,0
Umu,lower,combined_physics_model_rss,"engineering envelope, not confidence interval",0.6,0.8999999999999999,12,-31.905596605522945,43.44097256100184,-32.60450090747299,44.60495118467938,44.60495118467938,0
Umu,lower,combined_physics_model_rss,"engineering envelope, not confidence interval",0.8999999999999999,1.2,12,-32.34053823660399,44.21180262908993,-32.72541556967822,45.02708838684051,45.02708838684051,0
Umu,lower,combined_physics_model_rss,"engineering envelope, not confidence interval",1.2,1.5,12,-32.380203438857485,44.40756591793837,-33.105281912679665,45.169828589660966,45.169828589660966,0
Umu,lower,combined_physics_model_rss,"engineering envelope, not confidence interval",1.5,1.8,12,-31.7816099132937,43.102211249213916,-32.626094458141644,44.38347853641502,44.38347853641502,0
Umu,lower,combined_physics_model_rss,"engineering envelope, not confidence interval",1.7999999999999998,2.0999999999999996,9,-25.8084257401608,41.91754538013199,-30.234406632442546,42.884131321077376,42.884131321077376,0
Umu,lower,combined_physics_model_rss,"engineering envelope, not confidence interval",2.1,2.4,1,-25.80704410385033,42.82952123732016,-25.80704410385033,42.82952123732016,42.82952123732016,0
Umu,lower,combined_physics_model_rss,"engineering envelope, not confidence interval",2.4,2.6999999999999997,2,-26.387435976144893,44.60267572255036,-27.104644390470256,44.963054638929734,44.963054638929734,0
Umu,lower,combined_physics_model_rss,"engineering envelope, not confidence interval",2.6999999999999997,2.9999999999999996,1,-27.48504291348771,49.07504239225504,-27.48504291348771,49.07504239225504,49.07504239225504,0
Umu,lower,combined_physics_model_rss,"engineering envelope, not confidence interval",3.0,3.3,2,-32.45808187991318,57.90808754561526,-34.19272758113876,61.448631602449424,61.448631602449424,0
Umu,lower,combined_physics_model_rss,"engineering envelope, not confidence interval",3.3,3.5999999999999996,1,-38.48608796416474,71.24324622647957,-38.48608796416474,71.24324622647957,71.24324622647957,0
Umu,lower,combined_physics_model_rss,"engineering envelope, not confidence interval",3.5999999999999996,3.8999999999999995,2,-48.083110868755725,74.12595241315248,-50.68988506374297,78.40646061936587,78.40646061936587,0
Umu,lower,combined_physics_model_rss,"engineering envelope, not confidence interval",3.9,4.2,1,-43.885312176786805,60.55893810651718,-43.885312176786805,60.55893810651718,60.55893810651718,0
Umu,lower,csv_8_digit_serialization,quantitatively dismissed by rounding bound,0.0,0.3,7,1.006445966567071e-05,-1.0064454780689402e-05,-1.0963619445636397e-05,1.0963625141080513e-05,1.0963625141080513e-05,0
Umu,lower,csv_8_digit_serialization,quantitatively dismissed by rounding bound,0.3,0.6,17,1.0410039319452835e-05,-1.041003415691577e-05,-1.0884355017282132e-05,1.0884360501783874e-05,1.0884360501783874e-05,0
Umu,lower,csv_8_digit_serialization,quantitatively dismissed by rounding bound,0.6,0.8999999999999999,12,1.006635681477519e-05,-1.006635160227809e-05,-1.098026088941495e-05,1.0980266584859066e-05,1.0980266584859066e-05,0
Umu,lower,csv_8_digit_serialization,quantitatively dismissed by rounding bound,0.8999999999999999,1.2,12,1.0036061726115264e-05,-1.0036056830031725e-05,-1.1272096511749652e-05,1.1272102473647294e-05,1.1272102473647294e-05,0
Umu,lower,csv_8_digit_serialization,quantitatively dismissed by rounding bound,1.2,1.5,12,9.846288195891617e-06,-9.846283260950273e-06,-1.1180070824678978e-05,1.1180076553429785e-05,1.1180076553429785e-05,0
Umu,lower,csv_8_digit_serialization,quantitatively dismissed by rounding bound,1.5,1.8,12,1.0015183748990353e-05,-1.0015178758537857e-05,-1.1071571603959995e-05,1.1071577321608572e-05,1.1071577321608572e-05,0
Umu,lower,csv_8_digit_serialization,quantitatively dismissed by rounding bound,1.7999999999999998,2.0999999999999996,9,1.0113694592917e-05,-1.0113689485891086e-05,-1.1167426949842962e-05,1.1167432911740605e-05,1.1167432911740605e-05,0
Umu,lower,csv_8_digit_serialization,quantitatively dismissed by rounding bound,2.1,2.4,1,9.566737158017702e-06,-9.566732372956466e-06,-9.566732372956466e-06,9.566737158017702e-06,9.566737158017702e-06,0
Umu,lower,csv_8_digit_serialization,quantitatively dismissed by rounding bound,2.4,2.6999999999999997,2,1.0205933498319553e-05,-1.0205928457907021e-05,-1.058916683227551e-05,1.058917227236833e-05,1.058917227236833e-05,0
Umu,lower,csv_8_digit_serialization,quantitatively dismissed by rounding bound,2.6999999999999997,2.9999999999999996,1,1.2117226444452456e-05,-1.2117220071772294e-05,-1.2117220071772294e-05,1.2117226444452456e-05,1.2117226444452456e-05,0
Umu,lower,csv_8_digit_serialization,quantitatively dismissed by rounding bound,3.0,3.3,2,1.5556786037151937e-05,-1.5556777355207885e-05,-1.6562495996907955e-05,1.6562505500417046e-05,1.6562505500417046e-05,0
Umu,lower,csv_8_digit_serialization,quantitatively dismissed by rounding bound,3.3,3.5999999999999996,1,1.910397868787328e-05,-1.910396745241627e-05,-1.910396745241627e-05,1.910397868787328e-05,1.910397868787328e-05,0
Umu,lower,csv_8_digit_serialization,quantitatively dismissed by rounding bound,3.5999999999999996,3.8999999999999995,2,3.074952188431013e-05,-3.074949977976971e-05,-3.4803636961289186e-05,3.480366319585926e-05,3.480366319585926e-05,0
Umu,lower,csv_8_digit_serialization,quantitatively dismissed by rounding bound,3.9,4.2,1,4.118845995382259e-05,-4.118842642508724e-05,-4.118842642508724e-05,4.118845995382259e-05,4.118845995382259e-05,0
Umu,lower,csv_8_digit_serialization,quantitatively dismissed by rounding bound,4.2,4.5,2,,,,,,4
Umu,lower,csv_8_digit_serialization,quantitatively dismissed by rounding bound,4.5,4.8,1,,,,,,2
Umu,lower,csv_8_digit_serialization,quantitatively dismissed by rounding bound,4.8,5.1,2,,,,,,4
Umu,lower,csv_8_digit_serialization,quantitatively dismissed by rounding bound,5.1,5.3999999999999995,1,,,,,,2
Umu,lower,csv_8_digit_serialization,quantitatively dismissed by rounding bound,5.3999999999999995,5.699999999999999,3,,,,,,6
Umu,lower,csv_8_digit_serialization,quantitatively dismissed by rounding bound,5.7,6.0,1,,,,,,2
Umu,lower,csv_8_digit_serialization,quantitatively dismissed by rounding bound,6.0,6.3,2,,,,,,4
Umu,lower,csv_8_digit_serialization,quantitatively dismissed by rounding bound,6.3,6.6,1,,,,,,2
Umu,lower,csv_8_digit_serialization,quantitatively dismissed by rounding bound,6.6,6.8999999999999995,2,,,,,,4
Umu,lower,csv_8_digit_serialization,quantitatively dismissed by rounding bound,6.8999999999999995,7.199999999999999,1,,,,,,2
Umu,lower,csv_8_digit_serialization,quantitatively dismissed by rounding bound,7.199999999999999,7.499999999999999,2,,,,,,4
Umu,lower,csv_8_digit_serialization,quantitatively dismissed by rounding bound,7.5,7.8,1,,,,,,2
Umu,lower,csv_8_digit_serialization,quantitatively dismissed by rounding bound,7.8,8.1,2,,,,,,4
Umu,lower,csv_8_digit_serialization,quantitatively dismissed by rounding bound,8.4,8.700000000000001,1,,,,,,2
Umu,lower,csv_8_digit_serialization,quantitatively dismissed by rounding bound,9.0,9.3,1,,,,,,2
Umu,lower,csv_8_digit_serialization,quantitatively dismissed by rounding bound,9.299999999999999,9.6,1,,,,,,2
Umu,lower,csv_8_digit_serialization,quantitatively dismissed by rounding bound,9.9,10.200000000000001,1,,,,,,2
Umu,lower,current_code_rerun_proxy,direct code calculation; finite-MC proxy,0.0,0.3,7,-0.019537940885594463,-0.019537940885594463,-0.023288079375516357,-0.006895358404956919,0.023288079375516357,0
Umu,lower,current_code_rerun_proxy,direct code calculation; finite-MC proxy,0.3,0.6,17,-2.21625960629781,-2.21625960629781,-3.8571299488056376,-0.009105964131073119,3.8571299488056376,0
Umu,lower,current_code_rerun_proxy,direct code calculation; finite-MC proxy,0.6,0.8999999999999999,12,-2.034726779427687,-2.034726779427687,-3.467557721032466,-1.6292949649336586,3.467557721032466,0
Umu,lower,current_code_rerun_proxy,direct code calculation; finite-MC proxy,0.8999999999999999,1.2,12,-1.6552711880216842,-1.6552711880216842,-2.3234908394493936,-0.9929634158710288,2.3234908394493936,0
Umu,lower,current_code_rerun_proxy,direct code calculation; finite-MC proxy,1.2,1.5,12,-1.587865153375223,-1.587865153375223,-1.942009044341797,-1.0578797699458797,1.942009044341797,0
Umu,lower,current_code_rerun_proxy,direct code calculation; finite-MC proxy,1.5,1.8,12,-2.2615572199558787,-2.2615572199558787,-3.9744200780285843,-1.5245260027911711,3.9744200780285843,0
Umu,lower,current_code_rerun_proxy,direct code calculation; finite-MC proxy,1.7999999999999998,2.0999999999999996,9,-10.590242591807385,-10.590242591807385,-14.291016414085632,-3.580648704206768,14.291016414085632,0
Umu,lower,current_code_rerun_proxy,direct code calculation; finite-MC proxy,2.1,2.4,1,-12.14513916706126,-12.14513916706126,-12.14513916706126,-12.14513916706126,12.14513916706126,0
Umu,lower,current_code_rerun_proxy,direct code calculation; finite-MC proxy,2.4,2.6999999999999997,2,-9.933326407964277,-9.933326407964277,-10.499032836168997,-9.367619979759557,10.499032836168997,0
Umu,lower,current_code_rerun_proxy,direct code calculation; finite-MC proxy,2.6999999999999997,2.9999999999999996,1,-10.152136118311805,-10.152136118311805,-10.152136118311805,-10.152136118311805,10.152136118311805,0
Umu,lower,current_code_rerun_proxy,direct code calculation; finite-MC proxy,3.0,3.3,2,-2.195518340590996,-2.195518340590996,-4.325025164488771,-0.0660115166932207,4.325025164488771,0
Umu,lower,current_code_rerun_proxy,direct code calculation; finite-MC proxy,3.3,3.5999999999999996,1,0.0,0.0,0.0,0.0,0.0,0
Umu,lower,current_code_rerun_proxy,direct code calculation; finite-MC proxy,3.5999999999999996,3.8999999999999995,2,0.0,0.0,0.0,0.0,0.0,0
Umu,lower,current_code_rerun_proxy,direct code calculation; finite-MC proxy,3.9,4.2,1,0.0,0.0,0.0,0.0,0.0,0
Umu,lower,current_code_rerun_proxy,direct code calculation; finite-MC proxy,4.2,4.5,2,,,,,,4
Umu,lower,current_code_rerun_proxy,direct code calculation; finite-MC proxy,4.5,4.8,1,,,,,,2
Umu,lower,current_code_rerun_proxy,direct code calculation; finite-MC proxy,4.8,5.1,2,,,,,,4
Umu,lower,current_code_rerun_proxy,direct code calculation; finite-MC proxy,5.1,5.3999999999999995,1,,,,,,2
Umu,lower,current_code_rerun_proxy,direct code calculation; finite-MC proxy,5.3999999999999995,5.699999999999999,3,,,,,,6
Umu,lower,current_code_rerun_proxy,direct code calculation; finite-MC proxy,5.7,6.0,1,,,,,,2
Umu,lower,current_code_rerun_proxy,direct code calculation; finite-MC proxy,6.0,6.3,2,,,,,,4
Umu,lower,current_code_rerun_proxy,direct code calculation; finite-MC proxy,6.3,6.6,1,,,,,,2
Umu,lower,current_code_rerun_proxy,direct code calculation; finite-MC proxy,6.6,6.8999999999999995,2,,,,,,4
Umu,lower,current_code_rerun_proxy,direct code calculation; finite-MC proxy,6.8999999999999995,7.199999999999999,1,,,,,,2
Umu,lower,current_code_rerun_proxy,direct code calculation; finite-MC proxy,7.199999999999999,7.499999999999999,2,,,,,,4
Umu,lower,current_code_rerun_proxy,direct code calculation; finite-MC proxy,7.5,7.8,1,,,,,,2
Umu,lower,current_code_rerun_proxy,direct code calculation; finite-MC proxy,7.8,8.1,2,,,,,,4
Umu,lower,current_code_rerun_proxy,direct code calculation; finite-MC proxy,8.4,8.700000000000001,1,,,,,,2
Umu,lower,current_code_rerun_proxy,direct code calculation; finite-MC proxy,9.0,9.3,1,,,,,,2
Umu,lower,current_code_rerun_proxy,direct code calculation; finite-MC proxy,9.299999999999999,9.6,1,,,,,,2
Umu,lower,current_code_rerun_proxy,direct code calculation; finite-MC proxy,9.9,10.200000000000001,1,,,,,,2
Umu,lower,detector_reconstruction_efficiency,unknowable; efficiency scenario,0.0,0.3,7,41.485442350897216,0.0,0.0,41.63054975571203,41.63054975571203,0
Umu,lower,detector_reconstruction_efficiency,unknowable; efficiency scenario,0.3,0.6,17,41.34891449985212,0.0,0.0,41.80828268246728,41.80828268246728,0
Umu,lower,detector_reconstruction_efficiency,unknowable; efficiency scenario,0.6,0.8999999999999999,12,41.3354165887268,0.0,0.0,41.84685971007831,41.84685971007831,0
Umu,lower,detector_reconstruction_efficiency,unknowable; efficiency scenario,0.8999999999999999,1.2,12,41.470386703774295,0.0,0.0,41.89981338534032,41.89981338534032,0
Umu,lower,detector_reconstruction_efficiency,unknowable; efficiency scenario,1.2,1.5,12,41.63321919439553,0.0,0.0,41.939563076308815,41.939563076308815,0
Umu,lower,detector_reconstruction_efficiency,unknowable; efficiency scenario,1.5,1.8,12,41.74406210757856,0.0,0.0,41.960106228941704,41.960106228941704,0
Umu,lower,detector_reconstruction_efficiency,unknowable; efficiency scenario,1.7999999999999998,2.0999999999999996,9,42.20713971898875,0.0,0.0,42.801452348306434,42.801452348306434,0
Umu,lower,detector_reconstruction_efficiency,unknowable; efficiency scenario,2.1,2.4,1,43.45943202645157,0.0,0.0,43.45943202645157,43.45943202645157,0
Umu,lower,detector_reconstruction_efficiency,unknowable; efficiency scenario,2.4,2.6999999999999997,2,45.81617146819585,0.0,0.0,47.27296026857783,47.27296026857783,0
Umu,lower,detector_reconstruction_efficiency,unknowable; efficiency scenario,2.6999999999999997,2.9999999999999996,1,53.5714165832736,0.0,0.0,53.5714165832736,53.5714165832736,0
Umu,lower,detector_reconstruction_efficiency,unknowable; efficiency scenario,3.0,3.3,2,81.78059994272718,0.0,0.0,93.7508836112652,93.7508836112652,0
Umu,lower,detector_reconstruction_efficiency,unknowable; efficiency scenario,3.3,3.5999999999999996,1,147.0837298377427,0.0,0.0,147.0837298377427,147.0837298377427,0
Umu,lower,detector_reconstruction_efficiency,unknowable; efficiency scenario,3.5999999999999996,3.8999999999999995,2,238.3643263340037,0.0,0.0,238.3643263340037,238.3643263340037,1
Umu,lower,detector_reconstruction_efficiency,unknowable; efficiency scenario,3.9,4.2,1,,0.0,0.0,0.0,0.0,1
Umu,lower,detector_reconstruction_efficiency,unknowable; efficiency scenario,4.2,4.5,2,,,,,,4
Umu,lower,detector_reconstruction_efficiency,unknowable; efficiency scenario,4.5,4.8,1,,,,,,2
Umu,lower,detector_reconstruction_efficiency,unknowable; efficiency scenario,4.8,5.1,2,,,,,,4
Umu,lower,detector_reconstruction_efficiency,unknowable; efficiency scenario,5.1,5.3999999999999995,1,,,,,,2
Umu,lower,detector_reconstruction_efficiency,unknowable; efficiency scenario,5.3999999999999995,5.699999999999999,3,,,,,,6
Umu,lower,detector_reconstruction_efficiency,unknowable; efficiency scenario,5.7,6.0,1,,,,,,2
Umu,lower,detector_reconstruction_efficiency,unknowable; efficiency scenario,6.0,6.3,2,,,,,,4
Umu,lower,detector_reconstruction_efficiency,unknowable; efficiency scenario,6.3,6.6,1,,,,,,2
Umu,lower,detector_reconstruction_efficiency,unknowable; efficiency scenario,6.6,6.8999999999999995,2,,,,,,4
Umu,lower,detector_reconstruction_efficiency,unknowable; efficiency scenario,6.8999999999999995,7.199999999999999,1,,,,,,2
Umu,lower,detector_reconstruction_efficiency,unknowable; efficiency scenario,7.199999999999999,7.499999999999999,2,,,,,,4
Umu,lower,detector_reconstruction_efficiency,unknowable; efficiency scenario,7.5,7.8,1,,,,,,2
Umu,lower,detector_reconstruction_efficiency,unknowable; efficiency scenario,7.8,8.1,2,,,,,,4
Umu,lower,detector_reconstruction_efficiency,unknowable; efficiency scenario,8.4,8.700000000000001,1,,,,,,2
Umu,lower,detector_reconstruction_efficiency,unknowable; efficiency scenario,9.0,9.3,1,,,,,,2
Umu,lower,detector_reconstruction_efficiency,unknowable; efficiency scenario,9.299999999999999,9.6,1,,,,,,2
Umu,lower,detector_reconstruction_efficiency,unknowable; efficiency scenario,9.9,10.200000000000001,1,,,,,,2
Umu,lower,exclusive_channel_closure_and_weak_cascades,proxy/reweight estimate,0.0,0.3,7,-0.021025803807817045,-0.0839800911904387,-0.10579250875204504,-0.016640991040151043,0.10579250875204504,0
Umu,lower,exclusive_channel_closure_and_weak_cascades,proxy/reweight estimate,0.3,0.6,17,-4.04584118638327,-14.005479472121895,-14.393542328325681,-0.0129167027336341,14.393542328325681,0
Umu,lower,exclusive_channel_closure_and_weak_cascades,proxy/reweight estimate,0.6,0.8999999999999999,12,-4.305286767579409,-14.37185074381615,-14.674074604630704,-3.946113224456582,14.674074604630704,0
Umu,lower,exclusive_channel_closure_and_weak_cascades,proxy/reweight estimate,0.8999999999999999,1.2,12,-4.309257980887588,-14.560938251997808,-14.769248950398472,-4.077822940770092,14.769248950398472,0
Umu,lower,exclusive_channel_closure_and_weak_cascades,proxy/reweight estimate,1.2,1.5,12,-4.245311964607434,-14.550885850035018,-14.906844495385252,-4.052558026069708,14.906844495385252,0
Umu,lower,exclusive_channel_closure_and_weak_cascades,proxy/reweight estimate,1.5,1.8,12,-4.1760775435377155,-14.328303074312382,-14.686938868170262,-3.890854140701372,14.686938868170262,0
Umu,lower,exclusive_channel_closure_and_weak_cascades,proxy/reweight estimate,1.7999999999999998,2.0999999999999996,9,-2.4565975558873965,-9.015166260294706,-13.551061994767878,-2.2061037753346446,13.551061994767878,0
Umu,lower,exclusive_channel_closure_and_weak_cascades,proxy/reweight estimate,2.1,2.4,1,-2.230994246034035,-8.993360175882648,-8.993360175882648,-2.230994246034035,8.993360175882648,0
Umu,lower,exclusive_channel_closure_and_weak_cascades,proxy/reweight estimate,2.4,2.6999999999999997,2,-2.6006151660602326,-9.105400862829638,-9.377064856180207,-2.4483100207872255,9.377064856180207,0
Umu,lower,exclusive_channel_closure_and_weak_cascades,proxy/reweight estimate,2.6999999999999997,2.9999999999999996,1,-2.5526931007263998,-9.07095724349336,-9.07095724349336,-2.5526931007263998,9.07095724349336,0
Umu,lower,exclusive_channel_closure_and_weak_cascades,proxy/reweight estimate,3.0,3.3,2,-2.394008784279694,-8.502300556143883,-8.734229056390008,-2.3026537911201794,8.734229056390008,0
Umu,lower,exclusive_channel_closure_and_weak_cascades,proxy/reweight estimate,3.3,3.5999999999999996,1,-2.2370948914220423,-8.46801230303933,-8.46801230303933,-2.2370948914220423,8.46801230303933,0
Umu,lower,exclusive_channel_closure_and_weak_cascades,proxy/reweight estimate,3.5999999999999996,3.8999999999999995,2,-2.50096419745946,-9.457381787134672,-9.478357424591433,-2.4618852400557834,9.478357424591433,0
Umu,lower,exclusive_channel_closure_and_weak_cascades,proxy/reweight estimate,3.9,4.2,1,-1.2084284639145682,-4.8976340111657635,-4.8976340111657635,-1.2084284639145682,4.8976340111657635,0
Umu,lower,exclusive_channel_closure_and_weak_cascades,proxy/reweight estimate,4.2,4.5,2,,,,,,4
Umu,lower,exclusive_channel_closure_and_weak_cascades,proxy/reweight estimate,4.5,4.8,1,,,,,,2
Umu,lower,exclusive_channel_closure_and_weak_cascades,proxy/reweight estimate,4.8,5.1,2,,,,,,4
Umu,lower,exclusive_channel_closure_and_weak_cascades,proxy/reweight estimate,5.1,5.3999999999999995,1,,,,,,2
Umu,lower,exclusive_channel_closure_and_weak_cascades,proxy/reweight estimate,5.3999999999999995,5.699999999999999,3,,,,,,6
Umu,lower,exclusive_channel_closure_and_weak_cascades,proxy/reweight estimate,5.7,6.0,1,,,,,,2
Umu,lower,exclusive_channel_closure_and_weak_cascades,proxy/reweight estimate,6.0,6.3,2,,,,,,4
Umu,lower,exclusive_channel_closure_and_weak_cascades,proxy/reweight estimate,6.3,6.6,1,,,,,,2
Umu,lower,exclusive_channel_closure_and_weak_cascades,proxy/reweight estimate,6.6,6.8999999999999995,2,,,,,,4
Umu,lower,exclusive_channel_closure_and_weak_cascades,proxy/reweight estimate,6.8999999999999995,7.199999999999999,1,,,,,,2
Umu,lower,exclusive_channel_closure_and_weak_cascades,proxy/reweight estimate,7.199999999999999,7.499999999999999,2,,,,,,4
Umu,lower,exclusive_channel_closure_and_weak_cascades,proxy/reweight estimate,7.5,7.8,1,,,,,,2
Umu,lower,exclusive_channel_closure_and_weak_cascades,proxy/reweight estimate,7.8,8.1,2,,,,,,4
Umu,lower,exclusive_channel_closure_and_weak_cascades,proxy/reweight estimate,8.4,8.700000000000001,1,,,,,,2
Umu,lower,exclusive_channel_closure_and_weak_cascades,proxy/reweight estimate,9.0,9.3,1,,,,,,2
Umu,lower,exclusive_channel_closure_and_weak_cascades,proxy/reweight estimate,9.299999999999999,9.6,1,,,,,,2
Umu,lower,exclusive_channel_closure_and_weak_cascades,proxy/reweight estimate,9.9,10.200000000000001,1,,,,,,2
Umu,lower,flat_ew_kfactor_and_wz_mixture,literature-informed range,0.0,0.3,7,3.4022519246335037e-06,-3.4022511918863074e-06,-4.272592224463523e-06,4.27259299051741e-06,4.27259299051741e-06,0
Umu,lower,flat_ew_kfactor_and_wz_mixture,literature-informed range,0.3,0.6,17,0.0004308563595900594,-0.0004308462208002517,-0.0005967110734750314,0.0005967277202367782,0.0005967277202367782,0
Umu,lower,flat_ew_kfactor_and_wz_mixture,literature-informed range,0.6,0.8999999999999999,12,0.000353052576040902,-0.00035304624894649805,-0.0004436386669137704,0.0004436479966507534,0.0004436479966507534,0
Umu,lower,flat_ew_kfactor_and_wz_mixture,literature-informed range,0.8999999999999999,1.2,12,0.00023827218729177702,-0.00023826949143157528,-0.00033322415768921587,0.00033322920962586267,0.00033322920962586267,0
Umu,lower,flat_ew_kfactor_and_wz_mixture,literature-informed range,1.2,1.5,12,0.00019255040604182483,-0.00019254848254712797,-0.00026527521860275627,0.000265278537403546,0.000265278537403546,0
Umu,lower,flat_ew_kfactor_and_wz_mixture,literature-informed range,1.5,1.8,12,0.0003669449411214387,-0.0003669377009352104,-0.0009619654333659078,0.0009620108469166055,0.0009620108469166055,0
Umu,lower,flat_ew_kfactor_and_wz_mixture,literature-informed range,1.7999999999999998,2.0999999999999996,9,0.003660604448207927,-0.003659940922606797,-0.0048469193445366265,0.00484810212366682,0.00484810212366682,0
Umu,lower,flat_ew_kfactor_and_wz_mixture,literature-informed range,2.1,2.4,1,0.008376688888178663,-0.008372968082048793,-0.008372968082048793,0.008376688888178663,0.008376688888178663,0
Umu,lower,flat_ew_kfactor_and_wz_mixture,literature-informed range,2.4,2.6999999999999997,2,0.027959277756961498,-0.02791097283931232,-0.038578776447317775,0.03866069202074218,0.03866069202074218,0
Umu,lower,flat_ew_kfactor_and_wz_mixture,literature-informed range,2.6999999999999997,2.9999999999999996,1,0.1426602032929214,-0.14169187417806262,-0.14169187417806262,0.1426602032929214,0.1426602032929214,0
Umu,lower,flat_ew_kfactor_and_wz_mixture,literature-informed range,3.0,3.3,2,0.8763612771881313,-0.8392534439264077,-1.1284682707349503,1.1886022103262173,1.1886022103262173,0
Umu,lower,flat_ew_kfactor_and_wz_mixture,literature-informed range,3.3,3.5999999999999996,1,2.175678448923235,-1.9734291675879256,-1.9734291675879256,2.175678448923235,2.175678448923235,0
Umu,lower,flat_ew_kfactor_and_wz_mixture,literature-informed range,3.5999999999999996,3.8999999999999995,2,10.232673502630407,-7.061436706875979,-9.40863119761859,14.611049496075035,14.611049496075035,0
Umu,lower,flat_ew_kfactor_and_wz_mixture,literature-informed range,3.9,4.2,1,37.6284490329641,-17.344031069148123,-17.344031069148123,37.6284490329641,37.6284490329641,0
Umu,lower,flat_ew_kfactor_and_wz_mixture,literature-informed range,4.2,4.5,2,,,,,,3
Umu,lower,flat_ew_kfactor_and_wz_mixture,literature-informed range,4.5,4.8,1,,,,,,2
Umu,lower,flat_ew_kfactor_and_wz_mixture,literature-informed range,4.8,5.1,2,,,,,,4
Umu,lower,flat_ew_kfactor_and_wz_mixture,literature-informed range,5.1,5.3999999999999995,1,,,,,,2
Umu,lower,flat_ew_kfactor_and_wz_mixture,literature-informed range,5.3999999999999995,5.699999999999999,3,,,,,,6
Umu,lower,flat_ew_kfactor_and_wz_mixture,literature-informed range,5.7,6.0,1,,,,,,2
Umu,lower,flat_ew_kfactor_and_wz_mixture,literature-informed range,6.0,6.3,2,,,,,,4
Umu,lower,flat_ew_kfactor_and_wz_mixture,literature-informed range,6.3,6.6,1,,,,,,2
Umu,lower,flat_ew_kfactor_and_wz_mixture,literature-informed range,6.6,6.8999999999999995,2,,,,,,4
Umu,lower,flat_ew_kfactor_and_wz_mixture,literature-informed range,6.8999999999999995,7.199999999999999,1,,,,,,2
Umu,lower,flat_ew_kfactor_and_wz_mixture,literature-informed range,7.199999999999999,7.499999999999999,2,,,,,,4
Umu,lower,flat_ew_kfactor_and_wz_mixture,literature-informed range,7.5,7.8,1,,,,,,2
Umu,lower,flat_ew_kfactor_and_wz_mixture,literature-informed range,7.8,8.1,2,,,,,,4
Umu,lower,flat_ew_kfactor_and_wz_mixture,literature-informed range,8.4,8.700000000000001,1,,,,,,2
Umu,lower,flat_ew_kfactor_and_wz_mixture,literature-informed range,9.0,9.3,1,,,,,,2
Umu,lower,flat_ew_kfactor_and_wz_mixture,literature-informed range,9.299999999999999,9.6,1,,,,,,2
Umu,lower,flat_ew_kfactor_and_wz_mixture,literature-informed range,9.9,10.200000000000001,1,,,,,,2
Umu,lower,fonll_bottom_scale_pdf,literature-informed range,0.0,0.3,7,0.018886855913291534,-0.018870288886974063,-0.02207934003271017,0.022103616683066818,0.022103616683066818,0
Umu,lower,fonll_bottom_scale_pdf,literature-informed range,0.3,0.6,17,3.151979025778684,-2.819496233991714,-3.3107993511373612,3.7966832793190575,3.7966832793190575,0
Umu,lower,fonll_bottom_scale_pdf,literature-informed range,0.6,0.8999999999999999,12,2.7277805723009307,-2.505738267880109,-2.9323904290610714,3.3271765137295573,3.3271765137295573,0
Umu,lower,fonll_bottom_scale_pdf,literature-informed range,0.8999999999999999,1.2,12,2.358708631600881,-2.162326285480165,-2.638951563690417,2.601949859388819,2.638951563690417,0
Umu,lower,fonll_bottom_scale_pdf,literature-informed range,1.2,1.5,12,2.0554311828767657,-1.9501015925548149,-2.2718398014792363,2.5609953912953065,2.5609953912953065,0
Umu,lower,fonll_bottom_scale_pdf,literature-informed range,1.5,1.8,12,2.7848475925554617,-2.629348806003562,-4.479872730357903,5.709931478120378,5.709931478120378,0
Umu,lower,fonll_bottom_scale_pdf,literature-informed range,1.7999999999999998,2.0999999999999996,9,19.444307843496734,-12.3645964371347,-12.432245412678078,20.15542904300782,20.15542904300782,0
Umu,lower,fonll_bottom_scale_pdf,literature-informed range,2.1,2.4,1,19.815776202549596,-12.465494252267328,-12.465494252267328,19.815776202549596,19.815776202549596,0
Umu,lower,fonll_bottom_scale_pdf,literature-informed range,2.4,2.6999999999999997,2,20.43188805125644,-12.807289465849658,-12.979020029728638,20.62814026906907,20.62814026906907,0
Umu,lower,fonll_bottom_scale_pdf,literature-informed range,2.6999999999999997,2.9999999999999996,1,20.79031728060803,-12.999537396683891,-12.999537396683891,20.79031728060803,20.79031728060803,0
Umu,lower,fonll_bottom_scale_pdf,literature-informed range,3.0,3.3,2,17.92009748406639,-12.205261898360448,-12.507283021233784,18.74830059808259,18.74830059808259,0
Umu,lower,fonll_bottom_scale_pdf,literature-informed range,3.3,3.5999999999999996,1,16.730463251204686,-12.065164392868045,-12.065164392868045,16.730463251204686,16.730463251204686,0
Umu,lower,fonll_bottom_scale_pdf,literature-informed range,3.5999999999999996,3.8999999999999995,2,16.856837398213543,-13.680297571148026,-13.8196685276754,17.942047261946946,17.942047261946946,0
Umu,lower,fonll_bottom_scale_pdf,literature-informed range,3.9,4.2,1,7.0820385867433,-7.410760453322296,-7.410760453322296,7.0820385867433,7.410760453322296,0
Umu,lower,fonll_bottom_scale_pdf,literature-informed range,4.2,4.5,2,,,,,,4
Umu,lower,fonll_bottom_scale_pdf,literature-informed range,4.5,4.8,1,,,,,,2
Umu,lower,fonll_bottom_scale_pdf,literature-informed range,4.8,5.1,2,,,,,,4
Umu,lower,fonll_bottom_scale_pdf,literature-informed range,5.1,5.3999999999999995,1,,,,,,2
Umu,lower,fonll_bottom_scale_pdf,literature-informed range,5.3999999999999995,5.699999999999999,3,,,,,,6
Umu,lower,fonll_bottom_scale_pdf,literature-informed range,5.7,6.0,1,,,,,,2
Umu,lower,fonll_bottom_scale_pdf,literature-informed range,6.0,6.3,2,,,,,,4
Umu,lower,fonll_bottom_scale_pdf,literature-informed range,6.3,6.6,1,,,,,,2
Umu,lower,fonll_bottom_scale_pdf,literature-informed range,6.6,6.8999999999999995,2,,,,,,4
Umu,lower,fonll_bottom_scale_pdf,literature-informed range,6.8999999999999995,7.199999999999999,1,,,,,,2
Umu,lower,fonll_bottom_scale_pdf,literature-informed range,7.199999999999999,7.499999999999999,2,,,,,,4
Umu,lower,fonll_bottom_scale_pdf,literature-informed range,7.5,7.8,1,,,,,,2
Umu,lower,fonll_bottom_scale_pdf,literature-informed range,7.8,8.1,2,,,,,,4
Umu,lower,fonll_bottom_scale_pdf,literature-informed range,8.4,8.700000000000001,1,,,,,,2
Umu,lower,fonll_bottom_scale_pdf,literature-informed range,9.0,9.3,1,,,,,,2
Umu,lower,fonll_bottom_scale_pdf,literature-informed range,9.299999999999999,9.6,1,,,,,,2
Umu,lower,fonll_bottom_scale_pdf,literature-informed range,9.9,10.200000000000001,1,,,,,,2
Umu,lower,fonll_charm_scale_pdf,literature-informed range,0.0,0.3,7,0.0721805358755434,-0.08988637631744956,-0.1146864379665602,0.09222266652917366,0.1146864379665602,0
Umu,lower,fonll_charm_scale_pdf,literature-informed range,0.3,0.6,17,20.649731150150984,-15.115402971006997,-15.775576990483774,21.77357621645928,21.77357621645928,0
Umu,lower,fonll_charm_scale_pdf,literature-informed range,0.6,0.8999999999999999,12,22.16404689948126,-15.834305849696921,-16.356443019643773,23.67847717460412,23.67847717460412,0
Umu,lower,fonll_charm_scale_pdf,literature-informed range,0.8999999999999999,1.2,12,23.1778324181429,-16.24412889288716,-16.539440161548768,24.32156925030773,24.32156925030773,0
Umu,lower,fonll_charm_scale_pdf,literature-informed range,1.2,1.5,12,23.57586889661958,-16.334500079906217,-16.75489548120188,24.576199825902535,24.576199825902535,0
Umu,lower,fonll_charm_scale_pdf,literature-informed range,1.5,1.8,12,21.462555877086242,-15.75762099091561,-16.3230134102907,23.382054583338572,23.382054583338572,0
Umu,lower,fonll_charm_scale_pdf,literature-informed range,1.7999999999999998,2.0999999999999996,9,0.0,0.0,-13.588066559828405,17.322965088553445,17.322965088553445,0
Umu,lower,fonll_charm_scale_pdf,literature-informed range,2.1,2.4,1,0.0,0.0,0.0,0.0,0.0,0
Umu,lower,fonll_charm_scale_pdf,literature-informed range,2.4,2.6999999999999997,2,0.0,0.0,0.0,0.0,0.0,0
Umu,lower,fonll_charm_scale_pdf,literature-informed range,2.6999999999999997,2.9999999999999996,1,0.0,0.0,0.0,0.0,0.0,0
Umu,lower,fonll_charm_scale_pdf,literature-informed range,3.0,3.3,2,0.0,0.0,0.0,0.0,0.0,0
Umu,lower,fonll_charm_scale_pdf,literature-informed range,3.3,3.5999999999999996,1,0.0,0.0,0.0,0.0,0.0,0
Umu,lower,fonll_charm_scale_pdf,literature-informed range,3.5999999999999996,3.8999999999999995,2,0.0,0.0,0.0,0.0,0.0,0
Umu,lower,fonll_charm_scale_pdf,literature-informed range,3.9,4.2,1,0.0,0.0,0.0,0.0,0.0,0
Umu,lower,fonll_charm_scale_pdf,literature-informed range,4.2,4.5,2,,,,,,4
Umu,lower,fonll_charm_scale_pdf,literature-informed range,4.5,4.8,1,,,,,,2
Umu,lower,fonll_charm_scale_pdf,literature-informed range,4.8,5.1,2,,,,,,4
Umu,lower,fonll_charm_scale_pdf,literature-informed range,5.1,5.3999999999999995,1,,,,,,2
Umu,lower,fonll_charm_scale_pdf,literature-informed range,5.3999999999999995,5.699999999999999,3,,,,,,6
Umu,lower,fonll_charm_scale_pdf,literature-informed range,5.7,6.0,1,,,,,,2
Umu,lower,fonll_charm_scale_pdf,literature-informed range,6.0,6.3,2,,,,,,4
Umu,lower,fonll_charm_scale_pdf,literature-informed range,6.3,6.6,1,,,,,,2
Umu,lower,fonll_charm_scale_pdf,literature-informed range,6.6,6.8999999999999995,2,,,,,,4
Umu,lower,fonll_charm_scale_pdf,literature-informed range,6.8999999999999995,7.199999999999999,1,,,,,,2
Umu,lower,fonll_charm_scale_pdf,literature-informed range,7.199999999999999,7.499999999999999,2,,,,,,4
Umu,lower,fonll_charm_scale_pdf,literature-informed range,7.5,7.8,1,,,,,,2
Umu,lower,fonll_charm_scale_pdf,literature-informed range,7.8,8.1,2,,,,,,4
Umu,lower,fonll_charm_scale_pdf,literature-informed range,8.4,8.700000000000001,1,,,,,,2
Umu,lower,fonll_charm_scale_pdf,literature-informed range,9.0,9.3,1,,,,,,2
Umu,lower,fonll_charm_scale_pdf,literature-informed range,9.299999999999999,9.6,1,,,,,,2
Umu,lower,fonll_charm_scale_pdf,literature-informed range,9.9,10.200000000000001,1,,,,,,2
Umu,lower,fragmentation_fraction_extrapolation,literature-informed range,0.0,0.3,7,0.03625343869331221,-0.036192446612215434,-0.04518113439229143,0.04528290694880699,0.04528290694880699,0
Umu,lower,fragmentation_fraction_extrapolation,literature-informed range,0.3,0.6,17,8.233526036558514,-6.5986192084177775,-6.993381546914845,8.816330408933638,8.816330408933638,0
Umu,lower,fragmentation_fraction_extrapolation,literature-informed range,0.6,0.8999999999999999,12,8.392943172672851,-6.705202130584725,-7.04982943523177,8.81357724111509,8.81357724111509,0
Umu,lower,fragmentation_fraction_extrapolation,literature-informed range,0.8999999999999999,1.2,12,8.521774913338188,-6.6357893383166715,-7.077130428907886,8.76789577695629,8.76789577695629,0
Umu,lower,fragmentation_fraction_extrapolation,literature-informed range,1.2,1.5,12,8.588537513753902,-6.763793219291125,-7.0301550165444375,8.865177078986441,8.865177078986441,0
Umu,lower,fragmentation_fraction_extrapolation,literature-informed range,1.5,1.8,12,8.53640373750635,-6.72373656556945,-7.117706933005374,8.805905127030012,8.805905127030012,0
Umu,lower,fragmentation_fraction_extrapolation,literature-informed range,1.7999999999999998,2.0999999999999996,9,8.495088885648805,-6.714318617629611,-7.120068492409038,8.83527487179836,8.83527487179836,0
Umu,lower,fragmentation_fraction_extrapolation,literature-informed range,2.1,2.4,1,8.700581970677668,-6.97232476442945,-6.97232476442945,8.700581970677668,8.700581970677668,0
Umu,lower,fragmentation_fraction_extrapolation,literature-informed range,2.4,2.6999999999999997,2,8.739243205440516,-7.0097239633843955,-7.403264002027122,8.880639846068972,8.880639846068972,0
Umu,lower,fragmentation_fraction_extrapolation,literature-informed range,2.6999999999999997,2.9999999999999996,1,8.981637374153028,-6.899895449545501,-6.899895449545501,8.981637374153028,8.981637374153028,0
Umu,lower,fragmentation_fraction_extrapolation,literature-informed range,3.0,3.3,2,7.936328348796007,-6.624627898149288,-6.827531734421433,8.223081113309405,8.223081113309405,0
Umu,lower,fragmentation_fraction_extrapolation,literature-informed range,3.3,3.5999999999999996,1,7.6658082730033605,-6.499706969003094,-6.499706969003094,7.6658082730033605,7.6658082730033605,0
Umu,lower,fragmentation_fraction_extrapolation,literature-informed range,3.5999999999999996,3.8999999999999995,2,8.031527175323138,-7.227167413070285,-7.250131542692162,8.349542087301764,8.349542087301764,0
Umu,lower,fragmentation_fraction_extrapolation,literature-informed range,3.9,4.2,1,3.5737054617782427,-3.657202500636547,-3.657202500636547,3.5737054617782427,3.657202500636547,0
Umu,lower,fragmentation_fraction_extrapolation,literature-informed range,4.2,4.5,2,,,,,,4
Umu,lower,fragmentation_fraction_extrapolation,literature-informed range,4.5,4.8,1,,,,,,2
Umu,lower,fragmentation_fraction_extrapolation,literature-informed range,4.8,5.1,2,,,,,,4
Umu,lower,fragmentation_fraction_extrapolation,literature-informed range,5.1,5.3999999999999995,1,,,,,,2
Umu,lower,fragmentation_fraction_extrapolation,literature-informed range,5.3999999999999995,5.699999999999999,3,,,,,,6
Umu,lower,fragmentation_fraction_extrapolation,literature-informed range,5.7,6.0,1,,,,,,2
Umu,lower,fragmentation_fraction_extrapolation,literature-informed range,6.0,6.3,2,,,,,,4
Umu,lower,fragmentation_fraction_extrapolation,literature-informed range,6.3,6.6,1,,,,,,2
Umu,lower,fragmentation_fraction_extrapolation,literature-informed range,6.6,6.8999999999999995,2,,,,,,4
Umu,lower,fragmentation_fraction_extrapolation,literature-informed range,6.8999999999999995,7.199999999999999,1,,,,,,2
Umu,lower,fragmentation_fraction_extrapolation,literature-informed range,7.199999999999999,7.499999999999999,2,,,,,,4
Umu,lower,fragmentation_fraction_extrapolation,literature-informed range,7.5,7.8,1,,,,,,2
Umu,lower,fragmentation_fraction_extrapolation,literature-informed range,7.8,8.1,2,,,,,,4
Umu,lower,fragmentation_fraction_extrapolation,literature-informed range,8.4,8.700000000000001,1,,,,,,2
Umu,lower,fragmentation_fraction_extrapolation,literature-informed range,9.0,9.3,1,,,,,,2
Umu,lower,fragmentation_fraction_extrapolation,literature-informed range,9.299999999999999,9.6,1,,,,,,2
Umu,lower,fragmentation_fraction_extrapolation,literature-informed range,9.9,10.200000000000001,1,,,,,,2
Umu,lower,higgs_mediated_production,quantitatively dismissed; WZ-shape upper-bound proxy,0.0,0.3,7,0.0,-2.7211566333562587e-11,-3.661515535213766e-11,0.0,3.661515535213766e-11,0
Umu,lower,higgs_mediated_production,quantitatively dismissed; WZ-shape upper-bound proxy,0.3,0.6,17,0.0,-1.6236512134781833e-08,-2.2791890597062547e-08,0.0,2.2791890597062547e-08,0
Umu,lower,higgs_mediated_production,quantitatively dismissed; WZ-shape upper-bound proxy,0.6,0.8999999999999999,12,0.0,-3.6379060874836e-08,-4.789822982687042e-08,0.0,4.789822982687042e-08,0
Umu,lower,higgs_mediated_production,quantitatively dismissed; WZ-shape upper-bound proxy,0.8999999999999999,1.2,12,0.0,-5.844576489444364e-08,-7.460139173076641e-08,0.0,7.460139173076641e-08,0
Umu,lower,higgs_mediated_production,quantitatively dismissed; WZ-shape upper-bound proxy,1.2,1.5,12,0.0,-7.965484938310397e-08,-1.382933656479679e-07,0.0,1.382933656479679e-07,0
Umu,lower,higgs_mediated_production,quantitatively dismissed; WZ-shape upper-bound proxy,1.5,1.8,12,0.0,-2.3416344974158676e-07,-7.274707169990791e-07,0.0,7.274707169990791e-07,0
Umu,lower,higgs_mediated_production,quantitatively dismissed; WZ-shape upper-bound proxy,1.7999999999999998,2.0999999999999996,9,0.0,-3.088727407174474e-06,-4.538729880820824e-06,0.0,4.538729880820824e-06,0
Umu,lower,higgs_mediated_production,quantitatively dismissed; WZ-shape upper-bound proxy,2.1,2.4,1,0.0,-9.730559691334406e-06,-9.730559691334406e-06,0.0,9.730559691334406e-06,0
Umu,lower,higgs_mediated_production,quantitatively dismissed; WZ-shape upper-bound proxy,2.4,2.6999999999999997,2,0.0,-4.326954886613166e-05,-6.268414178833837e-05,0.0,6.268414178833837e-05,0
Umu,lower,higgs_mediated_production,quantitatively dismissed; WZ-shape upper-bound proxy,2.6999999999999997,2.9999999999999996,1,0.0,-0.00026765794547412014,-0.00026765794547412014,0.0,0.00026765794547412014,0
Umu,lower,higgs_mediated_production,quantitatively dismissed; WZ-shape upper-bound proxy,3.0,3.3,2,0.0,-0.002025649720255318,-0.002847440930042744,0.0,0.002847440930042744,0
Umu,lower,higgs_mediated_production,quantitatively dismissed; WZ-shape upper-bound proxy,3.3,3.5999999999999996,1,0.0,-0.005746769402870111,-0.005746769402870111,0.0,0.005746769402870111,0
Umu,lower,higgs_mediated_production,quantitatively dismissed; WZ-shape upper-bound proxy,3.5999999999999996,3.8999999999999995,2,0.0,-0.027859238504979178,-0.03947675038412646,0.0,0.03947675038412646,0
Umu,lower,higgs_mediated_production,quantitatively dismissed; WZ-shape upper-bound proxy,3.9,4.2,1,0.0,-0.08870058362462352,-0.08870058362462352,0.0,0.08870058362462352,0
Umu,lower,higgs_mediated_production,quantitatively dismissed; WZ-shape upper-bound proxy,4.2,4.5,2,,,,,,4
Umu,lower,higgs_mediated_production,quantitatively dismissed; WZ-shape upper-bound proxy,4.5,4.8,1,,,,,,2
Umu,lower,higgs_mediated_production,quantitatively dismissed; WZ-shape upper-bound proxy,4.8,5.1,2,,,,,,4
Umu,lower,higgs_mediated_production,quantitatively dismissed; WZ-shape upper-bound proxy,5.1,5.3999999999999995,1,,,,,,2
Umu,lower,higgs_mediated_production,quantitatively dismissed; WZ-shape upper-bound proxy,5.3999999999999995,5.699999999999999,3,,,,,,6
Umu,lower,higgs_mediated_production,quantitatively dismissed; WZ-shape upper-bound proxy,5.7,6.0,1,,,,,,2
Umu,lower,higgs_mediated_production,quantitatively dismissed; WZ-shape upper-bound proxy,6.0,6.3,2,,,,,,4
Umu,lower,higgs_mediated_production,quantitatively dismissed; WZ-shape upper-bound proxy,6.3,6.6,1,,,,,,2
Umu,lower,higgs_mediated_production,quantitatively dismissed; WZ-shape upper-bound proxy,6.6,6.8999999999999995,2,,,,,,4
Umu,lower,higgs_mediated_production,quantitatively dismissed; WZ-shape upper-bound proxy,6.8999999999999995,7.199999999999999,1,,,,,,2
Umu,lower,higgs_mediated_production,quantitatively dismissed; WZ-shape upper-bound proxy,7.199999999999999,7.499999999999999,2,,,,,,4
Umu,lower,higgs_mediated_production,quantitatively dismissed; WZ-shape upper-bound proxy,7.5,7.8,1,,,,,,2
Umu,lower,higgs_mediated_production,quantitatively dismissed; WZ-shape upper-bound proxy,7.8,8.1,2,,,,,,4
Umu,lower,higgs_mediated_production,quantitatively dismissed; WZ-shape upper-bound proxy,8.4,8.700000000000001,1,,,,,,2
Umu,lower,higgs_mediated_production,quantitatively dismissed; WZ-shape upper-bound proxy,9.0,9.3,1,,,,,,2
Umu,lower,higgs_mediated_production,quantitatively dismissed; WZ-shape upper-bound proxy,9.299999999999999,9.6,1,,,,,,2
Umu,lower,higgs_mediated_production,quantitatively dismissed; WZ-shape upper-bound proxy,9.9,10.200000000000001,1,,,,,,2
Umu,lower,hnl_lifetime_width,physics-scaling proxy,0.0,0.3,7,-10.557280900008415,9.544511501033215,-10.557280900008415,9.544511501033215,10.557280900008415,0
Umu,lower,hnl_lifetime_width,physics-scaling proxy,0.3,0.6,17,-10.557280900008415,9.544511501033215,-10.557280900008415,9.544511501033215,10.557280900008415,0
Umu,lower,hnl_lifetime_width,physics-scaling proxy,0.6,0.8999999999999999,12,-10.557280900008415,9.544511501033215,-10.557280900008415,9.544511501033215,10.557280900008415,0
Umu,lower,hnl_lifetime_width,physics-scaling proxy,0.8999999999999999,1.2,12,-10.557280900008415,9.544511501033215,-10.557280900008415,9.544511501033215,10.557280900008415,0
Umu,lower,hnl_lifetime_width,physics-scaling proxy,1.2,1.5,12,-10.557280900008415,9.544511501033215,-10.557280900008415,9.544511501033215,10.557280900008415,0
Umu,lower,hnl_lifetime_width,physics-scaling proxy,1.5,1.8,12,-10.557280900008415,9.544511501033215,-10.557280900008415,9.544511501033215,10.557280900008415,0
Umu,lower,hnl_lifetime_width,physics-scaling proxy,1.7999999999999998,2.0999999999999996,9,-10.557280900008415,9.544511501033215,-10.557280900008415,9.544511501033215,10.557280900008415,0
Umu,lower,hnl_lifetime_width,physics-scaling proxy,2.1,2.4,1,-10.557280900008415,9.544511501033215,-10.557280900008415,9.544511501033215,10.557280900008415,0
Umu,lower,hnl_lifetime_width,physics-scaling proxy,2.4,2.6999999999999997,2,-10.557280900008415,9.544511501033215,-10.557280900008415,9.544511501033215,10.557280900008415,0
Umu,lower,hnl_lifetime_width,physics-scaling proxy,2.6999999999999997,2.9999999999999996,1,-10.557280900008415,9.544511501033215,-10.557280900008415,9.544511501033215,10.557280900008415,0
Umu,lower,hnl_lifetime_width,physics-scaling proxy,3.0,3.3,2,-10.557280900008415,9.544511501033215,-10.557280900008415,9.544511501033215,10.557280900008415,0
Umu,lower,hnl_lifetime_width,physics-scaling proxy,3.3,3.5999999999999996,1,-10.557280900008415,9.544511501033215,-10.557280900008415,9.544511501033215,10.557280900008415,0
Umu,lower,hnl_lifetime_width,physics-scaling proxy,3.5999999999999996,3.8999999999999995,2,-10.557280900008415,9.544511501033215,-10.557280900008415,9.544511501033215,10.557280900008415,0
Umu,lower,hnl_lifetime_width,physics-scaling proxy,3.9,4.2,1,-10.557280900008415,9.544511501033215,-10.557280900008415,9.544511501033215,10.557280900008415,0
Umu,lower,hnlcalc_hadron_parton_matching,proxy/reweight estimate; overlaps other rows,0.0,0.3,7,0.0,0.0,0.0,0.0,0.0,0
Umu,lower,hnlcalc_hadron_parton_matching,proxy/reweight estimate; overlaps other rows,0.3,0.6,17,0.0,0.0,0.0,0.0,0.0,0
Umu,lower,hnlcalc_hadron_parton_matching,proxy/reweight estimate; overlaps other rows,0.6,0.8999999999999999,12,0.0,0.0,-12.329364031470247,19.822180606991722,19.822180606991722,0
Umu,lower,hnlcalc_hadron_parton_matching,proxy/reweight estimate; overlaps other rows,0.8999999999999999,1.2,12,19.74763129610101,-12.299774551294838,-12.34143351186514,19.970245919893404,19.970245919893404,0
Umu,lower,hnlcalc_hadron_parton_matching,proxy/reweight estimate; overlaps other rows,1.2,1.5,12,19.564594822066827,-12.302147112772316,-12.354658158973342,19.997105426554175,19.997105426554175,0
Umu,lower,hnlcalc_hadron_parton_matching,proxy/reweight estimate; overlaps other rows,1.5,1.8,12,19.668896529601255,-12.32943225475931,-12.36654188188373,20.10415734467106,20.10415734467106,0
Umu,lower,hnlcalc_hadron_parton_matching,proxy/reweight estimate; overlaps other rows,1.7999999999999998,2.0999999999999996,9,19.821174101144745,-12.425092947768334,-12.490268497671032,20.282327855710804,20.282327855710804,0
Umu,lower,hnlcalc_hadron_parton_matching,proxy/reweight estimate; overlaps other rows,2.1,2.4,1,0.0,0.0,0.0,0.0,0.0,0
Umu,lower,hnlcalc_hadron_parton_matching,proxy/reweight estimate; overlaps other rows,2.4,2.6999999999999997,2,0.0,0.0,0.0,0.0,0.0,0
Umu,lower,hnlcalc_hadron_parton_matching,proxy/reweight estimate; overlaps other rows,2.6999999999999997,2.9999999999999996,1,0.0,0.0,0.0,0.0,0.0,0
Umu,lower,hnlcalc_hadron_parton_matching,proxy/reweight estimate; overlaps other rows,3.0,3.3,2,0.0,0.0,0.0,0.0,0.0,0
Umu,lower,hnlcalc_hadron_parton_matching,proxy/reweight estimate; overlaps other rows,3.3,3.5999999999999996,1,0.0,0.0,0.0,0.0,0.0,0
Umu,lower,hnlcalc_hadron_parton_matching,proxy/reweight estimate; overlaps other rows,3.5999999999999996,3.8999999999999995,2,0.0,0.0,0.0,0.0,0.0,0
Umu,lower,hnlcalc_hadron_parton_matching,proxy/reweight estimate; overlaps other rows,3.9,4.2,1,0.0,0.0,0.0,0.0,0.0,0
Umu,lower,hnlcalc_hadron_parton_matching,proxy/reweight estimate; overlaps other rows,4.2,4.5,2,,,,,,4
Umu,lower,hnlcalc_hadron_parton_matching,proxy/reweight estimate; overlaps other rows,4.5,4.8,1,,,,,,2
Umu,lower,hnlcalc_hadron_parton_matching,proxy/reweight estimate; overlaps other rows,4.8,5.1,2,,,,,,4
Umu,lower,hnlcalc_hadron_parton_matching,proxy/reweight estimate; overlaps other rows,5.1,5.3999999999999995,1,,,,,,2
Umu,lower,hnlcalc_hadron_parton_matching,proxy/reweight estimate; overlaps other rows,5.3999999999999995,5.699999999999999,3,,,,,,6
Umu,lower,hnlcalc_hadron_parton_matching,proxy/reweight estimate; overlaps other rows,5.7,6.0,1,,,,,,2
Umu,lower,hnlcalc_hadron_parton_matching,proxy/reweight estimate; overlaps other rows,6.0,6.3,2,,,,,,4
Umu,lower,hnlcalc_hadron_parton_matching,proxy/reweight estimate; overlaps other rows,6.3,6.6,1,,,,,,2
Umu,lower,hnlcalc_hadron_parton_matching,proxy/reweight estimate; overlaps other rows,6.6,6.8999999999999995,2,,,,,,4
Umu,lower,hnlcalc_hadron_parton_matching,proxy/reweight estimate; overlaps other rows,6.8999999999999995,7.199999999999999,1,,,,,,2
Umu,lower,hnlcalc_hadron_parton_matching,proxy/reweight estimate; overlaps other rows,7.199999999999999,7.499999999999999,2,,,,,,4
Umu,lower,hnlcalc_hadron_parton_matching,proxy/reweight estimate; overlaps other rows,7.5,7.8,1,,,,,,2
Umu,lower,hnlcalc_hadron_parton_matching,proxy/reweight estimate; overlaps other rows,7.8,8.1,2,,,,,,4
Umu,lower,hnlcalc_hadron_parton_matching,proxy/reweight estimate; overlaps other rows,8.4,8.700000000000001,1,,,,,,2
Umu,lower,hnlcalc_hadron_parton_matching,proxy/reweight estimate; overlaps other rows,9.0,9.3,1,,,,,,2
Umu,lower,hnlcalc_hadron_parton_matching,proxy/reweight estimate; overlaps other rows,9.299999999999999,9.6,1,,,,,,2
Umu,lower,hnlcalc_hadron_parton_matching,proxy/reweight estimate; overlaps other rows,9.9,10.200000000000001,1,,,,,,2
Umu,lower,induced_tau_branching_inputs,literature-informed range,0.0,0.3,7,0.00022438688660475492,-0.00022438441323879843,-0.00031812704722744556,0.00031813208158926187,0.00031813208158926187,0
Umu,lower,induced_tau_branching_inputs,literature-informed range,0.3,0.6,17,0.02987951205999373,-0.029836419674300618,-0.04876369975005401,0.04888101300510872,0.04888101300510872,0
Umu,lower,induced_tau_branching_inputs,literature-informed range,0.6,0.8999999999999999,12,0.02208734642036303,-0.022063079297601762,-0.030228225807948927,0.03027870727232429,0.03027870727232429,0
Umu,lower,induced_tau_branching_inputs,literature-informed range,0.8999999999999999,1.2,12,0.007712214427268993,-0.007709348704149077,-0.013890339950939357,0.013900068328887016,0.013900068328887016,0
Umu,lower,induced_tau_branching_inputs,literature-informed range,1.2,1.5,12,0.0008726654463053762,-0.0008726276170711866,-0.003130319430555417,0.003130808695206433,0.003130808695206433,0
Umu,lower,induced_tau_branching_inputs,literature-informed range,1.5,1.8,12,4.14974787865674e-07,-4.149749877058184e-07,-9.837914534127634e-05,9.83796116793556e-05,9.83796116793556e-05,0
Umu,lower,induced_tau_branching_inputs,literature-informed range,1.7999999999999998,2.0999999999999996,9,0.0,0.0,0.0,0.0,0.0,0
Umu,lower,induced_tau_branching_inputs,literature-informed range,2.1,2.4,1,0.0,0.0,0.0,0.0,0.0,0
Umu,lower,induced_tau_branching_inputs,literature-informed range,2.4,2.6999999999999997,2,0.0,0.0,0.0,0.0,0.0,0
Umu,lower,induced_tau_branching_inputs,literature-informed range,2.6999999999999997,2.9999999999999996,1,0.0,0.0,0.0,0.0,0.0,0
Umu,lower,induced_tau_branching_inputs,literature-informed range,3.0,3.3,2,0.0,0.0,0.0,0.0,0.0,0
Umu,lower,induced_tau_branching_inputs,literature-informed range,3.3,3.5999999999999996,1,0.0,0.0,0.0,0.0,0.0,0
Umu,lower,induced_tau_branching_inputs,literature-informed range,3.5999999999999996,3.8999999999999995,2,0.0,0.0,0.0,0.0,0.0,0
Umu,lower,induced_tau_branching_inputs,literature-informed range,3.9,4.2,1,0.0,0.0,0.0,0.0,0.0,0
Umu,lower,induced_tau_branching_inputs,literature-informed range,4.2,4.5,2,,,,,,4
Umu,lower,induced_tau_branching_inputs,literature-informed range,4.5,4.8,1,,,,,,2
Umu,lower,induced_tau_branching_inputs,literature-informed range,4.8,5.1,2,,,,,,4
Umu,lower,induced_tau_branching_inputs,literature-informed range,5.1,5.3999999999999995,1,,,,,,2
Umu,lower,induced_tau_branching_inputs,literature-informed range,5.3999999999999995,5.699999999999999,3,,,,,,6
Umu,lower,induced_tau_branching_inputs,literature-informed range,5.7,6.0,1,,,,,,2
Umu,lower,induced_tau_branching_inputs,literature-informed range,6.0,6.3,2,,,,,,4
Umu,lower,induced_tau_branching_inputs,literature-informed range,6.3,6.6,1,,,,,,2
Umu,lower,induced_tau_branching_inputs,literature-informed range,6.6,6.8999999999999995,2,,,,,,4
Umu,lower,induced_tau_branching_inputs,literature-informed range,6.8999999999999995,7.199999999999999,1,,,,,,2
Umu,lower,induced_tau_branching_inputs,literature-informed range,7.199999999999999,7.499999999999999,2,,,,,,4
Umu,lower,induced_tau_branching_inputs,literature-informed range,7.5,7.8,1,,,,,,2
Umu,lower,induced_tau_branching_inputs,literature-informed range,7.8,8.1,2,,,,,,4
Umu,lower,induced_tau_branching_inputs,literature-informed range,8.4,8.700000000000001,1,,,,,,2
Umu,lower,induced_tau_branching_inputs,literature-informed range,9.0,9.3,1,,,,,,2
Umu,lower,induced_tau_branching_inputs,literature-informed range,9.299999999999999,9.6,1,,,,,,2
Umu,lower,induced_tau_branching_inputs,literature-informed range,9.9,10.200000000000001,1,,,,,,2
Umu,lower,integrated_luminosity,"direct normalization, assumed 1.5%",0.0,0.3,7,0.769273047014174,-0.7409206537776436,-0.8068472503191648,0.8382876976348097,0.8382876976348097,0
Umu,lower,integrated_luminosity,"direct normalization, assumed 1.5%",0.3,0.6,17,0.7957921173440186,-0.7662636531364231,-0.8010373515490721,0.8322019166114414,0.8322019166114414,0
Umu,lower,integrated_luminosity,"direct normalization, assumed 1.5%",0.6,0.8999999999999999,12,0.7694217574673923,-0.7485174517190107,-0.8080669776940885,0.8395654355227489,0.8395654355227489,0
Umu,lower,integrated_luminosity,"direct normalization, assumed 1.5%",0.8999999999999999,1.2,12,0.75746055973962,-0.7388374260504482,-0.8294546362608957,0.8281729510993152,0.8294546362608957,0
Umu,lower,integrated_luminosity,"direct normalization, assumed 1.5%",1.2,1.5,12,0.7525354933144102,-0.7249169357987362,-0.8227108799539584,0.8480400021795953,0.8480400021795953,0
Umu,lower,integrated_luminosity,"direct normalization, assumed 1.5%",1.5,1.8,12,0.7654922774352535,-0.7409943832712818,-0.8147593310173895,0.8465766464610169,0.8465766464610169,0
Umu,lower,integrated_luminosity,"direct normalization, assumed 1.5%",1.7999999999999998,2.0999999999999996,9,0.7730508024841987,-0.7445316755586795,-0.8217842933817998,0.8539373470372036,0.8539373470372036,0
Umu,lower,integrated_luminosity,"direct normalization, assumed 1.5%",2.1,2.4,1,0.7310911042956114,-0.7044089178219082,-0.7044089178219082,0.7310911042956114,0.7310911042956114,0
Umu,lower,integrated_luminosity,"direct normalization, assumed 1.5%",2.4,2.6999999999999997,2,0.7801329063094276,-0.8350012288641351,-0.8906046836030024,0.8095411531586771,0.8906046836030024,0
Umu,lower,integrated_luminosity,"direct normalization, assumed 1.5%",2.6999999999999997,2.9999999999999996,1,0.9269005700992539,-0.8913648972824983,-0.8913648972824983,0.9269005700992539,0.9269005700992539,0
Umu,lower,integrated_luminosity,"direct normalization, assumed 1.5%",3.0,3.3,2,1.1915994906723237,-1.1429068987102442,-1.216371757680712,1.2690895656021217,1.2690895656021217,0
Umu,lower,integrated_luminosity,"direct normalization, assumed 1.5%",3.3,3.5999999999999996,1,1.4652482848551251,-1.401706941244596,-1.401706941244596,1.4652482848551251,1.4652482848551251,0
Umu,lower,integrated_luminosity,"direct normalization, assumed 1.5%",3.5999999999999996,3.8999999999999995,2,2.3694454299623025,-2.246074212160348,-2.538911778119779,2.6854494901660697,2.6854494901660697,0
Umu,lower,integrated_luminosity,"direct normalization, assumed 1.5%",3.9,4.2,1,3.1933150487801543,-2.9976334338423283,-2.9976334338423283,3.1933150487801543,3.1933150487801543,0
Umu,lower,integrated_luminosity,"direct normalization, assumed 1.5%",4.2,4.5,2,,,,,,4
Umu,lower,integrated_luminosity,"direct normalization, assumed 1.5%",4.5,4.8,1,,,,,,2
Umu,lower,integrated_luminosity,"direct normalization, assumed 1.5%",4.8,5.1,2,,,,,,4
Umu,lower,integrated_luminosity,"direct normalization, assumed 1.5%",5.1,5.3999999999999995,1,,,,,,2
Umu,lower,integrated_luminosity,"direct normalization, assumed 1.5%",5.3999999999999995,5.699999999999999,3,,,,,,6
Umu,lower,integrated_luminosity,"direct normalization, assumed 1.5%",5.7,6.0,1,,,,,,2
Umu,lower,integrated_luminosity,"direct normalization, assumed 1.5%",6.0,6.3,2,,,,,,4
Umu,lower,integrated_luminosity,"direct normalization, assumed 1.5%",6.3,6.6,1,,,,,,2
Umu,lower,integrated_luminosity,"direct normalization, assumed 1.5%",6.6,6.8999999999999995,2,,,,,,4
Umu,lower,integrated_luminosity,"direct normalization, assumed 1.5%",6.8999999999999995,7.199999999999999,1,,,,,,2
Umu,lower,integrated_luminosity,"direct normalization, assumed 1.5%",7.199999999999999,7.499999999999999,2,,,,,,4
Umu,lower,integrated_luminosity,"direct normalization, assumed 1.5%",7.5,7.8,1,,,,,,2
Umu,lower,integrated_luminosity,"direct normalization, assumed 1.5%",7.8,8.1,2,,,,,,4
Umu,lower,integrated_luminosity,"direct normalization, assumed 1.5%",8.4,8.700000000000001,1,,,,,,2
Umu,lower,integrated_luminosity,"direct normalization, assumed 1.5%",9.0,9.3,1,,,,,,2
Umu,lower,integrated_luminosity,"direct normalization, assumed 1.5%",9.299999999999999,9.6,1,,,,,,2
Umu,lower,integrated_luminosity,"direct normalization, assumed 1.5%",9.9,10.200000000000001,1,,,,,,2
Umu,lower,kaon_spectrum_and_normalization,unknowable; factor scenario,0.0,0.3,7,41.15373162236442,-29.226713965573524,-29.411991586777365,41.30821343995272,41.30821343995272,0
Umu,lower,kaon_spectrum_and_normalization,unknowable; factor scenario,0.3,0.6,17,0.0,0.0,-29.44038282305015,41.409179585451206,41.409179585451206,0
Umu,lower,kaon_spectrum_and_normalization,unknowable; factor scenario,0.6,0.8999999999999999,12,0.0,0.0,0.0,0.0,0.0,0
Umu,lower,kaon_spectrum_and_normalization,unknowable; factor scenario,0.8999999999999999,1.2,12,0.0,0.0,0.0,0.0,0.0,0
Umu,lower,kaon_spectrum_and_normalization,unknowable; factor scenario,1.2,1.5,12,0.0,0.0,0.0,0.0,0.0,0
Umu,lower,kaon_spectrum_and_normalization,unknowable; factor scenario,1.5,1.8,12,0.0,0.0,0.0,0.0,0.0,0
Umu,lower,kaon_spectrum_and_normalization,unknowable; factor scenario,1.7999999999999998,2.0999999999999996,9,0.0,0.0,0.0,0.0,0.0,0
Umu,lower,kaon_spectrum_and_normalization,unknowable; factor scenario,2.1,2.4,1,0.0,0.0,0.0,0.0,0.0,0
Umu,lower,kaon_spectrum_and_normalization,unknowable; factor scenario,2.4,2.6999999999999997,2,0.0,0.0,0.0,0.0,0.0,0
Umu,lower,kaon_spectrum_and_normalization,unknowable; factor scenario,2.6999999999999997,2.9999999999999996,1,0.0,0.0,0.0,0.0,0.0,0
Umu,lower,kaon_spectrum_and_normalization,unknowable; factor scenario,3.0,3.3,2,0.0,0.0,0.0,0.0,0.0,0
Umu,lower,kaon_spectrum_and_normalization,unknowable; factor scenario,3.3,3.5999999999999996,1,0.0,0.0,0.0,0.0,0.0,0
Umu,lower,kaon_spectrum_and_normalization,unknowable; factor scenario,3.5999999999999996,3.8999999999999995,2,0.0,0.0,0.0,0.0,0.0,0
Umu,lower,kaon_spectrum_and_normalization,unknowable; factor scenario,3.9,4.2,1,0.0,0.0,0.0,0.0,0.0,0
Umu,lower,kaon_spectrum_and_normalization,unknowable; factor scenario,4.2,4.5,2,,,,,,4
Umu,lower,kaon_spectrum_and_normalization,unknowable; factor scenario,4.5,4.8,1,,,,,,2
Umu,lower,kaon_spectrum_and_normalization,unknowable; factor scenario,4.8,5.1,2,,,,,,4
Umu,lower,kaon_spectrum_and_normalization,unknowable; factor scenario,5.1,5.3999999999999995,1,,,,,,2
Umu,lower,kaon_spectrum_and_normalization,unknowable; factor scenario,5.3999999999999995,5.699999999999999,3,,,,,,6
Umu,lower,kaon_spectrum_and_normalization,unknowable; factor scenario,5.7,6.0,1,,,,,,2
Umu,lower,kaon_spectrum_and_normalization,unknowable; factor scenario,6.0,6.3,2,,,,,,4
Umu,lower,kaon_spectrum_and_normalization,unknowable; factor scenario,6.3,6.6,1,,,,,,2
Umu,lower,kaon_spectrum_and_normalization,unknowable; factor scenario,6.6,6.8999999999999995,2,,,,,,4
Umu,lower,kaon_spectrum_and_normalization,unknowable; factor scenario,6.8999999999999995,7.199999999999999,1,,,,,,2
Umu,lower,kaon_spectrum_and_normalization,unknowable; factor scenario,7.199999999999999,7.499999999999999,2,,,,,,4
Umu,lower,kaon_spectrum_and_normalization,unknowable; factor scenario,7.5,7.8,1,,,,,,2
Umu,lower,kaon_spectrum_and_normalization,unknowable; factor scenario,7.8,8.1,2,,,,,,4
Umu,lower,kaon_spectrum_and_normalization,unknowable; factor scenario,8.4,8.700000000000001,1,,,,,,2
Umu,lower,kaon_spectrum_and_normalization,unknowable; factor scenario,9.0,9.3,1,,,,,,2
Umu,lower,kaon_spectrum_and_normalization,unknowable; factor scenario,9.299999999999999,9.6,1,,,,,,2
Umu,lower,kaon_spectrum_and_normalization,unknowable; factor scenario,9.9,10.200000000000001,1,,,,,,2
Umu,lower,legacy_direct_form_factors,code-audit envelope,0.0,0.3,7,0.09683615772460019,-0.10842212514626803,-0.13527976829447175,0.12101781332680694,0.13527976829447175,0
Umu,lower,legacy_direct_form_factors,code-audit envelope,0.3,0.6,17,28.868275658691257,-16.83386702658747,-17.128646978227547,28.956088820925462,28.956088820925462,0
Umu,lower,legacy_direct_form_factors,code-audit envelope,0.6,0.8999999999999999,12,28.982383515834766,-16.909069880230803,-17.18409254753115,29.015416509953873,29.015416509953873,0
Umu,lower,legacy_direct_form_factors,code-audit envelope,0.8999999999999999,1.2,12,29.079129470128063,-16.907211240069365,-17.247673695124412,29.11516921245598,29.11516921245598,0
Umu,lower,legacy_direct_form_factors,code-audit envelope,1.2,1.5,12,29.14634153418708,-16.914265029091972,-17.23833436586675,29.197776278322273,29.197776278322273,0
Umu,lower,legacy_direct_form_factors,code-audit envelope,1.5,1.8,12,29.205580131991336,-16.98056768479831,-17.313882055557382,29.321492589270527,29.321492589270527,0
Umu,lower,legacy_direct_form_factors,code-audit envelope,1.7999999999999998,2.0999999999999996,9,29.59283494409386,-17.055120570645798,-17.43081768496062,29.78341615749809,29.78341615749809,0
Umu,lower,legacy_direct_form_factors,code-audit envelope,2.1,2.4,1,30.087982601937856,-17.413015929206242,-17.413015929206242,30.087982601937856,30.087982601937856,0
Umu,lower,legacy_direct_form_factors,code-audit envelope,2.4,2.6999999999999997,2,31.59963045212465,-17.92500311959899,-18.518480848674358,32.2939328018407,32.2939328018407,0
Umu,lower,legacy_direct_form_factors,code-audit envelope,2.6999999999999997,2.9999999999999996,1,35.857604233000885,-19.07758049681766,-19.07758049681766,35.857604233000885,35.857604233000885,0
Umu,lower,legacy_direct_form_factors,code-audit envelope,3.0,3.3,2,43.99962297949624,-22.29065720040638,-23.29461320077282,46.622847013660284,46.622847013660284,0
Umu,lower,legacy_direct_form_factors,code-audit envelope,3.3,3.5999999999999996,1,52.68237477736757,-25.802076005752596,-25.802076005752596,52.68237477736757,52.68237477736757,0
Umu,lower,legacy_direct_form_factors,code-audit envelope,3.5999999999999996,3.8999999999999995,2,47.467245543047376,-32.493127174213484,-34.32304011398296,53.45743291086276,53.45743291086276,0
Umu,lower,legacy_direct_form_factors,code-audit envelope,3.9,4.2,1,19.265818014015235,-25.69714995281559,-25.69714995281559,19.265818014015235,25.69714995281559,0
Umu,lower,legacy_direct_form_factors,code-audit envelope,4.2,4.5,2,,,,,,4
Umu,lower,legacy_direct_form_factors,code-audit envelope,4.5,4.8,1,,,,,,2
Umu,lower,legacy_direct_form_factors,code-audit envelope,4.8,5.1,2,,,,,,4
Umu,lower,legacy_direct_form_factors,code-audit envelope,5.1,5.3999999999999995,1,,,,,,2
Umu,lower,legacy_direct_form_factors,code-audit envelope,5.3999999999999995,5.699999999999999,3,,,,,,6
Umu,lower,legacy_direct_form_factors,code-audit envelope,5.7,6.0,1,,,,,,2
Umu,lower,legacy_direct_form_factors,code-audit envelope,6.0,6.3,2,,,,,,4
Umu,lower,legacy_direct_form_factors,code-audit envelope,6.3,6.6,1,,,,,,2
Umu,lower,legacy_direct_form_factors,code-audit envelope,6.6,6.8999999999999995,2,,,,,,4
Umu,lower,legacy_direct_form_factors,code-audit envelope,6.8999999999999995,7.199999999999999,1,,,,,,2
Umu,lower,legacy_direct_form_factors,code-audit envelope,7.199999999999999,7.499999999999999,2,,,,,,4
Umu,lower,legacy_direct_form_factors,code-audit envelope,7.5,7.8,1,,,,,,2
Umu,lower,legacy_direct_form_factors,code-audit envelope,7.8,8.1,2,,,,,,4
Umu,lower,legacy_direct_form_factors,code-audit envelope,8.4,8.700000000000001,1,,,,,,2
Umu,lower,legacy_direct_form_factors,code-audit envelope,9.0,9.3,1,,,,,,2
Umu,lower,legacy_direct_form_factors,code-audit envelope,9.299999999999999,9.6,1,,,,,,2
Umu,lower,legacy_direct_form_factors,code-audit envelope,9.9,10.200000000000001,1,,,,,,2
Umu,lower,missing_charm_baryon_channels,proxy/reweight estimate,0.0,0.3,7,-0.026868544741820433,-0.08943149737623557,-0.11408120870586291,-0.02160951469388772,0.11408120870586291,0
Umu,lower,missing_charm_baryon_channels,proxy/reweight estimate,0.3,0.6,17,-5.3230392421315775,-15.075358325550914,-15.7422568803407,-0.016543894267606607,15.7422568803407,0
Umu,lower,missing_charm_baryon_channels,proxy/reweight estimate,0.6,0.8999999999999999,12,-5.610861048783356,-15.807038101019339,-16.32971030215945,-5.479411925863853,16.32971030215945,0
Umu,lower,missing_charm_baryon_channels,proxy/reweight estimate,0.8999999999999999,1.2,12,-5.773009773535076,-16.23615692558732,-16.531866437055132,-5.409886465863812,16.531866437055132,0
Umu,lower,missing_charm_baryon_channels,proxy/reweight estimate,1.2,1.5,12,-5.875039654863401,-16.33337630665072,-16.754685334896593,-5.481592370600586,16.754685334896593,0
Umu,lower,missing_charm_baryon_channels,proxy/reweight estimate,1.5,1.8,12,-5.585511192277864,-15.757614752106996,-16.322913866775014,-4.606985425291166,16.322913866775014,0
Umu,lower,missing_charm_baryon_channels,proxy/reweight estimate,1.7999999999999998,2.0999999999999996,9,0.0,0.0,-13.588066559828405,0.0,13.588066559828405,0
Umu,lower,missing_charm_baryon_channels,proxy/reweight estimate,2.1,2.4,1,0.0,0.0,0.0,0.0,0.0,0
Umu,lower,missing_charm_baryon_channels,proxy/reweight estimate,2.4,2.6999999999999997,2,0.0,0.0,0.0,0.0,0.0,0
Umu,lower,missing_charm_baryon_channels,proxy/reweight estimate,2.6999999999999997,2.9999999999999996,1,0.0,0.0,0.0,0.0,0.0,0
Umu,lower,missing_charm_baryon_channels,proxy/reweight estimate,3.0,3.3,2,0.0,0.0,0.0,0.0,0.0,0
Umu,lower,missing_charm_baryon_channels,proxy/reweight estimate,3.3,3.5999999999999996,1,0.0,0.0,0.0,0.0,0.0,0
Umu,lower,missing_charm_baryon_channels,proxy/reweight estimate,3.5999999999999996,3.8999999999999995,2,0.0,0.0,0.0,0.0,0.0,0
Umu,lower,missing_charm_baryon_channels,proxy/reweight estimate,3.9,4.2,1,0.0,0.0,0.0,0.0,0.0,0
Umu,lower,missing_charm_baryon_channels,proxy/reweight estimate,4.2,4.5,2,,,,,,4
Umu,lower,missing_charm_baryon_channels,proxy/reweight estimate,4.5,4.8,1,,,,,,2
Umu,lower,missing_charm_baryon_channels,proxy/reweight estimate,4.8,5.1,2,,,,,,4
Umu,lower,missing_charm_baryon_channels,proxy/reweight estimate,5.1,5.3999999999999995,1,,,,,,2
Umu,lower,missing_charm_baryon_channels,proxy/reweight estimate,5.3999999999999995,5.699999999999999,3,,,,,,6
Umu,lower,missing_charm_baryon_channels,proxy/reweight estimate,5.7,6.0,1,,,,,,2
Umu,lower,missing_charm_baryon_channels,proxy/reweight estimate,6.0,6.3,2,,,,,,4
Umu,lower,missing_charm_baryon_channels,proxy/reweight estimate,6.3,6.6,1,,,,,,2
Umu,lower,missing_charm_baryon_channels,proxy/reweight estimate,6.6,6.8999999999999995,2,,,,,,4
Umu,lower,missing_charm_baryon_channels,proxy/reweight estimate,6.8999999999999995,7.199999999999999,1,,,,,,2
Umu,lower,missing_charm_baryon_channels,proxy/reweight estimate,7.199999999999999,7.499999999999999,2,,,,,,4
Umu,lower,missing_charm_baryon_channels,proxy/reweight estimate,7.5,7.8,1,,,,,,2
Umu,lower,missing_charm_baryon_channels,proxy/reweight estimate,7.8,8.1,2,,,,,,4
Umu,lower,missing_charm_baryon_channels,proxy/reweight estimate,8.4,8.700000000000001,1,,,,,,2
Umu,lower,missing_charm_baryon_channels,proxy/reweight estimate,9.0,9.3,1,,,,,,2
Umu,lower,missing_charm_baryon_channels,proxy/reweight estimate,9.299999999999999,9.6,1,,,,,,2
Umu,lower,missing_charm_baryon_channels,proxy/reweight estimate,9.9,10.200000000000001,1,,,,,,2
Umu,lower,missing_neutral_kaon_production,unknowable; additive proxy,0.0,0.3,7,-2.393703005225556,-18.391713495213203,-18.562937922129596,-2.165762980422359,18.562937922129596,0
Umu,lower,missing_neutral_kaon_production,unknowable; additive proxy,0.3,0.6,17,0.0,0.0,-18.59193786418337,0.0,18.59193786418337,0
Umu,lower,missing_neutral_kaon_production,unknowable; additive proxy,0.6,0.8999999999999999,12,0.0,0.0,0.0,0.0,0.0,0
Umu,lower,missing_neutral_kaon_production,unknowable; additive proxy,0.8999999999999999,1.2,12,0.0,0.0,0.0,0.0,0.0,0
Umu,lower,missing_neutral_kaon_production,unknowable; additive proxy,1.2,1.5,12,0.0,0.0,0.0,0.0,0.0,0
Umu,lower,missing_neutral_kaon_production,unknowable; additive proxy,1.5,1.8,12,0.0,0.0,0.0,0.0,0.0,0
Umu,lower,missing_neutral_kaon_production,unknowable; additive proxy,1.7999999999999998,2.0999999999999996,9,0.0,0.0,0.0,0.0,0.0,0
Umu,lower,missing_neutral_kaon_production,unknowable; additive proxy,2.1,2.4,1,0.0,0.0,0.0,0.0,0.0,0
Umu,lower,missing_neutral_kaon_production,unknowable; additive proxy,2.4,2.6999999999999997,2,0.0,0.0,0.0,0.0,0.0,0
Umu,lower,missing_neutral_kaon_production,unknowable; additive proxy,2.6999999999999997,2.9999999999999996,1,0.0,0.0,0.0,0.0,0.0,0
Umu,lower,missing_neutral_kaon_production,unknowable; additive proxy,3.0,3.3,2,0.0,0.0,0.0,0.0,0.0,0
Umu,lower,missing_neutral_kaon_production,unknowable; additive proxy,3.3,3.5999999999999996,1,0.0,0.0,0.0,0.0,0.0,0
Umu,lower,missing_neutral_kaon_production,unknowable; additive proxy,3.5999999999999996,3.8999999999999995,2,0.0,0.0,0.0,0.0,0.0,0
Umu,lower,missing_neutral_kaon_production,unknowable; additive proxy,3.9,4.2,1,0.0,0.0,0.0,0.0,0.0,0
Umu,lower,missing_neutral_kaon_production,unknowable; additive proxy,4.2,4.5,2,,,,,,4
Umu,lower,missing_neutral_kaon_production,unknowable; additive proxy,4.5,4.8,1,,,,,,2
Umu,lower,missing_neutral_kaon_production,unknowable; additive proxy,4.8,5.1,2,,,,,,4
Umu,lower,missing_neutral_kaon_production,unknowable; additive proxy,5.1,5.3999999999999995,1,,,,,,2
Umu,lower,missing_neutral_kaon_production,unknowable; additive proxy,5.3999999999999995,5.699999999999999,3,,,,,,6
Umu,lower,missing_neutral_kaon_production,unknowable; additive proxy,5.7,6.0,1,,,,,,2
Umu,lower,missing_neutral_kaon_production,unknowable; additive proxy,6.0,6.3,2,,,,,,4
Umu,lower,missing_neutral_kaon_production,unknowable; additive proxy,6.3,6.6,1,,,,,,2
Umu,lower,missing_neutral_kaon_production,unknowable; additive proxy,6.6,6.8999999999999995,2,,,,,,4
Umu,lower,missing_neutral_kaon_production,unknowable; additive proxy,6.8999999999999995,7.199999999999999,1,,,,,,2
Umu,lower,missing_neutral_kaon_production,unknowable; additive proxy,7.199999999999999,7.499999999999999,2,,,,,,4
Umu,lower,missing_neutral_kaon_production,unknowable; additive proxy,7.5,7.8,1,,,,,,2
Umu,lower,missing_neutral_kaon_production,unknowable; additive proxy,7.8,8.1,2,,,,,,4
Umu,lower,missing_neutral_kaon_production,unknowable; additive proxy,8.4,8.700000000000001,1,,,,,,2
Umu,lower,missing_neutral_kaon_production,unknowable; additive proxy,9.0,9.3,1,,,,,,2
Umu,lower,missing_neutral_kaon_production,unknowable; additive proxy,9.299999999999999,9.6,1,,,,,,2
Umu,lower,missing_neutral_kaon_production,unknowable; additive proxy,9.9,10.200000000000001,1,,,,,,2
Umu,lower,missing_tau_multihadron_modes,proxy/reweight estimate,0.0,0.3,7,-7.528937311374051e-05,-0.0003764440812403791,-0.0005329032191969674,-6.480979211076487e-05,0.0005329032191969674,0
Umu,lower,missing_tau_multihadron_modes,proxy/reweight estimate,0.3,0.6,17,-0.010008162603347692,-0.04999244279331183,-0.08151568345441396,-4.641556146101067e-05,0.08151568345441396,0
Umu,lower,missing_tau_multihadron_modes,proxy/reweight estimate,0.6,0.8999999999999999,12,-0.007382318921334008,-0.036884480690541066,-0.050506017230822486,-0.005270158068670927,0.050506017230822486,0
Umu,lower,missing_tau_multihadron_modes,proxy/reweight estimate,0.8999999999999999,1.2,12,-0.002576701269679793,-0.012880306908352734,-0.023203093793511265,-0.0011359945997546639,0.023203093793511265,0
Umu,lower,missing_tau_multihadron_modes,proxy/reweight estimate,1.2,1.5,12,-0.0002916635695737746,-0.0014582755920755641,-0.005228845784766012,-5.5469898474491686e-05,0.005228845784766012,0
Umu,lower,missing_tau_multihadron_modes,proxy/reweight estimate,1.5,1.8,12,-1.3872120119273745e-07,-6.936068219776104e-07,-0.00016438093869419745,0.0,0.00016438093869419745,0
Umu,lower,missing_tau_multihadron_modes,proxy/reweight estimate,1.7999999999999998,2.0999999999999996,9,0.0,0.0,0.0,0.0,0.0,0
Umu,lower,missing_tau_multihadron_modes,proxy/reweight estimate,2.1,2.4,1,0.0,0.0,0.0,0.0,0.0,0
Umu,lower,missing_tau_multihadron_modes,proxy/reweight estimate,2.4,2.6999999999999997,2,0.0,0.0,0.0,0.0,0.0,0
Umu,lower,missing_tau_multihadron_modes,proxy/reweight estimate,2.6999999999999997,2.9999999999999996,1,0.0,0.0,0.0,0.0,0.0,0
Umu,lower,missing_tau_multihadron_modes,proxy/reweight estimate,3.0,3.3,2,0.0,0.0,0.0,0.0,0.0,0
Umu,lower,missing_tau_multihadron_modes,proxy/reweight estimate,3.3,3.5999999999999996,1,0.0,0.0,0.0,0.0,0.0,0
Umu,lower,missing_tau_multihadron_modes,proxy/reweight estimate,3.5999999999999996,3.8999999999999995,2,0.0,0.0,0.0,0.0,0.0,0
Umu,lower,missing_tau_multihadron_modes,proxy/reweight estimate,3.9,4.2,1,0.0,0.0,0.0,0.0,0.0,0
Umu,lower,missing_tau_multihadron_modes,proxy/reweight estimate,4.2,4.5,2,,,,,,4
Umu,lower,missing_tau_multihadron_modes,proxy/reweight estimate,4.5,4.8,1,,,,,,2
Umu,lower,missing_tau_multihadron_modes,proxy/reweight estimate,4.8,5.1,2,,,,,,4
Umu,lower,missing_tau_multihadron_modes,proxy/reweight estimate,5.1,5.3999999999999995,1,,,,,,2
Umu,lower,missing_tau_multihadron_modes,proxy/reweight estimate,5.3999999999999995,5.699999999999999,3,,,,,,6
Umu,lower,missing_tau_multihadron_modes,proxy/reweight estimate,5.7,6.0,1,,,,,,2
Umu,lower,missing_tau_multihadron_modes,proxy/reweight estimate,6.0,6.3,2,,,,,,4
Umu,lower,missing_tau_multihadron_modes,proxy/reweight estimate,6.3,6.6,1,,,,,,2
Umu,lower,missing_tau_multihadron_modes,proxy/reweight estimate,6.6,6.8999999999999995,2,,,,,,4
Umu,lower,missing_tau_multihadron_modes,proxy/reweight estimate,6.8999999999999995,7.199999999999999,1,,,,,,2
Umu,lower,missing_tau_multihadron_modes,proxy/reweight estimate,7.199999999999999,7.499999999999999,2,,,,,,4
Umu,lower,missing_tau_multihadron_modes,proxy/reweight estimate,7.5,7.8,1,,,,,,2
Umu,lower,missing_tau_multihadron_modes,proxy/reweight estimate,7.8,8.1,2,,,,,,4
Umu,lower,missing_tau_multihadron_modes,proxy/reweight estimate,8.4,8.700000000000001,1,,,,,,2
Umu,lower,missing_tau_multihadron_modes,proxy/reweight estimate,9.0,9.3,1,,,,,,2
Umu,lower,missing_tau_multihadron_modes,proxy/reweight estimate,9.299999999999999,9.6,1,,,,,,2
Umu,lower,missing_tau_multihadron_modes,proxy/reweight estimate,9.9,10.200000000000001,1,,,,,,2
Umu,lower,nonzero_background_threshold,direct threshold response; background unknowable,0.0,0.3,7,29.100340776707732,82.6498740019516,29.087155277752007,82.86224721682007,82.86224721682007,0
Umu,lower,nonzero_background_threshold,direct threshold response; background unknowable,0.3,0.6,17,29.104839241047674,82.48364087363275,29.08685899022543,83.09808021344686,83.09808021344686,0
Umu,lower,nonzero_background_threshold,direct threshold response; background unknowable,0.6,0.8999999999999999,12,29.110309599639606,82.48280700449716,29.091304378225978,83.11483691573748,83.11483691573748,0
Umu,lower,nonzero_background_threshold,direct threshold response; background unknowable,0.8999999999999999,1.2,12,29.12400383374718,82.68656521844778,29.10486124278677,83.21221114344806,83.21221114344806,0
Umu,lower,nonzero_background_threshold,direct threshold response; background unknowable,1.2,1.5,12,29.150939272235277,82.943233632492,29.1251251765839,83.33758946726356,83.33758946726356,0
Umu,lower,nonzero_background_threshold,direct threshold response; background unknowable,1.5,1.8,12,29.207696967798036,83.16881191358969,29.185281234419325,83.52962732805456,83.52962732805456,0
Umu,lower,nonzero_background_threshold,direct threshold response; background unknowable,1.7999999999999998,2.0999999999999996,9,29.614460169117706,84.80915070883101,29.38375917873266,85.72466790078634,85.72466790078634,0
Umu,lower,nonzero_background_threshold,direct threshold response; background unknowable,2.1,2.4,1,30.138494744439615,87.25443114828721,30.138494744439615,87.25443114828721,87.25443114828721,0
Umu,lower,nonzero_background_threshold,direct threshold response; background unknowable,2.4,2.6999999999999997,2,31.7825575797493,94.10244785994605,31.01254243204581,97.91533693006058,97.91533693006058,0
Umu,lower,nonzero_background_threshold,direct threshold response; background unknowable,2.6999999999999997,2.9999999999999996,1,36.749239593032335,116.02838425032051,36.749239593032335,116.02838425032051,116.02838425032051,0
Umu,lower,nonzero_background_threshold,direct threshold response; background unknowable,3.0,3.3,2,52.26348300711532,266.1557620442785,46.017990757508876,352.6503113612239,352.6503113612239,0
Umu,lower,nonzero_background_threshold,direct threshold response; background unknowable,3.3,3.5999999999999996,1,81.9588429936275,814.8393541466804,81.9588429936275,814.8393541466804,814.8393541466804,0
Umu,lower,nonzero_background_threshold,direct threshold response; background unknowable,3.5999999999999996,3.8999999999999995,2,166.84397286983656,,134.13657208438212,199.551373655291,199.551373655291,2
Umu,lower,nonzero_background_threshold,direct threshold response; background unknowable,3.9,4.2,1,,,,,,2
Umu,lower,nonzero_background_threshold,direct threshold response; background unknowable,4.2,4.5,2,,,,,,4
Umu,lower,nonzero_background_threshold,direct threshold response; background unknowable,4.5,4.8,1,,,,,,2
Umu,lower,nonzero_background_threshold,direct threshold response; background unknowable,4.8,5.1,2,,,,,,4
Umu,lower,nonzero_background_threshold,direct threshold response; background unknowable,5.1,5.3999999999999995,1,,,,,,2
Umu,lower,nonzero_background_threshold,direct threshold response; background unknowable,5.3999999999999995,5.699999999999999,3,,,,,,6
Umu,lower,nonzero_background_threshold,direct threshold response; background unknowable,5.7,6.0,1,,,,,,2
Umu,lower,nonzero_background_threshold,direct threshold response; background unknowable,6.0,6.3,2,,,,,,4
Umu,lower,nonzero_background_threshold,direct threshold response; background unknowable,6.3,6.6,1,,,,,,2
Umu,lower,nonzero_background_threshold,direct threshold response; background unknowable,6.6,6.8999999999999995,2,,,,,,4
Umu,lower,nonzero_background_threshold,direct threshold response; background unknowable,6.8999999999999995,7.199999999999999,1,,,,,,2
Umu,lower,nonzero_background_threshold,direct threshold response; background unknowable,7.199999999999999,7.499999999999999,2,,,,,,4
Umu,lower,nonzero_background_threshold,direct threshold response; background unknowable,7.5,7.8,1,,,,,,2
Umu,lower,nonzero_background_threshold,direct threshold response; background unknowable,7.8,8.1,2,,,,,,4
Umu,lower,nonzero_background_threshold,direct threshold response; background unknowable,8.4,8.700000000000001,1,,,,,,2
Umu,lower,nonzero_background_threshold,direct threshold response; background unknowable,9.0,9.3,1,,,,,,2
Umu,lower,nonzero_background_threshold,direct threshold response; background unknowable,9.299999999999999,9.6,1,,,,,,2
Umu,lower,nonzero_background_threshold,direct threshold response; background unknowable,9.9,10.200000000000001,1,,,,,,2
Umu,lower,production_mc_statistical,directly calculable now,0.0,0.3,7,13.212991692476916,-9.403161923608938,-10.351531463703479,15.22268687724615,15.22268687724615,0
Umu,lower,production_mc_statistical,directly calculable now,0.3,0.6,17,3.1526177210417172,-2.859665815550294,-7.946118954830683,10.7312291929486,10.7312291929486,0
Umu,lower,production_mc_statistical,directly calculable now,0.6,0.8999999999999999,12,3.7448448427651937,-3.175871443978018,-3.812566210848023,4.6106632597867625,4.6106632597867625,0
Umu,lower,production_mc_statistical,directly calculable now,0.8999999999999999,1.2,12,4.748741165636538,-4.11290042588281,-4.391064189482652,5.107363081406602,5.107363081406602,0
Umu,lower,production_mc_statistical,directly calculable now,1.2,1.5,12,5.421927419146333,-4.586682914988232,-5.224597559498056,6.805118697729684,6.805118697729684,0
Umu,lower,production_mc_statistical,directly calculable now,1.5,1.8,12,5.351409175873578,-4.669868610674499,-5.17502029740311,6.573864673359653,6.573864673359653,0
Umu,lower,production_mc_statistical,directly calculable now,1.7999999999999998,2.0999999999999996,9,2.36237879318566,-2.124165492680752,-4.0584521069034984,4.727564786075966,4.727564786075966,0
Umu,lower,production_mc_statistical,directly calculable now,2.1,2.4,1,2.1822786232474023,-1.9606048285095046,-1.9606048285095046,2.1822786232474023,2.1822786232474023,0
Umu,lower,production_mc_statistical,directly calculable now,2.4,2.6999999999999997,2,2.2421736307489337,-2.2494984297011964,-2.388627118215303,2.3469896082690678,2.388627118215303,0
Umu,lower,production_mc_statistical,directly calculable now,2.6999999999999997,2.9999999999999996,1,2.487310886611005,-2.24693883358168,-2.24693883358168,2.487310886611005,2.487310886611005,0
Umu,lower,production_mc_statistical,directly calculable now,3.0,3.3,2,2.5709079365101695,-2.3546389074970087,-2.368159395713232,2.576528314496218,2.576528314496218,0
Umu,lower,production_mc_statistical,directly calculable now,3.3,3.5999999999999996,1,2.922542148108942,-2.6802138974508782,-2.6802138974508782,2.922542148108942,2.922542148108942,0
Umu,lower,production_mc_statistical,directly calculable now,3.5999999999999996,3.8999999999999995,2,4.771216831439351,-4.304036763213453,-4.8892921713287185,5.463343747178495,5.463343747178495,0
Umu,lower,production_mc_statistical,directly calculable now,3.9,4.2,1,7.740541856677763,-6.6540931830961,-6.6540931830961,7.740541856677763,7.740541856677763,0
Umu,lower,production_spin_and_residual_angles,proxy/reweight estimate,0.0,0.3,7,0.03650294924315567,-0.036441115445795536,-0.04551366402468782,0.04561694188260912,0.04561694188260912,0
Umu,lower,production_spin_and_residual_angles,proxy/reweight estimate,0.3,0.6,17,8.26690932152343,-6.629136202628505,-7.017063964564696,8.8618760745093,8.8618760745093,0
Umu,lower,production_spin_and_residual_angles,proxy/reweight estimate,0.6,0.8999999999999999,12,8.420498620924421,-6.729079011002659,-7.078500569882329,8.842654568302667,8.842654568302667,0
Umu,lower,production_spin_and_residual_angles,proxy/reweight estimate,0.8999999999999999,1.2,12,8.530714331467893,-6.640069747716771,-7.087451398525014,8.776014740174487,8.776014740174487,0
Umu,lower,production_spin_and_residual_angles,proxy/reweight estimate,1.2,1.5,12,8.591174931710789,-6.766307179988646,-7.031701640812327,8.867546611243316,8.867546611243316,0
Umu,lower,production_spin_and_residual_angles,proxy/reweight estimate,1.5,1.8,12,8.54195339800128,-6.726844727493964,-7.120181167773943,8.810232382955618,8.810232382955618,0
Umu,lower,production_spin_and_residual_angles,proxy/reweight estimate,1.7999999999999998,2.0999999999999996,9,8.514543297772171,-6.720786597025197,-7.145674660766243,8.881003957780397,8.881003957780397,0
Umu,lower,production_spin_and_residual_angles,proxy/reweight estimate,2.1,2.4,1,8.795083768269162,-7.028778056796714,-7.028778056796714,8.795083768269162,8.795083768269162,0
Umu,lower,production_spin_and_residual_angles,proxy/reweight estimate,2.4,2.6999999999999997,2,9.010840224567218,-7.180662870178983,-7.63477244056091,9.027035006039652,9.027035006039652,0
Umu,lower,production_spin_and_residual_angles,proxy/reweight estimate,2.6999999999999997,2.9999999999999996,1,10.015003757686092,-7.532089708342038,-7.532089708342038,10.015003757686092,10.015003757686092,0
Umu,lower,production_spin_and_residual_angles,proxy/reweight estimate,3.0,3.3,2,12.059035583436861,-9.10953838791045,-9.53608313897466,12.744879262307741,12.744879262307741,0
Umu,lower,production_spin_and_residual_angles,proxy/reweight estimate,3.3,3.5999999999999996,1,14.529762447075644,-10.855470199122585,-10.855470199122585,14.529762447075644,14.529762447075644,0
Umu,lower,production_spin_and_residual_angles,proxy/reweight estimate,3.5999999999999996,3.8999999999999995,2,16.05587383502712,-13.347249909352794,-13.739301706362173,16.790874825360923,16.790874825360923,0
Umu,lower,production_spin_and_residual_angles,proxy/reweight estimate,3.9,4.2,1,7.596128183630979,-8.060490707942925,-8.060490707942925,7.596128183630979,8.060490707942925,0
Umu,lower,production_spin_and_residual_angles,proxy/reweight estimate,4.2,4.5,2,,,,,,4
Umu,lower,production_spin_and_residual_angles,proxy/reweight estimate,4.5,4.8,1,,,,,,2
Umu,lower,production_spin_and_residual_angles,proxy/reweight estimate,4.8,5.1,2,,,,,,4
Umu,lower,production_spin_and_residual_angles,proxy/reweight estimate,5.1,5.3999999999999995,1,,,,,,2
Umu,lower,production_spin_and_residual_angles,proxy/reweight estimate,5.3999999999999995,5.699999999999999,3,,,,,,6
Umu,lower,production_spin_and_residual_angles,proxy/reweight estimate,5.7,6.0,1,,,,,,2
Umu,lower,production_spin_and_residual_angles,proxy/reweight estimate,6.0,6.3,2,,,,,,4
Umu,lower,production_spin_and_residual_angles,proxy/reweight estimate,6.3,6.6,1,,,,,,2
Umu,lower,production_spin_and_residual_angles,proxy/reweight estimate,6.6,6.8999999999999995,2,,,,,,4
Umu,lower,production_spin_and_residual_angles,proxy/reweight estimate,6.8999999999999995,7.199999999999999,1,,,,,,2
Umu,lower,production_spin_and_residual_angles,proxy/reweight estimate,7.199999999999999,7.499999999999999,2,,,,,,4
Umu,lower,production_spin_and_residual_angles,proxy/reweight estimate,7.5,7.8,1,,,,,,2
Umu,lower,production_spin_and_residual_angles,proxy/reweight estimate,7.8,8.1,2,,,,,,4
Umu,lower,production_spin_and_residual_angles,proxy/reweight estimate,8.4,8.700000000000001,1,,,,,,2
Umu,lower,production_spin_and_residual_angles,proxy/reweight estimate,9.0,9.3,1,,,,,,2
Umu,lower,production_spin_and_residual_angles,proxy/reweight estimate,9.299999999999999,9.6,1,,,,,,2
Umu,lower,production_spin_and_residual_angles,proxy/reweight estimate,9.9,10.200000000000001,1,,,,,,2
Umu,lower,visible_branching_fraction,literature-informed range,0.0,0.3,7,5.275703727316694,-4.640990609909035,-4.94210843935673,5.804833433131207,5.804833433131207,0
Umu,lower,visible_branching_fraction,literature-informed range,0.3,0.6,17,5.455445982934615,-4.709241157926258,-4.964192352344432,5.823651795731677,5.823651795731677,0
Umu,lower,visible_branching_fraction,literature-informed range,0.6,0.8999999999999999,12,5.446649891628841,-4.689804328855662,-4.956691622845399,5.682226237393273,5.682226237393273,0
Umu,lower,visible_branching_fraction,literature-informed range,0.8999999999999999,1.2,12,5.586395525028953,-4.595704095796494,-4.994634370922146,5.815910500988175,5.815910500988175,0
Umu,lower,visible_branching_fraction,literature-informed range,1.2,1.5,12,5.415093813398785,-4.552843852622857,-4.954885438577916,5.817604715043356,5.817604715043356,0
Umu,lower,visible_branching_fraction,literature-informed range,1.5,1.8,12,5.483179775436053,-4.6409401868998,-5.0034758218536535,5.825250824761197,5.825250824761197,0
Umu,lower,visible_branching_fraction,literature-informed range,1.7999999999999998,2.0999999999999996,9,5.563154632283762,-4.733895299640611,-4.993353156646796,5.859695337207715,5.859695337207715,0
Umu,lower,visible_branching_fraction,literature-informed range,2.1,2.4,1,5.458626797741761,-4.765784904468784,-4.765784904468784,5.458626797741761,5.458626797741761,0
Umu,lower,visible_branching_fraction,literature-informed range,2.4,2.6999999999999997,2,5.834025445700497,-5.052456682212303,-5.40565541017195,6.05935665191113,6.05935665191113,0
Umu,lower,visible_branching_fraction,literature-informed range,2.6999999999999997,2.9999999999999996,1,6.655706658777505,-5.358894689786641,-5.358894689786641,6.655706658777505,6.655706658777505,0
Umu,lower,visible_branching_fraction,literature-informed range,3.0,3.3,2,8.320078995594981,-6.826067245709428,-7.252004270465062,9.01734154331779,9.01734154331779,0
Umu,lower,visible_branching_fraction,literature-informed range,3.3,3.5999999999999996,1,11.135082218906645,-8.636890993368551,-8.636890993368551,11.135082218906645,11.135082218906645,0
Umu,lower,visible_branching_fraction,literature-informed range,3.5999999999999996,3.8999999999999995,2,18.434140630134586,-13.078243413934597,-14.695869787516235,21.055847926873582,21.055847926873582,0
Umu,lower,visible_branching_fraction,literature-informed range,3.9,4.2,1,26.777434374527843,-17.16665418422125,-17.16665418422125,26.777434374527843,26.777434374527843,0
Umu,lower,visible_branching_fraction,literature-informed range,4.2,4.5,2,,,,,,3
Umu,lower,visible_branching_fraction,literature-informed range,4.5,4.8,1,,,,,,2
Umu,lower,visible_branching_fraction,literature-informed range,4.8,5.1,2,,,,,,4
Umu,lower,visible_branching_fraction,literature-informed range,5.1,5.3999999999999995,1,,,,,,2
Umu,lower,visible_branching_fraction,literature-informed range,5.3999999999999995,5.699999999999999,3,,,,,,6
Umu,lower,visible_branching_fraction,literature-informed range,5.7,6.0,1,,,,,,2
Umu,lower,visible_branching_fraction,literature-informed range,6.0,6.3,2,,,,,,4
Umu,lower,visible_branching_fraction,literature-informed range,6.3,6.6,1,,,,,,2
Umu,lower,visible_branching_fraction,literature-informed range,6.6,6.8999999999999995,2,,,,,,4
Umu,lower,visible_branching_fraction,literature-informed range,6.8999999999999995,7.199999999999999,1,,,,,,2
Umu,lower,visible_branching_fraction,literature-informed range,7.199999999999999,7.499999999999999,2,,,,,,4
Umu,lower,visible_branching_fraction,literature-informed range,7.5,7.8,1,,,,,,2
Umu,lower,visible_branching_fraction,literature-informed range,7.8,8.1,2,,,,,,4
Umu,lower,visible_branching_fraction,literature-informed range,8.4,8.700000000000001,1,,,,,,2
Umu,lower,visible_branching_fraction,literature-informed range,9.0,9.3,1,,,,,,2
Umu,lower,visible_branching_fraction,literature-informed range,9.299999999999999,9.6,1,,,,,,2
Umu,lower,visible_branching_fraction,literature-informed range,9.9,10.200000000000001,1,,,,,,2
Umu,lower,visible_decay_topology_acceptance,unknowable; acceptance scenario,0.0,0.3,7,19.3691991198391,-12.295087778474901,-12.325752002428015,19.99026990727757,19.99026990727757,0
Umu,lower,visible_decay_topology_acceptance,unknowable; acceptance scenario,0.3,0.6,17,19.590737046295015,-12.306871733571544,-12.323725676611518,19.97601661121142,19.97601661121142,0
Umu,lower,visible_decay_topology_acceptance,unknowable; acceptance scenario,0.6,0.8999999999999999,12,19.571148366768554,-12.297897849895145,-12.329364031470247,19.856529707289127,19.856529707289127,0
Umu,lower,visible_decay_topology_acceptance,unknowable; acceptance scenario,0.8999999999999999,1.2,12,19.74763129610101,-12.299774551294838,-12.34143351186514,19.970245919893404,19.970245919893404,0
Umu,lower,visible_decay_topology_acceptance,unknowable; acceptance scenario,1.2,1.5,12,19.564594822066827,-12.302147112772316,-12.354658158973342,19.997105426554175,19.997105426554175,0
Umu,lower,visible_decay_topology_acceptance,unknowable; acceptance scenario,1.5,1.8,12,19.668896529601255,-12.32943225475931,-12.36654188188373,20.10415734467106,20.10415734467106,0
Umu,lower,visible_decay_topology_acceptance,unknowable; acceptance scenario,1.7999999999999998,2.0999999999999996,9,19.821174101144745,-12.425092947768334,-12.490268497671032,20.282327855710804,20.282327855710804,0
Umu,lower,visible_decay_topology_acceptance,unknowable; acceptance scenario,2.1,2.4,1,20.089066421519153,-12.559651500685165,-12.559651500685165,20.089066421519153,20.089066421519153,0
Umu,lower,visible_decay_topology_acceptance,unknowable; acceptance scenario,2.4,2.6999999999999997,2,21.255593828661524,-13.142843364063978,-13.466057311760583,21.433143588693238,21.433143588693238,0
Umu,lower,visible_decay_topology_acceptance,unknowable; acceptance scenario,2.6999999999999997,2.9999999999999996,1,24.05181516729291,-14.251421652282204,-14.251421652282204,24.05181516729291,24.05181516729291,0
Umu,lower,visible_decay_topology_acceptance,unknowable; acceptance scenario,3.0,3.3,2,32.916451117997184,-17.359316744574354,-18.34412763078398,36.27472306380306,36.27472306380306,0
Umu,lower,visible_decay_topology_acceptance,unknowable; acceptance scenario,3.3,3.5999999999999996,1,47.63675419362985,-21.22783640856769,-21.22783640856769,47.63675419362985,47.63675419362985,0
Umu,lower,visible_decay_topology_acceptance,unknowable; acceptance scenario,3.5999999999999996,3.8999999999999995,2,88.16889220960016,-30.208608725766556,-33.39223811763691,101.5185083020222,101.5185083020222,0
Umu,lower,visible_decay_topology_acceptance,unknowable; acceptance scenario,3.9,4.2,1,,-38.87947955320372,-38.87947955320372,-38.87947955320372,38.87947955320372,1
Umu,lower,visible_decay_topology_acceptance,unknowable; acceptance scenario,4.2,4.5,2,,,,,,3
Umu,lower,visible_decay_topology_acceptance,unknowable; acceptance scenario,4.5,4.8,1,,,,,,2
Umu,lower,visible_decay_topology_acceptance,unknowable; acceptance scenario,4.8,5.1,2,,,,,,4
Umu,lower,visible_decay_topology_acceptance,unknowable; acceptance scenario,5.1,5.3999999999999995,1,,,,,,2
Umu,lower,visible_decay_topology_acceptance,unknowable; acceptance scenario,5.3999999999999995,5.699999999999999,3,,,,,,6
Umu,lower,visible_decay_topology_acceptance,unknowable; acceptance scenario,5.7,6.0,1,,,,,,2
Umu,lower,visible_decay_topology_acceptance,unknowable; acceptance scenario,6.0,6.3,2,,,,,,4
Umu,lower,visible_decay_topology_acceptance,unknowable; acceptance scenario,6.3,6.6,1,,,,,,2
Umu,lower,visible_decay_topology_acceptance,unknowable; acceptance scenario,6.6,6.8999999999999995,2,,,,,,4
Umu,lower,visible_decay_topology_acceptance,unknowable; acceptance scenario,6.8999999999999995,7.199999999999999,1,,,,,,2
Umu,lower,visible_decay_topology_acceptance,unknowable; acceptance scenario,7.199999999999999,7.499999999999999,2,,,,,,4
Umu,lower,visible_decay_topology_acceptance,unknowable; acceptance scenario,7.5,7.8,1,,,,,,2
Umu,lower,visible_decay_topology_acceptance,unknowable; acceptance scenario,7.8,8.1,2,,,,,,4
Umu,lower,visible_decay_topology_acceptance,unknowable; acceptance scenario,8.4,8.700000000000001,1,,,,,,2
Umu,lower,visible_decay_topology_acceptance,unknowable; acceptance scenario,9.0,9.3,1,,,,,,2
Umu,lower,visible_decay_topology_acceptance,unknowable; acceptance scenario,9.299999999999999,9.6,1,,,,,,2
Umu,lower,visible_decay_topology_acceptance,unknowable; acceptance scenario,9.9,10.200000000000001,1,,,,,,2
Umu,upper,bc_spectrum_and_normalization,unknowable; factor scenario,0.0,0.3,7,,,,,,14
Umu,upper,bc_spectrum_and_normalization,unknowable; factor scenario,0.3,0.6,17,,,,,,34
Umu,upper,bc_spectrum_and_normalization,unknowable; factor scenario,0.6,0.8999999999999999,12,-2.0123575028563323e-08,4.024702793259394e-08,-1.0051697252322356e-07,2.0103403386428909e-07,2.0103403386428909e-07,12
Umu,upper,bc_spectrum_and_normalization,unknowable; factor scenario,0.8999999999999999,1.2,12,-1.7495371112952185e-05,3.4990415975766354e-05,-0.006176901932597456,0.01233611950182123,0.01233611950182123,0
Umu,upper,bc_spectrum_and_normalization,unknowable; factor scenario,1.2,1.5,12,-8.463538397895931e-05,0.0001692630601013434,-0.007352741131427809,0.014673280150745427,0.014673280150745427,0
Umu,upper,bc_spectrum_and_normalization,unknowable; factor scenario,1.5,1.8,12,-0.0004269509740917332,0.0008536885743315459,-0.0133599439533727,0.026662694166157408,0.026662694166157408,0
Umu,upper,bc_spectrum_and_normalization,unknowable; factor scenario,1.7999999999999998,2.0999999999999996,9,-0.003323416339351404,0.006639526798868367,-0.013095478317448617,0.026106583601115396,0.026106583601115396,0
Umu,upper,bc_spectrum_and_normalization,unknowable; factor scenario,2.1,2.4,1,-0.001184734630810258,0.002368818936782091,-0.001184734630810258,0.002368818936782091,0.002368818936782091,0
Umu,upper,bc_spectrum_and_normalization,unknowable; factor scenario,2.4,2.6999999999999997,2,-0.012159805775702193,0.024219382000933987,-0.018235625000706523,0.03628900257557355,0.03628900257557355,0
Umu,upper,bc_spectrum_and_normalization,unknowable; factor scenario,2.6999999999999997,2.9999999999999996,1,-0.05451068204577192,0.1081564536881574,-0.05451068204577192,0.1081564536881574,0.1081564536881574,0
Umu,upper,bc_spectrum_and_normalization,unknowable; factor scenario,3.0,3.3,2,-0.049148368900048256,0.09767040406643002,-0.06378346640315558,0.12659781501762613,0.12659781501762613,0
Umu,upper,bc_spectrum_and_normalization,unknowable; factor scenario,3.3,3.5999999999999996,1,-0.01462517973889188,0.029179603119100506,-0.01462517973889188,0.029179603119100506,0.029179603119100506,0
Umu,upper,bc_spectrum_and_normalization,unknowable; factor scenario,3.5999999999999996,3.8999999999999995,2,-0.1371999110962807,0.2704111861232539,-0.1492623909402302,0.29368124823858643,0.29368124823858643,0
Umu,upper,bc_spectrum_and_normalization,unknowable; factor scenario,3.9,4.2,1,-0.8085732683734803,1.533680902004142,-0.8085732683734803,1.533680902004142,1.533680902004142,0
Umu,upper,bc_spectrum_and_normalization,unknowable; factor scenario,4.2,4.5,2,,,,,,4
Umu,upper,bc_spectrum_and_normalization,unknowable; factor scenario,4.5,4.8,1,,,,,,2
Umu,upper,bc_spectrum_and_normalization,unknowable; factor scenario,4.8,5.1,2,,,,,,4
Umu,upper,bc_spectrum_and_normalization,unknowable; factor scenario,5.1,5.3999999999999995,1,,,,,,2
Umu,upper,bc_spectrum_and_normalization,unknowable; factor scenario,5.3999999999999995,5.699999999999999,3,,,,,,6
Umu,upper,bc_spectrum_and_normalization,unknowable; factor scenario,5.7,6.0,1,,,,,,2
Umu,upper,bc_spectrum_and_normalization,unknowable; factor scenario,6.0,6.3,2,,,,,,4
Umu,upper,bc_spectrum_and_normalization,unknowable; factor scenario,6.3,6.6,1,,,,,,2
Umu,upper,bc_spectrum_and_normalization,unknowable; factor scenario,6.6,6.8999999999999995,2,,,,,,4
Umu,upper,bc_spectrum_and_normalization,unknowable; factor scenario,6.8999999999999995,7.199999999999999,1,,,,,,2
Umu,upper,bc_spectrum_and_normalization,unknowable; factor scenario,7.199999999999999,7.499999999999999,2,,,,,,4
Umu,upper,bc_spectrum_and_normalization,unknowable; factor scenario,7.5,7.8,1,,,,,,2
Umu,upper,bc_spectrum_and_normalization,unknowable; factor scenario,7.8,8.1,2,,,,,,4
Umu,upper,bc_spectrum_and_normalization,unknowable; factor scenario,8.4,8.700000000000001,1,,,,,,2
Umu,upper,bc_spectrum_and_normalization,unknowable; factor scenario,9.0,9.3,1,,,,,,2
Umu,upper,bc_spectrum_and_normalization,unknowable; factor scenario,9.299999999999999,9.6,1,,,,,,2
Umu,upper,bc_spectrum_and_normalization,unknowable; factor scenario,9.9,10.200000000000001,1,,,,,,2
Umu,upper,charged_kaon_parent_transport,unknowable; transport scenario,0.0,0.3,7,,,,,,14
Umu,upper,charged_kaon_parent_transport,unknowable; transport scenario,0.3,0.6,17,,,,,,34
Umu,upper,charged_kaon_parent_transport,unknowable; transport scenario,0.6,0.8999999999999999,12,0.0,0.0,0.0,0.0,0.0,12
Umu,upper,charged_kaon_parent_transport,unknowable; transport scenario,0.8999999999999999,1.2,12,0.0,0.0,0.0,0.0,0.0,0
Umu,upper,charged_kaon_parent_transport,unknowable; transport scenario,1.2,1.5,12,0.0,0.0,0.0,0.0,0.0,0
Umu,upper,charged_kaon_parent_transport,unknowable; transport scenario,1.5,1.8,12,0.0,0.0,0.0,0.0,0.0,0
Umu,upper,charged_kaon_parent_transport,unknowable; transport scenario,1.7999999999999998,2.0999999999999996,9,0.0,0.0,0.0,0.0,0.0,0
Umu,upper,charged_kaon_parent_transport,unknowable; transport scenario,2.1,2.4,1,0.0,0.0,0.0,0.0,0.0,0
Umu,upper,charged_kaon_parent_transport,unknowable; transport scenario,2.4,2.6999999999999997,2,0.0,0.0,0.0,0.0,0.0,0
Umu,upper,charged_kaon_parent_transport,unknowable; transport scenario,2.6999999999999997,2.9999999999999996,1,0.0,0.0,0.0,0.0,0.0,0
Umu,upper,charged_kaon_parent_transport,unknowable; transport scenario,3.0,3.3,2,0.0,0.0,0.0,0.0,0.0,0
Umu,upper,charged_kaon_parent_transport,unknowable; transport scenario,3.3,3.5999999999999996,1,0.0,0.0,0.0,0.0,0.0,0
Umu,upper,charged_kaon_parent_transport,unknowable; transport scenario,3.5999999999999996,3.8999999999999995,2,0.0,0.0,0.0,0.0,0.0,0
Umu,upper,charged_kaon_parent_transport,unknowable; transport scenario,3.9,4.2,1,0.0,0.0,0.0,0.0,0.0,0
Umu,upper,charged_kaon_parent_transport,unknowable; transport scenario,4.2,4.5,2,,,,,,4
Umu,upper,charged_kaon_parent_transport,unknowable; transport scenario,4.5,4.8,1,,,,,,2
Umu,upper,charged_kaon_parent_transport,unknowable; transport scenario,4.8,5.1,2,,,,,,4
Umu,upper,charged_kaon_parent_transport,unknowable; transport scenario,5.1,5.3999999999999995,1,,,,,,2
Umu,upper,charged_kaon_parent_transport,unknowable; transport scenario,5.3999999999999995,5.699999999999999,3,,,,,,6
Umu,upper,charged_kaon_parent_transport,unknowable; transport scenario,5.7,6.0,1,,,,,,2
Umu,upper,charged_kaon_parent_transport,unknowable; transport scenario,6.0,6.3,2,,,,,,4
Umu,upper,charged_kaon_parent_transport,unknowable; transport scenario,6.3,6.6,1,,,,,,2
Umu,upper,charged_kaon_parent_transport,unknowable; transport scenario,6.6,6.8999999999999995,2,,,,,,4
Umu,upper,charged_kaon_parent_transport,unknowable; transport scenario,6.8999999999999995,7.199999999999999,1,,,,,,2
Umu,upper,charged_kaon_parent_transport,unknowable; transport scenario,7.199999999999999,7.499999999999999,2,,,,,,4
Umu,upper,charged_kaon_parent_transport,unknowable; transport scenario,7.5,7.8,1,,,,,,2
Umu,upper,charged_kaon_parent_transport,unknowable; transport scenario,7.8,8.1,2,,,,,,4
Umu,upper,charged_kaon_parent_transport,unknowable; transport scenario,8.4,8.700000000000001,1,,,,,,2
Umu,upper,charged_kaon_parent_transport,unknowable; transport scenario,9.0,9.3,1,,,,,,2
Umu,upper,charged_kaon_parent_transport,unknowable; transport scenario,9.299999999999999,9.6,1,,,,,,2
Umu,upper,charged_kaon_parent_transport,unknowable; transport scenario,9.9,10.200000000000001,1,,,,,,2
Umu,upper,combined_physics_model_rss,"engineering envelope, not confidence interval",0.6,0.8999999999999999,6,-20.046127134835558,20.075369505307407,-20.117786062497302,20.196753287829374,20.196753287829374,0
Umu,upper,combined_physics_model_rss,"engineering envelope, not confidence interval",0.8999999999999999,1.2,12,-20.043359304751093,20.0783662462948,-20.140994543538106,20.200192095254145,20.200192095254145,0
Umu,upper,combined_physics_model_rss,"engineering envelope, not confidence interval",1.2,1.5,12,-20.079372515135667,20.084842058429775,-20.096995353112625,20.103669452873497,20.103669452873497,0
Umu,upper,combined_physics_model_rss,"engineering envelope, not confidence interval",1.5,1.8,12,-20.105956810425504,20.11885848085052,-20.213791019498416,20.304349247230014,20.304349247230014,0
Umu,upper,combined_physics_model_rss,"engineering envelope, not confidence interval",1.7999999999999998,2.0999999999999996,9,-20.143886377656894,20.191791415537065,-20.219890780655312,20.362054183510956,20.362054183510956,0
Umu,upper,combined_physics_model_rss,"engineering envelope, not confidence interval",2.1,2.4,1,-20.23972591113069,20.25717599268395,-20.23972591113069,20.25717599268395,20.25717599268395,0
Umu,upper,combined_physics_model_rss,"engineering envelope, not confidence interval",2.4,2.6999999999999997,2,-20.244648110130615,20.347027880414892,-20.257338279812988,20.41791434345157,20.41791434345157,0
Umu,upper,combined_physics_model_rss,"engineering envelope, not confidence interval",2.6999999999999997,2.9999999999999996,1,-20.397792993801357,20.431662357783644,-20.397792993801357,20.431662357783644,20.431662357783644,0
Umu,upper,combined_physics_model_rss,"engineering envelope, not confidence interval",3.0,3.3,2,-20.649715527650493,20.789642865581037,-20.710512047442176,20.90787317695142,20.90787317695142,0
Umu,upper,combined_physics_model_rss,"engineering envelope, not confidence interval",3.3,3.5999999999999996,1,-20.997645886302983,21.220715226524266,-20.997645886302983,21.220715226524266,21.220715226524266,0
Umu,upper,combined_physics_model_rss,"engineering envelope, not confidence interval",3.5999999999999996,3.8999999999999995,2,-22.098335712157542,22.287562898074263,-22.75281566076721,22.959603036422195,22.959603036422195,0
Umu,upper,combined_physics_model_rss,"engineering envelope, not confidence interval",3.9,4.2,1,-30.034913269280494,27.82426408348906,-30.034913269280494,27.82426408348906,30.034913269280494,0
Umu,upper,csv_8_digit_serialization,quantitatively dismissed by rounding bound,0.0,0.3,7,,,,,,14
Umu,upper,csv_8_digit_serialization,quantitatively dismissed by rounding bound,0.3,0.6,17,,,,,,34
Umu,upper,csv_8_digit_serialization,quantitatively dismissed by rounding bound,0.6,0.8999999999999999,12,-1.9026556385970395e-06,1.9026548447875768e-06,-3.0815983653731394e-06,3.081597177434503e-06,3.0815983653731394e-06,12
Umu,upper,csv_8_digit_serialization,quantitatively dismissed by rounding bound,0.8999999999999999,1.2,12,-1.4925445268598736e-06,1.4925439217883252e-06,-2.698364509612361e-06,2.698363510411639e-06,2.698364509612361e-06,0
Umu,upper,csv_8_digit_serialization,quantitatively dismissed by rounding bound,1.2,1.5,12,-2.022238293486467e-06,2.0222375218814648e-06,-2.2351709927370678e-06,2.2351702044787203e-06,2.2351709927370678e-06,0
Umu,upper,csv_8_digit_serialization,quantitatively dismissed by rounding bound,1.5,1.8,12,-2.3593450304559838e-06,2.3593440645619523e-06,-3.839264950400434e-06,3.839263484906041e-06,3.839264950400434e-06,0
Umu,upper,csv_8_digit_serialization,quantitatively dismissed by rounding bound,1.7999999999999998,2.0999999999999996,9,-3.051257468911217e-06,3.05125624766589e-06,-4.188932745119445e-06,4.188931268522822e-06,4.188932745119445e-06,0
Umu,upper,csv_8_digit_serialization,quantitatively dismissed by rounding bound,2.1,2.4,1,-3.5287943900286223e-06,3.5287931021699137e-06,-3.5287943900286223e-06,3.5287931021699137e-06,3.5287943900286223e-06,0
Umu,upper,csv_8_digit_serialization,quantitatively dismissed by rounding bound,2.4,2.6999999999999997,2,-3.5699517730858332e-06,3.569950457471549e-06,-3.657034441939544e-06,3.657033142978605e-06,3.657034441939544e-06,0
Umu,upper,csv_8_digit_serialization,quantitatively dismissed by rounding bound,2.6999999999999997,2.9999999999999996,1,-4.600280822941727e-06,4.6002791798116505e-06,-4.600280822941727e-06,4.6002791798116505e-06,4.600280822941727e-06,0
Umu,upper,csv_8_digit_serialization,quantitatively dismissed by rounding bound,3.0,3.3,2,-6.2063923500499385e-06,6.2063903905063e-06,-6.680658826141439e-06,6.680656827739995e-06,6.680658826141439e-06,0
Umu,upper,csv_8_digit_serialization,quantitatively dismissed by rounding bound,3.3,3.5999999999999996,1,-7.782506039610837e-06,7.782503375075578e-06,-7.782506039610837e-06,7.782503375075578e-06,7.782506039610837e-06,0
Umu,upper,csv_8_digit_serialization,quantitatively dismissed by rounding bound,3.5999999999999996,3.8999999999999995,2,-1.0659788540756665e-05,1.0659785310007663e-05,-1.232022097674701e-05,1.232021737962441e-05,1.232022097674701e-05,0
Umu,upper,csv_8_digit_serialization,quantitatively dismissed by rounding bound,3.9,4.2,1,-2.2487587303388068e-05,2.2487583573038705e-05,-2.2487587303388068e-05,2.2487583573038705e-05,2.2487587303388068e-05,0
Umu,upper,csv_8_digit_serialization,quantitatively dismissed by rounding bound,4.2,4.5,2,,,,,,4
Umu,upper,csv_8_digit_serialization,quantitatively dismissed by rounding bound,4.5,4.8,1,,,,,,2
Umu,upper,csv_8_digit_serialization,quantitatively dismissed by rounding bound,4.8,5.1,2,,,,,,4
Umu,upper,csv_8_digit_serialization,quantitatively dismissed by rounding bound,5.1,5.3999999999999995,1,,,,,,2
Umu,upper,csv_8_digit_serialization,quantitatively dismissed by rounding bound,5.3999999999999995,5.699999999999999,3,,,,,,6
Umu,upper,csv_8_digit_serialization,quantitatively dismissed by rounding bound,5.7,6.0,1,,,,,,2
Umu,upper,csv_8_digit_serialization,quantitatively dismissed by rounding bound,6.0,6.3,2,,,,,,4
Umu,upper,csv_8_digit_serialization,quantitatively dismissed by rounding bound,6.3,6.6,1,,,,,,2
Umu,upper,csv_8_digit_serialization,quantitatively dismissed by rounding bound,6.6,6.8999999999999995,2,,,,,,4
Umu,upper,csv_8_digit_serialization,quantitatively dismissed by rounding bound,6.8999999999999995,7.199999999999999,1,,,,,,2
Umu,upper,csv_8_digit_serialization,quantitatively dismissed by rounding bound,7.199999999999999,7.499999999999999,2,,,,,,4
Umu,upper,csv_8_digit_serialization,quantitatively dismissed by rounding bound,7.5,7.8,1,,,,,,2
Umu,upper,csv_8_digit_serialization,quantitatively dismissed by rounding bound,7.8,8.1,2,,,,,,4
Umu,upper,csv_8_digit_serialization,quantitatively dismissed by rounding bound,8.4,8.700000000000001,1,,,,,,2
Umu,upper,csv_8_digit_serialization,quantitatively dismissed by rounding bound,9.0,9.3,1,,,,,,2
Umu,upper,csv_8_digit_serialization,quantitatively dismissed by rounding bound,9.299999999999999,9.6,1,,,,,,2
Umu,upper,csv_8_digit_serialization,quantitatively dismissed by rounding bound,9.9,10.200000000000001,1,,,,,,2
Umu,upper,current_code_rerun_proxy,direct code calculation; finite-MC proxy,0.0,0.3,7,,,,,,14
Umu,upper,current_code_rerun_proxy,direct code calculation; finite-MC proxy,0.3,0.6,17,,,,,,34
Umu,upper,current_code_rerun_proxy,direct code calculation; finite-MC proxy,0.6,0.8999999999999999,12,0.0,0.0,-4.662936703425657e-13,4.082689741835566e-09,4.082689741835566e-09,12
Umu,upper,current_code_rerun_proxy,direct code calculation; finite-MC proxy,0.8999999999999999,1.2,12,-1.0547118733938987e-13,-1.0547118733938987e-13,-2.44804176929847e-10,9.812106682716148e-09,9.812106682716148e-09,0
Umu,upper,current_code_rerun_proxy,direct code calculation; finite-MC proxy,1.2,1.5,12,7.878142582740111e-11,7.878142582740111e-11,-1.553202011450594e-10,4.538998887859691e-06,4.538998887859691e-06,0
Umu,upper,current_code_rerun_proxy,direct code calculation; finite-MC proxy,1.5,1.8,12,8.527178962935977e-09,8.527178962935977e-09,-7.571721027943568e-12,0.012509079262068568,0.012509079262068568,0
Umu,upper,current_code_rerun_proxy,direct code calculation; finite-MC proxy,1.7999999999999998,2.0999999999999996,9,1.2390279247043168e-06,1.2390279247043168e-06,0.0,0.0009482729195653405,0.0009482729195653405,0
Umu,upper,current_code_rerun_proxy,direct code calculation; finite-MC proxy,2.1,2.4,1,9.901055531003067e-08,9.901055531003067e-08,9.901055531003067e-08,9.901055531003067e-08,9.901055531003067e-08,0
Umu,upper,current_code_rerun_proxy,direct code calculation; finite-MC proxy,2.4,2.6999999999999997,2,0.00493472121562144,0.00493472121562144,0.004855065238662526,0.005014377192580355,0.005014377192580355,0
Umu,upper,current_code_rerun_proxy,direct code calculation; finite-MC proxy,2.6999999999999997,2.9999999999999996,1,0.0006375278694292774,0.0006375278694292774,0.0006375278694292774,0.0006375278694292774,0.0006375278694292774,0
Umu,upper,current_code_rerun_proxy,direct code calculation; finite-MC proxy,3.0,3.3,2,0.00013626445799497233,0.00013626445799497233,1.9430304476486526e-06,0.000270585885542296,0.000270585885542296,0
Umu,upper,current_code_rerun_proxy,direct code calculation; finite-MC proxy,3.3,3.5999999999999996,1,0.0,0.0,0.0,0.0,0.0,0
Umu,upper,current_code_rerun_proxy,direct code calculation; finite-MC proxy,3.5999999999999996,3.8999999999999995,2,0.0,0.0,0.0,0.0,0.0,0
Umu,upper,current_code_rerun_proxy,direct code calculation; finite-MC proxy,3.9,4.2,1,0.0,0.0,0.0,0.0,0.0,0
Umu,upper,current_code_rerun_proxy,direct code calculation; finite-MC proxy,4.2,4.5,2,,,,,,4
Umu,upper,current_code_rerun_proxy,direct code calculation; finite-MC proxy,4.5,4.8,1,,,,,,2
Umu,upper,current_code_rerun_proxy,direct code calculation; finite-MC proxy,4.8,5.1,2,,,,,,4
Umu,upper,current_code_rerun_proxy,direct code calculation; finite-MC proxy,5.1,5.3999999999999995,1,,,,,,2
Umu,upper,current_code_rerun_proxy,direct code calculation; finite-MC proxy,5.3999999999999995,5.699999999999999,3,,,,,,6
Umu,upper,current_code_rerun_proxy,direct code calculation; finite-MC proxy,5.7,6.0,1,,,,,,2
Umu,upper,current_code_rerun_proxy,direct code calculation; finite-MC proxy,6.0,6.3,2,,,,,,4
Umu,upper,current_code_rerun_proxy,direct code calculation; finite-MC proxy,6.3,6.6,1,,,,,,2
Umu,upper,current_code_rerun_proxy,direct code calculation; finite-MC proxy,6.6,6.8999999999999995,2,,,,,,4
Umu,upper,current_code_rerun_proxy,direct code calculation; finite-MC proxy,6.8999999999999995,7.199999999999999,1,,,,,,2
Umu,upper,current_code_rerun_proxy,direct code calculation; finite-MC proxy,7.199999999999999,7.499999999999999,2,,,,,,4
Umu,upper,current_code_rerun_proxy,direct code calculation; finite-MC proxy,7.5,7.8,1,,,,,,2
Umu,upper,current_code_rerun_proxy,direct code calculation; finite-MC proxy,7.8,8.1,2,,,,,,4
Umu,upper,current_code_rerun_proxy,direct code calculation; finite-MC proxy,8.4,8.700000000000001,1,,,,,,2
Umu,upper,current_code_rerun_proxy,direct code calculation; finite-MC proxy,9.0,9.3,1,,,,,,2
Umu,upper,current_code_rerun_proxy,direct code calculation; finite-MC proxy,9.299999999999999,9.6,1,,,,,,2
Umu,upper,current_code_rerun_proxy,direct code calculation; finite-MC proxy,9.9,10.200000000000001,1,,,,,,2
Umu,upper,detector_reconstruction_efficiency,unknowable; efficiency scenario,0.0,0.3,7,,,,,,14
Umu,upper,detector_reconstruction_efficiency,unknowable; efficiency scenario,0.3,0.6,17,,,,,,34
Umu,upper,detector_reconstruction_efficiency,unknowable; efficiency scenario,0.6,0.8999999999999999,12,-5.677681813942964,0.0,-7.210719159310807,0.0,7.210719159310807,12
Umu,upper,detector_reconstruction_efficiency,unknowable; efficiency scenario,0.8999999999999999,1.2,12,-6.434482131771768,0.0,-7.8682248606872225,0.0,7.8682248606872225,0
Umu,upper,detector_reconstruction_efficiency,unknowable; efficiency scenario,1.2,1.5,12,-8.437042620189578,0.0,-8.978767635944873,0.0,8.978767635944873,0
Umu,upper,detector_reconstruction_efficiency,unknowable; efficiency scenario,1.5,1.8,12,-8.924245305904632,0.0,-9.819486200148697,0.0,9.819486200148697,0
Umu,upper,detector_reconstruction_efficiency,unknowable; efficiency scenario,1.7999999999999998,2.0999999999999996,9,-10.162067342233206,0.0,-10.775043396374183,0.0,10.775043396374183,0
Umu,upper,detector_reconstruction_efficiency,unknowable; efficiency scenario,2.1,2.4,1,-11.70072961581491,0.0,-11.70072961581491,0.0,11.70072961581491,0
Umu,upper,detector_reconstruction_efficiency,unknowable; efficiency scenario,2.4,2.6999999999999997,2,-13.793531425909045,0.0,-14.466982999216171,0.0,14.466982999216171,0
Umu,upper,detector_reconstruction_efficiency,unknowable; efficiency scenario,2.6999999999999997,2.9999999999999996,1,-16.87842076173679,0.0,-16.87842076173679,0.0,16.87842076173679,0
Umu,upper,detector_reconstruction_efficiency,unknowable; efficiency scenario,3.0,3.3,2,-21.096946616068113,0.0,-22.75025686184613,0.0,22.75025686184613,0
Umu,upper,detector_reconstruction_efficiency,unknowable; efficiency scenario,3.3,3.5999999999999996,1,-28.169968480202222,0.0,-28.169968480202222,0.0,28.169968480202222,0
Umu,upper,detector_reconstruction_efficiency,unknowable; efficiency scenario,3.5999999999999996,3.8999999999999995,2,-36.06755243696974,0.0,-36.06755243696974,0.0,36.06755243696974,1
Umu,upper,detector_reconstruction_efficiency,unknowable; efficiency scenario,3.9,4.2,1,,0.0,0.0,0.0,0.0,1
Umu,upper,detector_reconstruction_efficiency,unknowable; efficiency scenario,4.2,4.5,2,,,,,,4
Umu,upper,detector_reconstruction_efficiency,unknowable; efficiency scenario,4.5,4.8,1,,,,,,2
Umu,upper,detector_reconstruction_efficiency,unknowable; efficiency scenario,4.8,5.1,2,,,,,,4
Umu,upper,detector_reconstruction_efficiency,unknowable; efficiency scenario,5.1,5.3999999999999995,1,,,,,,2
Umu,upper,detector_reconstruction_efficiency,unknowable; efficiency scenario,5.3999999999999995,5.699999999999999,3,,,,,,6
Umu,upper,detector_reconstruction_efficiency,unknowable; efficiency scenario,5.7,6.0,1,,,,,,2
Umu,upper,detector_reconstruction_efficiency,unknowable; efficiency scenario,6.0,6.3,2,,,,,,4
Umu,upper,detector_reconstruction_efficiency,unknowable; efficiency scenario,6.3,6.6,1,,,,,,2
Umu,upper,detector_reconstruction_efficiency,unknowable; efficiency scenario,6.6,6.8999999999999995,2,,,,,,4
Umu,upper,detector_reconstruction_efficiency,unknowable; efficiency scenario,6.8999999999999995,7.199999999999999,1,,,,,,2
Umu,upper,detector_reconstruction_efficiency,unknowable; efficiency scenario,7.199999999999999,7.499999999999999,2,,,,,,4
Umu,upper,detector_reconstruction_efficiency,unknowable; efficiency scenario,7.5,7.8,1,,,,,,2
Umu,upper,detector_reconstruction_efficiency,unknowable; efficiency scenario,7.8,8.1,2,,,,,,4
Umu,upper,detector_reconstruction_efficiency,unknowable; efficiency scenario,8.4,8.700000000000001,1,,,,,,2
Umu,upper,detector_reconstruction_efficiency,unknowable; efficiency scenario,9.0,9.3,1,,,,,,2
Umu,upper,detector_reconstruction_efficiency,unknowable; efficiency scenario,9.299999999999999,9.6,1,,,,,,2
Umu,upper,detector_reconstruction_efficiency,unknowable; efficiency scenario,9.9,10.200000000000001,1,,,,,,2
Umu,upper,exclusive_channel_closure_and_weak_cascades,proxy/reweight estimate,0.0,0.3,7,,,,,,14
Umu,upper,exclusive_channel_closure_and_weak_cascades,proxy/reweight estimate,0.3,0.6,17,,,,,,34
Umu,upper,exclusive_channel_closure_and_weak_cascades,proxy/reweight estimate,0.6,0.8999999999999999,12,2.445599278644295e-10,9.782730181484567e-10,4.440892098500626e-14,0.00020235079762898067,0.00020235079762898067,12
Umu,upper,exclusive_channel_closure_and_weak_cascades,proxy/reweight estimate,0.8999999999999999,1.2,12,6.436029675871424e-06,2.5743780096565416e-05,5.776452649541852e-08,0.12185694942481451,0.12185694942481451,0
Umu,upper,exclusive_channel_closure_and_weak_cascades,proxy/reweight estimate,1.2,1.5,12,0.00018798987430068692,0.0007518645424919868,4.547441401214769e-06,0.004358368269752333,0.004358368269752333,0
Umu,upper,exclusive_channel_closure_and_weak_cascades,proxy/reweight estimate,1.5,1.8,12,6.864627482006114e-05,0.0002745713415519546,1.0583842691147538e-07,0.0042303554658618125,0.0042303554658618125,0
Umu,upper,exclusive_channel_closure_and_weak_cascades,proxy/reweight estimate,1.7999999999999998,2.0999999999999996,9,5.600030590358074e-05,0.00022399734784794845,8.842167886768948e-07,0.01751205152296098,0.01751205152296098,0
Umu,upper,exclusive_channel_closure_and_weak_cascades,proxy/reweight estimate,2.1,2.4,1,0.0017841338845414612,0.007132767059658818,0.0017841338845414612,0.007132767059658818,0.007132767059658818,0
Umu,upper,exclusive_channel_closure_and_weak_cascades,proxy/reweight estimate,2.4,2.6999999999999997,2,0.0022309201456738315,0.008914838668083735,0.0012913610481168902,0.01266634387204757,0.01266634387204757,0
Umu,upper,exclusive_channel_closure_and_weak_cascades,proxy/reweight estimate,2.6999999999999997,2.9999999999999996,1,0.00954837632407557,0.0381212483545168,0.00954837632407557,0.0381212483545168,0.0381212483545168,0
Umu,upper,exclusive_channel_closure_and_weak_cascades,proxy/reweight estimate,3.0,3.3,2,0.0038925667586675594,0.01555881395953751,0.0018112769158751263,0.023874979883720115,0.023874979883720115,0
Umu,upper,exclusive_channel_closure_and_weak_cascades,proxy/reweight estimate,3.3,3.5999999999999996,1,0.01769678639067518,0.07065144475864038,0.01769678639067518,0.07065144475864038,0.07065144475864038,0
Umu,upper,exclusive_channel_closure_and_weak_cascades,proxy/reweight estimate,3.5999999999999996,3.8999999999999995,2,0.02960478230490393,0.11809305789173274,0.022545095835324602,0.14622048971639767,0.14622048971639767,0
Umu,upper,exclusive_channel_closure_and_weak_cascades,proxy/reweight estimate,3.9,4.2,1,0.07116254645676001,0.283123816750841,0.07116254645676001,0.283123816750841,0.283123816750841,0
Umu,upper,exclusive_channel_closure_and_weak_cascades,proxy/reweight estimate,4.2,4.5,2,,,,,,4
Umu,upper,exclusive_channel_closure_and_weak_cascades,proxy/reweight estimate,4.5,4.8,1,,,,,,2
Umu,upper,exclusive_channel_closure_and_weak_cascades,proxy/reweight estimate,4.8,5.1,2,,,,,,4
Umu,upper,exclusive_channel_closure_and_weak_cascades,proxy/reweight estimate,5.1,5.3999999999999995,1,,,,,,2
Umu,upper,exclusive_channel_closure_and_weak_cascades,proxy/reweight estimate,5.3999999999999995,5.699999999999999,3,,,,,,6
Umu,upper,exclusive_channel_closure_and_weak_cascades,proxy/reweight estimate,5.7,6.0,1,,,,,,2
Umu,upper,exclusive_channel_closure_and_weak_cascades,proxy/reweight estimate,6.0,6.3,2,,,,,,4
Umu,upper,exclusive_channel_closure_and_weak_cascades,proxy/reweight estimate,6.3,6.6,1,,,,,,2
Umu,upper,exclusive_channel_closure_and_weak_cascades,proxy/reweight estimate,6.6,6.8999999999999995,2,,,,,,4
Umu,upper,exclusive_channel_closure_and_weak_cascades,proxy/reweight estimate,6.8999999999999995,7.199999999999999,1,,,,,,2
Umu,upper,exclusive_channel_closure_and_weak_cascades,proxy/reweight estimate,7.199999999999999,7.499999999999999,2,,,,,,4
Umu,upper,exclusive_channel_closure_and_weak_cascades,proxy/reweight estimate,7.5,7.8,1,,,,,,2
Umu,upper,exclusive_channel_closure_and_weak_cascades,proxy/reweight estimate,7.8,8.1,2,,,,,,4
Umu,upper,exclusive_channel_closure_and_weak_cascades,proxy/reweight estimate,8.4,8.700000000000001,1,,,,,,2
Umu,upper,exclusive_channel_closure_and_weak_cascades,proxy/reweight estimate,9.0,9.3,1,,,,,,2
Umu,upper,exclusive_channel_closure_and_weak_cascades,proxy/reweight estimate,9.299999999999999,9.6,1,,,,,,2
Umu,upper,exclusive_channel_closure_and_weak_cascades,proxy/reweight estimate,9.9,10.200000000000001,1,,,,,,2
Umu,upper,flat_ew_kfactor_and_wz_mixture,literature-informed range,0.0,0.3,7,,,,,,14
Umu,upper,flat_ew_kfactor_and_wz_mixture,literature-informed range,0.3,0.6,17,,,,,,34
Umu,upper,flat_ew_kfactor_and_wz_mixture,literature-informed range,0.6,0.8999999999999999,12,-1.3242476507898449,1.2486125445469454,-2.058966168016152,2.0299649972539413,2.058966168016152,12
Umu,upper,flat_ew_kfactor_and_wz_mixture,literature-informed range,0.8999999999999999,1.2,12,-1.308289084692832,1.2749498139779658,-2.350222535774371,2.067293241537671,2.350222535774371,0
Umu,upper,flat_ew_kfactor_and_wz_mixture,literature-informed range,1.2,1.5,12,-1.7668063131415834,1.3267315069307561,-1.9522392122189647,1.468086209222097,1.9522392122189647,0
Umu,upper,flat_ew_kfactor_and_wz_mixture,literature-informed range,1.5,1.8,12,-1.9968147885787213,1.6416321091287434,-2.890557153629625,2.532409092216903,2.890557153629625,0
Umu,upper,flat_ew_kfactor_and_wz_mixture,literature-informed range,1.7999999999999998,2.0999999999999996,9,-2.373148700315786,2.0001992830444904,-2.9295956667924616,2.7670836679213995,2.9295956667924616,0
Umu,upper,flat_ew_kfactor_and_wz_mixture,literature-informed range,2.1,2.4,1,-3.057087060828867,2.324188685873718,-3.057087060828867,2.324188685873718,3.057087060828867,0
Umu,upper,flat_ew_kfactor_and_wz_mixture,literature-informed range,2.4,2.6999999999999997,2,-3.0848255386273116,2.733939215909964,-3.166644647010064,3.0580172219033086,3.166644647010064,0
Umu,upper,flat_ew_kfactor_and_wz_mixture,literature-informed range,2.6999999999999997,2.9999999999999996,1,-3.913802269466926,3.013113472719664,-3.913802269466926,3.013113472719664,3.913802269466926,0
Umu,upper,flat_ew_kfactor_and_wz_mixture,literature-informed range,3.0,3.3,2,-4.931550330018264,4.112111829111342,-5.143781406453796,4.4331420947512745,5.143781406453796,0
Umu,upper,flat_ew_kfactor_and_wz_mixture,literature-informed range,3.3,3.5999999999999996,1,-6.1269824119596255,5.165252792023822,-6.1269824119596255,5.165252792023822,6.1269824119596255,0
Umu,upper,flat_ew_kfactor_and_wz_mixture,literature-informed range,3.5999999999999996,3.8999999999999995,2,-8.885100661208712,7.115429601899281,-10.349376416629209,8.264988012872788,10.349376416629209,0
Umu,upper,flat_ew_kfactor_and_wz_mixture,literature-informed range,3.9,4.2,1,-21.292377540850016,14.075861410063517,-21.292377540850016,14.075861410063517,21.292377540850016,0
Umu,upper,flat_ew_kfactor_and_wz_mixture,literature-informed range,4.2,4.5,2,,,,,,3
Umu,upper,flat_ew_kfactor_and_wz_mixture,literature-informed range,4.5,4.8,1,,,,,,2
Umu,upper,flat_ew_kfactor_and_wz_mixture,literature-informed range,4.8,5.1,2,,,,,,4
Umu,upper,flat_ew_kfactor_and_wz_mixture,literature-informed range,5.1,5.3999999999999995,1,,,,,,2
Umu,upper,flat_ew_kfactor_and_wz_mixture,literature-informed range,5.3999999999999995,5.699999999999999,3,,,,,,6
Umu,upper,flat_ew_kfactor_and_wz_mixture,literature-informed range,5.7,6.0,1,,,,,,2
Umu,upper,flat_ew_kfactor_and_wz_mixture,literature-informed range,6.0,6.3,2,,,,,,4
Umu,upper,flat_ew_kfactor_and_wz_mixture,literature-informed range,6.3,6.6,1,,,,,,2
Umu,upper,flat_ew_kfactor_and_wz_mixture,literature-informed range,6.6,6.8999999999999995,2,,,,,,4
Umu,upper,flat_ew_kfactor_and_wz_mixture,literature-informed range,6.8999999999999995,7.199999999999999,1,,,,,,2
Umu,upper,flat_ew_kfactor_and_wz_mixture,literature-informed range,7.199999999999999,7.499999999999999,2,,,,,,4
Umu,upper,flat_ew_kfactor_and_wz_mixture,literature-informed range,7.5,7.8,1,,,,,,2
Umu,upper,flat_ew_kfactor_and_wz_mixture,literature-informed range,7.8,8.1,2,,,,,,4
Umu,upper,flat_ew_kfactor_and_wz_mixture,literature-informed range,8.4,8.700000000000001,1,,,,,,2
Umu,upper,flat_ew_kfactor_and_wz_mixture,literature-informed range,9.0,9.3,1,,,,,,2
Umu,upper,flat_ew_kfactor_and_wz_mixture,literature-informed range,9.299999999999999,9.6,1,,,,,,2
Umu,upper,flat_ew_kfactor_and_wz_mixture,literature-informed range,9.9,10.200000000000001,1,,,,,,2
Umu,upper,fonll_bottom_scale_pdf,literature-informed range,0.0,0.3,7,,,,,,14
Umu,upper,fonll_bottom_scale_pdf,literature-informed range,0.3,0.6,17,,,,,,34
Umu,upper,fonll_bottom_scale_pdf,literature-informed range,0.6,0.8999999999999999,12,-5.041966844032686e-10,5.041522754822836e-10,-0.00027719974198259223,0.0002771885580843403,0.00027719974198259223,12
Umu,upper,fonll_bottom_scale_pdf,literature-informed range,0.8999999999999999,1.2,12,-2.1712984521471412e-06,2.1712970088572092e-06,-0.0036710347628643447,0.0036640641652097017,0.0036710347628643447,0
Umu,upper,fonll_bottom_scale_pdf,literature-informed range,1.2,1.5,12,-8.169796994472733e-06,8.169747545139217e-06,-0.0007984485782430717,0.0007982264179862142,0.0007984485782430717,0
Umu,upper,fonll_bottom_scale_pdf,literature-informed range,1.5,1.8,12,-5.670895259490827e-05,5.670845936167623e-05,-0.0009652235790746921,0.0009647144067592706,0.0009652235790746921,0
Umu,upper,fonll_bottom_scale_pdf,literature-informed range,1.7999999999999998,2.0999999999999996,9,-0.0003360154011811112,0.000335992146238695,-0.02637360110342435,0.026247073670115917,0.02637360110342435,0
Umu,upper,fonll_bottom_scale_pdf,literature-informed range,2.1,2.4,1,-0.010718016218025372,0.010695385423975523,-0.010718016218025372,0.010695385423975523,0.010718016218025372,0
Umu,upper,fonll_bottom_scale_pdf,literature-informed range,2.4,2.6999999999999997,2,-0.013416584564229783,0.013363432721169577,-0.019077605224326888,0.018983974537811754,0.019077605224326888,0
Umu,upper,fonll_bottom_scale_pdf,literature-informed range,2.6999999999999997,2.9999999999999996,1,-0.05754475912225221,0.057109842707325775,-0.05754475912225221,0.057109842707325775,0.05754475912225221,0
Umu,upper,fonll_bottom_scale_pdf,literature-informed range,3.0,3.3,2,-0.02339559315379658,0.023326783076738078,-0.03591490638205075,0.03579205234007787,0.03591490638205075,0
Umu,upper,fonll_bottom_scale_pdf,literature-informed range,3.3,3.5999999999999996,1,-0.10665870606723082,0.10584189661746457,-0.10665870606723082,0.10584189661746457,0.10665870606723082,0
Umu,upper,fonll_bottom_scale_pdf,literature-informed range,3.5999999999999996,3.8999999999999995,2,-0.1787805283166355,0.1768150110261213,-0.22153285739767714,0.21889549483111725,0.22153285739767714,0
Umu,upper,fonll_bottom_scale_pdf,literature-informed range,3.9,4.2,1,-0.4324134986676498,0.423172775602465,-0.4324134986676498,0.423172775602465,0.4324134986676498,0
Umu,upper,fonll_bottom_scale_pdf,literature-informed range,4.2,4.5,2,,,,,,4
Umu,upper,fonll_bottom_scale_pdf,literature-informed range,4.5,4.8,1,,,,,,2
Umu,upper,fonll_bottom_scale_pdf,literature-informed range,4.8,5.1,2,,,,,,4
Umu,upper,fonll_bottom_scale_pdf,literature-informed range,5.1,5.3999999999999995,1,,,,,,2
Umu,upper,fonll_bottom_scale_pdf,literature-informed range,5.3999999999999995,5.699999999999999,3,,,,,,6
Umu,upper,fonll_bottom_scale_pdf,literature-informed range,5.7,6.0,1,,,,,,2
Umu,upper,fonll_bottom_scale_pdf,literature-informed range,6.0,6.3,2,,,,,,4
Umu,upper,fonll_bottom_scale_pdf,literature-informed range,6.3,6.6,1,,,,,,2
Umu,upper,fonll_bottom_scale_pdf,literature-informed range,6.6,6.8999999999999995,2,,,,,,4
Umu,upper,fonll_bottom_scale_pdf,literature-informed range,6.8999999999999995,7.199999999999999,1,,,,,,2
Umu,upper,fonll_bottom_scale_pdf,literature-informed range,7.199999999999999,7.499999999999999,2,,,,,,4
Umu,upper,fonll_bottom_scale_pdf,literature-informed range,7.5,7.8,1,,,,,,2
Umu,upper,fonll_bottom_scale_pdf,literature-informed range,7.8,8.1,2,,,,,,4
Umu,upper,fonll_bottom_scale_pdf,literature-informed range,8.4,8.700000000000001,1,,,,,,2
Umu,upper,fonll_bottom_scale_pdf,literature-informed range,9.0,9.3,1,,,,,,2
Umu,upper,fonll_bottom_scale_pdf,literature-informed range,9.299999999999999,9.6,1,,,,,,2
Umu,upper,fonll_bottom_scale_pdf,literature-informed range,9.9,10.200000000000001,1,,,,,,2
Umu,upper,fonll_charm_scale_pdf,literature-informed range,0.0,0.3,7,,,,,,14
Umu,upper,fonll_charm_scale_pdf,literature-informed range,0.3,0.6,17,,,,,,34
Umu,upper,fonll_charm_scale_pdf,literature-informed range,0.6,0.8999999999999999,12,-6.421863041339293e-10,8.027023490342344e-10,-0.0001424579410991278,0.000178067580502983,0.000178067580502983,12
Umu,upper,fonll_charm_scale_pdf,literature-informed range,0.8999999999999999,1.2,12,-1.3358348843750534e-05,1.669780725910286e-05,-0.12462246796922649,0.15189734928080512,0.15189734928080512,0
Umu,upper,fonll_charm_scale_pdf,literature-informed range,1.2,1.5,12,-0.0007469558421124844,0.0009333972643577049,-0.004360837890893254,0.005443511076652641,0.005443511076652641,0
Umu,upper,fonll_charm_scale_pdf,literature-informed range,1.5,1.8,12,-1.974761854039997e-07,2.468452553472389e-07,-0.004195455225264322,0.0052410145346515336,0.0052410145346515336,0
Umu,upper,fonll_charm_scale_pdf,literature-informed range,1.7999999999999998,2.0999999999999996,9,0.0,0.0,-3.3861802251067274e-12,4.285460875053104e-12,4.285460875053104e-12,0
Umu,upper,fonll_charm_scale_pdf,literature-informed range,2.1,2.4,1,0.0,0.0,0.0,0.0,0.0,0
Umu,upper,fonll_charm_scale_pdf,literature-informed range,2.4,2.6999999999999997,2,0.0,0.0,0.0,0.0,0.0,0
Umu,upper,fonll_charm_scale_pdf,literature-informed range,2.6999999999999997,2.9999999999999996,1,0.0,0.0,0.0,0.0,0.0,0
Umu,upper,fonll_charm_scale_pdf,literature-informed range,3.0,3.3,2,0.0,0.0,0.0,0.0,0.0,0
Umu,upper,fonll_charm_scale_pdf,literature-informed range,3.3,3.5999999999999996,1,0.0,0.0,0.0,0.0,0.0,0
Umu,upper,fonll_charm_scale_pdf,literature-informed range,3.5999999999999996,3.8999999999999995,2,0.0,0.0,0.0,0.0,0.0,0
Umu,upper,fonll_charm_scale_pdf,literature-informed range,3.9,4.2,1,0.0,0.0,0.0,0.0,0.0,0
Umu,upper,fonll_charm_scale_pdf,literature-informed range,4.2,4.5,2,,,,,,4
Umu,upper,fonll_charm_scale_pdf,literature-informed range,4.5,4.8,1,,,,,,2
Umu,upper,fonll_charm_scale_pdf,literature-informed range,4.8,5.1,2,,,,,,4
Umu,upper,fonll_charm_scale_pdf,literature-informed range,5.1,5.3999999999999995,1,,,,,,2
Umu,upper,fonll_charm_scale_pdf,literature-informed range,5.3999999999999995,5.699999999999999,3,,,,,,6
Umu,upper,fonll_charm_scale_pdf,literature-informed range,5.7,6.0,1,,,,,,2
Umu,upper,fonll_charm_scale_pdf,literature-informed range,6.0,6.3,2,,,,,,4
Umu,upper,fonll_charm_scale_pdf,literature-informed range,6.3,6.6,1,,,,,,2
Umu,upper,fonll_charm_scale_pdf,literature-informed range,6.6,6.8999999999999995,2,,,,,,4
Umu,upper,fonll_charm_scale_pdf,literature-informed range,6.8999999999999995,7.199999999999999,1,,,,,,2
Umu,upper,fonll_charm_scale_pdf,literature-informed range,7.199999999999999,7.499999999999999,2,,,,,,4
Umu,upper,fonll_charm_scale_pdf,literature-informed range,7.5,7.8,1,,,,,,2
Umu,upper,fonll_charm_scale_pdf,literature-informed range,7.8,8.1,2,,,,,,4
Umu,upper,fonll_charm_scale_pdf,literature-informed range,8.4,8.700000000000001,1,,,,,,2
Umu,upper,fonll_charm_scale_pdf,literature-informed range,9.0,9.3,1,,,,,,2
Umu,upper,fonll_charm_scale_pdf,literature-informed range,9.299999999999999,9.6,1,,,,,,2
Umu,upper,fonll_charm_scale_pdf,literature-informed range,9.9,10.200000000000001,1,,,,,,2
Umu,upper,fragmentation_fraction_extrapolation,literature-informed range,0.0,0.3,7,,,,,,14
Umu,upper,fragmentation_fraction_extrapolation,literature-informed range,0.3,0.6,17,,,,,,34
Umu,upper,fragmentation_fraction_extrapolation,literature-informed range,0.6,0.8999999999999999,12,-4.929279207033233e-10,4.928613073218457e-10,-0.00013878779180354073,0.00013878498801300765,0.00013878779180354073,12
Umu,upper,fragmentation_fraction_extrapolation,literature-informed range,0.8999999999999999,1.2,12,-1.3321604802607467e-05,1.332147846477838e-05,-0.04640548237595521,0.04601635013965488,0.04640548237595521,0
Umu,upper,fragmentation_fraction_extrapolation,literature-informed range,1.2,1.5,12,-0.00028374429132949075,0.00028370814074696327,-0.0016368573960590105,0.0016361014349097758,0.0016368573960590105,0
Umu,upper,fragmentation_fraction_extrapolation,literature-informed range,1.5,1.8,12,-0.00012506581884563772,0.0001250618958281713,-0.001600981613358865,0.0016006381666988645,0.001600981613358865,0
Umu,upper,fragmentation_fraction_extrapolation,literature-informed range,1.7999999999999998,2.0999999999999996,9,-0.00016800479359924125,0.0001679989797720438,-0.01317092756644156,0.013139295844877275,0.01317092756644156,0
Umu,upper,fragmentation_fraction_extrapolation,literature-informed range,2.1,2.4,1,-0.005356174776649514,0.005350517082902684,-0.005356174776649514,0.005350517082902684,0.005356174776649514,0
Umu,upper,fragmentation_fraction_extrapolation,literature-informed range,2.4,2.6999999999999997,2,-0.006701625721361459,0.006688337814408918,-0.009527055557956299,0.009503647992370468,0.009527055557956299,0
Umu,upper,fragmentation_fraction_extrapolation,literature-informed range,2.6999999999999997,2.9999999999999996,1,-0.02871770568404486,0.028608977746835684,-0.02871770568404486,0.028608977746835684,0.02871770568404486,0
Umu,upper,fragmentation_fraction_extrapolation,literature-informed range,3.0,3.3,2,-0.011689174701157157,0.01167197221588756,-0.017942057080788665,0.017911343637155852,0.017942057080788665,0
Umu,upper,fragmentation_fraction_extrapolation,literature-informed range,3.3,3.5999999999999996,1,-0.05322666580522828,0.053022465660390594,-0.05322666580522828,0.053022465660390594,0.05322666580522828,0
Umu,upper,fragmentation_fraction_extrapolation,literature-informed range,3.5999999999999996,3.8999999999999995,2,-0.08914252935171008,0.08865116128743411,-0.11043382199001917,0.10977449844422615,0.11043382199001917,0
Umu,upper,fragmentation_fraction_extrapolation,literature-informed range,3.9,4.2,1,-0.215033092972583,0.21272310587410193,-0.215033092972583,0.21272310587410193,0.215033092972583,0
Umu,upper,fragmentation_fraction_extrapolation,literature-informed range,4.2,4.5,2,,,,,,4
Umu,upper,fragmentation_fraction_extrapolation,literature-informed range,4.5,4.8,1,,,,,,2
Umu,upper,fragmentation_fraction_extrapolation,literature-informed range,4.8,5.1,2,,,,,,4
Umu,upper,fragmentation_fraction_extrapolation,literature-informed range,5.1,5.3999999999999995,1,,,,,,2
Umu,upper,fragmentation_fraction_extrapolation,literature-informed range,5.3999999999999995,5.699999999999999,3,,,,,,6
Umu,upper,fragmentation_fraction_extrapolation,literature-informed range,5.7,6.0,1,,,,,,2
Umu,upper,fragmentation_fraction_extrapolation,literature-informed range,6.0,6.3,2,,,,,,4
Umu,upper,fragmentation_fraction_extrapolation,literature-informed range,6.3,6.6,1,,,,,,2
Umu,upper,fragmentation_fraction_extrapolation,literature-informed range,6.6,6.8999999999999995,2,,,,,,4
Umu,upper,fragmentation_fraction_extrapolation,literature-informed range,6.8999999999999995,7.199999999999999,1,,,,,,2
Umu,upper,fragmentation_fraction_extrapolation,literature-informed range,7.199999999999999,7.499999999999999,2,,,,,,4
Umu,upper,fragmentation_fraction_extrapolation,literature-informed range,7.5,7.8,1,,,,,,2
Umu,upper,fragmentation_fraction_extrapolation,literature-informed range,7.8,8.1,2,,,,,,4
Umu,upper,fragmentation_fraction_extrapolation,literature-informed range,8.4,8.700000000000001,1,,,,,,2
Umu,upper,fragmentation_fraction_extrapolation,literature-informed range,9.0,9.3,1,,,,,,2
Umu,upper,fragmentation_fraction_extrapolation,literature-informed range,9.299999999999999,9.6,1,,,,,,2
Umu,upper,fragmentation_fraction_extrapolation,literature-informed range,9.9,10.200000000000001,1,,,,,,2
Umu,upper,higgs_mediated_production,quantitatively dismissed; WZ-shape upper-bound proxy,0.0,0.3,7,,,,,,14
Umu,upper,higgs_mediated_production,quantitatively dismissed; WZ-shape upper-bound proxy,0.3,0.6,17,,,,,,34
Umu,upper,higgs_mediated_production,quantitatively dismissed; WZ-shape upper-bound proxy,0.6,0.8999999999999999,12,0.0,0.00024127042885790928,0.0,0.00037743846788007573,0.00037743846788007573,12
Umu,upper,higgs_mediated_production,quantitatively dismissed; WZ-shape upper-bound proxy,0.8999999999999999,1.2,12,0.0,0.0002938667537200068,0.0,0.0005706906582636506,0.0005706906582636506,0
Umu,upper,higgs_mediated_production,quantitatively dismissed; WZ-shape upper-bound proxy,1.2,1.5,12,0.0,0.0006817595630370654,0.0,0.0007361828831653483,0.0007361828831653483,0
Umu,upper,higgs_mediated_production,quantitatively dismissed; WZ-shape upper-bound proxy,1.5,1.8,12,0.0,0.0011657653761876219,0.0,0.0021742114119982503,0.0021742114119982503,0
Umu,upper,higgs_mediated_production,quantitatively dismissed; WZ-shape upper-bound proxy,1.7999999999999998,2.0999999999999996,9,0.0,0.0019607246934283395,0.0,0.002864120673717885,0.002864120673717885,0
Umu,upper,higgs_mediated_production,quantitatively dismissed; WZ-shape upper-bound proxy,2.1,2.4,1,0.0,0.003067913125920363,0.0,0.003067913125920363,0.003067913125920363,0
Umu,upper,higgs_mediated_production,quantitatively dismissed; WZ-shape upper-bound proxy,2.4,2.6999999999999997,2,0.0,0.003999431292933675,0.0,0.004214591208451246,0.004214591208451246,0
Umu,upper,higgs_mediated_production,quantitatively dismissed; WZ-shape upper-bound proxy,2.6999999999999997,2.9999999999999996,1,0.0,0.00640918055234696,0.0,0.00640918055234696,0.00640918055234696,0
Umu,upper,higgs_mediated_production,quantitatively dismissed; WZ-shape upper-bound proxy,3.0,3.3,2,0.0,0.010743523529133103,0.0,0.012250459274776304,0.012250459274776304,0
Umu,upper,higgs_mediated_production,quantitatively dismissed; WZ-shape upper-bound proxy,3.3,3.5999999999999996,1,0.0,0.016044009890059385,0.0,0.016044009890059385,0.016044009890059385,0
Umu,upper,higgs_mediated_production,quantitatively dismissed; WZ-shape upper-bound proxy,3.5999999999999996,3.8999999999999995,2,0.0,0.0260991681605538,0.0,0.0315388329719557,0.0315388329719557,0
Umu,upper,higgs_mediated_production,quantitatively dismissed; WZ-shape upper-bound proxy,3.9,4.2,1,0.0,0.06310069074726421,0.0,0.06310069074726421,0.06310069074726421,0
Umu,upper,higgs_mediated_production,quantitatively dismissed; WZ-shape upper-bound proxy,4.2,4.5,2,,,,,,4
Umu,upper,higgs_mediated_production,quantitatively dismissed; WZ-shape upper-bound proxy,4.5,4.8,1,,,,,,2
Umu,upper,higgs_mediated_production,quantitatively dismissed; WZ-shape upper-bound proxy,4.8,5.1,2,,,,,,4
Umu,upper,higgs_mediated_production,quantitatively dismissed; WZ-shape upper-bound proxy,5.1,5.3999999999999995,1,,,,,,2
Umu,upper,higgs_mediated_production,quantitatively dismissed; WZ-shape upper-bound proxy,5.3999999999999995,5.699999999999999,3,,,,,,6
Umu,upper,higgs_mediated_production,quantitatively dismissed; WZ-shape upper-bound proxy,5.7,6.0,1,,,,,,2
Umu,upper,higgs_mediated_production,quantitatively dismissed; WZ-shape upper-bound proxy,6.0,6.3,2,,,,,,4
Umu,upper,higgs_mediated_production,quantitatively dismissed; WZ-shape upper-bound proxy,6.3,6.6,1,,,,,,2
Umu,upper,higgs_mediated_production,quantitatively dismissed; WZ-shape upper-bound proxy,6.6,6.8999999999999995,2,,,,,,4
Umu,upper,higgs_mediated_production,quantitatively dismissed; WZ-shape upper-bound proxy,6.8999999999999995,7.199999999999999,1,,,,,,2
Umu,upper,higgs_mediated_production,quantitatively dismissed; WZ-shape upper-bound proxy,7.199999999999999,7.499999999999999,2,,,,,,4
Umu,upper,higgs_mediated_production,quantitatively dismissed; WZ-shape upper-bound proxy,7.5,7.8,1,,,,,,2
Umu,upper,higgs_mediated_production,quantitatively dismissed; WZ-shape upper-bound proxy,7.8,8.1,2,,,,,,4
Umu,upper,higgs_mediated_production,quantitatively dismissed; WZ-shape upper-bound proxy,8.4,8.700000000000001,1,,,,,,2
Umu,upper,higgs_mediated_production,quantitatively dismissed; WZ-shape upper-bound proxy,9.0,9.3,1,,,,,,2
Umu,upper,higgs_mediated_production,quantitatively dismissed; WZ-shape upper-bound proxy,9.299999999999999,9.6,1,,,,,,2
Umu,upper,higgs_mediated_production,quantitatively dismissed; WZ-shape upper-bound proxy,9.9,10.200000000000001,1,,,,,,2
Umu,upper,hnl_lifetime_width,physics-scaling proxy,0.6,0.8999999999999999,6,-19.999999999999996,19.999999999999996,-19.999999999999996,19.999999999999996,19.999999999999996,0
Umu,upper,hnl_lifetime_width,physics-scaling proxy,0.8999999999999999,1.2,12,-19.999999999999996,19.999999999999996,-19.999999999999996,19.999999999999996,19.999999999999996,0
Umu,upper,hnl_lifetime_width,physics-scaling proxy,1.2,1.5,12,-19.999999999999996,19.999999999999996,-19.999999999999996,19.999999999999996,19.999999999999996,0
Umu,upper,hnl_lifetime_width,physics-scaling proxy,1.5,1.8,12,-19.999999999999996,19.999999999999996,-19.999999999999996,19.999999999999996,19.999999999999996,0
Umu,upper,hnl_lifetime_width,physics-scaling proxy,1.7999999999999998,2.0999999999999996,9,-19.999999999999996,19.999999999999996,-19.999999999999996,19.999999999999996,19.999999999999996,0
Umu,upper,hnl_lifetime_width,physics-scaling proxy,2.1,2.4,1,-19.999999999999996,19.999999999999996,-19.999999999999996,19.999999999999996,19.999999999999996,0
Umu,upper,hnl_lifetime_width,physics-scaling proxy,2.4,2.6999999999999997,2,-19.999999999999996,19.999999999999996,-19.999999999999996,19.999999999999996,19.999999999999996,0
Umu,upper,hnl_lifetime_width,physics-scaling proxy,2.6999999999999997,2.9999999999999996,1,-19.999999999999996,19.999999999999996,-19.999999999999996,19.999999999999996,19.999999999999996,0
Umu,upper,hnl_lifetime_width,physics-scaling proxy,3.0,3.3,2,-19.999999999999996,19.999999999999996,-19.999999999999996,19.999999999999996,19.999999999999996,0
Umu,upper,hnl_lifetime_width,physics-scaling proxy,3.3,3.5999999999999996,1,-19.999999999999996,19.999999999999996,-19.999999999999996,19.999999999999996,19.999999999999996,0
Umu,upper,hnl_lifetime_width,physics-scaling proxy,3.5999999999999996,3.8999999999999995,2,-19.999999999999996,19.999999999999996,-19.999999999999996,19.999999999999996,19.999999999999996,0
Umu,upper,hnl_lifetime_width,physics-scaling proxy,3.9,4.2,1,-19.999999999999996,19.999999999999996,-19.999999999999996,19.999999999999996,19.999999999999996,0
Umu,upper,hnlcalc_hadron_parton_matching,proxy/reweight estimate; overlaps other rows,0.0,0.3,7,,,,,,14
Umu,upper,hnlcalc_hadron_parton_matching,proxy/reweight estimate; overlaps other rows,0.3,0.6,17,,,,,,34
Umu,upper,hnlcalc_hadron_parton_matching,proxy/reweight estimate; overlaps other rows,0.6,0.8999999999999999,12,-2.2289668686346076,1.75960468130818,-4.192171114082289,3.6196603582375753,4.192171114082289,12
Umu,upper,hnlcalc_hadron_parton_matching,proxy/reweight estimate; overlaps other rows,0.8999999999999999,1.2,12,-3.1476921375174713,2.284907474079334,-4.370522300291357,3.794673273762328,4.370522300291357,0
Umu,upper,hnlcalc_hadron_parton_matching,proxy/reweight estimate; overlaps other rows,1.2,1.5,12,-4.2408169971479115,2.360787460223812,-4.676757117784791,2.612588099938229,4.676757117784791,0
Umu,upper,hnlcalc_hadron_parton_matching,proxy/reweight estimate; overlaps other rows,1.5,1.8,12,-4.45290621142847,3.2685397511629466,-5.7923356358185245,4.529506273265049,5.7923356358185245,0
Umu,upper,hnlcalc_hadron_parton_matching,proxy/reweight estimate; overlaps other rows,1.7999999999999998,2.0999999999999996,9,-5.452339666091987,3.6055008888509654,-6.158403495105469,4.9520959483261295,6.158403495105469,0
Umu,upper,hnlcalc_hadron_parton_matching,proxy/reweight estimate; overlaps other rows,2.1,2.4,1,0.0,0.0,0.0,0.0,0.0,0
Umu,upper,hnlcalc_hadron_parton_matching,proxy/reweight estimate; overlaps other rows,2.4,2.6999999999999997,2,0.0,0.0,0.0,0.0,0.0,0
Umu,upper,hnlcalc_hadron_parton_matching,proxy/reweight estimate; overlaps other rows,2.6999999999999997,2.9999999999999996,1,0.0,0.0,0.0,0.0,0.0,0
Umu,upper,hnlcalc_hadron_parton_matching,proxy/reweight estimate; overlaps other rows,3.0,3.3,2,0.0,0.0,0.0,0.0,0.0,0
Umu,upper,hnlcalc_hadron_parton_matching,proxy/reweight estimate; overlaps other rows,3.3,3.5999999999999996,1,0.0,0.0,0.0,0.0,0.0,0
Umu,upper,hnlcalc_hadron_parton_matching,proxy/reweight estimate; overlaps other rows,3.5999999999999996,3.8999999999999995,2,0.0,0.0,0.0,0.0,0.0,0
Umu,upper,hnlcalc_hadron_parton_matching,proxy/reweight estimate; overlaps other rows,3.9,4.2,1,0.0,0.0,0.0,0.0,0.0,0
Umu,upper,hnlcalc_hadron_parton_matching,proxy/reweight estimate; overlaps other rows,4.2,4.5,2,,,,,,4
Umu,upper,hnlcalc_hadron_parton_matching,proxy/reweight estimate; overlaps other rows,4.5,4.8,1,,,,,,2
Umu,upper,hnlcalc_hadron_parton_matching,proxy/reweight estimate; overlaps other rows,4.8,5.1,2,,,,,,4
Umu,upper,hnlcalc_hadron_parton_matching,proxy/reweight estimate; overlaps other rows,5.1,5.3999999999999995,1,,,,,,2
Umu,upper,hnlcalc_hadron_parton_matching,proxy/reweight estimate; overlaps other rows,5.3999999999999995,5.699999999999999,3,,,,,,6
Umu,upper,hnlcalc_hadron_parton_matching,proxy/reweight estimate; overlaps other rows,5.7,6.0,1,,,,,,2
Umu,upper,hnlcalc_hadron_parton_matching,proxy/reweight estimate; overlaps other rows,6.0,6.3,2,,,,,,4
Umu,upper,hnlcalc_hadron_parton_matching,proxy/reweight estimate; overlaps other rows,6.3,6.6,1,,,,,,2
Umu,upper,hnlcalc_hadron_parton_matching,proxy/reweight estimate; overlaps other rows,6.6,6.8999999999999995,2,,,,,,4
Umu,upper,hnlcalc_hadron_parton_matching,proxy/reweight estimate; overlaps other rows,6.8999999999999995,7.199999999999999,1,,,,,,2
Umu,upper,hnlcalc_hadron_parton_matching,proxy/reweight estimate; overlaps other rows,7.199999999999999,7.499999999999999,2,,,,,,4
Umu,upper,hnlcalc_hadron_parton_matching,proxy/reweight estimate; overlaps other rows,7.5,7.8,1,,,,,,2
Umu,upper,hnlcalc_hadron_parton_matching,proxy/reweight estimate; overlaps other rows,7.8,8.1,2,,,,,,4
Umu,upper,hnlcalc_hadron_parton_matching,proxy/reweight estimate; overlaps other rows,8.4,8.700000000000001,1,,,,,,2
Umu,upper,hnlcalc_hadron_parton_matching,proxy/reweight estimate; overlaps other rows,9.0,9.3,1,,,,,,2
Umu,upper,hnlcalc_hadron_parton_matching,proxy/reweight estimate; overlaps other rows,9.299999999999999,9.6,1,,,,,,2
Umu,upper,hnlcalc_hadron_parton_matching,proxy/reweight estimate; overlaps other rows,9.9,10.200000000000001,1,,,,,,2
Umu,upper,induced_tau_branching_inputs,literature-informed range,0.0,0.3,7,,,,,,14
Umu,upper,induced_tau_branching_inputs,literature-informed range,0.3,0.6,17,,,,,,34
Umu,upper,induced_tau_branching_inputs,literature-informed range,0.6,0.8999999999999999,12,0.0,0.0,-5.551115123125783e-14,4.440892098500626e-14,5.551115123125783e-14,12
Umu,upper,induced_tau_branching_inputs,literature-informed range,0.8999999999999999,1.2,12,-5.551115123125783e-14,0.0,-3.671507542435393e-11,3.6703973194107675e-11,3.671507542435393e-11,0
Umu,upper,induced_tau_branching_inputs,literature-informed range,1.2,1.5,12,-4.141131881851834e-12,4.141131881851834e-12,-3.999023334699814e-11,3.9968028886505635e-11,3.999023334699814e-11,0
Umu,upper,induced_tau_branching_inputs,literature-informed range,1.5,1.8,12,-1.5543122344752192e-13,9.992007221626409e-14,-9.403589018575076e-12,9.414691248821327e-12,9.414691248821327e-12,0
Umu,upper,induced_tau_branching_inputs,literature-informed range,1.7999999999999998,2.0999999999999996,9,0.0,0.0,0.0,0.0,0.0,0
Umu,upper,induced_tau_branching_inputs,literature-informed range,2.1,2.4,1,0.0,0.0,0.0,0.0,0.0,0
Umu,upper,induced_tau_branching_inputs,literature-informed range,2.4,2.6999999999999997,2,0.0,0.0,0.0,0.0,0.0,0
Umu,upper,induced_tau_branching_inputs,literature-informed range,2.6999999999999997,2.9999999999999996,1,0.0,0.0,0.0,0.0,0.0,0
Umu,upper,induced_tau_branching_inputs,literature-informed range,3.0,3.3,2,0.0,0.0,0.0,0.0,0.0,0
Umu,upper,induced_tau_branching_inputs,literature-informed range,3.3,3.5999999999999996,1,0.0,0.0,0.0,0.0,0.0,0
Umu,upper,induced_tau_branching_inputs,literature-informed range,3.5999999999999996,3.8999999999999995,2,0.0,0.0,0.0,0.0,0.0,0
Umu,upper,induced_tau_branching_inputs,literature-informed range,3.9,4.2,1,0.0,0.0,0.0,0.0,0.0,0
Umu,upper,induced_tau_branching_inputs,literature-informed range,4.2,4.5,2,,,,,,4
Umu,upper,induced_tau_branching_inputs,literature-informed range,4.5,4.8,1,,,,,,2
Umu,upper,induced_tau_branching_inputs,literature-informed range,4.8,5.1,2,,,,,,4
Umu,upper,induced_tau_branching_inputs,literature-informed range,5.1,5.3999999999999995,1,,,,,,2
Umu,upper,induced_tau_branching_inputs,literature-informed range,5.3999999999999995,5.699999999999999,3,,,,,,6
Umu,upper,induced_tau_branching_inputs,literature-informed range,5.7,6.0,1,,,,,,2
Umu,upper,induced_tau_branching_inputs,literature-informed range,6.0,6.3,2,,,,,,4
Umu,upper,induced_tau_branching_inputs,literature-informed range,6.3,6.6,1,,,,,,2
Umu,upper,induced_tau_branching_inputs,literature-informed range,6.6,6.8999999999999995,2,,,,,,4
Umu,upper,induced_tau_branching_inputs,literature-informed range,6.8999999999999995,7.199999999999999,1,,,,,,2
Umu,upper,induced_tau_branching_inputs,literature-informed range,7.199999999999999,7.499999999999999,2,,,,,,4
Umu,upper,induced_tau_branching_inputs,literature-informed range,7.5,7.8,1,,,,,,2
Umu,upper,induced_tau_branching_inputs,literature-informed range,7.8,8.1,2,,,,,,4
Umu,upper,induced_tau_branching_inputs,literature-informed range,8.4,8.700000000000001,1,,,,,,2
Umu,upper,induced_tau_branching_inputs,literature-informed range,9.0,9.3,1,,,,,,2
Umu,upper,induced_tau_branching_inputs,literature-informed range,9.299999999999999,9.6,1,,,,,,2
Umu,upper,induced_tau_branching_inputs,literature-informed range,9.9,10.200000000000001,1,,,,,,2
Umu,upper,integrated_luminosity,"direct normalization, assumed 1.5%",0.0,0.3,7,,,,,,14
Umu,upper,integrated_luminosity,"direct normalization, assumed 1.5%",0.3,0.6,17,,,,,,34
Umu,upper,integrated_luminosity,"direct normalization, assumed 1.5%",0.6,0.8999999999999999,12,-0.14476707118050713,0.14068941451762518,-0.23436436286495832,0.22796371359821155,0.23436436286495832,12
Umu,upper,integrated_luminosity,"direct normalization, assumed 1.5%",0.8999999999999999,1.2,12,-0.11358093291927163,0.11204256030874493,-0.205248265973057,0.19958541056541712,0.205248265973057,0
Umu,upper,integrated_luminosity,"direct normalization, assumed 1.5%",1.2,1.5,12,-0.15385902049252498,0.14953814591579517,-0.17004591433266159,0.165296855688557,0.17004591433266159,0
Umu,upper,integrated_luminosity,"direct normalization, assumed 1.5%",1.5,1.8,12,-0.17948404918959882,0.1744880545986094,-0.2919028936072543,0.2840922518706712,0.2919028936072543,0
Umu,upper,integrated_luminosity,"direct normalization, assumed 1.5%",1.7999999999999998,2.0999999999999996,9,-0.20753603959936529,0.22571668760065222,-0.28871868518355326,0.3100065260008389,0.3100065260008389,0
Umu,upper,integrated_luminosity,"direct normalization, assumed 1.5%",2.1,2.4,1,-0.2683292343040655,0.2610885536741492,-0.2683292343040655,0.2610885536741492,0.2683292343040655,0
Umu,upper,integrated_luminosity,"direct normalization, assumed 1.5%",2.4,2.6999999999999997,2,-0.27145436341641793,0.26413792920690904,-0.27806702375715586,0.27058960510675245,0.27806702375715586,0
Umu,upper,integrated_luminosity,"direct normalization, assumed 1.5%",2.6999999999999997,2.9999999999999996,1,-0.34966238085023527,0.34050055965006987,-0.34966238085023527,0.34050055965006987,0.34966238085023527,0
Umu,upper,integrated_luminosity,"direct normalization, assumed 1.5%",3.0,3.3,2,-0.47144653950008664,0.4596597003038494,-0.5073879516269919,0.49486510461895783,0.5073879516269919,0
Umu,upper,integrated_luminosity,"direct normalization, assumed 1.5%",3.3,3.5999999999999996,1,-0.5908242303122924,0.5767185807270536,-0.5908242303122924,0.5767185807270536,0.5908242303122924,0
Umu,upper,integrated_luminosity,"direct normalization, assumed 1.5%",3.5999999999999996,3.8999999999999995,2,-0.8082945723551338,0.7908551211737502,-0.9337014407491795,0.9145174147839441,0.9337014407491795,0
Umu,upper,integrated_luminosity,"direct normalization, assumed 1.5%",3.9,4.2,1,-1.697676962409278,1.6755263367819628,-1.697676962409278,1.6755263367819628,1.697676962409278,0
Umu,upper,integrated_luminosity,"direct normalization, assumed 1.5%",4.2,4.5,2,,,,,,4
Umu,upper,integrated_luminosity,"direct normalization, assumed 1.5%",4.5,4.8,1,,,,,,2
Umu,upper,integrated_luminosity,"direct normalization, assumed 1.5%",4.8,5.1,2,,,,,,4
Umu,upper,integrated_luminosity,"direct normalization, assumed 1.5%",5.1,5.3999999999999995,1,,,,,,2
Umu,upper,integrated_luminosity,"direct normalization, assumed 1.5%",5.3999999999999995,5.699999999999999,3,,,,,,6
Umu,upper,integrated_luminosity,"direct normalization, assumed 1.5%",5.7,6.0,1,,,,,,2
Umu,upper,integrated_luminosity,"direct normalization, assumed 1.5%",6.0,6.3,2,,,,,,4
Umu,upper,integrated_luminosity,"direct normalization, assumed 1.5%",6.3,6.6,1,,,,,,2
Umu,upper,integrated_luminosity,"direct normalization, assumed 1.5%",6.6,6.8999999999999995,2,,,,,,4
Umu,upper,integrated_luminosity,"direct normalization, assumed 1.5%",6.8999999999999995,7.199999999999999,1,,,,,,2
Umu,upper,integrated_luminosity,"direct normalization, assumed 1.5%",7.199999999999999,7.499999999999999,2,,,,,,4
Umu,upper,integrated_luminosity,"direct normalization, assumed 1.5%",7.5,7.8,1,,,,,,2
Umu,upper,integrated_luminosity,"direct normalization, assumed 1.5%",7.8,8.1,2,,,,,,4
Umu,upper,integrated_luminosity,"direct normalization, assumed 1.5%",8.4,8.700000000000001,1,,,,,,2
Umu,upper,integrated_luminosity,"direct normalization, assumed 1.5%",9.0,9.3,1,,,,,,2
Umu,upper,integrated_luminosity,"direct normalization, assumed 1.5%",9.299999999999999,9.6,1,,,,,,2
Umu,upper,integrated_luminosity,"direct normalization, assumed 1.5%",9.9,10.200000000000001,1,,,,,,2
Umu,upper,kaon_spectrum_and_normalization,unknowable; factor scenario,0.0,0.3,7,,,,,,14
Umu,upper,kaon_spectrum_and_normalization,unknowable; factor scenario,0.3,0.6,17,,,,,,34
Umu,upper,kaon_spectrum_and_normalization,unknowable; factor scenario,0.6,0.8999999999999999,12,0.0,0.0,0.0,0.0,0.0,12
Umu,upper,kaon_spectrum_and_normalization,unknowable; factor scenario,0.8999999999999999,1.2,12,0.0,0.0,0.0,0.0,0.0,0
Umu,upper,kaon_spectrum_and_normalization,unknowable; factor scenario,1.2,1.5,12,0.0,0.0,0.0,0.0,0.0,0
Umu,upper,kaon_spectrum_and_normalization,unknowable; factor scenario,1.5,1.8,12,0.0,0.0,0.0,0.0,0.0,0
Umu,upper,kaon_spectrum_and_normalization,unknowable; factor scenario,1.7999999999999998,2.0999999999999996,9,0.0,0.0,0.0,0.0,0.0,0
Umu,upper,kaon_spectrum_and_normalization,unknowable; factor scenario,2.1,2.4,1,0.0,0.0,0.0,0.0,0.0,0
Umu,upper,kaon_spectrum_and_normalization,unknowable; factor scenario,2.4,2.6999999999999997,2,0.0,0.0,0.0,0.0,0.0,0
Umu,upper,kaon_spectrum_and_normalization,unknowable; factor scenario,2.6999999999999997,2.9999999999999996,1,0.0,0.0,0.0,0.0,0.0,0
Umu,upper,kaon_spectrum_and_normalization,unknowable; factor scenario,3.0,3.3,2,0.0,0.0,0.0,0.0,0.0,0
Umu,upper,kaon_spectrum_and_normalization,unknowable; factor scenario,3.3,3.5999999999999996,1,0.0,0.0,0.0,0.0,0.0,0
Umu,upper,kaon_spectrum_and_normalization,unknowable; factor scenario,3.5999999999999996,3.8999999999999995,2,0.0,0.0,0.0,0.0,0.0,0
Umu,upper,kaon_spectrum_and_normalization,unknowable; factor scenario,3.9,4.2,1,0.0,0.0,0.0,0.0,0.0,0
Umu,upper,kaon_spectrum_and_normalization,unknowable; factor scenario,4.2,4.5,2,,,,,,4
Umu,upper,kaon_spectrum_and_normalization,unknowable; factor scenario,4.5,4.8,1,,,,,,2
Umu,upper,kaon_spectrum_and_normalization,unknowable; factor scenario,4.8,5.1,2,,,,,,4
Umu,upper,kaon_spectrum_and_normalization,unknowable; factor scenario,5.1,5.3999999999999995,1,,,,,,2
Umu,upper,kaon_spectrum_and_normalization,unknowable; factor scenario,5.3999999999999995,5.699999999999999,3,,,,,,6
Umu,upper,kaon_spectrum_and_normalization,unknowable; factor scenario,5.7,6.0,1,,,,,,2
Umu,upper,kaon_spectrum_and_normalization,unknowable; factor scenario,6.0,6.3,2,,,,,,4
Umu,upper,kaon_spectrum_and_normalization,unknowable; factor scenario,6.3,6.6,1,,,,,,2
Umu,upper,kaon_spectrum_and_normalization,unknowable; factor scenario,6.6,6.8999999999999995,2,,,,,,4
Umu,upper,kaon_spectrum_and_normalization,unknowable; factor scenario,6.8999999999999995,7.199999999999999,1,,,,,,2
Umu,upper,kaon_spectrum_and_normalization,unknowable; factor scenario,7.199999999999999,7.499999999999999,2,,,,,,4
Umu,upper,kaon_spectrum_and_normalization,unknowable; factor scenario,7.5,7.8,1,,,,,,2
Umu,upper,kaon_spectrum_and_normalization,unknowable; factor scenario,7.8,8.1,2,,,,,,4
Umu,upper,kaon_spectrum_and_normalization,unknowable; factor scenario,8.4,8.700000000000001,1,,,,,,2
Umu,upper,kaon_spectrum_and_normalization,unknowable; factor scenario,9.0,9.3,1,,,,,,2
Umu,upper,kaon_spectrum_and_normalization,unknowable; factor scenario,9.299999999999999,9.6,1,,,,,,2
Umu,upper,kaon_spectrum_and_normalization,unknowable; factor scenario,9.9,10.200000000000001,1,,,,,,2
Umu,upper,legacy_direct_form_factors,code-audit envelope,0.0,0.3,7,,,,,,14
Umu,upper,legacy_direct_form_factors,code-audit envelope,0.3,0.6,17,,,,,,34
Umu,upper,legacy_direct_form_factors,code-audit envelope,0.6,0.8999999999999999,12,-4.1453740440289266e-08,4.663545105643152e-08,-0.0003701384670873331,0.0004163819399050084,0.0004163819399050084,12
Umu,upper,legacy_direct_form_factors,code-audit envelope,0.8999999999999999,1.2,12,-0.00034215347784471994,0.0003848658135074956,-0.12462620290778492,0.13690107588477662,0.13690107588477662,0
Umu,upper,legacy_direct_form_factors,code-audit envelope,1.2,1.5,12,-0.0007613056464850221,0.0008561573114240772,-0.007552084564621531,0.008480475859817815,0.008480475859817815,0
Umu,upper,legacy_direct_form_factors,code-audit envelope,1.5,1.8,12,-0.002916438537076127,0.003277974043913723,-0.010763208796071844,0.012093765163978532,0.012093765163978532,0
Umu,upper,legacy_direct_form_factors,code-audit envelope,1.7999999999999998,2.0999999999999996,9,-0.008936046557483923,0.010042202367599451,-0.036103607689452755,0.04033347915706198,0.04033347915706198,0
Umu,upper,legacy_direct_form_factors,code-audit envelope,2.1,2.4,1,-0.015245885677384052,0.017097684241274003,-0.015245885677384052,0.017097684241274003,0.017097684241274003,0
Umu,upper,legacy_direct_form_factors,code-audit envelope,2.4,2.6999999999999997,2,-0.027671664825779096,0.030883279323268287,-0.040123600816022176,0.04469847797343718,0.04469847797343718,0
Umu,upper,legacy_direct_form_factors,code-audit envelope,2.6999999999999997,2.9999999999999996,1,-0.12079575963918066,0.13383713860743995,-0.12079575963918066,0.13383713860743995,0.13383713860743995,0
Umu,upper,legacy_direct_form_factors,code-audit envelope,3.0,3.3,2,-0.07060737094102265,0.07889877646816146,-0.07563305410867027,0.08447785960803422,0.08447785960803422,0
Umu,upper,legacy_direct_form_factors,code-audit envelope,3.3,3.5999999999999996,1,-0.1542458316165285,0.17141219619460912,-0.1542458316165285,0.17141219619460912,0.17141219619460912,0
Umu,upper,legacy_direct_form_factors,code-audit envelope,3.5999999999999996,3.8999999999999995,2,-0.3501618922573446,0.38476378018140744,-0.39781225213153526,0.43687953955680037,0.43687953955680037,0
Umu,upper,legacy_direct_form_factors,code-audit envelope,3.9,4.2,1,-1.241211089207761,1.3140007411472698,-1.241211089207761,1.3140007411472698,1.3140007411472698,0
Umu,upper,legacy_direct_form_factors,code-audit envelope,4.2,4.5,2,,,,,,4
Umu,upper,legacy_direct_form_factors,code-audit envelope,4.5,4.8,1,,,,,,2
Umu,upper,legacy_direct_form_factors,code-audit envelope,4.8,5.1,2,,,,,,4
Umu,upper,legacy_direct_form_factors,code-audit envelope,5.1,5.3999999999999995,1,,,,,,2
Umu,upper,legacy_direct_form_factors,code-audit envelope,5.3999999999999995,5.699999999999999,3,,,,,,6
Umu,upper,legacy_direct_form_factors,code-audit envelope,5.7,6.0,1,,,,,,2
Umu,upper,legacy_direct_form_factors,code-audit envelope,6.0,6.3,2,,,,,,4
Umu,upper,legacy_direct_form_factors,code-audit envelope,6.3,6.6,1,,,,,,2
Umu,upper,legacy_direct_form_factors,code-audit envelope,6.6,6.8999999999999995,2,,,,,,4
Umu,upper,legacy_direct_form_factors,code-audit envelope,6.8999999999999995,7.199999999999999,1,,,,,,2
Umu,upper,legacy_direct_form_factors,code-audit envelope,7.199999999999999,7.499999999999999,2,,,,,,4
Umu,upper,legacy_direct_form_factors,code-audit envelope,7.5,7.8,1,,,,,,2
Umu,upper,legacy_direct_form_factors,code-audit envelope,7.8,8.1,2,,,,,,4
Umu,upper,legacy_direct_form_factors,code-audit envelope,8.4,8.700000000000001,1,,,,,,2
Umu,upper,legacy_direct_form_factors,code-audit envelope,9.0,9.3,1,,,,,,2
Umu,upper,legacy_direct_form_factors,code-audit envelope,9.299999999999999,9.6,1,,,,,,2
Umu,upper,legacy_direct_form_factors,code-audit envelope,9.9,10.200000000000001,1,,,,,,2
Umu,upper,missing_charm_baryon_channels,proxy/reweight estimate,0.0,0.3,7,,,,,,14
Umu,upper,missing_charm_baryon_channels,proxy/reweight estimate,0.3,0.6,17,,,,,,34
Umu,upper,missing_charm_baryon_channels,proxy/reweight estimate,0.6,0.8999999999999999,12,2.408184762714427e-10,8.027023490342344e-10,0.0,0.000178067580502983,0.000178067580502983,12
Umu,upper,missing_charm_baryon_channels,proxy/reweight estimate,0.8999999999999999,1.2,12,5.009357018082028e-06,1.6697806592969044e-05,3.2152058793144533e-11,0.15189734927998355,0.15189734927998355,0
Umu,upper,missing_charm_baryon_channels,proxy/reweight estimate,1.2,1.5,12,0.0002800538835168176,0.0009333972586289541,4.758146543437647e-07,0.005443511000269297,0.005443511000269297,0
Umu,upper,missing_charm_baryon_channels,proxy/reweight estimate,1.5,1.8,12,7.405356328149537e-08,2.468452553472389e-07,1.1102230246251565e-13,0.005241014516643716,0.005241014516643716,0
Umu,upper,missing_charm_baryon_channels,proxy/reweight estimate,1.7999999999999998,2.0999999999999996,9,0.0,0.0,0.0,4.285460875053104e-12,4.285460875053104e-12,0
Umu,upper,missing_charm_baryon_channels,proxy/reweight estimate,2.1,2.4,1,0.0,0.0,0.0,0.0,0.0,0
Umu,upper,missing_charm_baryon_channels,proxy/reweight estimate,2.4,2.6999999999999997,2,0.0,0.0,0.0,0.0,0.0,0
Umu,upper,missing_charm_baryon_channels,proxy/reweight estimate,2.6999999999999997,2.9999999999999996,1,0.0,0.0,0.0,0.0,0.0,0
Umu,upper,missing_charm_baryon_channels,proxy/reweight estimate,3.0,3.3,2,0.0,0.0,0.0,0.0,0.0,0
Umu,upper,missing_charm_baryon_channels,proxy/reweight estimate,3.3,3.5999999999999996,1,0.0,0.0,0.0,0.0,0.0,0
Umu,upper,missing_charm_baryon_channels,proxy/reweight estimate,3.5999999999999996,3.8999999999999995,2,0.0,0.0,0.0,0.0,0.0,0
Umu,upper,missing_charm_baryon_channels,proxy/reweight estimate,3.9,4.2,1,0.0,0.0,0.0,0.0,0.0,0
Umu,upper,missing_charm_baryon_channels,proxy/reweight estimate,4.2,4.5,2,,,,,,4
Umu,upper,missing_charm_baryon_channels,proxy/reweight estimate,4.5,4.8,1,,,,,,2
Umu,upper,missing_charm_baryon_channels,proxy/reweight estimate,4.8,5.1,2,,,,,,4
Umu,upper,missing_charm_baryon_channels,proxy/reweight estimate,5.1,5.3999999999999995,1,,,,,,2
Umu,upper,missing_charm_baryon_channels,proxy/reweight estimate,5.3999999999999995,5.699999999999999,3,,,,,,6
Umu,upper,missing_charm_baryon_channels,proxy/reweight estimate,5.7,6.0,1,,,,,,2
Umu,upper,missing_charm_baryon_channels,proxy/reweight estimate,6.0,6.3,2,,,,,,4
Umu,upper,missing_charm_baryon_channels,proxy/reweight estimate,6.3,6.6,1,,,,,,2
Umu,upper,missing_charm_baryon_channels,proxy/reweight estimate,6.6,6.8999999999999995,2,,,,,,4
Umu,upper,missing_charm_baryon_channels,proxy/reweight estimate,6.8999999999999995,7.199999999999999,1,,,,,,2
Umu,upper,missing_charm_baryon_channels,proxy/reweight estimate,7.199999999999999,7.499999999999999,2,,,,,,4
Umu,upper,missing_charm_baryon_channels,proxy/reweight estimate,7.5,7.8,1,,,,,,2
Umu,upper,missing_charm_baryon_channels,proxy/reweight estimate,7.8,8.1,2,,,,,,4
Umu,upper,missing_charm_baryon_channels,proxy/reweight estimate,8.4,8.700000000000001,1,,,,,,2
Umu,upper,missing_charm_baryon_channels,proxy/reweight estimate,9.0,9.3,1,,,,,,2
Umu,upper,missing_charm_baryon_channels,proxy/reweight estimate,9.299999999999999,9.6,1,,,,,,2
Umu,upper,missing_charm_baryon_channels,proxy/reweight estimate,9.9,10.200000000000001,1,,,,,,2
Umu,upper,missing_neutral_kaon_production,unknowable; additive proxy,0.0,0.3,7,,,,,,14
Umu,upper,missing_neutral_kaon_production,unknowable; additive proxy,0.3,0.6,17,,,,,,34
Umu,upper,missing_neutral_kaon_production,unknowable; additive proxy,0.6,0.8999999999999999,12,0.0,0.0,0.0,0.0,0.0,12
Umu,upper,missing_neutral_kaon_production,unknowable; additive proxy,0.8999999999999999,1.2,12,0.0,0.0,0.0,0.0,0.0,0
Umu,upper,missing_neutral_kaon_production,unknowable; additive proxy,1.2,1.5,12,0.0,0.0,0.0,0.0,0.0,0
Umu,upper,missing_neutral_kaon_production,unknowable; additive proxy,1.5,1.8,12,0.0,0.0,0.0,0.0,0.0,0
Umu,upper,missing_neutral_kaon_production,unknowable; additive proxy,1.7999999999999998,2.0999999999999996,9,0.0,0.0,0.0,0.0,0.0,0
Umu,upper,missing_neutral_kaon_production,unknowable; additive proxy,2.1,2.4,1,0.0,0.0,0.0,0.0,0.0,0
Umu,upper,missing_neutral_kaon_production,unknowable; additive proxy,2.4,2.6999999999999997,2,0.0,0.0,0.0,0.0,0.0,0
Umu,upper,missing_neutral_kaon_production,unknowable; additive proxy,2.6999999999999997,2.9999999999999996,1,0.0,0.0,0.0,0.0,0.0,0
Umu,upper,missing_neutral_kaon_production,unknowable; additive proxy,3.0,3.3,2,0.0,0.0,0.0,0.0,0.0,0
Umu,upper,missing_neutral_kaon_production,unknowable; additive proxy,3.3,3.5999999999999996,1,0.0,0.0,0.0,0.0,0.0,0
Umu,upper,missing_neutral_kaon_production,unknowable; additive proxy,3.5999999999999996,3.8999999999999995,2,0.0,0.0,0.0,0.0,0.0,0
Umu,upper,missing_neutral_kaon_production,unknowable; additive proxy,3.9,4.2,1,0.0,0.0,0.0,0.0,0.0,0
Umu,upper,missing_neutral_kaon_production,unknowable; additive proxy,4.2,4.5,2,,,,,,4
Umu,upper,missing_neutral_kaon_production,unknowable; additive proxy,4.5,4.8,1,,,,,,2
Umu,upper,missing_neutral_kaon_production,unknowable; additive proxy,4.8,5.1,2,,,,,,4
Umu,upper,missing_neutral_kaon_production,unknowable; additive proxy,5.1,5.3999999999999995,1,,,,,,2
Umu,upper,missing_neutral_kaon_production,unknowable; additive proxy,5.3999999999999995,5.699999999999999,3,,,,,,6
Umu,upper,missing_neutral_kaon_production,unknowable; additive proxy,5.7,6.0,1,,,,,,2
Umu,upper,missing_neutral_kaon_production,unknowable; additive proxy,6.0,6.3,2,,,,,,4
Umu,upper,missing_neutral_kaon_production,unknowable; additive proxy,6.3,6.6,1,,,,,,2
Umu,upper,missing_neutral_kaon_production,unknowable; additive proxy,6.6,6.8999999999999995,2,,,,,,4
Umu,upper,missing_neutral_kaon_production,unknowable; additive proxy,6.8999999999999995,7.199999999999999,1,,,,,,2
Umu,upper,missing_neutral_kaon_production,unknowable; additive proxy,7.199999999999999,7.499999999999999,2,,,,,,4
Umu,upper,missing_neutral_kaon_production,unknowable; additive proxy,7.5,7.8,1,,,,,,2
Umu,upper,missing_neutral_kaon_production,unknowable; additive proxy,7.8,8.1,2,,,,,,4
Umu,upper,missing_neutral_kaon_production,unknowable; additive proxy,8.4,8.700000000000001,1,,,,,,2
Umu,upper,missing_neutral_kaon_production,unknowable; additive proxy,9.0,9.3,1,,,,,,2
Umu,upper,missing_neutral_kaon_production,unknowable; additive proxy,9.299999999999999,9.6,1,,,,,,2
Umu,upper,missing_neutral_kaon_production,unknowable; additive proxy,9.9,10.200000000000001,1,,,,,,2
Umu,upper,missing_tau_multihadron_modes,proxy/reweight estimate,0.0,0.3,7,,,,,,14
Umu,upper,missing_tau_multihadron_modes,proxy/reweight estimate,0.3,0.6,17,,,,,,34
Umu,upper,missing_tau_multihadron_modes,proxy/reweight estimate,0.6,0.8999999999999999,12,5.220973592345857e-05,0.0002610383518897308,3.5398143305442886e-06,0.0012149489249768664,0.0012149489249768664,12
Umu,upper,missing_tau_multihadron_modes,proxy/reweight estimate,0.8999999999999999,1.2,12,4.931449575362734e-05,0.00024656296605529704,2.3195505383100112e-05,0.0009184732539857521,0.0009184732539857521,0
Umu,upper,missing_tau_multihadron_modes,proxy/reweight estimate,1.2,1.5,12,3.9234996940251676e-05,0.00019617180706532622,9.726855942915336e-06,0.0003071825433575981,0.0003071825433575981,0
Umu,upper,missing_tau_multihadron_modes,proxy/reweight estimate,1.5,1.8,12,5.8392812807284145e-08,2.919641084453417e-07,0.0,3.352588837657322e-05,3.352588837657322e-05,0
Umu,upper,missing_tau_multihadron_modes,proxy/reweight estimate,1.7999999999999998,2.0999999999999996,9,0.0,0.0,0.0,0.0,0.0,0
Umu,upper,missing_tau_multihadron_modes,proxy/reweight estimate,2.1,2.4,1,0.0,0.0,0.0,0.0,0.0,0
Umu,upper,missing_tau_multihadron_modes,proxy/reweight estimate,2.4,2.6999999999999997,2,0.0,0.0,0.0,0.0,0.0,0
Umu,upper,missing_tau_multihadron_modes,proxy/reweight estimate,2.6999999999999997,2.9999999999999996,1,0.0,0.0,0.0,0.0,0.0,0
Umu,upper,missing_tau_multihadron_modes,proxy/reweight estimate,3.0,3.3,2,0.0,0.0,0.0,0.0,0.0,0
Umu,upper,missing_tau_multihadron_modes,proxy/reweight estimate,3.3,3.5999999999999996,1,0.0,0.0,0.0,0.0,0.0,0
Umu,upper,missing_tau_multihadron_modes,proxy/reweight estimate,3.5999999999999996,3.8999999999999995,2,0.0,0.0,0.0,0.0,0.0,0
Umu,upper,missing_tau_multihadron_modes,proxy/reweight estimate,3.9,4.2,1,0.0,0.0,0.0,0.0,0.0,0
Umu,upper,missing_tau_multihadron_modes,proxy/reweight estimate,4.2,4.5,2,,,,,,4
Umu,upper,missing_tau_multihadron_modes,proxy/reweight estimate,4.5,4.8,1,,,,,,2
Umu,upper,missing_tau_multihadron_modes,proxy/reweight estimate,4.8,5.1,2,,,,,,4
Umu,upper,missing_tau_multihadron_modes,proxy/reweight estimate,5.1,5.3999999999999995,1,,,,,,2
Umu,upper,missing_tau_multihadron_modes,proxy/reweight estimate,5.3999999999999995,5.699999999999999,3,,,,,,6
Umu,upper,missing_tau_multihadron_modes,proxy/reweight estimate,5.7,6.0,1,,,,,,2
Umu,upper,missing_tau_multihadron_modes,proxy/reweight estimate,6.0,6.3,2,,,,,,4
Umu,upper,missing_tau_multihadron_modes,proxy/reweight estimate,6.3,6.6,1,,,,,,2
Umu,upper,missing_tau_multihadron_modes,proxy/reweight estimate,6.6,6.8999999999999995,2,,,,,,4
Umu,upper,missing_tau_multihadron_modes,proxy/reweight estimate,6.8999999999999995,7.199999999999999,1,,,,,,2
Umu,upper,missing_tau_multihadron_modes,proxy/reweight estimate,7.199999999999999,7.499999999999999,2,,,,,,4
Umu,upper,missing_tau_multihadron_modes,proxy/reweight estimate,7.5,7.8,1,,,,,,2
Umu,upper,missing_tau_multihadron_modes,proxy/reweight estimate,7.8,8.1,2,,,,,,4
Umu,upper,missing_tau_multihadron_modes,proxy/reweight estimate,8.4,8.700000000000001,1,,,,,,2
Umu,upper,missing_tau_multihadron_modes,proxy/reweight estimate,9.0,9.3,1,,,,,,2
Umu,upper,missing_tau_multihadron_modes,proxy/reweight estimate,9.299999999999999,9.6,1,,,,,,2
Umu,upper,missing_tau_multihadron_modes,proxy/reweight estimate,9.9,10.200000000000001,1,,,,,,2
Umu,upper,nonzero_background_threshold,direct threshold response; background unknowable,0.0,0.3,7,,,,,,14
Umu,upper,nonzero_background_threshold,direct threshold response; background unknowable,0.3,0.6,17,,,,,,34
Umu,upper,nonzero_background_threshold,direct threshold response; background unknowable,0.6,0.8999999999999999,12,-3.82193196894009,-10.167471947724504,-10.810959609473581,-2.77541763085698,10.810959609473581,11
Umu,upper,nonzero_background_threshold,direct threshold response; background unknowable,0.8999999999999999,1.2,12,-4.7147763537697065,-11.416450349216579,-12.21951373460577,-3.211647388856098,12.21951373460577,0
Umu,upper,nonzero_background_threshold,direct threshold response; background unknowable,1.2,1.5,12,-6.518618572862062,-13.413338182151495,-13.90175957931511,-5.640401928769457,13.90175957931511,0
Umu,upper,nonzero_background_threshold,direct threshold response; background unknowable,1.5,1.8,12,-6.563656345927649,-15.343179413553814,-16.65040632746867,-5.137591547694543,16.65040632746867,0
Umu,upper,nonzero_background_threshold,direct threshold response; background unknowable,1.7999999999999998,2.0999999999999996,9,-7.759625796694925,-17.543689380632067,-19.05018738496953,-6.619757646965785,19.05018738496953,0
Umu,upper,nonzero_background_threshold,direct threshold response; background unknowable,2.1,2.4,1,-8.737596043950525,-20.50021253870219,-20.50021253870219,-8.737596043950525,20.50021253870219,0
Umu,upper,nonzero_background_threshold,direct threshold response; background unknowable,2.4,2.6999999999999997,2,-10.377616291925278,-24.37393724851399,-25.729058003773552,-9.794241043005126,25.729058003773552,0
Umu,upper,nonzero_background_threshold,direct threshold response; background unknowable,2.6999999999999997,2.9999999999999996,1,-12.218076088089303,-29.687304395820192,-29.687304395820192,-12.218076088089303,29.687304395820192,0
Umu,upper,nonzero_background_threshold,direct threshold response; background unknowable,3.0,3.3,2,-15.432188836566052,-38.633113413980055,-42.160425835590345,-14.32195521134182,42.160425835590345,0
Umu,upper,nonzero_background_threshold,direct threshold response; background unknowable,3.3,3.5999999999999996,1,-20.17480893836796,-58.94818281097365,-58.94818281097365,-20.17480893836796,58.94818281097365,0
Umu,upper,nonzero_background_threshold,direct threshold response; background unknowable,3.5999999999999996,3.8999999999999995,2,-33.20483257029551,,-41.20306643131464,-25.206598709276385,41.20306643131464,2
Umu,upper,nonzero_background_threshold,direct threshold response; background unknowable,3.9,4.2,1,,,,,,2
Umu,upper,nonzero_background_threshold,direct threshold response; background unknowable,4.2,4.5,2,,,,,,4
Umu,upper,nonzero_background_threshold,direct threshold response; background unknowable,4.5,4.8,1,,,,,,2
Umu,upper,nonzero_background_threshold,direct threshold response; background unknowable,4.8,5.1,2,,,,,,4
Umu,upper,nonzero_background_threshold,direct threshold response; background unknowable,5.1,5.3999999999999995,1,,,,,,2
Umu,upper,nonzero_background_threshold,direct threshold response; background unknowable,5.3999999999999995,5.699999999999999,3,,,,,,6
Umu,upper,nonzero_background_threshold,direct threshold response; background unknowable,5.7,6.0,1,,,,,,2
Umu,upper,nonzero_background_threshold,direct threshold response; background unknowable,6.0,6.3,2,,,,,,4
Umu,upper,nonzero_background_threshold,direct threshold response; background unknowable,6.3,6.6,1,,,,,,2
Umu,upper,nonzero_background_threshold,direct threshold response; background unknowable,6.6,6.8999999999999995,2,,,,,,4
Umu,upper,nonzero_background_threshold,direct threshold response; background unknowable,6.8999999999999995,7.199999999999999,1,,,,,,2
Umu,upper,nonzero_background_threshold,direct threshold response; background unknowable,7.199999999999999,7.499999999999999,2,,,,,,4
Umu,upper,nonzero_background_threshold,direct threshold response; background unknowable,7.5,7.8,1,,,,,,2
Umu,upper,nonzero_background_threshold,direct threshold response; background unknowable,7.8,8.1,2,,,,,,4
Umu,upper,nonzero_background_threshold,direct threshold response; background unknowable,8.4,8.700000000000001,1,,,,,,2
Umu,upper,nonzero_background_threshold,direct threshold response; background unknowable,9.0,9.3,1,,,,,,2
Umu,upper,nonzero_background_threshold,direct threshold response; background unknowable,9.299999999999999,9.6,1,,,,,,2
Umu,upper,nonzero_background_threshold,direct threshold response; background unknowable,9.9,10.200000000000001,1,,,,,,2
Umu,upper,production_mc_statistical,directly calculable now,0.6,0.8999999999999999,6,-1.0756917747891614,1.0404961842371385,-1.799587607342823,1.7637464554250082,1.799587607342823,0
Umu,upper,production_mc_statistical,directly calculable now,0.8999999999999999,1.2,12,-0.963041685738597,1.0809936792959052,-1.9132868204338793,1.6654044860675787,1.9132868204338793,0
Umu,upper,production_mc_statistical,directly calculable now,1.2,1.5,12,-1.1236968632599709,0.927469576216644,-1.3663436333715917,1.1100808339377322,1.3663436333715917,0
Umu,upper,production_mc_statistical,directly calculable now,1.5,1.8,12,-1.2092601701029881,1.0112809909007092,-1.6523674572998637,1.5863014168872924,1.6523674572998637,0
Umu,upper,production_mc_statistical,directly calculable now,1.7999999999999998,2.0999999999999996,9,-1.2466097404108867,1.2070527060815683,-1.7655326311485697,1.6331915240566763,1.7655326311485697,0
Umu,upper,production_mc_statistical,directly calculable now,2.1,2.4,1,-1.4187563926727265,1.237326436686348,-1.4187563926727265,1.237326436686348,1.4187563926727265,0
Umu,upper,production_mc_statistical,directly calculable now,2.4,2.6999999999999997,2,-1.4233730328228222,1.3152183956027463,-1.4412617591707533,1.397201390664371,1.4412617591707533,0
Umu,upper,production_mc_statistical,directly calculable now,2.6999999999999997,2.9999999999999996,1,-1.6227435823257808,1.4426062653737581,-1.6227435823257808,1.4426062653737581,1.6227435823257808,0
Umu,upper,production_mc_statistical,directly calculable now,3.0,3.3,2,-2.00948890052548,1.8110469250709027,-2.080628748060087,1.8850271781716277,2.080628748060087,0
Umu,upper,production_mc_statistical,directly calculable now,3.3,3.5999999999999996,1,-2.317790736864589,2.114877760634748,-2.317790736864589,2.114877760634748,2.317790736864589,0
Umu,upper,production_mc_statistical,directly calculable now,3.5999999999999996,3.8999999999999995,2,-2.874196377910482,2.664088157057465,-3.201534098021974,2.986727388169852,3.201534098021974,0
Umu,upper,production_mc_statistical,directly calculable now,3.9,4.2,1,-5.41131692308936,5.192611684950865,-5.41131692308936,5.192611684950865,5.41131692308936,0
Umu,upper,production_spin_and_residual_angles,proxy/reweight estimate,0.0,0.3,7,,,,,,14
Umu,upper,production_spin_and_residual_angles,proxy/reweight estimate,0.3,0.6,17,,,,,,34
Umu,upper,production_spin_and_residual_angles,proxy/reweight estimate,0.6,0.8999999999999999,12,-0.0002260514487484322,0.00022603842924073803,-0.0007291109914708827,0.0007290047696839608,0.0007291109914708827,12
Umu,upper,production_spin_and_residual_angles,proxy/reweight estimate,0.8999999999999999,1.2,12,-0.00045535214685532566,0.0004552924251166601,-0.04667200563465146,0.04627857655445933,0.04667200563465146,0
Umu,upper,production_spin_and_residual_angles,proxy/reweight estimate,1.2,1.5,12,-0.00036032238707184305,0.00036027752060574514,-0.0029160849216114393,0.0029141379268349255,0.0029160849216114393,0
Umu,upper,production_spin_and_residual_angles,proxy/reweight estimate,1.5,1.8,12,-0.001093368217330859,0.0010930129820896362,-0.004034746675829481,0.004033000111625107,0.004034746675829481,0
Umu,upper,production_spin_and_residual_angles,proxy/reweight estimate,1.7999999999999998,2.0999999999999996,9,-0.0033499529237146497,0.003348676371461856,-0.013510962918372726,0.013477646112214359,0.013510962918372726,0
Umu,upper,production_spin_and_residual_angles,proxy/reweight estimate,2.1,2.4,1,-0.005711907419514439,0.005705560711910529,-0.005711907419514439,0.005705560711910529,0.005711907419514439,0
Umu,upper,production_spin_and_residual_angles,proxy/reweight estimate,2.4,2.6999999999999997,2,-0.01035246927814093,0.010323355040464666,-0.0150028574152139,0.014950996494689228,0.0150028574152139,0
Umu,upper,production_spin_and_residual_angles,proxy/reweight estimate,2.6999999999999997,2.9999999999999996,1,-0.045094460986372376,0.04485212790623638,-0.045094460986372376,0.04485212790623638,0.045094460986372376,0
Umu,upper,production_spin_and_residual_angles,proxy/reweight estimate,3.0,3.3,2,-0.02642511032611705,0.026362201739138502,-0.028302355173770444,0.028230640341364577,0.028302355173770444,0
Umu,upper,production_spin_and_residual_angles,proxy/reweight estimate,3.3,3.5999999999999996,1,-0.057633108498511554,0.05738418936152012,-0.057633108498511554,0.05738418936152012,0.057633108498511554,0
Umu,upper,production_spin_and_residual_angles,proxy/reweight estimate,3.5999999999999996,3.8999999999999995,2,-0.1303969569852792,0.12931697159564992,-0.14811688128975042,0.14686124498932696,0.14811688128975042,0
Umu,upper,production_spin_and_residual_angles,proxy/reweight estimate,3.9,4.2,1,-0.4570339830005987,0.4473176327660644,-0.4570339830005987,0.4473176327660644,0.4570339830005987,0
Umu,upper,production_spin_and_residual_angles,proxy/reweight estimate,4.2,4.5,2,,,,,,4
Umu,upper,production_spin_and_residual_angles,proxy/reweight estimate,4.5,4.8,1,,,,,,2
Umu,upper,production_spin_and_residual_angles,proxy/reweight estimate,4.8,5.1,2,,,,,,4
Umu,upper,production_spin_and_residual_angles,proxy/reweight estimate,5.1,5.3999999999999995,1,,,,,,2
Umu,upper,production_spin_and_residual_angles,proxy/reweight estimate,5.3999999999999995,5.699999999999999,3,,,,,,6
Umu,upper,production_spin_and_residual_angles,proxy/reweight estimate,5.7,6.0,1,,,,,,2
Umu,upper,production_spin_and_residual_angles,proxy/reweight estimate,6.0,6.3,2,,,,,,4
Umu,upper,production_spin_and_residual_angles,proxy/reweight estimate,6.3,6.6,1,,,,,,2
Umu,upper,production_spin_and_residual_angles,proxy/reweight estimate,6.6,6.8999999999999995,2,,,,,,4
Umu,upper,production_spin_and_residual_angles,proxy/reweight estimate,6.8999999999999995,7.199999999999999,1,,,,,,2
Umu,upper,production_spin_and_residual_angles,proxy/reweight estimate,7.199999999999999,7.499999999999999,2,,,,,,4
Umu,upper,production_spin_and_residual_angles,proxy/reweight estimate,7.5,7.8,1,,,,,,2
Umu,upper,production_spin_and_residual_angles,proxy/reweight estimate,7.8,8.1,2,,,,,,4
Umu,upper,production_spin_and_residual_angles,proxy/reweight estimate,8.4,8.700000000000001,1,,,,,,2
Umu,upper,production_spin_and_residual_angles,proxy/reweight estimate,9.0,9.3,1,,,,,,2
Umu,upper,production_spin_and_residual_angles,proxy/reweight estimate,9.299999999999999,9.6,1,,,,,,2
Umu,upper,production_spin_and_residual_angles,proxy/reweight estimate,9.9,10.200000000000001,1,,,,,,2
Umu,upper,visible_branching_fraction,literature-informed range,0.0,0.3,7,,,,,,14
Umu,upper,visible_branching_fraction,literature-informed range,0.3,0.6,17,,,,,,34
Umu,upper,visible_branching_fraction,literature-informed range,0.6,0.8999999999999999,12,-0.8437415186734909,0.8686034447947799,-1.495046193574856,1.4105824061105388,1.495046193574856,12
Umu,upper,visible_branching_fraction,literature-informed range,0.8999999999999999,1.2,12,-0.8257621119467318,0.8869434287457678,-1.4879106860128943,1.394898595452987,1.4879106860128943,0
Umu,upper,visible_branching_fraction,literature-informed range,1.2,1.5,12,-1.117178117284473,0.9234367239455588,-1.2340834130095901,1.0211653140765886,1.2340834130095901,0
Umu,upper,visible_branching_fraction,literature-informed range,1.5,1.8,12,-1.3021831022823838,1.0782080102354263,-1.8298553972655007,1.7604362745600177,1.8298553972655007,0
Umu,upper,visible_branching_fraction,literature-informed range,1.7999999999999998,2.0999999999999996,9,-1.5043872252087143,1.3965975022183885,-1.9299240643792404,1.9223028325692448,1.9299240643792404,0
Umu,upper,visible_branching_fraction,literature-informed range,2.1,2.4,1,-1.9413493139184057,1.6169302682787157,-1.9413493139184057,1.6169302682787157,1.9413493139184057,0
Umu,upper,visible_branching_fraction,literature-informed range,2.4,2.6999999999999997,2,-1.9637565636555276,1.8118788510922856,-2.0111857659510846,1.9475767415766176,2.0111857659510846,0
Umu,upper,visible_branching_fraction,literature-informed range,2.6999999999999997,2.9999999999999996,1,-2.523329274978059,2.1130517208310717,-2.523329274978059,2.1130517208310717,2.523329274978059,0
Umu,upper,visible_branching_fraction,literature-informed range,3.0,3.3,2,-3.3185520932487336,2.8614955281443866,-3.502761991441594,3.0832395453034733,3.502761991441594,0
Umu,upper,visible_branching_fraction,literature-informed range,3.3,3.5999999999999996,1,-4.103981660200096,3.6008161271507078,-4.103981660200096,3.6008161271507078,4.103981660200096,0
Umu,upper,visible_branching_fraction,literature-informed range,3.5999999999999996,3.8999999999999995,2,-5.816013472731113,4.967653891514923,-6.755310421814286,5.759873755581801,6.755310421814286,0
Umu,upper,visible_branching_fraction,literature-informed range,3.9,4.2,1,-13.24489400484552,10.081811192503753,-13.24489400484552,10.081811192503753,13.24489400484552,0
Umu,upper,visible_branching_fraction,literature-informed range,4.2,4.5,2,,,,,,3
Umu,upper,visible_branching_fraction,literature-informed range,4.5,4.8,1,,,,,,2
Umu,upper,visible_branching_fraction,literature-informed range,4.8,5.1,2,,,,,,4
Umu,upper,visible_branching_fraction,literature-informed range,5.1,5.3999999999999995,1,,,,,,2
Umu,upper,visible_branching_fraction,literature-informed range,5.3999999999999995,5.699999999999999,3,,,,,,6
Umu,upper,visible_branching_fraction,literature-informed range,5.7,6.0,1,,,,,,2
Umu,upper,visible_branching_fraction,literature-informed range,6.0,6.3,2,,,,,,4
Umu,upper,visible_branching_fraction,literature-informed range,6.3,6.6,1,,,,,,2
Umu,upper,visible_branching_fraction,literature-informed range,6.6,6.8999999999999995,2,,,,,,4
Umu,upper,visible_branching_fraction,literature-informed range,6.8999999999999995,7.199999999999999,1,,,,,,2
Umu,upper,visible_branching_fraction,literature-informed range,7.199999999999999,7.499999999999999,2,,,,,,4
Umu,upper,visible_branching_fraction,literature-informed range,7.5,7.8,1,,,,,,2
Umu,upper,visible_branching_fraction,literature-informed range,7.8,8.1,2,,,,,,4
Umu,upper,visible_branching_fraction,literature-informed range,8.4,8.700000000000001,1,,,,,,2
Umu,upper,visible_branching_fraction,literature-informed range,9.0,9.3,1,,,,,,2
Umu,upper,visible_branching_fraction,literature-informed range,9.299999999999999,9.6,1,,,,,,2
Umu,upper,visible_branching_fraction,literature-informed range,9.9,10.200000000000001,1,,,,,,2
Umu,upper,visible_decay_topology_acceptance,unknowable; acceptance scenario,0.0,0.3,7,,,,,,14
Umu,upper,visible_decay_topology_acceptance,unknowable; acceptance scenario,0.3,0.6,17,,,,,,34
Umu,upper,visible_decay_topology_acceptance,unknowable; acceptance scenario,0.6,0.8999999999999999,12,-2.7069443684333008,2.2197095869975314,-4.192171114082289,3.6196603582375753,4.192171114082289,12
Umu,upper,visible_decay_topology_acceptance,unknowable; acceptance scenario,0.8999999999999999,1.2,12,-3.1476921375174713,2.284907474079334,-4.370522300291357,3.794673273762328,4.370522300291357,0
Umu,upper,visible_decay_topology_acceptance,unknowable; acceptance scenario,1.2,1.5,12,-4.2408169971479115,2.360787460223812,-4.676757117784791,2.612588099938229,4.676757117784791,0
Umu,upper,visible_decay_topology_acceptance,unknowable; acceptance scenario,1.5,1.8,12,-4.45290621142847,3.2685397511629466,-5.7923356358185245,4.529506273265049,5.7923356358185245,0
Umu,upper,visible_decay_topology_acceptance,unknowable; acceptance scenario,1.7999999999999998,2.0999999999999996,9,-5.452339666091987,3.6055008888509654,-6.158403495105469,4.9520959483261295,6.158403495105469,0
Umu,upper,visible_decay_topology_acceptance,unknowable; acceptance scenario,2.1,2.4,1,-6.560385145098058,4.155714836488555,-6.560385145098058,4.155714836488555,6.560385145098058,0
Umu,upper,visible_decay_topology_acceptance,unknowable; acceptance scenario,2.4,2.6999999999999997,2,-7.266280645311884,5.151292831124854,-7.3409740705891675,5.992638354610991,7.3409740705891675,0
Umu,upper,visible_decay_topology_acceptance,unknowable; acceptance scenario,2.6999999999999997,2.9999999999999996,1,-8.730124372988657,5.45141653589587,-8.730124372988657,5.45141653589587,8.730124372988657,0
Umu,upper,visible_decay_topology_acceptance,unknowable; acceptance scenario,3.0,3.3,2,-10.585058535481673,7.4254767468781795,-11.372925583010996,8.013335909431675,11.372925583010996,0
Umu,upper,visible_decay_topology_acceptance,unknowable; acceptance scenario,3.3,3.5999999999999996,1,-13.870585311290052,9.39534266251345,-13.870585311290052,9.39534266251345,13.870585311290052,0
Umu,upper,visible_decay_topology_acceptance,unknowable; acceptance scenario,3.5999999999999996,3.8999999999999995,2,-21.02669187534544,13.507468676677181,-25.028498635631525,15.447772034358431,25.028498635631525,0
Umu,upper,visible_decay_topology_acceptance,unknowable; acceptance scenario,3.9,4.2,1,,25.47360432622352,25.47360432622352,25.47360432622352,25.47360432622352,1
Umu,upper,visible_decay_topology_acceptance,unknowable; acceptance scenario,4.2,4.5,2,,,,,,3
Umu,upper,visible_decay_topology_acceptance,unknowable; acceptance scenario,4.5,4.8,1,,,,,,2
Umu,upper,visible_decay_topology_acceptance,unknowable; acceptance scenario,4.8,5.1,2,,,,,,4
Umu,upper,visible_decay_topology_acceptance,unknowable; acceptance scenario,5.1,5.3999999999999995,1,,,,,,2
Umu,upper,visible_decay_topology_acceptance,unknowable; acceptance scenario,5.3999999999999995,5.699999999999999,3,,,,,,6
Umu,upper,visible_decay_topology_acceptance,unknowable; acceptance scenario,5.7,6.0,1,,,,,,2
Umu,upper,visible_decay_topology_acceptance,unknowable; acceptance scenario,6.0,6.3,2,,,,,,4
Umu,upper,visible_decay_topology_acceptance,unknowable; acceptance scenario,6.3,6.6,1,,,,,,2
Umu,upper,visible_decay_topology_acceptance,unknowable; acceptance scenario,6.6,6.8999999999999995,2,,,,,,4
Umu,upper,visible_decay_topology_acceptance,unknowable; acceptance scenario,6.8999999999999995,7.199999999999999,1,,,,,,2
Umu,upper,visible_decay_topology_acceptance,unknowable; acceptance scenario,7.199999999999999,7.499999999999999,2,,,,,,4
Umu,upper,visible_decay_topology_acceptance,unknowable; acceptance scenario,7.5,7.8,1,,,,,,2
Umu,upper,visible_decay_topology_acceptance,unknowable; acceptance scenario,7.8,8.1,2,,,,,,4
Umu,upper,visible_decay_topology_acceptance,unknowable; acceptance scenario,8.4,8.700000000000001,1,,,,,,2
Umu,upper,visible_decay_topology_acceptance,unknowable; acceptance scenario,9.0,9.3,1,,,,,,2
Umu,upper,visible_decay_topology_acceptance,unknowable; acceptance scenario,9.299999999999999,9.6,1,,,,,,2
Umu,upper,visible_decay_topology_acceptance,unknowable; acceptance scenario,9.9,10.200000000000001,1,,,,,,2
Utau,lower,bc_spectrum_and_normalization,unknowable; factor scenario,0.0,0.3,7,0.09153788667146667,-0.18200660840125282,-0.19252230824500227,0.09693322550019534,0.19252230824500227,0
Utau,lower,bc_spectrum_and_normalization,unknowable; factor scenario,0.3,0.6,17,0.09512180489681388,-0.18896381961219788,-0.22911895623309864,0.11546721943378468,0.22911895623309864,0
Utau,lower,bc_spectrum_and_normalization,unknowable; factor scenario,0.6,0.8999999999999999,12,0.1207100789821891,-0.24031900273679407,-0.342017142412987,0.17309757408361381,0.342017142412987,0
Utau,lower,bc_spectrum_and_normalization,unknowable; factor scenario,0.8999999999999999,1.2,12,0.24782071336273415,-0.48664537054832757,-0.6804491932658197,0.3492976316044727,0.6804491932658197,0
Utau,lower,bc_spectrum_and_normalization,unknowable; factor scenario,1.2,1.5,12,0.725986475762419,-1.5015640144341424,-3.3964705513064963,1.9430210711518958,3.3964705513064963,0
Utau,lower,bc_spectrum_and_normalization,unknowable; factor scenario,1.5,1.8,12,5.746604171079451,-9.230606304859784,-11.39812307909348,7.982820508696098,11.39812307909348,0
Utau,lower,bc_spectrum_and_normalization,unknowable; factor scenario,1.7999999999999998,2.0999999999999996,9,8.389268374421732,-12.382592595977027,-12.815325279480195,9.053281741986407,12.815325279480195,0
Utau,lower,bc_spectrum_and_normalization,unknowable; factor scenario,2.1,2.4,1,10.772572111525047,-14.804914528978252,-14.804914528978252,10.772572111525047,14.804914528978252,0
Utau,lower,bc_spectrum_and_normalization,unknowable; factor scenario,2.4,2.6999999999999997,2,14.294362449188625,-17.82930108098884,-19.086220841368164,15.737722583092228,19.086220841368164,0
Utau,lower,bc_spectrum_and_normalization,unknowable; factor scenario,2.6999999999999997,2.9999999999999996,1,19.90128016091639,-21.847697262737718,-21.847697262737718,19.90128016091639,21.847697262737718,0
Utau,lower,bc_spectrum_and_normalization,unknowable; factor scenario,3.0,3.3,2,26.957586425225156,-26.38770337921632,-28.048790315210738,29.899979403215205,29.899979403215205,0
Utau,lower,bc_spectrum_and_normalization,unknowable; factor scenario,3.3,3.5999999999999996,1,37.245746366120926,-32.98122976804236,-32.98122976804236,37.245746366120926,37.245746366120926,0
Utau,lower,bc_spectrum_and_normalization,unknowable; factor scenario,3.5999999999999996,3.8999999999999995,2,33.855791200483374,-40.15365976230977,-40.90657881380621,41.72420512603334,41.72420512603334,0
Utau,lower,bc_spectrum_and_normalization,unknowable; factor scenario,3.9,4.2,1,16.06560928486398,-33.228482101356114,-33.228482101356114,16.06560928486398,33.228482101356114,0
Utau,lower,bc_spectrum_and_normalization,unknowable; factor scenario,4.2,4.5,2,5.784845271711614,-12.473277775996412,-17.81693288117987,7.978826571849584,17.81693288117987,0
Utau,lower,bc_spectrum_and_normalization,unknowable; factor scenario,4.5,4.8,1,,,,,,2
Utau,lower,bc_spectrum_and_normalization,unknowable; factor scenario,4.8,5.1,2,,,,,,4
Utau,lower,bc_spectrum_and_normalization,unknowable; factor scenario,5.1,5.3999999999999995,1,,,,,,2
Utau,lower,bc_spectrum_and_normalization,unknowable; factor scenario,5.3999999999999995,5.699999999999999,3,,,,,,6
Utau,lower,bc_spectrum_and_normalization,unknowable; factor scenario,5.7,6.0,1,,,,,,2
Utau,lower,bc_spectrum_and_normalization,unknowable; factor scenario,6.0,6.3,2,,,,,,4
Utau,lower,bc_spectrum_and_normalization,unknowable; factor scenario,6.3,6.6,1,,,,,,2
Utau,lower,bc_spectrum_and_normalization,unknowable; factor scenario,6.6,6.8999999999999995,2,,,,,,4
Utau,lower,bc_spectrum_and_normalization,unknowable; factor scenario,6.8999999999999995,7.199999999999999,1,,,,,,2
Utau,lower,bc_spectrum_and_normalization,unknowable; factor scenario,7.199999999999999,7.499999999999999,2,,,,,,4
Utau,lower,bc_spectrum_and_normalization,unknowable; factor scenario,7.5,7.8,1,,,,,,2
Utau,lower,bc_spectrum_and_normalization,unknowable; factor scenario,7.8,8.1,2,,,,,,4
Utau,lower,bc_spectrum_and_normalization,unknowable; factor scenario,8.4,8.700000000000001,1,,,,,,2
Utau,lower,bc_spectrum_and_normalization,unknowable; factor scenario,9.0,9.3,1,,,,,,2
Utau,lower,bc_spectrum_and_normalization,unknowable; factor scenario,9.299999999999999,9.6,1,,,,,,2
Utau,lower,bc_spectrum_and_normalization,unknowable; factor scenario,9.9,10.200000000000001,1,,,,,,2
Utau,lower,charged_kaon_parent_transport,unknowable; transport scenario,0.0,0.3,7,0.0,0.0,0.0,0.0,0.0,0
Utau,lower,charged_kaon_parent_transport,unknowable; transport scenario,0.3,0.6,17,0.0,0.0,0.0,0.0,0.0,0
Utau,lower,charged_kaon_parent_transport,unknowable; transport scenario,0.6,0.8999999999999999,12,0.0,0.0,0.0,0.0,0.0,0
Utau,lower,charged_kaon_parent_transport,unknowable; transport scenario,0.8999999999999999,1.2,12,0.0,0.0,0.0,0.0,0.0,0
Utau,lower,charged_kaon_parent_transport,unknowable; transport scenario,1.2,1.5,12,0.0,0.0,0.0,0.0,0.0,0
Utau,lower,charged_kaon_parent_transport,unknowable; transport scenario,1.5,1.8,12,0.0,0.0,0.0,0.0,0.0,0
Utau,lower,charged_kaon_parent_transport,unknowable; transport scenario,1.7999999999999998,2.0999999999999996,9,0.0,0.0,0.0,0.0,0.0,0
Utau,lower,charged_kaon_parent_transport,unknowable; transport scenario,2.1,2.4,1,0.0,0.0,0.0,0.0,0.0,0
Utau,lower,charged_kaon_parent_transport,unknowable; transport scenario,2.4,2.6999999999999997,2,0.0,0.0,0.0,0.0,0.0,0
Utau,lower,charged_kaon_parent_transport,unknowable; transport scenario,2.6999999999999997,2.9999999999999996,1,0.0,0.0,0.0,0.0,0.0,0
Utau,lower,charged_kaon_parent_transport,unknowable; transport scenario,3.0,3.3,2,0.0,0.0,0.0,0.0,0.0,0
Utau,lower,charged_kaon_parent_transport,unknowable; transport scenario,3.3,3.5999999999999996,1,0.0,0.0,0.0,0.0,0.0,0
Utau,lower,charged_kaon_parent_transport,unknowable; transport scenario,3.5999999999999996,3.8999999999999995,2,0.0,0.0,0.0,0.0,0.0,0
Utau,lower,charged_kaon_parent_transport,unknowable; transport scenario,3.9,4.2,1,0.0,0.0,0.0,0.0,0.0,0
Utau,lower,charged_kaon_parent_transport,unknowable; transport scenario,4.2,4.5,2,0.0,0.0,0.0,0.0,0.0,0
Utau,lower,charged_kaon_parent_transport,unknowable; transport scenario,4.5,4.8,1,,,,,,2
Utau,lower,charged_kaon_parent_transport,unknowable; transport scenario,4.8,5.1,2,,,,,,4
Utau,lower,charged_kaon_parent_transport,unknowable; transport scenario,5.1,5.3999999999999995,1,,,,,,2
Utau,lower,charged_kaon_parent_transport,unknowable; transport scenario,5.3999999999999995,5.699999999999999,3,,,,,,6
Utau,lower,charged_kaon_parent_transport,unknowable; transport scenario,5.7,6.0,1,,,,,,2
Utau,lower,charged_kaon_parent_transport,unknowable; transport scenario,6.0,6.3,2,,,,,,4
Utau,lower,charged_kaon_parent_transport,unknowable; transport scenario,6.3,6.6,1,,,,,,2
Utau,lower,charged_kaon_parent_transport,unknowable; transport scenario,6.6,6.8999999999999995,2,,,,,,4
Utau,lower,charged_kaon_parent_transport,unknowable; transport scenario,6.8999999999999995,7.199999999999999,1,,,,,,2
Utau,lower,charged_kaon_parent_transport,unknowable; transport scenario,7.199999999999999,7.499999999999999,2,,,,,,4
Utau,lower,charged_kaon_parent_transport,unknowable; transport scenario,7.5,7.8,1,,,,,,2
Utau,lower,charged_kaon_parent_transport,unknowable; transport scenario,7.8,8.1,2,,,,,,4
Utau,lower,charged_kaon_parent_transport,unknowable; transport scenario,8.4,8.700000000000001,1,,,,,,2
Utau,lower,charged_kaon_parent_transport,unknowable; transport scenario,9.0,9.3,1,,,,,,2
Utau,lower,charged_kaon_parent_transport,unknowable; transport scenario,9.299999999999999,9.6,1,,,,,,2
Utau,lower,charged_kaon_parent_transport,unknowable; transport scenario,9.9,10.200000000000001,1,,,,,,2
Utau,lower,combined_physics_model_rss,"engineering envelope, not confidence interval",0.0,0.3,7,-20.595905999487297,25.97570013839392,-21.22234970136142,27.73089391019765,27.73089391019765,0
Utau,lower,combined_physics_model_rss,"engineering envelope, not confidence interval",0.3,0.6,17,-20.780114726801735,25.80669954750412,-21.486458304391963,27.94322335652717,27.94322335652717,0
Utau,lower,combined_physics_model_rss,"engineering envelope, not confidence interval",0.6,0.8999999999999999,12,-20.756466499673607,26.26006324237744,-21.294975659923242,28.135030269223282,28.135030269223282,0
Utau,lower,combined_physics_model_rss,"engineering envelope, not confidence interval",0.8999999999999999,1.2,12,-21.410411838349862,28.91644970837067,-22.0471867774777,30.7224449246001,30.7224449246001,0
Utau,lower,combined_physics_model_rss,"engineering envelope, not confidence interval",1.2,1.5,12,-21.31692314368801,27.763147570735114,-22.07789134468765,29.95930795704247,29.95930795704247,0
Utau,lower,combined_physics_model_rss,"engineering envelope, not confidence interval",1.5,1.8,12,-24.252034049231263,36.52549457019626,-26.217728868372593,40.444662201565976,40.444662201565976,0
Utau,lower,combined_physics_model_rss,"engineering envelope, not confidence interval",1.7999999999999998,2.0999999999999996,9,-26.13943528965288,40.354613248763236,-26.881716365621923,40.76819067124229,40.76819067124229,0
Utau,lower,combined_physics_model_rss,"engineering envelope, not confidence interval",2.1,2.4,1,-27.555601687360966,41.13228863710279,-27.555601687360966,41.13228863710279,41.13228863710279,0
Utau,lower,combined_physics_model_rss,"engineering envelope, not confidence interval",2.4,2.6999999999999997,2,-28.81611424560382,44.11756921908665,-29.6040590425389,45.02402995704826,45.02402995704826,0
Utau,lower,combined_physics_model_rss,"engineering envelope, not confidence interval",2.6999999999999997,2.9999999999999996,1,-31.309312254382927,48.51997610671648,-31.309312254382927,48.51997610671648,48.51997610671648,0
Utau,lower,combined_physics_model_rss,"engineering envelope, not confidence interval",3.0,3.3,2,-34.66451524420118,54.41461646641706,-35.85085470216587,56.49156970017004,56.49156970017004,0
Utau,lower,combined_physics_model_rss,"engineering envelope, not confidence interval",3.3,3.5999999999999996,1,-39.84843203541379,62.62796189105602,-39.84843203541379,62.62796189105602,62.62796189105602,0
Utau,lower,combined_physics_model_rss,"engineering envelope, not confidence interval",3.5999999999999996,3.8999999999999995,2,-45.30055915193233,52.653681521357285,-46.29328769109902,62.383662903328045,62.383662903328045,0
Utau,lower,combined_physics_model_rss,"engineering envelope, not confidence interval",3.9,4.2,1,-38.14474441265771,33.7277174881111,-38.14474441265771,33.7277174881111,38.14474441265771,0
Utau,lower,combined_physics_model_rss,"engineering envelope, not confidence interval",4.2,4.5,2,-26.046600830763758,33.9447468932046,-26.130631662431338,36.51303366012266,36.51303366012266,0
Utau,lower,csv_8_digit_serialization,quantitatively dismissed by rounding bound,0.0,0.3,7,1.0522682170055475e-05,-1.052267696310949e-05,-1.1314670722573084e-05,1.1314676595652884e-05,1.1314676595652884e-05,0
Utau,lower,csv_8_digit_serialization,quantitatively dismissed by rounding bound,0.3,0.6,17,1.0078430401350147e-05,-1.007842509448409e-05,-1.1192066395881994e-05,1.1192072335575176e-05,1.1192072335575176e-05,0
Utau,lower,csv_8_digit_serialization,quantitatively dismissed by rounding bound,0.6,0.8999999999999999,12,1.0735456068555749e-05,-1.0735450639565158e-05,-1.131921779640166e-05,1.1319223580663618e-05,1.1319223580663618e-05,0
Utau,lower,csv_8_digit_serialization,quantitatively dismissed by rounding bound,0.8999999999999999,1.2,12,1.0188561427870724e-05,-1.0188556315293695e-05,-1.1228636165316885e-05,1.1228641927374383e-05,1.1228641927374383e-05,0
Utau,lower,csv_8_digit_serialization,quantitatively dismissed by rounding bound,1.2,1.5,12,9.671553480306017e-06,-9.671548556466902e-06,-1.1435230129475116e-05,1.1435236135781679e-05,1.1435236135781679e-05,0
Utau,lower,csv_8_digit_serialization,quantitatively dismissed by rounding bound,1.5,1.8,12,1.0481715706500694e-05,-1.0481710516208054e-05,-1.1484356032820386e-05,1.148436163944666e-05,1.148436163944666e-05,0
Utau,lower,csv_8_digit_serialization,quantitatively dismissed by rounding bound,1.7999999999999998,2.0999999999999996,9,1.0503385960980438e-05,-1.0503380576398769e-05,-1.2015183370461813e-05,1.2015189709835283e-05,1.2015189709835283e-05,0
Utau,lower,csv_8_digit_serialization,quantitatively dismissed by rounding bound,2.1,2.4,1,1.0067442257621906e-05,-1.0067437150595993e-05,-1.0067437150595993e-05,1.0067442257621906e-05,1.0067442257621906e-05,0
Utau,lower,csv_8_digit_serialization,quantitatively dismissed by rounding bound,2.4,2.6999999999999997,2,1.1557058643418827e-05,-1.1557052603805573e-05,-1.1817426914806362e-05,1.1817433032135227e-05,1.1817433032135227e-05,0
Utau,lower,csv_8_digit_serialization,quantitatively dismissed by rounding bound,2.6999999999999997,2.9999999999999996,1,1.213958376045099e-05,-1.2139577343361907e-05,-1.2139577343361907e-05,1.213958376045099e-05,1.213958376045099e-05,0
Utau,lower,csv_8_digit_serialization,quantitatively dismissed by rounding bound,3.0,3.3,2,1.4018299709928073e-05,-1.4018292016082512e-05,-1.4358123412439028e-05,1.435813119510243e-05,1.435813119510243e-05,0
Utau,lower,csv_8_digit_serialization,quantitatively dismissed by rounding bound,3.3,3.5999999999999996,1,1.786136054615639e-05,-1.786135022108226e-05,-1.786135022108226e-05,1.786136054615639e-05,1.786136054615639e-05,0
Utau,lower,csv_8_digit_serialization,quantitatively dismissed by rounding bound,3.5999999999999996,3.8999999999999995,2,2.1840987574073267e-05,-2.1840974079312403e-05,-2.33975627095262e-05,2.3397577386674584e-05,2.3397577386674584e-05,0
Utau,lower,csv_8_digit_serialization,quantitatively dismissed by rounding bound,3.9,4.2,1,2.3316837993725414e-05,-2.331682336098595e-05,-2.331682336098595e-05,2.3316837993725414e-05,2.3316837993725414e-05,0
Utau,lower,csv_8_digit_serialization,quantitatively dismissed by rounding bound,4.2,4.5,2,3.2213485690046895e-05,-3.2213461831354095e-05,-3.9791772499242484e-05,3.9791804096189765e-05,3.9791804096189765e-05,0
Utau,lower,csv_8_digit_serialization,quantitatively dismissed by rounding bound,4.5,4.8,1,,,,,,2
Utau,lower,csv_8_digit_serialization,quantitatively dismissed by rounding bound,4.8,5.1,2,,,,,,4
Utau,lower,csv_8_digit_serialization,quantitatively dismissed by rounding bound,5.1,5.3999999999999995,1,,,,,,2
Utau,lower,csv_8_digit_serialization,quantitatively dismissed by rounding bound,5.3999999999999995,5.699999999999999,3,,,,,,6
Utau,lower,csv_8_digit_serialization,quantitatively dismissed by rounding bound,5.7,6.0,1,,,,,,2
Utau,lower,csv_8_digit_serialization,quantitatively dismissed by rounding bound,6.0,6.3,2,,,,,,4
Utau,lower,csv_8_digit_serialization,quantitatively dismissed by rounding bound,6.3,6.6,1,,,,,,2
Utau,lower,csv_8_digit_serialization,quantitatively dismissed by rounding bound,6.6,6.8999999999999995,2,,,,,,4
Utau,lower,csv_8_digit_serialization,quantitatively dismissed by rounding bound,6.8999999999999995,7.199999999999999,1,,,,,,2
Utau,lower,csv_8_digit_serialization,quantitatively dismissed by rounding bound,7.199999999999999,7.499999999999999,2,,,,,,4
Utau,lower,csv_8_digit_serialization,quantitatively dismissed by rounding bound,7.5,7.8,1,,,,,,2
Utau,lower,csv_8_digit_serialization,quantitatively dismissed by rounding bound,7.8,8.1,2,,,,,,4
Utau,lower,csv_8_digit_serialization,quantitatively dismissed by rounding bound,8.4,8.700000000000001,1,,,,,,2
Utau,lower,csv_8_digit_serialization,quantitatively dismissed by rounding bound,9.0,9.3,1,,,,,,2
Utau,lower,csv_8_digit_serialization,quantitatively dismissed by rounding bound,9.299999999999999,9.6,1,,,,,,2
Utau,lower,csv_8_digit_serialization,quantitatively dismissed by rounding bound,9.9,10.200000000000001,1,,,,,,2
Utau,lower,current_code_rerun_proxy,direct code calculation; finite-MC proxy,0.0,0.3,7,-22.373794029147685,-22.373794029147685,-29.831250579656665,-11.912849148431615,29.831250579656665,0
Utau,lower,current_code_rerun_proxy,direct code calculation; finite-MC proxy,0.3,0.6,17,-19.880757801017513,-19.880757801017513,-29.48426154531353,-9.363740424145329,29.48426154531353,0
Utau,lower,current_code_rerun_proxy,direct code calculation; finite-MC proxy,0.6,0.8999999999999999,12,-21.478102766256008,-21.478102766256008,-30.112664012654367,-13.426194359065624,30.112664012654367,0
Utau,lower,current_code_rerun_proxy,direct code calculation; finite-MC proxy,0.8999999999999999,1.2,12,-15.679719693110533,-15.679719693110533,-24.711390702255365,-6.738630858030092,24.711390702255365,0
Utau,lower,current_code_rerun_proxy,direct code calculation; finite-MC proxy,1.2,1.5,12,-15.247969986340165,-15.247969986340165,-21.13034078257633,-11.267006654810075,21.13034078257633,0
Utau,lower,current_code_rerun_proxy,direct code calculation; finite-MC proxy,1.5,1.8,12,-0.006629173559169477,-0.006629173559169477,-11.593633135530402,3.4935173832196798,11.593633135530402,0
Utau,lower,current_code_rerun_proxy,direct code calculation; finite-MC proxy,1.7999999999999998,2.0999999999999996,9,0.0,0.0,0.0,0.0,0.0,0
Utau,lower,current_code_rerun_proxy,direct code calculation; finite-MC proxy,2.1,2.4,1,0.0,0.0,0.0,0.0,0.0,0
Utau,lower,current_code_rerun_proxy,direct code calculation; finite-MC proxy,2.4,2.6999999999999997,2,0.0,0.0,0.0,0.0,0.0,0
Utau,lower,current_code_rerun_proxy,direct code calculation; finite-MC proxy,2.6999999999999997,2.9999999999999996,1,0.0,0.0,0.0,0.0,0.0,0
Utau,lower,current_code_rerun_proxy,direct code calculation; finite-MC proxy,3.0,3.3,2,0.0,0.0,0.0,0.0,0.0,0
Utau,lower,current_code_rerun_proxy,direct code calculation; finite-MC proxy,3.3,3.5999999999999996,1,0.0,0.0,0.0,0.0,0.0,0
Utau,lower,current_code_rerun_proxy,direct code calculation; finite-MC proxy,3.5999999999999996,3.8999999999999995,2,0.0,0.0,0.0,0.0,0.0,0
Utau,lower,current_code_rerun_proxy,direct code calculation; finite-MC proxy,3.9,4.2,1,0.0,0.0,0.0,0.0,0.0,0
Utau,lower,current_code_rerun_proxy,direct code calculation; finite-MC proxy,4.2,4.5,2,0.0,0.0,0.0,0.0,0.0,0
Utau,lower,current_code_rerun_proxy,direct code calculation; finite-MC proxy,4.5,4.8,1,,,,,,2
Utau,lower,current_code_rerun_proxy,direct code calculation; finite-MC proxy,4.8,5.1,2,,,,,,4
Utau,lower,current_code_rerun_proxy,direct code calculation; finite-MC proxy,5.1,5.3999999999999995,1,,,,,,2
Utau,lower,current_code_rerun_proxy,direct code calculation; finite-MC proxy,5.3999999999999995,5.699999999999999,3,,,,,,6
Utau,lower,current_code_rerun_proxy,direct code calculation; finite-MC proxy,5.7,6.0,1,,,,,,2
Utau,lower,current_code_rerun_proxy,direct code calculation; finite-MC proxy,6.0,6.3,2,,,,,,4
Utau,lower,current_code_rerun_proxy,direct code calculation; finite-MC proxy,6.3,6.6,1,,,,,,2
Utau,lower,current_code_rerun_proxy,direct code calculation; finite-MC proxy,6.6,6.8999999999999995,2,,,,,,4
Utau,lower,current_code_rerun_proxy,direct code calculation; finite-MC proxy,6.8999999999999995,7.199999999999999,1,,,,,,2
Utau,lower,current_code_rerun_proxy,direct code calculation; finite-MC proxy,7.199999999999999,7.499999999999999,2,,,,,,4
Utau,lower,current_code_rerun_proxy,direct code calculation; finite-MC proxy,7.5,7.8,1,,,,,,2
Utau,lower,current_code_rerun_proxy,direct code calculation; finite-MC proxy,7.8,8.1,2,,,,,,4
Utau,lower,current_code_rerun_proxy,direct code calculation; finite-MC proxy,8.4,8.700000000000001,1,,,,,,2
Utau,lower,current_code_rerun_proxy,direct code calculation; finite-MC proxy,9.0,9.3,1,,,,,,2
Utau,lower,current_code_rerun_proxy,direct code calculation; finite-MC proxy,9.299999999999999,9.6,1,,,,,,2
Utau,lower,current_code_rerun_proxy,direct code calculation; finite-MC proxy,9.9,10.200000000000001,1,,,,,,2
Utau,lower,detector_reconstruction_efficiency,unknowable; efficiency scenario,0.0,0.3,7,41.361680197376735,0.0,0.0,41.735670922020105,41.735670922020105,0
Utau,lower,detector_reconstruction_efficiency,unknowable; efficiency scenario,0.3,0.6,17,41.36748518592939,0.0,0.0,41.83004302719018,41.83004302719018,0
Utau,lower,detector_reconstruction_efficiency,unknowable; efficiency scenario,0.6,0.8999999999999999,12,41.383872582037284,0.0,0.0,41.89094128847219,41.89094128847219,0
Utau,lower,detector_reconstruction_efficiency,unknowable; efficiency scenario,0.8999999999999999,1.2,12,41.785107898302776,0.0,0.0,42.167320860821555,42.167320860821555,0
Utau,lower,detector_reconstruction_efficiency,unknowable; efficiency scenario,1.2,1.5,12,42.60563165029152,0.0,0.0,43.07722786078176,43.07722786078176,0
Utau,lower,detector_reconstruction_efficiency,unknowable; efficiency scenario,1.5,1.8,12,44.26379815480381,0.0,0.0,45.21886588226431,45.21886588226431,0
Utau,lower,detector_reconstruction_efficiency,unknowable; efficiency scenario,1.7999999999999998,2.0999999999999996,9,45.72616605599449,0.0,0.0,46.38774015309335,46.38774015309335,0
Utau,lower,detector_reconstruction_efficiency,unknowable; efficiency scenario,2.1,2.4,1,47.72331143237272,0.0,0.0,47.72331143237272,47.72331143237272,0
Utau,lower,detector_reconstruction_efficiency,unknowable; efficiency scenario,2.4,2.6999999999999997,2,51.8764563223403,0.0,0.0,53.2543372688484,53.2543372688484,0
Utau,lower,detector_reconstruction_efficiency,unknowable; efficiency scenario,2.6999999999999997,2.9999999999999996,1,58.50572786949153,0.0,0.0,58.50572786949153,58.50572786949153,0
Utau,lower,detector_reconstruction_efficiency,unknowable; efficiency scenario,3.0,3.3,2,70.99796859530774,0.0,0.0,75.11713445002388,75.11713445002388,0
Utau,lower,detector_reconstruction_efficiency,unknowable; efficiency scenario,3.3,3.5999999999999996,1,101.80898676762142,0.0,0.0,101.80898676762142,101.80898676762142,0
Utau,lower,detector_reconstruction_efficiency,unknowable; efficiency scenario,3.5999999999999996,3.8999999999999995,2,129.1261893252373,0.0,0.0,130.18535998338479,130.18535998338479,0
Utau,lower,detector_reconstruction_efficiency,unknowable; efficiency scenario,3.9,4.2,1,167.4069843906916,0.0,0.0,167.4069843906916,167.4069843906916,0
Utau,lower,detector_reconstruction_efficiency,unknowable; efficiency scenario,4.2,4.5,2,,0.0,0.0,0.0,0.0,2
Utau,lower,detector_reconstruction_efficiency,unknowable; efficiency scenario,4.5,4.8,1,,,,,,2
Utau,lower,detector_reconstruction_efficiency,unknowable; efficiency scenario,4.8,5.1,2,,,,,,4
Utau,lower,detector_reconstruction_efficiency,unknowable; efficiency scenario,5.1,5.3999999999999995,1,,,,,,2
Utau,lower,detector_reconstruction_efficiency,unknowable; efficiency scenario,5.3999999999999995,5.699999999999999,3,,,,,,6
Utau,lower,detector_reconstruction_efficiency,unknowable; efficiency scenario,5.7,6.0,1,,,,,,2
Utau,lower,detector_reconstruction_efficiency,unknowable; efficiency scenario,6.0,6.3,2,,,,,,4
Utau,lower,detector_reconstruction_efficiency,unknowable; efficiency scenario,6.3,6.6,1,,,,,,2
Utau,lower,detector_reconstruction_efficiency,unknowable; efficiency scenario,6.6,6.8999999999999995,2,,,,,,4
Utau,lower,detector_reconstruction_efficiency,unknowable; efficiency scenario,6.8999999999999995,7.199999999999999,1,,,,,,2
Utau,lower,detector_reconstruction_efficiency,unknowable; efficiency scenario,7.199999999999999,7.499999999999999,2,,,,,,4
Utau,lower,detector_reconstruction_efficiency,unknowable; efficiency scenario,7.5,7.8,1,,,,,,2
Utau,lower,detector_reconstruction_efficiency,unknowable; efficiency scenario,7.8,8.1,2,,,,,,4
Utau,lower,detector_reconstruction_efficiency,unknowable; efficiency scenario,8.4,8.700000000000001,1,,,,,,2
Utau,lower,detector_reconstruction_efficiency,unknowable; efficiency scenario,9.0,9.3,1,,,,,,2
Utau,lower,detector_reconstruction_efficiency,unknowable; efficiency scenario,9.299999999999999,9.6,1,,,,,,2
Utau,lower,detector_reconstruction_efficiency,unknowable; efficiency scenario,9.9,10.200000000000001,1,,,,,,2
Utau,lower,exclusive_channel_closure_and_weak_cascades,proxy/reweight estimate,0.0,0.3,7,-1.3360204026779288,-4.875549631377208,-5.6679352161301155,-1.2090467097357838,5.6679352161301155,0
Utau,lower,exclusive_channel_closure_and_weak_cascades,proxy/reweight estimate,0.3,0.6,17,-1.3017852404221153,-4.921515778821917,-5.82882646287689,-1.0741336476318475,5.82882646287689,0
Utau,lower,exclusive_channel_closure_and_weak_cascades,proxy/reweight estimate,0.6,0.8999999999999999,12,-1.3895025888760626,-5.0882144067449895,-5.730511015265871,-1.2514843914213758,5.730511015265871,0
Utau,lower,exclusive_channel_closure_and_weak_cascades,proxy/reweight estimate,0.8999999999999999,1.2,12,-1.5603357624934366,-5.792585794915461,-6.510649181434214,-1.1997971883685343,6.510649181434214,0
Utau,lower,exclusive_channel_closure_and_weak_cascades,proxy/reweight estimate,1.2,1.5,12,-1.4281777981701327,-5.553276040376565,-6.411931352837163,-1.1734038660496937,6.411931352837163,0
Utau,lower,exclusive_channel_closure_and_weak_cascades,proxy/reweight estimate,1.5,1.8,12,-1.6659026752450679,-6.126112430766856,-7.3955003928519165,-1.1505511322035145,7.3955003928519165,0
Utau,lower,exclusive_channel_closure_and_weak_cascades,proxy/reweight estimate,1.7999999999999998,2.0999999999999996,9,-1.8221841121078497,-6.629012310580229,-7.174773728748263,-1.6107769291493712,7.174773728748263,0
Utau,lower,exclusive_channel_closure_and_weak_cascades,proxy/reweight estimate,2.1,2.4,1,-1.6593909431659948,-6.528069259468506,-6.528069259468506,-1.6593909431659948,6.528069259468506,0
Utau,lower,exclusive_channel_closure_and_weak_cascades,proxy/reweight estimate,2.4,2.6999999999999997,2,-1.5297892805757496,-5.7871921147390655,-5.95553362042891,-1.409718903834123,5.95553362042891,0
Utau,lower,exclusive_channel_closure_and_weak_cascades,proxy/reweight estimate,2.6999999999999997,2.9999999999999996,1,-1.3054783659812275,-5.044620954752443,-5.044620954752443,-1.3054783659812275,5.044620954752443,0
Utau,lower,exclusive_channel_closure_and_weak_cascades,proxy/reweight estimate,3.0,3.3,2,-1.1822786074915492,-4.486080892465277,-4.891974394346432,-1.0526402199881435,4.891974394346432,0
Utau,lower,exclusive_channel_closure_and_weak_cascades,proxy/reweight estimate,3.3,3.5999999999999996,1,-0.752620274773208,-2.9140593066956155,-2.9140593066956155,-0.752620274773208,2.9140593066956155,0
Utau,lower,exclusive_channel_closure_and_weak_cascades,proxy/reweight estimate,3.5999999999999996,3.8999999999999995,2,0.0,0.0,0.0,0.0,0.0,0
Utau,lower,exclusive_channel_closure_and_weak_cascades,proxy/reweight estimate,3.9,4.2,1,0.0,0.0,0.0,0.0,0.0,0
Utau,lower,exclusive_channel_closure_and_weak_cascades,proxy/reweight estimate,4.2,4.5,2,0.0,0.0,0.0,0.0,0.0,0
Utau,lower,exclusive_channel_closure_and_weak_cascades,proxy/reweight estimate,4.5,4.8,1,,,,,,2
Utau,lower,exclusive_channel_closure_and_weak_cascades,proxy/reweight estimate,4.8,5.1,2,,,,,,4
Utau,lower,exclusive_channel_closure_and_weak_cascades,proxy/reweight estimate,5.1,5.3999999999999995,1,,,,,,2
Utau,lower,exclusive_channel_closure_and_weak_cascades,proxy/reweight estimate,5.3999999999999995,5.699999999999999,3,,,,,,6
Utau,lower,exclusive_channel_closure_and_weak_cascades,proxy/reweight estimate,5.7,6.0,1,,,,,,2
Utau,lower,exclusive_channel_closure_and_weak_cascades,proxy/reweight estimate,6.0,6.3,2,,,,,,4
Utau,lower,exclusive_channel_closure_and_weak_cascades,proxy/reweight estimate,6.3,6.6,1,,,,,,2
Utau,lower,exclusive_channel_closure_and_weak_cascades,proxy/reweight estimate,6.6,6.8999999999999995,2,,,,,,4
Utau,lower,exclusive_channel_closure_and_weak_cascades,proxy/reweight estimate,6.8999999999999995,7.199999999999999,1,,,,,,2
Utau,lower,exclusive_channel_closure_and_weak_cascades,proxy/reweight estimate,7.199999999999999,7.499999999999999,2,,,,,,4
Utau,lower,exclusive_channel_closure_and_weak_cascades,proxy/reweight estimate,7.5,7.8,1,,,,,,2
Utau,lower,exclusive_channel_closure_and_weak_cascades,proxy/reweight estimate,7.8,8.1,2,,,,,,4
Utau,lower,exclusive_channel_closure_and_weak_cascades,proxy/reweight estimate,8.4,8.700000000000001,1,,,,,,2
Utau,lower,exclusive_channel_closure_and_weak_cascades,proxy/reweight estimate,9.0,9.3,1,,,,,,2
Utau,lower,exclusive_channel_closure_and_weak_cascades,proxy/reweight estimate,9.299999999999999,9.6,1,,,,,,2
Utau,lower,exclusive_channel_closure_and_weak_cascades,proxy/reweight estimate,9.9,10.200000000000001,1,,,,,,2
Utau,lower,flat_ew_kfactor_and_wz_mixture,literature-informed range,0.0,0.3,7,0.023582403020760978,-0.023556327042884018,-0.024643660772627474,0.024671235427531357,0.024671235427531357,0
Utau,lower,flat_ew_kfactor_and_wz_mixture,literature-informed range,0.3,0.6,17,0.01948637553135235,-0.0194689847822338,-0.02297670198556645,0.023001733694183457,0.023001733694183457,0
Utau,lower,flat_ew_kfactor_and_wz_mixture,literature-informed range,0.6,0.8999999999999999,12,0.016796351440095947,-0.01678229488698002,-0.02074648730981954,0.020766952246709103,0.020766952246709103,0
Utau,lower,flat_ew_kfactor_and_wz_mixture,literature-informed range,0.8999999999999999,1.2,12,0.017254162234725534,-0.017239778788286086,-0.019425758854962893,0.01944501498458706,0.01944501498458706,0
Utau,lower,flat_ew_kfactor_and_wz_mixture,literature-informed range,1.2,1.5,12,0.032859110458272056,-0.03280601102543246,-0.06746796252674603,0.06769604165084431,0.06769604165084431,0
Utau,lower,flat_ew_kfactor_and_wz_mixture,literature-informed range,1.5,1.8,12,0.16805112692001023,-0.16656811205942312,-0.20444371289196628,0.206578823660597,0.206578823660597,0
Utau,lower,flat_ew_kfactor_and_wz_mixture,literature-informed range,1.7999999999999998,2.0999999999999996,9,0.22676843781541667,-0.22430318764262713,-0.27562143847658094,0.2791077610889925,0.2791077610889925,0
Utau,lower,flat_ew_kfactor_and_wz_mixture,literature-informed range,2.1,2.4,1,0.27543250636588024,-0.2714004973068729,-0.2714004973068729,0.27543250636588024,0.27543250636588024,0
Utau,lower,flat_ew_kfactor_and_wz_mixture,literature-informed range,2.4,2.6999999999999997,2,0.40143972789541404,-0.39351474146686605,-0.42167527071516053,0.4310334132811233,0.4310334132811233,0
Utau,lower,flat_ew_kfactor_and_wz_mixture,literature-informed range,2.6999999999999997,2.9999999999999996,1,0.593342878150871,-0.5761225861591779,-0.5761225861591779,0.593342878150871,0.593342878150871,0
Utau,lower,flat_ew_kfactor_and_wz_mixture,literature-informed range,3.0,3.3,2,1.1603703047075475,-1.168121776685238,-1.3697998575710746,1.3102755524181164,1.3697998575710746,0
Utau,lower,flat_ew_kfactor_and_wz_mixture,literature-informed range,3.3,3.5999999999999996,1,2.8951616975391836,-2.6600051215671106,-2.6600051215671106,2.8951616975391836,2.8951616975391836,0
Utau,lower,flat_ew_kfactor_and_wz_mixture,literature-informed range,3.5999999999999996,3.8999999999999995,2,8.614615610616028,-6.675854099746803,-8.153186386426503,10.99980986768645,10.99980986768645,0
Utau,lower,flat_ew_kfactor_and_wz_mixture,literature-informed range,3.9,4.2,1,15.585284145315658,-10.656620603242784,-10.656620603242784,15.585284145315658,15.585284145315658,0
Utau,lower,flat_ew_kfactor_and_wz_mixture,literature-informed range,4.2,4.5,2,21.24758858265743,-16.231689142297896,-19.205229433136005,21.24758858265743,21.24758858265743,1
Utau,lower,flat_ew_kfactor_and_wz_mixture,literature-informed range,4.5,4.8,1,,,,,,2
Utau,lower,flat_ew_kfactor_and_wz_mixture,literature-informed range,4.8,5.1,2,,,,,,4
Utau,lower,flat_ew_kfactor_and_wz_mixture,literature-informed range,5.1,5.3999999999999995,1,,,,,,2
Utau,lower,flat_ew_kfactor_and_wz_mixture,literature-informed range,5.3999999999999995,5.699999999999999,3,,,,,,6
Utau,lower,flat_ew_kfactor_and_wz_mixture,literature-informed range,5.7,6.0,1,,,,,,2
Utau,lower,flat_ew_kfactor_and_wz_mixture,literature-informed range,6.0,6.3,2,,,,,,4
Utau,lower,flat_ew_kfactor_and_wz_mixture,literature-informed range,6.3,6.6,1,,,,,,2
Utau,lower,flat_ew_kfactor_and_wz_mixture,literature-informed range,6.6,6.8999999999999995,2,,,,,,4
Utau,lower,flat_ew_kfactor_and_wz_mixture,literature-informed range,6.8999999999999995,7.199999999999999,1,,,,,,2
Utau,lower,flat_ew_kfactor_and_wz_mixture,literature-informed range,7.199999999999999,7.499999999999999,2,,,,,,4
Utau,lower,flat_ew_kfactor_and_wz_mixture,literature-informed range,7.5,7.8,1,,,,,,2
Utau,lower,flat_ew_kfactor_and_wz_mixture,literature-informed range,7.8,8.1,2,,,,,,4
Utau,lower,flat_ew_kfactor_and_wz_mixture,literature-informed range,8.4,8.700000000000001,1,,,,,,2
Utau,lower,flat_ew_kfactor_and_wz_mixture,literature-informed range,9.0,9.3,1,,,,,,2
Utau,lower,flat_ew_kfactor_and_wz_mixture,literature-informed range,9.299999999999999,9.6,1,,,,,,2
Utau,lower,flat_ew_kfactor_and_wz_mixture,literature-informed range,9.9,10.200000000000001,1,,,,,,2
Utau,lower,fonll_bottom_scale_pdf,literature-informed range,0.0,0.3,7,12.920906614605808,-9.325189696839264,-10.035193729036052,14.113457063147884,14.113457063147884,0
Utau,lower,fonll_bottom_scale_pdf,literature-informed range,0.3,0.6,17,13.025695959446647,-9.373839322383958,-9.949962240060628,14.060039664674239,14.060039664674239,0
Utau,lower,fonll_bottom_scale_pdf,literature-informed range,0.6,0.8999999999999999,12,13.181802950655763,-9.455506021019566,-9.73332562393956,14.224826363517762,14.224826363517762,0
Utau,lower,fonll_bottom_scale_pdf,literature-informed range,0.8999999999999999,1.2,12,14.46125953510996,-9.936060213980452,-10.6161070066914,15.323170181892888,15.323170181892888,0
Utau,lower,fonll_bottom_scale_pdf,literature-informed range,1.2,1.5,12,13.66761633925092,-9.789213803142,-10.456458964293724,14.831640273555124,14.831640273555124,0
Utau,lower,fonll_bottom_scale_pdf,literature-informed range,1.5,1.8,12,13.460288952348897,-9.58034437249683,-10.28561116974991,14.313801249637525,14.313801249637525,0
Utau,lower,fonll_bottom_scale_pdf,literature-informed range,1.7999999999999998,2.0999999999999996,9,13.321115773402937,-9.649710868455752,-10.047564324984549,13.8727059271194,13.8727059271194,0
Utau,lower,fonll_bottom_scale_pdf,literature-informed range,2.1,2.4,1,12.322788106409298,-9.237516733848095,-9.237516733848095,12.322788106409298,12.322788106409298,0
Utau,lower,fonll_bottom_scale_pdf,literature-informed range,2.4,2.6999999999999997,2,11.153909994254828,-8.356143889974337,-8.49976919478812,11.553793914877009,11.553793914877009,0
Utau,lower,fonll_bottom_scale_pdf,literature-informed range,2.6999999999999997,2.9999999999999996,1,9.636714348774378,-7.496968307127738,-7.496968307127738,9.636714348774378,9.636714348774378,0
Utau,lower,fonll_bottom_scale_pdf,literature-informed range,3.0,3.3,2,7.458151285344162,-6.472783311256503,-7.0199524613917985,8.401302948132594,8.401302948132594,0
Utau,lower,fonll_bottom_scale_pdf,literature-informed range,3.3,3.5999999999999996,1,4.596442181874272,-4.279527838868891,-4.279527838868891,4.596442181874272,4.596442181874272,0
Utau,lower,fonll_bottom_scale_pdf,literature-informed range,3.5999999999999996,3.8999999999999995,2,0.0,0.0,0.0,0.0,0.0,0
Utau,lower,fonll_bottom_scale_pdf,literature-informed range,3.9,4.2,1,0.0,0.0,0.0,0.0,0.0,0
Utau,lower,fonll_bottom_scale_pdf,literature-informed range,4.2,4.5,2,0.0,0.0,0.0,0.0,0.0,0
Utau,lower,fonll_bottom_scale_pdf,literature-informed range,4.5,4.8,1,,,,,,2
Utau,lower,fonll_bottom_scale_pdf,literature-informed range,4.8,5.1,2,,,,,,4
Utau,lower,fonll_bottom_scale_pdf,literature-informed range,5.1,5.3999999999999995,1,,,,,,2
Utau,lower,fonll_bottom_scale_pdf,literature-informed range,5.3999999999999995,5.699999999999999,3,,,,,,6
Utau,lower,fonll_bottom_scale_pdf,literature-informed range,5.7,6.0,1,,,,,,2
Utau,lower,fonll_bottom_scale_pdf,literature-informed range,6.0,6.3,2,,,,,,4
Utau,lower,fonll_bottom_scale_pdf,literature-informed range,6.3,6.6,1,,,,,,2
Utau,lower,fonll_bottom_scale_pdf,literature-informed range,6.6,6.8999999999999995,2,,,,,,4
Utau,lower,fonll_bottom_scale_pdf,literature-informed range,6.8999999999999995,7.199999999999999,1,,,,,,2
Utau,lower,fonll_bottom_scale_pdf,literature-informed range,7.199999999999999,7.499999999999999,2,,,,,,4
Utau,lower,fonll_bottom_scale_pdf,literature-informed range,7.5,7.8,1,,,,,,2
Utau,lower,fonll_bottom_scale_pdf,literature-informed range,7.8,8.1,2,,,,,,4
Utau,lower,fonll_bottom_scale_pdf,literature-informed range,8.4,8.700000000000001,1,,,,,,2
Utau,lower,fonll_bottom_scale_pdf,literature-informed range,9.0,9.3,1,,,,,,2
Utau,lower,fonll_bottom_scale_pdf,literature-informed range,9.299999999999999,9.6,1,,,,,,2
Utau,lower,fonll_bottom_scale_pdf,literature-informed range,9.9,10.200000000000001,1,,,,,,2
Utau,lower,fonll_charm_scale_pdf,literature-informed range,0.0,0.3,7,5.862785843240048,-6.0486651197501295,-6.960439121280992,6.2580026966625235,6.960439121280992,0
Utau,lower,fonll_charm_scale_pdf,literature-informed range,0.3,0.6,17,5.928649539285313,-6.199746019123731,-6.777864809448941,6.474605240666387,6.777864809448941,0
Utau,lower,fonll_charm_scale_pdf,literature-informed range,0.6,0.8999999999999999,12,5.589539515446118,-5.938867359428579,-6.604141712227074,6.312982913818765,6.604141712227074,0
Utau,lower,fonll_charm_scale_pdf,literature-informed range,0.8999999999999999,1.2,12,4.456562812776332,-4.751313302214127,-6.089594432134837,6.139546119189387,6.139546119189387,0
Utau,lower,fonll_charm_scale_pdf,literature-informed range,1.2,1.5,12,4.747817479304084,-5.199918784965096,-5.813635546286278,6.02173169902287,6.02173169902287,0
Utau,lower,fonll_charm_scale_pdf,literature-informed range,1.5,1.8,12,1.0964722352939882,-1.2255737979076808,-5.387498041901962,5.185824197113731,5.387498041901962,0
Utau,lower,fonll_charm_scale_pdf,literature-informed range,1.7999999999999998,2.0999999999999996,9,0.0,0.0,0.0,0.0,0.0,0
Utau,lower,fonll_charm_scale_pdf,literature-informed range,2.1,2.4,1,0.0,0.0,0.0,0.0,0.0,0
Utau,lower,fonll_charm_scale_pdf,literature-informed range,2.4,2.6999999999999997,2,0.0,0.0,0.0,0.0,0.0,0
Utau,lower,fonll_charm_scale_pdf,literature-informed range,2.6999999999999997,2.9999999999999996,1,0.0,0.0,0.0,0.0,0.0,0
Utau,lower,fonll_charm_scale_pdf,literature-informed range,3.0,3.3,2,0.0,0.0,0.0,0.0,0.0,0
Utau,lower,fonll_charm_scale_pdf,literature-informed range,3.3,3.5999999999999996,1,0.0,0.0,0.0,0.0,0.0,0
Utau,lower,fonll_charm_scale_pdf,literature-informed range,3.5999999999999996,3.8999999999999995,2,0.0,0.0,0.0,0.0,0.0,0
Utau,lower,fonll_charm_scale_pdf,literature-informed range,3.9,4.2,1,0.0,0.0,0.0,0.0,0.0,0
Utau,lower,fonll_charm_scale_pdf,literature-informed range,4.2,4.5,2,0.0,0.0,0.0,0.0,0.0,0
Utau,lower,fonll_charm_scale_pdf,literature-informed range,4.5,4.8,1,,,,,,2
Utau,lower,fonll_charm_scale_pdf,literature-informed range,4.8,5.1,2,,,,,,4
Utau,lower,fonll_charm_scale_pdf,literature-informed range,5.1,5.3999999999999995,1,,,,,,2
Utau,lower,fonll_charm_scale_pdf,literature-informed range,5.3999999999999995,5.699999999999999,3,,,,,,6
Utau,lower,fonll_charm_scale_pdf,literature-informed range,5.7,6.0,1,,,,,,2
Utau,lower,fonll_charm_scale_pdf,literature-informed range,6.0,6.3,2,,,,,,4
Utau,lower,fonll_charm_scale_pdf,literature-informed range,6.3,6.6,1,,,,,,2
Utau,lower,fonll_charm_scale_pdf,literature-informed range,6.6,6.8999999999999995,2,,,,,,4
Utau,lower,fonll_charm_scale_pdf,literature-informed range,6.8999999999999995,7.199999999999999,1,,,,,,2
Utau,lower,fonll_charm_scale_pdf,literature-informed range,7.199999999999999,7.499999999999999,2,,,,,,4
Utau,lower,fonll_charm_scale_pdf,literature-informed range,7.5,7.8,1,,,,,,2
Utau,lower,fonll_charm_scale_pdf,literature-informed range,7.8,8.1,2,,,,,,4
Utau,lower,fonll_charm_scale_pdf,literature-informed range,8.4,8.700000000000001,1,,,,,,2
Utau,lower,fonll_charm_scale_pdf,literature-informed range,9.0,9.3,1,,,,,,2
Utau,lower,fonll_charm_scale_pdf,literature-informed range,9.299999999999999,9.6,1,,,,,,2
Utau,lower,fonll_charm_scale_pdf,literature-informed range,9.9,10.200000000000001,1,,,,,,2
Utau,lower,fragmentation_fraction_extrapolation,literature-informed range,0.0,0.3,7,4.190183170416728,-3.760937981698509,-4.246260766163212,4.810990596603859,4.810990596603859,0
Utau,lower,fragmentation_fraction_extrapolation,literature-informed range,0.3,0.6,17,4.165029366032846,-3.7562224899586494,-4.522909666814401,5.2043496166007674,5.2043496166007674,0
Utau,lower,fragmentation_fraction_extrapolation,literature-informed range,0.6,0.8999999999999999,12,4.339203513510592,-3.905903333965094,-4.448217785804931,4.979331792396291,4.979331792396291,0
Utau,lower,fragmentation_fraction_extrapolation,literature-informed range,0.8999999999999999,1.2,12,5.287561709860144,-4.386105657029216,-4.912199409458207,5.776253269886689,5.776253269886689,0
Utau,lower,fragmentation_fraction_extrapolation,literature-informed range,1.2,1.5,12,4.644997871335699,-4.181962530796762,-4.938124387693,5.471379279430311,5.471379279430311,0
Utau,lower,fragmentation_fraction_extrapolation,literature-informed range,1.5,1.8,12,5.827941895566557,-4.660952615433284,-5.765559232262152,6.589113512543898,6.589113512543898,0
Utau,lower,fragmentation_fraction_extrapolation,literature-informed range,1.7999999999999998,2.0999999999999996,9,6.14086286929485,-5.041574891029754,-5.559552936871926,6.471769840192332,6.471769840192332,0
Utau,lower,fragmentation_fraction_extrapolation,literature-informed range,2.1,2.4,1,5.352971037456733,-5.024050031059435,-5.024050031059435,5.352971037456733,5.352971037456733,0
Utau,lower,fragmentation_fraction_extrapolation,literature-informed range,2.4,2.6999999999999997,2,5.200924952557406,-4.40829573917364,-4.6169661997297995,5.559008778839791,5.559008778839791,0
Utau,lower,fragmentation_fraction_extrapolation,literature-informed range,2.6999999999999997,2.9999999999999996,1,4.397782401012251,-3.717356743213085,-3.717356743213085,4.397782401012251,4.397782401012251,0
Utau,lower,fragmentation_fraction_extrapolation,literature-informed range,3.0,3.3,2,3.5563063474594703,-3.430650585667033,-3.7538845401101417,4.040442800081201,4.040442800081201,0
Utau,lower,fragmentation_fraction_extrapolation,literature-informed range,3.3,3.5999999999999996,1,2.3006519392657854,-2.2091491340660907,-2.2091491340660907,2.3006519392657854,2.3006519392657854,0
Utau,lower,fragmentation_fraction_extrapolation,literature-informed range,3.5999999999999996,3.8999999999999995,2,0.0,0.0,0.0,0.0,0.0,0
Utau,lower,fragmentation_fraction_extrapolation,literature-informed range,3.9,4.2,1,0.0,0.0,0.0,0.0,0.0,0
Utau,lower,fragmentation_fraction_extrapolation,literature-informed range,4.2,4.5,2,0.0,0.0,0.0,0.0,0.0,0
Utau,lower,fragmentation_fraction_extrapolation,literature-informed range,4.5,4.8,1,,,,,,2
Utau,lower,fragmentation_fraction_extrapolation,literature-informed range,4.8,5.1,2,,,,,,4
Utau,lower,fragmentation_fraction_extrapolation,literature-informed range,5.1,5.3999999999999995,1,,,,,,2
Utau,lower,fragmentation_fraction_extrapolation,literature-informed range,5.3999999999999995,5.699999999999999,3,,,,,,6
Utau,lower,fragmentation_fraction_extrapolation,literature-informed range,5.7,6.0,1,,,,,,2
Utau,lower,fragmentation_fraction_extrapolation,literature-informed range,6.0,6.3,2,,,,,,4
Utau,lower,fragmentation_fraction_extrapolation,literature-informed range,6.3,6.6,1,,,,,,2
Utau,lower,fragmentation_fraction_extrapolation,literature-informed range,6.6,6.8999999999999995,2,,,,,,4
Utau,lower,fragmentation_fraction_extrapolation,literature-informed range,6.8999999999999995,7.199999999999999,1,,,,,,2
Utau,lower,fragmentation_fraction_extrapolation,literature-informed range,7.199999999999999,7.499999999999999,2,,,,,,4
Utau,lower,fragmentation_fraction_extrapolation,literature-informed range,7.5,7.8,1,,,,,,2
Utau,lower,fragmentation_fraction_extrapolation,literature-informed range,7.8,8.1,2,,,,,,4
Utau,lower,fragmentation_fraction_extrapolation,literature-informed range,8.4,8.700000000000001,1,,,,,,2
Utau,lower,fragmentation_fraction_extrapolation,literature-informed range,9.0,9.3,1,,,,,,2
Utau,lower,fragmentation_fraction_extrapolation,literature-informed range,9.299999999999999,9.6,1,,,,,,2
Utau,lower,fragmentation_fraction_extrapolation,literature-informed range,9.9,10.200000000000001,1,,,,,,2
Utau,lower,higgs_mediated_production,quantitatively dismissed; WZ-shape upper-bound proxy,0.0,0.3,7,0.0,-7.553149217187638e-08,-1.113235392757872e-07,0.0,1.113235392757872e-07,0
Utau,lower,higgs_mediated_production,quantitatively dismissed; WZ-shape upper-bound proxy,0.3,0.6,17,0.0,-2.436834289909484e-07,-4.658478269803368e-07,0.0,4.658478269803368e-07,0
Utau,lower,higgs_mediated_production,quantitatively dismissed; WZ-shape upper-bound proxy,0.6,0.8999999999999999,12,0.0,-7.937807411373399e-07,-1.414284711565017e-06,0.0,1.414284711565017e-06,0
Utau,lower,higgs_mediated_production,quantitatively dismissed; WZ-shape upper-bound proxy,0.8999999999999999,1.2,12,0.0,-2.8967953036307392e-06,-4.503427020186024e-06,0.0,4.503427020186024e-06,0
Utau,lower,higgs_mediated_production,quantitatively dismissed; WZ-shape upper-bound proxy,1.2,1.5,12,0.0,-1.1532663385382946e-05,-3.207758428880325e-05,0.0,3.207758428880325e-05,0
Utau,lower,higgs_mediated_production,quantitatively dismissed; WZ-shape upper-bound proxy,1.5,1.8,12,0.0,-0.00011251229185549327,-0.00015549320644403508,0.0,0.00015549320644403508,0
Utau,lower,higgs_mediated_production,quantitatively dismissed; WZ-shape upper-bound proxy,1.7999999999999998,2.0999999999999996,9,0.0,-0.0001942338211491368,-0.00026645105124512014,0.0,0.00026645105124512014,0
Utau,lower,higgs_mediated_production,quantitatively dismissed; WZ-shape upper-bound proxy,2.1,2.4,1,0.0,-0.0003178352286581365,-0.0003178352286581365,0.0,0.0003178352286581365,0
Utau,lower,higgs_mediated_production,quantitatively dismissed; WZ-shape upper-bound proxy,2.4,2.6999999999999997,2,0.0,-0.000601125988919371,-0.0006923050532625652,0.0,0.0006923050532625652,0
Utau,lower,higgs_mediated_production,quantitatively dismissed; WZ-shape upper-bound proxy,2.6999999999999997,2.9999999999999996,1,0.0,-0.001101118917345989,-0.001101118917345989,0.0,0.001101118917345989,0
Utau,lower,higgs_mediated_production,quantitatively dismissed; WZ-shape upper-bound proxy,3.0,3.3,2,0.0,-0.0026275133788000726,-0.0031185899488472835,0.0,0.0031185899488472835,0
Utau,lower,higgs_mediated_production,quantitatively dismissed; WZ-shape upper-bound proxy,3.3,3.5999999999999996,1,0.0,-0.007838971078155677,-0.007838971078155677,0.0,0.007838971078155677,0
Utau,lower,higgs_mediated_production,quantitatively dismissed; WZ-shape upper-bound proxy,3.5999999999999996,3.8999999999999995,2,0.0,-0.025238168235458547,-0.0335549994308626,0.0,0.0335549994308626,0
Utau,lower,higgs_mediated_production,quantitatively dismissed; WZ-shape upper-bound proxy,3.9,4.2,1,0.0,-0.04808914289995414,-0.04808914289995414,0.0,0.04808914289995414,0
Utau,lower,higgs_mediated_production,quantitatively dismissed; WZ-shape upper-bound proxy,4.2,4.5,2,0.0,-0.10076118092482433,-0.13361976123488217,0.0,0.13361976123488217,0
Utau,lower,higgs_mediated_production,quantitatively dismissed; WZ-shape upper-bound proxy,4.5,4.8,1,,,,,,2
Utau,lower,higgs_mediated_production,quantitatively dismissed; WZ-shape upper-bound proxy,4.8,5.1,2,,,,,,4
Utau,lower,higgs_mediated_production,quantitatively dismissed; WZ-shape upper-bound proxy,5.1,5.3999999999999995,1,,,,,,2
Utau,lower,higgs_mediated_production,quantitatively dismissed; WZ-shape upper-bound proxy,5.3999999999999995,5.699999999999999,3,,,,,,6
Utau,lower,higgs_mediated_production,quantitatively dismissed; WZ-shape upper-bound proxy,5.7,6.0,1,,,,,,2
Utau,lower,higgs_mediated_production,quantitatively dismissed; WZ-shape upper-bound proxy,6.0,6.3,2,,,,,,4
Utau,lower,higgs_mediated_production,quantitatively dismissed; WZ-shape upper-bound proxy,6.3,6.6,1,,,,,,2
Utau,lower,higgs_mediated_production,quantitatively dismissed; WZ-shape upper-bound proxy,6.6,6.8999999999999995,2,,,,,,4
Utau,lower,higgs_mediated_production,quantitatively dismissed; WZ-shape upper-bound proxy,6.8999999999999995,7.199999999999999,1,,,,,,2
Utau,lower,higgs_mediated_production,quantitatively dismissed; WZ-shape upper-bound proxy,7.199999999999999,7.499999999999999,2,,,,,,4
Utau,lower,higgs_mediated_production,quantitatively dismissed; WZ-shape upper-bound proxy,7.5,7.8,1,,,,,,2
Utau,lower,higgs_mediated_production,quantitatively dismissed; WZ-shape upper-bound proxy,7.8,8.1,2,,,,,,4
Utau,lower,higgs_mediated_production,quantitatively dismissed; WZ-shape upper-bound proxy,8.4,8.700000000000001,1,,,,,,2
Utau,lower,higgs_mediated_production,quantitatively dismissed; WZ-shape upper-bound proxy,9.0,9.3,1,,,,,,2
Utau,lower,higgs_mediated_production,quantitatively dismissed; WZ-shape upper-bound proxy,9.299999999999999,9.6,1,,,,,,2
Utau,lower,higgs_mediated_production,quantitatively dismissed; WZ-shape upper-bound proxy,9.9,10.200000000000001,1,,,,,,2
Utau,lower,hnl_lifetime_width,physics-scaling proxy,0.0,0.3,7,-10.557280900008415,9.544511501033215,-10.557280900008415,9.544511501033215,10.557280900008415,0
Utau,lower,hnl_lifetime_width,physics-scaling proxy,0.3,0.6,17,-10.557280900008415,9.544511501033215,-10.557280900008415,9.544511501033215,10.557280900008415,0
Utau,lower,hnl_lifetime_width,physics-scaling proxy,0.6,0.8999999999999999,12,-10.557280900008415,9.544511501033215,-10.557280900008415,9.544511501033215,10.557280900008415,0
Utau,lower,hnl_lifetime_width,physics-scaling proxy,0.8999999999999999,1.2,12,-10.557280900008415,9.544511501033215,-10.557280900008415,9.544511501033215,10.557280900008415,0
Utau,lower,hnl_lifetime_width,physics-scaling proxy,1.2,1.5,12,-10.557280900008415,9.544511501033215,-10.557280900008415,9.544511501033215,10.557280900008415,0
Utau,lower,hnl_lifetime_width,physics-scaling proxy,1.5,1.8,12,-10.557280900008415,9.544511501033215,-10.557280900008415,9.544511501033215,10.557280900008415,0
Utau,lower,hnl_lifetime_width,physics-scaling proxy,1.7999999999999998,2.0999999999999996,9,-10.557280900008415,9.544511501033215,-10.557280900008415,9.544511501033215,10.557280900008415,0
Utau,lower,hnl_lifetime_width,physics-scaling proxy,2.1,2.4,1,-10.557280900008415,9.544511501033215,-10.557280900008415,9.544511501033215,10.557280900008415,0
Utau,lower,hnl_lifetime_width,physics-scaling proxy,2.4,2.6999999999999997,2,-10.557280900008415,9.544511501033215,-10.557280900008415,9.544511501033215,10.557280900008415,0
Utau,lower,hnl_lifetime_width,physics-scaling proxy,2.6999999999999997,2.9999999999999996,1,-10.557280900008415,9.544511501033215,-10.557280900008415,9.544511501033215,10.557280900008415,0
Utau,lower,hnl_lifetime_width,physics-scaling proxy,3.0,3.3,2,-10.557280900008415,9.544511501033215,-10.557280900008415,9.544511501033215,10.557280900008415,0
Utau,lower,hnl_lifetime_width,physics-scaling proxy,3.3,3.5999999999999996,1,-10.557280900008415,9.544511501033215,-10.557280900008415,9.544511501033215,10.557280900008415,0
Utau,lower,hnl_lifetime_width,physics-scaling proxy,3.5999999999999996,3.8999999999999995,2,-10.557280900008415,9.544511501033215,-10.557280900008415,9.544511501033215,10.557280900008415,0
Utau,lower,hnl_lifetime_width,physics-scaling proxy,3.9,4.2,1,-10.557280900008415,9.544511501033215,-10.557280900008415,9.544511501033215,10.557280900008415,0
Utau,lower,hnl_lifetime_width,physics-scaling proxy,4.2,4.5,2,-10.557280900008415,9.544511501033215,-10.557280900008415,9.544511501033215,10.557280900008415,0
Utau,lower,hnlcalc_hadron_parton_matching,proxy/reweight estimate; overlaps other rows,0.0,0.3,7,0.0,0.0,0.0,0.0,0.0,0
Utau,lower,hnlcalc_hadron_parton_matching,proxy/reweight estimate; overlaps other rows,0.3,0.6,17,0.0,0.0,0.0,0.0,0.0,0
Utau,lower,hnlcalc_hadron_parton_matching,proxy/reweight estimate; overlaps other rows,0.6,0.8999999999999999,12,0.0,0.0,-12.352449248640374,19.919367748004024,19.919367748004024,0
Utau,lower,hnlcalc_hadron_parton_matching,proxy/reweight estimate; overlaps other rows,0.8999999999999999,1.2,12,19.79620350232082,-12.349169416923717,-12.38313247514018,20.073457653222594,20.073457653222594,0
Utau,lower,hnlcalc_hadron_parton_matching,proxy/reweight estimate; overlaps other rows,1.2,1.5,12,19.776258787472145,-12.467491639537098,-12.573001810328366,20.549614532976456,20.549614532976456,0
Utau,lower,hnlcalc_hadron_parton_matching,proxy/reweight estimate; overlaps other rows,1.5,1.8,12,20.689627231832596,-12.808424076340934,-12.940641919982598,21.314919141651867,21.314919141651867,0
Utau,lower,hnlcalc_hadron_parton_matching,proxy/reweight estimate; overlaps other rows,1.7999999999999998,2.0999999999999996,9,21.139394024479707,-13.024445878760705,-13.292164975480114,21.603279154893084,21.603279154893084,0
Utau,lower,hnlcalc_hadron_parton_matching,proxy/reweight estimate; overlaps other rows,2.1,2.4,1,0.0,0.0,0.0,0.0,0.0,0
Utau,lower,hnlcalc_hadron_parton_matching,proxy/reweight estimate; overlaps other rows,2.4,2.6999999999999997,2,0.0,0.0,0.0,0.0,0.0,0
Utau,lower,hnlcalc_hadron_parton_matching,proxy/reweight estimate; overlaps other rows,2.6999999999999997,2.9999999999999996,1,0.0,0.0,0.0,0.0,0.0,0
Utau,lower,hnlcalc_hadron_parton_matching,proxy/reweight estimate; overlaps other rows,3.0,3.3,2,0.0,0.0,0.0,0.0,0.0,0
Utau,lower,hnlcalc_hadron_parton_matching,proxy/reweight estimate; overlaps other rows,3.3,3.5999999999999996,1,0.0,0.0,0.0,0.0,0.0,0
Utau,lower,hnlcalc_hadron_parton_matching,proxy/reweight estimate; overlaps other rows,3.5999999999999996,3.8999999999999995,2,0.0,0.0,0.0,0.0,0.0,0
Utau,lower,hnlcalc_hadron_parton_matching,proxy/reweight estimate; overlaps other rows,3.9,4.2,1,0.0,0.0,0.0,0.0,0.0,0
Utau,lower,hnlcalc_hadron_parton_matching,proxy/reweight estimate; overlaps other rows,4.2,4.5,2,0.0,0.0,0.0,0.0,0.0,0
Utau,lower,hnlcalc_hadron_parton_matching,proxy/reweight estimate; overlaps other rows,4.5,4.8,1,,,,,,2
Utau,lower,hnlcalc_hadron_parton_matching,proxy/reweight estimate; overlaps other rows,4.8,5.1,2,,,,,,4
Utau,lower,hnlcalc_hadron_parton_matching,proxy/reweight estimate; overlaps other rows,5.1,5.3999999999999995,1,,,,,,2
Utau,lower,hnlcalc_hadron_parton_matching,proxy/reweight estimate; overlaps other rows,5.3999999999999995,5.699999999999999,3,,,,,,6
Utau,lower,hnlcalc_hadron_parton_matching,proxy/reweight estimate; overlaps other rows,5.7,6.0,1,,,,,,2
Utau,lower,hnlcalc_hadron_parton_matching,proxy/reweight estimate; overlaps other rows,6.0,6.3,2,,,,,,4
Utau,lower,hnlcalc_hadron_parton_matching,proxy/reweight estimate; overlaps other rows,6.3,6.6,1,,,,,,2
Utau,lower,hnlcalc_hadron_parton_matching,proxy/reweight estimate; overlaps other rows,6.6,6.8999999999999995,2,,,,,,4
Utau,lower,hnlcalc_hadron_parton_matching,proxy/reweight estimate; overlaps other rows,6.8999999999999995,7.199999999999999,1,,,,,,2
Utau,lower,hnlcalc_hadron_parton_matching,proxy/reweight estimate; overlaps other rows,7.199999999999999,7.499999999999999,2,,,,,,4
Utau,lower,hnlcalc_hadron_parton_matching,proxy/reweight estimate; overlaps other rows,7.5,7.8,1,,,,,,2
Utau,lower,hnlcalc_hadron_parton_matching,proxy/reweight estimate; overlaps other rows,7.8,8.1,2,,,,,,4
Utau,lower,hnlcalc_hadron_parton_matching,proxy/reweight estimate; overlaps other rows,8.4,8.700000000000001,1,,,,,,2
Utau,lower,hnlcalc_hadron_parton_matching,proxy/reweight estimate; overlaps other rows,9.0,9.3,1,,,,,,2
Utau,lower,hnlcalc_hadron_parton_matching,proxy/reweight estimate; overlaps other rows,9.299999999999999,9.6,1,,,,,,2
Utau,lower,hnlcalc_hadron_parton_matching,proxy/reweight estimate; overlaps other rows,9.9,10.200000000000001,1,,,,,,2
Utau,lower,induced_tau_branching_inputs,literature-informed range,0.0,0.3,7,3.8246663284619897,-3.231331851342323,-3.935544387243406,4.006339912507895,4.006339912507895,0
Utau,lower,induced_tau_branching_inputs,literature-informed range,0.3,0.6,17,3.741613302675373,-3.485333335564289,-3.815070109809837,4.016468274901519,4.016468274901519,0
Utau,lower,induced_tau_branching_inputs,literature-informed range,0.6,0.8999999999999999,12,3.575967477364428,-3.3298998722862407,-3.7293079301313203,4.144431643001223,4.144431643001223,0
Utau,lower,induced_tau_branching_inputs,literature-informed range,0.8999999999999999,1.2,12,2.9809355567411377,-2.627263971075183,-3.3817069554108348,4.043258714708853,4.043258714708853,0
Utau,lower,induced_tau_branching_inputs,literature-informed range,1.2,1.5,12,3.0537529862407653,-2.7988118751135382,-3.2449582286048884,3.742666011587392,3.742666011587392,0
Utau,lower,induced_tau_branching_inputs,literature-informed range,1.5,1.8,12,0.7035233497112214,-0.6590522793031572,-2.9969880130461424,3.486943682679322,3.486943682679322,0
Utau,lower,induced_tau_branching_inputs,literature-informed range,1.7999999999999998,2.0999999999999996,9,0.0,0.0,0.0,0.0,0.0,0
Utau,lower,induced_tau_branching_inputs,literature-informed range,2.1,2.4,1,0.0,0.0,0.0,0.0,0.0,0
Utau,lower,induced_tau_branching_inputs,literature-informed range,2.4,2.6999999999999997,2,0.0,0.0,0.0,0.0,0.0,0
Utau,lower,induced_tau_branching_inputs,literature-informed range,2.6999999999999997,2.9999999999999996,1,0.0,0.0,0.0,0.0,0.0,0
Utau,lower,induced_tau_branching_inputs,literature-informed range,3.0,3.3,2,0.0,0.0,0.0,0.0,0.0,0
Utau,lower,induced_tau_branching_inputs,literature-informed range,3.3,3.5999999999999996,1,0.0,0.0,0.0,0.0,0.0,0
Utau,lower,induced_tau_branching_inputs,literature-informed range,3.5999999999999996,3.8999999999999995,2,0.0,0.0,0.0,0.0,0.0,0
Utau,lower,induced_tau_branching_inputs,literature-informed range,3.9,4.2,1,0.0,0.0,0.0,0.0,0.0,0
Utau,lower,induced_tau_branching_inputs,literature-informed range,4.2,4.5,2,0.0,0.0,0.0,0.0,0.0,0
Utau,lower,induced_tau_branching_inputs,literature-informed range,4.5,4.8,1,,,,,,2
Utau,lower,induced_tau_branching_inputs,literature-informed range,4.8,5.1,2,,,,,,4
Utau,lower,induced_tau_branching_inputs,literature-informed range,5.1,5.3999999999999995,1,,,,,,2
Utau,lower,induced_tau_branching_inputs,literature-informed range,5.3999999999999995,5.699999999999999,3,,,,,,6
Utau,lower,induced_tau_branching_inputs,literature-informed range,5.7,6.0,1,,,,,,2
Utau,lower,induced_tau_branching_inputs,literature-informed range,6.0,6.3,2,,,,,,4
Utau,lower,induced_tau_branching_inputs,literature-informed range,6.3,6.6,1,,,,,,2
Utau,lower,induced_tau_branching_inputs,literature-informed range,6.6,6.8999999999999995,2,,,,,,4
Utau,lower,induced_tau_branching_inputs,literature-informed range,6.8999999999999995,7.199999999999999,1,,,,,,2
Utau,lower,induced_tau_branching_inputs,literature-informed range,7.199999999999999,7.499999999999999,2,,,,,,4
Utau,lower,induced_tau_branching_inputs,literature-informed range,7.5,7.8,1,,,,,,2
Utau,lower,induced_tau_branching_inputs,literature-informed range,7.8,8.1,2,,,,,,4
Utau,lower,induced_tau_branching_inputs,literature-informed range,8.4,8.700000000000001,1,,,,,,2
Utau,lower,induced_tau_branching_inputs,literature-informed range,9.0,9.3,1,,,,,,2
Utau,lower,induced_tau_branching_inputs,literature-informed range,9.299999999999999,9.6,1,,,,,,2
Utau,lower,induced_tau_branching_inputs,literature-informed range,9.9,10.200000000000001,1,,,,,,2
Utau,lower,integrated_luminosity,"direct normalization, assumed 1.5%",0.0,0.3,7,0.7499983995326032,-0.7745228989066821,-0.8325743691186105,0.8412110295723974,0.8412110295723974,0
Utau,lower,integrated_luminosity,"direct normalization, assumed 1.5%",0.3,0.6,17,0.7703449815513297,-0.7419453048943203,-0.8235899628599275,0.8537804247361169,0.8537804247361169,0
Utau,lower,integrated_luminosity,"direct normalization, assumed 1.5%",0.6,0.8999999999999999,12,0.8036044852497204,-0.790122011586053,-0.8329075591378077,0.8400659512357356,0.8400659512357356,0
Utau,lower,integrated_luminosity,"direct normalization, assumed 1.5%",0.8999999999999999,1.2,12,0.7787955663412616,-0.7500223607691758,-0.8262698655389977,0.8249955156873767,0.8262698655389977,0
Utau,lower,integrated_luminosity,"direct normalization, assumed 1.5%",1.2,1.5,12,0.7271123866985585,-0.7120987976412974,-0.841408143376432,0.8567024929627021,0.8567024929627021,0
Utau,lower,integrated_luminosity,"direct normalization, assumed 1.5%",1.5,1.8,12,0.8012933502182795,-0.784750978366322,-0.8450075146621772,0.8740695638457696,0.8740695638457696,0
Utau,lower,integrated_luminosity,"direct normalization, assumed 1.5%",1.7999999999999998,2.0999999999999996,9,0.8029565397615901,-0.7847568333802402,-0.8838921680158873,0.8486948970167107,0.8838921680158873,0
Utau,lower,integrated_luminosity,"direct normalization, assumed 1.5%",2.1,2.4,1,0.7695018860641722,-0.7411394004572025,-0.7411394004572025,0.7695018860641722,0.7695018860641722,0
Utau,lower,integrated_luminosity,"direct normalization, assumed 1.5%",2.4,2.6999999999999997,2,0.8838640300762313,-0.8503318260736858,-0.8694077098321151,0.9038647174619552,0.9038647174619552,0
Utau,lower,integrated_luminosity,"direct normalization, assumed 1.5%",2.6999999999999997,2.9999999999999996,1,0.9286186942516039,-0.8930021736979987,-0.8930021736979987,0.9286186942516039,0.9286186942516039,0
Utau,lower,integrated_luminosity,"direct normalization, assumed 1.5%",3.0,3.3,2,1.0731031738468455,-1.0849085562349758,-1.1144799164183317,1.0992563352437035,1.1144799164183317,0
Utau,lower,integrated_luminosity,"direct normalization, assumed 1.5%",3.3,3.5999999999999996,1,1.3692917684831052,-1.3111333533473157,-1.3111333533473157,1.3692917684831052,1.3692917684831052,0
Utau,lower,integrated_luminosity,"direct normalization, assumed 1.5%",3.5999999999999996,3.8999999999999995,2,1.636841112402443,-1.649209599606788,-1.7140250367131515,1.7171964040547216,1.7171964040547216,0
Utau,lower,integrated_luminosity,"direct normalization, assumed 1.5%",3.9,4.2,1,1.7912469887167326,-1.708161157190169,-1.708161157190169,1.7912469887167326,1.7912469887167326,0
Utau,lower,integrated_luminosity,"direct normalization, assumed 1.5%",4.2,4.5,2,2.484837386874894,-2.3651678571837365,-2.8974742514816243,3.076198080977832,3.076198080977832,0
Utau,lower,integrated_luminosity,"direct normalization, assumed 1.5%",4.5,4.8,1,,,,,,2
Utau,lower,integrated_luminosity,"direct normalization, assumed 1.5%",4.8,5.1,2,,,,,,4
Utau,lower,integrated_luminosity,"direct normalization, assumed 1.5%",5.1,5.3999999999999995,1,,,,,,2
Utau,lower,integrated_luminosity,"direct normalization, assumed 1.5%",5.3999999999999995,5.699999999999999,3,,,,,,6
Utau,lower,integrated_luminosity,"direct normalization, assumed 1.5%",5.7,6.0,1,,,,,,2
Utau,lower,integrated_luminosity,"direct normalization, assumed 1.5%",6.0,6.3,2,,,,,,4
Utau,lower,integrated_luminosity,"direct normalization, assumed 1.5%",6.3,6.6,1,,,,,,2
Utau,lower,integrated_luminosity,"direct normalization, assumed 1.5%",6.6,6.8999999999999995,2,,,,,,4
Utau,lower,integrated_luminosity,"direct normalization, assumed 1.5%",6.8999999999999995,7.199999999999999,1,,,,,,2
Utau,lower,integrated_luminosity,"direct normalization, assumed 1.5%",7.199999999999999,7.499999999999999,2,,,,,,4
Utau,lower,integrated_luminosity,"direct normalization, assumed 1.5%",7.5,7.8,1,,,,,,2
Utau,lower,integrated_luminosity,"direct normalization, assumed 1.5%",7.8,8.1,2,,,,,,4
Utau,lower,integrated_luminosity,"direct normalization, assumed 1.5%",8.4,8.700000000000001,1,,,,,,2
Utau,lower,integrated_luminosity,"direct normalization, assumed 1.5%",9.0,9.3,1,,,,,,2
Utau,lower,integrated_luminosity,"direct normalization, assumed 1.5%",9.299999999999999,9.6,1,,,,,,2
Utau,lower,integrated_luminosity,"direct normalization, assumed 1.5%",9.9,10.200000000000001,1,,,,,,2
Utau,lower,kaon_spectrum_and_normalization,unknowable; factor scenario,0.0,0.3,7,0.0,0.0,0.0,0.0,0.0,0
Utau,lower,kaon_spectrum_and_normalization,unknowable; factor scenario,0.3,0.6,17,0.0,0.0,0.0,0.0,0.0,0
Utau,lower,kaon_spectrum_and_normalization,unknowable; factor scenario,0.6,0.8999999999999999,12,0.0,0.0,0.0,0.0,0.0,0
Utau,lower,kaon_spectrum_and_normalization,unknowable; factor scenario,0.8999999999999999,1.2,12,0.0,0.0,0.0,0.0,0.0,0
Utau,lower,kaon_spectrum_and_normalization,unknowable; factor scenario,1.2,1.5,12,0.0,0.0,0.0,0.0,0.0,0
Utau,lower,kaon_spectrum_and_normalization,unknowable; factor scenario,1.5,1.8,12,0.0,0.0,0.0,0.0,0.0,0
Utau,lower,kaon_spectrum_and_normalization,unknowable; factor scenario,1.7999999999999998,2.0999999999999996,9,0.0,0.0,0.0,0.0,0.0,0
Utau,lower,kaon_spectrum_and_normalization,unknowable; factor scenario,2.1,2.4,1,0.0,0.0,0.0,0.0,0.0,0
Utau,lower,kaon_spectrum_and_normalization,unknowable; factor scenario,2.4,2.6999999999999997,2,0.0,0.0,0.0,0.0,0.0,0
Utau,lower,kaon_spectrum_and_normalization,unknowable; factor scenario,2.6999999999999997,2.9999999999999996,1,0.0,0.0,0.0,0.0,0.0,0
Utau,lower,kaon_spectrum_and_normalization,unknowable; factor scenario,3.0,3.3,2,0.0,0.0,0.0,0.0,0.0,0
Utau,lower,kaon_spectrum_and_normalization,unknowable; factor scenario,3.3,3.5999999999999996,1,0.0,0.0,0.0,0.0,0.0,0
Utau,lower,kaon_spectrum_and_normalization,unknowable; factor scenario,3.5999999999999996,3.8999999999999995,2,0.0,0.0,0.0,0.0,0.0,0
Utau,lower,kaon_spectrum_and_normalization,unknowable; factor scenario,3.9,4.2,1,0.0,0.0,0.0,0.0,0.0,0
Utau,lower,kaon_spectrum_and_normalization,unknowable; factor scenario,4.2,4.5,2,0.0,0.0,0.0,0.0,0.0,0
Utau,lower,kaon_spectrum_and_normalization,unknowable; factor scenario,4.5,4.8,1,,,,,,2
Utau,lower,kaon_spectrum_and_normalization,unknowable; factor scenario,4.8,5.1,2,,,,,,4
Utau,lower,kaon_spectrum_and_normalization,unknowable; factor scenario,5.1,5.3999999999999995,1,,,,,,2
Utau,lower,kaon_spectrum_and_normalization,unknowable; factor scenario,5.3999999999999995,5.699999999999999,3,,,,,,6
Utau,lower,kaon_spectrum_and_normalization,unknowable; factor scenario,5.7,6.0,1,,,,,,2
Utau,lower,kaon_spectrum_and_normalization,unknowable; factor scenario,6.0,6.3,2,,,,,,4
Utau,lower,kaon_spectrum_and_normalization,unknowable; factor scenario,6.3,6.6,1,,,,,,2
Utau,lower,kaon_spectrum_and_normalization,unknowable; factor scenario,6.6,6.8999999999999995,2,,,,,,4
Utau,lower,kaon_spectrum_and_normalization,unknowable; factor scenario,6.8999999999999995,7.199999999999999,1,,,,,,2
Utau,lower,kaon_spectrum_and_normalization,unknowable; factor scenario,7.199999999999999,7.499999999999999,2,,,,,,4
Utau,lower,kaon_spectrum_and_normalization,unknowable; factor scenario,7.5,7.8,1,,,,,,2
Utau,lower,kaon_spectrum_and_normalization,unknowable; factor scenario,7.8,8.1,2,,,,,,4
Utau,lower,kaon_spectrum_and_normalization,unknowable; factor scenario,8.4,8.700000000000001,1,,,,,,2
Utau,lower,kaon_spectrum_and_normalization,unknowable; factor scenario,9.0,9.3,1,,,,,,2
Utau,lower,kaon_spectrum_and_normalization,unknowable; factor scenario,9.299999999999999,9.6,1,,,,,,2
Utau,lower,kaon_spectrum_and_normalization,unknowable; factor scenario,9.9,10.200000000000001,1,,,,,,2
Utau,lower,legacy_direct_form_factors,code-audit envelope,0.0,0.3,7,12.353870698665936,-9.925799020962167,-11.574870934106517,15.154798914943646,15.154798914943646,0
Utau,lower,legacy_direct_form_factors,code-audit envelope,0.3,0.6,17,12.569049841452706,-10.101396195056111,-11.29178838893231,14.902806796636426,14.902806796636426,0
Utau,lower,legacy_direct_form_factors,code-audit envelope,0.6,0.8999999999999999,12,12.945868955914118,-10.307231880537838,-11.567829825001585,15.517984534541561,15.517984534541561,0
Utau,lower,legacy_direct_form_factors,code-audit envelope,0.8999999999999999,1.2,12,16.34347481230359,-12.027204582147471,-13.09791232274481,18.59411266689419,18.59411266689419,0
Utau,lower,legacy_direct_form_factors,code-audit envelope,1.2,1.5,12,15.555621955682808,-11.75776998778838,-12.748189680341849,17.724091252118292,17.724091252118292,0
Utau,lower,legacy_direct_form_factors,code-audit envelope,1.5,1.8,12,26.40675253607052,-15.979736133988098,-17.685567201504306,30.219419851404506,30.219419851404506,0
Utau,lower,legacy_direct_form_factors,code-audit envelope,1.7999999999999998,2.0999999999999996,9,30.440890178253955,-17.464673124517237,-17.948269169213415,30.652154185833226,30.652154185833226,0
Utau,lower,legacy_direct_form_factors,code-audit envelope,2.1,2.4,1,31.101997530524915,-18.12662745260216,-18.12662745260216,31.101997530524915,31.101997530524915,0
Utau,lower,legacy_direct_form_factors,code-audit envelope,2.4,2.6999999999999997,2,32.982789639304215,-18.531090444320114,-18.873919441440158,33.41341119653889,33.41341119653889,0
Utau,lower,legacy_direct_form_factors,code-audit envelope,2.6999999999999997,2.9999999999999996,1,35.169393763681086,-19.53677392372447,-19.53677392372447,35.169393763681086,35.169393763681086,0
Utau,lower,legacy_direct_form_factors,code-audit envelope,3.0,3.3,2,37.37977244033789,-20.73540306450313,-21.11895510980587,37.72195099916762,37.72195099916762,0
Utau,lower,legacy_direct_form_factors,code-audit envelope,3.3,3.5999999999999996,1,38.13432606274514,-22.64350422932241,-22.64350422932241,38.13432606274514,38.13432606274514,0
Utau,lower,legacy_direct_form_factors,code-audit envelope,3.5999999999999996,3.8999999999999995,2,26.473363690428542,-22.396526930419135,-23.941535577899863,32.261499604614265,32.261499604614265,0
Utau,lower,legacy_direct_form_factors,code-audit envelope,3.9,4.2,1,12.981006964896347,-15.292049088035252,-15.292049088035252,12.981006964896347,15.292049088035252,0
Utau,lower,legacy_direct_form_factors,code-audit envelope,4.2,4.5,2,4.650970016109756,-5.5566947500583,-7.732518390406873,6.414010818094207,7.732518390406873,0
Utau,lower,legacy_direct_form_factors,code-audit envelope,4.5,4.8,1,,,,,,2
Utau,lower,legacy_direct_form_factors,code-audit envelope,4.8,5.1,2,,,,,,4
Utau,lower,legacy_direct_form_factors,code-audit envelope,5.1,5.3999999999999995,1,,,,,,2
Utau,lower,legacy_direct_form_factors,code-audit envelope,5.3999999999999995,5.699999999999999,3,,,,,,6
Utau,lower,legacy_direct_form_factors,code-audit envelope,5.7,6.0,1,,,,,,2
Utau,lower,legacy_direct_form_factors,code-audit envelope,6.0,6.3,2,,,,,,4
Utau,lower,legacy_direct_form_factors,code-audit envelope,6.3,6.6,1,,,,,,2
Utau,lower,legacy_direct_form_factors,code-audit envelope,6.6,6.8999999999999995,2,,,,,,4
Utau,lower,legacy_direct_form_factors,code-audit envelope,6.8999999999999995,7.199999999999999,1,,,,,,2
Utau,lower,legacy_direct_form_factors,code-audit envelope,7.199999999999999,7.499999999999999,2,,,,,,4
Utau,lower,legacy_direct_form_factors,code-audit envelope,7.5,7.8,1,,,,,,2
Utau,lower,legacy_direct_form_factors,code-audit envelope,7.8,8.1,2,,,,,,4
Utau,lower,legacy_direct_form_factors,code-audit envelope,8.4,8.700000000000001,1,,,,,,2
Utau,lower,legacy_direct_form_factors,code-audit envelope,9.0,9.3,1,,,,,,2
Utau,lower,legacy_direct_form_factors,code-audit envelope,9.299999999999999,9.6,1,,,,,,2
Utau,lower,legacy_direct_form_factors,code-audit envelope,9.9,10.200000000000001,1,,,,,,2
Utau,lower,missing_charm_baryon_channels,proxy/reweight estimate,0.0,0.3,7,0.0,0.0,0.0,0.0,0.0,0
Utau,lower,missing_charm_baryon_channels,proxy/reweight estimate,0.3,0.6,17,0.0,0.0,0.0,0.0,0.0,0
Utau,lower,missing_charm_baryon_channels,proxy/reweight estimate,0.6,0.8999999999999999,12,0.0,0.0,0.0,0.0,0.0,0
Utau,lower,missing_charm_baryon_channels,proxy/reweight estimate,0.8999999999999999,1.2,12,0.0,0.0,0.0,0.0,0.0,0
Utau,lower,missing_charm_baryon_channels,proxy/reweight estimate,1.2,1.5,12,0.0,0.0,0.0,0.0,0.0,0
Utau,lower,missing_charm_baryon_channels,proxy/reweight estimate,1.5,1.8,12,0.0,0.0,0.0,0.0,0.0,0
Utau,lower,missing_charm_baryon_channels,proxy/reweight estimate,1.7999999999999998,2.0999999999999996,9,0.0,0.0,0.0,0.0,0.0,0
Utau,lower,missing_charm_baryon_channels,proxy/reweight estimate,2.1,2.4,1,0.0,0.0,0.0,0.0,0.0,0
Utau,lower,missing_charm_baryon_channels,proxy/reweight estimate,2.4,2.6999999999999997,2,0.0,0.0,0.0,0.0,0.0,0
Utau,lower,missing_charm_baryon_channels,proxy/reweight estimate,2.6999999999999997,2.9999999999999996,1,0.0,0.0,0.0,0.0,0.0,0
Utau,lower,missing_charm_baryon_channels,proxy/reweight estimate,3.0,3.3,2,0.0,0.0,0.0,0.0,0.0,0
Utau,lower,missing_charm_baryon_channels,proxy/reweight estimate,3.3,3.5999999999999996,1,0.0,0.0,0.0,0.0,0.0,0
Utau,lower,missing_charm_baryon_channels,proxy/reweight estimate,3.5999999999999996,3.8999999999999995,2,0.0,0.0,0.0,0.0,0.0,0
Utau,lower,missing_charm_baryon_channels,proxy/reweight estimate,3.9,4.2,1,0.0,0.0,0.0,0.0,0.0,0
Utau,lower,missing_charm_baryon_channels,proxy/reweight estimate,4.2,4.5,2,0.0,0.0,0.0,0.0,0.0,0
Utau,lower,missing_charm_baryon_channels,proxy/reweight estimate,4.5,4.8,1,,,,,,2
Utau,lower,missing_charm_baryon_channels,proxy/reweight estimate,4.8,5.1,2,,,,,,4
Utau,lower,missing_charm_baryon_channels,proxy/reweight estimate,5.1,5.3999999999999995,1,,,,,,2
Utau,lower,missing_charm_baryon_channels,proxy/reweight estimate,5.3999999999999995,5.699999999999999,3,,,,,,6
Utau,lower,missing_charm_baryon_channels,proxy/reweight estimate,5.7,6.0,1,,,,,,2
Utau,lower,missing_charm_baryon_channels,proxy/reweight estimate,6.0,6.3,2,,,,,,4
Utau,lower,missing_charm_baryon_channels,proxy/reweight estimate,6.3,6.6,1,,,,,,2
Utau,lower,missing_charm_baryon_channels,proxy/reweight estimate,6.6,6.8999999999999995,2,,,,,,4
Utau,lower,missing_charm_baryon_channels,proxy/reweight estimate,6.8999999999999995,7.199999999999999,1,,,,,,2
Utau,lower,missing_charm_baryon_channels,proxy/reweight estimate,7.199999999999999,7.499999999999999,2,,,,,,4
Utau,lower,missing_charm_baryon_channels,proxy/reweight estimate,7.5,7.8,1,,,,,,2
Utau,lower,missing_charm_baryon_channels,proxy/reweight estimate,7.8,8.1,2,,,,,,4
Utau,lower,missing_charm_baryon_channels,proxy/reweight estimate,8.4,8.700000000000001,1,,,,,,2
Utau,lower,missing_charm_baryon_channels,proxy/reweight estimate,9.0,9.3,1,,,,,,2
Utau,lower,missing_charm_baryon_channels,proxy/reweight estimate,9.299999999999999,9.6,1,,,,,,2
Utau,lower,missing_charm_baryon_channels,proxy/reweight estimate,9.9,10.200000000000001,1,,,,,,2
Utau,lower,missing_neutral_kaon_production,unknowable; additive proxy,0.0,0.3,7,0.0,0.0,0.0,0.0,0.0,0
Utau,lower,missing_neutral_kaon_production,unknowable; additive proxy,0.3,0.6,17,0.0,0.0,0.0,0.0,0.0,0
Utau,lower,missing_neutral_kaon_production,unknowable; additive proxy,0.6,0.8999999999999999,12,0.0,0.0,0.0,0.0,0.0,0
Utau,lower,missing_neutral_kaon_production,unknowable; additive proxy,0.8999999999999999,1.2,12,0.0,0.0,0.0,0.0,0.0,0
Utau,lower,missing_neutral_kaon_production,unknowable; additive proxy,1.2,1.5,12,0.0,0.0,0.0,0.0,0.0,0
Utau,lower,missing_neutral_kaon_production,unknowable; additive proxy,1.5,1.8,12,0.0,0.0,0.0,0.0,0.0,0
Utau,lower,missing_neutral_kaon_production,unknowable; additive proxy,1.7999999999999998,2.0999999999999996,9,0.0,0.0,0.0,0.0,0.0,0
Utau,lower,missing_neutral_kaon_production,unknowable; additive proxy,2.1,2.4,1,0.0,0.0,0.0,0.0,0.0,0
Utau,lower,missing_neutral_kaon_production,unknowable; additive proxy,2.4,2.6999999999999997,2,0.0,0.0,0.0,0.0,0.0,0
Utau,lower,missing_neutral_kaon_production,unknowable; additive proxy,2.6999999999999997,2.9999999999999996,1,0.0,0.0,0.0,0.0,0.0,0
Utau,lower,missing_neutral_kaon_production,unknowable; additive proxy,3.0,3.3,2,0.0,0.0,0.0,0.0,0.0,0
Utau,lower,missing_neutral_kaon_production,unknowable; additive proxy,3.3,3.5999999999999996,1,0.0,0.0,0.0,0.0,0.0,0
Utau,lower,missing_neutral_kaon_production,unknowable; additive proxy,3.5999999999999996,3.8999999999999995,2,0.0,0.0,0.0,0.0,0.0,0
Utau,lower,missing_neutral_kaon_production,unknowable; additive proxy,3.9,4.2,1,0.0,0.0,0.0,0.0,0.0,0
Utau,lower,missing_neutral_kaon_production,unknowable; additive proxy,4.2,4.5,2,0.0,0.0,0.0,0.0,0.0,0
Utau,lower,missing_neutral_kaon_production,unknowable; additive proxy,4.5,4.8,1,,,,,,2
Utau,lower,missing_neutral_kaon_production,unknowable; additive proxy,4.8,5.1,2,,,,,,4
Utau,lower,missing_neutral_kaon_production,unknowable; additive proxy,5.1,5.3999999999999995,1,,,,,,2
Utau,lower,missing_neutral_kaon_production,unknowable; additive proxy,5.3999999999999995,5.699999999999999,3,,,,,,6
Utau,lower,missing_neutral_kaon_production,unknowable; additive proxy,5.7,6.0,1,,,,,,2
Utau,lower,missing_neutral_kaon_production,unknowable; additive proxy,6.0,6.3,2,,,,,,4
Utau,lower,missing_neutral_kaon_production,unknowable; additive proxy,6.3,6.6,1,,,,,,2
Utau,lower,missing_neutral_kaon_production,unknowable; additive proxy,6.6,6.8999999999999995,2,,,,,,4
Utau,lower,missing_neutral_kaon_production,unknowable; additive proxy,6.8999999999999995,7.199999999999999,1,,,,,,2
Utau,lower,missing_neutral_kaon_production,unknowable; additive proxy,7.199999999999999,7.499999999999999,2,,,,,,4
Utau,lower,missing_neutral_kaon_production,unknowable; additive proxy,7.5,7.8,1,,,,,,2
Utau,lower,missing_neutral_kaon_production,unknowable; additive proxy,7.8,8.1,2,,,,,,4
Utau,lower,missing_neutral_kaon_production,unknowable; additive proxy,8.4,8.700000000000001,1,,,,,,2
Utau,lower,missing_neutral_kaon_production,unknowable; additive proxy,9.0,9.3,1,,,,,,2
Utau,lower,missing_neutral_kaon_production,unknowable; additive proxy,9.299999999999999,9.6,1,,,,,,2
Utau,lower,missing_neutral_kaon_production,unknowable; additive proxy,9.9,10.200000000000001,1,,,,,,2
Utau,lower,missing_tau_multihadron_modes,proxy/reweight estimate,0.0,0.3,7,-1.1416493499081692,-5.2457207619142965,-6.212885049719685,-0.862792846273408,6.212885049719685,0
Utau,lower,missing_tau_multihadron_modes,proxy/reweight estimate,0.3,0.6,17,-1.1431225423653268,-5.526379046023555,-6.0244319473906955,-0.9996863754609397,6.0244319473906955,0
Utau,lower,missing_tau_multihadron_modes,proxy/reweight estimate,0.6,0.8999999999999999,12,-1.1600535843404258,-5.283091070123286,-5.882528729427761,-0.9994914274553568,5.882528729427761,0
Utau,lower,missing_tau_multihadron_modes,proxy/reweight estimate,0.8999999999999999,1.2,12,-0.9163993988856756,-4.209387122647929,-5.351735299071225,-0.6344923178268846,5.351735299071225,0
Utau,lower,missing_tau_multihadron_modes,proxy/reweight estimate,1.2,1.5,12,-0.9456396010451007,-4.58045425620403,-5.1601733783961485,-0.6933029516313249,5.1601733783961485,0
Utau,lower,missing_tau_multihadron_modes,proxy/reweight estimate,1.5,1.8,12,-0.22478494269220217,-1.077434277592465,-4.779235824308725,-1.0325074129013956e-12,4.779235824308725,0
Utau,lower,missing_tau_multihadron_modes,proxy/reweight estimate,1.7999999999999998,2.0999999999999996,9,0.0,0.0,0.0,0.0,0.0,0
Utau,lower,missing_tau_multihadron_modes,proxy/reweight estimate,2.1,2.4,1,0.0,0.0,0.0,0.0,0.0,0
Utau,lower,missing_tau_multihadron_modes,proxy/reweight estimate,2.4,2.6999999999999997,2,0.0,0.0,0.0,0.0,0.0,0
Utau,lower,missing_tau_multihadron_modes,proxy/reweight estimate,2.6999999999999997,2.9999999999999996,1,0.0,0.0,0.0,0.0,0.0,0
Utau,lower,missing_tau_multihadron_modes,proxy/reweight estimate,3.0,3.3,2,0.0,0.0,0.0,0.0,0.0,0
Utau,lower,missing_tau_multihadron_modes,proxy/reweight estimate,3.3,3.5999999999999996,1,0.0,0.0,0.0,0.0,0.0,0
Utau,lower,missing_tau_multihadron_modes,proxy/reweight estimate,3.5999999999999996,3.8999999999999995,2,0.0,0.0,0.0,0.0,0.0,0
Utau,lower,missing_tau_multihadron_modes,proxy/reweight estimate,3.9,4.2,1,0.0,0.0,0.0,0.0,0.0,0
Utau,lower,missing_tau_multihadron_modes,proxy/reweight estimate,4.2,4.5,2,0.0,0.0,0.0,0.0,0.0,0
Utau,lower,missing_tau_multihadron_modes,proxy/reweight estimate,4.5,4.8,1,,,,,,2
Utau,lower,missing_tau_multihadron_modes,proxy/reweight estimate,4.8,5.1,2,,,,,,4
Utau,lower,missing_tau_multihadron_modes,proxy/reweight estimate,5.1,5.3999999999999995,1,,,,,,2
Utau,lower,missing_tau_multihadron_modes,proxy/reweight estimate,5.3999999999999995,5.699999999999999,3,,,,,,6
Utau,lower,missing_tau_multihadron_modes,proxy/reweight estimate,5.7,6.0,1,,,,,,2
Utau,lower,missing_tau_multihadron_modes,proxy/reweight estimate,6.0,6.3,2,,,,,,4
Utau,lower,missing_tau_multihadron_modes,proxy/reweight estimate,6.3,6.6,1,,,,,,2
Utau,lower,missing_tau_multihadron_modes,proxy/reweight estimate,6.6,6.8999999999999995,2,,,,,,4
Utau,lower,missing_tau_multihadron_modes,proxy/reweight estimate,6.8999999999999995,7.199999999999999,1,,,,,,2
Utau,lower,missing_tau_multihadron_modes,proxy/reweight estimate,7.199999999999999,7.499999999999999,2,,,,,,4
Utau,lower,missing_tau_multihadron_modes,proxy/reweight estimate,7.5,7.8,1,,,,,,2
Utau,lower,missing_tau_multihadron_modes,proxy/reweight estimate,7.8,8.1,2,,,,,,4
Utau,lower,missing_tau_multihadron_modes,proxy/reweight estimate,8.4,8.700000000000001,1,,,,,,2
Utau,lower,missing_tau_multihadron_modes,proxy/reweight estimate,9.0,9.3,1,,,,,,2
Utau,lower,missing_tau_multihadron_modes,proxy/reweight estimate,9.299999999999999,9.6,1,,,,,,2
Utau,lower,missing_tau_multihadron_modes,proxy/reweight estimate,9.9,10.200000000000001,1,,,,,,2
Utau,lower,nonzero_background_threshold,direct threshold response; background unknowable,0.0,0.3,7,29.11095646564581,82.51819827541054,29.097766774295476,82.98271971826989,82.98271971826989,0
Utau,lower,nonzero_background_threshold,direct threshold response; background unknowable,0.3,0.6,17,29.128505602703257,82.55925454831596,29.10998967421272,83.15467240092703,83.15467240092703,0
Utau,lower,nonzero_background_threshold,direct threshold response; background unknowable,0.6,0.8999999999999999,12,29.180572136593895,82.73582306911263,29.15290715240313,83.3463433068933,83.3463433068933,0
Utau,lower,nonzero_background_threshold,direct threshold response; background unknowable,0.8999999999999999,1.2,12,29.281646192863718,83.44727483922132,29.201143034606126,84.04823910895904,84.04823910895904,0
Utau,lower,nonzero_background_threshold,direct threshold response; background unknowable,1.2,1.5,12,29.70096705625248,85.223314180462,29.4221616496537,86.68091474894166,86.68091474894166,0
Utau,lower,nonzero_background_threshold,direct threshold response; background unknowable,1.5,1.8,12,30.949364807066857,90.02531001259717,30.211814230275323,92.4645170643882,92.4645170643882,0
Utau,lower,nonzero_background_threshold,direct threshold response; background unknowable,1.7999999999999998,2.0999999999999996,9,31.806632658982558,93.71177455265244,31.27969340682053,95.4382680378268,95.4382680378268,0
Utau,lower,nonzero_background_threshold,direct threshold response; background unknowable,2.1,2.4,1,32.89698518910589,99.37937133689614,32.89698518910589,99.37937133689614,99.37937133689614,0
Utau,lower,nonzero_background_threshold,direct threshold response; background unknowable,2.4,2.6999999999999997,2,35.78240665985783,111.55822649958162,35.0569973132361,116.2077529238633,116.2077529238633,0
Utau,lower,nonzero_background_threshold,direct threshold response; background unknowable,2.6999999999999997,2.9999999999999996,1,39.735635589113436,132.70738050439505,39.735635589113436,132.70738050439505,132.70738050439505,0
Utau,lower,nonzero_background_threshold,direct threshold response; background unknowable,3.0,3.3,2,46.76858637627996,183.7099808872909,44.43300930265974,202.65846261946587,202.65846261946587,0
Utau,lower,nonzero_background_threshold,direct threshold response; background unknowable,3.3,3.5999999999999996,1,63.61031607884957,310.76627360896634,63.61031607884957,310.76627360896634,310.76627360896634,0
Utau,lower,nonzero_background_threshold,direct threshold response; background unknowable,3.5999999999999996,3.8999999999999995,2,81.54864904211216,359.42369050774323,80.74941508810318,359.42369050774323,359.42369050774323,1
Utau,lower,nonzero_background_threshold,direct threshold response; background unknowable,3.9,4.2,1,92.54846441393813,,92.54846441393813,92.54846441393813,92.54846441393813,1
Utau,lower,nonzero_background_threshold,direct threshold response; background unknowable,4.2,4.5,2,,,,,,4
Utau,lower,nonzero_background_threshold,direct threshold response; background unknowable,4.5,4.8,1,,,,,,2
Utau,lower,nonzero_background_threshold,direct threshold response; background unknowable,4.8,5.1,2,,,,,,4
Utau,lower,nonzero_background_threshold,direct threshold response; background unknowable,5.1,5.3999999999999995,1,,,,,,2
Utau,lower,nonzero_background_threshold,direct threshold response; background unknowable,5.3999999999999995,5.699999999999999,3,,,,,,6
Utau,lower,nonzero_background_threshold,direct threshold response; background unknowable,5.7,6.0,1,,,,,,2
Utau,lower,nonzero_background_threshold,direct threshold response; background unknowable,6.0,6.3,2,,,,,,4
Utau,lower,nonzero_background_threshold,direct threshold response; background unknowable,6.3,6.6,1,,,,,,2
Utau,lower,nonzero_background_threshold,direct threshold response; background unknowable,6.6,6.8999999999999995,2,,,,,,4
Utau,lower,nonzero_background_threshold,direct threshold response; background unknowable,6.8999999999999995,7.199999999999999,1,,,,,,2
Utau,lower,nonzero_background_threshold,direct threshold response; background unknowable,7.199999999999999,7.499999999999999,2,,,,,,4
Utau,lower,nonzero_background_threshold,direct threshold response; background unknowable,7.5,7.8,1,,,,,,2
Utau,lower,nonzero_background_threshold,direct threshold response; background unknowable,7.8,8.1,2,,,,,,4
Utau,lower,nonzero_background_threshold,direct threshold response; background unknowable,8.4,8.700000000000001,1,,,,,,2
Utau,lower,nonzero_background_threshold,direct threshold response; background unknowable,9.0,9.3,1,,,,,,2
Utau,lower,nonzero_background_threshold,direct threshold response; background unknowable,9.299999999999999,9.6,1,,,,,,2
Utau,lower,nonzero_background_threshold,direct threshold response; background unknowable,9.9,10.200000000000001,1,,,,,,2
Utau,lower,production_mc_statistical,directly calculable now,0.0,0.3,7,5.336398166953327,-4.399414567179649,-5.099050682206451,5.750584347483523,5.750584347483523,0
Utau,lower,production_mc_statistical,directly calculable now,0.3,0.6,17,4.940724861009871,-4.476310126192972,-4.811530402212494,5.615846155968618,5.615846155968618,0
Utau,lower,production_mc_statistical,directly calculable now,0.6,0.8999999999999999,12,4.1443484924160945,-3.6977523214414996,-4.221068704388187,4.511050028847907,4.511050028847907,0
Utau,lower,production_mc_statistical,directly calculable now,0.8999999999999999,1.2,12,2.9737548039656447,-2.603307673742239,-3.267167781164748,3.619586531336627,3.619586531336627,0
Utau,lower,production_mc_statistical,directly calculable now,1.2,1.5,12,2.854871693995742,-2.6080875998056974,-3.002965543987346,3.0660147583134734,3.0660147583134734,0
Utau,lower,production_mc_statistical,directly calculable now,1.5,1.8,12,1.96229505358394,-1.8450734302416227,-2.818481884215085,3.12777975004237,3.12777975004237,0
Utau,lower,production_mc_statistical,directly calculable now,1.7999999999999998,2.0999999999999996,9,1.7641591157955716,-1.7251229058550477,-1.876772118408765,1.9061571727711835,1.9061571727711835,0
Utau,lower,production_mc_statistical,directly calculable now,2.1,2.4,1,1.6422842318152275,-1.6603903515077678,-1.6603903515077678,1.6422842318152275,1.6603903515077678,0
Utau,lower,production_mc_statistical,directly calculable now,2.4,2.6999999999999997,2,1.862437863709665,-1.7195505184056215,-1.7625872986980151,1.910218117487572,1.910218117487572,0
Utau,lower,production_mc_statistical,directly calculable now,2.6999999999999997,2.9999999999999996,1,1.9050145332591972,-1.7609368794960112,-1.7609368794960112,1.9050145332591972,1.9050145332591972,0
Utau,lower,production_mc_statistical,directly calculable now,3.0,3.3,2,2.223323794294352,-2.1825396901725966,-2.215025923645675,2.310239441405848,2.310239441405848,0
Utau,lower,production_mc_statistical,directly calculable now,3.3,3.5999999999999996,1,2.813878039382134,-2.670710470194293,-2.670710470194293,2.813878039382134,2.813878039382134,0
Utau,lower,production_mc_statistical,directly calculable now,3.5999999999999996,3.8999999999999995,2,3.7246017200374792,-3.5952676751963897,-3.728933919728339,3.862467564779948,3.862467564779948,0
Utau,lower,production_mc_statistical,directly calculable now,3.9,4.2,1,4.161776402978989,-3.739229443841796,-3.739229443841796,4.161776402978989,4.161776402978989,0
Utau,lower,production_mc_statistical,directly calculable now,4.2,4.5,2,6.659299491585136,-5.548743096699916,-6.756418626888195,8.57094391310278,8.57094391310278,0
Utau,lower,production_spin_and_residual_angles,proxy/reweight estimate,0.0,0.3,7,8.436378207363738,-6.8148643969861755,-7.109411826577539,8.812134391404292,8.812134391404292,0
Utau,lower,production_spin_and_residual_angles,proxy/reweight estimate,0.3,0.6,17,8.420514678243517,-6.861596733615416,-7.065235600134134,8.859381785982134,8.859381785982134,0
Utau,lower,production_spin_and_residual_angles,proxy/reweight estimate,0.6,0.8999999999999999,12,8.335969896184759,-6.799903230230337,-7.111289246519825,8.756705571727942,8.756705571727942,0
Utau,lower,production_spin_and_residual_angles,proxy/reweight estimate,0.8999999999999999,1.2,12,8.620463067502692,-6.675278410220093,-7.054577286155217,8.8599217355402,8.8599217355402,0
Utau,lower,production_spin_and_residual_angles,proxy/reweight estimate,1.2,1.5,12,8.565022529630806,-6.951441218932263,-7.167493802490621,8.959546150961572,8.959546150961572,0
Utau,lower,production_spin_and_residual_angles,proxy/reweight estimate,1.5,1.8,12,8.643592398084776,-6.81882336303149,-7.252353626633634,9.039996714363973,9.039996714363973,0
Utau,lower,production_spin_and_residual_angles,proxy/reweight estimate,1.7999999999999998,2.0999999999999996,9,8.847543912134114,-6.909447841741656,-7.370703330386286,9.135181876775578,9.135181876775578,0
Utau,lower,production_spin_and_residual_angles,proxy/reweight estimate,2.1,2.4,1,8.873135878078875,-7.398047400526552,-7.398047400526552,8.873135878078875,8.873135878078875,0
Utau,lower,production_spin_and_residual_angles,proxy/reweight estimate,2.4,2.6999999999999997,2,9.567866455727781,-7.392885650015018,-7.623673740835768,9.821548721308737,9.821548721308737,0
Utau,lower,production_spin_and_residual_angles,proxy/reweight estimate,2.6999999999999997,2.9999999999999996,1,10.232019075350784,-7.885327199657399,-7.885327199657399,10.232019075350784,10.232019075350784,0
Utau,lower,production_spin_and_residual_angles,proxy/reweight estimate,3.0,3.3,2,10.651315404421124,-8.478831159783246,-8.684973197634427,10.804097845696914,10.804097845696914,0
Utau,lower,production_spin_and_residual_angles,proxy/reweight estimate,3.3,3.5999999999999996,1,11.451980241838488,-9.13889991149135,-9.13889991149135,11.451980241838488,11.451980241838488,0
Utau,lower,production_spin_and_residual_angles,proxy/reweight estimate,3.5999999999999996,3.8999999999999995,2,9.203998918948631,-8.44252468643517,-9.402841133778939,10.832805192635098,10.832805192635098,0
Utau,lower,production_spin_and_residual_angles,proxy/reweight estimate,3.9,4.2,1,5.008084433077653,-4.949850287830671,-4.949850287830671,5.008084433077653,5.008084433077653,0
Utau,lower,production_spin_and_residual_angles,proxy/reweight estimate,4.2,4.5,2,1.765921907570489,-1.8187114017209016,-2.522075280328362,2.434355244809794,2.522075280328362,0
Utau,lower,production_spin_and_residual_angles,proxy/reweight estimate,4.5,4.8,1,,,,,,2
Utau,lower,production_spin_and_residual_angles,proxy/reweight estimate,4.8,5.1,2,,,,,,4
Utau,lower,production_spin_and_residual_angles,proxy/reweight estimate,5.1,5.3999999999999995,1,,,,,,2
Utau,lower,production_spin_and_residual_angles,proxy/reweight estimate,5.3999999999999995,5.699999999999999,3,,,,,,6
Utau,lower,production_spin_and_residual_angles,proxy/reweight estimate,5.7,6.0,1,,,,,,2
Utau,lower,production_spin_and_residual_angles,proxy/reweight estimate,6.0,6.3,2,,,,,,4
Utau,lower,production_spin_and_residual_angles,proxy/reweight estimate,6.3,6.6,1,,,,,,2
Utau,lower,production_spin_and_residual_angles,proxy/reweight estimate,6.6,6.8999999999999995,2,,,,,,4
Utau,lower,production_spin_and_residual_angles,proxy/reweight estimate,6.8999999999999995,7.199999999999999,1,,,,,,2
Utau,lower,production_spin_and_residual_angles,proxy/reweight estimate,7.199999999999999,7.499999999999999,2,,,,,,4
Utau,lower,production_spin_and_residual_angles,proxy/reweight estimate,7.5,7.8,1,,,,,,2
Utau,lower,production_spin_and_residual_angles,proxy/reweight estimate,7.8,8.1,2,,,,,,4
Utau,lower,production_spin_and_residual_angles,proxy/reweight estimate,8.4,8.700000000000001,1,,,,,,2
Utau,lower,production_spin_and_residual_angles,proxy/reweight estimate,9.0,9.3,1,,,,,,2
Utau,lower,production_spin_and_residual_angles,proxy/reweight estimate,9.299999999999999,9.6,1,,,,,,2
Utau,lower,production_spin_and_residual_angles,proxy/reweight estimate,9.9,10.200000000000001,1,,,,,,2
Utau,lower,visible_branching_fraction,literature-informed range,0.0,0.3,7,5.364581771709065,-4.67045115633794,-5.013017936427023,5.603139851886008,5.603139851886008,0
Utau,lower,visible_branching_fraction,literature-informed range,0.3,0.6,17,5.270342633944769,-4.698386431178358,-4.9600677031697575,5.7588445911648245,5.7588445911648245,0
Utau,lower,visible_branching_fraction,literature-informed range,0.6,0.8999999999999999,12,5.3821541946595275,-4.790101715305112,-5.014981140169795,5.7447661539919315,5.7447661539919315,0
Utau,lower,visible_branching_fraction,literature-informed range,0.8999999999999999,1.2,12,5.544586489186432,-4.568947737010593,-4.975864485291359,5.834374444576862,5.834374444576862,0
Utau,lower,visible_branching_fraction,literature-informed range,1.2,1.5,12,5.372665908635621,-4.746146933324768,-5.06505632007046,5.936023020841263,5.936023020841263,0
Utau,lower,visible_branching_fraction,literature-informed range,1.5,1.8,12,5.757631957693599,-4.8105364711736325,-5.20177502043484,6.039733198791519,6.039733198791519,0
Utau,lower,visible_branching_fraction,literature-informed range,1.7999999999999998,2.0999999999999996,9,5.924861732675923,-4.91992253051734,-5.318066855228897,6.105697694142109,6.105697694142109,0
Utau,lower,visible_branching_fraction,literature-informed range,2.1,2.4,1,5.7523887663034845,-5.318772345816392,-5.318772345816392,5.7523887663034845,5.7523887663034845,0
Utau,lower,visible_branching_fraction,literature-informed range,2.4,2.6999999999999997,2,6.426786385357797,-5.338457607716407,-5.447075560289505,6.477056094971934,6.477056094971934,0
Utau,lower,visible_branching_fraction,literature-informed range,2.6999999999999997,2.9999999999999996,1,6.976833294585938,-5.694474252507408,-5.694474252507408,6.976833294585938,6.976833294585938,0
Utau,lower,visible_branching_fraction,literature-informed range,3.0,3.3,2,7.657570797259439,-6.5702186826314515,-6.822428224171551,7.895336972485056,7.895336972485056,0
Utau,lower,visible_branching_fraction,literature-informed range,3.3,3.5999999999999996,1,9.635591406429578,-7.797964529028811,-7.797964529028811,9.635591406429578,9.635591406429578,0
Utau,lower,visible_branching_fraction,literature-informed range,3.5999999999999996,3.8999999999999995,2,12.315735719641118,-9.746719458107805,-10.08924252157719,12.702862192853658,12.702862192853658,0
Utau,lower,visible_branching_fraction,literature-informed range,3.9,4.2,1,13.348725564447772,-10.52283216673101,-10.52283216673101,13.348725564447772,13.348725564447772,0
Utau,lower,visible_branching_fraction,literature-informed range,4.2,4.5,2,24.41251739156487,-12.869367615781169,-14.799777898254074,34.168331807981865,34.168331807981865,0
Utau,lower,visible_branching_fraction,literature-informed range,4.5,4.8,1,,,,,,2
Utau,lower,visible_branching_fraction,literature-informed range,4.8,5.1,2,,,,,,4
Utau,lower,visible_branching_fraction,literature-informed range,5.1,5.3999999999999995,1,,,,,,2
Utau,lower,visible_branching_fraction,literature-informed range,5.3999999999999995,5.699999999999999,3,,,,,,6
Utau,lower,visible_branching_fraction,literature-informed range,5.7,6.0,1,,,,,,2
Utau,lower,visible_branching_fraction,literature-informed range,6.0,6.3,2,,,,,,4
Utau,lower,visible_branching_fraction,literature-informed range,6.3,6.6,1,,,,,,2
Utau,lower,visible_branching_fraction,literature-informed range,6.6,6.8999999999999995,2,,,,,,4
Utau,lower,visible_branching_fraction,literature-informed range,6.8999999999999995,7.199999999999999,1,,,,,,2
Utau,lower,visible_branching_fraction,literature-informed range,7.199999999999999,7.499999999999999,2,,,,,,4
Utau,lower,visible_branching_fraction,literature-informed range,7.5,7.8,1,,,,,,2
Utau,lower,visible_branching_fraction,literature-informed range,7.8,8.1,2,,,,,,4
Utau,lower,visible_branching_fraction,literature-informed range,8.4,8.700000000000001,1,,,,,,2
Utau,lower,visible_branching_fraction,literature-informed range,9.0,9.3,1,,,,,,2
Utau,lower,visible_branching_fraction,literature-informed range,9.299999999999999,9.6,1,,,,,,2
Utau,lower,visible_branching_fraction,literature-informed range,9.9,10.200000000000001,1,,,,,,2
Utau,lower,visible_decay_topology_acceptance,unknowable; acceptance scenario,0.0,0.3,7,19.48875486460684,-12.31422104453136,-12.339126670498967,19.75119689524931,19.75119689524931,0
Utau,lower,visible_decay_topology_acceptance,unknowable; acceptance scenario,0.3,0.6,17,19.37116856547243,-12.30256796071264,-12.34472312077165,19.914670868369665,19.914670868369665,0
Utau,lower,visible_decay_topology_acceptance,unknowable; acceptance scenario,0.6,0.8999999999999999,12,19.538838710910525,-12.340561587240632,-12.355256307460582,19.960132203305637,19.960132203305637,0
Utau,lower,visible_decay_topology_acceptance,unknowable; acceptance scenario,0.8999999999999999,1.2,12,19.79620350232082,-12.349169416923717,-12.38313247514018,20.073457653222594,20.073457653222594,0
Utau,lower,visible_decay_topology_acceptance,unknowable; acceptance scenario,1.2,1.5,12,19.776258787472145,-12.467491639537098,-12.573001810328366,20.549614532976456,20.549614532976456,0
Utau,lower,visible_decay_topology_acceptance,unknowable; acceptance scenario,1.5,1.8,12,20.689627231832596,-12.808424076340934,-12.940641919982598,21.314919141651867,21.314919141651867,0
Utau,lower,visible_decay_topology_acceptance,unknowable; acceptance scenario,1.7999999999999998,2.0999999999999996,9,21.139394024479707,-13.024445878760705,-13.292164975480114,21.603279154893084,21.603279154893084,0
Utau,lower,visible_decay_topology_acceptance,unknowable; acceptance scenario,2.1,2.4,1,21.75535323004343,-13.38255634832417,-13.38255634832417,21.75535323004343,21.75535323004343,0
Utau,lower,visible_decay_topology_acceptance,unknowable; acceptance scenario,2.4,2.6999999999999997,2,23.619905626577363,-13.977537061219175,-14.110211663736772,24.25260648389813,24.25260648389813,0
Utau,lower,visible_decay_topology_acceptance,unknowable; acceptance scenario,2.6999999999999997,2.9999999999999996,1,25.977538818610824,-14.799832355865473,-14.799832355865473,25.977538818610824,25.977538818610824,0
Utau,lower,visible_decay_topology_acceptance,unknowable; acceptance scenario,3.0,3.3,2,29.95748759254461,-16.624742017823046,-17.111837971114994,31.23206707038051,31.23206707038051,0
Utau,lower,visible_decay_topology_acceptance,unknowable; acceptance scenario,3.3,3.5999999999999996,1,39.18178037041713,-19.469067159196452,-19.469067159196452,39.18178037041713,39.18178037041713,0
Utau,lower,visible_decay_topology_acceptance,unknowable; acceptance scenario,3.5999999999999996,3.8999999999999995,2,50.39949292183347,-23.95334610607175,-24.957095756869986,51.276172938618835,51.276172938618835,0
Utau,lower,visible_decay_topology_acceptance,unknowable; acceptance scenario,3.9,4.2,1,55.2438428094768,-25.91319087961008,-25.91319087961008,55.2438428094768,55.2438428094768,0
Utau,lower,visible_decay_topology_acceptance,unknowable; acceptance scenario,4.2,4.5,2,76.4872696269558,-29.086626208587674,-31.662867131102914,76.4872696269558,76.4872696269558,1
Utau,lower,visible_decay_topology_acceptance,unknowable; acceptance scenario,4.5,4.8,1,,,,,,1
Utau,lower,visible_decay_topology_acceptance,unknowable; acceptance scenario,4.8,5.1,2,,,,,,4
Utau,lower,visible_decay_topology_acceptance,unknowable; acceptance scenario,5.1,5.3999999999999995,1,,,,,,2
Utau,lower,visible_decay_topology_acceptance,unknowable; acceptance scenario,5.3999999999999995,5.699999999999999,3,,,,,,6
Utau,lower,visible_decay_topology_acceptance,unknowable; acceptance scenario,5.7,6.0,1,,,,,,2
Utau,lower,visible_decay_topology_acceptance,unknowable; acceptance scenario,6.0,6.3,2,,,,,,4
Utau,lower,visible_decay_topology_acceptance,unknowable; acceptance scenario,6.3,6.6,1,,,,,,2
Utau,lower,visible_decay_topology_acceptance,unknowable; acceptance scenario,6.6,6.8999999999999995,2,,,,,,4
Utau,lower,visible_decay_topology_acceptance,unknowable; acceptance scenario,6.8999999999999995,7.199999999999999,1,,,,,,2
Utau,lower,visible_decay_topology_acceptance,unknowable; acceptance scenario,7.199999999999999,7.499999999999999,2,,,,,,4
Utau,lower,visible_decay_topology_acceptance,unknowable; acceptance scenario,7.5,7.8,1,,,,,,2
Utau,lower,visible_decay_topology_acceptance,unknowable; acceptance scenario,7.8,8.1,2,,,,,,4
Utau,lower,visible_decay_topology_acceptance,unknowable; acceptance scenario,8.4,8.700000000000001,1,,,,,,2
Utau,lower,visible_decay_topology_acceptance,unknowable; acceptance scenario,9.0,9.3,1,,,,,,2
Utau,lower,visible_decay_topology_acceptance,unknowable; acceptance scenario,9.299999999999999,9.6,1,,,,,,2
Utau,lower,visible_decay_topology_acceptance,unknowable; acceptance scenario,9.9,10.200000000000001,1,,,,,,2
Utau,upper,bc_spectrum_and_normalization,unknowable; factor scenario,0.0,0.3,7,,,,,,14
Utau,upper,bc_spectrum_and_normalization,unknowable; factor scenario,0.3,0.6,17,,,,,,34
Utau,upper,bc_spectrum_and_normalization,unknowable; factor scenario,0.6,0.8999999999999999,12,-3.0345435514389507e-05,6.068831173156042e-05,-5.304998486055368e-05,0.00010609490437296643,0.00010609490437296643,20
Utau,upper,bc_spectrum_and_normalization,unknowable; factor scenario,0.8999999999999999,1.2,12,-6.960128127730947e-05,0.00013919846614252052,-0.031140524923711776,0.06145185313317647,0.06145185313317647,0
Utau,upper,bc_spectrum_and_normalization,unknowable; factor scenario,1.2,1.5,12,-0.0002492723156777288,0.0004984721375000944,-0.00789283858946277,0.015727086850225724,0.015727086850225724,0
Utau,upper,bc_spectrum_and_normalization,unknowable; factor scenario,1.5,1.8,12,-0.00038062936825733473,0.0007611820962760696,-0.014279142033735148,0.028402870495680688,0.028402870495680688,0
Utau,upper,bc_spectrum_and_normalization,unknowable; factor scenario,1.7999999999999998,2.0999999999999996,9,-0.002139403458567557,0.004275526943198216,-0.035544938411302685,0.07049164703056832,0.07049164703056832,0
Utau,upper,bc_spectrum_and_normalization,unknowable; factor scenario,2.1,2.4,1,-0.00017159180849546374,0.0003431458329483661,-0.00017159180849546374,0.0003431458329483661,0.0003431458329483661,0
Utau,upper,bc_spectrum_and_normalization,unknowable; factor scenario,2.4,2.6999999999999997,2,-0.00043675277104915367,0.000873381025445763,-0.0005910305679757144,0.001181841645325754,0.001181841645325754,0
Utau,upper,bc_spectrum_and_normalization,unknowable; factor scenario,2.6999999999999997,2.9999999999999996,1,-0.008237775379693613,0.01645289119016624,-0.008237775379693613,0.01645289119016624,0.01645289119016624,0
Utau,upper,bc_spectrum_and_normalization,unknowable; factor scenario,3.0,3.3,2,-0.0863481968314761,0.1693789524920719,-0.14767477940965668,0.28902096027445534,0.28902096027445534,0
Utau,upper,bc_spectrum_and_normalization,unknowable; factor scenario,3.3,3.5999999999999996,1,-0.06309346333053245,0.12492796568686071,-0.06309346333053245,0.12492796568686071,0.12492796568686071,0
Utau,upper,bc_spectrum_and_normalization,unknowable; factor scenario,3.5999999999999996,3.8999999999999995,2,-0.15409087124589327,0.30247835036172344,-0.16609281457353742,0.3258285561001939,0.3258285561001939,0
Utau,upper,bc_spectrum_and_normalization,unknowable; factor scenario,3.9,4.2,1,-0.1592597615513336,0.31226070180760956,-0.1592597615513336,0.31226070180760956,0.31226070180760956,0
Utau,upper,bc_spectrum_and_normalization,unknowable; factor scenario,4.2,4.5,2,-0.47330425399378373,0.9161619603824334,-0.7117452084730913,1.3716342824727112,1.3716342824727112,0
Utau,upper,bc_spectrum_and_normalization,unknowable; factor scenario,4.5,4.8,1,,,,,,2
Utau,upper,bc_spectrum_and_normalization,unknowable; factor scenario,4.8,5.1,2,,,,,,4
Utau,upper,bc_spectrum_and_normalization,unknowable; factor scenario,5.1,5.3999999999999995,1,,,,,,2
Utau,upper,bc_spectrum_and_normalization,unknowable; factor scenario,5.3999999999999995,5.699999999999999,3,,,,,,6
Utau,upper,bc_spectrum_and_normalization,unknowable; factor scenario,5.7,6.0,1,,,,,,2
Utau,upper,bc_spectrum_and_normalization,unknowable; factor scenario,6.0,6.3,2,,,,,,4
Utau,upper,bc_spectrum_and_normalization,unknowable; factor scenario,6.3,6.6,1,,,,,,2
Utau,upper,bc_spectrum_and_normalization,unknowable; factor scenario,6.6,6.8999999999999995,2,,,,,,4
Utau,upper,bc_spectrum_and_normalization,unknowable; factor scenario,6.8999999999999995,7.199999999999999,1,,,,,,2
Utau,upper,bc_spectrum_and_normalization,unknowable; factor scenario,7.199999999999999,7.499999999999999,2,,,,,,4
Utau,upper,bc_spectrum_and_normalization,unknowable; factor scenario,7.5,7.8,1,,,,,,2
Utau,upper,bc_spectrum_and_normalization,unknowable; factor scenario,7.8,8.1,2,,,,,,4
Utau,upper,bc_spectrum_and_normalization,unknowable; factor scenario,8.4,8.700000000000001,1,,,,,,2
Utau,upper,bc_spectrum_and_normalization,unknowable; factor scenario,9.0,9.3,1,,,,,,2
Utau,upper,bc_spectrum_and_normalization,unknowable; factor scenario,9.299999999999999,9.6,1,,,,,,2
Utau,upper,bc_spectrum_and_normalization,unknowable; factor scenario,9.9,10.200000000000001,1,,,,,,2
Utau,upper,charged_kaon_parent_transport,unknowable; transport scenario,0.0,0.3,7,,,,,,14
Utau,upper,charged_kaon_parent_transport,unknowable; transport scenario,0.3,0.6,17,,,,,,34
Utau,upper,charged_kaon_parent_transport,unknowable; transport scenario,0.6,0.8999999999999999,12,0.0,0.0,0.0,0.0,0.0,20
Utau,upper,charged_kaon_parent_transport,unknowable; transport scenario,0.8999999999999999,1.2,12,0.0,0.0,0.0,0.0,0.0,0
Utau,upper,charged_kaon_parent_transport,unknowable; transport scenario,1.2,1.5,12,0.0,0.0,0.0,0.0,0.0,0
Utau,upper,charged_kaon_parent_transport,unknowable; transport scenario,1.5,1.8,12,0.0,0.0,0.0,0.0,0.0,0
Utau,upper,charged_kaon_parent_transport,unknowable; transport scenario,1.7999999999999998,2.0999999999999996,9,0.0,0.0,0.0,0.0,0.0,0
Utau,upper,charged_kaon_parent_transport,unknowable; transport scenario,2.1,2.4,1,0.0,0.0,0.0,0.0,0.0,0
Utau,upper,charged_kaon_parent_transport,unknowable; transport scenario,2.4,2.6999999999999997,2,0.0,0.0,0.0,0.0,0.0,0
Utau,upper,charged_kaon_parent_transport,unknowable; transport scenario,2.6999999999999997,2.9999999999999996,1,0.0,0.0,0.0,0.0,0.0,0
Utau,upper,charged_kaon_parent_transport,unknowable; transport scenario,3.0,3.3,2,0.0,0.0,0.0,0.0,0.0,0
Utau,upper,charged_kaon_parent_transport,unknowable; transport scenario,3.3,3.5999999999999996,1,0.0,0.0,0.0,0.0,0.0,0
Utau,upper,charged_kaon_parent_transport,unknowable; transport scenario,3.5999999999999996,3.8999999999999995,2,0.0,0.0,0.0,0.0,0.0,0
Utau,upper,charged_kaon_parent_transport,unknowable; transport scenario,3.9,4.2,1,0.0,0.0,0.0,0.0,0.0,0
Utau,upper,charged_kaon_parent_transport,unknowable; transport scenario,4.2,4.5,2,0.0,0.0,0.0,0.0,0.0,0
Utau,upper,charged_kaon_parent_transport,unknowable; transport scenario,4.5,4.8,1,,,,,,2
Utau,upper,charged_kaon_parent_transport,unknowable; transport scenario,4.8,5.1,2,,,,,,4
Utau,upper,charged_kaon_parent_transport,unknowable; transport scenario,5.1,5.3999999999999995,1,,,,,,2
Utau,upper,charged_kaon_parent_transport,unknowable; transport scenario,5.3999999999999995,5.699999999999999,3,,,,,,6
Utau,upper,charged_kaon_parent_transport,unknowable; transport scenario,5.7,6.0,1,,,,,,2
Utau,upper,charged_kaon_parent_transport,unknowable; transport scenario,6.0,6.3,2,,,,,,4
Utau,upper,charged_kaon_parent_transport,unknowable; transport scenario,6.3,6.6,1,,,,,,2
Utau,upper,charged_kaon_parent_transport,unknowable; transport scenario,6.6,6.8999999999999995,2,,,,,,4
Utau,upper,charged_kaon_parent_transport,unknowable; transport scenario,6.8999999999999995,7.199999999999999,1,,,,,,2
Utau,upper,charged_kaon_parent_transport,unknowable; transport scenario,7.199999999999999,7.499999999999999,2,,,,,,4
Utau,upper,charged_kaon_parent_transport,unknowable; transport scenario,7.5,7.8,1,,,,,,2
Utau,upper,charged_kaon_parent_transport,unknowable; transport scenario,7.8,8.1,2,,,,,,4
Utau,upper,charged_kaon_parent_transport,unknowable; transport scenario,8.4,8.700000000000001,1,,,,,,2
Utau,upper,charged_kaon_parent_transport,unknowable; transport scenario,9.0,9.3,1,,,,,,2
Utau,upper,charged_kaon_parent_transport,unknowable; transport scenario,9.299999999999999,9.6,1,,,,,,2
Utau,upper,charged_kaon_parent_transport,unknowable; transport scenario,9.9,10.200000000000001,1,,,,,,2
Utau,upper,combined_physics_model_rss,"engineering envelope, not confidence interval",0.6,0.8999999999999999,2,-20.0492956270508,20.052650894412793,-20.0680439661306,20.072687258258416,20.072687258258416,0
Utau,upper,combined_physics_model_rss,"engineering envelope, not confidence interval",0.8999999999999999,1.2,12,-20.062041326263586,20.080467704243844,-20.150842802502545,20.210813590709552,20.210813590709552,0
Utau,upper,combined_physics_model_rss,"engineering envelope, not confidence interval",1.2,1.5,12,-20.06098987029892,20.065143319525227,-20.0727786285944,20.246635036931448,20.246635036931448,0
Utau,upper,combined_physics_model_rss,"engineering envelope, not confidence interval",1.5,1.8,12,-20.103260240801347,20.127886431025956,-20.173537179293856,20.27358665378747,20.27358665378747,0
Utau,upper,combined_physics_model_rss,"engineering envelope, not confidence interval",1.7999999999999998,2.0999999999999996,9,-20.10290198346276,20.15005840479407,-20.19644364124128,20.31993759567787,20.31993759567787,0
Utau,upper,combined_physics_model_rss,"engineering envelope, not confidence interval",2.1,2.4,1,-20.108488378073186,20.119643018774358,-20.108488378073186,20.119643018774358,20.119643018774358,0
Utau,upper,combined_physics_model_rss,"engineering envelope, not confidence interval",2.4,2.6999999999999997,2,-20.19146139228173,20.33922566167059,-20.25304181661537,20.407414008849443,20.407414008849443,0
Utau,upper,combined_physics_model_rss,"engineering envelope, not confidence interval",2.6999999999999997,2.9999999999999996,1,-20.353318150402643,20.445206458874154,-20.353318150402643,20.445206458874154,20.445206458874154,0
Utau,upper,combined_physics_model_rss,"engineering envelope, not confidence interval",3.0,3.3,2,-20.311107626029063,20.522372278104875,-20.34845482817278,20.605314512705576,20.605314512705576,0
Utau,upper,combined_physics_model_rss,"engineering envelope, not confidence interval",3.3,3.5999999999999996,1,-20.546333831852447,20.614593322002484,-20.546333831852447,20.614593322002484,20.614593322002484,0
Utau,upper,combined_physics_model_rss,"engineering envelope, not confidence interval",3.5999999999999996,3.8999999999999995,2,-20.888948875399265,21.160763194848442,-21.057389988616993,21.380879680943178,21.380879680943178,0
Utau,upper,combined_physics_model_rss,"engineering envelope, not confidence interval",3.9,4.2,1,-21.75859564856484,22.099018582525744,-21.75859564856484,22.099018582525744,22.099018582525744,0
Utau,upper,combined_physics_model_rss,"engineering envelope, not confidence interval",4.2,4.5,2,-26.16590411287963,27.651495322991416,-28.509304441805206,31.412849571000656,31.412849571000656,0
Utau,upper,csv_8_digit_serialization,quantitatively dismissed by rounding bound,0.0,0.3,7,,,,,,14
Utau,upper,csv_8_digit_serialization,quantitatively dismissed by rounding bound,0.3,0.6,17,,,,,,34
Utau,upper,csv_8_digit_serialization,quantitatively dismissed by rounding bound,0.6,0.8999999999999999,12,-1.5616804738272094e-06,1.5616798854090064e-06,-1.870717236673869e-06,1.8707165594378239e-06,1.870717236673869e-06,20
Utau,upper,csv_8_digit_serialization,quantitatively dismissed by rounding bound,0.8999999999999999,1.2,12,-1.9670139850269663e-06,1.9670132189730793e-06,-3.1901302044445856e-06,3.19012904981264e-06,3.1901302044445856e-06,0
Utau,upper,csv_8_digit_serialization,quantitatively dismissed by rounding bound,1.2,1.5,12,-1.770974172865536e-06,1.7709736011006783e-06,-3.452866870201632e-06,3.452865660058535e-06,3.452866870201632e-06,0
Utau,upper,csv_8_digit_serialization,quantitatively dismissed by rounding bound,1.5,1.8,12,-2.4468956250078833e-06,2.446894620256046e-06,-3.6364021682722125e-06,3.636400891515734e-06,3.6364021682722125e-06,0
Utau,upper,csv_8_digit_serialization,quantitatively dismissed by rounding bound,1.7999999999999998,2.0999999999999996,9,-2.3764650247670716e-06,2.376464180997573e-06,-3.9343482916009975e-06,3.934347003742289e-06,3.9343482916009975e-06,0
Utau,upper,csv_8_digit_serialization,quantitatively dismissed by rounding bound,2.1,2.4,1,-2.3654410874485166e-06,2.3654402214745573e-06,-2.3654410874485166e-06,2.3654402214745573e-06,2.3654410874485166e-06,0
Utau,upper,csv_8_digit_serialization,quantitatively dismissed by rounding bound,2.4,2.6999999999999997,2,-4.03119261305207e-06,4.031191136455448e-06,-4.442938827953213e-06,4.442937173720907e-06,4.442938827953213e-06,0
Utau,upper,csv_8_digit_serialization,quantitatively dismissed by rounding bound,2.6999999999999997,2.9999999999999996,1,-4.6482843796269435e-06,4.648282736496867e-06,-4.6482843796269435e-06,4.648282736496867e-06,4.6482843796269435e-06,0
Utau,upper,csv_8_digit_serialization,quantitatively dismissed by rounding bound,3.0,3.3,2,-4.038843925968649e-06,4.038842349451954e-06,-4.301538647499825e-06,4.3015367712229136e-06,4.301538647499825e-06,0
Utau,upper,csv_8_digit_serialization,quantitatively dismissed by rounding bound,3.3,3.5999999999999996,1,-5.367649891230286e-06,5.3676479261355325e-06,-5.367649891230286e-06,5.3676479261355325e-06,5.367649891230286e-06,0
Utau,upper,csv_8_digit_serialization,quantitatively dismissed by rounding bound,3.5999999999999996,3.8999999999999995,2,-6.8805778852265576e-06,6.880575498247055e-06,-7.550702252334673e-06,7.550699754332868e-06,7.550702252334673e-06,0
Utau,upper,csv_8_digit_serialization,quantitatively dismissed by rounding bound,3.9,4.2,1,-9.848641269183389e-06,9.848638349296834e-06,-9.848641269183389e-06,9.848638349296834e-06,9.848641269183389e-06,0
Utau,upper,csv_8_digit_serialization,quantitatively dismissed by rounding bound,4.2,4.5,2,-2.1810533934463194e-05,2.1810530381749516e-05,-2.9384482869154738e-05,2.9384479449667822e-05,2.9384482869154738e-05,0
Utau,upper,csv_8_digit_serialization,quantitatively dismissed by rounding bound,4.5,4.8,1,,,,,,2
Utau,upper,csv_8_digit_serialization,quantitatively dismissed by rounding bound,4.8,5.1,2,,,,,,4
Utau,upper,csv_8_digit_serialization,quantitatively dismissed by rounding bound,5.1,5.3999999999999995,1,,,,,,2
Utau,upper,csv_8_digit_serialization,quantitatively dismissed by rounding bound,5.3999999999999995,5.699999999999999,3,,,,,,6
Utau,upper,csv_8_digit_serialization,quantitatively dismissed by rounding bound,5.7,6.0,1,,,,,,2
Utau,upper,csv_8_digit_serialization,quantitatively dismissed by rounding bound,6.0,6.3,2,,,,,,4
Utau,upper,csv_8_digit_serialization,quantitatively dismissed by rounding bound,6.3,6.6,1,,,,,,2
Utau,upper,csv_8_digit_serialization,quantitatively dismissed by rounding bound,6.6,6.8999999999999995,2,,,,,,4
Utau,upper,csv_8_digit_serialization,quantitatively dismissed by rounding bound,6.8999999999999995,7.199999999999999,1,,,,,,2
Utau,upper,csv_8_digit_serialization,quantitatively dismissed by rounding bound,7.199999999999999,7.499999999999999,2,,,,,,4
Utau,upper,csv_8_digit_serialization,quantitatively dismissed by rounding bound,7.5,7.8,1,,,,,,2
Utau,upper,csv_8_digit_serialization,quantitatively dismissed by rounding bound,7.8,8.1,2,,,,,,4
Utau,upper,csv_8_digit_serialization,quantitatively dismissed by rounding bound,8.4,8.700000000000001,1,,,,,,2
Utau,upper,csv_8_digit_serialization,quantitatively dismissed by rounding bound,9.0,9.3,1,,,,,,2
Utau,upper,csv_8_digit_serialization,quantitatively dismissed by rounding bound,9.299999999999999,9.6,1,,,,,,2
Utau,upper,csv_8_digit_serialization,quantitatively dismissed by rounding bound,9.9,10.200000000000001,1,,,,,,2
Utau,upper,current_code_rerun_proxy,direct code calculation; finite-MC proxy,0.0,0.3,7,,,,,,14
Utau,upper,current_code_rerun_proxy,direct code calculation; finite-MC proxy,0.3,0.6,17,,,,,,34
Utau,upper,current_code_rerun_proxy,direct code calculation; finite-MC proxy,0.6,0.8999999999999999,12,2.1094237467877974e-13,2.1094237467877974e-13,-4.440892098500626e-14,4.662936703425657e-13,4.662936703425657e-13,20
Utau,upper,current_code_rerun_proxy,direct code calculation; finite-MC proxy,0.8999999999999999,1.2,12,-4.1744385725905886e-12,-4.1744385725905886e-12,-1.3631318296347672e-10,0.0,1.3631318296347672e-10,0
Utau,upper,current_code_rerun_proxy,direct code calculation; finite-MC proxy,1.2,1.5,12,-5.3723692161611325e-11,-5.3723692161611325e-11,-5.343836484428266e-10,-1.432187701766452e-12,5.343836484428266e-10,0
Utau,upper,current_code_rerun_proxy,direct code calculation; finite-MC proxy,1.5,1.8,12,-3.629874179011949e-11,-3.629874179011949e-11,-1.3039458401920001e-09,0.0,1.3039458401920001e-09,0
Utau,upper,current_code_rerun_proxy,direct code calculation; finite-MC proxy,1.7999999999999998,2.0999999999999996,9,0.0,0.0,0.0,0.0,0.0,0
Utau,upper,current_code_rerun_proxy,direct code calculation; finite-MC proxy,2.1,2.4,1,0.0,0.0,0.0,0.0,0.0,0
Utau,upper,current_code_rerun_proxy,direct code calculation; finite-MC proxy,2.4,2.6999999999999997,2,0.0,0.0,0.0,0.0,0.0,0
Utau,upper,current_code_rerun_proxy,direct code calculation; finite-MC proxy,2.6999999999999997,2.9999999999999996,1,0.0,0.0,0.0,0.0,0.0,0
Utau,upper,current_code_rerun_proxy,direct code calculation; finite-MC proxy,3.0,3.3,2,0.0,0.0,0.0,0.0,0.0,0
Utau,upper,current_code_rerun_proxy,direct code calculation; finite-MC proxy,3.3,3.5999999999999996,1,0.0,0.0,0.0,0.0,0.0,0
Utau,upper,current_code_rerun_proxy,direct code calculation; finite-MC proxy,3.5999999999999996,3.8999999999999995,2,0.0,0.0,0.0,0.0,0.0,0
Utau,upper,current_code_rerun_proxy,direct code calculation; finite-MC proxy,3.9,4.2,1,0.0,0.0,0.0,0.0,0.0,0
Utau,upper,current_code_rerun_proxy,direct code calculation; finite-MC proxy,4.2,4.5,2,0.0,0.0,0.0,0.0,0.0,0
Utau,upper,current_code_rerun_proxy,direct code calculation; finite-MC proxy,4.5,4.8,1,,,,,,2
Utau,upper,current_code_rerun_proxy,direct code calculation; finite-MC proxy,4.8,5.1,2,,,,,,4
Utau,upper,current_code_rerun_proxy,direct code calculation; finite-MC proxy,5.1,5.3999999999999995,1,,,,,,2
Utau,upper,current_code_rerun_proxy,direct code calculation; finite-MC proxy,5.3999999999999995,5.699999999999999,3,,,,,,6
Utau,upper,current_code_rerun_proxy,direct code calculation; finite-MC proxy,5.7,6.0,1,,,,,,2
Utau,upper,current_code_rerun_proxy,direct code calculation; finite-MC proxy,6.0,6.3,2,,,,,,4
Utau,upper,current_code_rerun_proxy,direct code calculation; finite-MC proxy,6.3,6.6,1,,,,,,2
Utau,upper,current_code_rerun_proxy,direct code calculation; finite-MC proxy,6.6,6.8999999999999995,2,,,,,,4
Utau,upper,current_code_rerun_proxy,direct code calculation; finite-MC proxy,6.8999999999999995,7.199999999999999,1,,,,,,2
Utau,upper,current_code_rerun_proxy,direct code calculation; finite-MC proxy,7.199999999999999,7.499999999999999,2,,,,,,4
Utau,upper,current_code_rerun_proxy,direct code calculation; finite-MC proxy,7.5,7.8,1,,,,,,2
Utau,upper,current_code_rerun_proxy,direct code calculation; finite-MC proxy,7.8,8.1,2,,,,,,4
Utau,upper,current_code_rerun_proxy,direct code calculation; finite-MC proxy,8.4,8.700000000000001,1,,,,,,2
Utau,upper,current_code_rerun_proxy,direct code calculation; finite-MC proxy,9.0,9.3,1,,,,,,2
Utau,upper,current_code_rerun_proxy,direct code calculation; finite-MC proxy,9.299999999999999,9.6,1,,,,,,2
Utau,upper,current_code_rerun_proxy,direct code calculation; finite-MC proxy,9.9,10.200000000000001,1,,,,,,2
Utau,upper,detector_reconstruction_efficiency,unknowable; efficiency scenario,0.0,0.3,7,,,,,,14
Utau,upper,detector_reconstruction_efficiency,unknowable; efficiency scenario,0.3,0.6,17,,,,,,34
Utau,upper,detector_reconstruction_efficiency,unknowable; efficiency scenario,0.6,0.8999999999999999,12,-6.892093658636222,0.0,-7.713077928945133,0.0,7.713077928945133,20
Utau,upper,detector_reconstruction_efficiency,unknowable; efficiency scenario,0.8999999999999999,1.2,12,-6.391420637429124,0.0,-7.98483990182155,0.0,7.98483990182155,0
Utau,upper,detector_reconstruction_efficiency,unknowable; efficiency scenario,1.2,1.5,12,-8.318482496628544,0.0,-8.650632056538043,0.0,8.650632056538043,0
Utau,upper,detector_reconstruction_efficiency,unknowable; efficiency scenario,1.5,1.8,12,-8.648708507419862,0.0,-9.282429160387473,0.0,9.282429160387473,0
Utau,upper,detector_reconstruction_efficiency,unknowable; efficiency scenario,1.7999999999999998,2.0999999999999996,9,-9.40677720121299,0.0,-10.04293078234858,0.0,10.04293078234858,0
Utau,upper,detector_reconstruction_efficiency,unknowable; efficiency scenario,2.1,2.4,1,-10.911652887213396,0.0,-10.911652887213396,0.0,10.911652887213396,0
Utau,upper,detector_reconstruction_efficiency,unknowable; efficiency scenario,2.4,2.6999999999999997,2,-12.161311179023148,0.0,-12.948535928647198,0.0,12.948535928647198,0
Utau,upper,detector_reconstruction_efficiency,unknowable; efficiency scenario,2.6999999999999997,2.9999999999999996,1,-14.493761390416394,0.0,-14.493761390416394,0.0,14.493761390416394,0
Utau,upper,detector_reconstruction_efficiency,unknowable; efficiency scenario,3.0,3.3,2,-16.419612417653696,0.0,-17.420219510488433,0.0,17.420219510488433,0
Utau,upper,detector_reconstruction_efficiency,unknowable; efficiency scenario,3.3,3.5999999999999996,1,-20.718821581599165,0.0,-20.718821581599165,0.0,20.718821581599165,0
Utau,upper,detector_reconstruction_efficiency,unknowable; efficiency scenario,3.5999999999999996,3.8999999999999995,2,-27.253383107315816,0.0,-30.197043345407828,0.0,30.197043345407828,0
Utau,upper,detector_reconstruction_efficiency,unknowable; efficiency scenario,3.9,4.2,1,-43.85488025167533,0.0,-43.85488025167533,0.0,43.85488025167533,0
Utau,upper,detector_reconstruction_efficiency,unknowable; efficiency scenario,4.2,4.5,2,,0.0,0.0,0.0,0.0,2
Utau,upper,detector_reconstruction_efficiency,unknowable; efficiency scenario,4.5,4.8,1,,,,,,2
Utau,upper,detector_reconstruction_efficiency,unknowable; efficiency scenario,4.8,5.1,2,,,,,,4
Utau,upper,detector_reconstruction_efficiency,unknowable; efficiency scenario,5.1,5.3999999999999995,1,,,,,,2
Utau,upper,detector_reconstruction_efficiency,unknowable; efficiency scenario,5.3999999999999995,5.699999999999999,3,,,,,,6
Utau,upper,detector_reconstruction_efficiency,unknowable; efficiency scenario,5.7,6.0,1,,,,,,2
Utau,upper,detector_reconstruction_efficiency,unknowable; efficiency scenario,6.0,6.3,2,,,,,,4
Utau,upper,detector_reconstruction_efficiency,unknowable; efficiency scenario,6.3,6.6,1,,,,,,2
Utau,upper,detector_reconstruction_efficiency,unknowable; efficiency scenario,6.6,6.8999999999999995,2,,,,,,4
Utau,upper,detector_reconstruction_efficiency,unknowable; efficiency scenario,6.8999999999999995,7.199999999999999,1,,,,,,2
Utau,upper,detector_reconstruction_efficiency,unknowable; efficiency scenario,7.199999999999999,7.499999999999999,2,,,,,,4
Utau,upper,detector_reconstruction_efficiency,unknowable; efficiency scenario,7.5,7.8,1,,,,,,2
Utau,upper,detector_reconstruction_efficiency,unknowable; efficiency scenario,7.8,8.1,2,,,,,,4
Utau,upper,detector_reconstruction_efficiency,unknowable; efficiency scenario,8.4,8.700000000000001,1,,,,,,2
Utau,upper,detector_reconstruction_efficiency,unknowable; efficiency scenario,9.0,9.3,1,,,,,,2
Utau,upper,detector_reconstruction_efficiency,unknowable; efficiency scenario,9.299999999999999,9.6,1,,,,,,2
Utau,upper,detector_reconstruction_efficiency,unknowable; efficiency scenario,9.9,10.200000000000001,1,,,,,,2
Utau,upper,exclusive_channel_closure_and_weak_cascades,proxy/reweight estimate,0.0,0.3,7,,,,,,14
Utau,upper,exclusive_channel_closure_and_weak_cascades,proxy/reweight estimate,0.3,0.6,17,,,,,,34
Utau,upper,exclusive_channel_closure_and_weak_cascades,proxy/reweight estimate,0.6,0.8999999999999999,12,2.298161660974074e-12,9.203748874142548e-12,0.0,1.8407497748285095e-11,1.8407497748285095e-11,20
Utau,upper,exclusive_channel_closure_and_weak_cascades,proxy/reweight estimate,0.8999999999999999,1.2,12,0.0,6.661338147750939e-14,0.0,3.4435777784835864e-06,3.4435777784835864e-06,0
Utau,upper,exclusive_channel_closure_and_weak_cascades,proxy/reweight estimate,1.2,1.5,12,1.3133938381315602e-11,5.250244683452365e-11,0.0,0.0002513590686925582,0.0002513590686925582,0
Utau,upper,exclusive_channel_closure_and_weak_cascades,proxy/reweight estimate,1.5,1.8,12,6.351195391829378e-06,2.5404745906953963e-05,5.856387153002629e-07,0.001979950716668455,0.001979950716668455,0
Utau,upper,exclusive_channel_closure_and_weak_cascades,proxy/reweight estimate,1.7999999999999998,2.0999999999999996,9,1.1062331606304099e-05,4.4249229858017713e-05,4.374849371657774e-08,0.007873585338735722,0.007873585338735722,0
Utau,upper,exclusive_channel_closure_and_weak_cascades,proxy/reweight estimate,2.1,2.4,1,0.000416166745265123,0.0016643458166099023,0.000416166745265123,0.0016643458166099023,0.0016643458166099023,0
Utau,upper,exclusive_channel_closure_and_weak_cascades,proxy/reweight estimate,2.4,2.6999999999999997,2,3.234737097068674e-05,0.00012938697280251432,3.24064444168215e-06,0.0002458113761871772,0.0002458113761871772,0
Utau,upper,exclusive_channel_closure_and_weak_cascades,proxy/reweight estimate,2.6999999999999997,2.9999999999999996,1,0.0002630880510778866,0.0010522988965311342,0.0002630880510778866,0.0010522988965311342,0.0010522988965311342,0
Utau,upper,exclusive_channel_closure_and_weak_cascades,proxy/reweight estimate,3.0,3.3,2,0.0003811206422232871,0.0015242796400083414,0.00037775376644511027,0.0015377518560732995,0.0015377518560732995,0
Utau,upper,exclusive_channel_closure_and_weak_cascades,proxy/reweight estimate,3.3,3.5999999999999996,1,0.0002472813812159913,0.000989058738731785,0.0002472813812159913,0.000989058738731785,0.000989058738731785,0
Utau,upper,exclusive_channel_closure_and_weak_cascades,proxy/reweight estimate,3.5999999999999996,3.8999999999999995,2,0.0,0.0,0.0,0.0,0.0,0
Utau,upper,exclusive_channel_closure_and_weak_cascades,proxy/reweight estimate,3.9,4.2,1,0.0,0.0,0.0,0.0,0.0,0
Utau,upper,exclusive_channel_closure_and_weak_cascades,proxy/reweight estimate,4.2,4.5,2,0.0,0.0,0.0,0.0,0.0,0
Utau,upper,exclusive_channel_closure_and_weak_cascades,proxy/reweight estimate,4.5,4.8,1,,,,,,2
Utau,upper,exclusive_channel_closure_and_weak_cascades,proxy/reweight estimate,4.8,5.1,2,,,,,,4
Utau,upper,exclusive_channel_closure_and_weak_cascades,proxy/reweight estimate,5.1,5.3999999999999995,1,,,,,,2
Utau,upper,exclusive_channel_closure_and_weak_cascades,proxy/reweight estimate,5.3999999999999995,5.699999999999999,3,,,,,,6
Utau,upper,exclusive_channel_closure_and_weak_cascades,proxy/reweight estimate,5.7,6.0,1,,,,,,2
Utau,upper,exclusive_channel_closure_and_weak_cascades,proxy/reweight estimate,6.0,6.3,2,,,,,,4
Utau,upper,exclusive_channel_closure_and_weak_cascades,proxy/reweight estimate,6.3,6.6,1,,,,,,2
Utau,upper,exclusive_channel_closure_and_weak_cascades,proxy/reweight estimate,6.6,6.8999999999999995,2,,,,,,4
Utau,upper,exclusive_channel_closure_and_weak_cascades,proxy/reweight estimate,6.8999999999999995,7.199999999999999,1,,,,,,2
Utau,upper,exclusive_channel_closure_and_weak_cascades,proxy/reweight estimate,7.199999999999999,7.499999999999999,2,,,,,,4
Utau,upper,exclusive_channel_closure_and_weak_cascades,proxy/reweight estimate,7.5,7.8,1,,,,,,2
Utau,upper,exclusive_channel_closure_and_weak_cascades,proxy/reweight estimate,7.8,8.1,2,,,,,,4
Utau,upper,exclusive_channel_closure_and_weak_cascades,proxy/reweight estimate,8.4,8.700000000000001,1,,,,,,2
Utau,upper,exclusive_channel_closure_and_weak_cascades,proxy/reweight estimate,9.0,9.3,1,,,,,,2
Utau,upper,exclusive_channel_closure_and_weak_cascades,proxy/reweight estimate,9.299999999999999,9.6,1,,,,,,2
Utau,upper,exclusive_channel_closure_and_weak_cascades,proxy/reweight estimate,9.9,10.200000000000001,1,,,,,,2
Utau,upper,flat_ew_kfactor_and_wz_mixture,literature-informed range,0.0,0.3,7,,,,,,14
Utau,upper,flat_ew_kfactor_and_wz_mixture,literature-informed range,0.3,0.6,17,,,,,,34
Utau,upper,flat_ew_kfactor_and_wz_mixture,literature-informed range,0.6,0.8999999999999999,12,-1.3681220468653499,1.023890433206165,-1.6370809218196891,1.2275038858112097,1.6370809218196891,20
Utau,upper,flat_ew_kfactor_and_wz_mixture,literature-informed range,0.8999999999999999,1.2,12,-1.5159935099147925,1.2910963584937263,-2.4310950136544163,2.102279577403321,2.4310950136544163,0
Utau,upper,flat_ew_kfactor_and_wz_mixture,literature-informed range,1.2,1.5,12,-1.5503491145357151,1.1616158077357497,-1.6920971327732182,2.2761824701032385,2.2761824701032385,0
Utau,upper,flat_ew_kfactor_and_wz_mixture,literature-informed range,1.5,1.8,12,-1.9628605305574531,1.6928966572754112,-2.606187680185379,2.3997856724484956,2.606187680185379,0
Utau,upper,flat_ew_kfactor_and_wz_mixture,literature-informed range,1.7999999999999998,2.0999999999999996,9,-2.0082843802676886,1.7659484845414353,-2.6784616806503125,2.5986748129069426,2.6784616806503125,0
Utau,upper,flat_ew_kfactor_and_wz_mixture,literature-informed range,2.1,2.4,1,-2.0635196295255454,1.589722715934716,-2.0635196295255454,1.589722715934716,2.0635196295255454,0
Utau,upper,flat_ew_kfactor_and_wz_mixture,literature-informed range,2.4,2.6999999999999997,2,-2.6871326890721803,2.664120195154951,-3.1426103753756873,2.9398880991136966,3.1426103753756873,0
Utau,upper,flat_ew_kfactor_and_wz_mixture,literature-informed range,2.6999999999999997,2.9999999999999996,1,-3.578691144892465,3.075540802587007,-3.578691144892465,3.075540802587007,3.578691144892465,0
Utau,upper,flat_ew_kfactor_and_wz_mixture,literature-informed range,3.0,3.3,2,-3.46335186111848,3.3922687460600787,-3.66252150673122,3.6357071435831,3.66252150673122,0
Utau,upper,flat_ew_kfactor_and_wz_mixture,literature-informed range,3.3,3.5999999999999996,1,-4.597572442235909,3.659342427598644,-4.597572442235909,3.659342427598644,4.597572442235909,0
Utau,upper,flat_ew_kfactor_and_wz_mixture,literature-informed range,3.5999999999999996,3.8999999999999995,2,-5.824046073135436,5.064427818181361,-6.384043845286458,5.549907408133703,6.384043845286458,0
Utau,upper,flat_ew_kfactor_and_wz_mixture,literature-informed range,3.9,4.2,1,-8.2511878475228,6.901744719389935,-8.2511878475228,6.901744719389935,8.2511878475228,0
Utau,upper,flat_ew_kfactor_and_wz_mixture,literature-informed range,4.2,4.5,2,-12.399148297618057,13.715148016416078,-12.399148297618057,17.809532095212653,17.809532095212653,1
Utau,upper,flat_ew_kfactor_and_wz_mixture,literature-informed range,4.5,4.8,1,,,,,,2
Utau,upper,flat_ew_kfactor_and_wz_mixture,literature-informed range,4.8,5.1,2,,,,,,4
Utau,upper,flat_ew_kfactor_and_wz_mixture,literature-informed range,5.1,5.3999999999999995,1,,,,,,2
Utau,upper,flat_ew_kfactor_and_wz_mixture,literature-informed range,5.3999999999999995,5.699999999999999,3,,,,,,6
Utau,upper,flat_ew_kfactor_and_wz_mixture,literature-informed range,5.7,6.0,1,,,,,,2
Utau,upper,flat_ew_kfactor_and_wz_mixture,literature-informed range,6.0,6.3,2,,,,,,4
Utau,upper,flat_ew_kfactor_and_wz_mixture,literature-informed range,6.3,6.6,1,,,,,,2
Utau,upper,flat_ew_kfactor_and_wz_mixture,literature-informed range,6.6,6.8999999999999995,2,,,,,,4
Utau,upper,flat_ew_kfactor_and_wz_mixture,literature-informed range,6.8999999999999995,7.199999999999999,1,,,,,,2
Utau,upper,flat_ew_kfactor_and_wz_mixture,literature-informed range,7.199999999999999,7.499999999999999,2,,,,,,4
Utau,upper,flat_ew_kfactor_and_wz_mixture,literature-informed range,7.5,7.8,1,,,,,,2
Utau,upper,flat_ew_kfactor_and_wz_mixture,literature-informed range,7.8,8.1,2,,,,,,4
Utau,upper,flat_ew_kfactor_and_wz_mixture,literature-informed range,8.4,8.700000000000001,1,,,,,,2
Utau,upper,flat_ew_kfactor_and_wz_mixture,literature-informed range,9.0,9.3,1,,,,,,2
Utau,upper,flat_ew_kfactor_and_wz_mixture,literature-informed range,9.299999999999999,9.6,1,,,,,,2
Utau,upper,flat_ew_kfactor_and_wz_mixture,literature-informed range,9.9,10.200000000000001,1,,,,,,2
Utau,upper,fonll_bottom_scale_pdf,literature-informed range,0.0,0.3,7,,,,,,14
Utau,upper,fonll_bottom_scale_pdf,literature-informed range,0.3,0.6,17,,,,,,34
Utau,upper,fonll_bottom_scale_pdf,literature-informed range,0.6,0.8999999999999999,12,-1.3827827771706325e-11,1.383337888682945e-11,-2.765565554341265e-11,2.76667577736589e-11,2.76667577736589e-11,20
Utau,upper,fonll_bottom_scale_pdf,literature-informed range,0.8999999999999999,1.2,12,-2.7977620220553945e-12,2.831068712794149e-12,-5.165370620119347e-06,5.165365846160341e-06,5.165370620119347e-06,0
Utau,upper,fonll_bottom_scale_pdf,literature-informed range,1.2,1.5,12,-1.2577161534466086e-10,1.2577716645978398e-10,-0.00037709323903456493,0.00037702769704051065,0.00037709323903456493,0
Utau,upper,fonll_bottom_scale_pdf,literature-informed range,1.5,1.8,12,-3.810729758968456e-05,3.8107083766281136e-05,-0.002971334309043172,0.0029696445887017475,0.002971334309043172,0
Utau,upper,fonll_bottom_scale_pdf,literature-informed range,1.7999999999999998,2.0999999999999996,9,-6.637432641287688e-05,6.637374843077026e-05,-0.011823845308600589,0.011807688219356294,0.011823845308600589,0
Utau,upper,fonll_bottom_scale_pdf,literature-informed range,2.1,2.4,1,-0.002498125269856377,0.0024961976639259476,-0.002498125269856377,0.0024961976639259476,0.002498125269856377,0
Utau,upper,fonll_bottom_scale_pdf,literature-informed range,2.4,2.6999999999999997,2,-0.00019409301588724226,0.00019407794827897007,-0.0003687421360032417,0.0003687120506690178,0.0003687421360032417,0
Utau,upper,fonll_bottom_scale_pdf,literature-informed range,2.6999999999999997,2.9999999999999996,1,-0.001578714914662882,0.0015783950415571013,-0.001578714914662882,0.0015783950415571013,0.001578714914662882,0
Utau,upper,fonll_bottom_scale_pdf,literature-informed range,3.0,3.3,2,-0.00228743441801349,0.0022862165767745246,-0.0023076191612569907,0.002306429611143024,0.0023076191612569907,0
Utau,upper,fonll_bottom_scale_pdf,literature-informed range,3.3,3.5999999999999996,1,-0.0014839220914608653,0.0014835213292929694,-0.0014839220914608653,0.0014835213292929694,0.0014839220914608653,0
Utau,upper,fonll_bottom_scale_pdf,literature-informed range,3.5999999999999996,3.8999999999999995,2,0.0,0.0,0.0,0.0,0.0,0
Utau,upper,fonll_bottom_scale_pdf,literature-informed range,3.9,4.2,1,0.0,0.0,0.0,0.0,0.0,0
Utau,upper,fonll_bottom_scale_pdf,literature-informed range,4.2,4.5,2,0.0,0.0,0.0,0.0,0.0,0
Utau,upper,fonll_bottom_scale_pdf,literature-informed range,4.5,4.8,1,,,,,,2
Utau,upper,fonll_bottom_scale_pdf,literature-informed range,4.8,5.1,2,,,,,,4
Utau,upper,fonll_bottom_scale_pdf,literature-informed range,5.1,5.3999999999999995,1,,,,,,2
Utau,upper,fonll_bottom_scale_pdf,literature-informed range,5.3999999999999995,5.699999999999999,3,,,,,,6
Utau,upper,fonll_bottom_scale_pdf,literature-informed range,5.7,6.0,1,,,,,,2
Utau,upper,fonll_bottom_scale_pdf,literature-informed range,6.0,6.3,2,,,,,,4
Utau,upper,fonll_bottom_scale_pdf,literature-informed range,6.3,6.6,1,,,,,,2
Utau,upper,fonll_bottom_scale_pdf,literature-informed range,6.6,6.8999999999999995,2,,,,,,4
Utau,upper,fonll_bottom_scale_pdf,literature-informed range,6.8999999999999995,7.199999999999999,1,,,,,,2
Utau,upper,fonll_bottom_scale_pdf,literature-informed range,7.199999999999999,7.499999999999999,2,,,,,,4
Utau,upper,fonll_bottom_scale_pdf,literature-informed range,7.5,7.8,1,,,,,,2
Utau,upper,fonll_bottom_scale_pdf,literature-informed range,7.8,8.1,2,,,,,,4
Utau,upper,fonll_bottom_scale_pdf,literature-informed range,8.4,8.700000000000001,1,,,,,,2
Utau,upper,fonll_bottom_scale_pdf,literature-informed range,9.0,9.3,1,,,,,,2
Utau,upper,fonll_bottom_scale_pdf,literature-informed range,9.299999999999999,9.6,1,,,,,,2
Utau,upper,fonll_bottom_scale_pdf,literature-informed range,9.9,10.200000000000001,1,,,,,,2
Utau,upper,fonll_charm_scale_pdf,literature-informed range,0.0,0.3,7,,,,,,14
Utau,upper,fonll_charm_scale_pdf,literature-informed range,0.3,0.6,17,,,,,,34
Utau,upper,fonll_charm_scale_pdf,literature-informed range,0.6,0.8999999999999999,12,0.0,0.0,0.0,0.0,0.0,20
Utau,upper,fonll_charm_scale_pdf,literature-informed range,0.8999999999999999,1.2,12,-9.492406860545088e-13,1.176836406102666e-12,-3.128608483393691e-11,3.916866830877552e-11,3.916866830877552e-11,0
Utau,upper,fonll_charm_scale_pdf,literature-informed range,1.2,1.5,12,-1.2312373343092986e-11,1.545430450278218e-11,-1.227018486815723e-10,1.5338841308221163e-10,1.5338841308221163e-10,0
Utau,upper,fonll_charm_scale_pdf,literature-informed range,1.5,1.8,12,-8.387734951043058e-12,1.049160758270773e-11,-2.9939384305066596e-10,3.7425618160114027e-10,3.7425618160114027e-10,0
Utau,upper,fonll_charm_scale_pdf,literature-informed range,1.7999999999999998,2.0999999999999996,9,0.0,0.0,0.0,0.0,0.0,0
Utau,upper,fonll_charm_scale_pdf,literature-informed range,2.1,2.4,1,0.0,0.0,0.0,0.0,0.0,0
Utau,upper,fonll_charm_scale_pdf,literature-informed range,2.4,2.6999999999999997,2,0.0,0.0,0.0,0.0,0.0,0
Utau,upper,fonll_charm_scale_pdf,literature-informed range,2.6999999999999997,2.9999999999999996,1,0.0,0.0,0.0,0.0,0.0,0
Utau,upper,fonll_charm_scale_pdf,literature-informed range,3.0,3.3,2,0.0,0.0,0.0,0.0,0.0,0
Utau,upper,fonll_charm_scale_pdf,literature-informed range,3.3,3.5999999999999996,1,0.0,0.0,0.0,0.0,0.0,0
Utau,upper,fonll_charm_scale_pdf,literature-informed range,3.5999999999999996,3.8999999999999995,2,0.0,0.0,0.0,0.0,0.0,0
Utau,upper,fonll_charm_scale_pdf,literature-informed range,3.9,4.2,1,0.0,0.0,0.0,0.0,0.0,0
Utau,upper,fonll_charm_scale_pdf,literature-informed range,4.2,4.5,2,0.0,0.0,0.0,0.0,0.0,0
Utau,upper,fonll_charm_scale_pdf,literature-informed range,4.5,4.8,1,,,,,,2
Utau,upper,fonll_charm_scale_pdf,literature-informed range,4.8,5.1,2,,,,,,4
Utau,upper,fonll_charm_scale_pdf,literature-informed range,5.1,5.3999999999999995,1,,,,,,2
Utau,upper,fonll_charm_scale_pdf,literature-informed range,5.3999999999999995,5.699999999999999,3,,,,,,6
Utau,upper,fonll_charm_scale_pdf,literature-informed range,5.7,6.0,1,,,,,,2
Utau,upper,fonll_charm_scale_pdf,literature-informed range,6.0,6.3,2,,,,,,4
Utau,upper,fonll_charm_scale_pdf,literature-informed range,6.3,6.6,1,,,,,,2
Utau,upper,fonll_charm_scale_pdf,literature-informed range,6.6,6.8999999999999995,2,,,,,,4
Utau,upper,fonll_charm_scale_pdf,literature-informed range,6.8999999999999995,7.199999999999999,1,,,,,,2
Utau,upper,fonll_charm_scale_pdf,literature-informed range,7.199999999999999,7.499999999999999,2,,,,,,4
Utau,upper,fonll_charm_scale_pdf,literature-informed range,7.5,7.8,1,,,,,,2
Utau,upper,fonll_charm_scale_pdf,literature-informed range,7.8,8.1,2,,,,,,4
Utau,upper,fonll_charm_scale_pdf,literature-informed range,8.4,8.700000000000001,1,,,,,,2
Utau,upper,fonll_charm_scale_pdf,literature-informed range,9.0,9.3,1,,,,,,2
Utau,upper,fonll_charm_scale_pdf,literature-informed range,9.299999999999999,9.6,1,,,,,,2
Utau,upper,fonll_charm_scale_pdf,literature-informed range,9.9,10.200000000000001,1,,,,,,2
Utau,upper,fragmentation_fraction_extrapolation,literature-informed range,0.0,0.3,7,,,,,,14
Utau,upper,fragmentation_fraction_extrapolation,literature-informed range,0.3,0.6,17,,,,,,34
Utau,upper,fragmentation_fraction_extrapolation,literature-informed range,0.6,0.8999999999999999,12,-6.927791673660977e-12,6.905587213168474e-12,-1.3855583347321954e-11,1.3811174426336947e-11,1.3855583347321954e-11,20
Utau,upper,fragmentation_fraction_extrapolation,literature-informed range,0.8999999999999999,1.2,12,-7.771561172376096e-14,6.661338147750939e-14,-2.58268469943701e-06,2.5826835559072947e-06,2.58268469943701e-06,0
Utau,upper,fragmentation_fraction_extrapolation,literature-informed range,1.2,1.5,12,-3.936850845320805e-11,3.936850845320805e-11,-0.00018853841761146128,0.00018852203222952113,0.00018853841761146128,0
Utau,upper,fragmentation_fraction_extrapolation,literature-informed range,1.5,1.8,12,-1.905362177478942e-05,1.905356836751082e-05,-0.0014854558491816938,0.00148503341925732,0.0014854558491816938,0
Utau,upper,fragmentation_fraction_extrapolation,literature-informed range,1.7999999999999998,2.0999999999999996,9,-3.3187090953124e-05,3.3186946524210725e-05,-0.005909900951317493,0.00590586168045526,0.005909900951317493,0
Utau,upper,fragmentation_fraction_extrapolation,literature-informed range,2.1,2.4,1,-0.0012488215447192808,0.0012483396432116933,-0.0012488215447192808,0.0012483396432116933,0.0012488215447192808,0
Utau,upper,fragmentation_fraction_extrapolation,literature-informed range,2.4,2.6999999999999997,2,-9.704462439752426e-05,9.704085738304613e-05,-0.000184367307076716,0.00018435978559327992,0.000184367307076716,0
Utau,upper,fragmentation_fraction_extrapolation,literature-informed range,2.6999999999999997,2.9999999999999996,1,-0.0007893174671869119,0.0007892374987994444,-0.0007893174671869119,0.0007892374987994444,0.0007893174671869119,0
Utau,upper,fragmentation_fraction_extrapolation,literature-informed range,3.0,3.3,2,-0.0011435649180546736,0.0011432604576144811,-0.0011536608294115958,0.0011533634417304484,0.0011536608294115958,0
Utau,upper,fragmentation_fraction_extrapolation,literature-informed range,3.3,3.5999999999999996,1,-0.0007419109404382951,0.0007418107496492965,-0.0007419109404382951,0.0007418107496492965,0.0007419109404382951,0
Utau,upper,fragmentation_fraction_extrapolation,literature-informed range,3.5999999999999996,3.8999999999999995,2,0.0,0.0,0.0,0.0,0.0,0
Utau,upper,fragmentation_fraction_extrapolation,literature-informed range,3.9,4.2,1,0.0,0.0,0.0,0.0,0.0,0
Utau,upper,fragmentation_fraction_extrapolation,literature-informed range,4.2,4.5,2,0.0,0.0,0.0,0.0,0.0,0
Utau,upper,fragmentation_fraction_extrapolation,literature-informed range,4.5,4.8,1,,,,,,2
Utau,upper,fragmentation_fraction_extrapolation,literature-informed range,4.8,5.1,2,,,,,,4
Utau,upper,fragmentation_fraction_extrapolation,literature-informed range,5.1,5.3999999999999995,1,,,,,,2
Utau,upper,fragmentation_fraction_extrapolation,literature-informed range,5.3999999999999995,5.699999999999999,3,,,,,,6
Utau,upper,fragmentation_fraction_extrapolation,literature-informed range,5.7,6.0,1,,,,,,2
Utau,upper,fragmentation_fraction_extrapolation,literature-informed range,6.0,6.3,2,,,,,,4
Utau,upper,fragmentation_fraction_extrapolation,literature-informed range,6.3,6.6,1,,,,,,2
Utau,upper,fragmentation_fraction_extrapolation,literature-informed range,6.6,6.8999999999999995,2,,,,,,4
Utau,upper,fragmentation_fraction_extrapolation,literature-informed range,6.8999999999999995,7.199999999999999,1,,,,,,2
Utau,upper,fragmentation_fraction_extrapolation,literature-informed range,7.199999999999999,7.499999999999999,2,,,,,,4
Utau,upper,fragmentation_fraction_extrapolation,literature-informed range,7.5,7.8,1,,,,,,2
Utau,upper,fragmentation_fraction_extrapolation,literature-informed range,7.8,8.1,2,,,,,,4
Utau,upper,fragmentation_fraction_extrapolation,literature-informed range,8.4,8.700000000000001,1,,,,,,2
Utau,upper,fragmentation_fraction_extrapolation,literature-informed range,9.0,9.3,1,,,,,,2
Utau,upper,fragmentation_fraction_extrapolation,literature-informed range,9.299999999999999,9.6,1,,,,,,2
Utau,upper,fragmentation_fraction_extrapolation,literature-informed range,9.9,10.200000000000001,1,,,,,,2
Utau,upper,higgs_mediated_production,quantitatively dismissed; WZ-shape upper-bound proxy,0.0,0.3,7,,,,,,14
Utau,upper,higgs_mediated_production,quantitatively dismissed; WZ-shape upper-bound proxy,0.3,0.6,17,,,,,,34
Utau,upper,higgs_mediated_production,quantitatively dismissed; WZ-shape upper-bound proxy,0.6,0.8999999999999999,12,0.0,0.0002093467596608889,0.0,0.00025654569704158803,0.00025654569704158803,20
Utau,upper,higgs_mediated_production,quantitatively dismissed; WZ-shape upper-bound proxy,0.8999999999999999,1.2,12,0.0,0.0003708200093210934,0.0,0.0007137371503818102,0.0007137371503818102,0
Utau,upper,higgs_mediated_production,quantitatively dismissed; WZ-shape upper-bound proxy,1.2,1.5,12,0.0,0.0005920219711796904,0.0,0.0013505768146959696,0.0013505768146959696,0
Utau,upper,higgs_mediated_production,quantitatively dismissed; WZ-shape upper-bound proxy,1.5,1.8,12,0.0,0.001110629962752796,0.0,0.0020055260216311765,0.0020055260216311765,0
Utau,upper,higgs_mediated_production,quantitatively dismissed; WZ-shape upper-bound proxy,1.7999999999999998,2.0999999999999996,9,0.0,0.0016688271219811313,0.0,0.002625275129730653,0.002625275129730653,0
Utau,upper,higgs_mediated_production,quantitatively dismissed; WZ-shape upper-bound proxy,2.1,2.4,1,0.0,0.0020605738290546682,0.0,0.0020605738290546682,0.0020605738290546682,0
Utau,upper,higgs_mediated_production,quantitatively dismissed; WZ-shape upper-bound proxy,2.4,2.6999999999999997,2,0.0,0.0045081758390685955,0.0,0.004609428384538816,0.004609428384538816,0
Utau,upper,higgs_mediated_production,quantitatively dismissed; WZ-shape upper-bound proxy,2.6999999999999997,2.9999999999999996,1,0.0,0.006558751294516441,0.0,0.006558751294516441,0.006558751294516441,0
Utau,upper,higgs_mediated_production,quantitatively dismissed; WZ-shape upper-bound proxy,3.0,3.3,2,0.0,0.006964831665956517,0.0,0.007825514054027316,0.007825514054027316,0
Utau,upper,higgs_mediated_production,quantitatively dismissed; WZ-shape upper-bound proxy,3.3,3.5999999999999996,1,0.0,0.011126836833574849,0.0,0.011126836833574849,0.011126836833574849,0
Utau,upper,higgs_mediated_production,quantitatively dismissed; WZ-shape upper-bound proxy,3.5999999999999996,3.8999999999999995,2,0.0,0.016927354671758543,0.0,0.019503752632776816,0.019503752632776816,0
Utau,upper,higgs_mediated_production,quantitatively dismissed; WZ-shape upper-bound proxy,3.9,4.2,1,0.0,0.02822325205267262,0.0,0.02822325205267262,0.02822325205267262,0
Utau,upper,higgs_mediated_production,quantitatively dismissed; WZ-shape upper-bound proxy,4.2,4.5,2,0.0,0.07329820851624813,0.0,0.10161875022467459,0.10161875022467459,0
Utau,upper,higgs_mediated_production,quantitatively dismissed; WZ-shape upper-bound proxy,4.5,4.8,1,,,,,,2
Utau,upper,higgs_mediated_production,quantitatively dismissed; WZ-shape upper-bound proxy,4.8,5.1,2,,,,,,4
Utau,upper,higgs_mediated_production,quantitatively dismissed; WZ-shape upper-bound proxy,5.1,5.3999999999999995,1,,,,,,2
Utau,upper,higgs_mediated_production,quantitatively dismissed; WZ-shape upper-bound proxy,5.3999999999999995,5.699999999999999,3,,,,,,6
Utau,upper,higgs_mediated_production,quantitatively dismissed; WZ-shape upper-bound proxy,5.7,6.0,1,,,,,,2
Utau,upper,higgs_mediated_production,quantitatively dismissed; WZ-shape upper-bound proxy,6.0,6.3,2,,,,,,4
Utau,upper,higgs_mediated_production,quantitatively dismissed; WZ-shape upper-bound proxy,6.3,6.6,1,,,,,,2
Utau,upper,higgs_mediated_production,quantitatively dismissed; WZ-shape upper-bound proxy,6.6,6.8999999999999995,2,,,,,,4
Utau,upper,higgs_mediated_production,quantitatively dismissed; WZ-shape upper-bound proxy,6.8999999999999995,7.199999999999999,1,,,,,,2
Utau,upper,higgs_mediated_production,quantitatively dismissed; WZ-shape upper-bound proxy,7.199999999999999,7.499999999999999,2,,,,,,4
Utau,upper,higgs_mediated_production,quantitatively dismissed; WZ-shape upper-bound proxy,7.5,7.8,1,,,,,,2
Utau,upper,higgs_mediated_production,quantitatively dismissed; WZ-shape upper-bound proxy,7.8,8.1,2,,,,,,4
Utau,upper,higgs_mediated_production,quantitatively dismissed; WZ-shape upper-bound proxy,8.4,8.700000000000001,1,,,,,,2
Utau,upper,higgs_mediated_production,quantitatively dismissed; WZ-shape upper-bound proxy,9.0,9.3,1,,,,,,2
Utau,upper,higgs_mediated_production,quantitatively dismissed; WZ-shape upper-bound proxy,9.299999999999999,9.6,1,,,,,,2
Utau,upper,higgs_mediated_production,quantitatively dismissed; WZ-shape upper-bound proxy,9.9,10.200000000000001,1,,,,,,2
Utau,upper,hnl_lifetime_width,physics-scaling proxy,0.6,0.8999999999999999,2,-19.999999999999996,19.999999999999996,-19.999999999999996,19.999999999999996,19.999999999999996,0
Utau,upper,hnl_lifetime_width,physics-scaling proxy,0.8999999999999999,1.2,12,-19.999999999999996,19.999999999999996,-19.999999999999996,19.999999999999996,19.999999999999996,0
Utau,upper,hnl_lifetime_width,physics-scaling proxy,1.2,1.5,12,-19.999999999999996,19.999999999999996,-19.999999999999996,19.999999999999996,19.999999999999996,0
Utau,upper,hnl_lifetime_width,physics-scaling proxy,1.5,1.8,12,-19.999999999999996,19.999999999999996,-19.999999999999996,19.999999999999996,19.999999999999996,0
Utau,upper,hnl_lifetime_width,physics-scaling proxy,1.7999999999999998,2.0999999999999996,9,-19.999999999999996,19.999999999999996,-19.999999999999996,19.999999999999996,19.999999999999996,0
Utau,upper,hnl_lifetime_width,physics-scaling proxy,2.1,2.4,1,-19.999999999999996,19.999999999999996,-19.999999999999996,19.999999999999996,19.999999999999996,0
Utau,upper,hnl_lifetime_width,physics-scaling proxy,2.4,2.6999999999999997,2,-19.999999999999996,19.999999999999996,-19.999999999999996,19.999999999999996,19.999999999999996,0
Utau,upper,hnl_lifetime_width,physics-scaling proxy,2.6999999999999997,2.9999999999999996,1,-19.999999999999996,19.999999999999996,-19.999999999999996,19.999999999999996,19.999999999999996,0
Utau,upper,hnl_lifetime_width,physics-scaling proxy,3.0,3.3,2,-19.999999999999996,19.999999999999996,-19.999999999999996,19.999999999999996,19.999999999999996,0
Utau,upper,hnl_lifetime_width,physics-scaling proxy,3.3,3.5999999999999996,1,-19.999999999999996,19.999999999999996,-19.999999999999996,19.999999999999996,19.999999999999996,0
Utau,upper,hnl_lifetime_width,physics-scaling proxy,3.5999999999999996,3.8999999999999995,2,-19.999999999999996,19.999999999999996,-19.999999999999996,19.999999999999996,19.999999999999996,0
Utau,upper,hnl_lifetime_width,physics-scaling proxy,3.9,4.2,1,-19.999999999999996,19.999999999999996,-19.999999999999996,19.999999999999996,19.999999999999996,0
Utau,upper,hnl_lifetime_width,physics-scaling proxy,4.2,4.5,2,-19.999999999999996,19.999999999999996,-19.999999999999996,19.999999999999996,19.999999999999996,0
Utau,upper,hnlcalc_hadron_parton_matching,proxy/reweight estimate; overlaps other rows,0.0,0.3,7,,,,,,14
Utau,upper,hnlcalc_hadron_parton_matching,proxy/reweight estimate; overlaps other rows,0.3,0.6,17,,,,,,34
Utau,upper,hnlcalc_hadron_parton_matching,proxy/reweight estimate; overlaps other rows,0.6,0.8999999999999999,12,-3.288962512681831,1.818918844787576,-3.929394474050074,2.181984051878083,3.929394474050074,20
Utau,upper,hnlcalc_hadron_parton_matching,proxy/reweight estimate; overlaps other rows,0.8999999999999999,1.2,12,-3.1042087786643693,2.6321904761593573,-4.808722630642926,3.7495035676643695,4.808722630642926,0
Utau,upper,hnlcalc_hadron_parton_matching,proxy/reweight estimate; overlaps other rows,1.2,1.5,12,-3.653715062913676,2.093111662379299,-4.065181108818416,4.064505363665916,4.065181108818416,0
Utau,upper,hnlcalc_hadron_parton_matching,proxy/reweight estimate; overlaps other rows,1.5,1.8,12,-4.309514877882803,3.063035095032507,-5.492653060058794,4.285117757493517,5.492653060058794,0
Utau,upper,hnlcalc_hadron_parton_matching,proxy/reweight estimate; overlaps other rows,1.7999999999999998,2.0999999999999996,9,-4.524287323748888,3.374232391048859,-5.7835146760684015,4.644250307135223,5.7835146760684015,0
Utau,upper,hnlcalc_hadron_parton_matching,proxy/reweight estimate; overlaps other rows,2.1,2.4,1,0.0,0.0,0.0,0.0,0.0,0
Utau,upper,hnlcalc_hadron_parton_matching,proxy/reweight estimate; overlaps other rows,2.4,2.6999999999999997,2,0.0,0.0,0.0,0.0,0.0,0
Utau,upper,hnlcalc_hadron_parton_matching,proxy/reweight estimate; overlaps other rows,2.6999999999999997,2.9999999999999996,1,0.0,0.0,0.0,0.0,0.0,0
Utau,upper,hnlcalc_hadron_parton_matching,proxy/reweight estimate; overlaps other rows,3.0,3.3,2,0.0,0.0,0.0,0.0,0.0,0
Utau,upper,hnlcalc_hadron_parton_matching,proxy/reweight estimate; overlaps other rows,3.3,3.5999999999999996,1,0.0,0.0,0.0,0.0,0.0,0
Utau,upper,hnlcalc_hadron_parton_matching,proxy/reweight estimate; overlaps other rows,3.5999999999999996,3.8999999999999995,2,0.0,0.0,0.0,0.0,0.0,0
Utau,upper,hnlcalc_hadron_parton_matching,proxy/reweight estimate; overlaps other rows,3.9,4.2,1,0.0,0.0,0.0,0.0,0.0,0
Utau,upper,hnlcalc_hadron_parton_matching,proxy/reweight estimate; overlaps other rows,4.2,4.5,2,0.0,0.0,0.0,0.0,0.0,0
Utau,upper,hnlcalc_hadron_parton_matching,proxy/reweight estimate; overlaps other rows,4.5,4.8,1,,,,,,2
Utau,upper,hnlcalc_hadron_parton_matching,proxy/reweight estimate; overlaps other rows,4.8,5.1,2,,,,,,4
Utau,upper,hnlcalc_hadron_parton_matching,proxy/reweight estimate; overlaps other rows,5.1,5.3999999999999995,1,,,,,,2
Utau,upper,hnlcalc_hadron_parton_matching,proxy/reweight estimate; overlaps other rows,5.3999999999999995,5.699999999999999,3,,,,,,6
Utau,upper,hnlcalc_hadron_parton_matching,proxy/reweight estimate; overlaps other rows,5.7,6.0,1,,,,,,2
Utau,upper,hnlcalc_hadron_parton_matching,proxy/reweight estimate; overlaps other rows,6.0,6.3,2,,,,,,4
Utau,upper,hnlcalc_hadron_parton_matching,proxy/reweight estimate; overlaps other rows,6.3,6.6,1,,,,,,2
Utau,upper,hnlcalc_hadron_parton_matching,proxy/reweight estimate; overlaps other rows,6.6,6.8999999999999995,2,,,,,,4
Utau,upper,hnlcalc_hadron_parton_matching,proxy/reweight estimate; overlaps other rows,6.8999999999999995,7.199999999999999,1,,,,,,2
Utau,upper,hnlcalc_hadron_parton_matching,proxy/reweight estimate; overlaps other rows,7.199999999999999,7.499999999999999,2,,,,,,4
Utau,upper,hnlcalc_hadron_parton_matching,proxy/reweight estimate; overlaps other rows,7.5,7.8,1,,,,,,2
Utau,upper,hnlcalc_hadron_parton_matching,proxy/reweight estimate; overlaps other rows,7.8,8.1,2,,,,,,4
Utau,upper,hnlcalc_hadron_parton_matching,proxy/reweight estimate; overlaps other rows,8.4,8.700000000000001,1,,,,,,2
Utau,upper,hnlcalc_hadron_parton_matching,proxy/reweight estimate; overlaps other rows,9.0,9.3,1,,,,,,2
Utau,upper,hnlcalc_hadron_parton_matching,proxy/reweight estimate; overlaps other rows,9.299999999999999,9.6,1,,,,,,2
Utau,upper,hnlcalc_hadron_parton_matching,proxy/reweight estimate; overlaps other rows,9.9,10.200000000000001,1,,,,,,2
Utau,upper,induced_tau_branching_inputs,literature-informed range,0.0,0.3,7,,,,,,14
Utau,upper,induced_tau_branching_inputs,literature-informed range,0.3,0.6,17,,,,,,34
Utau,upper,induced_tau_branching_inputs,literature-informed range,0.6,0.8999999999999999,12,0.0,0.0,0.0,0.0,0.0,20
Utau,upper,induced_tau_branching_inputs,literature-informed range,0.8999999999999999,1.2,12,-6.494804694057166e-13,5.995204332975845e-13,-2.0450308113595383e-11,2.0450308113595383e-11,2.0450308113595383e-11,0
Utau,upper,induced_tau_branching_inputs,literature-informed range,1.2,1.5,12,-8.010259122670504e-12,8.08242361927114e-12,-8.016920460818255e-11,8.01581023779363e-11,8.016920460818255e-11,0
Utau,upper,induced_tau_branching_inputs,literature-informed range,1.5,1.8,12,-5.456746166032644e-12,5.473399511402022e-12,-1.9561019470870633e-10,1.9562129693895258e-10,1.9562129693895258e-10,0
Utau,upper,induced_tau_branching_inputs,literature-informed range,1.7999999999999998,2.0999999999999996,9,0.0,0.0,0.0,0.0,0.0,0
Utau,upper,induced_tau_branching_inputs,literature-informed range,2.1,2.4,1,0.0,0.0,0.0,0.0,0.0,0
Utau,upper,induced_tau_branching_inputs,literature-informed range,2.4,2.6999999999999997,2,0.0,0.0,0.0,0.0,0.0,0
Utau,upper,induced_tau_branching_inputs,literature-informed range,2.6999999999999997,2.9999999999999996,1,0.0,0.0,0.0,0.0,0.0,0
Utau,upper,induced_tau_branching_inputs,literature-informed range,3.0,3.3,2,0.0,0.0,0.0,0.0,0.0,0
Utau,upper,induced_tau_branching_inputs,literature-informed range,3.3,3.5999999999999996,1,0.0,0.0,0.0,0.0,0.0,0
Utau,upper,induced_tau_branching_inputs,literature-informed range,3.5999999999999996,3.8999999999999995,2,0.0,0.0,0.0,0.0,0.0,0
Utau,upper,induced_tau_branching_inputs,literature-informed range,3.9,4.2,1,0.0,0.0,0.0,0.0,0.0,0
Utau,upper,induced_tau_branching_inputs,literature-informed range,4.2,4.5,2,0.0,0.0,0.0,0.0,0.0,0
Utau,upper,induced_tau_branching_inputs,literature-informed range,4.5,4.8,1,,,,,,2
Utau,upper,induced_tau_branching_inputs,literature-informed range,4.8,5.1,2,,,,,,4
Utau,upper,induced_tau_branching_inputs,literature-informed range,5.1,5.3999999999999995,1,,,,,,2
Utau,upper,induced_tau_branching_inputs,literature-informed range,5.3999999999999995,5.699999999999999,3,,,,,,6
Utau,upper,induced_tau_branching_inputs,literature-informed range,5.7,6.0,1,,,,,,2
Utau,upper,induced_tau_branching_inputs,literature-informed range,6.0,6.3,2,,,,,,4
Utau,upper,induced_tau_branching_inputs,literature-informed range,6.3,6.6,1,,,,,,2
Utau,upper,induced_tau_branching_inputs,literature-informed range,6.6,6.8999999999999995,2,,,,,,4
Utau,upper,induced_tau_branching_inputs,literature-informed range,6.8999999999999995,7.199999999999999,1,,,,,,2
Utau,upper,induced_tau_branching_inputs,literature-informed range,7.199999999999999,7.499999999999999,2,,,,,,4
Utau,upper,induced_tau_branching_inputs,literature-informed range,7.5,7.8,1,,,,,,2
Utau,upper,induced_tau_branching_inputs,literature-informed range,7.8,8.1,2,,,,,,4
Utau,upper,induced_tau_branching_inputs,literature-informed range,8.4,8.700000000000001,1,,,,,,2
Utau,upper,induced_tau_branching_inputs,literature-informed range,9.0,9.3,1,,,,,,2
Utau,upper,induced_tau_branching_inputs,literature-informed range,9.299999999999999,9.6,1,,,,,,2
Utau,upper,induced_tau_branching_inputs,literature-informed range,9.9,10.200000000000001,1,,,,,,2
Utau,upper,integrated_luminosity,"direct normalization, assumed 1.5%",0.0,0.3,7,,,,,,14
Utau,upper,integrated_luminosity,"direct normalization, assumed 1.5%",0.3,0.6,17,,,,,,34
Utau,upper,integrated_luminosity,"direct normalization, assumed 1.5%",0.6,0.8999999999999999,12,-0.11883622339160516,0.11546430291516918,-0.14233897461298772,0.13832589461613143,0.14233897461298772,20
Utau,upper,integrated_luminosity,"direct normalization, assumed 1.5%",0.8999999999999999,1.2,12,-0.14966033239921517,0.14545167400655812,-0.24260850124521172,0.23600191259183223,0.24260850124521172,0
Utau,upper,integrated_luminosity,"direct normalization, assumed 1.5%",1.2,1.5,12,-0.13475484943952787,0.13094580151289392,-0.2625632979746717,0.25546365615056743,0.2625632979746717,0
Utau,upper,integrated_luminosity,"direct normalization, assumed 1.5%",1.5,1.8,12,-0.18613773987278814,0.18096919590915306,-0.2765003951780254,0.2690609398617205,0.2765003951780254,0
Utau,upper,integrated_luminosity,"direct normalization, assumed 1.5%",1.7999999999999998,2.0999999999999996,9,-0.18078546607364077,0.1757551000904245,-0.26189825196402117,0.29113833196354744,0.29113833196354744,0
Utau,upper,integrated_luminosity,"direct normalization, assumed 1.5%",2.1,2.4,1,-0.1799475944851192,0.17493909562085186,-0.1799475944851192,0.17493909562085186,0.1799475944851192,0
Utau,upper,integrated_luminosity,"direct normalization, assumed 1.5%",2.4,2.6999999999999997,2,-0.3047316663171762,0.29832004137284596,-0.3342504238477151,0.3288353948324385,0.3342504238477151,0
Utau,upper,integrated_luminosity,"direct normalization, assumed 1.5%",2.6999999999999997,2.9999999999999996,1,-0.3533046254314387,0.34405975989098003,-0.3533046254314387,0.34405975989098003,0.3533046254314387,0
Utau,upper,integrated_luminosity,"direct normalization, assumed 1.5%",3.0,3.3,2,-0.30705175679864305,0.29888434127228747,-0.32699246330040177,0.31835328511871097,0.32699246330040177,0
Utau,upper,integrated_luminosity,"direct normalization, assumed 1.5%",3.3,3.5999999999999996,1,-0.40787017131738157,0.3974118975063945,-0.40787017131738157,0.3974118975063945,0.40787017131738157,0
Utau,upper,integrated_luminosity,"direct normalization, assumed 1.5%",3.5999999999999996,3.8999999999999995,2,-0.5225188574591422,0.5097239515592822,-0.5732769372826851,0.559492924100935,0.5732769372826851,0
Utau,upper,integrated_luminosity,"direct normalization, assumed 1.5%",3.9,4.2,1,-0.7470917262042631,0.7303864121559256,-0.7470917262042631,0.7303864121559256,0.7470917262042631,0
Utau,upper,integrated_luminosity,"direct normalization, assumed 1.5%",4.2,4.5,2,-1.6453512962310957,1.6262637446315065,-2.212552947308477,2.195010618623061,2.212552947308477,0
Utau,upper,integrated_luminosity,"direct normalization, assumed 1.5%",4.5,4.8,1,,,,,,2
Utau,upper,integrated_luminosity,"direct normalization, assumed 1.5%",4.8,5.1,2,,,,,,4
Utau,upper,integrated_luminosity,"direct normalization, assumed 1.5%",5.1,5.3999999999999995,1,,,,,,2
Utau,upper,integrated_luminosity,"direct normalization, assumed 1.5%",5.3999999999999995,5.699999999999999,3,,,,,,6
Utau,upper,integrated_luminosity,"direct normalization, assumed 1.5%",5.7,6.0,1,,,,,,2
Utau,upper,integrated_luminosity,"direct normalization, assumed 1.5%",6.0,6.3,2,,,,,,4
Utau,upper,integrated_luminosity,"direct normalization, assumed 1.5%",6.3,6.6,1,,,,,,2
Utau,upper,integrated_luminosity,"direct normalization, assumed 1.5%",6.6,6.8999999999999995,2,,,,,,4
Utau,upper,integrated_luminosity,"direct normalization, assumed 1.5%",6.8999999999999995,7.199999999999999,1,,,,,,2
Utau,upper,integrated_luminosity,"direct normalization, assumed 1.5%",7.199999999999999,7.499999999999999,2,,,,,,4
Utau,upper,integrated_luminosity,"direct normalization, assumed 1.5%",7.5,7.8,1,,,,,,2
Utau,upper,integrated_luminosity,"direct normalization, assumed 1.5%",7.8,8.1,2,,,,,,4
Utau,upper,integrated_luminosity,"direct normalization, assumed 1.5%",8.4,8.700000000000001,1,,,,,,2
Utau,upper,integrated_luminosity,"direct normalization, assumed 1.5%",9.0,9.3,1,,,,,,2
Utau,upper,integrated_luminosity,"direct normalization, assumed 1.5%",9.299999999999999,9.6,1,,,,,,2
Utau,upper,integrated_luminosity,"direct normalization, assumed 1.5%",9.9,10.200000000000001,1,,,,,,2
Utau,upper,kaon_spectrum_and_normalization,unknowable; factor scenario,0.0,0.3,7,,,,,,14
Utau,upper,kaon_spectrum_and_normalization,unknowable; factor scenario,0.3,0.6,17,,,,,,34
Utau,upper,kaon_spectrum_and_normalization,unknowable; factor scenario,0.6,0.8999999999999999,12,0.0,0.0,0.0,0.0,0.0,20
Utau,upper,kaon_spectrum_and_normalization,unknowable; factor scenario,0.8999999999999999,1.2,12,0.0,0.0,0.0,0.0,0.0,0
Utau,upper,kaon_spectrum_and_normalization,unknowable; factor scenario,1.2,1.5,12,0.0,0.0,0.0,0.0,0.0,0
Utau,upper,kaon_spectrum_and_normalization,unknowable; factor scenario,1.5,1.8,12,0.0,0.0,0.0,0.0,0.0,0
Utau,upper,kaon_spectrum_and_normalization,unknowable; factor scenario,1.7999999999999998,2.0999999999999996,9,0.0,0.0,0.0,0.0,0.0,0
Utau,upper,kaon_spectrum_and_normalization,unknowable; factor scenario,2.1,2.4,1,0.0,0.0,0.0,0.0,0.0,0
Utau,upper,kaon_spectrum_and_normalization,unknowable; factor scenario,2.4,2.6999999999999997,2,0.0,0.0,0.0,0.0,0.0,0
Utau,upper,kaon_spectrum_and_normalization,unknowable; factor scenario,2.6999999999999997,2.9999999999999996,1,0.0,0.0,0.0,0.0,0.0,0
Utau,upper,kaon_spectrum_and_normalization,unknowable; factor scenario,3.0,3.3,2,0.0,0.0,0.0,0.0,0.0,0
Utau,upper,kaon_spectrum_and_normalization,unknowable; factor scenario,3.3,3.5999999999999996,1,0.0,0.0,0.0,0.0,0.0,0
Utau,upper,kaon_spectrum_and_normalization,unknowable; factor scenario,3.5999999999999996,3.8999999999999995,2,0.0,0.0,0.0,0.0,0.0,0
Utau,upper,kaon_spectrum_and_normalization,unknowable; factor scenario,3.9,4.2,1,0.0,0.0,0.0,0.0,0.0,0
Utau,upper,kaon_spectrum_and_normalization,unknowable; factor scenario,4.2,4.5,2,0.0,0.0,0.0,0.0,0.0,0
Utau,upper,kaon_spectrum_and_normalization,unknowable; factor scenario,4.5,4.8,1,,,,,,2
Utau,upper,kaon_spectrum_and_normalization,unknowable; factor scenario,4.8,5.1,2,,,,,,4
Utau,upper,kaon_spectrum_and_normalization,unknowable; factor scenario,5.1,5.3999999999999995,1,,,,,,2
Utau,upper,kaon_spectrum_and_normalization,unknowable; factor scenario,5.3999999999999995,5.699999999999999,3,,,,,,6
Utau,upper,kaon_spectrum_and_normalization,unknowable; factor scenario,5.7,6.0,1,,,,,,2
Utau,upper,kaon_spectrum_and_normalization,unknowable; factor scenario,6.0,6.3,2,,,,,,4
Utau,upper,kaon_spectrum_and_normalization,unknowable; factor scenario,6.3,6.6,1,,,,,,2
Utau,upper,kaon_spectrum_and_normalization,unknowable; factor scenario,6.6,6.8999999999999995,2,,,,,,4
Utau,upper,kaon_spectrum_and_normalization,unknowable; factor scenario,6.8999999999999995,7.199999999999999,1,,,,,,2
Utau,upper,kaon_spectrum_and_normalization,unknowable; factor scenario,7.199999999999999,7.499999999999999,2,,,,,,4
Utau,upper,kaon_spectrum_and_normalization,unknowable; factor scenario,7.5,7.8,1,,,,,,2
Utau,upper,kaon_spectrum_and_normalization,unknowable; factor scenario,7.8,8.1,2,,,,,,4
Utau,upper,kaon_spectrum_and_normalization,unknowable; factor scenario,8.4,8.700000000000001,1,,,,,,2
Utau,upper,kaon_spectrum_and_normalization,unknowable; factor scenario,9.0,9.3,1,,,,,,2
Utau,upper,kaon_spectrum_and_normalization,unknowable; factor scenario,9.299999999999999,9.6,1,,,,,,2
Utau,upper,kaon_spectrum_and_normalization,unknowable; factor scenario,9.9,10.200000000000001,1,,,,,,2
Utau,upper,legacy_direct_form_factors,code-audit envelope,0.0,0.3,7,,,,,,14
Utau,upper,legacy_direct_form_factors,code-audit envelope,0.3,0.6,17,,,,,,34
Utau,upper,legacy_direct_form_factors,code-audit envelope,0.6,0.8999999999999999,12,-2.4276298604686275e-05,2.7310183292605927e-05,-4.243988969143686e-05,4.774358419723512e-05,4.774358419723512e-05,20
Utau,upper,legacy_direct_form_factors,code-audit envelope,0.8999999999999999,1.2,12,-5.5683022209818134e-05,6.264235530295537e-05,-0.024890035510261033,0.027788998618794025,0.027788998618794025,0
Utau,upper,legacy_direct_form_factors,code-audit envelope,1.2,1.5,12,-0.0001994159273710494,0.00022432443143038938,-0.006816740354254058,0.007650797471647763,0.007650797471647763,0
Utau,upper,legacy_direct_form_factors,code-audit envelope,1.5,1.8,12,-0.0006661797290530291,0.0007492974066325431,-0.01447633770234047,0.016244935621823053,0.016244935621823053,0
Utau,upper,legacy_direct_form_factors,code-audit envelope,1.7999999999999998,2.0999999999999996,9,-0.0027007083527652576,0.003034917636202117,-0.028638528969271437,0.032062490348172545,0.032062490348172545,0
Utau,upper,legacy_direct_form_factors,code-audit envelope,2.1,2.4,1,-0.0034687034200064915,0.003897783271367139,-0.0034687034200064915,0.003897783271367139,0.003897783271367139,0
Utau,upper,legacy_direct_form_factors,code-audit envelope,2.4,2.6999999999999997,2,-0.0006082183420630383,0.0006841211282693216,-0.0009645315398487675,0.0010848583954725655,0.0010848583954725655,0
Utau,upper,legacy_direct_form_factors,code-audit envelope,2.6999999999999997,2.9999999999999996,1,-0.008696303367272673,0.009772906937710601,-0.008696303367272673,0.009772906937710601,0.009772906937710601,0
Utau,upper,legacy_direct_form_factors,code-audit envelope,3.0,3.3,2,-0.07207406642608105,0.08014544347105801,-0.12110346641642789,0.1344758629225451,0.1344758629225451,0
Utau,upper,legacy_direct_form_factors,code-audit envelope,3.3,3.5999999999999996,1,-0.052433959078923564,0.05863105439098959,-0.052433959078923564,0.05863105439098959,0.05863105439098959,0
Utau,upper,legacy_direct_form_factors,code-audit envelope,3.5999999999999996,3.8999999999999995,2,-0.12311794334856074,0.1370452526344268,-0.13270166369181435,0.1476590330880212,0.1476590330880212,0
Utau,upper,legacy_direct_form_factors,code-audit envelope,3.9,4.2,1,-0.1272378041365596,0.14153713669893264,-0.1272378041365596,0.14153713669893264,0.14153713669893264,0
Utau,upper,legacy_direct_form_factors,code-audit envelope,4.2,4.5,2,-0.3778056400076446,0.4171900553231134,-0.5679659844644247,0.625596778314419,0.625596778314419,0
Utau,upper,legacy_direct_form_factors,code-audit envelope,4.5,4.8,1,,,,,,2
Utau,upper,legacy_direct_form_factors,code-audit envelope,4.8,5.1,2,,,,,,4
Utau,upper,legacy_direct_form_factors,code-audit envelope,5.1,5.3999999999999995,1,,,,,,2
Utau,upper,legacy_direct_form_factors,code-audit envelope,5.3999999999999995,5.699999999999999,3,,,,,,6
Utau,upper,legacy_direct_form_factors,code-audit envelope,5.7,6.0,1,,,,,,2
Utau,upper,legacy_direct_form_factors,code-audit envelope,6.0,6.3,2,,,,,,4
Utau,upper,legacy_direct_form_factors,code-audit envelope,6.3,6.6,1,,,,,,2
Utau,upper,legacy_direct_form_factors,code-audit envelope,6.6,6.8999999999999995,2,,,,,,4
Utau,upper,legacy_direct_form_factors,code-audit envelope,6.8999999999999995,7.199999999999999,1,,,,,,2
Utau,upper,legacy_direct_form_factors,code-audit envelope,7.199999999999999,7.499999999999999,2,,,,,,4
Utau,upper,legacy_direct_form_factors,code-audit envelope,7.5,7.8,1,,,,,,2
Utau,upper,legacy_direct_form_factors,code-audit envelope,7.8,8.1,2,,,,,,4
Utau,upper,legacy_direct_form_factors,code-audit envelope,8.4,8.700000000000001,1,,,,,,2
Utau,upper,legacy_direct_form_factors,code-audit envelope,9.0,9.3,1,,,,,,2
Utau,upper,legacy_direct_form_factors,code-audit envelope,9.299999999999999,9.6,1,,,,,,2
Utau,upper,legacy_direct_form_factors,code-audit envelope,9.9,10.200000000000001,1,,,,,,2
Utau,upper,missing_charm_baryon_channels,proxy/reweight estimate,0.0,0.3,7,,,,,,14
Utau,upper,missing_charm_baryon_channels,proxy/reweight estimate,0.3,0.6,17,,,,,,34
Utau,upper,missing_charm_baryon_channels,proxy/reweight estimate,0.6,0.8999999999999999,12,0.0,0.0,0.0,0.0,0.0,20
Utau,upper,missing_charm_baryon_channels,proxy/reweight estimate,0.8999999999999999,1.2,12,0.0,0.0,0.0,0.0,0.0,0
Utau,upper,missing_charm_baryon_channels,proxy/reweight estimate,1.2,1.5,12,0.0,0.0,0.0,0.0,0.0,0
Utau,upper,missing_charm_baryon_channels,proxy/reweight estimate,1.5,1.8,12,0.0,0.0,0.0,0.0,0.0,0
Utau,upper,missing_charm_baryon_channels,proxy/reweight estimate,1.7999999999999998,2.0999999999999996,9,0.0,0.0,0.0,0.0,0.0,0
Utau,upper,missing_charm_baryon_channels,proxy/reweight estimate,2.1,2.4,1,0.0,0.0,0.0,0.0,0.0,0
Utau,upper,missing_charm_baryon_channels,proxy/reweight estimate,2.4,2.6999999999999997,2,0.0,0.0,0.0,0.0,0.0,0
Utau,upper,missing_charm_baryon_channels,proxy/reweight estimate,2.6999999999999997,2.9999999999999996,1,0.0,0.0,0.0,0.0,0.0,0
Utau,upper,missing_charm_baryon_channels,proxy/reweight estimate,3.0,3.3,2,0.0,0.0,0.0,0.0,0.0,0
Utau,upper,missing_charm_baryon_channels,proxy/reweight estimate,3.3,3.5999999999999996,1,0.0,0.0,0.0,0.0,0.0,0
Utau,upper,missing_charm_baryon_channels,proxy/reweight estimate,3.5999999999999996,3.8999999999999995,2,0.0,0.0,0.0,0.0,0.0,0
Utau,upper,missing_charm_baryon_channels,proxy/reweight estimate,3.9,4.2,1,0.0,0.0,0.0,0.0,0.0,0
Utau,upper,missing_charm_baryon_channels,proxy/reweight estimate,4.2,4.5,2,0.0,0.0,0.0,0.0,0.0,0
Utau,upper,missing_charm_baryon_channels,proxy/reweight estimate,4.5,4.8,1,,,,,,2
Utau,upper,missing_charm_baryon_channels,proxy/reweight estimate,4.8,5.1,2,,,,,,4
Utau,upper,missing_charm_baryon_channels,proxy/reweight estimate,5.1,5.3999999999999995,1,,,,,,2
Utau,upper,missing_charm_baryon_channels,proxy/reweight estimate,5.3999999999999995,5.699999999999999,3,,,,,,6
Utau,upper,missing_charm_baryon_channels,proxy/reweight estimate,5.7,6.0,1,,,,,,2
Utau,upper,missing_charm_baryon_channels,proxy/reweight estimate,6.0,6.3,2,,,,,,4
Utau,upper,missing_charm_baryon_channels,proxy/reweight estimate,6.3,6.6,1,,,,,,2
Utau,upper,missing_charm_baryon_channels,proxy/reweight estimate,6.6,6.8999999999999995,2,,,,,,4
Utau,upper,missing_charm_baryon_channels,proxy/reweight estimate,6.8999999999999995,7.199999999999999,1,,,,,,2
Utau,upper,missing_charm_baryon_channels,proxy/reweight estimate,7.199999999999999,7.499999999999999,2,,,,,,4
Utau,upper,missing_charm_baryon_channels,proxy/reweight estimate,7.5,7.8,1,,,,,,2
Utau,upper,missing_charm_baryon_channels,proxy/reweight estimate,7.8,8.1,2,,,,,,4
Utau,upper,missing_charm_baryon_channels,proxy/reweight estimate,8.4,8.700000000000001,1,,,,,,2
Utau,upper,missing_charm_baryon_channels,proxy/reweight estimate,9.0,9.3,1,,,,,,2
Utau,upper,missing_charm_baryon_channels,proxy/reweight estimate,9.299999999999999,9.6,1,,,,,,2
Utau,upper,missing_charm_baryon_channels,proxy/reweight estimate,9.9,10.200000000000001,1,,,,,,2
Utau,upper,missing_neutral_kaon_production,unknowable; additive proxy,0.0,0.3,7,,,,,,14
Utau,upper,missing_neutral_kaon_production,unknowable; additive proxy,0.3,0.6,17,,,,,,34
Utau,upper,missing_neutral_kaon_production,unknowable; additive proxy,0.6,0.8999999999999999,12,0.0,0.0,0.0,0.0,0.0,20
Utau,upper,missing_neutral_kaon_production,unknowable; additive proxy,0.8999999999999999,1.2,12,0.0,0.0,0.0,0.0,0.0,0
Utau,upper,missing_neutral_kaon_production,unknowable; additive proxy,1.2,1.5,12,0.0,0.0,0.0,0.0,0.0,0
Utau,upper,missing_neutral_kaon_production,unknowable; additive proxy,1.5,1.8,12,0.0,0.0,0.0,0.0,0.0,0
Utau,upper,missing_neutral_kaon_production,unknowable; additive proxy,1.7999999999999998,2.0999999999999996,9,0.0,0.0,0.0,0.0,0.0,0
Utau,upper,missing_neutral_kaon_production,unknowable; additive proxy,2.1,2.4,1,0.0,0.0,0.0,0.0,0.0,0
Utau,upper,missing_neutral_kaon_production,unknowable; additive proxy,2.4,2.6999999999999997,2,0.0,0.0,0.0,0.0,0.0,0
Utau,upper,missing_neutral_kaon_production,unknowable; additive proxy,2.6999999999999997,2.9999999999999996,1,0.0,0.0,0.0,0.0,0.0,0
Utau,upper,missing_neutral_kaon_production,unknowable; additive proxy,3.0,3.3,2,0.0,0.0,0.0,0.0,0.0,0
Utau,upper,missing_neutral_kaon_production,unknowable; additive proxy,3.3,3.5999999999999996,1,0.0,0.0,0.0,0.0,0.0,0
Utau,upper,missing_neutral_kaon_production,unknowable; additive proxy,3.5999999999999996,3.8999999999999995,2,0.0,0.0,0.0,0.0,0.0,0
Utau,upper,missing_neutral_kaon_production,unknowable; additive proxy,3.9,4.2,1,0.0,0.0,0.0,0.0,0.0,0
Utau,upper,missing_neutral_kaon_production,unknowable; additive proxy,4.2,4.5,2,0.0,0.0,0.0,0.0,0.0,0
Utau,upper,missing_neutral_kaon_production,unknowable; additive proxy,4.5,4.8,1,,,,,,2
Utau,upper,missing_neutral_kaon_production,unknowable; additive proxy,4.8,5.1,2,,,,,,4
Utau,upper,missing_neutral_kaon_production,unknowable; additive proxy,5.1,5.3999999999999995,1,,,,,,2
Utau,upper,missing_neutral_kaon_production,unknowable; additive proxy,5.3999999999999995,5.699999999999999,3,,,,,,6
Utau,upper,missing_neutral_kaon_production,unknowable; additive proxy,5.7,6.0,1,,,,,,2
Utau,upper,missing_neutral_kaon_production,unknowable; additive proxy,6.0,6.3,2,,,,,,4
Utau,upper,missing_neutral_kaon_production,unknowable; additive proxy,6.3,6.6,1,,,,,,2
Utau,upper,missing_neutral_kaon_production,unknowable; additive proxy,6.6,6.8999999999999995,2,,,,,,4
Utau,upper,missing_neutral_kaon_production,unknowable; additive proxy,6.8999999999999995,7.199999999999999,1,,,,,,2
Utau,upper,missing_neutral_kaon_production,unknowable; additive proxy,7.199999999999999,7.499999999999999,2,,,,,,4
Utau,upper,missing_neutral_kaon_production,unknowable; additive proxy,7.5,7.8,1,,,,,,2
Utau,upper,missing_neutral_kaon_production,unknowable; additive proxy,7.8,8.1,2,,,,,,4
Utau,upper,missing_neutral_kaon_production,unknowable; additive proxy,8.4,8.700000000000001,1,,,,,,2
Utau,upper,missing_neutral_kaon_production,unknowable; additive proxy,9.0,9.3,1,,,,,,2
Utau,upper,missing_neutral_kaon_production,unknowable; additive proxy,9.299999999999999,9.6,1,,,,,,2
Utau,upper,missing_neutral_kaon_production,unknowable; additive proxy,9.9,10.200000000000001,1,,,,,,2
Utau,upper,missing_tau_multihadron_modes,proxy/reweight estimate,0.0,0.3,7,,,,,,14
Utau,upper,missing_tau_multihadron_modes,proxy/reweight estimate,0.3,0.6,17,,,,,,34
Utau,upper,missing_tau_multihadron_modes,proxy/reweight estimate,0.6,0.8999999999999999,12,0.002008283150078949,0.010031400736609797,0.0015625175088684884,0.012257753215672018,0.012257753215672018,20
Utau,upper,missing_tau_multihadron_modes,proxy/reweight estimate,0.8999999999999999,1.2,12,0.000574611667192304,0.002872405250664567,0.00020495996080338585,0.011183907829304118,0.011183907829304118,0
Utau,upper,missing_tau_multihadron_modes,proxy/reweight estimate,1.2,1.5,12,0.0005547682104256602,0.0027730825037264317,0.00036292179901309396,0.004367567994245647,0.004367567994245647,0
Utau,upper,missing_tau_multihadron_modes,proxy/reweight estimate,1.5,1.8,12,9.092833463952843e-05,0.00045459472369779874,0.0,0.003161349338132169,0.003161349338132169,0
Utau,upper,missing_tau_multihadron_modes,proxy/reweight estimate,1.7999999999999998,2.0999999999999996,9,0.0,0.0,0.0,0.0,0.0,0
Utau,upper,missing_tau_multihadron_modes,proxy/reweight estimate,2.1,2.4,1,0.0,0.0,0.0,0.0,0.0,0
Utau,upper,missing_tau_multihadron_modes,proxy/reweight estimate,2.4,2.6999999999999997,2,0.0,0.0,0.0,0.0,0.0,0
Utau,upper,missing_tau_multihadron_modes,proxy/reweight estimate,2.6999999999999997,2.9999999999999996,1,0.0,0.0,0.0,0.0,0.0,0
Utau,upper,missing_tau_multihadron_modes,proxy/reweight estimate,3.0,3.3,2,0.0,0.0,0.0,0.0,0.0,0
Utau,upper,missing_tau_multihadron_modes,proxy/reweight estimate,3.3,3.5999999999999996,1,0.0,0.0,0.0,0.0,0.0,0
Utau,upper,missing_tau_multihadron_modes,proxy/reweight estimate,3.5999999999999996,3.8999999999999995,2,0.0,0.0,0.0,0.0,0.0,0
Utau,upper,missing_tau_multihadron_modes,proxy/reweight estimate,3.9,4.2,1,0.0,0.0,0.0,0.0,0.0,0
Utau,upper,missing_tau_multihadron_modes,proxy/reweight estimate,4.2,4.5,2,0.0,0.0,0.0,0.0,0.0,0
Utau,upper,missing_tau_multihadron_modes,proxy/reweight estimate,4.5,4.8,1,,,,,,2
Utau,upper,missing_tau_multihadron_modes,proxy/reweight estimate,4.8,5.1,2,,,,,,4
Utau,upper,missing_tau_multihadron_modes,proxy/reweight estimate,5.1,5.3999999999999995,1,,,,,,2
Utau,upper,missing_tau_multihadron_modes,proxy/reweight estimate,5.3999999999999995,5.699999999999999,3,,,,,,6
Utau,upper,missing_tau_multihadron_modes,proxy/reweight estimate,5.7,6.0,1,,,,,,2
Utau,upper,missing_tau_multihadron_modes,proxy/reweight estimate,6.0,6.3,2,,,,,,4
Utau,upper,missing_tau_multihadron_modes,proxy/reweight estimate,6.3,6.6,1,,,,,,2
Utau,upper,missing_tau_multihadron_modes,proxy/reweight estimate,6.6,6.8999999999999995,2,,,,,,4
Utau,upper,missing_tau_multihadron_modes,proxy/reweight estimate,6.8999999999999995,7.199999999999999,1,,,,,,2
Utau,upper,missing_tau_multihadron_modes,proxy/reweight estimate,7.199999999999999,7.499999999999999,2,,,,,,4
Utau,upper,missing_tau_multihadron_modes,proxy/reweight estimate,7.5,7.8,1,,,,,,2
Utau,upper,missing_tau_multihadron_modes,proxy/reweight estimate,7.8,8.1,2,,,,,,4
Utau,upper,missing_tau_multihadron_modes,proxy/reweight estimate,8.4,8.700000000000001,1,,,,,,2
Utau,upper,missing_tau_multihadron_modes,proxy/reweight estimate,9.0,9.3,1,,,,,,2
Utau,upper,missing_tau_multihadron_modes,proxy/reweight estimate,9.299999999999999,9.6,1,,,,,,2
Utau,upper,missing_tau_multihadron_modes,proxy/reweight estimate,9.9,10.200000000000001,1,,,,,,2
Utau,upper,nonzero_background_threshold,direct threshold response; background unknowable,0.0,0.3,7,,,,,,14
Utau,upper,nonzero_background_threshold,direct threshold response; background unknowable,0.3,0.6,17,,,,,,34
Utau,upper,nonzero_background_threshold,direct threshold response; background unknowable,0.6,0.8999999999999999,12,-5.067393292083944,-11.273102951225717,-11.365436708124543,-4.089505837019114,11.365436708124543,20
Utau,upper,nonzero_background_threshold,direct threshold response; background unknowable,0.8999999999999999,1.2,12,-4.417239797140171,-11.536295344778956,-11.95486715398646,-3.6789978036534055,11.95486715398646,0
Utau,upper,nonzero_background_threshold,direct threshold response; background unknowable,1.2,1.5,12,-5.62554531749187,-12.904255932785002,-13.326393232582356,-4.629644453135306,13.326393232582356,0
Utau,upper,nonzero_background_threshold,direct threshold response; background unknowable,1.5,1.8,12,-6.2622120020634275,-14.444785603458948,-16.286967780292127,-5.089550571585322,16.286967780292127,0
Utau,upper,nonzero_background_threshold,direct threshold response; background unknowable,1.7999999999999998,2.0999999999999996,9,-6.913922278210571,-15.970568409900466,-17.195458123395646,-5.786135386471292,17.195458123395646,0
Utau,upper,nonzero_background_threshold,direct threshold response; background unknowable,2.1,2.4,1,-7.581963103723821,-18.317697501094965,-18.317697501094965,-7.581963103723821,18.317697501094965,0
Utau,upper,nonzero_background_threshold,direct threshold response; background unknowable,2.4,2.6999999999999997,2,-8.737347574428577,-21.216568184866453,-22.692823120870532,-7.78138271625709,22.692823120870532,0
Utau,upper,nonzero_background_threshold,direct threshold response; background unknowable,2.6999999999999997,2.9999999999999996,1,-10.246545599084788,-25.117330173176576,-25.117330173176576,-10.246545599084788,25.117330173176576,0
Utau,upper,nonzero_background_threshold,direct threshold response; background unknowable,3.0,3.3,2,-12.179484609040959,-29.54461621482144,-31.47937590667197,-11.542227961275964,31.47937590667197,0
Utau,upper,nonzero_background_threshold,direct threshold response; background unknowable,3.3,3.5999999999999996,1,-14.970185987525808,-37.4697509337587,-37.4697509337587,-14.970185987525808,37.4697509337587,0
Utau,upper,nonzero_background_threshold,direct threshold response; background unknowable,3.5999999999999996,3.8999999999999995,2,-19.521203944445062,-46.08523962534492,-46.08523962534492,-17.54768357085962,46.08523962534492,1
Utau,upper,nonzero_background_threshold,direct threshold response; background unknowable,3.9,4.2,1,-28.882444180690538,,-28.882444180690538,-28.882444180690538,28.882444180690538,1
Utau,upper,nonzero_background_threshold,direct threshold response; background unknowable,4.2,4.5,2,,,,,,4
Utau,upper,nonzero_background_threshold,direct threshold response; background unknowable,4.5,4.8,1,,,,,,2
Utau,upper,nonzero_background_threshold,direct threshold response; background unknowable,4.8,5.1,2,,,,,,4
Utau,upper,nonzero_background_threshold,direct threshold response; background unknowable,5.1,5.3999999999999995,1,,,,,,2
Utau,upper,nonzero_background_threshold,direct threshold response; background unknowable,5.3999999999999995,5.699999999999999,3,,,,,,6
Utau,upper,nonzero_background_threshold,direct threshold response; background unknowable,5.7,6.0,1,,,,,,2
Utau,upper,nonzero_background_threshold,direct threshold response; background unknowable,6.0,6.3,2,,,,,,4
Utau,upper,nonzero_background_threshold,direct threshold response; background unknowable,6.3,6.6,1,,,,,,2
Utau,upper,nonzero_background_threshold,direct threshold response; background unknowable,6.6,6.8999999999999995,2,,,,,,4
Utau,upper,nonzero_background_threshold,direct threshold response; background unknowable,6.8999999999999995,7.199999999999999,1,,,,,,2
Utau,upper,nonzero_background_threshold,direct threshold response; background unknowable,7.199999999999999,7.499999999999999,2,,,,,,4
Utau,upper,nonzero_background_threshold,direct threshold response; background unknowable,7.5,7.8,1,,,,,,2
Utau,upper,nonzero_background_threshold,direct threshold response; background unknowable,7.8,8.1,2,,,,,,4
Utau,upper,nonzero_background_threshold,direct threshold response; background unknowable,8.4,8.700000000000001,1,,,,,,2
Utau,upper,nonzero_background_threshold,direct threshold response; background unknowable,9.0,9.3,1,,,,,,2
Utau,upper,nonzero_background_threshold,direct threshold response; background unknowable,9.299999999999999,9.6,1,,,,,,2
Utau,upper,nonzero_background_threshold,direct threshold response; background unknowable,9.9,10.200000000000001,1,,,,,,2
Utau,upper,production_mc_statistical,directly calculable now,0.6,0.8999999999999999,2,-1.0438603275517433,0.8307608254888299,-1.2520016780107501,0.9974659206213099,1.2520016780107501,0
Utau,upper,production_mc_statistical,directly calculable now,0.8999999999999999,1.2,12,-1.1605337994871123,1.0130054019346524,-1.8411081661605433,1.6277710367794684,1.8411081661605433,0
Utau,upper,production_mc_statistical,directly calculable now,1.2,1.5,12,-1.0428418315731047,0.8525724157037118,-1.1973415086788508,1.574520130885837,1.574520130885837,0
Utau,upper,production_mc_statistical,directly calculable now,1.5,1.8,12,-1.29249678464603,1.080832245763208,-1.7141553159705003,1.535656587891454,1.7141553159705003,0
Utau,upper,production_mc_statistical,directly calculable now,1.7999999999999998,2.0999999999999996,9,-1.098203975932699,1.0831593735426415,-1.6319898841242408,1.5619131334893455,1.6319898841242408,0
Utau,upper,production_mc_statistical,directly calculable now,2.1,2.4,1,-1.0770372616177526,0.9194782787579125,-1.0770372616177526,0.9194782787579125,1.0770372616177526,0
Utau,upper,production_mc_statistical,directly calculable now,2.4,2.6999999999999997,2,-1.4320043533878613,1.5373738391698644,-1.714918181927516,1.611968196308644,1.714918181927516,0
Utau,upper,production_mc_statistical,directly calculable now,2.6999999999999997,2.9999999999999996,1,-1.848767063815726,1.620871262926049,-1.848767063815726,1.620871262926049,1.848767063815726,0
Utau,upper,production_mc_statistical,directly calculable now,3.0,3.3,2,-1.4982972685145535,1.4240299240991239,-1.6054580258853646,1.620709436357548,1.620709436357548,0
Utau,upper,production_mc_statistical,directly calculable now,3.3,3.5999999999999996,1,-1.8696571117983063,1.668401764546923,-1.8696571117983063,1.668401764546923,1.8696571117983063,0
Utau,upper,production_mc_statistical,directly calculable now,3.5999999999999996,3.8999999999999995,2,-2.140067190071415,1.9703353241250943,-2.263164198919565,2.1231455425669177,2.263164198919565,0
Utau,upper,production_mc_statistical,directly calculable now,3.9,4.2,1,-2.783485597658364,2.618812805666071,-2.783485597658364,2.618812805666071,2.783485597658364,0
Utau,upper,production_mc_statistical,directly calculable now,4.2,4.5,2,-5.555003257201613,5.052678995738535,-7.438366289819676,6.662442446820771,7.438366289819676,0
Utau,upper,production_spin_and_residual_angles,proxy/reweight estimate,0.0,0.3,7,,,,,,14
Utau,upper,production_spin_and_residual_angles,proxy/reweight estimate,0.3,0.6,17,,,,,,34
Utau,upper,production_spin_and_residual_angles,proxy/reweight estimate,0.6,0.8999999999999999,12,-0.006039993159423496,0.006030927822642251,-0.007371952685242267,0.007360685192381311,0.007371952685242267,20
Utau,upper,production_spin_and_residual_angles,proxy/reweight estimate,0.8999999999999999,1.2,12,-0.004034515465672905,0.004032222787941908,-0.012382412812206312,0.012363485080224557,0.012382412812206312,0
Utau,upper,production_spin_and_residual_angles,proxy/reweight estimate,1.2,1.5,12,-0.0018214493846369084,0.001820686258502402,-0.004227365433584485,0.004223276945802823,0.004227365433584485,0
Utau,upper,production_spin_and_residual_angles,proxy/reweight estimate,1.5,1.8,12,-0.0017087986757480245,0.0017081311137090438,-0.005425625031030279,0.005420805616696001,0.005425625031030279,0
Utau,upper,production_spin_and_residual_angles,proxy/reweight estimate,1.7999999999999998,2.0999999999999996,9,-0.0010124340719341873,0.0010120364860144448,-0.010724116200799827,0.010705775218178282,0.010724116200799827,0
Utau,upper,production_spin_and_residual_angles,proxy/reweight estimate,2.1,2.4,1,-0.0013003214536455587,0.0012997910558087966,-0.0013003214536455587,0.0012997910558087966,0.0013003214536455587,0
Utau,upper,production_spin_and_residual_angles,proxy/reweight estimate,2.4,2.6999999999999997,2,-0.00022806966996635758,0.00022805502190026417,-0.00036167583495894107,0.0003616476478063291,0.00036167583495894107,0
Utau,upper,production_spin_and_residual_angles,proxy/reweight estimate,2.6999999999999997,2.9999999999999996,1,-0.0032600900184420745,0.00325886237113604,-0.0032600900184420745,0.00325886237113604,0.0032600900184420745,0
Utau,upper,production_spin_and_residual_angles,proxy/reweight estimate,3.0,3.3,2,-0.0269350131071322,0.02682459689449246,-0.045239115238049354,0.04503125374049066,0.045239115238049354,0
Utau,upper,production_spin_and_residual_angles,proxy/reweight estimate,3.3,3.5999999999999996,1,-0.01962757012156091,0.019585537888722193,-0.01962757012156091,0.019585537888722193,0.01962757012156091,0
Utau,upper,production_spin_and_residual_angles,proxy/reweight estimate,3.5999999999999996,3.8999999999999995,2,-0.04602478030586998,0.045852626407050234,-0.0496020518384821,0.04941012900330222,0.0496020518384821,0
Utau,upper,production_spin_and_residual_angles,proxy/reweight estimate,3.9,4.2,1,-0.04755553509072641,0.04736654574131194,-0.04755553509072641,0.04736654574131194,0.04755553509072641,0
Utau,upper,production_spin_and_residual_angles,proxy/reweight estimate,4.2,4.5,2,-0.14089792869304563,0.1399744577592732,-0.2116578451735296,0.21008373330257957,0.2116578451735296,0
Utau,upper,production_spin_and_residual_angles,proxy/reweight estimate,4.5,4.8,1,,,,,,2
Utau,upper,production_spin_and_residual_angles,proxy/reweight estimate,4.8,5.1,2,,,,,,4
Utau,upper,production_spin_and_residual_angles,proxy/reweight estimate,5.1,5.3999999999999995,1,,,,,,2
Utau,upper,production_spin_and_residual_angles,proxy/reweight estimate,5.3999999999999995,5.699999999999999,3,,,,,,6
Utau,upper,production_spin_and_residual_angles,proxy/reweight estimate,5.7,6.0,1,,,,,,2
Utau,upper,production_spin_and_residual_angles,proxy/reweight estimate,6.0,6.3,2,,,,,,4
Utau,upper,production_spin_and_residual_angles,proxy/reweight estimate,6.3,6.6,1,,,,,,2
Utau,upper,production_spin_and_residual_angles,proxy/reweight estimate,6.6,6.8999999999999995,2,,,,,,4
Utau,upper,production_spin_and_residual_angles,proxy/reweight estimate,6.8999999999999995,7.199999999999999,1,,,,,,2
Utau,upper,production_spin_and_residual_angles,proxy/reweight estimate,7.199999999999999,7.499999999999999,2,,,,,,4
Utau,upper,production_spin_and_residual_angles,proxy/reweight estimate,7.5,7.8,1,,,,,,2
Utau,upper,production_spin_and_residual_angles,proxy/reweight estimate,7.8,8.1,2,,,,,,4
Utau,upper,production_spin_and_residual_angles,proxy/reweight estimate,8.4,8.700000000000001,1,,,,,,2
Utau,upper,production_spin_and_residual_angles,proxy/reweight estimate,9.0,9.3,1,,,,,,2
Utau,upper,production_spin_and_residual_angles,proxy/reweight estimate,9.299999999999999,9.6,1,,,,,,2
Utau,upper,production_spin_and_residual_angles,proxy/reweight estimate,9.9,10.200000000000001,1,,,,,,2
Utau,upper,visible_branching_fraction,literature-informed range,0.0,0.3,7,,,,,,14
Utau,upper,visible_branching_fraction,literature-informed range,0.3,0.6,17,,,,,,34
Utau,upper,visible_branching_fraction,literature-informed range,0.6,0.8999999999999999,12,-0.8637012000852318,0.7124794293534187,-1.033905235879684,0.8539514010100557,1.033905235879684,20
Utau,upper,visible_branching_fraction,literature-informed range,0.8999999999999999,1.2,12,-1.0534001830855844,0.8981123128009805,-1.5376616021912315,1.4606232857959922,1.5376616021912315,0
Utau,upper,visible_branching_fraction,literature-informed range,1.2,1.5,12,-0.9790500439446514,0.8082369641055465,-1.1882905428506563,1.5818657715104933,1.5818657715104933,0
Utau,upper,visible_branching_fraction,literature-informed range,1.5,1.8,12,-1.3481695685551298,1.1184556530844159,-1.7507293029934035,1.6666459080227458,1.7507293029934035,0
Utau,upper,visible_branching_fraction,literature-informed range,1.7999999999999998,2.0999999999999996,9,-1.274154438633257,1.233141406940086,-1.895204727188693,1.8044263982764042,1.895204727188693,0
Utau,upper,visible_branching_fraction,literature-informed range,2.1,2.4,1,-1.3055366612618413,1.0810013491731052,-1.3055366612618413,1.0810013491731052,1.3055366612618413,0
Utau,upper,visible_branching_fraction,literature-informed range,2.4,2.6999999999999997,2,-1.7288566422385576,1.8494290511973266,-1.9907213727894169,2.040047507902898,2.040047507902898,0
Utau,upper,visible_branching_fraction,literature-informed range,2.6999999999999997,2.9999999999999996,1,-2.549321503042601,2.1353350046618313,-2.549321503042601,2.1353350046618313,2.549321503042601,0
Utau,upper,visible_branching_fraction,literature-informed range,3.0,3.3,2,-2.218711615747737,2.203198014155694,-2.3614149158121323,2.4255948364860114,2.4255948364860114,0
Utau,upper,visible_branching_fraction,literature-informed range,3.3,3.5999999999999996,1,-2.9380034177868497,2.469848060997637,-2.9380034177868497,2.469848060997637,2.9380034177868497,0
Utau,upper,visible_branching_fraction,literature-informed range,3.5999999999999996,3.8999999999999995,2,-3.7497385121466773,3.4041975453949713,-4.108068220151717,3.779098619207155,4.108068220151717,0
Utau,upper,visible_branching_fraction,literature-informed range,3.9,4.2,1,-5.3244748897314125,4.754635613273206,-5.3244748897314125,4.754635613273206,5.3244748897314125,0
Utau,upper,visible_branching_fraction,literature-informed range,4.2,4.5,2,-15.012787615911277,9.691757802924261,-22.15854797450717,12.698370484241028,22.15854797450717,0
Utau,upper,visible_branching_fraction,literature-informed range,4.5,4.8,1,,,,,,2
Utau,upper,visible_branching_fraction,literature-informed range,4.8,5.1,2,,,,,,4
Utau,upper,visible_branching_fraction,literature-informed range,5.1,5.3999999999999995,1,,,,,,2
Utau,upper,visible_branching_fraction,literature-informed range,5.3999999999999995,5.699999999999999,3,,,,,,6
Utau,upper,visible_branching_fraction,literature-informed range,5.7,6.0,1,,,,,,2
Utau,upper,visible_branching_fraction,literature-informed range,6.0,6.3,2,,,,,,4
Utau,upper,visible_branching_fraction,literature-informed range,6.3,6.6,1,,,,,,2
Utau,upper,visible_branching_fraction,literature-informed range,6.6,6.8999999999999995,2,,,,,,4
Utau,upper,visible_branching_fraction,literature-informed range,6.8999999999999995,7.199999999999999,1,,,,,,2
Utau,upper,visible_branching_fraction,literature-informed range,7.199999999999999,7.499999999999999,2,,,,,,4
Utau,upper,visible_branching_fraction,literature-informed range,7.5,7.8,1,,,,,,2
Utau,upper,visible_branching_fraction,literature-informed range,7.8,8.1,2,,,,,,4
Utau,upper,visible_branching_fraction,literature-informed range,8.4,8.700000000000001,1,,,,,,2
Utau,upper,visible_branching_fraction,literature-informed range,9.0,9.3,1,,,,,,2
Utau,upper,visible_branching_fraction,literature-informed range,9.299999999999999,9.6,1,,,,,,2
Utau,upper,visible_branching_fraction,literature-informed range,9.9,10.200000000000001,1,,,,,,2
Utau,upper,visible_decay_topology_acceptance,unknowable; acceptance scenario,0.0,0.3,7,,,,,,14
Utau,upper,visible_decay_topology_acceptance,unknowable; acceptance scenario,0.3,0.6,17,,,,,,34
Utau,upper,visible_decay_topology_acceptance,unknowable; acceptance scenario,0.6,0.8999999999999999,12,-3.288962512681831,1.818918844787576,-3.929394474050074,2.181984051878083,3.929394474050074,20
Utau,upper,visible_decay_topology_acceptance,unknowable; acceptance scenario,0.8999999999999999,1.2,12,-3.1042087786643693,2.6321904761593573,-4.808722630642926,3.7495035676643695,4.808722630642926,0
Utau,upper,visible_decay_topology_acceptance,unknowable; acceptance scenario,1.2,1.5,12,-3.653715062913676,2.093111662379299,-4.065181108818416,4.064505363665916,4.065181108818416,0
Utau,upper,visible_decay_topology_acceptance,unknowable; acceptance scenario,1.5,1.8,12,-4.309514877882803,3.063035095032507,-5.492653060058794,4.285117757493517,5.492653060058794,0
Utau,upper,visible_decay_topology_acceptance,unknowable; acceptance scenario,1.7999999999999998,2.0999999999999996,9,-4.524287323748888,3.374232391048859,-5.7835146760684015,4.644250307135223,5.7835146760684015,0
Utau,upper,visible_decay_topology_acceptance,unknowable; acceptance scenario,2.1,2.4,1,-4.942480963930162,4.0849511002361005,-4.942480963930162,4.0849511002361005,4.942480963930162,0
Utau,upper,visible_decay_topology_acceptance,unknowable; acceptance scenario,2.4,2.6999999999999997,2,-6.210113281879137,4.762430929311434,-7.29388857257085,5.2601448006884155,7.29388857257085,0
Utau,upper,visible_decay_topology_acceptance,unknowable; acceptance scenario,2.6999999999999997,2.9999999999999996,1,-7.0689457254609955,5.5098408793568865,-7.0689457254609955,5.5098408793568865,7.0689457254609955,0
Utau,upper,visible_decay_topology_acceptance,unknowable; acceptance scenario,3.0,3.3,2,-8.289269422960155,6.581862416040041,-8.805519179077193,6.9545840139311865,8.805519179077193,0
Utau,upper,visible_decay_topology_acceptance,unknowable; acceptance scenario,3.3,3.5999999999999996,1,-10.513916674410705,7.533983170695491,-10.513916674410705,7.533983170695491,10.513916674410705,0
Utau,upper,visible_decay_topology_acceptance,unknowable; acceptance scenario,3.5999999999999996,3.8999999999999995,2,-13.38204400239334,9.553243856407324,-14.63928847913547,10.315384435594721,14.63928847913547,0
Utau,upper,visible_decay_topology_acceptance,unknowable; acceptance scenario,3.9,4.2,1,-19.15344839407238,12.685178764467109,-19.15344839407238,12.685178764467109,19.15344839407238,0
Utau,upper,visible_decay_topology_acceptance,unknowable; acceptance scenario,4.2,4.5,2,-32.32276947191133,24.192630806481517,-32.32276947191133,30.83927398556352,32.32276947191133,1
Utau,upper,visible_decay_topology_acceptance,unknowable; acceptance scenario,4.5,4.8,1,,,,,,1
Utau,upper,visible_decay_topology_acceptance,unknowable; acceptance scenario,4.8,5.1,2,,,,,,4
Utau,upper,visible_decay_topology_acceptance,unknowable; acceptance scenario,5.1,5.3999999999999995,1,,,,,,2
Utau,upper,visible_decay_topology_acceptance,unknowable; acceptance scenario,5.3999999999999995,5.699999999999999,3,,,,,,6
Utau,upper,visible_decay_topology_acceptance,unknowable; acceptance scenario,5.7,6.0,1,,,,,,2
Utau,upper,visible_decay_topology_acceptance,unknowable; acceptance scenario,6.0,6.3,2,,,,,,4
Utau,upper,visible_decay_topology_acceptance,unknowable; acceptance scenario,6.3,6.6,1,,,,,,2
Utau,upper,visible_decay_topology_acceptance,unknowable; acceptance scenario,6.6,6.8999999999999995,2,,,,,,4
Utau,upper,visible_decay_topology_acceptance,unknowable; acceptance scenario,6.8999999999999995,7.199999999999999,1,,,,,,2
Utau,upper,visible_decay_topology_acceptance,unknowable; acceptance scenario,7.199999999999999,7.499999999999999,2,,,,,,4
Utau,upper,visible_decay_topology_acceptance,unknowable; acceptance scenario,7.5,7.8,1,,,,,,2
Utau,upper,visible_decay_topology_acceptance,unknowable; acceptance scenario,7.8,8.1,2,,,,,,4
Utau,upper,visible_decay_topology_acceptance,unknowable; acceptance scenario,8.4,8.700000000000001,1,,,,,,2
Utau,upper,visible_decay_topology_acceptance,unknowable; acceptance scenario,9.0,9.3,1,,,,,,2
Utau,upper,visible_decay_topology_acceptance,unknowable; acceptance scenario,9.299999999999999,9.6,1,,,,,,2
Utau,upper,visible_decay_topology_acceptance,unknowable; acceptance scenario,9.9,10.200000000000001,1,,,,,,2
