"mass_GeV","width_coefficient_001","width_coefficient_002","width_coefficient_003","width_coefficient_004","width_coefficient_005","width_coefficient_006","width_coefficient_007","width_coefficient_008","width_coefficient_009","width_coefficient_010","width_coefficient_011","width_coefficient_012","width_coefficient_013","width_coefficient_014","width_coefficient_015","width_coefficient_016","width_coefficient_017","width_coefficient_018","width_coefficient_019","width_coefficient_020","width_coefficient_021","width_coefficient_022","width_coefficient_023","width_coefficient_024","width_coefficient_025","width_coefficient_026","width_coefficient_027","width_coefficient_028","width_coefficient_029","width_coefficient_030","width_coefficient_031","width_coefficient_032","width_coefficient_033","width_coefficient_034","width_coefficient_035","width_coefficient_036","width_coefficient_037","width_coefficient_038","width_coefficient_039","width_coefficient_040"
0.01,1.1039144991564808e-10,3.418483300178187e-14,0,0,0,0,0,0,0,0,0,0,0,0,0,0,0,0,0,0,0,0,0,0,0,0,0,0,0,0,0,0,0,0,0,0,0,1.1042563474864986e-10,0,1.1042563474864986e-10
0.011,1.2153698633688996e-10,4.4839886991717405e-14,0,0,0,0,0,0,0,0,0,0,0,0,0,0,0,0,0,0,0,0,0,0,0,0,0,0,0,0,0,0,0,0,0,0,0,1.2158182622388167e-10,0,1.2158182622388167e-10
0.012,1.326740110145613e-10,5.750209104216915e-14,0,0,0,0,0,0,0,0,0,0,0,0,0,0,0,0,0,0,0,0,0,0,0,0,0,0,0,0,0,0,0,0,0,0,0,1.3273151310560346e-10,0,1.3273151310560346e-10
0.013000000000000001,1.438045015533058e-10,7.234458882356906e-14,0,0,0,0,0,0,0,0,0,0,0,0,0,0,0,0,0,0,0,0,0,0,0,0,0,0,0,0,0,0,0,0,0,0,0,1.4387684614212938e-10,0,1.4387684614212938e-10
0.014,1.549298662387654e-10,8.954016979039336e-14,0,0,0,0,0,0,0,0,0,0,0,0,0,0,0,0,0,0,0,0,0,0,0,0,0,0,0,0,0,0,0,0,0,0,0,1.5501940640855578e-10,0,1.5501940640855578e-10
0.015,1.660511353649621e-10,1.0926115429094009e-13,0,0,0,0,0,0,0,0,0,0,0,0,0,0,0,0,0,0,0,0,0,0,0,0,0,0,0,0,0,0,0,0,0,0,0,1.6616039651925303e-10,0,1.6616039651925303e-10
0.016,1.7716908019371893e-10,1.316792923890398e-13,0,0,0,0,0,0,0,0,0,0,0,0,0,0,0,0,0,0,0,0,0,0,0,0,0,0,0,0,0,0,0,0,0,0,0,1.7730075948610797e-10,0,1.7730075948610797e-10
0.017,1.8828428961240532e-10,1.569656728096249e-13,0,0,0,0,0,0,0,0,0,0,0,0,0,0,0,0,0,0,0,0,0,0,0,0,0,0,0,0,0,0,0,0,0,0,0,1.8844125528521496e-10,0,1.8844125528521496e-10
0.018000000000000002,1.9939722107008411e-10,1.8529063954270013e-13,0,0,0,0,0,0,0,0,0,0,0,0,0,0,0,0,0,0,0,0,0,0,0,0,0,0,0,0,0,0,0,0,0,0,0,1.995825117096268e-10,0,1.995825117096268e-10
0.019000000000000003,2.1050823533429789e-10,2.1682371437530708e-13,0,0,0,0,0,0,0,0,0,0,0,0,0,0,0,0,0,0,0,0,0,0,0,0,0,0,0,0,0,0,0,0,0,0,0,2.107250590486732e-10,0,2.107250590486732e-10
0.02,2.216176207662931e-10,2.517335241160408e-13,0,0,0,0,0,0,0,0,0,0,0,0,0,0,0,0,0,0,0,0,0,0,0,0,0,0,0,0,0,0,0,0,0,0,0,2.2186935429040914e-10,0,2.2186935429040914e-10
0.020999999999999998,2.3272561062790026e-10,2.901877316182316e-13,0,0,0,0,0,0,0,0,0,0,0,0,0,0,0,0,0,0,0,0,0,0,0,0,0,0,0,0,0,0,0,0,0,0,0,2.330157983595185e-10,0,2.330157983595185e-10
0.022,2.438323956483425e-10,3.323529699487837e-13,0,0,0,0,0,0,0,0,0,0,0,0,0,0,0,0,0,0,0,0,0,0,0,0,0,0,0,0,0,0,0,0,0,0,0,2.441647486182913e-10,0,2.441647486182913e-10
0.023,2.5493813330013e-10,3.7839477922302067e-13,0,0,0,0,0,0,0,0,0,0,0,0,0,0,0,0,0,0,0,0,0,0,0,0,0,0,0,0,0,0,0,0,0,0,0,2.55316528079353e-10,0,2.55316528079353e-10
0.024,2.660429547478454e-10,4.2847754575302063e-13,0,0,0,0,0,0,0,0,0,0,0,0,0,0,0,0,0,0,0,0,0,0,0,0,0,0,0,0,0,0,0,0,0,0,0,2.664714322935984e-10,0,2.664714322935984e-10
0.025,2.771469701238634e-10,4.827644432519115e-13,0,0,0,0,0,0,0,0,0,0,0,0,0,0,0,0,0,0,0,0,0,0,0,0,0,0,0,0,0,0,0,0,0,0,0,2.776297345671153e-10,0,2.776297345671153e-10
0.026000000000000002,2.8825027258300255e-10,5.414173759089676e-13,0,0,0,0,0,0,0,0,0,0,0,0,0,0,0,0,0,0,0,0,0,0,0,0,0,0,0,0,0,0,0,0,0,0,0,2.8879168995891153e-10,0,2.8879168995891153e-10
0.027000000000000003,2.9935294145369137e-10,6.045969232064364e-13,0,0,0,0,0,0,0,0,0,0,0,0,0,0,0,0,0,0,0,0,0,0,0,0,0,0,0,0,0,0,0,0,0,0,0,2.999575383768978e-10,0,2.999575383768978e-10
0.028000000000000004,3.1045504471218254e-10,6.724622863935716e-13,0,0,0,0,0,0,0,0,0,0,0,0,0,0,0,0,0,0,0,0,0,0,0,0,0,0,0,0,0,0,0,0,0,0,0,3.111275069985761e-10,0,3.111275069985761e-10
0.028999999999999998,3.2155664094366574e-10,7.451712365692953e-13,0,0,0,0,0,0,0,0,0,0,0,0,0,0,0,0,0,0,0,0,0,0,0,0,0,0,0,0,0,0,0,0,0,0,0,3.2230181218023506e-10,0,3.2230181218023506e-10
0.03,3.3265778091030456e-10,8.228800643548646e-13,0,0,0,0,0,0,0,0,0,0,0,0,0,0,0,0,0,0,0,0,0,0,0,0,0,0,0,0,0,0,0,0,0,0,0,3.3348066097465943e-10,0,3.3348066097465943e-10
0.031,3.4375850881516664e-10,9.057435311632672e-13,0,0,0,0,0,0,0,0,0,0,0,0,0,0,0,0,0,0,0,0,0,0,0,0,0,0,0,0,0,0,0,0,0,0,0,3.446642523463299e-10,0,3.446642523463299e-10
0.032,3.548588633287183e-10,9.939148220943398e-13,0,0,0,0,0,0,0,0,0,0,0,0,0,0,0,0,0,0,0,0,0,0,0,0,0,0,0,0,0,0,0,0,0,0,0,3.558527781508126e-10,0,3.558527781508126e-10
0.033,3.65958878428352e-10,1.0875455005045074e-12,0,0,0,0,0,0,0,0,0,0,0,0,0,0,0,0,0,0,0,0,0,0,0,0,0,0,0,0,0,0,0,0,0,0,0,3.670464239288565e-10,0,3.670464239288565e-10
0.034,3.770585840895136e-10,1.1867854643185328e-12,0,0,0,0,0,0,0,0,0,0,0,0,0,0,0,0,0,0,0,0,0,0,0,0,0,0,0,0,0,0,0,0,0,0,0,3.7824536955383213e-10,0,3.7824536955383213e-10
0.035,3.881580068581665e-10,1.2917829041681365e-12,0,0,0,0,0,0,0,0,0,0,0,0,0,0,0,0,0,0,0,0,0,0,0,0,0,0,0,0,0,0,0,0,0,0,0,3.8944978976233465e-10,0,3.8944978976233465e-10
0.036000000000000004,3.992571703277029e-10,1.4026842634594159e-12,0,0,0,0,0,0,0,0,0,0,0,0,0,0,0,0,0,0,0,0,0,0,0,0,0,0,0,0,0,0,0,0,0,0,0,4.006598545911623e-10,0,4.006598545911623e-10
0.037,4.1035609553840973e-10,1.5196342004878591e-12,0,0,0,0,0,0,0,0,0,0,0,0,0,0,0,0,0,0,0,0,0,0,0,0,0,0,0,0,0,0,0,0,0,0,0,4.118757297388976e-10,0,4.118757297388976e-10
0.038,4.2145480131377887e-10,1.6427755527371258e-12,0,0,0,0,0,0,0,0,0,0,0,0,0,0,0,0,0,0,0,0,0,0,0,0,0,0,0,0,0,0,0,0,0,0,0,4.23097576866516e-10,0,4.23097576866516e-10
0.039,4.325533045450115e-10,1.7722493035152773e-12,0,0,0,0,0,0,0,0,0,0,0,0,0,0,0,0,0,0,0,0,0,0,0,0,0,0,0,0,0,0,0,0,0,0,0,4.343255538485268e-10,0,4.343255538485268e-10
0.04,4.4365162043279666e-10,1.9081945511010056e-12,0,0,0,0,0,0,0,0,0,0,0,0,0,0,0,0,0,0,0,0,0,0,0,0,0,0,0,0,0,0,0,0,0,0,0,4.4555981498389765e-10,0,4.4555981498389765e-10
0.041,4.547497626936679e-10,2.050748480591811e-12,0,0,0,0,0,0,0,0,0,0,0,0,0,0,0,0,0,0,0,0,0,0,0,0,0,0,0,0,0,0,0,0,0,0,0,4.568005111742597e-10,0,4.568005111742597e-10
0.042,4.658477437368487e-10,2.200046338667357e-12,0,0,0,0,0,0,0,0,0,0,0,0,0,0,0,0,0,0,0,0,0,0,0,0,0,0,0,0,0,0,0,0,0,0,0,4.68047790075516e-10,0,4.68047790075516e-10
0.043000000000000003,4.769455748163955e-10,2.356221411503543e-12,0,0,0,0,0,0,0,0,0,0,0,0,0,0,0,0,0,0,0,0,0,0,0,0,0,0,0,0,0,0,0,0,0,0,0,4.793017962278991e-10,0,4.793017962278991e-10
0.044000000000000004,4.880432661625768e-10,2.5194050060977348e-12,0,0,0,0,0,0,0,0,0,0,0,0,0,0,0,0,0,0,0,0,0,0,0,0,0,0,0,0,0,0,0,0,0,0,0,4.905626711686745e-10,0,4.905626711686745e-10
0.045000000000000005,4.991408270957141e-10,2.689726435291806e-12,0,0,0,0,0,0,0,0,0,0,0,0,0,0,0,0,0,0,0,0,0,0,0,0,0,0,0,0,0,0,0,0,0,0,0,5.018305535310059e-10,0,5.018305535310059e-10
0.046000000000000006,5.102382661251662e-10,2.8673130068091173e-12,0,0,0,0,0,0,0,0,0,0,0,0,0,0,0,0,0,0,0,0,0,0,0,0,0,0,0,0,0,0,0,0,0,0,0,5.131055791319753e-10,0,5.131055791319753e-10
0.047,5.213355910356611e-10,3.0522900166534416e-12,0,0,0,0,0,0,0,0,0,0,0,0,0,0,0,0,0,0,0,0,0,0,0,0,0,0,0,0,0,0,0,0,0,0,0,5.243878810523145e-10,0,5.243878810523145e-10
0.048,5.324328089628331e-10,3.2447807472527957e-12,0,0,0,0,0,0,0,0,0,0,0,0,0,0,0,0,0,0,0,0,0,0,0,0,0,0,0,0,0,0,0,0,0,0,0,5.356775897100859e-10,0,5.356775897100859e-10
0.049,5.435299264594982e-10,3.444906470769904e-12,0,0,0,0,0,0,0,0,0,0,0,0,0,0,0,0,0,0,0,0,0,0,0,0,0,0,0,0,0,0,0,0,0,0,0,5.469748329302681e-10,0,5.469748329302681e-10
0.05,5.546269495539743e-10,3.6527864580441475e-12,0,0,0,0,0,0,0,0,0,0,0,0,0,0,0,0,0,0,0,0,0,0,0,0,0,0,0,0,0,0,0,0,0,0,0,5.582797360120185e-10,0,5.582797360120185e-10
0.051000000000000004,5.657238838015326e-10,3.8685379936766175e-12,0,0,0,0,0,0,0,0,0,0,0,0,0,0,0,0,0,0,0,0,0,0,0,0,0,0,0,0,0,0,0,0,0,0,0,5.695924217952092e-10,0,5.695924217952092e-10
0.052000000000000005,5.768207343299108e-10,4.092276397822803e-12,0,0,0,0,0,0,0,0,0,0,0,0,0,0,0,0,0,0,0,0,0,0,0,0,0,0,0,0,0,0,0,0,0,0,0,5.809130107277335e-10,0,5.809130107277335e-10
0.053000000000000005,5.879175058796677e-10,4.324115055315582e-12,0,0,0,0,0,0,0,0,0,0,0,0,0,0,0,0,0,0,0,0,0,0,0,0,0,0,0,0,0,0,0,0,0,0,0,5.922416209349833e-10,0,5.922416209349833e-10
0.054,5.990142028400536e-10,4.564165452806212e-12,0,0,0,0,0,0,0,0,0,0,0,0,0,0,0,0,0,0,0,0,0,0,0,0,0,0,0,0,0,0,0,0,0,0,0,6.035783682928598e-10,0,6.035783682928598e-10
0.055,6.101108292809636e-10,4.81253722468302e-12,0,0,0,0,0,0,0,0,0,0,0,0,0,0,0,0,0,0,0,0,0,0,0,0,0,0,0,0,0,0,0,0,0,0,0,6.149233665056466e-10,0,6.149233665056466e-10
0.056,6.212073889814652e-10,5.0693382086085705e-12,0,0,0,0,0,0,0,0,0,0,0,0,0,0,0,0,0,0,0,0,0,0,0,0,0,0,0,0,0,0,0,0,0,0,0,6.262767271900738e-10,0,6.262767271900738e-10
0.057,6.323038854553227e-10,5.334674511605841e-12,0,0,0,0,0,0,0,0,0,0,0,0,0,0,0,0,0,0,0,0,0,0,0,0,0,0,0,0,0,0,0,0,0,0,0,6.376385599669286e-10,0,6.376385599669286e-10
0.058,6.434003219738787e-10,5.608650587725112e-12,0,0,0,0,0,0,0,0,0,0,0,0,0,0,0,0,0,0,0,0,0,0,0,0,0,0,0,0,0,0,0,0,0,0,0,6.490089725616038e-10,0,6.490089725616038e-10
0.059000000000000004,6.544967015866068e-10,5.891369328436521e-12,0,0,0,0,0,0,0,0,0,0,0,0,0,0,0,0,0,0,0,0,0,0,0,0,0,0,0,0,0,0,0,0,0,0,0,6.603880709150433e-10,0,6.603880709150433e-10
0.060000000000000005,6.655930271396097e-10,6.1829321670197745e-12,0,0,0,0,0,0,0,0,0,0,0,0,0,0,0,0,0,0,0,0,0,0,0,0,0,0,0,0,0,0,0,0,0,0,0,6.717759593066294e-10,0,6.717759593066294e-10
0.061000000000000006,6.766893012922953e-10,6.483439198365994e-12,0,0,0,0,0,0,0,0,0,0,0,0,0,0,0,0,0,0,0,0,0,0,0,0,0,0,0,0,0,0,0,0,0,0,0,6.831727404906613e-10,0,6.831727404906613e-10
0.062000000000000006,6.877855265324392e-10,6.792989315767088e-12,0,0,0,0,0,0,0,0,0,0,0,0,0,0,0,0,0,0,0,0,0,0,0,0,0,0,0,0,0,0,0,0,0,0,0,6.945785158482063e-10,0,6.945785158482063e-10
0.063,6.988817051898114e-10,7.111680366449618e-12,0,0,0,0,0,0,0,0,0,0,0,0,0,0,0,0,0,0,0,0,0,0,0,0,0,0,0,0,0,0,0,0,0,0,0,7.05993385556261e-10,0,7.05993385556261e-10
0.064,7.099778394485255e-10,7.439609327815287e-12,0,0,0,0,0,0,0,0,0,0,0,0,0,0,0,0,0,0,0,0,0,0,0,0,0,0,0,0,0,0,0,0,0,0,0,7.174174487763408e-10,0,7.174174487763408e-10
0.065,7.210739313582476e-10,7.77687250658208e-12,0,0,0,0,0,0,0,0,0,0,0,0,0,0,0,0,0,0,0,0,0,0,0,0,0,0,0,0,0,0,0,0,0,0,0,7.288508038648297e-10,0,7.288508038648297e-10
0.066,7.32169982844384e-10,8.123565763283358e-12,0,0,0,0,0,0,0,0,0,0,0,0,0,0,0,0,0,0,0,0,0,0,0,0,0,0,0,0,0,0,0,0,0,0,0,7.402935486076673e-10,0,7.402935486076673e-10
0.067,7.432659957173585e-10,8.47978476488072e-12,0,0,0,0,0,0,0,0,0,0,0,0,0,0,0,0,0,0,0,0,0,0,0,0,0,0,0,0,0,0,0,0,0,0,0,7.517457804822393e-10,0,7.517457804822393e-10
0.068,7.543619716810701e-10,8.845625268586978e-12,0,0,0,0,0,0,0,0,0,0,0,0,0,0,0,0,0,0,0,0,0,0,0,0,0,0,0,0,0,0,0,0,0,0,0,7.632075969496571e-10,0,7.632075969496571e-10
0.069,7.654579123406136e-10,9.221183440382296e-12,0,0,0,0,0,0,0,0,0,0,0,0,0,0,0,0,0,0,0,0,0,0,0,0,0,0,0,0,0,0,0,0,0,0,0,7.746790957809959e-10,0,7.746790957809959e-10
0.06999999999999999,7.76553819209341e-10,9.606556212149822e-12,0,0,0,0,0,0,0,0,0,0,0,0,0,0,0,0,0,0,0,0,0,0,0,0,0,0,0,0,0,0,0,0,0,0,0,7.861603754214908e-10,0,7.861603754214908e-10
0.071,7.876496937153228e-10,1.00018416818639e-11,0,0,0,0,0,0,0,0,0,0,0,0,0,0,0,0,0,0,0,0,0,0,0,0,0,0,0,0,0,0,0,0,0,0,0,7.976515353971867e-10,0,7.976515353971867e-10
0.072,7.987455372072721e-10,1.0407139561843313e-11,0,0,0,0,0,0,0,0,0,0,0,0,0,0,0,0,0,0,0,0,0,0,0,0,0,0,0,0,0,0,0,0,0,0,0,8.091526767691154e-10,0,8.091526767691154e-10
0.073,8.098413509599828e-10,1.0822551680751375e-11,0,0,0,0,0,0,0,0,0,0,0,0,0,0,0,0,0,0,0,0,0,0,0,0,0,0,0,0,0,0,0,0,0,0,0,8.206639026407341e-10,0,8.206639026407341e-10
0.074,8.209371361793239e-10,1.1248182545791301e-11,0,0,0,0,0,0,0,0,0,0,0,0,0,0,0,0,0,0,0,0,0,0,0,0,0,0,0,0,0,0,0,0,0,0,0,8.321853187251153e-10,0,8.321853187251153e-10
0.075,8.320328940068385e-10,1.1684139972433892e-11,0,0,0,0,0,0,0,0,0,0,0,0,0,0,0,0,0,0,0,0,0,0,0,0,0,0,0,0,0,0,0,0,0,0,0,8.437170339792724e-10,0,8.437170339792724e-10
0.076,8.431286255239729e-10,1.2130535790039022e-11,0,0,0,0,0,0,0,0,0,0,0,0,0,0,0,0,0,0,0,0,0,0,0,0,0,0,0,0,0,0,0,0,0,0,0,8.55259161314012e-10,0,8.55259161314012e-10
0.077,8.542243317559836e-10,1.258748663292399e-11,0,0,0,0,0,0,0,0,0,0,0,0,0,0,0,0,0,0,0,0,0,0,0,0,0,0,0,0,0,0,0,0,0,0,0,8.668118183889076e-10,0,8.668118183889076e-10
0.078,8.653200136755385e-10,1.3055114827812383e-11,0,0,0,0,0,0,0,0,0,0,0,0,0,0,0,0,0,0,0,0,0,0,0,0,0,0,0,0,0,0,0,0,0,0,0,8.783751285033508e-10,0,8.783751285033508e-10
0.079,8.764156722060459e-10,1.3533549390211398e-11,0,0,0,0,0,0,0,0,0,0,0,0,0,0,0,0,0,0,0,0,0,0,0,0,0,0,0,0,0,0,0,0,0,0,0,8.899492215962573e-10,0,8.899492215962573e-10
0.08,8.875113082247357e-10,1.4022927144145919e-11,0,0,0,0,0,0,0,0,0,0,0,0,0,0,0,0,0,0,0,0,0,0,0,0,0,0,0,0,0,0,0,0,0,0,0,9.015342353688816e-10,0,9.015342353688816e-10
0.081,8.986069225655071e-10,1.4523393981885817e-11,0,0,0,0,0,0,0,0,0,0,0,0,0,0,0,0,0,0,0,0,0,0,0,0,0,0,0,0,0,0,0,0,0,0,0,9.131303165473929e-10,0,9.131303165473929e-10
0.082,9.097025160215759e-10,1.5035106282893478e-11,0,0,0,0,0,0,0,0,0,0,0,0,0,0,0,0,0,0,0,0,0,0,0,0,0,0,0,0,0,0,0,0,0,0,0,9.247376223044694e-10,0,9.247376223044694e-10
0.08299999999999999,9.20798089347922e-10,1.5558232514273583e-11,0,0,0,0,0,0,0,0,0,0,0,0,0,0,0,0,0,0,0,0,0,0,0,0,0,0,0,0,0,0,0,0,0,0,0,9.363563218621955e-10,0,9.363563218621955e-10
0.08399999999999999,9.318936432635682e-10,1.609295503861625e-11,0,0,0,0,0,0,0,0,0,0,0,0,0,0,0,0,0,0,0,0,0,0,0,0,0,0,0,0,0,0,0,0,0,0,0,9.479865983021844e-10,0,9.479865983021844e-10
0.08499999999999999,9.429891784536943e-10,1.6639472159404763e-11,0,0,0,0,0,0,0,0,0,0,0,0,0,0,0,0,0,0,0,0,0,0,0,0,0,0,0,0,0,0,0,0,0,0,0,9.596286506130991e-10,0,9.596286506130991e-10
0.086,9.54084695571606e-10,1.7198000439249816e-11,0,0,0,0,0,0,0,0,0,0,0,0,0,0,0,0,0,0,0,0,0,0,0,0,0,0,0,0,0,0,0,0,0,0,0,9.712826960108557e-10,0,9.712826960108557e-10
0.087,9.651801952405672e-10,1.7768777332287424e-11,0,0,0,0,0,0,0,0,0,0,0,0,0,0,0,0,0,0,0,0,0,0,0,0,0,0,0,0,0,0,0,0,0,0,0,9.829489725728547e-10,0,9.829489725728547e-10
0.088,9.762756780555065e-10,1.835206417935597e-11,0,0,0,0,0,0,0,0,0,0,0,0,0,0,0,0,0,0,0,0,0,0,0,0,0,0,0,0,0,0,0,0,0,0,0,9.946277422348625e-10,0,9.946277422348625e-10
0.089,9.873711445846099e-10,1.8948149623315757e-11,0,0,0,0,0,0,0,0,0,0,0,0,0,0,0,0,0,0,0,0,0,0,0,0,0,0,0,0,0,0,0,0,0,0,0,1.0063192942079257e-9,0,1.0063192942079257e-9
0.09,9.984665953708069e-10,1.9557353512431357e-11,0,0,0,0,0,0,0,0,0,0,0,0,0,0,0,0,0,0,0,0,0,0,0,0,0,0,0,0,0,0,0,0,0,0,0,1.0180239488832381e-9,0,1.0180239488832381e-9
0.091,1.009562030933158e-9,2.018003137252815e-11,0,0,0,0,0,0,0,0,0,0,0,0,0,0,0,0,0,0,0,0,0,0,0,0,0,0,0,0,0,0,0,0,0,0,0,1.0297420623056862e-9,0,1.0297420623056862e-9
0.092,1.0206574517681526e-9,2.0816579544194937e-11,0,0,0,0,0,0,0,0,0,0,0,0,0,0,0,0,0,0,0,0,0,0,0,0,0,0,0,0,0,0,0,0,0,0,0,1.0414740313123476e-9,0,1.0414740313123476e-9
0.093,1.031752858350923e-9,2.1467441100318753e-11,0,0,0,0,0,0,0,0,0,0,0,0,0,0,0,0,0,0,0,0,0,0,0,0,0,0,0,0,0,0,0,0,0,0,0,1.0532202994512417e-9,0,1.0532202994512417e-9
0.094,1.0428482511363793e-9,2.213311268257581e-11,0,0,0,0,0,0,0,0,0,0,0,0,0,0,0,0,0,0,0,0,0,0,0,0,0,0,0,0,0,0,0,0,0,0,0,1.0649813638189552e-9,0,1.0649813638189552e-9
0.095,1.0539436305602753e-9,2.2814152424286265e-11,0,0,0,0,0,0,0,0,0,0,0,0,0,0,0,0,0,0,0,0,0,0,0,0,0,0,0,0,0,0,0,0,0,0,0,1.0767577829845615e-9,0,1.0767577829845615e-9
0.096,1.0650389970402055e-9,2.351118916271178e-11,0,0,0,0,0,0,0,0,0,0,0,0,0,0,0,0,0,0,0,0,0,0,0,0,0,0,0,0,0,0,0,0,0,0,0,1.0885501862029173e-9,0,1.0885501862029173e-9
0.097,1.0761343509765426e-9,2.4224933188322277e-11,0,0,0,0,0,0,0,0,0,0,0,0,0,0,0,0,0,0,0,0,0,0,0,0,0,0,0,0,0,0,0,0,0,0,0,1.100359284164865e-9,0,1.100359284164865e-9
0.09799999999999999,1.0872296927533143e-9,2.4956188834233746e-11,0,0,0,0,0,0,0,0,0,0,0,0,0,0,0,0,0,0,0,0,0,0,0,0,0,0,0,0,0,0,0,0,0,0,0,1.112185881587548e-9,0,1.112185881587548e-9
0.09899999999999999,1.0983250227390308e-9,2.5705869279168705e-11,0,0,0,0,0,0,0,0,0,0,0,0,0,0,0,0,0,0,0,0,0,0,0,0,0,0,0,0,0,0,0,0,0,0,0,1.1240308920181994e-9,0,1.1240308920181994e-9
0.09999999999999999,1.1094203412874592e-9,2.6475014026205346e-11,0,0,0,0,0,0,0,0,0,0,0,0,0,0,0,0,0,0,0,0,0,0,0,0,0,0,0,0,0,0,0,0,0,0,0,1.1358953553136645e-9,0,1.1358953553136645e-9
0.10099999999999999,1.120515648738355e-9,2.72648096330153e-11,0,0,0,0,0,0,0,0,0,0,0,0,0,0,0,0,0,0,0,0,0,0,0,0,0,0,0,0,0,0,0,0,0,0,0,1.1477804583713702e-9,0,1.1477804583713702e-9
0.102,1.1316109454181484e-9,2.8076614414952804e-11,0,0,0,0,0,0,0,0,0,0,0,0,0,0,0,0,0,0,0,0,0,0,0,0,0,0,0,0,0,0,0,0,0,0,0,1.1596875598331013e-9,0,1.1596875598331013e-9
0.103,1.1427062316405904e-9,2.8911988030775275e-11,0,0,0,0,0,0,0,0,0,0,0,0,0,0,0,0,0,0,0,0,0,0,0,0,0,0,0,0,0,0,0,0,0,0,0,1.1716182196713656e-9,0,1.1716182196713656e-9
0.104,1.1538015077073635e-9,2.977272710628885e-11,0,0,0,0,0,0,0,0,0,0,0,0,0,0,0,0,0,0,0,0,0,0,0,0,0,0,0,0,0,0,0,0,0,0,0,1.1835742348136524e-9,0,1.1835742348136524e-9
0.105,1.164896773908657e-9,3.066090837373079e-11,0,0,0,0,0,0,0,0,0,0,0,0,0,0,0,0,0,0,0,0,0,0,0,0,0,0,0,0,0,0,0,0,0,0,0,1.1955576822823877e-9,0,1.1955576822823877e-9
0.106,1.1759920305237072e-9,3.1578941231918514e-11,0,0,0,0,0,0,0,0,0,0,0,0,0,0,0,0,0,0,0,0,0,0,0,0,0,0,0,0,0,0,0,0,0,0,0,1.2075709717556257e-9,0,1.2075709717556257e-9
0.107,1.1870872778213117e-9,3.252963220325706e-11,0,0,0,0,0,0,0,0,0,0,0,0,0,0,0,0,0,0,0,0,0,0,0,0,0,0,0,0,0,0,0,0,0,0,0,1.2196169100245688e-9,0,1.2196169100245688e-9
0.108,1.1981825160603103e-9,3.351626453435313e-11,0,0,0,0,0,0,0,0,0,0,0,0,0,0,0,0,0,0,0,0,0,0,0,0,0,0,0,0,0,0,0,0,0,0,0,1.2316987805946634e-9,0,1.2316987805946634e-9
0.109,1.2092777454900443e-9,3.454269723770152e-11,0,0,0,0,0,0,0,0,0,0,0,0,0,0,0,0,0,0,0,0,0,0,0,0,0,0,0,0,0,0,0,0,0,0,0,1.2438204427277458e-9,0,1.2438204427277458e-9
0.11,1.220372966350786e-9,3.561348932025842e-11,0,0,0,0,0,0,0,0,0,0,0,0,0,0,0,0,0,0,0,0,0,0,0,0,0,0,0,0,0,0,0,0,0,0,0,1.2559864556710444e-9,0,1.2559864556710444e-9
0.111,1.2314681788741493e-9,3.67340569647525e-11,0,0,0,0,0,0,0,0,0,0,0,0,0,0,0,0,0,0,0,0,0,0,0,0,0,0,0,0,0,0,0,0,0,0,0,1.268202235838902e-9,0,1.268202235838902e-9
0.112,1.2425633832834743e-9,3.7910874282867996e-11,0,0,0,0,0,0,0,0,0,0,0,0,0,0,0,0,0,0,0,0,0,0,0,0,0,0,0,0,0,0,0,0,0,0,0,1.2804742575663422e-9,0,1.2804742575663422e-9
0.113,1.2536585797941957e-9,3.915173234500094e-11,0,0,0,0,0,0,0,0,0,0,0,0,0,0,0,0,0,0,0,0,0,0,0,0,0,0,0,0,0,0,0,0,0,0,0,1.2928103121391965e-9,0,1.2928103121391965e-9
0.114,1.264753768614187e-9,4.04660771284376e-11,0,0,0,0,0,0,0,0,0,0,0,0,0,0,0,0,0,0,0,0,0,0,0,0,0,0,0,0,0,0,0,0,0,0,0,1.3052198457426246e-9,0,1.3052198457426246e-9
0.11499999999999999,1.2758489499440917e-9,4.186545579310533e-11,0,0,0,0,0,0,0,0,0,0,0,0,0,0,0,0,0,0,0,0,0,0,0,0,0,0,0,0,0,0,0,0,0,0,0,1.317714405737197e-9,0,1.317714405737197e-9
0.11599999999999999,1.2869441239776337e-9,4.336411386886565e-11,0,0,0,0,0,0,0,0,0,0,0,0,0,0,0,0,0,0,0,0,0,0,0,0,0,0,0,0,0,0,0,0,0,0,0,1.3303082378464993e-9,0,1.3303082378464993e-9
0.11699999999999999,1.2980392909019128e-9,4.4979806118559494e-11,0,0,0,0,0,0,0,0,0,0,0,0,0,0,0,0,0,0,0,0,0,0,0,0,0,0,0,0,0,0,0,0,0,0,0,1.3430190970204724e-9,0,1.3430190970204724e-9
0.118,1.3091344508976866e-9,4.673491540786163e-11,0,0,0,0,0,0,0,0,0,0,0,0,0,0,0,0,0,0,0,0,0,0,0,0,0,0,0,0,0,0,0,0,0,0,0,1.3558693663055482e-9,0,1.3558693663055482e-9
0.119,1.3202296041396355e-9,4.8658024449919316e-11,0,0,0,0,0,0,0,0,0,0,0,0,0,0,0,0,0,0,0,0,0,0,0,0,0,0,0,0,0,0,0,0,0,0,0,1.3688876285895547e-9,0,1.3688876285895547e-9
0.12,1.3313247507966165e-9,5.078616830949734e-11,0,0,0,0,0,0,0,0,0,0,0,0,0,0,0,0,0,0,0,0,0,0,0,0,0,0,0,0,0,0,0,0,0,0,0,1.3821109191061137e-9,0,1.3821109191061137e-9
0.121,1.3424198910319053e-9,5.3168135899146655e-11,0,0,0,0,0,0,0,0,0,0,0,0,0,0,0,0,0,0,0,0,0,0,0,0,0,0,0,0,0,0,0,0,0,0,0,1.3955880269310518e-9,0,1.3955880269310518e-9
0.122,1.3535150250034222e-9,5.586943376261727e-11,0,0,0,0,0,0,0,0,0,0,0,0,0,0,0,0,0,0,0,0,0,0,0,0,0,0,0,0,0,0,0,0,0,0,0,1.4093844587660394e-9,0,1.4093844587660394e-9
0.123,1.3646101528639536e-9,5.897996929769601e-11,0,0,0,0,0,0,0,0,0,0,0,0,0,0,0,0,0,0,0,0,0,0,0,0,0,0,0,0,0,0,0,0,0,0,0,1.4235901221616495e-9,0,1.4235901221616495e-9
0.124,1.3757052747613548e-9,6.262634881724215e-11,0,0,0,0,0,0,0,0,0,0,0,0,0,0,0,0,0,0,0,0,0,0,0,0,0,0,0,0,0,0,0,0,0,0,0,1.4383316235785969e-9,0,1.4383316235785969e-9
0.125,1.3868003908387499e-9,6.699234723038155e-11,0,0,0,0,0,0,0,0,0,0,0,0,0,0,0,0,0,0,0,0,0,0,0,0,0,0,0,0,0,0,0,0,0,0,0,1.4537927380691313e-9,0,1.4537927380691313e-9
0.126,1.3978955012347202e-9,7.235459007475867e-11,0,0,0,0,0,0,0,0,0,0,0,0,0,0,0,0,0,0,0,0,0,0,0,0,0,0,0,0,0,0,0,0,0,0,0,1.470250091309479e-9,0,1.470250091309479e-9
0.127,1.4089906060834807e-9,7.91483000156955e-11,0,0,0,0,0,0,0,0,0,0,0,0,0,0,0,0,0,0,0,0,0,0,0,0,0,0,0,0,0,0,0,0,0,0,0,1.4881389060991762e-9,0,1.4881389060991762e-9
0.128,1.4200857055150512e-9,8.809694691222438e-11,0,0,0,0,0,0,0,0,0,0,0,0,0,0,0,0,0,0,0,0,0,0,0,0,0,0,0,0,0,0,0,0,0,0,0,1.5081826524272756e-9,0,1.5081826524272756e-9
0.129,1.4311807996554227e-9,1.0049063100147558e-10,0,0,0,0,0,0,0,0,0,0,0,0,0,0,0,0,0,0,0,0,0,0,0,0,0,0,0,0,0,0,0,0,0,0,0,1.5316714306568984e-9,0,1.5316714306568984e-9
0.13,1.442275888626705e-9,1.1885348478546944e-10,0,0,0,0,0,0,0,0,0,0,0,0,0,0,0,0,0,0,0,0,0,0,0,0,0,0,0,0,0,0,0,0,0,0,0,1.5611293734121745e-9,0,1.5611293734121745e-9
0.131,1.4533709725472821e-9,1.4880109842218042e-10,0,0,0,0,0,0,0,0,0,0,0,0,0,0,0,0,0,0,0,0,0,0,0,0,0,0,0,0,0,0,0,0,0,0,0,1.6021720709694625e-9,0,1.6021720709694625e-9
0.132,1.4644660515319492e-9,2.054524424968334e-10,0,0,0,0,0,0,0,0,0,0,0,0,0,0,0,0,0,0,0,0,0,0,0,0,0,0,0,0,0,0,0,0,0,0,0,1.6699184940287826e-9,0,1.6699184940287826e-9
0.133,1.475561125692049e-9,3.4474517178418445e-10,0,0,0,0,0,0,0,0,0,0,0,0,0,0,0,0,0,0,0,0,0,0,0,0,0,0,0,0,0,0,0,0,0,0,0,1.8203062974762334e-9,0,1.8203062974762334e-9
0.137,1.5199413761998419e-9,4.225509070459616e-11,0,0,0,0,0,0,0,0,0,0,0,0,0,0,0,0,0,0,0,0,0,0,0,0,0,0,0,0,0,0,0,0,0,0,0,1.562196466904438e-9,0,1.562196466904438e-9
0.138,1.5310364277951058e-9,5.164572549812129e-12,0,0,0,0,0,0,0,0,0,0,0,0,0,0,0,0,0,0,0,0,0,0,0,0,0,0,0,0,0,0,0,0,0,0,0,1.5362010003449178e-9,0,1.5362010003449178e-9
0.139,1.5421314751681823e-9,2.125958516438154e-14,0,0,0,0,0,0,0,0,0,0,0,0,0,0,0,0,0,0,0,0,0,0,0,0,0,0,0,0,0,0,0,0,0,0,0,1.5421527347533467e-9,0,1.5421527347533467e-9
0.14,1.55322651840955e-9,1.3002199837410113e-12,0,0,0,0,0,0,0,0,0,0,0,0,0,0,0,0,0,0,0,0,0,0,0,0,0,0,0,0,0,0,0,0,0,0,0,1.5545267383932912e-9,0,1.5545267383932912e-9
0.14100000000000001,1.5643215576071236e-9,4.019154724455864e-12,0,0,0,0,0,0,0,0,0,0,0,0,0,0,0,0,0,0,0,0,0,0,0,0,0,0,0,0,0,0,0,0,0,0,0,1.5683407123315794e-9,0,1.5683407123315794e-9
0.14200000000000002,1.5754165928463378e-9,6.905986712034506e-12,0,0,0,0,0,0,0,0,0,0,0,0,0,0,0,0,0,0,0,0,0,0,0,0,0,0,0,0,0,0,0,0,0,0,0,1.5823225795583723e-9,0,1.5823225795583723e-9
0.14300000000000002,1.586511624210241e-9,9.607661069157708e-12,0,0,0,0,0,0,0,0,0,0,0,0,0,0,0,0,0,0,0,0,0,0,0,0,0,0,0,0,0,0,0,0,0,0,0,1.5961192852793987e-9,0,1.5961192852793987e-9
0.14400000000000002,1.597606651779571e-9,1.2039627310394438e-11,0,0,0,0,0,0,0,0,0,0,0,0,0,0,0,0,0,0,0,0,0,0,0,0,0,0,0,0,0,0,0,0,0,0,0,1.6096462790899654e-9,0,1.6096462790899654e-9
0.14500000000000002,1.6087016756328415e-9,1.4201200389435288e-11,0,0,0,0,0,0,0,0,0,0,0,0,0,0,0,0,0,0,0,0,0,0,0,0,0,0,0,0,0,0,0,0,0,0,0,1.6229028760222769e-9,0,1.6229028760222769e-9
0.14600000000000002,1.6197966958464128e-9,1.611661514865568e-11,0,0,0,0,0,0,0,0,0,0,0,0,0,0,0,0,0,0,0,0,0,0,0,0,0,0,0,0,0,0,0,0,0,0,0,1.6359133109950683e-9,0,1.6359133109950683e-9
0.14700000000000002,1.6308917124945682e-9,1.7815095034054304e-11,0,0,0,0,0,0,0,0,0,0,0,0,0,0,0,0,0,0,0,0,0,0,0,0,0,0,0,0,0,0,0,0,0,0,0,1.6487068075286224e-9,0,1.6487068075286224e-9
0.14800000000000002,1.6419867256495827e-9,1.932418493040575e-11,0,0,0,0,0,0,0,0,0,0,0,0,0,0,0,0,0,0,0,0,0,0,0,0,0,0,0,0,0,0,0,0,0,0,0,1.6613109105799885e-9,0,1.6613109105799885e-9
0.14900000000000002,1.6530817353817912e-9,2.0667828765969846e-11,0,0,0,0,0,0,0,0,0,0,0,0,0,0,0,0,0,0,0,0,0,0,0,0,0,0,0,0,0,0,0,0,0,0,0,1.6737495641477612e-9,0,1.6737495641477612e-9
0.15000000000000002,1.6641767417596538e-9,2.1866155657902034e-11,0,0,0,0,0,0,0,0,0,0,0,0,0,0,0,0,0,0,0,0,0,0,0,0,0,0,0,0,0,0,0,0,0,0,0,1.6860428974175558e-9,0,1.6860428974175558e-9
0.15100000000000002,1.6752717448498142e-9,2.2935841815193176e-11,0,0,0,0,0,0,0,0,0,0,0,0,0,0,0,0,0,0,0,0,0,0,0,0,0,0,0,0,0,0,0,0,0,0,0,1.6982075866650074e-9,0,1.6982075866650074e-9
0.15200000000000002,1.6863667447171666e-9,2.389061915878236e-11,0,0,0,0,0,0,0,0,0,0,0,0,0,0,0,0,0,0,0,0,0,0,0,0,0,0,0,0,0,0,0,0,0,0,0,1.710257363875949e-9,0,1.710257363875949e-9
0.15300000000000002,1.6974617414249033e-9,2.474177289923766e-11,0,0,0,0,0,0,0,0,0,0,0,0,0,0,0,0,0,0,0,0,0,0,0,0,0,0,0,0,0,0,0,0,0,0,0,1.722203514324141e-9,0,1.722203514324141e-9
0.15400000000000003,1.7085567350345803e-9,2.5498576926843887e-11,0,0,0,0,0,0,0,0,0,0,0,0,0,0,0,0,0,0,0,0,0,0,0,0,0,0,0,0,0,0,0,0,0,0,0,1.7340553119614242e-9,0,1.7340553119614242e-9
0.155,1.719651725606161e-9,2.6168657329008722e-11,0,0,0,0,0,0,0,0,0,0,0,0,0,0,0,0,0,0,0,0,0,0,0,0,0,0,0,0,0,0,0,0,0,0,0,1.7458203829351697e-9,0,1.7458203829351697e-9
0.156,1.730746713198073e-9,2.675828947240329e-11,0,0,0,0,0,0,0,0,0,0,0,0,0,0,0,0,0,0,0,0,0,0,0,0,0,0,0,0,0,0,0,0,0,0,0,1.7575050026704764e-9,0,1.7575050026704764e-9
0.157,1.7418416978672556e-9,2.727263856229881e-11,0,0,0,0,0,0,0,0,0,0,0,0,0,0,0,0,0,0,0,0,0,0,0,0,0,0,0,0,0,0,0,0,0,0,0,1.7691143364295545e-9,0,1.7691143364295545e-9
0.158,1.7529366796692051e-9,2.7715953904287244e-11,0,0,0,0,0,0,0,0,0,0,0,0,0,0,0,0,0,0,0,0,0,0,0,0,0,0,0,0,0,0,0,0,0,0,0,1.7806526335734924e-9,0,1.7806526335734924e-9
0.159,1.7640316586580234e-9,2.8091725941741354e-11,0,0,0,0,0,0,0,0,0,0,0,0,0,0,0,0,0,0,0,0,0,0,0,0,0,0,0,0,0,0,0,0,0,0,0,1.7921233845997648e-9,0,1.7921233845997648e-9
0.16,1.7751266348864583e-9,2.840281362988984e-11,0,0,0,0,0,0,0,0,0,0,0,0,0,0,0,0,0,0,0,0,0,0,0,0,0,0,0,0,0,0,0,0,0,0,0,1.8035294485163483e-9,0,1.8035294485163483e-9
0.161,1.7862216084059477e-9,2.8651548260477105e-11,0,0,0,0,0,0,0,0,0,0,0,0,0,0,0,0,0,0,0,0,0,0,0,0,0,0,0,0,0,0,0,0,0,0,0,1.8148731566664249e-9,0,1.8148731566664249e-9
0.162,1.7973165792666583e-9,2.8839818609619522e-11,0,0,0,0,0,0,0,0,0,0,0,0,0,0,0,0,0,0,0,0,0,0,0,0,0,0,0,0,0,0,0,0,0,0,0,1.8261563978762778e-9,0,1.8261563978762778e-9
0.163,1.8084115475175274e-9,2.8969141268544454e-11,0,0,0,0,0,0,0,0,0,0,0,0,0,0,0,0,0,0,0,0,0,0,0,0,0,0,0,0,0,0,0,0,0,0,0,1.8373806887860718e-9,0,1.8373806887860718e-9
0.164,1.8195065132062975e-9,2.9040719211614242e-11,0,0,0,0,0,0,0,0,0,0,0,0,0,0,0,0,0,0,0,0,0,0,0,0,0,0,0,0,0,0,0,0,0,0,0,1.8485472324179116e-9,0,1.8485472324179116e-9
0.165,1.830601476379554e-9,2.905549102484342e-11,0,0,0,0,0,0,0,0,0,0,0,0,0,0,0,0,0,0,0,0,0,0,0,0,0,0,0,0,0,0,0,0,0,0,0,1.8596569674043973e-9,0,1.8596569674043973e-9
0.166,1.8416964370827602e-9,2.901417272745353e-11,0,0,0,0,0,0,0,0,0,0,0,0,0,0,0,0,0,0,0,0,0,0,0,0,0,0,0,0,0,0,0,0,0,0,0,1.870710609810214e-9,0,1.870710609810214e-9
0.167,1.8527913953602883e-9,2.8917293739634133e-11,0,0,0,0,0,0,0,0,0,0,0,0,0,0,0,0,0,0,0,0,0,0,0,0,0,0,0,0,0,0,0,0,0,0,0,1.8817086890999223e-9,0,1.8817086890999223e-9
0.168,1.8638863512554574e-9,2.8765228257714136e-11,0,0,0,0,0,0,0,0,0,0,0,0,0,0,0,0,0,0,0,0,0,0,0,0,0,0,0,0,0,0,0,0,0,0,0,1.8926515795131716e-9,0,1.8926515795131716e-9
0.169,1.874981304810558e-9,2.855822307465363e-11,0,0,0,0,0,0,0,0,0,0,0,0,0,0,0,0,0,0,0,0,0,0,0,0,0,0,0,0,0,0,0,0,0,0,0,1.9035395278852114e-9,0,1.9035395278852114e-9
0.17,1.8860762560668878e-9,2.8296422714665616e-11,0,0,0,0,0,0,0,0,0,0,0,0,0,0,0,0,0,0,0,0,0,0,0,0,0,0,0,0,0,0,0,0,0,0,0,1.9143726787815533e-9,0,1.9143726787815533e-9
0.171,1.897171205064777e-9,2.7979892624973836e-11,0,0,0,0,0,0,0,0,0,0,0,0,0,0,0,0,0,0,0,0,0,0,0,0,0,0,0,0,0,0,0,0,0,0,0,1.925151097689751e-9,0,1.925151097689751e-9
0.17200000000000001,1.908266151843619e-9,2.7608641077129932e-11,0,0,0,0,0,0,0,0,0,0,0,0,0,0,0,0,0,0,0,0,0,0,0,0,0,0,0,0,0,0,0,0,0,0,0,1.935874792920749e-9,0,1.935874792920749e-9
0.17300000000000001,1.919361096441895e-9,2.7182640369181e-11,0,0,0,0,0,0,0,0,0,0,0,0,0,0,0,0,0,0,0,0,0,0,0,0,0,0,0,0,0,0,0,0,0,0,0,1.946543736811076e-9,0,1.946543736811076e-9
0.17400000000000002,1.9304560388972017e-9,2.6701847884345183e-11,0,0,0,0,0,0,0,0,0,0,0,0,0,0,0,0,0,0,0,0,0,0,0,0,0,0,0,0,0,0,0,0,0,0,0,1.9571578867815467e-9,0,1.9571578867815467e-9
0.17500000000000002,1.9415509792462784e-9,2.6166227549460782e-11,0,0,0,0,0,0,0,0,0,0,0,0,0,0,0,0,0,0,0,0,0,0,0,0,0,0,0,0,0,0,0,0,0,0,0,1.9677172067957394e-9,0,1.9677172067957394e-9
0.17600000000000002,1.9526459175250267e-9,2.5575772246304746e-11,0,0,0,0,0,0,0,0,0,0,0,0,0,0,0,0,0,0,0,0,0,0,0,0,0,0,0,0,0,0,0,0,0,0,0,1.9782216897713314e-9,0,1.9782216897713314e-9
0.17700000000000002,1.963740853768539e-9,2.4930527761479093e-11,0,0,0,0,0,0,0,0,0,0,0,0,0,0,0,0,0,0,0,0,0,0,0,0,0,0,0,0,0,0,0,0,0,0,0,1.988671381530018e-9,0,1.988671381530018e-9
0.17800000000000002,1.974835788011117e-9,2.423061891768349e-11,0,0,0,0,0,0,0,0,0,0,0,0,0,0,0,0,0,0,0,0,0,0,0,0,0,0,0,0,0,0,0,0,0,0,0,1.9990664069288005e-9,0,1.9990664069288005e-9
0.17900000000000002,1.9859307202862974e-9,2.347627861432635e-11,0,0,0,0,0,0,0,0,0,0,0,0,0,0,0,0,0,0,0,0,0,0,0,0,0,0,0,0,0,0,0,0,0,0,0,2.009406998900624e-9,0,2.009406998900624e-9
0.18000000000000002,1.9970256506268713e-9,2.2667880623821356e-11,0,0,0,0,0,0,0,0,0,0,0,0,0,0,0,0,0,0,0,0,0,0,0,0,0,0,0,0,0,0,0,0,0,0,0,2.019693531250693e-9,0,2.019693531250693e-9
0.18100000000000002,2.0081205790649054e-9,2.1805977149306674e-11,0,0,0,0,0,0,0,0,0,0,0,0,0,0,0,0,0,0,0,0,0,0,0,0,0,0,0,0,0,0,0,0,0,0,0,2.029926556214212e-9,0,2.029926556214212e-9
0.18200000000000002,2.019215505631761e-9,2.08913423607298e-11,0,0,0,0,0,0,0,0,0,0,0,0,0,0,0,0,0,0,0,0,0,0,0,0,0,0,0,0,0,0,0,0,0,0,0,2.0401068479924907e-9,0,2.0401068479924907e-9
0.18300000000000002,2.0303104303581136e-9,1.9925023404335818e-11,0,0,0,0,0,0,0,0,0,0,0,0,0,0,0,0,0,0,0,0,0,0,0,0,0,0,0,0,0,0,0,0,0,0,0,2.0502354537624496e-9,0,2.0502354537624496e-9
0.18400000000000002,2.041405353273973e-9,1.8908400746585342e-11,0,0,0,0,0,0,0,0,0,0,0,0,0,0,0,0,0,0,0,0,0,0,0,0,0,0,0,0,0,0,0,0,0,0,0,2.0603137540205584e-9,0,2.0603137540205584e-9
0.18500000000000003,2.052500274408699e-9,1.7843260196561673e-11,0,0,0,0,0,0,0,0,0,0,0,0,0,0,0,0,0,0,0,0,0,0,0,0,0,0,0,0,0,0,0,0,0,0,0,2.0703435346052606e-9,0,2.0703435346052606e-9
0.186,2.0635951937910193e-9,1.6731879592127133e-11,0,0,0,0,0,0,0,0,0,0,0,0,0,0,0,0,0,0,0,0,0,0,0,0,0,0,0,0,0,0,0,0,0,0,0,2.0803270733831463e-9,0,2.0803270733831463e-9
0.187,2.0746901114490507e-9,1.557713399256611e-11,0,0,0,0,0,0,0,0,0,0,0,0,0,0,0,0,0,0,0,0,0,0,0,0,0,0,0,0,0,0,0,0,0,0,0,2.090267245441617e-9,0,2.090267245441617e-9
0.188,2.085785027410307e-9,1.4382624377642894e-11,0,0,0,0,0,0,0,0,0,0,0,0,0,0,0,0,0,0,0,0,0,0,0,0,0,0,0,0,0,0,0,0,0,0,0,2.10016765178795e-9,0,2.10016765178795e-9
0.189,2.0968799417017236e-9,1.3152836430959576e-11,0,0,0,0,0,0,0,0,0,0,0,0,0,0,0,0,0,0,0,0,0,0,0,0,0,0,0,0,0,0,0,0,0,0,0,2.110032778132683e-9,0,2.110032778132683e-9
0.19,2.107974854349665e-9,1.189333816253543e-11,0,0,0,0,0,0,0,0,0,0,0,0,0,0,0,0,0,0,0,0,0,0,0,0,0,0,0,0,0,0,0,0,0,0,0,2.1198681925122005e-9,0,2.1198681925122005e-9
0.191,2.1190697653799475e-9,1.0611028168328316e-11,0,0,0,0,0,0,0,0,0,0,0,0,0,0,0,0,0,0,0,0,0,0,0,0,0,0,0,0,0,0,0,0,0,0,0,2.1296807935482756e-9,0,2.1296807935482756e-9
0.192,2.1301646748178472e-9,9.314450638740658e-12,0,0,0,0,0,0,0,0,0,0,0,0,0,0,0,0,0,0,0,0,0,0,0,0,0,0,0,0,0,0,0,0,0,0,0,2.139479125456588e-9,0,2.139479125456588e-9
0.193,2.1412595826881173e-9,8.01419944315136e-12,0,0,0,0,0,0,0,0,0,0,0,0,0,0,0,0,0,0,0,0,0,0,0,0,0,0,0,0,0,0,0,0,0,0,0,2.1492737821312687e-9,0,2.1492737821312687e-9
0.194,2.1523544890149977e-9,6.723442728963296e-12,0,0,0,0,0,0,0,0,0,0,0,0,0,0,0,0,0,0,0,0,0,0,0,0,0,0,0,0,0,0,0,0,0,0,0,2.159077931743961e-9,0,2.159077931743961e-9
0.195,2.163449393822237e-9,5.4586130942957484e-12,0,0,0,0,0,0,0,0,0,0,0,0,0,0,0,0,0,0,0,0,0,0,0,0,0,0,0,0,0,0,0,0,0,0,0,2.1689080069165326e-9,0,2.1689080069165326e-9
0.196,2.174544297133094e-9,4.240329202235672e-12,0,0,0,0,0,0,0,0,0,0,0,0,0,0,0,0,0,0,0,0,0,0,0,0,0,0,0,0,0,0,0,0,0,0,0,2.1787846263353297e-9,0,2.1787846263353297e-9
0.197,2.1856391989703567e-9,3.0946472799430205e-12,0,0,0,0,0,0,0,0,0,0,0,0,0,0,0,0,0,0,0,0,0,0,0,0,0,0,0,0,0,0,0,0,0,0,0,2.1887338462503e-9,0,2.1887338462503e-9
0.198,2.1967340993563523e-9,2.0547933665231063e-12,0,0,0,0,0,0,0,0,0,0,0,0,0,0,0,0,0,0,0,0,0,0,0,0,0,0,0,0,0,0,0,0,0,0,0,2.1987888927228753e-9,0,2.1987888927228753e-9
0.199,2.2078289983129613e-9,1.1636142199452561e-12,0,0,0,0,0,0,0,0,0,0,0,0,0,0,0,0,0,0,0,0,0,0,0,0,0,0,0,0,0,0,0,0,0,0,0,2.2089926125329065e-9,0,2.2089926125329065e-9
0.2,2.2189238958616245e-9,4.771346520456143e-13,0,0,0,0,0,0,0,0,0,0,0,0,0,0,0,0,0,0,0,0,0,0,0,0,0,0,0,0,0,0,0,0,0,0,0,2.2194010305136703e-9,0,2.2194010305136703e-9
0.201,2.2300187920233556e-9,6.987812430221171e-14,0,0,0,0,0,0,0,0,0,0,0,0,0,0,0,0,0,0,0,0,0,0,0,0,0,0,0,0,0,0,0,0,0,0,0,2.2300886701476577e-9,0,2.2300886701476577e-9
0.202,2.2411136868187536e-9,4.311505047801414e-14,0,0,0,0,0,0,0,0,0,0,0,0,0,0,0,0,0,0,0,0,0,0,0,0,0,0,0,0,0,0,0,0,0,0,0,2.2411568018692317e-9,0,2.2411568018692317e-9
0.203,2.252208580268011e-9,5.382194622695098e-13,0,0,0,0,0,0,0,0,0,0,0,0,0,0,0,0,0,0,0,0,0,0,0,0,0,0,0,0,0,0,0,0,0,0,0,2.2527467997302803e-9,0,2.2527467997302803e-9
0.20400000000000001,2.2633034723909252e-9,1.7595022520597118e-12,0,0,0,0,0,0,0,0,0,0,0,0,0,0,0,0,0,0,0,0,0,0,0,0,0,0,0,0,0,0,0,0,0,0,0,2.265062974642985e-9,0,2.265062974642985e-9
0.20500000000000002,2.274398363206906e-9,4.01604781185095e-12,0,0,0,0,0,0,0,0,0,0,0,0,0,0,0,0,0,0,0,0,0,0,0,0,0,0,0,0,0,0,0,0,0,0,0,2.278414411018757e-9,0,2.278414411018757e-9
0.20600000000000002,2.285493252734987e-9,7.805778553347916e-12,0,0,0,0,0,0,0,0,0,0,0,0,0,0,0,0,0,0,0,0,0,0,0,0,0,0,0,0,0,0,0,0,0,0,0,2.293299031288335e-9,0,2.293299031288335e-9
0.20700000000000002,2.296588140993833e-9,1.4007767425582758e-11,0,0,0,0,0,0,0,0,0,0,0,0,0,0,0,0,0,0,0,0,0,0,0,0,0,0,0,0,0,0,0,0,0,0,0,2.3105959084194155e-9,0,2.3105959084194155e-9
0.20800000000000002,2.307683028001753e-9,2.4419162113678393e-11,0,0,0,0,0,0,0,0,0,0,0,0,0,0,0,0,0,0,0,0,0,0,0,0,0,0,0,0,0,0,0,0,0,0,0,2.3321021901154313e-9,0,2.3321021901154313e-9
0.20900000000000002,2.3187779137767004e-9,4.390997774030658e-11,0,0,0,0,0,0,0,0,0,0,0,0,0,0,0,0,0,0,0,0,0,0,0,0,0,0,0,0,0,0,0,0,0,0,0,2.3626878915170072e-9,0,2.3626878915170072e-9
0.21000000000000002,2.329872798336292e-9,1.275117988146858e-10,0,0,0,0,0,0,0,0,0,0,0,0,0,0,0,0,0,0,0,0,0,0,0,0,0,0,0,0,0,0,0,0,0,0,0,2.4573845971509777e-9,0,2.4573845971509777e-9
0.21100000000000002,2.3409676816978064e-9,7.063700793303507e-10,0.000010039162351647547,0,0,0,0,0,0,0,0,0,0,0,0,0,0,0,0,0,0,0,0,0,0,0,0,0,0,0,0,0,0,0,0,0,0,0.000010042209689408576,0,0.000010042209689408576
0.21200000000000002,2.352062563878199e-9,7.541471171510188e-10,0.000014214371213752321,0,0,0,0,0,0,0,0,0,0,0,0,0,0,0,0,0,0,0,0,0,0,0,0,0,0,0,0,0,0,0,0,0,0,0.00001421747742343335,0,0.00001421747742343335
0.21300000000000002,2.3631574448941044e-9,7.920501633032276e-10,0.000017429592790390646,0,0,0,0,0,0,0,0,0,0,0,0,0,0,0,0,0,0,0,0,0,0,0,0,0,0,0,0,0,0,0,0,0,0,0.000017432747997998842,0,0.000017432747997998842
0.21400000000000002,2.374252324761849e-9,8.249809045747942e-10,0.000020149735686410466,0,0,0,0,0,0,0,0,0,0,0,0,0,0,0,0,0,0,0,0,0,0,0,0,0,0,0,0,0,0,0,0,0,0,0.000020152934919639803,0,0.000020152934919639803
0.21500000000000002,2.385347203497453e-9,8.548305322482741e-10,0.00002255463985929386,0,0,0,0,0,0,0,0,0,0,0,0,0,0,0,0,0,0,0,0,0,0,0,0,0,0,0,0,0,0,0,0,0,0,0.000022557880037029605,0,0.000022557880037029605
0.21600000000000003,2.3964420811166415e-9,8.825650605660082e-10,0.00002473642047042317,0,0,0,0,0,0,0,0,0,0,0,0,0,0,0,0,0,0,0,0,0,0,0,0,0,0,0,0,0,0,0,0,0,0,0.000024739699477564853,0,0.000024739699477564853
0.21700000000000003,2.4075369576348493e-9,9.087559033159978e-10,0.00002674972904075048,0,0,0,0,0,0,0,0,0,0,0,0,0,0,0,0,0,0,0,0,0,0,0,0,0,0,0,0,0,0,0,0,0,0,0.00002675304533361143,0,0.00002675304533361143
0.21800000000000003,2.418631833067227e-9,9.33773675203375e-10,0.00002863012918892345,0,0,0,0,0,0,0,0,0,0,0,0,0,0,0,0,0,0,0,0,0,0,0,0,0,0,0,0,0,0,0,0,0,0,0.00002863348159443172,0,0.00002863348159443172
0.219,2.4297267074286496e-9,9.578745502937818e-10,0.000030402292323971193,0,0,0,0,0,0,0,0,0,0,0,0,0,0,0,0,0,0,0,0,0,0,0,0,0,0,0,0,0,0,0,0,0,0,0.000030405679925228917,0,0.000030405679925228917
0.22,2.440821580733722e-9,9.81244069307098e-10,0.00003208415882155604,0,0,0,0,0,0,0,0,0,0,0,0,0,0,0,0,0,0,0,0,0,0,0,0,0,0,0,0,0,0,0,0,0,0,0.00003208758088720608,0,0.00003208758088720608
0.221,2.451916452996783e-9,1.0040215102591186e-9,0.00003368925501667175,0,0,0,0,0,0,0,0,0,0,0,0,0,0,0,0,0,0,0,0,0,0,0,0,0,0,0,0,0,0,0,0,0,0,0.000033692710954635,0,0.000033692710954635
0.222,2.4630113242319146e-9,1.026314421296318e-9,0.000035228076124402926,0,0,0,0,0,0,0,0,0,0,0,0,0,0,0,0,0,0,0,0,0,0,0,0,0,0,0,0,0,0,0,0,0,0,0.00003523156545014846,0,0.00003523156545014846
0.223,2.474106194452946e-9,1.0482077709185434e-9,0.000036708957746468276,0,0,0,0,0,0,0,0,0,0,0,0,0,0,0,0,0,0,0,0,0,0,0,0,0,0,0,0,0,0,0,0,0,0,0.00003671248006043365,0,0.00003671248006043365
0.224,2.4852010636734597e-9,1.069769966864265e-9,0.000038138649658766615,0,0,0,0,0,0,0,0,0,0,0,0,0,0,0,0,0,0,0,0,0,0,0,0,0,0,0,0,0,0,0,0,0,0,0.00003814220462979715,0,0.00003814220462979715
0.225,2.496295931906795e-9,1.0910569605240457e-9,0.000039522707451706265,0,0,0,0,0,0,0,0,0,0,0,0,0,0,0,0,0,0,0,0,0,0,0,0,0,0,0,0,0,0,0,0,0,0,0.000039526294804598695,0,0.000039526294804598695
0.226,2.507390799166056e-9,1.1121151317051705e-9,0.00004086576805088895,0,0,0,0,0,0,0,0,0,0,0,0,0,0,0,0,0,0,0,0,0,0,0,0,0,0,0,0,0,0,0,0,0,0,0.00004086938755681982,0,0.00004086938755681982
0.227,2.5184856654641175e-9,1.1329833689978433e-9,0.000042171748600476957,0,0,0,0,0,0,0,0,0,0,0,0,0,0,0,0,0,0,0,0,0,0,0,0,0,0,0,0,0,0,0,0,0,0,0.000042175400069511416,0,0.000042175400069511416
0.228,2.5295805308136264e-9,1.153694603668109e-9,0.00004344399324660986,0,0,0,0,0,0,0,0,0,0,0,0,0,0,0,0,0,0,0,0,0,0,0,0,0,0,0,0,0,0,0,0,0,0,0.000043447676521744345,0,0.000043447676521744345
0.229,2.5406753952270104e-9,1.1742769626692416e-9,0.0000446853835829795,0,0,0,0,0,0,0,0,0,0,0,0,0,0,0,0,0,0,0,0,0,0,0,0,0,0,0,0,0,0,0,0,0,0,0.00004468909853533739,0,0.00004468909853533739
0.23,2.551770258716479e-9,1.1947546501778875e-9,0.00004589842317837751,0,0,0,0,0,0,0,0,0,0,0,0,0,0,0,0,0,0,0,0,0,0,0,0,0,0,0,0,0,0,0,0,0,0,0.000045902169703286405,0,0.000045902169703286405
0.231,2.562865121294031e-9,1.2151486317796174e-9,0.000047085303249758394,0,0,0,0,0,0,0,0,0,0,0,0,0,0,0,0,0,0,0,0,0,0,0,0,0,0,0,0,0,0,0,0,0,0,0.000047089081263511466,0,0.000047089081263511466
0.232,2.5739599829714586e-9,1.2354771726526584e-9,0.00004824795437672846,0,0,0,0,0,0,0,0,0,0,0,0,0,0,0,0,0,0,0,0,0,0,0,0,0,0,0,0,0,0,0,0,0,0,0.00004825176381388408,0,0.00004825176381388408
0.233,2.585054843760354e-9,1.255756266031563e-9,0.00004938808771872941,0,0,0,0,0,0,0,0,0,0,0,0,0,0,0,0,0,0,0,0,0,0,0,0,0,0,0,0,0,0,0,0,0,0,0.0000493919285298392,0,0.0000493919285298392
0.234,2.5961497036721065e-9,1.2759999780450983e-9,0.00005050722822570877,0,0,0,0,0,0,0,0,0,0,0,0,0,0,0,0,0,0,0,0,0,0,0,0,0,0,0,0,0,0,0,0,0,0,0.000050511100375390486,0,0.000050511100375390486
0.23500000000000001,2.607244562717914e-9,1.2962207279980327e-9,0.000051606741663581387,0,0,0,0,0,0,0,0,0,0,0,0,0,0,0,0,0,0,0,0,0,0,0,0,0,0,0,0,0,0,0,0,0,0,0.000051610645128872106,0,0.000051610645128872106
0.23600000000000002,2.6183394209087842e-9,1.316429518236373e-9,0.000052687856805684364,0,0,0,0,0,0,0,0,0,0,0,0,0,0,0,0,0,0,0,0,0,0,0,0,0,0,0,0,0,0,0,0,0,0,0.00005269179157462351,0,0.00005269179157462351
0.23700000000000002,2.6294342782555403e-9,1.3366361242191364e-9,0.000053751683805978144,0,0,0,0,0,0,0,0,0,0,0,0,0,0,0,0,0,0,0,0,0,0,0,0,0,0,0,0,0,0,0,0,0,0,0.00005375564987638062,0,0.00005375564987638062
0.23800000000000002,2.640529134768823e-9,1.356849252874855e-9,0.00005479922952684901,0,0,0,0,0,0,0,0,0,0,0,0,0,0,0,0,0,0,0,0,0,0,0,0,0,0,0,0,0,0,0,0,0,0,0.000054803226905236655,0,0.000054803226905236655
0.23900000000000002,2.6516239904590945e-9,1.3770766754540623e-9,0.00005583141041610528,0,0,0,0,0,0,0,0,0,0,0,0,0,0,0,0,0,0,0,0,0,0,0,0,0,0,0,0,0,0,0,0,0,0,0.00005583543911677119,0,0.00005583543911677119
0.24000000000000002,2.662718845336639e-9,1.3973253397025886e-9,0.000056849063395308226,0,0,0,0,0,0,0,0,0,0,0,0,0,0,0,0,0,0,0,0,0,0,0,0,0,0,0,0,0,0,0,0,0,0,0.000056853123439493266,0,0.000056853123439493266
0.24100000000000002,2.673813699411579e-9,1.4176014651390573e-9,0.00005785295512204051,0,0,0,0,0,0,0,0,0,0,0,0,0,0,0,0,0,0,0,0,0,0,0,0,0,0,0,0,0,0,0,0,0,0,0.00005785704653720506,0,0.00005785704653720506
0.24200000000000002,2.6849085526938613e-9,1.4379106244293788e-9,0.000058843789913114653,0,0,0,0,0,0,0,0,0,0,0,0,0,0,0,0,0,0,0,0,0,0,0,0,0,0,0,0,0,0,0,0,0,0,0.00005884791273229178,0,0.00005884791273229178
0.24300000000000002,2.6960034051932724e-9,1.4582578132449858e-9,0.00005982221655774375,0,0,0,0,0,0,0,0,0,0,0,0,0,0,0,0,0,0,0,0,0,0,0,0,0,0,0,0,0,0,0,0,0,0,0.000059826370818962186,0,0.000059826370818962186
0.24400000000000002,2.7070982569194384e-9,1.4786475105227237e-9,0.000060788834204821575,0,0,0,0,0,0,0,0,0,0,0,0,0,0,0,0,0,0,0,0,0,0,0,0,0,0,0,0,0,0,0,0,0,0,0.00006079301995058902,0,0.00006079301995058902
0.24500000000000002,2.7181931078818255e-9,1.499083730678546e-9,0.00006174419747342948,0,0,0,0,0,0,0,0,0,0,0,0,0,0,0,0,0,0,0,0,0,0,0,0,0,0,0,0,0,0,0,0,0,0,0.00006174841475026804,0,0.00006174841475026804
0.24600000000000002,2.729287958089752e-9,1.5195700690394622e-9,0.0000626888209081277,0,0,0,0,0,0,0,0,0,0,0,0,0,0,0,0,0,0,0,0,0,0,0,0,0,0,0,0,0,0,0,0,0,0,0.00006269306976615483,0,0.00006269306976615483
0.24700000000000003,2.740382807552379e-9,1.540109741530301e-9,0.0000636231828787403,0,0,0,0,0,0,0,0,0,0,0,0,0,0,0,0,0,0,0,0,0,0,0,0,0,0,0,0,0,0,0,0,0,0,0.00006362746337128938,0,0.00006362746337128938
0.24800000000000003,2.751477656278723e-9,1.5607056194700184e-9,0.00006454772900690496,0,0,0,0,0,0,0,0,0,0,0,0,0,0,0,0,0,0,0,0,0,0,0,0,0,0,0,0,0,0,0,0,0,0,0.00006455204119018072,0,0.00006455204119018072
0.24900000000000003,2.7625725042776552e-9,1.5813602601861997e-9,0.00006546287518764297,0,0,0,0,0,0,0,0,0,0,0,0,0,0,0,0,0,0,0,0,0,0,0,0,0,0,0,0,0,0,0,0,0,0,0.00006546721912040744,0,0.00006546721912040744
0.25,2.7736673515579033e-9,1.6020759340384204e-9,0.00006636901026287704,0,0,0,0,0,0,0,0,0,0,0,0,0,0,0,0,0,0,0,0,0,0,0,0,0,0,0,0,0,0,0,0,0,0,0.00006637338600616264,0,0.00006637338600616264
0.251,2.7847621981280606e-9,1.6228546483451593e-9,0.00006726649839460738,0,0,0,0,0,0,0,0,0,0,0,0,0,0,0,0,0,0,0,0,0,0,0,0,0,0,0,0,0,0,0,0,0,0,0.00006727090601145385,0,0.00006727090601145385
0.252,2.795857043996577e-9,1.643698168630557e-9,0.00006815568117792114,0,0,0,0,0,0,0,0,0,0,0,0,0,0,0,0,0,0,0,0,0,0,0,0,0,0,0,0,0,0,0,0,0,0,0.00006816012073313377,0,0.00006816012073313377
0.253,2.806951889171774e-9,1.6646080375428588e-9,0.00006903687952781487,0,0,0,0,0,0,0,0,0,0,0,0,0,0,0,0,0,0,0,0,0,0,0,0,0,0,0,0,0,0,0,0,0,0,0.00006904135108774158,0,0.00006904135108774158
0.254,2.8180467336618412e-9,1.6855855917431785e-9,0.0000699103953686896,0,0,0,0,0,0,0,0,0,0,0,0,0,0,0,0,0,0,0,0,0,0,0,0,0,0,0,0,0,0,0,0,0,0,0.000069914899001015,0,0.000069914899001015
0.255,2.8291415774748376e-9,1.7066319770190483e-9,0.00007077651315112832,0,0,0,0,0,0,0,0,0,0,0,0,0,0,0,0,0,0,0,0,0,0,0,0,0,0,0,0,0,0,0,0,0,0,0.00007078104892468281,0,0.00007078104892468281
0.256,2.840236420618699e-9,1.7277481618404421e-9,0.00007163550121702273,0,0,0,0,0,0,0,0,0,0,0,0,0,0,0,0,0,0,0,0,0,0,0,0,0,0,0,0,0,0,0,0,0,0,0.00007164006920160519,0,0.00007164006920160519
0.257,2.8513312631012376e-9,1.7489349495450937e-9,0.00007248761303114603,0,0,0,0,0,0,0,0,0,0,0,0,0,0,0,0,0,0,0,0,0,0,0,0,0,0,0,0,0,0,0,0,0,0,0.00007249221329735867,0,0.00007249221329735867
0.258,2.8624261049301396e-9,1.7701929893141498e-9,0.00007333308829477421,0,0,0,0,0,0,0,0,0,0,0,0,0,0,0,0,0,0,0,0,0,0,0,0,0,0,0,0,0,0,0,0,0,0,0.00007333772091386846,0,0.00007333772091386846
0.259,2.8735209461129796e-9,1.7915227860772195e-9,0.00007417215395485026,0,0,0,0,0,0,0,0,0,0,0,0,0,0,0,0,0,0,0,0,0,0,0,0,0,0,0,0,0,0,0,0,0,0,0.00007417681899858246,0,0.00007417681899858246
0.26,2.8846157866572117e-9,1.812924709467468e-9,0.0000750050251203994,0,0,0,0,0,0,0,0,0,0,0,0,0,0,0,0,0,0,0,0,0,0,0,0,0,0,0,0,0,0,0,0,0,0,0.00007500972266089553,0,0.00007500972266089553
0.261,2.895710626570174e-9,1.8343990019316438e-9,0.0000758319058963861,0,0,0,0,0,0,0,0,0,0,0,0,0,0,0,0,0,0,0,0,0,0,0,0,0,0,0,0,0,0,0,0,0,0,0.0000758366360060146,0,0.0000758366360060146
0.262,2.906805465859098e-9,1.8559457860865118e-9,0.00007665299014390668,0,0,0,0,0,0,0,0,0,0,0,0,0,0,0,0,0,0,0,0,0,0,0,0,0,0,0,0,0,0,0,0,0,0,0.00007665775289515863,0,0.00007665775289515863
0.263,2.9179003045310995e-9,1.8775650714016943e-9,0.00007746846217450183,0,0,0,0,0,0,0,0,0,0,0,0,0,0,0,0,0,0,0,0,0,0,0,0,0,0,0,0,0,0,0,0,0,0,0.00007747325763987777,0,0.00007747325763987777
0.264,2.9289951425931913e-9,1.8992567602790717e-9,0.00007827849738542168,0,0,0,0,0,0,0,0,0,0,0,0,0,0,0,0,0,0,0,0,0,0,0,0,0,0,0,0,0,0,0,0,0,0,0.00007828332563732456,0,0.00007828332563732456
0.265,2.9400899800522764e-9,1.921020653590386e-9,0.0000790832628418529,0,0,0,0,0,0,0,0,0,0,0,0,0,0,0,0,0,0,0,0,0,0,0,0,0,0,0,0,0,0,0,0,0,0,0.00007908812395248654,0,0.00007908812395248654
0.266,2.9511848169151574e-9,1.9428564557274206e-9,0.0000798829178114107,0,0,0,0,0,0,0,0,0,0,0,0,0,0,0,0,0,0,0,0,0,0,0,0,0,0,0,0,0,0,0,0,0,0,0.00007988781185268334,0,0.00007988781185268334
0.267,2.962279653188531e-9,1.9647637792127052e-9,0.00008067761425558192,0,0,0,0,0,0,0,0,0,0,0,0,0,0,0,0,0,0,0,0,0,0,0,0,0,0,0,0,0,0,0,0,0,0,0.00008068254129901432,0,0.00008068254129901432
0.268,2.9733744888789986e-9,1.9867421489133034e-9,0.00008146749728227345,0,0,0,0,0,0,0,0,0,0,0,0,0,0,0,0,0,0,0,0,0,0,0,0,0,0,0,0,0,0,0,0,0,0,0.00008147245739891124,0,0.00008147245739891124
0.269,2.9844693239930593e-9,2.0087910058953087e-9,0.00008225270556315377,0,0,0,0,0,0,0,0,0,0,0,0,0,0,0,0,0,0,0,0,0,0,0,0,0,0,0,0,0,0,0,0,0,0,0.00008225769882348365,0,0.00008225769882348365
0.27,2.9955641585371185e-9,2.0309097109525983e-9,0.00008303337171907073,0,0,0,0,0,0,0,0,0,0,0,0,0,0,0,0,0,0,0,0,0,0,0,0,0,0,0,0,0,0,0,0,0,0,0.00008303839819294022,0,0.00008303839819294022
0.271,3.006658992517487e-9,2.0530975478397297e-9,0.00008380962267647292,0,0,0,0,0,0,0,0,0,0,0,0,0,0,0,0,0,0,0,0,0,0,0,0,0,0,0,0,0,0,0,0,0,0,0.00008381468243301328,0,0.00008381468243301328
0.272,3.017753825940381e-9,2.0753537262355616e-9,0.00008458157999744999,0,0,0,0,0,0,0,0,0,0,0,0,0,0,0,0,0,0,0,0,0,0,0,0,0,0,0,0,0,0,0,0,0,0,0.00008458667310500216,0,0.00008458667310500216
0.273,3.0288486588119264e-9,2.0976773844614793e-9,0.00008534936018573413,0,0,0,0,0,0,0,0,0,0,0,0,0,0,0,0,0,0,0,0,0,0,0,0,0,0,0,0,0,0,0,0,0,0,0.0000853544867117774,0,0.0000853544867117774
0.274,3.0399434911381606e-9,2.1200675919755777e-9,0.00008611307497076273,0,0,0,0,0,0,0,0,0,0,0,0,0,0,0,0,0,0,0,0,0,0,0,0,0,0,0,0,0,0,0,0,0,0,0.00008611823498184585,0,0.00008611823498184585
0.275,3.0510383229250333e-9,2.1425233516618948e-9,0.00008687283157168932,0,0,0,0,0,0,0,0,0,0,0,0,0,0,0,0,0,0,0,0,0,0,0,0,0,0,0,0,0,0,0,0,0,0,0.00008687802513336391,0,0.00008687802513336391
0.276,3.062133154178405e-9,2.1650436019320293e-9,0.00008762873294304143,0,0,0,0,0,0,0,0,0,0,0,0,0,0,0,0,0,0,0,0,0,0,0,0,0,0,0,0,0,0,0,0,0,0,0.00008763396011979754,0,0.00008763396011979754
0.277,3.073227984904057e-9,2.1876272186545083e-9,0.0000883808780035565,0,0,0,0,0,0,0,0,0,0,0,0,0,0,0,0,0,0,0,0,0,0,0,0,0,0,0,0,0,0,0,0,0,0,0.00008838613885876007,0,0.00008838613885876007
0.278,3.084322815107682e-9,2.210273016926002e-9,0.00008912936184957834,0,0,0,0,0,0,0,0,0,0,0,0,0,0,0,0,0,0,0,0,0,0,0,0,0,0,0,0,0,0,0,0,0,0,0.00008913465644541038,0,0.00008913465644541038
0.279,3.0954176447948925e-9,2.232979752696968e-9,0.00008987427595426557,0,0,0,0,0,0,0,0,0,0,0,0,0,0,0,0,0,0,0,0,0,0,0,0,0,0,0,0,0,0,0,0,0,0,0.00008987960435166306,0,0.00008987960435166306
0.28,3.1065124739712225e-9,2.255746124263117e-9,0.00009061570835374384,0,0,0,0,0,0,0,0,0,0,0,0,0,0,0,0,0,0,0,0,0,0,0,0,0,9.9849299658434e-25,0,0,0,0,0,0,0,0,0.00009062107061234208,9.9849299658434e-25,0.00009062107061234208
0.281,3.1176073026421285e-9,2.2785707736330987e-9,0.00009135374382123008,0,0,0,0,0,0,0,0,0,0,0,0,0,0,0,0,0,0,0,0,0,0,0,0,0,7.046435546294122e-23,0,0,0,0,0,0,0,0,0.00009135913999930635,7.046435546294122e-23,0.00009135913999930635
0.28200000000000003,3.1287021308129836e-9,2.3014522877817434e-9,0.00009208846403006173,0,0,0,0,0,0,0,0,0,0,0,0,0,0,0,0,0,0,0,0,0,0,0,0,0,7.616153484985069e-22,0,0,0,0,0,0,0,0,0.00009209389418448033,7.616153484985069e-22,0.00009209389418448033
0.28300000000000003,3.1397969584890917e-9,2.3243891997973852e-9,0.00009281994770648118,0,0,0,0,0,0,0,0,0,0,0,0,0,0,0,0,0,0,0,0,0,0,0,0,0,4.018192023599408e-21,0,0,0,0,0,0,0,0,0.00009282541189263947,4.018192023599408e-21,0.00009282541189263947
0.28400000000000003,3.1508917856756763e-9,2.347379989931059e-9,0.00009354827077294745,0,0,0,0,0,0,0,0,0,0,0,0,0,0,0,0,0,0,0,0,0,0,0,0,0,1.4468182940595212e-20,0,0,0,0,0,0,0,0,0.00009355376904472305,1.4468182940595212e-20,0.00009355376904472306
0.28500000000000003,3.161986612377893e-9,2.3704230865545306e-9,0.00009427350648268245,0,0,0,0,0,0,0,0,0,0,0,0,0,0,0,0,0,0,0,0,0,0,0,0,0,4.106691423646059e-20,0,0,0,0,0,0,0,0,0.00009427903889238138,4.106691423646059e-20,0.00009427903889238142
0.28600000000000003,3.1730814386008217e-9,2.393516867033668e-9,0.00009499572554609457,0,0,0,0,0,0,0,0,0,0,0,0,0,0,0,0,0,0,0,0,0,0,0,0,0,9.908943993008177e-20,0,0,0,0,0,0,0,0,0.0000950012921444002,9.908943993008177e-20,0.0000950012921444003
0.28700000000000003,3.1841762643494736e-9,2.4166596585229776e-9,0.0000957149962496701,0,0,0,0,0,0,0,0,0,0,0,0,0,0,0,0,0,0,0,0,0,0,0,0,0,2.124582660459594e-19,0,0,0,0,0,0,0,0,0.00009572059708559298,2.124582660459594e-19,0.00009572059708559319
0.28800000000000003,3.195271089628785e-9,2.4398497386866627e-9,0.00009643138456787114,0,0,0,0,0,0,0,0,0,0,0,0,0,0,0,0,0,0,0,0,0,0,0,0,0,4.16406029288059e-19,0,0,0,0,0,0,0,0,0.00009643701968869945,4.16406029288059e-19,0.00009643701968869987
0.28900000000000003,3.206365914443633e-9,2.4630853363511268e-9,0.00009714495426853548,0,0,0,0,0,0,0,0,0,0,0,0,0,0,0,0,0,0,0,0,0,0,0,0,0,7.605059729451145e-19,0,0,0,0,0,0,0,0,0.00009715062371978627,7.605059729451145e-19,0.00009715062371978703
0.29000000000000004,3.2174607387988198e-9,2.4863646320933375e-9,0.00009785576701223037,0,0,0,0,0,0,0,0,0,0,0,0,0,0,0,0,0,0,0,0,0,0,0,0,0,1.3125264348734104e-18,0,0,0,0,0,0,0,0,0.00009786147083760127,1.3125264348734104e-18,0.00009786147083760258
0.29100000000000004,3.2285555626990845e-9,2.5096857587692785e-9,0.00009856388244597943,0,0,0,0,0,0,0,0,0,0,0,0,0,0,0,0,0,0,0,0,0,0,0,0,0,2.161206841163327e-18,0,0,0,0,0,0,0,0,0.0000985696206873009,2.161206841163327e-18,0.00009856962068730305
0.29200000000000004,3.2396503861491007e-9,2.5330468019860895e-9,0.00009926935829174415,0,0,0,0,0,0,0,0,0,0,0,0,0,0,0,0,0,0,0,0,0,0,0,0,0,3.4216864424759813e-18,0,0,0,0,0,0,0,0,0.00009927513098893228,3.4216864424759813e-18,0.0000992751309889357
0.29300000000000004,3.250745209153481e-9,2.556445800521511e-9,0.00009997225043001369,0,0,0,0,0,0,0,0,0,0,0,0,0,0,0,0,0,0,0,0,0,0,0,0,0,5.2398444280059086e-18,0,0,0,0,0,0,0,0,0.00009997805762102336,5.2398444280059086e-18,0.0000999780576210286
0.29400000000000004,3.26184003171677e-9,2.5798807466937064e-9,0.0001006726129788283,0,0,0,0,0,0,0,0,0,0,0,0,0,0,0,0,0,0,0,0,0,0,0,0,0,7.798191093904953e-18,0,0,0,0,0,0,0,0,0.00010067845469960672,7.798191093904953e-18,0.00010067845469961451
0.29500000000000004,3.272934853843453e-9,2.60334958668441e-9,0.00010137049836853616,0,0,0,0,0,0,0,0,0,0,0,0,0,0,0,0,0,0,0,0,0,0,0,0,0,1.1319345545699455e-17,0,0,0,0,0,0,0,0,0.00010137637465297669,1.1319345545699455e-17,0.00010137637465298801
0.29600000000000004,3.2840296755379588e-9,2.626850220818111e-9,0.00010206595741256106,0,0,0,0,0,0,0,0,0,0,0,0,0,0,0,0,0,0,0,0,0,0,0,0,0,1.607749473735287e-17,0,0,0,0,0,0,0,0,0.00010207186829245742,1.607749473735287e-17,0.00010207186829247349
0.29700000000000004,3.2951244968046483e-9,2.6503805037996875e-9,0.0001027590393744362,0,0,0,0,0,0,0,0,0,0,0,0,0,0,0,0,0,0,0,0,0,0,0,0,0,2.239269672459971e-17,0,0,0,0,0,0,0,0,0.0001027649848794368,2.239269672459971e-17,0.00010276498487945919
0.29800000000000004,3.3062193176478317e-9,2.6739382449128395e-9,0.00010344979203134251,0,0,0,0,0,0,0,0,0,0,0,0,0,0,0,0,0,0,0,0,0,0,0,0,0,3.065684304250759e-17,0,0,0,0,0,0,0,0,0.00010345577218890507,3.065684304250759e-17,0.00010345577218893572
0.299,3.317314138071757e-9,2.6975212081813738e-9,0.00010413826173436915,0,0,0,0,0,0,0,0,0,0,0,0,0,0,0,0,0,0,0,0,0,0,0,0,0,4.132352760492189e-17,0,0,0,0,0,0,0,0,0.0001041442765697154,4.132352760492189e-17,0.00010414427656975672
0.3,3.328408958080617e-9,2.7211271124952787e-9,0.00010482449346570109,0,0,0,0,0,0,0,0,0,0,0,0,0,0,0,0,0,0,0,0,0,0,0,0,0,5.49365547819127e-17,0,0,0,0,0,0,0,0,0.00010483054300177166,5.49365547819127e-17,0.0001048305430018266
0.301,3.3395037776785484e-9,2.7447536317034286e-9,0.00010550853089292129,0,0,0,0,0,0,0,0,0,0,0,0,0,0,0,0,0,0,0,0,0,0,0,0,0,7.211895763613286e-17,0,0,0,0,0,0,0,0,0.00010551461515033068,7.211895763613286e-17,0.00010551461515040279
0.302,3.3505985968696338e-9,2.7683983946745066e-9,0.00010619041642060325,0,0,0,0,0,0,0,0,0,0,0,0,0,0,0,0,0,0,0,0,0,0,0,0,0,9.358987488915884e-17,0,0,0,0,0,0,0,0,0.00010619653541759479,9.358987488915884e-17,0.00010619653541768839
0.303,3.3616934156579012e-9,2.7920589853277144e-9,0.00010687019123935635,0,0,0,0,0,0,0,0,0,0,0,0,0,0,0,0,0,0,0,0,0,0,0,0,0,1.202041329323607e-16,0,0,0,0,0,0,0,0,0.00010687634499175734,1.202041329323607e-16,0.00010687634499187754
0.304,3.372788234047326e-9,2.8157329426346604e-9,0.00010754789537247555,0,0,0,0,0,0,0,0,0,0,0,0,0,0,0,0,0,0,0,0,0,0,0,0,0,1.5288156911488625e-16,0,0,0,0,0,0,0,0,0.00010755408389365223,1.5288156911488625e-16,0.00010755408389380512
0.305,3.383883052041831e-9,2.8394177605937855e-9,0.0001082235677203361,0,0,0,0,0,0,0,0,0,0,0,0,0,0,0,0,0,0,0,0,0,0,0,0,0,1.9270223394541662e-16,0,0,0,0,0,0,0,0,0.00010822979102114874,1.9270223394541662e-16,0.00010822979102134144
0.306,3.394977869645288e-9,2.8631108881784375e-9,0.0001088972461026645,0,0,0,0,0,0,0,0,0,0,0,0,0,0,0,0,0,0,0,0,0,0,0,0,0,2.409414941012784e-16,0,0,0,0,0,0,0,0,0.00010890350419142233,2.409414941012784e-16,0.00010890350419166327
0.307,3.406072686861518e-9,2.886809729259835e-9,0.00010956896729880802,0,0,0,0,0,0,0,0,0,0,0,0,0,0,0,0,0,0,0,0,0,0,0,0,0,2.9896880793576644e-16,0,0,0,0,0,0,0,0,0.00010957526018122415,2.9896880793576644e-16,0.00010957526018152312
0.308,3.417167503694294e-9,2.9105116425058593e-9,0.00011023876708611687,0,0,0,0,0,0,0,0,0,0,0,0,0,0,0,0,0,0,0,0,0,0,0,0,0,3.6838056162669275e-16,0,0,0,0,0,0,0,0,0.00011024509476526307,3.6838056162669275e-16,0.00011024509476563146
0.309,3.428262320147337e-9,2.934213941256707e-9,0.00011090668027654537,0,0,0,0,0,0,0,0,0,0,0,0,0,0,0,0,0,0,0,0,0,0,0,0,0,4.5090480372515405e-16,0,0,0,0,0,0,0,0,0.00011091304275280677,4.5090480372515405e-16,0.00011091304275325768
0.31,3.4393571362243247e-9,2.9579138933782597e-9,0.00011157274075157192,0,0,0,0,0,0,0,0,0,0,0,0,0,0,0,0,0,0,0,0,0,0,0,0,0,5.485511106414007e-16,0,0,0,0,0,0,0,0,0.00011157913802260152,5.485511106414007e-16,0.00011157913802315008
0.311,3.4504519519288806e-9,2.9816087210940135e-9,0.00011223698149553014,0,0,0,0,0,0,0,0,0,0,0,0,0,0,0,0,0,0,0,0,0,0,0,0,0,6.634958592122889e-16,0,0,0,0,0,0,0,0,0.00011224341355620316,6.634958592122889e-16,0.00011224341355686665
0.312,3.4615467672645896e-9,3.005295600796334e-9,0.00011289943462743886,0,0,0,0,0,0,0,0,0,0,0,0,0,0,0,0,0,0,0,0,0,0,0,0,0,7.981807648396156e-16,0,0,0,0,0,0,0,0,0.00011290590146980693,7.981807648396156e-16,0.0001129059014706051
0.313,3.472641582234985e-9,3.028971662837772e-9,0.00011356013143141209,0,0,0,0,0,0,0,0,0,0,0,0,0,0,0,0,0,0,0,0,0,0,0,0,0,9.553837603223182e-16,0,0,0,0,0,0,0,0,0.00011356663304465716,9.553837603223182e-16,0.00011356663304561254
0.314,3.4837363968435577e-9,3.052633991303063e-9,0.00011421910238572495,0,0,0,0,0,0,0,0,0,0,0,0,0,0,0,0,0,0,0,0,0,0,0,0,0,1.138106342482756e-15,0,0,0,0,0,0,0,0,0.00011422563875611309,1.138106342482756e-15,0.00011422563875725119
0.315,3.4948312110937526e-9,3.0762796237624753e-9,0.00011487637719060746,0,0,0,0,0,0,0,0,0,0,0,0,0,0,0,0,0,0,0,0,0,0,0,0,0,1.3496832042259562e-15,0,0,0,0,0,0,0,0,0.00011488294830144231,1.3496832042259562e-15,0.000114882948302792
0.316,3.505926024988975e-9,3.0999055510070532e-9,0.00011553198479483333,0,0,0,0,0,0,0,0,0,0,0,0,0,0,0,0,0,0,0,0,0,0,0,0,0,1.5938015495926777e-15,0,0,0,0,0,0,0,0,0.00011553859062640933,1.5938015495926777e-15,0.00011553859062800313
0.317,3.5170208385325807e-9,3.123508716766303e-9,0.00011618595342116605,0,0,0,0,0,0,0,0,0,0,0,0,0,0,0,0,0,0,0,0,0,0,0,0,0,1.8743116435322687e-15,0,0,0,0,0,0,0,0,0.00011619259395072134,1.8743116435322687e-15,0.00011619259395259566
0.318,3.528115651727889e-9,3.14708601740881e-9,0.00011683831059072189,0,0,0,0,0,0,0,0,0,0,0,0,0,0,0,0,0,0,0,0,0,0,0,0,0,2.196048055019101e-15,0,0,0,0,0,0,0,0,0.00011684498579239103,2.196048055019101e-15,0.00011684498579458708
0.319,3.539210464578175e-9,3.1706343016262904e-9,0.00011748908314630561,0,0,0,0,0,0,0,0,0,0,0,0,0,0,0,0,0,0,0,0,0,0,0,0,0,2.5637244312140042e-15,0,0,0,0,0,0,0,0,0.00011749579299107181,2.5637244312140042e-15,0.00011749579299363553
0.32,3.5503052770866744e-9,3.1941503701014342e-9,0.0001181382972747699,0,0,0,0,0,0,0,0,0,0,0,0,0,0,0,0,0,0,0,0,0,0,0,0,0,2.9832533403651482e-15,0,0,0,0,0,0,0,0,0.0001181450417304171,2.9832533403651482e-15,0.00011814504173340035
0.321,3.5614000892565784e-9,3.217630975160067e-9,0.00011878597852844914,0,0,0,0,0,0,0,0,0,0,0,0,0,0,0,0,0,0,0,0,0,0,0,0,0,3.4594599038336664e-15,0,0,0,0,0,0,0,0,0.00011879275755951356,3.4594599038336664e-15,0.00011879275756297302
0.322,3.5724949010910445e-9,3.241072820407854e-9,0.00011943215184571251,0,0,0,0,0,0,0,0,0,0,0,0,0,0,0,0,0,0,0,0,0,0,0,0,0,3.9992158028430976e-15,0,0,0,0,0,0,0,0,0.00011943896541343401,3.9992158028430976e-15,0.00011943896541743323
0.323,3.583589712593188e-9,3.2644725603520917e-9,0.00012007684157068066,0,0,0,0,0,0,0,0,0,0,0,0,0,0,0,0,0,0,0,0,0,0,0,0,0,4.60948832756946e-15,0,0,0,0,0,0,0,0,0.0001200836896329536,4.60948832756946e-15,0.00012008368963756309
0.324,3.5946845237660848e-9,3.287826800008739e-9,0.00012072007147214685,0,0,0,0,0,0,0,0,0,0,0,0,0,0,0,0,0,0,0,0,0,0,0,0,0,5.297282901169397e-15,0,0,0,0,0,0,0,0,0.00012072695398347063,5.297282901169397e-15,0.0001207269539887679
0.325,3.6057793346127744e-9,3.311132094495145e-9,0.00012136186476174064,0,0,0,0,0,0,0,0,0,0,0,0,0,0,0,0,0,0,0,0,0,0,0,0,0,6.071919505842422e-15,0,0,0,0,0,0,0,0,0.00012136878167316975,6.071919505842422e-15,0.00012136878167924167
0.326,3.6168741451362597e-9,3.3343849486086956e-9,0.00012200224411137154,0,0,0,0,0,0,0,0,0,0,0,0,0,0,0,0,0,0,0,0,0,0,0,0,0,6.941847118574156e-15,0,0,0,0,0,0,0,0,0.00012200919537046528,6.941847118574156e-15,0.00012200919537740713
0.327,3.6279689553395045e-9,3.3575818163916832e-9,0.00012264123166998617,0,0,0,0,0,0,0,0,0,0,0,0,0,0,0,0,0,0,0,0,0,0,0,0,0,7.916775761329094e-15,0,0,0,0,0,0,0,0,0.0001226482172207579,7.916775761329094e-15,0.00012264821722867466
0.328,3.639063765225439e-9,3.3807191006826837e-9,0.00012327884907967237,0,0,0,0,0,0,0,0,0,0,0,0,0,0,0,0,0,0,0,0,0,0,0,0,0,9.007224521631239e-15,0,0,0,0,0,0,0,0,0.00012328586886253828,9.007224521631239e-15,0.0001232858688715455
0.329,3.6501585747969554e-9,3.4037931526547026e-9,0.00012391511749113953,0,0,0,0,0,0,0,0,0,0,0,0,0,0,0,0,0,0,0,0,0,0,0,0,0,1.0224576587276111e-14,0,0,0,0,0,0,0,0,0.00012392217144286698,1.0224576587276111e-14,0.00012392217145309155
0.33,3.661253384056914e-9,3.4268002713402604e-9,0.00012455005757860607,0,0,0,0,0,0,0,0,0,0,0,0,0,0,0,0,0,0,0,0,0,0,0,0,0,1.1581137420810763e-14,0,0,0,0,0,0,0,0,0.00012455714563226148,1.1581137420810763e-14,0.00012455714564384263
0.331,3.6723481930081366e-9,3.449736703143782e-9,0.00012518368955411935,0,0,0,0,0,0,0,0,0,0,0,0,0,0,0,0,0,0,0,0,0,0,0,0,0,1.3090196234760443e-14,0,0,0,0,0,0,0,0,0.0001251908116390155,1.3090196234760443e-14,0.0001251908116521057
0.332,3.6834430016534166e-9,3.472598641341449e-9,0.0001258160331813361,0,0,0,0,0,0,0,0,0,0,0,0,0,0,0,0,0,0,0,0,0,0,0,0,0,1.4766090936747517e-14,0,0,0,0,0,0,0,0,0.0001258231892229791,1.4766090936747517e-14,0.0001258231892377452
0.333,3.694537809995504e-9,3.4953822255686795e-9,0.000126447107788786,0,0,0,0,0,0,0,0,0,0,0,0,0,0,0,0,0,0,0,0,0,0,0,0,0,1.6624276722075644e-14,0,0,0,0,0,0,0,0,0.00012645429770882156,1.6624276722075644e-14,0.00012645429772544585
0.334,3.7056326180371267e-9,3.5180835412956187e-9,0.00012707693228264337,0,0,0,0,0,0,0,0,0,0,0,0,0,0,0,0,0,0,0,0,0,0,0,0,0,1.8681398500357212e-14,0,0,0,0,0,0,0,0,0.0001270841559988027,1.8681398500357212e-14,0.0001270841560174841
0.335,3.7167274257809762e-9,3.540698619290687e-9,0.00012770552515902788,0,0,0,0,0,0,0,0,0,0,0,0,0,0,0,0,0,0,0,0,0,0,0,0,0,2.0955367352098877e-14,0,0,0,0,0,0,0,0,0.00012771278258507296,2.0955367352098877e-14,0.00012771278260602834
0.336,3.727822233229707e-9,3.56322343507252e-9,0.00012833290451585487,0,0,0,0,0,0,0,0,0,0,0,0,0,0,0,0,0,0,0,0,0,0,0,0,0,2.346544122113211e-14,0,0,0,0,0,0,0,0,0.00012834019556152317,2.346544122113211e-14,0.00012834019558498862
0.337,3.738917040385951e-9,3.5856539083504345e-9,0.0001289590880642572,0,0,0,0,0,0,0,0,0,0,0,0,0,0,0,0,0,0,0,0,0,0,0,0,0,2.623231005915994e-14,0,0,0,0,0,0,0,0,0.00012896641263520592,2.623231005915994e-14,0.00012896641266143822
0.338,3.7500118472523005e-9,3.6079859024537366e-9,0.0001295840931395942,0,0,0,0,0,0,0,0,0,0,0,0,0,0,0,0,0,0,0,0,0,0,0,0,0,2.928138746812767e-14,0,0,0,0,0,0,0,0,0.00012959145113734393,2.928138746812767e-14,0.00012959145116662533
0.339,3.761106653831323e-9,3.6302152237499668e-9,0.0001302079367120687,0,0,0,0,0,0,0,0,0,0,0,0,0,0,0,0,0,0,0,0,0,0,0,0,0,3.2630464377776224e-14,0,0,0,0,0,0,0,0,0.00013021532803394626,3.2630464377776224e-14,0.00013021532806657674
0.34,3.772201460125553e-9,3.652337621052403e-9,0.00013083063539696672,0,0,0,0,0,0,0,0,0,0,0,0,0,0,0,0,0,0,0,0,0,0,0,0,0,3.630795715052325e-14,0,0,0,0,0,0,0,0,0.0001308380599360479,3.630795715052325e-14,0.00013083805997235584
0.341,3.783296266137496e-9,3.6743487850170566e-9,0.000131452205464537,0,0,0,0,0,0,0,0,0,0,0,0,0,0,0,0,0,0,0,0,0,0,0,0,0,4.034123545109092e-14,0,0,0,0,0,0,0,0,0.00013145966310958813,4.034123545109092e-14,0.00013145966314992937
0.342,3.794391071869629e-9,3.6962443475293263e-9,0.00013207266284952592,0,0,0,0,0,0,0,0,0,0,0,0,0,0,0,0,0,0,0,0,0,0,0,0,0,4.4759602039676396e-14,0,0,0,0,0,0,0,0,0.00013208015348494532,4.4759602039676396e-14,0.00013208015352970492
0.343,3.8054858773244e-9,3.7180198810806327e-9,0.00013269202316038115,0,0,0,0,0,0,0,0,0,0,0,0,0,0,0,0,0,0,0,0,0,0,0,0,0,4.9585145461838986e-14,0,0,0,0,0,0,0,0,0.00013269954666613956,4.9585145461838986e-14,0.0001326995467157247
0.34400000000000003,3.816580682504224e-9,3.739670898135231e-9,0.00013331030168813884,0,0,0,0,0,0,0,0,0,0,0,0,0,0,0,0,0,0,0,0,0,0,0,0,0,5.4868934823093183e-14,0,0,0,0,0,0,0,0,0.00013331785793971947,5.4868934823093183e-14,0.0001333178579945884
0.34500000000000003,3.827675487411496e-9,3.761192850487583e-9,0.00013392751341500714,0,0,0,0,0,0,0,0,0,0,0,0,0,0,0,0,0,0,0,0,0,0,0,0,0,6.063843135958606e-14,0,0,0,0,0,0,0,0,0.00013393510228334505,6.063843135958606e-14,0.00013393510234398348
0.34600000000000003,3.838770292048578e-9,3.782581128610413e-9,0.00013454367302265883,0,0,0,0,0,0,0,0,0,0,0,0,0,0,0,0,0,0,0,0,0,0,0,0,0,6.693926281463643e-14,0,0,0,0,0,0,0,0,0.00013455129437407948,6.693926281463643e-14,0.00013455129444101875
0.34700000000000003,3.849865096417806e-9,3.803831060993962e-9,0.00013515879490024396,0,0,0,0,0,0,0,0,0,0,0,0,0,0,0,0,0,0,0,0,0,0,0,0,0,7.37983029667275e-14,0,0,0,0,0,0,0,0,0.00013516644859640136,7.37983029667275e-14,0.00013516644867019967
0.34800000000000003,3.860959900521487e-9,3.824937913476533e-9,0.00013577289315213538,0,0,0,0,0,0,0,0,0,0,0,0,0,0,0,0,0,0,0,0,0,0,0,0,0,8.126581261336618e-14,0,0,0,0,0,0,0,0,0.00013578057904994938,8.126581261336618e-14,0.00013578057913121518
0.34900000000000003,3.872054704361908e-9,3.84589688856691e-9,0.00013638598160541651,0,0,0,0,0,0,0,0,0,0,0,0,0,0,0,0,0,0,0,0,0,0,0,0,0,8.938806872490262e-14,0,0,0,0,0,0,0,0,0.00013639369955700944,8.938806872490262e-14,0.00013639369964639752
0.35000000000000003,3.8831495079413214e-9,3.866703124758847e-9,0.0001369980738171225,0,0,0,0,0,0,0,0,0,0,0,0,0,0,0,0,0,0,0,0,0,0,0,0,0,9.821501989645685e-14,0,0,0,0,0,0,0,0,0.0001370058236697552,9.821501989645685e-14,0.00013700582376797023
0.35100000000000003,3.89424431126196e-9,3.887351695838076e-9,0.00013760918308124403,0,0,0,0,0,0,0,0,0,0,0,0,0,0,0,0,0,0,0,0,0,0,0,0,0,1.0780308756817588e-13,0,0,0,0,0,0,0,0,0.00013761696467725113,1.0780308756817588e-13,0.00013761696478505422
0.35200000000000004,3.9053391143260285e-9,3.907837610182343e-9,0.000138219322435504,0,0,0,0,0,0,0,0,0,0,0,0,0,0,0,0,0,0,0,0,0,0,0,0,0,1.1820122761437813e-13,0,0,0,0,0,0,0,0,0.0001382271356122285,1.1820122761437813e-13,0.00013822713573042973
0.35300000000000004,3.916433917135708e-9,3.928155810054783e-9,0.00013882850466791455,0,0,0,0,0,0,0,0,0,0,0,0,0,0,0,0,0,0,0,0,0,0,0,0,0,1.2946878302109747e-13,0,0,0,0,0,0,0,0,0.00013883634925764173,1.2946878302109747e-13,0.0001388363493871105
0.35400000000000004,3.9275287196931545e-9,3.948301170891249e-9,0.00013943674232312444,0,0,0,0,0,0,0,0,0,0,0,0,0,0,0,0,0,0,0,0,0,0,0,0,0,1.416770400987366e-13,0,0,0,0,0,0,0,0,0.000139444618153015,1.416770400987366e-13,0.00013944461829469204
0.35500000000000004,3.938623522000499e-9,3.9682685005820505e-9,0.00014004404770856385,0,0,0,0,0,0,0,0,0,0,0,0,0,0,0,0,0,0,0,0,0,0,0,0,0,1.5488150073988393e-13,0,0,0,0,0,0,0,0,0.00014005195460058644,1.5488150073988393e-13,0.00014005195475546794
0.35600000000000004,3.949718324059849e-9,3.98805253874877e-9,0.00014065043290039487,0,0,0,0,0,0,0,0,0,0,0,0,0,0,0,0,0,0,0,0,0,0,0,0,0,1.6917058123841014e-13,0,0,0,0,0,0,0,0,0.00014065837067125768,1.6917058123841014e-13,0.00014065837084042826
0.35700000000000004,3.96081312587329e-9,4.0076479560165806e-9,0.00014125590974927514,0,0,0,0,0,0,0,0,0,0,0,0,0,0,0,0,0,0,0,0,0,0,0,0,0,1.846088551741873e-13,0,0,0,0,0,0,0,0,0.00014126387821035704,1.846088551741873e-13,0.0001412638783949659
0.35800000000000004,3.97190792744288e-9,4.02704935328298e-9,0.00014186048988594073,0,0,0,0,0,0,0,0,0,0,0,0,0,0,0,0,0,0,0,0,0,0,0,0,0,2.0130745689083854e-13,0,0,0,0,0,0,0,0,0.00014186848884322145,2.0130745689083854e-13,0.0001418684890445289
0.35900000000000004,3.98300272877066e-9,4.0462512609834516e-9,0.00014246418472661722,0,0,0,0,0,0,0,0,0,0,0,0,0,0,0,0,0,0,0,0,0,0,0,0,0,2.1930698253877844e-13,0,0,0,0,0,0,0,0,0.00014247221398060698,2.1930698253877844e-13,0.00014247221419991398
0.36000000000000004,3.994097529858643e-9,4.065248138354904e-9,0.00014306700547826251,0,0,0,0,0,0,0,0,0,0,0,0,0,0,0,0,0,0,0,0,0,0,0,0,0,2.386826179644877e-13,0,0,0,0,0,0,0,0,0.00014307506482393072,2.386826179644877e-13,0.00014307506506261333
0.36100000000000004,4.005192330708823e-9,4.084034372697735e-9,0.00014366896314365037,0,0,0,0,0,0,0,0,0,0,0,0,0,0,0,0,0,0,0,0,0,0,0,0,0,2.596068443446777e-13,0,0,0,0,0,0,0,0,0.00014367705237035378,2.596068443446777e-13,0.00014367705262996062
0.362,4.016287131323169e-9,4.102604278637398e-9,0.00014427006852629838,0,0,0,0,0,0,0,0,0,0,0,0,0,0,0,0,0,0,0,0,0,0,0,0,0,2.8213962111813795e-13,0,0,0,0,0,0,0,0,0.00014427818741770835,2.8213962111813795e-13,0.00014427818769984798
0.363,4.02738193170363e-9,4.120952097386422e-9,0.00014487033223524738,0,0,0,0,0,0,0,0,0,0,0,0,0,0,0,0,0,0,0,0,0,0,0,0,0,3.0638888626718023e-13,0,0,0,0,0,0,0,0,0.00014487848056927646,3.0638888626718023e-13,0.00014487848087566536
0.364,4.038476731852136e-9,4.1390719960078995e-9,0.0001454697646896975,0,0,0,0,0,0,0,0,0,0,0,0,0,0,0,0,0,0,0,0,0,0,0,0,0,3.3251806890141437e-13,0,0,0,0,0,0,0,0,0.00014547794223842536,3.3251806890141437e-13,0.00014547794257094342
0.365,4.049571531770591e-9,4.156958066681706e-9,0.00014606837612350535,0,0,0,0,0,0,0,0,0,0,0,0,0,0,0,0,0,0,0,0,0,0,0,0,0,3.605837753291354e-13,0,0,0,0,0,0,0,0,0.0001460765826531038,3.605837753291354e-13,0.00014607658301368757
0.366,4.0606663314608835e-9,4.174604325974481e-9,0.00014666617658954843,0,0,0,0,0,0,0,0,0,0,0,0,0,0,0,0,0,0,0,0,0,0,0,0,0,3.9076260894453563e-13,0,0,0,0,0,0,0,0,0.00014667441186020586,3.9076260894453563e-13,0.00014667441225096848
0.367,4.071761130924877e-9,4.192004714114769e-9,0.00014726317596396,0,0,0,0,0,0,0,0,0,0,0,0,0,0,0,0,0,0,0,0,0,0,0,0,0,4.231474051578275e-13,0,0,0,0,0,0,0,0,0.00014727143972980504,4.231474051578275e-13,0.00014727144015295245
0.368,4.0828559301644145e-9,4.20915309427479e-9,0.00014785938395024087,0,0,0,0,0,0,0,0,0,0,0,0,0,0,0,0,0,0,0,0,0,0,0,0,0,4.578324286265111e-13,0,0,0,0,0,0,0,0,0.0001478676759592653,4.578324286265111e-13,0.00014786767641709772
0.369,4.093950729181325e-9,4.22604325186017e-9,0.0001484548100832511,0,0,0,0,0,0,0,0,0,0,0,0,0,0,0,0,0,0,0,0,0,0,0,0,0,4.951008728002678e-13,0,0,0,0,0,0,0,0,0.00014846313007723213,4.951008728002678e-13,0.000148463130572333
0.37,4.1050455279774096e-9,4.242668893809509e-9,0.00014904946373308568,0,0,0,0,0,0,0,0,0,0,0,0,0,0,0,0,0,0,0,0,0,0,0,0,0,5.351256294683463e-13,0,0,0,0,0,0,0,0,0.00014905781144750746,5.351256294683463e-13,0.0001490578119826331
0.371,4.116140326554455e-9,4.259023647905363e-9,0.0001496433541088396,0,0,0,0,0,0,0,0,0,0,0,0,0,0,0,0,0,0,0,0,0,0,0,0,0,5.780402955520173e-13,0,0,0,0,0,0,0,0,0.00014965172927281406,5.780402955520173e-13,0.00014965172985085436
0.372,4.127235124914229e-9,4.275101062098577e-9,0.00015023649026226483,0,0,0,0,0,0,0,0,0,0,0,0,0,0,0,0,0,0,0,0,0,0,0,0,0,6.23997870136038e-13,0,0,0,0,0,0,0,0,0.00015024489259845184,6.23997870136038e-13,0.0001502448932224497
0.373,4.13832992305848e-9,4.290894603848138e-9,0.00015082888109132315,0,0,0,0,0,0,0,0,0,0,0,0,0,0,0,0,0,0,0,0,0,0,0,0,0,6.730733992059757e-13,0,0,0,0,0,0,0,0,0.00015083731031585005,6.730733992059757e-13,0.00015083731098892343
0.374,4.149424720988933e-9,4.306397659478555e-9,0.0001514205353436392,0,0,0,0,0,0,0,0,0,0,0,0,0,0,0,0,0,0,0,0,0,0,0,0,0,7.257621939011425e-13,0,0,0,0,0,0,0,0,0.00015142899116601965,7.257621939011425e-13,0.00015142899189178185
0.375,4.160519518707302e-9,4.321603533557305e-9,0.00015201146161985597,0,0,0,0,0,0,0,0,0,0,0,0,0,0,0,0,0,0,0,0,0,0,0,0,0,7.82053131806863e-13,0,0,0,0,0,0,0,0,0.00015201994374290824,7.82053131806863e-13,0.00015201994452496137
0.376,4.171614316215278e-9,4.336505448294811e-9,0.0001526016683768971,0,0,0,0,0,0,0,0,0,0,0,0,0,0,0,0,0,0,0,0,0,0,0,0,0,8.421743247260999e-13,0,0,0,0,0,0,0,0,0.00015261017649666162,8.421743247260999e-13,0.00015261017733883594
0.377,4.182709113514534e-9,4.351096542969743e-9,0.00015319116393113836,0,0,0,0,0,0,0,0,0,0,0,0,0,0,0,0,0,0,0,0,0,0,0,0,0,9.066086576354179e-13,0,0,0,0,0,0,0,0,0.00015319969773679485,9.066086576354179e-13,0.00015319969864340351
0.378,4.193803910606728e-9,4.365369873382582e-9,0.0001537799564614914,0,0,0,0,0,0,0,0,0,0,0,0,0,0,0,0,0,0,0,0,0,0,0,0,0,9.751749789974434e-13,0,0,0,0,0,0,0,0,0.0001537885156352754,9.751749789974434e-13,0.00015378851661045038
0.379,4.204898707493497e-9,4.379318411340652e-9,0.00015436805401240357,0,0,0,0,0,0,0,0,0,0,0,0,0,0,0,0,0,0,0,0,0,0,0,0,0,1.0485912683289687e-12,0,0,0,0,0,0,0,0,0.00015437663822952241,1.0485912683289687e-12,0.0001543766392781137
0.38,4.215993504176466e-9,4.392935044178046e-9,0.00015495546449677535,0,0,0,0,0,0,0,0,0,0,0,0,0,0,0,0,0,0,0,0,0,0,0,0,0,1.1270039110195383e-12,0,0,0,0,0,0,0,0,0.0001549640734253237,1.1270039110195383e-12,0.0001549640745523276
0.381,4.2270883006572384e-9,4.406212574314162e-9,0.0001555421956987985,0,0,0,0,0,0,0,0,0,0,0,0,0,0,0,0,0,0,0,0,0,0,0,0,0,1.2108429218618678e-12,0,0,0,0,0,0,0,0,0.00015555082899967347,1.2108429218618678e-12,0.0001555508302105164
0.382,4.2381830969374e-9,4.419143718854745e-9,0.00015612825527671834,0,0,0,0,0,0,0,0,0,0,0,0,0,0,0,0,0,0,0,0,0,0,0,0,0,1.3002272392392488e-12,0,0,0,0,0,0,0,0,0.00015613691260353413,1.3002272392392488e-12,0.00015613691390376137
0.383,4.2492778930185276e-9,4.431721109239877e-9,0.00015671365076552144,0,0,0,0,0,0,0,0,0,0,0,0,0,0,0,0,0,0,0,0,0,0,0,0,0,1.3951871279898504e-12,0,0,0,0,0,0,0,0,0.0001567223317645237,1.3951871279898504e-12,0.00015672233315971085
0.384,4.260372688902168e-9,4.443937290943329e-9,0.00015729838957955156,0,0,0,0,0,0,0,0,0,0,0,0,0,0,0,0,0,0,0,0,0,0,0,0,0,1.4967295604639607e-12,0,0,0,0,0,0,0,0,0.0001573070938895314,1.4967295604639607e-12,0.00015730709538626096
0.385,4.2714674845898675e-9,4.455784723228377e-9,0.00015788247901505663,0,0,0,0,0,0,0,0,0,0,0,0,0,0,0,0,0,0,0,0,0,0,0,0,0,1.6047269041749888e-12,0,0,0,0,0,0,0,0,0.00015789120626726446,1.6047269041749888e-12,0.00015789120787199136
0.386,4.282562280083146e-9,4.467255778965344e-9,0.00015846592625266834,0,0,0,0,0,0,0,0,0,0,0,0,0,0,0,0,0,0,0,0,0,0,0,0,0,1.7199585393414889e-12,0,0,0,0,0,0,0,0,0.0001584746760707274,1.7199585393414889e-12,0.00015847467779068594
0.387,4.29365707538351e-9,4.478342744516665e-9,0.00015904873835981633,0,0,0,0,0,0,0,0,0,0,0,0,0,0,0,0,0,0,0,0,0,0,0,0,0,1.8428186252764767e-12,0,0,0,0,0,0,0,0,0.00015905751035963624,1.8428186252764767e-12,0.00015905751220245487
0.388,4.3047518704924515e-9,4.489037819695566e-9,0.00015963092229308008,0,0,0,0,0,0,0,0,0,0,0,0,0,0,0,0,0,0,0,0,0,0,0,0,0,1.973506098769397e-12,0,0,0,0,0,0,0,0,0.00015963971608277028,1.973506098769397e-12,0.00015963971805627638
0.389,4.315846665411446e-9,4.499333117805123e-9,0.00016021248490047938,0,0,0,0,0,0,0,0,0,0,0,0,0,0,0,0,0,0,0,0,0,0,0,0,0,2.1120399108841333e-12,0,0,0,0,0,0,0,0,0.00016022130008026258,2.1120399108841333e-12,0.00016022130219230248
0.39,4.326941460141958e-9,4.509220665764767e-9,0.0001607934329237054,0,0,0,0,0,0,0,0,0,0,0,0,0,0,0,0,0,0,0,0,0,0,0,0,0,2.2600692753398913e-12,0,0,0,0,0,0,0,0,0.00016080226908583132,2.2600692753398913e-12,0.0001608022713459006
0.391,4.33803625468543e-9,4.518692404331975e-9,0.0001613737730002953,0,0,0,0,0,0,0,0,0,0,0,0,0,0,0,0,0,0,0,0,0,0,0,0,0,2.4175642418075888e-12,0,0,0,0,0,0,0,0,0.00016138262972895432,2.4175642418075888e-12,0.00016138263214651857
0.392,4.349131049043297e-9,4.527740188427491e-9,0.0001619535116657507,0,0,0,0,0,0,0,0,0,0,0,0,0,0,0,0,0,0,0,0,0,0,0,0,0,2.5847653695782752e-12,0,0,0,0,0,0,0,0,0.00016196238853698818,2.5847653695782752e-12,0.00016196239112175356
0.393,4.360225843216972e-9,4.53635578757288e-9,0.00016253265535560193,0,0,0,0,0,0,0,0,0,0,0,0,0,0,0,0,0,0,0,0,0,0,0,0,0,2.7626093276625543e-12,0,0,0,0,0,0,0,0,0.00016254155193723272,2.7626093276625543e-12,0.00016254155469984204
0.394,4.371320637207859e-9,4.544530886450152e-9,0.00016311121040742178,0,0,0,0,0,0,0,0,0,0,0,0,0,0,0,0,0,0,0,0,0,0,0,0,0,2.9513129012266898e-12,0,0,0,0,0,0,0,0,0.00016312012625894543,2.9513129012266898e-12,0.00016312012921025835
0.395,4.382415431017347e-9,4.552257085593846e-9,0.00016368918306278646,0,0,0,0,0,0,0,0,0,0,0,0,0,0,0,0,0,0,0,0,0,0,0,0,0,3.152316983103674e-12,0,0,0,0,0,0,0,0,0.00016369811773530308,3.152316983103674e-12,0.00016369812088762005
0.396,4.393510224646809e-9,4.559525902226469e-9,0.00016426657946918942,0,0,0,0,0,0,0,0,0,0,0,0,0,0,0,0,0,0,0,0,0,0,0,0,0,3.365142378542383e-12,0,0,0,0,0,0,0,0,0.00016427553250531629,3.365142378542383e-12,0.00016427553587045865
0.397,4.404605018097608e-9,4.566328771249664e-9,0.00016484340568190614,0,0,0,0,0,0,0,0,0,0,0,0,0,0,0,0,0,0,0,0,0,0,0,0,0,3.5924252511024653e-12,0,0,0,0,0,0,0,0,0.0001648523766156955,3.5924252511024653e-12,0.00016485238020812074
0.398,4.415699811371086e-9,4.5726570464037484e-9,0.00016541966766581395,0,0,0,0,0,0,0,0,0,0,0,0,0,0,0,0,0,0,0,0,0,0,0,0,0,3.8332515490820154e-12,0,0,0,0,0,0,0,0,0.00016542865602267172,3.8332515490820154e-12,0.00016542865985592328
0.399,4.4267946044685814e-9,4.5785020016097084e-9,0.00016599537129716616,0,0,0,0,0,0,0,0,0,0,0,0,0,0,0,0,0,0,0,0,0,0,0,0,0,4.088468452329393e-12,0,0,0,0,0,0,0,0,0.00016600437659377223,4.088468452329393e-12,0.00016600438068224067
0.4,4.437889397391412e-9,4.583854832508651e-9,0.00016657052236532328,0,0,0,0,0,0,0,0,0,0,0,0,0,0,0,0,0,0,0,0,0,0,0,0,0,4.3586453355736865e-12,0,0,0,0,0,0,0,0,0.00016657954410955318,4.3586453355736865e-12,0.00016657954846819852
0.401,4.448984190140883e-9,4.588706658214844e-9,0.0001671451265744416,0,0,0,0,0,0,0,0,0,0,0,0,0,0,0,0,0,0,0,0,0,0,0,0,0,4.645833627653082e-12,0,0,0,0,0,0,0,0,0.00016715416426528996,4.645833627653082e-12,0.0001671541689111236
0.402,4.460078982718289e-9,4.5930485232999035e-9,0.00016771918954512177,0,0,0,0,0,0,0,0,0,0,0,0,0,0,0,0,0,0,0,0,0,0,0,0,0,4.9507992695157544e-12,0,0,0,0,0,0,0,0,0.00016772824267262778,4.9507992695157544e-12,0.00016772824762342704
0.403,4.471173775124914e-9,4.5968714000267974e-9,0.0001682927168160159,0,0,0,0,0,0,0,0,0,0,0,0,0,0,0,0,0,0,0,0,0,0,0,0,0,5.274041093703873e-12,0,0,0,0,0,0,0,0,0.00016830178486119105,5.274041093703873e-12,0.00016830179013523216
0.404,4.48226856736202e-9,4.6001661908541385e-9,0.00016886571384539794,0,0,0,0,0,0,0,0,0,0,0,0,0,0,0,0,0,0,0,0,0,0,0,0,0,5.6176281491064574e-12,0,0,0,0,0,0,0,0,0.00016887479628015616,5.6176281491064574e-12,0.00016887480189778432
0.405,4.493363359430868e-9,4.602923731232488e-9,0.0001694381860126955,0,0,0,0,0,0,0,0,0,0,0,0,0,0,0,0,0,0,0,0,0,0,0,0,0,5.980963160715862e-12,0,0,0,0,0,0,0,0,0.00016944728229978617,5.980963160715862e-12,0.00016944728828074932
0.406,4.504458151332699e-9,4.605134792716369e-9,0.00017001013861998545,0,0,0,0,0,0,0,0,0,0,0,0,0,0,0,9.951561242527653e-14,0,0,0,0,0,0,0,0,0,6.365361063302813e-12,0,0,0,0,0,0,0,0,0.0001700192482129295,6.46487667572809e-12,0.00017001925467780617
0.40700000000000003,4.5155529430687446e-9,4.606790086417471e-9,0.0001705815768934542,0,0,0,0,0,0,0,0,0,0,0,0,0,0,0,4.0789781050274243e-13,0,0,0,0,0,0,0,0,0,6.774546128769033e-12,0,0,0,0,0,0,0,0,0.0001705906992364837,7.182443939271776e-12,0.00017059070641892762
0.40800000000000003,4.526647734640224e-9,4.607880266826564e-9,0.0001711525059848235,0,0,0,0,0,0,0,0,0,0,0,0,0,0,0,9.404107157113959e-13,0,0,0,0,0,0,0,0,0,7.207239466430761e-12,0,0,0,0,0,0,0,0,0.00017116164051282496,8.147650182142156e-12,0.00017116164866047513
0.40900000000000003,4.537742526048344e-9,4.608395936033787e-9,0.00017172293097274323,0,0,0,0,0,0,0,0,0,0,0,0,0,0,0,1.7130251737301159e-12,0,0,0,0,0,0,0,0,0,7.665255032761997e-12,0,0,0,0,0,0,0,0,0.0001717320771112053,9.378280206492114e-12,0.0001717320864894855
0.41000000000000003,4.5488373172943e-9,4.608327648379391e-9,0.00017229285686415127,0,0,0,0,0,0,0,0,0,0,0,0,0,0,0,2.7424517817013295e-12,0,0,0,0,0,0,0,0,0,8.150455847829215e-12,0,0,0,0,0,0,0,0,0.00017230201402911694,1.0892907629530544e-11,0.00017230202492202459
0.41100000000000003,4.559932108379276e-9,4.607665915569736e-9,0.00017286228859560195,0,0,0,0,0,0,0,0,0,0,0,0,0,0,0,4.046175711572725e-12,0,0,0,0,0,0,0,0,0,8.664904846209561e-12,0,0,0,0,0,0,0,0,0.0001728714561936259,1.2711080557782286e-11,0.00017287146890470646
0.41200000000000003,4.571026899304444e-9,4.606401212295718e-9,0.00017343123103456397,0,0,0,0,0,0,0,0,0,0,0,0,0,0,0,5.6424934397382705e-12,0,0,0,0,0,0,0,0,0,9.210535485077113e-12,0,0,0,0,0,0,0,0,0.00017344040846267557,1.4853028924815382e-11,0.0001734404233157045
0.41300000000000003,4.582121690070966e-9,4.604523982394473e-9,0.00017399968898068843,0,0,0,0,0,0,0,0,0,0,0,0,0,0,0,7.552929880352813e-12,0,0,0,0,0,0,0,0,0,9.787918819546659e-12,0,0,0,0,0,0,0,0,0.0001740088756263609,1.7340848699899472e-11,0.0001740088929672096
0.41400000000000003,4.593216480679986e-9,4.602024645597818e-9,0.0001745676671670478,0,0,0,0,0,0,0,0,0,0,0,0,0,0,0,9.793466895717249e-12,0,0,0,0,0,0,0,0,0,1.0396333105918943e-11,0,0,0,0,0,0,0,0,0.00017457686240817408,2.0189800001636193e-11,0.00017457688259797408
0.41500000000000004,4.604311271132651e-9,4.598893604914996e-9,0.00017513517026134691,0,0,0,0,0,0,0,0,0,0,0,0,0,0,0,1.2386862147123505e-11,0,0,0,0,0,0,0,0,0,1.1044802002414407e-11,0,0,0,5.3977514233060025e-14,0,0,0,0,0.00017514437346622297,2.348564166377097e-11,0.00017514439695186462
0.41600000000000004,4.615406061430085e-9,4.5951212547009085e-9,0.00017570220286710578,0,0,0,0,0,0,0,0,0,0,0,0,0,0,0,1.5355073447503556e-11,0,0,0,0,0,0,0,0,0,1.1728039740033426e-11,0,0,0,2.5966518168298446e-13,0,0,0,0,0.0001757114133944219,2.7342778369219967e-11,0.0001757114407372003
0.41700000000000004,4.626500851573401e-9,4.590697989465342e-9,0.00017626876952481717,0,0,0,0,0,0,0,0,0,0,0,0,0,0,0,1.8721086862668752e-11,0,0,0,0,0,0,0,0,0,1.2453127523927705e-11,0,0,0,6.306128789263517e-13,0,0,0,0,0.0001762779867236582,3.180482726552281e-11,0.00017627801852848548
0.41800000000000004,4.63759564156371e-9,4.585614213483221e-9,0.00017683487471307664,0,0,0,0,0,0,0,0,0,0,0,0,0,0,0,2.2508967678700267e-11,0,0,0,0,0,0,0,0,0,1.3219191207725443e-11,0,0,0,1.1814570109240517e-12,0,0,0,0,0.00017684409792293167,3.690961589734976e-11,0.00017684413483254758
0.41900000000000004,4.648690431402105e-9,4.579860351271e-9,0.0001774005228496883,0,0,0,0,0,0,0,0,0,0,0,0,0,0,0,2.675268467563205e-11,0,0,0,0,0,0,0,0,0,1.4027445513716354e-11,0,0,0,1.9251457180798188e-12,0,0,0,0,0.00017740975140047096,4.270527590742823e-11,0.00017740979410574688
0.42000000000000004,4.659785221089674e-9,4.573426858999755e-9,0.00017796571829274577,0,0,0,0,0,0,0,0,0,0,0,0,0,0,0,3.146262920596419e-11,0,0,0,0,0,0,0,0,0,1.488650192307372e-11,0,0,0,2.8787424931065197e-12,0,0,0,0,0.00017797495150482584,4.9227873622144434e-11,0.00017797500073269947
0.42100000000000004,4.670880010627488e-9,4.566304236921249e-9,0.00017853046534168892,0,0,0,0,0,0,0,0,0,0,0,0,0,0,0,3.667383113015279e-11,0,0,0,0,0,0,0,0,0,1.5794439997479104e-11,0,0,0,4.05197647712323e-12,0,0,0,0,0.00017853970252593645,5.652024760475512e-11,0.00017853975904618405
0.42200000000000004,4.681974800016613e-9,4.558483042890273e-9,0.0001790947682383376,0,0,0,0,0,0,0,0,0,0,0,0,0,0,0,4.241525323874136e-11,0,0,0,0,0,0,0,0,0,1.675235197363874e-11,0,0,0,5.4659905699522335e-12,0,0,0,0,0.00017910400869618052,6.463359578233233e-11,0.0001791040733297763
0.42300000000000004,4.693069589258106e-9,4.549953907072739e-9,0.00017965863116790312,0,0,0,0,0,0,0,0,0,0,0,0,0,0,0,4.87172407976885e-11,0,0,0,0,0,0,0,0,0,1.7768954675731698e-11,0,0,0,7.1411804453949905e-12,0,0,0,0,0.00017966787419139944,7.362737591881519e-11,0.00017966794781877537
0.42400000000000004,4.704164378353008e-9,4.54070754793758e-9,0.0001802220582599764,0,0,0,0,0,0,0,0,0,0,0,0,0,0,0,5.5556088424547164e-11,0,0,0,0,0,0,0,0,0,1.8843235932655708e-11,0,0,0,9.091628693595448e-12,0,0,0,0,0.00018023130313190268,8.349095305079831e-11,0.00018023138662285574
0.42500000000000004,4.7152591673023555e-9,4.530734789638367e-9,0.00018078505358949575,0,0,0,0,0,0,0,0,0,0,0,0,0,0,0,6.306860098423448e-11,0,0,0,0,0,0,0,0,0,1.997556348864908e-11,0,0,0,1.1338528498709432e-11,0,0,0,0,0.0001807942995834527,9.438269297159299e-11,0.00018079439396614567
0.42600000000000005,4.726353956107173e-9,4.520026580899832e-9,0.0001813476211776936,0,0,0,0,0,0,0,0,0,0,0,0,0,0,0,7.124108213855522e-11,0,0,0,0,0,0,0,0,0,2.1178262589686638e-11,0,0,0,1.3893035165891892e-11,0,0,0,0,0.0001813568675582306,1.0631237989413375e-10,0.00018135697387061051
0.427,4.737448744768477e-9,4.508574015534565e-9,0.00018190976499302214,0,0,0,0,0,0,0,0,0,0,0,0,0,0,0,8.012212701806005e-11,0,0,0,0,0,0,0,0,0,2.244797240737063e-11,0,0,0,1.679257221704424e-11,0,0,0,0,0.00018191901101578245,1.1936267164247492e-10,0.00018191913037845408
0.428,4.748543533287272e-9,4.496368354726077e-9,0.00018247148895205988,0,0,0,0,0,0,0,0,0,0,0,0,0,0,0,8.972770598317338e-11,0,0,0,0,0,0,0,0,0,2.3787673188110565e-11,0,0,0,2.0048734279828927e-11,0,0,0,0,0.00018248073386394788,1.3356411345111286e-10,0.00018248086742806135
0.429,4.759638321664556e-9,4.483401051226546e-9,0.00018303279692039832,0,0,0,0,0,0,0,0,0,0,0,0,0,0,0,1.0010865278309648e-10,0,0,0,0,0,0,0,0,0,2.5210985907711262e-11,0,0,0,2.3682919579496223e-11,0,0,0,0,0.0001830420399597712,1.4900255827030395e-10,0.00018304218896232947
0.43,4.770733109901315e-9,4.469663775630206e-9,0.00018359369271350986,0,0,0,0,0,0,0,0,0,0,0,0,0,0,0,1.1130722856250663e-10,0,0,0,0,0,0,0,0,0,2.670869509783666e-11,0,0,0,2.7733538836182122e-11,0,0,0,0,0.0001836029331103954,1.657494624965254e-10,0.0001836030988598579
0.431,4.781827897998529e-9,4.455148444898463e-9,0.00018415418009759787,0,0,0,0,0,0,0,0,0,0,0,0,0,0,0,1.2337909608725312e-10,0,0,0,0,0,0,0,0,0,2.8295047349868104e-11,0,0,0,3.2196558239441975e-11,0,0,0,0,0.00018416341707394078,1.838707016765632e-10,0.00018416360094464246
0.432,4.7929226859571645e-9,4.43984725332784e-9,0.0001847142627904277,0,0,0,0,0,0,0,0,0,0,0,0,0,0,0,1.3634919456555754e-10,0,0,0,0,0,0,0,0,0,2.9971574083098227e-11,0,0,0,3.7130149156829535e-11,0,0,0,0,0.000184723495560367,2.034509178054853e-10,0.0001847236990112848
0.433,4.804017473778183e-9,4.423752706169644e-9,0.00018527394446214165,0,0,0,0,0,0,0,0,0,0,0,0,0,0,0,1.5025338578923996e-10,0,0,0,0,0,0,0,0,0,3.174335189322226e-11,0,0,0,4.255655459883611e-11,0,0,0,0,0.0001852831722323216,2.2455329228129833e-10,0.00018528339678561387
0.434,4.815112261462535e-9,4.406857656128947e-9,0.00018583322873605567,0,0,0,0,0,0,0,0,0,0,0,0,0,0,0,1.6518779724873553e-10,0,0,0,0,0,0,0,0,0,3.3617785977427505e-11,0,0,0,4.850487974224839e-11,0,0,0,0,0.00018584245070597328,2.4731046296841143e-10,0.00018584269801643624
0.435,4.826207049011166e-9,4.3891553429913586e-9,0.00018639211918944026,0,0,0,0,0,0,0,0,0,0,0,0,0,0,0,1.811849191488524e-10,0,0,0,0,0,0,0,0,0,3.560471504771874e-11,0,0,0,5.497616950681943e-11,0,0,0,0,0.00018640133455183228,2.717658037033906e-10,0.00018640160631763598
0.436,4.837301836425006e-9,4.370639436649078e-9,0.00018695061935428484,0,0,0,0,0,0,0,0,0,0,0,0,0,0,0,1.9835214761368054e-10,0,0,0,0,0,0,0,0,0,3.7691287387912805e-11,0,0,0,6.204667714758114e-11,0,0,0,0,0.0001869598272955579,2.980901121491745e-10,0.00018696012538567004
0.437,4.848396623704982e-9,4.351304083822637e-9,0.00018750873271804641,0,0,0,0,0,0,0,0,0,0,0,0,0,0,0,2.1665224035971515e-10,0,0,0,0,0,0,0,0,0,3.990962279573024e-11,0,0,0,6.96824091599231e-11,0,0,0,0,0.00018751793241875394,3.262442723153685e-10,0.00018751825866302626
0.438,4.85949141085201e-9,4.331143958802702e-9,0.00018806646272438292,0,0,0,0,0,0,0,0,0,0,0,0,0,0,0,2.361943768732774e-10,0,0,0,0,0,0,0,0,0,4.225667877484319e-11,0,0,0,7.806398390436534e-11,0,0,0,0,0.0001880756533597526,3.5651503955248594e-10,0.00018807600987479214
0.439,4.8705861978670005e-9,4.31015431856671e-9,0.00018862381277387155,0,0,0,0,0,0,0,0,0,0,0,0,0,0,0,2.5712214022567437e-10,0,0,0,0,0,0,0,0,0,4.4727752795555396e-11,0,0,0,8.709955607349637e-11,0,0,0,0,0.000188632993514388,3.889494490947261e-10,0.00018863338246383708
0.44,4.881680984750854e-9,4.288331062658659e-9,0.0001891807862247122,0,0,0,0,0,0,0,0,0,0,0,0,0,0,0,2.7935667897433394e-10,0,0,0,0,0,0,0,0,0,4.7338615380273975e-11,0,0,0,9.689536645020455e-11,0,0,0,0,0.00018918995623675962,4.2359066080481243e-10,0.00018919037982742043
0.441,4.892775771504458e-9,4.265670798257673e-9,0.000189737386393417,0,0,0,0,0,0,0,0,0,0,0,0,0,0,0,3.0297142265376023e-10,0,0,0,0,0,0,0,0,0,5.010403156966104e-11,0,0,0,1.0748395078570215e-10,0,0,0,0,0.00018974654483998676,4.6055940500912344e-10,0.00018974700539939177
0.442,4.903870558128701e-9,4.2421709109017135e-9,0.00019029361655548588,0,0,0,0,0,0,0,0,0,0,0,0,0,0,0,3.2817864239587554e-10,0,0,0,0,0,0,0,0,0,5.3028732965791457e-11,0,0,0,1.1886693705999746e-10,0,0,0,0,0.0001903027625969549,5.000743124216645e-10,0.00019030326267126732
0.443,4.914965344624457e-9,4.2178296413781265e-9,0.0001908494799460681,0,0,0,0,0,0,0,0,0,0,0,0,0,0,0,3.55095306889945e-10,0,0,0,0,0,0,0,0,0,5.611691965060016e-11,0,0,0,1.3112326653872455e-10,0,0,0,0,0.0001908586127410541,5.423354930792698e-10,0.00019085915507654718
0.444,4.926060130992596e-9,4.192646169342791e-9,0.0001914049797606108,0,0,0,0,0,0,0,0,0,0,0,0,0,0,0,3.8361389851656276e-10,0,0,0,0,0,0,0,0,0,5.938657595945004e-11,0,0,0,1.4425839898232624e-10,0,0,0,0,0.00019141409846691113,5.87258873458339e-10,0.00019141468572578458
0.445,4.937154917233978e-9,4.166620704284911e-9,0.00019196011915549526,0,0,0,0,0,0,0,0,0,0,0,0,0,0,0,4.1385758856490365e-10,0,0,0,0,0,0,0,0,0,6.283748534233878e-11,0,0,0,1.584129354705588e-10,0,0,0,0,0.00019196922293111677,6.351080093778013e-10,0.00019196985803912614
0.446,4.948249703349453e-9,4.139754584515664e-9,0.00019251490124865892,0,0,0,0,0,0,0,0,0,0,0,0,0,0,0,4.4603570573914687e-10,0,0,0,0,0,0,0,0,0,6.64978487722248e-11,0,0,0,1.7356218034508363e-10,0,0,0,0,0.00019252398925294678,6.860957348564553e-10,0.00019252467534868164
0.447,4.959344489339869e-9,4.1120503849272474e-9,0.00019306932912020684,0,0,0,0,0,0,0,0,0,0,0,0,0,0,0,4.800705642417323e-10,0,0,0,0,0,0,0,0,0,7.037388099992006e-11,0,0,0,1.8984952970535715e-10,0,0,0,0,0.0001930784005150811,7.402939749470095e-10,0.00019307914080905604
0.448,4.970439275206062e-9,4.083512034343633e-9,0.00019362340581300982,0,0,0,0,0,0,0,0,0,0,0,0,0,0,0,5.16305983786564e-10,0,0,0,0,0,0,0,0,0,7.446376051686532e-11,0,0,0,2.073745839991325e-10,0,0,0,0,0.00019363245976431937,7.981443283025618e-10,0.00019363325790864767
0.449,4.981534060948862e-9,4.054144943368756e-9,0.0001941771343332913,0,0,0,0,0,0,0,0,0,0,0,0,0,0,0,5.548892493684596e-10,0,0,0,0,0,0,0,0,0,7.878233454426238e-11,0,0,0,2.2600994175277152e-10,0,0,0,0,0.00019418617001229564,8.596815256654935e-10,0.0001941870296938213
0.45,4.992628846569095e-9,4.023956143730133e-9,0.0001947305176512032,0,0,0,0,0,0,0,0,0,0,0,0,0,0,0,5.956479418576086e-10,0,0,0,0,0,0,0,0,0,8.335484733277241e-11,0,0,0,2.4598808450115487e-10,0,0,0,0,0.0001947395342361935,9.249908736915359e-10,0.0001947404592270672
0.451,5.003723632067569e-9,3.992954440219974e-9,0.00019528355870138912,0,0,0,0,0,0,0,0,0,0,0,0,0,0,0,6.389277016145166e-10,0,0,0,0,0,0,0,0,0,8.819284332376662e-11,0,0,0,2.674279430241202e-10,0,0,0,0,0.0001952925553794614,9.945484879624035e-10,0.00019529354992794937
0.452,5.0148184174451e-9,3.9611505764506915e-9,0.0001958362603835386,0,0,0,0,0,0,0,0,0,0,0,0,0,0,0,6.84706995946492e-10,0,0,0,0,0,0,0,0,0,9.330704590472753e-11,0,0,0,2.9027942721799463e-10,0,0,0,0,0.0001958452363525325,1.0682934690692142e-9,0.00019584630464600158
0.453,5.025913202702482e-9,3.9285574157703096e-9,0.00019638862556292883,0,0,0,0,0,0,0,0,0,0,0,0,0,0,0,7.332831436638545e-10,0,0,0,0,0,0,0,0,0,9.874140306114354e-11,0,0,0,3.145836273001663e-10,0,0,0,0,0.0001963975800335473,1.1466081740251642e-9,0.00019639872664172132
0.454,5.037007987840516e-9,3.8951901388264084e-9,0.0001969406570709569,0,0,0,0,0,0,0,0,0,0,0,0,0,0,0,7.846418412263364e-10,0,0,0,0,0,0,0,0,0,1.0445319731074513e-10,0,0,0,3.405093888403092e-10,0,0,0,0,0.0001969495892690836,1.2296044273773908e-9,0.00019695081887351095
0.455,5.048102772859982e-9,3.8610664594275175e-9,0.00019749235770566184,0,0,0,0,0,0,0,0,0,0,0,0,0,0,0,8.392925190082915e-10,0,0,0,0,0,0,0,0,0,1.105386820899141e-10,0,0,0,3.6832812091069417e-10,0,0,0,0,0.00019750126687489414,1.3181593220088997e-9,0.00019750258503421615
0.456,5.059197557761665e-9,3.826206860529278e-9,0.0001980437302322365,0,0,0,0,0,0,0,0,0,0,0,0,0,0,0,8.968726870145725e-10,0,0,0,0,0,0,0,0,0,1.169528816022575e-10,0,0,0,3.976721704751995e-10,0,0,0,0,0.0001980526156366548,1.4114977390920295e-9,0.00019805402713439388
0.457,5.0702923425463365e-9,3.790634852373448e-9,0.00019859477738352904,0,0,0,0,0,0,0,0,0,0,0,0,0,0,0,9.57164990246687e-10,0,0,0,0,0,0,0,0,0,1.237526950949567e-10,0,0,0,4.290784359996017e-10,0,0,0,0,0.00019860363831072396,1.5099961213412453e-9,0.0001986051483068453
0.458,5.081387127214763e-9,3.7543772550317094e-9,0.00019914550186053655,0,0,0,0,0,0,0,0,0,0,0,0,0,0,0,1.0209564717291232e-9,0,0,0,0,0,0,0,0,0,1.3098009402649804e-10,0,0,0,4.624560764130908e-10,0,0,0,0,0.0001991543376249188,1.614392642168712e-9,0.00019915595201756096
0.459,5.092481911767704e-9,3.7174645078581925e-9,0.00019969590633288746,0,0,0,0,0,0,0,0,0,0,0,0,0,0,0,1.089104098555755e-9,0,0,0,0,0,0,0,0,0,1.3861205176965276e-10,0,0,0,4.983604364227469e-10,0,0,0,0,0.0001997047162793071,1.7260765867481547e-9,0.00019970644235589385
0.46,5.1035766962059124e-9,3.6799310086367487e-9,0.00020024599343931607,0,0,0,0,0,0,0,0,0,0,0,0,0,0,0,1.1615581372920777e-9,0,0,0,0,0,0,0,0,0,1.4669754049624888e-10,0,0,0,5.360463417928718e-10,0,0,0,0,0.0002002547769470209,1.8443020195811985e-9,0.0002002566212490405
0.461,5.1146714805301356e-9,3.641815485527134e-9,0.00020079576578812798,0,0,0,0,0,0,0,0,0,0,0,0,0,0,0,1.2378575161559989e-9,0,0,0,0,0,0,0,0,0,1.552804123138223e-10,0,0,0,5.766131166802477e-10,0,0,0,0,0.00020080452227509403,1.969751045150069e-9,0.0002008064920261392
0.462,5.1257662647411135e-9,3.603161405271444e-9,0.00020134522595765655,0,0,0,0,0,0,0,0,0,0,0,0,0,0,0,1.3188877996245079e-9,0,0,0,0,0,0,0,0,0,1.6437102088594039e-10,0,0,0,6.196835606517359e-10,0,0,0,0,0.00020135395488532655,2.1029423811621842e-9,0.0002013560578277077
0.463,5.136861048839579e-9,3.564017421525166e-9,0.00020189437649671086,0,0,0,0,0,0,0,0,0,0,0,0,0,0,0,1.4042707064315615e-9,0,0,0,0,0,0,0,0,0,1.740109099430971e-10,0,0,0,6.653129666663139e-10,0,0,0,0,0.00020190307737518124,2.2435945830409726e-9,0.00020190532096976428
0.464,5.1479558328262606e-9,3.5244378676320025e-9,0.00020244321992501598,0,0,0,0,0,0,0,0,0,0,0,0,0,0,0,1.494612646952719e-9,0,0,0,0,0,0,0,0,0,1.8421530229293557e-10,0,0,0,7.137529067524939e-10,0,0,0,0,0.00020245189231871645,2.3925808559981487e-9,0.00020245428489957246
0.465,5.159050616701883e-9,3.484483298675187e-9,0.00020299175873364427,0,0,0,0,0,0,0,0,0,0,0,0,0,0,0,1.5906975077304581e-9,0,0,0,0,0,0,0,0,0,1.9503151150383778e-10,0,0,0,7.657168909385318e-10,0,0,0,0,0.00020300040226755965,2.5514459101728275e-9,0.00020300295371346983
0.466,5.170145400467154e-9,3.4442210882192274e-9,0.0002035399953854391,0,0,0,0,0,0,0,0,0,0,0,0,0,0,0,1.6911996069180349e-9,0,0,0,0,0,0,0,0,0,2.0653122419423635e-10,0,0,0,8.214164764916424e-10,0,0,0,0,0.00020354860975192778,2.7191473076039136e-9,0.00020355132889923538
0.467,5.181240184122786e-9,3.403726085814449e-9,0.000204087932315431,0,0,0,0,0,0,0,0,0,0,0,0,0,0,0,1.7981545672914878e-9,0,0,0,0,0,0,0,0,0,2.1872770698984698e-10,0,0,0,8.792800105301461e-10,0,0,0,0,0.00020409651728170095,2.8961622848114808e-9,0.00020409941344398577
0.468,5.192334967669483e-9,3.363081342083547e-9,0.00020463557193124625,0,0,0,0,0,0,0,0,0,0,0,0,0,0,0,1.911325972483266e-9,0,0,0,0,0,0,0,0,0,2.316134977491599e-10,0,0,0,9.415818750100423e-10,0,0,0,0,0.000204644127347556,3.0845213452424683e-9,0.00020464721186890124
0.46900000000000003,5.20342975110794e-9,3.322378909057717e-9,0.0002051829166135071,0,0,0,0,0,0,0,0,0,0,0,0,0,0,0,2.0314469082989533e-9,0,0,0,0,0,0,0,0,0,2.453238726475422e-10,0,0,0,1.0074226945833075e-9,0,0,0,0,0.00020519144242216726,3.284193475529803e-9,0.00020519472661564278
0.47000000000000003,5.21452453443885e-9,3.281720724395652e-9,0.00020572996871622628,0,0,0,0,0,0,0,0,0,0,0,0,0,0,0,2.1581972372125217e-9,0,0,0,0,0,0,0,0,0,2.599115873084083e-10,0,0,0,1.0787029550577356e-9,0,0,0,0,0.0002057384649614851,3.4968117795786653e-9,0.0002057419617732647
0.47100000000000003,5.2256193176628945e-9,3.241219589217969e-9,0.000206276730567193,0,0,0,0,0,0,0,0,0,0,0,0,0,0,0,2.291371512233352e-9,0,0,0,0,0,0,0,0,0,2.7539167523747387e-10,0,0,0,1.1540047120264283e-9,0,0,0,0,0.00020628519740609988,3.7207678994972544e-9,0.00020628891817399937
0.47200000000000003,5.236714100780755e-9,3.201000250545268e-9,0.00020682320446835292,0,0,0,0,0,0,0,0,0,0,0,0,0,0,0,2.4340288290352316e-9,0,0,0,0,0,0,0,0,0,2.918735305432433e-10,0,0,0,1.2330719683500576e-9,0,0,0,0,0.00020683164218270424,3.958974327928533e-9,0.00020683560115703216
0.47300000000000003,5.247808883793105e-9,3.1612006007620877e-9,0.00020736939269618067,0,0,0,0,0,0,0,0,0,0,0,0,0,0,0,2.584389891789772e-9,0,0,0,0,0,0,0,0,0,3.0935922810004713e-10,0,0,0,1.3175191612643394e-9,0,0,0,0,0.00020737780170566522,4.211268281154159e-9,0.00020738201297394637
0.47400000000000003,5.258903666700614e-9,3.1219730081714582e-9,0.00020791529750204611,0,0,0,0,0,0,0,0,0,0,0,0,0,0,0,2.7443822374999707e-9,0,0,0,0,0,0,0,0,0,3.2794217822320963e-10,0,0,0,1.4074127484982996e-9,0,0,0,0,0.00020792367837872098,4.47973716422148e-9,0.0002079281581158852
0.47500000000000003,5.269998449503939e-9,3.083485794587549e-9,0.00020846092111257385,0,0,0,0,0,0,0,0,0,0,0,0,0,0,0,2.912873819250446e-9,0,0,0,0,0,0,0,0,0,3.477588033346848e-10,0,0,0,1.5046315885000966e-9,0,0,0,0,0.00020846927459681794,4.7652642110852275e-9,0.00020847403986102902
0.47600000000000003,5.281093232203741e-9,3.045924878076863e-9,0.00020900626572999684,0,0,0,0,0,0,0,0,0,0,0,0,0,0,0,3.0916458576848165e-9,0,0,0,0,0,0,0,0,0,3.689030462960978e-10,0,0,0,1.6066321487414605e-9,0,0,0,0,0.00020901459274810712,5.0671810527223744e-9,0.00020901965992915983
0.47700000000000004,5.29218801480067e-9,3.009495601447005e-9,0.00020955133353250276,0,0,0,0,0,0,0,0,0,0,0,0,0,0,0,3.28219306017766e-9,0,0,0,0,0,0,0,0,0,3.912485724967802e-10,0,0,0,1.7155225523354025e-9,0,0,0,0,0.00020955963521611902,5.3889641850098425e-9,0.00020956502418030404
0.47800000000000004,5.303282797295374e-9,2.974424769950884e-9,0.0002100961266745755,0,0,0,0,0,0,0,0,0,0,0,0,0,0,0,3.481475295514022e-9,0,0,0,0,0,0,0,0,0,4.1517713587281716e-10,0,0,0,1.8315036172679338e-9,0,0,0,0,0.00021010440438214275,5.728156048654774e-9,0.00021011013253819142
0.47900000000000004,5.314377579688487e-9,2.9409629249869217e-9,0.00021064064728732961,0,0,0,0,0,0,0,0,0,0,0,0,0,0,0,3.69479893294152e-9,0,0,0,0,0,0,0,0,0,4.406430179746512e-10,0,0,0,1.955349901871473e-9,0,0,0,0,0.00021064890262783429,6.090791852787644e-9,0.00021065499341968707
0.48000000000000004,5.325472361980648e-9,2.9093868844091272e-9,0.00021118489747883967,0,0,0,0,0,0,0,0,0,0,0,0,0,0,0,3.9208259463208255e-9,0,0,0,0,0,0,0,0,0,4.677079766397281e-10,0,0,0,2.0854048752056795e-9,0,0,0,0,0.00021119313233808606,6.4739387981662325e-9,0.00021119960627688421
0.48100000000000004,5.336567144172488e-9,2.8800025845047287e-9,0.00021172887933446324,0,0,0,0,0,0,0,0,0,0,0,0,0,0,0,4.16130385078893e-9,0,0,0,0,0,0,0,0,0,4.965698090717771e-10,0,0,0,2.2267137689695217e-9,0,0,0,0,0.0002117370959041919,6.884587428830229e-9,0.00021174398049162072
0.48200000000000004,5.3476619262646304e-9,2.8531482638591122e-9,0.00021227259491715894,0,0,0,0,0,0,0,0,0,0,0,0,0,0,0,4.417454580021688e-9,0,0,0,0,0,0,0,0,0,5.274128164095786e-10,0,0,0,2.376489055557972e-9,0,0,0,0,0.00021228079572734908,7.321356451989239e-9,0.00021228811708380105
0.48300000000000004,5.358756708257692e-9,2.8291980353371606e-9,0.00021281604626779833,0,0,0,0,0,0,0,0,0,0,0,0,0,0,0,4.686929639467252e-9,0,0,0,0,0,0,0,0,0,5.605216914345312e-10,0,0,0,2.5372313993020043e-9,0,0,0,0,0.0002128242342225419,7.784682730203788e-9,0.0002128320189052721
0.48400000000000004,5.36985149015229e-9,2.808565899420075e-9,0.00021335923540547293,0,0,0,0,0,0,0,0,0,0,0,0,0,0,0,4.9745273856589304e-9,0,0,0,0,0,0,0,0,0,5.9565355780833e-10,0,0,0,2.7062706633124444e-9,0,0,0,0,0.0002133674138228625,8.276451606779704e-9,0.00021337569027446928
0.48500000000000004,5.380946271949032e-9,2.7917102603324137e-9,0.00021390216432779543,0,0,0,0,0,0,0,0,0,0,0,0,0,0,0,5.2798263958704464e-9,0,0,0,0,0,0,0,0,0,6.333002239079289e-10,0,0,0,2.889521448856024e-9,0,0,0,0,0.00021391033698432772,8.8026480686344e-9,0.00021391913963239635
0.48600000000000004,5.392041053648523e-9,2.7791390159982807e-9,0.00021444483501119644,0,0,0,0,0,0,0,0,0,0,0,0,0,0,0,5.6063193429024205e-9,0,0,0,0,0,0,0,0,0,6.734480197902231e-10,0,0,0,3.082626862037642e-9,0,0,0,0,0.0002144530061912661,9.362394224730286e-9,0.00021446236858549083
0.48700000000000004,5.4031358352513605e-9,2.7714153041455683e-9,0.00021498724941121565,0,0,0,0,0,0,0,0,0,0,0,0,0,0,0,5.953873211551018e-9,0,0,0,0,0,0,0,0,0,7.165879803922959e-10,0,0,0,3.2916686941251574e-9,0,0,0,0,0.00021499542396235505,9.962129886068472e-9,0.00021500538609224112
0.48800000000000004,5.41423061675814e-9,2.7691640001590276e-9,0.00021552940946278787,0,0,0,0,0,0,0,0,0,0,0,0,0,0,0,6.322782882046999e-9,0,0,0,0,0,0,0,0,0,7.62678527658755e-10,0,0,0,3.5166282330322984e-9,0,0,0,0,0.0002155375928574048,1.0602089642738053e-8,0.00021554819494704752
0.48900000000000005,5.425325398169449e-9,2.7730790779601136e-9,0.000216071317080525,0,0,0,0,0,0,0,0,0,0,0,0,0,0,0,6.71611892324191e-9,0,0,0,0,0,0,0,0,0,8.123059513509404e-10,0,0,0,3.7530453160224845e-9,0,0,0,0,0.00021607951548500114,1.1281470190615336e-8,0.00021609079695519175
0.49,5.436420179485874e-9,2.783931963744083e-9,0.0002166129741589924,0,0,0,0,0,0,0,0,0,0,0,0,0,0,0,7.137542657030391e-9,0,0,0,0,0,0,0,0,0,8.652231406564561e-10,0,0,0,4.009096920333407e-9,0,0,0,0,0.00021662119451113564,1.2011862718020255e-8,0.00021663320637385367
0.491,5.4475149607079956e-9,2.8025810344194886e-9,0.00021715438257298146,0,0,0,0,0,0,0,0,0,0,0,0,0,0,0,7.578419131828039e-9,0,0,0,0,0,0,0,0,0,9.221004427623443e-10,0,0,0,4.284309631523751e-9,0,0,0,0,0.00021716263266897658,1.2784829206114134e-8,0.0002171754174981827
0.492,5.458609741836386e-9,2.829982438789623e-9,0.00021769554417777628,0,0,0,0,0,0,0,0,0,0,0,0,0,0,0,8.05847575174554e-9,0,0,0,0,0,0,0,0,0,9.830988255340684e-10,0,0,0,4.572854704144076e-9,0,0,0,0,0.00021770383276995691,1.3614429281423686e-8,0.00021771744719923834
0.493,5.469704522871616e-9,2.8672024507731365e-9,0.00021823646080941736,0,0,0,0,0,0,0,0,0,0,0,0,0,0,0,8.56890374904701e-9,0,0,0,0,0,0,0,0,0,1.048900479423778e-9,0,0,0,4.890645234782813e-9,0,0,0,0,0.000218244797716391,1.4508449463253602e-8,0.00021825930616585425
0.494,5.480799303814254e-9,2.9154316013711336e-9,0.00021877713428496002,0,0,0,0,0,0,0,0,0,0,0,0,0,0,0,9.108982341332036e-9,0,0,0,0,0,0,0,0,0,1.1194137452277598e-9,0,0,0,5.231542711766084e-9,0,0,0,0,0.0002187855305158652,1.545993879832588e-8,0.00021880099045466352
0.495,5.49189408466486e-9,2.976000880999218e-9,0.00021931756640272893,0,0,0,0,0,0,0,0,0,0,0,0,0,0,0,9.694639615850137e-9,0,0,0,0,0,0,0,0,0,1.1953811561822633e-9,0,0,0,5.595224198413686e-9,0,0,0,0,0.0002193260342976946,1.6485244970446088e-8,0.00021934251954266502
0.496,5.50298886542399e-9,3.0504003578915084e-9,0.00021985775894256784,0,0,0,0,0,0,0,0,0,0,0,0,0,0,0,1.0321262423888476e-8,0,0,0,0,0,0,0,0,0,1.2775689531302086e-9,0,0,0,5.987167764586347e-9,0,0,0,0,0.00021986631233179117,1.758599914160503e-8,0.00021988389833093276
0.497,5.5140836460921944e-9,3.14030062363975e-9,0.0002203977136660859,0,0,0,0,0,0,0,0,0,0,0,0,0,0,0,1.099017037860529e-8,0,0,0,0,0,0,0,0,0,1.3659065358771966e-9,0,0,0,6.41081644190903e-9,0,0,0,0,0.00022040636805035563,1.8766893356391516e-8,0.00022042513494371203
0.498,5.525178426670026e-9,3.247577556173728e-9,0.0002209374323168996,0,0,0,0,0,0,0,0,0,0,0,0,0,0,0,1.1710536141609947e-8,0,0,0,0,0,0,0,0,0,1.461688143025296e-9,0,0,0,6.870033715058865e-9,0,0,0,0,0.00022094620507288244,2.0042257999694107e-8,0.00022096624733088213
0.499,5.536273207158019e-9,3.3743409869117975e-9,0.0002214769166208706,0,0,0,0,0,0,0,0,0,0,0,0,0,0,0,1.2487586808766491e-8,0,0,0,0,0,0,0,0,0,1.5647621831319724e-9,0,0,0,7.3615096164034564e-9,0,0,0,0,0.00022148582723506465,2.1413858608301922e-8,0.00022150724109367296
0.5,5.547367987556724e-9,3.522967976572923e-9,0.00022201616828633998,0,0,0,0,0,0,0,0,0,0,0,0,0,0,0,1.3324635873976208e-8,0,0,0,0,0,0,0,0,0,1.6764037679170345e-9,0,0,0,7.897554779744606e-9,0,0,0,0,0.00022202523862230412,2.289859442163785e-8,0.00022204813721672575
0.501,5.558462767866667e-9,3.6961415485215227e-9,0.00022255518900435832,0,0,0,0,0,0,0,0,0,0,0,0,0,0,0,1.4219279209924362e-8,0,0,0,0,0,0,0,0,0,1.7972288211073117e-9,0,0,0,8.47050775320748e-9,0,0,0,0,0.00022256444360867472,2.4487015784239153e-8,0.00022258893062445894
0.502,5.569557548088385e-9,3.896895906241685e-9,0.0002230939804489126,0,0,0,0,0,0,0,0,0,0,0,0,0,0,0,1.5187223696771894e-8,0,0,0,0,0,0,0,0,0,1.9288300261978355e-9,0,0,0,9.09334501101634e-9,0,0,0,0,0.00022310344690236691,2.620939873398607e-8,0.0002231296563011009
0.503,5.580652328222396e-9,4.128669381224601e-9,0.00022363254427714853,0,0,0,0,0,0,0,0,0,0,0,0,0,0,0,1.6234350834990098e-8,0,0,0,0,0,0,0,0,0,2.071296092626483e-9,0,0,0,9.775143266835016e-9,0,0,0,0,0.00022364225359885798,2.8080790194451598e-8,0.00022367033438905242
0.504,5.591747108269231e-9,4.395366630296716e-9,0.00022417088212959028,0,0,0,0,0,0,0,0,0,0,0,0,0,0,0,1.7363829114649973e-8,0,0,0,0,0,0,0,0,0,2.225996289228158e-9,0,0,0,1.0512830030047144e-8,0,0,0,0,0.00022418086924332886,3.010265543392527e-8,0.00022421097189876277
0.505,5.602841888229399e-9,4.701431941571934e-9,0.00022470899563035608,0,0,0,0,0,0,0,0,0,0,0,0,0,0,0,1.8592786962144445e-8,0,0,0,0,0,0,0,0,0,2.3950357416817493e-9,0,0,0,1.1316480946720011e-8,0,0,0,0,0.0002247192999041859,3.230430365054621e-8,0.00022475160420783644
0.506,5.613936668103422e-9,5.0519359344633864e-9,0.00022524688638737053,0,0,0,0,0,0,0,0,0,0,0,0,0,0,0,1.9911634185758378e-8,0,0,0,0,0,0,0,0,0,2.579202389706449e-9,0,0,0,1.219307830682933e-8,0,0,0,0,0.0002252575522599731,3.4683914882294155e-8,0.0002252922361748554
0.507,5.625031447891808e-9,5.4526784759895005e-9,0.00022578455599257344,0,0,0,0,0,0,0,0,0,0,0,0,0,0,0,2.135724011226275e-8,0,0,0,0,0,0,0,0,0,2.7799538029654e-9,0,0,0,1.3145842901306982e-8,0,0,0,0,0.0002257956337024973,3.728303681653513e-8,0.00022583291673931386
0.508,5.636126227595056e-9,5.910311315152521e-9,0.00022632200602212526,0,0,0,0,0,0,0,0,0,0,0,0,0,0,0,2.292290386417231e-8,0,0,0,0,0,0,0,0,0,3.0008473245123067e-9,0,0,0,1.4191670156508592e-8,0,0,0,0,0.000226333552459668,4.011542134519321e-8,0.0002263736678810132
0.509,5.647221007213676e-9,6.432484802114306e-9,0.00022685923803660973,0,0,0,0,0,0,0,0,0,0,0,0,0,0,0,2.4614363682037518e-8,0,0,0,0,0,0,0,0,0,3.242173453822725e-9,0,0,0,1.5327127475015332e-8,0,0,0,0,0.00022687131774241906,4.318366461087558e-8,0.00022691450140702993
0.51,5.658315786748161e-9,7.028024166142198e-9,0.00022739625358123272,0,0,0,0,0,0,0,0,0,0,0,0,0,0,0,2.647739277626192e-8,0,0,0,0,0,0,0,0,0,3.5070280550489076e-9,0,0,0,1.659094066853143e-8,0,0,0,0,0.0002274089399211856,4.657536149984226e-8,0.00022745551528268544
0.511,5.669410566199007e-9,7.707142252263974e-9,0.00022793305418601818,0,0,0,0,0,0,0,0,0,0,0,0,0,0,0,2.8523444959750913e-8,0,0,0,0,0,0,0,0,0,3.798539249490839e-9,0,0,0,1.7969706457819187e-8,0,0,0,0,0.00022794643073883664,5.0291690667060944e-8,0.0002279967224295037
0.512,5.680505345566704e-9,8.481697464631543e-9,0.00022846964136600116,0,0,0,0,0,0,0,0,0,0,0,0,0,0,0,3.076733516263895e-8,0,0,0,0,0,0,0,0,0,4.119979219507344e-9,0,0,0,1.9493131439545583e-8,0,0,0,0,0.00022848380356881135,5.438044582169188e-8,0.00022853818401463304
0.513,5.691600124851737e-9,9.365508075672174e-9,0.00022900601662141754,0,0,0,0,0,0,0,0,0,0,0,0,0,0,0,3.3220933086412864e-8,0,0,0,0,0,0,0,0,0,4.475619420713931e-9,0,0,0,2.1181453059122974e-8,0,0,0,0,0.00022902107372961805,5.887800556624977e-8,0.0002290799517351843
0.514,5.702694904054589e-9,1.0374737227867408e-8,0.00022954218143789087,0,0,0,0,0,0,0,0,0,0,0,0,0,0,0,3.5909227922950754e-8,0,0,0,0,0,0,0,0,0,4.87002943751253e-9,0,0,0,2.30459096693432e-8,0,0,0,0,0.0002295582588700228,6.382516702980648e-8,0.0002296220840370526
0.515,5.713789683175739e-9,1.1528367147842967e-8,0.00023007813728661644,0,0,0,0,0,0,0,0,0,0,0,0,0,0,0,3.89057147315284e-8,0,0,0,0,0,0,0,0,0,5.307563253422068e-9,0,0,0,2.5111975294769347e-8,0,0,0,0,0.00023009537944344746,6.93252532797198e-8,0.00023016470469672717
0.516,5.724884462215664e-9,1.284878668572539e-8,0.00023061388562454238,0,0,0,0,0,0,0,0,0,0,0,0,0,0,0,4.2216772692330115e-8,0,0,0,0,0,0,0,0,0,5.794659364003879e-9,0,0,0,2.7431319502711488e-8,0,0,0,0,0.00023063245929569033,7.544275155904548e-8,0.00023070790204724937
0.517,5.735979241174832e-9,1.4362523816312288e-8,0.0002311494278945479,0,0,0,0,0,0,0,0,0,0,0,0,0,0,0,4.588957663073859e-8,0,0,0,0,0,0,0,0,0,6.339926889481622e-9,0,0,0,2.999643798277552e-8,0,0,0,0,0.0002311695263976054,8.222594150299573e-8,0.00023125175233910838
0.518,5.747074020053712e-9,1.6101164948158747e-8,0.0002316847655256188,0,0,0,0,0,0,0,0,0,0,0,0,0,0,0,4.998701848980958e-8,0,0,0,0,0,0,0,0,0,6.948862264749179e-9,0,0,0,3.288977630628058e-8,0,0,0,0,0.000231706613764587,8.982565706083935e-8,0.00023179643942164785
0.519,5.758168798852769e-9,1.8102516871325992e-8,0.0002322198999330204,0,0,0,0,0,0,0,0,0,0,0,0,0,0,0,5.4577545611944966e-8,0,0,0,0,0,0,0,0,0,7.637181262302832e-9,0,0,0,3.61265898103711e-8,0,0,0,0,0.00023224376061869057,9.83413166846189e-8,0.0002323421019353752
0.52,5.7692635775724625e-9,2.0412086521981733e-8,0.00023275483251846763,0,0,0,0,0,0,0,0,0,0,0,0,0,0,0,5.968202765542055e-8,0,0,0,0,0,0,0,0,0,8.409665766992481e-9,0,0,0,3.97894461129108e-8,0,0,0,0,0.00023278101386856718,1.0788113953532383e-7,0.0002328888950081025
0.521,5.78035835621325e-9,2.3084980794980226e-8,0.0002332895646702928,0,0,0,0,0,0,0,0,0,0,0,0,0,0,0,6.545029203802555e-8,0,0,0,0,0,0,0,0,0,9.285355058482183e-9,0,0,0,4.395162053582141e-8,0,0,0,0,0.000233318430009444,1.1868726763232915e-7,0.00023343711727707634
0.522,5.791453134775582e-9,2.6188366895641402e-8,0.0002338240977636102,0,0,0,0,0,0,0,0,0,0,0,0,0,0,0,7.199330911621817e-8,0,0,0,0,0,0,0,0,0,1.028420319700932e-8,0,0,0,4.866926988790162e-8,0,0,0,0,0.00023385607758364063,1.309467822011291e-7,0.00023398702436584176
0.523,5.802547913259915e-9,2.9804688496032686e-8,0.00023435843316047946,0,0,0,0,0,0,0,0,0,0,0,0,0,0,0,7.94358879858703e-8,0,0,0,0,0,0,0,0,0,1.1423344254880892e-8,0,0,0,5.40654029346267e-8,0,0,0,0,0.00023439404039688876,1.449246351753779e-7,0.00023453896503206414
0.524,5.81364269166669e-9,3.403591241201411e-8,0.00023489257221006443,0,0,0,0,0,0,0,0,0,0,0,0,0,0,0,8.788239216535982e-8,0,0,0,0,0,0,0,0,0,1.273128748354252e-8,0,0,0,6.023253894170806e-8,0,0,0,0,0.00023493242176516813,1.608462185906104e-7,0.00023509326798375874
0.525,5.82473746999635e-9,3.900919740327058e-8,0.0002354265162487918,0,0,0,0,0,0,0,0,0,0,0,0,0,0,0,9.759767689120888e-8,0,0,0,0,0,0,0,0,0,1.4237164524854048e-8,0,0,0,6.741280802793985e-8,0,0,0,0,0.00023547135018366506,1.7924764944400277e-7,0.00023565059783310906
0.526,5.83583224824934e-9,4.48845513062625e-8,0.0002359602666005059,0,0,0,0,0,0,0,0,0,0,0,0,0,0,0,1.0884414413127948e-7,0,0,0,0,0,0,0,0,0,1.598924985518648e-8,0,0,0,7.57122901292702e-8,0,0,0,0,0.0002360109869840604,2.0054568411573617e-7,0.00023621153266817615
0.527,5.8469270264260905e-9,5.186530790495442e-8,0.00023649382457662153,0,0,0,0,0,0,0,0,0,0,0,0,0,0,0,1.2178525410834912e-7,0,0,0,0,0,0,0,0,0,1.80321060607889e-8,0,0,0,8.538593349218577e-8,0,0,0,0,0.0002365515368115529,2.252032936613238e-7,0.00023677674010521424
0.528,5.8580218045270385e-9,6.021266505962589e-8,0.0002370271914762751,0,0,0,0,0,0,0,0,0,0,0,0,0,0,0,1.3704994067863043e-7,0,0,0,0,0,0,0,0,0,2.043295514392382e-8,0,0,0,9.684560087800599e-8,0,0,0,0,0.00023709326216313925,2.543284967005602e-7,0.0002373475906598398
0.529,5.869116582552615e-9,7.026617248039516e-8,0.0002375603685864723,0,0,0,0,0,0,0,0,0,0,0,0,0,0,0,1.5501911348382618e-7,0,0,0,0,0,0,0,0,0,2.3284023452145452e-8,0,0,0,1.1042210049123706e-7,0,0,0,0,0.00023763650387553524,2.887252374272087e-7,0.00023792522911296243
0.53,5.8802113605032416e-9,8.247310015427065e-8,0.00023809335718223486,0,0,0,0,0,0,0,0,0,0,0,0,0,0,0,1.7642190356436078e-7,0,0,0,0,0,0,0,0,0,2.669485623530669e-8,0,0,0,1.266029155497105e-7,0,0,0,0,0.00023818171049374965,3.29719675349378e-7,0.00023851143016909903
0.531,5.8913061383793445e-9,9.743133955257267e-8,0.00023862615852674417,0,0,0,0,0,0,0,0,0,0,0,0,0,0,0,2.0210944627911337e-7,0,0,0,0,0,0,0,0,0,3.0810051347225734e-8,0,0,0,1.4622146198259366e-7,0,0,0,0,0.00023872948117243512,3.7914095960893276e-7,0.00023910862213204404
0.532,5.902400916181347e-9,1.159534071272119e-7,0.00023915877387148336,0,0,0,0,0,0,0,0,0,0,0,0,0,0,0,2.3336381654643122e-7,0,0,0,0,0,0,0,0,0,3.583235445264535e-8,0,0,0,1.7018727620387147e-7,0,0,0,0,0.00023928062967952675,4.39383447202948e-7,0.0002397200131267297
0.533,5.913495693909661e-9,1.3916421292194607e-7,0.00023969120445637682,0,0,0,0,0,0,0,0,0,0,0,0,0,0,0,2.7171896345476177e-7,0,0,0,0,0,0,0,0,0,4.205447669526236e-8,0,0,0,1.998157689383885e-7,0,0,0,0,0.00023983628216499268,5.135892090884126e-7,0.0002403498713740811
0.534,5.924590471564702e-9,1.6865444909089215e-7,0.00024022345150992813,0,0,0,0,0,0,0,0,0,0,0,0,0,0,0,3.1938049314390955e-7,0,0,0,0,0,0,0,0,0,4.984069878253843e-8,0,0,0,2.37006945996492e-7,0,0,0,0,0.00024039803054949057,6.062281379229399e-7,0.00024100425868741352
0.535,5.935685249146881e-9,2.067286761165987e-7,0.0002407555162493559,0,0,0,0,0,0,0,0,0,0,0,0,0,0,0,3.801381486857397e-7,0,0,0,0,0,0,0,0,0,5.977224237257184e-8,0,0,0,2.8457605645393513e-7,0,0,0,0,0.00024096818061072165,7.244864475122466e-7,0.0002416926670582339
0.536,5.946780026656609e-9,2.5682086715624694e-7,0.000241287399880727,0,0,0,0,0,0,0,0,0,0,0,0,0,0,0,4.584824501735827e-7,0,0,0,0,0,0,0,0,0,7.266515519242208e-8,0,0,0,3.4627279011843283e-7,0,0,0,0,0.0002415501675279099,8.774203954844377e-7,0.00024242758792339435
0.537,5.957874804094287e-9,3.242193777527287e-7,0.00024181910359908845,0,0,0,0,0,0,0,0,0,0,0,0,0,0,0,5.6208505316703e-7,0,0,0,0,0,0,0,0,0,8.979719407433062e-8,0,0,0,4.285148478241668e-7,0,0,0,0,0.0002421492808516453,0.0000010803970950655273,0.0002432296779467108
0.538,5.968969581460316e-9,4.1739394228091833e-7,0.00024235062858859763,0,0,0,0,0,0,0,0,0,0,0,0,0,0,0,7.03255824250064e-7,0,0,0,0,0,0,0,0,0,1.1324178216019198e-7,0,0,0,5.409753072046156e-7,0,0,0,0,0.00024277399150046002,0.0000013574729136148716,0.0002441314644140749
0.539,5.980064358755099e-9,5.505683292169291e-7,0.00024288197602264966,0,0,0,0,0,0,0,0,0,0,0,0,0,0,0,9.019243184403428e-7,0,0,0,0,0,0,0,0,0,1.4634693219022994e-7,0,0,0,7.001118430236653e-7,0,0,0,0,0.00024343852441622535,0.0000017483830936542381,0.0002451869075098796
0.54,5.991159135979028e-9,7.490704986115584e-7,0.00024341314706400395,0,0,0,0,0,0,0,0,0,0,0,0,0,0,0,0.0000011930937117833695,0,0,0,0,0,0,0,0,0,1.9519448829939504e-7,0,0,0,9.351727360595629e-7,0,0,0,0,0.0002441682087217515,0.0000023234609361423274,0.0002464916696578938
0.541,6.002253913132498e-9,0.0000010614797389699697,0.0002439441428649082,0,0,0,0,0,0,0,0,0,0,0,0,0,0,0,0.0000016437935450197249,0,0,0,0,0,0,0,0,0,2.7123901590675005e-7,0,0,0,0.000001301532947961557,0,0,0,0,0.0002450116248577913,0.000003216565508888032,0.00024822819036667937
0.542,6.0133486902158986e-9,0.0000015905172155536262,0.000244474964567221,0,0,0,0,0,0,0,0,0,0,0,0,0,0,0,0.0000023964608173659495,0,0,0,0,0,0,0,0,0,3.9871901463216386e-7,0,0,0,0.0000019163188591223375,0,0,0,0,0.00024607149513146485,0.000004711498691120451,0.0002507829938225853
0.543,6.024443467229618e-9,0.0000025845958782707904,0.00024500561330253253,0,0,0,0,0,0,0,0,0,0,0,0,0,0,0,0.000003790589492396488,0,0,0,0,0,0,0,0,0,6.357645637657827e-7,0,0,0,0.0000030612836149018147,0,0,0,0,0.00024759623362427053,0.000007487637671064086,0.0002550838712953346
0.544,6.035538244174037e-9,0.000004776130350395888,0.00024553609019228325,0,0,0,0,0,0,0,0,0,0,0,0,0,0,0,0.000006813368180534152,0,0,0,0,0,0,0,0,0,0.0000011534489213587542,0,0,0,0.000005565468868095168,0,0,0,0,0.0002503182560809233,0.000013532285969988074,0.00026385054205091136
0.545,6.04663302104954e-9,0.000011164482597522114,0.00024606639634788184,0,0,0,0,0,0,0,0,0,0,0,0,0,0,0,0.0000155145821133188,0,0,0,0,0,0,0,0,0,0.000002647293231422627,0,0,0,0.000012802477761239821,0,0,0,0,0.000257236925578425,0.000030964353105981246,0.00028820127868440625
0.549,6.091012127869916e-9,0.000012940368843782838,0.00024818593551223056,0,0,0,0,0,0,0,0,0,0,0,0,0,0,0,0.0000162333797534873,0,0,0,0,0,0,0,0,0,0.0000028642013099751344,0,0,0,0.000013993832172323162,0,0,0,0,0.00026113239536814124,0.000033091413235785595,0.00029422380860392685
0.55,6.1021069044064606e-9,0.000005960082465801842,0.00024871540432507455,0,0,0,0,0,0,0,0,0,0,0,0,0,0,0,0.0000072898097961086206,0,0,0,0,0,0,0,0,0,0.0000012979064896430569,0,0,6.201054470178528e-26,0.000006359451150840552,0,0,0,0,0.0002546815888977808,0.00001494716743659223,0.000269628756334373
0.551,6.1132016808763184e-9,0.000003472589255630959,0.0002492447088679044,0,0,0,0,0,0,0,0,0,0,0,0,0,0,0,0.000004143958719968498,0,0,0,0,0,0,0,0,0,7.440969681886553e-7,0,0,1.2279929095449956e-24,0.0000036580232645092,0,0,0,0,0.00025272341132521624,0.000008546078952666354,0.0002612694902778826
0.552,6.124296457279851e-9,0.0000023009419656034796,0.0002497738501850513,0,0,0,0,0,0,0,0,0,0,0,0,0,0,0,0.0000026799405313844294,0,0,0,0,0,0,0,0,0,4.854225726404274e-7,0,0,6.022027296295023e-24,0.0000023932232589925364,0,0,0,0,0.00025208091644711206,0.000005558586363017393,0.00025763950281012946
0.553,6.135391233617425e-9,0.0000016535308673785174,0.0002503028293116946,0,0,0,0,0,0,0,0,0,0,0,0,0,0,0,0.0000018799466857878502,0,0,0,0,0,0,0,0,0,3.435009591393566e-7,0,0,1.799246511449337e-23,0.0000016996978249780443,0,0,0,0,0.00025196249557030674,0.000003923145469905251,0.000255885641040212
0.554,6.146486009889391e-9,0.0000012565736708426207,0.00025083164727396557,0,0,0,0,0,0,0,0,0,0,0,0,0,0,0,0.0000013936087403748994,0,0,0,0,0,0,0,0,0,2.571130726273814e-7,0,0,4.1960745379168704e-23,0.0000012768150128603875,0,0,0,0,0.0002520943674308181,0.0000029275368258626683,0.0002550219042566808
0.555,6.157580786096103e-9,9.946645323539912e-7,0.0002513603050890487,0,0,0,0,0,0,0,0,0,0,0,0,0,0,0,0.0000010776672156317712,0,0,0,0,0,0,0,0,0,2.0055065060502002e-7,0,0,8.454384714862826e-23,9.997529452968874e-7,0,0,0,0,0.00025236112720218877,0.0000022779708115336783,0.00025463909801372244
0.556,6.168675562237918e-9,8.121771125069923e-7,0.000251888803765283,0,0,0,0,0,0,0,0,0,0,0,0,0,0,0,8.598583846833208e-7,0,0,0,0,0,0,0,0,0,1.6138738352036508e-7,0,0,1.5478258738355748e-22,8.077010505743931e-7,0,0,0,0,0.0002527071495533522,0.0000018289468187780791,0.00025453609637213025
0.557,6.1797703383151815e-9,6.795552140925836e-7,0.0002524171443022592,0,0,0,0,0,0,0,0,0,0,0,0,0,0,0,7.029511655486107e-7,0,0,0,0,0,0,0,0,0,1.3313071090414262e-7,0,0,2.64859667992545e-22,6.689135382348958e-7,0,0,0,0,0.0002531028792866901,0.0000015049954146876494,0.00025460787470137775
0.558,6.190865114328241e-9,5.798843662471571e-7,0.00025294532769091994,0,0,0,0,0,0,0,0,0,0,0,0,0,0,0,5.862657009164585e-7,0,0,0,0,0,0,0,0,0,1.1204190791653921e-7,0,0,4.309121007390161e-22,5.654682554583034e-7,0,0,0,0,0.0002535314029222814,0.0000012637758642913016,0.0002547951787865727
0.559,6.201959890277444e-9,5.029010274937209e-7,0.00025347335491365347,0,0,0,0,0,0,0,0,0,0,0,1.4361320999000032e-26,0,0,0,4.971358431549039e-7,0,0,0,0,0,0,0,0,0,9.58395362404254e-8,0,0,6.739446436352675e-22,4.858366565584271e-7,0,0,0,0,0.0002539824579010375,0.0000010788120359537569,0.0002550612699369913
0.56,6.213054666163128e-9,4.420749707499191e-7,0.0002540012269443909,0,0,0,0,0,0,0,0,0,0,0,6.420859452331469e-25,0,0,0,4.273205768058078e-7,0,0,0,0,0,0,0,0,0,8.311644852135451e-8,0,0,1.0208503096563383e-21,4.234510056779703e-7,0,0,0,0,0.000254449514969807,9.338880310051336e-7,0.0002553834030008121
0.561,6.224149441985638e-9,3.930851670405035e-7,0.0002545289447486982,0,0,0,0,0,0,0,0,0,0,0,4.55102608985639e-24,0,0,0,3.717189251809825e-7,0,0,0,0,0,0,0,0,0,7.293441591242149e-8,0,0,1.505543254176547e-21,3.7339669536057544e-7,0,0,0,0,0.00025492825406518065,8.180500364539809e-7,0.0002557463041016346
0.562,6.235244217745309e-9,3.5297654388170135e-7,0.0002550565092838696,0,0,0,0,0,0,0,0,0,0,0,1.6999427347251413e-23,0,0,0,3.265139305646601e-7,0,0,0,0,0,0,0,0,0,6.464522001815723e-8,0,0,2.17020871335352e-21,3.327018127044862e-7,0,0,0,0,0.00025541572107196905,7.238609632873057e-7,0.00025613958203525637
0.5630000000000001,6.246338993442472e-9,3.196705209948807e-7,0.0002555839214990182,0,0,0,0,0,0,0,0,0,0,0,4.5834408644602583e-23,0,0,0,2.8915186437420995e-7,0,0,0,0,0,0,0,0,0,5.780089168628278e-8,0,0,3.0666741339237933e-21,2.990878760697518e-7,0,0,0,0,0.00025590983835900653,6.460406321302477e-7,0.00025655587899113677
0.5640000000000001,6.257433769077465e-9,2.916690935392059e-7,0.0002561111823351663,0,0,0,0,0,0,0,0,0,0,0,1.015586924418815e-22,0,0,0,2.582553927592901e-7,0,0,0,0,0,0,0,0,0,5.2092549729644425e-8,0,0,4.257905157895158e-21,2.710032731706463e-7,0,0,0,0,0.00025640910886247457,5.813512156595852e-7,0.00025699046007813414
0.5650000000000001,6.268528544650616e-9,2.6786955656047917e-7,0.000256638292725334,0,0,0,0,0,0,0,0,0,0,0,1.975455187348683e-22,0,0,0,2.3209926302385146e-7,0,0,0,0,0,0,0,0,0,4.726320028910594e-8,0,0,5.819629667977733e-21,2.472786807147859e-7,0,0,0,0,0.0002569124308104391,5.266411440277494e-7,0.0002574390719544669
0.5660000000000001,6.279623320162252e-9,2.474449189366915e-7,0.0002571652535946264,0,0,0,0,0,0,0,0,0,0,0,3.5039675886554136e-22,0,0,0,2.0988591993055643e-7,0,0,0,0,0,0,0,0,0,4.314048988962885e-8,0,0,7.842092638620043e-21,2.2700146500449105e-7,0,0,0,0,0.00025741897813688326,4.800278748246845e-7,0.00025789900601170797
0.5670000000000001,6.290718095612699e-9,2.2976462767170524e-7,0.00025769206586032036,0,0,0,0,0,0,0,0,0,0,0,5.80426794935685e-22,0,0,0,1.9078140364752469e-7,0,0,0,0,0,0,0,0,0,3.958518769508338e-8,0,0,1.0431944059058334e-20,2.095879489416758e-7,0,0,0,0,0.0002579281212060877,4.399545402842949e-7,0.000258368075746372
0.5680000000000001,6.30181287100228e-9,2.1434075796657046e-7,0.0002582187304319493,0,0,0,0,0,0,0,0,0,0,0,9.12256499410639e-22,0,0,0,1.743196459388041e-7,0,0,0,0,0,0,0,0,0,3.649764664965464e-8,0,0,1.3714261689775348e-20,1.944874095843133e-7,0,0,0,0,0.00025843937300278687,4.0530470217278664e-7,0.00025884467770495963
0.5690000000000001,6.312907646331317e-9,2.0079071117720194e-7,0.00025874524821138764,0,0,0,0,0,0,0,0,0,0,0,1.3755056720871556e-21,0,0,0,1.5993920881665213e-7,0,0,0,0,0,0,0,0,0,3.3795874549708686e-8,0,0,1.7834709876183212e-20,1.8130497344319882e-7,0,0,0,0,0.0002589523518302112,3.7504005680957884e-7,0.0002593273918870208
0.5700000000000001,6.324002421600128e-9,1.8881086306453352e-7,0.0002592716200929334,0,0,0,0,0,0,0,0,0,0,0,2.0055758166749213e-21,0,0,0,1.4731929347820862e-7,0,0,0,0,0,0,0,0,0,3.1419463711281316e-8,0,0,2.2961835068912637e-20,1.6974701674110425e-7,0,0,0,0,0.00025946675495841954,3.4848577393061915e-7,0.00025981524073235017
0.5710000000000001,6.33509719680903e-9,1.7815762768365596e-7,0.0002597978469633901,0,0,0,0,0,0,0,0,0,0,0,2.8445177145135e-21,0,0,0,1.3620970107196474e-7,0,0,0,0,0,0,0,0,0,2.9320288748570012e-8,0,0,2.9289498085639624e-20,1.5951951109615572e-7,0,0,0,0,0.00025998233968827053,3.2504950091672264e-7,0.00026030738918918727
0.5720000000000001,6.346191971958335e-9,1.686336380469113e-7,0.0002603239297021475,0,0,0,0,0,0,0,0,0,0,0,3.941979989109919e-21,0,0,0,1.2637122805575435e-7,0,0,0,0,0,0,0,0,0,2.7452871074916358e-8,0,0,3.7039442492392955e-20,1.5044023178267592e-7,0,0,0,0,0.00026049890953216634,3.042643309133876e-7,0.00026080317386307974
0.5730000000000001,6.357286747048359e-9,1.6007751786330038e-7,0.00026084986918126115,0,0,0,0,0,0,0,0,0,0,0,5.3562359567954626e-21,0,0,0,1.1755822279584705e-7,0,0,0,0,0,0,0,0,0,2.578120157043357e-8,0,0,4.646399778065517e-20,1.4230956978347192e-7,0,0,0,0,0.0002610163039858715,2.8564899414980436e-7,0.0002613019529800213
0.5740000000000001,6.368381522079409e-9,1.523562129726884e-7,0.0002613756662655313,0,0,0,0,0,0,0,0,0,0,0,7.155286704996109e-21,0,0,0,1.0963180823541999e-7,0,0,0,0,0,0,0,0,0,2.4279916829785817e-8,0,0,5.784891526850618e-20,1.3505989265723327e-7,0,0,0,0,0.00026153439086002605,2.6897161772250406e-7,0.00026180336247774857
0.5750000000000001,6.37947629705179e-9,1.4535917342441763e-7,0.0002619013218125798,0,0,0,0,0,0,0,0,0,0,0,9.418038663957573e-21,0,0,0,1.0255777893725731e-7,0,0,0,0,0,0,0,0,0,2.2924139247907977e-8,0,0,7.151633385795538e-20,1.2851868963696404e-7,0,0,0,0,0.0002620530604623013,2.540006078222102e-7,0.0002623070610701235
0.5760000000000001,6.390571071965812e-9,1.3899389116190234e-7,0.0002624268366729278,0,0,0,0,0,0,0,0,0,0,0,1.2235554034010806e-20,0,0,0,9.613902060942989e-8,0,0,0,0,0,0,0,0,0,2.169608931833296e-8,0,0,8.782787193505541e-20,1.2264050956759652e-7,0,0,0,0,0.00026257222113516165,2.4047561949545946e-7,0.0002628126967546571
0.5770000000000001,6.40166584682178e-9,1.3318244274373717e-7,0.0002629522116900702,0,0,0,0,0,0,0,0,0,0,0,1.5712372362741422e-20,0,0,0,9.025378831094028e-8,0,0,0,0,0,0,0,0,0,2.0577789653895138e-8,0,0,1.071878408030738e-19,1.1729858565647425e-7,0,0,0,0,0.00026309179579866077,2.2813016362143258e-7,0.0002633199259622822
0.5780000000000001,6.4127606216199914e-9,1.278587855578231e-7,0.00026347744770055054,0,0,0,0,0,0,0,0,0,0,0,1.9967901378093007e-20,0,0,0,8.49612354293726e-8,0,0,0,0,0,0,0,0,0,1.9555580223665914e-8,0,0,1.300465740907462e-19,1.1244042916886334e-7,0,0,0,0,0.00026361171924672996,2.1695724482205187e-7,0.00026382867649155204
0.5790000000000001,6.423855396360745e-9,1.229666248286531e-7,0.00026400254553403456,0,0,0,0,0,0,0,0,0,0,0,2.5137874903711157e-20,0,0,0,8.01506998879815e-8,0,0,0,0,0,0,0,0,0,1.8622683677680365e-8,0,0,1.5690386657643058e-19,1.0801565958422168e-7,0,0,0,0,0.00026413193601425956,2.0678904315006558e-7,0.00026433872505740965
0.5800000000000001,6.434950171044342e-9,1.1845771721038403e-7,0.0002645275060133834,0,0,0,0,0,0,0,0,0,0,0,3.1375875331450076e-20,0,0,0,7.572336798704092e-8,0,0,0,0,0,0,0,0,0,1.7760676708749573e-8,0,0,1.8831251481389922e-19,1.0398692465248148e-7,0,0,0,0,0.0002646523986807648,1.9747096934849164e-7,0.0002648498696501133
0.5810000000000001,6.446044945671071e-9,1.1429051133508699e-7,0.00026505232995472424,0,0,0,0,0,0,0,0,0,0,0,3.8854917716165265e-20,0,0,0,7.16592483333386e-8,0,0,0,0,0,0,0,0,0,1.6970052579838193e-8,0,0,2.2488195083570536e-19,1.0028406517623469e-7,0,0,0,0,0.000265173066511005,1.8891336608967522e-7,0.00026536197987709465
0.5820000000000001,6.4571397202412306e-9,1.104290506221326e-7,0.0002655770181675221,0,0,0,0,0,0,0,0,0,0,0,4.776909209877065e-20,0,0,0,6.793786076002692e-8,0,0,0,0,0,0,0,0,0,1.6238636941391998e-8,0,0,2.67281959045035e-19,9.688771409421685e-8,0,0,0,0,0.0002656939043578645,1.810642117959508e-7,0.00026587496856966044
0.5830000000000001,6.4682344947551115e-9,1.0684208183115492e-7,0.0002661015714546487,0,0,0,0,0,0,0,0,0,0,0,5.833526016117342e-20,0,0,0,6.448188906812999e-8,0,0,0,0,0,0,0,0,0,1.556286646836798e-8,0,0,3.1624646518610188e-19,9.37523183689587e-8,0,0,0,0,0.0002662148817709746,1.7379707390583125e-7,0.0002663886788448804
0.5840000000000001,6.479329269213001e-9,1.035023262228066e-7,0.00026662599061245246,0,0,0,0,0,0,0,0,0,0,0,7.079480177528005e-20,0,0,0,6.127496820938027e-8,0,0,0,0,0,0,0,0,0,1.493500916130523e-8,0,0,3.7257738500610963e-19,9.090629308188163e-8,0,0,0,0,0.00026673597226794447,1.671162704530105e-7,0.0002669030885383975
0.5850000000000001,6.4904240436151865e-9,1.0038588013599112e-7,0.0002671502764308257,0,0,0,0,0,0,0,0,0,0,0,8.541540643079848e-20,0,0,0,5.830889785694445e-8,0,0,0,0,0,0,0,0,0,1.4347760205812559e-8,0,0,4.37148518888709e-19,8.824291057448504e-8,0,0,0,0,0.00026725715273500527,1.6089956863776463e-7,0.00026741805230364303
0.5860000000000001,6.501518817961955e-9,9.747171924576891e-8,0.000267674429693272,0,0,0,0,0,0,0,0,0,0,0,1.024929039150199e-19,0,0,0,5.5530448427510074e-8,0,0,0,0,0,0,0,0,0,1.3800869344039055e-8,0,0,5.109094773495917e-19,8.578144563706237e-8,0,0,0,0,0.00026777840293133574,1.551127634092249e-7,0.000267933515694745
0.587,6.512613592253586e-9,9.47412864021932e-8,0.0002681984511769728,0,0,0,0,0,0,0,0,0,0,0,1.2235312797370443e-19,0,0,0,5.296339521873457e-8,0,0,0,0,0,0,0,0,0,1.3287466815855123e-8,0,0,5.948896208395285e-19,8.352090882966022e-8,0,0,0,0,0.0002682997050769673,1.4977177086496716e-7,0.00026844947684783225
0.588,6.5237083664903665e-9,9.217814724451939e-8,0.00026872234165285303,0,0,0,0,0,0,0,0,0,0,0,1.4535380600680358e-19,0,0,0,5.057856645196904e-8,0,0,0,0,0,0,0,0,0,1.281266691792513e-8,0,0,6.902019958000215e-19,8.142611037389905e-8,0,0,0,0,0.00026882104350846406,1.4481734374462877e-7,0.0002689658608522087
0.589,6.534803140672571e-9,8.976770108135024e-8,0.00026924610188564494,0,0,0,0,0,0,0,0,0,0,0,1.7188646714685145e-19,0,0,0,4.8337983898230805e-8,0,0,0,0,0,0,0,0,0,1.236533095296236e-8,0,0,7.980472473616559e-19,7.946618551385789e-8,0,0,0,0,0.00026934240438986697,1.40169500366021e-7,0.000269482573890233
0.59,6.545897914800479e-9,8.749693707514587e-8,0.00026976973263395296,0,0,0,0,0,0,0,0,0,0,0,2.0237836033247475e-19,0,0,0,4.624745842298036e-8,0,0,0,0,0,0,0,0,0,1.1940947918479882e-8,0,0,9.19717487467172e-19,7.76481270950992e-8,0,0,0,0,0.0002698637754689429,1.3583653343768154e-7,0.0002699996120023806
0.591,6.556992688874364e-9,8.535422775215092e-8,0.0002702932346503158,0,0,0,0,0,0,0,0,0,0,0,2.3729437322537904e-19,0,0,0,4.4278088174363224e-8,0,0,0,0,0,0,0,0,0,1.1545739480326906e-8,0,0,1.0566000955413526e-18,7.596835992487352e-8,0,0,0,0,0.0002703851458707568,1.3179218758085754e-7,0.00027051693805833766
0.592,6.568087462894504e-9,8.332915341137144e-8,0.0002708166086812693,0,0,0,0,0,0,0,0,0,0,0,2.7713894202703403e-19,0,0,0,4.2427352858644604e-8,0,0,0,0,0,0,0,0,0,1.1172624699358443e-8,0,0,1.2101814271197249e-18,7.440263004076115e-8,0,0,0,0,0.00027090650592214355,1.2800260760025153e-7,0.0002710345085297438
0.593,6.57918223686117e-9,8.141235222937862e-8,0.0002713398554674078,0,0,0,0,0,0,0,0,0,0,0,3.2245794143243116e-19,0,0,0,4.068781100457548e-8,0,0,0,0,0,0,0,0,0,1.081917528698134e-8,0,0,1.3820504040900094e-18,7.293632697940861e-8,0,0,0,0,0.00027142784700187405,1.2444331327266993e-7,0.0002715522903151467
0.594,6.590277010774626e-9,7.959539182686813e-8,0.0002718629757434443,0,0,0,0,0,0,0,0,0,0,0,3.7384054311347774e-19,0,0,0,3.904575066342957e-8,0,0,0,0,0,0,0,0,0,1.048428439640442e-8,0,0,1.5739019583974934e-18,7.158112680038783e-8,0,0,0,0,0.00027194916141228193,1.2111116186216957e-7,0.0002720702725741441
0.595,6.601371784635147e-9,7.787065883500738e-8,0.0002723859702382711,0,0,0,0,0,0,0,0,0,0,0,4.319210302552644e-19,0,0,0,3.749577726443509e-8,0,0,0,0,0,0,0,0,0,1.0163818604174059e-8,0,0,1.787540299220052e-18,7.030364608965499e-8,0,0,0,0,0.00027247044226889075,1.179632419604836e-7,0.00027258840551085123
0.596,6.612466558442997e-9,7.623126361794557e-8,0.00027290883967501846,0,0,0,0,0,0,0,0,0,0,0,4.973805547756898e-19,0,0,0,3.604235810195728e-8,0,0,0,0,0,0,0,0,0,9.863334800578344e-9,0,0,2.0248819717348817e-18,6.912235262435376e-8,0,0,0,0,0.00027299168340519484,1.1502804552941165e-7,0.00027310671145072424
0.597,6.6235613321984415e-9,7.467095780552711e-8,0.00027343158477111313,0,0,0,0,0,0,0,0,0,0,0,5.709488229449032e-19,0,0,0,3.465541225324581e-8,0,0,0,0,0,0,0,0,0,9.578084943945218e-9,0,0,2.287958673679965e-18,6.802615867754583e-8,0,0,0,0,0.00027351287929025086,1.1225965587759577e-7,0.00027362513894612847
0.598,6.634656105901742e-9,7.318406269270588e-8,0.00027395420623833617,0,0,0,0,0,0,0,0,0,0,0,6.534056941871496e-19,0,0,0,3.334116087247531e-8,0,0,0,0,0,0,0,0,0,9.305194623141984e-9,0,0,2.5789197939673e-18,6.700111927341742e-8,0,0,0,0,0.00027403402495713476,1.0964747477226704e-7,0.00027414367243190705
0.599,6.64575087955316e-9,7.176540688911234e-8,0.0002744767047828796,0,0,0,0,0,0,0,0,0,0,0,7.455826768958809e-19,0,0,0,3.207958718252695e-8,0,0,0,0,0,0,0,0,0,9.044380508461198e-9,0,0,2.9000346356294044e-18,6.603225243123316e-8,0,0,0,0,0.00027455511594064825,1.0715622012586691e-7,0.0002746622721607741
0.6,6.656845653152955e-9,7.041027186899927e-8,0.0002749990811054033,0,0,0,0,0,0,0,0,0,0,0,8.483643041266392e-19,0,0,0,3.089587411466251e-8,0,0,0,0,0,0,0,0,0,8.794993257444881e-9,0,0,3.2536942833924894e-18,6.514773419197913e-8,0,0,0,0,0.0002750761482229255,1.0483860156818857e-7,0.0002751809868244937
0.601,6.667940426701386e-9,6.911434429038006e-8,0.0002755213359010899,0,0,0,0,0,0,0,0,0,0,0,9.62689371052674e-19,0,0,0,2.9770360304721006e-8,0,0,0,0,0,0,0,0,0,8.55595371105568e-9,0,0,3.642413074165673e-18,6.430571982470442e-8,0,0,0,0,0.000275597118185807,1.0263203384508622e-7,0.0002756997502196521
0.602,6.679035200198707e-9,6.787367413200008e-8,0.0002760434698596998,0,0,0,0,0,0,0,0,0,0,0,1.0895520150804464e-18,0,0,0,2.8699059499350066e-8,0,0,0,0,0,0,0,0,0,8.326639799849569e-9,0,0,4.068829626728822e-18,6.352562705019235e-8,0,0,0,0,0.00027611802256903204,1.0055132635455037e-7,0.00027621857389538657
0.603,6.690129973645175e-9,6.668463784529785e-8,0.00027656548366562626,0,0,0,0,0,0,0,0,0,0,0,1.230002618526697e-18,0,0,0,2.7678330958200914e-8,0,0,0,0,0,0,0,0,0,8.109056292400253e-9,0,0,4.53570738489977e-18,6.280999819309404e-8,0,0,0,0,0.0002766388584334452,9.85973854494609e-8,0.00027673745581889466
0.604,6.70122474704104e-9,6.554390584161631e-8,0.0002770873779979475,0,0,0,0,0,0,0,0,0,0,0,1.3851485127631937e-18,0,0,0,2.6708804192702773e-8,0,0,0,0,0,0,0,0,0,7.90094260857468e-9,0,0,5.045934626472184e-18,6.213487065315103e-8,0,0,0,0,0.00027715962312853615,9.674461746085957e-8,0.000277256367745997
0.605,6.712319520386553e-9,6.44484137373442e-8,0.0002776091535304806,0,0,0,0,0,0,0,0,0,0,0,1.556154461740518e-18,0,0,0,2.577939176906044e-8,0,0,0,0,0,0,0,0,0,7.698178361397097e-9,0,0,5.602523888249744e-18,6.149926832959581e-8,0,0,0,0,0.00027768031426373833,9.497683846721203e-8,0.00027777529110220556
0.606,6.7234142936819645e-9,6.339533686515826e-8,0.0002781308109318334,0,0,0,0,0,0,0,0,0,0,0,1.7442429018143078e-18,0,0,0,2.4891373220375418e-8,0,0,0,0,0,0,0,0,0,7.50365132134235e-9,0,0,6.208610755573621e-18,6.092308442797189e-8,0,0,0,0,0.00027820092968299225,9.33181089776425e-8,0.0002782942477919699
0.607,6.734509066927522e-9,6.238206763114598e-8,0.00027865235086545664,0,0,0,0,0,0,0,0,0,0,0,1.9506939138239024e-18,0,0,0,2.4042174762978947e-8,0,0,0,0,0,0,0,0,0,7.317226355703885e-9,0,0,6.867451962856796e-18,6.039150820647637e-8,0,0,0,0,0.0002787214674421547,9.175090933397735e-8,0.0002788132183514887
0.608,6.7456038401234725e-9,6.140619535775235e-8,0.000279173773989694,0,0,0,0,0,0,0,0,0,0,0,2.1768449024138837e-18,0,0,0,2.3229427820537955e-8,0,0,0,0,0,0,0,0,0,7.137161063179063e-9,0,0,7.582422749818342e-18,5.987379230001252e-8,0,0,0,0,0.0002792419257888919,9.024038119348879e-8,0.00027933216617008537
0.609,6.756698613270055e-9,6.046548830320693e-8,0.00027969508095783294,0,0,0,0,0,0,0,0,0,0,0,2.4240899566584226e-18,0,0,0,2.2450949727144077e-8,0,0,0,0,0,0,0,0,0,6.962950864342308e-9,0,0,8.357013416366255e-18,5.9421967992478146e-8,0,0,0,0,0.0002797623031447494,8.883586859474563e-8,0.00027985113901334414
0.61,6.7677933863675185e-9,5.955787759095459e-8,0.00028021627241815494,0,0,0,0,0,0,0,0,0,0,0,2.6938788651459903e-18,0,0,0,2.1704726528950324e-8,0,0,0,0,0,0,0,0,0,6.7964406311665855e-9,0,0,9.194825017428156e-18,5.899414321660758e-8,0,0,0,0,0.0002802825980891323,8.74953103886132e-8,0.0002803700933995209
0.611,6.7788881594161036e-9,5.8681442818957884e-8,0.0002807373490139838,0,0,0,0,0,0,0,0,0,0,0,2.9877157578198825e-18,0,0,0,2.0988897626816256e-8,0,0,0,0,0,0,0,0,0,6.635221687146842e-9,0,0,1.0099564137482705e-17,5.859927745886817e-8,0,0,0,0,0.00028080280934496217,8.622339678591855e-8,0.0002808890327417481
0.612,6.789982932416047e-9,5.783439914963675e-8,0.00028125831138373504,0,0,0,0,0,0,0,0,0,0,0,3.307157346057115e-18,0,0,0,2.0301742037514516e-8,0,0,0,0,0,0,0,0,0,6.47756318461745e-9,0,0,1.1075036683146722e-17,5.8240543896473865e-8,0,0,0,0,0.0002813229357658171,8.501984913298802e-8,0.0002814079556149501
0.613,6.801077705367588e-9,5.701508570754908e-8,0.0002817791601609629,0,0,0,0,0,0,0,0,0,0,0,3.653810731708145e-18,0,0,0,1.9641666080906027e-8,0,0,0,0,0,0,0,0,0,6.3242497510334855e-9,0,0,1.212514063089917e-17,5.7912886948127455e-8,0,0,0,0,0.0002818429763243758,8.387880279584593e-8,0.00028192685512717165
0.614,6.812172478270963e-9,5.622195513442988e-8,0.0002822998959744088,0,0,0,0,0,0,0,0,0,0,0,4.029330755131844e-18,0,0,0,1.9007192325948953e-8,0,0,0,0,0,0,0,0,0,6.1774103841551666e-9,0,0,1.3253857665955795e-17,5.7610498427344954e-8,0,0,0,0,0.0002823629301020215,8.279510115473226e-8,0.0002824457252031762
0.615,6.823267251126408e-9,5.5453564170490714e-8,0.00028282051944804727,0,0,0,0,0,0,0,0,0,0,0,4.435416851646168e-18,0,0,0,1.8394056765865182e-8,0,0,0,0,0,0,0,0,0,6.0331337763588015e-9,0,0,1.446524364741848e-17,5.7344312730104556e-8,0,0,0,0,0.0002828827962794689,8.17715032912292e-8,0.0002829645677827601
0.616,6.834362023934154e-9,5.47085651474528e-8,0.0002833410312011331,0,0,0,0,0,0,0,0,0,0,0,4.87380938529124e-18,0,0,0,1.780685037401551e-8,0,0,0,0,0,0,0,0,0,5.893861900092211e-9,0,0,1.5763417834167803e-17,5.710826892083999e-8,0,0,0,0,0.0002834025741283045,8.080898121558494e-8,0.0002834833831095201
0.617,6.845456796694435e-9,5.3985698293049326e-8,0.000283861431848246,0,0,0,0,0,0,0,0,0,0,0,5.346285428383946e-18,0,0,0,1.7241414426968234e-8,0,0,0,0,0,0,0,0,0,5.759277270093128e-9,0,0,1.715255080557637e-17,5.689075947081795e-8,0,0,0,0,0.0002839222630033358,7.989145119037815e-8,0.00028400215445452615
0.618,6.856551569407482e-9,5.328378475904043e-8,0.0002843817219993373,0,0,0,0,0,0,0,0,0,0,0,5.854653955036945e-18,0,0,0,1.6696646522962787e-8,0,0,0,0,0,0,0,0,0,5.627232218852233e-9,0,0,1.8636851011009938e-17,5.670618514291313e-8,0,0,0,0,0.0002844418623356658,7.903006390921966e-8,0.000284520892399575
0.619,6.867646342073522e-9,5.260172029543271e-8,0.00028490190225977286,0,0,0,0,0,0,0,0,0,0,0,6.400750416645362e-18,0,0,0,1.617151962685434e-8,0,0,0,0,0,0,0,0,0,5.498586512903512e-9,0,0,2.0220549882298944e-17,5.653077140977975e-8,0,0,0,0,0.0002849613716264104,7.820087757615891e-8,0.00028503957250398655
0.62,6.878741114692784e-9,5.193846950282046e-8,0.0002854219732303784,0,0,0,0,0,0,0,0,0,0,0,6.986430667322333e-18,0,0,0,1.5672312160471672e-8,0,0,0,0,0,0,0,0,0,5.37387615940713e-9,0,0,2.1907885443950003e-17,5.638522574279762e-8,0,0,0,0,0.0002854807904409959,7.743141409157074e-8,0.0002855582218550875
0.621,6.889835887265492e-9,5.129306060278104e-8,0.00028594193550748274,0,0,0,0,0,0,0,0,0,0,0,7.613564207405499e-18,0,0,0,1.518343191835721e-8,0,0,0,0,0,0,0,0,0,5.25259414482212e-9,0,0,2.370308435683475e-17,5.6272374625011665e-8,0,0,0,0,0.0002860001184039728,7.670840071950765e-8,0.0002860768268046923
0.622,6.900930659791873e-9,5.066458067323211e-8,0.00028646178968296074,0,0,0,0,0,0,0,0,0,0,0,8.284026713490077e-18,0,0,0,1.4711514255312003e-8,0,0,0,0,0,0,0,0,0,5.1320875574194054e-9,0,0,2.561034233253797e-17,5.61588434805451e-8,0,0,0,0,0.0002865193551942938,7.600244532717088e-8,0.00028659535763962094
0.623,6.912025432272149e-9,5.00521713017413e-8,0.0002869815363442762,0,0,0,0,0,0,0,0,0,0,0,8.999691823976939e-18,0,0,0,1.4250859164195071e-8,0,0,0,0,0,0,0,0,0,5.016675300655497e-9,0,0,2.7633802857454365e-17,5.608097021754346e-8,0,0,0,0,0.0002870385005410102,7.534850471902752e-8,0.00028711384904572926
0.624,6.923120204706539e-9,4.945502461509415e-8,0.0002875011760745237,0,0,0,0,0,0,0,0,0,0,0,9.762422149890274e-18,0,0,0,1.3810710787249048e-8,0,0,0,0,0,0,0,0,0,4.902115724916949e-9,0,0,2.977753416819331e-17,5.6017254720036007e-8,0,0,0,0,0.00028755755421934346,7.473008127174196e-8,0.0002876322843006152
0.625,6.934214977095266e-9,4.887237964807857e-8,0.00028802070945247035,0,0,0,0,0,0,0,0,0,0,0,1.0574059481737562e-17,0,0,0,1.3385053785926178e-8,0,0,0,0,0,0,0,0,0,4.791196462425857e-9,0,0,3.204550442291644e-17,5.5978507224188035e-8,0,0,0,0,0.00028807651604709553,7.415475751515964e-8,0.0002881506708046107
0.626,6.945309749438552e-9,4.830351901852482e-8,0.0002885401370525967,0,0,0,0,0,0,0,0,0,0,0,1.1436414164485487e-17,0,0,0,1.297382166541705e-8,0,0,0,0,0,0,0,0,0,4.681662814247149e-9,0,0,3.4441555016947045e-17,5.595935941806244e-8,0,0,0,0,0.0002885953858813647,7.36148439436046e-8,0.0002886690007253083
0.627,6.956404521736608e-9,4.774776587922505e-8,0.0002890594594451375,0,0,0,0,0,0,0,0,0,0,0,1.2351253614323533e-17,0,0,0,1.2576113262993004e-8,0,0,0,0,0,0,0,0,0,4.574822776834371e-9,0,0,3.6969371995437695e-17,5.5965971634501906e-8,0,0,0,0,0.0002891141636155385,7.31169077236499e-8,0.0002891872805232621
0.628,6.967499293989653e-9,4.7204481120509986e-8,0.00028957867719612196,0,0,0,0,0,0,0,0,0,0,0,1.3320289952838432e-17,0,0,0,1.2188616691489388e-8,0,0,0,0,0,0,0,0,0,4.470028374645311e-9,0,0,3.9632455521108175e-17,5.597521835329396e-8,0,0,0,0,0.00028963284917653644,7.26338634723814e-8,0.00028970548304000884
0.629,6.978594066197903e-9,4.6673060800044314e-8,0.00029009779086741313,0,0,0,0,0,0,0,0,0,0,0,1.43451667365305e-17,0,0,0,1.1816370927129033e-8,0,0,0,0,0,0,0,0,0,4.366340002260464e-9,0,0,4.243408736115121e-17,5.600031792568676e-8,0,0,0,0,0.0002901514425222794,7.21830289118555e-8,0.00029022362555119124
0.63,6.989688838361569e-9,4.615293377885497e-8,0.0002906168010167475,0,0,0,0,0,0,0,0,0,0,0,1.5427444762326205e-17,0,0,0,1.1454089426206438e-8,0,0,0,0,0,0,0,0,0,4.264815750342506e-9,0,0,4.5377296364445996e-17,5.6047690391085786e-8,0,0,0,0,0.00029066994363936475,7.176659562843947e-8,0.0002907417102349932
0.631,7.000783610480866e-9,4.5643559544780195e-8,0.00029113570819777347,0,0,0,0,0,0,0,0,0,0,0,1.6568586932894895e-17,0,0,0,1.110532981337454e-8,0,0,0,0,0,0,0,0,0,4.165630583354487e-9,0,0,4.8464821908248814e-17,5.612598091102384e-8,0,0,0,0,0.00029118835254092875,7.139694137278628e-8,0.0002912597494823015
0.632,7.0118783825559995e-9,4.514442620645243e-8,0.00029165451296009006,0,0,0,0,0,0,0,0,0,0,0,1.7769942169236004e-17,0,0,0,1.0771130345100704e-8,0,0,0,0,0,0,0,0,0,4.0669366068490255e-9,0,0,5.169907530272617e-17,5.619558384801008e-8,0,0,0,0,0.0002917066692646791,7.103365086942882e-8,0.00029177770291554853
0.633,7.022973154587185e-9,4.4655048642631245e-8,0.00029217321584928415,0,0,0,0,0,0,0,0,0,0,0,1.9032728362159e-17,0,0,0,1.0445591150285148e-8,0,0,0,0,0,0,0,0,0,3.97111450698669e-9,0,0,5.508209915202518e-17,5.629628822550109e-8,0,0,0,0,0.0002922248938710814,7.071299395688775e-8,0.00029229560686503824
0.634,7.034067926574626e-9,4.417496679322301e-8,0.0002926918174069688,0,0,0,0,0,0,0,0,0,0,0,2.0358014359034197e-17,0,0,0,1.0128553115738005e-8,0,0,0,0,0,0,0,0,0,3.87672523264881e-9,0,0,5.861552468232031e-17,5.6404789017009616e-8,0,0,0,0,0.0002927430264416886,7.041006744436997e-8,0.000292813436509133
0.635,7.045162698518531e-9,4.370374407967011e-8,0.0002932103181708195,0,0,0,0,0,0,0,0,0,0,0,2.1746700987553355e-17,0,0,0,9.818452396603523e-9,0,0,0,0,0,0,0,0,0,3.7826237740422045e-9,0,0,6.230052706031411e-17,5.653242898738607e-8,0,0,0,0,0.0002932610670775977,7.013350524207903e-8,0.0002933312005828398
0.636,7.056257470419104e-9,4.324096594359703e-8,0.00029372871867461124,0,0,0,0,0,0,0,0,0,0,0,2.319950112428494e-17,0,0,0,9.521489193088764e-9,0,0,0,0,0,0,0,0,0,3.6909857332620385e-9,0,0,6.613777874039103e-17,5.668027755527086e-8,0,0,0,0,0.0002937790158980253,6.989275257095895e-8,0.00029384890865059626
0.637,7.067352242276553e-9,4.27862384936707e-8,0.0002942470194482546,0,0,0,0,0,0,0,0,0,0,0,2.4716918822577398e-17,0,0,0,9.233162157618588e-9,0,0,0,0,0,0,0,0,0,3.6000571315100822e-9,0,0,7.012740089487148e-17,5.681764530421836e-8,0,0,0,0,0.00029429687303899054,6.965086468819135e-8,0.00029436652390367875
0.638,7.078447014091074e-9,4.233918725159428e-8,0.0002947652210178314,0,0,0,0,0,0,0,0,0,0,0,2.6299227521947618e-17,0,0,0,8.95093414667925e-9,0,0,0,0,0,0,0,0,0,3.510228423226134e-9,0,0,7.426891299999832e-17,5.6995521933518795e-8,0,0,0,0,0.0002948146386520971,6.945668460399233e-8,0.0002948840953367011
0.639,7.0895417858628725e-9,4.189945598900777e-8,0.00029528332390563015,0,0,0,0,0,0,0,0,0,0,0,2.794644736949755e-17,0,0,0,8.680218314380033e-9,0,0,0,0,0,0,0,0,0,3.422018489740881e-9,0,0,7.856118067028068e-17,5.717692521888561e-8,0,0,0,0,0.00029533231290340505,6.927916212951416e-8,0.00029540159206553455
0.64,7.100636557592152e-9,4.146670564783759e-8,0.00029580132863018133,0,0,0,0,0,0,0,0,0,0,0,2.9658321693290985e-17,0,0,0,8.423917160774898e-9,0,0,0,0,0,0,0,0,0,3.335197865492682e-9,0,0,8.300236185607203e-17,5.737045382507089e-8,0,0,0,0,0.00029584989597238677,6.912956896399915e-8,0.0002959190255413508
0.641,7.111731329279105e-9,4.1040613337328584e-8,0.00029631923570629126,0,0,0,0,0,0,0,0,0,0,0,3.143429267795083e-17,0,0,0,8.166875986444951e-9,0,0,0,0,0,0,0,0,0,3.248971927065426e-9,0,0,8.758985154360926e-17,5.7584989084371194e-8,0,0,0,0,0.00029636738805095787,6.900083711690572e-8,0.00029643638888807476
0.642,7.1228261009239346e-9,4.062087140160596e-8,0.00029683704564507717,0,0,0,0,0,0,0,0,0,0,0,3.327347630421182e-17,0,0,0,7.920365843449652e-9,0,0,0,0,0,0,0,0,0,3.1638068705522444e-9,0,0,9.23202251236876e-17,5.781683246647579e-8,0,0,0,0,0.0002968847893425797,6.890100530607138e-8,0.00029695369034788576
0.643,7.133920872526834e-9,4.020718655217561e-8,0.000297354758954,0,0,0,0,0,0,0,0,0,0,0,3.5174636626765814e-17,0,0,0,7.683895294668332e-9,0,0,0,0,0,0,0,0,0,3.0794492158543937e-9,0,0,9.718918062460694e-17,5.80444920532261e-8,0,0,0,0,0.0002974021000614247,6.880783669611264e-8,0.0002974709078981208
0.644,7.145015644087999e-9,3.97992790602689e-8,0.000297872376136899,0,0,0,0,0,0,0,0,0,0,0,3.71361594786124e-17,0,0,0,7.450339654091245e-9,0,0,0,0,0,0,0,0,0,2.996576421455528e-9,0,0,1.021914800373913e-16,5.8284959198202096e-8,0,0,0,0,0.00029791932043160335,6.873187541307651e-8,0.0002979880523070164
0.645,7.1561104156076244e-9,3.9396882004388955e-8,0.0002983898976940234,0,0,0,0,0,0,0,0,0,0,0,3.915602570537089e-17,0,0,0,7.226143255396265e-9,0,0,0,0,0,0,0,0,0,2.9148419881220194e-9,0,0,1.0732088999667915e-16,5.8546772184240686e-8,0,0,0,0,0.0002984364506864434,6.868775757423588e-8,0.00029850513844401766
0.646,7.167205187085903e-9,3.8999740568825626e-8,0.0002989073241220668,0,0,0,0,0,0,0,0,0,0,0,4.1231784049706414e-17,0,0,0,7.00818686304339e-9,0,0,0,0,0,0,0,0,0,2.8335132627439803e-9,0,0,1.1257012211931424e-16,5.88088381283468e-8,0,0,0,0,0.0002989534910678227,6.865053840793609e-8,0.00029902214160623067
0.647,7.178299958523029e-9,3.860761138927125e-8,0.00029942465591419764,0,0,0,0,0,0,0,0,0,0,0,4.3360523824284315e-17,0,0,0,6.797508836642648e-9,0,0,0,0,0,0,0,0,0,2.753535887142698e-9,0,0,1.1793077334489057e-16,5.91112076485077e-8,0,0,0,0,0.0002994704418255454,6.866225253358435e-8,0.000299539104078079
0.648,7.189394729919188e-9,3.822026194200086e-8,0.0002999418935600926,0,0,0,0,0,0,0,0,0,0,0,4.553884753164905e-17,0,0,0,6.593963353656581e-9,0,0,0,0,0,0,0,0,0,2.6740486391870192e-9,0,0,1.2339326666846191e-16,5.941177333687203e-8,0,0,0,0,0.0002999873032167645,6.867978549864774e-8,0.00030005598300226317
0.649,7.2004895012745725e-9,3.7837469973386596e-8,0.00030045903754596736,0,0,0,0,0,0,0,0,0,0,0,4.7762843611192545e-17,0,0,0,6.395821299248377e-9,0,0,0,0,0,0,0,0,0,2.595506182999462e-9,0,0,1.2894679270561816e-16,5.9713752613666e-8,0,0,0,0,0.000300504075505442,6.870508027262347e-8,0.00030057278058571465
0.65,7.2115842725893704e-9,3.7459022966782354e-8,0.0003009760883546084,0,0,0,0,0,0,0,0,0,0,0,5.0028059517124805e-17,0,0,0,6.205258888015432e-9,0,0,0,0,0,0,0,0,0,2.517183028212856e-9,0,0,1.345792525845785e-16,6.002979206577218e-8,0,0,0,0,0.0003010207589618478,6.875223416660778e-8,0.0003010895111960144
0.651,7.222679043863768e-9,3.708471764406623e-8,0.0003014930464654034,0,0,0,0,0,0,0,0,0,0,0,5.232947535718763e-17,0,0,0,6.021049761687616e-9,0,0,0,0,0,0,0,0,0,2.4402666717831737e-9,0,0,1.4027720271893924e-16,6.037305796994624e-8,0,0,0,0,0.00030153735386209137,6.883437459602372e-8,0.0003016061882366874
0.652,7.233773815097952e-9,3.671435949935271e-8,0.00030200991235437245,0,0,0,0,0,0,0,0,0,0,0,5.4661478349952096e-17,0,0,0,5.842867106822428e-9,0,0,0,0,0,0,0,0,0,2.363825334094027e-9,0,0,1.4602580207879627e-16,6.070600276463592e-8,0,0,0,0,0.0003020538604876869,6.891269540623966e-8,0.0003021227731830931
0.653,7.244868586292108e-9,3.63477623625874e-8,0.0003025266864941973,0,0,0,0,0,0,0,0,0,0,0,5.701783838903333e-17,0,0,0,5.672140972348702e-9,0,0,0,0,0,0,0,0,0,2.288373297066658e-9,0,0,1.518087626474359e-16,6.106493573464887e-8,0,0,0,0,0.00030257027912514617,6.902545021289083e-8,0.0003026393045753591
0.654,7.255963357446417e-9,3.5984747990928396e-8,0.00030304336935425233,0,0,0,0,0,0,0,0,0,0,0,5.939168503565584e-17,0,0,0,5.505837865921051e-9,0,0,0,0,0,0,0,0,0,2.2139920342133035e-9,0,0,1.5760830382580258e-16,6.141604145332531e-8,0,0,0,0,0.00030308661006560073,6.913587157045967e-8,0.0003031557459371712
0.655,7.267058128561063e-9,3.5625145685981074e-8,0.00030355996140063365,0,0,0,0,0,0,0,0,0,0,0,6.177548629687938e-17,0,0,0,5.345333448283492e-9,0,0,0,0,0,0,0,0,0,2.139979183220183e-9,0,0,1.634051116285074e-16,6.178970150896023e-8,0,0,0,0,0.0003036028536044482,6.927501436564451e-8,0.00030367212861881384
0.656,7.278152899636225e-9,3.526879193511346e-8,0.0003040764630961881,0,0,0,0,0,0,0,0,0,0,0,6.416102958562828e-17,0,0,0,5.190529086291574e-9,0,0,0,0,0,0,0,0,0,2.0665226226787153e-9,0,0,1.691783036028462e-16,6.219717649937661e-8,0,0,0,0,0.00030411901004102286,6.945422844168623e-8,0.00030418846426946456
0.657,7.289247670672088e-9,3.491553007521466e-8,0.0003045928749005426,0,0,0,0,0,0,0,0,0,0,0,6.653940530072109e-17,0,0,0,5.041332798070651e-9,0,0,0,0,0,0,0,0,0,1.99403732172951e-9,0,0,1.7490540049734981e-16,6.260331978526774e-8,0,0,0,0,0.0003046350796782885,6.963869014651271e-8,0.000304704718368435
0.658,7.300342441668826e-9,3.456520997739149e-8,0.0003051091972701325,0,0,0,0,0,0,0,0,0,0,0,6.890099351050527e-17,0,0,0,4.895947417253884e-9,0,0,0,0,0,0,0,0,0,1.9224942120273026e-9,0,0,1.805623058088592e-16,6.302286122339964e-8,0,0,0,0,0.00030515106282255156,6.984130310214412e-8,0.0003052209041256537
0.659,7.311437212626624e-9,3.421768775121302e-8,0.0003056254306582299,0,0,0,0,0,0,0,0,0,0,0,7.123545427284483e-17,0,0,0,4.759428012250469e-9,0,0,0,0,0,0,0,0,0,1.8512309254582178e-9,0,0,1.8612329444769832e-16,6.34421576744492e-8,0,0,0,0,0.00030566695978319374,7.005281686951664e-8,0.00030573701260006324
0.66,7.322531983545653e-9,3.387282546722178e-8,0.000306141575514972,0,0,0,0,0,0,0,0,0,0,0,7.35317221771511e-17,0,0,0,4.6265662343614546e-9,0,0,0,0,0,0,0,0,0,1.7810078943192565e-9,0,0,1.91561011879638e-16,6.387472337488775e-8,0,0,0,0,0.00030618277087242276,7.02822977686612e-8,0.00030625305317019143
0.661,7.333626754426091e-9,3.353049089652826e-8,0.00030665763228738814,0,0,0,0,0,0,0,0,0,0,0,7.577800575138538e-17,0,0,0,4.499005468376051e-9,0,0,0,0,0,0,0,0,0,1.7112535224830482e-9,0,0,1.9684648523175222e-16,6.429703476104981e-8,0,0,0,0,0.0003066984964050391,7.05072940245334e-8,0.0003067690036990636
0.662,7.344721525268108e-9,3.319055726639416e-8,0.00030717360141942776,0,0,0,0,0,0,0,0,0,0,0,7.796179243854381e-17,0,0,0,4.376682909733018e-9,0,0,0,0,0,0,0,0,0,1.6423514373552956e-9,0,0,2.019491479874897e-16,6.476336769716684e-8,0,0,0,0,0.0003072141366982194,7.07824023241661e-8,0.00030728491910054356
0.663,7.355816296071891e-9,3.2852903030796293e-8,0.00030768948335198733,0,0,0,0,0,0,0,0,0,0,0,8.006985991359772e-17,0,0,0,4.258430451330794e-9,0,0,0,0,0,0,0,0,0,1.5747564554526403e-9,0,0,2.0683688004499909e-16,6.525230076640316e-8,0,0,0,0,0.0003077296920713142,7.108548796009334e-8,0.0003078007775592743
0.664,7.3669110668376e-9,3.2517411655033654e-8,0.00030820527852293706,0,0,0,0,0,0,0,0,0,0,0,8.208829458337941e-17,0,0,0,4.146503219817957e-9,0,0,0,0,0,0,0,0,0,1.5072572355116768e-9,0,0,2.114760650725885e-16,6.5717525018904e-8,0,0,0,0,0.00030824516284565896,7.1371285767798e-8,0.00030831653413142674
0.665,7.3780058375654084e-9,3.218397141351428e-8,0.0003087209873671473,0,0,0,0,0,0,0,0,0,0,0,8.40025181888311e-17,0,0,0,4.0395964804786605e-9,0,0,0,0,0,0,0,0,0,1.4406785258353802e-9,0,0,2.158316672673163e-16,6.619845353819653e-8,0,0,0,0,0.0003087605493443984,7.167872884434476e-8,0.00030883222807324273
0.666,7.389100608255494e-9,3.1852475199922006e-8,0.0003092366103165154,0,0,0,0,0,0,0,0,0,0,0,8.579732351189365e-17,0,0,0,3.9384597789784385e-9,0,0,0,0,0,0,0,0,0,1.3751264392042496e-9,0,0,2.1986732980718218e-16,6.670515886187269e-8,0,0,0,0,0.0003092758518923236,7.201874538572004e-8,0.0003093478706377093
0.667,7.4001953789080205e-9,3.152282034901839e-8,0.0003097521477999907,0,0,0,0,0,0,0,0,0,0,0,8.745692027826135e-17,0,0,0,3.8419371067614334e-9,0,0,0,0,0,0,0,0,0,1.3104224898734232e-9,0,0,2.235454974858837e-16,6.720290409850523e-8,0,0,0,0,0.00030979107081571865,7.235526400614249e-8,0.0003098634260797248
0.668,7.411290149523157e-9,3.119490846939568e-8,0.00031026760024360106,0,0,0,0,0,0,0,0,0,0,0,8.896499244290282e-17,0,0,0,3.75134014757e-9,0,0,0,0,0,0,0,0,0,1.2466578913740324e-9,0,0,2.2682756623181486e-16,6.772682791957726e-8,0,0,0,0,0.00031030620644222,7.272482627431385e-8,0.0003103789312684943
0.669,7.422384920101073e-9,3.0868645286541796e-8,0.00031078296807047795,0,0,0,0,0,0,0,0,0,0,0,9.030476814799289e-17,0,0,0,3.663115567554452e-9,0,0,0,0,0,0,0,0,0,1.1838750800941305e-9,0,0,2.2967406244164673e-16,6.825845556690583e-8,0,0,0,0,0.0003108212591006846,7.310544653453325e-8,0.00031089436454721916
0.67,7.433479690641935e-9,3.054394049562669e-8,0.0003112982517008815,0,0,0,0,0,0,0,0,0,0,0,9.145910375313034e-17,0,0,0,3.579683207955856e-9,0,0,0,0,0,0,0,0,0,1.1218602740901739e-9,0,0,2.320448553034529e-16,6.880088907965302e-8,0,0,0,0,0.00031133622912106777,7.350243288520302e-8,0.00031140973155395295
0.671,7.444574461145909e-9,3.022070762346268e-8,0.00031181345155222495,0,0,0,0,0,0,0,0,0,0,0,9.241058345613546e-17,0,0,0,3.50341394494941e-9,0,0,0,0,0,0,0,0,0,1.0608080105696245e-9,0,0,2.33899405547131e-16,6.93501776549548e-8,0,0,0,0,0.00031185111683430957,7.391439993678382e-8,0.00031192503123424637
0.672,7.455669231613157e-9,2.98988638991287e-8,0.0003123285680391004,0,0,0,0,0,0,0,0,0,0,0,9.314163614961231e-17,0,0,0,3.4306042041343734e-9,0,0,0,0,0,0,0,0,0,1.0007852449239137e-9,0,0,2.3519705434132944e-16,6.99340512985456e-8,0,0,0,0,0.00031236592257223117,7.436544107594258e-8,0.0003124402880133071
0.673,7.466764002043842e-9,2.9578330132787245e-8,0.00031284360157330244,0,0,0,0,0,0,0,0,0,0,0,9.363467129465198e-17,0,0,0,3.364463623875503e-9,0,0,0,0,0,0,0,0,0,9.421564245693076e-10,0,0,2.3589735635727575e-16,7.049531275107371e-8,0,0,0,0,0.0003128806466674373,7.480193312905054e-8,0.0003129554486005663
0.674,7.477858772438132e-9,2.9259030602256483e-8,0.00031335855256385184,0,0,0,0,0,0,0,0,0,0,0,9.387223573885e-17,0,0,0,3.3014256984596844e-9,0,0,0,0,0,0,0,0,0,8.84126279946776e-10,0,0,2.3596046134293443e-16,7.109251150775714e-8,0,0,0,0,0.00031339528945322653,7.52780638159963e-8,0.0003134705675170425
0.675,7.488953542796186e-9,2.8940892946928237e-8,0.00031387342141701993,0,0,0,0,0,0,0,0,0,0,0,9.383719356229407e-17,0,0,0,3.243729264893309e-9,0,0,0,0,0,0,0,0,0,8.27689684493983e-10,0,0,2.3534754889644613e-16,7.167690226150679e-8,0,0,0,0,0.0003139098512635096,7.574832154007882e-8,0.0003139855995850497
0.676,7.500048313118165e-9,2.8623848068656682e-8,0.00031438820853635244,0,0,0,0,0,0,0,0,0,0,0,9.351293120246026e-17,0,0,0,3.1905471140295356e-9,0,0,0,0,0,0,0,0,0,7.72120753806247e-10,0,0,2.340213214974417e-16,7.228069296054754e-8,0,0,0,0,0.0003144243324327342,7.624336115591758e-8,0.00031450057579389016
0.677,7.51114308340423e-9,2.8307830039265043e-8,0.000314902914322692,0,0,0,0,0,0,0,0,0,0,0,9.288359028837538e-17,0,0,0,3.1417993677982085e-9,0,0,0,0,0,0,0,0,0,7.178003432268503e-10,0,0,2.3194656125069127e-16,7.290189124931838e-8,0,0,0,0,0.00031493873329581465,7.676149128517359e-8,0.00031501549478709983
0.678,7.522237853654535e-9,2.7992776014345313e-8,0.0003154175391742021,0,0,0,0,0,0,0,0,0,0,0,9.193433080625081e-17,0,0,0,3.098599582643269e-9,0,0,0,0,0,0,0,0,0,6.648938108216103e-10,0,0,2.2909075621948933e-16,7.354080619300341e-8,0,0,0,0,0.0003154530541880701,7.730429990749338e-8,0.0003155303584879776
0.679,7.533332623869245e-9,2.7678626153048655e-8,0.0003159320834863892,0,0,0,0,0,0,0,0,0,0,0,9.065162742413578e-17,0,0,0,3.0595817778098544e-9,0,0,0,0,0,0,0,0,0,6.133645583318948e-10,0,0,2.2542480267869637e-16,7.417350799590874e-8,0,0,0,0,0.0003159672954451661,7.784645464812693e-8,0.00031604514189981426
0.68,7.544427394048512e-9,2.7365323543585744e-8,0.0003164465476521258,0,0,0,0,0,0,0,0,0,0,0,8.90236020228954e-17,0,0,0,3.025497733524274e-9,0,0,0,0,0,0,0,0,0,5.633426895061549e-10,0,0,2.2092379010092095e-16,7.483936661180229e-8,0,0,0,0,0.0003164814574030634,7.842820734478012e-8,0.0003165598856104082
0.681,7.555522164192496e-9,2.7052814134176333e-8,0.0003169609320616727,0,0,0,0,0,0,0,0,0,0,0,8.70403957156651e-17,0,0,0,2.9986482636878167e-9,0,0,0,0,0,0,0,0,0,5.1466033980343e-10,0,0,2.1556787620609783e-16,7.547784032845662e-8,0,0,0,0,0.0003169955403979711,7.899114923455614e-8,0.00031707453154720565
0.682,7.566616934301343e-9,2.6741046669207445e-8,0.00031747523710270114,0,0,0,0,0,0,0,0,0,0,0,8.469458388920978e-17,0,0,0,2.9752380041786087e-9,0,0,0,0,0,0,0,0,0,4.676180264898962e-10,0,0,2.0934325995693073e-16,7.616953478583266e-8,0,0,0,0,0.00031750954476630466,7.961239111053902e-8,0.0003175891571574152
0.683,7.57771170437522e-9,2.6429972630375227e-8,0.00031798946316031497,0,0,0,0,0,0,0,0,0,0,0,8.198163806904114e-17,0,0,0,2.9548253991147426e-9,0,0,0,0,0,0,0,0,0,4.221287728953357e-10,0,0,2.0224326097229733e-16,7.68178524678449e-8,0,0,0,0,0.00031802347084464974,8.019480692407988e-8,0.0003181036656515738
0.684,7.588806474414274e-9,2.6119546182604484e-8,0.00031850361061707154,0,0,0,0,0,0,0,0,0,0,0,7.89004386971213e-17,0,0,0,2.9409114099492684e-9,0,0,0,0,0,0,0,0,0,3.7847580091686366e-10,0,0,1.9426951446060594e-16,7.754440547153229e-8,0,0,0,0,0.00031853731896972854,8.086379295556838e-8,0.0003186181827626841
0.685,7.59990124441866e-9,2.5809724124552832e-8,0.0003190176798530042,0,0,0,0,0,0,0,0,0,0,0,7.545384321748399e-17,0,0,0,2.931055253647556e-9,0,0,0,0,0,0,0,0,0,3.367500262987061e-10,0,0,1.85433291447334e-16,7.824788776405875e-8,0,0,0,0,0.00031905108947837316,8.151569330489215e-8,0.00031913260517167804
0.686,7.610996014388524e-9,2.550046584352343e-8,0.0003195316712456426,0,0,0,0,0,0,0,0,0,0,0,7.164931419253946e-17,0,0,0,2.926212312522353e-9,0,0,0,0,0,0,0,0,0,2.9681913226657504e-10,0,0,1.757569547887963e-16,7.894831877365856e-8,0,0,0,0,0.0003195647827075005,8.217135046585376e-8,0.00031964695405796635
0.687,7.622090784324022e-9,2.519173327462089e-8,0.00032004558517003475,0,0,0,0,0,0,0,0,0,0,0,6.74996125224914e-17,0,0,0,2.9276063485375063e-9,0,0,0,0,0,0,0,0,0,2.5887526954317256e-10,0,0,1.6527556223004882e-16,7.968690292629018e-8,0,0,0,0,0.0003200783989940937,8.287338477714603e-8,0.00032016127237887083
0.6880000000000001,7.633185554225303e-9,2.4883490864001713e-8,0.0003205594219987665,0,0,0,0,0,0,0,0,0,0,0,6.302356121355067e-17,0,0,0,2.933147398265785e-9,0,0,0,0,0,0,0,0,0,2.2302399624735174e-10,0,0,1.5403862858203207e-16,8.044202955833421e-8,0,0,0,0,0.00032059193867518473,8.359820116990953e-8,0.00032067553687635465
0.6890000000000001,7.644280324092514e-9,2.4575705536078225e-8,0.0003210731821019835,0,0,0,0,0,0,0,0,0,0,0,5.824688553922585e-17,0,0,0,2.943195419155402e-9,0,0,0,0,0,0,0,0,0,1.8942913864297136e-10,0,0,1.4211205996495737e-16,8.1181851553357e-8,0,0,0,0,0.0003211054020878437,8.431447631151432e-8,0.00032118971656415517
0.6900000000000001,7.655375093925804e-9,2.4268346664549433e-8,0.0003215868658474108,0,0,0,0,0,0,0,0,0,0,0,5.3203135864116303e-17,0,0,0,2.959276435039102e-9,0,0,0,0,0,0,0,0,0,1.581125419477088e-10,0,0,1.295802739947139e-16,8.193632100258694e-8,0,0,0,0,0.0003216187895691693,8.505371016235717e-8,0.0003217038432793316
0.6910000000000001,7.666469863725323e-9,2.3961386047142382e-8,0.0003221004736003731,0,0,0,0,0,0,0,0,0,0,0,4.7934699853578604e-17,0,0,0,2.981308090040422e-9,0,0,0,0,0,0,0,0,0,1.2924644951489763e-10,0,0,1.1654852078080034e-16,8.27306308955191e-8,0,0,0,0,0.00032213210145628395,8.584118559955764e-8,0.0003222179426418835
0.6920000000000001,7.677564633491216e-9,2.3654797883956705e-8,0.00032261400572381453,0,0,0,0,0,0,0,0,0,0,0,4.249391127668528e-17,0,0,0,3.0065070298634974e-9,0,0,0,0,0,0,0,0,0,1.0290336336266786e-10,0,0,1.0314542066150511e-16,8.350553347217703e-8,0,0,0,0,0.00032264533808633197,8.661494401104254e-8,0.000322731953030343
0.6930000000000001,7.688659403223625e-9,2.334855875931502e-8,0.0003231274625783194,0,0,0,0,0,0,0,0,0,0,0,3.69442631263461e-17,0,0,0,3.037612754557454e-9,0,0,0,0,0,0,0,0,0,7.921750777346334e-11,0,0,8.952573572930522e-17,8.429728221993129e-8,0,0,0,0,0.0003231584997964819,8.74141126087322e-8,0.00032324591390909066
0.6940000000000001,7.699754172922698e-9,2.3042647627031865e-8,0.00032364084452213043,0,0,0,0,0,0,0,0,0,0,0,3.136173333127485e-17,0,0,0,3.073884330040759e-9,0,0,0,0,0,0,0,0,0,5.833100362731271e-11,0,0,7.587339340093678e-17,8.509293597246324e-8,0,0,0,0,0.0003236715869239304,8.822515141336644e-8,0.0003237598120753438
0.6950000000000001,7.710848942588579e-9,2.2737045799021474e-8,0.00032415415191116903,0,0,0,0,0,0,0,0,0,0,0,2.5836231921734202e-17,0,0,0,3.1146107813907165e-9,0,0,0,0,0,0,0,0,0,4.0414292480199305e-11,0,0,6.240478156700929e-17,8.591579023066091e-8,0,0,0,0,0.00032418459980591065,8.907081539277284e-8,0.0003242736706213034
0.6960000000000001,7.721943712221411e-9,2.2431736937173347e-8,0.0003246673850990543,0,0,0,0,0,0,0,0,0,0,0,2.0473179137229426e-17,0,0,0,3.1619781493428237e-9,0,0,0,0,0,0,0,0,0,2.556925520512248e-11,0,0,4.9372336220639756e-17,8.677111920674315e-8,0,0,0,0,0.0003246975387797037,8.995866668113662e-8,0.00032478749744638486
0.6970000000000001,7.733038481821336e-9,2.212670704843214e-8,0.00032518054443712163,0,0,0,0,0,0,0,0,0,0,0,1.5395224631822276e-17,0,0,0,3.2139977616092565e-9,0,0,0,0,0,0,0,0,0,1.3951649391346052e-11,0,0,3.70684439183744e-17,8.761035544981127e-8,0,0,0,0,0.0003252104041826519,9.083830491327553e-8,0.0003253012424875652
0.6980000000000001,7.744133251388492e-9,2.1821944483026537e-8,0.000325693630274442,0,0,0,0,0,0,0,0,0,0,0,1.0744118644271034e-17,0,0,0,3.272342177862143e-9,0,0,0,0,0,0,0,0,0,5.724049947052306e-12,0,0,2.5829682975582627e-17,8.844879028762816e-8,0,0,0,0,0.0003257231963521764,9.172685655201117e-8,0.00032581492320872844
0.6990000000000001,7.755228020923028e-9,2.151743993579802e-8,0.0003262066429578405,0,0,0,0,0,0,0,0,0,0,0,6.682746758503441e-18,0,0,0,3.3354154119971375e-9,0,0,0,0,0,0,0,0,0,1.0450934748367218e-12,0,0,1.6041428948364205e-17,8.931164401092576e-8,0,0,0,0,0.0003262359156257972,9.264810453912192e-8,0.0003263285637303363
0.7000000000000001,7.766322790425074e-9,2.1213186450589006e-8,0.0003267195828319139,0,0,0,0,0,0,0,0,0,0,0,3.3973406879932107e-18,0,0,0,3.4071552299404783e-9,0,0,0,0,0,0,0,0,0,8.98602439324492e-14,0,0,8.142851711342842e-18,9.020880258097522e-8,0,0,0,0,0.00032674856234115495,9.361604768269981e-8,0.00032684217838883765
0.7010000000000001,7.777417559894775e-9,2.0909179427654e-8,0.00032723245023905047,0,0,0,0,0,0,0,0,0,0,0,1.099878378610618e-18,0,0,0,3.480659895033867e-9,0,0,0,0,0,0,0,0,0,3.03687979359404e-12,0,0,2.6323333122091324e-18,9.105913413267416e-8,0,0,0,0,0.000327261136836038,9.454283091123383e-8,0.0003273556796669493
0.7020000000000001,7.788512329332267e-9,2.0605416634066595e-8,0.0003277452455194465,0,0,0,0,0,0,0,0,0,0,0,3.0687641817505e-20,0,0,0,3.561357783262832e-9,0,0,0,0,0,0,0,0,0,1.007194427078524e-11,0,0,7.33377768559587e-20,9.199017900112448e-8,0,0,0,0,0.0003277736394484099,9.556160872876212e-8,0.00032786920105713866
0.7030000000000001,7.79960709873769e-9,2.0301898217099454e-8,0.0003282579690111251,0,0,0,0,0,0,0,0,0,0,0,4.612685072266657e-19,0,0,0,3.64767299121267e-9,0,0,0,0,0,0,0,0,0,2.1397303249751032e-11,0,0,1.1007661609564032e-18,9.293289062170884e-8,0,0,0,0,0.00032828607051644095,9.660196091773331e-8,0.0003283826724773587
0.7040000000000001,7.810701868111179e-9,1.999862672056091e-8,0.00032877062104995364,0,0,0,0,0,0,0,0,0,0,0,2.6973505244190324e-18,0,0,0,3.738612377147478e-9,0,0,0,0,0,0,0,0,0,3.719737066311585e-11,0,0,6.427832403221408e-18,9.384232211259423e-8,0,0,0,0,0.0003287984303785423,9.761813186953e-8,0.00032889604851041185
0.7050000000000001,7.821796637452867e-9,1.9695607104079332e-8,0.0003292832019696608,0,0,0,0,0,0,0,0,0,0,0,7.082202352467214e-18,0,0,0,3.837729953683276e-9,0,0,0,0,0,0,0,0,0,5.770607056450019e-11,0,0,1.685349794080145e-17,9.475438969883704e-8,0,0,0,0,0.00032931071937340235,9.864982574702051e-8,0.00032940936919914935
0.7060000000000001,7.832891406762895e-9,1.9392846765327958e-8,0.00032979571210185494,0,0,0,0,0,0,0,0,0,0,0,1.4000212156238242e-17,0,0,0,3.940719022562745e-9,0,0,0,0,0,0,0,0,0,8.312777916404561e-11,0,0,3.327050560778806e-17,9.569655796317152e-8,0,0,0,0,0.000329822937840027,9.972040481216902e-8,0.0003299226582448392
0.7070000000000001,7.843986176041391e-9,1.9090355565194935e-8,0.00033030815177604016,0,0,0,0,0,0,0,0,0,0,0,2.3880758585753876e-17,0,0,0,4.050799040562968e-9,0,0,0,0,0,0,0,0,0,1.1372179758450161e-10,0,0,5.667405606317973e-17,9.667158532908406e-8,0,0,0,0,0.0003303350861177814,1.0083610624778635e-7,0.00033043592222402915
0.7080000000000001,7.855080945288497e-9,1.8788145855902192e-8,0.00033082052131963417,0,0,0,0,0,0,0,0,0,0,0,3.7202393453587893e-17,0,0,0,4.170723566901088e-9,0,0,0,0,0,0,0,0,0,1.4973112809789736e-10,0,0,8.817117289555643e-17,9.766198531452589e-8,0,0,0,0,0.00033084716454643534,1.0198244013489843e-7,0.00033094914698657025
0.7090000000000001,7.866175714504336e-9,1.8486232512086982e-8,0.00033133282105798434,0,0,0,0,0,0,0,0,0,0,0,5.449735865062363e-17,0,0,0,4.291661789162686e-9,0,0,0,0,0,0,0,0,0,1.913493053407808e-10,0,0,1.2899080563903596e-16,9.864095486055373e-8,0,0,0,0,0.00033135917346621094,1.0312396613854537e-7,0.0003314622974323495
0.7100000000000001,7.877270483689047e-9,1.8184632964862846e-8,0.00033184505131438513,0,0,0,0,0,0,0,0,0,0,0,7.635646135801148e-17,0,0,0,4.421087408026893e-9,0,0,0,0,0,0,0,0,0,2.3887004151236884e-10,0,0,1.804947232208098e-16,9.963774149909243e-8,0,0,0,0,0.0003318711132178337,1.0429769920548288e-7,0.00033197541091703914
0.7110000000000001,7.888365252842757e-9,1.78833672388835e-8,0.00033235721241009416,0,0,0,0,0,0,0,0,0,0,0,1.0343433322868103e-16,0,0,0,4.557502491999698e-9,0,0,0,0,0,0,0,0,0,2.925133674608818e-10,0,0,2.441892538569837e-16,1.0063457352142308e-7,0,0,0,0,0.0003323829841425859,1.0548458972850724e-7,0.0003324884687323144
0.7120000000000001,7.899460021965602e-9,1.7582457992436752e-8,0.0003328693046643485,0,0,0,0,0,0,0,0,0,0,0,1.3645510093155122e-16,0,0,0,4.702200096974371e-9,0,0,0,0,0,0,0,0,0,3.526571545430245e-10,0,0,3.2173793113418635e-16,1.0165932429549432e-7,0,0,0,0,0.0003328947865823629,1.0671418200520476e-7,0.0003330015007643681
0.7130000000000001,7.910554791057705e-9,1.7281930560603177e-8,0.0003333813283943811,0,0,0,0,0,0,0,0,0,0,0,1.7621849728226357e-16,0,0,0,4.851740440275955e-9,0,0,0,0,0,0,0,0,0,4.197160376476904e-10,0,0,4.149751099735976e-16,1.0269169767982919e-7,0,0,0,0,0.00033340652087973275,1.0796315474894644e-7,0.0003335144840344817
0.714,7.921649560119203e-9,1.698181300151699e-8,0.00033389328391543655,0,0,0,0,0,0,0,0,0,0,0,2.2360644413281438e-16,0,0,0,5.006025090578115e-9,0,0,0,0,0,0,0,0,0,4.937424997459535e-10,0,0,5.259206203863319e-16,1.0378923632577603e-7,0,0,0,0,0.0003339181873779982,1.0928900466562716e-7,0.0003340274763826638
0.715,7.932744329150217e-9,1.6682136145773583e-8,0.0003344051715407873,0,0,0,0,0,0,0,0,0,0,0,2.795901402666414e-16,0,0,0,5.169433832166066e-9,0,0,0,0,0,0,0,0,0,5.750797746495564e-10,0,0,6.567955314117723e-16,1.0484812909945618e-7,0,0,0,0,0.0003344297864212622,1.1059264364265747e-7,0.0003345403790649049
0.716,7.943839098150882e-9,1.6382933649033606e-8,0.00033491699158174883,0,0,0,0,0,0,0,0,0,0,0,3.4523768975297115e-16,0,0,0,5.3385736444249065e-9,0,0,0,0,0,0,0,0,0,6.641150865413582e-10,0,0,8.100391023984181e-16,1.0587464372668892e-7,0,0,0,0,0.00033494131835449603,1.1187733361293197e-7,0.000335053195688109
0.717,7.954933867121317e-9,1.608424204787672e-8,0.0003354287443476961,0,0,0,0,0,0,0,0,0,0,0,4.217223085639163e-16,0,0,0,5.516850916167648e-9,0,0,0,0,0,0,0,0,0,7.614220164565917e-10,0,0,9.88327003861213e-16,1.0697120386475376e-7,0,0,0,0,0.0003354527835236111,1.132494782074273e-7,0.00033556603300181854
0.718,7.966028636061656e-9,1.578610081896624e-8,0.00033594043014607773,0,0,0,0,0,0,0,0,0,0,0,5.103311497581695e-16,0,0,0,5.698540221959198e-9,0,0,0,0,0,0,0,0,0,8.671325433264702e-10,0,0,1.1945908955466705e-15,1.0807300186167003e-7,0,0,0,0,0.0003359641822755328,1.1463867633187774e-7,0.00033607882095186467
0.719,7.97712340497202e-9,1.5488552441589364e-8,0.00033645204928243235,0,0,0,0,0,0,0,0,0,0,0,6.124747901958878e-16,0,0,0,5.89218884648562e-9,0,0,0,0,0,0,0,0,0,9.81662421211501e-10,0,0,1.4320394550793484e-15,1.092024464779771e-7,0,0,0,0,0.0003364755149582789,1.1607629979018847e-7,0.0003365915912580691
0.72,7.98821817385253e-9,1.5191642463644808e-8,0.0003369636020604031,0,0,0,0,0,0,0,0,0,0,0,7.296974245818296e-16,0,0,0,6.091505855831484e-9,0,0,0,0,0,0,0,0,0,1.1054131539204113e-9,0,0,1.7041809566734906e-15,1.103367272243504e-7,0,0,0,0,0.0003369867819210406,1.1753364866798067e-7,0.0003371043155697086
0.721,7.999312942703318e-9,1.4895419571152731e-8,0.0003374750887817529,0,0,0,0,0,0,0,0,0,0,0,8.636878156469647e-16,0,0,0,6.302747316321434e-9,0,0,0,0,0,0,0,0,0,1.2390590636840929e-9,0,0,2.014847505891505e-15,1.114746689914816e-7,0,0,0,0,0.00033749798351426674,1.1901647825002245e-7,0.00033761699999251675
0.722,8.010407711524505e-9,1.4599935661371305e-8,0.0003379865097463791,0,0,0,0,0,0,0,0,0,0,0,1.0162910524863726e-15,0,0,0,6.514231658564669e-9,0,0,0,0,0,0,0,0,0,1.3822217760705044e-9,0,0,2.3682210433466322e-15,1.1261708205555745e-7,0,0,0,0,0.000338009120089752,1.205135388747047e-7,0.00033812963362862673
0.723,8.021502480316214e-9,1.4305245919606512e-8,0.00033849786525232806,0,0,0,0,0,0,0,0,0,0,0,1.1895211724836783e-15,0,0,0,6.739599737567782e-9,0,0,0,0,0,0,0,0,0,1.5363764330272464e-9,0,0,2.7688612376010093e-15,1.1379423917620477e-7,0,0,0,0,0.00033852019200072796,1.2207021930518222e-7,0.0003386422622200331
0.724,8.032597249078564e-9,1.401140889980971e-8,0.00033900915559581014,0,0,0,0,0,0,0,0,0,0,0,1.3855747058849569e-15,0,0,0,6.969574983880074e-9,0,0,0,0,0,0,0,0,0,1.7011684859172287e-9,0,0,3.2217353953371964e-15,1.149605849726925e-7,0,0,0,0,0.00033903119960195904,1.236313330497999e-7,0.00033915483093500883
0.725,8.04369201781168e-9,1.371848660906378e-8,0.00033952038107121354,0,0,0,0,0,0,0,0,0,0,0,1.6068452059492765e-15,0,0,0,7.211916905036946e-9,0,0,0,0,0,0,0,0,0,1.8772456858763334e-9,0,0,3.732250525204266e-15,1.1617203269881348e-7,0,0,0,0,0.0003395421432498404,1.252612006288225e-7,0.0003396674044504692
0.726,8.054786786515684e-9,1.34265445960634e-8,0.00034003154197111883,0,0,0,0,0,0,0,0,0,0,0,1.8559388317162384e-15,0,0,0,7.45537304451857e-9,0,0,0,0,0,0,0,0,0,2.06588389804648e-9,0,0,4.306287700595356e-15,1.1737963718727373e-7,0,0,0,0,0.0003400530233025014,1.269009002920653e-7,0.0003401799242027935
0.727,8.065881555190693e-9,1.3135652043703154e-8,0.00034054263858631316,0,0,0,0,0,0,0,0,0,0,0,2.1356910548083356e-15,0,0,0,7.713464704630438e-9,0,0,0,0,0,0,0,0,0,2.266248828797184e-9,0,0,4.950238876037259e-15,1.1856073346388366e-7,0,0,0,0,0.00034056384011991206,1.285404540832412e-7,0.0003406923805739953
0.728,8.076976323836823e-9,1.2845881865893079e-8,0.0003410536712058042,0,0,0,0,0,0,0,0,0,0,0,2.4491845663428784e-15,0,0,0,7.981361406708387e-9,0,0,0,0,0,0,0,0,0,2.479484448169254e-9,0,0,5.671046321892138e-15,1.1980344142281954e-7,0,0,0,0,0.00034107459406399393,1.3026429539792808e-7,0.0003412048583593919
0.729,8.088071092454201e-9,1.2557310808727723e-8,0.00034156464011683355,0,0,0,0,0,0,0,0,0,0,0,2.799768464985367e-15,0,0,0,8.256226736665891e-9,0,0,0,0,0,0,0,0,0,2.707549296612021e-9,0,0,6.476244852738715e-15,1.2105127023425518e-7,0,0,0,0,0.0003415852854987347,1.320150555435464e-7,0.00034171730055427825
0.73,8.099165861042942e-9,1.2270019556142846e-8,0.00034207554560489157,0,0,0,0,0,0,0,0,0,0,0,3.191078812452536e-15,0,0,0,8.540069416357854e-9,0,0,0,0,0,0,0,0,0,2.949132203745745e-9,0,0,7.37400703614244e-15,1.2228939781745953e-7,0,0,0,0,0.00034209591479030877,1.3377861000264897e-7,0.0003422296934003114
0.731,8.110260629603163e-9,1.1984092840200815e-8,0.0003425863879537296,0,0,0,0,0,0,0,0,0,0,0,3.6270606483846764e-15,0,0,0,8.835668525491765e-9,0,0,0,0,0,0,0,0,0,3.2060912264775836e-9,0,0,8.373191580596323e-15,1.2359424707028315e-7,0,0,0,0,0.0003426064823071994,1.3563601882250472e-7,0.00034274211832602193
0.732,8.12135539813498e-9,1.1699619556152588e-8,0.0003430971674453745,0,0,0,0,0,0,0,0,0,0,0,4.111991562484677e-15,0,0,0,9.13640644063432e-9,0,0,0,0,0,0,0,0,0,3.4778451741714806e-9,0,0,9.483395114255102e-15,1.2486884373111434e-7,0,0,0,0,0.0003431169884203288,1.3748310894130682e-7,0.0003432544715292701
0.733,8.132450166638508e-9,1.1416692882433336e-8,0.00034360788436014117,0,0,0,0,0,0,0,0,0,0,0,4.650506928177803e-15,0,0,0,9.447514156378952e-9,0,0,0,0,0,0,0,0,0,3.7659945529828955e-9,0,0,1.0715007579751435e-14,1.2619389420769617e-7,0,0,0,0,0.00034362743350319026,1.3940741828257253e-7,0.0003437668409214728
0.734,8.143544935113869e-9,1.1135410405756461e-8,0.0003441185389766467,0,0,0,0,0,0,0,0,0,0,0,5.2476269088152944e-15,0,0,0,9.77012626297e-9,0,0,0,0,0,0,0,0,0,4.070842204369949e-9,0,0,1.2079271484923272e-14,1.2748763072431507e-7,0,0,0,0,0.0003441378179319876,1.413286165185534e-7,0.00034427914654850615
0.735,8.154639703561167e-9,1.0855874251478554e-8,0.0003446291315718224,0,0,0,0,0,0,0,0,0,0,0,5.908785354649334e-15,0,0,0,1.0101198894374038e-8,0,0,0,0,0,0,0,0,0,4.3926317428836735e-9,0,0,1.3588345264747774e-14,1.288229015170279e-7,0,0,0,0,0.0003446481420857774,1.4331675165141623e-7,0.0003447914588374288
0.736,8.165734471980527e-9,1.0578191219417668e-8,0.0003451396624209277,0,0,0,0,0,0,0,0,0,0,0,6.639860716470929e-15,0,0,0,1.044573448109801e-8,0,0,0,0,0,0,0,0,0,4.733343086945914e-9,0,0,1.5255371026248482e-14,1.3016497289112213e-7,0,0,0,0,0.0003451584063466191,1.453440723543978e-7,0.00034530375041897347
0.737,8.176829240372061e-9,1.0302472925316166e-8,0.0003456501317975624,0,0,0,0,0,0,0,0,0,0,0,7.447209109970183e-15,0,0,0,1.0801363105199232e-8,0,0,0,0,0,0,0,0,0,5.092783073900581e-9,0,0,1.7094546965655793e-14,1.3154904230865796e-7,0,0,0,0,0.0003456686110997281,1.4744321302951387e-7,0.0003458160543127576
0.738,8.187924008735877e-9,1.0028835948148548e-8,0.0003461605399736798,0,0,0,0,0,0,0,0,0,0,0,8.3376996735596e-15,0,0,0,1.1168613186804851e-8,0,0,0,0,0,0,0,0,0,5.472508405582607e-9,0,0,1.9121204765752458e-14,1.328963207668798e-7,0,0,0,0,0.0003461787567336367,1.495374698181717e-7,0.00034632829420345486
0.739,8.19901877707209e-9,9.75740198348475e-9,0.00034667088721959856,0,0,0,0,0,0,0,0,0,0,0,9.318752371656777e-15,0,0,0,1.154327844067869e-8,0,0,0,0,0,0,0,0,0,5.873004466874603e-9,0,0,2.1351892301174092e-14,1.3431074708908711e-7,0,0,0,0,0.0003466888436403591,1.5172706066728506e-7,0.00034684057070102643
0.74,8.210113545380813e-9,9.488298003130845e-9,0.0003471811738040164,0,0,0,0,0,0,0,0,0,0,0,1.0398378405264711e-14,0,0,0,1.1927481451577607e-8,0,0,0,0,0,0,0,0,0,6.295159733259785e-9,0,0,2.3804462000561125e-14,1.3566978627807813e-7,0,0,0,0,0.0003471988722155649,1.5389246166575592e-7,0.00034735276467723065
0.741,8.221208313662157e-9,9.22165642127816e-9,0.0003476913999940212,0,0,0,0,0,0,0,0,0,0,0,1.1585223402173518e-14,0,0,0,1.2328775563311083e-8,0,0,0,0,0,0,0,0,0,6.739899262941495e-9,0,0,2.6498165236941125e-14,1.371226352134021e-7,0,0,0,0,0.00034770884285875616,1.561913481230433e-7,0.0003478650342068792
0.742,8.232303081916233e-9,8.957615267404671e-9,0.0003482015660551043,0,0,0,0,0,0,0,0,0,0,0,1.2888613570270287e-14,0,0,0,1.2736325020247062e-8,0,0,0,0,0,0,0,0,0,7.208186212424615e-9,0,0,2.945375314164365e-14,1.3853057585286623e-7,0,0,0,0,0.0003482187559734536,1.5847512942790462e-7,0.00034837723110288154
0.743,8.243397850143147e-9,8.696318366183385e-9,0.0003487116722511721,0,0,0,0,0,0,0,0,0,0,0,1.4318605009329632e-14,0,0,0,1.3160511338999155e-8,0,0,0,0,0,0,0,0,0,7.701023417268101e-9,0,0,3.269358426254423e-14,1.3999397183089848e-7,0,0,0,0,0.0003487286119673884,1.60855553599355e-7,0.00034888946752098776
0.744,8.254492618343015e-9,8.437915524665641e-9,0.0003492217188445577,0,0,0,0,0,0,0,0,0,0,0,1.5886036389309858e-14,0,0,0,1.3595767199856013e-8,0,0,0,0,0,0,0,0,0,8.219455040906639e-9,0,0,3.624173951453388e-14,1.414569475882458e-7,0,0,0,0,0.0003492384112527007,1.6327222195678435e-7,0.0003494016834746575
0.745,8.26558738651594e-9,8.182562727019224e-9,0.0003497317060960339,0,0,0,0,0,0,0,0,0,0,0,1.760258521666753e-14,0,0,0,1.4045722833797847e-8,0,0,0,0,0,0,0,0,0,8.764568294576123e-9,0,0,4.0124144899015664e-14,1.4295683411295087e-7,0,0,0,0,0.0003497481542461474,1.6576718296805495e-7,0.00034991392142911544
0.746,8.276682154662035e-9,7.930422337115777e-9,0.00035024163426482436,0,0,0,0,0,0,0,0,0,0,0,1.9480827924549072e-14,0,0,0,1.4502549330402136e-8,0,0,0,0,0,0,0,0,0,9.337495231514796e-9,0,0,4.436870249995825e-14,1.444382448949842e-7,0,0,0,0,0.00035025784136931615,1.6827835330643156e-7,0.0003504261197226226
0.747,8.287776922781407e-9,7.681663309275314e-9,0.0003507515036086147,0,0,0,0,0,0,0,0,0,0,0,2.1534304038014225e-14,0,0,0,1.498095124164212e-8,0,0,0,0,0,0,0,0,0,9.93941461876221e-9,0,0,4.9005430296793467e-14,1.4596952315972232e-7,0,0,0,0,0.00035076747304884677,1.7088995955986099e-7,0.0003509383630084066
0.748,8.298871690874162e-9,7.436461407491269e-9,0.0003512613143835655,0,0,0,0,0,0,0,0,0,0,0,2.3777584681733894e-14,0,0,0,1.54730552147417e-8,0,0,0,0,0,0,0,0,0,1.0571553890032125e-8,0,0,5.406661136931269e-14,1.474727317238634e-7,0,0,0,0,0.0003512770497166639,1.7351741867283325e-7,0.0003514505671353367
0.749,8.309966458940406e-9,7.1949994334740455e-9,0.00035177106684432274,0,0,0,0,0,0,0,0,0,0,0,2.6226345714953276e-14,0,0,0,1.5969660926239145e-8,0,0,0,0,0,0,0,0,0,1.1235191183296286e-8,0,0,5.958695310687043e-14,1.4903242393549737e-7,0,0,0,0,0.00035178657181021515,1.762373618583316e-7,0.00035196280917207346
0.75,8.321061226980243e-9,6.957467463868793e-9,0.00035228076124402914,0,0,0,0,0,0,0,0,0,0,0,2.8897445796992863e-14,0,0,0,1.6486371085487547e-8,0,0,0,0,0,0,0,0,0,1.1931657466889104e-8,0,0,6.560375707373644e-14,1.5056914117510102e-7,0,0,0,0,0.00035229603977272,1.7898726422868052e-7,0.0003524750270369487
0.751,8.332155994993785e-9,6.724063097018954e-9,0.00035279039783433634,0,0,0,0,0,0,0,0,0,0,0,3.180900970627129e-14,0,0,0,1.7017198534230307e-8,0,0,0,0,0,0,0,0,0,1.2662338758118633e-8,0,0,7.215710022463555e-14,1.521088206596167e-7,0,0,0,0,0.00035280545405342835,1.8178846191807558e-7,0.00035298724251534643
0.752,8.343250762981131e-9,6.494991709665556e-9,0.00035329997686541517,0,0,0,0,0,0,0,0,0,0,0,3.4980517256798157e-14,0,0,0,1.7560550779699545e-8,0,0,0,0,0,0,0,0,0,1.342867843856216e-8,0,0,7.929002820934493e-14,1.537645905003381e-7,0,0,0,0,0.00035331481510788784,1.8475393398914526e-7,0.000353499569041877
0.753,8.354345530942386e-9,6.270466723991799e-9,0.0003538094985859667,0,0,0,0,0,0,0,0,0,0,0,3.843289817847423e-14,0,0,0,1.8121689426662736e-8,0,0,0,0,0,0,0,0,0,1.423217967041486e-8,0,0,8.704876155312047e-14,1.5531462426094597e-7,0,0,0,0,0.00035382412339822163,1.8766861883968327e-7,0.0003540117920170613
0.754,8.365440298877659e-9,6.050709885440815e-9,0.0003543189632432344,0,0,0,0,0,0,0,0,0,0,0,4.218863335136493e-14,0,0,0,1.8698592765181106e-8,0,0,0,0,0,0,0,0,0,1.5074407918475704e-8,0,0,9.548291555067006e-14,1.5695065238958687e-7,0,0,0,0,0.0003543333793934187,1.9072379074479262e-7,0.0003545241031841635
0.755,8.376535066787051e-9,5.835951551756485e-9,0.00035482837108301345,0,0,0,0,0,0,0,0,0,0,0,4.6271862809515335e-14,0,0,0,1.929440430102641e-8,0,0,0,0,0,0,0,0,0,1.5956993582564912e-8,0,0,1.0464573476571421e-13,1.5858164267817747e-7,0,0,0,0,0.000354842583569632,1.9383319147936638e-7,0.00035503641676111133
0.756,8.38762983467066e-9,5.62643099371925e-9,0.0003553377223496623,0,0,0,0,0,0,0,0,0,0,0,5.0708500956978225e-14,0,0,0,1.9904129384141683e-8,0,0,0,0,0,0,0,0,0,1.6881634745402822e-8,0,0,1.14594343086109e-13,1.6022856507522564e-7,0,0,0,0,0.0003553517364104907,1.9701449450761418e-7,0.0003555487509049983
0.757,8.398724602528591e-9,5.422396708070057e-9,0.0003558470172861135,0,0,0,0,0,0,0,0,0,0,0,5.552635946760846e-14,0,0,0,2.05300531945502e-8,0,0,0,0,0,0,0,0,0,1.7850100041214912e-8,0,0,1.2539001034619666e-13,1.619191329249487e-7,0,0,0,0,0.0003558608384074241,2.002994670770836e-7,0.00035606113787450117
0.758,8.409819370360943e-9,5.224106743142084e-9,0.00035635625613388407,0,0,0,0,0,0,0,0,0,0,0,6.075527837092986e-14,0,0,0,2.1174160748509314e-8,0,0,0,0,0,0,0,0,0,1.8864231650589027e-8,0,0,1.3709843659385822e-13,1.635973626011078e-7,0,0,0,0,0.0003563698900599976,2.0363595285392112e-7,0.0003565735260128515
0.759,8.420914138167826e-9,5.0318290377435616e-9,0.0003568654391330856,0,0,0,0,0,0,0,0,0,0,0,6.642726585929939e-14,0,0,0,2.1843516396889948e-8,0,0,0,0,0,0,0,0,0,1.9925948427369004e-8,0,0,1.4979005514993775e-13,1.652764103655073e-7,0,0,0,0,0.00035687889187626146,2.0704609140708726e-7,0.00035708593796766853
0.76,8.432008905949333e-9,4.845841773862698e-9,0.0003573745665224353,0,0,0,0,0,0,0,0,0,0,0,7.257664738652884e-14,0,0,0,2.2517278121241813e-8,0,0,0,0,0,0,0,0,0,2.1037249163655936e-8,0,0,1.6354035568242801e-13,1.6697302829948347e-7,0,0,0,0,0.0003573878443731151,2.1052779170138428e-7,0.0003575983721648165
0.761,8.443103673705564e-9,4.6664337437931745e-9,0.0003578836385392659,0,0,0,0,0,0,0,0,0,0,0,7.924022466554976e-14,0,0,0,2.3210721507683013e-8,0,0,0,0,0,0,0,0,0,2.2200215999283258e-8,0,0,1.7843022859774105e-13,1.6870377450993416e-7,0,0,0,0,0.0003578967480766834,2.1411496968735369e-7,0.0003581108630463708
0.762,8.454198441436623e-9,4.493904732308981e-9,0.000358392655419536,0,0,0,0,0,0,0,0,0,0,0,8.645744521252977e-14,0,0,0,2.3936725753723592e-8,0,0,0,0,0,0,0,0,0,2.3417017982442105e-8,0,0,1.9454633213633063e-13,1.7049785681638635e-7,0,0,0,0,0.00035840560352270973,2.178518815563294e-7,0.0003586234554042661
0.763,8.465293209142603e-9,4.3285659145483194e-9,0.00035890161739783984,0,0,0,0,0,0,0,0,0,0,0,9.427058312738529e-14,0,0,0,2.4671890443588983e-8,0,0,0,0,0,0,0,0,0,2.468991478846118e-8,0,0,2.1198148365082538e-13,1.7224516204520342e-7,0,0,0,0,0.00035891441125696354,2.2160727352932036e-7,0.00035913601853049287
0.764,8.476387976823607e-9,4.170740270298447e-9,0.00035941052470741787,0,0,0,0,0,0,0,0,0,0,0,1.0272493184600997e-13,0,0,0,2.5423473449421303e-8,0,0,0,0,0,0,0,0,0,2.6021260604096416e-8,0,0,2.3083507664167926e-13,1.740254139012575e-7,0,0,0,0,0.000359423171835665,2.254704815147837e-7,0.00035964864231717976
0.765,8.487482744479733e-9,4.020763015409504e-9,0.00035991937758016635,0,0,0,0,0,0,0,0,0,0,0,1.118690096479811e-13,0,0,0,2.6212438136055747e-8,0,0,0,0,0,0,0,0,0,2.7413508185045576e-8,0,0,2.512135252286506e-13,1.7583833500195534e-7,0,0,0,0,0.00035993188582592625,2.2946464440559154e-7,0.00036016135047033186
0.766,8.498577512111077e-9,3.878982051100365e-9,0.00036042817624664725,0,0,0,0,0,0,0,0,0,0,0,1.2175477875516134e-13,0,0,0,2.7007087565435384e-8,0,0,0,0,0,0,0,0,0,2.8869213094791074e-8,0,0,2.7323073784680003e-13,1.776719441181121e-7,0,0,0,0,0.0003604405538062105,2.3354863976385517e-7,0.00036067410244597435
0.767,8.509672279717733e-9,3.745758431958852e-9,0.0003609369209360978,0,0,0,0,0,0,0,0,0,0,0,1.324378789118716e-13,0,0,0,2.7837223189303888e-8,0,0,0,0,0,0,0,0,0,3.0391038133280664e-8,0,0,2.9700862207337333e-13,1.7949368588329337e-7,0,0,0,0,0.00036094917636680945,2.377223766523789e-7,0.0003611868987434618
0.768,8.520767047299803e-9,3.6214668534791814e-9,0.0003614456118764404,0,0,0,0,0,0,0,0,0,0,0,1.4397787639616901e-13,0,0,0,2.8688770300712855e-8,0,0,0,0,0,0,0,0,0,3.1981757964388436e-8,0,0,3.2267762261771624e-13,1.8131201406239316e-7,0,0,0,0,0.0003614577541103412,2.419830089829935e-7,0.0003616997371193242
0.769,8.531861814857379e-9,3.5064961600219944e-9,0.00036195424929429246,0,0,0,0,0,0,0,0,0,0,0,1.5643852947473543e-13,0,0,0,2.954410970896696e-8,0,0,0,0,0,0,0,0,0,3.364426395154353e-8,0,0,3.503772946404968e-13,1.8318606814375046e-7,0,0,0,0,0.0003619662876522673,2.463749486200851e-7,0.0003622126626008874
0.77,8.542956582390559e-9,3.401249874128168e-9,0.0003624628334149753,0,0,0,0,0,0,0,0,0,0,0,1.6988807138107336e-13,0,0,0,3.0438016881857896e-8,0,0,0,0,0,0,0,0,0,3.538156921140268e-8,0,0,3.8025691471186154e-13,1.850925302177915e-7,0,0,0,0,0.0003624747776214318,2.509126664560382e-7,0.0003627256902878879
0.771,8.554051349899435e-9,3.306146748164268e-9,0.000362971364462524,0,0,0,0,0,0,0,0,0,0,0,1.8439951196853035e-13,0,0,0,3.1373384709335826e-8,0,0,0,0,0,0,0,0,0,3.71968138959446e-8,0,0,4.124761318712988e-13,1.8697368231762214e-7,0,0,0,0,0.000362983224660622,2.555444777985464e-7,0.0003632387691384206
0.772,8.565146117384105e-9,3.221621339329251e-9,0.00036347984265969603,0,0,0,0,0,0,0,0,0,0,0,2.00050959266352e-13,0,0,0,3.230306925506698e-8,0,0,0,0,0,0,0,0,0,3.909327071389946e-8,0,0,4.4720566141543716e-13,1.8889106502836387e-7,0,0,0,0,0.0003634916294271527,2.60288052253951e-7,0.0003637519174794067
0.773,8.576240884844657e-9,3.14812460910401e-9,0.00036398826822798186,0,0,0,0,0,0,0,0,0,0,0,2.169259622489657e-13,0,0,0,3.326732170162908e-8,0,0,0,0,0,0,0,0,0,4.107435070299452e-8,0,0,4.846280242147473e-13,1.9080874650932308e-7,0,0,0,0,0.00036399999259347583,2.6515112046793314e-7,0.00036426514371394375
0.774,8.587335652281197e-9,3.08612454828222e-9,0.00036449664138761307,0,0,0,0,0,0,0,0,0,0,0,2.351138762163662e-13,0,0,0,3.4260938436642425e-8,0,0,0,0,0,0,0,0,0,4.3143609265095475e-8,0,0,5.2493833454694e-13,1.9281831938388393e-7,0,0,0,0,0.0003645083148478136,2.7022362713783256e-7,0.00036477853847495143
0.775,8.5984304196938e-9,3.0361068287804346e-9,0.00036500496235757106,0,0,0,0,0,0,0,0,0,0,0,2.547102522769468e-13,0,0,0,3.529038555522278e-8,0,0,0,0,0,0,0,0,0,4.530475247695635e-8,0,0,5.683451396342751e-13,1.9479298066167656e-7,0,0,0,0,0.00036501659689481956,2.753889417492476e-7,0.0003652919858365688
0.776,8.609525187082574e-9,2.998575483487679e-9,0.0003655132313555973,0,0,0,0,0,0,0,0,0,0,0,2.758172525245914e-13,0,0,0,3.63398247601228e-8,0,0,0,0,0,0,0,0,0,4.756164368996451e-8,0,0,6.150713142855174e-13,1.9677179694417297e-7,0,0,0,0,0.0003655248394562679,2.806741562828271e-7,0.00036580551361255074
0.777,8.620619954447603e-9,2.974053615481801e-9,0.00036602144859820157,0,0,0,0,0,0,0,0,0,0,0,2.985440926085944e-13,0,0,0,3.742285909499442e-8,0,0,0,0,0,0,0,0,0,4.991831043297376e-8,0,0,6.653550142712088e-13,1.9879424513738095e-7,0,0,0,0,0.0003660330432717715,2.86136378564456e-7,0.000366319179650336
0.778,8.631714721788982e-9,2.9630841380097405e-9,0.00036652961430067043,0,0,0,0,0,0,0,0,0,0,0,3.230075135097457e-13,0,0,0,3.852741543312549e-8,0,0,0,0,0,0,0,0,0,5.2378951633074155e-8,0,0,7.194506923052412e-13,2.008104760807983e-7,0,0,0,0,0.00036654120909953024,2.9171788560520374e-7,0.00036683292698513545
0.779,8.6428094891068e-9,2.9662305467033616e-9,0.00036703772867707676,0,0,0,0,0,0,0,0,0,0,0,3.4933228445840993e-13,0,0,0,3.96733890008058e-8,0,0,0,0,0,0,0,0,0,5.494794516995075e-8,0,0,7.776301807661982e-13,2.0288377355445657e-7,0,0,0,0,0.00036704933771711256,2.9750623468767833e-7,0.00036734684395180027
0.78,8.653904256401146e-9,2.9840777255812027e-9,0.000367545791940288,0,0,0,0,0,0,0,0,0,0,0,3.7765173906153035e-13,0,0,0,4.0839070114708234e-8,0,0,0,0,0,0,0,0,0,5.762985578031071e-8,0,0,8.401838455716339e-13,2.049561820941471e-7,0,0,0,0,0.00036755742992227,3.0342632582475065e-7,0.00036786085624809474
0.781,8.664999023672116e-9,3.0172327884698608e-9,0.00036805380430197503,0,0,0,0,0,0,0,0,0,0,0,4.0810834684580863e-13,0,0,0,4.205649724535263e-8,0,0,0,0,0,0,0,0,0,6.042944332978007e-8,0,0,9.074218159169166e-13,2.0703673501397066e-7,0,0,0,0,0.00036806548653378716,3.095239911192661e-7,0.0003683750105249064
0.782,8.676093790919795e-9,3.066325957566851e-9,0.00036856176597261996,0,0,0,0,0,0,0,0,0,0,0,4.4085432257465056e-13,0,0,0,4.330256121010621e-8,0,0,0,0,0,0,0,0,0,6.335167147060021e-8,0,0,9.796752949102788e-13,2.091636952293256e-7,0,0,0,0,0.00036857350839236843,3.158193484396495e-7,0.0003688893277408081
0.783,8.687188558144271e-9,3.1320114809604466e-9,0.00036906967716152604,0,0,0,0,0,0,0,0,0,0,0,4.760522758572063e-13,0,0,0,4.456753631307904e-8,0,0,0,0,0,0,0,0,0,6.640171670447899e-8,0,0,1.0572979564776164e-12,2.1126106983571888e-7,0,0,0,0,0.00036908149636156513,3.2223185620350925e-7,0.00036940372821776867
0.784,8.698283325345642e-9,3.214968591021101e-9,0.0003695775380768245,0,0,0,0,0,0,0,0,0,0,0,5.138759037400806e-13,0,0,0,4.5868711702214125e-8,0,0,0,0,0,0,0,0,0,6.958497787100778e-8,0,0,1.1406674342781719e-12,2.134243925301572e-7,0,0,0,0,0.0003695894513287409,3.2887973664671713e-7,0.0003699183310653876
0.785,8.709378092523978e-9,3.315902505683787e-9,0.0003700853489254838,0,0,0,0,0,0,0,0,0,0,0,5.545107291569481e-13,0,0,0,4.724152301674525e-8,0,0,0,0,0,0,0,0,0,7.290708608320356e-8,0,0,1.2301869087633058e-12,2.1563221581109797e-7,0,0,0,0,0.00037009737420608203,3.357826096086847e-7,0.00037043315681569073
0.786,8.720472859679387e-9,3.4355454747526424e-9,0.0003705931099133178,0,0,0,0,0,0,0,0,0,0,0,5.981548883088661e-13,0,0,0,4.860188759061976e-8,0,0,0,0,0,0,0,0,0,7.637391513294394e-8,0,0,1.326286798933092e-12,2.1783301179069872e-7,0,0,0,0,0.0003706052659316523,3.4281073895594965e-7,0.00037094807667060824
0.787,8.731567626811947e-9,3.5746578734767484e-9,0.0003711008212449936,0,0,0,0,0,0,0,0,0,0,0,6.450199702599479e-13,0,0,0,5.0011647840834514e-8,0,0,0,0,0,0,0,0,0,7.999159239032494e-8,0,0,1.4294265657942867e-12,2.1999262290622092e-7,0,0,0,0,0.00037111312747049386,3.499979375839164e-7,0.0003714631254080778
0.788,8.742662393921744e-9,3.734029345771707e-9,0.0003716084831240399,0,0,0,0,0,0,0,0,0,0,0,6.953319122602598e-13,0,0,0,5.1499650551019376e-8,0,0,0,0,0,0,0,0,0,8.376651022236042e-8,0,0,1.5400966350076714e-12,2.2225268469929507e-7,0,0,0,0,0.0003716209598157796,3.575210809012221e-7,0.00037197848089668084
0.789,8.753757161008867e-9,3.9144799995949804e-9,0.0003721160957528548,0,0,0,0,0,0,0,0,0,0,0,7.493319545512123e-13,0,0,0,5.300248103110111e-8,0,0,0,0,0,0,0,0,0,8.770533795787178e-8,0,0,1.6588204467298398e-12,2.2448947205530856e-7,0,0,0,0,0.0003721287639900154,3.651996991966827e-7,0.0003724939636892121
0.79,8.764851928073402e-9,4.116861657123571e-9,0.00037262365933271417,0,0,0,0,0,0,0,0,0,0,0,8.072776586698046e-13,0,0,0,5.455161637562138e-8,0,0,0,0,0,0,0,0,0,9.181503442695942e-8,0,0,1.7861566412103524e-12,2.2679067756831173e-7,0,0,0,0,0.00037263654104629937,3.7315992180519245e-7,0.00037300970096810457
0.791,8.775946695115434e-9,4.342059162533709e-9,0.00037313117406377936,0,0,0,0,0,0,0,0,0,0,0,8.694439935482366e-13,0,0,0,5.612405815661776e-8,0,0,0,0,0,0,0,0,0,9.610286110509143e-8,0,0,1.922701389299759e-12,2.2907239216634938e-7,0,0,0,0,0.000373144292069637,3.813021035734414e-7,0.0003735255941732104
0.792,8.787041462135046e-9,4.590991750340996e-9,0.00037363864014510465,0,0,0,0,0,0,0,0,0,0,0,9.36124494006034e-13,0,0,0,5.778084970645222e-8,0,0,0,0,0,0,0,0,0,1.0057639589357475e-7,0,0,2.0690908776648073e-12,2.3140127390532624e-7,0,0,0,0,0.0003736520181783171,3.897615247207249e-7,0.00037404177970303784
0.793,8.79813622913233e-9,4.86461447742947e-9,0.00037414605777464575,0,0,0,0,0,0,0,0,0,0,0,1.0076324965540805e-12,0,0,0,5.9448994410524666e-8,0,0,0,0,0,0,0,0,0,1.0524354757003497e-7,0,0,2.22600395919019e-12,2.3377328422134054e-7,0,0,0,0,0.0003741597205253523,3.984690598383559e-7,0.0003745581895851907
0.794,8.809230996107361e-9,5.163919722078182e-9,0.00037465342714926677,0,0,0,0,0,0,0,0,0,0,0,1.0843024577767576e-12,0,0,0,6.120139216264987e-8,0,0,0,0,0,0,0,0,0,1.1011257094450758e-7,0,0,2.3941649797851203e-12,2.360971352004379e-7,0,0,0,0,0.00037466740029998497,4.0741457677503287e-7,0.00037507481487676
0.795,8.820325763060228e-9,5.489938753485942e-9,0.0003751607484647483,0,0,0,0,0,0,0,0,0,0,0,1.1664913609294282e-12,0,0,0,6.297506190555417e-8,0,0,0,0,0,0,0,0,0,1.1519208275883536e-7,0,0,2.5743467936008767e-12,2.3851931405063054e-7,0,0,0,0,0.00037517505872926483,4.1669019955317465e-7,0.000375591748928818
0.796,8.831420529991016e-9,5.843743375498496e-9,0.0003756680219157951,0,0,0,0,0,0,0,0,0,0,0,1.2545802167889507e-12,0,0,0,6.482052843285622e-8,0,0,0,0,0,0,0,0,0,1.204910783693043e-7,0,0,2.767373979515783e-12,2.4096067080465526e-7,0,0,0,0,0.00037568269707970056,4.262762995610121e-7,0.0003761089733792616
0.797,8.842515296899806e-9,6.226447648460292e-9,0.0003761752476960429,0,0,0,0,0,0,0,0,0,0,0,1.3489756652228888e-12,0,0,0,6.669929322443038e-8,0,0,0,0,0,0,0,0,0,1.2601894925485012e-7,0,0,2.974126272654515e-12,2.433800090639911e-7,0,0,0,0,0.00037619031665898824,4.361025746452094e-7,0.00037662641923363345
0.798,8.853610063786682e-9,6.639209693343792e-9,0.00037668242599806694,0,0,0,0,0,0,0,0,0,0,0,1.4501116844051352e-12,0,0,0,6.865209206044451e-8,0,0,0,0,0,0,0,0,0,1.3178550139568673e-7,0,0,3.1955422256904777e-12,2.458661871547515e-7,0,0,0,0,0.00037669791881782407,4.4630842626479286e-7,0.0003771442272440889
0.799,8.864704830651722e-9,7.083233582556075e-9,0.0003771895570133881,0,0,0,0,0,0,0,0,0,0,0,1.55845141510098e-12,0,0,0,7.065529520796535e-8,0,0,0,0,0,0,0,0,0,1.3780097456994556e-7,0,0,3.4326231157302354e-12,2.4835780726966323e-7,0,0,0,0,0.0003772055049518013,4.56819068122105e-7,0.00037766232401992343
0.8,8.875799597495014e-9,7.559771322085022e-9,0.00037769664093248114,0,0,0,0,0,0,0,0,0,0,0,1.6744891079777908e-12,0,0,0,7.271329785756784e-8,0,0,0,0,0,0,0,0,0,1.4407606261877005e-7,0,0,3.686437113714623e-12,2.508487718530077e-7,0,0,0,0,0.00037771307650340074,4.676434932555673e-7,0.0003781807199966563
0.801,8.886894364316634e-9,8.07012492992696e-9,0.00037820367794478155,0,0,0,0,0,0,0,0,0,0,0,1.7987522024712738e-12,0,0,0,7.482984654398187e-8,0,0,0,0,0,0,0,0,0,1.506219347334483e-7,0,0,3.958123734486585e-12,2.533912752353991e-7,0,0,0,0,0.0003782206349640758,4.788488133887662e-7,0.00037869948377746457
0.802,8.897989131116665e-9,8.615648616037245e-9,0.00037871066823869304,0,0,0,0,0,0,0,0,0,0,0,1.931803546353909e-12,0,0,0,7.701144111818983e-8,0,0,0,0,0,0,0,0,0,1.574502578213897e-7,0,0,4.24889858698762e-12,2.559281774953639e-7,0,0,0,0,0.0003787281818764402,4.903960571370767e-7,0.00037921857793357726
0.803,8.909083897895188e-9,9.197751069361995e-9,0.0003792176120015943,0,0,0,0,0,0,0,0,0,0,0,2.0742437658163327e-12,0,0,0,7.923851937785281e-8,0,0,0,0,0,0,0,0,0,1.645732200113451e-7,0,0,4.5600584454545494e-12,2.585123456679077e-7,0,0,0,0,0.0003792357188365616,5.023307193593169e-7,0.0003797380495559209
0.804,8.920178664652287e-9,9.817897857851534e-9,0.0003797245094198462,0,0,0,0,0,0,0,0,0,0,0,2.2267137965879653e-12,0,0,0,8.159150611284119e-8,0,0,0,0,0,0,0,0,0,1.720035553619672e-7,0,0,4.89298666400696e-12,2.612126388129478e-7,0,0,0,0,0.0003797432474963687,5.148148199882168e-7,0.0003802580623163569
0.805,8.931273431388035e-9,1.0477613947716493e-8,0.0003802313606787989,0,0,0,0,0,0,0,0,0,0,0,2.389897587392536e-12,0,0,0,8.395439770347621e-8,0,0,0,0,0,0,0,0,0,1.7975456984184663e-7,0,0,5.249158958649397e-12,2.6384021512161953e-7,0,0,0,0,0.00038025076956617804,5.275568217234884e-7,0.00038077832638790153
0.806,8.942368198102519e-9,1.1178486348577631e-8,0.0003807381659627989,0,0,0,0,0,0,0,0,0,0,0,2.5645249878645052e-12,0,0,0,8.641733817584016e-8,0,0,0,0,0,0,0,0,0,1.8784016865347413e-7,0,0,5.630149582475443e-12,2.6651897466389576e-7,0,0,0,0,0.00038075828681734557,5.407846761677804e-7,0.00038129907149351335
0.807,8.95346296479581e-9,1.1922166891573036e-8,0.0003812449254551955,0,0,0,0,0,0,0,0,0,0,0,2.7513748339463826e-12,0,0,0,8.891452162118725e-8,0,0,0,0,0,0,0,0,0,1.9627488497810783e-7,0,0,6.0376379217587704e-12,2.692851808509346e-7,0,0,0,0,0.00038126580108505185,5.544833764629853e-7,0.00038182028446151484
0.808,8.96455773146799e-9,1.2710375147929748e-8,0.0003817516393383481,0,0,0,0,0,0,0,0,0,0,0,2.951278244750609e-12,0,0,0,9.153070129992378e-8,0,0,0,0,0,0,0,0,0,2.0507391022352164e-7,0,0,6.473415542659549e-12,2.72025720494194e-7,0,0,0,0,0.0003817733142712275,5.686397567114267e-7,0.0003823419540279389
0.809,8.975652498119137e-9,1.3544901495981236e-8,0.0003822583077936328,0,0,0,0,0,0,0,0,0,0,0,3.1651221459098586e-12,0,0,0,9.420856369410251e-8,0,0,0,0,0,0,0,0,0,2.1425312586177715e-7,0,0,6.93939372048541e-12,2.7476748444686165e-7,0,0,0,0,0.0003822808283476269,5.832392785186077e-7,0.00038286406762614553
0.81,8.986747264749334e-9,1.4427610345118017e-8,0.0003827649310014492,0,0,0,0,0,0,0,0,0,0,0,3.3938530355610606e-12,0,0,0,9.699897106405431e-8,0,0,0,0,0,0,0,0,0,2.2382913694989086e-7,0,0,7.437611485823021e-12,2.775684297223364e-7,0,0,0,0,0.00038278834535905907,5.984073692008029e-7,0.00038338675272825987
0.811,8.99784203135865e-9,1.5360443525700836e-8,0.0003832715091412267,0,0,0,0,0,0,0,0,0,0,0,3.6384810103182496e-12,0,0,0,9.983655317101058e-8,0,0,0,0,0,0,0,0,0,2.338193074321829e-7,0,0,7.97024422442484e-12,2.804055270975651e-7,0,0,0,0,0.00038329586742678374,6.140729964259933e-7,0.0003839099404232097
0.812,9.008936797947166e-9,1.6345423854548787e-8,0.00038377804239143177,0,0,0,0,0,0,0,0,0,0,0,3.900084069898041e-12,0,0,0,1.027558857611277e-7,0,0,0,0,0,0,0,0,0,2.4424179732968076e-7,0,0,8.539612870512321e-12,2.832705372553388e-7,0,0,0,0,0.00038380339675208425,6.302806600430878e-7,0.00038443367741212737
0.8130000000000001,9.020031564514965e-9,1.7384658886234545e-8,0.0003842845309295741,0,0,0,0,0,0,0,0,0,0,0,4.179812720470347e-12,0,0,0,1.0581922342415873e-7,0,0,0,0,0,0,0,0,0,2.551156019287733e-7,0,0,9.148193736144592e-12,2.8620641577826704e-7,0,0,0,0,0.0003843109356200248,6.471545691376556e-7,0.0003849580901891625
0.8140000000000001,9.031126331062111e-9,1.8480344861086512e-8,0.00038479097493221247,0,0,0,0,0,0,0,0,0,0,0,4.478894898334565e-12,0,0,0,1.0896745510190773e-7,0,0,0,0,0,0,0,0,0,2.664605930888147e-7,0,0,9.79862902254373e-12,2.892201460501598e-7,0,0,0,0,0.00038481848640340463,6.646624717648031e-7,0.00038548314887516946
0.8150000000000001,9.042221097588691e-9,1.9634770861515536e-8,0.00038529737457496316,0,0,0,0,0,0,0,0,0,0,0,4.798641237167895e-12,0,0,0,1.1221595858828506e-7,0,0,0,0,0,0,0,0,0,2.78297562796334e-7,0,0,1.0493738062757193e-11,2.9214993260716396e-7,0,0,0,0,0.00038532605156692224,6.826787463710828e-7,0.0003860087303132933
0.8160000000000001,9.053315864094774e-9,2.0850323189046003e-8,0.00038580373003250384,0,0,0,0,0,0,0,0,0,0,0,5.140450703875334e-12,0,0,0,1.1550387030306716e-7,0,0,0,0,0,0,0,0,0,2.9064826910203443e-7,0,0,1.1236529348825364e-11,2.9519871075894674e-7,0,0,0,0,0.000385833633671557,7.01367227144101e-7,0.0003865350008987011
0.8170000000000001,9.064410630580437e-9,2.2129489975259703e-8,0.0003863100414785819,0,0,0,0,0,0,0,0,0,0,0,5.505816629999335e-12,0,0,0,1.1894532253521703e-7,0,0,0,0,0,0,0,0,0,3.035354845860253e-7,0,0,1.2030213400701743e-11,2.981956008910915e-7,0,0,0,0,0.00038634123537918777,7.206939440423644e-7,0.00038706192932323015
0.8180000000000001,9.075505397045755e-9,2.34748660407418e-8,0.0003868163090860197,0,0,0,0,0,0,0,0,0,0,0,5.896333167731888e-12,0,0,0,1.2247505583609622e-7,0,0,0,0,0,0,0,0,0,3.169830475065676e-7,2.4648364923673066e-12,0,1.2878216538605564e-11,3.0129951943490656e-7,0,0,0,0,0.0003868488594574575,7.407788621637691e-7,0.00038758963831962126
0.8190000000000001,9.086600163490803e-9,2.4889158017070354e-8,0.000387322533026721,0,0,0,0,0,0,0,0,0,0,0,6.313702201831747e-12,0,0,0,1.2616218408821816e-7,0,0,0,0,0,0,0,0,0,3.310159157982571e-7,1.054444712837699e-11,0,1.3784195625272315e-11,3.0444504631709e-7,0,0,0,0,0.0003873565087849016,7.616537885485207e-7,0.0003881181625734501
0.8200000000000001,9.097694929915655e-9,2.6375189747908483e-8,0.0003878287134716777,0,0,0,0,0,0,0,0,0,0,0,6.759740751194272e-12,0,0,0,1.299448522294146e-7,0,0,0,0,0,0,0,0,0,3.4566022409696447e-7,2.5367660556819332e-11,0,1.4752053849749887e-11,3.076294738941858e-7,0,0,0,0,0.0003878641863563555,7.832814296757227e-7,0.0003886474677860312
0.8210000000000001,9.108789696320383e-9,2.7935907986361737e-8,0.00038833485059097466,0,0,0,0,0,0,0,0,0,0,0,7.236388896473298e-12,0,0,0,1.338693627631005e-7,0,0,0,0,0,0,0,0,0,3.609433439812311e-7,4.813183621361901e-11,0,1.5785957630014333e-11,3.1088477041122474e-7,0,0,0,0,0.0003883718952886573,8.057686313382965e-7,0.00038917766391999563
0.8220000000000001,9.119884462705066e-9,2.957438840693881e-8,0.0003888409445537977,0,0,0,0,0,0,0,0,0,0,0,7.745718273024933e-12,0,0,0,1.378318949095934e-7,0,0,0,0,0,0,0,0,0,3.768939476329446e-7,8.031288656963349e-11,0,1.6890354717762783e-11,3.1418975660284663e-7,0,0,0,0,0.00038887963882666736,8.290205481049451e-7,0.0003897086593747723
0.8230000000000001,9.13097922906977e-9,3.129384195172887e-8,0.0003893469955284379,0,0,0,0,0,0,0,0,0,0,0,8.289941171561333e-12,0,0,0,1.4200549507433405e-7,0,0,0,0,0,0,0,0,0,3.935420751344861e-7,1.2344603353633044e-10,0,1.8069993595351198e-11,3.175198693059757e-7,0,0,0,0,0.0003893874203496187,8.53217245483099e-7,0.0003902406375951018
0.8240000000000001,9.142073995414574e-9,3.3097621531776355e-8,0.0003898530036822983,0,0,0,0,0,0,0,0,0,0,0,8.871420292280781e-12,0,0,0,1.46268992081855e-7,0,0,0,0,0,0,0,0,0,4.1091920563482404e-7,1.7920065320511116e-10,0,1.9329944262000482e-11,3.209101655724793e-7,0,0,0,0,0.0003898952433778255,8.783057653069178e-7,0.0003907735491431324
0.8250000000000001,9.153168761739543e-9,3.4989229106111814e-8,0.00039035896918190015,0,0,0,0,0,0,0,0,0,0,0,9.49267920190868e-12,0,0,0,1.5064270960436165e-7,0,0,0,0,0,0,0,0,0,4.290583326336792e-7,2.4963582593803873e-10,0,2.0675620514181674e-11,3.2434040452741315e-7,0,0,0,0,0.000390403111579768,9.043212508911082e-7,0.0003913074328306591
0.8260000000000001,9.164263528044758e-9,3.6972323162486094e-8,0.00039086489219288814,0,0,0,0,0,0,0,0,0,0,0,1.0156413547073326e-11,0,0,0,1.5524483164390347e-7,0,0,0,0,0,0,0,0,0,4.4799404365070885e-7,3.36787281379926e-10,0,2.211280383352245e-11,3.2782971106640876e-7,0,0,0,0,0.0003909110287795787,9.314376428597816e-7,0.0003918424664224385
0.8270000000000001,9.175358294330282e-9,3.9050726625573055e-8,0.000391370772880037,0,0,0,0,0,0,0,0,0,0,0,1.0865503081759794e-11,0,0,0,1.5994734971803723e-7,0,0,0,0,0,0,0,0,0,4.677626045659744e-7,4.430649181901225e-10,6.5781798146366096e-12,2.364766900476177e-11,3.313587541414758e-7,0,0,0,0,0.00039141899896495686,9.595528646955786e-7,0.0003923785518296524
0.8280000000000001,9.186453060596192e-9,4.12284352202555e-8,0.0003918766114072562,0,0,0,0,0,0,0,0,0,0,0,1.1623024571302405e-11,0,0,0,1.6490403846129307e-7,0,0,0,0,0,0,0,0,0,4.884020489387981e-7,5.708545671278349e-10,3.278807427382138e-11,2.5286811596243316e-11,3.3493019271271084e-7,0,0,0,0,0.00039192702629553707,9.888768325903712e-7,0.00039291590312812743
0.8290000000000001,9.197547826842559e-9,4.350962631961512e-8,0.0003923824079375971,0,0,0,0,0,0,0,0,0,0,0,1.2432265640482032e-11,0,0,0,1.6988334582200362e-7,0,0,0,0,0,0,0,0,0,5.099522726346802e-7,7.231745107489887e-10,8.254494707059252e-11,2.7037277446276144e-11,3.3864364931203097e-7,0,0,0,0,0.00039243511511174355,0.000001019324456769621,0.00039345443956851316
0.8300000000000001,9.208642593069451e-9,4.589866830939991e-8,0.00039288816263325716,0,0,0,0,0,0,0,0,0,0,0,1.3296739638872722e-11,0,0,0,1.751145764217687e-7,0,0,0,0,0,0,0,0,0,5.32455134114205e-7,9.031448744163338e-10,1.600931298334129e-10,2.890659431050561e-11,3.424007901256987e-7,0,0,0,0,0.0003929432699441596,0.0000010510759419998714,0.0003939943458861595
0.8310000000000001,9.219737359276939e-9,4.8400130503088534e-8,0.0003933938756555872,0,0,0,0,0,0,0,0,0,0,0,1.422020160263478e-11,0,0,0,1.804806714622771e-7,0,0,0,0,0,0,0,0,0,5.559545607643086e-7,1.1143439605018116e-9,2.697621845863752e-10,3.0902805838253965e-11,3.461417092485651e-7,0,0,0,0,0.00039345149552344954,0.0000010840061706276798,0.00039453550169407724
0.8320000000000001,9.230832125465094e-9,5.1018793644189076e-8,0.0003938995471650955,0,0,0,0,0,0,0,0,0,0,0,1.5206665398560495e-11,0,0,0,1.860457399441464e-7,0,0,0,0,0,0,0,0,0,5.806079221922397e-7,1.3599117355965874e-9,4.1714804946214923e-10,3.303450805979767e-11,3.5006628060213583e-7,0,0,0,0,0.00039395979679086515,0.0000011185452436970392,0.00039507834203456217
0.8330000000000001,9.241926891633982e-9,5.375966103515421e-8,0.00039440517732145436,0,0,0,0,0,0,0,0,0,0,0,1.626042214337007e-11,0,0,0,1.9186031560406745e-7,0,0,0,0,0,0,0,0,0,6.064202224210597e-7,1.6436003956254292e-9,6.079004488122871e-10,3.531088858177485e-11,3.5397211298855195e-7,0,0,0,0,0.00039446817890938116,0.000001154555723168842,0.00039562273463255
0.8340000000000001,9.253021657783678e-9,5.66279703352521e-8,0.00039491076628350534,0,0,0,0,0,0,0,0,0,0,0,1.738605999910186e-11,0,0,0,1.9777181643497675e-7,0,0,0,0,0,0,0,0,0,6.331293168542602e-7,1.9726004389170418e-9,8.483706275567989e-10,3.774176870454041e-11,3.580104443140559e-7,0,0,0,0,0.0003949766472754984,0.0000011917876764984704,0.00039616843495199686
0.8350000000000001,9.264116423914247e-9,5.962920607294293e-8,0.00039541631420926445,0,0,0,0,0,0,0,0,0,0,0,1.8588485453998404e-11,0,0,0,2.040406537157529e-7,0,0,0,0,0,0,0,0,0,6.608366137681073e-7,2.349557290980733e-9,1.1451819059590447e-9,4.0337648693402733e-11,3.621079160670575e-7,0,0,0,0,0.0003954852075317613,0.000001230538848882005,0.00039671574638064334
0.8360000000000001,9.275211190025755e-9,6.276911292179888e-8,0.00039592182125592793,0,0,0,0,0,0,0,0,0,0,0,1.9872946207635688e-11,0,0,0,2.1034210822471764e-7,0,0,0,0,0,0,0,0,0,6.903868777593941e-7,2.780935875716997e-9,1.5069831893048362e-9,4.310975645548865e-11,3.662506513044885e-7,0,0,0,0,0.00039599386558003975,0.000001271330539056285,0.000397265196119096
0.8370000000000001,9.286305956118283e-9,6.605370979277396e-8,0.0003964272875798777,0,0,0,0,0,0,0,0,0,0,0,2.124505578924188e-11,0,0,0,2.1700808093697073e-7,0,0,0,0,0,0,0,0,0,7.208979332198984e-7,3.270400911823609e-9,1.942018100639442e-9,4.607009989554318e-11,3.704826634329809e-7,0,0,0,0,0.0003965026275956266,0.000001313668411757998,0.00039781629600738457
0.8380000000000001,9.297400722191884e-9,6.948930479973984e-8,0.00039693271333668634,0,0,0,0,0,0,0,0,0,0,0,2.2710820049311794e-11,0,0,0,2.237920746384399e-7,0,0,0,0,0,0,0,0,0,7.52829792136112e-7,3.828368870692688e-9,2.4585538527497704e-9,4.923152324764034e-11,3.7483356017595646e-7,0,0,0,0,0.0003970115000422083,0.0000013578142920172478,0.0003983693143342255
0.8390000000000001,9.308495488246633e-9,7.308251115965504e-8,0.00039743809868112286,0,0,0,0,0,0,0,0,0,0,0,2.427666567680474e-11,0,0,0,2.3091065012909563e-7,0,0,0,0,0,0,0,0,0,7.860294909579171e-7,4.457519113933343e-9,3.06879025732259e-9,5.2607767705558047e-11,3.792925210251476e-7,0,0,0,0,0.00039752048968777075,0.0000014038358559167986,0.00039892432554368754
0.8400000000000001,9.319590254282596e-9,7.68402640935819e-8,0.0003979434437671573,0,0,0,0,0,0,0,0,0,0,0,2.5949470907571604e-11,0,0,0,2.3828416066972432e-7,0,0,0,0,0,0,0,0,0,8.209204662666355e-7,5.169890427270802e-9,3.7820562546576564e-9,5.621353670283597e-11,3.83866219806196e-7,0,0,0,0,0.00039802960362150515,0.0000014521049564320948,0.00039948170857793724
0.8410000000000001,9.330685020299841e-9,8.076983880003384e-8,0.00039844874874796665,0,0,0,0,0,0,0,0,0,0,0,2.77365986042487e-11,0,0,0,2.457574563320045e-7,0,0,0,0,0,0,0,0,0,8.575587170021435e-7,5.9707920097761185e-9,4.610593558486515e-9,6.006456622445782e-11,3.88458696202071e-7,0,0,0,0,0.000398538849271787,0.0000015024440562693103,0.0004000412933280563
0.8420000000000001,9.341779786298434e-9,8.487886957787321e-8,0.0003989540137759399,0,0,0,0,0,0,0,0,0,0,0,2.964593190386737e-11,0,0,0,2.537088033987767e-7,0,0,0,0,0,0,0,0,0,8.9543722424235e-7,6.8690045521455344e-9,5.572148831864427e-9,6.41777005659834e-11,3.9320943567377456e-7,0,0,0,0,0.0003990482344253041,0.000001554890440331381,0.0004006031248656355
0.843,9.352874552278434e-9,8.91753701822324e-8,0.0003994592390026823,0,0,0,0,0,0,0,0,0,0,0,3.168591264697095e-11,0,0,0,2.6189205648658355e-7,0,0,0,0,0,0,0,0,0,9.354607737701124e-7,7.87673252009009e-9,6.678180567901598e-9,6.85709739930569e-11,3.981297187545821e-7,0,0,0,0,0.0003995577672474168,0.0000016101377189859098,0.0004011679049664027
0.844,9.363969318239924e-9,9.366775550374263e-8,0.00039996442457902227,0,0,0,0,0,0,0,0,0,0,0,3.386558282126748e-11,0,0,0,2.7027127159941213e-7,0,0,0,0,0,0,0,0,0,9.7683077445865e-7,9.006136167079492e-9,7.947525011298783e-9,7.32636987950112e-11,4.0313530351378287e-7,0,0,0,0,0.00040006745630384425,0.0000016672981400318397,0.0004017347544438761
0.845,9.375064084182952e-9,9.836486466877867e-8,0.00040046957065501427,0,0,0,0,0,0,0,0,0,0,0,3.619462927396662e-11,0,0,0,2.790617559334208e-7,0,0,0,0,0,0,0,0,0,0.0000010206246466110352,1.0264874477578498e-8,9.387872124907141e-9,7.827656027091181e-11,4.082795441150231e-7,0,0,0,0,0.00040057731058376725,0.0000017277331644515099,0.00040230504374821874
0.846,9.386158850107595e-9,1.0327598566656374e-7,0.00040097467737994555,0,0,0,0,0,0,0,0,0,0,0,3.8683431970160125e-11,0,0,0,2.88179190898444e-7,0,0,0,0,0,0,0,0,0,0.000001066029865560645,1.1664661854702286e-8,1.1024085140893924e-8,8.363171923555209e-11,4.1349316021114796e-7,0,0,0,0,0.0004010873395244622,0.0000017905132788170388,0.0004028778528032792
0.847,9.397253616013915e-9,1.0841088161781932e-7,0.00040147974490234044,0,0,0,0,0,0,0,0,0,0,0,4.134311610009433e-11,0,0,0,2.975978435532157e-7,0,0,0,0,0,0,0,0,0,0.0000011135567352730268,1.3228496076927172e-8,1.28900755811073e-8,8.935292268684606e-11,4.1892889309396037e-7,0,0,0,0,0.00040159755303757424,0.0000018563327396170243,0.00040345388577719125
0.848,9.408348381901977e-9,1.1377981880935028e-7,0.0004019847733699651,0,0,0,0,0,0,0,0,0,0,0,4.418560836622554e-11,0,0,0,3.07450413837288e-7,0,0,0,0,0,0,0,0,0,0.0000011635007644021784,1.4964314056746107e-8,1.499894366344801e-8,9.546562333542096e-11,4.244280004118071e-7,0,0,0,0,0.00040210796153715634,0.000001925482087603169,0.0004040334436247595
0.849,9.419443147771845e-9,1.1939359662956693e-7,0.0004024897629298325,0,0,0,0,0,0,0,0,0,0,0,4.7223697811843535e-11,0,0,0,3.1762876805317037e-7,0,0,0,0,0,0,0,0,0,0.0000012159855264656774,1.6893872768439693e-8,1.7375434614656848e-8,1.01997108762542e-10,4.3013862362949254e-7,0,0,0,0,0.00040261857596960983,0.000001998171446338011,0.0004046167474159478
0.85,9.430537913623579e-9,1.2526357955153797e-7,0.000402994713728208,0,0,0,0,0,0,0,0,0,0,0,5.0471101587026335e-11,0,0,0,3.2805689570249e-7,0,0,0,0,0,0,0,0,0,0.0000012704102848490489,1.900890508541078e-8,2.0046093842878257e-8,1.0897664104447705e-10,4.3597529835860125e-7,0,0,0,0,0.00040312940784567315,0.0000020736569255810604,0.0004052030647712542
0.851,9.44163267945725e-9,1.3140173132291903e-7,0.00040349962591061314,0,0,0,0,0,0,0,0,0,0,0,5.394253608520591e-11,0,0,0,3.3901650652345075e-7,0,0,0,0,0,0,0,0,0,0.0000013272896345254519,2.1358275440803222e-8,2.3042391649554307e-8,1.164356077606873e-10,4.420468695909762e-7,0,0,0,0,0.0004036404692746155,0.0000021529240558740824,0.0004057933933304896
0.852,9.45272744527292e-9,1.3782065153604237e-7,0.0004040044996218309,0,0,0,0,0,0,0,0,0,0,0,5.765379392495096e-11,0,0,0,3.505985385324873e-7,0,0,0,0,0,0,0,0,0,0.0000013874973659351268,2.3961885987085444e-8,2.640735872726115e-8,1.244076853907786e-10,4.48206835401115e-7,0,0,0,0,0.00040415177300081223,0.0000022368540460623913,0.00040638862704687464
0.853,9.463822211070649e-9,1.4453361476679433e-7,0.0004045093350059107,0,0,0,0,0,0,0,0,0,0,0,6.162182729725264e-11,0,0,0,3.6234702363507927e-7,0,0,0,0,0,0,0,0,0,0.0000014498401973030691,2.6838905223887228e-8,3.014472489356574e-8,1.3292901620169646e-10,4.5464969886965336e-7,0,0,0,0,0.0004046633324428886,0.000002324015100768754,0.00040698734754365736
0.854,9.474916976850502e-9,1.515546124877159e-7,0.0004050141322061727,0,0,0,0,0,0,0,0,0,0,0,6.586483824903467e-11,0,0,0,3.7473702115861324e-7,0,0,0,0,0,0,0,0,0,0.000001515891569088443,2.999560801473147e-8,3.4339069451291e-8,1.4203839983338216e-10,4.612817245674632e-7,0,0,0,0,0.0004051751617356373,0.0000024164528955186243,0.0004075916146311559
0.855,9.48601174261254e-9,1.5889839797929953e-7,0.0004055188913652125,0,0,0,0,0,0,0,0,0,0,0,7.040237652940134e-11,0,0,0,3.8756185242354035e-7,0,0,0,0,0,0,0,0,0,0.0000015841939037514002,3.349202996438957e-8,3.901095180245613e-8,1.5177750090915847e-10,4.6812008016812896e-7,0,0,0,0,0.0004056872757749344,0.0000025126009979873537,0.0004081998767729218
0.856,9.49710650835683e-9,1.6658053448380797e-7,0.000406023612624906,0,0,0,0,0,0,0,0,0,0,0,7.525544568686242e-11,0,0,0,4.0079020228208243e-7,0,0,0,0,0,0,0,0,0,0.0000016560539212037004,3.734093021040392e-8,4.4198429376013083e-8,1.6219107412763322e-10,4.751364880208264e-7,0,0,0,0,0.00040619969026589814,0.0000026137574176128405,0.000408813447683511
0.857,9.508201274083433e-9,1.7461744686838343e-7,0.0004065282961264142,0,0,0,0,0,0,0,0,0,0,0,8.044661817417995e-11,0,0,0,4.146742420451908e-7,0,0,0,0,0,0,0,0,0,0.0000017315892284305925,4.155878460491497e-8,4.995060361887686e-8,1.733272084376224e-10,4.824567600301504e-7,0,0,0,0,0.0004067124217745567,0.000002720483392556337,0.000409432905167113
0.858,9.519296039792404e-9,1.83026477088962e-7,0.0004070329420101867,0,0,0,0,0,0,0,0,0,0,0,8.60001602932781e-11,0,0,0,4.2893093176612145e-7,0,0,0,0,0,0,0,0,0,0.0000018104382973071426,4.6205496912159704e-8,5.633800518193297e-8,1.8523759205792015e-10,4.900097079383306e-7,0,0,0,0,0.00040722548778331547,0.0000028321936768580386,0.0004100576814601735
0.859,9.530390805483816e-9,1.9182594377379283e-7,0.0004075375504159679,0,0,0,0,0,0,0,0,0,0,0,9.194216789676828e-11,0,0,0,4.438023809701274e-7,0,0,0,0,0,0,0,0,0,0.000001893060528118381,5.131487176910311e-8,6.342910397433802e-8,1.9797780028164719e-10,4.978862740259808e-7,0,0,0,0,0.00040773890675054714,0.0000029497830788261086,0.00041068868982937324
0.86,9.541485571157716e-9,2.0103520627552953e-7,0.00040804212148279947,0,0,0,0,0,0,0,0,0,0,0,9.830071385609593e-11,0,0,0,4.597467819334794e-7,0,0,0,0,0,0,0,0,0,0.0000019805942796525883,5.688954086154158e-8,7.127561704921494e-8,2.116076082024888e-10,5.059708054642404e-7,0,0,0,0,0.00040825269817464614,0.000003074786933283123,0.00041132748510792926
0.861,9.55258033681418e-9,2.106747335741949e-7,0.0004085466553490274,0,0,0,0,0,0,0,0,0,0,0,1.0510600841011846e-10,0,0,0,4.757454689145899e-7,0,0,0,0,0,0,0,0,0,0.000002070844884871123,6.30230280571582e-8,7.991396726872898e-8,2.2619133071974994e-10,5.142961771306266e-7,0,0,0,0,0.0004087668826629384,0.0000032041548235813567,0.00041197103748651976
0.862,9.563675102453257e-9,2.2076617845020605e-7,0.00040905115215230346,0,0,0,0,0,0,0,0,0,0,0,1.1239057362349546e-10,0,0,0,4.926313330556585e-7,0,0,0,0,0,0,0,0,0,0.000002167163303797848,6.968750767751388e-8,8.944770592273142e-8,2.41798192423484e-10,5.231227114163668e-7,0,0,0,0,0.0004092814820058561,0.0000033424067506361655,0.00041262388875649227
0.863,9.57476986807501e-9,2.3133245738754617e-7,0.0004095556120295922,0,0,0,0,0,0,0,0,0,0,0,1.2018943331293145e-10,0,0,0,5.102802925298135e-7,0,0,0,0,0,0,0,0,0,0.000002267946167830503,7.7062445394928e-8,1.0001184387139795e-7,2.585027302330792e-10,5.321756906403115e-7,0,0,0,0,0.0004097965192568478,0.0000034878551324305,0.0004132843743892783
0.864,9.585864633679508e-9,2.4239783671245724e-7,0.0004100600351171737,0,0,0,0,0,0,0,0,0,0,0,1.285403199427836e-10,0,0,0,5.285053059559897e-7,0,0,0,0,0,0,0,0,0,0.000002372897168771582,8.511728480173286e-8,1.1163200780657161e-7,2.7638523196589607e-10,5.416458352562697e-7,0,0,0,0,0.00041031201881851985,0.0000036402025281440546,0.0004139522213466639
0.865,9.596959399266802e-9,2.539880255233903e-7,0.0004105644215506483,0,0,0,0,0,0,0,0,0,0,0,1.3748390015157457e-10,0,0,0,5.478499902447986e-7,0,0,0,0,0,0,0,0,0,0.000002482916767637668,9.390987467085375e-8,1.2443177740895907e-7,2.955322143512282e-10,5.513831956968396e-7,0,0,0,0,0.000410828006535571,0.000003800924621773621,0.0004146289311573446
0.866,9.608054164836949e-9,2.6613027602381307e-7,0.00041106877146494103,0,0,0,0,0,0,0,0,0,0,0,1.470640207498037e-10,0,0,0,5.675900661544722e-7,0,0,0,0,0,0,0,0,0,0.0000025983482790007438,1.0346108275875839e-7,1.3855424195774062e-7,3.1603694438263485e-10,5.616623741418015e-7,0,0,0,0,0.0004113445097951297,0.000003970079144978649,0.00041531458894010834
0.867,9.619148930390018e-9,2.788534919317382e-7,0.00041157308499430623,0,0,0,0,0,0,0,0,0,0,0,1.5732797722939495e-10,0,0,0,5.886261045995164e-7,0,0,0,0,0,0,0,0,0,0.000002721129155345334,1.1399542668408835e-7,1.5389852390079798e-7,3.3800000832462137e-10,5.724300042787185e-7,0,0,0,0,0.00041186155763516837,0.000004150574542794009,0.00041601213217796237
0.868,9.630243695926059e-9,2.92188345709047e-7,0.00041207736227233085,0,0,0,0,0,0,0,0,0,0,0,1.6832680704882876e-10,0,0,0,6.102023079050593e-7,0,0,0,0,0,0,0,0,0,0.0000028489044073810403,1.254516052437753e-7,1.70934610896965e-7,3.615299331627537e-10,5.835170852092414e-7,0,0,0,0,0.00041237918086173584,0.0000043395398733762925,0.0004167187207351121
0.869,9.641338461445135e-9,3.06167405430987e-7,0.00041258160343193905,0,0,0,0,0,0,0,0,0,0,0,1.8011561020899732e-10,0,0,0,6.331903167142624e-7,0,0,0,0,0,0,0,0,0,0.000002983683815107589,1.3799691080273003e-7,1.8947716303490393e-7,3.8674386581640126e-10,5.950780130573082e-7,0,0,0,0,0.00041289741217583146,0.000004539993078192819,0.0004174374052540243
0.87,9.652433226947308e-9,3.208252722024061e-7,0.0004130858086053974,0,0,0,0,0,0,0,0,0,0,0,1.9275389991600432e-10,0,0,0,6.56621353416829e-7,0,0,0,0,0,0,0,0,0,0.0000031240552965081134,1.5171648328999453e-7,2.0994762194519514e-7,4.1376831602830844e-10,6.073357536087343e-7,0,0,0,0,0.00041341628631082677,0.000004750283030984811,0.0004181665693418116
0.871,9.663527992432632e-9,3.3619872912365273e-7,0.0004135899779243168,0,0,0,0,0,0,0,0,0,0,0,2.0630598644327296e-10,0,0,0,6.815425888587913e-7,0,0,0,0,0,0,0,0,0,0.0000032722265773665166,1.6657527536557004e-7,2.3242220691732773e-7,4.4273996951294637e-10,6.199536597785777e-7,0,0,0,0,0.0004139358401814329,0.00000497336935424274,0.0004189092095356756
0.872,9.674622757901163e-9,3.5232690291691366e-7,0.00041409411151965896,0,0,0,0,0,0,0,0,0,0,0,2.2084139766063636e-10,0,0,0,7.071734362043116e-7,0,0,0,0,0,0,0,0,0,0.0000034301730834604027,1.8278394549357768e-7,2.569269433505842e-7,4.73806578697049e-10,6.332493876562651e-7,0,0,0,0,0.0004144561130453338,0.0000052110014441415,0.0004196671144894753
0.873,9.68571752335296e-9,3.6925143944452314e-7,0.0004145982095217385,0,0,0,0,0,0,0,0,0,0,0,2.364353400981503e-10,0,0,0,7.344007648991936e-7,0,0,0,0,0,0,0,0,0,0.000003592456273360795,2.0054370035454054e-7,2.839372129853982e-7,5.071279392309945e-10,6.472527138393148e-7,0,0,0,0,0.0004149771466787064,0.0000054593342287185716,0.000420436480907425
0.874,9.696812288788087e-9,3.8701669448629724e-7,0.0004151022720602286,0,0,0,0,0,0,0,0,0,0,0,2.531692048632525e-10,0,0,0,7.629231821727067e-7,0,0,0,0,0,0,0,0,0,0.0000037662526253129874,2.1992360737917952e-7,3.135350378986405e-7,5.428769614030653e-10,6.617546946914317e-7,0,0,0,0,0.0004154989855670037,0.000005725185193621212,0.0004212241707606249
0.875,9.70790705420659e-9,4.0566994129512746e-7,0.0004156062992641635,0,0,0,0,0,0,0,0,0,0,0,2.71131123238968e-10,0,0,0,7.927598612750417e-7,0,0,0,0,0,0,0,0,0,0.000003947102799798948,2.4095612470741415e-7,3.4582885180609906e-7,5.812408466639862e-10,6.771044452580774e-7,0,0,0,0,0.0004160216771125128,0.000006004604454815483,0.00042202628156732825
0.876,9.719001819608538e-9,4.252615966212368e-7,0.0004161102912619439,0,0,0,0,0,0,0,0,0,0,0,2.9041657736573946e-10,0,0,0,8.235957973382399e-7,0,0,0,0,0,0,0,0,0,0.000004139463006644322,2.6396797384978327e-7,3.8114357803203134e-7,6.224223806849044e-10,6.932476113308707e-7,0,0,0,0,0.0004165452718603847,0.000006302330806153298,0.000422847602666538
0.877,9.730096584993972e-9,4.458454670882424e-7,0.00041661424818133973,0,0,0,0,0,0,0,0,0,0,0,3.1112907206046775e-10,0,0,0,8.560891188875829e-7,0,0,0,0,0,0,0,0,0,0.00000434102142897442,2.887734814320659e-7,4.198920125720544e-7,6.6664135574678e-10,7.100692334519785e-7,0,0,0,0,0.00041706982374501296,0.000006616823045745909,0.00042368664679075886
0.878,9.741191350362968e-9,4.674790180215653e-7,0.000417118170149495,0,0,0,0,0,0,0,0,0,0,0,3.333808745634615e-10,0,0,0,8.899354819111221e-7,0,0,0,0,0,0,0,0,0,0.000004553862487242738,3.1602970075547475e-7,4.6233963195534716e-7,7.141361368179489e-10,7.278205460137079e-7,0,0,0,0,0.0004175953903588669,0.000006951035364889771,0.0004245464257237567
0.879,9.752286115715567e-9,4.902236670752437e-7,0.000417622057292931,0,0,0,0,0,0,0,0,0,0,0,3.5729382984082544e-10,0,0,0,9.261295187316357e-7,0,0,0,0,0,0,0,0,0,0.000004777997525156054,3.457390096760132e-7,5.084705929832371e-7,7.651653874439106e-10,7.46602421870563e-7,0,0,0,0,0.000418122033246122,0.000007306061527634788,0.00042542809477375676
0.88,9.763380881051832e-9,5.14145105280843e-7,0.00041812590973755025,0,0,0,0,0,0,0,0,0,0,0,3.8300026002022047e-10,0,0,0,9.633851629983013e-7,0,0,0,0,0,0,0,0,0,0.000005015015686220628,3.7803185576375707e-7,5.591096393095019e-7,8.200099735825777e-10,7.663229321217636e-7,0,0,0,0,0.00041864981822371214,0.000007683068286647556,0.0004263328865103597
0.881,9.774475646371811e-9,5.393136484566743e-7,0.0004186297276086406,0,0,0,0,0,0,0,0,0,0,0,4.106439576197355e-10,0,0,0,0.0000010028984405164106,0,0,0,0,0,0,0,0,0,0.000005265389999085051,4.1323750349643527e-7,6.14405148979097e-7,8.789750658034811e-10,7.871028206805315e-7,0,0,0,0,0.00041917881573274365,0.000008084323531780948,0.0004272631392645246
0.882,9.78557041167557e-9,5.658046222723034e-7,0.0004191335110308793,0,0,0,0,0,0,0,0,0,0,0,4.4038128346216135e-10,0,0,0,0.0000010439749671991252,0,0,0,0,0,0,0,0,0,0.000005525830331409333,4.516765064796081e-7,6.743062957854109e-7,9.423924628741843e-10,8.092359598757744e-7,0,0,0,0,0.0004197091012235633,0.000008506406834495588,0.0004282155080580589
0.883,9.796665176963153e-9,5.936987846686935e-7,0.0004196372601283359,0,0,0,0,0,0,0,0,0,0,0,4.723823815739294e-10,0,0,0,0.000001087188128544672,0,0,0,0,0,0,0,0,0,0.000005804980056303137,4.931342404394338e-7,7.405321520126458e-7,1.0106231627293389e-9,8.323435813499111e-7,0,0,0,0,0.00042024075557818157,0.000008959661164194103,0.00042920041674237566
0.884,9.807759942234627e-9,6.230827897956507e-7,0.00042014097502447685,0,0,0,0,0,0,0,0,0,0,0,5.068325249761337e-10,0,0,0,0.0000011325875967907346,0,0,0,0,0,0,0,0,0,0.00000609831255708399,5.385115286312353e-7,8.127493603034577e-7,1.0840602102161137e-9,8.56962931699522e-7,0,0,0,0,0.0004207738655742147,0.000009440714867244133,0.00043021458044145884
0.885,9.81885470749004e-9,6.540496981540199e-7,0.00042064465584216857,0,0,0,0,0,0,0,0,0,0,0,5.439336081163616e-10,0,0,0,0.0000011805435380604423,0,0,0,0,0,0,0,0,0,0.00000641043820877167,5.8802267328858e-7,8.914674815457002e-7,1.1631318548996125e-9,8.828404003865358e-7,0,0,0,0,0.00042130852439503007,0.000009955019367515945,0.00043126354376254604
0.886,9.829949472729443e-9,6.866995382305803e-7,0.00042114830270368117,0,0,0,0,0,0,0,0,0,0,0,5.839058038021143e-10,0,0,0,0.0000012313431710808071,0,0,0,0,0,0,0,0,0,0.000006735757707138963,6.417802849539697e-7,9.774667904456975e-7,1.2483050566732447e-9,9.10301235665743e-7,0,0,0,0,0.0004218448321913845,0.000010498481400145656,0.00043234331359153015
0.887,9.841044237952896e-9,7.211399256002505e-7,0.000421651915730693,0,0,0,0,0,0,0,0,0,0,0,6.269894049223431e-10,0,0,0,0.0000012842027546141603,0,0,0,0,0,0,0,0,0,0.000007084252108559202,7.001083329580907e-7,0.0000010707741953773007,1.3400893820451987e-9,9.393762322845102e-7,0,0,0,0,0.00042238289670053117,0.000011080680702580232,0.0004334635774031114
0.888,9.85213900316045e-9,7.574867462571437e-7,0.0004221554950442932,0,0,0,0,0,0,0,0,0,0,0,6.73446874035974e-10,0,0,0,0.0000013399900430922028,0,0,0,0,0,0,0,0,0,0.000007453043330747914,7.641725313461591e-7,0.000001173707687325573,1.4390413398687901e-9,9.703880514330164e-7,0,0,0,0,0.0004229228339295535,0.000011703414132158768,0.00043462624806171225
0.889,9.863233768352158e-9,7.958649118393648e-7,0.000422659040764986,0,0,0,0,0,0,0,0,0,0,0,7.235651271249574e-10,0,0,0,0.0000013988102709134173,0,0,0,0,0,0,0,0,0,0.000007843068833722867,8.339073962872397e-7,0.0000012856694526803072,1.5457692120854558e-9,0.0000010030398882489663,0,0,0,0,0.0004234647689105937,0.000012366765176192009,0.0004358315340867857
0.89,9.874328533528077e-9,8.36409195451253e-7,0.0004231625530126935,0,0,0,0,0,0,0,0,0,0,0,7.77658081527614e-10,0,0,0,0.0000014609258016629769,0,0,0,0,0,0,0,0,0,0.00000825424649137189,9.096522894034837e-7,0.00000140835257333166,1.6609384429022748e-9,0.000001038083661077185,0,0,0,0,0.0004240088365366783,0.000013073699413371627,0.0004370825359500499
0.891,9.885423298688258e-9,8.792651579840229e-7,0.00042366603190676044,0,0,0,0,0,0,0,0,0,0,0,8.360695023703609e-10,0,0,0,0.000001526639162879852,0,0,0,0,0,0,0,0,0,0.000008691121996684797,9.91915765980581e-7,0.0000015421228303628681,1.7852776589138957e-9,0.000001074897257145744,0,0,0,0,0.00042455518248804314,0.000013829318360215126,0.00043838450084825826
0.892,9.896518063832753e-9,9.24590176217917e-7,0.0004241694775659565,0,0,0,0,0,0,0,0,0,0,0,8.991761868050025e-10,0,0,0,0.000001595493130832604,0,0,0,0,0,0,0,0,0,0.000009153968710020431,0.0000010817020116802443,0.0000016889000138045602,1.9195854032168303e-9,0.0000011145524022756269,0,0,0,0,0.00042510396426023825,0.00001463743503020349,0.00043974139929044175
0.893,9.90761282896162e-9,9.72554585588328e-7,0.00042467289010848075,0,0,0,0,0,0,0,0,0,0,0,9.673915311549175e-10,0,0,0,0.000001668213561472178,0,0,0,0,0,0,0,0,0,0.000009644372752708157,0.0000011800502965531899,0.0000018480910586829499,2.0647376788059723e-9,0.0000011565105422160836,0,0,0,0,0.00042565535230689805,0.000015500270340842517,0.0004411556226477406
0.894,9.9187075940749e-9,0.0000010233429523524713,0.0004251762696519643,0,0,0,0,0,0,0,0,0,0,0,1.0411695328218001e-9,0,0,0,0.0000017457211367758884,0,0,0,0,0,0,0,0,0,0.000010165464073710384,0.0000012869546508990649,0.0000020221978320776514,2.221696410796187e-9,0.0000012012053330076875,0,0,0,0,0.00042620953131191085,0.000016424805892414295,0.00044263433720432514
0.895,9.929802359172656e-9,0.0000010771554920477885,0.0004256796163134745,0,0,0,0,0,0,0,0,0,0,0,1.1210092866783675e-9,0,0,0,0.0000018277803325255417,0,0,0,0,0,0,0,0,0,0.000010718681141193514,0.0000014022402263959262,0.0000022135267523584797,2.3915189536421967e-9,0.0000012493931365801796,0,0,0,0,0.00042676670160788147,0.00001741513411729396,0.0004441818357251754
0.896,9.940897124254939e-9,0.0000011342096536422359,0.00042618293020951797,0,0,0,0,0,0,0,0,0,0,0,1.2074600448795118e-9,0,0,0,0.0000019135527981337574,0,0,0,0,0,0,0,0,0,0.000011308213508123307,0.0000015298280738700024,0.0000024223356390770274,2.5753687889722613e-9,0.000001300796105736006,0,0,0,0,0.00042732708076028444,0.000018478508953773957,0.0004458055897140584
0.897,9.951991889321791e-9,0.0000011947418917052064,0.0004266862114560436,0,0,0,0,0,0,0,0,0,0,0,1.3011269198142983e-9,0,0,0,0.0000020056398071396884,0,0,0,0,0,0,0,0,0,0.000011937654528551099,0.0000016686027053142246,0.0000026514951117671168,2.7745275824403643e-9,0.0000013551292330507722,0,0,0,0,0.00042789090533963816,0.000019622597040325154,0.00044751350237996334
0.898,9.963086654373274e-9,0.0000012590096523545161,0.00042718946016844704,0,0,0,0,0,0,0,0,0,0,0,1.4026773225978062e-9,0,0,0,0.0000021039326439308996,0,0,0,0,0,0,0,0,0,0.000012605881720823751,0.0000018205103329693902,0.0000029011651243039137,2.990408794771831e-9,0.0000014132758478719489,0,0,0,0,0.0004284584329074559,0.000020849158756017274,0.0004493075916634732
0.899,9.97418141940944e-9,0.0000013272936027536144,0.0004276926764615729,0,0,0,0,0,0,0,0,0,0,0,1.5128482444286888e-9,0,0,0,0.0000022069828292871294,0,0,0,0,0,0,0,0,0,0.000013321813527058586,0.000001986324902114337,0.000003174868761052653,3.2245730736965444e-9,0.0000014760692647677814,0,0,0,0,0.0004290299442457459,0.00002217079670559861,0.0004512007409513445
0.9,9.985276184430332e-9,0.0000013999001386590308,0.00042819586044971894,0,0,0,0,0,0,0,0,0,0,0,1.6324545057605924e-9,0,0,0,0.0000023160611094745252,0,0,0,0,0,0,0,0,0,0.000014079094994280666,0.000002167276930928824,0.0000034755479613550443,3.4787456906800403e-9,0.0000015431793065645943,0,0,0,0,0.0004296057458645624,0.000023586271502800095,0.0004531920173673625
0.901,9.996370949436004e-9,0.0000014771642100893558,0.0004286990122466384,0,0,0,0,0,0,0,0,0,0,0,1.762398119093498e-9,0,0,0,0.0000024323894060954662,0,0,0,0,0,0,0,0,0,0.000014883086663356094,0.000002365820871912833,0.000003801458592296313,3.754836330403095e-9,0.0000016153982534599653,0,0,0,0,0.0004301861728276772,0.00002510367102157017,0.00045528984384924737
0.902,1.0007465714426509e-8,0.0000015594525117729485,0.00042920213196554434,0,0,0,0,0,0,0,0,0,0,0,1.9036789359439422e-9,0,0,0,0.0000025559328848476473,0,0,0,0,0,0,0,0,0,0.000015748669694962204,0.0000025823283747518536,0.000004161318181138274,4.054961593210078e-9,0.000001692598631013797,0,0,0,0,0.00043077159194303174,0.000026746806407242927,0.00045751839835027466
0.903,1.0018560479401895e-8,0.0000016471670928388317,0.0004297052197191123,0,0,0,0,0,0,0,0,0,0,0,2.057406778011672e-9,0,0,0,0.0000026886564261732605,0,0,0,0,0,0,0,0,0,0.000016672806823221747,0.000002818572249216714,0.000004556625108615279,4.38147063294559e-9,0.0000017764040385972714,0,0,0,0,0.0004313624053724306,0.00002851950352323523,0.0004598819088956658
0.904,1.0029655244362214e-8,0.0000017407494494969341,0.0004302082756194835,0,0,0,0,0,0,0,0,0,0,0,2.2248152877159393e-9,0,0,0,0.0000028285349568275324,0,0,0,0,0,0,0,0,0,0.000017663497398494114,0.0000030780603237038932,0.000004989778330937909,4.736974426829047e-9,0.0000018657272072436606,0,0,0,0,0.0004319590547242248,0.000030432560006921653,0.00046239161473114645
0.905,1.0040750009307516e-8,0.0000018406851755214984,0.00043071129977826836,0,0,0,0,0,0,0,0,0,0,0,2.4072777753589435e-9,0,0,0,0.000002979617873135801,0,0,0,0,0,0,0,0,0,0.000018722936679248062,0.000003362052951946379,0.000005466354661404933,5.124379262871763e-9,0.0000019627657997692374,0,0,0,0,0.00043256202570379917,0.00003250125962254265,0.0004650632853263418
0.906,1.0051844774237848e-8,0.000001947509258589674,0.000431214292306549,0,0,0,0,0,0,0,0,0,0,0,2.606325390700888e-9,0,0,0,0.0000031392870290136423,0,0,0,0,0,0,0,0,0,0.000019862911234920518,0.0000036739076470163854,0.0000059889921963326745,5.5469251370176775e-9,0.0000020681603368741503,0,0,0,0,0.00043317185340991293,0.00003474141169468509,0.00046791326510459803
0.907,1.0062939539153259e-8,0.0000020618121264127334,0.0004317172533148837,0,0,0,0,0,0,0,0,0,0,0,2.8236680075943438e-9,0,0,0,0.0000033106327957243036,0,0,0,0,0,0,0,0,0,0.00002108657100101427,0.000004017204383470713,0.000006563858627837967,6.0082298806887295e-9,0.0000021803762494887325,0,0,0,0,0.0004337891283808356,0.00003716747495542427,0.0004709566033362599
0.908,1.0074034304053806e-8,0.000002184246565722796,0.00043222018291330856,0,0,0,0,0,0,0,0,0,0,0,3.0612182838761536e-9,0,0,0,0.000003493372291350389,0,0,0,0,0,0,0,0,0,0.000022390972061571092,0.0000043932314860263866,0.000007196125565088292,6.51233999469291e-9,0.0000023026331219925193,0,0,0,0,0.0004344145035133354,0.000039785908084307246,0.00047420041159764267
0.909,1.0085129068939529e-8,0.0000023155356602839105,0.0004327230812113414,0,0,0,0,0,0,0,0,0,0,0,3.3211194479079904e-9,0,0,0,0.0000036899631552797514,0,0,0,0,0,0,0,0,0,0.000023802628342680983,0.0000048019078203123634,0.000007893292912004815,7.063789353750691e-9,0.000002433564346821099,0,0,0,0,0.00043504870200069423,0.00004263174148590067,0.0004776804434865949
0.91,1.0096223833810477e-8,0.000002456481922111495,0.0004332259483179848,0,0,0,0,0,0,0,0,0,0,0,3.605777471698832e-9,0,0,0,0.000003901453034549721,0,0,0,0,0,0,0,0,0,0.00002532043056747166,0.000005256261646975998,0.000008660654565059261,7.667667175039106e-9,0.0000025769387506731807,0,0,0,0,0.0004356925264639301,0.00004572701200937656,0.0004814195384733067
0.911,1.0107318598666705e-8,0.000002607977824178582,0.00043372878434172946,0,0,0,0,0,0,0,0,0,0,0,3.917898423128846e-9,0,0,0,0.0000041267698170787225,0,0,0,0,0,0,0,0,0,0.000026953274898743333,0.000005756631082414886,0.00000951038022837989,8.329696924040066e-9,0.000002729956520994644,0,0,0,0,0.0004363468694845067,0.000049089260142958645,0.00048543612962746534
0.912,1.0118413363508262e-8,0.0000027710179845412492,0.0004342315893905559,0,0,0,0,0,0,0,0,0,0,0,4.260531952366892e-9,0,0,0,0.000004370474662330855,0,0,0,0,0,0,0,0,0,0.000028705679820041742,0.000006310080153012743,0.00001044526549496526,9.056328174168962e-9,0.000002899527372644213,0,0,0,0,0.00043701272578846066,0.000052744344363121354,0.000489757070151582
0.913,1.0129508128335195e-8,0.000002946713302910425,0.00043473436357193947,0,0,0,0,0,0,0,0,0,0,0,4.6371220677223e-9,0,0,0,0.0000046358569670205255,0,0,0,0,0,0,0,0,0,0.00003062413203226298,0.000006918961609849503,0.000011472835840563371,9.854843859151046e-9,0.0000030837177070184583,0,0,0,0,0.00043769120638297823,0.00005674999612264172,0.00049444120250562
0.914,1.0140602893147539e-8,0.000003136307413637488,0.0004352371069928514,0,0,0,0,0,0,0,0,0,0,0,5.0515666036100316e-9,0,0,0,0.000004919192236669285,0,0,0,0,0,0,0,0,0,0.00003268527293475722,0.000007591636441067784,0.000012615495765517706,1.0733485879421097e-8,0.000003283206896454329,0,0,0,0,0.0004383835550093821,0.00006111058932694936,0.0004994941443363315
0.915,1.0151697657945357e-8,0.000003341195896952624,0.0004357398197597637,0,0,0,0,0,0,0,0,0,0,0,5.508287090544518e-9,0,0,0,0.000005224504182875848,0,0,0,0,0,0,0,0,0,0.000034913954228482956,0.000008337350782059671,0.000013881227413149062,1.170160267233445e-8,0.0000035004940105760327,0,0,0,0,0.00043909116735437424,0.00006587474050690644,0.0005049659078612807
0.916,1.0162792422728696e-8,0.0000035629487870808233,0.0004362425019786503,0,0,0,0,0,0,0,0,0,0,0,6.012311120301711e-9,0,0,0,0.000005555631521202353,0,0,0,0,0,0,0,0,0,0.00003733821867608713,0.000009161528544088378,0.00001528795227620557,1.2769823164868362e-8,0.0000037413826794703348,0,0,0,0,0.00043981561355815386,0.00007110349583133893,0.0005109191093894928
0.917,1.0173887187497598e-8,0.000003803337036732785,0.00043674515375499164,0,0,0,0,0,0,0,0,0,0,0,6.5693697796745515e-9,0,0,0,0.000005914032444811941,0,0,0,0,0,0,0,0,0,0.000039980441780482,0.000010075516114592742,0.000016847184528522345,1.3950262541221892e-8,0.000003994711586774012,0,0,0,0,0.0004405586646789119,0.00007683240608750394,0.0005173910707664158
0.918,1.0184981952252107e-8,0.000004064363749172295,0.0004372477751937755,0,0,0,0,0,0,0,0,0,0,0,7.186013331165671e-9,0,0,0,0.0000063035768062528385,0,0,0,0,0,0,0,0,0,0.0000428448271485422,0.000011090544714185848,0.000018581153228208232,1.5256766534500604e-8,0.0000042839803422637856,0,0,0,0,0.00044132232392490005,0.00008312652501931856,0.0005244488489442186
0.919,1.019607671699228e-8,0.000004348301180465235,0.0004377503663995022,0,0,0,0,0,0,0,0,0,0,0,7.869749084846451e-9,0,0,0,0.000006727229468729358,0,0,0,0,0,0,0,0,0,0.00004597982068479268,0.000012219492378332308,0.000020512301235536393,1.6705202568119554e-8,0.000004599937438056459,0,0,0,0,0.00044210886365668445,0.00009006335615710016,0.0005321722198137846
0.92,1.0207171481718155e-8,0.000004657734757325567,0.0004382529274761863,0,0,0,0,0,0,0,0,0,0,0,8.629206380561891e-9,0,0,0,0.000007188850957744462,0,0,0,0,0,0,0,0,0,0.00004939452196492283,0.000013477168113736541,0.000022664265285818658,1.8313808130252468e-8,0.000004944189081643797,0,0,0,0,0.0004429208694049936,0.00009769593841837711,0.0005406168078233708
0.921,1.0218266246429783e-8,0.000004995615665777558,0.0004387554585273591,0,0,0,0,0,0,0,0,0,0,0,9.474334847908662e-9,0,0,0,0.000007692523016136893,0,0,0,0,0,0,0,0,0,0.000053132801224448054,0.000014880653388919519,0.000025070970867322953,2.0103609399037804e-8,0.000005327717723569535,0,0,0,0,0.0004437612924593831,0.00010613424416464389,0.000549895536624027
0.922,1.0229361011127213e-8,0.0000053653239635174,0.0004392579596560727,0,0,0,0,0,0,0,0,0,0,0,1.0416643719135272e-8,0,0,0,0.00000824391794390159,0,0,0,0,0,0,0,0,0,0.00005725875493437767,0.000016451220802369632,0.00002776495168639076,2.2098926529271066e-8,0.0000057483313658548424,0,0,0,0,0.0004446335129806012,0.00011549969230314291,0.0005601332052837441
0.923,1.0240455775810483e-8,0.0000057707446825500324,0.00043976043096490106,0,0,0,0,0,0,0,0,0,0,0,1.146949205401814e-8,0,0,0,0.000008848542102670588,0,0,0,0,0,0,0,0,0,0.00006177290683121306,0.000018208958514480643,0.00003078628632767063,2.4327986409125453e-8,0.000006211915528240552,0,0,0,0,0.0004455414161032269,0.0001258644067827386,0.0005714058228859655
0.924,1.0251550540479645e-8,0.000006216360056689061,0.00044026287255594473,0,0,0,0,0,0,0,0,0,0,0,1.2648442454838335e-8,0,0,0,0.000009513095155209074,0,0,0,0,0,0,0,0,0,0.00006673799925328913,0.000020181984990129383,0.000034181702388564496,2.6823669433628948e-8,0.000006733316772924485,0,0,0,0,0.0004464894841631743,0.00013738757067200503,0.0005838770548351794
0.925,1.026264530513474e-8,0.00000670736188333193,0.0004407652845308319,0,0,0,0,0,0,0,0,0,0,0,1.3971694422450422e-8,0,0,0,0.00001024533943313926,0,0,0,0,0,0,0,0,0,0.00007224796587544577,0.00002239957566885636,0.00003800588761471218,2.962442438136924e-8,0.0000073091268186104445,0,0,0,0,0.000447482909059469,0.00015025149152956784,0.0005977344005890368
0.926,1.0273740069775821e-8,0.0000072497891831242215,0.00044126766699072287,0,0,0,0,0,0,0,0,0,0,0,1.5460618234022864e-8,0,0,0,0.000011054306363742382,0,0,0,0,0,0,0,0,0,0.00007834489037696672,0.00002490229301690475,0.000042323105649895456,3.2775395461485444e-8,0.0000079578174763659,0,0,0,0,0.00044852772991391685,0.00016463064889757071,0.0006131583788114875
0.927,1.028483483440293e-8,0.000007850697855925193,0.000441770020036311,0,0,0,0,0,0,0,0,0,0,0,1.7140416533071616e-8,0,0,0,0.000011950550919020277,0,0,0,0,0,0,0,0,0,0.00008510123455534768,0.000027731658336256013,0.00004720919888605838,3.632981891337169e-8,0.00000867670780228905,0,0,0,0,0.0004496310027270706,0.00018072282073441784,0.0006303538234614884
0.928,1.0295929599016102e-8,0.000008518371089424926,0.00044227234376782644,0,0,0,0,0,0,0,0,0,0,0,1.904094931112265e-8,0,0,0,0.000012946467237663832,0,0,0,0,0,0,0,0,0,0.0000926476017758522,0.00003093903906892991,0.00005275408667099332,4.035076445394434e-8,0.000009487412398944139,0,0,0,0,0.0004508010107868504,0.00019883399886614847,0.0006496350096529989
0.929,1.0307024363615404e-8,0.000009262582060596242,0.00044277463828503924,0,0,0,0,0,0,0,0,0,0,0,2.1197769480911037e-8,0,0,0,0.000014056682753522227,0,0,0,0,0,0,0,0,0,0.00010109216470260737,0.000034585608622436,0.000059064902113404006,4.491332117682118e-8,0.000010400994963906226,0,0,0,0,0.0004520475273699991,0.00021926646424653355,0.0006713139916165326
0.93,1.0318119128200862e-8,0.000010094924271409127,0.0004432769036872608,0,0,0,0,0,0,0,0,0,0,0,2.3653432023248267e-8,0,0,0,0.000015298553876459035,0,0,0,0,0,0,0,0,0,0.00011050134590456144,0.00003874460217790775,0.00006626995865533445,5.01073608090417e-8,0.000011429952658101072,0,0,0,0,0.00045338214607779814,0.00024231817406519606,0.0006957003201429942
0.931,1.0329213892772526e-8,0.000011029230102799533,0.00044377914007334755,0,0,0,0,0,0,0,0,0,0,0,2.64591615265286e-8,0,0,0,0.000016693621292148307,0,0,0,0,0,0,0,0,0,0.00012111741915144126,0.000043504190153000356,0.0000745238039103385,5.6041057306764715e-8,0.000012597897180330772,0,0,0,0,0.00045481869939003987,0.0002685194319060925,0.0007233381312961324
0.932,1.0340308657330443e-8,0.000012082105478715801,0.0004442813475417027,0,0,0,0,0,0,0,0,0,0,0,2.9676993475060532e-8,0,0,0,0.000018265193617613535,0,0,0,0,0,0,0,0,0,0.00013316417353430727,0.000048960767690269995,0.00008401371103557499,6.284540620359801e-8,0.00001392391339613462,0,0,0,0,0.0004563737933290758,0.0002984202816735791,0.000754794075002655
0.933,1.0351403421874653e-8,0.000013273618835491998,0.0004447835261902802,0,0,0,0,0,0,0,0,0,0,0,3.338254783502359e-8,0,0,0,0.00002004408788430927,0,0,0,0,0,0,0,0,0,0.00014676894142010062,0.0000552639544180668,0.00009496808914217165,7.068007825784539e-8,0.00001544589854440681,0,0,0,0,0.0004580674964291941,0.00033259503403514805,0.0007906625304643421
0.934,1.0362498186405201e-8,0.000014628197297306906,0.0004452856761165856,0,0,0,0,0,0,0,0,0,0,0,3.766865532927232e-8,0,0,0,0.000022068709472985267,0,0,0,0,0,0,0,0,0,0.00016230958348325736,0.00006256436228461568,0.00010766748217851245,7.974107242426182e-8,0.000017185568636376344,0,0,0,0,0.0004599242359120789,0.00037191311578350065,0.0008318373516955795
0.935,1.0373592950922135e-8,0.000016175804224248388,0.00044578779741768056,0,0,0,0,0,0,0,0,0,0,0,4.265014650580434e-8,0,0,0,0.000024380579444706854,0,0,0,0,0,0,0,0,0,0.00018002432409733958,0.00007103907766669387,0.00012247190187835376,9.027082245566332e-8,0.000019197383826746647,0,0,0,0,0.00046197397523487985,0.00041724618788280217,0.000879220163117682
0.936,1.0384687715425497e-8,0.000017953503490423584,0.00044628989019018334,0,0,0,0,0,0,0,0,0,0,0,4.8470245703038873e-8,0,0,0,0.000027036903706663372,0,0,0,0,0,0,0,0,0,0.0002004672177429005,0.0000809731392916203,0.00013979089521233066,1.025716899270086e-7,0.0000215316581615994,0,0,0,0,0.00046425377836832235,0.00046995085605074425,0.0009342046344190667
0.937,1.0395782479915328e-8,0.000020007562303282773,0.0004467919545302733,0,0,0,0,0,0,0,0,0,0,0,5.5309209219361634e-8,0,0,0,0.00003011136363474111,0,0,0,0,0,0,0,0,0,0.0002242756003019141,0.00009274873688599782,0.0001601812909509821,1.170241925233511e-7,0.000024245006533391777,0,0,0,0,0.00046680991261603596,0.0005317343317087696,0.0009985442443248055
0.9380000000000001,1.0406877244391667e-8,0.00002239631471827596,0.0004472939905336919,0,0,0,0,0,0,0,0,0,0,0,6.339614654106762e-8,0,0,0,0.000033683421998174004,0,0,0,0,0,0,0,0,0,0.00025184773679254546,0.00010659372913200583,0.00018433690889077642,1.341119483840811e-7,0.00002744607505517642,0,0,0,0,0.00046970071212921224,0.0006041053799636032,0.0010738060920928154
0.9390000000000001,1.0417972008854572e-8,0.00002519411646217936,0.0004477959982957465,0,0,0,0,0,0,0,0,0,0,0,7.302542677121e-8,0,0,0,0.000037844947474629805,0,0,0,0,0,0,0,0,0,0.0002843346630475276,0.00012306415657699764,0.00021310807174899232,1.544562946714357e-7,0.00003121394160438541,0,0,0,0,0.0004730005327299347,0.0006897932621739754,0.0011627937949039101
0.9400000000000001,1.0429066773304074e-8,0.000028496892242033633,0.00044829797791131145,0,0,0,0,0,0,0,0,0,0,0,8.457980321349478e-8,0,0,0,0.000042784029550105075,0,0,0,0,0,0,0,0,0,0.00032261483359469055,0.00014287512586452306,0.0002477312518114493,1.788650802556108e-7,0.00003570876516888297,0,0,0,0,0.00047680529922011837,0.00079197745087312,0.0012687827500932384
0.9410000000000001,1.0440161537740211e-8,0.00003243005082133983,0.00044879992947483184,0,0,0,0,0,0,0,0,0,0,0,9.85635671136964e-8,0,0,0,0.00004868325980993253,0,0,0,0,0,0,0,0,0,0.00036853628145552104,0.00016688464064133687,0.00028984649674388053,2.0840261757630597e-7,0.000041118160897708434,0,0,0,0,0.0004812404204577094,0.0009153758057330693,0.0013966162261907786
0.9420000000000001,1.045125630216304e-8,0.000037159994298128594,0.0004493018530803254,0,0,0,0,0,0,0,0,0,0,0,1.1565098643618188e-7,0,0,0,0.000055763946373312664,0,0,0,0,0,0,0,0,0,0.00042372677705571743,0.00019622748756286626,0.00034123066433095546,2.4449188149593835e-7,0.000047672892216096875,0,0,0,0,0.00048647229863475614,0.001064981910406881,0.0015514542090416372
0.9430000000000001,1.0462351066572595e-8,0.000042911210512033284,0.00044980374882138487,0,0,0,0,0,0,0,0,0,0,0,1.3675858255254202e-7,0,0,0,0.00006436662647297919,0,0,0,0,0,0,0,0,0,0.0004910715859341185,0.00023256220604484935,0.00040465040920171526,2.8906699791282935e-7,0.00005574328080519621,0,0,0,0,0.0004927254216844847,0.001248819934039324,0.0017415453557238086
0.9440000000000001,1.0473445830968915e-8,0.000049992264832978516,0.00045030561679118027,0,0,0,0,0,0,0,0,0,0,0,1.6315555438055394e-7,0,0,0,0.00007498986252853443,0,0,0,0,0,0,0,0,0,0.0005740064470580635,0.00027787467883356917,0.0004842148904435996,3.4480620822321514e-7,0.00006574802100987045,0,0,0,0,0.0005003083550699898,0.0014773418616362412,0.001977650216706231
0.9450000000000001,1.0484540595352049e-8,0.00005883639607719259,0.00045080745708246255,0,0,0,0,0,0,0,0,0,0,0,1.9663704967256177e-7,0,0,0,0.00008824574728522925,0,0,0,0,0,0,0,0,0,0.0006779908067879888,0.0003354319636190468,0.0005851966501115578,4.1549741269594e-7,0.00007834577477136254,0,0,0,0,0.0005096543377002505,0.0017658230770375536,0.002275477414737804
0.9460000000000001,1.0495635359722038e-8,0.00007006688368360333,0.0004513092697875638,0,0,0,0,0,0,0,0,0,0,0,2.3980445317132244e-7,0,0,0,0.00010508523535086911,0,0,0,0,0,0,0,0,0,0.0008103604696224709,0.0004097102528763561,0.0007156054899046766,5.066294650277746e-7,0.00009445745142748378,0,0,0,0,0.0005213866491065269,0.002135965333100056,0.0026573519822065826
0.9470000000000001,1.0506730124078918e-8,0.00008460605511297306,0.00045181105499840165,0,0,0,0,0,0,0,0,0,0,0,2.965349422419823e-7,0,0,0,0.00012692326931266503,0,0,0,0,0,0,0,0,0,0.0009818187172883801,0.0005072422077705928,0.0008871174025437357,6.263827149614405e-7,0.00011554894779647012,0,0,0,0,0.0005364276168414988,0.002619573462369047,0.003156001079210546
0.9480000000000001,1.0517824888422738e-8,0.00010386463038315839,0.00045231281280648067,0,0,0,0,0,0,0,0,0,0,0,3.728008121668466e-7,0,0,0,0.00015583107296654672,0,0,0,0,0,0,0,0,0,0.0012097785854609166,0.0006383414240891532,0.0011178061938934987,7.873573499509223e-7,0.00014371765588529773,0,0,0,0,0.0005561879610145275,0.0032666350904575307,0.0038228230514720583
0.9490000000000001,1.0528919652753537e-8,0.00013008679297921063,0.0004528145433028942,0,0,0,0,0,0,0,0,0,0,0,4.781694109900851e-7,0,0,0,0.000195141708292695,0,0,0,0,0,0,0,0,0,0.0015203610415992668,0.0008205016698133697,0.001437021428862067,0.0000010097373690595468,0.00018236999648754253,0,0,0,0,0.0005829118652017577,0.00415688375183499,0.004739795617036748
0.9500000000000001,1.0540014417071347e-8,0.0001670162835153546,0.00045331624657832844,0,0,0,0,0,0,0,0,0,0,0,6.287115101066723e-7,0,0,0,0.00025066853582755415,0,0,0,0,0,0,0,0,0,0.0019594154097482847,0.001079695632168479,0.0018931586445469814,0.0000013274253436321857,0.0002372534721225823,0,0,0,0,0.0006203430701081001,0.00542214783126762,0.00604249090137572
0.9510000000000001,1.0551109181376222e-8,0.00022127564697982537,0.000453817922723063,0,0,0,0,0,0,0,0,0,0,0,8.530505288011366e-7,0,0,0,0.00033211639045073867,0,0,0,0,0,0,0,0,0,0.00260477545392291,0.0014664734362604811,0.002575642471044661,0.0000018008019588753631,0.000318500157787168,0,0,0,0,0.0006751041208120697,0.007300161761953635,0.007975265882765705
0.9520000000000001,1.05622039456682e-8,0.0003054842180692379,0.0004543195718269741,0,0,0,0,0,0,0,0,0,0,0,0.0000012060988946033202,0,0,0,0.0004587868797250071,0,0,0,0,0,0,0,0,0,0.0036098918012879527,0.002075752096594231,0.003647507362563797,0.000002545699089668043,0.00044574000873242204,0,0,0,0,0.0007598143521001577,0.010241429946887683,0.01100124429898784
0.9530000000000001,1.057329870994731e-8,0.0004461530225569009,0.0004548211939795363,0,0,0,0,0,0,0,0,0,0,0,0.000001803995220656528,0,0,0,0.0006703846312060834,0,0,0,0,0,0,0,0,0,0.005290721200581112,0.0031061261653982587,0.005466074256047694,0.0000038070880663927553,0.0006599567532802776,0,0,0,0,0.0009009847898351472,0.015198874089800475,0.016099858879635623
0.9540000000000001,1.0584393474213608e-8,0.0007069809900758924,0.00045532278926982536,0,0,0,0,0,0,0,0,0,0,0,0.000002927662571316738,0,0,0,0.00106312519642176,0,0,0,0,0,0,0,0,0,0.008411473345854596,0.005042211273330318,0.00888507585971609,0.000006177494867836959,0.0010600426357855702,0,0,0,0,0.001162314363739192,0.024471033468547485,0.025633347832286678
0.9550000000000001,1.0595488238467128e-8,0.001274561189634358,0.0004558243577865201,0,0,0,0,0,0,0,0,0,0,0,0.00000540555135783385,0,0,0,0.0019175753341237182,0,0,0,0,0,0,0,0,0,0.015225937712895096,0.009317537915281782,0.016424731134802684,0.0000114042213819721,0.0019371827293383935,0,0,0,0,0.0017303961429091165,0.04483977459918148,0.0465701707420906
0.9560000000000001,1.0606583002707913e-8,0.0029079745525473636,0.00045632589961790474,0,0,0,0,0,0,0,0,0,0,0,0.000012631070589253748,0,0,0,0.004378748258781492,0,0,0,0,0,0,0,0,0,0.034854409459301815,0.02177911590216141,0.038425067457844096,0.00002664406630455925,0.004482649261895563,0,0,0,0,0.003364311058748271,0.10395926547687817,0.10732357653562644
0.9600000000000001,1.0650962059544444e-8,0.00307259412264665,0.0004583318018423389,0,0,0,0,0,0,0,0,0,0,0,0.000014685106488270732,0,0,0,0.000939904043459258,0,0,0,0,0,0,0,0,0,0.03737071616563253,0.03392677501443384,0.06009836604307878,0.00003095854377060195,0.001459087007108727,0,0,0,0,0.003530936575451048,0.13384049192397202,0.13737142849942308
0.9610000000000001,1.0662056823722125e-8,0.001384312091320562,0.0004588332115577793,0,0,0,0,0,0,0,0,0,0,0,0.000006776362380099345,0,0,0,0.0004270139454545325,0,0,0,0,0,0,0,0,0,0.016898747910300823,0.015611962637258213,0.02768370121910808,0.000014283573361741457,0.0006813868488098673,0,0,0,0,0.0018431559649351652,0.06132387249667336,0.06316702846160852
0.9620000000000001,1.067315158788731e-8,0.0007892989140452396,0.00045933459510945145,0,0,0,0,0,0,0,0,0,0,0,0.00000395729834917723,0,0,0,0.00024549544668910176,0,0,0,0,0,0,0,0,0,0.009671436908185687,0.009089231114754116,0.016132653125723248,0.000008340196421775415,0.0004027632650344896,0,0,0,0,0.001248644182306279,0.035553877355157595,0.03680252153746388
0.9630000000000001,1.068424635204003e-8,0.000512012245091309,0.0004598359525829384,0,0,0,0,0,0,0,0,0,0,0,0.0000026292764615517594,0,0,0,0.00016056694264706537,0,0,0,0,0,0,0,0,0,0.006296931447114031,0.00602089810280075,0.01069335807128742,0.000005540530993650959,0.00027064493159053513,0,0,0,0,0.0009718588819205994,0.023450569302895005,0.024422428184815603
0.9640000000000001,1.0695341116180331e-8,0.0003603718773131298,0.00046033728406344617,0,0,0,0,0,0,0,0,0,0,0,0.0000018954368687695493,0,0,0,0.00011395461558058618,0,0,0,0,0,0,0,0,0,0.004448879641892297,0.004328719880430972,0.007698254864650907,0.000003993581193603434,0.00019717826798307692,0,0,0,0,0.0008207198567176921,0.01679287628860021,0.017613596145317902
0.9650000000000001,1.0706435880308243e-8,0.0002683272504479327,0.00046083858963580555,0,0,0,0,0,0,0,0,0,0,0,0.0000014455383521042536,0,0,0,0.00008562390943395993,0,0,0,0,0,0,0,0,0,0.003323613548204039,0.003291395350473003,0.005858421747244995,0.0000030452382670726594,0.00015201186181727186,0,0,0,0,0.0007291765465196186,0.012715557193792444,0.013444733740312064
0.9660000000000001,1.071753064442381e-8,0.0002081915234081499,0.0004613398693844741,0,0,0,0,0,0,0,0,0,0,0,0.0000011487833757803086,0,0,0,0.00006696731280687704,0,0,0,0,0,0,0,0,0,0.0025888738237573286,0.0026073387452159665,0.004644622659284008,0.00000241973981680819,0.00012205469596479776,0,0,0,0,0.0006695421103232684,0.010033425760221567,0.010702967870544835
0.9670000000000001,1.072862540852707e-8,0.00016669213076752175,0.00046184112339353866,0,0,0,0,0,0,0,0,0,0,0,9.421158044524851e-7,0,0,0,0.000054077863255114734,0,0,0,0,0,0,0,0,0,0.002079986756263763,0.002131694342411191,0.0038014741170648444,0.000001984148106490222,0.00010105273723580437,0,0,0,0,0.0006285439827864689,0.008171212080141661,0.00879975606292813
0.9680000000000001,1.0739720172618061e-8,0.00013681458910048817,0.00046234235174671707,0,0,0,0,0,0,0,0,0,0,0,7.920261191689618e-7,0,0,0,0.00004479212753722811,0,0,0,0,0,0,0,0,0,0.0017136385406694929,0.0017867946462728883,0.003187191414229656,0.0000016678191937139298,0.00008571234924934655,0,0,0,0,0.0005991676805673779,0.006820588923271495,0.007419756603838873
0.9690000000000001,1.0750814936696818e-8,0.00011456574242404031,0.0004628435545273597,0,0,0,0,0,0,0,0,0,0,0,6.793343268027372e-7,0,0,0,0.000037823852546650654,0,0,0,0,0,0,0,0,0,0.001440060955316889,0.0015276952500520753,0.0027267822075575936,0.0000014303195811010825,0.00007423270334983572,0,0,0,0,0.0005774200477663367,0.005808704622730948,0.006386124670497284
0.97,1.0761909700763383e-8,0.00009753513034098027,0.00046334473181845265,0,0,0,0,0,0,0,0,0,0,0,5.924003704904071e-7,0,0,0,0.0000324918705298936,0,0,0,0,0,0,0,0,0,0.0012306144665063467,0.0013269517588536805,0.0023720646508087356,0.0000012471115383546997,0.00006523309765179774,0,0,0,0,0.0005608906240691337,0.005029195356259299,0.005590085980328433
0.971,1.0773004464817785e-8,0.00008419691804847279,0.00046384588370261884,0,0,0,0,0,0,0,0,0,0,0,5.238171010323353e-7,0,0,0,0.000028305145069147187,0,0,0,0,0,0,0,0,0,0.0010664164972750204,0.001170173078902368,0.002091270999705131,0.0000011025809606284428,0.00005812483954837766,0,0,0,0,0.0005480535747555565,0.0044159169585617055,0.004963970533317262
0.972,1.0784099228860076e-8,0.00007354655323966876,0.0004643470102621207,0,0,0,0,0,0,0,0,0,0,0,4.6868253754338003e-7,0,0,0,0.000024943225751163543,0,0,0,0,0,0,0,0,0,0.0009347999910416888,0.0010432502003090106,0.001866288889184269,9.863948913747612e-7,0.000052420938145303497,0,0,0,0,0.0005379043476010184,0.003923158321860354,0.004461062669461372
0.973,1.0795193992890284e-8,0.00006490045825548249,0.0004648481115788613,0,0,0,0,0,0,0,0,0,0,0,4.2364385952405735e-7,0,0,0,0.00002220070953250376,0,0,0,0,0,0,0,0,0,0.0008281048006443208,0.0009396979919990285,0.0016820995400437361,8.914860788689574e-7,0.00004769751357675601,0,0,0,0,0.0005297593650283366,0.0035211156857347377,0.004050875050763074
0.974,1.0806288756908443e-8,0.00005778017061484831,0.0004653491877343871,0,0,0,0,0,0,0,0,0,0,0,3.8634242464724425e-7,0,0,0,0.00001995053474328086,0,0,0,0,0,0,0,0,0,0.0007401270436908498,0.0008538552533834278,0.001530387262428538,8.128829950939014e-7,0.00004381695324204217,0,0,0,0,0.0005231401646379923,0.00318933627290788,0.003712476437545872
0.975,1.0817383520914598e-8,0.00005184254214558824,0.0004658502388098895,0,0,0,0,0,0,0,0,0,0,0,3.5507820464088686e-7,0,0,0,0.00001805578994697607,0,0,0,0,0,0,0,0,0,0.0006661881087536198,0.000782017072822671,0.0014020567036200778,7.470024340490857e-7,0.00004048683955764168,0,0,0,0,0.0005177035983389986,0.0029099065953396763,0.003427610193678675
0.976,1.0828478284908783e-8,0.000046836187273231783,0.0004663512648862068,0,0,0,0,0,0,0,0,0,0,0,3.2859966341747566e-7,0,0,0,0.000016458863714923785,0,0,0,0,0,0,0,0,0,0.0006041057626277375,0.0007206525086586637,0.0012942419430102907,6.912065637403446e-7,0.00003771399435494256,0,0,0,0,0.0005131982806377235,0.002674192878593716,0.0031873911592314396
0.977,1.0839573048891036e-8,0.00004257346884616892,0.0004668522660438269,0,0,0,0,0,0,0,0,0,0,0,3.0596811943521345e-7,0,0,0,0.000015099484778970802,0,0,0,0,0,0,0,0,0,0.0005512847229869625,0.0006686456968160987,0.0012012554902950093,6.435170007675858e-7,0.00003530190545594876,0,0,0,0,0.0005094365744630447,0.0024725367854531925,0.002981973359916237
0.978,1.085066781286139e-8,0.00003891199005825797,0.00046735324236288757,0,0,0,0,0,0,0,0,0,0,0,2.8646781961357534e-7,0,0,0,0.000013931135437429309,0,0,0,0,0,0,0,0,0,0.0005056309243620265,0.0006239614122851163,0.0011209159590223488,6.024252491580725e-7,0.00003322583211869745,0,0,0,0,0.0005062760830889584,0.0022985541562943897,0.002804830239383348
0.979,1.0861762576819882e-8,0.00003574207397767755,0.0004678541939231801,0,0,0,0,0,0,0,0,0,0,0,2.695448938976155e-7,0,0,0,0.00001291063915719717,0,0,0,0,0,0,0,0,0,0.0004662854112081626,0.0005851861705951,0.0010517729288297805,5.667640212252263e-7,0.000031412263724189544,0,0,0,0,0.0005036071296634345,0.002148403722429553,0.0026520108520929875
0.98,1.0872857340766554e-8,0.00003297811305757915,0.00046835512080415037,0,0,0,0,0,0,0,0,0,0,0,2.5476503308738916e-7,0,0,0,0.000012020387306866439,0,0,0,0,0,0,0,0,0,0.00043177446906274806,0.0005507029581695502,0.0009904365808556716,5.356180274196404e-7,0.00002982081520126302,0,0,0,0,0.0005013441067190702,0.0020155455936566066,0.0025168897003756767
0.981,1.0883952104701433e-8,0.000030552478260906344,0.00046885602308490044,0,0,0,0,0,0,0,0,0,0,0,2.4178358763785925e-7,0,0,0,0.000011243916781335576,0,0,0,0,0,0,0,0,0,0.0004015544226326374,0.0005203911450350105,0.000937203209965913,5.082609493578883e-7,0.000028411689355968047,0,0,0,0,0.0004994193852979115,0.0018995544283078602,0.0023989738136057717
0.982,1.0895046868624564e-8,0.000028411156562388965,0.00046935690084419144,0,0,0,0,0,0,0,0,0,0,0,2.3032407881507435e-7,0,0,0,0.000010554608670138265,0,0,0,0,0,0,0,0,0,0.00037476497033010525,0.0004939414912647929,0.0008896011369392805,4.84110145637038e-7,0.0000271777644368578,0,0,0,0,0.000497778952453449,0.0017967544058656267,0.002294533358319076
0.983,1.0906141632535975e-8,0.000026510577601126564,0.00046985775416044407,0,0,0,0,0,0,0,0,0,0,0,2.2016251487885764e-7,0,0,0,0.000009938165114556307,0,0,0,0,0,0,0,0,0,0.00035095568838374244,0.00046996673229491155,0.0008472340612549646,4.6269359411611544e-7,0.000026073751476036416,0,0,0,0,0.0004963792379032031,0.0017048512546332063,0.0022012304925364094
0.984,1.091723639643571e-8,0.00002481527252837519,0.00047035858311174204,0,0,0,0,0,0,0,0,0,0,0,2.1111578173550655e-7,0,0,0,0.000009389331921759396,0,0,0,0,0,0,0,0,0,0.0003297726264703031,0.0004489313000582483,0.0008097763121715386,4.436254226632888e-7,0.000025057229145585296,0,0,0,0,0.0004951847728765136,0.0016235815409718333,0.002118766313848347
0.985,1.0928331160323799e-8,0.000023296124359410677,0.0004708593877758321,0,0,0,0,0,0,0,0,0,0,0,2.0303293810015185e-7,0,0,0,0.000008898764926491556,0,0,0,0,0,0,0,0,0,0.00031075142033732973,0.0004298474115841071,0.0007757415682230017,4.2658756213808697e-7,0.000024169102483164633,0,0,0,0,0.000494166440466403,0.001550037888054333,0.0020442043285207358
0.986,1.0939425924200277e-8,0.000021929044777586813,0.00047136016823012773,0,0,0,0,0,0,0,0,0,0,0,1.9578861078569113e-7,0,0,0,0.000008455773982992075,0,0,0,0,0,0,0,0,0,0.000293493944041141,0.0004127493753172343,0.0007454746026247991,4.113158260256178e-7,0.000023365942945525665,0,0,0,0,0.0004933001524336387,0.0014841467433485034,0.001977446895782142
0.987,1.0950520688065184e-8,0.00002069396244504183,0.0004718609245517095,0,0,0,0,0,0,0,0,0,0,0,1.892779284774067e-7,0,0,0,0.000008055411650186338,0,0,0,0,0,0,0,0,0,0.00027806157722320724,0.0003974462505700088,0.0007177250852744968,3.9758923284137384e-7,0.000022625022897642493,0,0,0,0,0.0004925658375174394,0.0014245002147768606,0.0019170660522943
0.988,1.0961615451918546e-8,0.000019574041622258055,0.00047236165681732744,0,0,0,0,0,0,0,0,0,0,0,1.8341259622766837e-7,0,0,0,0.000007690896672004399,0,0,0,0,0,0,0,0,0,0.00026398344334558574,0.0003833902583253563,0.0006938161011159059,3.8522173286984533e-7,0.00002195785839871827,0,0,0,0,0.0004919466600550374,0.001371407192186668,0.0018633538522417055
0.989,1.097271021576041e-8,0.00001855507297896141,0.0004728623651034033,0,0,0,0,0,0,0,0,0,0,0,1.7811782524071205e-7,0,0,0,0.00000735868282893633,0,0,0,0,0,0,0,0,0,0.0002511305146186412,0.00037077792413339923,0.0006709575864492221,3.7405573759733446e-7,0.000021359383446380144,0,0,0,0,0.0004914284107925804,0.001322136265039417,0.0018135646758319975
0.99,1.0983804979590804e-8,0.000017624994488545648,0.00047336304948603086,0,0,0,0,0,0,0,0,0,0,0,1.733299106197151e-7,0,0,0,0.000007058798029122106,0,0,0,0,0,0,0,0,0,0.00023944096998413698,0.0003593191114111268,0.0006502506298321158,3.639570148324877e-7,0.00002079851309093393,0,0,0,0,0.0004909990277795561,0.0012774053092728878,0.001768404337052444
0.991,1.099489974340976e-8,0.00001677351155013435,0.00047386371004097983,0,0,0,0,0,0,0,0,0,0,0,1.6899430476619403e-7,0,0,0,0.000006782235835197004,0,0,0,0,0,0,0,0,0,0.00022868351466910088,0.00034868855239025495,0.0006316217931733049,3.548106284794542e-7,0.00002030326730124029,0,0,0,0,0.0004906482164908576,0.0012366031683023436,0.0017272513847932012
0.992,1.100599450721732e-8,0.0000159917934876507,0.0004743643468436956,0,0,0,0,0,0,0,0,0,0,0,1.65064073353965e-7,0,0,0,0.000006528687964833112,0,0,0,0,0,0,0,0,0,0.00021894207374972485,0.0003391059705187606,0.0006144064707260825,3.465176846246994e-7,0.000019839010224846812,0,0,0,0,0.0004903671463258535,0.0011993337949422268,0.0016897009412680801
0.993,1.1017089271013512e-8,0.000015272229335918405,0.0004748649599693022,0,0,0,0,0,0,0,0,0,0,0,1.614986490959767e-7,0,0,0,0.000006293929523674437,0,0,0,0,0,0,0,0,0,0.00020983284462525666,0.0003301676329069684,0.00059873463963866,3.389927052417801e-7,0.000019418913725107312,0,0,0,0,0.0004901482063944916,0.0011649484517740046,0.0016550966581684963
0.994,1.102818403479837e-8,0.000014608230013627544,0.00047536554949260344,0,0,0,0,0,0,0,0,0,0,0,1.5826281914884502e-7,0,0,0,0.000006082114399888708,0,0,0,0,0,0,0,0,0,0.0002013892830864442,0.00032211691077343665,0.0005848257853102478,3.3216149429529786e-7,0.000019028324869458203,0,0,0,0,0.0004899848076902657,0.0011339328427529196,0.0016239176504431853
0.995,1.103927879857194e-8,0.000013994067060883336,0.0004758661154880852,0,0,0,0,0,0,0,0,0,0,0,1.553258971865213e-7,0,0,0,0.000005879861739514643,0,0,0,0,0,0,0,0,0,0.00019364006726525066,0.0003148771981409841,0.0005713231464530607,3.2595939303508734e-7,0.000018678790230723465,0,0,0,0,0.0004898712218277671,0.0011048803491197552,0.0015947515709475223
0.996,1.1050373562334243e-8,0.000013424740401399647,0.0004763666580299165,0,0,0,0,0,0,0,0,0,0,0,1.5266104246102708e-7,0,0,0,0.0000056976026184236845,0,0,0,0,0,0,0,0,0,0.00018644784050922034,0.00030808621402354157,0.0005594014263368762,3.203298450609155e-7,0.00001833243997101992,0,0,0,0,0.0004898024488048785,0.0010784385143466036,0.001568240963151482
0.997,1.1061468326085315e-8,0.000012895869296818722,0.0004768671771919513,0,0,0,0,0,0,0,0,0,0,0,1.5024469663025275e-7,0,0,0,0.000005526576360707332,0,0,0,0,0,0,0,0,0,0.00017972493559313265,0.00030180408155415603,0.0005482958345155467,3.1522320957376035e-7,0.000018026396740305054,0,0,0,0,0.0004897741079570961,0.0010538432926700517,0.0015436174006271477
0.998,1.1072563089825191e-8,0.00001240360194862123,0.00047736767304773075,0,0,0,0,0,0,0,0,0,0,0,1.4805611553038986e-7,0,0,0,0.0000053681658915979576,0,0,0,0,0,0,0,0,0,0.0001735345830245131,0.00029605566633632605,0.0005381579475112675,3.105957747136651e-7,0.00001773995651683335,0,0,0,0,0.0004897823475594418,0.001031314971170782,0.0015210973187302238
0.999,1.1083657853553911e-8,0.000011944540182328624,0.0004778681456704847,0,0,0,0,0,0,0,0,0,0,0,1.4607697794509296e-7,0,0,0,0.000005218620933748073,0,0,0,0,0,0,0,0,0,0.00016771387845957033,0.00029055729974376544,0.00052842141599091,3.064089331584058e-7,0.000017478223591353224,0,0,0,0,0.0004898237695106669,0.0010098419246304506,0.0014996656941411175
1,1.1094752617271496e-8,0.000011515676398753411,0.0004783685951331323,0,0,0,0,0,0,0,0,0,0,0,1.4429105716544377e-7,0,0,0,0.0000050793030740838865,0,0,0,0,0,0,0,0,0,0.00016229366136562325,0.00028579617686015564,0.0005200082212006604,3.0262849004367157e-7,0.00001722908980746373,0,0,0,0,0.000489895366284503,0.000990853371855196,0.0014807487381396991
1.001,1.110584738097799e-8,0.000011114340555612177,0.0004788690215082853,0,0,0,0,0,0,0,0,0,0,0,1.4268394402737345e-7,0,0,0,0.000004950145727217804,0,0,0,0,0,0,0,0,0,0.0001572073206430543,0.0002812709975280813,0.0005117077377425284,2.992240793620894e-7,0.00001699932516904671,0,0,0,0,0.0004899944679112785,0.0009725774348333181,0.0014625719027445967
1.002,1.1116942144673422e-8,0.000010738155392082346,0.00047936942486824865,0,0,0,0,0,0,0,0,0,0,0,1.4124281236424732e-7,0,0,0,0.000004831045939076797,0,0,0,0,0,0,0,0,0,0.0001524267018965451,0.00027699388390771857,0.0005045656480500047,2.961686697427114e-7,0.000016794422310022244,0,0,0,0,0.0004901186972024757,0.0009560491135854744,0.0014461678107879502
1.003,1.1128036908357822e-8,0.000010384998459966733,0.00047986980528502243,0,0,0,0,0,0,0,0,0,0,0,1.3995621957520267e-7,0,0,0,0.000004718153872556621,0,0,0,0,0,0,0,0,0,0.00014797104110666928,0.00027308864172524044,0.0004975925496739609,2.9343814422792926e-7,0.000016594724128833882,0,0,0,0,0.0004902659317818976,0.0009403985048710643,0.001430664436652962
1.004,1.1139131672031234e-8,0.000010052969801142596,0.0004803701628303033,0,0,0,0,0,0,0,0,0,0,0,1.388139363987572e-7,0,0,0,0.000004611676094334018,0,0,0,0,0,0,0,0,0,0.0001437532128760214,0.00026955880237132827,0.0004913428718801886,2.9101094159212244e-7,0.00001640836966827076,0,0,0,0,0.000490434271763118,0.0009261047577681339,0.0014165390295312519
1.005,1.1150226435693677e-8,0.000009740364329224123,0.000480870497575486,0,0,0,0,0,0,0,0,0,0,0,1.3780680108179403e-7,0,0,0,0.000004513750798466006,0,0,0,0,0,0,0,0,0,0.0001398006292544413,0.0002663999696272227,0.000486020200088948,2.888677490656299e-7,0.000016252301732122306,0,0,0,0,0.0004906220121311458,0.0009134135260513477,0.0014040355381824935
1.006,1.1161321199345195e-8,0.000009445648146879014,0.00048137080959166607,0,0,0,0,0,0,0,0,0,0,0,1.369265940107809e-7,0,0,0,0.000004419998508463879,0,0,0,0,0,0,0,0,0,0.00013606157239542512,0.0002632292576541953,0.0004805361824911679,2.8699123817573e-7,0.00001609279679733342,0,0,0,0,0.0004908276190597444,0.0009007637256787722,0.0013915913447385166
1.007,1.1172415962985808e-8,0.00000916743816892291,0.0004818710989496396,0,0,0,0,0,0,0,0,0,0,0,1.3616592957451024e-7,0,0,0,0.000004333410930845516,0,0,0,0,0,0,0,0,0,0.00013250795378733958,0.0002606364714241465,0.00047564861601459877,2.8536583689630544e-7,0.000015939027184482165,0,0,0,0,0.0004910497095345254,0.0008894870111078833,0.0013805367206424087
1.008,1.1183510726615564e-8,0.000008904484532696878,0.0004823713657199063,0,0,0,0,0,0,0,0,0,0,0,1.355181625927325e-7,0,0,0,0.000004251492348731259,0,0,0,0,0,0,0,0,0,0.0001292006954024514,0.00025794517818294484,0.0004712778271237463,2.8397753248904694e-7,0.000015799799072290374,0,0,0,0,0.0004912870337633298,0.0008788944878252461,0.001370181521588576
1.009,1.1194605490234485e-8,0.000008655655367133496,0.0004828716099726702,0,0,0,0,0,0,0,0,0,0,0,1.349773071023524e-7,0,0,0,0.000004173168609042464,0,0,0,0,0,0,0,0,0,0.000126039972160408,0.00025570451606387874,0.0004669506767405972,2.828137003825273e-7,0.00001567801070723581,0,0,0,0,0.0004915384599452939,0.0008689641352886471,0.001360502595233941
1.01,1.12057002538426e-8,0.000008419923564795974,0.0004833718317778421,0,0,0,0,0,0,0,0,0,0,0,1.3453796566411599e-7,0,0,0,0.000004101587175308453,0,0,0,0,0,0,0,0,0,0.00012305178384305405,0.0002535445293995113,0.0004635679999418316,2.818629552180857e-7,0.000015561217506661098,0,0,0,0,0.0004918029610428919,0.0008602435187872487,0.0013520464798301407
1.0110000000000001,1.1216795017439956e-8,0.000008196355260528034,0.0004838720312050402,0,0,0,0,0,0,0,0,0,0,0,1.3419526765587586e-7,0,0,0,0.00000403187180390045,0,0,0,0,0,0,0,0,0,0.00012019754086137652,0.00025159981408483733,0.0004599822316335571,2.8111502083010775e-7,0.000015448333884119942,0,0,0,0,0.0004920796032605857,0.0008516751025562774,0.001343754705816863
1.012,1.1227889781026567e-8,0.000007984099768881873,0.0004843722083235919,0,0,0,0,0,0,0,0,0,0,0,1.339448152667739e-7,0,0,0,0.000003965169045259353,0,0,0,0,0,0,0,0,0,0.00011751911938597464,0.00024997606984010566,0.0004570205898197627,2.8056061645175044e-7,0.000015360258120900988,0,0,0,0,0.0004923675359822547,0.0008442557116437218,0.0013366232476259765
1.0130000000000001,1.1238984544602481e-8,0.00000778238077234037,0.0004848723632025357,0,0,0,0,0,0,0,0,0,0,0,1.337826361110714e-7,0,0,0,0.000003903397002245919,0,0,0,0,0,0,0,0,0,0.000114980581389336,0.0002481785726167519,0.00045435212130063223,2.8019135686747706e-7,0.000015260315366053726,0,0,0,0,0.0004926659829594207,0.0008370889616679982,0.0013297549446274189
1.014,1.1250079308167716e-8,0.000007590488585194719,0.00048537249591062233,0,0,0,0,0,0,0,0,0,0,0,1.337051415490294e-7,0,0,0,0.000003846629823525152,0,0,0,0,0,0,0,0,0,0.00011252529994592152,0.0002468503386827569,0.0004517435217506647,2.799996645895253e-7,0.000015166784622995302,0,0,0,0,0.0004929742345751252,0.0008305462796320023,0.0013235205142071275
1.0150000000000001,1.126117407172231e-8,0.000007407773345107458,0.0004858726065163165,0,0,0,0,0,0,0,0,0,0,0,1.3370908994211478e-7,0,0,0,0.0000037923975040098884,0,0,0,0,0,0,0,0,0,0.00011023257451452189,0.00024568972471503175,0.0004496379746667531,2.799786924301674e-7,0.000015092799590065685,0,0,0,0,0.0004932916410354957,0.0008248591587727547,0.0013181507998082504
1.016,1.1272268835266296e-8,0.000007233639006955468,0.0004863726950877984,0,0,0,0,0,0,0,0,0,0,0,1.337915541862997e-7,0,0,0,0.0000037399025619474405,0,0,0,0,0,0,0,0,0,0.00010802604096561364,0.0002445215948256998,0.00044752624399245413,2.8012225508678395e-7,0.000015016830882835822,0,0,0,0,0.0004936176063635891,0.000819244527037824,0.001312862133401413
1.0170000000000001,1.1283363598799699e-8,0.000007067538032340647,0.00048687276169296495,0,0,0,0,0,0,0,0,0,0,0,1.339498929641823e-7,0,0,0,0.0000036890443239306932,0,0,0,0,0,0,0,0,0,0.00010590094089998225,0.0002434585054920916,0.0004463899406944955,2.804247685616462e-7,0.000014949919966115064,0,0,0,0,0.0004939515830889044,0.000814802726038141,0.0013087543091270452
1.018,1.1294458362322557e-8,0.000006908966683871212,0.00048737280639943136,0,0,0,0,0,0,0,0,0,0,0,1.341817252382512e-7,0,0,0,0.000003642871271351616,0,0,0,0,0,0,0,0,0,0.00010391903705900409,0.00024261952164932163,0.0004448124188411017,2.808811964095582e-7,0.000014888554903717985,0,0,0,0,0.0004942930675416649,0.0008102974666461449,0.0013045905341878099
1.0190000000000001,1.1305553125834902e-8,0.000006757460846491806,0.0004878728292745329,0,0,0,0,0,0,0,0,0,0,0,1.344849075757862e-7,0,0,0,0.000003598543854118268,0,0,0,0,0,0,0,0,0,0.00010199249541268456,0.00024203958785313462,0.0004433896139591969,2.8148700195085106e-7,0.000014834558704449774,0,0,0,0,0.0004946415956741506,0.0008062707716931108,0.0013009123673672614
1.02,1.1316647889336755e-8,0.00000661259230922719,0.0004883728303853257,0,0,0,0,0,0,0,0,0,0,0,1.3485751395370993e-7,0,0,0,0.0000035575883755707756,0,0,0,0,0,0,0,0,0,0.00010017425355723575,0.0002414177468735833,0.00044252265516740496,2.8223810570847696e-7,0.000014789985594377777,0,0,0,0,0.0004949967393424421,0.0008028793251878346,0.0012978760645302768
1.0210000000000001,1.1327742652828156e-8,0.000006473965450055176,0.0004888728097985893,0,0,0,0,0,0,0,0,0,0,0,1.3529781774028138e-7,0,0,0,0.00000351769398538461,0,0,0,0,0,0,0,0,0,0.00009841790413014773,0.0002408715722574762,0.00044203569163235655,2.831308474306938e-7,0.000014744862790291751,0,0,0,0,0.0004953581029912973,0.0008000061534608278,0.0012953642564521252
1.022,1.1338837416309134e-8,0.000006341214274540985,0.000489372767580827,0,0,0,0,0,0,0,0,0,0,0,1.358042755919224e-7,0,0,0,0.0000034799278318424443,0,0,0,0,0,0,0,0,0,0.00009673154604747966,0.00024075263371079229,0.0004414527571952542,2.8416195214790906e-7,0.000014697416187096059,0,0,0,0,0.0004957253206927843,0.0007975342472002045,0.0012932595678929889
1.0230000000000001,1.134993217977972e-8,0.000006213999765578331,0.0004898727037982678,0,0,0,0,0,0,0,0,0,0,0,1.3637551303856142e-7,0,0,0,0.0000034451509165760407,0,0,0,0,0,0,0,0,0,0.00009513944493471333,0.00024031365823550815,0.00044098926256255983,2.8532849978620257e-7,0.000014664398292517735,0,0,0,0,0.0004960980534960259,0.0007949736189546999,0.0012910716724507257
1.024,1.1361026943239935e-8,0.000006092007507299043,0.0004903726185168678,0,0,0,0,0,0,0,0,0,0,0,1.3701031156081265e-7,0,0,0,0.000003411718919464722,0,0,0,0,0,0,0,0,0,0.00009359376554546107,0.00024030220105207022,0.0004409251048603013,2.86627897923135e-7,0.000014627649274900473,0,0,0,0,0.0004964759870511101,0.0007932840778616818,0.001289760064912792
1.0250000000000001,1.1372121706689825e-8,0.000005974945551085108,0.000490872511802312,0,0,0,0,0,0,0,0,0,0,0,1.3770759698791887e-7,0,0,0,0.0000033804017540591886,0,0,0,0,0,0,0,0,0,0.00009211113063011088,0.00024000501369843643,0.0004410991563556439,2.880578573254853e-7,0.000014597487194814012,0,0,0,0,0.0004968588294751037,0.0007916189550873777,0.0012884777845624815
1.026,1.138321647012941e-8,0.0000058625424957882614,0.000491372383720014,0,0,0,0,0,0,0,0,0,0,0,1.384664290673094e-7,0,0,0,0.0000033504710047970176,0,0,0,0,0,0,0,0,0,0.00009070282432731912,0.0002399697091029612,0.000441309713779167,2.8961636995455815e-7,0.000014570415028581041,0,0,0,0,0.0004972463094322724,0.0007903312160418472,0.0012875775254741195
1.0270000000000001,1.1394311233558725e-8,0.000005754545757833888,0.0004918722343351205,0,0,0,0,0,0,0,0,0,0,0,1.3928599207544905e-7,0,0,0,0.0000033221657603387022,0,0,0,0,0,0,0,0,0,0.00008935471780238704,0.00024009369330777608,0.00044154815337840654,2.913016891646485e-7,0.000014547826561624943,0,0,0,0,0.0004976381744041879,0.0007892971444917735,0.0012869353188959614
1.028,1.140540599697779e-8,0.000005650720009959982,0.0004923720637125093,0,0,0,0,0,0,0,0,0,0,0,1.4016558635587512e-7,0,0,0,0.000003295409199385638,0,0,0,0,0,0,0,0,0,0.00008804440637220791,0.00024046919999419215,0.0004421037502930153,2.931123118541601e-7,0.000014528750877007438,0,0,0,0,0.0004980341891284662,0.0007888747946340185,0.0012869089837624847
1.0290000000000001,1.1416500760386648e-8,0.0000055508457699852795,0.0004928718719167934,0,0,0,0,0,0,0,0,0,0,0,1.4110462068435208e-7,0,0,0,0.0000032701297612154976,0,0,0,0,0,0,0,0,0,0.00008681528999032281,0.00024083816373443272,0.00044265706412338304,2.950469623586138e-7,0.000014505604939286848,0,0,0,0,0.0004984341341875391,0.0007885224041316839,0.001286956538319223
1.03,1.1427595523785324e-8,0.0000054547181232869056,0.0004933716590123203,0,0,0,0,0,0,0,0,0,0,0,1.4210260537311895e-7,0,0,0,0.000003246260731810537,0,0,0,0,0,0,0,0,0,0.00008557920057658911,0.00024114442517683153,0.0004432943728017928,2.971045779000777e-7,0.00001449546891682205,0,0,0,0,0.000498837804731131,0.0007881989353871193,0.0012870367401182502
1.0310000000000001,1.1438690287173846e-8,0.000005362145564641695,0.0004938714250631756,0,0,0,0,0,0,0,0,0,0,0,1.431591460367341e-7,0,0,0,0.0000032237398685122016,0,0,0,0,0,0,0,0,0,0.00008444166879265267,0.0002418351985670811,0.00044467598714351597,2.9928429542978894e-7,0.000014481099246442632,0,0,0,0,0.0004992450093181045,0.0007891001370596712,0.0012883451463777756
1.032,1.1449785050552236e-8,0.000005272948946800943,0.0004943711701331815,0,0,0,0,0,0,0,0,0,0,0,1.4427393795116003e-7,0,0,0,0.000003202509059161744,0,0,0,0,0,0,0,0,0,0.00008329795699494074,0.0002423329817701519,0.000445909409908023,3.0158543971995594e-7,0.000014475632345832726,0,0,0,0,0.000499655568865033,0.0007896643494557812,0.001289319918320814
1.0330000000000001,1.1460879813920545e-8,0.000005186960524654338,0.000494870894285901,0,0,0,0,0,0,0,0,0,0,0,1.4544676094559796e-7,0,0,0,0.0000031822137739327684,0,0,0,0,0,0,0,0,0,0.00008224535683593562,0.0002429893861494036,0.00044716383586929857,3.0400751257728525e-7,0.000014466059649584036,0,0,0,0,0.0005000693156903693,0.0007904963065516774,0.0012905656222420465
1.034,1.1471974577278778e-8,0.0000051040230851367555,0.0004953705975846368,0,0,0,0,0,0,0,0,0,0,0,1.4667747477353474e-7,0,0,0,0.0000031634050381330807,0,0,0,0,0,0,0,0,0,0.00008121281706273103,0.0002436756089717312,0.0004487721119068434,3.065501830655668e-7,0.00001446908265185775,0,0,0,0,0.0005004860926443508,0.0007917462532891356,0.0012922323459334864
1.035,1.148306934062698e-8,0.000005023989154159687,0.0004958702800924351,0,0,0,0,0,0,0,0,0,0,0,1.4796601491557778e-7,0,0,0,0.0000031452473795319257,0,0,0,0,0,0,0,0,0,0.00008021421256348723,0.0002446273367125892,0.00045035291973723077,3.092132786372471e-7,0.000014479629801980373,0,0,0,0,0.0005009057523159354,0.0007932765254883724,0.0012941822778043078
1.036,1.1494164103965176e-8,0.000004946720272838209,0.0004963699418720846,0,0,0,0,0,0,0,0,0,0,0,1.4931238877180966e-7,0,0,0,0.0000031290741067381766,0,0,0,0,0,0,0,0,0,0.00007925522313507804,0.0002453455224230864,0.000452109070375003,3.1199677708512326e-7,0.000014475033919099977,0,0,0,0,0.0005013281563090268,0.0007947752331248625,0.0012961033894338893
1.037,1.1505258867293389e-8,0.000004872086336147724,0.0004968695829861195,0,0,0,0,0,0,0,0,0,0,0,1.507166722061295e-7,0,0,0,0.000003113969177516306,0,0,0,0,0,0,0,0,0,0.00007833403963284433,0.0002462919730578306,0.0004540302118231812,3.1490079923500445e-7,0.000014478929517478645,0,0,0,0,0.0005017531745811346,0.0007967147406802921,0.0012984679152614267
1.038,1.1516353630611664e-8,0.000004799964987903299,0.0004973692034968198,0,0,0,0,0,0,0,0,0,0,0,1.5217900640914616e-7,0,0,0,0.0000030988642052863684,0,0,0,0,0,0,0,0,0,0.00007743825388332361,0.0002476711611656484,0.00045618481558294736,3.179256023089803e-7,0.00001449216714730388,0,0,0,0,0.0005021806848383536,0.0007993553665932279,0.0013015360514315815
1.039,1.1527448393920006e-8,0.000004730241066620816,0.0004978688034662126,0,0,0,0,0,0,0,0,0,0,0,1.5369959504968838e-7,0,0,0,0.0000030856374976664207,0,0,0,0,0,0,0,0,0,0.00007657884884300298,0.0002488648827193602,0.0004582089223888937,3.210715738961548e-7,0.000014493190756340597,0,0,0,0,0.0005026105719812273,0.0008017062533742098,0.001304316825355437
1.04,1.1538543157218465e-8,0.000004662806097404405,0.0004983683829560745,0,0,0,0,0,0,0,0,0,0,0,1.5527870168822986e-7,0,0,0,0.0000030727940418077212,0,0,0,0,0,0,0,0,0,0.00007573942543834792,0.0002500225308587233,0.0004605637391812142,3.243392264747683e-7,0.000014507893850872828,0,0,0,0,0.0005030427275966361,0.000804386001299129,0.0013074287288957652
1.041,1.1549637920507058e-8,0.000004597557825522382,0.0004988679420279315,0,0,0,0,0,0,0,0,0,0,0,1.569166474283111e-7,0,0,0,0.000003062488517573751,0,0,0,0,0,0,0,0,0,0.00007495081448592707,0.0002513805004912272,0.00046352580258713613,3.277291924351764e-7,0.000014519132047005093,0,0,0,0,0.0005034770494913744,0.0008079233839687327,0.0013114004334601071
1.042,1.1560732683785817e-8,0.000004534399787788972,0.0004993674807430616,0,0,0,0,0,0,0,0,0,0,0,1.5861380878450673e-7,0,0,0,0.000003052161988118149,0,0,0,0,0,0,0,0,0,0.00007415156358836073,0.0002527314043921257,0.00046578666292012763,3.3124221955857497e-7,0.00001453725668012204,0,0,0,0,0.0005039134412635343,0.0008107489055971973,0.0013146623468607316
1.043,1.1571827447054764e-8,0.000004473240918273403,0.0004998669991624938,0,0,0,0,0,0,0,0,0,0,0,1.6037061574764595e-7,0,0,0,0.00000304162720887164,0,0,0,0,0,0,0,0,0,0.000073413298783299,0.0002540869882370071,0.00046886871124808104,3.348791669108951e-7,0.000014562070933771139,0,0,0,0,0.0005043518119082143,0.0008144679461936884,0.0013188197581019026
1.044,1.1582922210313935e-8,0.000004413995185214344,0.0005003664973470129,0,0,0,0,0,0,0,0,0,0,0,1.6218755003000085e-7,0,0,0,0.0000030315465249613294,0,0,0,0,0,0,0,0,0,0.00007267373764572722,0.0002555775209675785,0.00047186981246651993,3.386410011153995e-7,0.000014572215354727561,0,0,0,0,0.0005047920754544375,0.0008182256615106598,0.0013230177369650974
1.045,1.1594016973563357e-8,0.000004356581256335258,0.0005008659753571577,0,0,0,0,0,0,0,0,0,0,0,1.6406514347482591e-7,0,0,0,0.0000030228939775743544,0,0,0,0,0,0,0,0,0,0.0000719817193700761,0.0002574090838335486,0.00047461686747308774,3.425287929710587e-7,0.000014596046557113903,0,0,0,0,0.0005052341506304666,0.0008221332051478466,0.0013273673557783131
1.046,1.1605111736803063e-8,0.0000043009221900368375,0.0005013654332532235,0,0,0,0,0,0,0,0,0,0,0,1.660039766161765e-7,0,0,0,0.000003016373662486846,0,0,0,0,0,0,0,0,0,0.00007132839912504895,0.0002592015983542661,0.0004778202475189119,3.465437143872939e-7,0.000014620019289192053,0,0,0,0,0.0005056779605549971,0.0008264991856409094,0.0013321771461959064
1.047,1.1616206500033063e-8,0.000004246945150193867,0.0005018648710952628,0,0,0,0,0,0,0,0,0,0,0,1.6800467737634925e-7,0,0,0,0.000003009532649294691,0,0,0,0,0,0,0,0,0,0.00007065112538238253,0.0002607360839696825,0.00048098173094838196,3.506870356080773e-7,0.000014641266078009793,0,0,0,0,0.0005061234324519568,0.000830538430740736,0.0013366618631926927
1.048,1.1627301263253405e-8,0.000004194581142505904,0.0005023642889430879,0,0,0,0,0,0,0,0,0,0,0,1.7006791988944607e-7,0,0,0,0.000003002578428648052,0,0,0,0,0,0,0,0,0,0.00007001124612980133,0.000262433733186867,0.0004843594805211982,3.5496012270151667e-7,0.000014665226046879099,0,0,0,0,0.0005065704973868571,0.0008349972923559847,0.0013415677897428418
1.049,1.1638396026464105e-8,0.000004143764770551004,0.0005028636868562695,0,0,0,0,0,0,0,0,0,0,0,1.721944234406526e-7,0,0,0,0.0000029979121106337185,0,0,0,0,0,0,0,0,0,0.0000694005277768559,0.00026441607758639663,0.0004883773990176161,3.593644352928693e-7,0.000014686219103879836,0,0,0,0,0.000507019090022847,0.0008404096944541156,0.0013474287844769625
1.05,1.1649490789665194e-8,0.000004094434009868294,0.0005033630648941411,0,0,0,0,0,0,0,0,0,0,0,1.7438495151191835e-7,0,0,0,0.0000029927797532872667,0,0,0,0,0,0,0,0,0,0.00006880596049181628,0.0002666347625505889,0.0004923171863988068,3.639015245212832e-7,0.00001472152209311721,0,0,0,0,0.000507469148394799,0.0008460104977636495,0.0013534796461584487
1.051,1.1660585552856698e-8,0.000004046529998554996,0.0005038624231157979,0,0,0,0,0,0,0,0,0,0,0,1.766403109253755e-7,0,0,0,0.000002988709786713533,0,0,0,0,0,0,0,0,0,0.00006821901212125488,0.00026873131765180956,0.0004957798820652027,3.685730312022191e-7,0.000014752344234905087,0,0,0,0,0.0005079206136999058,0.0008510164792020134,0.0013589370929019192
1.052,1.1671680316038644e-8,0.0000039999968430049224,0.0005043617615800984,0,0,0,0,0,0,0,0,0,0,0,1.7896135107686812e-7,0,0,0,0.0000029848301476803318,0,0,0,0,0,0,0,0,0,0.00006766261395100885,0.00027048570818628066,0.0004997271182265,3.733806841793425e-7,0.00001478772385277263,0,0,0,0,0.0005083734301034194,0.0008562003363994987,0.001364573766502918
1.053,1.1682775079211064e-8,0.000003954781437543578,0.0005048610803456669,0,0,0,0,0,0,0,0,0,0,0,1.8134896325246457e-7,0,0,0,0.0000029822992666540233,0,0,0,0,0,0,0,0,0,0.00006713600802193404,0.00027263818501549523,0.0005039878334558203,3.7832629885091e-7,0.000014818000744092438,0,0,0,0,0.0005088275445582896,0.0008621220017660995,0.0013709495463243892
1.054,1.169386984237398e-8,0.000003910833296828865,0.0005053603794708923,0,0,0,0,0,0,0,0,0,0,0,1.8380408002157546e-7,0,0,0,0.00000297947960264008,0,0,0,0,0,0,0,0,0,0.00006660796206407133,0.0002748800864005307,0.0005074606583594501,3.834117758573089e-7,0.000014849607431018712,0,0,0,0,0.0005092829066375635,0.0008673450097135899,0.0013766279163511534
1.055,1.1704964605527421e-8,0.000003868104399989853,0.0005058596590139322,0,0,0,0,0,0,0,0,0,0,0,1.863276747008303e-7,0,0,0,0.0000029783354096907286,0,0,0,0,0,0,0,0,0,0.00006609232513892021,0.0002776209157370752,0.0005130297625255775,3.8863909991726133e-7,0.00001489300021966128,0,0,0,0,0.0005097394683785275,0.0008751893058055431,0.0013849287741840707
1.056,1.1716059368671412e-8,0.000003826549045567938,0.0005063589190327115,0,0,0,0,0,0,0,0,0,0,0,1.8892076088338332e-7,0,0,0,0.0000029776179472241754,0,0,0,0,0,0,0,0,0,0.0000655933730782031,0.00027979743835729743,0.0005168078959742901,3.9401033880161544e-7,0.000014919696179279622,0,0,0,0,0.0005101971841376482,0.0008806789526359795,0.0013908761367736277
1.057,1.1727154131805982e-8,0.0000037861237164086774,0.0005068581595849249,0,0,0,0,0,0,0,0,0,0,0,1.9158439202873755e-7,0,0,0,0.0000029784177593907713,0,0,0,0,0,0,0,0,0,0.00006514378659376294,0.00028270381610436175,0.000521741126508279,3.9952764243440625e-7,0.000014958242123086911,0,0,0,0,0.0005106560104554654,0.0008881165011233445,0.00139877251157881
1.058,1.1738248894931154e-8,0.0000037467869537271785,0.000507357380728038,0,0,0,0,0,0,0,0,0,0,0,1.9431966110875143e-7,0,0,0,0.0000029790049782312114,0,0,0,0,0,0,0,0,0,0.00006465208493648687,0.0002852321685851161,0.0005267177792637708,4.051932421117864e-7,0.000015005443103810916,0,0,0,0,0.0005111159059306602,0.0008951859937706364,0.0014063018997012965
1.059,1.1749343658046961e-8,0.0000037084992396382495,0.0005078565825192879,0,0,0,0,0,0,0,0,0,0,0,1.97127700305605e-7,0,0,0,0.0000029804539999939705,0,0,0,0,0,0,0,0,0,0.00006420726705387529,0.00028814347061435823,0.0005312718537499584,4.1100944983032267e-7,0.000015036664852478396,0,0,0,0,0.0005115768311025842,0.0009022478474208002,0.0014138246785233843
1.06,1.1760438421153427e-8,0.0000036712228875033496,0.0005083557650156849,0,0,0,0,0,0,0,0,0,0,0,2.0000968075812014e-7,0,0,0,0.000002981350587330387,0,0,0,0,0,0,0,0,0,0.00006377618260132853,0.00029075922233790365,0.0005371497689551334,4.1697865771674103e-7,0.00001507887753603892,0,0,0,0,0.0005120387483416093,0.0009103623903562098,0.001422401138697819
1.061,1.1771533184250577e-8,0.0000036349219395022903,0.0005088549282740128,0,0,0,0,0,0,0,0,0,0,0,2.029668123529716e-7,0,0,0,0.0000029845925953166752,0,0,0,0,0,0,0,0,0,0.00006335254760909872,0.00029383260846609397,0.0005430584802064907,4.2310333755193176e-7,0.000015128491516607383,0,0,0,0,0.0005125016217466993,0.0009189827905435124,0.0014314844122902117
1.062,1.1782627947338436e-8,0.0000035995620708873577,0.0005093540723508318,0,0,0,0,0,0,0,0,0,0,0,2.0600034355763722e-7,0,0,0,0.000002986750214545405,0,0,0,0,0,0,0,0,0,0.0000629561543994337,0.0002963083715674876,0.0005480041035125875,4.2938604038263643e-7,0.000015165003470539775,0,1.8574777358163757e-18,0,0,0.0005129654170496665,0.0009260557695485361,0.0014390211865982026
1.063,1.1793722710417033e-8,0.0000035651105004235596,0.0005098531973024771,0,0,0,0,0,0,0,0,0,0,0,2.0911156129226477e-7,0,0,0,0.000002988997940300655,0,0,0,0,0,0,0,0,0,0.00006254452241882383,0.00029942652333381177,0.0005536383404382032,4.358293962147614e-7,0.000015214766319065765,0,4.0678864180487525e-17,0,0,0.0005134301015256111,0.000934458091407753,0.0014478881929333642
1.064,1.1804817473486398e-8,0.000003531535906559487,0.0005103523031850627,0,0,0,0,0,0,0,0,0,0,0,2.1230179083777482e-7,0,0,0,0.000002993529705962226,0,0,0,0,0,0,0,0,0,0.00006216646877242536,0.0003027242043202523,0.0005598434982546496,4.424361137826759e-7,0.000015256219796002223,0,2.2761033185741205e-16,0,0,0.0005138956439090956,0.0009436386587541398,0.0014575343026632355
1.065,1.1815912236546542e-8,0.00000349880834891126,0.0005108513900544798,0,0,0,0,0,0,0,0,0,0,0,2.1557239577775528e-7,0,0,0,0.00000299735120354166,0,0,0,0,0,0,0,0,0,0.0000617926397728719,0.0003059822459180534,0.0005659185666014165,4.492089803894526e-7,0.000015299895800161903,0,7.559809666012381e-16,0,0,0.0005143620143156277,0.0009526554806729685,0.0014670174949885963
1.066,1.1827006999597513e-8,0.0000034668991946755995,0.0005113504579664004,0,0,0,0,0,0,0,0,0,0,0,2.1892477797199902e-7,0,0,0,0.0000030026916450456523,0,0,0,0,0,0,0,0,0,0.0000614243468319779,0.00030951822359444586,0.0005726477261180507,4.5615086181338183e-7,0.00001534561902295106,0,1.9017918508380726e-15,0,0,0.0005148291841680756,0.0009626136828541583,0.0014774428670222338
1.067,1.1838101762639318e-8,0.0000034357810496197016,0.0005118495069762765,0,0,0,0,0,0,0,0,0,0,0,2.2236037755953697e-7,0,0,0,0.0000030077598536660192,0,0,0,0,0,0,0,0,0,0.00006107216673430407,0.0003134749656627852,0.0005789785279856376,4.6326470227629594e-7,0.000015403459632425566,0,4.0244340463061e-15,0,0,0.0005152971261276588,0.0009726225049526787,0.0014879196310803376
1.068,1.184919652567199e-8,0.000003405427693323195,0.0005123485371393425,0,0,0,0,0,0,0,0,0,0,0,2.2588067298936705e-7,0,0,0,0.0000030138071950401123,0,0,0,0,0,0,0,0,0,0.00006072943340721483,0.0003170366254087029,0.0005856457833812622,4.70553524469887e-7,0.000015450527214454456,0,7.56676844474619e-15,0,0,0.0005157658140291913,0.0009825726108117004,0.0014983384248408917
1.069,1.1860291288695555e-8,0.0000033758140183737513,0.0005128475485106152,0,0,0,0,0,0,0,0,0,0,0,2.2948718107707088e-7,0,0,0,0.0000030216158727512157,0,0,0,0,0,0,0,0,0,0.00006038416660794746,0.0003202226317385096,0.0005923508564327166,4.780204296362966e-7,0.00001549513211979056,0,1.305643822685112e-14,0,0,0.0005162352228202776,0.000992181910395485,0.0015084171332157628
1.07,1.1871386051710038e-8,0.0000033469159732410443,0.0005133465411448961,0,0,0,0,0,0,0,0,0,0,0,2.3318145708581076e-7,0,0,0,0.000003027120232025363,0,0,0,0,0,0,0,0,0,0.00006005468220774869,0.0003242909012288713,0.0005981011931163264,4.856685976995668e-7,0.000015547404183684198,0,2.1106217827324763e-14,0,0,0.0005167053285041888,0.0010017401510445474,0.0015184454795487362
1.071,1.1882480814715467e-8,0.0000033187105085754273,0.000513845515096771,0,0,0,0,0,0,0,0,0,0,0,2.36965094830179e-7,0,0,0,0.000003035226975727556,0,0,0,0,0,0,0,0,0,0.000059750142966069046,0.00032825128815209875,0.0006056383768425159,4.935012874450776e-7,0.00001559270579931593,0,3.2414860562665296e-14,0,0,0.0005171761080861612,0.0010129982071504172,0.0015301743152365784
1.072,1.1893575577711866e-8,0.000003291175526697141,0.0005143444704206125,0,0,0,0,0,0,0,0,0,0,0,2.4083972680160434e-7,0,0,0,0.0000030422522548956487,0,0,0,0,0,0,0,0,0,0.000059448304375586846,0.00033228965839199526,0.000612421562615658,5.015218367438805e-7,0.000015641616078468156,0,4.776714793579177e-14,0,0,0.0005176475395228874,0.0010235857553279166,0.0015412332948508039
1.073,1.1904670340699254e-8,0.000003264289834059976,0.0005148434071705799,0,0,0,0,0,0,0,0,0,0,0,2.4480702431406027e-7,0,0,0,0.000003052834665948581,0,0,0,0,0,0,0,0,0,0.00005914290736895854,0.0003365281572377296,0.0006204353107874841,5.09733662819583e-7,0.00001570446467108417,0,6.803748616906635e-14,0,0,0.0005181196016749805,0.001035618215486376,0.0015537378171613565
1.074,1.191576510367766e-8,0.0000032380330964894397,0.000515342325400621,0,0,0,0,0,0,0,0,0,0,0,2.488686976689837e-7,0,0,0,0.0000030617155078990995,0,0,0,0,0,0,0,0,0,0.0000588561328756954,0.0003403151426437374,0.0006281629114744538,5.181402625552971e-7,0.00001575631119039041,0,9.418712276455033e-14,0,0,0.0005185922742622141,0.0010469192227465873,0.0015655114970088014
1.075,1.1926859866647115e-8,0.0000032123857970109525,0.000515841225164473,0,0,0,0,0,0,0,0,0,0,0,2.530264963383681e-7,0,0,0,0.0000030712387162647983,0,0,0,0,0,0,0,0,0,0.00005858292985663642,0.0003447623749011687,0.0006360454826269199,5.267452128385592e-7,0.000015817422887138147,0,1.2727057590010254e-13,0,0,0.0005190655378213506,0.0010590592208245754,0.001578124758645926
1.076,1.1937954629607636e-8,0.0000031873291960968023,0.0005163401065156632,0,0,0,0,0,0,0,0,0,0,0,2.5728220916511e-7,0,0,0,0.000003078718301979511,0,0,0,0,0,0,0,0,0,0.00005830018446695027,0.00034892892312384476,0.0006450172091969641,5.355521709422394e-7,0.00001587054685804298,0,1.684242680238309e-13,0,0,0.0005195393736663896,0.0010719884164963132,0.0015915277901627028
1.077,1.1949049392559248e-8,0.000003162845294173863,0.0005168389695075102,0,0,0,0,0,0,0,0,0,0,0,2.616376645797641e-7,0,0,0,0.000003088998437076342,0,0,0,0,0,0,0,0,0,0.00005803919860763202,0.0003540984227481548,0.0006535069333802488,5.445648749397291e-7,0.000015926061911686142,0,2.188677645716598e-13,0,0,0.0005200137638510766,0.0010854658178431856,0.0016054795816942621
1.078,1.1960144155501988e-8,0.000003138916796245127,0.0005173378141931254,0,0,0,0,0,0,0,0,0,0,0,2.66094730832935e-7,0,0,0,0.0000031000324355741774,0,0,0,0,0,0,0,0,0,0.000057777687244748705,0.0003585808456523886,0.000662856523359092,5.537871441527331e-7,0.00001598671569093609,0,2.7995501126098633e-13,0,0,0.0005204886911335261,0.0010991216865376802,0.0016196103776712064
1.079,1.1971238918435864e-8,0.000003115527078489214,0.0005178366406254131,0,0,0,0,0,0,0,0,0,0,0,2.7065531624267633e-7,0,0,0,0.000003109520610178818,0,0,0,0,0,0,0,0,0,0.000057538683213041694,0.0003638685912240982,0.0006718233060068243,5.632228796303838e-7,0.000016044564805464525,0,3.5317526639257343e-13,0,0,0.0005209641389428207,0.0011132185444086558,0.0016341826833514766
1.08,1.1982333681360909e-8,0.0000030926601567115233,0.0005183354488570724,0,0,0,0,0,0,0,0,0,0,0,2.753213694562189e-7,0,0,0,0.0000031235521222592618,0,0,0,0,0,0,0,0,0,0.00005728936149842057,0.00036869330634603585,0.0006805432851417697,5.728760646581719e-7,0.000016108215892122338,0,4.398992195418291e-13,0,0,0.0005214400913474653,0.0011266059188746213,0.0016480460102220864
1.081,1.1993428444277148e-8,0.0000030703006565299283,0.0005188342389405973,0,0,0,0,0,0,0,0,0,0,0,2.8009487972554934e-7,0,0,0,0.0000031358565925951673,0,0,0,0,0,0,0,0,0,0.00005706081962890867,0.000374088010042373,0.0006897691128120229,5.827507652958776e-7,0.00001616122099083977,0,5.417313894037889e-13,0,0,0.0005219165330255715,0.0011410778662534922,0.0016629943992790637
1.082,1.2004523207184602e-8,0.000003048433785186084,0.000519333010928279,0,0,0,0,0,0,0,0,0,0,0,2.8497787719635153e-7,0,0,0,0.0000031496458016242187,0,0,0,0,0,0,0,0,0,0.00005682877572004378,0.0003792656057730318,0.0006999018539437809,5.928511309432362e-7,0.00001622476841154319,0,6.605077125326447e-13,0,0,0.0005223934492366723,0.001156248479318671,0.0016786419285553433
1.083,1.2015617970083303e-8,0.0000030270453048812107,0.0005198317648722055,0,0,0,0,0,0,0,0,0,0,0,2.899724332098748e-7,0,0,0,0.0000031632603440552257,0,0,0,0,0,0,0,0,0,0.00005660843834590352,0.0003843901118820211,0.0007090673988860206,6.031813949327037e-7,0.000016294661717781705,0,7.980234101663588e-13,0,0,0.0005228708257950568,0.0011704170258019482,0.001693287851597005
1.084,1.2026712732973262e-8,0.0000030061215075421393,0.0005203305008242634,0,0,0,0,0,0,0,0,0,0,0,2.9508066061744046e-7,0,0,0,0.0000031782207973093037,0,0,0,0,0,0,0,0,0,0.00005640346355896787,0.00038967430514050944,0.0007194193745166484,6.137458751484497e-7,0.000016349475441966377,0,9.561016382985434e-13,0,0,0.0005233486490445385,0.0011859336669472688,0.0017092823159918073
1.085,1.2037807495854518e-8,0.0000029856491909301076,0.0005208292188361388,0,0,0,0,0,0,0,0,0,0,0,3.0030471410726016e-7,0,0,0,0.000003194338645963062,0,0,0,0,0,0,0,0,0,0.000056185128679067014,0.00039634648260334845,0.0007294883944121361,6.245489746710662e-7,0.000016405632631919327,0,1.136803839997581e-12,0,0,0.0005238269058345647,0.0012025448317980162,0.0017263717376325809
1.086,1.2048902258727083e-8,0.0000029656156360105617,0.0005213279189593181,0,0,0,0,0,0,0,0,0,0,0,3.0564679054331736e-7,0,0,0,0.0000032095214688316245,0,0,0,0,0,0,0,0,0,0.000055972699029607445,0.00040213427864536374,0.000740281129475549,6.355951824474597e-7,0.000016481365768632437,0,1.3420146406155886e-12,0,0,0.0005243055834975874,0.0012190202377029896,0.001743325821200577
1.087,1.2059997021590985e-8,0.0000029460085855081007,0.0005218266012450885,0,0,0,0,0,0,0,0,0,0,0,3.1110912931616966e-7,0,0,0,0.0000032250974900969186,0,0,0,0,0,0,0,0,0,0.0000557817252688164,0.0004085960855376327,0.000752537146485154,6.468890739855877e-7,0.000016543316271444856,0,1.5743244207727533e-12,0,0,0.0005247846698276182,0.001237641370830771,0.0017624260406583893
1.088,1.2071091784446255e-8,0.000002926816223575517,0.0005223252657445407,0,0,0,0,0,0,0,0,0,0,0,3.166940127054974e-7,0,0,0,0.0000032421854886206955,0,0,0,0,0,0,0,0,0,0.00005559213413586507,0.00041444748442964204,0.0007639826253807067,6.584353120736847e-7,0.000016607011321187594,0,1.835688082577602e-12,0,0,0.0005252641530599006,0.0012548465719164894,0.00178011072497639
1.089,1.2082186547292904e-8,0.000002908027156510945,0.0005228239125085677,0,0,0,0,0,0,0,0,0,0,0,3.224037662543602e-7,0,0,0,0.0000032594724244077005,0,0,0,0,0,0,0,0,0,0.00005539698293591175,0.00042065758211954366,0.0007762613063938763,6.702386475238823e-7,0.000016681994824120554,0,2.1293420084011604e-12,0,0,0.000525744021851626,0.0012732499832409801,0.001798994005092606
1.09,1.2093281310130964e-8,0.000002889630394461235,0.0005233225415878668,0,0,0,0,0,0,0,0,0,0,0,3.282407591550245e-7,0,0,0,0.0000032769863078749487,0,0,0,0,0,0,0,0,0,0.00005521476956624198,0.00042766199055695956,0.0007874889336498675,6.823039199400128e-7,0.000016740927521624378,0,2.4568264563271583e-12,0,0,0.0005262242652636381,0.0012913941547384898,0.001817618420002128
1.091,1.2104376072960458e-8,0.000002871615334054079,0.0005238211530329408,0,0,0,0,0,0,0,0,0,0,0,3.342074046464813e-7,0,0,0,0.000003294935264197373,0,0,0,0,0,0,0,0,0,0.00005504591166583398,0.00043431004503251264,0.0007995348498027045,6.946360585096806e-7,0.000016809272752866724,0,2.8209478639463136e-12,0,0,0.0005267048727430678,0.0013100238608022192,0.0018367287335452872
1.092,1.2115470835781407e-8,0.00000285397174190483,0.0005243197468940984,0,0,0,0,0,0,0,0,0,0,0,3.4030616042357556e-7,0,0,0,0.000003315035714507132,0,0,0,0,0,0,0,0,0,0.00005486805188409972,0.00044132572856078896,0.0008134589799004877,7.072400828206587e-7,0.000016888847717554836,0,3.224671351337598e-12,0,0,0.000527185834106839,0.0013309041932453537,0.0018580900273521927
1.093,1.2126565598593836e-8,0.000002836689738947869,0.0005248183232214555,0,0,0,0,0,0,0,0,0,0,0,3.465395290578294e-7,0,0,0,0.0000033333540723319873,0,0,0,0,0,0,0,0,0,0.00005470147387158239,0.0004486938595110504,0.0008257223430983846,7.201211037015649e-7,0.000016947465273133825,0,3.671769312110008e-12,0,0,0.000527667139526002,0.0013504651601310119,0.0018781322996570139
1.094,1.2137660361397772e-8,0.0000028197597855452036,0.0005253168820649359,0,0,0,0,0,0,0,0,0,0,0,3.5291005843016494e-7,0,0,0,0.0000033561383982281865,0,0,0,0,0,0,0,0,0,0.000054552362839364344,0.00045597212853289344,0.0008394093895249763,7.332843240872994e-7,0.0000170222562227411,0,4.163424629667652e-12,0,0,0.0005281487795108425,0.0013713984740641456,0.001899547253574988
1.095,1.2148755124193231e-8,0.0000028031726673284016,0.0005258154234742725,0,0,0,0,0,0,0,0,0,0,0,3.594203421754546e-7,0,0,0,0.000003375750084726046,0,0,0,0,0,0,0,0,0,0.00005438674959965778,0.0004634759547041755,0.0008532566327494605,7.467350399092303e-7,0.00001709426487180868,0,4.703912884533766e-12,0,0,0.000528630744896725,0.001392695512095826,0.001921326256992551
1.096,1.2159849886980238e-8,0.0000027869194817324093,0.0005263139474990072,0,0,0,0,0,0,0,0,0,0,0,3.660730201392301e-7,0,0,0,0.0000033976958300241608,0,0,0,0,0,0,0,0,0,0.000054234070795549927,0.0004712379515754712,0.0008670407124939749,7.604786410105744e-7,0.00001716472433554604,0,5.296597374956959e-12,0,0,0.0005291130268306266,0.0014142017119883133,0.0019433147388189399
1.097,1.2170944649758819e-8,0.000002770991625182766,0.000526812454188494,0,0,0,0,0,0,0,0,0,0,0,3.7287077884657777e-7,0,0,0,0.0000034193564671210046,0,0,0,0,0,0,0,0,0,0.00005409521463186907,0.0004791924370816574,0.0008816720935444498,7.745206120871729e-7,0.00001723251078499522,0,5.944379215041686e-12,0,0,0.0005295956167583265,0.0014367590098454054,0.001966354626603732
1.098,1.2182039412528996e-8,0.000002755380780899801,0.0005273109435918975,0,0,0,0,0,0,0,0,0,0,0,3.7981635198353434e-7,0,0,0,0.000003440935684208491,0,0,0,0,0,0,0,0,0,0.00005394377330902116,0.000487800089098832,0.0008968680923895233,7.888665336542343e-7,0.000017301643270088783,0,6.649413849861856e-12,0,0,0.0005300785064122098,0.0014605232232867253,0.0019906017296989352
1.099,1.219313417529079e-8,0.0000027400789072859825,0.0005278094157581951,0,0,0,0,0,0,0,0,0,0,0,3.86912520891022e-7,0,0,0,0.0000034636636415764725,0,0,0,0,0,0,0,0,0,0.000053820243670212964,0.0004950183525400091,0.0009118980730577793,8.035220830392047e-7,0.000017378458806747696,0,7.416651323254281e-12,0,0,0.0005305616877996563,0.001482769233736907,0.0020133309215365634
1.1,1.220422893804423e-8,0.000002725078226864403,0.000528307870736178,0,0,0,0,0,0,0,0,0,0,0,3.941621150716452e-7,0,0,0,0.00000348524950259544,0,0,0,0,0,0,0,0,0,0.00005367762239198756,0.0005041460859329108,0.0009270777938649472,8.184930354013934e-7,0.00001745569220252057,0,8.24962014988439e-12,0,0,0.0005310451531919804,0.0015070551072950548,0.0020381002604870353
1.101,1.2215323700789327e-8,0.000002710371215738581,0.0005288063085744514,0,0,0,0,0,0,0,0,0,0,0,4.015680127095706e-7,0,0,0,0.0000035120366256373484,0,0,0,0,0,0,0,0,0,0.00005354327782859953,0.0005132584827280015,0.0009439309894080343,8.337852647784926e-7,0.000017534658603087894,0,9.154680268563278e-12,0,0,0.0005315288951138907,0.001533014807625529,0.00206454370273942
1.102,1.2226418463526122e-8,0.000002695950593545416,0.000529304729321436,0,0,0,0,0,0,0,0,0,0,0,4.091331412035662e-7,0,0,0,0.0000035371521134334293,0,0,0,0,0,0,0,0,0,0.00005341766129903816,0.0005208704235533329,0.0009588718496061218,8.494047451609153e-7,0.00001761598409151114,0,1.0132149121873696e-11,0,0,0.0005320129063334449,0.001555571618681951,0.002087584525015396
1.103,1.2237513226254617e-8,0.000002681809313874955,0.0005298031330253684,0,0,0,0,0,0,0,0,0,0,0,4.168604777135384e-7,0,0,0,0.000003560712322746215,0,0,0,0,0,0,0,0,0,0.00005329593823052948,0.0005314383940151846,0.0009758360436263851,8.653575515936886e-7,0.000017684247301362686,0,1.1187878236768261e-11,0,0,0.0005324971798524697,0.0015830975647133933,0.002115594744565863
1.104,1.2248607988974846e-8,0.0000026679405551320666,0.0005303015197343022,0,0,0,0,0,0,0,0,0,0,0,4.2475304972074503e-7,0,0,0,0.0000035875914627853206,0,0,0,0,0,0,0,0,0,0.00005318120820727427,0.0005409899449483267,0.0009958443444819938,8.816498613070239e-7,0.000017764725593889807,0,1.2323667292985625e-11,0,0,0.0005329817088974233,0.001612674229928965,0.002145655938826388
1.105,1.225970275168683e-8,0.000002654337711816827,0.0005307998894961095,0,0,0,0,0,0,0,0,0,0,0,4.3281393560176037e-7,0,0,0,0.0000036141229374927046,0,0,0,0,0,0,0,0,0,0.000053058658977130546,0.0005498809084937414,0.001010785107243155,8.982879548753326e-7,0.000017853217369906265,0,1.3545845586393096e-11,0,0,0.0005334664869106779,0.0016365231304577487,0.0021699896173684266
1.106,1.2270797514390596e-8,0.0000026409943862015417,0.0005312982423584801,0,0,0,0,0,0,0,0,0,0,0,4.410462652165979e-7,0,0,0,0.0000036387334319925924,0,0,0,0,0,0,0,0,0,0.00005296906772180716,0.0005603331054195344,0.0010311640636648828,9.152782174054821e-7,0.000017926902098186004,0,1.485876704759373e-11,0,0,0.000533951507542196,0.0016673882116777922,0.0022013397192199883
1.107,1.2281892277086157e-8,0.0000026279043803838513,0.0005317965783689241,0,0,0,0,0,0,0,0,0,0,0,4.494532205108558e-7,0,0,0,0.000003665813816265814,0,0,0,0,0,0,0,0,0,0.00005285130758316175,0.0005686716738555716,0.001048978153013625,9.326271397544287e-7,0.0000180136369691507,0,1.626907334116003e-11,0,0,0.0005344367646415851,0.0016935626818671136,0.0022279994465086985
1.108,1.2292987039773541e-8,0.000002615061688696411,0.0005322948975747722,0,0,0,0,0,0,0,0,0,0,0,4.58038036132282e-7,0,0,0,0.0000036930648543736246,0,0,0,0,0,0,0,0,0,0.00005275057249895302,0.0005803898414428172,0.0010683413585085657,9.503413197765485e-7,0.000018090979939851454,0,1.7781944734085842e-11,0,0,0.0005349222522505084,0.0017246742143824146,0.0022595964666329233
1.109,1.2304081802452763e-8,0.000002602460490454861,0.0005327932000231759,0,0,0,0,0,0,0,0,0,0,0,4.668040000617205e-7,0,0,0,0.0000037188348876261944,0,0,0,0,0,0,0,0,0,0.000052647978344093895,0.0005907892914745066,0.0010873745925447434,9.68427463600872e-7,0.000018182796507562187,0,1.939564278440292e-11,0,0,0.0005354079645954333,0.0017541487446178377,0.002289556709213271
1.11,1.2315176565123855e-8,0.000002590095143026819,0.0005332914857611094,0,0,0,0,0,0,0,0,0,0,0,4.7575445425860283e-7,0,0,0,0.0000037502333186467804,0,0,0,0,0,0,0,0,0,0.000052547970754036845,0.0006008422024774226,0.0011056273221704397,9.86892386938471e-7,0.000018271297072172358,0,2.1119121585025615e-11,0,0,0.0005358938960807014,0.001782501693753037,0.0023183955898337383
1.111,1.2326271327786834e-8,0.00000257796017520566,0.0005337897548353697,0,0,0,0,0,0,0,0,0,0,0,4.84892795320923e-7,0,0,0,0.0000037800195157953063,0,0,0,0,0,0,0,0,0,0.000052463424457286866,0.0006124084844902304,0.001129030106656389,0.000001005743016420028,0.00001834850287146536,0,2.2960583771925795e-11,0,0,0.0005363800412819032,0.001817521196763492,0.0023539012380453953
1.112,1.2337366090441725e-8,0.000002566050280873659,0.0005342880072925778,0,0,0,0,0,0,0,0,0,0,0,4.942224751599512e-7,0,0,0,0.000003812015101587796,0,0,0,0,0,0,0,0,0,0.00005237006420265235,0.0006230462760054241,0.0011471839836525075,0.0000010249863909638622,0.000018431070731245043,0,2.491876719765015e-11,0,0,0.0005368663949395419,0.0018463626434783078,0.00238322903841785
1.113,1.2348460853088545e-8,0.000002554360312940149,0.000534786243179179,0,0,0,0,0,0,0,0,0,0,0,5.037470016894674e-7,0,0,0,0.000003841018894006756,0,0,0,0,0,0,0,0,0,0.00005227552412998546,0.00063481236149597,0.0011699642375327314,0.0000010446296631740503,0.000018519001522756286,0,2.701240185192211e-11,0,0,0.0005373529519529722,0.0018809605472527152,0.0024183134992056873
1.114,1.235955561572732e-8,0.0000025428852775408874,0.0005352844625414445,0,0,0,0,0,0,0,0,0,0,0,5.134699395294977e-7,0,0,0,0.000003872253993229154,0,0,0,0,0,0,0,0,0,0.000052189337494291484,0.0006463375746599636,0.0011920465046138555,0.0000010646801007689805,0.000018605282781559317,0,2.922801914097713e-11,0,0,0.0005378397073746011,0.0019146291328112164,0.0024524688401858174
1.115,1.2370650378358065e-8,0.000002531620328485904,0.000535782665425472,0,0,0,0,0,0,0,0,0,0,0,5.233949107246731e-7,0,0,0,0.000003905510053708529,0,0,0,0,0,0,0,0,0,0.00005210791320929117,0.0006576234193659328,0.0012129049171622935,0.0000010851450880398845,0.000018707523542686125,0,3.158738994548631e-11,0,0,0.0005383266564043363,0.0019468578549200666,0.0024851845113244026
1.116,1.2381745140980812e-8,0.0000025205607619434557,0.000536280851877186,0,0,0,0,0,0,0,0,0,0,0,5.335255954768958e-7,0,0,0,0.0000039353887191117515,0,0,0,0,0,0,0,0,0,0.00005203355261744909,0.00067001971569578,0.0012362827086138755,0.0000011060321273393293,0.000018796697715806928,0,3.4087269849702274e-11,0,0,0.0005388137943842704,0.001982707655172109,0.0025215214495563796
1.117,1.2392839903595571e-8,0.0000025097020113487765,0.000536779021942339,0,0,0,0,0,0,0,0,0,0,0,5.438657328923053e-7,0,0,0,0.000003967677743126059,0,0,0,0,0,0,0,0,0,0.00005195782279963282,0.0006812884543405294,0.0012598626107075074,0.0000011273488405993674,0.000018885907979623955,0,3.6746580592973656e-11,0,0,0.0005393011167935915,0.0020176337248904923,0.002556934841684084
1.118,1.2403934666202373e-8,0.000002499039642526582,0.0005372771756665127,0,0,0,0,0,0,0,0,0,0,0,5.544191217422291e-7,0,0,0,0.000003997013461755475,0,0,0,0,0,0,0,0,0,0.00005188446021975107,0.0006949319734828001,0.001282408079074761,0.0000011491029708788817,0.000018982073101963223,0,3.954240903934541e-11,0,0,0.0005397886192437054,0.002053907160976061,0.0025936957802197664
1.119,1.2415029428801231e-8,0.000002488569349017152,0.0005377753130951182,0,0,0,0,0,0,0,0,0,0,0,5.65189621238237e-7,0,0,0,0.000004032098199858233,0,0,0,0,0,0,0,0,0,0.00005181354236773787,0.0007064374429505681,0.0013069374380376391,0.0000011713023839399065,0.000019088298773957263,0,4.25205737488438e-11,0,0,0.0005402762974735641,0.002090045354855513,0.002630321652329077
1.12,1.2426124191392178e-8,0.000002478286947596187,0.0005382734342733968,0,0,0,0,0,0,0,0,0,0,0,5.761811518206836e-7,0,0,0,0.000004070005141699882,0,0,0,0,0,0,0,0,0,0.00005175001166363683,0.000719365384095169,0.0013310404944076976,0.000001193955069852306,0.000019177092182066782,0,4.565808295715885e-11,0,0,0.0005407641473451843,0.0021271731693700262,0.0026679373167152105
1.121,1.2437218953975222e-8,0.000002468188373979302,0.0005387715392464212,0,0,0,0,0,0,0,0,0,0,0,5.873976959607417e-7,0,0,0,0.000004103277102723127,0,0,0,0,0,0,0,0,0,0.00005168632186043439,0.0007321217563106705,0.0013556047357175436,0.0000012170691446264061,0.00001928021366823521,0,4.897845264302431e-11,0,0,0.0005412521648393545,0.002164600820478647,0.0027058529853180016
1.122,1.2448313716550396e-8,0.0000024582696787023637,0.0005392696280590966,0,0,0,0,0,0,0,0,0,0,0,5.98843298975675e-7,0,0,0,0.000004139520950772646,0,0,0,0,0,0,0,0,0,0.000051624873502821635,0.0007447121063797897,0.0013804916702762583,0.0000012406528518728946,0.000019394246588567586,0,5.2474661642718964e-11,0,0,0.0005417403460515155,0.00220220196632372,0.002743942312375235
1.123,1.2459408479117708e-8,0.0000024485270231695064,0.00053976770075616,0,0,0,0,0,0,0,0,0,0,0,6.105220698568823e-7,0,0,0,0.000004172528867132,0,0,0,0,0,0,0,0,1.6576086547811025e-9,0.00005156747535025004,0.0007580306278088299,0.0014055444452604773,0.0000012647145644895154,0.000019486406969553824,0,5.617086627912484e-11,0,0,0.0005422286871878087,0.0022406784346701105,0.002782907121857919
1.124,1.2470503241677193e-8,0.00000243895667586092,0.0005402657573821829,0,0,0,0,0,0,0,0,0,0,0,6.224381821105658e-7,0,0,0,0.000004208125407361969,0,0,0,0,0,0,0,0,1.1606261562059532e-8,0.00005150780366565934,0.0007705244160165017,0.0014328529207936083,0.0000012892627863737903,0.000019591597778130363,0,6.004911499745391e-11,0,0,0.0005427171845612855,0.002280608230940423,0.0028233254155017084
1.125,1.2481598004228856e-8,0.00000242955500869309,0.00054076379798157,0,0,0,0,0,0,0,0,0,0,0,6.345958746107259e-7,0,0,0,0.00000423980810423003,0,0,0,0,0,0,0,0,3.018974165261254e-8,0.000051455816274276776,0.0007835920478284073,0.001457417288740083,0.0000013143061541611014,0.00001969755584362691,0,6.412717422064005e-11,0,0,0.0005432058345882674,0.002318381672688223,0.0028615875072764904
1.1260000000000001,1.2492692766772738e-8,0.0000024203184935243972,0.0005412618225985629,0,0,0,0,0,0,0,0,0,0,0,6.469994524639875e-7,0,0,0,0.0000042779091127490695,0,0,0,0,0,0,0,0,5.699397065953628e-8,0.000051400368845692774,0.0007964128514652047,0.0014850569235994706,0.000001339853438987593,0.00001981578072647479,0,6.84402464402819e-11,0,0,0.000543694633784854,0.0023590077490519496,0.0029027023828368036
1.127,1.250378752930884e-8,0.000002411243698799487,0.0005417598312772374,0,0,0,0,0,0,0,0,0,0,0,6.596532878862784e-7,0,0,0,0.000004312532351725525,0,0,0,0,0,0,0,0,9.160243985448645e-8,0.00005135605826183133,0.0008113409957403653,0.0015099951543339507,0.0000013659135482769198,0.0000199187349272578,0,7.297297198843678e-11,0,0,0.0005441835787635662,0.0023990407178641204,0.0029432242966276868
1.1280000000000001,1.2514882291837195e-8,0.0000024023272863260128,0.0005422578240615068,0,0,0,0,0,0,0,0,0,0,0,6.725618210905287e-7,0,0,0,0.000004351542112827553,0,0,0,0,0,0,0,0,1.3357221437343182e-7,0.00005131017711668768,0.0008234501446053407,0.0015362661543710501,0.0000013924955275503967,0.000020030620367078752,0,7.771104033278365e-11,0,0,0.0005446726662301247,0.002437607345847039,0.002982280012077164
1.129,1.2525977054357818e-8,0.00000239356600817787,0.000542755800995122,0,0,0,0,0,0,0,0,0,0,0,6.857295611857648e-7,0,0,0,0.000004387794312185888,0,0,0,0,0,0,0,0,1.8250893217985183e-7,0.00005126761153876924,0.0008376756606015944,0.0015622522735194324,0.000001419608562259562,0.00002014095925564948,0,8.269723662837705e-11,0,0,0.0005451618929803542,0.0024780122289804933,0.0030231741219608477
1.1300000000000001,1.2537071816870737e-8,0.0000023849567037191087,0.0005432537621216716,0,0,0,0,0,0,0,0,0,0,0,6.991610870866862e-7,0,0,0,0.0000044236495773598205,0,0,0,0,0,0,0,0,2.381754620484277e-7,0.000051229720341052866,0.0008512435370318325,0.0015928401169836358,0.0000014472619796409188,0.000020250267844992863,0,8.793618521198638e-11,0,0,0.0005456512558972076,0.002522371978243835,0.003068023234141043
1.131,1.2548166579375957e-8,0.000002376496296743281,0.0005437517074845833,0,0,0,0,0,0,0,0,2.4992415477695338e-9,2.6624436585257366e-9,0,7.128610484337102e-7,0,0,0,0.000004465261591896834,0,2.0220733097114e-12,0,7.425562990063847e-11,7.425562990063847e-11,7.425562990063847e-11,8.512694637422752e-11,0,3.000994503861717e-7,0.00005118535445671766,0.0008646708522255371,0.0016183646138070169,0.0000014754652505915166,0.000020366837142271066,0,9.343286913956225e-11,0,0,0.0005461407519479059,0.002561546910006836,0.003107687661954742
1.1320000000000001,1.2559261341873516e-8,0.0000023681817927229156,0.0005442496371271249,0,0,0,0,0,0,0,0,1.2435643385978683e-8,1.3248229349259308e-8,0,7.26834166523441e-7,0,0,0,0.0000044973507974850564,0,1.03266817548099e-11,0,5.525347371702087e-9,5.525347371702087e-9,5.525347371702087e-9,6.334969807035435e-9,0,3.678437207765277e-7,0.00005114369691624049,0.0008785646930534851,0.0016462776139989082,0.0000015042279915654317,0.00002048362010097933,0,9.917304810597947e-11,0,0,0.0005466303781811897,0.0026036145851303506,0.0031502449633115403
1.133,1.2570356104363421e-8,0.000002360010276164428,0.0005447475510924035,0,0,0,0,0,0,0,0,2.9598293454221016e-8,3.1534040251445684e-8,0,7.41085235248811e-7,0,0,0,0.0000045381449295875694,0,2.5208778016483016e-11,0,1.9316330161173762e-8,1.9316330161173762e-8,1.9316330161173762e-8,2.2149758516991276e-8,0,4.4105962412263737e-7,0.000051102146565893224,0.0008939077302435759,0.0016736198436968011,0.0000015335599664899805,0.0000205999520632439,0,1.0518226232184942e-10,0,0,0.0005471201317246723,0.0026466248837987093,0.0031937450155233816
1.1340000000000001,1.2581450866845703e-8,0.00000235197890806371,0.0005452454494233689,0,0,0,0,0,0,0,0,5.360928385082194e-8,5.711927863878007e-8,0,7.556191220492879e-7,0,0,0,0.000004576173162708606,0,4.678703767949614e-11,0,4.107080584103332e-8,4.107080584103332e-8,4.107080584103332e-8,4.7097028810460557e-8,0,5.1945243110893e-7,0.000051074603944677464,0.0009082756149912388,0.0017038098136901228,0.0000015634710887017493,0.000020721614409227888,0,1.1151458011037488e-10,0,0,0.0005476100097822995,0.002691577559150276,0.0032391875689325757
1.135,1.2592545629320368e-8,0.0000023440849234580684,0.0005457433321628117,0,0,0,0,0,0,0,0,8.41227846014432e-8,8.963819770951257e-8,0,7.704407688704341e-7,0,0,0,0.0000046119901282997495,0,7.52873285312608e-11,0,7.030609303118177e-8,7.030609303118177e-8,7.030609303118177e-8,8.067334421116043e-8,0,6.02785615609955e-7,0.000051038568834888143,0.0009226058244966561,0.0017317926759134942,0.0000015939714229009961,0.0000208410878222114,0,1.1809187189309572e-10,0,0,0.000548100009631899,0.002734322890987747,0.0032824229006196463
1.1360000000000001,1.2603640391787454e-8,0.0000023363256290702886,0.000546241199353366,0,0,0,0,0,0,0,0,1.2076750794471088e-7,1.2869794084332165e-7,0,7.855551931330898e-7,0,0,0,0.000004648439944562595,0,1.10908739987109e-10,0,1.0681434939580443e-7,1.0681434939580443e-7,1.0681434939580443e-7,1.2255475035114587e-7,0,6.907089689855505e-7,0.00005100657319543052,0.0009362005716730015,0.0017586793842122026,0.0000016250711871251204,0.00002096741847601047,0,1.2500482129191278e-10,0,0,0.000548590128622828,0.0027752964220113395,0.0033238865506341675
1.137,1.2614735154246969e-8,0.000002328698401040912,0.0005467390510375082,0,0,0,0,0,0,0,0,1.6320902671452126e-7,1.7399737298256393e-7,0,8.009674887117985e-7,0,0,0,0.000004688445306798865,0,1.5379084448387583e-10,0,1.5005521491671463e-7,1.5005521491671463e-7,1.5005521491671463e-7,1.7226728190611323e-7,0,7.833714256970281e-7,0.00005098579461171646,0.0009515295329700659,0.0017884197739934703,0.000001656780754739818,0.000021087564495912474,0,1.3222767555508206e-10,0,0,0.0005490803641737033,0.002820912156391986,0.003369992520565689
1.1380000000000001,1.2625829916698939e-8,0.000002321200682744825,0.00054723688725756,0,0,0,0,0,0,0,0,2.1129988207335206e-7,2.2525102358241097e-7,0,8.166828269225299e-7,0,0,0,0.000004730257745092698,0,2.0422106828510144e-10,0,1.9968503702598324e-7,1.9968503702598324e-7,1.9968503702598324e-7,2.2930220911961422e-7,0,8.797416421623917e-7,0.00005095945831102916,0.0009649946708999835,0.0018200409565190397,0.0000016891106564483398,0.000021217737427405944,0,1.3972070771833686e-10,0,0,0.0005495707137702215,0.002866593868195714,0.0034161645819659353
1.139,1.2636924679143372e-8,0.0000023138299826887063,0.0005477347080556868,0,0,0,0,0,0,0,0,2.643290079737678e-7,2.8179460456049447e-7,0,8.327064575196514e-7,0,0,0,0.000004771323933355965,0,2.6199950362749353e-10,0,2.5556077771744533e-7,2.5556077771744533e-7,2.5556077771744533e-7,2.9350037424888624e-7,0,9.800021260508019e-7,0.00005093939598280114,0.0009790581918741805,0.0018463889064221516,0.0000017220715823180478,0.000021352516573406838,0,1.4757733150159414e-10,0,0,0.0005500611749630547,0.0029076518308485547,0.0034577130058116093
1.1400000000000001,1.2648019441580306e-8,0.00000230658387248577,0.0005482325134739006,0,0,0,0,0,0,0,0,3.225931630565787e-7,3.439632579565885e-7,0,8.49043709702032e-7,0,0,0,0.0000048035244734795765,0,3.2781425508028285e-10,0,3.1705907910712527e-7,3.1705907910712527e-7,3.1705907910712527e-7,3.6397992368776994e-7,0,0.0000010836088063251824,0.000050913917853843675,0.0009933586686905042,0.0018772441672811674,0.0000017556743838244075,0.00002146660198390584,0,1.5579321496882647e-10,0,0,0.000550551745365828,0.0029534574043722445,0.0035040091497380724
1.141,1.2659114204009746e-8,0.0000022994599849046327,0.0005487303035540587,0,0,0,0,0,0,0,0,3.8560507063848246e-7,4.1133477621476333e-7,0,8.656999931284969e-7,0,0,0,0.000004845656411519467,0,4.0157900185111535e-10,0,3.8378800435914524e-7,3.8378800435914524e-7,3.8378800435914524e-7,4.4115644554968276e-7,0,0.0000011911118727969898,0.00005091270685737995,0.0010075014664529256,0.0019057362194567127,0.000001789930075912236,0.000021596803652487864,0,1.643361210942199e-10,0,0,0.0005510424226531674,0.002996829620993466,0.0035478720436466337
1.1420000000000001,1.267020896643172e-8,0.0000022924560119891404,0.0005492280783378661,0,0,0,0,0,0,0,0,4.524999930789273e-7,4.827753463161594e-7,0,8.82680798942372e-7,0,0,0,0.000004881676689018911,0,4.836829866590805e-10,0,4.561120929968657e-7,4.561120929968657e-7,4.561120929968657e-7,5.244985457650323e-7,0,0.0000013020145450110232,0.00005088257637874453,0.001022186131720564,0.0019328200272710205,0.0000018248498390741346,0.000021726152058607678,0,1.7321922375197888e-10,0,0,0.0005515332045588216,0.003039334876367344,0.0035908680809261656
1.143,1.2681303728846237e-8,0.0000022855697032462194,0.0005497258378668751,0,0,0,0,0,0,0,0,5.243366757566333e-7,5.593836282588891e-7,0,8.999917008056059e-7,0,0,0,0.000004919661395882061,0,5.742975317327541e-10,0,5.333593727333751e-7,5.333593727333751e-7,5.333593727333751e-7,6.130532647284839e-7,0,0.000001415259770829533,0.00005086795575397406,0.0010367026694323826,0.0019624541555515198,0.0000018604450214459143,0.00002186211043455478,0,1.8252612372201836e-10,0,0,0.0005520240888738501,0.003084279857571994,0.003636303946445844
1.1440000000000001,1.2692398491253336e-8,0.0000022787988638989238,0.0005502235821824865,0,0,0,0,0,0,0,0,5.998195162704989e-7,6.400487751963625e-7,0,9.176383559422612e-7,0,0,0,0.000004956706992078351,0,6.732777281653064e-10,0,6.145287722505735e-7,6.145287722505735e-7,6.145287722505735e-7,7.069320022320512e-7,0,0.0000015320360532611645,0.000050869287345008455,0.0010513387612234833,0.001992462628585026,0.0000018967271409193276,0.000021989264657187894,0,1.9213948769959172e-10,0,0,0.0005525150734448768,0.0031297543023805735,0.0036822693758254504
1.145,1.2703493253653019e-8,0.0000022721413532019765,0.0005507213113259498,0,0,0,0,0,0,0,0,6.791778719483761e-7,7.248961267230155e-7,0,9.356265061915469e-7,0,0,0,0.0000049952547460263506,0,7.810189719053218e-10,0,7.005001856897276e-7,7.005001856897276e-7,7.005001856897276e-7,8.060773116466597e-7,0,0.0000016516629852036944,0.00005084166381281842,0.0010646876537854049,0.0020226940007350234,0.0000019337078872721395,0.00002212277045141991,0,2.022284850859183e-10,0,0,0.0005530061561724055,0.0031741749760242047,0.00372718113219661
1.1460000000000001,1.2714588016045311e-8,0.000002265595082817257,0.000551219025338365,0,0,0,0,0,0,0,0,7.616485283964905e-7,8.131161777813068e-7,0,9.539619790706397e-7,0,0,0,0.000005032685325150765,0,8.984738657929823e-10,0,7.901739542422194e-7,7.901739542422194e-7,7.901739542422194e-7,9.101733315713068e-7,0,0.0000017730911667607914,0.00005083753765033877,0.0010796088928254548,0.002049881590434416,0.0000019713991243155504,0.00002226709251177808,0,2.127384955333529e-10,0,0,0.0005534973350091984,0.003217182822130123,0.0037706801571393213
1.147,1.2725682778430227e-8,0.000002259158015246771,0.0005517167242606818,0,0,0,0,0,0,0,0,8.483190304132427e-7,9.058156771050989e-7,0,9.726506888474741e-7,0,0,0,0.000005071152831810987,0,1.0245239084209717e-9,0,8.847514690336702e-7,8.847514690336702e-7,8.847514690336702e-7,0.000001019678280178039,0,0.0000018963624126230545,0.00005082303095921853,0.0010943025289699795,0.002081398343108255,0.00000200981289205928,0.000022395030075557955,0,2.2365947951572984e-10,0,0,0.000553988607958707,0.0032642982275165365,0.0038182868354752434
1.1480000000000001,1.2736777540807801e-8,0.0000022528281623207724,0.0005522144081337016,0,0,0,0,0,0,0,0,9.376003737515286e-7,0.0000010013829579795343,0,9.916986376235107e-7,0,0,0,0.0000051094886423906245,0,1.1608611113294e-9,0,9.822205246942697e-7,9.822205246942697e-7,9.822205246942697e-7,0.0000011327994208083608,0,0.000002024139722945756,0.000050816632824059935,0.0011088273362457586,0.0021108367624862925,0.0000020489614088944913,0.000022535216230753487,0,2.3496347346555986e-10,0,0,0.0005544799730735632,0.003309210076349926,0.003863690049423489
1.149,1.2747872303178031e-8,0.0000022466035837388154,0.0005527120769980768,0,0,0,0,0,0,0,0,0.0000010303548207907511,0.000001101062852111442,0,0.0000010111119164267165,0,0,0,0.000005152892324374274,0,1.305938355692108e-9,0,0.0000010827582427063348,0.0000010827582427063348,0.0000010827582427063348,0.0000012492891362756502,0,0.000002152970617094503,0.000050801835501818464,0.0011231867259799467,0.002139631023560015,0.000002088857073794706,0.00002267773615312152,0,2.467424745384213e-10,0,0,0.0005549714284541188,0.003353333687344719,0.0039083051157988375
1.1500000000000001,1.2758967065540952e-8,0.0000022404823856616085,0.0005532097308943136,0,0,0,0,0,0,0,0,0.0000011264817598009534,0.0000012035059146253452,0,0.0000010308967063151486,0,0,0,0.00000519185557923425,0,1.4615494408740823e-9,0,0.0000011869757529001044,0.0000011869757529001044,0.0000011869757529001044,0.0000013706526418089964,0,0.0000022843212628973168,0.000050811111450513625,0.0011385847204628114,0.0021689297803997704,0.0000021295124685351207,0.00002282146417929093,0,2.590378317867217e-10,0,0,0.0005554629722470407,0.003399046950671576,0.003954509922918617
1.151,1.2770061827896576e-8,0.0000022335129112943213,0.0005537073698627703,0,0,0,0,0,0,0,0,0.0000012242485633566571,0.0000013085113004521442,0,0.0000010507987080121358,0,0,0,0.000005226776193428322,0,1.627197529321194e-9,0,0.0000012945359688917591,0.0000012945359688917591,0.0000012945359688917591,0.0000014954737733188604,0,0.0000024169177703380695,0.00005079013353148703,0.001152533311638483,0.002199928994140377,0.0000021704021551395143,0.000022949585274977764,0,2.7167361911144346e-10,0,0,0.0005559536528358924,0.0034449806598271944,0.004000934312663087
1.1520000000000001,1.2781156590244926e-8,0.0000022266492796164788,0.000554204993943659,0,0,0,0,0,0,0,0,0.0000013258513576562383,0.0000014172879620658004,0,0.0000010710747027953696,0,0,0,0.000005267777742883278,0,1.8034589084386472e-9,0,0.0000014048624432458605,0.0000014048624432458605,0.0000014048624432458605,0.000001624574864152692,0,0.0000025516631105164947,0.00005077674586419395,0.0011686334281077522,0.00222890433299975,0.0000022120564300391284,0.000023090329193311283,0,2.8481708716366496e-10,0,0,0.0005564444243798658,0.00349109179794085,0.004047536222320716
1.153,1.279225135258602e-8,0.000002219889587435127,0.0005547026031770472,0,0,0,0,0,0,0,0,0.00000142875813202422,0.000001529273812197817,0,0.000001091730859961893,0,0,0,0.000005306122715857118,0,1.9901543368882227e-9,0,0.000001517470062336134,0.000001517470062336134,0.000001517470062336134,0.0000017564826942488131,0,0.000002688473930258636,0.00005075496394077881,0.001182226023062317,0.002257402102309241,0.0000022544878469360484,0.000023231448191329395,0,2.98459573561114e-10,0,0,0.0005569352850158349,0.0035342245662960694,0.004091159851311904
1.1540000000000001,1.2803346114919878e-8,0.0000022132319762129083,0.0005552001976028565,0,0,0,0,0,0,0,0,0.0000015352518636121792,0.0000016431295746598022,0,0.0000011127734369356611,0,0,0,0.000005343264672810915,0,2.1873278180881953e-9,0,0.0000016330513412249104,0.0000016330513412249104,0.0000016330513412249104,0.0000018916344535335456,0,0.000002827614347706861,0.000050757037981584785,0.001196718163300297,0.0022877283633100966,0.0000022977091383247625,0.00002336662108402739,0,3.12501503766189e-10,0,0,0.0005574262329251843,0.003580123217016586,0.00413754944994177
1.155,1.2814440877246508e-8,0.00000220667463078674,0.0005556977772608651,0,0,0,0,0,0,0,0,0.0000016442140114347665,0.0000017597461257391428,0,0.0000011342087803086876,0,0,0,0.00000538369112316014,0,2.3959443048186104e-9,0,0.0000017518663289323552,0.0000017518663289323552,0.0000017518663289323552,0.0000020294097068929543,0,0.0000029685110667335256,0.000050735122270922765,0.0012116069378177005,0.002316134794721907,0.0000023417332175697568,0.00002351086700714338,0,3.2718129150536543e-10,0,0,0.0005579172663325291,0.003624507557961906,0.004182424824294435
1.1560000000000001,1.2825535639565944e-8,0.0000022002157781297337,0.0005561953421907076,0,0,0,0,0,0,0,0,0.000001754922399266593,0.000001879728074476867,0,0.0000011560433268919116,0,0,0,0.000005423094698514843,0,2.6164738422072172e-9,0,0.0000018729168412859906,0.0000018729168412859906,0.0000018729168412859906,0.0000021720104086651963,0,0.0000031089039679641476,0.00005073788163082236,0.001224632842263839,0.002348569531267539,0.0000023865731809999494,0.000023662912462738534,0,3.4236794848776225e-10,0,0,0.0005584083835044769,0.003671106153047367,0.004229514536551844
1.157,1.2836630401878197e-8,0.0000021938536861547743,0.0005566928924318749,0,0,0,0,0,0,0,0,0.0000018684627250946176,0.000002001049993903427,0,0.0000011782836047755946,0,0,0,0.000005460183261088378,0,2.8494365730245142e-9,0,0.000001995556937489034,0.000001995556937489034,0.000001995556937489034,0.0000023165011599949713,0,0.0000032542797902969423,0.00005072498689667691,0.0012400235955845977,0.00237657539060542,0.000002432242310018895,0.000023806177939654844,0,3.580379247469302e-10,0,0,0.0005588995827484316,0.003715631032158487,0.004274530614906918
1.1580000000000001,1.2847725164183282e-8,0.0000021875866625580525,0.0005571904280237169,0,0,0,0,0,0,0,0,0.000001982695970942082,0.0000021252721438029987,0,0.0000012009362343994617,0,0,0,0.000005498639991546358,0,3.092123500208553e-9,0,0.0000021208144392426856,0.0000021208144392426856,0.0000021208144392426856,0.000002464838601150647,0,0.000003398804719028819,0.0000507317820141184,0.0012557089075168682,0.002406813234394392,0.000002478754073232095,0.000023946176884231957,0,3.7442161344592087e-10,0,0,0.0005593908624114391,0.003762715952406555,0.004322106814817994
1.159,1.2858819926481225e-8,0.0000021814130537011042,0.0005576879490054411,0,0,0,0,0,0,0,0,0.0000021004763599005035,0.000002252344220450706,0,0.0000012240079296321273,0,0,0,0.000005534542068353482,0,3.347495170909522e-9,0,0.0000022488235319866734,0.0000022488235319866734,0.0000022488235319866734,0.000002614606041955167,0,0.0000035453600226127936,0.00005071612507661935,0.0012694448509620226,0.002434810255057352,0.0000025261221285900203,0.000024092019789000803,0,3.9122725886116317e-10,0,0,0.0005598822208790688,0.0038056109189748793,0.004365493139853948
1.1600000000000001,1.2869914688772049e-8,0.000002175331243529817,0.0005581854554161145,0,0,0,0,0,0,0,0,0.0000022203321337273393,0.0000023817698941070307,0,0.0000012475054988604264,0,0,0,0.000005571414059515366,0,3.617472737744806e-9,0,0.0000023782278447571273,0.0000023782278447571273,0.0000023782278447571273,0.0000027670058857900285,0,0.000003694686676001466,0.00005072139566837525,0.0012825600078465512,0.0024648069927909583,0.000002574360325548121,0.000024240389898685778,0,4.086841946024718e-10,0,0,0.0005603736565743332,0.003849924570369324,0.0044102982269436574
1.161,1.2881009451055754e-8,0.000002169339652529049,0.0005586829472946633,0,0,0,0,0,0,0,0,0.00000234297087408985,0.000002513481086639786,0,0.0000012714358460878562,0,0,0,0.00000561028881538457,0,3.8966867760847604e-9,0,0.0000025113724570979997,0.0000025113724570979997,0.0000025113724570979997,0.000002924665683740771,0,0.000003844349482006257,0.000050723051036505014,0.001298246703359576,0.0024946369983583176,0.0000026234827072430023,0.0000243795082460301,0,4.2680022250099233e-10,0,0,0.0005608651679566434,0.0038966553763539135,0.004457520544310557
1.1620000000000001,1.2892104213332377e-8,0.000002163436736711476,0.0005591804246798747,0,0,0,0,0,0,0,0,0.0000024660416852535484,0.00000264681514568953,0,0.0000012958059720426585,0,0,0,0.0000056495950149748875,0,4.194040984072094e-9,0,0.0000026451294766158447,0.0000026451294766158447,0.0000026451294766158447,0.000003082814217909986,0,0.000003997088860099845,0.00005071484405763077,0.00131170925167637,0.0025264346452287395,0.0000026735035126849705,0.000024528311488636052,0,4.455360390053026e-10,0,0,0.0005613567535207994,0.003943138744866902,0.004504495498387702
1.163,1.2903198975601926e-8,0.000002157620986639426,0.0005596778876103961,0,0,0,0,0,0,0,0,0.0000025918088045029416,0.0000027847045328475083,0,0.000001320622975294964,0,0,0,0.000005691850551621005,0,4.502193241413469e-9,0,0.00000277980694729561,0.00000277980694729561,0.00000277980694729561,0.0000032448309790252696,0,0.000004150177418779419,0.000050729564824916285,0.001327518549976638,0.00255390290634385,0.0000027244371789664024,0.000024676969097799095,0,4.6492416375309805e-10,0,0,0.0005618484117960111,0.003987680810643533,0.004549529222439544
1.164,1.291429373786442e-8,0.000002151890926478393,0.0005601753361247371,0,0,0,0,0,0,0,0,0.0000027190166050189906,0.000002922698555034172,0,0.0000013458940533830252,0,0,0,0.000005729938167179805,0,4.8219145979044895e-9,0,0.000002918155353544158,0.000002918155353544158,0.000002918155353544158,0.000003409453879802159,0,0.000004306752739556803,0.00005072143423622846,0.0013421427387094057,0.0025827728115909716,0.0000027762983434863765,0.000024827569029797648,0,4.849546940955886e-10,0,0,0.0005623401413449534,0.004032434378839789,0.004594774520184743
1.165,1.2925388500119881e-8,0.0000021462451130811313,0.0005606727702612693,0,0,0,0,0,0,0,0,0.000002848927865018061,0.0000030633404466930482,0,0.0000013716265039484232,0,0,0,0.000005767550716455735,0,5.157510699985088e-9,0,0.0000030581628255602127,0.0000030581628255602127,0.0000030581628255602127,0.000003575824055557699,0,0.00000446192888414459,0.00005073570200288863,0.0013564333134450939,0.002612851669243798,0.0000028291018461909143,0.000024966101292663128,0,5.055332150649443e-10,0,0,0.0005628319407628505,0.004078085237823048,0.004640917178585898
1.166,1.2936483262368322e-8,0.000002140682135101149,0.0005611701900582272,0,0,0,0,0,0,0,0,0.0000029810585257394843,0.000003205836584876805,0,0.000001397827725879684,0,0,0,0.00000580417089144668,0,5.51025774694503e-9,0,0.0000031999630558582114,0.0000031999630558582114,0.0000031999630558582114,0.0000037448781367555087,0,0.000004619470392655798,0.00005074234125887562,0.0013717976886799118,0.0026424242573678653,0.000002882862731828592,0.000025128851356883077,0,5.269411180898522e-10,0,0,0.0005633238086765908,0.004124335170019158,0.004687658978695749
1.167,1.2947578024609769e-8,0.0000021352006121345215,0.0005616675955537088,0,0,0,0,0,0,0,0,0.0000031139202508372035,0.0000033519149525968114,0,0.0000014245052204647079,0,0,0,0.000005841985224610784,0,5.872580410850958e-9,0,0.0000033423683876505414,0.0000033423683876505414,0.0000033423683876505414,0.000003918189727637334,0,0.000004781497096486424,0.00005074387666993811,0.0013860615233160668,0.0026741471973498942,0.00000293759625222166,0.000025273680831272775,0,5.489955778748061e-10,0,0,0.000563815743743868,0.004171629413630968,0.004735445157374836
1.168,1.2958672786844235e-8,0.0000021297991938889923,0.000562164986785676,0,0,0,0,0,0,0,0,0.000003249690295264139,0.0000034991649364825074,0,0.0000014516665925510908,0,0,0,0.00000588112621482943,0,6.254235626267057e-9,0,0.0000034882456746887824,0.0000034882456746887824,0.0000034882456746887824,0.00000409068204155676,0,0.0000049413165615278056,0.00005074496030600402,0.0014000705381817184,0.002702894658796237,0.000002993317868551591,0.000025422606113928668,0,5.718100239669588e-10,0,0,0.0005643077446523519,0.004215711290978369,0.0047800190356307205
1.169,1.2969767549071737e-8,0.00000212447655937937,0.0005626623637919553,0,0,0,0,0,0,0,0,0.0000033862257903279983,0.0000036496751836967255,0,0.0000014793195517145407,0,0,0,0.000005922609927502699,0,6.647294258253183e-9,0,0.000003635727113892601,0.000003635727113892601,0.000003635727113892601,0.000004269387275575566,0,0.000005104931341738578,0.00005076225439472651,0.0014154785101760214,0.0027302752765801597,0.000003050043253659902,0.000025577757582580523,0,5.952859421136794e-10,0,0,0.0005647998101188838,0.004259870414979583,0.004824670225098466
1.17,1.298086231129229e-8,0.0000021192314161482587,0.0005631597266102389,0,0,0,0,0,0,0,0,0.0000035259146547399036,0.0000037996753161266027,0,0.000001507471913435036,0,0,0,0.000005961169428579723,0,7.056854478034785e-9,0,0.000003783689152956016,0.000003783689152956016,0.000003783689152956016,0.0000044483470700903895,0,0.000005269632692006678,0.000050759245432682566,0.00142963605823153,0.0027623242153290875,0.0000031077882943628166,0.000025727862589067123,0,6.196907673789014e-10,0,0,0.0005652919388886984,0.004307426124955822,0.004872718063844521
1.171,1.2991957073505924e-8,0.0000021140624995111952,0.0005636570752780845,0,0,0,0,0,0,0,0,0.0000036656235997625413,0.000003953712204976446,0,0.0000015361316002805158,0,0,0,0.000005998327620716888,0,7.486735077212107e-9,0,0.000003935925064213506,0.000003935925064213506,0.000003935925064213506,0.000004630857938273274,0,0.000005435562183245854,0.00005078341037070751,0.001444956245469974,0.002792509481953816,0.0000031665690937805988,0.000025882702840127048,0,6.447581717311605e-10,0,0,0.0005657841297346692,0.00435433453156155,0.0049201186612962185
1.172,1.3003051835712639e-8,0.0000021089685718253375,0.0005641544098329166,0,0,0,0,0,0,0,0,0.0000038101146836449853,0.000004110173198854285,0,0.0000015653066430975461,0,0,0,0.000006043213138726066,0,7.923107326338306e-9,0,0.000004088176558551533,0.000004088176558551533,0.000004088176558551533,0.000004815511240572619,0,0.000005604004953491828,0.00005078579139560946,0.0014594299974472183,0.002819325105597955,0.000003226401973680156,0.000026042502462586735,0,6.706912346236342e-10,0,0,0.0005662763814565777,0.0043970312462096525,0.00496330762766623
1.173,1.3014146597912471e-8,0.00000210394842178084,0.0005646517303120266,0,0,0,0,0,0,0,0,0.000003954024375299004,0.000004269231424907992,0,0.0000015950051822095125,0,0,0,0.000006083481082726122,0,8.386512382517578e-9,0,0.000004242509142957705,0.000004242509142957705,0.000004242509142957704,0.0000050020756872578075,0,0.000005773241455013325,0.000050809667729863895,0.0014758412204984384,0.0028524361268182676,0.000003287303476832275,0.000026195096878920802,0,6.973415813204724e-10,0,0,0.0005667686928804053,0.004447983085892573,0.005014751778772979
1.174,1.3025241360105422e-8,0.000002099000863714125,0.000565149036752573,0,0,0,0,0,0,0,0,0.0000040999860873620276,0.00000442938443232186,0,0.0000016252354686212155,0,0,0,0.0000061201195390870935,0,8.860277233186627e-9,0,0.000004398639120975291,0.000004398639120975291,0.000004398639120975291,0.000005192662800600146,0,0.000005944522913565021,0.00005082308384736307,0.0014901741369360607,0.002881410550788521,0.0000033492903693813804,0.0000263480304488925,0,7.247714347304697e-10,0,0,0.0005672610628576473,0.004492722506043371,0.005059983568901018
1.175,1.3036336122291518e-8,0.00000209412473694225,0.0005656463291915841,0,0,0,0,0,0,0,0,0.000004248027526482435,0.000004591880609391731,0,0.0000016560058652305114,0,0,0,0.000006159506307962023,0,9.356871222291407e-9,0,0.000004556085422403654,0.000004556085422403654,0.000004556085422403654,0.000005385433572280055,0,0.00000611803561609168,0.00005084597330333593,0.0015052440325232662,0.002913066533061954,0.0000034123796432297925,0.000026521171690740376,0,7.53237497760199e-10,0,0,0.0005677534902646486,0.004540927346095896,0.005108680836360544
1.176,1.3047430884470775e-8,0.0000020893189051176486,0.0005661436076659558,0,0,0,0,0,0,0,0,0.0000043986017619193285,0.000004757804678071834,0,0.0000016873248480463368,0,0,0,0.000006203627621014216,0,9.866800763684496e-9,0,0.000004714803040937349,0.000004714803040937349,0.000004714803040937349,0.000005579476215668517,0,0.000006290890868777783,0.000050864570613148115,0.0015187303640378721,0.002942768950852657,0.0000034765885184351034,0.000026672233574158975,0,7.824736250632447e-10,0,0,0.000568245974001958,0.004585585491986971,0.005153831465988929
1.177,1.3058525646643212e-8,0.0000020845822556025157,0.0005666408722124536,0,0,0,0,0,0,0,0,0.000004551484007035125,0.000004924910315169248,0,0.000001719201007413281,0,0,0,0.000006242794704609963,0,1.0399095342254786e-8,0,0.000004876202962988852,0.000004876202962988852,0.000004876202962988852,0.000005777921104596659,0,0.00000646678846473996,0.00005087993935485663,0.0015352836668935323,0.002973808453887724,0.000003541934445621299,0.00002684150817235796,0,8.125045447725927e-10,0,0,0.0005687385129937028,0.00463467842284651,0.005203416935840213
1.178,1.3069620408808844e-8,0.000002079913698862154,0.0005671381228677132,0,0,0,0,0,0,0,0,0.0000047045382774247085,0.0000050942379610451335,0,0.0000017516430492428216,0,0,0,0.000006285877582296214,0,1.0940730884362287e-8,0,0.000005038927165065854,0.000005038927165065854,0.000005038927165065854,0.00000597799583180622,0,0.000006644919957929352,0.00005091612917328872,0.001549555008575457,0.0030040155464607543,0.000003608435108403666,0.000026977912406728454,0,8.436320280454381e-10,0,0,0.0005692311061869841,0.0046806608102424865,0.005249891916429471
1.179,1.3080715170967686e-8,0.0000020753121678766177,0.0005676353596682415,0,0,0,0,0,0,0,0,0.0000048602878819177105,0.0000052668555998607065,0,0.0000017846597962509285,0,0,0,0.0000063222823039990765,0,1.1512292907501942e-8,0,0.000005204621762520008,0.000005204621762520008,0.000005204621762520008,0.0000061816745148415435,0,0.000006825588504702944,0.00005093001493970154,0.0015627704316076162,0.003035076835975729,0.000003676108425828005,0.000027145871876055702,0,8.757987434264217e-10,0,0,0.0005697237525512891,0.0047264668648057135,0.005296190617357002
1.18,1.3091809933119764e-8,0.0000020707766175700323,0.0005681325826504152,0,0,0,0,0,0,0,0,0.0000050187199041231,0.000005440984486741394,0,0.00000181826018920227,0,0,0,0.000006365581321099902,0,1.2100027763631697e-8,0,0.000005369922652162967,0.000005369922652162967,0.000005369922652162967,0.00000638784572584702,0,0.000007005019237029887,0.00005095683321221422,0.0015797058868050459,0.0030640742301927338,0.000003744972554824634,0.000027314073476605862,0,9.086141899215301e-10,0,0,0.0005702164510779183,0.00477395518370391,0.005344171634781828
1.181,1.3102904695265085e-8,0.0000020663060242569473,0.0005686297918504842,0,0,0,0,0,0,0,0,0.000005178351390881766,0.000005616403379921402,0,0.0000018524532881614657,0,0,0,0.000006399381677137821,0,1.2705299429550893e-8,0,0.00000553813435659532,0.00000553813435659532,0.00000553813435659532,0.000006594143661635683,0,0.000007187273635635496,0.000050984813201508964,0.0015946016677647133,0.003095715796799062,0.000003815045892677319,0.000027475832560361378,0,9.426487521829814e-10,0,0,0.0005707092007794365,0.004822049214269664,0.0053927584150491
1.182,1.3113999457403667e-8,0.0000020618993851051823,0.0005691269873045695,0,0,0,0,0,0,0,0,0.000005339096246658836,0.000005795940979605828,0,0.0000018872482737509675,0,0,0,0.000006445645268799365,0,1.3332698862471801e-8,0,0.000005707259602876989,0.000005707259602876989,0.000005707259602876989,0.000006807724364869086,0,0.00000737281992157217,0.00005100368952534354,0.0016105483798473732,0.0031248444737746227,0.0000038863470795082254,0.000027627851248295355,0,9.776318246653786e-10,0,0,0.0005712020006891321,0.004868695305669718,0.00543989730635885
1.183,1.312509421953554e-8,0.000002057555717614572,0.0005696241690486664,0,0,0,0,0,0,0,0,0.00000550239483663896,0.000005974349190030466,0,0.000001922654448416878,0,0,0,0.000006486665859829257,0,1.3979704696660101e-8,0,0.000005879943439485397,0.000005879943439485397,0.000005879943439485397,0.000007019058414546932,0,0.000007559600737802726,0.000051025371130894185,0.0016249949865502604,0.003152319719574699,0.0000039588950007800445,0.000027801760487125788,0,1.0135938496252012e-9,0,0,0.0005716948498605004,0.004912220279848027,0.005483915129708528
1.184,1.3136188981660706e-8,0.00000205327405911107,0.0005701213371186417,0,0,0,0,0,0,0,0,0.00000566714788311866,0.000006159366451127157,0,0.000001958681237701796,0,0,0,0.0000065243373787122685,0,1.4642465688004906e-8,0,0.000006051840806189915,0.000006051840806189915,0.000006051840806189916,0.000007237037035849497,0,0.000007746746550032195,0.000051045577899370735,0.0016403357289687488,0.003186797547179622,0.0000040327087898154775,0.000027966476543473498,0,1.0505969938942533e-9,0,0,0.0005721877473667345,0.004963642571398823,0.005535830318765558
1.185,1.3147283743779185e-8,0.000002049053466255701,0.0005706184915502385,0,0,0,0,0,0,0,0,0.00000583447348890294,0.0000063447657090291115,0,0.0000019953381915266905,0,0,0,0.000006564511171167889,0,1.5335046085744053e-8,0,0.00000622842773109326,0.00000622842773109326,0.00000622842773109326,0.000007456930554521886,0,0.000007936651634235603,0.00005107863109785864,0.001655156890620445,0.003217033685576047,0.000004107807830336137,0.000028134215882177557,0,1.0890301083782667e-9,0,0,0.000572680692300238,0.0050103456090257225,0.00558302630132596
1.186,1.3158378505891003e-8,0.0000020448930145678606,0.0005711156323790725,0,0,0,0,0,0,0,0,0.000006002791703321184,0.000006533749421791269,0,0.000002032634985480985,0,0,0,0.000006603341726738481,0,1.6041219976921772e-8,0,0.0000064050805772774194,0.0000064050805772774194,0.0000064050805772774194,0.000007677077250586217,0,0.000008129311075602223,0.000051101966836153615,0.001670396237953063,0.0032487528710856504,0.000004184211759021913,0.000028295081741316907,0,1.1283212920444534e-9,0,0,0.0005731736837721462,0.005058941686811828,0.005632115370583974
1.187,1.3169473267996166e-8,0.0000020407917979624766,0.0005716127596406359,0,0,0,0,0,0,0,0,0.0000061756057848951466,0.0000067231503094372404,0,0.000002070581422122556,0,0,0,0.000006638200544833503,0,1.6781658822764333e-8,0,0.000006583863998517021,0.000006583863998517021,0.000006583863998517021,0.000007902097749827286,0,0.000008322758249040129,0.00005112489994759722,0.0016851947812435322,0.003279450626853346,0.00000426194046809252,0.00002846000077516349,0,1.1687160899464998e-9,0,0,0.0005736667209118664,0.005106094185718351,0.005679760906630217
1.188,1.3180568030094697e-8,0.0000020367489283005586,0.0005721098733702954,0,0,0,0,0,0,0,0,0.000006346690239512409,0.000006917325092770833,0,0.0000021091874322877653,0,0,0,0.000006683661999672117,0,1.7533119554792866e-8,0,0.000006763806327448584,0.000006763806327448584,0.000006763806327448584,0.000008131357415751923,0,0.000008519378685002368,0.00005115085069720681,0.0017005310029513006,0.003308674246443712,0.000004341014107912209,0.00002862403107347326,0,1.2103460741028751e-9,0,0,0.000574159802866626,0.005152338908586577,0.005726498711453203
1.189,1.3191662792186609e-8,0.000002032763534952716,0.0005726069736032949,0,0,0,0,0,0,0,0,0.000006522924437090422,0.0000071140204102152354,0,0.000002148463076412798,0,0,0,0.000006719568655542282,0,1.8308548856874355e-8,0,0.0000069463045783555075,0.0000069463045783555075,0.0000069463045783555075,0.000008363158327370497,0,0.000008715663326038356,0.00005119531033624068,0.0017153888795402928,0.003339813916585048,0.000004421453089621286,0.000028785075957547343,0,1.2528935617508102e-9,0,0,0.0005746529288010398,0.005200046908918905,0.005774699837719945
1.19,1.3202757554271922e-8,0.0000020288347643751838,0.0005731040603747545,0,0,0,0,0,0,0,0,0.000006700197260017489,0.000007309251994968203,0,0.000002188418545866942,0,0,0,0.00000675510110594033,0,1.9114333990335118e-8,0,0.00000713171238934596,0.00000713171238934596,0.00000713171238934596,0.00000859878169781621,0,0.000008915690754290393,0.00005121866897636336,0.0017306436275887336,0.0033717286038181934,0.000004503278087794585,0.00002895634572557225,0,1.2970310248330461e-9,0,0,0.0005751460978966839,0.00524893351408861,0.005824079611985294
1.191,1.3213852316350653e-8,0.0000020249617796979675,0.000573601133719672,0,0,0,0,0,0,0,0,0.000006879516277652468,0.000007510684160597814,0,0.0000022290641642992796,0,0,0,0.0000067967800953308995,0,1.9939795713061603e-8,0,0.000007318512982319636,0.000007318512982319636,0.000007318512982319636,0.000008833881231565896,0,0.000009115915099190427,0.00005125092412663578,0.001746350624393793,0.003400357327415172,0.00000458651004313065,0.000029113272152730304,0,1.3418961941676282e-9,0,0,0.0005756393093516864,0.005295001319798965,0.005870640629150652
1.192,1.3224947078422812e-8,0.0000020211437603247045,0.0005740981936729227,0,0,0,0,0,0,0,0,0.000007060525898491345,0.000007715529057747034,0,0.0000022704103889993484,0,0,0,0.000006842154186979617,0,2.0796161439675154e-8,0,0.000007506385924978319,0.000007506385924978319,0.000007506385924978317,0.000009074191369819376,0,0.000009320584693413605,0.0000512886712298976,0.0017613452546926815,0.0034322901627671662,0.000004671170165173658,0.00002929674445788634,0,1.388263776211934e-9,0,0,0.0005761325623803258,0.0053437167411084065,0.005919849303488732
1.193,1.3236041840488422e-8,0.0000020173799015438436,0.0005745952402692607,0,0,0,0,0,0,0,0,0.000007244301050813985,0.000007920826194375172,0,0.0000023124678122737594,0,0,0,0.00000688472531226754,0,2.1661090046534783e-8,0,0.000007695907749840056,0.000007695907749840056,0.000007695907749840056,0.000009318414427134833,0,0.000009524525462483211,0.000051324770142910835,0.0017776762697558522,0.003462402755983598,0.000004757279935070252,0.000029456291749540133,0,1.4362839125981584e-9,0,0,0.000576625856212645,0.0053919334484498,0.005968559304662445
1.194,1.3247136602547501e-8,0.0000020136694141507876,0.000575092273543318,0,0,0,0,0,0,0,0,0.000007430031859978866,0.00000812900603374162,0,0.0000023552471628393606,0,0,0,0.000006920213044320803,0,2.256463725707068e-8,0,0.000007887424260840727,0.000007887424260840727,0.000007887424260840727,0.00000956362581123964,0,0.000009730724651637641,0.000051365614554516306,0.0017926853349040745,0.0034930824887562315,0.0000048448611083657725,0.000029632167831827114,0,1.4850481234194119e-9,0,0,0.0005771191900940713,0.005439425638186676,0.006016544828280747
1.195,1.325823136460006e-8,0.0000020100115240806504,0.0005755892935296079,0,0,0,0,0,0,0,0,0.000007617065130243441,0.000008340488332342755,0,0.0000023987593072351208,0,0,0,0.000006961544892716941,0,2.3499907791863324e-8,0,0.000008083298810161595,0.000008083298810161595,0.000008083298810161595,0.000009812331710039213,0,0.000009943077867048058,0.000051415425938994905,0.0018086233798337897,0.003525538011914352,0.00000493393571784026,0.000029802276747018338,0,1.535384204964523e-9,0,0,0.0005776125632850532,0.0054896612291141025,0.006067273792399156
1.196,1.3269326126646116e-8,0.0000020064054720512657,0.0005760863002625216,0,0,0,0,0,0,0,0,0.00000780751496761536,0.000008554815454877583,0,0.000002443015251253497,0,0,0,0.000007005758498770743,0,2.4457009300674182e-8,0,0.000008278482211900186,0.000008278482211900186,0.000008278482211900186,0.000010064902167167581,0,0.000010154698512221852,0.000051441289686614585,0.0018235202574350318,0.003555668440173976,0.000005024526076390575,0.000029966157155566583,0,1.5868128155976494e-9,0,0,0.0005781059750606995,0.005536512865837303,0.006114618840898003
1.197,1.3280420888685687e-8,0.00000200285051321613,0.0005765832937763322,0,0,0,0,0,0,0,0,0.000007996508560798946,0.000008772426275166758,0,0.0000024880261413937683,0,0,0,0.000007040106385600293,0,2.542748149754886e-8,0,0.000008477044712344032,0.000008477044712344032,0.000008477044712344032,0.000010322582420615337,0,0.00001036588566370708,0.000051485093299173725,0.0018389276466171003,0.0035874034640954863,0.000005116654779959648,0.00003013385419199033,0,1.6399053197731006e-9,0,0,0.000578599424710437,0.005585510449954842,0.006164109874665279
1.198,1.3291515650718791e-8,0.00000199934591682697,0.0005770802741051934,0,0,0,0,0,0,0,0,0.000008192181907843591,0.000008988805970341716,0,0.0000025338032663379907,0,0,0,0.00000708084130217995,0,2.6441254421222086e-8,0,0.000008675322238874242,0.000008675322238874242,0.000008675322238874242,0.00001058232653568101,0,0.000010583298604252375,0.000051525487316767396,0.0018536211008029777,0.0036186820489536257,0.0000052103447105171895,0.00003029760512941442,0,1.694267993494909e-9,0,0,0.0005790929115376711,0.005633351946738977,0.006212444858276649
1.199,1.330261041274544e-8,0.0000019958909659056057,0.0005775772412831405,0,0,0,0,0,0,0,0,0.000008389945410565012,0.00000921294980756176,0,0.000002580358058452462,0,0,0,0.0000071241177900399025,0,2.7477777127750695e-8,0,0.000008881915521963643,0.000008881915521963643,0.000008881915521963643,0.000010844559922499408,0,0.000010800881228334509,0.00005156975828498221,0.001870258577582262,0.003651597613272903,0.000005305619039096381,0.000030483824662579827,0,1.7503250776097902e-9,0,0,0.0005795864348594589,0.005684843179727373,0.006264429614586832
1.2,1.3313705174765652e-8,0.000001992484956924836,0.0005780741953440903,0,0,0,0,0,0,0,0,0.00000858611541235921,0.000009437876639547969,0,0.000002627702095315447,0,0,0,0.000007162409824921717,0,2.8538559587475784e-8,0,0.00000908271696380489,0.00000908271696380489,0.00000908271696380489,0.000011109054271080922,0,0.000011019294630002225,0.00005160986122748541,0.0018867232222030555,0.00368261695373741,0.000005402501228888331,0.00003064988636243135,0,1.8076490689334143e-9,0,0,0.0005800799940061899,0.005734223374732569,0.0063143033687387586
1.205,1.3369178984770736e-8,0.0000019761653208377844,0.0005805587700728016,0,0,0,0,0,0,0,0,0.00000961647450572963,0.000010607151365485372,0,0.000002876676529736127,0,0,0,0.000007369539228216723,0,3.430697002147545e-8,0,0.000010137008354170567,0.000010137008354170567,0.000010137008354170567,0.000012492486214037585,0,0.000012155195688274517,0.00005182509401359106,0.0019652894079795363,0.003840380833305296,0.0000059118721625115415,0.00003151657969389914,0,2.1182041157143013e-9,0,0,0.0005825483045726242,0.005980488760922963,0.006563037065495587
1.21,1.3424652794617286e-8,0.000001968652546113492,0.0005830430218972634,0,0,0,0,0,0,0,0,0.00001072659943358541,0.000011882188723928538,0,0.0000031545495409779798,0,0,0,0.0000076043017835714664,0,4.096561842311011e-8,0,0.000011271829315610477,0.000011271829315610477,0.000011271829315610477,0.000014000624229157283,0,0.000013376196521092331,0.00005217780032651195,0.002049697046390549,0.004007041591583817,0.000006480220248572026,0.00003248905786188015,0,2.475475833068583e-9,0,0,0.0005850250990961715,0.0062424891056847304,0.006827514204780902
1.215,1.3480126604307265e-8,0.0000019645033495252995,0.0005855269549274936,0,0,0,0,0,0,0,0,0.000011918362756841635,0.000013254217815459705,0,0.000003459529056739599,0,0,0,0.000007852351844451347,0,4.858344812228902e-8,0,0.0000124791167576263,0.0000124791167576263,0.0000124791167576263,0.000015629253647781742,0,0.0000146800157651905,0.0000525921955008954,0.002136359535931181,0.004182368984893036,0.000007103801326632652,0.000033498442908884905,0,2.883906398019766e-9,0,0,0.0005875049384036232,0.006516205509074492,0.007103710447478115
1.22,1.35356004138426e-8,0.0000019612235609258645,0.0005880105732035398,0,0,0,0,0,0,0,0,0.000013184166697110015,0.000014721981499026414,0,0.0000037914594983890595,0,0,0,0.00000807886002828143,0,5.720610367568649e-8,0,0.00001375863512802705,0.00001375863512802705,0.00001375863512802705,0.000017371376075741712,0,0.000016047519900273647,0.00005303526922594372,0.00222347304013747,0.0043599384709492985,0.000007782238411510272,0.000034531379285579146,0,3.3455941889995177e-9,0,0,0.0005899853323648794,0.006793292218790569,0.007383277551155448
1.225,1.3591074223225185e-8,0.0000019520744221236707,0.000590493880696972,0,0,0,0,0,0,0,0,0.000014494308472612985,0.000016258099957429428,0,0.000004143938874070901,0,0,0,0.000008304679174451317,0,6.680346210752153e-8,0,0.000015081440213917927,0.000015081440213917927,0.000015081440213917927,0.000019196473779710783,0,0.000017463213930038196,0.00005337459802138121,0.002309435467571281,0.004529060261273395,0.000008502341197580198,0.00003551008089670716,0,3.858570565787746e-9,0,0,0.0005924595461933189,0.007061058445823085,0.007653517992016404
1.23,1.3646548032456878e-8,0.0000019431056278198545,0.0005929768813123374,0,0,0,0,0,0,0,0,0.00001588410944947156,0.000017890674381604704,-3.160238063395224e-13,0.000004525211125727994,0,0,0,0.0000085284793036799,0,7.754046691065114e-8,0,0.000016483449447676716,0.000016483449447676716,0.000016483449447676716,0.000021125418092252607,0,0.00001897906561619897,0.00005374381710153629,0.002394809404800214,0.0047034969735363545,0.000009280980574823587,0.00003649534155610531,0,4.4320218545405e-9,2.2370450737351183e-9,0,0.0005949336334881897,0.007334294033098815,0.007929227666587005
1.235,1.370202184153952e-8,0.000001935220929357901,0.0005954595788885794,0,0,0,0,0,0,0,0,0.000017376272702359393,0.00001961712982027012,-1.1317669541713755e-11,0.000004938665275529132,0,0,0,0.000008755213948264012,0,8.936168728275456e-8,0,0.000018008760955757876,0.000018008760955757876,0.000018008760955757876,0.00002314311327368446,0,0.000020657222743787067,0.000054126343224184754,0.002481482527581887,0.0048775974673636565,0.000010125050326162663,0.00003747180085236699,0,5.077163258976492e-9,2.805989973787577e-8,0,0.0005974085018397788,0.007609439577412036,0.008206848079251814
1.24,1.3757495650474905e-8,0.000001929550324103928,0.0005979419772004173,0,0,0,0,0,0,0,0,0.000019007190262649995,0.00002142221004669523,-3.779718371171993e-11,0.000005388728549650383,0,0,0,0.000009009665413505698,0,1.0211322397686966e-7,0,0.000019714522596283303,0.000019714522596283303,0.000019714522596283303,0.000025233647325449307,0,0.00002253595403608212,0.000054537888479257854,0.0025710105426211215,0.00505617857379958,0.00001104356460318559,0.00003849272947873213,0,5.799443167921426e-9,8.438127227353261e-8,9.731125369694327e-9,0.0005998852850201717,0.007893206249672364,0.008493091534692536
1.245,1.3812969459264809e-8,0.000001924570262102591,0.0006004240799596951,0,0,0,0,0,0,0,0,0.000020783266465206512,0.000023299547885655635,-7.93121713980456e-11,0.0000058758708828632096,0,0,0,0.000009238407109126962,0,1.1547505220804099e-7,0,0.000021601099335084065,0.000021601099335084065,0.000021601099335084065,0.000027354947978483645,0,0.000024625181262829896,0.000054964113897856096,0.002659937804400154,0.0052347702070981664,0.000012037420724088511,0.00003956252939299923,0,6.6059215928022966e-9,1.7347950627455813e-7,7.527289141900466e-8,0.000602362463191257,0.008177623349162005,0.008779985812353262
1.25,1.3868443267910984e-8,0.0000019195134095615187,0.0006029058908166932,0,0,0,0,0,0,0,0,0.000022704929530786457,0.000025240471297112128,-1.3511912028028956e-10,0.000006401342757155577,0,0,0,0.000009471057951752902,0,1.2919130694970597e-7,0,0.0000236956781026585,0.0000236956781026585,0.0000236956781026585,0.0000295089206574643,0,0.0000269580351919719,0.000055393875630941795,0.002752444470528375,0.005416659280977477,0.000013109117144248548,0.00004061412064121303,0,7.498668611699714e-9,2.973237799203524e-7,2.0611900125428022e-7,0.0006048392726695226,0.00847023265425409,0.009075071926923611
1.2550000000000001,1.3923917076415138e-8,0.0000019140704212128126,0.000605387413361408,0,0,0,0,0,0,0,0,0.000024801596779496055,0.00002723324715255412,-2.0435796585434606e-10,0.000006967041396893246,0,0,0,0.000009717627760898677,0,1.4297947208895915e-7,0,0.000026007767775877262,0.000026007767775877262,0.000026007767775877262,0.000031674767860118454,0,0.000029528036189993123,0.000055822890631635514,0.0028443380248827465,0.005597853500316799,0.000014262476655738232,0.00004167479107995323,0,8.488060429995267e-9,4.580506178118148e-7,4.0688635211060817e-7,0.0006073154076996972,0.008762913504178932,0.00937022891187863
1.26,1.3979390884778973e-8,0.0000019092260539267293,0.0006078686511248003,0,0,0,0,0,0,0,0,0.000027082009919302585,0.00002929538471804457,-2.858035584252479e-10,0.0000075778802331042025,0,0,0,0.000009947998970523327,0,1.5655770309191326e-7,0,0.00002855602377115443,0.00002855602377115443,0.00002855602377115443,0.0000338750013925581,0,0.00003235575878000428,0.00005627092712717934,0.0029369928737165564,0.0057869555949032255,0.000015507492920510096,0.0000427109904790737,0,9.586393083759904e-9,6.581631532467268e-7,6.818927391777692e-7,0.0006097918565696117,0.009065745898658587,0.009675537755228199
1.2650000000000001,1.4034864693004144e-8,0.000001905529869326914,0.0006103496075800114,0,0,0,0,0,0,0,0,0.000029544845775524446,0.0000314488898699934,-3.78007934342687e-10,0.000008238634702718209,0,0,0,0.000010185387169385895,0,1.6991033007191177e-7,0,0.000031352291462891515,0.000031352291462891515,0.000031352291462891515,0.000036101471166401886,0,0.00003546987725113935,0.00005674348028150701,0.003031497182848179,0.005973668133776548,0.000016853867187277963,0.00004380923651531081,0,1.0799547902726317e-8,9.006625970152958e-7,0.0000010361325328295876,0.0006122691723140313,0.009369735007932546,0.009982004180246577
1.27,1.4090338501092293e-8,0.0000019026506663067947,0.0006128302861435502,0,0,0,0,0,0,0,0,0.00003220760309138359,0.000033686264334078845,-4.792982473971254e-10,0.000008952336708497886,0,0,0,0.000010434225494935724,0,1.8276738995206452e-7,0,0.000034399306542626156,0.000034399306542626156,0.000034399306542626156,0.00003839135110924429,0,0.000038839972846716697,0.000057228880322551666,0.0031285491834112016,0.006171262633486112,0.000018307725703079965,0.000044920006151669076,0,1.2142861621085982e-8,0.0000011868310180508051,0.0000014740452504322354,0.0006147470271483581,0.009688833409509158,0.010303580436657517
1.2750000000000001,1.4145812309045033e-8,0.0000019002790938251368,0.0006153106901764502,0,0,0,0,0,0,0,0,0.000035065112208926996,0.00003601826904311396,-5.873423625902054e-10,0.000009722081638801874,0,0,0,0.000010673381960132484,0,1.9487875535600558e-7,0,0.00003769094187483975,0.00003769094187483975,0.00003769094187483975,0.000040751541158657894,0,0.00004248469152921221,0.000057743335277836445,0.003225719818119163,0.006362448238209949,0.00001987532000334684,0.000046057021603623366,0,1.3624421005555977e-8,0.0000015200963676245959,0.00000200135466163487,0.0006172251150825843,0.01000336100324054,0.010620586118323125
1.28,1.4201286116863949e-8,0.0000018975975461668854,0.0006177908229853979,0,0,0,0,0,0,0,0,0.00003811053329833405,0.00003846470279198953,-6.993147235646389e-10,0.000010549229743815535,0,0,0,0.00001095928998685878,0,2.0638131440076205e-7,0,0.000041210743937615334,0.000041210743937615334,0.000041210743937615334,0.000043159591703260815,0,0.00004637013383146323,0.00005823907489905623,0.0033248266784993057,0.0065594912411211185,0.0000215593508374074,0.000047255191142634456,0,1.5252225158516206e-8,0.0000019024801589011243,0.0000026242005025349366,0.0006197026218176817,0.010327364864554362,0.010947067486372045
1.2850000000000001,1.4256759924550603e-8,0.000001895317483849049,0.0006202706878238345,0,0,0,0,0,0,0,0,0.00004135297896083418,0.00004104687614606432,-8.118691697144769e-10,0.000011440094687556997,0,0,0,0.000011204163881346681,0,2.1714183992045847e-7,0,0.000044960269078407596,0.000044960269078407596,0.000044960269078407596,0.00004570274342626347,0,0.000050495176306029356,0.0000587414975696656,0.0034232658151303057,0.006756893058114661,0.000023372638771320095,0.00004843572486186812,0,1.7041661046213994e-8,0.00000233581450650742,0.0000033436253563361155,0.0006221802620676081,0.010652744386585778,0.011274924648653387
1.29,1.4312233732106529e-8,0.000001893943119652764,0.0006227502878930303,0,0,0,0,0,0,0,0,0.00004479439383293803,0.00004378884470331041,-9.213695650322157e-10,0.000012401275066999655,0,0,0,0.000011442210684748007,0,2.273511687868597e-7,0,0.00004895203883211649,0.00004895203883211649,0.00004895203883211649,0.000048396932227924265,0,0.0000548585596317814,0.00005927125349013882,0.0035254720974231737,0.006959991812359095,0.000025328573424996545,0.000049599327389125627,0,1.900941531035792e-8,0.0000028255406071531185,0.000004172326374664622,0.0006246585432464151,0.010989444702926931,0.011614103246173346
1.2950000000000002,1.4367707539533246e-8,0.000001895081407336887,0.000625229626343133,0,0,0,0,0,0,0,0,0.000048462756443373236,0.0000467104071191055,-1.0248792337389242e-9,0.000013445144293757555,0,0,0,0.000011703230973911924,0,2.3779355340132253e-7,0,0.00005319854164276391,0.00005319854164276391,0.00005319854164276391,0.00005125649864820401,0,0.000059533183650640296,0.0000598670661507578,0.0036287693135156622,0.007171531167143566,0.00002745232243749153,0.000050838338325188134,0,2.1182153934558076e-8,0.000003376816846664937,0.000005107100842884627,0.0006271390754580094,0.011337906922147603,0.011965045997605613
1.3,1.4423181346832246e-8,0.000001896618077406496,0.0006277087062741898,0,0,0,0,0,0,0,0,0.000052363709832394754,0.000049812672534032815,-1.1153349080462282e-9,0.000014569385505058108,0,0,0,0.00001198147741931693,0,2.494727118892069e-7,0,0.00005771948971024475,0.00005771948971024475,0.00005771948971024475,0.000054294068007694805,0,0.0000644668856384476,0.00006045658603979686,0.0037353241092496483,0.007378975586596564,0.000029739041431170124,0.000052099218212941874,0,2.356460345434389e-8,0.0000039905223857878266,0.000006167968518741782,0.0006296197475329431,0.011687671622482765,0.012317291370015708
1.3050000000000002,1.4478655154004997e-8,0.0000018970547432590714,0.0006301875307371469,0,0,0,0,0,0,0,0,0.00005647125928367265,0.0000530907048960103,-1.1868914475916108e-9,0.000015772219123913324,0,0,0,0.000012259562849730516,0,2.627415378930936e-7,0,0.00006246822065404591,0.00006246822065404591,0.00006246822065404591,0.00005748254557792612,0,0.00006966082670207306,0.00006102793161079892,0.0038425352019905512,0.007591892315482581,0.00003218499224232034,0.00005338878833666906,0,2.6161709731049367e-8,0.000004663062552865706,0.000007348919943756672,0.0006320990641355599,0.012045470708911184,0.012677569773046744
1.31,1.453412896105294e-8,0.0000018959393559416631,0.0006326661027348231,0,0,0,0,0,0,0,0,0.00006076909792831523,0.000056521928617867995,-1.2317301416169243e-9,0.00001705550690284277,0,0,0,0.000012516375079751333,0,2.777562130271961e-7,0,0.0000674609454806103,0.0000674609454806103,0.0000674609454806103,0.000060868962302788473,0,0.00007507776916403455,0.00006157520514243096,0.003947962586126888,0.007800672324673792,0.0000347938733542863,0.00005462074342201848,0,2.898405335509609e-8,0.000005402951369350659,0.00000865566984398792,0.0006345765762197258,0.012399181338906426,0.013033757915126152
1.3150000000000002,1.4589602767977499e-8,0.0000018951795469479216,0.0006351444252228614,0,0,0,0,0,0,0,0,0.00006531975942268438,0.00006016571932997902,-1.242060929557571e-9,0.000018434488785269438,0,0,0,0.000012782882773142916,0,2.9483054186782623e-7,0,0.00007272166331603373,0.00007272166331603373,0.00007272166331603373,0.00006445423760462114,0,0.00008076335660934705,0.00006215111081341161,0.004053339686577621,0.008014396075304608,0.00003759666754394502,0.0000558783818448726,0,3.206554449893023e-8,0.000006216580343891796,0.000010103153514011802,0.0006370541943725773,0.012760092744440944,0.01339714693881352
1.32,1.4645076574780083e-8,0.0000018959300477394644,0.0006376225011106571,0,0,0,0,0,0,0,0,0.00007012849122440598,0.00006406302933505794,-1.2101054562589982e-9,0.000019923334594181272,0,0,0,0.000013055653274332366,0,3.1393426940269993e-7,0,0.0000782677087458847,0.0000782677087458847,0.0000782677087458847,0.0000683027455030008,0,0.00008674109722028788,0.00006274765851020357,0.004162326548205776,0.008230140512506782,0.000040622146392044535,0.00005717897586199007,0,3.544036426166203e-8,0.000007100544013976324,0.000011690466256608841,0.0006395330762349713,0.013129172493664512,0.013768705569899483
1.3250000000000002,1.4700550381462068e-8,0.000001897532087018946,0.0006401003332622655,0,0,0,0,0,0,0,0,0.00007521612994368116,0.00006822120588654164,-1.1243467383599714e-9,0.000021526464457634022,0,0,0,0.000013324695576252072,0,3.3515999110004895e-7,0,0.00008408298489627242,0.00008408298489627242,0.00008408298489627242,0.00007243595111280426,0,0.0000930171339816918,0.00006335248121764746,0.0042747089146671444,0.008451328546456582,0.000043879182885582395,0.00005850641536748362,0,3.912690450327106e-8,0.000008064698425574939,0.00001343057341596832,0.000642012565899666,0.013509634510632269,0.014151647076531935
1.33,1.4756024188024811e-8,0.0000018994459997361092,0.0006425779244972848,0,0,0,0,0,0,0,0,0.00008054277376427499,0.00007261445860672793,-9.721932565429132e-10,0.000023248486106842023,0,0,0,0.000013595510157795832,0,3.5713674707373304e-7,0,0.00009020584616055263,0.00009020584616055263,0.00009020584616055263,0.00007685734799017423,0,0.00009955351687497396,0.00006398042088611793,0.004386894787017153,0.008676095436421616,0.000047377029865382374,0.00005985886843736214,0,4.3144281534292123e-8,0.000009119384769648507,0.00001532562698756122,0.000644492126521209,0.013896080495202641,0.01454057262172385
1.335,1.4811497994469657e-8,0.0000019024605861351877,0.0006450552775917233,0,0,0,0,0,0,0,0,0.00008619595357378438,0.00007737689559291091,-7.398677859179738e-10,0.000025104163193250623,0,0,0,0.000013868624827431672,0,3.805301264673182e-7,0,0.00009661984275413153,0.00009661984275413153,0.00009661984275413153,0.00008157637961188131,0,0.00010640435246007368,0.00006464061175879619,0.004501971066968882,0.008904203796198223,0.0000511456292252975,0.00006125013475274519,0,4.7517353077244466e-8,0.000010259393254944184,0.000017390969695466534,0.000646972549675853,0.01429167480698784,0.014938647356663693
1.34,1.4866971800797923e-8,0.0000019058127221140314,0.0006475323952788418,0,0,0,0,0,0,0,0,0.0000921053189081466,0.00008238993387339391,-4.104088135102905e-10,0.000027097292905459773,0,0,0,0.000014162546599990331,0,4.043856630435156e-7,0,0.0001033170018546554,0.0001033170018546554,0.0001033170018546554,0.00008667464015986016,0,0.00011351941064763992,0.00006531589608618643,0.004619384053309283,0.009140727460906668,0.00005519256440515515,0.00006266223516354298,0,5.229380646016995e-8,0.000011485297114826067,0.000019655094167103647,0.0006494530749727567,0.014700779018871912,0.015350232093844668
1.3450000000000002,1.4922445607010914e-8,0.0000019092762758795913,0.0006500092802499785,0,0,0,0,0,0,0,0,0.00009831368187180531,0.00008773221711787589,3.474315929153101e-11,0.00002923550697972333,0,0,0,0.000014441565422663417,0,4.295690988006519e-7,0,0.0001102915925357019,0.0001102915925357019,0.0001102915925357019,0.00009212889825009794,0,0.00012095371356371657,0.000065978227343148,0.004737980307940888,0.009371728687550887,0.000059533229408257826,0.00006408875131356763,0,5.748923393127044e-8,0.000012797757037478876,0.00002209019204216656,0.0006519334789714651,0.015108364606525274,0.015760298085496737
1.35,1.4977919413109904e-8,0.0000019123271487704668,0.0006524859351553547,0,0,0,0,0,0,0,0,0.00010478613667057242,0.00009339510730291709,6.163868040380397e-10,0.00003152346341957047,0,0,0,0.000014730488710927905,0,4.5495663648761926e-7,0,0.00011758936098063755,0.00011758936098063755,0.00011758936098063755,0.00009787750178186111,0,0.0001286627252479556,0.0000666526611528889,0.004856356487987578,0.009610579530519742,0.00006417695962685571,0.00006551962817952236,0,6.313032586924833e-8,0.000014217345615775895,0.00002469190926063001,0.0006544132402235383,0.015526456731767873,0.01618086997199141
1.355,1.5033393219096155e-8,0.0000019156370610760458,0.0006549623626048619,0,0,0,0,0,0,0,0,0.00011160256508986205,0.00009938413587781204,1.3593189816754413e-9,0.00003397795660871205,0,0,0,0.000015018014496205332,0,4.812758664394561e-7,0,0.0001252698701996297,0.0001252698701996297,0.0001252698701996297,0.00010395313570607139,0,0.0001368835298419459,0.00006734048392665626,0.004976930921311299,0.009851112103030725,0.00006915779462612795,0.00006696629502534105,0,6.923326391821669e-8,0.000015741766938361174,0.000027495141408097078,0.0006568930330591571,0.015951925322935444,0.016608818355994603
1.36,1.5088867024970916e-8,0.0000019195824818050803,0.0006574385651688295,0,0,0,0,0,0,0,0,0.00011887404610805132,0.00010563877777932465,2.2915919420566294e-9,0.00003661513264870165,0,0,0,0.00001530777139368487,0,5.10155932452359e-7,0,0.00013346378766511795,0.00013346378766511795,0.00013346378766511795,0.00011021079376888186,0,0.00014573324991380002,0.00006803159980204195,0.005100410249845911,0.010096157979716533,0.00007450843482976128,0.00006843224822192936,0,7.588114906554446e-8,0.000017377094746345098,0.000030512833161721948,0.0006593732365176595,0.016388789903605504,0.017048163140123165
1.365,1.5144340830735407e-8,0.0000019242382536701008,0.0006599145453787768,0,0,0,0,0,0,0,0,0.0001266119873892788,0.00011218832380323271,3.44553911108039e-9,0.000039449516828556664,0,0,0,0.000015593665330425713,0,5.423125455731894e-7,0,0.00014227142043720975,0.00014227142043720975,0.00014227142043720975,0.00011674127232925985,0,0.00015523472496845755,0.00006874650492127602,0.0052248553258506915,0.010343700204139192,0.00008025826591493591,0.00006992923099919494,0,8.31072272207103e-8,0.000019123070525645853,0.000033757811878548035,0.0006618539279732777,0.01683363303150223,0.017495486959475507
1.37,1.5199814636390843e-8,0.0000019291302306368676,0.0006623903057281473,0,0,0,0,0,0,0,0,0.00013483058919568512,0.00011893939714289422,4.856024019625716e-9,0.00004248950585131996,0,0,0,0.000015891623856043218,0,5.785760448805851e-7,0,0.00015167072432623494,0.00015167072432623494,0.00015167072432623494,0.00012343473372257565,0,0.00016541005476672181,0.00006946956600039854,0.005351655946085807,0.010600000121793973,0.00008642419463969999,0.00007143792306413125,0,9.094732200466296e-8,0.00002097943541581088,0.000037243513268748896,0.0006643346357734206,0.017293893157173418,0.017958227792946837
1.375,1.5255288441938404e-8,0.0000019324366569862347,0.0006648658486730243,0,0,0,0,0,0,0,0,0.0001434809657879414,0.00012588513674173784,6.564559041503936e-9,0.00004572302489318423,0,0,0,0.000016161924745138574,0,6.188720158818916e-7,0,0.00016160696530780183,0.00016160696530780183,0.00016160696530780183,0.00013014975272494325,0,0.00017614666448211922,0.00007017307521202138,0.005476973166729027,0.010848156045550764,0.00009298149512139874,0.00007292521091794138,0,9.936822421346244e-8,0.000022956736140165008,0.000040941909200307984,0.0006668135406184524,0.01774820080896923,0.018415014349587682
1.3800000000000001,1.531076224737927e-8,0.000001935204236837612,0.0006673411766328339,0,0,0,0,0,0,0,0,0.00015255696605225754,0.00013301640433800838,8.614970296941495e-9,0.00004917620968965751,0,0,0,0.00001647195497598737,0,6.641796820196277e-7,0,0.0001720690041180979,0.0001720690041180979,0.0001720690041180979,0.00013698608643402416,0,0.0001873855808050685,0.00007085785459518793,0.0056018243663487136,0.011095990389078908,0.00009998316159246842,0.00007440892976351029,0,1.0852367281250602e-7,0.000025040893789062426,0.0000448469104519254,0.0006692916916319189,0.0182055340385942,0.018874825730226117
1.385,1.53662360527146e-8,0.000001938178806521542,0.0006698162919910292,0,0,0,0,0,0,0,0,0.00016202578354035594,0.00014035823247262347,1.1068772676235457e-8,0.000052875321622816525,0,0,0,0.000016749346457758954,0,7.15611177653827e-7,0,0.0001830337894581976,0.0001830337894581976,0.0001830337894581976,0.00014397271041278534,0,0.00019910869625721004,0.00007157053837494745,0.005728382123104847,0.01134991094028347,0.00010748241009185589,0.00007590922618927313,0,1.1842413656486815e-7,0.000027270274802365343,0.00004902718643332175,0.0006717698370336035,0.01867458926250512,0.019346359099538725
1.3900000000000001,1.5421709857945515e-8,0.0000019438287765511865,0.0006722911970957598,0,0,0,0,0,0,0,0,0.00017210256088879321,0.00014798872645481958,1.3993215220268942e-8,0.00005688241381740074,0,0,0,0.000017056584264467957,0,7.718905529209006e-7,0,0.00019449369255812067,0.00019449369255812067,0.00019449369255812067,0.00015119034014063635,0,0.00021139189148209302,0.00007233021004323033,0.005863625132811433,0.01161551539004843,0.00011560516534673609,0.00007748579869497154,0,1.2922393650090738e-7,0.000029619183986307206,0.00005347530720042479,0.000674250447582169,0.019168664890558747,0.019842915338140917
1.395,1.5477183663073153e-8,0.0000019497826466469357,0.0006747658942605282,0,0,0,0,0,0,0,0,0.00018238203348309466,0.00015586894880700923,1.746254485984695e-8,0.00006117965315529324,0,0,0,0.000017344581722190426,0,8.330028731443785e-7,0,0.0002062602107117808,0.0002062602107117808,0.0002062602107117808,0.00015855182407088127,0,0.00022390136792790818,0.00007310388069680106,0.005996497041103595,0.011884287455919308,0.0001243149384996472,0.0000790348294627317,0,1.4090851869259696e-7,0.00003212966755813265,0.00005824412338984217,0.0006767311540908381,0.019666612351868472,0.02034334350595931
1.4000000000000001,1.5532657468098618e-8,0.0000019555625818231865,0.0006772403857648276,0,0,0,0,0,0,0,0,0.00019284435788942012,0.0001639658768917538,2.156069757351505e-8,0.00006577794566216621,0,0,0,0.00001765581024682596,0,8.988672815986438e-7,0,0.00021818744572737594,0.00021818744572737594,0.00021818744572737594,0.0001661663354310174,0,0.0002364574703617256,0.00007388441448963731,0.0061340182016976445,0.012153639158238935,0.00013363366428713813,0.00008060631494724737,0,1.535656252404616e-7,0.00003479633631563809,0.00006321747232685286,0.0006792114810041189,0.020172299689572543,0.02085151117057666
1.405,1.5588131273023e-8,0.000001960173776309314,0.0006797146738547702,0,0,0,0,0,0,0,0,0.00020338915070123432,0.00017224636793830757,2.6368025712595623e-8,0.00007067522378782381,0,0,0,0.000017953243628590574,0,9.661189611597295e-7,0,0.00023019453523514865,0.00023019453523514865,0.00023019453523514865,0.00017409889493571413,0,0.0002489424176960184,0.0000746460790812849,0.006268292087730623,0.012426133296261344,0.00014355691648640427,0.0000821298108438246,0,1.672043888724489e-7,0.00003759352300300211,0.00006850287772240232,0.0006816904357623525,0.020679903186897768,0.02136159362266012
1.4100000000000001,1.564360507784737e-8,0.00000196496319604195,0.0006821887607436983,0,0,0,0,0,0,0,0,0.00021398080465640223,0.00018087481269005938,3.2022491124820735e-8,0.0000759204955525636,0,0,0,0.00001826988913215464,0,0.000001038455028257439,0,0.00024211775723115744,0.00024211775723115744,0.00024211775723115744,0.00018234884146816005,0,0.0002612883496646019,0.00007540846585035166,0.006403154293456144,0.012695863678685486,0.00015418400508053495,0.000083731284939171,0,1.8201015881037327e-7,0.000040515738136123913,0.00007409130546539554,0.0006841693675448181,0.02118723772414881,0.02187140709169363
1.415,1.5699078882572798e-8,0.000001969519264519078,0.0006846626486127828,0,0,0,0,0,0,0,0,0.00022465064628970343,0.00018991636288334505,3.8634106147286094e-8,0.0000815274937113685,0,0,0,0.000018578870062998415,0,0.0000011146225342149303,0,0.0002540232786682137,0.0002540232786682137,0.0002540232786682137,0.00019119707894705117,0,0.00027370152194538074,0.00007617446389248419,0.006538581673148999,0.012964386640343516,0.0001655425485377027,0.00008536850575953439,0,1.9797042459319117e-7,0.0000436226435471515,0.00007997002963170628,0.0006866478669561844,0.021696639541770535,0.02238328740872672
1.4200000000000002,1.575455268720032e-8,0.000001973780414756618,0.0006871363396116091,0,0,0,0,0,0,0,0,0.00023542817365980752,0.0001993337387596419,4.6374311239550154e-8,0.00008751817048991092,0,0,0,0.000018891598721037374,0,0.0000011979751667312968,0,0.000266036662766629,0.000266036662766629,0.000266036662766629,0.00020047660123154306,0,0.0002859399849444108,0.00007692791774937211,0.006676549553918284,0.013238786027659329,0.00017767683827561652,0.0000869825447564715,0,2.1514560147224948e-7,0.000046915353752721385,0.00008615137070094203,0.0006891258745790529,0.02221714735799842,0.022906273232577472
1.425,1.581002649173097e-8,0.0000019782005979247502,0.0006896098358587503,0,0,0,0,0,0,0,0,0.0002463832612252813,0.00020920889612837445,5.542037625484162e-8,0.00009393060002623623,0,0,0,0.000019208287251869338,0,0.0000012908257508282365,0,0.0002780562530823359,0.0002780562530823359,0.00027805625308233595,0.00021045085375709103,0,0.00029830095708493554,0.00007770440710501829,0.006814782100123273,0.013513227370185723,0.00019066386528650219,0.0000886391570531031,0,2.3388170262629458e-7,0.00005030825077062875,0.00009265733225297987,0.0006916038464831667,0.022741214225327735,0.023432818071810902
1.4300000000000002,1.5865500296165766e-8,0.0000019715028859342306,0.0006920831394423263,0,0,0,0,0,0,0,0,0.0002565726166799178,0.00021889370692596778,6.576431422052333e-8,0.00010043590073983462,0,0,0,0.000019479264664659127,0,0.000001389253456372091,0,0.0002891264467835083,0.0002891264467835083,0.0002891264467835083,0.0002202349313280299,0,0.00030953685022970355,0.00007819461850723515,0.006929579924793296,0.01374565483649997,0.00020383583387764714,0.00008995485019515695,0,2.530761042584556e-7,0.000053707115041215926,0.00009916123877650578,0.0006940705078285567,0.023194329122484512,0.02388839963031307
1.435,1.5920974100505703e-8,0.0000019606599787774916,0.0006945562524205523,0,0,0,0,0,0,0,0,0.0002663804679649152,0.00022878602300299323,7.769035849659859e-8,0.00010722385195191128,0,0,0,0.000019712353190226845,0,0.0000014988928497520934,0,0.0002996346481702014,0.0002996346481702014,0.0002996346481702014,0.00023045889734374047,0,0.00032025222054587977,0.00007860016494452103,0.0070354775272195086,0.0139554130362837,0.00021757783578538135,0.0000911413525643543,0,2.7350153579295404e-7,0.0000571445931499878,0.00010577680283075905,0.0006965328333734303,0.023614699156032527,0.024311231989405956
1.4400000000000002,1.5976447904751778e-8,0.0000019499838147533874,0.0006970291768222761,0,0,0,0,0,0,0,0,0.00027628093511166427,0.00023917949867807405,9.154756751432629e-8,0.00011444702246495939,0,0,0,0.000019938037622280004,0,0.0000016209955788115786,0,0.000310175135404676,0.000310175135404676,0.000310175135404676,0.0002414045731766941,0,0.00033058994785089814,0.0000789955162543108,0.007143339903316538,0.014160931649575001,0.00023219922156113553,0.0000924040348539643,0,2.954828172133967e-7,0.000060731864495114205,0.00011267907217403626,0.0006989951370849342,0.024035654709312237,0.024734649846397172
1.445,1.6031921708904964e-8,0.0000019470589881257813,0.0006995019146475008,0,0,0,0,0,0,0,0,0.00028693727484881853,0.00025072303777002805,1.0794822919201556e-7,0.00012243015384289684,0,0,0,0.00002024012313836743,0,0.0000017629806946911176,0,0.00032132447983052395,0.00032132447983052395,0.00032132447983052395,0.000253707634343347,0,0.0003418920182140018,0.0000795750881626173,0.0072658847659375905,0.014410793651039937,0.0002483584194488632,0.00009387036198551759,0,3.198198353657488e-7,0.00006462973237707836,0.00012018895646090685,0.0007014650055573355,0.024525395405820792,0.025226860411378126
1.4500000000000002,1.6087395512966217e-8,0.000001944430373111829,0.0007019744678678999,0,0,0,0,0,0,0,0,0.0002977794240549913,0.00026289529532008015,1.2708285210228703e-7,0.00013095121558732712,0,0,0,0.00002051383937925347,0,0.0000019220424683650728,0,0.00033273754201252286,0.00033273754201252286,0.0003327375420125229,0.00026680472619109585,0,0.00035315479815252844,0.00008018710704307534,0.0073896208733021905,0.014658550661891857,0.000265604470128149,0.00009539375619826434,0,3.4627785603133197e-7,0.00006871428724358732,0.00012792458406704586,0.0007039349856365247,0.025018703067773516,0.02572263805341004
1.455,1.6142869316936494e-8,0.0000019401662694867437,0.0007044468384273186,0,0,0,0,0,0,0,0,0.0003084492487034748,0.00027566029632140426,1.4939643497769054e-7,0.00013995722517830763,0,0,0,0.000020791012298816745,0,0.000002103672555644955,0,0.00034384697000803887,0.00034384697000803887,0.00034384697000803887,0.0002806620572950228,0,0.0003638238688254755,0.00008074086111766574,0.007511242518180023,0.014899334618617638,0.0002838295193486847,0.00009682120699947088,0,3.7453584369860697e-7,0.00007291688208942435,0.00013594615839849166,0.0007064031475661223,0.02550434398823234,0.026210747135798462
1.46,1.6198343120816707e-8,0.0000019302203306451422,0.0007069190282422661,0,0,0,0,0,0,0,0,0.00031870986862131553,0.0002885495334407439,1.752353703711105e-7,0.000149269242923311,0,0,0,0.00002102977672786066,0,0.0000023070527411981544,0,0.000354220980654247,0.000354220980654247,0.000354220980654247,0.00029485348951896023,0,0.0003736940006895926,0.00008114777672772753,0.007619682844224266,0.015113797312184785,0.00030267038417677535,0.00009809097525895621,0,4.042460187986382e-7,0.00007705738525336478,0.0001440029884202467,0.0007088654469160321,0.025948105054261015,0.026656970501177046
1.465,1.625381692460781e-8,0.0000019204047105417684,0.0007093910392023977,0,0,0,0,0,0,0,0,0.0003289001210456344,0.0003019876133850827,2.0543660995188236e-7,0.00015916282653106775,0,0,0,0.00002126610669111544,0,0.000002539109013737125,0,0.00036424089846105875,0.00036424089846105875,0.00036424089846105875,0.00030991709708479224,0,0.0003834968980077415,0.00008155949363486203,0.007727331953885706,0.015334138193414677,0.00032268554253291125,0.00009933421929035628,0,4.3635328984562055e-7,0.00008140854116083545,0.0001523178335450844,0.0007113276977298641,0.02639941003450658,0.027110737732236444
1.4700000000000002,1.630929072831069e-8,0.0000019116976019875997,0.000711862873170983,0,0,0,0,0,0,0,0,0.0003391455709152283,0.00031626488240938847,2.4097475717071273e-7,0.00016972423484704237,0,0,0,0.0000215211739771207,0,0.000002800404088884785,0,0.00037443469274664053,0.00037443469274664053,0.00037443469274664053,0.0003259694230208976,0,0.00039309933134837067,0.00008199369425376914,0.007835690305519965,0.015551502291693357,0.00034404943663664467,0.00010065367182431173,0,4.711651406286693e-7,0.0000859196634448238,0.00016100947712274847,0.0007137908800636988,0.026853359779240273,0.02756715065930397
1.475,1.6364764531926247e-8,0.0000019041427413205281,0.0007143345319853703,0,0,0,0,0,0,0,0,0.00034956204448728174,0.0003312640350353654,2.8290394892233714e-7,0.00018100038655632217,0,0,0,0.000021782637525817943,0,0.0000030892035745011276,0,0.0003850093361614058,0.0003850093361614058,0.0003850093361614058,0.0003428652701558628,0,0.00040305010981668343,0.00008245660540282481,0.00794925897627359,0.01577413444739273,0.0003668566912399271,0.000101926977583912,0,5.088021090745119e-7,0.00009064891702614846,0.0001700333146452679,0.0007162550394912227,0.027323749331258453,0.028040004370749674
1.48,1.6420238335455375e-8,0.0000018966890820834518,0.000716806017457437,0,0,0,0,0,0,0,0,0.0003603237476859886,0.0003465806313666556,3.3244646887663573e-7,0.00019297110738417914,0,0,0,0.000022028100101096198,0,0.000003398197072673295,0,0.0003957710997283281,0.0003957710997283281,0.0003957710997283281,0.00036009140856306526,0,0.00041365552997146507,0.00008291329604931989,0.00806010208488091,0.01599627662895031,0.00039106593014292526,0.0001032746644404,0,5.495792892404557e-7,0.00009545248792893973,0.00017934816204718957,0.0007187191267778559,0.027795677301528217,0.028514396428306072
1.485,1.6475712138898937e-8,0.000001883032246317457,0.0007192773313740301,0,0,0,0,0,0,0,0,0.0003705630507024263,0.0003616763416844511,3.903062485822584e-7,0.0002052390300016777,0,0,0,0.00002224690414661366,0,0.000003716761405306081,0,0.000406116014540072,0.000406116014540072,0.000406116014540072,0.0003770859507157293,0,0.0004239336550022726,0.00008320604790245407,0.008154338120084724,0.016182890679945015,0.00041587152160831085,0.00010439109396657754,0,5.921630172144171e-7,0.0001001450328314987,0.00018855184175534486,0.0007211768393324865,0.028213186544638415,0.0289343633839709
1.4900000000000002,1.653118594225781e-8,0.0000018673086591739391,0.0007217484754974021,0,0,0,0,0,0,0,0,0.0003809720512150961,0.0003768204928138543,4.586059056702176e-7,0.00021805105936566983,0,0,0,0.000022443100306020477,0,0.000004046112046462243,0,0.0004166765166744564,0.0004166765166744564,0.0004166765166744565,0.00039394359154026784,0,0.0004344232305592468,0.00008343507803066406,0.008241795165462487,0.016357274441182533,0.00044177358557151875,0.00010539744721431057,0,6.37672864650147e-7,0.00010494429983062897,0.00019776343321764922,0.0007236323153425184,0.0286142089171501,0.02933784123249262
1.495,1.6586659745532813e-8,0.000001851735500263304,0.0007242194515656306,0,0,0,0,0,0,0,0,0.00039159671816497917,0.00039182647568220485,5.398896723567356e-7,0.00023157766696347976,0,0,0,0.00002262952684959405,0,0.000004390454178228863,0,0.0004274237745863067,0.0004274237745863067,0.0004274237745863067,0.0004107635588406633,0,0.00044553728829126166,0.00008366140306554078,0.008325135529024816,0.016527467284322455,0.00046911716002102054,0.00010637710043522721,0,6.868498375379198e-7,0.00010987630431054603,0.00020729722585290005,0.0007260877737256395,0.02901075175927173,0.02973683953299737
1.5,1.6642133548724818e-8,0.0000018243917105903676,0.0007266902612930378,0,0,0,0,0,0,0,0,0.00040104301641486867,0.0004052794478988928,6.335411972176709e-7,0.0002448371457595956,0,0,0,0.000022723589138309056,0,0.000004733021827689836,0,0.0004370983649317153,0.0004370983649317153,0.0004370983649317153,0.0004259572368837058,0,0.0004546094886981065,0.00008354047240507631,0.008374365177161985,0.016628367132492956,0.0004959134087424246,0.00010705030952658729,0,7.367178572759432e-7,0.00011440584700385337,0.0002160475691524678,0.0007285312951371769,0.029291538216956157,0.030020069512093333
1.5050000000000001,1.6697607351834635e-8,0.000001797302302757333,0.0007291609063705944,0,0,0,0,0,0,0,0,0.00041053441530855154,0.0004185200040150996,7.444986644945998e-7,0.00025872973039848515,0,0,0,0.000022808932539214688,0,0.000005080972577478402,0,0.00044681327038443436,0.00044681327038443436,0.00044681327038443436,0.0004413448127746719,0,0.00046477709707439327,0.00008341066365130043,0.008421889897185286,0.016719667483953763,0.0005239858903167974,0.00010761352752140902,0,7.902483192142682e-7,0.0001189860067166025,0.0002249845311857601,0.0007309749062807036,0.02956430852335582,0.030295283429636524
1.51,1.6753081154863087e-8,0.0000017711676218185157,0.0007316313884663175,0,0,0,0,0,0,0,0,0.00042015327791012383,0.00043222839723498866,8.760011596885287e-7,0.0002733384685442584,0,0,0,0.000022899958681907316,0,0.000005444743831276489,0,0.0004566909286554153,0.0004566909286554153,0.0004566909286554153,0.0004565305050722194,0,0.000475135925325323,0.00008329288749689912,0.00846524075541421,0.016806371028811176,0.0005535024742546899,0.00010815928957563855,0,8.47832025926241e-7,0.000123606164080332,0.00023392381976584294,0.0007334193091692909,0.029831624315150747,0.030565043624320037
1.5150000000000001,1.6808554957810975e-8,0.0000017524125389655586,0.0007341017092256621,0,0,0,0,0,0,0,0,0.0004312881963598635,0.00044663401543125925,0.0000010317054307020336,0.00028936504831788374,0,0,0,0.00002304155133999031,0,0.000005832749161542794,0,0.0004683582040912415,0.0004683582040912415,0.0004683582040912415,0.0004729939933611531,0,0.0004868641691625083,0.00008338226016987047,0.008529263972972394,0.016934424169094624,0.0005858835479749276,0.00010909116198347866,0,9.120798505339453e-7,0.00012863475900373627,0.00024357168715894757,0.0007358709303195854,0.030177289679047137,0.030913160609366722
1.52,1.6864028760679093e-8,0.0000017338277063307104,0.0007365718702719017,0,0,0,0,0,0,0,0,0.0004426857582916274,0.00046122365592338985,0.0000012121277921638463,0.0003061717124890741,0,0,0,0.000023178290658402387,0,0.000006229045736125694,0,0.00048029662530143233,0.00048029662530143233,0.0004802966253014325,0.0004898253224692759,0,0.0004989873003432085,0.0000834668551584122,0.008593663989827673,0.01705471013767449,0.0006198371633611917,0.00010992331805635988,0,9.814286120593995e-7,0.0001336220373016277,0.0002534255238017415,0.0007383225620069932,0.030520033543401125,0.03125835610540812
1.5250000000000001,1.6919502563468232e-8,0.0000017185333857127615,0.0007390418732065037,0,0,0,0,0,0,0,0,0.00045484073417352387,0.0004761689161345254,0.0000014181824187691548,0.0003241511222451931,0,0,0,0.000023342914805189335,0,0.000006642762693487116,0,0.0004932008905083955,0.0004932008905083955,0.0004932008905083955,0.0005069235619163841,0,0.0005121180705778827,0.00008364335486315406,0.008659664049769944,0.017189686433990412,0.0006561578415612195,0.00011091374036014826,0,0.0000010573004989374926,0.00013888760808347715,0.00026372103539648996,0.00074077732609478,0.030888940301013926,0.03162971762710871
1.53,1.6974976366179163e-8,0.0000017053784555118032,0.0007415117196094951,0,0,0,0,0,0,0,0,0.00046744829715075634,0.0004914128146314156,0.0000016477054802296195,0.0003432493496528269,0,0,0,0.00002352298217904656,0,0.000007061768948714802,0,0.0005069133157293871,0.0005069133157293871,0.0005069133157293871,0.000524305581423108,0,0.0005260621350280615,0.00008387926357594648,0.008735120163873369,0.017339698923362144,0.0006947358637434438,0.00011187012219137197,0,0.0000011399397301643405,0.00014436205286908767,0.00027420477062998014,0.000743234073041373,0.031290461681657826,0.0320336957546992
1.5350000000000001,1.703045016881265e-8,0.0000016923185794647416,0.0007439814110398223,0,0,0,0,0,0,0,0,0.00048022464664154935,0.0005070108882934093,0.000001895715602556056,0.0003632570057710694,0,0,0,0.00002370104638374966,0,0.000007485646522835094,0,0.0005206301652375441,0.0005206301652375441,0.0005206301652375441,0.0005414564218398037,0,0.0005398104600455589,0.00008411204920802448,0.00880461516446983,0.017485132873224334,0.0007351469795258505,0.00011282013552750405,0,0.0000012291956665599457,0.00014983728051741254,0.0002847286447380683,0.0007456907600694559,0.031684354649690744,0.0324300454097602
1.54,1.708592397136944e-8,0.0000016634703966835124,0.0007464509490357028,0,0,0,0,0,0,0,0,0.0004902982125346067,0.0005195132323676649,0.0000021434315793416973,0.00038186939383638203,0,0,0,0.000023728538595309892,0,0.000007861129978804598,0,0.0005310547594575569,0.0005310547594575569,0.0005310547594575569,0.0005562343933998026,0,0.0005505670841350684,0.00008383178430519209,0.008826756412403434,0.01752476736510203,0.0007727272238349024,0.00011306648604295246,0,0.0000013169761729002622,0.000154397267138383,0.0002937337895869186,0.0007481315053563578,0.031895976999386365,0.032644108504742725
1.5450000000000002,1.7141397773850292e-8,0.0000016269518158513192,0.0007489203351149707,0,0,0,0,0,0,0,0,0.000498574600184984,0.0005305431859034652,0.0000023870059340473694,0.00039988903808681843,0,0,0,0.000023686534290990736,0,0.000008214641449179009,0,0.0005396696865725872,0.0005396696865725872,0.0005396696865725872,0.0005692115489320897,0,0.0005589335225716147,0.00008328077671827598,0.008819771790309001,0.017505979890748705,0.0008091015915215784,0.00011296437495913049,0,0.0000014070364524400704,0.00015842172541733764,0.0003016509482843433,0.0007505644283285959,0.032003027271481764,0.03275359169981036
1.55,1.719687157625593e-8,0.0000015910976544319977,0.0007513895707754137,0,0,0,0,0,0,0,0,0.0005066007076437439,0.0005415589236966339,0.0000026284039414790983,0.00041844494841873175,0,0,0,0.000023633284929494582,0,0.00000855845339128648,0,0.0005477596430620398,0.0005477596430620398,0.0005477596430620397,0.0005823636250895691,0,0.0005671074698207282,0.00008272324878606837,0.008808436112165955,0.017494995466023053,0.0008465548374326966,0.00011289849231243145,0,0.0000015028139814592596,0.0001624107535912786,0.0003094300074521472,0.0007529978653014219,0.03211312647786287,0.03286612434316429
1.5550000000000002,1.7252345378587085e-8,0.0000015651814379274055,0.0007538586574951055,0,0,0,0,0,0,0,0,0.0005165836351850526,0.0005545105064464894,0.000002875351371580712,0.0004391962176538417,0,0,0,0.000023661403719243304,0,0.000008930406700107198,0,0.0005577527442501371,0.0005577527442501371,0.0005577527442501371,0.0005971836230838015,0,0.0005768412967706822,0.00008247350396368192,0.008832894682560022,0.017536349260370447,0.0008884430142674061,0.00011325895236476706,0,0.0000016106544883420444,0.0001669094717136093,0.00031825531871755466,0.0007554410912784115,0.03233323553212704,0.03308867662340545
1.56,1.730781918084447e-8,0.0000015395556756033849,0.00075632759673273,0,0,0,0,0,0,0,0,0.0005264278773410534,0.0005674918781640978,0.0000031173789027946324,0.0004606163843951949,0,0,0,0.000023697431803052313,0,0.000009303583268473952,0,0.0005678137562803658,0.0005678137562803658,0.0005678137562803658,0.0006127161995054139,0,0.0005864842264184986,0.00008221548543121688,0.00885692948957984,0.017574695153369003,0.0009316774393614412,0.0001136103681358963,0,0.0000017255791117805245,0.00017135680725885785,0.0003269613718636236,0.0007578844602275142,0.032552467922751335,0.03331035238297885
1.565,1.7363292983028787e-8,0.0000015131993355695174,0.0007587963899278996,0,0,0,0,0,0,0,0,0.000535794498964514,0.0005799466605939798,0.0000033513624087870323,0.0004824853883194548,0,0,0.000002134732702600958,0.000023711422838265128,0,0.000009673022695883901,0,0.0005771831037512485,0.0005771831037512485,0.0005771831037512485,0.0006277023753674368,0,0.000595592398702732,0.00008191374782402138,0.008876490458802937,0.01761287409556824,0.0009758128660332376,0.00011382883926302885,0,0.0000018466048471159712,0.0001757022326533216,0.00033552573120464277,0.0007603269525564521,0.03276593575004395,0.033526262702600396
1.57,1.7418766785140756e-8,0.0000014843644930841493,0.0007612650385014678,0,0,0,0,0,0,0,0,0.0005441116420290373,0.0005919929042478186,0.0000035751851124674867,0.0005043660130035765,0,0,0.00003077698752733611,0.000023687984825682252,0,0.000010036942475736097,0,0.0005854667761988077,0.0005854667761988077,0.0005854667761988077,0.0006421612075257371,0,0.0006033720532946144,0.00008150495881048791,0.00888564571827694,0.017625108839249306,0.0010199650587559249,0.00011390058800515514,0,0.000001973121722914826,0.0001796855364191796,0.00034367237540001587,0.000762766821761337,0.03296193744527835,0.03372470426703969
1.5750000000000002,1.747424058718105e-8,0.0000014558980825836431,0.0007637335438558344,0,0,0,0,0,0,0,0,0.0005524478319741318,0.0006039637494656785,0.0000037893183973368485,0.0005267851977055857,0,0,0.00007494221664083643,0.000023668168975285432,0,0.00001040865560057376,0,0.0005930952953263034,0.0005930952953263034,0.0005930952953263034,0.0006563228206220813,0,0.0006113237001742427,0.00008108690503143876,0.00888936008763029,0.01763938284557943,0.0010651996942680959,0.00011389183171859735,0,0.000002107231984021495,0.00018358479760162107,0.0003512048576707891,0.0007652069161790053,0.033168755797018945,0.03393396271319795
1.58,1.752971438915034e-8,0.0000014287931731170264,0.000766201907375245,0,0,0,0,0,0,0,0,0.0005607071641512275,0.00061615691546296,0.000003992865099768805,0.0005499681191770579,0,0,0.00012901285359871628,0.00002365349059738337,0,0.000010799168563728081,0,0.0006012697774700962,0.0006012697774700962,0.0006012697774700962,0.000671372176354086,0,0.0006192150665974646,0.00008069601354070767,0.008895250247978614,0.01765979176844903,0.0011119718773951,0.00011393987474908778,0,0.000002248143538149275,0.0001875558256304021,0.00035901112590829866,0.0007676482302627513,0.03339915202920207,0.03416680025946482
1.585,1.7585188191049306e-8,0.0000014029337184804617,0.0007686701304260869,0,0,0,0,0,0,0,0,0.0005687928374343849,0.0006286166483134455,0.00000419299068368718,0.0005739082830073526,0,0,0.00019044214276667324,0.00002364558129380907,0,0.000011209606767936851,0,0.0006093196615020173,0.0006093196615020173,0.0006093196615020173,0.0006866454730737357,0,0.0006267181878778742,0.00008032985879928963,0.008908461761231277,0.01768406414808694,0.0011602681467769902,0.00011396486613423227,0,0.0000023974473051421674,0.00019150069847055634,0.0003663858710512548,0.0007700906493327584,0.033649503533580635,0.03441959418291339
1.59,1.7640661992878617e-8,0.0000013773792370245147,0.0007711382143571758,0,0,0,0,0,0,0,0,0.0005767048705196172,0.0006411821105087583,0.000004383962995482292,0.0005983622875639829,0,0,0.0002575485762191102,0.000023635927286417556,0,0.000011645345423792007,0,0.0006166546563806376,0.0006166546563806376,0.0006166546563806376,0.0007021979991498286,0,0.0006332142255913916,0.00007995475620567788,0.008918052723752163,0.017704162351859228,0.0012095961108926489,0.00011403086594734864,0,0.0000025543862104486837,0.00019523208974851563,0.00037371093815648893,0.0007725332342561932,0.03389613349717281,0.034668666731429
1.5950000000000002,1.769613579463893e-8,0.000001349585610874647,0.0007736061605000383,0,0,0,0,0,0,0,0,0.0005836458340016562,0.0006528974024285357,0.00000456263496597827,0.0006225429314255356,0,0,0.00032874479074983904,0.000023593813498286443,0,0.000012076148605723172,0,0.0006227865658787848,0.0006227865658787848,0.0006227865658787848,0.0007171620203405893,0,0.0006396566821616067,0.00007947358057376024,0.008914156699433733,0.017696889635159398,0.0012583643319980593,0.00011394106528694568,0,0.0000027148161518672263,0.000198519100452156,0.00038050066516780406,0.0007749734422467076,0.03409780185003783,0.03487277529228454
1.6,1.7751609596330885e-8,0.0000013214226455535365,0.0007760739701691916,0,0,0,0,0,0,0,0,0.0005898992678763867,0.0006644132066109722,0.000004732065956715836,0.0006468754868656572,0.0006555647736559538,0,0.000403183949876755,0.000023534611851394516,0,0.000012548877790088311,0,0.000628554319881577,0.000628554319881577,0.0006285543198815771,0.0007313085274515571,0,0.0006447795157060969,0.00007895446298097839,0.008906944560012595,0.017686264590357294,0.0013074325002397932,0.0001136725496228597,0.0013111295473119077,0.000002879871364758581,0.00020176910565028526,0.0003865527383227491,0.0007774131444243414,0.036258103169149535,0.03703551631357387
1.605,1.7807083397955116e-8,0.0000012935589251504068,0.0007785416446624117,0,0,0,0,0,0,0,0,0.0005959743970427125,0.0006755993960462524,0.000004891830988786443,0,0.0007411276728619287,0,0.0004801855577257182,0.000023472626409866992,0,0.000013034407921107438,0,0.000634361728287881,0.000634361728287881,0.000634361728287881,0.000745638447265559,0,0.0006508319830747316,0.00007842260420379309,0.008897448029974433,0.0176630625138333,0,0.00011349798920916788,0.0014822553457238573,0.0000030510397450875004,0.00020476917308319393,0.00039245585243227185,0.00077985301067096,0.03466880405240541,0.03544865706307637
1.61,1.786255719951226e-8,0.0000012632586097808438,0.0007810091852610035,0,0,0,0,0,0,0,0,0.0006014743095381725,0.000685762713434951,0.0000050359583883639,0,0.0008262276175362727,0,0.0005583279114693622,0.000023368156889501103,0,0.000013525963558811255,0,0.0006388381751747222,0.0006388381751747222,0.0006388381751747222,0.0007593512399507625,0,0.0006551220274118635,0.00007776815296433745,0.00887113084294012,0.0176194797200978,0,0.00011317672935743953,0.0016524552350725454,0.0000032232594443602596,0.00020732090724888318,0.0003978288965991817,0.0007822903064279838,0.0349870941674269,0.03576938447385489
1.6150000000000002,1.7918031001002955e-8,0.0000012334190011692153,0.0007834765932300607,0,0,0,0,0,0,0,0,0.000606384805502037,0.0006951931005062548,0.00000517319585733423,0,0.000911422994206884,0,0.0006376471613957325,0.000023255691218130066,0,0.000014073009854572847,0,0.0006436959608923172,0.0006436959608923172,0.0006436959608923172,0.0007718485340136329,0,0.0006586920397899905,0.00007710394232113429,0.00884745098207843,0.01755435306505593,0,0.00011264440937985757,0.001822845988413768,0.0000033990862844605246,0.00020969247227427585,0.00040230299588559675,0.000784727930262231,0.03528457135671498,0.03606929928697721
1.62,1.7973504802427785e-8,0.0000012044255564137333,0.000785943869818723,0,0,0,0,0,0,0,0,0.0006109643594398139,0.0007051625492752326,0.000005304740384020358,0,0.0009965925632753755,0,0.0007178328316152159,0.00002314578794626902,0,0.000014634445557172169,0,0.0006484725188135955,0.0006484725188135955,0.0006484725188135955,0.0007849075457525862,0,0.0006629948585817375,0.00007644628614245879,0.008817815347832238,0.017494415632920566,0,0.00011221464786734164,0.001993185126550751,0.000003579198158217831,0.00021182783355833332,0.0004072258196384157,0.0007871662688799392,0.03558366713093653,0.03637083339981647
1.625,1.8028978603787377e-8,0.0000011768497811344419,0.0007884110162604269,0,0,0,0,0,0,0,0,0.0006161675236329648,0.0007146340975714047,0.000005426555220048169,0,0.0010818609742612726,0,0.0007988044888672164,0.000023044108819347767,0,0.000015227862489651466,0,0.0006529774740210106,0.0006529774740210106,0.0006529774740210106,0.0007981885028053121,0,0.0006670660175082157,0.00007582047663624511,0.008787808008726538,0.01745293612093777,0,0.00011176449772207979,0.002163721948522545,0.000003765663883204191,0.00021414277757079018,0.00041131435007296473,0.000789605895020165,0.0359006263973106,0.03669023229233077
1.6300000000000001,1.8084452405082334e-8,0.0000011496761440845816,0.0007908780337731544,0,0,0,0,0,0,0,0,0.0006207123282757798,0.0007242420371243641,0.0000055450899522141075,0,0.0011664791078254012,0,0.0008798721578023628,0.00002294815020764997,0,0.00001585064508869175,0,0.0006572179294874539,0.0006572179294874539,0.0006572179294874539,0.0008111937435640221,0,0.0006718520649721674,0.00007518522812840823,0.008758862595973863,0.01739702982359358,0,0.00011127960329080731,0.0023329582156508023,0.00000395599073441923,0.00021615755520716838,0.0004155659147365102,0.0007920457943696441,0.036201344040590576,0.03699338983496022
1.635,1.8139926206313243e-8,0.0000011213745639772909,0.0007933449235596735,0,0,0,0,0,0,0,0,0.0006245422715166734,0.0007324960955751868,0.00000565435764473766,0,0.0012490943896033087,0,0.0009598681853927607,0.000022813579832386176,0,0.000016488063372546792,0,0.0006607343218656045,0.0006607343218656045,0.0006607343218656045,0.0008236791982921046,0,0.0006751378655628019,0.0000744738680167702,0.008721199254070826,0.0173137162690268,0,0.0001108776466658756,0.0024981887792066173,0.000004145125027470833,0.00021797934085723847,0.0004188589762778093,0.000794484438049857,0.036451416231538726,0.037245900669588584
1.6400000000000001,1.8195400007480694e-8,0.0000010922199937657331,0.000795811686807777,0,0,0,0,0,0,0,0,0.0006277148392966987,0.0007403976191396905,0.000005752781084304594,0,0.0013294045589424628,0,0.001038404411675931,0.000022655020746723847,0,0.000017144445757182963,0,0.0006635935088116705,0.0006635935088116705,0.0006635935088116705,0.0008347105625322221,0,0.0006780849553734653,0.00007369539087302942,0.008674230400906851,0.017225103079539728,0,0.00011023259732529038,0.0026588091178849256,0.0000043316721518777115,0.00021914308719014173,0.00042144129866395933,0.0007969221022015502,0.036672036365519495,0.037468958467721046
1.645,1.8250873808585253e-8,0.0000010635513071953327,0.0007982783246905157,0,0,0,0,0,0,0,0,0.0006302575295037681,0.0007478193868927723,0.000005839414293033341,0,0.0014081149735110134,0,0.001115908328629845,0.000022499964355064115,1.2124922856851807e-8,0.00001781557340048686,0,0.0006661148036645277,0.0006661148036645277,0.0006661148036645277,0.0008451395040768534,0,0.0006801421966440739,0.00007290769354599258,0.00862884968265472,0.017123788162624196,0,0.00010945706541767989,0.0028162299470220267,0.000004519570451843202,0.00022032770421421302,0.00042358223914131833,0.0007993601268715196,0.03687155547229534,0.03767091559916686
1.6500000000000001,1.830634760962751e-8,0.0000010357655846028424,0.0008007448383664271,0,0,0,0,0,0,0,0,0.000632721988791065,0.0007546989982718114,0.00000592061236372482,0,0.0014854361752109746,0,0.001192464652069469,0.000022359331659177143,5.983921001125546e-8,0.00001850634466301179,0,0.0006691153066506766,0.0006691153066506766,0.0006691153066506766,0.0008559522866500891,0,0.00068329059156669,0.00007212945624479615,0.008582666303871906,0.017041583865631333,0,0.00010884605293222674,0.002970872350421949,0.00000470885128480172,0.00022130898531558526,0.0004256483034543599,0.0008017989102986396,0.037086520909565004,0.037888319819863646
1.655,1.8361821410608014e-8,0.000001008546594109408,0.0008032112289797602,0,0,0,0,0,0,0,0,0.0006352532133555509,0.0007610341247027453,0.00000600106529058298,0,0.0015609873102701189,0,0.0012677012737368817,0.000022184447150412793,1.411714692143401e-7,0.000019228410969873468,0,0.0006716356957488841,0.0006716356957488841,0.0006716356957488841,0.0008658756826511147,0,0.0006860675362457141,0.00007134718235494941,0.008524842004267463,0.016930652086199517,0,0.00010809207800118443,0.0031219746205402377,0.0000048989833142849125,0.000222184846723599,0.000427426680384261,0.0008042381373952802,0.03725079980487436,0.038055037942269644
1.6600000000000001,1.841729521152733e-8,9.816817859172092e-7,0.0008056774976606956,0,0,0,0,0,0,0,0,0.0006374945942836282,0.0007672038415071565,0.000006071603369815283,0,0.0016344245405394014,0,0.0013412745910072767,0.00002201518151583284,2.535679566691511e-7,0.00001994781966326695,0,0.0006736635262521777,0.0006736635262521777,0.0006736635262521777,0.0008757020510549503,0,0.0006878954190008524,0.00007055132146011384,0.008479029175746411,0.016826201147232565,0,0.00010731289263899395,0.003268849081078803,0.0000050870428641082654,0.00022278972384617778,0.0004289192443622038,0.0008066775967418244,0.03742201341788476,0.03822869101462658
1.665,1.847276901238602e-8,9.531644777471541e-7,0.0008081436455255617,0,0,0,0,0,0,0,0,0.0006386377757627424,0.0007721650149196246,0.000006122229068078706,0,0.0017032141939928836,0,0.001411026497783469,0.00002181170445203741,3.9382760655564294e-7,0.000020626376084038795,0,0.0006750865218200281,0.0006750865218200281,0.0006750865218200279,0.0008837111555953359,0,0.0006890596618763734,0.00006964425613226301,0.008406803766037387,0.016683351626244576,0,0.00010638354322691372,0.003406428387985767,0.000005267149127242847,0.00022311019164268132,0.00042945673102603933,0.0008091152827723213,0.03750247365402409,0.03831158893679641
1.6700000000000002,1.8528242813184607e-8,9.251779612372604e-7,0.000810609673677049,0,0,0,0,0,0,0,0,0.0006392320904497213,0.0007766226839585522,0.000006170460147612405,0,0.0017694942788680555,0,0.001478639512947198,0.000021608894095897922,5.598358394571526e-7,0.000021314632704903443,0,0.0006755908796726477,0.0006755908796726477,0.0006755908796726477,0.0008914140040830756,0,0.0006894953793969461,0.00006872893048904107,0.008335502391643074,0.016544094697436923,0,0.00010538040485332218,0.003538988557736111,0.000005445452793710908,0.00022296617001978385,0.00042955875104536416,0.0008115533798810995,0.03757198976752669,0.038383543147407786
1.675,1.8583716613923642e-8,8.987304185198594e-7,0.0008130755832044158,0,0,0,0,0,0,0,0,0.0006398437999781895,0.0007805895425727344,0.000006212546975423161,0,0.0018337180640624628,0,0.0015444500087882043,0.000021399179533046727,7.483083540899336e-7,0.00002202726561835648,0,0.0006767841694894062,0.0006767841694894062,0.0006767841694894062,0.0008987462507789996,0,0.0006907622838199951,0.00006782592777444453,0.00826200996291024,0.0164075014045902,0,0.00010454953526454602,0.0036674361281249256,0.000005622303634040516,0.000222832161917278,0.0004294336444717511,0.0008139928973395496,0.03763606082763715,0.0384500537249767
1.6800000000000002,1.8639190414603652e-8,8.851184224843685e-7,0.0008155413751836946,0,0,0,0,0,0,0,0,0.0006408443827340219,0.0007845796641301133,0.0000062535785612503366,0,0.0018966525947176904,0,0.0016090784915590215,0.000021192658757790562,9.589839291143764e-7,0.000022745878078196593,0,0.0006780492036637162,0.0006780492036637162,0.0006780492036637162,0.0009060954088290192,0,0.0006916384207138495,0.00006696281143198477,0.008195696649924752,0.016280132253478526,0,0.00010356354571313908,0.003793305189435381,0.00000580058089608543,0.00022261367738140637,0.00042904871407195853,0.0008164451327965936,0.03771131109533445,0.038527756228131045
1.685,1.8694664215225164e-8,8.714538109809119e-7,0.0008180070506778925,0,0,0,0,0,0,0,0,0.0006413899416414412,0.0007875671099413269,0.000006288604928346015,0,0.0019569851251707003,0,0.0016713910292958894,0.000020993425684680753,0.0000011883602422162586,0.00002343925565431413,0,0.0006783334121406284,0.0006783334121406284,0.0006783334121406284,0.0009127019349924182,0,0.0006936972014276681,0.00006609181999869744,0.008128560152627164,0.01613701318926661,0,0.00010265525889142205,0.0039139702503414005,0.0000059761057779843196,0.00022226299816430374,0.00042831286695108896,0.0008188971991530886,0.03775548486741956,0.03857438206657265
1.69,1.8750138015788704e-8,8.56945872858527e-7,0.000820472610737189,0,0,0,0,0,0,0,0,0.0006407544870528276,0.0007901100052195241,0.000006309980999214079,0,0.0020127807301022573,0,0.0017296930392432701,0.00002077103214446417,0.00000143354794053999,0.00002410137912151463,0,0.0006782902731562302,0.0006782902731562302,0.0006782902731562302,0.0009181394220723746,0,0.0006936557599489607,0.00006515275103411373,0.008044630649143632,0.01597792010938146,0,0.00010153821693711273,0.004025561460204515,0.0000061423079270395015,0.0002216017396802182,0.0004270400680284869,0.0008213483067480633,0.037742207505650216,0.03856355581239828
1.695,1.8805611816294778e-8,8.41760668158116e-7,0.0008229380563991289,0,0,0,0,0,0,0,0,0.000639446508608408,0.0007913831626381576,0.000006318716927968018,0,0.0020641305303594204,0,0.0017840071335790538,0.000020529836806446526,0.0000016916987220811767,0.000024722211707697344,0,0.0006769086681685117,0.0006769086681685117,0.0006769086681685117,0.0009226421473696769,0,0.0006922664888224466,0.00006415772646922657,0.007956956730795979,0.015806107767404053,0,0.00010034555461045987,0.004128261060718841,0.0000062987307442771315,0.00022057334233312997,0.0004252528974690223,0.0008237986226791033,0.037685818250591877,0.03850961687327098
1.7000000000000002,1.8861085616743896e-8,8.265484597569873e-7,0.0008254033886888121,0,0,0,0,0,0,0,0,0.0006381716057347367,0.0007918446510700543,0.000006324446566808207,0,0.002112437201057006,0,0.0018355045468003205,0.00002027757492343255,0.0000019598889665693,0.000025333721114055373,0,0.0006753240473481916,0.0006753240473481916,0.0006753240473481917,0.0009261651191599079,0,0.0006909857632279887,0.0000631559862050958,0.007867321821856394,0.015624539649542125,0,0.00009923663444059847,0.004224874402114012,0.000006449086412574301,0.00021924365835023619,0.0004230414836678968,0.0008262487982341858,0.037602839383254386,0.038429088181488574
1.705,1.8916559417136554e-8,8.118984783710809e-7,0.000827868608619082,0,0,0,0,0,0,0,0,0.0006366890415311078,0.0007928393169121797,0.000006326182029958776,0,0.002159216102415748,0,0.0018854851816732217,0.00002004406743761928,0.000002240696851276376,0.000025947663497115937,0,0.0006741993020420094,0.0006741993020420094,0.0006741993020420096,0.0009298025017064018,0,0.0006895782491514722,0.00006219258968443591,0.007780651247141277,0.015454066303671599,0,0.0000979992453789617,0.004318432204831496,0.000006600106419078834,0.00021803652452620468,0.000420666575238119,0.0008286994236568702,0.0375294117062233,0.03835811112988017
1.71,1.8972033217473248e-8,7.973631619332404e-7,0.000830333717190707,0,0,0,0,0,0,0,0,0.0006346085333881558,0.0007931277660704506,0.000006328298015269039,0,0.00220336774545894,0,0.0019329824448170857,0.000019794910915137842,0.00000252656387200139,0.000026551540849079017,0,0.0006725712041701974,0.0006725712041701974,0.0006725712041701973,0.000933195193242541,0,0.0006874057077453135,0.00006123343203738815,0.007690147147548356,0.015283687374791452,0,0.00009692440087595882,0.00440673549091788,0.0000067470744677538635,0.000216732784772658,0.0004180563615170957,0.0008311500523858577,0.037437866383813106,0.03826901643619896
1.715,1.9027507017754474e-8,7.827472247993369e-7,0.0008327987153925621,0,0,0,0,0,0,0,0,0.0006325491832076624,0.000792957306561334,0.000006321693280815739,0,0.002244335084980356,0,0.001977491156211011,0.000019555358664585,0.000002819800732348654,0.00002714010161700668,0,0.000670968358890074,0.000670968358890074,0.000670968358890074,0.0009360971981208729,0,0.0006866038138080273,0.00006026348710723536,0.007601655657854296,0.01510349503457963,0,0.00009562814594406118,0.004488670169960712,0.000006887576354364523,0.00021538105077531305,0.00041526537843660665,0.0008336004901243791,0.03732602227486646,0.038159622764990846
1.7200000000000002,1.9082980817980716e-8,7.672154625420612e-7,0.000835263604201804,0,0,0,0,0,0,0,0,0.000629557358007093,0.0007913501159200366,0.000006303805767141327,0,0.0022795828962769247,0,0.00201674969040232,0.00001928504044774341,0.0000031118430951775755,0.000027707346477791506,0,0.0006677779256408817,0.0006677779256408817,0.0006677779256408817,0.000937284243420671,0,0.0006835414511065482,0.000059218184005726456,0.007499630736072639,0.01490001566222985,0,0.00009431401393400738,0.004559165792553849,0.000007012248971299426,0.00021340316164934577,0.0004119164716307124,0.000836049902645164,0.037142483838891516,0.03797853374153668
1.725,1.9138454618152444e-8,7.516827289192834e-7,0.0008377283845840468,0,0,0,0,0,0,0,0,0.0006261990282958265,0.0007898456780973879,0.000006283372445453028,0,0.0023116142904185152,0,0.002052938622834284,0.000019003813525255334,0.000003405352835484553,0.000028273717165342068,0,0.0006651394759300451,0.0006651394759300451,0.0006651394759300451,0.0009382235331411848,0,0.0006801670315610777,0.000058167717016142065,0.007397312777659555,0.01469501088869787,0,0.0000930562284112464,0.0046232285808370304,0.000007129044890388557,0.00021128462811746988,0.0004078862405462418,0.0008384992057675842,0.03694444897428589,0.037782948180053476
1.73,1.919392841827013e-8,7.362741564022212e-7,0.0008401930574935303,0,0,0,0,0,0,0,0,0.0006224681216089997,0.0007879793768138108,0.000006258943673216224,0,0.0023408058815478764,0,0.0020863799526964675,0.000018739130784236154,0.0000036983469600836525,0.000028791857483941727,0,0.0006615085110546057,0.0006615085110546057,0.0006615085110546057,0.0009387885746747068,0,0.0006761597881042549,0.000057121732523987815,0.00729021882509186,0.014484351570173509,0,0.00009162264682297316,0.004681611763095753,0.000007242412815106654,0.0002092587744872484,0.00040365485396002046,0.0008409485255783508,0.03671967808648187,0.03756062661206022
1.735,1.9249402218334248e-8,7.211320555644856e-7,0.0008426576238732899,0,0,0,0,0,0,0,0,0.0006184214921870861,0.0007852532891674767,0.000006228661179530297,0,0.0023676460956613024,0,0.002117501721663873,0.000018460635010559587,0.000003985417312000696,0.000029352117509290316,0,0.0006569941467340946,0.0006569941467340946,0.0006569941467340946,0.0009389994191320803,0,0.0006733927812310612,0.000056091313384484055,0.00719042050152907,0.014276402093984909,0,0.00009038554731055801,0.004735292191322605,0.000007349227225913964,0.00020698938862721565,0.0003996424066362376,0.0008433980053310727,0.036492796740277535,0.037336194745608606
1.7400000000000002,1.9304876018345268e-8,7.059984529834261e-7,0.0008451220846553196,0,0,0,0,0,0,0,0,0.0006139039152461171,0.0007824572597488489,0.000006197125540855885,0,0.002391329714431726,0,0.0021455778236086605,0.000018184489171583686,0.00000427016766724534,0.000029925463950351284,0,0.0006530813270983846,0.0006530813270983846,0.0006530813270983846,0.0009385883964371759,0,0.0006689498593973311,0.000055056442594017896,0.007085711980318647,0.014063346680881404,0,0.00008895645224116945,0.004782659428863452,0.000007449387789577446,0.00020460184373333952,0.00039529049734371885,0.0008458473879843214,0.036241700910260376,0.0370875482982447
1.745,1.9360349818303623e-8,6.906818761442056e-7,0.0008475864407607337,0,0,0,0,0,0,0,0,0.0006091068927631365,0.0007793804935044339,0.000006154169292128678,0,0.0024111791668784306,0,0.002169988589485122,0.000017891916338843717,0.000004543630195661306,0.000030477396608427574,0,0.0006486341080021638,0.0006486341080021638,0.0006486341080021638,0.0009378136289150005,0,0.0006646553351720842,0.00005400209555046012,0.00697446593617164,0.013847150299249442,0,0.00008750246309337536,0.004822358333756861,0.000007539980784652768,0.00020227744875166948,0.00039068271493017474,0.0008482964829866962,0.035963072815448034,0.03681136929843473
1.75,1.9415823618209776e-8,6.752393071596939e-7,0.0008500506930999273,0,0,0,0,0,0,0,0,0.000603793084838275,0.0007750958670490139,0.0000061061984588406245,0,0.0024273330443156512,0,0.0021908449220157103,0.000017603130443502294,0.000004807310408104894,0.000031034516525566745,0,0.0006433404341247493,0.0006433404341247493,0.0006433404341247493,0.0009361432723049699,0,0.0006595786194173346,0.00005293256795241078,0.006863333884664381,0.013628838153648687,0,0.00008611504351625711,0.0048546660886313025,0.000007619355933288749,0.00019949624136111468,0.00038544663131305116,0.0008507453482307052,0.03566080923517171,0.03651155458340242
1.7550000000000001,1.9471297418064187e-8,6.598254331573431e-7,0.0008525148425727302,0,0,0,0,0,0,0,0,0.0005980373003586472,0.00077134371270482,0.000006054974368989381,0,0.002440317305827502,0,0.002208611056510852,0.00001730653393574261,0.000005062496528955822,0.000031605220546971534,0,0.0006381076776409933,0.0006381076776409933,0.0006381076776409933,0.000934702226993269,0,0.0006539011579133245,0.00005185988014948797,0.006745392505537206,0.013400766507741474,0,0.00008463440455912175,0.004880634611655004,0.00000769126349012777,0.00019671778050776132,0.0003801940223757495,0.0008531941393033056,0.035329155994627985,0.03618235013393129
1.7600000000000002,1.9526771217867277e-8,6.450990120859225e-7,0.0008549788900685611,0,0,0,0,0,0,0,0,0.0005926026618848949,0.0007675781189755026,0.000006004871997132532,0,0.002452640590494924,0,0.002225556419135705,0.000017014667396605774,0.000005299741027557699,0.000032204504334573085,0,0.0006332797528338783,0.0006332797528338783,0.0006332797528338783,0.0009334332082016077,0,0.0006483583003573572,0.00005083590190313612,0.006636509558595572,0.013179920861796039,0,0.0000832581689631422,0.004905281180989848,0.000007762876873631336,0.00019409161209680268,0.00037517019557738813,0.0008556435158518649,0.03501336269910306,0.035869006214954924
1.7650000000000001,1.9582245017619488e-8,6.305397174718255e-7,0.000857442836466579,0,0,0,0,0,0,0,0,0.0005871765498262164,0.0007635635077332655,0.0000059524841692422445,0,0.0024624811027487274,0,0.0022400344435951442,0.00001674287462698909,0.000005533963662908301,0.00003283859142998846,0,0.000628058168378029,0.000628058168378029,0.0006280581683780289,0.0009323912993978039,0,0.0006432221253265725,0.00004981989069365592,0.006531392523249585,0.012969829028354852,0,0.00008187177597256351,0.004924962205497455,0.000007826676630278151,0.00019136407785774902,0.00036984609914238723,0.0008580929584290684,0.03470102372504947,0.03555911668347854
1.77,1.9637718817321255e-8,6.159310904306956e-7,0.0008599066826358303,0,0,0,0,0,0,0,0,0.0005811576880799974,0.0007587085405613782,0.0000058926177685096,0,0.0024690213340629106,0,0.002251297657991339,0.000016459442712425265,0.000005747470631926494,0.00003345418212909645,0,0.0006225047409448327,0.0006225047409448327,0.0006225047409448327,0.000930544370118686,0,0.0006368160109096043,0.00004879474604352886,0.006416054424821706,0.012752960392941028,0,0.00008052957308664917,0.004938042668125821,0.000007879394129579676,0.00018850986223482754,0.00036447503055952606,0.0008605422514450782,0.034353859629743036,0.035214401881188115
1.7750000000000001,1.9693192616973003e-8,6.004175536599135e-7,0.0008623704294353943,0,0,0,0,0,0,0,0,0.0005735808127546705,0.0007528489087469276,0.000005824453919656313,0,0.0024687280161397665,0,0.0022561101819518984,0.00001614619122093439,0.000005935773715358754,0.00003399494973045493,0,0.0006155924740477552,0.0006155924740477552,0.0006155924740477552,0.000926546182578557,0,0.0006301725750635953,0.00004769241962073037,0.00629434395842763,0.012500084420687493,0,0.00007894358349240903,0.004937456032279533,0.000007915101374447136,0.00018524790330644468,0.0003580732047468336,0.0008629905401816711,0.0339264220919006,0.034789412632082274
1.7800000000000002,1.9748666416575158e-8,5.849635496162073e-7,0.0008648340777145267,0,0,0,0,0,0,0,0,0.0005659162336169758,0.0007460650429280514,0.000005749093799812477,0,0.0024653877358214982,0,0.002257912754514905,0.000015829686943913198,0.000006101302530717691,0.00003453941062731057,0,0.000608363918294452,0.000608363918294452,0.000608363918294452,0.0009220692460551713,0,0.0006224518372844029,0.00004658909036335994,0.006170636882488181,0.012251619279494433,0,0.0000772976449640271,0.0049307754716429964,0.000007940973589801477,0.0001819968325298463,0.0003519116145570098,0.0008654387899305595,0.03348588188863577,0.03435132067856633
1.7850000000000001,1.9804140216128124e-8,5.702044561266165e-7,0.0008672976283127998,0,0,0,0,0,0,0,0,0.0005588163974699954,0.0007398600761257032,0.00000567419580034155,0,0.002461764925910858,0,0.0022592389188234637,0.000015525143751882283,0.000006256214266974726,0.000035116520561891316,0.000001926604971438787,0.0006017496853849897,0.0006017496853849897,0.0006017496853849897,0.0009178870624190748,0.0000017648209333462531,0.0006163222117563275,0.00004553547566960601,0.0060482004694835745,0.012011750355326046,0,0.00007587271029089664,0.004923529851821716,0.000007962343226472806,0.00017877702892785195,0.0003456356175608195,0.0008678876369091426,0.03306266600125326,0.0339305536381624
1.79,1.9859614015632317e-8,5.567591433197896e-7,0.0008697610820602407,0,0,0,0,0,0,0,0,0.0005528443307015129,0.0007347480342776182,0.000005609257776276611,0,0.0024608127514273324,0,0.0022628160572588023,0.000015252656538923048,0.000006404730574555427,0.00003574857188509329,0.000027398310968491657,0.000596370890867706,0.000596370890867706,0.000596370890867706,0.000915151760507944,0.000025093386281731453,0.0006107819938402913,0.00004458151819771701,0.005941432621975205,0.011805115292782109,0,0.00007452225083674844,0.004921625502854665,0.000007999344780966792,0.00017597793476612912,0.00034033133119854524,0.0008703377008175761,0.032753360312033776,0.03362369801285135
1.795,1.991508781508816e-8,5.433538887622512e-7,0.0008722244397774667,0,0,0,0,0,0,0,0,0.0005466048983279229,0.0007289958987794994,0.0000055458867811367915,0,0.002457179197235187,0,0.002263739744222135,0.000014977604904791576,0.000006528830998448898,0.0000363820804603405,0.00006578137585185138,0.0005906975027636902,0.0005906975027636902,0.0005906975027636902,0.0009112767452466323,0.00006023744796607856,0.0006052708254602542,0.00004362574642419608,0.005831625674311617,0.011578998939445329,0,0.00007319528944130631,0.004914358394470374,0.000008022577488961668,0.00017302815867688783,0.0003344776296393458,0.000872787708754044,0.03243194545442337,0.03330473316317741
1.8,1.9970561614496036e-8,5.29089654439062e-7,0.0008746877022758198,0,0,0,0,0,0,0,0,0.0005393456351647281,0.0007217340312620463,0.0000054674867850682,0,0.0024467237701120102,0,0.002258185959369332,0.000014684424616607195,0.0000066258534553678645,0.00003692278935409041,0.00011137193902900026,0.000584103059718612,0.000584103059718612,0.000584103059718612,0.0009056981098551224,0.00010196899372215199,0.0005993364256967428,0.00004259575457652511,0.0057087353153315295,0.0113401425899005,0,0.00007169962441883034,0.0048934475402240205,0.00000802569978875983,0.00016957508026145006,0.00032806641103351534,0.0008752367624918734,0.03206266261311323,0.03293789937560511
1.8050000000000002,2.0026035413856355e-8,5.142617017647774e-7,0.000877150870357496,0,0,0,0,0,0,0,0,0.0005313005322482622,0.0007128154207961904,0.000005378528072552824,0,0.0024305847287526567,0,0.0022471847959767677,0.000014361889754054836,0.000006693485599910773,0.000037391747658929446,0.00016134242053704453,0.0005767436715707357,0.0005767436715707357,0.0005767436715707358,0.000898065430481542,0.00014769652115515273,0.0005925420788480702,0.000041514760677130195,0.00558483652231191,0.01108732246359003,0,0.00007003927270558114,0.004861169457505313,0.000008009402997518864,0.00016610390353457262,0.00032121376300079464,0.0008776851580946746,0.031655798140916194,0.03253348329901087
1.81,2.0081509213169503e-8,4.995196498508299e-7,0.0008796139448156755,0,0,0,0,0,0,0,0,0.0005233363183941305,0.0007032808281815103,0.000005287232597050612,0,0.0024117331193476295,0,0.0022334723862815643,0.000014037742463560789,0.000006739724029189277,0.00003783869562179459,0.0002140179404058093,0.0005695847335772189,0.0005695847335772189,0.0005695847335772189,0.0008897144129641612,0.00019588528869118933,0.0005859043227794526,0.00004043492046734167,0.005453794954832693,0.010828502563922348,0,0.00006845783680167945,0.004823466238695259,0.000007985985774739248,0.00016243055917887665,0.0003142205137438637,0.0008801335459747394,0.0312292957859055,0.03210942933188024
1.815,2.013698301243588e-8,4.864411783506166e-7,0.000882076926434649,0,0,0,0,0,0,0,0,0.0005167271562912641,0.0006952380429242384,0.000005211026848889521,0,0.0023979801507194413,0,0.0022242932302056167,0.00001376157198137184,0.000006782171007330291,0.0000383929742782109,0.0002689958309104434,0.0005643047334124963,0.0005643047334124963,0.0005643047334124963,0.0008831929299025804,0.0002461658040627023,0.0005809896769939176,0.00003948429233439343,0.005343125602212734,0.010612199883090829,0,0.00006700267352558125,0.004795960301438883,0.000007977270618742284,0.00015927291025152857,0.000308137813227496,0.000882583504596012,0.03090380551306368,0.03178638901765969
1.82,2.019245681165586e-8,4.73720811754854e-7,0.000884539815989943,0,0,0,0,0,0,0,0,0.0005104051024755697,0.0006871255496142529,0.00000513468471066477,0,0.002383271826545448,0,0.0022140557949771747,0.00001348746683303564,0.0000068125609191044265,0.00003893397573016064,0.00032502493255596993,0.0005591455521878239,0.0005591455521878239,0.0005591455521878239,0.0008762535897808636,0.0002973924701910963,0.000576781980638517,0.000038557676535394374,0.0052330410208852795,0.010381756195443567,0,0.00006563581807084475,0.004766543653090896,0.00000796604933135811,0.00015616922328532602,0.0003022058237398933,0.0008850337292585095,0.030563992051917892,0.0314490257811764
1.8250000000000002,2.024793061082984e-8,4.60955839747554e-7,0.0008870026142484415,0,0,0,0,0,0,0,0,0.0005042097313655893,0.0006783909162406394,0.0000050513614479220505,0,0.0023656575447313405,0,0.002200950542522173,0.000013208494255100112,0.000006828434552791592,0.00003942057255261736,0.0003811323217773928,0.0005538692216157881,0.0005538692216157881,0.0005538692216157881,0.0008684653576785342,0.00034867496552380716,0.0005724914165657366,0.00003762239479536208,0.005115994479790943,0.010162734628814155,0,0.00006424332848325984,0.004731315089462681,0.000007942840194709392,0.00015297107016473948,0.0002958808037506426,0.0008874838180187999,0.030214793959517504,0.031102277777536304
1.83,2.0303404409958182e-8,4.472595628849486e-7,0.0008894653219685061,0,0,0,0,0,0,0,0,0.0004966150221274462,0.0006676532733441637,0.000004958448472882975,0,0.0023404914091728762,0,0.0021806459835517315,0.000012898844189148859,0.000006801282825709156,0.00003980216667317149,0.0004357821578233805,0.0005475055326932615,0.0005475055326932615,0.0005475055326932615,0.0008579807706426566,0.0003986086297260263,0.0005667883248499183,0.00003660579517898142,0.004994972155388648,0.009920367940109247,0,0.00006268245844301824,0.0046809828183457525,0.000007899057268198401,0.00014943186861333653,0.0002890515018583258,0.000889932884935801,0.0297935365066844,0.030683469391620203
1.835,2.0358878209041264e-8,4.3365898536520895e-7,0.000891927939900096,0,0,0,0,0,0,0,0,0.0004888331344151184,0.0006564877795584593,0.0000048616881552102665,0,0.002312977835072197,0,0.0021579772138995844,0.000012590397872213567,0.000006764985220077844,0.00004014578012671578,0.000489148800342707,0.0005406744072164615,0.0005406744072164615,0.0005406744072164615,0.0008465564627378033,0.0004473537422256303,0.0005609605435244725,0.00003559147945337915,0.004870876882898006,0.009673648189133544,0,0.00006113380162609082,0.004625955670144394,0.00000784042765554682,0.00014570573018362034,0.00028201020020387514,0.0008923819577636703,0.02934944396609803,0.030241825923861702
1.84,2.041435200807946e-8,4.2047760597645875e-7,0.0008943904687848829,0,0,0,0,0,0,0,0,0.000481510900571701,0.0006450648239428647,0.000004763352722373824,0,0.002284912488725946,0,0.0021346219823255423,0.000012280066522494196,0.000006727965904903318,0.000040493319011817464,0.000541200632890019,0.0005342883924219116,0.0005342883924219116,0.0005342883924219116,0.000835173758146625,0.0004948821234349387,0.000555883827405631,0.00003460608333863963,0.004743322312104875,0.00942939530736901,0,0.00005960996115990323,0.004569824977451892,0.000007782327296352117,0.0001421310885515457,0.00027515949851742295,0.0008948313607428674,0.02890221197466023,0.0297970433354031
1.8450000000000002,2.046982580707313e-8,4.079812760819197e-7,0.0008968529093563658,0,0,0,0,0,0,0,0,0.00047464492053093704,0.0006341427688251617,0.0000046727579640494396,0,0.0022579018034583954,0,0.0021120896106057397,0.000011997526637450167,0.000006682951533213913,0.00004088238263135864,0.0005921010473068787,0.0005286495226198668,0.0005286495226198668,0.0005286495226198668,0.0008243792049164955,0.0005413438907753273,0.0005511968901501226,0.000033671784029349,0.004628792271680839,0.009200881902439432,0,0.000058176210969842304,0.004515803606916791,0.000007725968073827103,0.00013887398827269683,0.0002686329593479462,0.0008972813604582548,0.028490543014925453,0.029387824375383707
1.85,2.052529960602263e-8,3.955738061421479e-7,0.0008993152623399839,0,0,0,0,0,0,0,0,0.0004674173832408542,0.0006229760317826967,0.000004580104762652471,0,0.0022288011693057724,0,0.0020874466949188457,0.000011708453579073466,0.000006624818184994968,0.00004125979623078655,0.0006408597009671798,0.0005225241083073669,0.0005225241083073669,0.000522524108307367,0.0008129221514489682,0.0005858343866786794,0.0005471114212115876,0.00003273966242143716,0.004512451766128118,0.008967118552393245,0,0.000056705369848539456,0.004457602338611545,0.000007659151991857733,0.00013543672842483378,0.00026207449504780765,0.000899731361445732,0.028056902502101577,0.02895663386354731
1.855,2.058077340492833e-8,3.833924491566807e-7,0.0009017775284532279,0,0,0,0,0,0,0,0,0.00046065552331005027,0.000611677012662699,0.00000448541774520858,0,0.0021984328842574287,0,0.0020614647496147993,0.000011422771968405847,0.000006564288520546763,0.00004163493110084534,0.0006874487216925096,0.0005170227148677479,0.0005170227148677479,0.0005170227148677479,0.0008009301657968584,0.0006283291841113766,0.0005427849363428246,0.00003182112252462321,0.004398976723084052,0.008738601530142581,0,0.00005527915093276184,0.0043968657685148575,0.0000075914023512188306,0.00013200056230604324,0.00025550591060161565,0.0009021815016757895,0.027623540902184548,0.028525722403860337
1.86,2.063624720379057e-8,3.713923242202632e-7,0.0009042397084057487,0,0,0,0,0,0,0,0,0.00045351638847101724,0.0005998855360247982,0.000004389203178875197,0,0.0021666113846544603,0,0.0020339726657664743,0.000011135546364380295,0.000006504332043262959,0.000042001874780714256,0.0007316157290827467,0.0005113354018509836,0.0005113354018509836,0.0005113354018509836,0.0007889422748854786,0.0006685986834921378,0.0005380483671111588,0.000030912538265405655,0.0042837564834263,0.008508872485885555,0,0.00005386838883380716,0.004333222769308921,0.000007513751394441677,0.00012857501911736375,0.0002488986668998482,0.0009046317369771728,0.027174848294540095,0.02807948003151727
1.8650000000000002,2.069172100260971e-8,3.594899401871391e-7,0.0009067018028994627,0,0,0,0,0,0,0,0,0.00044650696806396183,0.0005879836996545197,0.000004290645522701243,0,0.0021329039603337134,0,0.00200456608808774,0.000010848892264653229,0.00000643468940819772,0.00004236890889778436,0.0007730277247624623,0.000505757839488883,0.000505757839488883,0.000505757839488883,0.0007762373118433628,0.0007063397406963469,0.0005337054862058803,0.000030007019897592738,0.004166992388156995,0.008279685480544096,0,0.00005246174894174504,0.004265807920667427,0.000007432347276655102,0.0001252094722438727,0.0002422349712738398,0.0009070819845606525,0.026712318983210193,0.027619400967770845
1.87,2.0747194801386086e-8,3.481416043402775e-7,0.0009091638126286596,0,0,0,0,0,0,0,0,0.00043971658227618266,0.0005761460074762928,0.0000041963634054604525,0,0.0021001008179330877,0,0.0019758710289698765,0.000010577201490382346,0.000006371928646640875,0.00004276784628043575,0.0008125795113084803,0.000500662246770626,0.000500662246770626,0.000500662246770626,0.0007641045552454927,0.0007423710873360636,0.0005301974020631026,0.000029142785582938293,0.004054773807750296,0.008063315229336829,0,0.00005105302235630853,0.0042002016358661754,0.000007349541280760004,0.00012188990785563626,0.0002360771288431333,0.0009095327014278013,0.02627079013161545,0.027180322833043252
1.875,2.0802668600120052e-8,3.3696256606879894e-7,0.000911625738280105,0,0,0,0,0,0,0,0,0.000433167502937625,0.0005641630244303685,0.00000410016655856733,0,0.0020660159224053093,0,0.0019458376678662857,0.000010310586521258093,0.0000063070925277036445,0.00004315765682510807,0.000849410577878387,0.0004957489191753093,0.0004957489191753093,0.0004957489191753093,0.0007516563122152381,0.0007759075424605763,0.0005262863910946689,0.00002828788557614902,0.003947168697817274,0.007841844305479656,0,0.00004966039404877705,0.004132031844810619,0.000007265019830005609,0.00011867035129515314,0.00022961775127264858,0.0009119835035147739,0.025818113451377307,0.02673009695489208
1.8800000000000001,2.085814239881194e-8,3.259563098871425e-7,0.0009140875805331432,0,0,0,0,0,0,0,0,0.00042644334331642063,0.0005520165726843519,0.000004003935691106175,0,0.0020307292601121378,0,0.001914543660311005,0.000010042287229416107,0.000006244789599406108,0.00004355424796018819,0.0008834496834571291,0.0004903507653997973,0.0004903507653997973,0.0004903507653997973,0.0007388489866371813,0.0008068852299585876,0.0005227278825189463,0.000027442689002692153,0.0038375397897514644,0.007627412571463907,0,0.000048314034445420175,0.0040614585202242755,0.0000071736746717775565,0.00011536818888273547,0.00022344198017524506,0.0009144343949854291,0.025358693624292786,0.026273128019278214
1.8850000000000002,2.091361619746208e-8,3.1564180567636494e-7,0.0009165493400597952,0,0,0,0,0,0,0,0,0.0004205137339585092,0.0005405393423218204,0.00000391414371031324,0,0.001997584266096277,0,0.0018851465871200846,0.000009791614688272977,0.000006193748754823351,0.00004399888672491406,0.0009161437737093541,0.0004859666914509075,0.0004859666914509075,0.00048596669145090765,0.0007267702252300752,0.0008366267064008857,0.0005202828912355725,0.00002665109425487568,0.0037344500089834497,0.0074249662593976334,0,0.00004706668530821127,0.003995168532192554,0.0000070873229578601645,0.0001122895331511605,0.00021745025639346787,0.0009168858954816691,0.02493053568694284,0.02584742158242451
1.8900000000000001,2.0969089996070806e-8,3.0541535888775833e-7,0.0009190110175248597,0,0,0,0,0,0,0,0,0.000414686065091454,0.0005288319338213572,0.000003822145092189915,0,0.001962912944884957,0,0.0018541928395908354,0.000009537048316484923,0.000006138056966851451,0.00004443978550101845,0.0009458839275781422,0.0004818846137175662,0.0004818846137175662,0.0004818846137175662,0.0007142207125418056,0.0008636635248366188,0.0005174962708961354,0.000025862442554846726,0.0036334201914000374,0.007218712841404711,0,0.00004578953487353158,0.003925825889769914,0.000006995613498112011,0.00010924343055453488,0.00021152881980306416,0.0009193374019737435,0.024488857860129304,0.02540819526210305
1.895,2.1024563794638448e-8,2.9533648444459394e-7,0.00092147261358601,0,0,0,0,0,0,0,0,0.00040857961593803685,0.0005169894966071683,0.000003728311304929157,0,0.0019271368976036098,0,0.0018220820021438077,0.000009282745448130063,0.000006087155984019097,0.00004487462413665754,0.0009727927755464556,0.0004776267373937152,0.0004776267373937152,0.0004776267373937152,0.0007017048200393111,0.0008881088676533389,0.0005144791709683391,0.000025081809686026315,0.0035309308730418244,0.007015010926824467,0,0.00004451609337877415,0.0038542737952072196,0.0000068962868348099836,0.00010619336865301156,0.0002055918448116473,0.0009217889746342493,0.02403722169399273,0.024959010668626977
1.9000000000000001,2.1080037593165327e-8,2.8544711806657513e-7,0.0009239341288938885,0,0,0,0,0,0,0,0,0.0004023408734142205,0.0005050564590040968,0.0000036372139764707716,0,0.0018905844314224154,0,0.001789126750533639,0.000009031896880064842,0.000006046713428710751,0.00004526675936910044,0.000996991176085771,0.0004731320566521482,0.0004731320566521482,0.0004731320566521482,0.0006888799113802339,0.0009100742175435595,0.0005114761132927248,0.000024312833450737513,0.0034287016832662567,0.006813344920168963,0,0.00004322891821389781,0.003781168862844831,0.0000067955207004196164,0.00010317060852815249,0.0001997311498233794,0.0009242406560495482,0.02357836318328409,0.02450260383933364
1.9050000000000002,2.1135511391651777e-8,2.756537341694691e-7,0.0009263955640922005,0,0,0,0,0,0,0,0,0.00039613323607393027,0.0004930146724180393,0.000003542898479886195,0,0.001852689544801589,0,0.001754793680782778,0.000008782558741885338,0.000006003125159472843,0.000045649269889586275,0.0010181450480991857,0.00046855993296611556,0.00046855993296611556,0.00046855993296611556,0.0006757480339192961,0.0009292557565499169,0.0005079883234446809,0.000023547622639589613,0.003327813925325498,0.00661017057382286,0,0.000041960829761505875,0.003705379089603178,0.000006687687088901767,0.00010009202522861645,0.00019389639019198638,0.0009266923533377616,0.02310697409092073,0.024033666444258493
1.9100000000000001,2.1190985190098102e-8,2.6637880662194484e-7,0.0009288569198178087,0,0,0,0,0,0,0,0,0.00039024659847429927,0.00048132157929364983,0.0000034552622683601077,0,0.0018163678375910123,0,0.0017218478524156646,0.000008542413428226099,0.000005972867668980631,0.00004605969359125752,0.0010378659176254004,0.0004641893321314006,0.0004641893321314006,0.0004641893321314006,0.0006632233101267113,0.0009471253185800337,0.0005054627371721702,0.00002282240204059067,0.0032317438536533572,0.006419194764207036,0,0.00004076037378105629,0.0036327356751820247,0.0000065871633261846764,0.00009720857069347579,0.00018823656426138758,0.0009291444896096207,0.02265934875177508,0.0235884932413847
1.915,2.1246458988504613e-8,2.574485737851076e-7,0.0009313181967008207,0,0,0,0,0,0,0,0,0.00038450849782462195,0.0004700642102269048,0.0000033703879636365084,0,0.0017805757234270806,0,0.001689307112485759,0.000008314523675381894,0.000005936296235913628,0.00004647522180409807,0.001055674649905885,0.00046034949544670214,0.00046034949544670214,0.00046034949544670214,0.0006510762837473456,0.0009632463044096131,0.0005031473735466604,0.000022122590645802764,0.00313859036627796,0.006234439609894774,0,0.00003960360979223276,0.003561151446854161,0.0000064841845780859665,0.0000944175083602597,0.00018286088583236392,0.0009315968917335942,0.022222415273828646,0.02315401216556224
1.92,2.130193278687164e-8,2.486062334175398e-7,0.000933779395364683,0,0,0,0,0,0,0,0,0.0003786994110921413,0.00045860766750242864,0.0000032843418401760463,0,0.001743618891910412,0,0.0016555678498869069,0.000008081701567924627,0.0000059202635153749965,0.00004687074633859462,0.0010706034509052615,0.0004561529140891089,0.0004561529140891089,0.0004561529140891089,0.0006386419849764944,0.0009767365255765944,0.000500397705558663,0.000021426277748461283,0.003044628554040356,0.006049773271293124,0,0.00003845180397361332,0.003487237783820824,0.000006375847911329265,0.00009161726509604,0.00017740967360437612,0.0009340493035308874,0.021772409760426423,0.02270645906395731
1.925,2.1357406585199474e-8,2.4049486408107854e-7,0.0009362405164262646,0,0,0,0,0,0,0,0,0.00037373459857358043,0.0004481182210591674,0.0000032043698009731078,0,0.0017101015613918095,0,0.0016250062870096196,0.000007876750993362143,0.000005912685859710094,0.0000473535737595878,0.0010855427074717957,0.00045344544390454677,0.00045344544390454677,0.00045344544390454677,0.0006274852770222125,0.0009902336916432978,0.0004986385892136828,0.000020789079581234838,0.002959457115967533,0.005880153570302126,0,0.00003738772439454352,0.003420203122783619,0.000006278255843355601,0.00008902890668503149,0.00017241324634287782,0.0009365023686969308,0.02136925566741276,0.02230575803610969
1.9300000000000002,2.1412880383488426e-8,2.3255076350248728e-7,0.0009387015604959471,0,0,0,0,0,0,0,0,0.0003685766671535283,0.0004376012086330032,0.000003123747430995896,0,0.0016761790830329107,0,0.001593977310121263,0.000007673232062128415,0.000005898296365346235,0.00004778475374167652,0.0010982269881163263,0.00045029387176139223,0.00045029387176139223,0.00045029387176139223,0.0006163548757888586,0.0010016715751674159,0.0004967339880427765,0.000020162648758151988,0.002875631184183692,0.0057122447466475415,0,0.000036355145363203096,0.0033523581660658214,0.00000618083122322395,0.00008651929723295708,0.00016750305675101372,0.0009389555241398331,0.02096163841716601,0.021900593941305845
1.935,2.1468354181738788e-8,2.2473740918469554e-7,0.0009411625281777084,0,0,0,0,0,0,0,0,0.0003634100035868469,0.000427054738172579,0.000003044954247427733,0,0.0016416384184784398,0,0.001562280519166968,0.000007470414899277766,0.000005904679170341436,0.00004818598657134625,0.0011085283092414138,0.00044697541743375885,0.00044697541743375885,0.00044697541743375885,0.0006049433762529791,0.0010109343033222848,0.000494591311350898,0.000019543901841776156,0.0027922903989476082,0.005545676963133966,0,0.0000353220427392197,0.0032832768369568796,0.0000060787428173806334,0.00008399961123576493,0.0001627190170394476,0.0009414087339410748,0.020547820781474123,0.0214892295154152
1.94,2.1523827979950875e-8,2.1736376491053414e-7,0.0009436234200692076,0,0,0,0,0,0,0,0,0.00035850489508427015,0.00041729425559812266,0.0000029714024642828917,0,0.0016088091929607705,0,0.001532136298915553,0.0000072719546067991,0.000005910458586501691,0.0000486034158874289,0.001118070485662392,0.0004441202708088666,0.0004441202708088666,0.00044412027080886643,0.0005940993932674459,0.001019503413765304,0.0004928676615203575,0.000018959853539674007,0.0027129245598000867,0.005389646373078017,0,0.00003434052838302568,0.003217618385921541,0.000005982929250534921,0.00008164657832243151,0.00015814558033938776,0.0009438623076620981,0.020157668429380528,0.021101530737042625
1.945,2.1579301778124962e-8,2.1006108512394494e-7,0.0009460842367618654,0,0,0,0,0,0,0,0,0.00035349335486520235,0.0004071908590562296,0.00000289635190743619,0,0.0015750586572088724,0,0.001501041966019572,0.00000707564518392235,0.000005911216917184748,0.000048992353098276544,0.001125114666712932,0.00044184631022348625,0.00044184631022348625,0.00044184631022348625,0.0005831541646161925,0.0010257938416435358,0.0004908501809547965,0.000018378553034997228,0.002633890625475273,0.0052327239931999146,0,0.00003334570741192821,0.003150117314417745,0.000005880422649571109,0.00007929615298335037,0.00015364775808909985,0.0009463158771487674,0.01975939271611649,0.020705708593265256
1.9500000000000002,2.163477557626137e-8,2.0298044268180546e-7,0.0009485449788409494,0,0,0,0,0,0,0,0,0.00034858151586891387,0.00039739994627475234,0.000002822506209640804,0,0.0015415590249922948,0,0.0014701163152365353,0.000006885711068848974,0.00000593537141043867,0.00004937354335870003,0.0011305086943865657,0.00043865368580277145,0.00043865368580277145,0.0004386536858027716,0.0005723582791468128,0.001030579378239431,0.0004888074701744515,0.00001781327845909675,0.0025570415420880593,0.005079475381170264,0,0.000032427065000292976,0.0030831180499845895,0.000005778743969305624,0.00007716113373841521,0.00014954718518747778,0.0009487695940592074,0.019363251193373204,0.02031202078743241
1.955,2.1690249374360353e-8,1.9620808343121766e-7,0.0009510056468856507,0,0,0,0,0,0,0,0,0.000343987292967637,0.0003878318302921551,0.0000027507221887531277,0,0.0015090419579435492,0,0.001440060649815371,0.000006702980222318366,0.000005957383666564953,0.00004974271872603315,0.0011348585502459914,0.000435755877893377,0.000435755877893377,0.000435755877893377,0.0005617305170913301,0.0010344129533606068,0.00048823343882455804,0.000017271764006144537,0.0024831455558779387,0.004933773228764289,0,0.00003150036748032926,0.0030180839158870983,0.00000567867976505837,0.00007529205009709502,0.0001459084197343066,0.0009512235452184563,0.01898323261063726,0.019934456155855713
1.96,2.174572317242222e-8,1.8950380493661354e-7,0.0009534662414691638,0,0,0,0,0,0,0,0,0.0003391822834438937,0.0003782918874232244,0.0000026788385323137093,0,0.0014757298580878769,0,0.0014091818245308596,0.0000065199994061939765,0.000005969556144076758,0.00005004034640361091,0.0011368901114906784,0.0004323037261168076,0.0004323037261168076,0.0004323037261168076,0.0005511166238003323,0.0010361337274046138,0.00048568453782454906,0.000016733014251661114,0.0024092003312600994,0.004787760626909042,0,0.00003059608967053453,0.0029514597161757537,0.000005576195917590156,0.00007342017740096546,0.0001423431678072724,0.0009536774909972729,0.018591420092235564,0.019545097583232838
1.965,2.1801196970447247e-8,1.829751582675654e-7,0.0009559267631587658,0,0,0,0,0,0,0,0,0.0003342050823155039,0.00036878353823344807,0.0000026082004625762285,0,0.001442493855674765,0,0.0013783130855524375,0.0000063401457538185675,0.000005988993326276765,0.00005029367044480941,0.0011372871290700247,0.00042896869278538126,0.00042896869278538126,0.00042896869278538126,0.00054035814727654,0.0010363655718022401,0.0004830936382759498,0.000016206575490188033,0.0023377749146004175,0.004645146770163092,0,0.00002969241851728719,0.00288498771134953,0.000005472516313954794,0.00007176494675226613,0.00013916610593059828,0.0009561315395140038,0.018203249095661865,0.01915938063517587
1.9700000000000002,2.1856670768435727e-8,1.765756656840524e-7,0.0009583872125158906,0,0,0,0,0,0,0,0,0.0003290358384226318,0.00035926070398963414,0.0000025359443610934286,0,0.0014090171155693703,0,0.0013471538788200376,0.000006160958220223036,0.000006004885949617163,0.000050487743854009746,0.0011358385122800933,0.00042520614947132276,0.00042520614947132276,0.00042520614947132276,0.0005294232813622147,0.0010349167023627423,0.0004798340294080982,0.000015688427399109044,0.002266885692010536,0.004503324133925953,0,0.000028805792014833515,0.0028180342311387406,0.000005366447606597848,0.00007011992510336888,0.0001360205963237008,0.0009585856448523432,0.017809533288536572,0.018768118933388915
1.975,2.191214456638792e-8,1.7024706569068014e-7,0.0009608475900962048,0,0,0,0,0,0,0,0,0.000323763823952818,0.0003496738949044556,0.000002465395078616447,0,0.001374869511779608,0,0.0013152944305121082,0.000005985159144958443,0.0000060266091781771655,0.00005058673414178635,0.0011322171649459842,0.00042103578118551606,0.00042103578118551606,0.00042103578118551606,0.0005181876439080204,0.0010314897361678264,0.0004762739731323315,0.000015173449178031608,0.002194991795025047,0.004360161410926317,0,0.000027936184749418815,0.002749739023559216,0.000005256592969125364,0.00006847238692181207,0.00013352590145862067,0.0009610397493064618,0.017405198165190826,0.018366237914497287
1.98,2.1967618364304112e-8,1.6558475787870134e-7,0.0009633078964496818,0,0,0,0,0,0,0,0,0.00032122357201314815,0.0003430830488637525,0.0000024159506788648438,0,0.0013531115532537253,0,0.0012952375500576365,0.000005861331755310256,0.00000609576202455397,0.000051094333561642766,0.0011374064952577177,0.000420499720561723,0.000420499720561723,0.000420499720561723,0.0005115474434722727,0.0010360904322182479,0.0004767432336556917,0.000014804303120648927,0.002144176165058226,0.004259136282623243,0,0.00002732486478881599,0.0027062231065074507,0.000005193859409473929,0.00006776578877684913,0.0001315996046872682,0.0009634954488259248,0.01715763384346971,0.018121129292295635
1.985,2.202309216218457e-8,1.6114772282998101e-7,0.0009657681321206768,0,0,0,0,0,0,0,0,0.00031905487282214533,0.0003370655503045581,0.0000023684579382944553,0,0.0013323116674081937,0,0.0012760566680743558,0.000005747729176358293,0.000006179044637051614,0.000051599665628867995,0.0011422682031651935,0.0004201477306128289,0.0004201477306128289,0.0004201477306128289,0.0005053118917787727,0.0010403925618708086,0.0004772775267546565,0.000014453121770859174,0.0020959331174860863,0.004162141694920058,0,0.00002672184555628782,0.0026646233348163874,0.0000051336922017048505,0.00006695784398565403,0.0001300195202558799,0.000965951302935669,0.016922061202390662,0.01788801250532633
1.9900000000000002,2.2078565960029567e-8,1.5683824345061038e-7,0.0009682282976479937,0,0,0,0,0,0,0,0,0.00031674879886736456,0.00033089582101102457,0.0000023225461887627397,0,0.001311719684041516,0,0.0012570358445521401,0.000005635961511739402,0.000006263180287979571,0.00005205165427222191,0.0011462215141255882,0.00041975294421945747,0.00041975294421945747,0.00041975294421945747,0.0004991955547164227,0.001043867323140692,0.0004779241887302312,0.000014111280185904552,0.0020498709476427213,0.004068612335981911,0,0.000026147730922905502,0.002623439368083032,0.000005073969461309136,0.00006621970946855045,0.00012883012796146022,0.0009684072144574043,0.016691446373811848,0.017659853588269252
1.995,2.2134039757839356e-8,1.5313369554686271e-7,0.0009706883935649613,0,0,0,0,0,0,0,0,0.00031556364472357443,0.0003257581450614518,0.0000022841055370951658,0,0.0012954126946453197,0,0.0012420859813172108,0.000005544937529716559,0.000006367540939833836,0.000052666892700841715,0.001152931253787791,0.00042053553632016773,0.00042053553632016773,0.00042053553632016773,0.0004945308422828023,0.001049852183332113,0.000479428242149167,0.000013821952019361074,0.002010210269314229,0.003992505062136244,0,0.000025669860685531527,0.0025908253892906394,0.000005029138410520696,0.00006567587805128732,0.00012766314703096369,0.0009708636613002659,0.016515433769906197,0.017486297431206464
2,2.218951355561422e-8,1.4944636530929138e-7,0.0009731484203994988,0,0,0,0.000005016504427246618,0.014633081904597436,0.0017611277524239037,0,8.428284060390461e-7,0,0,0,0,0,0,0,0,0,0,0,0,0,0,0,0,0,0,0,0,0,0,0,0,0,0,0.0009733200562783638,0.016400068989854626,0.01737338904613299
2.005,2.224498735335441e-8,1.4648440689123125e-7,0.0009756083786741873,0,0,0,0.000005029278200054039,0.014671127067061042,0.0017669472452652038,0,8.449745416062568e-7,0,0,0,0,0,0,0,0,0,0,0,0,0,0,0,0,0,0,0,0,0,0,0,0,0,0,0.0009757771080684319,0.016443948565067906,0.01741972567313634
2.0100000000000002,2.2300461151060193e-8,1.4458889588849652e-7,0.0009780682689063353,0,0,0,0.0000050420513845405995,0.014708907209593725,0.0017727620933672198,0,8.471205783290347e-7,0,0,0,0,0,0,0,0,0,0,0,0,0,0,0,0,0,0,0,0,0,0,0,0,0,0,0.0009782351582633749,0.016487558474923815,0.01746579363318719
2.015,2.2355934948731816e-8,1.4268852858782712e-7,0.0009805280916080458,0,0,0,0.000005054823985166227,0.014746416004404374,0.0017785723422863546,0,8.492665169566979e-7,0,0,0,0,0,0,0,0,0,0,0,0,0,0,0,0,0,0,0,0,0,0,0,0,0,0,0.0009806931360715823,0.01653089243719285,0.017511585573264432
2.02,2.2411408746369532e-8,1.4065314992691066e-7,0.000982987847286282,0,0,0,0.0000050675960063456975,0.01478364748679166,0.0017843780369498565,0,8.514123582309769e-7,0,0,0,0,0,0,0,0,0,0,0,0,0,0,0,0,0,0,0,0,0,0,0,0,0,0,0.0009831509118449554,0.016573944532106092,0.017557095443951048
2.0250000000000004,2.246688254397361e-8,1.3854594462826497e-7,0.0009854475364429324,0,0,0,0.000005080367452449187,0.014820587436052404,0.001790179221667174,0,8.535581028861104e-7,0,0,0,0,0,0,0,0,0,0,0,0,0,0,0,0,0,0,0,0,0,0,0,0,0,0,0.0009856085492701047,0.016616700583274913,0.017602309132545017
2.0300000000000002,2.2522356341544277e-8,1.3643693067737826e-7,0.0009879071595748714,0,0,0,0.000005093138327802833,0.014857225224171594,0.0017959759401410592,0,8.557037516489371e-7,0,0,0,0,0,0,0,0,0,0,0,0,0,0,0,0,0,0,0,0,0,0,0,0,0,0,0.0009880661188618903,0.016659150006392107,0.017647216125254
2.035,2.2577830139081782e-8,1.347570360262194e-7,0.0009903667171740269,0,0,0,0.000005105908636689313,0.014893544821903278,0.0018017682354784276,0,8.578493052389948e-7,0,0,0,0,0,0,0,0,0,0,0,0,0,0,0,0,0,0,0,0,0,0,0,0,0,0,0.0009905240520401923,0.016701276815323633,0.017691800867363824
2.04,2.2633303936586378e-8,1.3311596938724235e-7,0.0009928262097274373,0,0,0,0.000005118678383348368,0.01492953786703456,0.0018075561502009672,0,8.599947643686064e-7,0,0,0,0,0,0,0,0,0,0,0,0,0,0,0,0,0,0,0,0,0,0,0,0,0,0,0.0009929819590007612,0.016743072690383245,0.017736054649384006
2.045,2.2688777734058294e-8,1.3142738359805118e-7,0.0009952856377173143,0,0,0,0.000005131447571977354,0.014965202011737719,0.0018133397262555212,0,8.621401297429747e-7,0,0,0,0,0,0,0,0,0,0,0,0,0,0,0,0,0,0,0,0,0,0,0,0,0,0,0.0009954397538786464,0.01678453532569496,0.017779975079573608
2.05,2.2744251531497788e-8,1.2951475565114537e-7,0.0009977450016211036,0,0,0,0.000005144216206731766,0.015000530108871686,0.0018191190050242357,0,8.642854020602688e-7,0,0,0,0,0,0,0,0,0,0,0,0,0,0,0,0,0,0,0,0,0,0,0,0,0,0,0.0009978972606282863,0.016825657615504714,0.017823554876133
2.055,2.2799725328905094e-8,1.2760018919970083e-7,0.0010002043019115407,0,0,0,0.000005156984291725768,0.015035516219319702,0.0018248940273344898,0,8.664305820117142e-7,0,0,0,0,0,0,0,0,0,0,0,0,0,0,0,0,0,0,0,0,0,0,0,0,0,0,0.0010003547018260692,0.01686643366152793,0.017866788363353998
2.06,2.2855199126280422e-8,1.2573982247477788e-7,0.001002663539056712,0,0,0,0.000005169751831032696,0.015070151281641339,0.0018306648334686037,0,8.685756702816761e-7,0,0,0,0,0,0,0,0,0,0,0,0,0,0,0,0,0,0,0,0,0,0,0,0,0,0,0.0010028121340783132,0.016906854442611256,0.01790966657668957
2.065,2.2910672923624026e-8,1.2395563303902574e-7,0.001005122713520111,0,0,0,0.0000051825188286855834,0.015104426348455918,0.0018364314631733412,0,8.707206675477491e-7,0,0,0,0,0,0,0,0,0,0,0,0,0,0,0,0,0,0,0,0,0,0,0,0,0,0,0.0010052695798260737,0.01694691105112549,0.017952180630951563
2.0700000000000003,2.2966146720936137e-8,1.2216930539498783e-7,0.001007581825760694,0,0,0,0.000005195285288677645,0.015138332695674928,0.0018421939556692013,0,8.728655744808376e-7,0,0,0,0,0,0,0,0,0,0,0,0,0,0,0,0,0,0,0,0,0,0,0,0,0,0,0.0010077269612128099,0.016986594802207287,0.0179943217634201
2.075,2.302162051821697e-8,1.2031348840967953e-7,0.001010040876232936,0,0,0,0.000005208051214962766,0.015171853838182908,0.0018479523496595116,0,8.750103917452384e-7,0,0,0,0,0,0,0,0,0,0,0,0,0,0,0,0,0,0,0,0,0,0,0,0,0,0,0.001010184211341864,0.017025889249449127,0.018036073460790992
2.08,2.307709431546676e-8,1.184238316502698e-7,0.0010124998653868865,0,0,0,0.000005220816611456011,0.015204991164049535,0.0018537066833393273,0,8.771551199987253e-7,0,0,0,0,0,0,0,0,0,0,0,0,0,0,0,0,0,0,0,0,0,0,0,0,0,0,0.0010126413663128523,0.017064795819120317,0.01807743718543317
2.085,2.3132568112685727e-8,1.1653424387950054e-7,0.001014958793668221,0,0,0,0.000005233581482034073,0.015237738977292865,0.0018594569944041404,0,8.792997598926258e-7,0,0,0,0,0,0,0,0,0,0,0,0,0,0,0,0,0,0,0,0,0,0,0,0,0,0,0.0010150984604802133,0.017103308852938932,0.018118407313419144
2.09,2.318804190987409e-8,1.1484921622067816e-7,0.0010174176615182974,0,0,0,0.000005246345830535762,0.01527009099491902,0.0018652033200584003,0,8.814443120719031e-7,0,0,0,0,0,0,0,0,0,0,0,0,0,0,0,0,0,0,0,0,0,0,0,0,0,0,0.001017555698776428,0.01714142210512003,0.01815897780389646
2.095,2.3243515707032073e-8,1.1317940749748449e-7,0.0010198764693742047,0,0,0,0.000005259109660762463,0.01530204017203245,0.0018709456970238591,0,8.835887771752317e-7,0,0,0,0,0,0,0,0,0,0,0,0,0,0,0,0,0,0,0,0,0,0,0,0,0,0,0.0010200128922974092,0.017179128567494248,0.018199141459791658
2.1,2.3298989504159892e-8,1.1150765638687217e-7,0.0010223352176688166,0,0,0,0.000005271872976478587,0.015333581367385338,0.0018766841615477322,0,8.857331558350743e-7,0,0,0,0,0,0,0,0,0,0,0,0,0,0,0,0,0,0,0,0,0,0,0,0,0,0,0.0010224700243147077,0.017216423135065384,0.01823889315938009
2.105,2.3354463301257764e-8,1.0983184974278501e-7,0.001024793906830843,0,0,0,0.000005284635781412035,0.015364708291601928,0.0018824187494107015,0,8.878774486777599e-7,0,0,0,0,0,0,0,0,0,0,0,0,0,0,0,0,0,0,0,0,0,0,0,0,0,0,0.001024927093143887,0.017253299554242717,0.018278226647386604
2.1100000000000003,2.3409937098325896e-8,1.0815550070921274e-7,0.0010272525372848785,0,0,0,0.000005297398079254633,0.01539541874454502,0.001888149495934735,0,8.900216563235562e-7,0,0,0,0,0,0,0,0,0,0,0,0,0,0,0,0,0,0,0,0,0,0,0,0,0,0,0.001027384102722686,0.017289755660215334,0.01831713976293802
2.115,2.3465410895364492e-8,1.0654044331039215e-7,0.0010297111094514516,0,0,0,0.0000053101598736625644,0.015425711125618198,0.0018938764359907555,0,8.921657793867421e-7,0,0,0,0,0,0,0,0,0,0,0,0,0,0,0,0,0,0,0,0,0,0,0,0,0,0,0.0010298411153056573,0.017325789887262,0.01835563100256766
2.12,2.3520884692373776e-8,1.0500503993450627e-7,0.0010321696237470764,0,0,0,0.000005322921168256806,0.015455561058406394,0.0018995996040061468,0,8.943098184756827e-7,0,0,0,0,0,0,0,0,0,0,0,0,0,0,0,0,0,0,0,0,0,0,0,0,0,0,0.0010322981496717033,0.017361377893399272,0.018393676043070975
2.125,2.3576358489353953e-8,1.0346852772917107e-7,0.001034628080584296,0,0,0,0.0000053356819666235615,0.015484954866762149,0.0019053190339721022,0,8.964537741928994e-7,0,0,0,0,0,0,0,0,0,0,0,0,0,0,0,0,0,0,0,0,0,0,0,0,0,0,0.0010347551254705147,0.01739650603647507,0.018431261161945583
2.13,2.3631832286305208e-8,1.0194657039878037e-7,0.0010370864803717335,0,0,0,0.000005348442272314661,0.01551387834911753,0.0019110347594508243,0,8.985976471351391e-7,0,0,0,0,0,0,0,0,0,0,0,0,0,0,0,0,0,0,0,0,0,0,0,0,0,0,0.0010372120587744185,0.017431160148487803,0.01846837220726222
2.1350000000000002,2.3687306083227794e-8,1.0043090411256985e-7,0.001039544823514137,0,0,0,0.000005361202088847988,0.015542317084558823,0.001916746813582579,0,9.007414378934454e-7,0,0,0,0,0,0,0,0,0,0,0,0,0,0,0,0,0,0,0,0,0,0,0,0,0,0,0.0010396689417243327,0.017465325841668145,0.01850499478339248
2.14,2.3742779880121848e-8,9.891478550757475e-8,0.0010420031104124243,0,0,0,0.000005373961419707876,0.015570256843636535,0.0019224552290925982,0,9.028851470532252e-7,0,0,0,0,0,0,0,0,0,0,0,0,0,0,0,0,0,0,0,0,0,0,0,0,0,0,0.001042125767977812,0.017498988919295893,0.018541114687273704
2.145,2.3798253676987613e-8,9.746939247100669e-8,0.0010444613414637319,0,0,0,0.000005386720268345518,0.01559768272068347,0.001928160038297856,0,9.05028775194317e-7,0,0,0,0,0,0,0,0,0,0,0,0,0,0,0,0,0,0,0,0,0,0,0,0,0,0,0.0010445826091098798,0.017532134508024867,0.018576717117134746
2.1500000000000004,2.3853727473825273e-8,9.602775822259343e-8,0.0010469195170614556,0,0,0,0.000005399478638179358,0.015624570198578082,0.0019338612731136942,0,9.071723228910574e-7,0,0,0,0,0,0,0,0,0,0,0,0,0,0,0,0,0,0,0,0,0,0,0,0,0,0,0.001047039398547152,0.01756473812265285,0.018611777521200003
2.1550000000000002,2.390920127063502e-8,9.460455600346948e-8,0.001049377637595297,0,0,0,0.000005412236532595474,0.015650904323604747,0.0019395589650603197,0,9.093157907123449e-7,0,0,0,0,0,0,0,0,0,0,0,0,0,0,0,0,0,0,0,0,0,0,0,0,0,0,0.0010494961513525711,0.017596784840988373,0.018646280992340943
2.16,2.396467506741706e-8,9.325829483555596e-8,0.0010518357034513055,0,0,0,0.000005424993954947969,0.015676689187071654,0.0019452531452691718,0,9.114591792217062e-7,0,0,0,0,0,0,0,0,0,0,0,0,0,0,0,0,0,0,0,0,0,0,0,0,0,0,0.0010519529264212085,0.017628278785474995,0.018680231711896204
2.165,2.402014886417156e-8,9.191108621353718e-8,0.0010542937150119231,0,0,0,0.000005437750908559347,0.01570191666780457,0.0019509438444891651,0,9.136024889773585e-7,0,0,0,0,0,0,0,0,0,0,0,0,0,0,0,0,0,0,0,0,0,0,0,0,0,0,0.0010544096462470009,0.01765921186569127,0.01871362151193827
2.17,2.407562266089874e-8,9.05273151046377e-8,0.0010567516726560234,0,0,0,0.000005450507396720884,0.015726595091235585,0.0019566310930928025,0,9.157457205322733e-7,0,0,0,0,0,0,0,0,0,0,0,0,0,0,0,0,0,0,0,0,0,0,0,0,0,0,0.001056866275593789,0.017689592437445643,0.01874645871303943
2.175,2.413109645759877e-8,8.909984926359434e-8,0.0010592095767589555,0,0,0,0.0000054632634226929944,0.01575071226528932,0.0019623149210821677,0,9.17888874434236e-7,0,0,0,0,0,0,0,0,0,0,0,0,0,0,0,0,0,0,0,0,0,0,0,0,0,0,0.0010593228077046767,0.017719408338668613,0.01877873114637329
2.18,2.418657025427185e-8,8.767316470977422e-8,0.0010616674276925854,0,0,0,0.000005476018989705603,0.015774225372190177,0.001967995358094807,0,9.200319512259099e-7,0,0,0,0,0,0,0,0,0,0,0,0,0,0,0,0,0,0,0,0,0,0,0,0,0,0,0.0010617792874275495,0.017748616781225916,0.018810396068653465
2.185,2.424204405091815e-8,8.63941371000071e-8,0.001064125225825334,0,0,0,0.000005488774100958488,0.015797110576878867,0.0019736724334094824,0,9.221749514448927e-7,0,0,0,0,0,0,0,0,0,0,0,0,0,0,0,0,0,0,0,0,0,0,0,0,0,0,0.001064235862006485,0.017777193959340753,0.018841429821347237
2.19,2.4297517847537867e-8,8.517609117822187e-8,0.001066582971522219,0,0,0,0.000005501528759621636,0.015819325432542854,0.001979346175951827,0,9.243178756237785e-7,0,0,0,0,0,0,0,0,0,0,0,0,0,0,0,0,0,0,0,0,0,0,0,0,0,0,0.0010666924451312447,0.017805097455129926,0.01887178990026117
2.1950000000000003,2.435299164413117e-8,8.395714514678976e-8,0.001069040665144894,0,0,0,0.000005514282968835602,0.01584084740926951,0.0019850166142998766,0,9.264607242902144e-7,0,0,0,0,0,0,0,0,0,0,0,0,0,0,0,0,0,0,0,0,0,0,0,0,0,0,0.001069148975281685,0.01783230476726251,0.018901453742544195
2.2,2.4408465440698258e-8,8.27291625702652e-8,0.0010714983070516863,0,0,0,0.000005527036731711835,0.01586168808935922,0.0019906837766895014,0,9.286034979669586e-7,0,0,0,0,0,0,0,0,0,0,0,0,0,0,0,0,0,0,0,0,0,0,0,0,0,0,0.0010716054446796974,0.017858827506278402,0.0189304329509581
2.205,2.446393923723928e-8,8.150045684348794e-8,0.001073955897597636,0,0,0,0.000005539790051333022,0.01588183657398543,0.001996347691019733,0,9.307461971719373e-7,0,0,0,0,0,0,0,0,0,0,0,0,0,0,0,0,0,0,0,0,0,0,0,0,0,0,0.0010740618619937167,0.017884654801253667,0.018958716663247385
2.21,2.4519413033754437e-8,8.0279420622949e-8,0.0010764134371345337,0,0,0,0.000005552542930753436,0.01590129761234289,0.0020020083848579845,0,9.328888224183011e-7,0,0,0,0,0,0,0,0,0,0,0,0,0,0,0,0,0,0,0,0,0,0,0,0,0,0,0.0010765182359681903,0.017909791428954047,0.01898630966492224
2.215,2.4574886830243897e-8,7.908718999926745e-8,0.0010788709260109565,0,0,0,0.000005565295372999225,0.015920061361547614,0.00200766588544517,0,9.350313742144772e-7,0,0,0,0,0,0,0,0,0,0,0,0,0,0,0,0,0,0,0,0,0,0,0,0,0,0,0.001078974588087786,0.017934227573739997,0.019013202161827784
2.22,2.463036062670783e-8,7.789484610034345e-8,0.0010813283645723065,0,0,0,0.000005578047381068783,0.015938076564720814,0.0020133202197007345,0,9.371738530642294e-7,0,0,0,0,0,0,0,0,0,0,0,0,0,0,0,0,0,0,0,0,0,0,0,0,0,0,0.0010814308897790336,0.017957912005655684,0.019039342895434717
2.225,2.4685834423146416e-8,7.672862481430959e-8,0.0010837857531608458,0,0,0,0.000005590798957933035,0.01595531508315154,0.0020189714142275763,0,9.393162594667052e-7,0,0,0,0,0,0,0,0,0,0,0,0,0,0,0,0,0,0,0,0,0,0,0,0,0,0,0.0010838871676200834,0.017980816612596515,0.0190647037802166
2.23,2.4741308219559826e-8,7.559201679184214e-8,0.0010862430921157317,0,0,0,0.0000056035501065357645,0.015971736122409052,0.002024619495316885,0,9.414585939164934e-7,0,0,0,0,0,0,0,0,0,0,0,0,0,0,0,0,0,0,0,0,0,0,0,0,0,0,0.001086343425440743,0.01800290062642639,0.01908924405186713
2.2350000000000003,2.4796782015948218e-8,7.445526141602739e-8,0.0010887003817730532,0,0,0,0.00000561630082979392,0.01598730033264207,0.0020302644889528816,0,9.436008569036736e-7,0,0,0,0,0,0,0,0,0,0,0,0,0,0,0,0,0,0,0,0,0,0,0,0,0,0,0.0010887996338164853,0.01802412472328165,0.019112924357098136
2.24,2.4852255812311758e-8,7.334214319828529e-8,0.0010911576224658655,0,0,0,0.000005629051130597933,0.0160020165405541,0.002035906420817475,0,9.457430489138704e-7,0,0,0,0,0,0,0,0,0,0,0,0,0,0,0,0,0,0,0,0,0,0,0,0,0,0,0.001091255816864876,0.018044497755551083,0.01913575357241596
2.245,2.490772960865064e-8,7.223808811899781e-8,0.0010936148145242232,0,0,0,0.000005641801011812002,0.01601586726307969,0.002041545316294828,0,9.478851704283009e-7,0,0,0,0,0,0,0,0,0,0,0,0,0,0,0,0,0,0,0,0,0,0,0,0,0,0,0.0010937119603419507,0.01806400226555676,0.01915771422589871
2.25,2.4963203404964985e-8,7.113408637918908e-8,0.0010960719582752136,0,0,0,0.000005654550476274397,0.016028838456137742,0.0020471812004758364,0,9.500272219238262e-7,0,0,0,0,0,0,0,0,0,0,0,0,0,0,0,0,0,0,0,0,0,0,0,0,0,0,0.0010961680555649977,0.018082624234311777,0.019178792289876775
2.255,2.5018677201254995e-8,7.002407379862792e-8,0.0010985290540429943,0,0,0,0.000005667299526797766,0.016040922777275653,0.002052814098162529,0,9.52169203873002e-7,0,0,0,0,0,0,0,0,0,0,0,0,0,0,0,0,0,0,0,0,0,0,0,0,0,0,0.0010986240967939941,0.01810035634416885,0.019198980440962847
2.26,2.5074150997520806e-8,6.891443468585877e-8,0.0011009861021488198,0,0,0,0.000005680048166169407,0.016052075118099463,0.00205844403387238,0,9.543111167441252e-7,0,0,0,0,0,0,0,0,0,0,0,0,0,0,0,0,0,0,0,0,0,0,0,0,0,0,0.0011010800907345032,0.018117153511254758,0.019218233601989262
2.265,2.5129624793762595e-8,6.782948148222937e-8,0.001103443102911079,0,0,0,0.000005692796397151558,0.016062266688352998,0.0020640710318425497,0,9.564529610012828e-7,0,0,0,0,0,0,0,0,0,0,0,0,0,0,0,0,0,0,0,0,0,0,0,0,0,0,0.0011035360620173548,0.0181329869695537,0.019236523031571057
2.27,2.518509858998051e-8,6.682533701514187e-8,0.0011059000566453234,0,0,0,0.000005705544222481685,0.01607146749542412,0.002069695116034037,0,9.585947371043994e-7,0,0,0,0,0,0,0,0,0,0,0,0,0,0,0,0,0,0,0,0,0,0,0,0,0,0,0.0011059920670809286,0.018147826750417744,0.019253818817498672
2.2750000000000004,2.5240572386174722e-8,6.582093102418446e-8,0.0011083569636643024,0,0,0,0.000005718291644872759,0.016079641113421122,0.0020753163101357684,0,9.60736445509284e-7,0,0,0,0,0,0,0,0,0,0,0,0,0,0,0,0,0,0,0,0,0,0,0,0,0,0,0.001108448025167713,0.018161636451647273,0.019270084476814987
2.2800000000000002,2.529604618234537e-8,6.482112953114235e-8,0.001110813824277991,0,0,0,0.000005731038667013523,0.016086763371031848,0.0020809346375685956,0,9.628780866676753e-7,0,0,0,0,0,0,0,0,0,0,0,0,0,0,0,0,0,0,0,0,0,0,0,0,0,0,0.0011109039414537044,0.018174391925354125,0.019285295866807828
2.285,2.5351519978492613e-8,6.382633841867776e-8,0.0011132706387936226,0,0,0,0.000005743785291568765,0.01609280319148353,0.002086550121489238,0,9.65019661027288e-7,0,0,0,0,0,0,0,0,0,0,0,0,0,0,0,0,0,0,0,0,0,0,0,0,0,0,0.0011133598166520198,0.018186062117925367,0.019299421934577385
2.29,2.5406993774616608e-8,6.283166631858083e-8,0.0011157274075157193,0,0,0,0.000005756531521179602,0.016097728242205702,0.0020921627847941414,0,9.671611690318574e-7,0,0,0,0,0,0,0,0,0,0,0,0,0,0,0,0,0,0,0,0,0,0,0,0,0,0,0.0011158156461758125,0.018196614719690057,0.01931243036586587
2.295,2.5462467570717505e-8,6.183248381721375e-8,0.0011181841307461205,0,0,0,0.000005769277358463713,0.016101506701161693,0.0020977726501232702,0,9.693026111211844e-7,0,0,0,0,0,0,0,0,0,0,0,0,0,0,0,0,0,0,0,0,0,0,0,0,0,0,0.0011182714256975084,0.01820601793125455,0.01932428935695206
2.3,2.551794136679546e-8,6.083212905034742e-8,0.0011206408087840137,0,0,0,0.000005782022806015624,0.016104101433542985,0.0021033797398638345,0,9.714439877311776e-7,0,0,0,0,0,0,0,0,0,0,0,0,0,0,0,0,0,0,0,0,0,0,0,0,0,0,0.0011207271588544309,0.01821423464020057,0.019334961799055
2.305,2.5573415162850614e-8,5.983249749135197e-8,0.0011230974419259628,0,0,0,0.000005794767866406958,0.01610547469881829,0.002108984076153945,0,9.735852992938974e-7,0,0,0,0,0,0,0,0,0,0,0,0,0,0,0,0,0,0,0,0,0,0,0,0,0,0,0.001123182847838617,0.018221227128137934,0.01934440997597655
2.31,2.562888895888312e-8,5.893943025717653e-8,0.0011255540304659375,0,0,0,0.000005807512542186677,0.01610558757367787,0.0021145856808862046,0,9.757265462375984e-7,0,0,0,0,0,0,0,0,0,0,0,0,0,0,0,0,0,0,0,0,0,0,0,0,0,0,0.0011256385987851536,0.018226956493652496,0.01935259509243765
2.3150000000000004,2.5684362754893137e-8,5.8046815129736126e-8,0.0011280105746953417,0,0,0,0.000005820256835881347,0.01610439783666672,0.00212018457571124,0,9.778677289867718e-7,0,0,0,0,0,0,0,0,0,0,0,0,0,0,0,0,0,0,0,0,0,0,0,0,0,0,0.0011280943058732263,0.018231380536942832,0.019359474842816058
2.3200000000000003,2.5739836550880783e-8,5.7151831588518416e-8,0.0011304670749030397,0,0,0,0.000005833000749995372,0.016101864100648743,0.002125780782041162,0,9.800088479621851e-7,0,0,0,0,0,0,0,0,0,0,0,0,0,0,0,0,0,0,0,0,0,0,0,0,0,0,0.0011305499665711792,0.01823445789228786,0.01936500785885904
2.325,2.5795310346846214e-8,5.625048536574897e-8,0.0011329235313753858,0,0,0,0.000005845744287011251,0.016097944141776004,0.0021313743210529756,0,9.821499035809256e-7,0,0,0,0,0,0,0,0,0,0,0,0,0,0,0,0,0,0,0,0,0,0,0,0,0,0,0.0011330055771710985,0.018236146357019572,0.01936915193419067
2.33,2.5850784142789587e-8,5.5349188473342044e-8,0.0011353799443962526,0,0,0,0.000005858487449389804,0.016092592570739635,0.002136965213691917,0,9.842908962564384e-7,0,0,0,0,0,0,0,0,0,0,0,0,0,0,0,0,0,0,0,0,0,0,0,0,0,0,0.0011354611443688688,0.0182364005627772,0.019371861707146068
2.335,2.590625793871102e-8,5.44521606261287e-8,0.0011378363142470547,0,0,0,0.000005871230239570416,0.016085762638516785,0.002142553480674743,0,9.864318263985674e-7,0,0,0,0,0,0,0,0,0,0,0,0,0,0,0,0,0,0,0,0,0,0,0,0,0,0,0.0011379166726656195,0.018235173781257497,0.019373090453923117
2.34,2.5961731734610673e-8,5.3559448666486115e-8,0.0011402926412067778,0,0,0,0.000005883972659971268,0.01607740519242715,0.0021481391424929587,0,9.885726944135937e-7,0,0,0,0,0,0,0,0,0,0,0,0,0,0,0,0,0,0,0,0,0,0,0,0,0,0,0.001140372162387179,0.018232416880274493,0.019372789042661674
2.345,2.6017205530488678e-8,5.266706890195798e-8,0.0011427489255520034,0,0,0,0.0000058967147129895765,0.016067465288674546,0.0021537222194159874,0,9.90713500704276e-7,0,0,0,0,0,0,0,0,0,0,0,0,0,0,0,0,0,0,0,0,0,0,0,0,0,0,0.0011428276098264358,0.018228074936304225,0.01937090254613066
2.35,2.6072679326345176e-8,5.1834138315957395e-8,0.0011452051675569356,0,0,0,0.000005909456401001804,0.016055887091654585,0.0021593027314942836,0,9.928542456698868e-7,0,0,0,0,0,0,0,0,0,0,0,0,0,0,0,0,0,0,0,0,0,0,0,0,0,0,0.0011452830743745779,0.01822209213379554,0.019367375208170116
2.3550000000000004,2.6128153122180297e-8,5.1019973278589604e-8,0.0011476613674934267,0,0,0,0.000005922197726363895,0.016042611920521994,0.0021648806985624025,0,9.949949297062507e-7,0,0,0,0,0,0,0,0,0,0,0,0,0,0,0,0,0,0,0,0,0,0,0,0,0,0,0.0011477385156198274,0.018214409811740467,0.019362148327360294
2.3600000000000003,2.618362691799418e-8,5.02047728227585e-8,0.0011501175256310012,0,0,0,0.000005934938691411501,0.0160275751270771,0.002170456140242001,0,9.971355532057831e-7,0,0,0,0,0,0,0,0,0,0,0,0,0,0,0,0,0,0,0,0,0,0,0,0,0,0,0.0011501939140307418,0.01820496334156372,0.01935515725559446
2.365,2.623910071378696e-8,4.932856175103956e-8,0.0011525736422368822,0,0,0,0.0000059476792984601895,0.016010715521193975,0.0021760290759448016,0,9.992761165575254e-7,0,0,0,0,0,0,0,0,0,0,0,0,0,0,0,0,0,0,0,0,0,0,0,0,0,0,0.001152649209899347,0.018193691552553796,0.019346340762453142
2.37,2.629457450955877e-8,4.845303944177012e-8,0.001155029717576016,0,0,0,0.000005960419549805665,0.015991965534891565,0.002181599524875493,0,0.0000010014166201471809,0,0,0,0,0,0,0,0,0,0,0,0,0,0,0,0,0,0,0,0,0,0,0,0,0,0,0.0011551044651899674,0.018180526895937014,0.01933563136112698
2.375,2.6350048305309747e-8,4.761083432566357e-8,0.0011574857519110943,0,0,0,0.0000059731594477239885,0.015971253728364245,0.0021871675060345925,0,0.0000010035570643571533,0,0,0,0,0,0,0,0,0,0,0,0,0,0,0,0,0,0,0,0,0,0,0,0,0,0,0.0011575597127937254,0.01816539795091092,0.019322957663704645
2.38,2.640552210104003e-8,4.6859637684516915e-8,0.0011599417455025807,0,0,0,0.000005985898994471772,0.015948502781421472,0.002192733038221249,0,0.0000010056974495665781,0,0,0,0,0,0,0,0,0,0,0,0,0,0,0,0,0,0,0,0,0,0,0,0,0,0,0.0011600150106623663,0.01814822741608676,0.01930824242674913
2.385,2.6460995896749724e-8,4.610732894113942e-8,0.0011623976986087328,0,0,0,0.0000059986381922864006,0.01592363382919862,0.0021982961400360086,0,0.0000010078377761513615,0,0,0,0,0,0,0,0,0,0,0,0,0,0,0,0,0,0,0,0,0,0,0,0,0,0,0.0011624702669335708,0.018128936445203067,0.01929140671213664
2.39,2.6516469692438983e-8,4.533709202382757e-8,0.0011648536114856256,0,0,0,0.000006011377043386236,0.01589656373379115,0.0022038568298835223,0,0.0000010099780444842128,0,0,0,0,0,0,0,0,0,0,0,0,0,0,0,0,0,0,0,0,0,0,0,0,0,0,0.0011649254650473418,0.01810744191876254,0.019272367383809882
2.395,2.6571943488107924e-8,4.455049233767141e-8,0.0011673094843871754,0,0,0,0.000006024115549970805,0.015867202990792247,0.002209415125975219,0,0.0000010121182549346762,0,0,0,0,0,0,0,0,0,0,0,0,0,0,0,0,0,0,0,0,0,0,0,0,0,0,0.0011673806068230011,0.01808365435057237,0.01925103495739537
2.4000000000000004,2.6627417283756677e-8,4.376352562526976e-8,0.001169765317565162,0,0,0,0.000006036853714221023,0.01583545749534377,0.002214971046331927,0,0.0000010142584078691705,0,0,0,0,0,0,0,0,0,0,0,0,0,0,0,0,0,0,0,0,0,0,0,0,0,0,0.001169835708508071,0.018057479653797788,0.01922731536230586
2.4050000000000002,2.6682891079385354e-8,4.298971854715364e-8,0.0011722211112692503,0,0,0,0.000006049591538299367,0.015801227838099365,0.0022205246087864494,0,0.0000010163985036510152,0,0,0,0,0,0,0,0,0,0,0,0,0,0,0,0,0,0,0,0,0,0,0,0,0,0,0.0011722907838788768,0.018028818436927763,0.01920110922080664
2.41,2.6738364874994095e-8,4.2219371100747904e-8,0.0011746768657470146,0,0,0,0.000006062329024350091,0.015764399639431548,0.0022260758309861073,0,0.0000010185385426404695,0,0,0,0,0,0,0,0,0,0,0,0,0,0,0,0,0,0,0,0,0,0,0,0,0,0,0.0011747458234829904,0.017997556337984645,0.019172302161467637
2.415,2.6793838670583017e-8,4.144889666580468e-8,0.001177132581243959,0,0,0,0.000006075066174499404,0.015724854758453415,0.0022316247303952284,0,0.0000010206785251947589,0,0,0,0,0,0,0,0,0,0,0,0,0,0,0,0,0,0,0,0,0,0,0,0,0,0,0.0011772008239792954,0.01796357523354834,0.019140776057527634
2.42,2.6849312466152252e-8,4.0694065802484134e-8,0.0011795882580035392,0,0,0,0.000006087802990855665,0.01568246652950072,0.0022371713242975992,0,0.0000010228184516681126,0,0,0,0,0,0,0,0,0,0,0,0,0,0,0,0,0,0,0,0,0,0,0,0,0,0,0.0011796558013818079,0.017926748475240843,0.01910640427662265
2.425,2.690478626170192e-8,3.9938412077343355e-8,0.001182043896267183,0,0,0,0.000006100539475509572,0.015637098905246536,0.002242715629798878,0,0.0000010249583224117899,0,0,0,0,0,0,0,0,0,0,0,0,0,0,0,0,0,0,0,0,0,0,0,0,0,0,0.001182110739465522,0.017886940032843333,0.019069050772308853
2.43,2.696026005723213e-8,3.920105172520696e-8,0.001184499496274315,0,0,0,0.000006113275630534345,0.015588605246008368,0.0022482576638289697,0,0.0000010270981377741153,0,0,0,0,0,0,0,0,0,0,0,0,0,0,0,0,0,0,0,0,0,0,0,0,0,0,0.0011845656575860974,0.017844003283605647,0.019028568941191745
2.435,2.7015733852743017e-8,3.8511332296136535e-8,0.001186955058262371,0,0,0,0.000006126011457985908,0.01553682725513052,0.0022537974431443546,0,0.0000010292378981005069,0,0,0,0,0,0,0,0,0,0,0,0,0,0,0,0,0,0,0,0,0,0,0,0,0,0,0.0011870205853285198,0.017797779947630963,0.01898480053295948
2.4400000000000004,2.7071207648234686e-8,3.781933624341857e-8,0.0011894105824668262,0,0,0,0.000006138746959903076,0.015481593589525939,0.0022593349843303824,0,0.0000010313776037335076,0,0,0,0,0,0,0,0,0,0,0,0,0,0,0,0,0,0,0,0,0,0,0,0,0,0,0.0011894754730107178,0.017748098698419958,0.018937574171430674
2.4450000000000003,2.7126681443707267e-8,3.7105161119873144e-8,0.0011918660691212092,0,0,0,0.0000061514821383077225,0.015422717274023562,0.0022648703038035353,0,0.0000010335172550128156,0,0,0,0,0,0,0,0,0,0,0,0,0,0,0,0,0,0,0,0,0,0,0,0,0,0,0.0011919303009637727,0.01769477257722042,0.01888670287818419
2.45,2.7182155239160866e-8,3.637182160121929e-8,0.0011943215184571246,0,0,0,0.0000061642169952049635,0.015359994950528663,0.002270403417813644,0,0.0000010356568522753114,0,0,0,0,0,0,0,0,0,0,0,0,0,0,0,0,0,0,0,0,0,0,0,0,0,0,0.001194385072433965,0.017637598242189786,0.01883198331462375
2.455,2.72376290345956e-8,3.563677320216039e-8,0.0011967769307042744,0,0,0,0.0000061769515325833264,0.015293208334443222,0.002275934342446075,0,0.000001037796395855091,0,0,0,0,0,0,0,0,0,0,0,0,0,0,0,0,0,0,0,0,0,0,0,0,0,0,0.001196839805106511,0.017576357424817737,0.018773197229924248
2.46,2.7293102830011596e-8,3.49407350782463e-8,0.0011992323060904743,0,0,0,0.000006189685752414932,0.015222115739825867,0.0022814630936238765,0,0.0000010399358860834918,0,0,0,0,0,0,0,0,0,0,0,0,0,0,0,0,0,0,0,0,0,0,0,0,0,0,0.0011992945399283827,0.01751080845508824,0.018710102995016624
2.465,2.7348576625408953e-8,3.425263602364907e-8,0.0012016876448416752,0,0,0,0.000006202419656655646,0.015146451084325175,0.0022869896871098964,0,0.000001042075323289121,0,0,0,0,0,0,0,0,0,0,0,0,0,0,0,0,0,0,0,0,0,0,0,0,0,0,0.0012017492460543243,0.017440685266415016,0.01864243451246934
2.47,2.740405042078781e-8,3.356086179094945e-8,0.0012041429471819822,0,0,0,0.000006215153247245267,0.015065920131689139,0.0022925141385088613,0,0.0000010442147077978862,0,0,0,0,0,0,0,0,0,0,0,0,0,0,0,0,0,0,0,0,0,0,0,0,0,0,0.001204203912094194,0.017365693638153042,0.018569897550247235
2.475,2.745952421614824e-8,3.285964522994782e-8,0.0012065982133336718,0,0,0,0.000006227886526107669,0.014980196337401311,0.0022980364632694222,0,0.0000010463540399330198,0,0,0,0,0,0,0,0,0,0,0,0,0,0,0,0,0,0,0,0,0,0,0,0,0,0,0.001206658532503118,0.017285507041236773,0.01849216557373989
2.4800000000000004,2.7514998011490387e-8,3.215462499765867e-8,0.0012090534435172128,0,0,0,0.0000062406194951509905,0.014888915270035916,0.0023035566766861767,0,0.0000010484933200151103,0,0,0,0,0,0,0,0,0,0,0,0,0,0,0,0,0,0,0,0,0,0,0,0,0,0,0.001209113113140222,0.017199761059537258,0.01840887417267748
2.4850000000000003,2.7570471806814343e-8,3.1448988016678875e-8,0.0012115086379512834,0,0,0,0.000006253352156267776,0.014791668046077646,0.002309074793901639,0,0.0000010506325483621257,0,0,0,0,0,0,0,0,0,0,0,0,0,0,0,0,0,0,0,0,0,0,0,0,0,0,0.0012115676574111069,0.017108046824683913,0.01831961448209502
2.49,2.7625945602120214e-8,3.074697657843886e-8,0.0012139637968527886,0,0,0,0.000006266084511335136,0.014687989741604608,0.0023145908299082017,0,0.0000010527717252894423,0,0,0,0,0,0,0,0,0,0,0,0,0,0,0,0,0,0,0,0,0,0,0,0,0,0,0.0012140221697749692,0.017009899427749435,0.018223921597524406
2.495,2.768141939740814e-8,3.0039573817407066e-8,0.0012164189204368803,0,0,0,0.000006278816562214924,0.014577349254207998,0.0023201047995500533,0,0.0000010549108511098713,0,0,0,0,0,0,0,0,0,0,0,0,0,0,0,0,0,0,0,0,0,0,0,0,0,0,0.0012164766414300952,0.016904787781171375,0.01812126442260147
2.5,2.7736893192678195e-8,2.9345345001722733e-8,0.0012188740089169735,0,0,0,0.000006291548310753869,0.01445916258579468,0.002325616717525066,0,0.0000010570499261336839,0,0,0,0,0,0,0,0,0,0,0,0,0,0,0,0,0,0,0,0,0,0,0,0,0,0,0.001218931091155168,0.016792127901556632,0.018011058992711798
2.505,2.77923669879305e-8,2.8659224520422946e-8,0.001221329062504764,0,0,0,0.000006304279758783736,0.014332741928740417,0.002331126598386655,0,0.0000010591889506686371,0,0,0,0,0,0,0,0,0,0,0,0,0,0,0,0,0,0,0,0,0,0,0,0,0,0,0.0012213855140962722,0.016671231995836526,0.017892617509932797
2.51,2.784784078316516e-8,2.7964371865304037e-8,0.0012237840814102452,0,0,0,0.0000063170109081214866,0.014197285617760099,0.0023366344565456153,0,0.0000010613279250200007,0,0,0,0,0,0,0,0,0,0,0,0,0,0,0,0,0,0,0,0,0,0,0,0,0,0,0.0012238398936228936,0.016541298413138856,0.017765138306761748
2.515,2.7903314578382276e-8,2.726129654127072e-8,0.0012262390658417277,0,0,0,0.00000632974176056942,0.014051863458098886,0.0023421403062719192,0,0.0000010634668494905803,0,0,0,0,0,0,0,0,0,0,0,0,0,0,0,0,0,0,0,0,0,0,0,0,0,0,0.0012262942304528473,0.016401396972980865,0.017627691203433712
2.52,2.795878837358196e-8,2.6547327422865566e-8,0.001228694016005852,0,0,0,0.00000634247231791532,0.013895340788746224,0.0023476441616964924,0,0.0000010656057243807443,0,0,0,0,0,0,0,0,0,0,0,0,0,0,0,0,0,0,0,0,0,0,0,0,0,0,0.0012287485221216484,0.01625039302848501,0.01747914155060666
2.5250000000000004,2.801426216876432e-8,2.5821292868963342e-8,0.0012311489321076103,0,0,0,0.00000635520258193261,0.013726343499831341,0.0023531460368129615,0,0.000001067744549988447,0,0,0,0,0,0,0,0,0,0,0,0,0,0,0,0,0,0,0,0,0,0,0,0,0,0,0.0012312027676626481,0.016086912483776226,0.017318115251438875
2.5300000000000002,2.8069735963929437e-8,2.5094880568051054e-8,0.0012336038143503565,0,0,0,0.000006367932554380479,0.013543196684021732,0.002358645945479371,0,0.0000010698833266092515,0,0,0,0,0,0,0,0,0,0,0,0,0,0,0,0,0,0,0,0,0,0,0,0,0,0,0.0012336569789668885,0.015909280445382094,0.017142937424348983
2.535,2.812520975907743e-8,2.4349861202434973e-8,0.0012360586629358297,0,0,0,0.000006380662237004052,0.013343805910567148,0.0023641439014198806,0,0.0000010720220545363589,0,0,0,0,0,0,0,0,0,0,0,0,0,0,0,0,0,0,0,0,0,0,0,0,0,0,0.0012361111380067911,0.01571540249627857,0.01695151363428536
2.54,2.8180683554208397e-8,2.357914904917514e-8,0.0012385134780641654,0,0,0,0.000006393391631534509,0.013125481124804718,0.002369639918226431,0,0.0000010741607340606258,0,0,0,0,0,0,0,0,0,0,0,0,0,0,0,0,0,0,0,0,0,0,0,0,0,0,0.0012385652378967688,0.015502588595396745,0.016741153833293512
2.545,2.8236157349322442e-8,2.277408296539151e-8,0.0012409682599339123,0,0,0,0.000006406120739689232,0.012884703813698236,0.002375134009360383,0,0.000001076299365470592,0,0,0,0,0,0,0,0,0,0,0,0,0,0,0,0,0,0,0,0,0,0,0,0,0,0,0.001241019270174227,0.015267320243163778,0.016508339513338004
2.55,2.8291631144419658e-8,2.1935524869113653e-8,0.0012434230087420494,0,0,0,0.000006418849563171938,0.012616656024015654,0.002380626188154137,0,0.0000010784379490525004,0,0,0,0,0,0,0,0,0,0,0,0,0,0,0,0,0,0,0,0,0,0,0,0,0,0,0.001243473235898063,0.015004779499682017,0.01624825273558008
2.555,2.8347104939500142e-8,2.1074109857965468e-8,0.001245877724684,0,0,0,0.000006431578103672823,0.012314441002964345,0.002386116467812726,0,0.0000010805764850903232,0,0,0,0,0,0,0,0,0,0,0,0,0,0,0,0,0,0,0,0,0,0,0,0,0,0,0.0012459271458987974,0.014708069625365833,0.01595399677126463
2.56,2.8402578734564e-8,2.0167392037959534e-8,0.0012483324079536479,0,0,0,0.000006444306362868692,0.011967537915637044,0.0023916048614153786,0,0.000001082714973865782,0,0,0,0,0,0,0,0,0,0,0,0,0,0,0,0,0,0,0,0,0,0,0,0,0,0,0.0012483809779244204,0.014366669798389157,0.015615050776313578
2.5650000000000004,2.8458052529611327e-8,1.9172120557849295e-8,0.001250787058743353,0,0,0,0.000006457034342423088,0.01155834471796102,0.0023970913819170675,0,0.0000010848534156583708,0,0,0,0,0,0,0,0,0,0,0,0,0,0,0,0,0,0,0,0,0,0,0,0,0,0,0.0012508346889164405,0.013962977987636169,0.01521381267655261
2.5700000000000003,2.8513526324642213e-8,1.8023914236812233e-8,0.001253241677243964,0,0,0,0.000006469762043986434,0.011052754400133884,0.0024025760421500274,0,0.000001086991810745378,0,0,0,0,0,0,0,0,0,0,0,0,0,0,0,0,0,0,0,0,0,0,0,0,0,0,0.0012532882146845256,0.013462887196138643,0.014716175410823169
2.575,2.8569000119656757e-8,1.6594764546130275e-8,0.0012556962636448366,0,0,0,0.0000064824894691961466,0.010363336986490964,0.0024080588548252542,0,0.0000010891301594019088,0,0,0,0,0,0,0,0,0,0,0,0,0,0,0,0,0,0,0,0,0,0,0,0,0,0,0.0012557414274095024,0.012778967460944817,0.01403470888835432
2.58,2.8624473914655062e-8,1.3414423813021715e-8,0.001258150818133844,0,0,0,0.000006495216619676773,0.008579637692119398,0.002413539832533978,0,0.0000010912684619009045,0,0,0,0,0,0,0,0,0,0,0,0,0,0,0,0,0,0,0,0,0,0,0,0,0,0,0.0012581928570315718,0.011000764009734954,0.012258956866766526
2.585,2.8679947709637218e-8,2.7741496432646148e-8,0.0012606053408973973,0,0,0,0.0000065079434970401296,0.017181380663669067,0.002419018987749123,0,0.0000010934067185131686,0,0,0,0,0,0,0,0,0,0,0,0,0,0,0,0,0,0,0,0,0,0,0,0,0,0,0.0012606617623415394,0.019608001001633745,0.020868662763975285
2.59,2.87354215046033e-8,2.8328496372612765e-8,0.001263059832120453,0,0,0,0.0000065206701028854004,0.017775499354700807,0.002424496332826726,0,0.0000010955449295073816,0,0,0,0,0,0,0,0,0,0,0,0,0,0,0,0,0,0,0,0,0,0,0,0,0,0,0.0012631168960383302,0.020207611902559926,0.02147072879859826
2.595,2.8790895299553436e-8,2.8732738763105282e-8,0.001265514291986532,0,0,0,0.000006533396438799285,0.018271002841336315,0.0024299718800073616,0,0.0000010976830951501267,0,0,0,0,0,0,0,0,0,0,0,0,0,0,0,0,0,0,0,0,0,0,0,0,0,0,0.0012655718156205948,0.020708605800877626,0.02197417761649822
2.6,2.884636909448769e-8,2.9041464396990678e-8,0.0012679687206777306,0,0,0,0.000006546122506356101,0.018715715774387052,0.0024354456414175185,0,0.0000010998212157059067,0,0,0,0,0,0,0,0,0,0,0,0,0,0,0,0,0,0,0,0,0,0,0,0,0,0,0.001268026608511222,0.021158807359526632,0.022426833968037855
2.6050000000000004,2.8901842889406173e-8,2.928159634987818e-8,0.0012704231183747372,0,0,0,0.00000655884830711793,0.01912816606829091,0.0024409176290709766,0,0.000001101959291437168,0,0,0,0,0,0,0,0,0,0,0,0,0,0,0,0,0,0,0,0,0,0,0,0,0,0,0.0012704813018139765,0.021576744504960443,0.02284722580677442
2.6100000000000003,2.8957316684308962e-8,2.946189587955013e-8,0.0012728774852568425,0,0,0,0.000006571573842634698,0.019517861809158203,0.00244638785487015,0,0.0000011040973226043165,0,0,0,0,0,0,0,0,0,0,0,0,0,0,0,0,0,0,0,0,0,0,0,0,0,0,0.0012729359044694063,0.02197192533519359,0.023244861239662996
2.615,2.901279047919615e-8,2.9594829719695423e-8,0.001275331821501956,0,0,0,0.000006584299114444337,0.019890446341307853,0.0024518563306074204,0,0.0000011062353094657412,0,0,0,0,0,0,0,0,0,0,0,0,0,0,0,0,0,0,0,0,0,0,0,0,0,0,0.001275390429122155,0.022349993206339184,0.02362538363546134
2.62,2.9068264274067817e-8,2.9693203359231677e-8,0.0012777861272866176,0,0,0,0.000006597024124072873,0.02024959710447081,0.0024573230679664406,0,0.0000011083732522778315,0,0,0,0,0,0,0,0,0,0,0,0,0,0,0,0,0,0,0,0,0,0,0,0,0,0,0.001277844888754251,0.0227146255698136,0.023992470458567852
2.625,2.9123738068924063e-8,2.9817962024584056e-8,0.0012802404027860116,0,0,0,0.000006609748873034551,0.02059786933549315,0.00246278807852343,0,0.0000011105111512949971,0,0,0,0,0,0,0,0,0,0,0,0,0,0,0,0,0,0,0,0,0,0,0,0,0,0,0.0012802993444861052,0.023068377674040907,0.024348677018527012
2.63,2.9179211863764975e-8,2.9928775974026904e-8,0.0012826946481739791,0,0,0,0.000006622473362831943,0.020937123432383048,0.0024682513737484405,0,0.0000011126490067696872,0,0,0,0,0,0,0,0,0,0,0,0,0,0,0,0,0,0,0,0,0,0,0,0,0,0,0.001282753756161817,0.02341310992850109,0.024695863684662908
2.635,2.9234685658590644e-8,3.001239746864644e-8,0.0012851488636230317,0,0,0,0.0000066351975949560715,0.02126875430586918,0.0024737129650066144,0,0.0000011147868189524097,0,0,0,0,0,0,0,0,0,0,0,0,0,0,0,0,0,0,0,0,0,0,0,0,0,0,0.0012852081107061588,0.023750217255289703,0.025035425365995862
2.64,2.9290159453401157e-8,3.0024485524933605e-8,0.0012876030493043627,0,0,0,0.000006647921570886504,0.021593863877715256,0.002479172863559413,0,0.000001116924588091749,0,0,0,0,0,0,0,0,0,0,0,0,0,0,0,0,0,0,0,0,0,0,0,0,0,0,0.0012876623639493411,0.02408080158743365,0.02536846395138299
2.645,2.9345633248196597e-8,3.001739500448572e-8,0.0012900572053878613,0,0,0,0.000006660645292091483,0.021913322870229887,0.002484631080565836,0,0.0000011190623144343853,0,0,0,0,0,0,0,0,0,0,0,0,0,0,0,0,0,0,0,0,0,0,0,0,0,0,0.0012901165684161139,0.02440573365840225,0.025695850226818362
2.6500000000000004,2.9401107042977046e-8,3.000758296219482e-8,0.0012925113320421241,0,0,0,0.000006673368760028013,0.02222783731100928,0.0024900876270836205,0,0.000001121199998225112,0,0,0,0,0,0,0,0,0,0,0,0,0,0,0,0,0,0,0,0,0,0,0,0,0,0,0.0012925707407321293,0.024725719506851155,0.026018290247583283
2.6550000000000002,2.9456580837742573e-8,3.0010037098092375e-8,0.001294965429434467,0,0,0,0.000006686091976141987,0.022537991657865485,0.002495542514070423,0,0.0000011233376397068555,0,0,0,0,0,0,0,0,0,0,0,0,0,0,0,0,0,0,0,0,0,0,0,0,0,0,0.001295024896052403,0.025041343601551753,0.026336368497604158
2.66,2.9512054632493296e-8,2.999769876089391e-8,0.0012974194977309404,0,0,0,0.000006698814941868284,0.02284429502960327,0.0025009957523849835,0,0.0000011254752391206907,0,0,0,0,0,0,0,0,0,0,0,0,0,0,0,0,0,0,0,0,0,0,0,0,0,0,0.0012974790074843337,0.02535311507216924,0.02665059407965357
2.665,2.9567528427229283e-8,2.998205482878536e-8,0.0012998735370963355,0,0,0,0.000006711537658630871,0.02314712904152816,0.0025064473527882736,0,0.0000011276127967058601,0,0,0,0,0,0,0,0,0,0,0,0,0,0,0,0,0,0,0,0,0,0,0,0,0,0,0.0012999330866795915,0.02566141554477177,0.02696134863145136
2.67,2.9623002221950605e-8,2.9960512080043174e-8,0.0013023275476942019,0,0,0,0.000006724260127842915,0.023446839274978662,0.002511897325944627,0,0.0000011297503126997917,0,0,0,0,0,0,0,0,0,0,0,0,0,0,0,0,0,0,0,0,0,0,0,0,0,0,0.0013023871312085038,0.025966590611363832,0.027268977742572337
2.675,2.9678476016657365e-8,2.992671629303449e-8,0.0013047815296868554,0,0,0,0.000006736982350906875,0.023743722914639987,0.0025173456824228576,0,0.0000011318877873381137,0,0,0,0,0,0,0,0,0,0,0,0,0,0,0,0,0,0,0,0,0,0,0,0,0,0,0.001304841134879165,0.02626893746720109,0.027573778602080254
2.68,2.973394981134963e-8,2.989605056646075e-8,0.0013072354832353926,0,0,0,0.000006749704329214616,0.02403802995910056,0.002522792432697357,0,0.0000011340252208546756,0,0,0,0,0,0,0,0,0,0,0,0,0,0,0,0,0,0,0,0,0,0,0,0,0,0,0.0013072951132357704,0.026568706121347985,0.027876001234583756
2.685,2.9789423606027485e-8,2.985695393242369e-8,0.0013096894084996984,0,0,0,0.000006762426064147494,0.024329956905728867,0.002528237587149179,0,0.0000011361626134815597,0,0,0,0,0,0,0,0,0,0,0,0,0,0,0,0,0,0,0,0,0,0,0,0,0,0,0.001309749054877237,0.026866093081555673,0.02817584213643291
2.6900000000000004,2.984489740069102e-8,2.980399540244675e-8,0.001312143305638463,0,0,0,0.000006775147557076471,0.024619748967531357,0.0025336811560671105,0,0.0000011382999654491034,0,0,0,0,0,0,0,0,0,0,0,0,0,0,0,0,0,0,0,0,0,0,0,0,0,0,0.0013122029545312663,0.027161343571120995,0.02847354652565226
2.6950000000000003,2.990037119534029e-8,2.9713015709802675e-8,0.0013145971748091878,0,0,0,0.0000067878688093622045,0.02490759239674377,0.0025391231496487226,0,0.0000011404372769859117,0,0,0,0,0,0,0,0,0,0,0,0,0,0,0,0,0,0,0,0,0,0,0,0,0,0,0.001314656788196093,0.02745464385247884,0.02876930064067493
2.7,2.99558449899754e-8,2.9612061097361223e-8,0.0013170510161681984,0,0,0,0.00000680058982235514,0.025193654285645965,0.002544563578001409,0,0.0000011425745483188752,0,0,0,0,0,0,0,0,0,0,0,0,0,0,0,0,0,0,0,0,0,0,0,0,0,0,0.0013171105840742857,0.027746161028018048,0.029063271612092333
2.705,3.001131878459641e-8,2.9516829916530466e-8,0.0013195048298706574,0,0,0,0.000006813310597395616,0.02547809599685814,0.0025500024511434165,0,0.000001144711779673185,0,0,0,0,0,0,0,0,0,0,0,0,0,0,0,0,0,0,0,0,0,0,0,0,0,0,0.0013195643580193586,0.028036056470378625,0.029355620828397985
2.71,3.0066792579203406e-8,2.943950360353963e-8,0.0013219586160705724,0,0,0,0.000006826031135813958,0.025761081324261536,0.0025554397790048472,0,0.0000011468489712723508,0,0,0,0,0,0,0,0,0,0,0,0,0,0,0,0,0,0,0,0,0,0,0,0,0,0,0.001322018122366755,0.02832449398337347,0.029646512105740222
2.715,3.012226637379646e-8,2.9353608893458856e-8,0.001324412374920808,0,0,0,0.0000068387514389305604,0.026042683100062476,0.002560875571428658,0,0.0000011489861233382136,0,0,0,0,0,0,0,0,0,0,0,0,0,0,0,0,0,0,0,0,0,0,0,0,0,0,0.0013244718507960753,0.028611546409053404,0.02993601825984948
2.72,3.017774016837568e-8,2.926499513977475e-8,0.0013268661065730972,0,0,0,0.000006851471508055999,0.02632300199520709,0.0025663098381716477,0,0.0000011511232360909644,0,0,0,0,0,0,0,0,0,0,0,0,0,0,0,0,0,0,0,0,0,0,0,0,0,0,0.0013269255493084055,0.028897314428122885,0.03022423997743129
2.725,3.023321396294109e-8,2.917186789068075e-8,0.0013293198111780497,0,0,0,0.000006864191344491097,0.026602128900598238,0.0025717425889054146,0,0.0000011532603097491563,0,0,0,0,0,0,0,0,0,0,0,0,0,0,0,0,0,0,0,0,0,0,0,0,0,0,0.0013293792162599033,0.02918188894115789,0.030511268157417795
2.7300000000000004,3.0288687757492813e-8,2.9071023176012924e-8,0.0013317734888851648,0,0,0,0.000006876910949527045,0.026880136837102178,0.0025771738332173244,0,0.0000011553973445297233,0,0,0,0,0,0,0,0,0,0,0,0,0,0,0,0,0,0,0,0,0,0,0,0,0,0,0.0013318328485960984,0.02946534297861356,0.030797175827209658
2.7350000000000003,3.03441615520309e-8,2.8997792882536974e-8,0.0013342271398428397,0,0,0,0.000006889630324445461,0.02715707597495741,0.0025826035806114423,0,0.0000011575343406479914,0,0,0,0,0,0,0,0,0,0,0,0,0,0,0,0,0,0,0,0,0,0,0,0,0,0,0.0013342864817972742,0.029747726720233944,0.031082013202031217
2.74,3.039963534655542e-8,2.8922770240322785e-8,0.0013366807641983808,0,0,0,0.000006902349470518502,0.027433059805711466,0.002588031840509466,0,0.0000011596712983176974,0,0,0,0,0,0,0,0,0,0,0,0,0,0,0,0,0,0,0,0,0,0,0,0,0,0,0.0013367400866039676,0.03002915366698977,0.031365893753593735
2.745,3.045510914106646e-8,2.8837063437217283e-8,0.0013391343620980122,0,0,0,0.000006915068389008939,0.027708161447488045,0.0025934586222516437,0,0.0000011618082177510009,0,0,0,0,0,0,0,0,0,0,0,0,0,0,0,0,0,0,0,0,0,0,0,0,0,0,0.0013391936542705904,0.03030969694634645,0.03164889060061704
2.75,3.051058293556408e-8,2.871738687117922e-8,0.001341587933686889,0,0,0,0.000006927787081170248,0.02798244896671195,0.002598883935097677,0,0.0000011639450991584993,0,0,0,0,0,0,0,0,0,0,0,0,0,0,0,0,0,0,0,0,0,0,0,0,0,0,0.001341647161656696,0.030589424633989958,0.03193107179564665
2.755,3.0566056730048375e-8,2.8591051164230117e-8,0.0013440414791091025,0,0,0,0.000006940505548246694,0.028255989751595628,0.0026043077882276105,0,0.0000011660819427492435,0,0,0,0,0,0,0,0,0,0,0,0,0,0,0,0,0,0,0,0,0,0,0,0,0,0,0.0013441006362169968,0.030868404127314234,0.032212504763531234
2.76,3.06215305245194e-8,2.8464589199722215e-8,0.0013464949985076934,0,0,0,0.00000695322379147342,0.02852885942282676,0.0026097301907427144,0,0.0000011682187487307505,0,0,0,0,0,0,0,0,0,0,0,0,0,0,0,0,0,0,0,0,0,0,0,0,0,0,0.0013465540846274175,0.031146711056109676,0.032493265140737096
2.765,3.067700431897725e-8,2.834226705510805e-8,0.0013489484920246606,0,0,0,0.0000069659418120765186,0.028801087587896547,0.0026151511516663483,0,0.0000011703555173090183,0,0,0,0,0,0,0,0,0,0,0,0,0,0,0,0,0,0,0,0,0,0,0,0,0,0,0.0013490075112960347,0.031424375036892285,0.03277338254818832
2.77,3.0732478113421954e-8,2.8213877491777798e-8,0.0013514019598009689,0,0,0,0.000006978659611273133,0.029072720607163767,0.0026205706799448223,0,0.00000117249224868854,0,0,0,0,0,0,0,0,0,0,0,0,0,0,0,0,0,0,0,0,0,0,0,0,0,0,0.0013514609061565741,0.03170144243896855,0.033052903345125124
2.7750000000000004,3.078795190785362e-8,2.8104281223812533e-8,0.001353855401976561,0,0,0,0.000006991377190271519,0.029343801631665934,0.0026259887844482326,0,0.000001174628943072316,0,0,0,0,0,0,0,0,0,0,0,0,0,0,0,0,0,0,0,0,0,0,0,0,0,0,0.0013539142942096925,0.03197795642224751,0.0333318707164572
2.7800000000000002,3.0843425702272304e-8,2.8003368962006914e-8,0.0013563088186903647,0,0,0,0.000007004094550271148,0.02961437050778973,0.0026314054739713087,0,0.000001176765600661871,0,0,0,0,0,0,0,0,0,0,0,0,0,0,0,0,0,0,0,0,0,0,0,0,0,0,0.001356367665485029,0.03225395684191197,0.033610324507397
2.785,3.089889949667807e-8,2.789702853541005e-8,0.0013587622100803042,0,0,0,0.000007016811692462764,0.029884459265843696,0.0026368207572342174,0,0.0000011789022216572626,0,0,0,0,0,0,0,0,0,0,0,0,0,0,0,0,0,0,0,0,0,0,0,0,0,0,0.0013588210060083363,0.03252947573699203,0.03388829674300037
2.79,3.095437329107101e-8,2.77519336730557e-8,0.0013612155762833065,0,0,0,0.00000702952861802848,0.030154110332176864,0.0026422346428833887,0,0.0000011810388062570999,0,0,0,0,0,0,0,0,0,0,0,0,0,0,0,0,0,0,0,0,0,0,0,0,0,0,0.0013612742825902706,0.03280455554248454,0.034165829825074816
2.795,3.1009847085451164e-8,2.7597242781324277e-8,0.0013636689174353124,0,0,0,0.000007042245328141848,0.030423358102728632,0.002647647139492306,0,0.000001183175354658552,0,0,0,0,0,0,0,0,0,0,0,0,0,0,0,0,0,0,0,0,0,0,0,0,0,0,0.001363727524525179,0.03307923066290374,0.03444295818742892
2.8,3.1065320879818625e-8,2.7445920938396986e-8,0.0013661222336712857,0,0,0,0.000007054961823967941,0.03069223494884117,0.0026530582555623038,0,0.0000011853118670573639,0,0,0,0,0,0,0,0,0,0,0,0,0,0,0,0,0,0,0,0,0,0,0,0,0,0,0.001366180744913104,0.0333535334780945,0.034719714223007604
2.805,3.112079467417345e-8,2.7341692330164012e-8,0.0013685755251252195,0,0,0,0.000007067678106663423,0.030960771376657335,0.0026584679995233355,0,0.0000011874483436478686,0,0,0,0,0,0,0,0,0,0,0,0,0,0,0,0,0,0,0,0,0,0,0,0,0,0,0.0013686339876122237,0.033627494502630986,0.03499612849024321
2.81,3.1176268468515714e-8,2.7232710359003466e-8,0.0013710287919301474,0,0,0,0.000007080394177376637,0.031229004823239464,0.0026638763797347514,0,0.0000011895847846229998,0,0,0,0,0,0,0,0,0,0,0,0,0,0,0,0,0,0,0,0,0,0,0,0,0,0,0.0013710872009089748,0.033901151181936214,0.03527223838284519
2.8150000000000004,3.123174226284547e-8,2.710731804363449e-8,0.0013734820342181512,0,0,0,0.000007093110037247664,0.031496952847824555,0.0026692834044860533,0,0.0000011917211901743045,0,0,0,0,0,0,0,0,0,0,0,0,0,0,0,0,0,0,0,0,0,0,0,0,0,0,0.0013735403732784578,0.03417452108353803,0.035548061456816486
2.8200000000000003,3.1287216057162776e-8,2.6959373794887485e-8,0.001375935252120369,0,0,0,0.0000071058256874084074,0.03176463805047716,0.0026746890819976427,0,0.0000011938575604919545,0,0,0,0,0,0,0,0,0,0,0,0,0,0,0,0,0,0,0,0,0,0,0,0,0,0,0.0013759934987102212,0.03444762681572271,0.035823620314432925
2.825,3.1342689851467735e-8,2.680681749166844e-8,0.0013783884457670046,0,0,0,0.000007118541128982669,0.03203208241272519,0.0026800934204215614,0,0.0000011959938957647615,0,0,0,0,0,0,0,0,0,0,0,0,0,0,0,0,0,0,0,0,0,0,0,0,0,0,0.0013784465952743478,0.0347204903681715,0.03609893696344585
2.83,3.139816364576038e-8,2.6669141100198963e-8,0.0013808416152873348,0,0,0,0.000007131256363086216,0.03229930656309093,0.002685496427842217,0,0.0000011981301961801856,0,0,0,0,0,0,0,0,0,0,0,0,0,0,0,0,0,0,0,0,0,0,0,0,0,0,0.0013808996825920808,0.03499313237749241,0.03637403206008449
2.835,3.145363744004079e-8,2.6537548805469316e-8,0.0013832947608097177,0,0,0,0.000007143971390826844,0.032566314664871726,0.0026908981122771027,0,0.00000120026646192435,0,0,0,0,0,0,0,0,0,0,0,0,0,0,0,0,0,0,0,0,0,0,0,0,0,0,0.0013833527519959631,0.035265557015001586,0.03664890976699755
2.84,3.150911123430903e-8,2.6401728753984227e-8,0.0013857478824616026,0,0,0,0.000007156686213304474,0.032833137203378,0.0026962984816775123,0,0.000001202402693182053,0,0,0,0,0,0,0,0,0,0,0,0,0,0,0,0,0,0,0,0,0,0,0,0,0,0,0.0013858057933015908,0.035537794773961996,0.036923600567263584
2.845,3.156458502856515e-8,2.6255474710428048e-8,0.0013882009803695351,0,0,0,0.000007169400831611196,0.03309980203041435,0.002701697543929233,0,0.0000012045388901367781,0,0,0,0,0,0,0,0,0,0,0,0,0,0,0,0,0,0,0,0,0,0,0,0,0,0,0.0013882588004292741,0.03580987351406533,0.037198132314494606
2.85,3.162005882280924e-8,2.6104469391457753e-8,0.0013906540546591672,0,0,0,0.00000718211524683135,0.03336633023235397,0.002707095306853244,0,0.0000012066750529707063,0,0,0,0,0,0,0,0,0,0,0,0,0,0,0,0,0,0,0,0,0,0,0,0,0,0,0.0013907117791873815,0.036081814329507016,0.0374725261086944
2.8550000000000004,3.1675532617041355e-8,2.5952896202186795e-8,0.0013931071054552658,0,0,0,0.000007194829460041595,0.03363274207867252,0.0027124917782063917,0,0.0000012088111818647285,0,0,0,0,0,0,0,0,0,0,0,0,0,0,0,0,0,0,0,0,0,0,0,0,0,0,0.0013931647338840851,0.036353637497520824,0.03774680223140491
2.8600000000000003,3.173100641126154e-8,2.5815636036022532e-8,0.0013955601328817183,0,0,0,0.000007207543472310979,0.033899065784198025,0.0027178869656820717,0,0.0000012109472769984563,0,0,0,0,0,0,0,0,0,0,0,0,0,0,0,0,0,0,0,0,0,0,0,0,0,0,0.0013956176795241657,0.03662537124062941,0.03802098892015358
2.865,3.178648020546986e-8,2.5674583697432446e-8,0.00139801313706154,0,0,0,0.000007220257284700996,0.03416531914581382,0.002723280876910887,0,0.0000012130833385502328,0,0,0,0,0,0,0,0,0,0,0,0,0,0,0,0,0,0,0,0,0,0,0,0,0,0,0.001398070598125443,0.03689703336334796,0.038295103961473405
2.87,3.184195399966638e-8,2.552986911145332e-8,0.0014004661181168862,0,0,0,0.0000072329708982656695,0.034431507001541066,0.002728673519461311,0,0.0000012152193666971454,0,0,0,0,0,0,0,0,0,0,0,0,0,0,0,0,0,0,0,0,0,0,0,0,0,0,0.0014005234899399973,0.03716862871126734,0.03856915220120734
2.875,3.189742779385119e-8,2.5381586811231e-8,0.001402919076169055,0,0,0,0.000007245684314051601,0.03469764268793009,0.002734064900840328,0,0.0000012173553616150348,0,0,0,0,0,0,0,0,0,0,0,0,0,0,0,0,0,0,0,0,0,0,0,0,0,0,0.0014029763551836603,0.03744017062844608,0.03884314698362974
2.88,3.195290158802431e-8,2.5229719642602735e-8,0.001405372011338497,0,0,0,0.0000072583975330980475,0.03496373883223925,0.002739455028494079,0,0.0000012194913234785079,0,0,0,0,0,0,0,0,0,0,0,0,0,0,0,0,0,0,0,0,0,0,0,0,0,0,0.0014054291939597275,0.037711671749589906,0.039117100943549636
2.885,3.200837538218582e-8,2.5092691449903594e-8,0.0014078249237448207,0,0,0,0.000007271110556436984,0.035229806581855816,0.0027448439098084927,0,0.0000012216272524609471,0,0,0,0,0,0,0,0,0,0,0,0,0,0,0,0,0,0,0,0,0,0,0,0,0,0,0.0014078820248116528,0.0379831432294732,0.03939102525428485
2.89,3.206384917633579e-8,2.4961418412800414e-8,0.0014102778135068037,0,0,0,0.000007283823385093152,0.03549585490329504,0.0027502315521099065,0,0.0000012237631487345218,0,0,0,0,0,0,0,0,0,0,0,0,0,0,0,0,0,0,0,0,0,0,0,0,0,0,0.0014103348387743929,0.038254594041938775,0.03966492888071317
2.895,3.211932297047426e-8,2.4826822590000334e-8,0.0014127306807423955,0,0,0,0.000007296536020084153,0.0357618986667928,0.0027556179626656817,0,0.0000012258990124701992,0,0,0,0,0,0,0,0,0,0,0,0,0,0,0,0,0,0,0,0,0,0,0,0,0,0,0.001412787626887956,0.03852603906449104,0.039938826691379
2.9000000000000004,3.21747967646013e-8,2.4700924968702443e-8,0.0014151835255687291,0,0,0,0.000007309248462420482,0.03602794894474427,0.002761003148684817,0,0.0000012280348438377543,0,0,0,0,0,0,0,0,0,0,0,0,0,0,0,0,0,0,0,0,0,0,0,0,0,0,0.0014152404012904623,0.03879748937673535,0.04021272977802581
2.9050000000000002,3.2230270558716986e-8,2.4572867935713487e-8,0.001417636348102123,0,0,0,0.000007321960713105604,0.03629401629147687,0.0027663871173185424,0,0.00000123017064300578,0,0,0,0,0,0,0,0,0,0,0,0,0,0,0,0,0,0,0,0,0,0,0,0,0,0,0.0014176931512406175,0.03906895554015152,0.04048664869139214
2.91,3.228574435282134e-8,2.4435798294506354e-8,0.0014200891484580929,0,0,0,0.0000073346727731360145,0.036560110769143894,0.002771769875660915,0,0.0000012323064101416982,0,0,0,0,0,0,0,0,0,0,0,0,0,0,0,0,0,0,0,0,0,0,0,0,0,0,0.0014201458700007401,0.039340447623988084,0.04076059349398883
2.915,3.2341218146914425e-8,2.4268013166239798e-8,0.0014225419267513563,0,0,0,0.000007347384643501293,0.036826225632699765,0.0027771514307494043,0,0.0000012344421454117701,0,0,0,0,0,0,0,0,0,0,0,0,0,0,0,0,0,0,0,0,0,0,0,0,0,0,0.0014225985359826695,0.03961195889023808,0.04103455742622075
2.92,3.2396691940996323e-8,2.409715368941417e-8,0.0014249946830958394,0,0,0,0.00000736009632518417,0.037092386733765935,0.0027825317895654694,0,0.0000012365778489811052,0,0,0,0,0,0,0,0,0,0,0,0,0,0,0,0,0,0,0,0,0,0,0,0,0,0,0.0014250511769414698,0.03988351519750557,0.04130856637444704
2.925,3.245216573506708e-8,2.394309469553293e-8,0.0014274474176046857,0,0,0,0.000007372807819160591,0.037358609813583875,0.0027879109590351297,0,0.000001238713521013673,0,0,0,0,0,0,0,0,0,0,0,0,0,0,0,0,0,0,0,0,0,0,0,0,0,0,0.0014275038128651163,0.04015513229395917,0.04158263610682429
2.93,3.2507639529126775e-8,2.3812394875222973e-8,0.0014299001303902602,0,0,0,0.0000073855191263997606,0.03762490754493396,0.002793288946029528,0,0.00000124084916167231,0,0,0,0,0,0,0,0,0,0,0,0,0,0,0,0,0,0,0,0,0,0,0,0,0,0,0.0014299564504246646,0.04042682285925156,0.041856779309676226
2.935,3.2563113323175414e-8,2.3678855858911926e-8,0.0014323528215641568,0,0,0,0.0000073982302478642005,0.03789129234254048,0.002798665757365487,0,0.0000012429847711187315,0,0,0,0,0,0,0,0,0,0,0,0,0,0,0,0,0,0,0,0,0,0,0,0,0,0,0.001432409063533339,0.04069859931492495,0.04213100837845829
2.9400000000000004,3.26185871172131e-8,2.3550816260213823e-8,0.0014348054912372062,0,0,0,0.000007410941184509834,0.03815780061694003,0.0028040413998060604,0,0.0000012451203495135427,0,0,0,0,0,0,0,0,0,0,0,0,0,0,0,0,0,0,0,0,0,0,0,0,0,0,0.0014348616606405836,0.04097049807828012,0.042405359738920706
2.9450000000000003,3.2674060911239856e-8,2.34238770829729e-8,0.0014372581395194818,0,0,0,0.000007423651937286007,0.0384244430229394,0.002809415880061073,0,0.0000012472558970162443,0,0,0,0,0,0,0,0,0,0,0,0,0,0,0,0,0,0,0,0,0,0,0,0,0,0,0.001437314237457476,0.04124252981083478,0.04267984404829226
2.95,3.2729534705255765e-8,2.329425635833359e-8,0.0014397107665203052,0,0,0,0.000007436362507135569,0.038691193372489815,0.0028147892047876598,0,0.0000012493914137852456,0,0,0,0,0,0,0,0,0,0,0,0,0,0,0,0,0,0,0,0,0,0,0,0,0,0,0.0014397667903113687,0.04151466833119839,0.04295443512150976
2.955,3.278500849926086e-8,2.313770884865822e-8,0.0014421633723482549,0,0,0,0.00000744907289499492,0.038958051980848764,0.0028201613805907935,0,0.000001251526899977872,0,0,0,0,0,0,0,0,0,0,0,0,0,0,0,0,0,0,0,0,0,0,0,0,0,0,0.0014422192950656028,0.04178691396123453,0.04322913325630014
2.96,3.284048229325521e-8,2.297694207982567e-8,0.0014446159571111688,0,0,0,0.000007461783101794066,0.039225018658327414,0.002825532414023807,0,0.0000012536623557503751,0,0,0,0,0,0,0,0,0,0,0,0,0,0,0,0,0,0,0,0,0,0,0,0,0,0,0.0014446717745355418,0.042059266517808766,0.04350393829234431
2.965,3.2895956087238866e-8,2.2826694667285854e-8,0.0014470685209161548,0,0,0,0.000007474493128456675,0.03949209003756275,0.002830902311588913,0,0.0000012557977812579412,0,0,0,0,0,0,0,0,0,0,0,0,0,0,0,0,0,0,0,0,0,0,0,0,0,0,0.0014471242435669092,0.04233172264006138,0.04377884688362829
2.97,3.295142988121188e-8,2.2728892296227833e-8,0.0014495210638695937,0,0,0,0.000007487202975900124,0.039759193573277056,0.002836271079737708,0,0.0000012579331766546996,0,0,0,0,0,0,0,0,0,0,0,0,0,0,0,0,0,0,0,0,0,0,0,0,0,0,0.001449576744191771,0.04260420978916732,0.04405378653335909
2.975,3.3006903675174314e-8,2.2628703894895015e-8,0.001451973586077148,0,0,0,0.000007499912645035562,0.040026416970963916,0.002841638724871685,0,0.000001260068542093734,0,0,0,0,0,0,0,0,0,0,0,0,0,0,0,0,0,0,0,0,0,0,0,0,0,0,0.0014520292216847182,0.04287681567702273,0.04432884489870745
2.9800000000000004,3.306237746912621e-8,2.2569467147720443e-8,0.001454426087643765,0,0,0,0.0000075126221367679655,0.040293774722892126,0.0028470052533427223,0,0.0000012622038777270903,0,0,0,0,0,0,0,0,0,0,0,0,0,0,0,0,0,0,0,0,0,0,0,0,0,0,0.001454481719488382,0.04314955480224934,0.04460403652173772
2.9850000000000003,3.311785126306762e-8,2.2561862811662548e-8,0.0014568785686736852,0,0,0,0.000007525331451996175,0.04056128133817454,0.002852370671453579,0,0.0000012643391837057828,0,0,0,0,0,0,0,0,0,0,0,0,0,0,0,0,0,0,0,0,0,0,0,0,0,0,0.0014569342483877598,0.043422441680263824,0.044879375928651585
2.99,3.317332505699859e-8,2.250961080066236e-8,0.0014593310292704475,0,0,0,0.000007538040591612965,0.04082895135295312,0.0028577349854583857,0,0.000001266474460179809,0,0,0,0,0,0,0,0,0,0,0,0,0,0,0,0,0,0,0,0,0,0,0,0,0,0,0.0014593867122063052,0.043695490853463304,0.04515487756566961
2.995,3.3228798850919215e-8,2.2367988052510185e-8,0.001461783469536896,0,0,0,0.000007550749556505081,0.04109683897165464,0.0028630982015631157,0,0.000001268609707298151,0,0,0,0,0,0,0,0,0,0,0,0,0,0,0,0,0,0,0,0,0,0,0,0,0,0,0.0014618390663237995,0.04396875653248156,0.04543059559880536
3,3.328427264482948e-8,2.222656237317588e-8,0.0014642358895751832,0,0,0,0.000007563458347553296,0.04136494501133653,0.002868460325926064,0,0.0000012707449252087887,0,0,0,0,0,0,0,0,0,0,0,0,0,0,0,0,0,0,0,0,0,0,0,0,0,0,0.0014642914004102012,0.044242239540535355,0.04570653094094556
3.01,3.339522023261928e-8,2.1944363019345062e-8,0.001469140669372473,0,0,0,0.000007588875411611579,0.041901714079267356,0.0028791813238242116,0,0.0000012750152739939077,0,0,0,0,0,0,0,0,0,0,0,0,0,0,0,0,0,0,0,0,0,0,0,0,0,0,0.0014691960089557251,0.044789759293777175,0.0462589553027329
3.0149999999999997,3.34506940264989e-8,2.180361794674905e-8,0.0014715930293323857,0,0,0,0.0000076015836863537876,0.04217037586409042,0.0028845402094417904,0,0.0000012771504051594074,0,0,0,0,0,0,0,0,0,0,0,0,0,0,0,0,0,0,0,0,0,0,0,0,0,0,0.001471648283644359,0.04506379480762372,0.04653544309126808
3.0199999999999996,3.3506167820368396e-8,2.1663127195445617e-8,0.001474045369465967,0,0,0,0.000007614291790716474,0.04243922043606765,0.0028898980274832623,0,0.0000012792855076992568,0,0,0,0,0,0,0,0,0,0,0,0,0,0,0,0,0,0,0,0,0,0,0,0,0,0,0.0014741005387609828,0.04533801204084933,0.04681211257961031
3.025,3.356164161422782e-8,2.1522903376563762e-8,0.0014764976898720065,0,0,0,0.000007626999725551301,0.042708183787521586,0.0028952547838754414,0,0.000001281420581756545,0,0,0,0,0,0,0,0,0,0,0,0,0,0,0,0,0,0,0,0,0,0,0,0,0,0,0.0014765527744169972,0.045612346991704335,0.04708889976612133
3.03,3.3617115408077236e-8,2.1382958465109544e-8,0.0014789499906486374,0,0,0,0.000007639707491704247,0.042977339251635334,0.0029006104845001866,0,0.0000012835556274734056,0,0,0,0,0,0,0,0,0,0,0,0,0,0,0,0,0,0,0,0,0,0,0,0,0,0,0.0014790049907225104,0.045886872999254695,0.047365877989977205
3.0349999999999997,3.367258920191666e-8,2.1243303820432216e-8,0.0014814022718933446,0,0,0,0.000007652415090015666,0.04324669794864608,0.0029059651351948466,0,0.0000012856906449910273,0,0,0,0,0,0,0,0,0,0,0,0,0,0,0,0,0,0,0,0,0,0,0,0,0,0,0.001481457187786367,0.046161601189575935,0.0476430583773623
3.0399999999999996,3.372806299574618e-8,2.1103950205699525e-8,0.0014838545337029641,0,0,0,0.00000766512252132032,0.043516271037575514,0.0029113187417526797,0,0.000001287825634449659,0,0,0,0,0,0,0,0,0,0,0,0,0,0,0,0,0,0,0,0,0,0,0,0,0,0,0.0014839093657161655,0.046436542727483966,0.04792045209320013
3.045,3.378353678956582e-8,2.0964907806426594e-8,0.001486306776173695,0,0,0,0.000007677829786447442,0.04378606972210014,0.0029166713099232863,0,0.0000012899605959886217,0,0,0,0,0,0,0,0,0,0,0,0,0,0,0,0,0,0,0,0,0,0,0,0,0,0,0.001486361524618291,0.04671170882240586,0.048198070347024155
3.05,3.383901058337563e-8,2.0826186248098687e-8,0.0014887589994010996,0,0,0,0.00000769053688622077,0.04405612963643881,0.0029220228454130276,0,0.0000012920955297463123,0,0,0,0,0,0,0,0,0,0,0,0,0,0,0,0,0,0,0,0,0,0,0,0,0,0,0.001488813664597931,0.0469871351142678,0.048475948778865734
3.0549999999999997,3.389448437717567e-8,2.068779461292533e-8,0.001491211203480113,0,0,0,0.000007703243821458592,0.044326466934270954,0.002927373353885439,0,0.0000012942304358602124,0,0,0,0,0,0,0,0,0,0,0,0,0,0,0,0,0,0,0,0,0,0,0,0,0,0,0.0014912657857591033,0.04726283776241372,0.04875410354817282
3.0599999999999996,3.3949958170965986e-8,2.0549741455760036e-8,0.0014936633885050453,0,0,0,0.000007715950592973802,0.04459704875336534,0.0029327228409616432,0,0.0000012963653144668966,0,0,0,0,0,0,0,0,0,0,0,0,0,0,0,0,0,0,0,0,0,0,0,0,0,0,0.001493717888204672,0.047538783910234424,0.0490325017984391
3.065,3.400543196474661e-8,2.0412034819218432e-8,0.0014961155545695868,0,0,0,0.000007728657201573935,0.044867874947652105,0.002938071312220755,0,0.0000012985001657020406,0,0,0,0,0,0,0,0,0,0,0,0,0,0,0,0,0,0,0,0,0,0,0,0,0,0,0.0014961699720363708,0.047814973417240135,0.04931114338927651
3.07,3.4060905758517616e-8,2.0274682248022803e-8,0.0014985677017668147,0,0,0,0.000007741363648061209,0.045138945143192485,0.002943418773200282,0,0.0000013006349897004256,0,0,0,0,0,0,0,0,0,0,0,0,0,0,0,0,0,0,0,0,0,0,0,0,0,0,0.0014986220373548213,0.04809140591503053,0.049590027952385346
3.0749999999999997,3.411637955227903e-8,2.013769080260112e-8,0.0015010198301891966,0,0,0,0.000007754069933232583,0.0454102587415146,0.002948765229396524,0,0.000001302769786595949,0,0,0,0,0,0,0,0,0,0,0,0,0,0,0,0,0,0,0,0,0,0,0,0,0,0,0.0015010740842595514,0.04836808081063095,0.0498691548948905
3.0799999999999996,3.4171853346030905e-8,2.0001067071964372e-8,0.0015034719399285971,0,0,0,0.00000776677605787978,0.045681780000951196,0.002954110686264958,0,0.00000130490455652163,0,0,0,0,0,0,0,0,0,0,0,0,0,0,0,0,0,0,0,0,0,0,0,0,0,0,0.0015035261128490151,0.04864496236783055,0.050148488480679564
3.085,3.422732713977328e-8,1.9864817185884954e-8,0.0015059240310762807,0,0,0,0.000007779482022789353,0.04595353881941639,0.002959455149220633,0,0.0000013070392996096175,0,0,0,0,0,0,0,0,0,0,0,0,0,0,0,0,0,0,0,0,0,0,0,0,0,0,0.0015059781232206063,0.04892208048995942,0.050428058613180025
3.09,3.428280093350622e-8,1.972894682639618e-8,0.0015083761037229188,0,0,0,0.000007792187828742703,0.04622555263925165,0.0029647986236385477,0,0.0000013091740159911956,0,0,0,0,0,0,0,0,0,0,0,0,0,0,0,0,0,0,0,0,0,0,0,0,0,0,0.0015084301154706786,0.049199452624734935,0.050707882740205615
3.0949999999999998,3.433827472722974e-8,1.9593461238630983e-8,0.0015108281579585916,0,0,0,0.000007804893476516136,0.04649782896855817,0.0029701411148540307,0,0.0000013113087057967926,0,0,0,0,0,0,0,0,0,0,0,0,0,0,0,0,0,0,0,0,0,0,0,0,0,0,0.0015108820896945574,0.04947708628559451,0.050987968375289065
3.0999999999999996,3.439374852094392e-8,1.9458365241016004e-8,0.0015132801938727981,0,0,0,0.000007817598966880909,0.04677037532866965,0.002975482628163115,0,0.0000013134433691559882,0,0,0,0,0,0,0,0,0,0,0,0,0,0,0,0,0,0,0,0,0,0,0,0,0,0,0.0015133340459865601,0.0497549889991688,0.05126832304515536
3.105,3.444922231464878e-8,1.9323663234835527e-8,0.0015157322115544546,0,0,0,0.000007830304300603254,0.04704320169818407,0.0029808231688229045,0,0.0000013155780061975181,0,0,0,0,0,0,0,0,0,0,0,0,0,0,0,0,0,0,0,0,0,0,0,0,0,0,0.001515785984440004,0.05003317074931378,0.05154895673375379
3.11,3.4504696108344394e-8,1.9189359213176963e-8,0.001518184211091903,0,0,0,0.000007843009478444436,0.047316337638400166,0.0029861627420519417,0,0.0000013177126170492827,0,0,0,0,0,0,0,0,0,0,0,0,0,0,0,0,0,0,0,0,0,0,0,0,0,0,0.0015182379051472245,0.0503116611025476,0.05182989900769483
3.1149999999999998,3.456016990203077e-8,1.9055456769268706e-8,0.001520636192572915,0,0,0,0.00000785571450116078,0.0475897611115359,0.00299150135303057,0,0.0000013198472018383533,0,0,0,0,0,0,0,0,0,0,0,0,0,0,0,0,0,0,0,0,0,0,0,0,0,0,0.0015206898081995862,0.05059043802626947,0.052111127834469056
3.1199999999999997,3.461564369570797e-8,1.8921959104218562e-8,0.001523088156084696,0,0,0,0.000007868419369503723,0.04786347443515617,0.002996839006901289,0,0.0000013219817606909797,0,0,0,0,0,0,0,0,0,0,0,0,0,0,0,0,0,0,0,0,0,0,0,0,0,0,0.001523141693687496,0.050869503843187655,0.05239264553687515
3.125,3.4671117489376046e-8,1.8788869034159557e-8,0.001525540101713892,0,0,0,0.000007881124084219844,0.048137479825214775,0.003002175708769108,0,0.000001324116293732595,0,0,0,0,0,0,0,0,0,0,0,0,0,0,0,0,0,0,0,0,0,0,0,0,0,0,0.0015255935617004156,0.051148860774361836,0.05267445433606225
3.13,3.4726591283035016e-8,1.8656188996807535e-8,0.0015279920295465893,0,0,0,0.000007893828646050896,0.04841177939824818,0.00300751146370189,0,0.000001326250801087823,0,0,0,0,0,0,0,0,0,0,0,0,0,0,0,0,0,0,0,0,0,0,0,0,0,0,0.001528045412326869,0.05142851094139721,0.05295655635372407
3.135,3.478206507668495e-8,1.8523921057433114e-8,0.0015304439396683237,0,0,0,0.000007906533055733878,0.048686377035762944,0.0030128462767307082,0,0.0000013283852828804868,0,0,0,0,0,0,0,0,0,0,0,0,0,0,0,0,0,0,0,0,0,0,0,0,0,0,0.0015304972456544577,0.05170845823083227,0.05323895547648673
3.1399999999999997,3.483753887032589e-8,1.839206691424933e-8,0.0015328958321640836,0,0,0,0.000007919237314001036,0.048961276066296314,0.0030181801528501744,0,0.000001330519739233612,0,0,0,0,0,0,0,0,0,0,0,0,0,0,0,0,0,0,0,0,0,0,0,0,0,0,0.0015329490617698681,0.05198870597619973,0.053521655037969594
3.1449999999999996,3.4893012663957864e-8,1.8260627903212928e-8,0.0015353477071183119,0,0,0,0.00000793194142157992,0.04923647379732349,0.0030235130970187856,0,0.0000013326541702694354,0,0,0,0,0,0,0,0,0,0,0,0,0,0,0,0,0,0,0,0,0,0,0,0,0,0,0.001535400860758879,0.052269251489934124,0.053804652350693004
3.15,3.4948486457580915e-8,1.8129605002236462e-8,0.0015377995646149137,0,0,0,0.000007944645379193413,0.049511970941708366,0.0030288451141592516,0,0.0000013347885761094085,0,0,0,0,0,0,0,0,0,0,0,0,0,0,0,0,0,0,0,0,0,0,0,0,0,0,0.0015378526427063735,0.052550095489822916,0.05408794813252929
3.155,3.5003960251195106e-8,1.799899883480531e-8,0.0015402514047372596,0,0,0,0.00000795734918755978,0.04978776809789034,0.0030341762091588243,0,0.0000013369229568742084,0,0,0,0,0,0,0,0,0,0,0,0,0,0,0,0,0,0,0,0,0,0,0,0,0,0,0.0015403044076963456,0.05283123857919359,0.05437154298688994
3.1599999999999997,3.5059434044800455e-8,1.786880967299143e-8,0.0015427032275681888,0,0,0,0.000007970052847392693,0.050063865751429286,0.003039506386869629,0,0.0000013390573126837408,0,0,0,0,0,0,0,0,0,0,0,0,0,0,0,0,0,0,0,0,0,0,0,0,0,0,0.0015427561558119065,0.053112681248459,0.0546554374042709
3.1649999999999996,3.5114907838397023e-8,1.7739037439854223e-8,0.0015451550331900138,0,0,0,0.00000798275635940128,0.0503402501751965,0.0030448356521089828,0,0.0000013411916436571456,0,0,0,0,0,0,0,0,0,0,0,0,0,0,0,0,0,0,0,0,0,0,0,0,0,0,0.001545207887135292,0.05339440977530854,0.05493961766244383
3.17,3.517038163198483e-8,1.760968171121483e-8,0.0015476068216845268,0,0,0,0.000007995459724290143,0.05061692610598928,0.003050164009659713,0,0.0000013433259499128043,0,0,0,0,0,0,0,0,0,0,0,0,0,0,0,0,0,0,0,0,0,0,0,0,0,0,0.0015476596017478701,0.053676428901323195,0.05522408850307106
3.175,3.5225855425563935e-8,1.748074171678846e-8,0.0015500585931329993,0,0,0,0.000008008162942759415,0.05089391017925363,0.0030554914642704706,0,0.0000013454602315683472,0,0,0,0,0,0,0,0,0,0,0,0,0,0,0,0,0,0,0,0,0,0,0,0,0,0,0.0015501112997301416,0.05395875526669843,0.055508866566428575
3.1799999999999997,3.528132921913437e-8,1.73522163406565e-8,0.0015525103476161908,0,0,0,0.000008020866015504779,0.05117120727404638,0.003060818020656047,0,0.0000013475944887406568,0,0,0,0,0,0,0,0,0,0,0,0,0,0,0,0,0,0,0,0,0,0,0,0,0,0,0.0015525629811617505,0.054241393755206674,0.05579395673636842
3.1849999999999996,3.533680301269618e-8,1.722410412105571e-8,0.0015549620852143503,0,0,0,0.000008033568943217512,0.05144882227568325,0.003066143683497679,0,0.0000013497287215458747,0,0,0,0,0,0,0,0,0,0,0,0,0,0,0,0,0,0,0,0,0,0,0,0,0,0,0.0015550146461214842,0.05452434925684569,0.05607936390296717
3.19,3.539227680624943e-8,1.70964032494603e-8,0.0015574138060072211,0,0,0,0.00000804627172658452,0.05172676007739595,0.0030714684574433514,0,0.0000013518629300994098,0,0,0,0,0,0,0,0,0,0,0,0,0,0,0,0,0,0,0,0,0,0,0,0,0,0,0.001557466294687277,0.054807626669495985,0.05636509296418326
3.195,3.54477505997941e-8,1.696911156892721e-8,0.0015598655100740437,0,0,0,0.000008058974366288369,0.05200505721672868,0.0030767923471081,0,0.0000013539971145159396,0,0,0,0,0,0,0,0,0,0,0,0,0,0,0,0,0,0,0,0,0,0,0,0,0,0,0.0015599179269362123,0.055091262535317584,0.05665118046225379
3.1999999999999997,3.550322439333027e-8,1.684222657167168e-8,0.0015623171974935616,0,0,0,0.000008071676863007316,0.05228369619478191,0.0030821153570743105,0,0.0000013561312749094194,0,0,0,0,0,0,0,0,0,0,0,0,0,0,0,0,0,0,0,0,0,0,0,0,0,0,0.0015623695429445267,0.05537523935999414,0.05693760890293866
3.2049999999999996,3.5558698186858e-8,1.671574539583607e-8,0.0015647688683440245,0,0,0,0.000008084379217415356,0.052562659577214926,0.003087437491892015,0,0.000001358265411393088,0,0,0,0,0,0,0,0,0,0,0,0,0,0,0,0,0,0,0,0,0,0,0,0,0,0,0.0015648211427876071,0.055659539713735745,0.057224360856523354
3.21,3.561417198037729e-8,1.6589664821408825e-8,0.0015672205227031913,0,0,0,0.000008097081430182242,0.05284194388649253,0.0030927587560791773,0,0.000001360399524079471,0,0,0,0,0,0,0,0,0,0,0,0,0,0,0,0,0,0,0,0,0,0,0,0,0,0,0.001567272726539993,0.05594416012352597,0.05751143285006596
3.215,3.566964577388819e-8,1.646398126524643e-8,0.0015696721606483343,0,0,0,0.000008109783501973524,0.05312154546947085,0.0030980791541219853,0,0.0000013625336130803882,0,0,0,0,0,0,0,0,0,0,0,0,0,0,0,0,0,0,0,0,0,0,0,0,0,0,0.0015697242942753734,0.056229096940707886,0.05779882123498326
3.2199999999999998,3.5725119567390756e-8,1.6338690775144224e-8,0.0015721237822562439,0,0,0,0.000008122485433450577,0.05340146049788404,0.003103398690475135,0,0.0000013646676785069582,0,0,0,0,0,0,0,0,0,0,0,0,0,0,0,0,0,0,0,0,0,0,0,0,0,0,0.0015721758460665865,0.05651434634147113,0.058086522187537716
3.2249999999999996,3.5780593360885005e-8,1.621378902289589e-8,0.001574575387603232,0,0,0,0.000008135187225270651,0.05368163178016206,0.0031087173695621114,0,0.000001366801720469606,0,0,0,0,0,0,0,0,0,0,0,0,0,0,0,0,0,0,0,0,0,0,0,0,0,0,0.0015746273819856158,0.05679985113866991,0.058374478520655526
3.23,3.5836067154370996e-8,1.6089271296273735e-8,0.001577026976765135,0,0,0,0.000008147888878086877,0.05396210199200165,0.003114035195775472,0,0.0000013689357390780652,0,0,0,0,0,0,0,0,0,0,0,0,0,0,0,0,0,0,0,0,0,0,0,0,0,0,0.0015770789021035856,0.057085654012394293,0.05866273291449788
3.235,3.589154094784873e-8,1.5965132489853953e-8,0.0015794785498173167,0,0,0,0.00000816059039254832,0.05424289341058061,0.0031193521734771135,0,0.0000013710697344413848,0,0,0,0,0,0,0,0,0,0,0,0,0,0,0,0,0,0,0,0,0,0,0,0,0,0,0.0015795304064907545,0.05737177724418471,0.058951307650675466
3.2399999999999998,3.5947014741318294e-8,1.5841367094601398e-8,0.0015819301068346764,0,0,0,0.000008173291769299999,0.054524013796610364,0.0031246683069985556,0,0.0000013732037066679369,0,0,0,0,0,0,0,0,0,0,0,0,0,0,0,0,0,0,0,0,0,0,0,0,0,0,0.0015819818952165123,0.05765822859908489,0.05924021049430141
3.2449999999999997,3.60024885347797e-8,1.571796918611889e-8,0.001584381647891646,0,0,0,0.000008185993008982923,0.05480547100963985,0.0031299836006412006,0,0.0000013753376558654175,0,0,0,0,0,0,0,0,0,0,0,0,0,0,0,0,0,0,0,0,0,0,0,0,0,0,0.001584433368349367,0.0579450159409459,0.05952944930929527
3.25,3.605796232823298e-8,1.5594932411453404e-8,0.0015868331730622,0,0,0,0.000008198694112234132,0.05508727300955387,0.0031352980586766073,0,0.0000013774715821408556,0,0,0,0,0,0,0,0,0,0,0,0,0,0,0,0,0,0,0,0,0,0,0,0,0,0,0.0015868848259569396,0.05823214723392485,0.05981903205988179
3.255,3.611343612167818e-8,1.5472249974339357e-8,0.0015892846824198527,0,0,0,0.000008211395079686702,0.05536947199659358,0.0031406116853467513,0,0.0000013796054856006156,0,0,0,0,0,0,0,0,0,0,0,0,0,0,0,0,0,0,0,0,0,0,0,0,0,0,0.0015893362681059487,0.05851967468250562,0.06010901095061157
3.26,3.616890991511534e-8,1.5349914618743924e-8,0.0015917361760376671,0,0,0,0.000008224095911969801,0.05565203461022366,0.0031459244848642868,0,0.000001381739366350405,0,0,0,0,0,0,0,0,0,0,0,0,0,0,0,0,0,0,0,0,0,0,0,0,0,0,0.001591787694862201,0.05880756493036626,0.06039935262522846
3.2649999999999997,3.6224383708544497e-8,1.5227918610562573e-8,0.001594187653988256,0,0,0,0.00000823679660970871,0.05593495038970623,0.003151236461412807,0,0.000001383873224495277,0,0,0,0,0,0,0,0,0,0,0,0,0,0,0,0,0,0,0,0,0,0,0,0,0,0,0.0015942391062905752,0.05909580752095324,0.06069004662724382
3.2699999999999996,3.6279857501965676e-8,1.5106253717294477e-8,0.0015966391163437868,0,0,0,0.000008249497173524848,0.05621821817709036,0.003156547619147096,0,0.0000013860070601396378,0,0,0,0,0,0,0,0,0,0,0,0,0,0,0,0,0,0,0,0,0,0,0,0,0,0,0.001596690502455006,0.05938440130047112,0.06098109180292612
3.275,3.633533129537894e-8,1.498491118550489e-8,0.0015990905631759816,0,0,0,0.000008262197604035809,0.05650183671528974,0.003161857962193384,0,0.00000138814087338725,0,0,0,0,0,0,0,0,0,0,0,0,0,0,0,0,0,0,0,0,0,0,0,0,0,0,0.0015991418834184624,0.05967334501596055,0.06127248689937901
3.28,3.639080508878429e-8,1.486388171585768e-8,0.0016015419945561245,0,0,0,0.000008274897901855389,0.05678580464845612,0.003167167494649597,0,0.0000013902746643412374,0,0,0,0,0,0,0,0,0,0,0,0,0,0,0,0,0,0,0,0,0,0,0,0,0,0,0.0016015932492429291,0.05996263731567191,0.06156423056491484
3.2849999999999997,3.6446278882181794e-8,1.4743155435472433e-8,0.0016039934105550623,0,0,0,0.00000828759806759362,0.05707010646315549,0.003172476220585606,0,0.000001392408433104093,0,0,0,0,0,0,0,0,0,0,0,0,0,0,0,0,0,0,0,0,0,0,0,0,0,0,0.00160404459998938,0.06025226269024179,0.06185630729023117
3.29,3.650175267557147e-8,1.4622721867328421e-8,0.001606444811243212,0,0,0,0.000008300298101856785,0.057354753450799364,0.0031777841440434654,0,0.0000013945421797776785,0,0,0,0,0,0,0,0,0,0,0,0,0,0,0,0,0,0,0,0,0,0,0,0,0,0,0.001606495935717755,0.060542232435124466,0.06214872837084222
3.295,3.655722646895335e-8,1.4502569896399477e-8,0.0016088961966905558,0,0,0,0.00000831299800524746,0.05763975026109989,0.0031830912690376635,0,0.0000013966759044632338,0,0,0,0,0,0,0,0,0,0,0,0,0,0,0,0,0,0,0,0,0,0,0,0,0,0,0.0016089472564869212,0.06083255120404726,0.06244149846053418
3.3,3.661270026232748e-8,1.4382687732161636e-8,0.001611347566966654,0,0,0,0.000008325697778364536,0.05792509817905302,0.0031883975995553554,0,0.0000013988096072613783,0,0,0,0,0,0,0,0,0,0,0,0,0,0,0,0,0,0,0,0,0,0,0,0,0,0,0.0016113985623546483,0.061123220285994,0.06273461884834865
3.3049999999999997,3.6668174055693896e-8,1.4263062867064709e-8,0.0016137989221406415,0,0,0,0.000008338397421803254,0.05821079845674429,0.0031937031395566054,0,0.0000014009432882721207,0,0,0,0,0,0,0,0,0,0,0,0,0,0,0,0,0,0,0,0,0,0,0,0,0,0,0.0016138498533775642,0.061414240937010964,0.06302809079038853
3.3099999999999996,3.672364784905262e-8,1.4143682030500922e-8,0.0016162502622812343,0,0,0,0.00000835109693615523,0.058496852313876975,0.0031990078929746155,0,0.0000014030769475948576,0,0,0,0,0,0,0,0,0,0,0,0,0,0,0,0,0,0,0,0,0,0,0,0,0,0,0.0016163011296111138,0.061705614380735345,0.06332191551034645
3.315,3.677912164240371e-8,1.4024531137736674e-8,0.0016187015874567323,0,0,0,0.00000836379632200847,0.058783272963567,0.0032043118637159643,0,0.000001405210585328381,0,0,0,0,0,0,0,0,0,0,0,0,0,0,0,0,0,0,0,0,0,0,0,0,0,0,0.0016187523911095124,0.0619973538341903,0.06361610622529981
3.32,3.683459543574718e-8,1.390559523319326e-8,0.0016211528977350203,0,0,0,0.00000837649557994742,0.059070052081187416,0.0032096150556608295,0,0.0000014073442015708843,0,0,0,0,0,0,0,0,0,0,0,0,0,0,0,0,0,0,0,0,0,0,0,0,0,0,0.0016212036379256891,0.062289450976629766,0.06391065461455546
3.3249999999999997,3.689006922908306e-8,1.3786858427370898e-8,0.0016236041931835734,0,0,0,0.000008389194710552969,0.059357183774815026,0.003214917472663222,0,0.0000014094777964199637,0,0,0,0,0,0,0,0,0,0,0,0,0,0,0,0,0,0,0,0,0,0,0,0,0,0,0.0016236548701112298,0.06258189991998522,0.06420555479009646
3.3299999999999996,3.694554302241141e-8,1.366830382660067e-8,0.0016260554738694595,0,0,0,0.000008401893714402503,0.05964466635929347,0.003220219118551204,0,0.000001411611369972626,0,0,0,0,0,0,0,0,0,0,0,0,0,0,0,0,0,0,0,0,0,0,0,0,0,0,0.0016261060877163084,0.06287469898292905,0.06450080507064536
3.335,3.700101681573224e-8,1.3549913454680094e-8,0.0016285067398593431,0,0,0,0.000008414592592069903,0.05993249806157642,0.0032255199971271175,0,0.0000014137449223252897,0,0,0,0,0,0,0,0,0,0,0,0,0,0,0,0,0,0,0,0,0,0,0,0,0,0,0.0016285572907896136,0.06316784639621793,0.06479640368700755
3.34,3.7056490609045596e-8,1.3431668165296151e-8,0.0016309579912194856,0,0,0,0.000008427291344125595,0.06022067702087746,0.0032308201121678004,0,0.0000014158784535737923,0,0,0,0,0,0,0,0,0,0,0,0,0,0,0,0,0,0,0,0,0,0,0,0,0,0,0.00163100847937826,0.06346134030284296,0.06509234878222123
3.3449999999999998,3.711196440235149e-8,1.3313547543956443e-8,0.0016334092280157527,0,0,0,0.000008439989971136561,0.06050917712068513,0.003236119467424804,0,0.000001418011963813394,0,0,0,0,0,0,0,0,0,0,0,0,0,0,0,0,0,0,0,0,0,0,0,0,0,0,0.001633459653527699,0.06375515459004488,0.06538861424357258
3.3499999999999996,3.716743819565e-8,1.3195529797934027e-8,0.0016358604503136126,0,0,0,0.00000845268847366637,0.06079800840040188,0.003241418066624615,0,0.0000014201454531387802,0,0,0,0,0,0,0,0,0,0,0,0,0,0,0,0,0,0,0,0,0,0,0,0,0,0,0.0016359108132816063,0.0640492993009533,0.06568521011423491
3.355,3.722291198894111e-8,1.307759163246922e-8,0.0016383116581781428,0,0,0,0.00000846538685227521,0.061087190628654676,0.0032467159134688594,0,0.0000014222789216440682,0,0,0,0,0,0,0,0,0,0,0,0,0,0,0,0,0,0,0,0,0,0,0,0,0,0,0.0016383619586817643,0.06434379420789746,0.06598215616657922
3.36,3.7278385782224886e-8,1.295970811115887e-8,0.0016407628516740308,0,0,0,0.0000084780851075199,0.06137672818307361,0.003252013011634517,0,0.0000014244123694228102,0,0,0,0,0,0,0,0,0,0,0,0,0,0,0,0,0,0,0,0,0,0,0,0,0,0,0.0016408130897679243,0.06463864369218507,0.06627945678195299
3.3649999999999998,3.733385957550135e-8,1.2841852498082216e-8,0.0016432140308655788,0,0,0,0.00000849078323995393,0.06166662548865756,0.0032573093647741374,0,0.0000014265457965679984,0,0,0,0,0,0,0,0,0,0,0,0,0,0,0,0,0,0,0,0,0,0,0,0,0,0,0.0016432642065776523,0.06493385218246822,0.06657711638904587
3.3699999999999997,3.7389333368770526e-8,1.2723996078750814e-8,0.0016456651958167037,0,0,0,0.000008503481250127468,0.06195688701845108,0.003262604976516034,0,0.0000014286792031720676,0,0,0,0,0,0,0,0,0,0,0,0,0,0,0,0,0,0,0,0,0,0,0,0,0,0,0.0016457153091461512,0.06522942415542042,0.06687513946456657
3.375,3.7444807162032476e-8,1.2606107956401658e-8,0.0016481163465909433,0,0,0,0.000008516179138587408,0.062247527131089525,0.0032678998504645012,0,0.000001430812589326902,0,0,0,0,0,0,0,0,0,0,0,0,0,0,0,0,0,0,0,0,0,0,0,0,0,0,0.0016481663975060617,0.06552537397328194,0.067173540370788
3.38,3.7500280955287194e-8,1.2488154819457437e-8,0.0016505674832514568,0,0,0,0.00000852887690587737,0.06253855244055388,0.0032731939902000047,0,0.000001432945955123836,0,0,0,0,0,0,0,0,0,0,0,0,0,0,0,0,0,0,0,0,0,0,0,0,0,0,0.0016506174716872314,0.06582170825361489,0.06747232572530212
3.385,3.755575474853473e-8,1.2370100675112903e-8,0.0016530186058610291,0,0,0,0.000008541574552537749,0.06282995078933586,0.003278487399279393,0,0.0000014350793006536605,0,0,0,0,0,0,0,0,0,0,0,0,0,0,0,0,0,0,0,0,0,0,0,0,0,0,0.0016530685317164527,0.06611841484246843,0.06777148337418488
3.3899999999999997,3.761122854177512e-8,1.2251906542933375e-8,0.0016554697144820726,0,0,0,0.000008554272079105714,0.06312172311131727,0.00328378008123609,0,0.0000014372126260066276,0,0,0,0,0,0,0,0,0,0,0,0,0,0,0,0,0,0,0,0,0,0,0,0,0,0,0.0016555195776171573,0.06641549467725846,0.06807101425487562
3.3949999999999996,3.766670233500839e-8,1.2133530101002087e-8,0.00165792080917663,0,0,0,0.00000856696948611525,0.0634138703165754,0.0032890720395802905,0,0.0000014393459312724522,0,0,0,0,0,0,0,0,0,0,0,0,0,0,0,0,0,0,0,0,0,0,0,0,0,0,0.0016579706094090661,0.06671294867157308,0.06837091928098214
3.4,3.772217612823457e-8,1.2014925275453423e-8,0.0016603718900063773,0,0,0,0.000008579666774097177,0.06370639329164839,0.0032943632777991593,0,0.0000014414792165403175,0,0,0,0,0,0,0,0,0,0,0,0,0,0,0,0,0,0,0,0,0,0,0,0,0,0,0.0016604216271077809,0.06701077771543819,0.06867119934254597
3.405,3.7777649921453685e-8,1.1896041762063679e-8,0.001662822957032627,0,0,0,0.00000859236394357917,0.06399929614376083,0.003299653799357016,0,0.0000014436124818988787,0,0,0,0,0,0,0,0,0,0,0,0,0,0,0,0,0,0,0,0,0,0,0,0,0,0,0.0016628726307243106,0.06730898591954333,0.06897185855026765
3.4099999999999997,3.783312371466578e-8,1.1776824465796977e-8,0.0016652740103163298,0,0,0,0.000008605060995085788,0.06429259026178778,0.003304943607695534,0,0.000001445745727436268,0,0,0,0,0,0,0,0,0,0,0,0,0,0,0,0,0,0,0,0,0,0,0,0,0,0,0.0016653236202645103,0.06760758467620583,0.06927290829647034
3.415,3.788859750787088e-8,1.1657212840616103e-8,0.0016677250499180785,0,0,0,0.00000861775792913849,0.064586259675733,0.0033102327062339244,0,0.0000014478789532400963,0,0,0,0,0,0,0,0,0,0,0,0,0,0,0,0,0,0,0,0,0,0,0,0,0,0,0.001667774595728427,0.0679065580188493,0.06957433261457772
3.42,3.794407130106902e-8,1.1537140107185813e-8,0.0016701760758981075,0,0,0,0.000008630454746255656,0.0648803024006544,0.003315521098369119,0,0.0000014500121593974578,0,0,0,0,0,0,0,0,0,0,0,0,0,0,0,0,0,0,0,0,0,0,0,0,0,0,0.0016702255571095156,0.06820590396592917,0.06987612952303868
3.425,3.799954509426022e-8,1.1416532319927011e-8,0.0016726270883163016,0,0,0,0.000008643151446952633,0.0651747163742835,0.0033208087874759653,0,0.000001452145345994935,0,0,0,0,0,0,0,0,0,0,0,0,0,0,0,0,0,0,0,0,0,0,0,0,0,0,0.001672676504393716,0.06850562045855242,0.07017829696294614
3.4299999999999997,3.8055018887444517e-8,1.129530724666367e-8,0.0016750780872321917,0,0,0,0.000008655848031741722,0.06546949945697751,0.003326095776907396,0,0.0000014542785131186008,0,0,0,0,0,0,0,0,0,0,0,0,0,0,0,0,0,0,0,0,0,0,0,0,0,0,0.0016751274375583257,0.06880570536042976,0.07048083279798809
3.4349999999999996,3.8110492680621936e-8,1.117337301303853e-8,0.001677529072704962,0,0,0,0.000008668544501132227,0.06576464943166427,0.0033313820699946216,0,0.0000014564116608540242,0,0,0,0,0,0,0,0,0,0,0,0,0,0,0,0,0,0,0,0,0,0,0,0,0,0,0.0016775783565706557,0.06910615645782087,0.07078373481439153
3.44,3.816596647379252e-8,1.105062644878057e-8,0.0016799800447934504,0,0,0,0.000008681240855630466,0.06606014685182288,0.003336667670047303,0,0.0000014585447892862722,0,0,0,0,0,0,0,0,0,0,0,0,0,0,0,0,0,0,0,0,0,0,0,0,0,0,0.001680029261386373,0.06940695430751509,0.07108698356890146
3.445,3.822144026695629e-8,1.0926951052050013e-8,0.0016824310035561513,0,0,0,0.000008693937095739791,0.06635600659717646,0.00334195258035373,0,0.0000014606778984999133,0,0,0,0,0,0,0,0,0,0,0,0,0,0,0,0,0,0,0,0,0,0,0,0,0,0,0.0016824801519474703,0.06970811379252442,0.07139059394447189
3.4499999999999997,3.827691406011328e-8,1.0802214458830057e-8,0.0016848819490512196,0,0,0,0.00000870663322196062,0.06665223152519913,0.0033472368041809987,0,0.0000014628109885790237,0,0,0,0,0,0,0,0,0,0,0,0,0,0,0,0,0,0,0,0,0,0,0,0,0,0,0.0016849310281797385,0.07000963777359066,0.0716945688017704
3.4549999999999996,3.8332387853263506e-8,1.0676265262638116e-8,0.0016873328813364712,0,0,0,0.000008719329234790447,0.06694882219457374,0.0033525203447751823,0,0.000001464944059607187,0,0,0,0,0,0,0,0,0,0,0,0,0,0,0,0,0,0,0,0,0,0,0,0,0,0,0.0016873818899895872,0.07031152681264333,0.07199890870263291
3.46,3.838786164640702e-8,1.0548928969336952e-8,0.0016897838004693848,0,0,0,0.000008732025134723874,0.0672457791453893,0.0033578032053615055,0,0.000001467077111667503,0,0,0,0,0,0,0,0,0,0,0,0,0,0,0,0,0,0,0,0,0,0,0,0,0,0,0.0016898327372600005,0.0706137814529972,0.0723036141902572
3.465,3.844333543954381e-8,1.0420002782329479e-8,0.0016922347065071093,0,0,0,0.000008744720922252611,0.06754310289930601,0.003363085389144513,0,0.0000014692101448425835,0,0,0,0,0,0,0,0,0,0,0,0,0,0,0,0,0,0,0,0,0,0,0,0,0,0,0.0016922835698453312,0.07091640221951763,0.07260868578936296
3.4699999999999998,3.849880923267396e-8,1.0289248778089357e-8,0.001694685599506459,0,0,0,0.000008757416597865531,0.06784079147920737,0.0033683668993082397,0,0.0000014713431592145653,0,0,0,0,0,0,0,0,0,0,0,0,0,0,0,0,0,0,0,0,0,0,0,0,0,0,0.0016947343875644697,0.07121938713827268,0.07291412152583715
3.4749999999999996,3.8554283025797464e-8,1.0156384822270146e-8,0.0016971364795239227,0,0,0,0.00000877011216204867,0.06813884593624167,0.003373647739016379,0,0.0000014734761548651072,0,0,0,0,0,0,0,0,0,0,0,0,0,0,0,0,0,0,0,0,0,0,0,0,0,0,0.0016971851901917707,0.07152273726357497,0.07321992245376674
3.48,3.860975681891436e-8,1.0021072242563664e-8,0.0016995873466156613,0,0,0,0.000008782807615285239,0.06843726967148772,0.0033789279114124445,0,0.0000014756091318753936,0,0,0,0,0,0,0,0,0,0,0,0,0,0,0,0,0,0,0,0,0,0,0,0,0,0,0.0016996359774447227,0.07182645599964732,0.07352609197709205
3.485,3.8665230612024665e-8,9.882898725291662e-9,0.0017020382008375119,0,0,0,0.000008795502958055654,0.06873606385770814,0.003384207419619933,0,0.0000014777420903261416,0,0,0,0,0,0,0,0,0,0,0,0,0,0,0,0,0,0,0,0,0,0,0,0,0,0,0.0017020867489668493,0.07213054452237645,0.0738326312713433
3.4899999999999998,3.872070440512844e-8,9.741353966652538e-9,0.0017044890422449914,0,0,0,0.00000880819819083757,0.06903522966366236,0.0033894862667424924,0,0.000001479875030297601,0,0,0,0,0,0,0,0,0,0,0,0,0,0,0,0,0,0,0,0,0,0,0,0,0,0,0.001704537504303363,0.07243500400362599,0.07413954150792935
3.4949999999999997,3.877617819822566e-8,9.595793945573055e-9,0.001706939870893296,0,0,0,0.000008820893314105873,0.06933476825429599,0.0033947644558640763,0,0.0000014820079518695582,0,0,0,0,0,0,0,0,0,0,0,0,0,0,0,0,0,0,0,0,0,0,0,0,0,0,0.0017069882428654398,0.07273983561142605,0.0744468238542915
3.5,3.88316519913164e-8,9.445386576958706e-9,0.0017093906868373067,0,0,0,0.000008833588328332732,0.06963468130993243,0.003400041990049107,0,0.000001484140855121343,0,0,0,0,0,0,0,0,0,0,0,0,0,0,0,0,0,0,0,0,0,0,0,0,0,0,0.001709438963875875,0.073045041029165,0.07475447999304087
3.505,3.8887125784400664e-8,9.289025343375003e-9,0.0017118414901315885,0,0,0,0.000008846283233987592,0.06993497354672555,0.00340531887234263,0,0.000001486273740131827,0,0,0,0,0,0,0,0,0,0,0,0,0,0,0,0,0,0,0,0,0,0,0,0,0,0,0.0017118896662827164,0.07335062497604229,0.07506251464232501
3.51,3.8942599577478484e-8,9.125184372618575e-9,0.0017142922808303953,0,0,0,0.000008858978031537196,0.07023564133584964,0.003410595105770468,0,0.0000014884066069794287,0,0,0,0,0,0,0,0,0,0,0,0,0,0,0,0,0,0,0,0,0,0,0,0,0,0,0.0017143403486143453,0.07365658382625861,0.07537092417487296
3.5149999999999997,3.8998073370549885e-8,8.951657773310354e-9,0.0017167430589876697,0,0,0,0.000008871672721445625,0.07053668512703924,0.0034158706933393834,0,0.0000014905394557421186,0,0,0,0,0,0,0,0,0,0,0,0,0,0,0,0,0,0,0,0,0,0,0,0,0,0,0.0017167910087188135,0.07396291803255581,0.07567970904127462
3.5199999999999996,3.905354716361492e-8,8.765045462018373e-9,0.0017191938246570477,0,0,0,0.0000088843673041743,0.07083810535396941,0.0034211456380372203,0,0.0000014926722864974205,0,0,0,0,0,0,0,0,0,0,0,0,0,0,0,0,0,0,0,0,0,0,0,0,0,0,0.0017192416432496734,0.0742696280315973,0.07598886967484697
3.525,3.910902095667359e-8,8.55959855758383e-9,0.0017216445778918579,0,0,0,0.000008897061780181998,0.0711399024343558,0.003426419942833063,0,0.000001494805099322414,0,0,0,0,0,0,0,0,0,0,0,0,0,0,0,0,0,0,0,0,0,0,0,0,0,0,0.0017216922465113722,0.07457671424406838,0.07629840649057976
3.53,3.916449474972592e-8,8.324056345333518e-9,0.0017240953187451272,0,0,0,0.000008909756149924881,0.07144207677004995,0.0034316936106773815,0,0.0000014969378942937394,0,0,0,0,0,0,0,0,0,0,0,0,0,0,0,0,0,0,0,0,0,0,0,0,0,0,0.0017241428072962222,0.07488417707477155,0.07660831988206777
3.5349999999999997,3.921996854277193e-8,8.029206120447056e-9,0.0017265460472695804,0,0,0,0.000008922450413856513,0.0717446162069666,0.003436966644502185,0,0.000001499070671487601,0,0,0,0,0,0,0,0,0,0,0,0,0,0,0,0,0,0,0,0,0,0,0,0,0,0,0.0017265932964442437,0.07519200437255412,0.07691859766899836
3.54,3.9275442335811706e-8,7.365265935370374e-9,0.0017289967635176436,0,0,0,0.000008935144572427882,0.07204752797378955,0.0034422390472211655,0,0.0000015012034309797692,0,0,0,0,0,0,0,0,0,0,0,0,0,0,0,0,0,0,0,0,0,0,0,0,0,0,0.0017290434042259149,0.07550020336901411,0.07722924677324003
3.545,3.933091612884518e-8,1.3913588962475472e-8,0.0017314474675414436,0.026168527989549575,0,0,0.000008947838626087396,0.07235082254499114,0.0034475108217298374,0,0.000001503336172845582,0,0,0,0,0,0,0,0,0,0,0,0,0,0,0,0,0,0,0,0,0,0,0,0,0,0,0.027900028701596108,0.0758087845415199,0.10370881324311601
3.55,3.938638992187245e-8,1.4050523336633556e-8,0.0017338981593928162,0.037020943421716766,0,0,0.000008960532575280936,0.07265450319149147,0.003452781970905695,0,0.0000015054688971599513,0,0,0,0,0,0,0,0,0,0,0,0,0,0,0,0,0,0,0,0,0,0,0,0,0,0,0.03875489501802284,0.07611775116386961,0.11487264618189244
3.5549999999999997,3.944186371489353e-8,1.4136428442665045e-8,0.0017363488391233008,0.045357195505036765,0,0,0.000008973226420451853,0.07295857322217349,0.003458052497608344,0,0.000001507601603997366,0,0,0,0,0,0,0,0,0,0,0,0,0,0,0,0,0,0,0,0,0,0,0,0,0,0,0.04709359792245222,0.07642710654780628,0.12352070447025851
3.5599999999999996,3.949733750790841e-8,1.4195379859152099e-8,0.0017387995067841475,0.05239242935658312,0,0,0.000008985920162040975,0.07326303598419329,0.0034633224046796457,0,0.0000015097342934318897,0,0,0,0,0,0,0,0,0,0,0,0,0,0,0,0,0,0,0,0,0,0,0,0,0,0,0.05413128255608464,0.07673685404332842,0.13086813659941304
3.565,3.955281130091716e-8,1.4236816163246305e-8,0.0017412501624263171,0.05859713867793568,0,0,0.000008998613800486658,0.07356790038070216,0.0034685916949438594,0,0.0000015118669655371718,0,0,0,0,0,0,0,0,0,0,0,0,0,0,0,0,0,0,0,0,0,0,0,0,0,0,0.06033844262998946,0.07704700255641204,0.1373854451864015
3.57,3.9608285093919795e-8,1.4265635320591874e-8,0.001743700806100485,0.0642125315351453,0,0,0.000009011307336224775,0.07387321374932053,0.003473860371207778,0,0.000001513999620386443,0,0,0,0,0,0,0,0,0,0,0,0,0,0,0,0,0,0,0,0,0,0,0,0,0,0,0.0659562862151662,0.07735759942748492,0.14331388564265113
3.5749999999999997,3.9663758886916327e-8,1.4284781243463211e-8,0.00174615143785704,0.06938184408486879,0,0,0.000009024000769688746,0.07417892210198722,0.0034791284362608657,0,0.000001516132258052522,0,0,0,0,0,0,0,0,0,0,0,0,0,0,0,0,0,0,0,0,0,0,0,0,0,0,0.07112804947126597,0.07766859067127582,0.1487966401425418
3.58,3.971923267990678e-8,1.429619465068167e-8,0.0017486020577460887,0.07419836863864472,0,0,0.000009036694101309543,0.07448502088195551,0.0034843958928753942,0,0.000001518264878607819,0,0,0,0,0,0,0,0,0,0,0,0,0,0,0,0,0,0,0,0,0,0,0,0,0,0,0.07594702471181813,0.07797997173381081,0.15392699644562896
3.585,3.977470647289119e-8,1.4301239433223296e-8,0.001751052665817458,0.07872688274159968,0,0,0.00000904938733151573,0.0747915054269362,0.00348966274380658,0,0.0000015203974821243352,0,0,0,0,0,0,0,0,0,0,0,0,0,0,0,0,0,0,0,0,0,0,0,0,0,0,0.08047798948336304,0.07829173795555641,0.15876972743891946
3.59,3.98301802658696e-8,1.4300920282646035e-8,0.0017535032621206943,0.08301453343443604,0,0,0.00000906208046073346,0.07509837096873705,0.0034949289917927135,0,0.0000015225300686736706,0,0,0,0,0,0,0,0,0,0,0,0,0,0,0,0,0,0,0,0,0,0,0,0,0,0,0.08476809082765728,0.07860388457105917,0.16337197539871645
3.5949999999999998,3.988565405884198e-8,1.4296004511888914e-8,0.0017559538467050695,0.08709690002530991,0,0,0.0000090747734893865,0.07540561263290121,0.0035001946395552927,0,0.000001524662638327022,0,0,0,0,0,0,0,0,0,0,0,0,0,0,0,0,0,0,0,0,0,0,0,0,0,0,0.08885290805367356,0.07891640670858421,0.16776931476225776
3.5999999999999996,3.994112785180841e-8,1.4287095151363657e-8,0.0017584044196195777,0.09100161407499707,0,0,0.000009087466417896238,0.0757132062326533,0.0035054596897991543,0,0.0000015267951911551878,0,0,0,0,0,0,0,0,0,0,0,0,0,0,0,0,0,0,0,0,0,0,0,0,0,0,0.09276007272283966,0.07922928018406152,0.17198935290690118
3.6049999999999995,3.999660164476889e-8,1.4274677259035416e-8,0.0017608549809129436,0.09475064153896162,0,0,0.000009100159246681721,0.07602114913926422,0.003510724145212606,0,0.000001528927727228572,0,0,0,0,0,0,0,0,0,0,0,0,0,0,0,0,0,0,0,0,0,0,0,0,0,0,0.09651155079115346,0.07954250237145075,0.1760540531626042
3.61,4.005207543772346e-8,1.4259148573585704e-8,0.001763305530633618,0.09836178585908843,0,0,0.000009112851976159655,0.07632946043323048,0.0035159880084675485,0,0.0000015310602466171862,0,0,0,0,0,0,0,0,0,0,0,0,0,0,0,0,0,0,0,0,0,0,0,0,0,0,0.10012514570094606,0.07985609235392081,0.17998123805486688
3.6149999999999998,4.010754923067213e-8,1.4240840549505609e-8,0.0017657560688297818,0.10184971428672544,0,0,0.000009125544606744413,0.07663814024083122,0.0035212512822196044,0,0.0000015331927493906495,0,0,0,0,0,0,0,0,0,0,0,0,0,0,0,0,0,0,0,0,0,0,0,0,0,0,0.103615524703945,0.08017005026040697,0.18378557496435197
3.6199999999999997,4.0163023023614926e-8,1.4220033235600755e-8,0.0017682065955493516,0.10522668017542046,0,0,0.000009138237138848071,0.07694718867588071,0.0035265139691082518,0,0.000001535325235618195,0,0,0,0,0,0,0,0,0,0,0,0,0,0,0,0,0,0,0,0,0,0,0,0,0,0,0.10699494115402607,0.08048437620736343,0.1874793173613895
3.625,4.021849681655188e-8,1.4196966073606356e-8,0.0017706571108399764,0.10850304455980547,0,0,0.000009150929572880419,0.07725660583976875,0.003531776071756939,0,0.0000015374577053686722,0,0,0,0,0,0,0,0,0,0,0,0,0,0,0,0,0,0,0,0,0,0,0,0,0,0,0.11027375608610833,0.08079907029880393,0.19107282638491224
3.63,4.0273970609483005e-8,1.4171845911801371e-8,0.0017731076147490432,0.11168766124468785,0,0,0.000009163621909248968,0.07756639182149798,0.0035370375927732123,0,0.0000015395901587105481,0,0,0,0,0,0,0,0,0,0,0,0,0,0,0,0,0,0,0,0,0,0,0,0,0,0,0.11346082330525341,0.08111413262633915,0.19457495593159257
3.635,4.032944440240834e-8,1.4144853068177538e-8,0.0017755581073236751,0.11478816666984143,0,0,0.000009176314148358975,0.07787653286291962,0.0035422985347488404,0,0.0000015417225957119093,0,0,0,0,0,0,0,0,0,0,0,0,0,0,0,0,0,0,0,0,0,0,0,0,0,0,0.11656377925146258,0.08142954943441254,0.1979933286858751
3.6399999999999997,4.0384918195327876e-8,1.4116145996690977e-8,0.001778008588610736,0.11781120183621192,0,0,0.000009189006290613446,0.07818704198089874,0.003547558900259931,0,0.0000015438550164404663,0,0,0,0,0,0,0,0,0,0,0,0,0,0,0,0,0,0,0,0,0,0,0,0,0,0,0.11958926492588685,0.08174533374246572,0.20133459866835257
3.6449999999999996,4.0440391988241677e-8,1.4085864933077395e-8,0.0017804590586568325,0.12076258479477937,0,0,0.000009201698336413177,0.07849792408440527,0.0035528186918670547,0,0.0000015459874209635559,0,0,0,0,0,0,0,0,0,0,0,0,0,0,0,0,0,0,0,0,0,0,0,0,0,0,0.12254309837969313,0.08206149046202971,0.20460458884172283
3.65,4.049586578114976e-8,1.4054134782049191e-8,0.0017829095175083143,0.12364744652476273,0,0,0.000009214390286156734,0.07880918152785017,0.0035580779121153626,0,0.0000015481198093481435,0,0,0,0,0,0,0,0,0,0,0,0,0,0,0,0,0,0,0,0,0,0,0,0,0,0,0.1254304105922716,0.08237802195006104,0.20780843254233267
3.655,4.055133957405213e-8,1.4021067431590752e-8,0.0017853599652112755,0.12647033927141185,0,0,0.0000092270821402405,0.07912081669328637,0.003563336563534705,0,0.0000015502521816608236,0,0,0,0,0,0,0,0,0,0,0,0,0,0,0,0,0,0,0,0,0,0,0,0,0,0,0.12825575380903015,0.08269493059114297,0.21095068440017312
3.6599999999999997,4.060681336694882e-8,1.3986763628444892e-8,0.0017878104018115588,0.12923532387204406,0,0,0.000009239773899058673,0.07943283199060432,0.0035685946486397465,0,0.0000015523845379678278,0,0,0,0,0,0,0,0,0,0,0,0,0,0,0,0,0,0,0,0,0,0,0,0,0,0,0.1310231888674326,0.0830122187976811,0.2140354076651137
3.665,4.066228715983986e-8,1.3951314513171092e-8,0.001790260827354754,0.131946040845311,0,0,0.000009252465563003285,0.07974523082823096,0.0035738521699300832,0,0.0000015545168783350211,0,0,0,0,0,0,0,0,0,0,0,0,0,0,0,0,0,0,0,0,0,0,0,0,0,0,0.13373635628626743,0.08332988998060238,0.21706624626686982
3.67,4.0717760952725246e-8,1.3914802888008805e-8,0.001792711241886202,0.13460576878702835,0,0,0.000009265157132464213,0.08005802136584415,0.003579109129890354,0,0.0000015566492028279068,0,0,0,0,0,0,0,0,0,0,0,0,0,0,0,0,0,0,0,0,0,0,0,0,0,0,0.1363985346614784,0.0836479523020698,0.22004648696354817
3.675,4.077323474560504e-8,1.3877304272785078e-8,0.0017951616454509984,0.1372174727368772,0,0,0.000009277848607829209,0.08037119835225424,0.0035843655309903636,0,0.0000015587815115116316,0,0,0,0,0,0,0,0,0,0,0,0,0,0,0,0,0,0,0,0,0,0,0,0,0,0,0.1390126890328672,0.08396640051336395,0.22297908954623114
3.6799999999999997,4.0828708538479234e-8,1.3838887791038719e-8,0.001797612038093988,0.13978384454363282,0,0,0.00000929053998948389,0.08068476325151924,0.003589621375685182,0,0.0000015609138044509841,0,0,0,0,0,0,0,0,0,0,0,0,0,0,0,0,0,0,0,0,0,0,0,0,0,0,0.14158151124932314,0.08428523608099836,0.2258667473303215
3.6849999999999996,4.088418233134788e-8,1.3799616918916934e-8,0.0018000624198597755,0.14230733678927288,0,0,0.00000930323127781178,0.08099871753838779,0.003594876666415267,0,0.0000015630460817103998,0,0,0,0,0,0,0,0,0,0,0,0,0,0,0,0,0,0,0,0,0,0,0,0,0,0,0.1441074538929319,0.08460446048216258,0.22871191437509447
3.69,4.093965612421096e-8,1.3759550122234852e-8,0.0018025127907927206,0.14479019148501335,0,0,0.000009315922473194296,0.08131306269840649,0.0036001314056065686,0,0.0000015651783433539615,0,0,0,0,0,0,0,0,0,0,0,0,0,0,0,0,0,0,0,0,0,0,0,0,0,0,0.1465927589750123,0.0849240752048296,0.23151683417984192
3.695,4.0995129917068525e-8,1.371874140168808e-8,0.0018049631509369417,0.1472344644912741,0,0,0.00000932861357601078,0.08162780022802613,0.0036053855956706365,0,0.0000015673105894454032,0,0,0,0,0,0,0,0,0,0,0,0,0,0,0,0,0,0,0,0,0,0,0,0,0,0,0.14903948235608236,0.08524408174786222,0.23428356410394457
3.6999999999999997,4.10506037099206e-8,1.3677240762094916e-8,0.0018074135003363196,0.14964204641527667,0,0,0.00000934130458663852,0.08194294253838451,0.0036106392390047363,0,0.0000015694428200481126,0,0,0,0,0,0,0,0,0,0,0,0,0,0,0,0,0,0,0,0,0,0,0,0,0,0,0.15144951464345746,0.08556449252479593,0.23701400716825338
3.705,4.110607750276721e-8,1.3635094618382125e-8,0.0018098638390344965,0.15201468058784873,0,0,0.000009353995505452746,0.08225849971921696,0.0036158923379919533,0,0.000001571575035225133,0,0,0,0,0,0,0,0,0,0,0,0,0,0,0,0,0,0,0,0,0,0,0,0,0,0,0.15382459916805535,0.0858853176277496,0.23970991679580494
3.71,4.116155129560833e-8,1.3592346148571716e-8,0.0018123141670748765,0.15435397860325345,0,0,0.000009366686332826648,0.08257444860561179,0.0036211448950012924,0,0.000001573707235039164,0,0,0,0,0,0,0,0,0,0,0,0,0,0,0,0,0,0,0,0,0,0,0,0,0,0,0.15616634752422576,0.08620653389418094,0.24237288141840668
3.715,4.121702508844405e-8,1.3549035602104451e-8,0.0018147644845006314,0.15666143381392808,0,0,0.0000093793770691314,0.08289078650956093,0.0036263969123877977,0,0.0000015758394195525678,0,0,0,0,0,0,0,0,0,0,0,0,0,0,0,0,0,0,0,0,0,0,0,0,0,0,0.1584762530644894,0.0865281386384374,0.24500439170292682
3.7199999999999998,4.1272498881274354e-8,1.350520057031897e-8,0.0018172147913546998,0.1589384330996506,0,0,0.000009392067714736165,0.08320751068358742,0.0036316483924926425,0,0.0000015779715888273672,0,0,0,0,0,0,0,0,0,0,0,0,0,0,0,0,0,0,0,0,0,0,0,0,0,0,0.16075570266870476,0.08685012911538362,0.24760583178408838
3.7249999999999996,4.132797267409927e-8,1.346087622469944e-8,0.0018196650876797877,0.16118626717330053,0,0,0.000009404758270008112,0.08352461832053731,0.00363689933764324,0,0.0000015801037429252509,0,0,0,0,0,0,0,0,0,0,0,0,0,0,0,0,0,0,0,0,0,0,0,0,0,0,0.16300598704982922,0.08717250252019348,0.2501784895700227
3.7299999999999995,4.13834464669188e-8,1.3416095527539501e-8,0.0018221153735183719,0.16340613963957212,0,0,0.000009417448735312424,0.08384210655336896,0.0036421497501533486,0,0.0000015822358819075733,0,0,0,0,0,0,0,0,0,0,0,0,0,0,0,0,0,0,0,0,0,0,0,0,0,0,0.16522830981263248,0.08749525598813952,0.252723565800772
3.735,4.143892025973301e-8,1.3370889418892036e-8,0.0018245656489127007,0.16559917498618848,0,0,0.000009430139111012322,0.08415997398041956,0.003647399632323166,0,0.0000015843680058353607,0,0,0,0,0,0,0,0,0,0,0,0,0,0,0,0,0,0,0,0,0,0,0,0,0,0,0.16742379544491087,0.08781838811985958,0.25524218356477046
3.7399999999999998,4.149439405254189e-8,1.3325286983043941e-8,0.0018270159139047953,0.16776642565739838,0,0,0.000009442829397469067,0.0844782174444119,0.003652648986439438,0,0.0000015865001147693077,0,0,0,0,0,0,0,0,0,0,0,0,0,0,0,0,0,0,0,0,0,0,0,0,0,0,0.16959349639098423,0.08814189576036358,0.2577353921513478
3.7449999999999997,4.154986784534546e-8,1.3279315597239944e-8,0.0018294661685364525,0.1699088783353201,0,0.029346479340224975,0.00000945551959504198,0.0847968319858195,0.0036578978147755498,0,0.0000015886322087697847,0,0,0,0,0,0,0,0,0,0,0,0,0,0,0,0,0,0,0,0,0,0,0,0,0,0,0.17173839933304,0.11781225329262383,0.2895506526256638
3.75,4.160534163814376e-8,1.3233001064957893e-8,0.0018319164128492436,0.17202745953488974,0,0.041516048563298685,0.00000946820970408845,0.08511581409482019,0.0036631461195916343,0,0.000001590764287896837,0,0,0,0,0,0,0,0,0,0,0,0,0,0,0,0,0,0,0,0,0,0,0,0,0,0,0.17385943078608168,0.1303060677517025,0.3041654985377842
3.755,4.166081543093679e-8,1.3186367735689849e-8,0.00183436664688452,0.17412304060187933,0,0.0508635362114303,0.00000948089972496396,0.0854351601940445,0.003668393903134661,0,0.0000015928963522101895,0,0,0,0,0,0,0,0,0,0,0,0,0,0,0,0,0,0,0,0,0,0,0,0,0,0,0.175957462095947,0.13997816410468664,0.31593562620063365
3.76,4.171628922372458e-8,1.3139438612894705e-8,0.0018368168706834097,0.1761964421899988,0,0.05875173982556101,0.000009493589658022075,0.08575486663833362,0.003673641167638543,0,0.0000015950284017692454,0,0,0,0,0,0,0,0,0,0,0,0,0,0,0,0,0,0,0,0,0,0,0,0,0,0,0.17803331391641006,0.14819133624959296,0.326224650166003
3.7649999999999997,4.177176301650716e-8,1.3092235451548195e-8,0.0018392670842868237,0.1782484382819035,0,0.06570833385581137,0.00000950627950361448,0.08607492971449653,0.0036788879153242236,0,0.0000015971604366330919,0,0,0,0,0,0,0,0,0,0,0,0,0,0,0,0,0,0,0,0,0,0,0,0,0,0,0.1800877602301888,0.15547325492557237,0.3355610151557612
3.7699999999999996,4.1827236809284544e-8,1.3044778846515214e-8,0.0018417172877354538,0.18027975980962407,0,0.072003846651833,0.000009518969262090983,0.08639530952252003,0.003684134148399777,0,0.0000015992924568604995,0,0,0,0,0,0,0,0,0,0,0,0,0,0,0,0,0,0,0,0,0,0,0,0,0,0,0.1821215319693752,0.16209440858447174,0.34421594055384697
3.775,4.1882710602056764e-8,1.2997088312800677e-8,0.0018441674810697757,0.18229109792210962,0,0.0777989287599266,0.000009531658933799518,0.08671601736392896,0.0036893798690605054,0,0.0000016014244625099262,0,0,0,0,0,0,0,0,0,0,0,0,0,0,0,0,0,0,0,0,0,0,0,0,0,0,0.18413532028297833,0.16821545907631238,0.3523507793592907
3.78,4.19381843948238e-8,1.2949182358592802e-8,0.0018466176643300491,0.1842831069410181,0,0.08319821686010512,0.000009544348519086173,0.08703708194205471,0.0036946250794890226,0,0.0000016035564536395182,0,0,0,0,0,0,0,0,0,0,0,0,0,0,0,0,0,0,0,0,0,0,0,0,0,0,0.18612977949271492,0.17394107178662158,0.36007085127933647
3.7849999999999997,4.199365818758571e-8,1.290107855189215e-8,0.0018490678375563214,0.1862564070403362,0,0.08827436689202268,0.000009557038018295194,0.08735850716509162,0.0036998697818553614,0,0.0000016056884303071124,0,0,0,0,0,0,0,0,0,0,0,0,0,0,0,0,0,0,0,0,0,0,0,0,0,0,0.18810552977262923,0.1793439065654183,0.3674494363380475
3.79,4.204913198034251e-8,1.2852793581417751e-8,0.0018515180007884291,0.18821158668071006,0,0.09308026106888344,0.000009569727431769002,0.08768029699948782,0.003705113978317055,0,0.0000016078203925702395,0,0,0,0,0,0,0,0,0,0,0,0,0,0,0,0,0,0,0,0,0,0,0,0,0,0,0.19006315958342404,0.18447684959451266,0.37454000917793673
3.795,4.210460577309423e-8,1.2804343312393576e-8,0.0018539681540659955,0.19014920482536748,0,0.09765580750827328,0.000009582416759848197,0.08800245547021651,0.0037103576710192277,0,0.0000016099523404861242,0,0,0,0,0,0,0,0,0,0,0,0,0,0,0,0,0,0,0,0,0,0,0,0,0,0,0.19200322788838256,0.18937981301860934,0.38138304090699193
3.8,4.216007956584084e-8,1.2755742837744373e-8,0.0018564182974284344,0.1920697929611079,0,0.10203200021812722,0.000009595106002871576,0.08832498666104807,0.003715600862094694,0,0.0000016120842741116878,0,0,0,0,0,0,0,0,0,0,0,0,0,0,0,0,0,0,0,0,0,0,0,0,0,0,0.19392626617435876,0.19408379493154698,0.38801006110590575
3.8049999999999997,4.221555335858242e-8,1.2707006525165645e-8,0.0018588684309149535,0.1939738569448993,0,0.10623347864919182,0.000009607795161176144,0.08864791606829177,0.003720843553664041,0,0.0000016142161935035515,0,0,0,0,0,0,0,0,0,0,0,0,0,0,0,0,0,0,0,0,0,0,0,0,0,0,0.19583278029837414,0.19861346028250232,0.39444624058087646
3.8099999999999996,4.227102715131894e-8,1.2658148060476946e-8,0.0018613185545645538,0.19586187869412452,0,0.11028021351213599,0.000009620484235097132,0.0889712372428636,0.0037260857478357205,0,0.0000016163480987180371,0,0,0,0,0,0,0,0,0,0,0,0,0,0,0,0,0,0,0,0,0,0,0,0,0,0,0.1977232521778643,0.20298877333516913,0.4007120255130334
3.815,4.232650094405048e-8,1.2609180487619967e-8,0.001863768668416029,0.197734317736345,0,0.1141886578764889,0.000009633173224967987,0.08929493718036775,0.003731327446706134,0,0.0000016184799898111683,0,0,0,0,0,0,0,0,0,0,0,0,0,0,0,0,0,0,0,0,0,0,0,0,0,0,0.19959814134044246,0.20722617415677758,0.40682431549722003
3.82,4.238197473677702e-8,1.2560116245621794e-8,0.0018662187725079714,0.19959161263259012,0,0.11797255728330572,0.000009645862131120422,0.08961901583880491,0.003736568652359724,0,0.0000016206118668386753,0,0,0,0,0,0,0,0,0,0,0,0,0,0,0,0,0,0,0,0,0,0,0,0,0,0,0.20145788634718909,0.2113394082484683,0.4127972945956574
3.8249999999999997,4.243744852949856e-8,1.2510967202807077e-8,0.0018686688668787693,0.20143418228655266,0,0.12164353474504662,0.00000965855095388438,0.08994347316703472,0.003741809366869058,0,0.0000016227437298559933,0,0,0,0,0,0,0,0,0,0,0,0,0,0,0,0,0,0,0,0,0,0,0,0,0,0,0.20330290610184718,0.21534009857363412,0.4186430046754813
3.83,4.2492922322215155e-8,1.246174468851208e-8,0.0018711189515666093,0.20326242715066783,0,0.1252115226628661,0.000009671239693588089,0.09026830910476066,0.0037470495922949164,0,0.0000016248755789182674,0,0,0,0,0,0,0,0,0,0,0,0,0,0,0,0,0,0,0,0,0,0,0,0,0,0,0.20513360105690145,0.21923817747519417,0.4243717785320956
3.835,4.254839611492681e-8,1.241245952252586e-8,0.00187356902660948,0.20507673033882498,0,0.12868508794267877,0.000009683928350558042,0.09059352358251273,0.0037522893306863713,0,0.000001627007414080353,0,0,0,0,0,0,0,0,0,0,0,0,0,0,0,0,0,0,0,0,0,0,0,0,0,0,0.2069503543262901,0.22304221179164252,0.42999256611793263
3.84,4.260386990763355e-8,1.2363122042459855e-8,0.0018760190920451697,0.20687745865439264,0,0.13207168091250301,0.000009696616925119033,0.09091911907258875,0.003757528584080881,0,0.0000016291392353968185,0,0,0,0,0,0,0,0,0,0,0,0,0,0,0,0,0,0,0,0,0,0,0,0,0,0,0.20875353271342978,0.22675965432533315,0.43551318703876296
3.8449999999999998,4.265934370033538e-8,1.2313742129226102e-8,0.0018784691479112703,0.20866496354129707,0,0.13537782879138857,0.000009709305417594145,0.0912450944720065,0.003762767354504363,0,0.0000016312710429219455,0,0,0,0,0,0,0,0,0,0,0,0,0,0,0,0,0,0,0,0,0,0,0,0,0,0,0.21054348766229417,0.23039703119435995,0.4409405188566541
3.8499999999999996,4.271481749303236e-8,1.2264329230785906e-8,0.0018809191942451772,0.21043958196507617,0,0.13860928809594475,0.00000972199382830478,0.09157144735122831,0.003768005643971288,0,0.000001633402836709733,0,0,0,0,0,0,0,0,0,0,0,0,0,0,0,0,0,0,0,0,0,0,0,0,0,0,0.2123205561384681,0.23396009648780935,0.4462806526262775
3.8549999999999995,4.277029128572445e-8,1.2214892384314079e-8,0.001883369231084091,0.21220163723010088,0,0.14177116615742474,0.000009734682157570653,0.0918981770618893,0.003773243454484749,0,0.0000016355346168138973,0,0,0,0,0,0,0,0,0,0,0,0,0,0,0,0,0,0,0,0,0,0,0,0,0,0,0.21408506144636863,0.23745395689057316,0.45153901833694177
3.86,4.282576507841172e-8,1.2165440236909697e-8,0.0018858192584650202,0.2139514397385278,0,0.14486801907179264,0.00000974737040570983,0.09222528293788307,0.0037784807880365534,0,0.000001637666383287876,0,0,0,0,0,0,0,0,0,0,0,0,0,0,0,0,0,0,0,0,0,0,0,0,0,0,0.2158373139881981,0.24088316783450126,0.45672048182269936
3.8649999999999998,4.2881238871094144e-8,1.2115981064971541e-8,0.0018882692764247782,0.2156892876959738,0,0.14790393143832192,0.000009760058573038699,0.09255276429530447,0.003783717646607299,0,0.000001639798136184826,0,0,0,0,0,0,0,0,0,0,0,0,0,0,0,0,0,0,0,0,0,0,0,0,0,0,0.21757761196961853,0.24425181323694292,0.46182942520656145
3.8699999999999997,4.29367126637718e-8,1.2066522792344678e-8,0.0018907192849999907,0.21741546776841453,0,0.15088258186091588,0.000009772746659872018,0.09288062043239335,0.003788954032166455,0,0.000001641929875557631,0,0,0,0,0,0,0,0,0,0,0,0,0,0,0,0,0,0,0,0,0,0,0,0,0,0,0.21930624205664997,0.24756357100201112,0.4668698130586611
3.875,4.299218645644466e-8,1.2017073007334903e-8,0.0018931692842270923,0.21913025569435768,0,0.15380729720041786,0.000009785434666522904,0.09320885718090248,0.0037941899466724387,0,0.0000016440616014588973,0,0,0,0,0,0,0,0,0,0,0,0,0,0,0,0,0,0,0,0,0,0,0,0,0,0,0.22102347998784422,0.25082177382426074,0.47184525381210496
3.88,4.304766024911274e-8,1.1967638978678686e-8,0.0018956192741423278,0.22083391685595952,0,0.15668109785215575,0.000009798122593302854,0.09353747355775954,0.003799425392072699,0,0.0000016461933139409602,0,0,0,0,0,0,0,0,0,0,0,0,0,0,0,0,0,0,0,0,0,0,0,0,0,0,0.22272959114540108,0.2540294411178952,0.4767590322632963
3.885,4.310313404177607e-8,1.1918227670547762e-8,0.001898069254781756,0.22252670681239423,0,0.15950673579881627,0.000009810810440521743,0.09386646023996624,0.003804660370303788,0,0.0000016483250130558819,0,0,0,0,0,0,0,0,0,0,0,0,0,0,0,0,0,0,0,0,0,0,0,0,0,0,0.2244248310885377,0.2571893155445399,0.48161414663307756
3.8899999999999997,4.315860783443466e-8,1.1868845756661204e-8,0.0019005192261812502,0.22420887179848145,0,0.16228672679922873,0.00000982349820848786,0.09419581480515943,0.003809894883291448,0,0.000001650456698855459,0,0,0,0,0,0,0,0,0,0,0,0,0,0,0,0,0,0,0,0,0,0,0,0,0,0,0.2261094460521163,0.26030391044258694,0.48641335649470324
3.8949999999999996,4.321408162708855e-8,1.181949963357045e-8,0.0019029691883764984,0.2258806491912945,0,0.16502337778084403,0.000009836185897507883,0.09452553478743779,0.0038151289329506756,0,0.0000016525883713912158,0,0,0,0,0,0,0,0,0,0,0,0,0,0,0,0,0,0,0,0,0,0,0,0,0,0,0.22778367341325223,0.2633755302755014,0.49115920368875365
3.9,4.3269555419737744e-8,1.1770195433177488e-8,0.0019054191414030039,0.22754226794722712,0,0.16771881028128116,0.000009848873507886921,0.09485561767720016,0.0038203625211858084,0,0.0000016547200307144147,0,0,0,0,0,0,0,0,0,0,0,0,0,0,0,0,0,0,0,0,0,0,0,0,0,0,0.22944774212838095,0.2664062940732057,0.49585403620158663
3.905,4.332502921238226e-8,1.172093903454123e-8,0.0019078690852960887,0.22919394901176793,0,0.1703749806136895,0.000009861561039928504,0.09518606092098301,0.00382559564989059,0,0.000001656851676876052,0,0,0,0,0,0,0,0,0,0,0,0,0,0,0,0,0,0,0,0,0,0,0,0,0,0,0.23110187314303227,0.26939815559727986,0.5005000287403121
3.9099999999999997,4.338050300502213e-8,1.1671736075022036e-8,0.0019103190200908933,0.23083590570403956,0,0.17299369729859881,0.000009874248493934602,0.09551683833506645,0.0038308283209482572,0,0.0000016589833099268618,0,0,0,0,0,0,0,0,0,0,0,0,0,0,0,0,0,0,0,0,0,0,0,0,0,0,0.23274627977636952,0.27235289718641736,0.5050991769627868
3.915,4.343597679765737e-8,1.1622591960810689e-8,0.0019127689458223775,0.23246834407797082,0,0.1755766362018051,0.000009886935870205635,0.09584792287940165,0.0038360605362316035,0,0.0000016611149299173182,0,0,0,0,0,0,0,0,0,0,0,0,0,0,0,0,0,0,0,0,0,0,0,0,0,0,0.23438116808236195,0.2752721676682385,0.5096533357506005
3.92,4.349145059028795e-8,1.1573511876883642e-8,0.0019152188625253218,0.2340914632618147,0,0.17812535373668786,0.000009899623169040472,0.0961793705334933,0.0038412922976030547,0,0.000001663246536897635,0,0,0,0,0,0,0,0,0,0,0,0,0,0,0,0,0,0,0,0,0,0,0,0,0,0,0.2360067371893025,0.27815757943749014,0.5141643166267926
3.925,4.354692438291395e-8,1.15245007964236e-8,0.0019176687702343307,0.23570545577757734,0,0.18064129842501928,0.000009912310390736467,0.09651118739544844,0.0038465236069147465,0,0.0000016653781309177698,0,0,0,0,0,0,0,0,0,0,0,0,0,0,0,0,0,0,0,0,0,0,0,0,0,0,0.23762317961923685,0.28101058711590415,0.518633766735141
3.9299999999999997,4.360239817553536e-8,1.1475563489740887e-8,0.0019201186689838294,0.23731050784178842,0,0.1831258210589405,0.000009924997535589435,0.09684337965269751,0.0038517544660085887,0,0.0000016675097120274237,0,0,0,0,0,0,0,0,0,0,0,0,0,0,0,0,0,0,0,0,0,0,0,0,0,0,0.23923068158873392,0.28383254768489424,0.5230632292736281
3.9349999999999996,4.3657871968152195e-8,1.14267045327283e-8,0.0019225685588080698,0.23890679964892964,0,0.1855801836655057,0.000009937684603893689,0.09717595358235964,0.003856984876716345,0,0.0000016696412802760445,0,0,0,0,0,0,0,0,0,0,0,0,0,0,0,0,0,0,0,0,0,0,0,0,0,0,0.24082942329231422,0.2866247294504658,0.5274541527427801
3.94,4.371334576076448e-8,1.1377928314879981e-8,0.001925018439741128,0.24049450563872424,0,0.18800556744179714,0.000009950371595942035,0.097508915551608,0.003862214840859698,0,0.0000016717728357128261,0,0,0,0,0,0,0,0,0,0,0,0,0,0,0,0,0,0,0,0,0,0,0,0,0,0,0.24241957916973944,0.2893883199786965,0.531807899148436
3.945,4.3768819553372234e-8,1.1329239046901705e-8,0.0019274683118169066,0.2420737947483969,0,0.19040307980145407,0.000009963058512025789,0.09784227909159351,0.0038674443602503207,0,0.0000016739043783867133,0,0,0,0,0,0,0,0,0,0,0,0,0,0,0,0,0,0,0,0,0,0,0,0,0,0,0.2440013181582724,0.29212444021618833,0.5361257583744607
3.9499999999999997,4.382429334597547e-8,1.1280640767938762e-8,0.0019299181750691374,0.24364483065092482,0,0.19277376065124413,0.000009975745352434778,0.098176117319075,0.0038726734366899486,0,0.0000016760359083464004,0,0,0,0,0,0,0,0,0,0,0,0,0,0,0,0,0,0,0,0,0,0,0,0,0,0,0.24557480393092807,0.29483420318826986,0.5404090071191979
3.955,4.38797671385742e-8,1.123213735244503e-8,0.001932368029531378,0.2452077719802146,0,0.19511858799803,0.000009988432117457354,0.09851035382869164,0.0038779020719704443,0,0.0000016781674256403342,0,0,0,0,0,0,0,0,0,0,0,0,0,0,0,0,0,0,0,0,0,0,0,0,0,0,0.24714019512165045,0.2975185104982352,0.5446587056198856
3.96,4.393524093116846e-8,1.1183732516715294e-8,0.0019348178752370204,0.24676277254407344,0,0.1974384829713911,0.000010001118807380419,0.09884498578422952,0.003883130267873873,0,0.0000016802989303167157,0,0,0,0,0,0,0,0,0,0,0,0,0,0,0,0,0,0,0,0,0,0,0,0,0,0,0.2486976455382839,0.3001782804412322,0.5488759259795161
3.965,4.399071472375823e-8,1.113542982510123e-8,0.0019372677122192834,0.24830998152577252,0,0.1997343143346206,0.000010013805422489393,0.09918001029803133,0.003888358026172559,0,0.0000016824304224235012,0,0,0,0,0,0,0,0,0,0,0,0,0,0,0,0,0,0,0,0,0,0,0,0,0,0,0.25024730436413634,0.3028143788946694,0.5530616832588058
3.9699999999999998,4.404618851634357e-8,1.1087232695929932e-8,0.001939717540511219,0.2498495436749386,0,0.20200690254636192,0.000010026491963068279,0.09951542443078883,0.0038935853486291696,0,0.0000016845619020084043,0,0,0,0,0,0,0,0,0,0,0,0,0,0,0,0,0,0,0,0,0,0,0,0,0,0,0.25178931634887103,0.30542762337964496,0.557216939728516
3.9749999999999996,4.4101662308924475e-8,1.103914440714279e-8,0.001942167360145715,0.25138159948845656,0,0.2042570234263858,0.000010039178429399619,0.09985122519133671,0.003898812236996763,0,0.0000016866933691188958,0,0,0,0,0,0,0,0,0,0,0,0,0,0,0,0,0,0,0,0,0,0,0,0,0,0,0.253323821989409,0.3080187867265178,0.5613426087159268
3.9799999999999995,4.415713610150095e-8,1.099116810167068e-8,0.0019446171711554898,0.25290628538201415,0,0.20648541147164973,0.000010051864821764541,0.1001874095364457,0.0039040386930188705,0,0.0000016888248238022084,0,0,0,0,0,0,0,0,0,0,0,0,0,0,0,0,0,0,0,0,0,0,0,0,0,0,0.25485095770147387,0.31058860039075986,0.5654395580922338
3.985,4.421260989407304e-8,1.0943306792561009e-8,0.0019470669735730986,0.25442373385287187,0,0.2086927628625473,0.000010064551140442755,0.10052393354536637,0.003909264718429553,0,0.0000016909562661053363,0,0,0,0,0,0,0,0,0,0,0,0,0,0,0,0,0,0,0,0,0,0,0,0,0,0,0.25637085598236165,0.3131377166337498,0.5695085726161114
3.9899999999999998,4.4268083686640753e-8,1.0895563367870522e-8,0.0019495167674309323,0.2559340736344016,0,0.2108797381939947,0.000010077237385712543,0.10086082781392643,0.0039144903149534675,0,0.0000016930876960750344,0,0,0,0,0,0,0,0,0,0,0,0,0,0,0,0,0,0,0,0,0,0,0,0,0,0,0.2578836455654796,0.31566682664795637,0.5735504722134359
3.9949999999999997,4.432355747920408e-8,1.0847940595337153e-8,0.0019519665527612197,0.2574374298428955,0,0.2130469649615069,0.000010089923557850806,0.10119810626876735,0.003919715484305935,0,0.0000016952191137578248,0,0,0,0,0,0,0,0,0,0,0,0,0,0,0,0,0,0,0,0,0,0,0,0,0,0,0.2593894515671548,0.3181765718572518,0.5775660234244067
4,4.437903127176308e-8,1.0800441126843216e-8,0.0019544163295960285,0.25893392411711236,0,0.21519503982859134,0.000010102609657133045,0.10153577169304631,0.003924940228193004,0,0.0000016973505191999944,0,0,0,0,0,0,0,0,0,0,0,0,0,0,0,0,0,0,0,0,0,0,0,0,0,0,0.26088839562618077,0.320667551710007,0.5815559473361878
4.005,4.4434505064317705e-8,1.0753067502681305e-8,0.0019568660979672635,0.2604236747509937,0,0.21732453069850594,0.000010115295683833375,0.10187382690520529,0.003930164548311506,0,0.000001699481912447598,0,0,0,0,0,0,0,0,0,0,0,0,0,0,0,0,0,0,0,0,0,0,0,0,0,0,0.2623805960365335,0.32314033692961897,0.5855209329661525
4.01,4.448997885686805e-8,1.070582215563381e-8,0.0019593158579066725,0.26190679681995727,0,0.21943597861061945,0.000010127981638224537,0.1022122747591107,0.003935388446349131,0,0.00000170161329354646,0,0,0,0,0,0,0,0,0,0,0,0,0,0,0,0,0,0,0,0,0,0,0,0,0,0,0.2638661678736649,0.32559547141101103,0.5894616392846759
4.015,4.4545452649414084e-8,1.0658707414875767e-8,0.001961765609445842,0.26338340230113905,0,0.22152989947917215,0.000010140667520577912,0.1025511181441917,0.003940611923984483,0,0.000001703744662542173,0,0,0,0,0,0,0,0,0,0,0,0,0,0,0,0,0,0,0,0,0,0,0,0,0,0,0.26534522311474495,0.3280334739595314,0.5933786970742764
4.02,4.4600926441955825e-8,1.0611725509710716e-8,0.0019642153526162024,0.26485360018793586,0,0.22360678569015174,0.000010153353331163512,0.10289038192479998,0.00394583498288714,0,0.0000017058760194801046,0,0,0,0,0,0,0,0,0,0,0,0,0,0,0,0,0,0,0,0,0,0,0,0,0,0,0.266817870753204,0.3304548618271895,0.5972727325803935
4.025,4.465640023449332e-8,1.0564878573148248e-8,0.0019666650874490283,0.26631749659917725,0,0.22566710757017408,0.000010166039070250011,0.10323007552692601,0.003951057624717721,0,0.0000017080073644053936,0,0,0,0,0,0,0,0,0,0,0,0,0,0,0,0,0,0,0,0,0,0,0,0,0,0,0.2682842169079051,0.3328601147682525,0.6011443316761576
4.029999999999999,4.471187402702654e-8,1.0518168645331284e-8,0.001969114813975436,0.26777519488322377,0,0.2277113147396784,0.000010178724738104734,0.10357016581210418,0.0039562798511279425,0,0.0000017101386973629532,0,0,0,0,0,0,0,0,0,0,0,0,0,0,0,0,0,0,0,0,0,0,0,0,0,0,0.26974436492724185,0.33524964926634604,0.6049940141935879
4.035,4.476734781955554e-8,1.0471597676821002e-8,0.00197156453222639,0.2692267957172885,0,0.22973983736138356,0.000010191410334993678,0.10391064989802948,0.003961501663760682,0,0.0000017122700183974748,0,0,0,0,0,0,0,0,0,0,0,0,0,0,0,0,0,0,0,0,0,0,0,0,0,0,0.2711984154884604,0.3376238926035271,0.6088223080919875
4.04,4.482282161208028e-8,1.0425167531746672e-8,0.0019740142422326966,0.2706723972022317,0,0.2317530872937281,0.00001020409586118151,0.10425152485301487,0.003966723064250031,0,0.0000017144013275534256,0,0,0,0,0,0,0,0,0,0,0,0,0,0,0,0,0,0,0,0,0,0,0,0,0,0,0.2726464666924535,0.3399832537081817,0.6126297204006352
4.045,4.487829540460084e-8,1.0378879990826967e-8,0.0019764639440250148,0.27211209495309285,0,0.23375145915799386,0.000010216781316931589,0.10459278769579196,0.003971944054221368,0,0.0000017165326248750521,0,0,0,0,0,0,0,0,0,0,0,0,0,0,0,0,0,0,0,0,0,0,0,0,0,0,0.27408861415429325,0.34232812422194897,0.6164167383762422
4.05,4.493376919711721e-8,1.0332736754269324e-8,0.0019789136376338477,0.2735459821855799,0,0.23573533132686283,0.000010229466702505966,0.10493443539531176,0.003977164635291405,0,0.0000017186639104063817,0,0,0,0,0,0,0,0,0,0,0,0,0,0,0,0,0,0,0,0,0,0,0,0,0,0,0.2755249510897197,0.34465887948807894,0.6201838305777987
4.055,4.498924298962941e-8,1.028673944455338e-8,0.001981363323089549,0.2749741497987408,0,0.237705066841365,0.000010242152018165379,0.10527646487054584,0.003982384809068248,0,0.0000017207951841912221,0,0,0,0,0,0,0,0,0,0,0,0,0,0,0,0,0,0,0,0,0,0,0,0,0,0,0.2769555683978128,0.3469758794681814,0.6239314478659943
4.06,4.5044716782137425e-8,1.0240889609103918e-8,0.001983813000422321,0.27639668645401877,0,0.23966101426245198,0.000010254837264169293,0.10561881574171261,0.003987604577151464,0,0.000001722926446273165,0,0,0,0,0,0,0,0,0,0,0,0,0,0,0,0,0,0,0,0,0,0,0,0,0,0,0.27838055474004747,0.3492794123450265,0.627659967085074
4.0649999999999995,4.5100190574641314e-8,1.019518872285887e-8,0.00198626266966222,0.27781367865088336,0,0.2416035084627999,0.00001026752244077587,0.10596154672467335,0.003992823941132125,0,0.0000017250576966955867,0,0,0,0,0,0,0,0,0,0,0,0,0,0,0,0,0,0,0,0,0,0,0,0,0,0,0.27979999661592486,0.3515698717087429,0.6313698683246678
4.07,4.5155664367141074e-8,1.014963819073734e-8,0.0019887123308391505,0.27922521079921425,0,0.24353287136388563,0.000010280207548242022,0.10630466213279366,0.003998042902592873,0,0.0000017271889355016486,0,0,0,0,0,0,0,0,0,0,0,0,0,0,0,0,0,0,0,0,0,0,0,0,0,0,0.28121397843535595,0.35384758379575587,0.6350615622311118
4.074999999999999,4.521113815963671e-8,1.0104239350012227e-8,0.0019911619839828717,0.2806313652886094,0,0.24544941262288786,0.000010292892586823366,0.10664816525888128,0.0040032614631079775,0,0.0000017293201627342983,0,0,0,0,0,0,0,0,0,0,0,0,0,0,0,0,0,0,0,0,0,0,0,0,0,0,0.28262258258796974,0.35611286155762667,0.6387354441455964
4.08,4.526661195212826e-8,1.0058993472592072e-8,0.001993611629122997,0.2820322225547761,0,0.24735343027352658,0.000010305577556774274,0.10699205943797538,0.00400847962424339,0,0.0000017314513784362744,0,0,0,0,0,0,0,0,0,0,0,0,0,0,0,0,0,0,0,0,0,0,0,0,0,0,0.2840258895095045,0.3583660063646805,0.642391895874185
4.085,4.532208574461572e-8,1.0013901767216294e-8,0.0019960612662889917,0.28342786114314616,0,0.2492452113245455,0.000010318262458347865,0.10733634804750274,0.004013697387556794,0,0.0000017335825826501013,0,0,0,0,0,0,0,0,0,0,0,0,0,0,0,0,0,0,0,0,0,0,0,0,0,0,0.28542397774542266,0.360607308604646,0.6460312863500687
4.09,4.5377559537099125e-8,9.968965381567698e-9,0.0019985108955101792,0.284818357769868,0,0.25112503231922534,0.000010330947291796011,0.10768103450743839,0.00401891475459767,0,0.000001735713775418098,0,0,0,0,0,0,0,0,0,0,0,0,0,0,0,0,0,0,0,0,0,0,0,0,0,0,0.2868169240119031,0.3628370482423286,0.6496539722542317
4.095,4.543303332957846e-8,9.924185404306196e-9,0.0020009605168157386,0.2862037873802944,0,0.2529931598589655,0.000010343632057369345,0.10802614041323075,0.004024131726907344,0,0.0000017378449567823731,0,0,0,0,0,0,0,0,0,0,0,0,0,0,0,0,0,0,0,0,0,0,0,0,0,0,0.2882048032543289,0.36505551347611775,0.6532603167304467
4.1,4.548850712205376e-8,9.87956286702703e-9,0.0020034101302347047,0.28758422320509713,0,0.2548498510937246,0.00001035631675531727,0.10837166926626939,0.004029348306019042,0,0.0000017399761267848295,0,0,0,0,0,0,0,0,0,0,0,0,0,0,0,0,0,0,0,0,0,0,0,0,0,0,0.2895876887034018,0.3672629649588951,0.6568506536622969
4.1049999999999995,4.5543980914525017e-8,9.835098746147187e-9,0.0020058597357959724,0.2889597368141237,0,0.2566953541818407,0.000010369001385887978,0.10871760085739059,0.0040345644934579455,0,0.0000017421072854671652,0,0,0,0,0,0,0,0,0,0,0,0,0,0,0,0,0,0,0,0,0,0,0,0,0,0,0.2909656519289993,0.36945963064136056,0.6604252825703598
4.109999999999999,4.559945470699228e-8,9.790793964722785e-9,0.0020083093335282937,0.290330398168105,0,0.258529908721535,0.00001038168594932843,0.1090639346544923,0.004039780290741247,0,0.000001744238432870874,0,0,0,0,0,0,0,0,0,0,0,0,0,0,0,0,0,0,0,0,0,0,0,0,0,0,0.292338762891882,0.3716457495911507,0.6639845124830327
4.115,4.565492849945555e-8,9.746649394200903e-9,0.0020107589234602836,0.2916962756683182,0,0.2603537461562009,0.000010394370445884401,0.10941067011092738,0.004044995699378197,0,0.0000017463695690372468,0,0,0,0,0,0,0,0,0,0,0,0,0,0,0,0,0,0,0,0,0,0,0,0,0,0,0.2937070899933564,0.37382155270652134,0.6675286426998777
4.12,4.571040229191485e-8,9.702665856108283e-9,0.002013208505620412,0.29305743620430197,0,0.2621670901553951,0.000010407054875800444,0.10975780666543565,0.004050210720870161,0,0.000001748500694007373,0,0,0,0,0,0,0,0,0,0,0,0,0,0,0,0,0,0,0,0,0,0,0,0,0,0,0.2950707001229905,0.37598726309727065,0.6710579632202611
4.125,4.576587608437017e-8,9.65884412367983e-9,0.002015658080037017,0.2944139451997203,0,0.26397015697329157,0.000010419739239319941,0.11010534374207932,0.004055425356710671,0,0.0000017506318078221426,0,0,0,0,0,0,0,0,0,0,0,0,0,0,0,0,0,0,0,0,0,0,0,0,0,0,0.2964296587044775,0.3781430964431287,0.6745727551476062
4.13,4.582134987682154e-8,9.615184923429545e-9,0.0020181076467382943,0.2957658666564541,0,0.26576315578619775,0.000010432423536685068,0.11045328075017663,0.00406063960838548,0,0.0000017527629105222434,0,0,0,0,0,0,0,0,0,0,0,0,0,0,0,0,0,0,0,0,0,0,0,0,0,0,0.29778402973972723,0.3802892613312071,0.6780732910709344
4.135,4.587682366926898e-8,9.571688936666076e-9,0.002020557205752304,0.2971132631970122,0,0.26754628901061395,0.000010445107768136836,0.11080159897452282,0.004065853477372604,0,0.0000017548940021481698,0,0,0,0,0,0,0,0,0,0,0,0,0,0,0,0,0,0,0,0,0,0,0,0,0,0,0.2991338758512771,0.38242594146427966,0.6815598173155568
4.14,4.593229746171247e-8,9.528356800955455e-9,0.0020230067571069712,0.29845619610533286,0,0.26931975260318464,0.000010457791933915094,0.11115031568313057,0.004071066965142383,0,0.0000017570250827402164,0,0,0,0,0,0,0,0,0,0,0,0,0,0,0,0,0,0,0,0,0,0,0,0,0,0,0.3004792583230941,0.38455335006847424,0.6850326083915683
4.145,4.598777125415208e-8,9.48518911153308e-9,0.0020254563008300854,0.2997947253660526,0,0.2710837363437869,0.000010470476034258503,0.11149943432010673,0.004076280073157529,0,0.0000017591561523384828,0,0,0,0,0,0,0,0,0,0,0,0,0,0,0,0,0,0,0,0,0,0,0,0,0,0,0.3018202371398431,0.38667168036923777,0.6884919175090809
4.15,4.6043245046587784e-8,9.442186422666998e-9,0.0020279058369493,0.30112890970231226,0,0.2728384241028975,0.000010483160069404588,0.11184895640306468,0.004081492802873171,0,0.0000017612872109828758,0,0,0,0,0,0,0,0,0,0,0,0,0,0,0,0,0,0,0,0,0,0,0,0,0,0,0.303156871024693,0.38878111775611573,0.6919379887808088
4.154999999999999,4.6098718839019596e-8,9.399349248974675e-9,0.0020303553654921376,0.3024588066121625,0,0.27458399409429257,0.000010495844039589716,0.11219888346439987,0.004086705155736911,0,0.0000017634182587131067,0,0,0,0,0,0,0,0,0,0,0,0,0,0,0,0,0,0,0,0,0,0,0,0,0,0,0.3044892174757227,0.39088184197672765,0.6953710594524504
4.16,4.6154192631447563e-8,9.356678066694832e-9,0.002032804886485987,0.30378447240364054,0,0.27632061911405453,0.00001050852794504912,0.11254921705133737,0.004091917133188869,0,0.0000017655492955686982,0,0,0,0,0,0,0,0,0,0,0,0,0,0,0,0,0,0,0,0,0,0,0,0,0,0,0.3058173328009972,0.39297402737582143,0.6987913601768186
4.165,4.620966642387167e-8,9.314173314916486e-9,0.0020352543999581038,0.3051059622285626,0,0.27804846676677003,0.00001052121178601689,0.11289995872597666,0.004097128736661736,0,0.0000017676803215889792,0,0,0,0,0,0,0,0,0,0,0,0,0,0,0,0,0,0,0,0,0,0,0,0,0,0,0.3071412721523605,0.395057843121516,0.7021991152738765
4.17,4.6265140216291944e-8,9.271835396766606e-9,0.0020377039059356135,0.30642333011510403,0,0.2797676996797634,0.000010533895562725977,0.11325110950315052,0.004102339967580817,0,0.000001769811336813089,0,0,0,0,0,0,0,0,0,0,0,0,0,0,0,0,0,0,0,0,0,0,0,0,0,0,0.30846108955801527,0.39713345285739426,0.7055945424154095
4.175,4.632061400870838e-8,9.2296646805582e-9,0.002040153404445513,0.3077366289992095,0,0.2814784757061159,0.000010546579275408235,0.11360267001095178,0.004107550827364085,0,0.0000017719423412799805,0,0,0,0,0,0,0,0,0,0,0,0,0,0,0,0,0,0,0,0,0,0,0,0,0,0,0.30977683795393374,0.3992010150660485,0.7089778530199822
4.18,4.637608780112102e-8,9.18766150090037e-9,0.0020426028955146656,0.30904591075488835,0,0.28318094811718564,0.000010559262924294388,0.1139546436402842,0.0041127613174222226,0,0.0000017740733350284186,0,0,0,0,0,0,0,0,0,0,0,0,0,0,0,0,0,0,0,0,0,0,0,0,0,0,0.31108856921415234,0.40126068641115137,0.7123492556253037
4.185,4.6431561593529834e-8,9.145826159771658e-9,0.0020450523791698096,0.31035122622344186,0,0.28487526578528266,0.000010571946509614051,0.11430703223680272,0.004117971439158678,0,0.0000017762043180969813,0,0,0,0,0,0,0,0,0,0,0,0,0,0,0,0,0,0,0,0,0,0,0,0,0,0,0.3123963341799994,0.40331261761207177,0.7157089517920712
4.1899999999999995,4.648703538593491e-8,9.104158927558397e-9,0.0020475018554375534,0.31165262524166826,0,0.28656157335710636,0.000010584630031595739,0.11465983766432308,0.004123181193969704,0,0.0000017783352905240613,0,0,0,0,0,0,0,0,0,0,0,0,0,0,0,0,0,0,0,0,0,0,0,0,0,0,0.31370018268830013,0.4053569551807213,0.7190571378690214
4.195,4.654250917833619e-8,9.062660044059051e-9,0.0020499513243443786,0.31295015666908954,0,0.2882400114185098,0.00001059731349046687,0.11501306180488133,0.004128390583244405,0,0.0000017804662523478677,0,0,0,0,0,0,0,0,0,0,0,0,0,0,0,0,0,0,0,0,0,0,0,0,0,0,0.31500016359860317,0.40739384158637837,0.7223940051849815
4.199999999999999,4.659798297073369e-8,9.021329719456174e-9,0.0020524007859166393,0.3142438684142391,0,0.28991071665111345,0.000010609996886453782,0.1153667065587914,0.0041335996083647865,0,0.0000017825972036064269,0,0,0,0,0,0,0,0,0,0,0,0,0,0,0,0,0,0,0,0,0,0,0,0,0,0,0.31629632481946846,0.4094234154123597,0.7257197402318282
4.205,4.6653456763127485e-8,8.980168135256845e-9,0.0020548502401805664,0.3155338074600534,0,0.2915738219812603,0.000010622680219781724,0.11572077384470275,0.004138808270705805,0,0.000001784728144337584,0,0,0,0,0,0,0,0,0,0,0,0,0,0,0,0,0,0,0,0,0,0,0,0,0,0,0.3175887133338588,0.411445811505033,0.7290345248388919
4.21,4.670893055551752e-8,8.939175445203241e-9,0.0020572996871622623,0.3168200198883973,0,0.2932294567217531,0.000010635363490674864,0.1160752883090191,0.004144016571635406,0,0.0000017868590745790023,0,0,0,0,0,0,0,0,0,0,0,0,0,0,0,0,0,0,0,0,0,0,0,0,0,0,0.3188773752236656,0.4134611838249728,0.7323385590486384
4.215,4.676440434790384e-8,8.898351776153957e-9,0.0020597491268877083,0.3181025509037691,0,0.2948777467068118,0.00001064804669935631,0.11643024611943416,0.004149224512514566,0,0.0000017889899943681653,0,0,0,0,0,0,0,0,0,0,0,0,0,0,0,0,0,0,0,0,0,0,0,0,0,0,0.32016235569341295,0.4154696543754543,0.7356320100688672
4.22,4.681987814028648e-8,8.857697228937451e-9,0.00206219855938276,0.31938144485620934,0,0.2965188144206309,0.000010660729846048106,0.1167856262023603,0.004154432094697351,0,0.0000017911209037423793,0,0,0,0,0,0,0,0,0,0,0,0,0,0,0,0,0,0,0,0,0,0,0,0,0,0,0.3214436990931675,0.41747132456843833,0.7389150236616058
4.225,4.6875351932665415e-8,8.817211879178642e-9,0.0020646479846731527,0.3206567452634498,0,0.2981527791199067,0.000010673412930971235,0.11714142627088803,0.004159639319530953,0,0.0000017932518027387719,0,0,0,0,0,0,0,0,0,0,0,0,0,0,0,0,0,0,0,0,0,0,0,0,0,0,0.3227214489406868,0.41946631137505935,0.7421877603157461
4.2299999999999995,4.693082572504067e-8,8.776895778099404e-9,0.0020670974027844962,0.321928494832334,0,0.2997797569506799,0.000010686095954345639,0.11749764399924502,0.004164846188355729,0,0.0000017953826913942957,0,0,0,0,0,0,0,0,0,0,0,0,0,0,0,0,0,0,0,0,0,0,0,0,0,0,0.32399564794283997,0.4214547286169264,0.7454503765597664
4.234999999999999,4.698629951741226e-8,8.736748953294233e-9,0.002069546813742282,0.3231967354795364,0,0.3013998610598071,0.000010698778916390202,0.11785427702263333,0.004170052702505253,0,0.0000017975135697457256,0,0,0,0,0,0,0,0,0,0,0,0,0,0,0,0,0,0,0,0,0,0,0,0,0,0,0.32526633801632715,0.4234366870774319,0.748703025093759
4.24,4.70417733097802e-8,8.696771409481674e-9,0.00207199621757188,0.32446150835160875,0,0.3030132017013632,0.000010711461817322781,0.11821132293706706,0.004175258863306359,0,0.0000017996444378296648,0,0,0,0,0,0,0,0,0,0,0,0,0,0,0,0,0,0,0,0,0,0,0,0,0,0,0.32653356030772535,0.4254122946079918,0.7519458549157172
4.245,4.7097247102144495e-8,8.656963129232514e-9,0.002074445614298539,0.32572285384437927,0,0.30461988633825,0.000010724144657360195,0.11856877929920763,0.004180464672079175,0,0.0000018017752956825397,0,0,0,0,0,0,0,0,0,0,0,0,0,0,0,0,0,0,0,0,0,0,0,0,0,0,0.32779735521288805,0.4273816562294898,0.7551790114423779
4.25,4.7152720894505176e-8,8.617324073675656e-9,0.0020768950039473906,0.32698081162173226,0,0.306220019739277,0.000010736827436718245,0.11892662459107575,0.004185670130137181,0,0.000001803906143340609,0,0,0,0,0,0,0,0,0,0,0,0,0,0,0,0,0,0,0,0,0,0,0,0,0,0,0.3290577623957246,0.42934485519406995,0.7584026175897945
4.255,4.720819468686224e-8,8.57785418318221e-9,0.002079344386543446,0.32823542063378963,0,0.3078137040719526,0.000010749510155611708,0.11928487095073938,0.004190875238787234,0,0.0000018060369808399556,0,0,0,0,0,0,0,0,0,0,0,0,0,0,0,0,0,0,0,0,0,0,0,0,0,0,0.33031482080638197,0.4313020058086156,0.7616168266149976
4.26,4.7263668479215685e-8,8.538553378028825e-9,0.0020817937621116006,0.32948671913451844,0,0.3094010389912184,0.000010762192814254344,0.11964352436310759,0.004196079999329629,0,0.0000018081678082164957,0,0,0,0,0,0,0,0,0,0,0,0,0,0,0,0,0,0,0,0,0,0,0,0,0,0,0.3315685686988519,0.43325321371427805,0.7648217824131299
4.265,4.731914227156558e-8,8.499421559040752e-9,0.002084243130676632,0.3307347446987867,0,0.3109821217243411,0.000010774875412858913,0.12000258477146813,0.004201284413058123,0,0.000001810298625505974,0,0,0,0,0,0,0,0,0,0,0,0,0,0,0,0,0,0,0,0,0,0,0,0,0,0,0.33281904364802717,0.4351985760829057,0.7680176197309329
4.27,4.7374616063911874e-8,8.460458608215556e-9,0.0020866924922631996,0.3319795342388868,0,0.3125570471521603,0.000010787557951637165,0.12036205211258252,0.004206488481259984,0,0.0000018124294327439675,0,0,0,0,0,0,0,0,0,0,0,0,0,0,0,0,0,0,0,0,0,0,0,0,0,0,0.33406628256622467,0.43713818773338725,0.7712044702996119
4.275,4.743008985625461e-8,8.421664389327993e-9,0.0020891418468958495,0.33322112402055054,0,0.3141259078868858,0.000010800240430799866,0.12072192631665019,0.004211692205216037,0,0.000001814560229965886,0,0,0,0,0,0,0,0,0,0,0,0,0,0,0,0,0,0,0,0,0,0,0,0,0,0,0.3353103217192006,0.43907214120941285,0.7743824629286135
4.279999999999999,4.748556364859378e-8,8.383038748516724e-9,0.0020915911945990112,0.3344595496784687,0,0.3156887943466161,0.000010812922850556777,0.12108220730726832,0.0042168955862007,0,0.0000018166910172069738,0,0,0,0,0,0,0,0,0,0,0,0,0,0,0,0,0,0,0,0,0,0,0,0,0,0,0.3365511967416701,0.4410005268539529,0.7775517235956231
4.285,4.754103744092943e-8,8.344581514853448e-9,0.0020940405353970016,0.33569484623134055,0,0.31724579482675214,0.00001082560521111669,0.12144289500139567,0.004222098625482023,0,0.0000018188217945023087,0,0,0,0,0,0,0,0,0,0,0,0,0,0,0,0,0,0,0,0,0,0,0,0,0,0,0.33778894265235654,0.44292343288063546,0.780712375532992
4.29,4.759651123326156e-8,8.306292500895238e-9,0.0020964898693140222,0.3369270480964638,0,0.3187969955684537,0.000010838287512687412,0.12180395863159632,0.004227301324321726,0,0.000001820952561886805,0,0,0,0,0,0,0,0,0,0,0,0,0,0,0,0,0,0,0,0,0,0,0,0,0,0,0.33902359386858155,0.4448409147644463,0.7838645086330278
4.295,4.7651985025590176e-8,8.26817150322031e-9,0.002098939196374161,0.33815618910388784,0,0.32034248082429706,0.000010850969755475774,0.12216542811165026,0.004232503683975251,0,0.0000018230833193952124,0,0,0,0,0,0,0,0,0,0,0,0,0,0,0,0,0,0,0,0,0,0,0,0,0,0,0.3402551842204185,0.4467530866729974,0.7870082708934159
4.3,4.7707458817915275e-8,8.230218302948092e-9,0.0021013885166013963,0.339382302510143,0,0.32188233292126345,0.000010863651939687638,0.12252731006498878,0.0042377057056917885,0,0.0000018252140670621184,0,0,0,0,0,0,0,0,0,0,0,0,0,0,0,0,0,0,0,0,0,0,0,0,0,0,0.3414837469644215,0.44866003755795075,0.7901437845223722
4.305,4.77629326102369e-8,8.192432666243918e-9,0.0021038378300195924,0.3406054210115602,0,0.3234166323211944,0.000010876334065527925,0.12288960779092699,0.004242907390714322,0,0.000001827344804921952,0,0,0,0,0,0,0,0,0,0,0,0,0,0,0,0,0,0,0,0,0,0,0,0,0,0,0.3427093147969451,0.4505618511817061,0.7932711659786512
4.31,4.7818406402555044e-8,8.15481434480896e-9,0.002106287136652502,0.34182557675719966,0,0.324945457678835,0.000010889016133200578,0.12325232462630421,0.004248108740279664,0,0.0000018294755330089774,0,0,0,0,0,0,0,0,0,0,0,0,0,0,0,0,0,0,0,0,0,0,0,0,0,0,0.3439319198670729,0.45245860953708505,0.796390529404158
4.3149999999999995,4.787388019486972e-8,8.117363076355754e-9,0.0021087364365237706,0.34304280136139936,0,0.32646888589758444,0.000010901698142908602,0.12361546394561006,0.004253309755618509,0,0.0000018316062513573015,0,0,0,0,0,0,0,0,0,0,0,0,0,0,0,0,0,0,0,0,0,0,0,0,0,0,0.3451515937891664,0.4543503929032073,0.7995019866923736
4.32,4.7929353987180956e-8,8.080078585069974e-9,0.0021111857296569306,0.3442571259159571,0,0.32798699218305927,0.000010914380094854046,0.12397902916111127,0.004258510437955445,0,0.000001833736960000872,0,0,0,0,0,0,0,0,0,0,0,0,0,0,0,0,0,0,0,0,0,0,0,0,0,0,0.3463683676550466,0.45623727989918084,0.8026056475542274
4.324999999999999,4.798482777948874e-8,8.042960582058726e-9,0.0021136350160754066,0.34546858100195993,0,0.32949985009457533,0.000010927061989238035,0.12434302372297798,0.004263710788509019,0,0.000001835867658973479,0,0,0,0,0,0,0,0,0,0,0,0,0,0,0,0,0,0,0,0,0,0,0,0,0,0,0.3475822720458237,0.45811934753571054,0.8057016195815343
4.33,4.804030157179309e-8,8.006008765785833e-9,0.002116084295802514,0.3466771967012752,0,0.3310075315946493,0.000010939743826260749,0.1247074859686039,0.004268910808491755,0,0.0000018379983483087551,0,0,0,0,0,0,0,0,0,0,0,0,0,0,0,0,0,0,0,0,0,0,0,0,0,0,0.34879333704338805,0.4599967061139195,0.8087900431573076
4.335,4.809577536409402e-8,7.969222822494695e-9,0.0021185335688614615,0.34788300260770966,0,0.33251010709660433,0.000010952425606121446,0.12507238255810751,0.004274110499110201,0,0.0000018401290280401784,0,0,0,0,0,0,0,0,0,0,0,0,0,0,0,0,0,0,0,0,0,0,0,0,0,0,0.3500015922415693,0.4618693927084562,0.8118709849500254
4.34,4.815124915639158e-8,7.932602426618799e-9,0.002120982835275351,0.349086027837854,0,0.3340076455103766,0.000010965107329018463,0.1254377125512235,0.004279309861564971,0,0.0000018422596982010715,0,0,0,0,0,0,0,0,0,0,0,0,0,0,0,0,0,0,0,0,0,0,0,0,0,0,0.3512070667569809,0.46373747529019227,0.8149445420471731
4.345,4.820672294868573e-8,7.896147241180582e-9,0.002123432095067175,0.35028630104162006,0,0.3355002142865976,0.000010977788995149212,0.12580347601544073,0.004284508897050764,0,0.0000018443903588246017,0,0,0,0,0,0,0,0,0,0,0,0,0,0,0,0,0,0,0,0,0,0,0,0,0,0,0.3524097892395574,0.46560102137844306,0.8180108106180004
4.35,4.8262196740976477e-8,7.859856918178852e-9,0.0021258813482598216,0.351483850412482,0,0.3369878794590362,0.000010990470604710196,0.12616967301144472,0.004289707606756423,0,0.0000018465210099437833,0,0,0,0,0,0,0,0,0,0,0,0,0,0,0,0,0,0,0,0,0,0,0,0,0,0,0.35360978788279546,0.467460097068852,0.8210698849516475
4.3549999999999995,4.831767053326386e-8,7.823731098965098e-9,0.0021283305948760745,0.35267870369743315,0,0.3384707056854707,0.000011003152157897018,0.12653630359307516,0.0042949059918649555,0,0.0000018486516515914804,0,0,0,0,0,0,0,0,0,0,0,0,0,0,0,0,0,0,0,0,0,0,0,0,0,0,0.35480709043371084,0.4693147670742203,0.8241218575079312
4.359999999999999,4.837314432554791e-8,7.787769414609185e-9,0.0021307798349386115,0.3538708882066649,0,0.33994875628706256,0.000011015833654904368,0.12690336780728473,0.0043001040535535755,0,0.0000018507822838004029,0,0,0,0,0,0,0,0,0,0,0,0,0,0,0,0,0,0,0,0,0,0,0,0,0,0,0.35600172420251724,0.4711650947638396,0.8271668189663568
4.365,4.8428618117828596e-8,7.751971486254609e-9,0.002133229068470006,0.35506043082298,0,0.34142209328629913,0.000011028515095926048,0.12727086569409604,0.004305301792993738,0,0.000001852912906603112,0,0,0,0,0,0,0,0,0,0,0,0,0,0,0,0,0,0,0,0,0,0,0,0,0,0,0.35719371607203965,0.47301114220139145,0.8302048582734312
4.37,4.848409191010596e-8,7.71633692546371e-9,0.002135678295492728,0.356247358010948,0,0.34289077744356655,0.000011041196481154964,0.12763876800175764,0.004310499211351174,0,0.000001855043520032017,0,0,0,0,0,0,0,0,0,0,0,0,0,0,0,0,0,0,0,0,0,0,0,0,0,0,0.3583830925068695,0.4748529408966765,0.833236033403546
4.375,4.853956570237997e-8,7.680865334553139e-9,0.0021381275160291444,0.35743169582581097,0,0.3443548682924145,0.000011053877810783144,0.12800710556082134,0.004315696309785933,0,0.0000018571741241193812,0,0,0,0,0,0,0,0,0,0,0,0,0,0,0,0,0,0,0,0,0,0,0,0,0,0,0.35956987956227116,0.47669058121495667,0.8362604607772278
4.38,4.859503949465069e-8,7.645556306919864e-9,0.0021405767301015213,0.3586134699221486,0,0.34581442417356784,0.000011066559085001721,0.12837588225771615,0.004320893089452406,0,0.0000018593047188973178,0,0,0,0,0,0,0,0,0,0,0,0,0,0,0,0,0,0,0,0,0,0,0,0,0,0,0.36075410289284593,0.4785241253845403,0.8392782282773863
4.385,4.865051328691809e-8,7.610409427358024e-9,0.002143025937732018,0.3597927055623094,0,0.3472695022677399,0.000011079240304000958,0.1287451010306434,0.004326089551499365,0,0.000001861435304397793,0,0,0,0,0,0,0,0,0,0,0,0,0,0,0,0,0,0,0,0,0,0,0,0,0,0,0.36193578776096413,0.48035363352549104,0.8422894212864551
4.39,4.870598707918224e-8,7.575424272366911e-9,0.0021454751389427006,0.3609694276246171,0,0.34872015862729977,0.000011091921467970266,0.12911476484768825,0.004331285697070009,0,0.0000018635658806526289,0,0,0,0,0,0,0,0,0,0,0,0,0,0,0,0,0,0,0,0,0,0,0,0,0,0,0.36311495904497115,0.48217916465940663,0.8452941237043778
4.395,4.876146087144308e-8,7.540600410450307e-9,0.002147924333755527,0.3621436606113587,0,0.35016644820683734,0.000011104602577098157,0.12948487670691453,0.004336481527301977,0,0.0000018656964476934984,0,0,0,0,0,0,0,0,0,0,0,0,0,0,0,0,0,0,0,0,0,0,0,0,0,0,0.36429164124717556,0.48400077674007863,0.8482924179872542
4.4,4.881693466370067e-8,7.505937402407424e-9,0.002150373522192359,0.36331542865656086,0,0.35160842489268096,0.000011117283631572305,0.12985543963646015,0.004341677043327402,0,0.0000018678270055519328,0,0,0,0,0,0,0,0,0,0,0,0,0,0,0,0,0,0,0,0,0,0,0,0,0,0,0.36546585850162533,0.48581852668310566,0.8512843851847309
4.404999999999999,4.887240845595498e-8,7.471434801615868e-9,0.0021528227042749565,0.3644847555335614,0,0.3530461415314003,0.000011129964631579516,0.13022645669463384,0.004346872246272926,0,0.000001869957554259317,0,0,0,0,0,0,0,0,0,0,0,0,0,0,0,0,0,0,0,0,0,0,0,0,0,0,0.36663763458167964,0.48763247039449287,0.8542701049761725
4.41,4.892788224820605e-8,7.437092154306506e-9,0.0021552718800249837,0.3656516646623861,0,0.35447964995734926,0.000011142645577305758,0.13059800885792164,0.004352067137259757,0,0.0000018720880938468965,0,0,0,0,0,0,0,0,0,0,0,0,0,0,0,0,0,0,0,0,0,0,0,0,0,0,0.36780699290738544,0.4894427406862018,0.8572497335935872
4.415,4.898335604045391e-8,7.402908999830972e-9,0.0021577210494640037,0.3668161791169278,0,0.35590900101927403,0.00001115532646893614,0.13097002461574578,0.0043572617174036776,0,0.000001874218624345771,0,0,0,0,0,0,0,0,0,0,0,0,0,0,0,0,0,0,0,0,0,0,0,0,0,0,0.36897395655265686,0.4912493168975168,0.8602232734501736
4.42,4.9038829832698544e-8,7.3688848709215155e-9,0.0021601702126134823,0.3679783216319466,0,0.35733424460603813,0.000011168007306654934,0.13134248923801697,0.004362455987815093,0,0.0000018763491457869006,0,0,0,0,0,0,0,0,0,0,0,0,0,0,0,0,0,0,0,0,0,0,0,0,0,0,0.3701385482522748,0.49305223418832267,0.8631907824405975
4.425,4.9094303624939946e-8,7.3350192939437834e-9,0.0021626193694947865,0.369138114609885,0,0.35875542967149016,0.00001118068809064557,0.1317153976221311,0.00436764994959906,0,0.0000018784796582011034,0,0,0,0,0,0,0,0,0,0,0,0,0,0,0,0,0,0,0,0,0,0,0,0,0,0,0.37130079040870273,0.4948515364109692,0.8661523268196719
4.43,4.914977741717816e-8,7.301311789142572e-9,0.0021650685201291915,0.3702955801275127,0,0.3601726042585148,0.000011193368821090662,0.1320887445926373,0.004372843603855324,0,0.000001880610161619061,0,0,0,0,0,0,0,0,0,0,0,0,0,0,0,0,0,0,0,0,0,0,0,0,0,0,0.3724607050987311,0.49664726643399015,0.8691079715327212
4.435,4.9205251209413173e-8,7.267761870880843e-9,0.0021675176645378712,0.3714507399423993,0,0.36158581552229546,0.000011206049498171977,0.13246252490095015,0.004378036951678338,0,0.0000018827406560713122,0,0,0,0,0,0,0,0,0,0,0,0,0,0,0,0,0,0,0,0,0,0,0,0,0,0,0.3736183140799503,0.49843946616507817,0.8720577802450284
4.4399999999999995,4.926072500164501e-8,7.2343690478720884e-9,0.002169966802741906,0.37260361549922577,0,0.3629951097528226,0.000011218730122070477,0.13283673322506256,0.004383229994157312,0,0.0000018848711415882597,0,0,0,0,0,0,0,0,0,0,0,0,0,0,0,0,0,0,0,0,0,0,0,0,0,0,0.3747736387970617,0.5002281765733062,0.8750018153703679
4.445,4.931619879387369e-8,7.2011328234062976e-9,0.0021724159347622806,0.37375422793593666,0,0.364400532396677,0.000011231410692966288,0.13321136416926033,0.004388422732376234,0,0.000001887001618200168,0,0,0,0,0,0,0,0,0,0,0,0,0,0,0,0,0,0,0,0,0,0,0,0,0,0,0.37592670038803055,0.5020134377106248,0.8779401380986553
4.449999999999999,4.937167258609919e-8,7.16805269556983e-9,0.0021748650606198856,0.3749025980897376,0,0.36580212807811385,0.000011244091211038737,0.13358631845541646,0.004393615167413898,0,0.0000018891320859371647,0,0,0,0,0,0,0,0,0,0,0,0,0,0,0,0,0,0,0,0,0,0,0,0,0,0,0.37707751969008274,0.5037951949242412,0.8808727146143239
4.455,4.9427146378321565e-8,7.1351281574590335e-9,0.002177314180335518,0.3760487465029461,0,0.36719994061948025,0.000011256771676466342,0.13396165833909746,0.004398807300343953,0,0.0000018912625448292439,0,0,0,0,0,0,0,0,0,0,0,0,0,0,0,0,0,0,0,0,0,0,0,0,0,0,0.37822611724555616,0.505573554293143,0.8837996715386991
4.46,4.948262017054079e-8,7.10235869738824e-9,0.002179763293929879,0.377192693428694,0,0.36859401306098305,0.000011269452089426797,0.13433742320118106,0.004403999132234911,0,0.0000018933929949062598,0,0,0,0,0,0,0,0,0,0,0,0,0,0,0,0,0,0,0,0,0,0,0,0,0,0,0.37937251330760274,0.5073485982394833,0.8867211115470861
4.465,4.953809396275688e-8,7.069743799091912e-9,0.0021822124014235804,0.37833445883649364,0,0.36998438767984226,0.000011282132450097026,0.13471361909380894,0.004409190664150198,0,0.000001895523436197937,0,0,0,0,0,0,0,0,0,0,0,0,0,0,0,0,0,0,0,0,0,0,0,0,0,0,0.38051672784575497,0.5091203750936877,0.8896371029394426
4.47,4.9593567754969874e-8,7.037282941921232e-9,0.0021846615028371374,0.3794740624176658,0,0.37137110600884554,0.000011294812758653135,0.13509025213894507,0.004414381897148171,0,0.0000018976538687338645,0,0,0,0,0,0,0,0,0,0,0,0,0,0,0,0,0,0,0,0,0,0,0,0,0,0,0.3816587805513536,0.5108889325115661,0.8925477130629197
4.475,4.9649041547179744e-8,7.004975601035461e-9,0.002187110598190978,0.3806115235906353,0,0.37275420885432803,0.000011307493015270451,0.13546732852861393,0.004419572832282154,0,0.0000018997842925434978,0,0,0,0,0,0,0,0,0,0,0,0,0,0,0,0,0,0,0,0,0,0,0,0,0,0,0.38279869084284346,0.5126543174925319,0.8954530083353753
4.4799999999999995,4.970451533938653e-8,6.972821247587884e-9,0.0021895596875054334,0.3817468615060995,0,0.3741337363136024,0.000011320173220123512,0.13584485452514106,0.004424763470600472,0,0.0000019019147076561624,0,0,0,0,0,0,0,0,0,0,0,0,0,0,0,0,0,0,0,0,0,0,0,0,0,0,0.38393647787094154,0.5144165763972717,0.8983530542682132
4.484999999999999,4.9759989131590225e-8,6.940819348906827e-9,0.0021920087708007492,0.38288009505207204,0,0.3755097277918565,0.000011332853373386075,0.13622283646139366,0.004429953813146474,0,0.0000019040451141010505,0,0,0,0,0,0,0,0,0,0,0,0,0,0,0,0,0,0,0,0,0,0,0,0,0,0,0.38507216052368126,0.5161757549648841,0.9012479154885653
4.49,4.9815462923790876e-8,6.908969368671639e-9,0.0021944578480970773,0.3840112428588058,0,0.3768822220185368,0.000011345533475231113,0.1366013381908976,0.0044351438609585665,0,0.0000019061755119072244,0,0,0,0,0,0,0,0,0,0,0,0,0,0,0,0,0,0,0,0,0,0,0,0,0,0,0.3862057574313352,0.5179319557793801,0.9041377132107153
4.495,4.987093671598843e-8,6.8772707670838915e-9,0.002196906919414479,0.3851403233035975,0,0.3782512570632417,0.000011358213525830837,0.13698035959814625,0.004440333615070238,0,0.000001908305901103616,0,0,0,0,0,0,0,0,0,0,0,0,0,0,0,0,0,0,0,0,0,0,0,0,0,0,0.38733728697121944,0.5196852167958851,0.9070225037671045
4.5,4.992641050818292e-8,6.845723001033912e-9,0.0021993559847729286,0.3862673545154816,0,0.3796168703511381,0.000011370893525356669,0.13735984222339048,0.004445523076510098,0,0.000001910436281719028,0,0,0,0,0,0,0,0,0,0,0,0,0,0,0,0,0,0,0,0,0,0,0,0,0,0,0.38846676727238805,0.5214355169808458,0.9099022842532338
4.505,4.9981884300374394e-8,6.814325524262768e-9,0.0022018050441923115,0.38739235437980973,0,0.38097909867792057,0.000011383573473979297,0.1377397825343518,0.0044507122463019,0,0.0000019125666537821364,0,0,0,0,0,0,0,0,0,0,0,0,0,0,0,0,0,0,0,0,0,0,0,0,0,0,0.3895942162202119,0.5231828895987021,0.912777105818914
4.51,5.0037358092562816e-8,6.783077787519833e-9,0.002204254097692423,0.388515340542725,0,0.38233797822432725,0.000011396253371868624,0.13812017694664022,0.004455901125464568,0,0.0000019146970173214873,0,0,0,0,0,0,0,0,0,0,0,0,0,0,0,0,0,0,0,0,0,0,0,0,0,0,0.3907196514608533,0.5249273672468212,0.9156470187076745
4.515,5.009283188474823e-8,6.75197923871608e-9,0.0022067031452929703,0.38963633041553164,0,0.3836935445702327,0.000011408933219193806,0.13850102182354398,0.004461089715012233,0,0.000001916827372365501,0,0,0,0,0,0,0,0,0,0,0,0,0,0,0,0,0,0,0,0,0,0,0,0,0,0,0.39184309040563575,0.5266689818693805,0.9185120722750162
4.52,5.014830567693061e-8,6.72102932307312e-9,0.0022091521870135746,0.39075534117896227,0,0.38504583270832765,0.000011421613016123245,0.13888231347581897,0.0044662780159542515,0,0.000001918957718942471,0,0,0,0,0,0,0,0,0,0,0,0,0,0,0,0,0,0,0,0,0,0,0,0,0,0,0.39296455023531085,0.528407764770836,0.9213723150061468
4.525,5.020377946911001e-8,6.690227483268263e-9,0.00221160122287377,0.3918723897873484,0,0.38639487705740555,0.000011434292762824602,0.13926404816147997,0.004471466029295245,0,0.000001921088057080566,0,0,0,0,0,0,0,0,0,0,0,0,0,0,0,0,0,0,0,0,0,0,0,0,0,0,0.39408404790422913,0.5301437466290007,0.9242277945332298
4.529999999999999,5.025925326128639e-8,6.659573159575617e-9,0.002214050252893003,0.39298749297269187,0,0.3877407114752625,0.000011446972459464781,0.13964619684004287,0.004476653756035117,0,0.000001923218386807827,0,0,0,0,0,0,0,0,0,0,0,0,0,0,0,0,0,0,0,0,0,0,0,0,0,0,0.3952016001444113,0.5318769322621867,0.927078532406598
4.535,5.0314727053459816e-8,6.629065790003179e-9,0.002216499277090636,0.39410066724864873,0,0.3890833692712347,0.000011459652106209968,0.14002868481169314,0.004481841197169093,0,0.000001925348708152175,0,0,0,0,0,0,0,0,0,0,0,0,0,0,0,0,0,0,0,0,0,0,0,0,0,0,0.3963172234695322,0.5336072802809113,0.9299245037504436
4.54,5.037020084563024e-8,6.598704810426466e-9,0.0022189482954859427,0.3952119289144151,0,0.3904228832183717,0.00001147233170322558,0.14041161619432552,0.004487028353687732,0,0.000001927479021141404,0,0,0,0,0,0,0,0,0,0,0,0,0,0,0,0,0,0,0,0,0,0,0,0,0,0,0.3974309341788067,0.5353349275771094,0.9327658617559161
4.545,5.0425674637797723e-8,6.568489654718229e-9,0.002221397308098115,0.39632129405853217,0,0.3917592855652746,0.00001148501125067634,0.1407949979168647,0.004492215226576976,0,0.0000019296093258031875,0,0,0,0,0,0,0,0,0,0,0,0,0,0,0,0,0,0,0,0,0,0,0,0,0,0,0.39854274836079456,0.5370599133292928,0.9356026616900874
4.55,5.048114842996223e-8,6.5384197548747476e-9,0.002223846314946259,0.3974287785626005,0,0.3930926080475945,0.000011497690748726218,0.14117883698586348,0.004497401816818151,0,0.0000019317396221650745,0,0,0,0,0,0,0,0,0,0,0,0,0,0,0,0,0,0,0,0,0,0,0,0,0,0,0.39965268189711495,0.538782276280647,0.938434958177762
4.555,5.053662222212381e-8,6.508494541138699e-9,0.002226295316049397,0.39853439810491365,0,0.3944228818992159,0.000011510370197538478,0.14156314048577037,0.004502588125388022,0,0.0000019338699102544954,0,0,0,0,0,0,0,0,0,0,0,0,0,0,0,0,0,0,0,0,0,0,0,0,0,0,0.4007607504660798,0.5405020547504821,0.9412628052165619
4.56,5.0592096014282456e-8,6.478713442118574e-9,0.002228744311426466,0.39963816816400954,0,0.3957501378631261,0.000011523049597275652,0.14194791557919453,0.004507774153258794,0,0.0000019360001900987567,0,0,0,0,0,0,0,0,0,0,0,0,0,0,0,0,0,0,0,0,0,0,0,0,0,0,0.40186696954624546,0.5422192866453668,0.9440862561916122
4.5649999999999995,5.0647569806438155e-8,6.4490758849048966e-9,0.0022311933010963213,0.4007401040221438,0,0.3970744062019878,0.000011535728948099558,0.14233316950717548,0.004512959901398154,0,0.0000019381304617250475,0,0,0,0,0,0,0,0,0,0,0,0,0,0,0,0,0,0,0,0,0,0,0,0,0,0,0.4029713544198858,0.5439340094699713,0.946905363889857
4.57,5.070304359859097e-8,6.419581295183208e-9,0.002233642285077737,0.4018402207686864,0,0.39839571670842167,0.000011548408250171316,0.14271890958945474,0.004518145370769303,0,0.000001940260725160436,0,0,0,0,0,0,0,0,0,0,0,0,0,0,0,0,0,0,0,0,0,0,0,0,0,0,0.40407392017638905,0.545646260337621,0.9497201805140101
4.574999999999999,5.0758517390740844e-8,6.39022909734402e-9,0.0022360912633894005,0.40293853330344104,0,0.39971409871500624,0.000011561087503651314,0.14310527372472023,0.004523330562330958,0,0.000001942390980431869,0,0,0,0,0,0,0,0,0,0,0,0,0,0,0,0,0,0,0,0,0,0,0,0,0,0,0.40517468171557697,0.5473562064805415,0.9525308881961185
4.58,5.081399118288785e-8,6.361018714589632e-9,0.002238540236049923,0.40403505633989806,0,0.40102958110401354,0.00001157376670869927,0.14349215704885196,0.004528515477037411,0,0.000001944521227566182,0,0,0,0,0,0,0,0,0,0,0,0,0,0,0,0,0,0,0,0,0,0,0,0,0,0,0.40627365375095786,0.5490637719178392,0.955337425668797
4.585,5.0869464975031953e-8,6.331949569038147e-9,0.002240989203077828,0.4051298044084079,0,0.40234219231687407,0.000011586445865474165,0.14387952540732565,0.004533700115838522,0,0.0000019466514665900858,0,0,0,0,0,0,0,0,0,0,0,0,0,0,0,0,0,0,0,0,0,0,0,0,0,0,0.40737085081290025,0.5507689509373703,0.9581398017502706
4.59,5.092493876717319e-8,6.303021081824524e-9,0.002243438164491565,0.40622279185929405,0,0.4036519603633979,0.000011599124974134316,0.14426737257603953,0.004538884479679771,0,0.0000019487816975301777,0,0,0,0,0,0,0,0,0,0,0,0,0,0,0,0,0,0,0,0,0,0,0,0,0,0,0.4084662872517455,0.5524717653257889,0.9609380525775344
4.595,5.098041255931155e-8,6.27423267319886e-9,0.002245887120309497,0.40731403286589335,0,0.40495891283074287,0.000011611804034837322,0.1446556922465286,0.004544068569502267,0,0.0000019509119204129377,0,0,0,0,0,0,0,0,0,0,0,0,0,0,0,0,0,0,0,0,0,0,0,0,0,0,0.4095599772408481,0.5541722363627289,0.9637322136035771
4.6,5.103588635144705e-8,6.245583762622021e-9,0.0022483360705499093,0.4084035414275331,0,0.4062630768921509,0.000011624483047740117,0.1450444780256346,0.0045492523862427844,0,0.000001953042135264732,0,0,0,0,0,0,0,0,0,0,0,0,0,0,0,0,0,0,0,0,0,0,0,0,0,0,0.41065193477955314,0.5558703848292113,0.9665223196087644
4.6049999999999995,5.1091360143579714e-8,6.217073768858541e-9,0.0022507850152310087,0.40949133137244537,0,0.40756447931545237,0.000011637162012998939,0.14543372343517869,0.004554435930833782,0,0.00000195517234211181,0,0,0,0,0,0,0,0,0,0,0,0,0,0,0,0,0,0,0,0,0,0,0,0,0,0,0.41174217369611027,0.5575662310158199,0.9693084047119302
4.609999999999999,5.114683393570952e-8,6.1887021100670025e-9,0.0022532339543709216,0.4105774163606165,0,0.4088631464713487,0.000011649840930769345,0.14582342191163558,0.004559619204203427,0,0.000001957302540980307,0,0,0,0,0,0,0,0,0,0,0,0,0,0,0,0,0,0,0,0,0,0,0,0,0,0,0.4128307076505235,0.5592597947306595,0.972090502381183
4.615,5.1202307727836505e-8,6.160468203887872e-9,0.0022556828879876953,0.41166180988657985,0,0.41015910434147956,0.000011662519801206216,0.14621352169228907,0.004564802207275626,0,0.000001959432731896245,0,0,0,0,0,0,0,0,0,0,0,0,0,0,0,0,0,0,0,0,0,0,0,0,0,0,0.4139175501373435,0.5609510501935774,0.9748686003309208
4.62,5.125778151996066e-8,6.13237146752896e-9,0.0022581318160992997,0.4127445252821461,0,0.4114523785262825,0.000011675198624463755,0.1466039857117439,0.004569984940970043,0,0.000001961562914885532,0,0,0,0,0,0,0,0,0,0,0,0,0,0,0,0,0,0,0,0,0,0,0,0,0,0,0.41500271448839837,0.5626399859405358,0.9776427004289341
4.625,5.131325531208202e-8,6.104411317848379e-9,0.0022605807387236256,0.41382557571907996,0,0.4127429942526505,0.000011687877400695511,0.14699489576317223,0.004575167406202127,0,0.0000019636930899739652,0,0,0,0,0,0,0,0,0,0,0,0,0,0,0,0,0,0,0,0,0,0,0,0,0,0,0.41608621387547023,0.5643267089925156,0.9804129228679859
4.63,5.136872910420055e-8,6.076587171435325e-9,0.0022630296558784884,0.41490497421171735,0,0.41403097638139225,0.00001170055613005434,0.1473862554653518,0.004580349603883142,0,0.0000019658232571872268,0,0,0,0,0,0,0,0,0,0,0,0,0,0,0,0,0,0,0,0,0,0,0,0,0,0,0.4171680613129121,0.5660112478300144,0.9831793091429266
4.635,5.1424202896316305e-8,6.048898444688479e-9,0.002265478567581624,0.4159827336195315,0,0.41531634941450624,0.000011713234812692471,0.14777806847381905,0.00458553153492018,0,0.0000019679534165508925,0,0,0,0,0,0,0,0,0,0,0,0,0,0,0,0,0,0,0,0,0,0,0,0,0,0,0.41824826966021444,0.5676936306114747,0.9859419002716892
4.64,5.1479676688429275e-8,6.02134455389226e-9,0.0022679274738506934,0.41705886664964265,0,0.4165991375022672,0.000011725913448761443,0.14817033848098032,0.004590713200216194,0,0.000001970083568090423,0,0,0,0,0,0,0,0,0,0,0,0,0,0,0,0,0,0,0,0,0,0,0,0,0,0,0.41932685162451455,0.5693738851804805,0.988700736804995
4.645,5.1535150480539466e-8,5.9939249152909595e-9,0.0022703763747032803,0.4181333858592794,0,0.4178793644501379,0.00001173859203841215,0.14856306921622692,0.004595894600670014,0,0.00000197221371183117,0,0,0,0,0,0,0,0,0,0,0,0,0,0,0,0,0,0,0,0,0,0,0,0,0,0,0.4204038197630581,0.5710520390727851,0.9914558588358432
4.65,5.1590624272646884e-8,5.966638945160709e-9,0.0022728252701568925,0.4192063036581865,0,0.41915705372550616,0.000011751270581794843,0.14895626444604776,0.004601075737176383,0,0.000001974343847798377,0,0,0,0,0,0,0,0,0,0,0,0,0,0,0,0,0,0,0,0,0,0,0,0,0,0,0.4214791864856066,0.5727281195231598,0.9942073060087664
4.654999999999999,5.164609806475153e-8,5.939486059879515e-9,0.0022752741602289637,0.4202776323109861,0,0.4204322284642555,0.000011763949079059108,0.14934992797414398,0.004606256610625964,0,0.0000019764739760171766,0,0,0,0,0,0,0,0,0,0,0,0,0,0,0,0,0,0,0,0,0,0,0,0,0,0,0.4225529640567992,0.5744021534720806,0.9969551175288798
4.66,5.170157185685346e-8,5.912465675995144e-9,0.0022777230449368517,0.4213473839394897,0,0.42170491147717354,0.000011776627530353905,0.14974410131766136,0.004611437221905382,0,0.0000019786040965125956,0,0,0,0,0,0,0,0,0,0,0,0,0,0,0,0,0,0,0,0,0,0,0,0,0,0,0.42362516459846405,0.5760742052483672,0.9996993698468313
4.665,5.1757045648952634e-8,5.885577210291312e-9,0.0022801719242978398,0.42241557052496176,0,0.4229751252562012,0.000011789305935827541,0.15013875580293953,0.0046166175718972274,0,0.000001980734209309551,0,0,0,0,0,0,0,0,0,0,0,0,0,0,0,0,0,0,0,0,0,0,0,0,0,0,0.42469580009188246,0.5777442686711831,1.0024400687630655
4.67,5.181251944104907e-8,5.858820079851726e-9,0.0022826207983291367,0.42348220391034175,0,0.4242428919805313,0.000011801984295627686,0.1505338836892994,0.004621797661480097,0,0.0000019828643144328525,0,0,0,0,0,0,0,0,0,0,0,0,0,0,0,0,0,0,0,0,0,0,0,0,0,0,0.4257648823800104,0.5794123581799208,1.0051772405599313
4.675,5.1867993233142774e-8,5.8321937021224944e-9,0.002285069667047877,0.4245472958024182,0,0.4255082335225583,0.000011814662609901378,0.15092948509467513,0.004626977491528605,0,0.000001984994411907205,0,0,0,0,0,0,0,0,0,0,0,0,0,0,0,0,0,0,0,0,0,0,0,0,0,0,0.42683242316965303,0.5810784957657839,1.007910918935437
4.68,5.1923467025233774e-8,5.805697494972608e-9,0.002287518530471124,0.42561085777395974,0,0.42677117145368276,0.000011827340878795015,0.15132556013045004,0.004632157062913411,0,0.000001987124501757206,0,0,0,0,0,0,0,0,0,0,0,0,0,0,0,0,0,0,0,0,0,0,0,0,0,0,0.42789843403359534,0.5827427031124267,1.010641137146022
4.685,5.197894081732207e-8,5.77933087675277e-9,0.002289967388615866,0.42667290126580537,0,0.428031727049978,0.000011840019102454392,0.15172210890141682,0.004637336376501242,0,0.000001989254584007348,0,0,0,0,0,0,0,0,0,0,0,0,0,0,0,0,0,0,0,0,0,0,0,0,0,0,0.42896292641269296,0.5844050016015825,1.0133679280142753
4.6899999999999995,5.2034414609407655e-8,5.753093266352449e-9,0.0022924162414990176,0.4277334375889122,0,0.42928992129772003,0.000011852697281024648,0.15211913150573342,0.004642515433154913,0,0.0000019913846586820184,0,0,0,0,0,0,0,0,0,0,0,0,0,0,0,0,0,0,0,0,0,0,0,0,0,0,0.4300259116179191,0.586065412318548,1.016091323936467
4.695,5.2089888401490576e-8,5.726984083255337e-9,0.002294865089137426,0.428792477926363,0,0.43054577489878604,0.000011865375414650334,0.15251662803488228,0.004647694233733353,0,0.0000019935147258055017,0,0,0,0,0,0,0,0,0,0,0,0,0,0,0,0,0,0,0,0,0,0,0,0,0,0,0.4310874008323729,0.5877239560575421,1.018811356889915
4.699999999999999,5.2145362193570796e-8,5.701002747593146e-9,0.0022973139315478606,0.42985003333533295,0,0.4317993082759243,0.000011878053503475342,0.15291459118360226,0.0046528727790916165,0,0.0000019956447854019745,0,0,0,0,0,0,0,0,0,0,0,0,0,0,0,0,0,0,0,0,0,0,0,0,0,0,0.43214740511324573,0.589380645936907,1.0215280510501528
4.705,5.2200835985648356e-8,5.6751486801977906e-9,0.0022997627687470225,0.43090611474902235,0,0.43305054157790324,0.000011890731547642999,0.15331300158906222,0.004658051070080927,0,0.000001997774837495516,0,0,0,0,0,0,0,0,0,0,0,0,0,0,0,0,0,0,0,0,0,0,0,0,0,0,0.43320593539375407,0.5910354827434315,1.0242414181371857
4.71,5.225630977772326e-8,5.649421302652167e-9,0.002302211600751543,0.43196073297854587,0,0.4342994946845333,0.000011903409547295975,0.15371188928438173,0.0046632291075486745,0,0.000001999904882110097,0,0,0,0,0,0,0,0,0,0,0,0,0,0,0,0,0,0,0,0,0,0,0,0,0,0,0.4342630024850285,0.5926885163908931,1.0269515188759217
4.715,5.231178356979549e-8,5.623820037339281e-9,0.0023046604275779783,0.4330138987147891,0,0.43554618721157945,0.000011916087502576361,0.1541112571792756,0.004668406892338448,0,0.0000020020349192695917,0,0,0,0,0,0,0,0,0,0,0,0,0,0,0,0,0,0,0,0,0,0,0,0,0,0,0.4353186170779707,0.5943397694056153,1.029658386483586
4.72,5.236725736186508e-8,5.598344307489968e-9,0.0023071092492428177,0.4340656225302286,0,0.4367906385155537,0.000011928765413625635,0.1545111082092073,0.004673584425290066,0,0.0000020041649489977685,0,0,0,0,0,0,0,0,0,0,0,0,0,0,0,0,0,0,0,0,0,0,0,0,0,0,0.4363727897450731,0.5959892640804137,1.0323620538254867
4.725,5.242273115393203e-8,5.572993537229258e-9,0.0023095580657624803,0.4351159148807159,0,0.4380328676983993,0.000011941443280584675,0.15491144533546325,0.004678761707239581,0,0.0000020062949713182957,0,0,0,0,0,0,0,0,0,0,0,0,0,0,0,0,0,0,0,0,0,0,0,0,0,0,0.43742553094220304,0.597637022479354,1.035062553421557
4.7299999999999995,5.2478204945996353e-8,5.54776715162123e-9,0.002312006877153315,0.4361647861072281,0,0.43927289361206795,0.00001195412110359376,0.15531227154522578,0.004683938739019309,0,0.000002008424986254744,0,0,0,0,0,0,0,0,0,0,0,0,0,0,0,0,0,0,0,0,0,0,0,0,0,0,0.4384768510103535,0.5992830664424029,1.0377599174527563
4.734999999999999,5.2533678738058065e-8,5.522664576712603e-9,0.002314455683431601,0.43721224643758533,0,0.4405107348629912,0.00001196679888279257,0.15571358985164654,0.004689115521457856,0,0.0000020105549938305797,0,0,0,0,0,0,0,0,0,0,0,0,0,0,0,0,0,0,0,0,0,0,0,0,0,0,0.4395267601773602,0.6009274175899723,1.0404541777673324
4.74,5.2589152530117156e-8,5.497685239574944e-9,0.0023169044846135496,0.43825830598813537,0,0.4417464098164507,0.000011979476618320205,0.15611540329392104,0.004694292055380126,0,0.000002012684994069173,0,0,0,0,0,0,0,0,0,0,0,0,0,0,0,0,0,0,0,0,0,0,0,0,0,0,0.4405752685595867,0.6025700973273642,1.043145365886951
4.745,5.264462632217366e-8,5.47282856834565e-9,0.002319353280715303,0.43930297476540536,0,0.4429799366008489,0.000011992154310315165,0.1565177312142021,0.004699468341607355,0,0.0000020148149869937942,0,0,0,0,0,0,0,0,0,0,0,0,0,0,0,0,0,0,0,0,0,0,0,0,0,0,0.4416223861635756,0.6042111431259556,1.045833529289531
4.75,5.270010011422755e-8,5.448093992267593e-9,0.0023218020717529343,0.44034626266772453,0,0.4442113331118849,0.000012004831958915358,0.1569205746012766,0.0047046443809571166,0,0.000002016944972627613,0,0,0,0,0,0,0,0,0,0,0,0,0,0,0,0,0,0,0,0,0,0,0,0,0,0,0.44266812288767154,0.6058505738710501,1.0485186967587217
4.755,5.275557390627885e-8,5.4234809417276275e-9,0.0023242508577424516,0.4413881794868155,0,0.44544061701663595,0.000012017509564258133,0.1573239188470695,0.004709820174243364,0,0.0000020190749509937054,0,0,0,0,0,0,0,0,0,0,0,0,0,0,0,0,0,0,0,0,0,0,0,0,0,0,0.44371248852361284,0.6074883926224641,1.051200881146077
4.76,5.281104769832757e-8,5.398988848293812e-9,0.0023266996386997934,0.44242873490935464,0,0.4466678057575474,0.000012030187126480237,0.15772776455538226,0.004714995722276429,0,0.000002021204922115047,0,0,0,0,0,0,0,0,0,0,0,0,0,0,0,0,0,0,0,0,0,0,0,0,0,0,0.444755492758091,0.6091246174272547,1.0538801101853457
4.765,5.2866521490373726e-8,5.374617144751555e-9,0.0023291484146408317,0.4434679385185055,0,0.44789291655633573,0.00001204286464571786,0.15813211232771765,0.0047201710258630535,0,0.000002023334886014519,0,0,0,0,0,0,0,0,0,0,0,0,0,0,0,0,0,0,0,0,0,0,0,0,0,0,0.445797145174285,0.6107592661094482,1.0565564112837331
4.77,5.292199528241731e-8,5.3503652651385415e-9,0.0023315971855813705,0.44450579979542215,0,0.44911596641780227,0.000012055542122106596,0.1585369627632521,0.004725346085806406,0,0.000002025464842714902,0,0,0,0,0,0,0,0,0,0,0,0,0,0,0,0,0,0,0,0,0,0,0,0,0,0,0.44683745525336405,0.6123923562738257,1.0592298115271896
4.775,5.297746907445834e-8,5.326232644778605e-9,0.0023340459515371497,0.44554232812072686,0,0.4503369721335681,0.000012068219555781491,0.15894231645880783,0.004730520902906103,0,0.0000020275947922388858,0,0,0,0,0,0,0,0,0,0,0,0,0,0,0,0,0,0,0,0,0,0,0,0,0,0,0.4478764323759657,0.61402390530963,1.0619003376855958
4.779999999999999,5.303294286649683e-8,5.302218720314519e-9,0.002336494712523842,0.446577532775957,0,0.45155595028572154,0.00001208089694687701,0.1593481740088235,0.004735695477958234,0,0.0000020297247346090624,0,0,0,0,0,0,0,0,0,0,0,0,0,0,0,0,0,0,0,0,0,0,0,0,0,0,0.44891408582364245,0.6156539303941848,1.0645680162178273
4.785,5.3088416658532765e-8,5.278322929739678e-9,0.002338943468557055,0.4476114229449899,0,0.45277291725039104,0.000012093574295527059,0.15975453600532863,0.0047408698117553634,0,0.000002031854669847929,0,0,0,0,0,0,0,0,0,0,0,0,0,0,0,0,0,0,0,0,0,0,0,0,0,0,0.4499504247802866,0.6172824484964404,1.0672328732767271
4.79,5.314389045056619e-8,5.2545447124288025e-9,0.00234139221965233,0.4486440077154386,0,0.45398788920123795,0.000012106251601864982,0.16016140983246252,0.004746043905086576,0,0.0000020339845979778884,0,0,0,0,0,0,0,0,0,0,0,0,0,0,0,0,0,0,0,0,0,0,0,0,0,0,0.4509854583335261,0.618909483174987,1.069894941508513
4.795,5.3199364242597074e-8,5.230883509167622e-9,0.002343840965825144,0.4496752960800232,0,0.45520088211287424,0.000012118928866023556,0.1605687912179239,0.0047512177587374724,0,0.00000203611451902125,0,0,0,0,0,0,0,0,0,0,0,0,0,0,0,0,0,0,0,0,0,0,0,0,0,0,0.4520191954760961,0.6205350461329207,1.0725542416090168
4.8,5.3254838034625454e-8,5.207338762181617e-9,0.00234628970709091,0.450705296937918,0,0.4564119117642088,0.000012131606088135024,0.16097667763215592,0.004756391373490206,0,0.0000020382444330002303,0,0,0,0,0,0,0,0,0,0,0,0,0,0,0,0,0,0,0,0,0,0,0,0,0,0,0.4530516451071857,0.622159150620376,1.0752107957275616
4.805,5.3310311826651325e-8,5.183909915163704e-9,0.0023487384434649743,0.4517340190960731,0,0.45762099374171905,0.000012144283268331052,0.1613850689277679,0.004761564750123491,0,0.000002040374339936953,0,0,0,0,0,0,0,0,0,0,0,0,0,0,0,0,0,0,0,0,0,0,0,0,0,0,0.4540828160337598,0.6237818120772186,1.0778646281109783
4.81,5.336578561867466e-8,5.160596413301122e-9,0.002351187174962622,0.45276147127051314,0,0.45882814344265577,0.000012156960406742768,0.16179396494668447,0.004766737889412623,0,0.000002042504239853446,0,0,0,0,0,0,0,0,0,0,0,0,0,0,0,0,0,0,0,0,0,0,0,0,0,0,0.4551127169718578,0.6254030457433994,1.0805157627152573
4.8149999999999995,5.342125941069556e-8,5.137397703301277e-9,0.0023536359015990725,0.45378766208761406,0,0.4600333760781797,0.000012169637503500764,0.16220336552008632,0.004771910792129507,0,0.0000020446341327716525,0,0,0,0,0,0,0,0,0,0,0,0,0,0,0,0,0,0,0,0,0,0,0,0,0,0,0.45614135654787025,0.6270228666620318,1.0831642232099021
4.82,5.3476733202713944e-8,5.114313233416853e-9,0.002356084623389485,0.4548126000853535,0,0.4612367066764299,0.000012182314558735065,0.16261327046835367,0.004777083459042664,0,0.0000020467640187134183,0,0,0,0,0,0,0,0,0,0,0,0,0,0,0,0,0,0,0,0,0,0,0,0,0,0,0.45716874329978946,0.6286412896824037,1.0858100329821931
4.824999999999999,5.353220699472985e-8,5.0913424534698985e-9,0.002358533340348951,0.45583629371454265,0,0.46243815008553035,0.000012194991572575166,0.16302367960100703,0.004782255890917254,0,0.0000020488938977004977,0,0,0,0,0,0,0,0,0,0,0,0,0,0,0,0,0,0,0,0,0,0,0,0,0,0,0.4581948856784411,0.6302583294629249,1.088453215141366
4.83,5.3587680786743287e-8,5.068484814875179e-9,0.0023609820524925036,0.4568587513400353,0,0.4636377209765332,0.000012207668545150033,0.1634345927166518,0.004787428088515102,0,0.0000020510237697545607,0,0,0,0,0,0,0,0,0,0,0,0,0,0,0,0,0,0,0,0,0,0,0,0,0,0,0.4592197920486934,0.6318740004740151,1.0910937925227084
4.835,5.364315457875427e-8,5.045739770662696e-9,0.0023634307598351108,0.45787998124191437,0,0.4648354338462992,0.000012220345476588075,0.16384602403316437,0.004792600052594703,0,0.000002053153634897181,0,0,0,0,0,0,0,0,0,0,0,0,0,0,0,0,0,0,0,0,0,0,0,0,0,0,0.4602434706906438,0.6334883314311698,1.0937318021218136
4.84,5.369862837076281e-8,5.023106775499316e-9,0.0023658794623916805,0.4588999916166588,0,0.4660313030203212,0.00001223302236701719,0.16425795985729852,0.004797771783911253,0,0.0000020552834931498463,0,0,0,0,0,0,0,0,0,0,0,0,0,0,0,0,0,0,0,0,0,0,0,0,0,0,0.4612659298007856,0.6351013229673912,1.096367252768177
4.845,5.375410216276889e-8,5.0005852857097664e-9,0.0023683281601770572,0.4599187905782905,0,0.4672253426554867,0.000012245699216564733,0.1646703967457453,0.004802943283216654,0,0.0000020574133445339536,0,0,0,0,0,0,0,0,0,0,0,0,0,0,0,0,0,0,0,0,0,0,0,0,0,0,0.462287177493155,0.6367129857970097,1.0990001632901647
4.85,5.380957595477252e-8,4.978174759296726e-9,0.0023707768532060256,0.4609363861594997,0,0.4684175667427867,0.000012258376025357543,0.16508333317197904,0.0048081145512595454,0,0.0000020595431890708134,0,0,0,0,0,0,0,0,0,0,0,0,0,0,0,0,0,0,0,0,0,0,0,0,0,0,0.46330722180045647,0.6383233323852398,1.101630554185696
4.8549999999999995,5.3865049746773726e-8,4.955874655960252e-9,0.002373225541493308,0.4619527863127527,0,0.46960798910996665,0.000012271052793521914,0.1654967675841739,0.004813285588785316,0,0.0000020616730267816453,0,0,0,0,0,0,0,0,0,0,0,0,0,0,0,0,0,0,0,0,0,0,0,0,0,0,0.46432607067517045,0.6399323750087461,1.1042584456839166
4.859999999999999,5.3920523538772505e-8,4.933684437116465e-9,0.0023756742250535686,0.4629679989113785,0,0.4707966234241254,0.000012283729521183643,0.16591069840509812,0.00481845639653612,0,0.000002063802857687584,0,0,0,0,0,0,0,0,0,0,0,0,0,0,0,0,0,0,0,0,0,0,0,0,0,0,0.46534373199064005,0.6415401257581386,1.1068838577487785
4.865,5.3975997330768896e-8,4.911603565915505e-9,0.002378122903901407,0.46398203175063907,0,0.4719834831942603,0.000012296406208467993,0.166325124032005,0.004823626975250897,0,0.000002065932681809674,0,0,0,0,0,0,0,0,0,0,0,0,0,0,0,0,0,0,0,0,0,0,0,0,0,0,0.46636021354214136,0.6431465965404064,1.1095068100825478
4.87,5.4031471122762845e-8,4.889631507258842e-9,0.002380571578051365,0.46499489254877824,0,0.47316858177376137,0.000012309082855499703,0.16674004283652713,0.004828797325665385,0,0.0000020680624991688744,0,0,0,0,0,0,0,0,0,0,0,0,0,0,0,0,0,0,0,0,0,0,0,0,0,0,0.46737552304793223,0.6447517990813085,1.1121273221292407
4.875,5.408694491475442e-8,4.86776772781586e-9,0.0023830202475179263,0.46600658894805636,0,0.4743519323628567,0.000012321759462403028,0.16715545316456906,0.004833967448512148,0,0.000002070192309786061,0,0,0,0,0,0,0,0,0,0,0,0,0,0,0,0,0,0,0,0,0,0,0,0,0,0,0.46838966815028693,0.6463557449277101,1.114745413077997
4.88,5.414241870674357e-8,4.846011696039808e-9,0.0023854689123155117,0.4670171285157643,0,0.47553354801100767,0.000012334436029301673,0.16757130971242212,0.004839137344520583,0,0.000002072322113682018,0,0,0,0,0,0,0,0,0,0,0,0,0,0,0,0,0,0,0,0,0,0,0,0,0,0,0.46940265641651024,0.6479584018260933,1.1173610582426035
4.885,5.419789249873036e-8,4.824362882183127e-9,0.0023879175724584854,0.4680265187452218,0,0.4767134416192562,0.000012347112556318867,0.16798765472354515,0.004844307014416947,0,0.0000020744519108774474,0,0,0,0,0,0,0,0,0,0,0,0,0,0,0,0,0,0,0,0,0,0,0,0,0,0,0.4704144953399356,0.6495598249216855,1.1199743202616212
4.89,5.425336629071474e-8,4.802820758312116e-9,0.0023903662279611505,0.4690347670567575,0,0.4778916259425269,0.000012359789043577319,0.1684044925901791,0.004849476458924356,0,0.000002076581701392968,0,0,0,0,0,0,0,0,0,0,0,0,0,0,0,0,0,0,0,0,0,0,0,0,0,0,0.4714251923409057,0.6511600313623753,1.122585223703281
4.895,5.430884008269678e-8,4.7813847983210394e-9,0.0023928148788377544,0.4700418807986759,0,0.47906811359188356,0.000012372465491199234,0.16882182511025812,0.004854645678762832,0,0.00000207871148524911,0,0,0,0,0,0,0,0,0,0,0,0,0,0,0,0,0,0,0,0,0,0,0,0,0,0,0.47243475476773855,0.652759035557881,1.1251937903256195
4.9,5.4364313874676443e-8,4.7600544779455774e-9,0.002395263525102485,0.4710478672482031,0,0.48024291703674005,0.00001238514189930632,0.1692396540940788,0.004859814674649288,0,0.0000020808412624663226,0,0,0,0,0,0,0,0,0,0,0,0,0,0,0,0,0,0,0,0,0,0,0,0,0,0,0.4734431898976739,0.6543568517886299,1.1278000416863039
4.904999999999999,5.441978766665374e-8,4.7388292747757414e-9,0.002397712166769469,0.47205273361242045,0,0.48141604860702936,0.000012397818268019787,0.16965798136432236,0.004864983447297565,0,0.00000208297103306497,0,0,0,0,0,0,0,0,0,0,0,0,0,0,0,0,0,0,0,0,0,0,0,0,0,0,0.4744505049378069,0.6559534942079505,1.1304039991457573
4.91,5.44752614586287e-8,4.717708668268205e-9,0.0024001608038527805,0.4730564870291824,0,0.4825875204953315,0.00001241049459746034,0.17007680875608,0.004870151997418443,0,0.000002085100797065332,0,0,0,0,0,0,0,0,0,0,0,0,0,0,0,0,0,0,0,0,0,0,0,0,0,0,0.47545670702600534,0.6575489768442244,1.1330056838702298
4.915,5.4530735250601314e-8,4.696692139758108e-9,0.0024026094363664343,0.4740591345680175,0,0.48375734475895654,0.000012423170887748208,0.17049613811687755,0.004875320325719657,0,0.0000020872305544876087,0,0,0,0,0,0,0,0,0,0,0,0,0,0,0,0,0,0,0,0,0,0,0,0,0,0,0.47646180323181136,0.659143313602996,1.1356051168348074
4.92,5.458620904257158e-8,4.675779172470273e-9,0.002405058064324385,0.47506068323101447,0,0.4849255333219907,0.000012435847139003108,0.17091597130669756,0.004880488432905909,0,0.000002089360305351914,0,0,0,0,0,0,0,0,0,0,0,0,0,0,0,0,0,0,0,0,0,0,0,0,0,0,0.47746580055732707,0.6607365182690385,1.1382023188263655
4.925,5.464168283453952e-8,4.654969251529962e-9,0.002407506687740536,0.4760611399536966,0,0.48609209797730285,0.000012448523351344292,0.17133638674031787,0.004885656319678898,0,0.0000020914900496782824,0,0,0,0,0,0,0,0,0,0,0,0,0,0,0,0,0,0,0,0,0,0,0,0,0,0,0.4784687059380892,0.6623286810507006,1.14079738698879
4.93,5.4697156626505153e-8,4.6342618639730594e-9,0.0024099553066287307,0.4770605116058781,0,0.487257050388511,0.000012461199524890516,0.17175731141930303,0.00489082398673732,0,0.000002093619787486668,0,0,0,0,0,0,0,0,0,0,0,0,0,0,0,0,0,0,0,0,0,0,0,0,0,0,0.47947052624392533,0.6639197406138637,1.143390266857789
4.935,5.4752630418468463e-8,4.613656498755817e-9,0.0024124039210027567,0.4780588049925086,0,0.48842040209191273,0.000012473875659760044,0.17217873433012795,0.004895991434776897,0,0.000002095749518796938,0,0,0,0,0,0,0,0,0,0,0,0,0,0,0,0,0,0,0,0,0,0,0,0,0,0,0.4804712682797983,0.6655096974819962,1.1459809657617945
4.9399999999999995,5.4808104210429464e-8,4.5931526467640356e-9,0.0024148525308763454,0.4790560268545034,0,0.48958216449837816,0.000012486551756070673,0.17260065110438436,0.004901158664490382,0,0.000002097879243628887,0,0,0,0,0,0,0,0,0,0,0,0,0,0,0,0,0,0,0,0,0,0,0,0,0,0,0.4814709387866366,0.6670985586982526,1.1485694974848892
4.945,5.486357800238817e-8,4.572749800821868e-9,0.0024173011362631737,0.4800521838695608,0,0.49074234889520807,0.00001249922781393972,0.17302305731884826,0.004906325676567586,0,0.0000021000089620022225,0,0,0,0,0,0,0,0,0,0,0,0,0,0,0,0,0,0,0,0,0,0,0,0,0,0,0.48246954444215173,0.6686863311273998,1.1511558755695517
4.949999999999999,5.491905179434457e-8,4.552447455700081e-9,0.0024197497371768605,0.4810472826529634,0,0.4919009664479549,0.000012511903833484013,0.17344594849527517,0.0049114924716953815,0,0.0000021021386739365742,0,0,0,0,0,0,0,0,0,0,0,0,0,0,0,0,0,0,0,0,0,0,0,0,0,0,0.4834670918616395,0.6702730214574328,1.1537401133190723
4.955,5.49745255862987e-8,4.532245108123882e-9,0.002422198333630975,0.48204132975837277,0,0.49305802820221484,0.000012524579814819928,0.1738693201001994,0.004916659050557731,0,0.0000021042683794514945,0,0,0,0,0,0,0,0,0,0,0,0,0,0,0,0,0,0,0,0,0,0,0,0,0,0,0.48446358759877445,0.6718586362011663,1.1563222237999407
4.96,5.502999937825055e-8,4.512142256780372e-9,0.0024246469256390246,0.4830343316786028,0,0.4942135450853784,0.000012537255758063349,0.17429316754473057,0.0049218254138356935,0,0.0000021063980785664536,0,0,0,0,0,0,0,0,0,0,0,0,0,0,0,0,0,0,0,0,0,0,0,0,0,0,0.4854590381463835,0.6734431816977813,1.1589022198441647
4.965,5.508547317020011e-8,4.492138402325451e-9,0.0024270955132144672,0.4840262948463882,0,0.4953675279083563,0.000012549931663329702,0.17471748618435276,0.004926991562207445,0,0.0000021085277713008435,0,0,0,0,0,0,0,0,0,0,0,0,0,0,0,0,0,0,0,0,0,0,0,0,0,0,0.48645344993721423,0.6750266641143511,1.1614801140515654
4.97,5.51409469621474e-8,4.472233047390433e-9,0.002429544096370705,0.4850172256351369,0,0.4965199873672686,0.000012562607530733951,0.17514218816770238,0.00493215749634829,0,0.00000211065745767398,0,0,0,0,0,0,0,0,0,0,0,0,0,0,0,0,0,0,0,0,0,0,0,0,0,0,0.4874468293446876,0.6766090062963076,1.1640558356409951
4.975,5.519642075409243e-8,4.45242569658814e-9,0.0024319926751210853,0.48600713035967064,0,0.49767093404510415,0.00001257528336039059,0.1755673383285254,0.0049373232169306796,0,0.0000021127871377050988,0,0,0,0,0,0,0,0,0,0,0,0,0,0,0,0,0,0,0,0,0,0,0,0,0,0,0.4884391826836382,0.6781902836610584,1.1666294663446966
4.9799999999999995,5.5251894546035247e-8,4.43271585651868e-9,0.002434441249478904,0.48699601527695563,0,0.49882037841335,0.00001258795915241365,0.17599295812200916,0.004942488724624227,0,0.0000021149168114133592,0,0,0,0,0,0,0,0,0,0,0,0,0,0,0,0,0,0,0,0,0,0,0,0,0,0,0.48943051621104494,0.6797705281359472,1.169201044346992
4.984999999999999,5.530736833797578e-8,4.413103035774821e-9,0.0024368898194573997,0.48798388658681935,0,0.49996833083359044,0.0000126006349069167,0.17641905020423476,0.004947654020095718,0,0.000002117046478817842,0,0,0,0,0,0,0,0,0,0,0,0,0,0,0,0,0,0,0,0,0,0,0,0,0,0,0.49042083612674814,0.6813497527393066,1.1717705888660548
4.99,5.536284212991408e-8,4.393586744946956e-9,0.0024393383850697618,0.48897075043265853,0,0.501114801559077,0.000012613310624012868,0.1768456172544854,0.0049528191040091344,0,0.0000021191761399375523,0,0,0,0,0,0,0,0,0,0,0,0,0,0,0,0,0,0,0,0,0,0,0,0,0,0,0.49141014857415716,0.6829279704043354,1.1743381189784925
4.995,5.5418315921850155e-8,4.374166496627718e-9,0.002441786946329124,0.48995661290213305,0,0.5022598007362692,0.00001262598630381481,0.17727266197530503,0.0049579839770256574,0,0.00000212130579479142,0,0,0,0,0,0,0,0,0,0,0,0,0,0,0,0,0,0,0,0,0,0,0,0,0,0,0.4923984596409446,0.6845051939806984,1.176903653621643
5,5.547378971378401e-8,4.354841805416263e-9,0.0024442355032485695,0.4909414800278526,0,0.5034033384063502,0.00001263866194643474,0.17770018709255744,0.004963148639803698,0,0.0000021234354433982967,0,0,0,0,0,0,0,0,0,0,0,0,0,0,0,0,0,0,0,0,0,0,0,0,0,0,0.49338577535973266,0.6860814362361012,1.1794672115958338
5.005,5.552926350571563e-8,4.335612187922159e-9,0.0024466840558411275,0.49192535778804913,0,0.504545424506711,0.000012651337551984412,0.17812819535548713,0.004968313092998895,0,0.0000021255650857769582,0,0,0,0,0,0,0,0,0,0,0,0,0,0,0,0,0,0,0,0,0,0,0,0,0,0,0.49437210170876594,0.6876567098578348,1.1820288115666007
5.01,5.558473729764503e-8,4.316477162768967e-9,0.0024491326041197756,0.49290825210724176,0,0.5056860688724117,0.000012664013120575147,0.17855668953677756,0.004973477337264141,0,0.000002127694721946109,0,0,0,0,0,0,0,0,0,0,0,0,0,0,0,0,0,0,0,0,0,0,0,0,0,0,0.49535744461257597,0.689231027454296,1.184588472066872
5.015,5.5640211089572263e-8,4.2974362505974755e-9,0.0024515811480974392,0.4938901688568891,0,0.506825281237615,0.000012676688652317807,0.1789857000614362,0.004978641373249592,0,0.0000021298243519243737,0,0,0,0,0,0,0,0,0,0,0,0,0,0,0,0,0,0,0,0,0,0,0,0,0,0,0.4963418099426339,0.690804429185305,1.187146239127939
5.02,5.569568488149725e-8,4.2784889740686205e-9,0.0024540296877869927,0.49487111385603294,0,0.5079630712369935,0.000012689364147322813,0.1794152169822882,0.004983805201602682,0,0.000002131953975730305,0,0,0,0,0,0,0,0,0,0,0,0,0,0,0,0,0,0,0,0,0,0,0,0,0,0,0.4973252035179938,0.6923769147390074,1.1897021182570011
5.025,5.575115867342009e-8,4.259634857866083e-9,0.002456478223201259,0.4958510928719321,0,0.5090994484071144,0.000012702039605700155,0.17984522349784368,0.004988968822968144,0,0.000002134083593382383,0,0,0,0,0,0,0,0,0,0,0,0,0,0,0,0,0,0,0,0,0,0,0,0,0,0,0.4983076311059269,0.6939484768511254,1.1922561079570522
5.029999999999999,5.58066324653407e-8,4.240873428698595e-9,0.002458926754353009,0.4968301116206846,0,0.5102344221877962,0.00001271471502755937,0.18027571929203695,0.004994132237988011,0,0.00000213621320489901,0,0,0,0,0,0,0,0,0,0,0,0,0,0,0,0,0,0,0,0,0,0,0,0,0,0,0.4992890984225435,0.6955191246460537,1.1948082230685972
5.035,5.586210625725917e-8,4.222204215301904e-9,0.0024613752812549647,0.49780817576784453,0,0.5113680019234471,0.000012727390413009569,0.18070670403914077,0.004999295447301645,0,0.000002138342810298518,0,0,0,0,0,0,0,0,0,0,0,0,0,0,0,0,0,0,0,0,0,0,0,0,0,0,0.5002696111334101,0.6970888671431129,1.197358478276523
5.04,5.591758004917545e-8,4.2036267484405165e-9,0.0024638238039197953,0.498785290929023,0,0.5125001968643718,0.000012740065762159422,0.1811381774037164,0.005004458451545738,0,0.0000021404724095991655,0,0,0,0,0,0,0,0,0,0,0,0,0,0,0,0,0,0,0,0,0,0,0,0,0,0,0.5012491748541495,0.6986577132578057,1.1999068881119552
5.045,5.5973053841089543e-8,4.185140560909088e-9,0.002466272322360121,0.4997614626704878,0,0.5136310161680648,0.000012752741075117172,0.18157013904056524,0.005009621251354338,0,0.0000021426020028191383,0,0,0,0,0,0,0,0,0,0,0,0,0,0,0,0,0,0,0,0,0,0,0,0,0,0,0.5022277951510423,0.7002256718030623,1.2024534669541045
5.05,5.6028527633001515e-8,4.166745187533601e-9,0.002468720836588512,0.5007366965097474,0,0.5147604689004737,0.00001276541635199063,0.18200258859467816,0.005014783847358852,0,0.000002144731589976549,0,0,0,0,0,0,0,0,0,0,0,0,0,0,0,0,0,0,0,0,0,0,0,0,0,0,0.5032054775416087,0.7017927514904526,1.2049982290320613
5.055,5.608400142491131e-8,4.148440165172189e-9,0.0024711693466174887,0.5017109979161295,0,0.5158885640372439,0.000012778091592887172,0.1824355257011866,0.0050199462401880664,0,0.0000021468611710894386,0,0,0,0,0,0,0,0,0,0,0,0,0,0,0,0,0,0,0,0,0,0,0,0,0,0,0.5041822274951886,0.7033589609313826,1.2075411884265712
5.06,5.6139475216818954e-8,4.130225032715808e-9,0.0024736178524595196,0.5026843723113503,0,0.5170153104649426,0.000012790766797913754,0.18286897209108047,0.005025108430468158,0,0.000002148990746175778,0,0,0,0,0,0,0,0,0,0,0,0,0,0,0,0,0,0,0,0,0,0,0,0,0,0,0.50515805043351,0.7049243307440354,1.2100823811775454
5.0649999999999995,5.6194949008724474e-8,4.112099331088561e-9,0.002476066354127028,0.5036568250700754,0,0.5181407169822596,0.00001280344196717692,0.18330294495854763,0.0050302704188227125,0,0.0000021511203152534654,0,0,0,0,0,0,0,0,0,0,0,0,0,0,0,0,0,0,0,0,0,0,0,0,0,0,0.5061329517312507,0.7064888869219124,1.212621838653163
5.07,5.625042280062784e-8,4.0940626032478074e-9,0.002478514851632384,0.5046283615204705,0,0.5192647923011886,0.000012816117100782764,0.18373739874147943,0.0050354322058727315,0,0.0000021532498783403284,0,0,0,0,0,0,0,0,0,0,0,0,0,0,0,0,0,0,0,0,0,0,0,0,0,0,0.5071069367165884,0.7080525926155199,1.2151595293321082
5.074999999999999,5.6305896592529095e-8,4.0761143941840704e-9,0.002480963344987911,0.5055989869447476,0,0.5203875450481886,0.000012828792198836986,0.18417232858621277,0.005040593792236646,0,0.0000021553794354541238,0,0,0,0,0,0,0,0,0,0,0,0,0,0,0,0,0,0,0,0,0,0,0,0,0,0,0.5080800106717465,0.7096154515982723,1.2176954622700187
5.08,5.6361370384428216e-8,4.058254250920602e-9,0.002483411834205884,0.5065687065796995,0,0.5215089837653253,0.00001284146726144486,0.18460772958276495,0.005045755178530337,0,0.000002157508986612539,0,0,0,0,0,0,0,0,0,0,0,0,0,0,0,0,0,0,0,0,0,0,0,0,0,0,0.50905217883353,0.7111774675028686,1.2202296463363986
5.085,5.6416844176325225e-8,4.040481722512861e-9,0.0024858603192985298,0.5075375256172281,0,0.5226291169113919,0.000012854142288711244,0.1850435967646361,0.0050509163653671444,0,0.0000021596385318331917,0,0,0,0,0,0,0,0,0,0,0,0,0,0,0,0,0,0,0,0,0,0,0,0,0,0,0.5100234463938526,0.7127386438222156,1.2227620902160683
5.09,5.647231796822013e-8,4.022796360047655e-9,0.0024883088002780242,0.508505449204865,0,0.523747952863014,0.000012866817280740575,0.18547992510861475,0.005056077353357873,0,0.000002161768071133629,0,0,0,0,0,0,0,0,0,0,0,0,0,0,0,0,0,0,0,0,0,0,0,0,0,0,0.5109938185002574,0.7142989839103385,1.2252928024105958
5.095,5.6527791760112926e-8,4.005197716642102e-9,0.0024907572771564993,0.5094724824462834,0,0.5248654999157327,0.000012879492237636883,0.1859167095345819,0.0050612381431108236,0,0.0000021638976045313285,0,0,0,0,0,0,0,0,0,0,0,0,0,0,0,0,0,0,0,0,0,0,0,0,0,0,0.5119633002564294,0.7158584909832676,1.227821791239697
5.1,5.6583265552003636e-8,3.987685347442402e-9,0.0024932057499460363,0.5104386304018045,0,0.5259817662850715,0.000012892167159503808,0.18635394490531745,0.0050663987352317875,0,0.000002166027132043703,0,0,0,0,0,0,0,0,0,0,0,0,0,0,0,0,0,0,0,0,0,0,0,0,0,0,0.5129318967227015,0.7174171681199123,1.2303490648426139
5.105,5.6638739343892254e-8,3.970258809622369e-9,0.0024956542186586705,0.5114038980888939,0,0.527096760107585,0.000012904842046444557,0.1867916260263072,0.005071559130324067,0,0.0000021681566536880923,0,0,0,0,0,0,0,0,0,0,0,0,0,0,0,0,0,0,0,0,0,0,0,0,0,0,0.5138996129165507,0.7189750182629163,1.2328746311794672
5.109999999999999,5.6694213135778756e-8,3.952917662381815e-9,0.002498102683306388,0.5123682904826519,0,0.5282104894418885,0.000012917516898561929,0.18722964073728424,0.005076719328988491,0,0.0000021702861694817677,0,0,0,0,0,0,0,0,0,0,0,0,0,0,0,0,0,0,0,0,0,0,0,0,0,0,0.514866453813089,0.7205319373112293,1.2353983911243183
5.115,5.674968692766319e-8,3.935661466944639e-9,0.002500551143901132,0.5133318125162994,0,0.5293229622696748,0.000012930191715958348,0.1876680961177935,0.005081879331823431,0,0.000002172415679441938,0,0,0,0,0,0,0,0,0,0,0,0,0,0,0,0,0,0,0,0,0,0,0,0,0,0,0.515832424345549,0.7220880403266872,1.2379204646722362
5.119999999999999,5.6805160719545565e-8,3.918489786556868e-9,0.002502999600454795,0.5142944690816508,0,0.5304341864967085,0.00001294286649873581,0.18810699538255882,0.005087039139424793,0,0.0000021745451835857396,0,0,0,0,0,0,0,0,0,0,0,0,0,0,0,0,0,0,0,0,0,0,0,0,0,0,0.5167975294057561,0.7236433384303744,1.2404408678361305
5.125,5.68606345114259e-8,3.901402186484379e-9,0.0025054480529792264,0.5152562650295864,0,0.5315441699538095,0.000012955541246995931,0.18854634067723358,0.00509219875238606,0,0.0000021766746819302444,0,0,0,0,0,0,0,0,0,0,0,0,0,0,0,0,0,0,0,0,0,0,0,0,0,0,0.5177617738446024,0.7251978415993581,1.2429596154439606
5.13,5.691610830330415e-8,3.8843982340105316e-9,0.002507896501486224,0.5162172051705134,0,0.5326529203978151,0.00001296821596083991,0.1889861341665059,0.005097358171298283,0,0.0000021788041744924555,0,0,0,0,0,0,0,0,0,0,0,0,0,0,0,0,0,0,0,0,0,0,0,0,0,0,0.5187251624725061,0.7267515597557547,1.2454767222282608
5.135,5.697158209518032e-8,3.8674774984335995e-9,0.0025103449459875455,0.5171772942748226,0,0.5337604455125307,0.000012980890640368557,0.18942637803414125,0.005102517396750095,0,0.0000021809336612893106,0,0,0,0,0,0,0,0,0,0,0,0,0,0,0,0,0,0,0,0,0,0,0,0,0,0,0.5196877000598698,0.7283045027677236,1.2479922028275934
5.14,5.702705588705446e-8,3.850639551064012e-9,0.0025127933864948996,0.5181365370733386,0,0.5348667529096632,0.000012993565285682303,0.18986707448302492,0.005107676429327743,0,0.0000021830631423376826,0,0,0,0,0,0,0,0,0,0,0,0,0,0,0,0,0,0,0,0,0,0,0,0,0,0,0.520649391337529,0.7298566804504439,1.250506071787973
5.145,5.7082529678926554e-8,3.833883965221461e-9,0.0025152418230199496,0.5190949382577623,0,0.5359718501297395,0.00001300623989688117,0.1903082257352066,0.005112835269615075,0,0.000002185192617654376,0,0,0,0,0,0,0,0,0,0,0,0,0,0,0,0,0,0,0,0,0,0,0,0,0,0,0.521610240997196,0.7314081025670758,1.2530183435642717
5.15,5.7138003470796645e-8,3.817210316231841e-9,0.0025176902555743156,0.5200525024811089,0,0.5370757446430094,0.0000130189144740648,0.19074983403194223,0.005117993918193564,0,0.000002187322087256132,0,0,0,0,0,0,0,0,0,0,0,0,0,0,0,0,0,0,0,0,0,0,0,0,0,0,0.522570253691897,0.7329587788297065,1.2555290325216035
5.154999999999999,5.7193477262664644e-8,3.8006181814240285e-9,0.0025201386841695672,0.5210092343581356,0,0.5381784438503339,0.00001303158901733243,0.19119194080921273,0.005123152375642321,0,0.0000021894515511596243,0,0,0,0,0,0,0,0,0,0,0,0,0,0,0,0,0,0,0,0,0,0,0,0,0,0,0.5235294340364006,0.7345087580757574,1.2580381921121582
5.16,5.724895105453068e-8,3.784107140126502e-9,0.0025225871088172354,0.5219651384657719,0,0.5392799550840628,0.000013044263526782938,0.19163454007537234,0.005128310642538109,0,0.0000021915810093814646,0,0,0,0,0,0,0,0,0,0,0,0,0,0,0,0,0,0,0,0,0,0,0,0,0,0,0.5244877866076473,0.7360580416465095,1.2605458282541568
5.165,5.730442484639465e-8,3.7676767736638595e-9,0.0025250355295288033,0.5229202193435324,0,0.5403802856088924,0.000013056938002514801,0.1920775962400867,0.005133468719455347,0,0.0000021937104619381983,0,0,0,0,0,0,0,0,0,0,0,0,0,0,0,0,0,0,0,0,0,0,0,0,0,0,0.5254453159451627,0.7376066012168989,1.2630519171620618
5.17,5.735989863825664e-8,3.751326665353109e-9,0.002527483946315709,0.523874481493934,0,0.5414794426227139,0.000013069612444626117,0.192521106701404,0.005138626606966129,0,0.0000021958399088463068,0,0,0,0,0,0,0,0,0,0,0,0,0,0,0,0,0,0,0,0,0,0,0,0,0,0,0.526402026551475,0.7391544413834374,1.2655564679349125
5.175,5.741537243011661e-8,3.73505640049993e-9,0.002529932359189347,0.5248279293828998,0,0.5425774332574467,0.000013082286853214596,0.1929650688270348,0.005143784305640229,0,0.0000021979693501222077,0,0,0,0,0,0,0,0,0,0,0,0,0,0,0,0,0,0,0,0,0,0,0,0,0,0,0.5273579228925179,0.7407015666463249,1.2680594895388428
5.18,5.747084622197457e-8,3.7188655663947018e-9,0.0025323807681610676,0.5257805674401634,0,0.5436742645798591,0.000013094961228377583,0.19340947995424276,0.005148941816045122,0,0.000002200098785782254,0,0,0,0,0,0,0,0,0,0,0,0,0,0,0,0,0,0,0,0,0,0,0,0,0,0,0.5283130093980363,0.7422479814101611,1.2705609908081974
5.1850000000000005,5.752632001383054e-8,3.702753752308471e-9,0.00253482917324218,0.526732400059663,0,0.5447699435923757,0.000013107635570212043,0.19385433738973928,0.005154099138745991,0,0.0000022022282158427383,0,0,0,0,0,0,0,0,0,0,0,0,0,0,0,0,0,0,0,0,0,0,0,0,0,0,0.5292672904619791,0.7437936899846471,1.2730609804466262
5.1899999999999995,5.758179380568452e-8,3.686720549488764e-9,0.0025372775744439443,0.5276834315999314,0,0.5458644772338705,0.000013120309878814555,0.1942996384095734,0.005159256274305735,0,0.000002204357640319887,0,0,0,0,0,0,0,0,0,0,0,0,0,0,0,0,0,0,0,0,0,0,0,0,0,0,0.5302207704428897,0.7453386965852687,1.2755594670281585
5.195,5.7637267597536525e-8,3.6707655511552545e-9,0.002539725971777581,0.5286336663844827,0,0.5469578723804523,0.000013132984154281341,0.1947453802590256,0.00516441322328499,0,0.000002206487059229866,0,0,0,0,0,0,0,0,0,0,0,0,0,0,0,0,0,0,0,0,0,0,0,0,0,0,0.5311734536642934,0.7468830053339764,1.27805645899827
5.199999999999999,5.7692741389386544e-8,3.6548883524953986e-9,0.002542174365254267,0.5295831087021896,0,0.5480501358462315,0.000013145658396708232,0.1951915598096839,0.005169569986242124,0,0.000002208616472588776,0,0,0,0,0,0,0,0,0,0,0,0,0,0,0,0,0,0,0,0,0,0,0,0,0,0,0.5321253444150736,0.7484266199170267,1.2805519643321004
5.205,5.774821518123459e-8,3.6390885506598056e-9,0.002544622754885135,0.5305317628076613,0,0.5491412743840808,0.00001315833260619072,0.1956381324073527,0.005174726563733275,0,0.00000221074588041266,0,0,0,0,0,0,0,0,0,0,0,0,0,0,0,0,0,0,0,0,0,0,0,0,0,0,0.5330764469498501,0.7499695024336533,1.2830459493835034
5.21,5.780368897308067e-8,3.6233657447576754e-9,0.002547071140681276,0.5314796329216087,0,0.5502312946863793,0.00001317100678282389,0.19608513992676704,0.00517988295631233,0,0.0000022128752827174944,0,0,0,0,0,0,0,0,0,0,0,0,0,0,0,0,0,0,0,0,0,0,0,0,0,0,0.5340267654893447,0.7515117014515242,1.285538466940869
5.215,5.7859162764924784e-8,3.6077195358519817e-9,0.0025495195226537372,0.5324267232312121,0,0.5513202033857488,0.000013183680926702494,0.19653258233356055,0.005185039164530962,0,0.0000022150046795191987,0,0,0,0,0,0,0,0,0,0,0,0,0,0,0,0,0,0,0,0,0,0,0,0,0,0,0.534976304220748,0.7530532235694466,1.2880295277901945
5.22,5.7914636556766955e-8,3.592149526954639e-9,0.0025519679008135236,0.5333730378904781,0,0.5524080070557769,0.0000131963550379209,0.19698045959057425,0.005190195188938635,0,0.0000022171340708336274,0,0,0,0,0,0,0,0,0,0,0,0,0,0,0,0,0,0,0,0,0,0,0,0,0,0,0.5359250672980778,0.7545940753243985,1.2905191426224762
5.225,5.797011034860716e-8,3.5766553230215177e-9,0.0025544162751715994,0.5343185810205959,0,0.553494712211729,0.000013209029116573126,0.1974287716578326,0.005195351030082603,0,0.000002219263456676576,0,0,0,0,0,0,0,0,0,0,0,0,0,0,0,0,0,0,0,0,0,0,0,0,0,0,0.5368730588425332,0.7561342631922174,1.2930073220347507
5.23,5.802558414044545e-8,3.5612365309473853e-9,0.0025568646457388867,0.5352633567102867,0,0.5545803253112499,0.00001322170316275283,0.19787751849252042,0.005200506688507938,0,0.000002221392837063781,0,0,0,0,0,0,0,0,0,0,0,0,0,0,0,0,0,0,0,0,0,0,0,0,0,0,0.5378202829428462,0.7576737935882781,1.2954940765311243
5.234999999999999,5.8081057932281755e-8,3.5458927595607695e-9,0.002559313012526261,0.5362073690161463,0,0.555664852755054,0.000013234377176553285,0.19832670004896025,0.005205662164757526,0,0.0000022235222120109124,0,0,0,0,0,0,0,0,0,0,0,0,0,0,0,0,0,0,0,0,0,0,0,0,0,0,0.5387667436556232,0.7592126728681603,1.2979794165237835
5.24,5.8136531724116164e-8,3.530623619618659e-9,0.0025617613755445647,0.5371506219629895,0,0.5567483008876076,0.000013247051158067446,0.19877631627858802,0.0052108174593720955,0,0.0000022256515815335886,0,0,0,0,0,0,0,0,0,0,0,0,0,0,0,0,0,0,0,0,0,0,0,0,0,0,0.5397124450056894,0.7607509073283073,1.3004633523339968
5.244999999999999,5.8192005515948614e-8,3.515428723801229e-9,0.0025642097348045913,0.5380931195441816,0,0.5578306759977951,0.000013259725107387883,0.19922636712993141,0.0052159725728902085,0,0.0000022277809456473618,0,0,0,0,0,0,0,0,0,0,0,0,0,0,0,0,0,0,0,0,0,0,0,0,0,0,0.5406573909864205,0.7622885032066697,1.3029458941930903
5.25,5.824747930777917e-8,3.50030768670635e-9,0.002566658090317097,0.5390348657219733,0,0.5589119843195833,0.000013272399024606826,0.1996768701679401,0.005221127505848289,0,0.000002229910304367728,0,0,0,0,0,0,0,0,0,0,0,0,0,0,0,0,0,0,0,0,0,0,0,0,0,0,0.5416015855600774,0.7638254843027007,1.3054270698627781
5.255,5.83029530996078e-8,3.485260124844135e-9,0.0025691064420927967,0.5399758644278252,0,0.5599922320326673,0.000013285072909816153,0.2001278347574864,0.00522628225878062,0,0.0000022320396577101234,0,0,0,0,0,0,0,0,0,0,0,0,0,0,0,0,0,0,0,0,0,0,0,0,0,0,0.5425450326581313,0.7653618661615018,1.307906898819633
5.26,5.8358426891434516e-8,3.47028565663132e-9,0.0025715547901423615,0.5409161195627304,0,0.5610714252631125,0.000013297746763107377,0.20057923002027106,0.005231436832219359,0,0.0000022341690056899234,0,0,0,0,0,0,0,0,0,0,0,0,0,0,0,0,0,0,0,0,0,0,0,0,0,0,0.5434877361815854,0.7668976240313717,1.3103853602129572
5.265,5.8413900683259336e-8,3.455383902385593e-9,0.002574003134476427,0.5418556349975346,0,0.5621495700839857,0.000013310420584571684,0.20103105290712867,0.0052365912266945595,0,0.000002236298348322448,0,0,0,0,0,0,0,0,0,0,0,0,0,0,0,0,0,0,0,0,0,0,0,0,0,0,0.5444297000012956,0.7684327609367418,1.3128624609380375
5.27,5.8469374475082244e-8,3.440554484319882e-9,0.0025764514751055825,0.5427944145732482,0,0.5632266725159746,0.000013323094374299897,0.20148330033639716,0.00524174544273416,0,0.0000022384276856229563,0,0,0,0,0,0,0,0,0,0,0,0,0,0,0,0,0,0,0,0,0,0,0,0,0,0,0.5453709279582827,0.7699672798171658,1.3153382077754485
5.275,5.852484826690326e-8,3.425797026536511e-9,0.002578899812040382,0.5437324621013564,0,0.5643027385280011,0.000013335768132382496,0.20193596919381224,0.005246899480864013,0,0.000002240557017606651,0,0,0,0,0,0,0,0,0,0,0,0,0,0,0,0,0,0,0,0,0,0,0,0,0,0,0.5463114238640421,0.7715011835278273,1.3178126073918692
5.279999999999999,5.858032205872239e-8,3.4111111550213364e-9,0.002581348145291337,0.5446697813641261,0,0.5653777740378227,0.000013348441858909618,0.20238905633239762,0.005252053341607888,0,0.0000022426863442886753,0,0,0,0,0,0,0,0,0,0,0,0,0,0,0,0,0,0,0,0,0,0,0,0,0,0,0.5472511915008507,0.7730344748400314,1.3202856663408822
5.285,5.8635795850539625e-8,3.3964964976377758e-9,0.002583796474868919,0.5456063761149068,0,0.5664517849126286,0.000013361115553971071,0.20284255857235867,0.005257207025487481,0,0.0000022448156656841185,0,0,0,0,0,0,0,0,0,0,0,0,0,0,0,0,0,0,0,0,0,0,0,0,0,0,0.5481902346220681,0.7745671564416944,1.3227573910637624
5.29,5.8691269642355e-8,3.381952684120818e-9,0.002586244800783563,0.5465422500784287,0,0.5675247769696227,0.000013373789217656299,0.20329647270097448,0.005262360533022427,0,0.0000022469449818080072,0,0,0,0,0,0,0,0,0,0,0,0,0,0,0,0,0,0,0,0,0,0,0,0,0,0,0.5491285569524346,0.7760992309378191,1.3252277878902536
5.295,5.8746743434168506e-8,3.3674793460709275e-9,0.002588693123045658,0.5474774069510961,0,0.5685967559766012,0.00001338646285005442,0.20375079547249164,0.00526751386473031,0,0.000002249074292675315,0,0,0,0,0,0,0,0,0,0,0,0,0,0,0,0,0,0,0,0,0,0,0,0,0,0,0.5500661621883646,0.777630700850966,1.3276968630393307
5.3,5.8802217225980124e-8,3.3530761169479007e-9,0.00259114144166556,0.5484118504012792,0,0.5696677276525207,0.000013399136451254216,0.20420543432537433,0.005272667021126672,0,0.0000022512035983009574,0,0,0,0,0,0,0,0,0,0,0,0,0,0,0,0,0,0,0,0,0,0,0,0,0,0,0.5510030539982381,0.7791614793390712,1.3301645333373093
5.305,5.885769101778989e-8,3.3387426320646886e-9,0.002593589756653583,0.5493455840695981,0,0.5707376976680585,0.000013411810021344127,0.20466043679445703,0.005277820002725024,0,0.0000022533328986997947,0,0,0,0,0,0,0,0,0,0,0,0,0,0,0,0,0,0,0,0,0,0,0,0,0,0,0.5519392360226854,0.7806916196081606,1.332630855630846
5.3100000000000005,5.891316480959777e-8,3.324478528581119e-9,0.0025960380680200034,0.5502786115692075,0,0.5718066716461633,0.000013424483560412268,0.20511585119327538,0.00528297281003686,0,0.00000225546219388663,0,0,0,0,0,0,0,0,0,0,0,0,0,0,0,0,0,0,0,0,0,0,0,0,0,0,0.5528747118748709,0.7822211755952299,1.3350958874701009
5.3149999999999995,5.896863860140383e-8,3.310283445497623e-9,0.0025984863757750574,0.5512109364860752,0,0.5728746551625996,0.000013437157068546407,0.2055716826895597,0.00528812544357166,0,0.00000225759148387621,0,0,0,0,0,0,0,0,0,0,0,0,0,0,0,0,0,0,0,0,0,0,0,0,0,0,0.5538094851407723,0.7837501580442835,1.3375596431850558
5.32,5.902411239320803e-8,3.2961570236488387e-9,0.0026009346799289435,0.5521425623792569,0,0.5739416537464846,0.000013449830545834,0.20602793650055595,0.005293277903836901,0,0.0000022597207686832275,0,0,0,0,0,0,0,0,0,0,0,0,0,0,0,0,0,0,0,0,0,0,0,0,0,0,0.5547435593794552,0.785278577702192,1.3400221370816472
5.324999999999999,5.9079586185010376e-8,3.2820989056972467e-9,0.002603382980491821,0.5530734927811685,0,0.5750076728808139,0.00001346250399236215,0.20648461789315048,0.005298430191338071,0,0.000002261850048322318,0,0,0,0,0,0,0,0,0,0,0,0,0,0,0,0,0,0,0,0,0,0,0,0,0,0,0.5556769381233453,0.7868064453193432,1.3424833834426884
5.33,5.9135059976810904e-8,3.268108736126674e-9,0.0026058312774738138,0.5540037311978548,0,0.5760727180029847,0.00001347517740821766,0.20694173218399614,0.00530358230657868,0,0.0000022639793228080644,0,0,0,0,0,0,0,0,0,0,0,0,0,0,0,0,0,0,0,0,0,0,0,0,0,0,0.5566096248784974,0.7883337716502905,1.3449433965287878
5.335,5.9190533768609585e-8,3.2541861612358146e-9,0.0026082795708850036,0.5549332811092548,0,0.5771367945053071,0.000013487850793486982,0.20739928473963687,0.00530873425006026,0,0.000002266108592154992,0,0,0,0,0,0,0,0,0,0,0,0,0,0,0,0,0,0,0,0,0,0,0,0,0,0,0.5575416231248598,0.7898605674543898,1.3474021905792495
5.34,5.924600756040646e-8,3.2403308291316993e-9,0.0026107278607354367,0.5558621459694619,0,0.5781999077355107,0.000013500524148256254,0.20785728097663791,0.005313886022282387,0,0.000002268237856377572,0,0,0,0,0,0,0,0,0,0,0,0,0,0,0,0,0,0,0,0,0,0,0,0,0,0,0.5584729363165358,0.7913868434964356,1.3498597798129714
5.345,5.930148135220151e-8,3.2265423897230777e-9,0.0026131761470351215,0.5567903292069841,0,0.5792620629972435,0.000013513197472611289,0.20831572636171033,0.005319037623742682,0,0.0000022703671154902234,0,0,0,0,0,0,0,0,0,0,0,0,0,0,0,0,0,0,0,0,0,0,0,0,0,0,0.559403567882043,0.7929126105472846,1.3523161784293276
5.35,5.935695514399472e-8,3.212820494713825e-9,0.002615624429794028,0.557717834224998,0,0.5803232655505633,0.00001352587076663758,0.2087748224347723,0.0053241890549368225,0,0.000002272496369507309,0,0,0,0,0,0,0,0,0,0,0,0,0,0,0,0,0,0,0,0,0,0,0,0,0,0,0.5603335212245677,0.7944380754074086,1.3547715966319762
5.355,5.9412428935786145e-8,3.1991647975962506e-9,0.002618072709022091,0.5586446644016008,0,0.5813835206124219,0.000013538544030420302,0.20923439692018436,0.00532934031635856,0,0.000002274625618443139,0,0,0,0,0,0,0,0,0,0,0,0,0,0,0,0,0,0,0,0,0,0,0,0,0,0,0.5612627997222166,0.7959630710186137,1.3572258707408302
5.359999999999999,5.946790272757574e-8,3.1855749536444313e-9,0.0026205209847292065,0.5595708230900588,0,0.5824428333571428,0.000013551217264044298,0.20969441237920572,0.005334491408499713,0,0.000002276754862311969,0,0,0,0,0,0,0,0,0,0,0,0,0,0,0,0,0,0,0,0,0,0,0,0,0,0,0.5621914067282656,0.7974875651169746,1.3596789718452402
5.365,5.952337651936355e-8,3.17205061990744e-9,0.002622969256925233,0.5604963136190542,0,0.5835012089168933,0.00001356389046759411,0.2101548601855567,0.005339642331850192,0,0.0000022788841011280025,0,0,0,0,0,0,0,0,0,0,0,0,0,0,0,0,0,0,0,0,0,0,0,0,0,0,0.5631193455714065,0.7990115542088689,1.3621308997802755
5.369999999999999,5.9578850311149565e-8,3.158591455202608e-9,0.002625417525619994,0.5614211392929254,0,0.5845586523821481,0.000013576563641153956,0.210615731626668,0.005344793086898001,0,0.000002281013334905389,0,0,0,0,0,0,0,0,0,0,0,0,0,0,0,0,0,0,0,0,0,0,0,0,0,0,0.5640466195559871,0.8005350346726902,1.3645816542286773
5.375,5.963432410293379e-8,3.1451971201087166e-9,0.0026278657908232754,0.5623453033919088,0,0.5856151688021477,0.000013589236784807744,0.211077017903425,0.005349943674129252,0,0.000002283142563658225,0,0,0,0,0,0,0,0,0,0,0,0,0,0,0,0,0,0,0,0,0,0,0,0,0,0,0.5649732319622534,0.8020580027590504,1.3670312347213036
5.38,5.96897978947162e-8,3.131867276959158e-9,0.0026303140525448256,0.5632688091723733,0,0.586670763185349,0.00001360190989863906,0.21153871012991174,0.005355094094028166,0,0.000002285271787400556,0,0,0,0,0,0,0,0,0,0,0,0,0,0,0,0,0,0,0,0,0,0,0,0,0,0,0.5658991860465834,0.803580454590975,1.3694796406375584
5.385,5.974527168649687e-8,3.118601589835107e-9,0.002632762310794359,0.5641916598670556,0,0.5877254404998731,0.00001361458298273119,0.2120007993331611,0.0053602443470770885,0,0.000002287401006146373,0,0,0,0,0,0,0,0,0,0,0,0,0,0,0,0,0,0,0,0,0,0,0,0,0,0,0.5668244850417232,0.8051023861641001,1.3719268712058232
5.39,5.980074547827575e-8,3.1053997245586056e-9,0.002635210565581552,0.5651138586852895,0,0.588779205673941,0.0000136272560371671,0.2124632764529014,0.005365394433756501,0,0.0000022895302199096163,0,0,0,0,0,0,0,0,0,0,0,0,0,0,0,0,0,0,0,0,0,0,0,0,0,0,0.5677491321570163,0.8066237933468561,1.3743729255038724
5.395,5.985621927005286e-8,3.0922613486856715e-9,0.0026376588169160463,0.5660354088132347,0,0.5898320635963104,0.000013639929062029457,0.21292613234131297,0.005370544354545022,0,0.0000022916594287041747,0,0,0,0,0,0,0,0,0,0,0,0,0,0,0,0,0,0,0,0,0,0,0,0,0,0,0.5686731305786313,0.8081446718806591,1.3768178024592905
5.4,5.991169306182818e-8,3.0791861314993744e-9,0.002640107064807446,0.5669563134141009,0,0.5908840191166994,0.000013652602057400612,0.21338917367233423,0.0053756941099194246,0,0.000002293788632543884,0,0,0,0,0,0,0,0,0,0,0,0,0,0,0,0,0,0,0,0,0,0,0,0,0,0,0.5695964834697875,0.809664833289643,1.3792613167594305
5.404999999999999,5.996716685360176e-8,3.0661737440028735e-9,0.0026425553092653225,0.5678765756283707,0,0.5919350770462108,0.000013665275023362611,0.2138525811029257,0.005380843700354637,0,0.0000022959178314425284,0,0,0,0,0,0,0,0,0,0,0,0,0,0,0,0,0,0,0,0,0,0,0,0,0,0,0.5705191939709765,0.8111844630423459,1.3817036570133223
5.41,6.002264064537358e-8,3.053223858912413e-9,0.0026450035502992094,0.5687961985740196,0,0.5929852421577463,0.000013677947959997208,0.21431636105620286,0.005385993126323759,0,0.000002298047025413844,0,0,0,0,0,0,0,0,0,0,0,0,0,0,0,0,0,0,0,0,0,0,0,0,0,0,0.5714412652001833,0.8127035723352583,1.3841448375354415
5.415,6.007811443714364e-8,3.0403361506503934e-9,0.0026474517879186057,0.5697151853467314,0,0.5940345191864154,0.000013690620867385843,0.2147805158101215,0.005391142388298067,0,0.000002300176214471513,0,0,0,0,0,0,0,0,0,0,0,0,0,0,0,0,0,0,0,0,0,0,0,0,0,0,0.5723627002531005,0.8142221681819168,1.3865848684350173
5.42,6.013358822891197e-8,3.027510295338293e-9,0.0026499000221329753,0.5706335390201137,0,0.5950829128299416,0.000013703293745609653,0.2152450476652346,0.005396291486747026,0,0.0000023023053986291683,0,0,0,0,0,0,0,0,0,0,0,0,0,0,0,0,0,0,0,0,0,0,0,0,0,0,0.5732835022033452,0.8157402575810675,1.3890237597844126
5.425,6.018906202067856e-8,3.0147459707896835e-9,0.0026523482529517473,0.5715512626459092,0,0.5961304277490603,0.000013715966594749477,0.2157099589447343,0.005401440422138289,0,0.000002304434577900391,0,0,0,0,0,0,0,0,0,0,0,0,0,0,0,0,0,0,0,0,0,0,0,0,0,0,0.5742036741026689,0.8172578475171056,1.3914615216197745
5.43,6.024453581244339e-8,3.0020428565031473e-9,0.0026547964803843157,0.572468359254204,0,0.5971770685679121,0.000013728639414885856,0.21617525199450072,0.005406589194937719,0,0.0000023065637522987132,0,0,0,0,0,0,0,0,0,0,0,0,0,0,0,0,0,0,0,0,0,0,0,0,0,0,0.575123218981167,0.8187749449605176,1.3938981639416848
5.4350000000000005,6.030000960420653e-8,2.989400633655248e-9,0.0026572447044400415,0.5733848318536359,0,0.5982228398744317,0.000013741312206099048,0.2166409291831454,0.005411737805609391,0,0.000002308692921837619,0,0,0,0,0,0,0,0,0,0,0,0,0,0,0,0,0,0,0,0,0,0,0,0,0,0,0.5760421398474862,0.8202915568683145,1.3963336967158007
5.4399999999999995,6.035548339596788e-8,2.9768189850934458e-9,0.0026596929251282465,0.5743006834315959,0,0.599267746220729,0.000013753984968468985,0.21710699290205812,0.005416886254615599,0,0.0000023108220865305385,0,0,0,0,0,0,0,0,0,0,0,0,0,0,0,0,0,0,0,0,0,0,0,0,0,0,0.5769604396890265,0.8218076901844578,1.3987681298734844
5.445,6.041095718772754e-8,2.9642975953289866e-9,0.002662141142458225,0.5752159169544321,0,0.6003117921234697,0.000013766657702075329,0.2175734455654511,0.005422034542416867,0,0.0000023129512463908546,0,0,0,0,0,0,0,0,0,0,0,0,0,0,0,0,0,0,0,0,0,0,0,0,0,0,0.5778781214721451,0.8233233518402863,1.4012014733124314
5.449999999999999,6.046643097948549e-8,2.9518361505298626e-9,0.0026645893564392303,0.5761305353676477,0,0.6013549820642454,0.000013779330406997436,0.2180403785154764,0.005427182669471958,0,0.0000023150804014319013,0,0,0,0,0,0,0,0,0,0,0,0,0,0,0,0,0,0,0,0,0,0,0,0,0,0,0.578795188142354,0.8248386376600022,1.4036338258023562
5.455,6.052190477124171e-8,2.939434338513637e-9,0.002667037567080489,0.5770445415960981,0,0.6023973204899439,0.00001379200308331439,0.21850770107317216,0.005432330636237882,0,0.000002317209551666964,0,0,0,0,0,0,0,0,0,0,0,0,0,0,0,0,0,0,0,0,0,0,0,0,0,0,0.5797116426245177,0.8263534614119888,1.4060651040365064
5.46,6.057737856299623e-8,2.927091848740379e-9,0.002669485774391186,0.5779579385441845,0,0.6034388118131085,0.000013804675731104952,0.2189754097370932,0.005437478443169902,0,0.0000023193386971092766,0,0,0,0,0,0,0,0,0,0,0,0,0,0,0,0,0,0,0,0,0,0,0,0,0,0,0.5806274878230462,0.8278678240077999,1.408495311830846
5.465,6.063285235474907e-8,2.914808372305519e-9,0.002671933978380478,0.5788707290960483,0,0.6044794604123008,0.00001381734835044762,0.21944350151785535,0.0054426260907215465,0,0.0000023214678377720276,0,0,0,0,0,0,0,0,0,0,0,0,0,0,0,0,0,0,0,0,0,0,0,0,0,0,0.5815427266220895,0.8293817268370659,1.4109244534591554
5.47,6.068832614650016e-8,2.902583601932709e-9,0.002674382179057486,0.5797829161157573,0,0.6055192706324494,0.00001383002094142059,0.21991197339785717,0.005447773579344613,0,0.0000023235969736683543,0,0,0,0,0,0,0,0,0,0,0,0,0,0,0,0,0,0,0,0,0,0,0,0,0,0,0.5824573618857245,0.8308951712275663,1.4133525331132908
5.475,6.074379993824958e-8,2.8904172319667116e-9,0.0026768303764313,0.5806945024474974,0,0.6065582467852023,0.000013842693504101782,0.22038082233119197,0.005452920909489185,0,0.0000023257261048113486,0,0,0,0,0,0,0,0,0,0,0,0,0,0,0,0,0,0,0,0,0,0,0,0,0,0,0.5833713964581458,0.8324081584454924,1.4157795549036383
5.48,6.079927372999732e-8,2.8783089583662307e-9,0.002679278570510972,0.5816054909157549,0,0.607596393149269,0.000013855366038568827,0.22085004524356205,0.005458068081603629,0,0.0000023278552312140525,0,0,0,0,0,0,0,0,0,0,0,0,0,0,0,0,0,0,0,0,0,0,0,0,0,0,0.5842848331638485,0.8339206896957045,1.418205522859553
5.484999999999999,6.085474752174336e-8,2.866258478696786e-9,0.0026817267613055253,0.5825158843254998,0,0.6086337139707597,0.000013868038544899059,0.22131963903219087,0.005463215096134607,0,0.000002329984352889461,0,0,0,0,0,0,0,0,0,0,0,0,0,0,0,0,0,0,0,0,0,0,0,0,0,0,0.5851976748078114,0.8354327661219829,1.4206304409297943
5.49,6.091022131348773e-8,2.854265492123547e-9,0.0026841749488239496,0.5834256854623708,0,0.6096702134635236,0.000013880711023169559,0.2217896005657386,0.005468361953527092,0,0.0000023321134698505224,0,0,0,0,0,0,0,0,0,0,0,0,0,0,0,0,0,0,0,0,0,0,0,0,0,0,0.5861099241756816,0.8369443888072823,1.423054312982964
5.494999999999999,6.096569510523041e-8,2.8423296994042045e-9,0.0026866231330752,0.5843348970928478,0,0.6107058958094747,0.000013893383473457097,0.22225992668421432,0.005473508654224364,0,0.000002334242582110135,0,0,0,0,0,0,0,0,0,0,0,0,0,0,0,0,0,0,0,0,0,0,0,0,0,0,0.5870215840339478,0.8384555587739689,1.4254771428079167
5.5,6.102116889697142e-8,2.830450802881791e-9,0.0026890713140682,0.5852435219644343,0,0.6117407651589238,0.000013906055895838177,0.22273053486164157,0.005478655198668028,0,0.0000023363716896811537,0,0,0,0,0,0,0,0,0,0,0,0,0,0,0,0,0,0,0,0,0,0,0,0,0,0,0.5879326571301221,0.839966197646819,1.4278988547769411
5.505,6.107664268871077e-8,2.8186285064775618e-9,0.002691519491811841,0.5861515628058288,0,0.6127748256308962,0.000013918728290389021,0.2232014982227744,0.005483801587298013,0,0.000002338500792576384,0,0,0,0,0,0,0,0,0,0,0,0,0,0,0,0,0,0,0,0,0,0,0,0,0,0,0.5888431461929118,0.8414763826700516,1.4303195288629635
5.51,6.113211648044846e-8,2.806862515683806e-9,0.0026939676663149817,0.5870590223270996,0,0.6138080813134531,0.00001393140065718558,0.22367282579582587,0.005488947820552588,0,0.000002340629890808586,0,0,0,0,0,0,0,0,0,0,0,0,0,0,0,0,0,0,0,0,0,0,0,0,0,0,0.5897530539323936,0.8429861269603796,1.4327391808927732
5.515,6.11875902721845e-8,2.7951525375567214e-9,0.0026964158375864483,0.5879659032198539,0,0.6148405362640038,0.000013944072996303515,0.22414451950598155,0.00549409389886837,0,0.0000023427589843904726,0,0,0,0,0,0,0,0,0,0,0,0,0,0,0,0,0,0,0,0,0,0,0,0,0,0,0.590662383040183,0.8444954365008344,1.4351578195410175
5.52,6.124306406391887e-8,2.7834982807092573e-9,0.002698864005635036,0.5888722081574079,0,0.615872194509616,0.000013956745307818229,0.22461658129724482,0.00549923982268032,0,0.000002344888073334712,0,0,0,0,0,0,0,0,0,0,0,0,0,0,0,0,0,0,0,0,0,0,0,0,0,0,0.5915711361896053,0.8460043172629224,1.4375754534525278
5.525,6.129853785565159e-8,2.7718994553039654e-9,0.0027013121704695057,0.5897779397949525,0,0.6169030600473224,0.000013969417591804838,0.22508901313247237,0.005504385592421767,0,0.000002347017157653923,0,0,0,0,0,0,0,0,0,0,0,0,0,0,0,0,0,0,0,0,0,0,0,0,0,0,0.5924793160358593,0.847512775206966,1.4399920912428255
5.529999999999999,6.135401164738267e-8,2.760355773045878e-9,0.0027037603320985894,0.5906831007697186,0,0.6179331368444223,0.000013982089848338184,0.22556181699340333,0.005509531208524402,0,0.0000023491462373606827,0,0,0,0,0,0,0,0,0,0,0,0,0,0,0,0,0,0,0,0,0,0,0,0,0,0,0.5933869252161846,0.8490208162824358,1.4424077414986205
5.535,6.140948543911211e-8,2.7488669471753334e-9,0.0027062084905309872,0.5915876937011412,0,0.6189624288387808,0.000013994762077492855,0.2260349948806962,0.005514676671418302,0,0.000002351275312467521,0,0,0,0,0,0,0,0,0,0,0,0,0,0,0,0,0,0,0,0,0,0,0,0,0,0,0.5942939663500245,0.8505284464282853,1.4448224127783098
5.54,6.146495923083993e-8,2.737432692460876e-9,0.002708656645775365,0.592491721191018,0,0.6199909399391216,0.000014007434279343157,0.22650854881395815,0.005519821981531916,0,0.0000023534043829869215,0,0,0,0,0,0,0,0,0,0,0,0,0,0,0,0,0,0,0,0,0,0,0,0,0,0,0.5952004420391853,0.852035671573274,1.4472361136124592
5.545,6.152043302256609e-8,2.7260527251921038e-9,0.00271110479784036,0.5933951858236708,0,0.6210186740253187,0.000014020106453963113,0.22698248083177985,0.005524967139292087,0,0.0000023555334489313224,0,0,0,0,0,0,0,0,0,0,0,0,0,0,0,0,0,0,0,0,0,0,0,0,0,0,0.5961063548679969,0.8535424976362935,1.4496488525042905
5.55,6.157590681429065e-8,2.714726763172576e-9,0.0027135529467345785,0.5942980901661021,0,0.6220456349486853,0.000014032778601426512,0.22745689528025057,0.005530112145124065,0,0.0000023576625103131198,0,0,0,0,0,0,0,0,0,0,0,0,0,0,0,0,0,0,0,0,0,0,0,0,0,0,0.5970117074034703,0.8550490328151715,1.4520607402186418
5.555,6.163138060601358e-8,2.7034545257126744e-9,0.0027160010924665934,0.5952004367681518,0,0.6230718265322527,0.000014045450721806845,0.22793172142015272,0.005535256999451497,0,0.0000023597915671446616,0,0,0,0,0,0,0,0,0,0,0,0,0,0,0,0,0,0,0,0,0,0,0,0,0,0,0.5979165021954536,0.8565552101941458,1.4544717123895994
5.5600000000000005,6.168685439773488e-8,2.6922357336225047e-9,0.002718449235044948,0.5961022281626494,0,0.6240972525710559,0.000014058122815177361,0.22840691886076003,0.00554040170269645,0,0.000002361920619438255,0,0,0,0,0,0,0,0,0,0,0,0,0,0,0,0,0,0,0,0,0,0,0,0,0,0,0.5988207417767845,0.8580609931779469,1.4568817349547314
5.5649999999999995,6.174232818945457e-8,2.681070109204807e-9,0.002720897374478156,0.5970034668655663,0,0.6251219168324051,0.000014070794881611024,0.22888248167194317,0.005545546255279407,0,0.000002364049667206158,0,0,0,0,0,0,0,0,0,0,0,0,0,0,0,0,0,0,0,0,0,0,0,0,0,0,0.5997244286634427,0.8595663796041765,1.4592908082676193
5.57,6.179780198117266e-8,2.6699573762478484e-9,0.002723345510774698,0.5979041553761691,0,0.6261458230561616,0.000014083466921180552,0.22935840386950718,0.005550690657619283,0,0.0000023661787104605885,0,0,0,0,0,0,0,0,0,0,0,0,0,0,0,0,0,0,0,0,0,0,0,0,0,0,0.6006275653547032,0.8610713672289197,1.461698932583623
5.574999999999999,6.185327577288912e-8,2.6588972600183748e-9,0.0027257936439430254,0.598804296177164,0,0.6271689749550059,0.000014096138933958393,0.2298346794150448,0.005555834910133429,0,0.0000023683077492137186,0,0,0,0,0,0,0,0,0,0,0,0,0,0,0,0,0,0,0,0,0,0,0,0,0,0,0.60153015433328,0.8625759537268674,1.4641061080601474
5.58,6.1908749564604e-8,2.647889487254494e-9,0.002728241773991563,0.5997038917348481,0,0.6281913762147056,0.000014108810920016747,0.23031130221579071,0.005560979013237642,0,0.0000023704367834776774,0,0,0,0,0,0,0,0,0,0,0,0,0,0,0,0,0,0,0,0,0,0,0,0,0,0,0.6024321980654787,0.8640801366914375,1.4665123347569162
5.585,6.196422335631729e-8,2.636933786158676e-9,0.002730689900928696,0.6006029444992502,0,0.6292130304943754,0.000014121482879427529,0.2307882661244766,0.005566122967346164,0,0.000002372565813264549,0,0,0,0,0,0,0,0,0,0,0,0,0,0,0,0,0,0,0,0,0,0,0,0,0,0,0.603333699001336,0.8655839136348908,1.4689176126362269
5.59,6.201969714802897e-8,2.626029886390655e-9,0.0027331380247627886,0.6015014569042795,0,0.6302339414267397,0.00001413415481226242,0.231265564939188,0.0055712667728717,0,0.000002374694838586376,0,0,0,0,0,0,0,0,0,0,0,0,0,0,0,0,0,0,0,0,0,0,0,0,0,0,0.6042346595747693,0.8670872819884503,1.4713219415632195
5.595,6.207517093973908e-8,2.61517751906042e-9,0.0027355861455021714,0.6023994313678642,0,0.6312541126183878,0.000014146826718592831,0.23174319240322006,0.005576410430225418,0,0.0000023768238594551566,0,0,0,0,0,0,0,0,0,0,0,0,0,0,0,0,0,0,0,0,0,0,0,0,0,0,0.6051350822037148,0.8685902391024114,1.473725321306126
5.6,6.213064473144758e-8,2.6043764167211857e-9,0.0027380342631551464,0.6032968702920946,0,0.6322735476500271,0.000014159498598489935,0.23222109322604878,0.005581553939816961,0,0.0000023789528758828475,0,0,0,0,0,0,0,0,0,0,0,0,0,0,0,0,0,0,0,0,0,0,0,0,0,0,0.6060349692902708,0.8700927332673672,1.476127702557638
5.605,6.218611852315454e-8,2.593626313362375e-9,0.002740482377729982,0.604193776063359,0,0.633292250076733,0.000014172170452024624,0.2326992601190363,0.005586697302054448,0,0.0000023810818878813602,0,0,0,0,0,0,0,0,0,0,0,0,0,0,0,0,0,0,0,0,0,0,0,0,0,0,0.6069343232208337,0.8715947607501635,1.4785290839709972
5.609999999999999,6.224159231485989e-8,2.582926944402641e-9,0.0027429304892349227,0.6050901510524845,0,0.6343102234281967,0.000014184842279267549,0.23317774446131612,0.005591840517344487,0,0.0000023832108954625653,0,0,0,0,0,0,0,0,0,0,0,0,0,0,0,0,0,0,0,0,0,0,0,0,0,0,0.6078331463662388,0.873096376460032,1.4809295228262709
5.615,6.229706610656369e-8,2.5722780466828497e-9,0.00274537859767818,0.6059859976148713,0,0.6353274712089695,0.000014197514080289114,0.23365654559218296,0.005596983586092183,0,0.0000023853398986382914,0,0,0,0,0,0,0,0,0,0,0,0,0,0,0,0,0,0,0,0,0,0,0,0,0,0,0.6087314410818936,0.8745975832412235,1.4833290243231172
5.619999999999999,6.235253989826592e-8,2.561679358459159e-9,0.0027478267030679373,0.6068813180906275,0,0.6363439968987031,0.000014210185855159465,0.2341356628477373,0.005602126508701134,0,0.0000023874688974203225,0,0,0,0,0,0,0,0,0,0,0,0,0,0,0,0,0,0,0,0,0,0,0,0,0,0,0.6096292097079147,0.8760983839098941,1.485727593617809
5.625,6.240801368996658e-8,2.551130619396002e-9,0.0027502748054123484,0.607776114804702,0,0.6373598039523883,0.000014222857603948503,0.2346150955608644,0.005607269285573452,0,0.000002389597891820404,0,0,0,0,0,0,0,0,0,0,0,0,0,0,0,0,0,0,0,0,0,0,0,0,0,0,0.6105264545692586,0.877598781254322,1.4881252358235806
5.63,6.246348748166567e-8,2.540631570559207e-9,0.0027527229047195384,0.6086703900670156,0,0.6383748958005903,0.000014235529326725872,0.23509484306121572,0.005612411917109761,0,0.0000023917268818502367,0,0,0,0,0,0,0,0,0,0,0,0,0,0,0,0,0,0,0,0,0,0,0,0,0,0,0.6114231779758542,0.8790987780351243,1.4905219560109786
5.635,6.251896127336323e-8,2.530181954409032e-9,0.0027551710009976033,0.6095641461725928,0,0.6393892758496811,0.000014248201023560975,0.23557490467518616,0.00561755440370921,0,0.0000023938558675214807,0,0,0,0,0,0,0,0,0,0,0,0,0,0,0,0,0,0,0,0,0,0,0,0,0,0,0.6123193822227336,0.8805983769854675,1.492917759208201
5.64,6.257443506505923e-8,2.519781514793278e-9,0.0027576190942546117,0.6104573854016884,0,0.6404029474820697,0.00001426087269452297,0.2360552797258955,0.005622696745769474,0,0.0000023959848488457553,0,0,0,0,0,0,0,0,0,0,0,0,0,0,0,0,0,0,0,0,0,0,0,0,0,0,0.6132150695901596,0.882097580811278,1.4953126504014376
5.645,6.262990885675369e-8,2.509429996940378e-9,0.002760067184498601,0.6113501100199155,0,0.6414159140564275,0.000014273544339680761,0.2365359675331647,0.005627838943686761,0,0.0000023981138258346375,0,0,0,0,0,0,0,0,0,0,0,0,0,0,0,0,0,0,0,0,0,0,0,0,0,0,0.6141102423437529,0.8835963921914446,1.4977066345351975
5.65,6.26853826484466e-8,2.4991271474525424e-9,0.002762515271737582,0.6122423222783726,0,0.6424281789079155,0.00001428621595910301,0.237016961587262,0.0056329809978558285,0,0.0000024002427984996634,0,0,0,0,0,0,0,0,0,0,0,0,0,0,0,0,0,0,0,0,0,0,0,0,0,0,0.6150049027346199,0.885094807951791,1.500099710686411
5.654999999999999,6.274085644013797e-8,2.4888727142988946e-9,0.002764963355979536,0.6131340244137657,0,0.6434397453484013,0.000014298887552858144,0.23749822705417226,0.0056381229086699715,0,0.0000024023717668523285,0,0,0,0,0,0,0,0,0,0,0,0,0,0,0,0,0,0,0,0,0,0,0,0,0,0,0.6158990529994745,0.8865927965705632,1.5024918495700377
5.66,6.279633023182782e-8,2.478666446808601e-9,0.0027674114372324174,0.6140252186485344,0,0.6444506166666834,0.00001431155912101434,0.23797980582765949,0.005643264676521055,0,0.000002404500730904088,0,0,0,0,0,0,0,0,0,0,0,0,0,0,0,0,0,0,0,0,0,0,0,0,0,0,0.6167926953607635,0.8880904032307158,1.5048830985914794
5.665,6.285180402351614e-8,2.4685080956640987e-9,0.002769859515504152,0.6149159071909709,0,0.6454607961287027,0.000014324230663639524,0.23846169981230303,0.005648406301799493,0,0.0000024066296906663548,0,0,0,0,0,0,0,0,0,0,0,0,0,0,0,0,0,0,0,0,0,0,0,0,0,0,0.6176858320267872,0.8895876331031595,1.5072734651299466
5.67,6.29072778152029e-8,2.4583974128942425e-9,0.002772307590802635,0.6158060922353423,0,0.6464702869777591,0.0000143369021808014,0.23894391093236617,0.0056535477848942755,0,0.0000024087586461505028,0,0,0,0,0,0,0,0,0,0,0,0,0,0,0,0,0,0,0,0,0,0,0,0,0,0,0.6185784651918201,0.8910844913558466,1.5096629565476667
5.675,6.296275160688816e-8,2.4483341518675518e-9,0.002774755663135739,0.61669577596201,0,0.6474790924347223,0.000014349573672567428,0.23942644113182596,0.005658689126192968,0,0.0000024108875973678667,0,0,0,0,0,0,0,0,0,0,0,0,0,0,0,0,0,0,0,0,0,0,0,0,0,0,0.6194705970362315,0.8925809831540112,1.5120515801902428
5.68,6.301822539857192e-8,2.438318067285411e-9,0.002777203732511303,0.6175849605375461,0,0.6484872156982391,0.000014362245139004821,0.2399092923744035,0.0056638303260817145,0,0.000002413016544329739,0,0,0,0,0,0,0,0,0,0,0,0,0,0,0,0,0,0,0,0,0,0,0,0,0,0,0.6203622297266009,0.8940771136604075,1.5144393433870085
5.6850000000000005,6.307369919025414e-8,2.428348915175352e-9,0.002779651798937144,0.6184736481148518,0,0.649494659944941,0.000014374916580180558,0.2403924666435931,0.005668971384945252,0,0.0000024151454870473728,0,0,0,0,0,0,0,0,0,0,0,0,0,0,0,0,0,0,0,0,0,0,0,0,0,0,0.6212533654158371,0.8955728880355467,1.5168262534513839
5.6899999999999995,6.312917298193485e-8,2.418426452884305e-9,0.002782099862421046,0.6193618408332711,0,0.6505014283296482,0.000014387587996161394,0.24087596594269134,0.005674112303166908,0,0.0000024172744255319833,0,0,0,0,0,0,0,0,0,0,0,0,0,0,0,0,0,0,0,0,0,0,0,0,0,0,0.6221440062432916,0.8970683114379281,1.5192123176812196
5.695,6.318464677361407e-8,2.40855043907188e-9,0.0027845479229707698,0.6202495408187078,0,0.6515075239855699,0.000014400259387013829,0.24135979229482868,0.0056792530811286155,0,0.000002419403359794744,0,0,0,0,0,0,0,0,0,0,0,0,0,0,0,0,0,0,0,0,0,0,0,0,0,0,0.6230341543348757,0.8985633890242739,1.5215975433591495
5.699999999999999,6.324012056529179e-8,2.398720633703704e-9,0.0027869959805940487,0.6211367501837346,0,0.6525129500245038,0.000014412930752804145,0.24184394774299622,0.0056843937192109124,0,0.0000024215322898467904,0,0,0,0,0,0,0,0,0,0,0,0,0,0,0,0,0,0,0,0,0,0,0,0,0,0,0.6239238118031699,0.9000581259497535,1.5239819377529233
5.705,6.329559435696802e-8,2.3889367980447196e-9,0.002789444035298586,0.6220234710277088,0,0.6535177095370341,0.000014425602093598388,0.24232850501179332,0.005689534217792958,0,0.0000024236612156992196,0,0,0,0,0,0,0,0,0,0,0,0,0,0,0,0,0,0,0,0,0,0,0,0,0,0,0.6248129807475385,0.9015525980299297,1.5263655787774684
5.71,6.335106814864273e-8,2.3791986946525605e-9,0.0027918920870920586,0.6229097054368803,0,0.6545218055927237,0.000014438273409462359,0.2428134268004778,0.005694674577252518,0,0.000002425790137363086,0,0,0,0,0,0,0,0,0,0,0,0,0,0,0,0,0,0,0,0,0,0,0,0,0,0,0.6257016632542393,0.9030467710340008,1.52874843428824
5.715,6.340654194031597e-8,2.3695060873708997e-9,0.0027943401359821194,0.6237954554845017,0,0.6555252412403084,0.000014450944700461649,0.24329867493275517,0.005699814797966,0,0.000002427919054849411,0,0,0,0,0,0,0,0,0,0,0,0,0,0,0,0,0,0,0,0,0,0,0,0,0,0,0.6265898613965318,0.9045406098347848,1.5311304712313167
5.72,6.346201573198772e-8,2.3598587413228627e-9,0.002796788181976391,0.6246807232309375,0,0.6565280195078861,0.000014463615966661602,0.24378424569189547,0.005704954880308436,0,0.0000024300479681691702,0,0,0,0,0,0,0,0,0,0,0,0,0,0,0,0,0,0,0,0,0,0,0,0,0,0,0.6274775772347884,0.9060341137440248,1.5335116909788131
5.725,6.351748952365799e-8,2.350256422904419e-9,0.002799236225082472,0.6255655107237702,0,0.6575301434031048,0.000014476287208127345,0.24427013533016856,0.0057100948246535015,0,0.0000024321768773333092,0,0,0,0,0,0,0,0,0,0,0,0,0,0,0,0,0,0,0,0,0,0,0,0,0,0,0.6283648128165986,0.9075272820220123,1.5358920948386108
5.73,6.357296331532678e-8,2.3406988997778318e-9,0.0028016842653079323,0.626449819997907,0,0.6585316159133483,0.000014488958424923766,0.24475634006876323,0.005715234631373516,0,0.000002434305782352729,0,0,0,0,0,0,0,0,0,0,0,0,0,0,0,0,0,0,0,0,0,0,0,0,0,0,0.6292515701768772,0.9090201138776923,1.5382716840545694
5.734999999999999,6.362843710699407e-8,2.3311859408651046e-9,0.0028041323026603165,0.627333653075684,0,0.6595324400059187,0.000014501629617115526,0.24524285609769952,0.005720374300839452,0,0.0000024364346832382918,0,0,0,0,0,0,0,0,0,0,0,0,0,0,0,0,0,0,0,0,0,0,0,0,0,0,0.6301378513379674,0.910512608468758,1.5406504598067254
5.74,6.368391089865993e-8,2.3217173163414577e-9,0.0028065803371471443,0.6282170119669714,0,0.6605326186282202,0.000014514300784767085,0.24572967957574893,0.0057255138334209406,0,0.0000024385635800008282,0,0,0,0,0,0,0,0,0,0,0,0,0,0,0,0,0,0,0,0,0,0,0,0,0,0,0.6310236583097467,0.9120047649017549,1.5430284232115015
5.744999999999999,6.37393846903243e-8,2.3122927976288472e-9,0.0028090283687759047,0.6290998986692741,0,0.6615321547079356,0.00001452697192794264,0.2462168066303486,0.005730653229486274,0,0.000002440692472651125,0,0,0,0,0,0,0,0,0,0,0,0,0,0,0,0,0,0,0,0,0,0,0,0,0,0,0.6319089930897275,0.9134965822321711,1.5454055753218987
5.75,6.379485848198722e-8,2.302912157389443e-9,0.0028114763975540667,0.629982315167836,0,0.6625310511532061,0.000014539643046706196,0.24670423335752012,0.005735792489402419,0,0.0000024428213611999354,0,0,0,0,0,0,0,0,0,0,0,0,0,0,0,0,0,0,0,0,0,0,0,0,0,0,0.6327938576631607,0.9149880594645367,1.5477819171276974
5.755,6.385033227364866e-8,2.2935751695192315e-9,0.0028139244234890682,0.6308642634357375,0,0.6635293108528043,0.00001455231414112151,0.24719195382559986,0.005740931613535011,0,0.0000024449502456579702,0,0,0,0,0,0,0,0,0,0,0,0,0,0,0,0,0,0,0,0,0,0,0,0,0,0,0.633678254003134,0.9164791935563259,1.55015744755946
5.76,6.390580606530866e-8,2.2842816091415187e-9,0.0028163724465883233,0.6317457454339994,0,0.6645269366763099,0.000014564985211252137,0.24767995157448597,0.005746070602248379,0,0.0000024470791260359084,0,0,0,0,0,0,0,0,0,0,0,0,0,0,0,0,0,0,0,0,0,0,0,0,0,0,0.6345621840706753,0.9179699709173815,1.5525321549880569
5.765,6.396127985696721e-8,2.275031252600576e-9,0.002818820466859221,0.6326267631116769,0,0.6655239314742792,0.000014577656257161404,0.24816823799359605,0.005751209455905532,0,0.000002449208002344389,0,0,0,0,0,0,0,0,0,0,0,0,0,0,0,0,0,0,0,0,0,0,0,0,0,0,0.6354456498148472,0.9194604057880403,1.5549060556028875
5.77,6.401675364862431e-8,2.265823877455217e-9,0.002821268484309123,0.6335073184059593,0,0.6665202980784148,0.000014590327278912404,0.24865680995287087,0.005756348174868175,0,0.000002451336874594013,0,0,0,0,0,0,0,0,0,0,0,0,0,0,0,0,0,0,0,0,0,0,0,0,0,0,0.6363286531728459,0.9209504978703074,1.5572791510431534
5.775,6.407222744027998e-8,2.2566592624724403e-9,0.002823716498945365,0.634387413242268,0,0.6675160393017341,0.000014602998276568035,0.24914566429821142,0.0057614867594967135,0,0.0000024534657427953478,0,0,0,0,0,0,0,0,0,0,0,0,0,0,0,0,0,0,0,0,0,0,0,0,0,0,0.6372111960701001,0.9224402468234616,1.5596514428935617
5.779999999999999,6.412770123193418e-8,2.247537187621093e-9,0.0028261645107752614,0.6352670495343485,0,0.6685111579387344,0.000014615669250190964,0.24963479785141093,0.005766625210150259,0,0.0000024555946069589217,0,0,0,0,0,0,0,0,0,0,0,0,0,0,0,0,0,0,0,0,0,0,0,0,0,0,0.6380932804203622,0.9239296522641527,1.5620229326845148
5.785,6.418317502358698e-8,2.238457434065548e-9,0.0028286125198060974,0.6361462291843686,0,0.6695056567655557,0.000014628340199843637,0.25012420741009167,0.005771763527186636,0,0.000002457723467095227,0,0,0,0,0,0,0,0,0,0,0,0,0,0,0,0,0,0,0,0,0,0,0,0,0,0,0.6389749081258072,0.925418713766501,1.5643936218923082
5.79,6.42386488152383e-8,2.2294197841594134e-9,0.002831060526045132,0.6370249540830091,0,0.6704995385401438,0.00001464101112558829,0.25061388974764076,0.0057769017109623845,0,0.0000024598523232147194,0,0,0,0,0,0,0,0,0,0,0,0,0,0,0,0,0,0,0,0,0,0,0,0,0,0,0.6398560810771228,0.9269074308621957,1.5667635119393184
5.795,6.429412260688824e-8,2.2204240214392577e-9,0.0028335085294996054,0.637903226109559,0,0.6714928060024111,0.00001465368202748695,0.25110384161314486,0.005782039761832767,0,0.0000024619811753278207,0,0,0,0,0,0,0,0,0,0,0,0,0,0,0,0,0,0,0,0,0,0,0,0,0,0,0.6407368011536052,0.9283958030405914,1.5691326041941966
5.8,6.434959639853673e-8,2.2114699306183567e-9,0.002835956530176724,0.6387810471320045,0,0.6724854618743923,0.00001466635290560141,0.2515940597313272,0.005787177680151781,0,0.0000024641100234449124,0,0,0,0,0,0,0,0,0,0,0,0,0,0,0,0,0,0,0,0,0,0,0,0,0,0,0.6416170702232475,0.9298838297488004,1.571500899972048
5.805,6.440507019018381e-8,2.202557297580483e-9,0.0028384045280836754,0.6396584190071224,0,0.6734775088604037,0.000014679023759993262,0.25208454080248266,0.005792315466272153,0,0.0000024662388675763422,0,0,0,0,0,0,0,0,0,0,0,0,0,0,0,0,0,0,0,0,0,0,0,0,0,0,0.6424968901428336,0.931371510391786,1.5738684005346197
5.8100000000000005,6.446054398182945e-8,2.1936859093736943e-9,0.0028408525232276227,0.6405353435805687,0,0.6744689496471971,0.000014691694590723898,0.25257523901555035,0.0057974531205453525,0,0.000002468367707732425,0,0,0,0,0,0,0,0,0,0,0,0,0,0,0,0,0,0,0,0,0,0,0,0,0,0,0.6433762627580263,0.9328588018455911,1.5762350646036174
5.8149999999999995,6.451601777347368e-8,2.1848555542041716e-9,0.002843300515615699,0.6414118226869667,0,0.6754597869041121,0.000014704365397854472,0.2530661478389832,0.005802590643321593,0,0.0000024704965439234363,0,0,0,0,0,0,0,0,0,0,0,0,0,0,0,0,0,0,0,0,0,0,0,0,0,0,0.6442551899034558,0.9343457002483587,1.5786008901518145
5.82,6.457149156511653e-8,2.1760660214300476e-9,0.00284574850525502,0.6422878581499972,0,0.6764500232832298,0.000014717036181445952,0.2535573160199748,0.0058077280349498415,0,0.000002472625376159618,0,0,0,0,0,0,0,0,0,0,0,0,0,0,0,0,0,0,0,0,0,0,0,0,0,0,0.6451336734028098,0.935832256999712,1.5809659304025216
5.824999999999999,6.462696535675793e-8,2.1673171015553008e-9,0.0028481964921526696,0.6431634517824834,0,0.6774396614195188,0.000014729706941559065,0.2540487449608994,0.005812865295777825,0,0.000002474754204451175,0,0,0,0,0,0,0,0,0,0,0,0,0,0,0,0,0,0,0,0,0,0,0,0,0,0,0.6460117150689184,0.9373184761373421,1.5833301912062605
5.83,6.468243914839798e-8,2.1586085862236343e-9,0.002850644476315715,0.6440386053864795,0,0.6784287039309882,0.000014742377678254367,0.25454043608018917,0.0058180024261520295,0,0.0000024768830288082784,0,0,0,0,0,0,0,0,0,0,0,0,0,0,0,0,0,0,0,0,0,0,0,0,0,0,0.6468893167038429,0.9388043616980365,1.5856936784018794
5.835,6.473791294003656e-8,2.149940268212417e-9,0.002853092457751192,0.6449133207533533,0,0.6794171534188299,0.00001475504839159218,0.2550323908123486,0.005823139426417712,0,0.0000024790118492410647,0,0,0,0,0,0,0,0,0,0,0,0,0,0,0,0,0,0,0,0,0,0,0,0,0,0,0.6477664800989578,0.940289917717837,1.5880563978167948
5.84,6.479338673167378e-8,2.1413119414266126e-9,0.0028555404364661173,0.6457875996638741,0,0.6804050124675664,0.000014767719081632625,0.25552461060797177,0.005828276296918902,0,0.000002481140665759635,0,0,0,0,0,0,0,0,0,0,0,0,0,0,0,0,0,0,0,0,0,0,0,0,0,0,0.6486432070350389,0.9417751482322044,1.5904183552672433
5.845,6.484886052330962e-8,2.1327234008927623e-9,0.002857988412467481,0.6466614438882938,0,0.6813922836451919,0.000014780389748435622,0.2560170969337587,0.005833413037998408,0,0.0000024832694783740566,0,0,0,0,0,0,0,0,0,0,0,0,0,0,0,0,0,0,0,0,0,0,0,0,0,0,0.6495194992823452,0.9432600572761759,1.5927795565585212
5.85,6.490433431494405e-8,2.124174442752972e-9,0.0028604363857622495,0.6475348551864308,0,0.6823789695033163,0.000014793060392060878,0.2565098512725291,0.005838549649997828,0,0.00000248539828709436,0,0,0,0,0,0,0,0,0,0,0,0,0,0,0,0,0,0,0,0,0,0,0,0,0,0,0.6503953586007019,0.9447446488845224,1.5951400074852242
5.855,6.495980810657714e-8,2.115664864258937e-9,0.0028628843563573672,0.6484078353077525,0,0.6833650725773041,0.000014805731012567908,0.2570028751232397,0.0058436861332575455,0,0.000002487527091930545,0,0,0,0,0,0,0,0,0,0,0,0,0,0,0,0,0,0,0,0,0,0,0,0,0,0,0.6512707867395828,0.9462289270919058,1.5974997138314886
5.859999999999999,6.501528189820879e-8,2.107194463765998e-9,0.00286533232425975,0.649280385991455,0,0.6843505953864121,0.000014818401610015995,0.2574961700009984,0.0058488224881167354,0,0.000002489655892892571,0,0,0,0,0,0,0,0,0,0,0,0,0,0,0,0,0,0,0,0,0,0,0,0,0,0,0.6521457854381911,0.9477128959330301,1.5998586813712212
5.865,6.507075568983912e-8,2.0987630407271887e-9,0.0028677802894762983,0.6501525089665462,0,0.6853355404339304,0.000014831072184464263,0.25798984844995426,0.005853958714913391,0,0.000002491784689990373,0,0,0,0,0,0,0,0,0,0,0,0,0,0,0,0,0,0,0,0,0,0,0,0,0,0,0.6530203564255412,0.9491966704556726,1.6022170268812137
5.869999999999999,6.5126229481468e-8,2.0903703956873514e-9,0.0028702282520138805,0.6510242059519216,0,0.6863199102073138,0.000014843742735971586,0.25848383852890366,0.005859094813984288,0,0.0000024939134832338415,0,0,0,0,0,0,0,0,0,0,0,0,0,0,0,0,0,0,0,0,0,0,0,0,0,0,0.6538945014205353,0.950680181206421,1.6045746826269562
5.875,6.518170327309556e-8,2.082016330277245e-9,0.002872676211879347,0.6518954786564486,0,0.6873037071783197,0.000014856413264596683,0.25897809145584066,0.005864230785665036,0,0.000002496042272632842,0,0,0,0,0,0,0,0,0,0,0,0,0,0,0,0,0,0,0,0,0,0,0,0,0,0,0.6547682221320476,0.9521633818753626,1.6069316040074102
5.88,6.523717706472172e-8,2.0737006472077015e-9,0.002875124169079522,0.6527663287790388,0,0.6882869338031372,0.00001486908377039803,0.2594726007545009,0.005869366630290048,0,0.0000024981710581971998,0,0,0,0,0,0,0,0,0,0,0,0,0,0,0,0,0,0,0,0,0,0,0,0,0,0,0.6556415202589961,0.9536462684427568,1.609287788701753
5.885,6.529265085634655e-8,2.06542315026379e-9,0.002877572123621209,0.6536367580087297,0,0.6892695925225232,0.000014881754253433938,0.25996735989744624,0.005874502348192565,0,0.000002500299839936711,0,0,0,0,0,0,0,0,0,0,0,0,0,0,0,0,0,0,0,0,0,0,0,0,0,0,0.6565143974904248,0.9551288368222554,1.6116432343126803
5.89,6.534812464797002e-8,2.057183644299009e-9,0.0028800200755111863,0.6545067680247586,0,0.6902516857619281,0.000014894424713762508,0.2604623623059507,0.0058796379397046536,0,0.0000025024286178611372,0,0,0,0,0,0,0,0,0,0,0,0,0,0,0,0,0,0,0,0,0,0,0,0,0,0,0.6573868555055781,0.956611082860915,1.613997938366493
5.895,6.540359843959209e-8,2.048981935229513e-9,0.002882468024756211,0.6553763604966402,0,0.6912332159316268,0.000014907095151441628,0.26095760134988616,0.005884773405157211,0,0.0000025045573919802046,0,0,0,0,0,0,0,0,0,0,0,0,0,0,0,0,0,0,0,0,0,0,0,0,0,0,0.6582588959739768,0.9580930023392136,1.6163518983131904
5.9,6.545907223121285e-8,2.040817830028362e-9,0.002884915971363012,0.6562455370842402,0,0.6922141854268463,0.000014919765566529003,0.26145307034761145,0.005889908744879979,0,0.0000025066861623036084,0,0,0,0,0,0,0,0,0,0,0,0,0,0,0,0,0,0,0,0,0,0,0,0,0,0,0.6591305205554931,0.9595745909710666,1.6187051115265598
5.904999999999999,6.551454602283225e-8,2.0326911367197872e-9,0.0028873639153383047,0.6571142994378512,0,0.6931945966278901,0.000014932435959082155,0.2619487625658609,0.005895043959201533,0,0.0000025088149288410126,0,0,0,0,0,0,0,0,0,0,0,0,0,0,0,0,0,0,0,0,0,0,0,0,0,0,0.6600017309004266,0.9610558444038405,1.621057575304267
5.91,6.557001981445028e-8,2.02460166437349e-9,0.0028898118566887737,0.657982649198265,0,0.6941744519002636,0.00001494510632915839,0.26244467121963605,0.0059001790484493055,0,0.000002510943691602045,0,0,0,0,0,0,0,0,0,0,0,0,0,0,0,0,0,0,0,0,0,0,0,0,0,0,0.6608725286495752,0.9625367582183698,1.623409286867945
5.915,6.562549360606698e-8,2.0165492230989634e-9,0.002892259795421084,0.6588505879968467,0,0.695153753594798,0.00001495777667681483,0.26294078947209243,0.005905314012949575,0,0.0000025130724505963027,0,0,0,0,0,0,0,0,0,0,0,0,0,0,0,0,0,0,0,0,0,0,0,0,0,0,0.6617429154343106,0.9640173279289674,1.625760243363278
5.92,6.568096739768234e-8,2.0085336240398354e-9,0.0028947077315418777,0.6597181174556055,0,0.6961325040477713,0.00001497044700210839,0.2634369595848999,0.0059104488530274816,0,0.00000251520120583335,0,0,0,0,0,0,0,0,0,0,0,0,0,0,0,0,0,0,0,0,0,0,0,0,0,0,0.6626128928766484,0.9654973981339067,1.6281102910105552
5.925,6.573644118929636e-8,2.0005546793682568e-9,0.0028971556650577756,0.6605852391872679,0,0.6971107055810295,0.000014983117305095813,0.26393331071702286,0.005915583569007031,0,0.000002517329957322717,0,0,0,0,0,0,0,0,0,0,0,0,0,0,0,0,0,0,0,0,0,0,0,0,0,0,0.6634824625893215,0.9669771003143218,1.6304595629036434
5.93,6.579191498090906e-8,1.9926122022792818e-9,0.002899603595975375,0.6614519547953474,0,0.6980883605021069,0.000014995787585833639,0.2644298661356846,0.005920718161211092,0,0.000002519458705073906,0,0,0,0,0,0,0,0,0,0,0,0,0,0,0,0,0,0,0,0,0,0,0,0,0,0,0.66435162617585,0.9684564600452935,1.6328080862211434
5.9350000000000005,6.584738877252042e-8,1.9847060069852977e-9,0.0029020515243012497,0.6623182658742142,0,0.6990654711043419,0.000015008457844378215,0.2649266277023842,0.00592585262996141,0,0.000002521587449096382,0,0,0,0,0,0,0,0,0,0,0,0,0,0,0,0,0,0,0,0,0,0,0,0,0,0,0.6652203852306102,0.9699354814819809,1.6351558667125912
5.9399999999999995,6.590286256413046e-8,1.9768359087104864e-9,0.0029044994500419534,0.6631841740091665,0,0.7000420396669965,0.000015021128080785697,0.2654235972995729,0.0059309869755786076,0,0.0000025237161893995813,0,0,0,0,0,0,0,0,0,0,0,0,0,0,0,0,0,0,0,0,0,0,0,0,0,0,0.6660887413389069,0.9714141687864182,1.6375029101253251
5.945,6.595833635573918e-8,1.96900172368527e-9,0.002906947373204017,0.6640496807764984,0,0.7010180684553713,0.000015033798295112069,0.2659207768306741,0.005936121198382192,0,0.0000025258449259929092,0,0,0,0,0,0,0,0,0,0,0,0,0,0,0,0,0,0,0,0,0,0,0,0,0,0,0.6669566960770406,0.9728925261276486,1.6398492222046892
5.949999999999999,6.601381014734655e-8,1.9612032691408473e-9,0.0029093952937939483,0.6649147877435662,0,0.7019935597209189,0.000015046468487413097,0.26641816822010167,0.005941255298690549,0,0.0000025279736588857336,0,0,0,0,0,0,0,0,0,0,0,0,0,0,0,0,0,0,0,0,0,0,0,0,0,0,0.6678242510123735,0.9743705576818575,1.642194808694231
5.955,6.606928393895265e-8,1.953440363303683e-9,0.002911843211818238,0.6657794964688601,0,0.7029685157013604,0.000015059138657744384,0.2669157734132817,0.005946389276820978,0,0.0000025301023880873993,0,0,0,0,0,0,0,0,0,0,0,0,0,0,0,0,0,0,0,0,0,0,0,0,0,0,0.6686914077034027,0.9758482676325089,1.6445396753359116
5.96,6.612475773055739e-8,1.94571282539009e-9,0.0029142911272833473,0.6666438085020667,0,0.7039429386207926,0.000015071808806161335,0.26741359437666934,0.005951523133089653,0,0.0000025322311136072127,0,0,0,0,0,0,0,0,0,0,0,0,0,0,0,0,0,0,0,0,0,0,0,0,0,0,0.6695581676998207,0.9773256601704714,1.6468838278702922
5.965,6.618023152216086e-8,1.9380204756007817e-9,0.0029167390401957207,0.6675077253841376,0,0.704916830689804,0.00001508447893271917,0.2679116330977708,0.005956656867811663,0,0.0000025343598354544517,0,0,0,0,0,0,0,0,0,0,0,0,0,0,0,0,0,0,0,0,0,0,0,0,0,0,0.6704245325425854,0.9788027394941546,1.64922727203674
5.97,6.6235705313763e-8,1.9303631351154835e-9,0.0029191869505617815,0.6683712486473553,0,0.7058901941055821,0.000015097149037472921,0.26840989158516126,0.005961790481301001,0,0.000002536488553638363,0,0,0,0,0,0,0,0,0,0,0,0,0,0,0,0,0,0,0,0,0,0,0,0,0,0,0.6712905037639856,0.9802795098096354,1.6515700135736209
5.975,6.629117910536384e-8,1.92274062608756e-9,0.002921634858387928,0.6692343798153965,0,0.7068630310520221,0.00001510981912047744,0.2689084889917488,0.005966923973870575,0,0.0000025386172681681624,0,0,0,0,0,0,0,0,0,0,0,0,0,0,0,0,0,0,0,0,0,0,0,0,0,0,0.6721560828877041,0.9817560924540301,1.653912175341734
5.98,6.63466528969634e-8,1.9151527716386594e-9,0.0029240827636805404,0.6700971204033981,0,0.7078353436998366,0.000015122489181787404,0.26940731397506595,0.005972057345832207,0,0.000002540745979053035,0,0,0,0,0,0,0,0,0,0,0,0,0,0,0,0,0,0,0,0,0,0,0,0,0,0,0.6730212714288842,0.9832323782558955,1.6562536496847797
5.984999999999999,6.640212668856161e-8,1.9075993958534053e-9,0.0029265306664459758,0.6709594719180199,0,0.7088071342066588,0.00001513515922145728,0.26990635340676056,0.005977190597496638,0,0.0000025428746863021334,0,0,0,0,0,0,0,0,0,0,0,0,0,0,0,0,0,0,0,0,0,0,0,0,0,0,0.673886070894192,0.9847083562448238,1.6585944271390156
5.99,6.645760048015859e-8,1.900080323774078e-9,0.0029289785666905713,0.6718214358575086,0,0.709778404717152,0.00001514782923954138,0.27040560298078853,0.005982323729173543,0,0.000002545003389924582,0,0,0,0,0,0,0,0,0,0,0,0,0,0,0,0,0,0,0,0,0,0,0,0,0,0,0.6747504827818801,0.9861840242597435,1.6609345070416235
5.994999999999999,6.651307427175423e-8,1.8925953813953705e-9,0.00293142646442064,0.6726830137117591,0,0.71074915736311,0.000015160499236093816,0.27090505836037765,0.00598745674117152,0,0.000002547132089929472,0,0,0,0,0,0,0,0,0,0,0,0,0,0,0,0,0,0,0,0,0,0,0,0,0,0,0.6756145085818495,0.9876593800959852,1.6632738886778347
6,6.656854806334862e-8,1.885144395659103e-9,0.002933874359642478,0.6735442069623787,0,0.7117193942635638,0.000015173169211168532,0.2714047151779571,0.005992589633798107,0,0.0000025492607863258664,0,0,0,0,0,0,0,0,0,0,0,0,0,0,0,0,0,0,0,0,0,0,0,0,0,0,0.6764781497757136,0.9891344215053166,1.6656125712810304
6.005,6.662402185494169e-8,1.877727194449043e-9,0.0029363222523623588,0.6744050170827455,0,0.7126891175248821,0.000015185839164819284,0.27190456903508703,0.005997722407359779,0,0.0000025513894791227972,0,0,0,0,0,0,0,0,0,0,0,0,0,0,0,0,0,0,0,0,0,0,0,0,0,0,0.6773414078368569,0.9906091461959728,1.6679505540328297
6.01,6.66794956465335e-8,1.8703436065856786e-9,0.0029387701425865323,0.6752654455380723,0,0.7136583292408726,0.000015198509097099657,0.2724046155023883,0.006002855062161961,0,0.0000025535181683292676,0,0,0,0,0,0,0,0,0,0,0,0,0,0,0,0,0,0,0,0,0,0,0,0,0,0,0.6782042842304981,0.9920835518326883,1.6702878360631863
6.015,6.673496943812403e-8,1.8629934618210585e-9,0.0029412180303212297,0.6761254937854646,0,0.7146270314928826,0.000015211179008063042,0.2729048501194725,0.006007987598509016,0,0.000002555646853954247,0,0,0,0,0,0,0,0,0,0,0,0,0,0,0,0,0,0,0,0,0,0,0,0,0,0,0.6790667804137487,0.9935576360367262,1.6726244164504749
6.02,6.679044322971327e-8,1.8556765908336428e-9,0.002943665915572664,0.6769851632739816,0,0.7155952263498988,0.000015223848897762666,0.2734052683948739,0.006013120016704274,0,0.000002557775536006679,0,0,0,0,0,0,0,0,0,0,0,0,0,0,0,0,0,0,0,0,0,0,0,0,0,0,0.6799288978356741,0.9950313963859108,1.6749602942215849
6.025,6.684591702130127e-8,1.8483928252231877e-9,0.0029461137983470237,0.6778444554446952,0,0.7165629158686447,0.000015236518766251576,0.27390586580597975,0.006018252317050019,0,0.0000025599042144954754,0,0,0,0,0,0,0,0,0,0,0,0,0,0,0,0,0,0,0,0,0,0,0,0,0,0,0.680790637937352,0.9965048304146552,1.6772954683520072
6.029999999999999,6.690139081288797e-8,1.8411419975056382e-9,0.0029485616786504775,0.6787033717307471,0,0.7175301020936771,0.000015249188613582636,0.27440652929096604,0.006023384499847492,0,0.0000025620328894295185,0,0,0,0,0,0,0,0,0,0,0,0,0,0,0,0,0,0,0,0,0,0,0,0,0,0,0.6816520021519303,0.9979778271059936,1.679629829257924
6.035,6.695686460447343e-8,1.833923941108066e-9,0.0029510095564891765,0.67956191355741,0,0.7184967870574845,0.000015261858439808548,0.2749073525499639,0.006028516565396909,0,0.000002564161560817662,0,0,0,0,0,0,0,0,0,0,0,0,0,0,0,0,0,0,0,0,0,0,0,0,0,0,0.6825129919046877,0.9994504821928459,1.6819634740975338
6.04,6.701233839605764e-8,1.8267384903636174e-9,0.0029534574318692474,0.6804200823421418,0,0.7194629727805819,0.000015274528244981824,0.2754083519060806,0.006033648513997454,0,0.0000025662902286687296,0,0,0,0,0,0,0,0,0,0,0,0,0,0,0,0,0,0,0,0,0,0,0,0,0,0,0.6833736086130879,1.0009228140191335,1.6842964226322215
6.045,6.706781218764056e-8,1.819585480506497e-9,0.0029559053047967985,0.6812778794946444,0,0.7204286612716025,0.000015287198029154806,0.2759095288538315,0.006038780345947285,0,0.000002568418892991515,0,0,0,0,0,0,0,0,0,0,0,0,0,0,0,0,0,0,0,0,0,0,0,0,0,0,0.6842338536868389,1.0023948260883035,1.6866286797751424
6.05,6.712328597922223e-8,1.8124647476669636e-9,0.0029583531752779176,0.6821353064169201,0,0.7213938545273946,0.000015299867792379666,0.2764108849053098,0.006043912061543547,0,0.000002570547553794783,0,0,0,0,0,0,0,0,0,0,0,0,0,0,0,0,0,0,0,0,0,0,0,0,0,0,0.6850937285279488,1.0038665219095941,1.688960250437543
6.055,6.717875977080264e-8,1.8053761288663667e-9,0.002960801043318674,0.6829923645033276,0,0.7223585545331126,0.000015312537534708414,0.27691242159019563,0.006049043661082364,0,0.000002572676211087272,0,0,0,0,0,0,0,0,0,0,0,0,0,0,0,0,0,0,0,0,0,0,0,0,0,0,0.685953234530782,1.0053379049981364,1.6912911395289183
6.0600000000000005,6.723423356238182e-8,1.7983194620121902e-9,0.0029632489089251144,0.6838490551406363,0,0.7233227632623084,0.000015325207256192863,0.2774141404557636,0.0060541751448588525,0,0.0000025748048648776877,0,0,0,0,0,0,0,0,0,0,0,0,0,0,0,0,0,0,0,0,0,0,0,0,0,0,0.6868123730821144,1.0068089788750518,1.6936213519571663
6.0649999999999995,6.728970735395975e-8,1.7912945858931404e-9,0.002965696772103266,0.6847053797080827,0,0.724286482677022,0.000015337876956884666,0.2779160430668924,0.006059306513167119,0,0.0000025769335151747094,0,0,0,0,0,0,0,0,0,0,0,0,0,0,0,0,0,0,0,0,0,0,0,0,0,0,0.6876711455611878,1.0082797470675535,1.6959508926287414
6.07,6.734518114553643e-8,1.78430134017424e-9,0.0029681446328591373,0.6855613395774247,0,0.7252497147278726,0.00001535054663683532,0.2784181310060722,0.006064437766300275,0,0.0000025790621619869864,0,0,0,0,0,0,0,0,0,0,0,0,0,0,0,0,0,0,0,0,0,0,0,0,0,0,0.6885295533397663,1.009750213109044,1.69827976644881
6.074999999999999,6.740065493711188e-8,1.7773395653919577e-9,0.0029705924911987173,0.6864169361129943,0,0.726212461354146,0.000015363216296096128,0.27892040587341077,0.006069568904550427,0,0.0000025811908053231405,0,0,0,0,0,0,0,0,0,0,0,0,0,0,0,0,0,0,0,0,0,0,0,0,0,0,0.6893875977821875,1.0112203805392086,1.700607978321396
6.08,6.745612872868607e-8,1.7704091029493534e-9,0.0029730403471279728,0.687272170671752,0,0.7271747244838828,0.000015375885934718237,0.2794228692866421,0.0060746999282086924,0,0.0000025833194451917636,0,0,0,0,0,0,0,0,0,0,0,0,0,0,0,0,0,0,0,0,0,0,0,0,0,0,0.6902452802454178,1.0126902529041135,1.7029355331495313
6.085,6.751160252025903e-8,1.7635097951112732e-9,0.0029754882006528542,0.6881270446033404,0,0.7281365060339661,0.000015388555552752635,0.27992560714370435,0.006079830837565197,0,0.0000025854480816014227,0,0,0,0,0,0,0,0,0,0,0,0,0,0,0,0,0,0,0,0,0,0,0,0,0,0,0.6911026020791056,1.0141599180188698,1.7052625200979754
6.09,6.756707631183077e-8,1.7566414849995233e-9,0.002977936051779288,0.6889815592501353,0,0.7290978079102078,0.000015401225150250115,0.2804285646282266,0.006084961632909081,0,0.0000025875767145606524,0,0,0,0,0,0,0,0,0,0,0,0,0,0,0,0,0,0,0,0,0,0,0,0,0,0,0.6919595646256324,1.0156293229732085,1.707588887598841
6.095,6.762255010340127e-8,1.7498040165881114e-9,0.0029803839005131875,0.6898357159472983,0,0.7300586320074343,0.000015413894727261318,0.2809317066346379,0.0060900923145285075,0,0.0000025897053440779603,0,0,0,0,0,0,0,0,0,0,0,0,0,0,0,0,0,0,0,0,0,0,0,0,0,0,0.6928161692201655,1.017098434556672,1.7099146037768376
6.1,6.767802389497057e-8,1.742997234698497e-9,0.002982831746860441,0.6906895160228292,0,0.7310189802095702,0.000015426564283836736,0.2814350292228416,0.00609522288271066,0,0.000002591833970161829,0,0,0,0,0,0,0,0,0,0,0,0,0,0,0,0,0,0,0,0,0,0,0,0,0,0,0.6936724171907108,1.0185672507133765,1.7122396679040874
6.105,6.773349768653868e-8,1.7362209849948462e-9,0.0029852795908269195,0.6915429607976158,0,0.7319788543897233,0.00001543923382002667,0.2819385284260704,0.006100353337741751,0,0.0000025939625928207104,0,0,0,0,0,0,0,0,0,0,0,0,0,0,0,0,0,0,0,0,0,0,0,0,0,0,0.6945283098581614,1.0200357693499484,1.7145640792081098
6.109999999999999,6.778897147810548e-8,1.7294751139793598e-9,0.002987727432418473,0.6923960515854846,0,0.7329382564102653,0.000015451903335881247,0.28244220025082495,0.0061054836799070205,0,0.0000025960912120630268,0,0,0,0,0,0,0,0,0,0,0,0,0,0,0,0,0,0,0,0,0,0,0,0,0,0,0.6953838485363496,1.0215039883355452,1.7168878368718947
6.115,6.784444526967112e-8,1.7227594689875573e-9,0.0029901752716409375,0.6932487896932529,0,0.7338971881229184,0.000015464572831450476,0.2829460406768097,0.006110613909490756,0,0.0000025982198278971786,0,0,0,0,0,0,0,0,0,0,0,0,0,0,0,0,0,0,0,0,0,0,0,0,0,0,0.6962390345320986,1.022971905501878,1.7192109400339766
6.119999999999999,6.789991906123554e-8,1.7160738981836572e-9,0.002992623108500125,0.6941011764207758,0,0.7348556513688317,0.000015477242306784156,0.28345004565687165,0.0061157440267762654,0,0.000002600348440331534,0,0,0,0,0,0,0,0,0,0,0,0,0,0,0,0,0,0,0,0,0,0,0,0,0,0,0.6970938691452689,1.0244395186432267,1.7215333877884955
6.125,6.795539285279875e-8,1.7094182505559197e-9,0.0029950709430018293,0.6949532130609976,0,0.7358136479786653,0.00001548991176193194,0.28395421111694014,0.006120874032045919,0,0.000002602477049374435,0,0,0,0,0,0,0,0,0,0,0,0,0,0,0,0,0,0,0,0,0,0,0,0,0,0,0.6979483536688105,1.0259068255164627,1.7238551791852732
6.13,6.801086664436073e-8,1.70279237591206e-9,0.0029975187751518258,0.6958049008999991,0,0.7367711797726685,0.000015502581196943327,0.28445853295595924,0.006126003925581128,0,0.000002604605655034197,0,0,0,0,0,0,0,0,0,0,0,0,0,0,0,0,0,0,0,0,0,0,0,0,0,0,0.6988024893888101,1.0273738238410608,1.7261763132298709
6.135,6.806634043592155e-8,1.696196124874651e-9,0.002999966604955873,0.6966562412170475,0,0.7377282485607596,0.00001551525061186764,0.28496300704583233,0.006131133707662355,0,0.0000026067342573191087,0,0,0,0,0,0,0,0,0,0,0,0,0,0,0,0,0,0,0,0,0,0,0,0,0,0,0.6996562775845399,1.0288405112991235,1.7284967888836633
6.14,6.812181422748115e-8,1.6896293488765697e-9,0.0030024144324197065,0.6975072352846434,0,0.738684856142604,0.000015527920006754043,0.28546750100096546,0.0061362633785691165,0,0.0000026088628562374293,0,0,0,0,0,0,0,0,0,0,0,0,0,0,0,0,0,0,0,0,0,0,0,0,0,0,0.7005097195285067,1.0303067573050015,1.7308164768335081
6.145,6.817728801903954e-8,1.683091900156464e-9,0.0030048622575490455,0.6983578843685685,0,0.7396410043076918,0.00001554058938165155,0.2859720026954071,0.006141392938579995,0,0.000002610991451797394,0,0,0,0,0,0,0,0,0,0,0,0,0,0,0,0,0,0,0,0,0,0,0,0,0,0,0.7013628164864975,1.0317725515225122,1.7331353680090098
6.15,6.823276181059673e-8,1.676583631754237e-9,0.0030073100803495933,0.6992081897279331,0,0.7405966948354145,0.000015553258736609007,0.2864766613805228,0.006146522387972634,0,0.000002613120044007208,0,0,0,0,0,0,0,0,0,0,0,0,0,0,0,0,0,0,0,0,0,0,0,0,0,0,0.7022155697176281,1.0332380449826903,1.7354536147003183
6.154999999999999,6.828823560215273e-8,1.6701043975065646e-9,0.0030097579008270285,0.7000581526152218,0,0.7415519294951407,0.0000155659280716751,0.2869814856635571,0.00615165172702374,0,0.000002615248632875053,0,0,0,0,0,0,0,0,0,0,0,0,0,0,0,0,0,0,0,0,0,0,0,0,0,0,0.7030679804743888,1.034703248062426,1.7377712285368148
6.16,6.834370939370755e-8,1.6636540520424212e-9,0.0030122057189870158,0.700907774276342,0,0.7425067100462927,0.000015578597386898364,0.2874864842241488,0.0061567809560091,0,0.0000026173772184090816,0,0,0,0,0,0,0,0,0,0,0,0,0,0,0,0,0,0,0,0,0,0,0,0,0,0,0.7039200500026924,1.036168171201056,1.7400882212037483
6.165,6.839918318526116e-8,1.657232450778646e-9,0.0030146535348352017,0.7017570559506675,0,0.7434610382384209,0.00001559126668232717,0.2879916658144124,0.006161910075203576,0,0.000002619505800617422,0,0,0,0,0,0,0,0,0,0,0,0,0,0,0,0,0,0,0,0,0,0,0,0,0,0,0.7047717795419184,1.0376328249005198,1.7424046044424382
6.17,6.845465697681362e-8,1.6508394499155218e-9,0.0030171013483772115,0.7026059988710851,0,0.7444149158112765,0.000015603935958009727,0.28849703925902254,0.006167039084881102,0,0.000002621634379508174,0,0,0,0,0,0,0,0,0,0,0,0,0,0,0,0,0,0,0,0,0,0,0,0,0,0,0.7056231703249587,1.0390972197255175,1.7447203900504762
6.175,6.851013076836489e-8,1.6444749064323857e-9,0.003019549159618656,0.7034546042640396,0,0.7453683444948851,0.0000156166052139941,0.28900261345530287,0.0061721679853147015,0,0.000002623762955089412,0,0,0,0,0,0,0,0,0,0,0,0,0,0,0,0,0,0,0,0,0,0,0,0,0,0,0.706474223578264,1.0405613663036717,1.7470355898819356
6.18,6.856560455991498e-8,1.6381386780832492e-9,0.0030219969685651217,0.7043028733495781,0,0.7463213260096216,0.000015629274450328195,0.28950839737331224,0.00617729677677649,0,0.0000026258915273691857,0,0,0,0,0,0,0,0,0,0,0,0,0,0,0,0,0,0,0,0,0,0,0,0,0,0,0.7073249405218864,1.0420252753256882,1.7493502158475747
6.1850000000000005,6.86210783514639e-8,1.6318306233924499e-9,0.0030244447752221836,0.7051508073413949,0,0.7472738620662785,0.000015641943667059755,0.2900144000559332,0.006182425459537658,0,0.000002628020096355515,0,0,0,0,0,0,0,0,0,0,0,0,0,0,0,0,0,0,0,0,0,0,0,0,0,0,0.7081753223695261,1.0434889575455126,1.7516642799150386
6.1899999999999995,6.867655214301162e-8,1.6255506016503403e-9,0.003026892579595394,0.7059984074468756,0,0.7482259543661391,0.000015654612864236363,0.2905206306189627,0.006187554033868508,0,0.000002630148662056396,0,0,0,0,0,0,0,0,0,0,0,0,0,0,0,0,0,0,0,0,0,0,0,0,0,0,0.7090253703285737,1.0449524237804966,1.7539777941090704
6.195,6.873202593455822e-8,1.6192984729089616e-9,0.0030293403816902932,0.70684567486714,0,0.7491776046010494,0.000015667282041905477,0.29102713827016985,0.006192682500038438,0,0.000002632277224479801,0,0,0,0,0,0,0,0,0,0,0,0,0,0,0,0,0,0,0,0,0,0,0,0,0,0,0.7098750856001548,1.0464157249305241,1.756290810530679
6.199999999999999,6.87874997261036e-8,1.613074097977789e-9,0.0030317881815123938,0.7076926107970847,0,0.7501288144534843,0.000015679951200114368,0.2915341888141071,0.006197810858315941,0,0.000002634405783633673,0,0,0,0,0,0,0,0,0,0,0,0,0,0,0,0,0,0,0,0,0,0,0,0,0,0,0.7107244693791709,1.047879128482891,1.758603597862062
6.205,6.884297351764788e-8,1.6068773384194517e-9,0.0030342359790672016,0.7085392164254289,0,0.7510795855966209,0.000015692620338910175,0.2920414793396585,0.0062029391089686225,0,0.0000026365343395259323,0,0,0,0,0,0,0,0,0,0,0,0,0,0,0,0,0,0,0,0,0,0,0,0,0,0,0.7115735228543469,1.0493423331999265,1.7609158560542735
6.21,6.889844730919095e-8,1.6007080565455202e-9,0.003036683774360196,0.7093854929347517,0,0.7520299196944029,0.000015705289458339872,0.2925490034394272,0.0062080672522631985,0,0.0000026386628921644696,0,0,0,0,0,0,0,0,0,0,0,0,0,0,0,0,0,0,0,0,0,0,0,0,0,0,0.7124222472082673,1.0508053343384438,1.763227581546711
6.215,6.895392110073285e-8,1.5945661154122786e-9,0.003039131567396844,0.71023144150154,0,0.7529798184016134,0.0000157179585584503,0.2930567546580563,0.006213195288465496,0,0.0000026407914415571545,0,0,0,0,0,0,0,0,0,0,0,0,0,0,0,0,0,0,0,0,0,0,0,0,0,0,0.7132706436174241,1.052268127098135,1.7655387707155592
6.22,6.900939489227362e-8,1.5884513788165444e-9,0.003041579358182591,0.7110770632962252,0,0.7539292833639376,0.000015730627639288117,0.29356472649212184,0.006218323217840461,0,0.000002642919987711829,0,0,0,0,0,0,0,0,0,0,0,0,0,0,0,0,0,0,0,0,0,0,0,0,0,0,0.7141187132522541,1.0537307066215267,1.7678494198737806
6.225,6.906486868381322e-8,1.5823637112914923e-9,0.0030440271467228703,0.7119223594832282,0,0.7548783162180325,0.00001574329670089987,0.29407291239002625,0.006223451040652159,0,0.00000264504853063631,0,0,0,0,0,0,0,0,0,0,0,0,0,0,0,0,0,0,0,0,0,0,0,0,0,0,0.7149664572771836,1.0551930679939425,1.7701595252711262
6.23,6.912034247535172e-8,1.5763029781025232e-9,0.0030464749330230932,0.7127673312209983,0,0.7558269185915921,0.00001575596574333194,0.2945813057518948,0.006228578757163791,0,0.000002647177070338391,0,0,0,0,0,0,0,0,0,0,0,0,0,0,0,0,0,0,0,0,0,0,0,0,0,0,0.7158138768506669,1.0566552062434642,1.7724690830941312
6.234999999999999,6.917581626688902e-8,1.5702690452431359e-9,0.003048922717088653,0.7136119796620535,0,0.7567750921034117,0.00001576863476663053,0.29508989992947093,0.006233706367637662,0,0.0000026493056068258364,0,0,0,0,0,0,0,0,0,0,0,0,0,0,0,0,0,0,0,0,0,0,0,0,0,0,0.7166609731252275,1.0581171163408938,1.7747780894661211
6.24,6.92312900584252e-8,1.564261779430817e-9,0.00305137049892493,0.714456305953024,0,0.7577228383634554,0.000015781303770841743,0.29559868822601304,0.006238833872335238,0,0.0000026514341401063898,0,0,0,0,0,0,0,0,0,0,0,0,0,0,0,0,0,0,0,0,0,0,0,0,0,0,0.7175077472475008,1.0595787931997147,1.7770865404472156
6.244999999999999,6.928676384996022e-8,1.5582810481029875e-9,0.003053818278537283,0.7153003112346871,0,0.7586701589729179,0.000015793972756011497,0.29610766389619264,0.006243961271517101,0,0.000002653562670187767,0,0,0,0,0,0,0,0,0,0,0,0,0,0,0,0,0,0,0,0,0,0,0,0,0,0,0.7183542003582692,1.0610402316760539,1.7793944320343231
6.25,6.934223764149413e-8,1.5523267194129185e-9,0.003056266055931058,0.7161439966420122,0,0.7596170555242897,0.000015806641722185594,0.29661682014599344,0.006249088565442982,0,0.0000026556911970776627,0,0,0,0,0,0,0,0,0,0,0,0,0,0,0,0,0,0,0,0,0,0,0,0,0,0,0.7192003335925076,1.0625014265686454,1.7817017601611531
6.255,6.939771143302689e-8,1.5463986622257232e-9,0.003058713831111578,0.7169873633041954,0,0.7605635296014188,0.00001581931066940966,0.2971260638591312,0.006254215754371751,0,0.0000026578197207837432,0,0,0,0,0,0,0,0,0,0,0,0,0,0,0,0,0,0,0,0,0,0,0,0,0,0,0.7200461480794171,1.0639622863453118,1.784008434424729
6.26,6.945318522455851e-8,1.5404967461143276e-9,0.003061161604084154,0.7178304123447016,0,0.7615095827795749,0.000015831979597729185,0.2976354320015142,0.0062593428385614245,0,0.0000026599482413136505,0,0,0,0,0,0,0,0,0,0,0,0,0,0,0,0,0,0,0,0,0,0,0,0,0,0,0.7208916449424677,1.0654228495474896,1.7863144944899574
6.265,6.950865901608899e-8,1.5346208413554858e-9,0.0030636093748540793,0.718673144881302,0,0.76245521662551,0.00001584464850718952,0.29814496928716805,0.006264469818269173,0,0.000002662076758675006,0,0,0,0,0,0,0,0,0,0,0,0,0,0,0,0,0,0,0,0,0,0,0,0,0,0,0.7217368252994358,1.066883162456213,1.7886199877556488
6.27,6.956413280761834e-8,1.5287708189258183e-9,0.003066057143426628,0.7195155620261116,0,0.7634004326975211,0.00001585731739783587,0.298654674800216,0.006269596693751314,0,0.0000026642052728754025,0,0,0,0,0,0,0,0,0,0,0,0,0,0,0,0,0,0,0,0,0,0,0,0,0,0,0.7225816902624419,1.0683432257141592,1.7909249159766012
6.275,6.961960659914664e-8,1.522946550497848e-9,0.00306850490980706,0.7203576648856292,0,0.7643452325455099,0.0000158699862697133,0.29916454762135186,0.006274723465263332,0,0.0000026663337839224117,0,0,0,0,0,0,0,0,0,0,0,0,0,0,0,0,0,0,0,0,0,0,0,0,0,0,0.7234262409379895,1.069803039952179,1.7932292808901684
6.279999999999999,6.967508039067372e-8,1.5171479084360987e-9,0.003070952674000615,0.721199454560772,0,0.7652896177110422,0.000015882655122866696,0.29967458682780795,0.006279850133059856,0,0.000002668462291823576,0,0,0,0,0,0,0,0,0,0,0,0,0,0,0,0,0,0,0,0,0,0,0,0,0,0,0.7242704784270009,1.0712626057893246,1.7955330842163255
6.285,6.973055418219971e-8,1.5113747657931706e-9,0.003073400436012519,0.7220409321469167,0,0.7662335897274113,0.00001589532395734085,0.3001847914933209,0.006284976697394695,0,0.0000026705907965864208,0,0,0,0,0,0,0,0,0,0,0,0,0,0,0,0,0,0,0,0,0,0,0,0,0,0,0.7251144038248581,1.0727219238328807,1.797836327657739
6.29,6.97860279737246e-8,1.5056269963058668e-9,0.0030758481958479814,0.722882098733933,0,0.7671771501196929,0.000015907992773180384,0.3006951606880946,0.006290103158520821,0,0.0000026727192982184423,0,0,0,0,0,0,0,0,0,0,0,0,0,0,0,0,0,0,0,0,0,0,0,0,0,0,0.725958018221436,1.0741809946783798,1.8001390128998158
6.295,6.984150176524834e-8,1.499904474391332e-9,0.0030782959535121937,0.7237229554062224,0,0.7681203004048065,0.000015920661570429783,0.3012056934787668,0.006295229516690369,0,0.000002674847796727114,0,0,0,0,0,0,0,0,0,0,0,0,0,0,0,0,0,0,0,0,0,0,0,0,0,0,0.7268013227011408,1.0756398189096308,1.8024411416107715
6.3,6.9896975556771e-8,1.4942070751432109e-9,0.00308074370901033,0.7245635032427541,0,0.7690630420915727,0.00001593333034913339,0.30171638892837344,0.0063003557721546585,0,0.0000026769762921198873,0,0,0,0,0,0,0,0,0,0,0,0,0,0,0,0,0,0,0,0,0,0,0,0,0,0,0.7276443183429471,1.077098397098742,1.804742715441689
6.305,6.995244934829255e-8,1.4885346743278302e-9,0.0030831914623475508,0.725403743317101,0,0.7700053766807707,0.00001594599910933541,0.30222724609631413,0.006305481925164183,0,0.000002679104784404189,0,0,0,0,0,0,0,0,0,0,0,0,0,0,0,0,0,0,0,0,0,0,0,0,0,0,0.7284870062204326,1.078556729806143,1.8070437360265754
6.3100000000000005,7.000792313981302e-8,1.4828871483803931e-9,0.003085639213529,0.726243676697475,0,0.7709473056651961,0.000015958667851079908,0.30273826134026577,0.006310607975968617,0,0.0000026812332735874226,0,0,0,0,0,0,0,0,0,0,0,0,0,0,0,0,0,0,0,0,0,0,0,0,0,0,0.7293293874018143,1.080014814882555,1.8093442022843693
6.3149999999999995,7.006339693133233e-8,1.4772643744012212e-9,0.003088086962559799,0.7270833044467634,0,0.7718888305297151,0.000015971336574410798,0.3032494079400858,0.006315733924816815,0,0.000002683361759676965,0,0,0,0,0,0,0,0,0,0,0,0,0,0,0,0,0,0,0,0,0,0,0,0,0,0,0.7301714629499845,1.0814726270929518,1.8116440900429363
6.32,7.011887072285056e-8,1.471666230151971e-9,0.003090534709445063,0.7279226276225635,0,0.7728299527513253,0.00001598400527937187,0.30376071476500355,0.00632085977195683,0,0.000002685490242680175,0,0,0,0,0,0,0,0,0,0,0,0,0,0,0,0,0,0,0,0,0,0,0,0,0,0,0.7310132339225456,1.0829301967838076,1.8139434307063533
6.324999999999999,7.017434451436771e-8,1.4660925940519244e-9,0.0030929824541898834,0.7287616472772178,0,0.7737706737992058,0.000015996673966006763,0.30427218226888253,0.006325985517635895,0,0.0000026876187226043833,0,0,0,0,0,0,0,0,0,0,0,0,0,0,0,0,0,0,0,0,0,0,0,0,0,0,0.7318547013718448,1.0843875258784128,1.8162422272502576
6.33,7.022981830588374e-8,1.4605433451742546e-9,0.003095430196799338,0.729600364457848,0,0.7747109951347769,0.000016009342634358994,0.30478381091225676,0.006331111162100442,0,0.0000026897471994569006,0,0,0,0,0,0,0,0,0,0,0,0,0,0,0,0,0,0,0,0,0,0,0,0,0,0,0.732695866345009,1.085844616298968,1.8185404826439768
6.335,7.028529209739867e-8,1.4550183632423428e-9,0.003097877937278489,0.7304387802063905,0,0.7756509182117514,0.000016022011284471916,0.30529560116230464,0.0063362367055961035,0,0.0000026918756732450125,0,0,0,0,0,0,0,0,0,0,0,0,0,0,0,0,0,0,0,0,0,0,0,0,0,0,0.7335367298839794,1.08730146996661,1.8208381998505894
6.34,7.034076588891252e-8,1.4495175286260924e-9,0.0031003256756323813,0.7312768955596292,0,0.7765904444761904,0.000016034679916388774,0.305807553492827,0.006341362148367709,0,0.000002694004143975983,0,0,0,0,0,0,0,0,0,0,0,0,0,0,0,0,0,0,0,0,0,0,0,0,0,0,0.7343772930255449,1.0887580888014454,1.8231353818269902
6.345,7.039623968042528e-8,1.4440407223382942e-9,0.0031027734118660457,0.7321147115492299,0,0.7775295753665569,0.000016047348530152652,0.3063196683842233,0.006346487490659294,0,0.0000026961326116570525,0,0,0,0,0,0,0,0,0,0,0,0,0,0,0,0,0,0,0,0,0,0,0,0,0,0,0.7352175568013763,1.0902144747225813,1.8254320315239576
6.35,7.045171347193697e-8,1.4385878260309682e-9,0.0031052211459844958,0.7329522292017738,0,0.7784683123137689,0.00001606001712580652,0.3068319463234653,0.0063516127327141,0,0.0000026982610762954382,0,0,0,0,0,0,0,0,0,0,0,0,0,0,0,0,0,0,0,0,0,0,0,0,0,0,0.7360575222380596,1.0916706296481504,1.82772815188621
6.355,7.050718726344758e-8,1.4331587219917762e-9,0.00310766887799273,0.7337894495387907,0,0.7794066567412511,0.000016072685703393193,0.3073443878040741,0.006356737874774583,0,0.0000027003895378983357,0,0,0,0,0,0,0,0,0,0,0,0,0,0,0,0,0,0,0,0,0,0,0,0,0,0,0.7368971903571294,1.0931265554953409,1.8300237458524702
6.359999999999999,7.056266105495707e-8,1.4277532931404035e-9,0.003110116607895729,0.7346263735767913,0,0.7803446100649881,0.00001608535426295536,0.3078569933260934,0.006361862917082406,0,0.0000027025179964729155,0,0,0,0,0,0,0,0,0,0,0,0,0,0,0,0,0,0,0,0,0,0,0,0,0,0,0.7377365621751013,1.0945822541804233,1.8323188163555246
6.365,7.061813484646553e-8,1.422371423025003e-9,0.0031125643356984616,0.7354630023273009,0,0.781282173693577,0.00001609802280453558,0.3083697633960655,0.00636698785987846,0,0.000002704646452026329,0,0,0,0,0,0,0,0,0,0,0,0,0,0,0,0,0,0,0,0,0,0,0,0,0,0,0.7385756387035056,1.0960377276187776,1.8346133663222832
6.369999999999999,7.067360863797288e-8,1.4170129958186404e-9,0.0031150120614058772,0.736299336796891,0,0.7822193490282756,0.000016110691328176268,0.30888271627682107,0.006372112703402846,0,0.000002706774904565701,0,0,0,0,0,0,0,0,0,0,0,0,0,0,0,0,0,0,0,0,0,0,0,0,0,0,0.7394144209489184,1.0974929954747321,1.8369074164236505
6.375,7.072908242947917e-8,1.4116778963157456e-9,0.003117459785022914,0.737135377987212,0,0.7831561374630581,0.000016123359833919712,0.3093958598425794,0.006377237447894893,0,0.000002708903354098139,0,0,0,0,0,0,0,0,0,0,0,0,0,0,0,0,0,0,0,0,0,0,0,0,0,0,0.7402529099129952,1.0989480670167204,1.8392009769297157
6.38,7.07845562209844e-8,1.4063660099286178e-9,0.003119907506554488,0.7379711268950246,0,0.7840925403846606,0.000016136028321808063,0.30990916705703614,0.006382362093593155,0,0.0000027110318006307233,0,0,0,0,0,0,0,0,0,0,0,0,0,0,0,0,0,0,0,0,0,0,0,0,0,0,0.7410911065925013,1.1004029165954123,1.8414940231879138
6.385,7.084003001248853e-8,1.4010772226839208e-9,0.0031223552260055067,0.7388065845122318,0,0.7850285591726343,0.000016148696791883346,0.31042263652908375,0.006387486640735421,0,0.000002713160244170514,0,0,0,0,0,0,0,0,0,0,0,0,0,0,0,0,0,0,0,0,0,0,0,0,0,0,0.7419290119793445,1.1018575441994896,1.843786556178834
6.39,7.089550380399162e-8,1.3958114212192072e-9,0.0031248029433808585,0.7396417518259096,0,0.7859641951993942,0.000016161365244187454,0.31093626685990844,0.0063926110895587045,0,0.00000271528868472455,0,0,0,0,0,0,0,0,0,0,0,0,0,0,0,0,0,0,0,0,0,0,0,0,0,0,0.7427666270606058,1.1033119498027903,1.846078576863396
6.395,7.095097759549363e-8,1.3905684927794695e-9,0.0031272506586854177,0.7404766298183391,0,0.7868994498302678,0.00001617403367876214,0.3114500566429428,0.006397735440299264,0,0.000002717417122299846,0,0,0,0,0,0,0,0,0,0,0,0,0,0,0,0,0,0,0,0,0,0,0,0,0,0,0.7436039528185706,1.1047661333643108,1.8483700861828813
6.4,7.100645138699463e-8,1.3853483252136982e-9,0.0031296983719240434,0.7413112194670368,0,0.7878343244235445,0.000016186702095649038,0.31196400446382133,0.006402859693192591,0,0.000002719545556903398,0,0,0,0,0,0,0,0,0,0,0,0,0,0,0,0,0,0,0,0,0,0,0,0,0,0,0.7444409902307605,1.1062200948282108,1.8506610850589713
6.404999999999999,7.10619251784945e-8,1.3801508069714684e-9,0.003132146083101576,0.7421455217447845,0,0.7887688203305225,0.000016199370494889625,0.3124781089003296,0.006407983848473419,0,0.0000027216739885421733,0,0,0,0,0,0,0,0,0,0,0,0,0,0,0,0,0,0,0,0,0,0,0,0,0,0,0.7452777402699621,1.107673834123809,1.8529515743937712
6.41,7.111739896999335e-8,1.37497582709954e-9,0.0031345937922228483,0.742979537619662,0,0.7897029388955598,0.000016212038876525297,0.31299236852236245,0.006413107906375731,0,0.0000027238024172231287,0,0,0,0,0,0,0,0,0,0,0,0,0,0,0,0,0,0,0,0,0,0,0,0,0,0,0.7461142039042595,1.1091273511655917,1.8552415550698513
6.415,7.117287276149113e-8,1.3698232752384792e-9,0.0031370414992926694,0.7438132680550733,0,0.7906366814561163,0.000016224707240597272,0.31350678189187003,0.006418231867132757,0,0.0000027259308429531872,0,0,0,0,0,0,0,0,0,0,0,0,0,0,0,0,0,0,0,0,0,0,0,0,0,0,0.746950382097062,1.1105806458532026,1.8575310279502646
6.42,7.122834655298789e-8,1.3646930416193046e-9,0.00313948920431584,0.7446467140097809,0,0.7915700493428074,0.000016237375587146667,0.3140213475628159,0.006423355730976975,0,0.0000027280592657392583,0,0,0,0,0,0,0,0,0,0,0,0,0,0,0,0,0,0,0,0,0,0,0,0,0,0,0.7477862758071363,1.1120337180714532,1.8598199938785895
6.425,7.128382034448358e-8,1.359585017060136e-9,0.0031419369072971442,0.7454798764379321,0,0.7925030438794456,0.000016250043916214464,0.3145360640811257,0.006428479498140125,0,0.000002730187685588227,0,0,0,0,0,0,0,0,0,0,0,0,0,0,0,0,0,0,0,0,0,0,0,0,0,0,0.7486218859886347,1.1134865676903132,1.8621084536789478
6.43,7.133929413597822e-8,1.3544990929628804e-9,0.0031443846082413475,0.7463127562890901,0,0.7934356663830885,0.000016262712227841514,0.3150509620369262,0.006433603168853192,0,0.000002732316102506956,0,0,0,0,0,0,0,0,0,0,0,0,0,0,0,0,0,0,0,0,0,0,0,0,0,0,0.7494572135911247,1.1149392266171982,1.8643964402083228
6.4350000000000005,7.139476792747183e-8,1.3494351613099236e-9,0.0031468323071532065,0.747145354508263,0,0.7943679181640853,0.000016275380522068552,0.31556602609377976,0.006438726743346438,0,0.0000027344445165022903,0,0,0,0,0,0,0,0,0,0,0,0,0,0,0,0,0,0,0,0,0,0,0,0,0,0,0.7502922595596193,1.11639168082625,1.8666839403858693
6.4399999999999995,7.145024171896438e-8,1.3443931146608597e-9,0.0031492800040374574,0.7479776720359306,0,0.7952998005261204,0.000016288048798936155,0.31608123325616166,0.00644385022184937,0,0.0000027365729275810463,0,0,0,0,0,0,0,0,0,0,0,0,0,0,0,0,0,0,0,0,0,0,0,0,0,0,0.7511270248346029,1.117843908625858,1.868970933460461
6.445,7.150571551045591e-8,1.3393728461491998e-9,0.003151727698898826,0.7488097098080778,0,0.796231314766261,0.000016300717058484817,0.31659657980200634,0.006448973604590779,0,0.0000027387013357500295,0,0,0,0,0,0,0,0,0,0,0,0,0,0,0,0,0,0,0,0,0,0,0,0,0,0,0.751961510352065,1.1192959075912523,1.8712574179433172
6.449999999999999,7.156118930194641e-8,1.3343742494791458e-9,0.0031541753917420203,0.7496414687562174,0,0.7971624621749999,0.000016313385300754885,0.31711206198488473,0.006454096891798708,0,0.0000027408297410160147,0,0,0,0,0,0,0,0,0,0,0,0,0,0,0,0,0,0,0,0,0,0,0,0,0,0,0.752795717043523,1.1207476752667251,1.873543392310248
6.455,7.161666309343585e-8,1.3293972189223565e-9,0.0031566230825717367,0.7504729498074226,0,0.7980932440363,0.00001632605352578657,0.3176276760339363,0.006459220083700491,0,0.0000027429581433857627,0,0,0,0,0,0,0,0,0,0,0,0,0,0,0,0,0,0,0,0,0,0,0,0,0,0,0.7536296458360546,1.122199209165606,1.8758288550016604
6.46,7.167213688492429e-8,1.3244416493147296e-9,0.003159070771392654,0.7513041538843531,0,0.799023661627639,0.000016338721733619973,0.3181434181537975,0.00646434318052272,0,0.000002745086542866008,0,0,0,0,0,0,0,0,0,0,0,0,0,0,0,0,0,0,0,0,0,0,0,0,0,0,0.7544632976523243,1.1236505067702358,1.87811380442256
6.465,7.172761067641168e-8,1.3195074360532139e-9,0.0031615184582094377,0.7521350819052833,0,0.7999537162200518,0.000016351389924295065,0.3186592845245355,0.006469466182491273,0,0.000002747214939463466,0,0,0,0,0,0,0,0,0,0,0,0,0,0,0,0,0,0,0,0,0,0,0,0,0,0,0.7552966734106109,1.1251015655319423,1.8803982389425533
6.47,7.178308446789804e-8,1.3145944750926352e-9,0.003163966143026741,0.7529657347841302,0,0.8008834090781757,0.0000163640580978517,0.31917527130157686,0.006474589089831309,0,0.0000027493433331848336,0,0,0,0,0,0,0,0,0,0,0,0,0,0,0,0,0,0,0,0,0,0,0,0,0,0,0.7561297740248358,1.126552382871015,1.8826821568958507
6.475,7.183855825938338e-8,1.3097026629425397e-9,0.003166413825849199,0.7537961134304804,0,0.8018127414602908,0.000016376726254329608,0.3196913746156406,0.006479711902767272,0,0.000002751471724036786,0,0,0,0,0,0,0,0,0,0,0,0,0,0,0,0,0,0,0,0,0,0,0,0,0,0,0.7569626004045904,1.1280029561766771,1.8849655565812675
6.48,7.189403205086772e-8,1.3048318966640516e-9,0.0031688615066814358,0.7546262187496167,0,0.8027417146183646,0.000016389394393768388,0.32020759057266723,0.006484834621522892,0,0.0000027536001120259757,0,0,0,0,0,0,0,0,0,0,0,0,0,0,0,0,0,0,0,0,0,0,0,0,0,0,0.757795153455162,1.1294532828070605,1.8872484362622224
6.484999999999999,7.194950584235102e-8,1.2999820738667553e-9,0.003171309185528057,0.7554560516425456,0,0.8036703297980917,0.00001640206251620751,0.32072391525375116,0.006489957246321182,0,0.0000027557284971590335,0,0,0,0,0,0,0,0,0,0,0,0,0,0,0,0,0,0,0,0,0,0,0,0,0,0,0.7586274340775616,1.1309033600891774,1.889530794166739
6.49,7.200497963383332e-8,1.2951530927055913e-9,0.0031737568623936598,0.756285613006025,0,0.8045985882389386,0.000016414730621686346,0.32124026980719594,0.006495079777384454,0,0.000002757856879442576,0,0,0,0,0,0,0,0,0,0,0,0,0,0,0,0,0,0,0,0,0,0,0,0,0,0,0.7594594431685514,1.1323531104110203,1.8918125535795718
6.494999999999999,7.206045342531458e-8,1.2903448518777718e-9,0.0031762045372828217,0.7571149037325894,0,0.8055264911741823,0.00001642739871024413,0.32175670036440934,0.006500202214934316,0,0.000002759985258883193,0,0,0,0,0,0,0,0,0,0,0,0,0,0,0,0,0,0,0,0,0,0,0,0,0,0,0.7602911816206706,1.1338025811374952,1.8940937627581658
6.5,7.211592721679484e-8,1.285557250619706e-9,0.003178652210200111,0.7579439247105759,0,0.8064540398309532,0.00001644006678191998,0.3222732347216845,0.006505324559191669,0,0.000002762113635487458,0,0,0,0,0,0,0,0,0,0,0,0,0,0,0,0,0,0,0,0,0,0,0,0,0,0,0.7611226503222605,1.1352518012922468,1.8963744516145074
6.505,7.217140100827407e-8,1.280790188703962e-9,0.003181099881150076,0.7587726768241514,0,0.8073812354302745,0.00001645273483675288,0.3227898732371713,0.0065104468103767184,0,0.000002764242009261921,0,0,0,0,0,0,0,0,0,0,0,0,0,0,0,0,0,0,0,0,0,0,0,0,0,0,0.7619538501574927,1.1367007724546685,1.8986546226121612
6.51,7.222687479975232e-8,1.2760435664362206e-9,0.0031835475501372575,0.7596011609533386,0,0.8083080791871043,0.000016465402874781718,0.32330661627478946,0.006515568968708973,0,0.0000027663703802131156,0,0,0,0,0,0,0,0,0,0,0,0,0,0,0,0,0,0,0,0,0,0,0,0,0,0,0.7627847820063943,1.1381494962038579,1.900934278210252
6.515,7.228234859122957e-8,1.2713172846522662e-9,0.003185995217166178,0.7604293779740401,0,0.8092345723103733,0.000016478070896045247,0.3238234642041932,0.006520691034407246,0,0.000002768498748347551,0,0,0,0,0,0,0,0,0,0,0,0,0,0,0,0,0,0,0,0,0,0,0,0,0,0,0.7636154467448721,1.1395979741186182,1.9032134208634903
6.52,7.233782238270579e-8,1.266611244714986e-9,0.003188442882241347,0.7612573287580652,0,0.810160716003027,0.0000164907389005821,0.324340417400731,0.0065258130076896615,0,0.00000277062711367172,0,0,0,0,0,0,0,0,0,0,0,0,0,0,0,0,0,0,0,0,0,0,0,0,0,0,0.7644458452447401,1.141046207777462,1.905492053022202
6.525,7.239329617418104e-8,1.261925348511387e-9,0.003190890545367262,0.7620850141731559,0,0.8110865114620631,0.000016503406888430803,0.3248574762454067,0.006530934888773654,0,0.0000027727554761920946,0,0,0,0,0,0,0,0,0,0,0,0,0,0,0,0,0,0,0,0,0,0,0,0,0,0,0.7652759783737446,1.142494198758608,1.9077701771323525
6.529999999999999,7.244876996565525e-8,1.2572594984496395e-9,0.0031933382065484034,0.7629124350830094,0,0.8120119598785718,0.000016516074859629745,0.3253746411248423,0.006536056677875972,0,0.0000027748838359151245,0,0,0,0,0,0,0,0,0,0,0,0,0,0,0,0,0,0,0,0,0,0,0,0,0,0,0.7661058469955874,1.1439419486399856,1.910047795635573
6.535,7.250424375712849e-8,1.2526135974561142e-9,0.0031957858657892402,0.7637395923473064,0,0.8129370624377733,0.00001652874281421722,0.325891912431239,0.0065411783752126855,0,0.000002777012192847243,0,0,0,0,0,0,0,0,0,0,0,0,0,0,0,0,0,0,0,0,0,0,0,0,0,0,0.766935451969953,1.1453894589992322,1.9123249109691853
6.54,7.255971754860077e-8,1.2479875489724657e-9,0.00319823352309423,0.7645664868217322,0,0.8138618203190581,0.00001654141075223138,0.32640929056233614,0.00654629998099918,0,0.0000027791405469948623,0,0,0,0,0,0,0,0,0,0,0,0,0,0,0,0,0,0,0,0,0,0,0,0,0,0,0.7677647941525315,1.1468367314136925,1.914601525566224
6.545,7.261519134007199e-8,1.2433812569527108e-9,0.003200681178467809,0.7653931193580046,0,0.814786234696023,0.000016554078673710285,0.3269267759213698,0.006551421495450163,0,0.0000027812688983643737,0,0,0,0,0,0,0,0,0,0,0,0,0,0,0,0,0,0,0,0,0,0,0,0,0,0,0.768593874395045,1.1482837674604152,1.9168776418554603
6.55,7.267066513154228e-8,1.2387946258603285e-9,0.0032031288319144084,0.766219490803896,0,0.8157103067365108,0.00001656674657869186,0.32744444410123313,0.006556542918779671,0,0.0000027833972469621518,0,0,0,0,0,0,0,0,0,0,0,0,0,0,0,0,0,0,0,0,0,0,0,0,0,0,0.7694226935452702,1.1497306439003492,1.9191533374456193
6.555,7.272613892301153e-8,1.2342275606653912e-9,0.0032055764834384415,0.7670456020032582,0,0.8166340376026456,0.00001657941446721392,0.32796224584376193,0.006561664251201068,0,0.0000027855255927945486,0,0,0,0,0,0,0,0,0,0,0,0,0,0,0,0,0,0,0,0,0,0,0,0,0,0,0.7702512524470632,1.1511773126376685,1.9214285650847316
6.5600000000000005,7.278161271447985e-8,1.2296799668416816e-9,0.00320802413304431,0.7678714537960469,0,0.8175574284508729,0.000016592082339314172,0.32848014915526874,0.006566785492927047,0,0.0000027876539358678986,0,0,0,0,0,0,0,0,0,0,0,0,0,0,0,0,0,0,0,0,0,0,0,0,0,0,0.7710795519403839,1.1526237428353439,1.9237032947757278
6.5649999999999995,7.283708650594717e-8,1.225151750363864e-9,0.003210471780736397,0.7686970470183437,0,0.8184804804319931,0.000016604750195030194,0.32899815012554245,0.00657190664416963,0,0.0000027897822761885157,0,0,0,0,0,0,0,0,0,0,0,0,0,0,0,0,0,0,0,0,0,0,0,0,0,0,0.7719075928613184,1.1540699317341765,1.9259775245954949
6.57,7.289256029741347e-8,1.2206428177046367e-9,0.003212919426519082,0.7695223825023827,0,0.8194031946912009,0.00001661741803439946,0.32951624481948405,0.006577027705140186,0,0.000002791910613762697,0,0,0,0,0,0,0,0,0,0,0,0,0,0,0,0,0,0,0,0,0,0,0,0,0,0,0.772735376042105,1.1555158765444735,1.9282512525865785
6.574999999999999,7.294803408887883e-8,1.216153075831931e-9,0.0032153670703967217,0.7703474610765709,0,0.8203255723681193,0.000016630085857459314,0.33003442927703297,0.006582148676049412,0,0.0000027940389485967166,0,0,0,0,0,0,0,0,0,0,0,0,0,0,0,0,0,0,0,0,0,0,0,0,0,0,0.7735629023111548,1.1569615744460078,1.9305244767571625
6.58,7.300350788034319e-8,1.2116824322060921e-9,0.003217814712373664,0.7711722835655138,0,0.8212476145968385,0.000016642753664247016,0.33055269951309413,0.006587269557107353,0,0.0000027961672806968344,0,0,0,0,0,0,0,0,0,0,0,0,0,0,0,0,0,0,0,0,0,0,0,0,0,0,0.7743901724930778,1.158407022587985,1.9327971950810627
6.585,7.30589816718066e-8,1.207230794777121e-9,0.003220262352454244,0.7719968507900362,0,0.822169322505948,0.000016655421454799688,0.3310710515174665,0.006592390348523394,0,0.0000027982956100692864,0,0,0,0,0,0,0,0,0,0,0,0,0,0,0,0,0,0,0,0,0,0,0,0,0,0,0.7752171874087029,1.1598522180890027,1.9350694054977056
6.59,7.311445546326904e-8,1.2027980719818854e-9,0.0032227099906427816,0.7728211635672071,0,0.8230906972185745,0.000016668089229154342,0.33158948125476434,0.0065975110505062644,0,0.0000028004239367202917,0,0,0,0,0,0,0,0,0,0,0,0,0,0,0,0,0,0,0,0,0,0,0,0,0,0,0.7760439478751034,1.161297158037011,1.9373411059121146
6.595,7.316992925473049e-8,1.1983841727413786e-9,0.003225157626943584,0.7736452227103611,0,0.8240117398524162,0.000016680756987347886,0.33210798466434904,0.006602631663264046,0,0.000002802552260656051,0,0,0,0,0,0,0,0,0,0,0,0,0,0,0,0,0,0,0,0,0,0,0,0,0,0,0.776870454705618,1.1627418394892772,1.9396122941948952
6.6,7.322540304619097e-8,1.193989006457983e-9,0.0032276052613609474,0.774469029029122,0,0.824932451519778,0.000016693424729417114,0.33262655766025123,0.0066077521870041775,0,0.0000028046805818827466,0,0,0,0,0,0,0,0,0,0,0,0,0,0,0,0,0,0,0,0,0,0,0,0,0,0,0.777696708709875,1.1641862594723447,1.9418829681822196
6.605,7.328087683765052e-8,1.1896124830127472e-9,0.0032300528938991532,0.7752925833294241,0,0.8258528333276051,0.000016706092455398703,0.3331451961311002,0.006612872621933436,0,0.0000028068089004065403,0,0,0,0,0,0,0,0,0,0,0,0,0,0,0,0,0,0,0,0,0,0,0,0,0,0,0.7785227106938125,1.1656304149819945,1.9441531256758071
6.609999999999999,7.333635062910908e-8,1.185254512762689e-9,0.003232500524562469,0.7761158864135348,0,0.8267728863775182,0.000016718760165329214,0.33366386675475546,0.00661799296825797,0,0.000002808937216233575,0,0,0,0,0,0,0,0,0,0,0,0,0,0,0,0,0,0,0,0,0,0,0,0,0,0,0.7793484614597024,1.1670742737979132,1.9464227352576156
6.615,7.339182442056669e-8,1.18091500653809e-9,0.003234948153355152,0.7769389390800776,0,0.8276926117658476,0.000016731427859245117,0.33418257717251215,0.006623113226183279,0,0.0000028110655293699775,0,0,0,0,0,0,0,0,0,0,0,0,0,0,0,0,0,0,0,0,0,0,0,0,0,0,0.7801739618061722,1.1685178446579316,1.9486918064641037
6.619999999999999,7.344729821202334e-8,1.1765938756398467e-9,0.0032373957802814424,0.7777617421240516,0,0.8286120105836655,0.00001674409553718275,0.3347013434681615,0.006628233395914226,0,0.0000028131938398218543,0,0,0,0,0,0,0,0,0,0,0,0,0,0,0,0,0,0,0,0,0,0,0,0,0,0,0.7809992125282251,1.1699611447371183,1.9509603572653433
6.625,7.350277200347903e-8,1.1722910318367894e-9,0.003239843405345574,0.7785842963368562,0,0.8295310839168216,0.000016756763199178355,0.33522016338306165,0.006633353477655039,0,0.000002815322147595292,0,0,0,0,0,0,0,0,0,0,0,0,0,0,0,0,0,0,0,0,0,0,0,0,0,0,0.7818242144172648,1.171404172862885,1.95322838728015
6.63,7.355824579493376e-8,1.1680063873630574e-9,0.0032422910285517604,0.7794066025063101,0,0.8304498328459742,0.000016769430845268064,0.3357390346461908,0.006638473471609309,0,0.000002817450452696363,0,0,0,0,0,0,0,0,0,0,0,0,0,0,0,0,0,0,0,0,0,0,0,0,0,0,0.7826489682611141,1.1728469278450724,1.9554958961061866
6.635,7.361371958638757e-8,1.1637398549154572e-9,0.0032447386499042086,0.7802286614166745,0,0.8313682584466248,0.00001678209847548789,0.3362579549740835,0.006643593377980004,0,0.000002819578755131118,0,0,0,0,0,0,0,0,0,0,0,0,0,0,0,0,0,0,0,0,0,0,0,0,0,0,0.7834734748440381,1.174289408475919,1.957762883319957
6.64,7.366919337784039e-8,1.1594913476508632e-9,0.003247186269407109,0.7810504738486724,0,0.8322863617891493,0.000016794766089873737,0.33677692207076426,0.006648713196969453,0,0.0000028217070549055896,0,0,0,0,0,0,0,0,0,0,0,0,0,0,0,0,0,0,0,0,0,0,0,0,0,0,0.7842977349467642,1.1757316135300278,1.9600293484767919
6.645,7.372466716929227e-8,1.1552607791836101e-9,0.003249633887064643,0.7818720405795119,0,0.8332041439388314,0.000016807433688461415,0.33729593362768534,0.006653832928779363,0,0.0000028238353520257925,0,0,0,0,0,0,0,0,0,0,0,0,0,0,0,0,0,0,0,0,0,0,0,0,0,0,0.7851217493465045,1.1771735417643365,1.962295291110841
6.65,7.378014096074321e-8,1.1510480635829166e-9,0.0032520815028809743,0.7826933623829058,0,0.8341216059558946,0.000016820101271286623,0.33781498732366133,0.00665895257361082,0,0.0000028259636464977252,0,0,0,0,0,0,0,0,0,0,0,0,0,0,0,0,0,0,0,0,0,0,0,0,0,0,0.7859455188169757,1.1786151919180845,1.9645607107350602
6.654999999999999,7.383561475219321e-8,1.146853115370319e-9,0.0032545291168602584,0.7835144400290917,0,0.8350387488955331,0.000016832768838384936,0.3383340808248033,0.006664072131664286,0,0.000002828091938327366,0,0,0,0,0,0,0,0,0,0,0,0,0,0,0,0,0,0,0,0,0,0,0,0,0,0,0.7867690441284199,1.1800565627127775,1.9668256068411973
6.66,7.38910885436423e-8,1.1426758495171105e-9,0.003256976729006639,0.7843352742848549,0,0.8359555738079463,0.00001684543638979185,0.3388532117844527,0.006669191603139607,0,0.0000028302202275206773,0,0,0,0,0,0,0,0,0,0,0,0,0,0,0,0,0,0,0,0,0,0,0,0,0,0,0.787592326047626,1.181497652852156,1.969089978899782
6.665,7.39465623350904e-8,1.1385161814418176e-9,0.00325942433932424,0.7851558659135456,0,0.8368720817383649,0.000016858103925542712,0.3393723778431176,0.006674310988236003,0,0.000002832348514083598,0,0,0,0,0,0,0,0,0,0,0,0,0,0,0,0,0,0,0,0,0,0,0,0,0,0,0.7884153653379483,1.182938461022158,1.9713538263601063
6.67,7.400203612653759e-8,1.1343740270076618e-9,0.003261871947817185,0.7859762156751023,0,0.8377882737270882,0.000016870771445672808,0.3398915503065989,0.006679430287152097,0,0.0000028344767980220568,0,0,0,0,0,0,0,0,0,0,0,0,0,0,0,0,0,0,0,0,0,0,0,0,0,0,0.7892381627593297,1.184378959569083,1.9736171223284127
6.675,7.405750991798385e-8,1.1302493025200594e-9,0.0032643195544895726,0.7867963243260703,0,0.8387041508095103,0.000016883438950217294,0.3404107121232287,0.006684549500085881,0,0.0000028366050793419603,0,0,0,0,0,0,0,0,0,0,0,0,0,0,0,0,0,0,0,0,0,0,0,0,0,0,0.7900607190683191,1.1858191324768546,1.9758798515451736
6.68,7.411298370942916e-8,1.1261419247241322e-9,0.003266767159345498,0.7876161926196211,0,0.8396197140161533,0.00001689610643921122,0.3409299053258514,0.006689668627234752,0,0.0000028387333580491966,0,0,0,0,0,0,0,0,0,0,0,0,0,0,0,0,0,0,0,0,0,0,0,0,0,0,0.7908830350180922,1.1872590228090367,1.978142057827129
6.6850000000000005,7.416845750087354e-8,1.1220518108022112e-9,0.0032692147623890394,0.7884358213055749,0,0.8405349643726959,0.00001690877391268954,0.34144913024883705,0.006694787668795491,0,0.00000284086163414964,0,0,0,0,0,0,0,0,0,0,0,0,0,0,0,0,0,0,0,0,0,0,0,0,0,0,0.7917051113584732,1.1886986319258754,1.9804037432843486
6.6899999999999995,7.4223931292317e-8,1.1179788783713944e-9,0.0032716623636242664,0.7892552111304164,0,0.8414499029000058,0.000016921441370687102,0.341968387231898,0.006699906624964281,0,0.0000028429899076491437,0,0,0,0,0,0,0,0,0,0,0,0,0,0,0,0,0,0,0,0,0,0,0,0,0,0,0.7925269488359509,1.1901379611881464,1.9826649100240972
6.695,7.427940508375953e-8,1.1139230454810713e-9,0.003274109963055232,0.7900743628373185,0,0.8423645306141672,0.000016934108813238646,0.342487676620028,0.006705025495936699,0,0.000002845118178553545,0,0,0,0,0,0,0,0,0,0,0,0,0,0,0,0,0,0,0,0,0,0,0,0,0,0,0.7933485481937018,1.1915770119571236,1.9849255601508253
6.699999999999999,7.433487887520114e-8,1.10988423061051e-9,0.0032765575606859827,0.7908932771661578,0,0.8432788485265127,0.000016946776240378802,0.34300699876345236,0.006710144281907723,0,0.0000028472464468686617,0,0,0,0,0,0,0,0,0,0,0,0,0,0,0,0,0,0,0,0,0,0,0,0,0,0,0.7941699101716069,1.19301578559456,1.9871856957661669
6.705,7.439035266664182e-8,1.1058623526664133e-9,0.0032790051565205467,0.7917119548535374,0,0.8441928576436509,0.000016959443652142108,0.3435263540175626,0.006715262983071729,0,0.0000028493747126002973,0,0,0,0,0,0,0,0,0,0,0,0,0,0,0,0,0,0,0,0,0,0,0,0,0,0,0.794991035506273,1.1944542834626501,1.9894453189689232
6.71,7.444582645808159e-8,1.1018573309805257e-9,0.003281452750562945,0.7925303966328032,0,0.845106558967497,0.000016972111048563,0.3440457427428646,0.006720381599622508,0,0.0000028515029757542367,0,0,0,0,0,0,0,0,0,0,0,0,0,0,0,0,0,0,0,0,0,0,0,0,0,0,0.7958119249310499,1.1958925069240085,1.9917044318550583
6.715,7.450130024952044e-8,1.0978690853072285e-9,0.003283900342817185,0.7933486032340645,0,0.8460199534953007,0.000016984778429675793,0.34456516530491654,0.006725500131753247,0,0.0000028536312363362466,0,0,0,0,0,0,0,0,0,0,0,0,0,0,0,0,0,0,0,0,0,0,0,0,0,0,0.7966325791760511,1.1973304573416366,1.9939630365176877
6.72,7.455677404095836e-8,1.0938975358211658e-9,0.0032863479332872598,0.7941665753842126,0,0.846933042219676,0.000016997445795514724,0.3450846220742713,0.006730618579656544,0,0.000002855759494352077,0,0,0,0,0,0,0,0,0,0,0,0,0,0,0,0,0,0,0,0,0,0,0,0,0,0,0.7974529989681716,1.1987681360788938,1.9962211350470653
6.725,7.461224783239539e-8,1.0899426031148721e-9,0.0032887955219771552,0.7949843138069391,0,0.8478458261286294,0.00001701011314611391,0.34560411342641606,0.006735736943524417,0,0.0000028578877498074622,0,0,0,0,0,0,0,0,0,0,0,0,0,0,0,0,0,0,0,0,0,0,0,0,0,0,0.7982731850311067,1.2002055444994657,1.9984787295305724
6.73,7.46677216238315e-8,1.0860042081964225e-9,0.003291243108890844,0.7958018192227545,0,0.8487583062055877,0.000017022780481507372,0.3461236455422939,0.006740855223548288,0,0.0000028600160027081174,0,0,0,0,0,0,0,0,0,0,0,0,0,0,0,0,0,0,0,0,0,0,0,0,0,0,0.7990931380853712,1.2016426897679142,2.000735827853285
6.734999999999999,7.472319541526668e-8,1.0820822724870923e-9,0.0032936906940322823,0.7966190923490069,0,0.8496704834294266,0.00001703544780172904,0.3466433326856822,0.0067459734199189995,0,0.0000028621442530597417,0,0,0,0,0,0,0,0,0,0,0,0,0,0,0,0,0,0,0,0,0,0,0,0,0,0,0.7999128588483169,1.2030796871270826,2.0029925459753994
6.74,7.477866920670096e-8,1.0781767178190264e-9,0.0032961382774054195,0.7974361338999001,0,0.8505823587744991,0.000017048115106812716,0.34716305100793243,0.0067510915328268094,0,0.0000028642725008680153,0,0,0,0,0,0,0,0,0,0,0,0,0,0,0,0,0,0,0,0,0,0,0,0,0,0,0.8007323480341514,1.204516413702866,2.0052487617370174
6.744999999999999,7.483414299813434e-8,1.0742874664329382e-9,0.0032985858590141937,0.7982529445865122,0,0.8514939332106617,0.000017060782396792132,0.3476827959311069,0.006756209562461398,0,0.0000028664007461386065,0,0,0,0,0,0,0,0,0,0,0,0,0,0,0,0,0,0,0,0,0,0,0,0,0,0,0.8015516063539568,1.2059528658873728,2.0075044722413296
6.75,7.488961678956683e-8,1.0704144409757925e-9,0.003301033438862527,0.7990695251168132,0,0.8524052077033039,0.000017073449671700904,0.34820256284886925,0.006761327509011873,0,0.0000028685289888771618,0,0,0,0,0,0,0,0,0,0,0,0,0,0,0,0,0,0,0,0,0,0,0,0,0,0,0.802370634515707,1.2073890400398455,2.0097596745555526
6.755,7.494509058099841e-8,1.066557564498538e-9,0.0033034810169543355,0.7998858761956832,0,0.8533161832133741,0.00001708611693157255,0.34872234712639727,0.006766445372666754,0,0.0000028706572290893133,0,0,0,0,0,0,0,0,0,0,0,0,0,0,0,0,0,0,0,0,0,0,0,0,0,0,0.8031894332242857,1.2088249324865987,2.0120143657108844
6.76,7.500056437242906e-8,1.0627167604538195e-9,0.003305928593293516,0.8007019985249298,0,0.8542268606974057,0.000017098784176440486,0.3492421441002963,0.006771563153613999,0,0.000002872785466780676,0,0,0,0,0,0,0,0,0,0,0,0,0,0,0,0,0,0,0,0,0,0,0,0,0,0,0.8040080031815044,1.2102605395209591,2.014268542702464
6.765,7.505603816385887e-8,1.0588919526937307e-9,0.0033083761678839624,0.8015178928033058,0,0.8551372411075475,0.000017111451406338045,0.3497619490785153,0.0067766808520409935,0,0.0000028749137019568476,0,0,0,0,0,0,0,0,0,0,0,0,0,0,0,0,0,0,0,0,0,0,0,0,0,0,0.8048263450861198,1.211695857403212,2.0165222024893317
6.77,7.511151195528772e-8,1.0550830654675555e-9,0.0033108237407295507,0.8023335597265271,0,0.856047325391586,0.00001712411862129844,0.3502817573402556,0.006781798468134547,0,0.0000028770419346234103,0,0,0,0,0,0,0,0,0,0,0,0,0,0,0,0,0,0,0,0,0,0,0,0,0,0,0.8056444596338517,1.213130882360532,2.0187753419943837
6.775,7.516698574671571e-8,1.0512900234195476e-9,0.003313271311834149,0.8031489999872898,0,0.8569571144929747,0.0000171367858213548,0.35080156413589036,0.006786916002080912,0,0.000002879170164785929,0,0,0,0,0,0,0,0,0,0,0,0,0,0,0,0,0,0,0,0,0,0,0,0,0,0,0.8064623475173998,1.2145656105869322,2.021027958104332
6.779999999999999,7.522245953814282e-8,1.0475127515867008e-9,0.0033157188812016126,0.803964214275288,0,0.8578666093508598,0.000017149453006540135,0.3513213646868732,0.006792033454065774,0,0.000002881298392449952,0,0,0,0,0,0,0,0,0,0,0,0,0,0,0,0,0,0,0,0,0,0,0,0,0,0,0.8072800094264619,1.2160000382431977,2.0232800476696595
6.785,7.527793332956903e-8,1.0437511753965425e-9,0.003318166448835786,0.8047792032772301,0,0.8587758109001051,0.000017162120176887392,0.35184115418565287,0.006797150824274254,0,0.0000028834266176210137,0,0,0,0,0,0,0,0,0,0,0,0,0,0,0,0,0,0,0,0,0,0,0,0,0,0,0.8080974460477504,1.2174341614568267,2.0255316075045773
6.79,7.533340712099435e-8,1.040005220664941e-9,0.0033206140147404996,0.8055939676768556,0,0.8596847200713196,0.0000171747873324294,0.35236092779558703,0.00680226811289091,0,0.0000028855548403046274,0,0,0,0,0,0,0,0,0,0,0,0,0,0,0,0,0,0,0,0,0,0,0,0,0,0,0.8089146580650085,1.21886797632197,2.0277826343869787
6.795,7.538888091241877e-8,1.0362748135939251e-9,0.0033230615789195768,0.8064085081549539,0,0.8605933377908818,0.000017187454473198885,0.35288060239177416,0.006807385320099751,0,0.0000028876830605062943,0,0,0,0,0,0,0,0,0,0,0,0,0,0,0,0,0,0,0,0,0,0,0,0,0,0,0.8097316461590293,1.2203014006402895,2.0300330467993186
6.8,7.544435470384232e-8,1.0325598807695115e-9,0.003325509141376829,0.8072228253893795,0,0.8615016649809655,0.00001720012159922849,0.35340019984981036,0.006812502446084224,0,0.000002889811278231498,0,0,0,0,0,0,0,0,0,0,0,0,0,0,0,0,0,0,0,0,0,0,0,0,0,0,0.8105484110076709,1.2217344572097375,2.0322828682174086
6.805,7.549982849526497e-8,1.028860349159548e-9,0.0033279567021160523,0.8080369200550683,0,0.8624097025595655,0.00001721278871055075,0.353919774223114,0.00681761949102722,0,0.0000028919394934857046,0,0,0,0,0,0,0,0,0,0,0,0,0,0,0,0,0,0,0,0,0,0,0,0,0,0,0.8113649532858732,1.2231672010019106,2.034532154287784
6.8100000000000005,7.555530228668677e-8,1.0251761461115718e-9,0.003330404261141036,0.8088507928240558,0,0.8633174514405223,0.000017225455807198133,0.35443932569827336,0.006822736455111089,0,0.0000028940677062743683,0,0,0,0,0,0,0,0,0,0,0,0,0,0,0,0,0,0,0,0,0,0,0,0,0,0,0.8121812736656753,1.2245996331174203,2.0367809067830955
6.8149999999999995,7.56107760781077e-8,1.0215071993506782e-9,0.003332851818455557,0.8096644443654916,0,0.8642249125335464,0.00001723812288920296,0.35495885446576414,0.006827853338517618,0,0.000002896195916602921,0,0,0,0,0,0,0,0,0,0,0,0,0,0,0,0,0,0,0,0,0,0,0,0,0,0,0.8129973728162304,1.226031754656634,2.0390291274728645
6.82,7.566624986952772e-8,1.0178534369773947e-9,0.0033352993740633817,0.8104778753456576,0,0.8651320867442446,0.00001725078995659751,0.35547836071987665,0.006832970141428058,0,0.0000028983241244767835,0,0,0,0,0,0,0,0,0,0,0,0,0,0,0,0,0,0,0,0,0,0,0,0,0,0,0.8138132514038243,1.2274635667196303,2.0412768181234546
6.824999999999999,7.572172366094685e-8,1.0142147874655854e-9,0.003337746927968261,0.8112910864279825,0,0.8660389749741424,0.00001726345700941392,0.35599784465864076,0.006838086864023104,0,0.0000029004523299013585,0,0,0,0,0,0,0,0,0,0,0,0,0,0,0,0,0,0,0,0,0,0,0,0,0,0,0.8146289100918893,1.2288950704061457,2.043523980498035
6.83,7.577719745236515e-8,1.0105911796603392e-9,0.0033401944801739426,0.8121040782730594,0,0.866945578120711,0.000017276124047684287,0.3565173064837472,0.0068432035064829215,0,0.0000029025805328820354,0,0,0,0,0,0,0,0,0,0,0,0,0,0,0,0,0,0,0,0,0,0,0,0,0,0,0.8154443495410221,1.2303262668155217,2.0457706163565437
6.835,7.583267124378255e-8,1.0069825427759076e-9,0.0033426420306841564,0.8129168515386606,0,0.867851897077388,0.00001728879107144056,0.3570367464004763,0.006848320068987119,0,0.000002904708733424184,0,0,0,0,0,0,0,0,0,0,0,0,0,0,0,0,0,0,0,0,0,0,0,0,0,0,0.8162595704089984,1.2317571570466563,2.048016727455655
6.84,7.58881450351991e-8,1.0033888063936204e-9,0.0033450895795026267,0.813729406879754,0,0.8687579327336047,0.000017301458080714622,0.35755616461761613,0.006853436551714777,0,0.000002906836931533162,0,0,0,0,0,0,0,0,0,0,0,0,0,0,0,0,0,0,0,0,0,0,0,0,0,0,0.8170745733507905,1.233187742197948,2.0502623155487383
6.845,7.59436188266148e-8,9.998099004598275e-10,0.003347537126633061,0.8145417449485193,0,0.8696636859748081,0.000017314125075538272,0.35807556134738505,0.006858552954844442,0,0.0000029089651272143085,0,0,0,0,0,0,0,0,0,0,0,0,0,0,0,0,0,0,0,0,0,0,0,0,0,0,0.8178893590185811,1.2346180233672404,2.0525073823858215
6.85,7.599909261802959e-8,9.96245755283859e-10,0.0033499846720791617,0.8153538663943614,0,0.8705691576824839,0.000017326792055943185,0.35859493680535287,0.006863669278554105,0,0.000002911093320472948,0,0,0,0,0,0,0,0,0,0,0,0,0,0,0,0,0,0,0,0,0,0,0,0,0,0,0.8187039280617788,1.2360480016517674,2.054751929713546
6.855,7.605456640944355e-8,9.926963015359836e-10,0.0033524322158446176,0.81616577186393,0,0.8714743487341825,0.000017339459021960973,0.35911429452097765,0.006868785523021249,0,0.0000029132215113143904,0,0,0,0,0,0,0,0,0,0,0,0,0,0,0,0,0,0,0,0,0,0,0,0,0,0,0.8195182811270373,1.2374776814587147,2.056995962585752
6.859999999999999,7.611004020085663e-8,9.891614702453944e-10,0.003354879757933104,0.8169774620011305,0,0.8723792600035386,0.000017352125973623127,0.3596337654403761,0.0068739016884228074,0,0.0000029153496997439277,0,0,0,0,0,0,0,0,0,0,0,0,0,0,0,0,0,0,0,0,0,0,0,0,0,0,0.8203324188582654,1.238907194608011,2.0592396134662763
6.865,7.616551399226887e-8,9.856411927981858e-10,0.0033573272983482933,0.8177889374471431,0,0.8732838923602996,0.000017364792910961094,0.36015321106916465,0.0068790177749352,0,0.0000029174778857668415,0,0,0,0,0,0,0,0,0,0,0,0,0,0,0,0,0,0,0,0,0,0,0,0,0,0,0.8211463418966465,1.240336403475196,2.0614827453718423
6.869999999999999,7.622098778368024e-8,9.821354009353635e-10,0.0033597748370938394,0.8186001988404353,0,0.8741882466703409,0.000017377459834006155,0.360672626394659,0.0068841337827343,0,0.00000291960606938839,0,0,0,0,0,0,0,0,0,0,0,0,0,0,0,0,0,0,0,0,0,0,0,0,0,0,0.8219600508806524,1.2417653039136376,2.0637253547942898
6.875,7.627646157509075e-8,9.786440267508559e-10,0.00336222237417339,0.8194112468167782,0,0.8750923237956971,0.000017390126742789584,0.3611920063735426,0.006889249711995477,0,0.000002921734250613825,0,0,0,0,0,0,0,0,0,0,0,0,0,0,0,0,0,0,0,0,0,0,0,0,0,0,0.8227735464460573,1.2431938917422285,2.0659674381882858
6.88,7.633193536650044e-8,9.751670026895334e-10,0.003364669909590578,0.8202220820092618,0,0.8759961245945772,0.0000174027936373425,0.36171134593176485,0.006894365562893563,0,0.0000029238624294483765,0,0,0,0,0,0,0,0,0,0,0,0,0,0,0,0,0,0,0,0,0,0,0,0,0,0,0.8235868292259548,1.2446221627453025,2.0682089919712574
6.885,7.638740915790921e-8,9.717042615452443e-10,0.0033671174433490317,0.8210327050483088,0,0.8768996499213925,0.000017415460517695956,0.36223063996444754,0.006899481335602872,0,0.0000029259906058972604,0,0,0,0,0,0,0,0,0,0,0,0,0,0,0,0,0,0,0,0,0,0,0,0,0,0,0.8243998998507713,1.2460501126725665,2.070450012523338
6.89,7.644288294931719e-8,9.682557364588679e-10,0.0033695649754523632,0.8218431165616907,0,0.8778029006267755,0.00001742812738388092,0.3627498833357853,0.006904597030297199,0,0.0000029281187799656807,0,0,0,0,0,0,0,0,0,0,0,0,0,0,0,0,0,0,0,0,0,0,0,0,0,0,0.8252127589482818,1.2474777372390218,2.0726904961873034
6.895,7.649835674072433e-8,9.64821360916364e-10,0.0033720125059041803,0.8226533171745414,0,0.878705877557604,0.00001744079423592826,0.36326907087894517,0.0069097126471498235,0,0.0000029302469516588236,0,0,0,0,0,0,0,0,0,0,0,0,0,0,0,0,0,0,0,0,0,0,0,0,0,0,0.8260254071436236,1.2489050321248867,2.07493043926851
6.9,7.65538305321306e-8,9.614010687468433e-10,0.0033744600347080734,0.823463307509372,0,0.879608581557021,0.00001745346107386876,0.3637881973959711,0.006914828186333511,0,0.0000029323751209818607,0,0,0,0,0,0,0,0,0,0,0,0,0,0,0,0,0,0,0,0,0,0,0,0,0,0,0.8268378450593117,1.2503319929755206,2.0771698380348322
6.904999999999999,7.660930432353597e-8,9.579947941206583e-10,0.0033769075618676233,0.8242730881860855,0,0.8805110134644579,0.00001746612789773309,0.3643072576576804,0.006919943648020503,0,0.0000029345032879399455,0,0,0,0,0,0,0,0,0,0,0,0,0,0,0,0,0,0,0,0,0,0,0,0,0,0,0.8276500733152522,1.2517586154013445,2.0794086887165966
6.91,7.666477811494059e-8,9.546024715474786e-10,0.003379355087386409,0.8250826598219918,0,0.8814131741156567,0.00001747879470755188,0.3648262464035713,0.006925059032382546,0,0.0000029366314525382235,0,0,0,0,0,0,0,0,0,0,0,0,0,0,0,0,0,0,0,0,0,0,0,0,0,0,0.8284620925287588,1.2531848949777706,2.0816469875065295
6.915,7.672025190634431e-8,9.512240358744091e-10,0.0033818026112679886,0.8258920230318204,0,0.8823150643426899,0.000017491461503355638,0.3653451583417165,0.006930174339590866,0,0.0000029387596147818207,0,0,0,0,0,0,0,0,0,0,0,0,0,0,0,0,0,0,0,0,0,0,0,0,0,0,0.8292739033145643,1.2546108272451155,2.0838847305596797
6.92,7.677572569774722e-8,9.47859422284092e-10,0.003384250133515915,0.8267011784277363,0,0.8832166849739821,0.000017504128285174788,0.3658639615857949,0.006935289569816176,0,0.0000029408877746758484,0,0,0,0,0,0,0,0,0,0,0,0,0,0,0,0,0,0,0,0,0,0,0,0,0,0,0.8300855062848373,1.256036381145653,2.0861218874304903
6.925,7.683119948914927e-8,9.445085662928388e-10,0.003386697654133731,0.8275101266193521,0,0.8841180368343319,0.00001751679505303966,0.3663826261635606,0.006940404723228701,0,0.000002943015932225402,0,0,0,0,0,0,0,0,0,0,0,0,0,0,0,0,0,0,0,0,0,0,0,0,0,0,0.8308969020491939,1.2574615275321064,2.0883584295813002
6.93,7.68866732805505e-8,9.411714037487616e-10,0.0033891451731249667,0.8283188682137449,0,0.8850191207449324,0.000017529461806980512,0.36690120140855154,0.006945519799998144,0,0.000002945144087435567,0,0,0,0,0,0,0,0,0,0,0,0,0,0,0,0,0,0,0,0,0,0,0,0,0,0,0.8317080912147146,1.2588863165593767,2.0905944077740912
6.9350000000000005,7.694214707195093e-8,9.378478708299213e-10,0.003391592690493146,0.829127403815467,0,0.8859199375233924,0.00001754212854702751,0.36741968483863074,0.006950634800293719,0,0.000002947272240311409,0,0,0,0,0,0,0,0,0,0,0,0,0,0,0,0,0,0,0,0,0,0,0,0,0,0,0.8325190743859551,1.260310746563104,2.092829820949059
6.9399999999999995,7.699762086335046e-8,9.345379040424893e-10,0.0033940402062417755,0.8299357340265617,0,0.8868204879837555,0.00001755479527321071,0.3679380739581584,0.006955749724284125,0,0.0000029494003908579804,0,0,0,0,0,0,0,0,0,0,0,0,0,0,0,0,0,0,0,0,0,0,0,0,0,0,0.8333298521649622,1.2617348158618622,2.0950646680268243
6.945,7.705309465474921e-8,9.312414402189037e-10,0.003396487720374363,0.8307438594465766,0,0.887720772936524,0.000017567461985560128,0.3684563662578965,0.006960864572137584,0,0.000002951528539080322,0,0,0,0,0,0,0,0,0,0,0,0,0,0,0,0,0,0,0,0,0,0,0,0,0,0,0.8341404251512871,1.2631585227570827,2.09729894790837
6.949999999999999,7.71085684461471e-8,9.27958416516061e-10,0.003398935232894394,0.8315517806725766,0,0.8886207931886747,0.00001758012868410565,0.368974559214904,0.0069659793440217995,0,0.000002953656684983456,0,0,0,0,0,0,0,0,0,0,0,0,0,0,0,0,0,0,0,0,0,0,0,0,0,0,0.8349507939419979,1.2645818655329697,2.0995326594749675
6.955,7.716404223754419e-8,9.246887704134954e-10,0.0034013827438053525,0.8323594982991585,0,0.8895205495436842,0.000017592795368877094,0.3694926502924396,0.006971094040103995,0,0.000002955784828572393,0,0,0,0,0,0,0,0,0,0,0,0,0,0,0,0,0,0,0,0,0,0,0,0,0,0,0.8357609591316948,1.2660048424564254,2.10176580158812
6.96,7.721951602894047e-8,9.214324397115861e-10,0.0034038302531107082,0.8331670129184634,0,0.8904200428015437,0.0000176054620399042,0.3700106369398591,0.0069762086605508955,0,0.000002957912969852127,0,0,0,0,0,0,0,0,0,0,0,0,0,0,0,0,0,0,0,0,0,0,0,0,0,0,0.8365709213125226,1.2674274517769635,2.1039983730894862
6.965,7.727498982033587e-8,9.181893625297621e-10,0.0034062777608139215,0.8339743251201903,0,0.8913192737587837,0.000017618128697216593,0.37052851659251135,0.006981323205528734,0,0.0000029600411088276385,0,0,0,0,0,0,0,0,0,0,0,0,0,0,0,0,0,0,0,0,0,0,0,0,0,0,0.8373806810741834,1.2688496917266299,2.1062303728008134
6.97,7.73304636117305e-8,9.14959477304723e-10,0.0034087252669184466,0.8347814354916102,0,0.8922182432084911,0.000017630795340843846,0.3710462866716373,0.006986437675203258,0,0.000002962169245503894,0,0,0,0,0,0,0,0,0,0,0,0,0,0,0,0,0,0,0,0,0,0,0,0,0,0,0.8381902390039518,1.270271560519918,2.10846179952387
6.975,7.73859374031243e-8,9.117427227886735e-10,0.003411172771427722,0.8355883446175781,0,0.8931169519403294,0.00001764346197081544,0.37156394458426234,0.006991552069739723,0,0.000002964297379885848,0,0,0,0,0,0,0,0,0,0,0,0,0,0,0,0,0,0,0,0,0,0,0,0,0,0,0.838999595686686,1.2716930563536821,2.110692652040368
6.98,7.744141119451726e-8,9.085390380475605e-10,0.0034136202743451777,0.8363950530805458,0,0.8940154007405577,0.00001765612858716075,0.37208148772309363,0.006996666389302902,0,0.0000029664255119784336,0,0,0,0,0,0,0,0,0,0,0,0,0,0,0,0,0,0,0,0,0,0,0,0,0,0,0.8398087517048413,1.2731141774070536,2.1129229291118947
6.984999999999999,7.749688498590945e-8,9.053483624593287e-10,0.0034160677756742376,0.837201561460577,0,0.8949135903920515,0.000017668795189909085,0.3725989182986435,0.007001780634057084,0,0.000002968553641786578,0,0,0,0,0,0,0,0,0,0,0,0,0,0,0,0,0,0,0,0,0,0,0,0,0,0,0.8406177076384846,1.2745349266735837,2.1151526343120683
6.99,7.755235877730075e-8,9.021706357121764e-10,0.0034185152754183123,0.8380078703353573,0,0.8958115216743213,0.000017681461779089673,0.3731162328831951,0.007006894804166075,0,0.0000029706817693151895,0,0,0,0,0,0,0,0,0,0,0,0,0,0,0,0,0,0,0,0,0,0,0,0,0,0,0.8414264640653051,1.275955301505231,2.117381765570536
6.994999999999999,7.760783256869129e-8,8.990057978028321e-10,0.003420962773580805,0.8388139802802097,0,0.8967091953635308,0.000017694128354731653,0.37363342432124325,0.007012008899793204,0,0.0000029728098945691645,0,0,0,0,0,0,0,0,0,0,0,0,0,0,0,0,0,0,0,0,0,0,0,0,0,0,0.8422350215606289,1.2773752955228166,2.1196103170834455
7,7.766330636008102e-8,8.958537890348346e-10,0.003423410270165107,0.8396198918681058,0,0.8976066122325173,0.00001770679491686407,0.37415048961590897,0.007017122921101313,0,0.000002974938017553384,0,0,0,0,0,0,0,0,0,0,0,0,0,0,0,0,0,0,0,0,0,0,0,0,0,0,0.8430433806974311,1.278794906502462,2.121838287199893
7.005,7.771878015146994e-8,8.927145500168237e-10,0.0034258577651746012,0.8404256056696784,0,0.8985037730508092,0.000017719461465515913,0.3746674257534206,0.007022236868252782,0,0.0000029770661382727163,0,0,0,0,0,0,0,0,0,0,0,0,0,0,0,0,0,0,0,0,0,0,0,0,0,0,0.8438515420463476,1.2802141322000864,2.124065674246434
7.01,7.777425394285806e-8,8.895880216608419e-10,0.0034283052586126586,0.841231122253234,0,0.8994006785846451,0.000017732128000716047,0.37518422970299753,0.007027350741409497,0,0.0000029791942567320136,0,0,0,0,0,0,0,0,0,0,0,0,0,0,0,0,0,0,0,0,0,0,0,0,0,0,0.8446595061756887,1.2816329703513096,2.1262924765269986
7.015,7.782972773424535e-8,8.864741451806466e-10,0.003430752750482644,0.8420364421847665,0,0.9002973295969937,0.000017744794522493294,0.3757008984167426,0.007032464540732884,0,0.0000029813223729361154,0,0,0,0,0,0,0,0,0,0,0,0,0,0,0,0,0,0,0,0,0,0,0,0,0,0,0.845467273651451,1.2830514186713646,2.1285186923228157
7.02,7.788520152563184e-8,8.833728620900316e-10,0.0034332002407879104,0.8428415660279682,0,0.9011937268475704,0.000017757461030876364,0.37621742882952536,0.007037578266383895,0,0.0000029834504868898484,0,0,0,0,0,0,0,0,0,0,0,0,0,0,0,0,0,0,0,0,0,0,0,0,0,0,0.8462748450373305,1.2844694748549974,2.1307443198923277
7.0249999999999995,7.794067531701756e-8,8.80284114201155e-10,0.0034356477295318035,0.8436464943442427,0,0.9020898710928567,0.000017770127525893922,0.37673381785887267,0.007042691918523014,0,0.0000029855785985980264,0,0,0,0,0,0,0,0,0,0,0,0,0,0,0,0,0,0,0,0,0,0,0,0,0,0,0.8470822208947338,1.2858871365763769,2.1329693574711106
7.03,7.799614910840246e-8,8.772078436228835e-10,0.0034380952167176555,0.8444512276927171,0,0.902985763086117,0.000017782794007574513,0.37725006240484754,0.00704780549731025,0,0.0000029877067080654456,0,0,0,0,0,0,0,0,0,0,0,0,0,0,0,0,0,0,0,0,0,0,0,0,0,0,0.8478894017827917,1.2873044014889903,2.135193803271782
7.035,7.805162289978656e-8,8.741439927591431e-10,0.003440542702348793,0.8452557666302534,0,0.9038814035774192,0.000017795460475946617,0.3777661593499402,0.007052919002905152,0,0.0000029898348152968917,0,0,0,0,0,0,0,0,0,0,0,0,0,0,0,0,0,0,0,0,0,0,0,0,0,0,0.8486963882583691,1.2887212672255557,2.137417655483925
7.04,7.810709669116989e-8,8.710925043072719e-10,0.003442990186428531,0.8460601117114629,0,0.90477679331365,0.000017808126931038637,0.3782821055589463,0.007058032435466803,0,0.000002991962920297136,0,0,0,0,0,0,0,0,0,0,0,0,0,0,0,0,0,0,0,0,0,0,0,0,0,0,0.8495031808760807,1.2901377313979143,2.139640912273995
7.045,7.816257048255237e-8,8.680533212563976e-10,0.003445437668960173,0.8468642634887139,0,0.9056719330385333,0.000017820793372878877,0.378797897878849,0.007063145795153822,0,0.0000029940910230709348,0,0,0,0,0,0,0,0,0,0,0,0,0,0,0,0,0,0,0,0,0,0,0,0,0,0,0.850309780188298,1.291553791596932,2.1418635717852297
7.05,7.82180442739341e-8,8.650263868858119e-10,0.003447885149947021,0.8476682225121487,0,0.9065668234926506,0.00001783345980149559,0.3793134970307765,0.007068259082124366,0,0.000002996219123623034,0,0,0,0,0,0,0,0,0,0,0,0,0,0,0,0,0,0,0,0,0,0,0,0,0,0,0.8511161867451663,1.2929694092844766,2.144085596029643
7.055,7.827351806531498e-8,8.62011644763361e-10,0.0034503326293923576,0.8484719893296908,0,0.9074614654134533,0.000017846126216916925,0.37982891428058896,0.007073372296536132,0,0.0000029983472219581626,0,0,0,0,0,0,0,0,0,0,0,0,0,0,0,0,0,0,0,0,0,0,0,0,0,0,0.8519224010946128,1.2943845964640173,2.14630699755863
7.06,7.832899185669511e-8,8.590090387438379e-10,0.003452780107299465,0.8492755644870602,0,0.9083558595352862,0.00001785879261917096,0.3803441712102505,0.007078485438546364,0,0.00000300047531808104,0,0,0,0,0,0,0,0,0,0,0,0,0,0,0,0,0,0,0,0,0,0,0,0,0,0,0.8527284237823606,1.2957993754520203,2.148527799234381
7.0649999999999995,7.838446564807445e-8,8.56018512967399e-10,0.003455227583671609,0.8500789485277825,0,0.9092500065893983,0.000017871459008285684,0.3808592667164346,0.007083598508311843,0,0.0000030026034119963666,0,0,0,0,0,0,0,0,0,0,0,0,0,0,0,0,0,0,0,0,0,0,0,0,0,0,0.8535342553519383,1.297213745876565,2.150748001228503
7.07,7.843993943945302e-8,8.530400118579675e-10,0.00345767505851205,0.8508821419932027,0,0.910143907303967,0.00001788412538428903,0.38137419969016717,0.0070887115059889046,0,0.0000030047315037088364,0,0,0,0,0,0,0,0,0,0,0,0,0,0,0,0,0,0,0,0,0,0,0,0,0,0,0.8543398963446941,1.2986277073570112,2.1529676037017054
7.075,7.84954132308308e-8,8.500734801216695e-10,0.003460122531824038,0.8516851454224942,0,0.9110375624041085,0.000017896791747208827,0.38188896901669644,0.007093824431733423,0,0.000003006859593223125,0,0,0,0,0,0,0,0,0,0,0,0,0,0,0,0,0,0,0,0,0,0,0,0,0,0,0.855145347299805,1.3000412595038788,2.155186606803684
7.08,7.855088702220783e-8,8.471188627452606e-10,0.003462570003610815,0.8524879593526724,0,0.9119309726119001,0.00001790945809707284,0.38240357357537064,0.007098937285700823,0,0.000003008987680543896,0,0,0,0,0,0,0,0,0,0,0,0,0,0,0,0,0,0,0,0,0,0,0,0,0,0,0.8559506087542891,1.3014544019187493,2.1574050106730382
7.085,7.8606360813584e-8,8.441761049945752e-10,0.003465017473875611,0.8532905843186052,0,0.9128241386463927,0.00001792212443390874,0.3829180122395021,0.007104050068046076,0,0.0000030111157656758,0,0,0,0,0,0,0,0,0,0,0,0,0,0,0,0,0,0,0,0,0,0,0,0,0,0,0.8567556812430177,1.3028671341941405,2.1596228154371584
7.09,7.866183460495941e-8,8.41245152412974e-10,0.0034674649426216513,0.8540930208530233,0,0.9137170612236313,0.000017934790757744134,0.38343228387623934,0.007109162778923718,0,0.000003013243848623476,0,0,0,0,0,0,0,0,0,0,0,0,0,0,0,0,0,0,0,0,0,0,0,0,0,0,0.8575605652987247,1.3042794559134008,2.1618400212121256
7.095,7.871730839633406e-8,8.383259508198074e-10,0.0034699124098521482,0.8548952694865344,0,0.9146097410566693,0.00001794745706860655,0.3839463873464338,0.007114275418487828,0,0.000003015371929391547,0,0,0,0,0,0,0,0,0,0,0,0,0,0,0,0,0,0,0,0,0,0,0,0,0,0,0.8583652614520209,1.305691366650589,2.16405662810261
7.1,7.877278218770796e-8,8.354184463088859e-10,0.003472359875570307,0.8556973307476302,0,0.915502178855585,0.000017960123366523446,0.3844603215045054,0.0071193879868920425,0,0.0000030175000079846254,0,0,0,0,0,0,0,0,0,0,0,0,0,0,0,0,0,0,0,0,0,0,0,0,0,0,0.8591697702314011,1.307102865970357,2.166272636201758
7.1049999999999995,7.882825597908105e-8,8.325225852469602e-10,0.003474807339779323,0.8564992051627012,0,0.9163943753274987,0.000017972789651522173,0.3849740851983079,0.007124500484289557,0,0.0000030196280844073103,0,0,0,0,0,0,0,0,0,0,0,0,0,0,0,0,0,0,0,0,0,0,0,0,0,0,0.859974092163259,1.308513953427832,2.168488045591091
7.109999999999999,7.888372977045338e-8,8.296383142722041e-10,0.0034772548024823826,0.8573008932560446,0,0.9172863311765892,0.000017985455923630034,0.3854876772689889,0.007129612910833119,0,0.0000030217561586641852,0,0,0,0,0,0,0,0,0,0,0,0,0,0,0,0,0,0,0,0,0,0,0,0,0,0,0.8607782277718952,1.3099246285684936,2.1707028563403887
7.115,7.893920356182495e-8,8.267655802927161e-10,0.003479702263682663,0.8581023955498784,0,0.9181780471041093,0.000017998122182874247,0.38600119677857264,0.007134725266675046,0,0.000003023884230759826,0,0,0,0,0,0,0,0,0,0,0,0,0,0,0,0,0,0,0,0,0,0,0,0,0,0,0.8615821775795303,1.3113349911557706,2.172917168735301
7.12,7.899467735319571e-8,8.239043304850264e-10,0.0034821497233833345,0.8589037125643494,0,0.9190695238084012,0.000018010788429281943,0.38651461447167096,0.007139837551967207,0,0.000003026012300698788,0,0,0,0,0,0,0,0,0,0,0,0,0,0,0,0,0,0,0,0,0,0,0,0,0,0,0.8623859421063144,1.3127450126327693,2.1751309547390836
7.125,7.905015114456572e-8,8.210545122926026e-10,0.0034845971815875556,0.8597048448175444,0,0.9199607619849142,0.000018023454662880187,0.3870278481055922,0.0071449497668610445,0,0.0000030281403684856207,0,0,0,0,0,0,0,0,0,0,0,0,0,0,0,0,0,0,0,0,0,0,0,0,0,0,0.8631895218703376,1.3141546114523988,2.1773441333227366
7.13,7.910562493593498e-8,8.18216073424379e-10,0.003487044638298477,0.8605057928255034,0,0.9208517623262199,0.00001803612088369597,0.38754089028887984,0.0071500619115075605,0,0.000003030268434124858,0,0,0,0,0,0,0,0,0,0,0,0,0,0,0,0,0,0,0,0,0,0,0,0,0,0,0.863992917387643,1.315563780915925,2.179556698303568
7.135,7.916109872730345e-8,8.153889618532864e-10,0.003489492093519242,0.8613065571022277,0,0.921742525522026,0.000018048787091756203,0.3880537335860896,0.007155173986057318,0,0.0000030323964976210215,0,0,0,0,0,0,0,0,0,0,0,0,0,0,0,0,0,0,0,0,0,0,0,0,0,0,0.8647961291722346,1.3169725142777624,2.181768643449997
7.14,7.921657251867117e-8,8.125731258147881e-10,0.0034919395472529846,0.8621071381596904,0,0.922633052259195,0.000018061453287087727,0.3885663705176613,0.007160285990660458,0,0.0000030345245589786198,0,0,0,0,0,0,0,0,0,0,0,0,0,0,0,0,0,0,0,0,0,0,0,0,0,0,0.8655991577360891,1.318380804745363,2.1839799624814518
7.145,7.927204631003815e-8,8.097685138054344e-10,0.0034943869995028272,0.8629075365078492,0,0.9235233432217578,0.000018074119469717295,0.38907879355978187,0.007165397925466686,0,0.000003036652618202149,0,0,0,0,0,0,0,0,0,0,0,0,0,0,0,0,0,0,0,0,0,0,0,0,0,0,0.8664020035891669,1.3197886454790944,2.186190649068261
7.1499999999999995,7.932752010140435e-8,8.06975074581411e-10,0.003496834450271886,0.8637077526546533,0,0.9244133990909278,0.00001808678563967159,0.3895909951442541,0.0071705097906252764,0,0.000003038780675296092,0,0,0,0,0,0,0,0,0,0,0,0,0,0,0,0,0,0,0,0,0,0,0,0,0,0,0.8672046672394204,1.3211960295921221,2.1884006968315424
7.155,7.938299389276977e-8,8.041927571571113e-10,0.003499281899563268,0.8645077871060576,0,0.92530322054512,0.00001809945179697722,0.3901029676583639,0.007175621586285082,0,0.000003040908730264919,0,0,0,0,0,0,0,0,0,0,0,0,0,0,0,0,0,0,0,0,0,0,0,0,0,0,0.8680071491928075,1.3226029501502963,2.190610099343104
7.16,7.943846768413444e-8,8.014215108037044e-10,0.0035017293473800734,0.865307640366031,0,0.9261928082599633,0.000018112117941660743,0.39061470344474325,0.007180733312594523,0,0.000003043036783113092,0,0,0,0,0,0,0,0,0,0,0,0,0,0,0,0,0,0,0,0,0,0,0,0,0,0,0.8688094499533002,1.324009400172026,2.192818850125326
7.165,7.94939414754984e-8,7.98661285047715e-10,0.0035041767937253904,0.8661073129365658,0,0.9270821629083158,0.0000181247840737486,0.3911261948012395,0.007185844969701604,0,0.0000030451648338450533,0,0,0,0,0,0,0,0,0,0,0,0,0,0,0,0,0,0,0,0,0,0,0,0,0,0,0.869611570022894,1.3254153726281646,2.1950269426510585
7.17,7.954941526686154e-8,7.959120296696181e-10,0.003506624238602299,0.8669068053176894,0,0.9279712851602798,0.000018137450193267183,0.3916374339807788,0.007190956557753894,0,0.000003047292882465237,0,0,0,0,0,0,0,0,0,0,0,0,0,0,0,0,0,0,0,0,0,0,0,0,0,0,0.8704135099016189,1.3268208604418883,2.1972343703435073
7.175,7.960488905822396e-8,7.93173694702432e-10,0.003509071682013873,0.8677061180074735,0,0.9288601756832184,0.000018150116300242803,0.3921484131912335,0.0071960680768985525,0,0.0000030494209289780635,0,0,0,0,0,0,0,0,0,0,0,0,0,0,0,0,0,0,0,0,0,0,0,0,0,0,0.8712152700875502,1.3282258564885796,2.19944112657613
7.18,7.966036284958566e-8,7.904462304303253e-10,0.0035115191239631772,0.8685052515020459,0,0.9297488351417686,0.000018162782394701723,0.3926590236848,0.007201179527282317,0,0.0000030515489733879453,0,0,0,0,0,0,0,0,0,0,0,0,0,0,0,0,0,0,0,0,0,0,0,0,0,0,0.8720168510768183,1.329630252685219,2.2016471037620375
7.185,7.971583664094657e-8,7.877295873872319e-10,0.0035139665644532657,0.8693042062955972,0,0.9306372641978553,0.000018175448476670085,0.39316921733709875,0.007206290909051503,0,0.0000030536770156992755,0,0,0,0,0,0,0,0,0,0,0,0,0,0,0,0,0,0,0,0,0,0,0,0,0,0,0.8728182533636167,1.331034001569498,2.2038522549331145
7.1899999999999995,7.977131043230674e-8,7.850237163554694e-10,0.0035164140034871856,0.8701029828803939,0,0.9315254635107081,0.000018188114546174,0.39367913823124845,0.00721140222235201,0,0.00000305580505591644,0,0,0,0,0,0,0,0,0,0,0,0,0,0,0,0,0,0,0,0,0,0,0,0,0,0,0.8736194774402153,1.3324372478839106,2.206056725324126
7.195,7.982678422366616e-8,7.823285683643687e-10,0.003518861441067976,0.8709015817467861,0,0.9324134337368742,0.000018200780603239486,0.39418878689311504,0.007216513467329322,0,0.00000305793309404381,0,0,0,0,0,0,0,0,0,0,0,0,0,0,0,0,0,0,0,0,0,0,0,0,0,0,0.8744205237969669,1.3338399928110158,2.2082605166079827
7.2,7.988225801502483e-8,7.796440946889177e-10,0.0035213088771986647,0.8717000033832185,0,0.9333011755302326,0.000018213446647892482,0.3946981638518699,0.0072216246441285095,0,0.000003060061130085745,0,0,0,0,0,0,0,0,0,0,0,0,0,0,0,0,0,0,0,0,0,0,0,0,0,0,0.8752213929223194,1.335242237534009,2.2104636304563283
7.205,7.993773180638278e-8,7.769702468483959e-10,0.0035237563118822746,0.8724982482762392,0,0.9341886895420098,0.00001822611268015888,0.3952072696398215,0.007226735752894237,0,0.000003062189164046593,0,0,0,0,0,0,0,0,0,0,0,0,0,0,0,0,0,0,0,0,0,0,0,0,0,0,0.8760220853028235,1.33664398323657,2.2126660685393933
7.21,7.999320559773996e-8,7.743069766050366e-10,0.0035262037451218196,0.8732963169105107,0,0.9350759764207923,0.00001823877870006448,0.39571610479223596,0.007231846793770745,0,0.0000030643171959306904,0,0,0,0,0,0,0,0,0,0,0,0,0,0,0,0,0,0,0,0,0,0,0,0,0,0,0.876822601423145,1.338045231102695,2.21486783252584
7.215,8.004867938909642e-8,7.716542359626818e-10,0.0035286511769203033,0.874094209768818,0,0.9359630368125424,0.000018251444707635017,0.39622466984716737,0.0072369577669018775,0,0.00000306644522574236,0,0,0,0,0,0,0,0,0,0,0,0,0,0,0,0,0,0,0,0,0,0,0,0,0,0,0.8776229417660719,1.339445982316545,2.217068924082617
7.22,8.010415318045212e-8,7.690119771654544e-10,0.003531098607280724,0.8748919273320792,0,0.9368498713606105,0.000018264110702896153,0.3967329653452716,0.007242068672431065,0,0.000003068573253485914,0,0,0,0,0,0,0,0,0,0,0,0,0,0,0,0,0,0,0,0,0,0,0,0,0,0,0.8784231068125251,1.3408462380622694,2.2192693448747947
7.225,8.015962697180713e-8,7.663801526964328e-10,0.003533546036206068,0.8756894700793542,0,0.9377364807057501,0.000018276776685873482,0.397240991829632,0.007247179510501327,0,0.000003070701279165652,0,0,0,0,0,0,0,0,0,0,0,0,0,0,0,0,0,0,0,0,0,0,0,0,0,0,0.8792230970415673,1.3422459995238485,2.221469096565416
7.2299999999999995,8.021510076316136e-8,7.637587152763299e-10,0.003535993463699314,0.8764868384878544,0,0.9386228654861317,0.000018289442656592524,0.39774874984557385,0.007252290281255288,0,0.0000030728293027858617,0,0,0,0,0,0,0,0,0,0,0,0,0,0,0,0,0,0,0,0,0,0,0,0,0,0,0.8800229129304131,1.3436452678849202,2.2236681808153334
7.234999999999999,8.027057455451485e-8,7.611476178621954e-10,0.0035384408897634356,0.8772840330329524,0,0.9395090263373551,0.00001830210861507873,0.39825623994047993,0.0072574009848351585,0,0.000003074957324350819,0,0,0,0,0,0,0,0,0,0,0,0,0,0,0,0,0,0,0,0,0,0,0,0,0,0,0.8808225549544381,1.3450440443286096,2.2258665992830475
7.24,8.032604834586766e-8,7.585468136461028e-10,0.0035408883144013976,0.878081054188191,0,0.9403949638924654,0.000018314774561357477,0.3987634626636065,0.007262511621382759,0,0.0000030770853438647885,0,0,0,0,0,0,0,0,0,0,0,0,0,0,0,0,0,0,0,0,0,0,0,0,0,0,0.8816220235871876,1.3464423300373598,2.2280643536245472
7.245,8.038152213721968e-8,7.559562560538618e-10,0.003543335737616153,0.8788779024252921,0,0.941280678781964,0.000018327440495454077,0.3992704430799836,0.007267622191039494,0,0.000003079213361332021,0,0,0,0,0,0,0,0,0,0,0,0,0,0,0,0,0,0,0,0,0,0,0,0,0,0,0.8824213193003866,1.347840150706844,2.2302614700072305
7.25,8.0436995928571e-8,7.533758987437302e-10,0.003545783159410646,0.8796745782141667,0,0.9421661716338237,0.000018340106417393764,0.3997773231609136,0.007272732693946378,0,0.0000030813413767567577,0,0,0,0,0,0,0,0,0,0,0,0,0,0,0,0,0,0,0,0,0,0,0,0,0,0,0.8832204425639493,1.3492376489364777,2.232458091500427
7.255,8.049246971992162e-8,7.508056956051361e-10,0.003548230579787822,0.8804710820229231,0,0.943051443073502,0.00001835277232720171,0.400283931033546,0.007277843130244033,0,0.000003083469390143228,0,0,0,0,0,0,0,0,0,0,0,0,0,0,0,0,0,0,0,0,0,0,0,0,0,0,0.8840193938459864,1.3506346534790092,2.2346540473249954
7.26,8.054794351127148e-8,7.482456007574041e-10,0.0035506779987506077,0.8812674143178769,0,0.943936493723953,0.000018365438224903022,0.40079026074228635,0.00728295350007267,0,0.000003085597401495649,0,0,0,0,0,0,0,0,0,0,0,0,0,0,0,0,0,0,0,0,0,0,0,0,0,0,0.8848181736128167,1.3520311590019385,2.236849332614755
7.265,8.060341730262059e-8,7.456955685484919e-10,0.003553125416301925,0.8820635755635584,0,0.9448213242056422,0.00001837810411052272,0.4012963062956542,0.007288063803572116,0,0.0000030877254108182247,0,0,0,0,0,0,0,0,0,0,0,0,0,0,0,0,0,0,0,0,0,0,0,0,0,0,0.8856167823289732,1.35342716013439,2.239043942463363
7.27,8.065889109396904e-8,7.431555535537345e-10,0.003555572832444693,0.8828595662227243,0,0.9457059351365597,0.000018390769984085787,0.4018020616661123,0.007293174040881801,0,0.0000030898534181151516,0,0,0,0,0,0,0,0,0,0,0,0,0,0,0,0,0,0,0,0,0,0,0,0,0,0,0.8864152204572157,1.354822651466956,2.2412378719241715
7.2749999999999995,8.071436488531669e-8,7.4062551057459e-10,0.003558020247181814,0.8836553867563636,0,0.9465903271322306,0.00001840343584561708,0.402307520789894,0.007298284212140763,0,0.0000030919814233906087,0,0,0,0,0,0,0,0,0,0,0,0,0,0,0,0,0,0,0,0,0,0,0,0,0,0,0.8872134884585358,1.3562176275515343,2.24343111601007
7.28,8.076983867666367e-8,7.381053946374e-10,0.003560467660516188,0.8844510376237086,0,0.947474500805731,0.000018416101695141465,0.40281267756682604,0.0073033943174876485,0,0.0000030941094266487707,0,0,0,0,0,0,0,0,0,0,0,0,0,0,0,0,0,0,0,0,0,0,0,0,0,0,0.8880115867921688,1.3576120829011664,2.245623669693335
7.285,8.082531246800997e-8,7.355951609921553e-10,0.0035629150724507085,0.8852465192822421,0,0.9483584567676998,0.000018428767532683674,0.40331752586015557,0.007308504357060714,0,0.0000030962374278937947,0,0,0,0,0,0,0,0,0,0,0,0,0,0,0,0,0,0,0,0,0,0,0,0,0,0,0.8888095159156003,1.3590060119898768,2.2478155279054772
7.29,8.088078625935549e-8,7.330947651112639e-10,0.0035653624829882526,0.8860418321877073,0,0.9492421956263501,0.000018441433358268394,0.40382205949637134,0.007313614330997828,0,0.000003098365427129828,0,0,0,0,0,0,0,0,0,0,0,0,0,0,0,0,0,0,0,0,0,0,0,0,0,0,0.8896072762845765,1.3603994092525047,2.2500066855370813
7.295,8.09362600507003e-8,7.306041626883283e-10,0.0035678098921316987,0.8868369767941159,0,0.9501257179874844,0.000018454099171920255,0.4043262722650243,0.00731872423943647,0,0.000003100493424361009,0,0,0,0,0,0,0,0,0,0,0,0,0,0,0,0,0,0,0,0,0,0,0,0,0,0,0.8904048683531117,1.3617922690845414,2.252197137437653
7.3,8.099173384204441e-8,7.28123309636934e-10,0.003570257299883914,0.8876319535537575,0,0.9510090244545047,0.00001846676497366381,0.40483015791855015,0.007323834082513744,0,0.0000031026214195914624,0,0,0,0,0,0,0,0,0,0,0,0,0,0,0,0,0,0,0,0,0,0,0,0,0,0,0.8912022925734985,1.3631845858419618,2.25438687841546
7.305,8.104720763338778e-8,7.256521620894419e-10,0.0035727047062477564,0.8884267629172068,0,0.9518921156284267,0.000018479430763523535,0.4053337101720852,0.007328943860366359,0,0.0000031047494128253,0,0,0,0,0,0,0,0,0,0,0,0,0,0,0,0,0,0,0,0,0,0,0,0,0,0,0.8919995493963143,1.3645763538410547,2.256575903237369
7.31,8.110268142473047e-8,7.231906763957826e-10,0.0035751521112260777,0.889221405333333,0,0.9527749921078918,0.000018492096541523868,0.40583692270328675,0.007334053573130643,0,0.0000031068774040666277,0,0,0,0,0,0,0,0,0,0,0,0,0,0,0,0,0,0,0,0,0,0,0,0,0,0,0.8927966392704312,1.365967567358255,2.258764206628686
7.3149999999999995,8.115815521607248e-8,7.207388091222676e-10,0.003577599514821722,0.8900158812493082,0,0.9536576544891788,0.00001850476230768915,0.40633973947651186,0.007339163220942546,0,0.0000031090053933195357,0,0,0,0,0,0,0,0,0,0,0,0,0,0,0,0,0,0,0,0,0,0,0,0,0,0,0.8935935626430239,1.3673581709543343,2.2609517335973583
7.32,8.12136290074137e-8,7.182965170503989e-10,0.003580046917037524,0.890810191110616,0,0.9545401033662171,0.000018517428062043656,0.40684218599854566,0.007344272803937635,0,0.000003111133380588103,0,0,0,0,0,0,0,0,0,0,0,0,0,0,0,0,0,0,0,0,0,0,0,0,0,0,0.8943903199595791,1.3687481907301429,2.263138510689722
7.325,8.126910279875428e-8,7.158637571756903e-10,0.003582494317876312,0.8916043353610592,0,0.9554223393305978,0.00001853009380461162,0.4073442772621374,0.007349382322251106,0,0.0000031132613658764003,0,0,0,0,0,0,0,0,0,0,0,0,0,0,0,0,0,0,0,0,0,0,0,0,0,0,0.8951869116639021,1.370137642270157,2.265324553934059
7.33,8.132457659009411e-8,7.134404867064907e-10,0.003584941717340906,0.8923983144427682,0,0.956304362971587,0.000018542759535417186,0.4078460091001829,0.0073544917760177625,0,0.0000031153893491884835,0,0,0,0,0,0,0,0,0,0,0,0,0,0,0,0,0,0,0,0,0,0,0,0,0,0,0.8959833381981261,1.3715265219966724,2.2675098601947985
7.335,8.138005038143326e-8,7.110266630628202e-10,0.0035873891154341183,0.8931921287962101,0,0.9571861748761373,0.000018555425254484442,0.4083473773198389,0.007359601165372044,0,0.000003117517330528402,0,0,0,0,0,0,0,0,0,0,0,0,0,0,0,0,0,0,0,0,0,0,0,0,0,0,0.8967796000027213,1.3729148263039332,2.2696944263066543
7.34,8.14355241727717e-8,7.086222438752061e-10,0.0035898365121587545,0.8939857788601963,0,0.9580677756288997,0.000018568090961837413,0.4088483777023148,0.007364710490448013,0,0.000003119645309900189,0,0,0,0,0,0,0,0,0,0,0,0,0,0,0,0,0,0,0,0,0,0,0,0,0,0,0.8975756975165013,1.3743025515579341,2.2718782490744354
7.345,8.149099796410946e-8,7.062271869835332e-10,0.0035922839075176113,0.8947792650718901,0,0.9589491658122349,0.000018580756657500055,0.409349006002669,0.007369819751379358,0,0.0000031217732873078707,0,0,0,0,0,0,0,0,0,0,0,0,0,0,0,0,0,0,0,0,0,0,0,0,0,0,0.8983716311766329,1.375689694096228,2.2740613252728608
7.35,8.154647175544649e-8,7.038414504358947e-10,0.003594731301513479,0.8955725878668161,0,0.9598303460062264,0.000018593422341496248,0.409849257949593,0.007374928948299392,0,0.0000031239012627554606,0,0,0,0,0,0,0,0,0,0,0,0,0,0,0,0,0,0,0,0,0,0,0,0,0,0,0.8991674014186428,1.3770762502277232,2.276243651646366
7.3549999999999995,8.160194554678284e-8,7.014649924874452e-10,0.0035971786941491387,0.8963657476788671,0,0.9607113167886914,0.000018606088013849824,0.4103491292451995,0.007380038081341063,0,0.000003126029236246962,0,0,0,0,0,0,0,0,0,0,0,0,0,0,0,0,0,0,0,0,0,0,0,0,0,0,0.8999630086764268,1.378462216232482,2.2784252249089088
7.36,8.165741933811849e-8,6.990977715992753e-10,0.003599626085427366,0.8971587449403131,0,0.9615920787351919,0.000018618753674584554,0.41084861556480967,0.007385147150636946,0,0.0000031281572077863674,0,0,0,0,0,0,0,0,0,0,0,0,0,0,0,0,0,0,0,0,0,0,0,0,0,0,0.9007584533822577,1.3798475883615209,2.280606041743779
7.365,8.171289312945346e-8,6.967397464372818e-10,0.0036020734753509265,0.8979515800818075,0,0.9624726324190479,0.000018631419323724108,0.4113477125567329,0.007390256156319247,0,0.0000031302851773776554,0,0,0,0,0,0,0,0,0,0,0,0,0,0,0,0,0,0,0,0,0,0,0,0,0,0,0.9015537359667913,1.381232362836601,2.2827860988033923
7.37,8.17683669207877e-8,6.943908758710404e-10,0.0036045208639225793,0.8987442535323973,0,0.9633529784113465,0.00001864408496129214,0.41184641584204745,0.007395365098519805,0,0.0000031324131450247986,0,0,0,0,0,0,0,0,0,0,0,0,0,0,0,0,0,0,0,0,0,0,0,0,0,0,0.9023488568590777,1.38261653585002,2.284965392709098
7.375,8.182384071212127e-8,6.920511189726948e-10,0.0036069682511450777,0.8995367657195292,0,0.9642331172809567,0.00001865675058731221,0.4123447210143797,0.007400473977370099,0,0.000003134541110731756,0,0,0,0,0,0,0,0,0,0,0,0,0,0,0,0,0,0,0,0,0,0,0,0,0,0,0.903143816486566,1.3840001035644045,2.2871439200509704
7.38,8.187931450345414e-8,6.897204350158478e-10,0.003609415637021165,0.900329117069059,0,0.9651130495945373,0.000018669416201807817,0.4128426244321746,0.007405582793001233,0,0.0000031366690745024754,0,0,0,0,0,0,0,0,0,0,0,0,0,0,0,0,0,0,0,0,0,0,0,0,0,0,0.9039386152751152,1.3853830629049895,2.2893216781801047
7.385,8.193478829478628e-8,6.873987834744574e-10,0.003611863021553578,0.9011213080052565,0,0.9659927759165494,0.000018682081804802402,0.4133401241492093,0.007410691545543958,0,0.000003138797036340897,0,0,0,0,0,0,0,0,0,0,0,0,0,0,0,0,0,0,0,0,0,0,0,0,0,0,0.9047332536489971,1.3867654124901438,2.291498666139141
7.39,8.199026208611778e-8,6.85086124021738e-10,0.003614310404745047,0.9019133389508177,0,0.9668722968092697,0.00001869474739631934,0.4138372122237155,0.00741580023512866,0,0.0000031409249962509457,0,0,0,0,0,0,0,0,0,0,0,0,0,0,0,0,0,0,0,0,0,0,0,0,0,0,0.905527732030911,1.3881471449405063,2.2936748769714175
7.395,8.20457358774486e-8,6.827824165290781e-10,0.0036167577865982947,0.9027052103268677,0,0.9677516128327979,0.00001870741297638195,0.4143338840020121,0.0074209088618853595,0,0.0000031430529542365397,0,0,0,0,0,0,0,0,0,0,0,0,0,0,0,0,0,0,0,0,0,0,0,0,0,0,0.9063220508419843,1.3895282561626259,2.29585030700461
7.3999999999999995,8.210120966877872e-8,6.804876210649446e-10,0.0036192051671160345,0.9034969225529718,0,0.96863072454507,0.00001872007854501347,0.4148301348010902,0.007426017425943724,0,0.0000031451809103015844,0,0,0,0,0,0,0,0,0,0,0,0,0,0,0,0,0,0,0,0,0,0,0,0,0,0,0.907116210501785,1.3909087420315593,2.2980249525333445
7.405,8.215668346010815e-8,6.782016978938121e-10,0.0036216525463009758,0.9042884760471414,0,0.9695096325018702,0.0000187327441022371,0.4153259599083802,0.007431125927433062,0,0.0000031473088644499764,0,0,0,0,0,0,0,0,0,0,0,0,0,0,0,0,0,0,0,0,0,0,0,0,0,0,0.9079102114283275,1.3922885983906501,2.3001988098189776
7.41,8.221215725143692e-8,6.759246074750939e-10,0.003624099924155816,0.9050798712258418,0,0.9703883372568392,0.00001874540964807595,0.41582135458151415,0.007436234366482322,0,0.0000031494368166856003,0,0,0,0,0,0,0,0,0,0,0,0,0,0,0,0,0,0,0,0,0,0,0,0,0,0,0.9087040540380794,1.3936678210513005,2.30237187508938
7.415,8.226763104276499e-8,6.736563104620652e-10,0.003626547300683251,0.9058711085039998,0,0.9712668393614864,0.000018758075182553087,0.41631631404808106,0.007441342743220093,0,0.0000031515647670123292,0,0,0,0,0,0,0,0,0,0,0,0,0,0,0,0,0,0,0,0,0,0,0,0,0,0,0.9094977387459704,1.3950464057927372,2.3045441445387076
7.42,8.232310483409237e-8,6.713967677008133e-10,0.003628994675885963,0.9066621882950109,0,0.9721451393652017,0.00001877074070569151,0.4168108335053902,0.00744645105777462,0,0.0000031536927154340285,0,0,0,0,0,0,0,0,0,0,0,0,0,0,0,0,0,0,0,0,0,0,0,0,0,0,0.9102912659653984,1.3964243483617875,2.306715614327186
7.425,8.237857862541909e-8,6.691459402291779e-10,0.0036314420497666326,0.9074531110107481,0,0.9730232378152648,0.000018783406217514155,0.4173049081202198,0.007451559310273792,0,0.000003155820661954552,0,0,0,0,0,0,0,0,0,0,0,0,0,0,0,0,0,0,0,0,0,0,0,0,0,0,0.9110846361082393,1.3978016444726378,2.308886280580877
7.43,8.24340524167451e-8,6.669037892757053e-10,0.0036338894223279313,0.9082438770615671,0,0.9739011352568561,0.000018796071718043902,0.417798533028573,0.007456667500845138,0,0.000003157948606577743,0,0,0,0,0,0,0,0,0,0,0,0,0,0,0,0,0,0,0,0,0,0,0,0,0,0,0.9118778495848512,1.399178289806599,2.31105613939145
7.435,8.248952620807046e-8,6.646702762586055e-10,0.0036363367935725224,0.9090344868563142,0,0.9747788322330669,0.000018808737207303558,0.4182917033354221,0.007461775629615846,0,0.0000031600765493074336,0,0,0,0,0,0,0,0,0,0,0,0,0,0,0,0,0,0,0,0,0,0,0,0,0,0,0.9126709068040832,1.4005542800118613,2.3132251868159446
7.4399999999999995,8.254499999939517e-8,6.624453627847151e-10,0.0036387841635030613,0.9098249408023349,0,0.9756563292849115,0.000018821402685315883,0.4187844141144592,0.007466883696712747,0,0.0000031622044901474476,0,0,0,0,0,0,0,0,0,0,0,0,0,0,0,0,0,0,0,0,0,0,0,0,0,0,0.9134638081732833,1.401929610703259,2.3153934188765426
7.445,8.260047379071917e-8,6.602290106484669e-10,0.0036412315321222005,0.9106152393054799,0,0.9765336269513365,0.000018834068152103555,0.41927666040783673,0.0074719917022623315,0,0.000003164332429101596,0,0,0,0,0,0,0,0,0,0,0,0,0,0,0,0,0,0,0,0,0,0,0,0,0,0,0.9142565540983049,1.4033042774620168,2.3175608315603218
7.45,8.265594758204252e-8,6.580211818308697e-10,0.00364367889943258,0.9114053827701122,0,0.9774107257692304,0.000018846733607689213,0.41976843472092995,0.007477099646390733,0,0.0000031664603661736817,0,0,0,0,0,0,0,0,0,0,0,0,0,0,0,0,0,0,0,0,0,0,0,0,0,0,0.9150491449835135,1.404678273330525,2.3197274183140384
7.455,8.271142137336517e-8,6.55821838498479e-10,0.0036461262654368357,0.9121953715991145,0,0.9782876262734351,0.000018859399052095428,0.4202597324334386,0.0074822075292237476,0,0.000003168588301367496,0,0,0,0,0,0,0,0,0,0,0,0,0,0,0,0,0,0,0,0,0,0,0,0,0,0,0.9158415812317945,1.406051594223451,2.3218931754552457
7.46,8.276689516468717e-8,6.536309430023934e-10,0.0036485736301375966,0.9129852061938974,0,0.9791643289967568,0.000018872064485344695,0.42075055080619406,0.007487315350886823,0,0.00000317071623468682,0,0,0,0,0,0,0,0,0,0,0,0,0,0,0,0,0,0,0,0,0,0,0,0,0,0,0.9166338632445612,1.4074242379345576,2.324058101179119
7.465,8.282236895600848e-8,6.514484578772414e-10,0.0036510209935374837,0.9137748869544042,0,0.9800408344699737,0.000018884729907459476,0.4212408849032242,0.007492423111505062,0,0.000003172844166135427,0,0,0,0,0,0,0,0,0,0,0,0,0,0,0,0,0,0,0,0,0,0,0,0,0,0,0.9174259914217592,1.4087962000587766,2.326222191480536
7.47,8.287784274732915e-8,6.49274345840181e-10,0.0036534683556391115,0.9145644142791195,0,0.9809171432218492,0.000018897395318462155,0.4217307297564809,0.007497530811203227,0,0.000003174972095717077,0,0,0,0,0,0,0,0,0,0,0,0,0,0,0,0,0,0,0,0,0,0,0,0,0,0,0.9182179661618757,1.4101674761569476,2.3283854423188233
7.475,8.293331653864915e-8,6.471085697899028e-10,0.003655915716445087,0.9153537885650759,0,0.9817932557791393,0.000018910060718375054,0.42222008036556324,0.007502638450105742,0,0.0000031771000234355213,0,0,0,0,0,0,0,0,0,0,0,0,0,0,0,0,0,0,0,0,0,0,0,0,0,0,0.9190097878619461,1.41153806175555,2.330547849617496
7.4799999999999995,8.298879032996848e-8,6.449510928056402e-10,0.00365836307595801,0.9161430102078612,0,0.9826691726666046,0.00001892272610722045,0.4227089316974387,0.007507746028336685,0,0.000003179227949294502,0,0,0,0,0,0,0,0,0,0,0,0,0,0,0,0,0,0,0,0,0,0,0,0,0,0,0.9198014569175605,1.4129079523464363,2.332709409263997
7.485,8.304426412128714e-8,6.428018781461803e-10,0.003660810434180475,0.9169320796016242,0,0.9835448944070186,0.000018935391485020543,0.42319727868616436,0.007512853546019797,0,0.000003181355873297749,0,0,0,0,0,0,0,0,0,0,0,0,0,0,0,0,0,0,0,0,0,0,0,0,0,0,0.9205929737228706,1.414277143386561,2.334870117109432
7.49,8.309973791260515e-8,6.406608892488881e-10,0.003663257791115067,0.9177209971390817,0,0.9844204215211786,0.000018948056851797483,0.42368511623260036,0.007517961003278484,0,0.000003183483795448985,0,0,0,0,0,0,0,0,0,0,0,0,0,0,0,0,0,0,0,0,0,0,0,0,0,0,0.9213843386705957,1.4156456302977047,2.3370299689683005
7.495,8.315521170392254e-8,6.385280897287304e-10,0.003665705146764368,0.9185097632115277,0,0.9852957545279153,0.00001896072220757337,0.42417243920412334,0.007523068400235814,0,0.000003185611715751921,0,0,0,0,0,0,0,0,0,0,0,0,0,0,0,0,0,0,0,0,0,0,0,0,0,0,0.9221755521520318,1.4170134084661978,2.3391889606182295
7.5,8.32106854952392e-8,6.364034433773036e-10,0.003668152501130946,0.9192983782088361,0,0.9861708939441025,0.000018973387552370217,0.42465924243433484,0.007528175737014517,0,0.0000031877396342102564,0,0,0,0,0,0,0,0,0,0,0,0,0,0,0,0,0,0,0,0,0,0,0,0,0,0,0.922966614557056,1.4183804732426384,2.3413470877996945
7.505,8.326615928655522e-8,6.342869141618757e-10,0.0036705998542173705,0.9200868425194714,0,0.987045840284667,0.000018986052886210006,0.4251455207227659,0.007533283013736989,0,0.0000031898675508276854,0,0,0,0,0,0,0,0,0,0,0,0,0,0,0,0,0,0,0,0,0,0,0,0,0,0,0.9237575262741349,1.419746819941607,2.3435043462157417
7.51,8.33216330778706e-8,6.321784662244223e-10,0.003673047206026201,0.9208751565304923,0,0.9879205940625977,0.00001899871820911466,0.4256312688345835,0.0075383902305253,0,0.0000031919954656078893,0,0,0,0,0,0,0,0,0,0,0,0,0,0,0,0,0,0,0,0,0,0,0,0,0,0,0.9245482876903302,1.4211124438413814,2.3456607315317113
7.515,8.337710686918533e-8,6.300780638806755e-10,0.0036754945565599865,0.9216633206275605,0,0.9887951557889554,0.000019011383521106015,0.42611648150028425,0.00754349738750118,0,0.0000031941233785545393,0,0,0,0,0,0,0,0,0,0,0,0,0,0,0,0,0,0,0,0,0,0,0,0,0,0,0.9253388991913055,1.4224773401836406,2.347816239374946
7.52,8.343258066049939e-8,6.279856716191759e-10,0.0036779419058212753,0.9224513351949456,0,0.9896695259728833,0.00001902404882220588,0.4266012069123926,0.00754860448478603,0,0.000003196251289671297,0,0,0,0,0,0,0,0,0,0,0,0,0,0,0,0,0,0,0,0,0,0,0,0,0,0,0.9261293611613332,1.4238415576701737,2.3499709188315068
7.5249999999999995,8.348805445181282e-8,6.259012541003335e-10,0.003680389253812603,0.9232392006155334,0,0.9905437051216145,0.00001903671411243599,0.42708540229724035,0.007553711522500925,0,0.0000031983791989618155,0,0,0,0,0,0,0,0,0,0,0,0,0,0,0,0,0,0,0,0,0,0,0,0,0,0,0.9269196739833018,1.4252050540346672,2.352124728017969
7.53,8.354352824312557e-8,6.238247761554815e-10,0.003682836600536504,0.9240269172708305,0,0.9914176937404824,0.000019049379391818028,0.4275690425752417,0.007558818500766605,0,0.000003200507106429737,0,0,0,0,0,0,0,0,0,0,0,0,0,0,0,0,0,0,0,0,0,0,0,0,0,0,0.92770983803872,1.426567804702989,2.354277642741709
7.535,8.35990020344377e-8,6.217562027859516e-10,0.003685283945995501,0.9248144855409725,0,0.9922914923329313,0.000019062044660373616,0.4280521200856017,0.007563925419703488,0,0.0000032026350120786957,0,0,0,0,0,0,0,0,0,0,0,0,0,0,0,0,0,0,0,0,0,0,0,0,0,0,0.9284998537077263,1.427929802517909,2.356429656225635
7.54,8.365447582574916e-8,6.196954991621436e-10,0.0036877312901921148,0.9256019058047293,0,0.9931651014005239,0.000019074709918124314,0.4285346271199061,0.007569032279431665,0,0.000003204762915912312,0,0,0,0,0,0,0,0,0,0,0,0,0,0,0,0,0,0,0,0,0,0,0,0,0,0,0.9292897213690927,1.429291040272696,2.3585807616417886
7.545,8.370994961705997e-8,6.176426306226058e-10,0.0036901786331288555,0.9263891784395122,0,0.9940385214429504,0.000019087375165091632,0.429016555921824,0.007574139080070895,0,0.000003206890817934202,0,0,0,0,0,0,0,0,0,0,0,0,0,0,0,0,0,0,0,0,0,0,0,0,0,0,0.9300794414002332,1.4306515107108282,2.3607309521110613
7.55,8.376542340837016e-8,6.155975626731126e-10,0.003692625974808228,0.9271763038213802,0,0.9949117529580391,0.000019100040401297027,0.4294978986868073,0.007579245821740623,0,0.000003209018718147969,0,0,0,0,0,0,0,0,0,0,0,0,0,0,0,0,0,0,0,0,0,0,0,0,0,0,0.9308690141772094,1.4320112065257065,2.362880220702916
7.555,8.382089719967967e-8,6.135602609857574e-10,0.0036950733152327307,0.9279632823250458,0,0.995784796441765,0.00001911270562676189,0.4299786475617876,0.007584352504559965,0,0.0000032111466165572077,0,0,0,0,0,0,0,0,0,0,0,0,0,0,0,0,0,0,0,0,0,0,0,0,0,0,0.931658440074736,1.433370120360356,2.365028560435092
7.56,8.387637099098857e-8,6.115306913980437e-10,0.0036975206544048555,0.9287501143238815,0,0.9966576523882581,0.000019125370841507564,0.4304587946448707,0.0075894591286477155,0,0.000003213274513165504,0,0,0,0,0,0,0,0,0,0,0,0,0,0,0,0,0,0,0,0,0,0,0,0,0,0,0.9324477194661881,1.4347282448071312,2.3671759642733194
7.5649999999999995,8.393184478229679e-8,6.095088199119828e-10,0.0036999679923270883,0.9295368001899262,0,0.9975303212898131,0.000019138036045555326,0.43093833198502746,0.007594565694122351,0,0.000003215402407976431,0,0,0,0,0,0,0,0,0,0,0,0,0,0,0,0,0,0,0,0,0,0,0,0,0,0,0.9332368527236069,1.4360855724074166,2.3693224251310236
7.57,8.398731857360438e-8,6.074946126931967e-10,0.0037024153290019074,0.9303233402938924,0,0.9984028036368986,0.0000191507012389264,0.4314172515817779,0.007599672201102022,0,0.0000032175303009935573,0,0,0,0,0,0,0,0,0,0,0,0,0,0,0,0,0,0,0,0,0,0,0,0,0,0,0.9340258402177075,1.4374420956513185,2.371467935869026
7.575,8.404279236491137e-8,6.054880360700253e-10,0.003704862664431784,0.9311097350051702,0,0.9992750999181651,0.000019163366421641956,0.4318955453848804,0.007604778649704567,0,0.000003219658192220437,0,0,0,0,0,0,0,0,0,0,0,0,0,0,0,0,0,0,0,0,0,0,0,0,0,0,0.9348146823178825,1.438797806977364,2.3736124892952466
7.58,8.409826615621769e-8,6.034890565326422e-10,0.0037073099986191854,0.9318959846918354,0,1.0001472106204543,0.000019176031593723108,0.4323732052940088,0.007609885040047505,0,0.000003221786081660621,0,0,0,0,0,0,0,0,0,0,0,0,0,0,0,0,0,0,0,0,0,0,0,0,0,0,0.9356033793922098,1.440152698772186,2.375756078164396
7.585,8.415373994752337e-8,6.014976407321651e-10,0.003709757331566568,0.9326820897206541,0,1.0010191362288083,0.000019188696755190907,0.43285022315842875,0.007614991372248032,0,0.000003223913969317642,0,0,0,0,0,0,0,0,0,0,0,0,0,0,0,0,0,0,0,0,0,0,0,0,0,0,0.9363919318074583,1.4415067633702097,2.377898695177668
7.59,8.420921373882845e-8,5.995137554797845e-10,0.003712204663276386,0.933468050457091,0,1.001890877226478,0.00001920136190606637,0.4333264130207784,0.007620097646423042,0,0.0000032260418551950336,0,0,0,0,0,0,0,0,0,0,0,0,0,0,0,0,0,0,0,0,0,0,0,0,0,0,0.9371803399290949,1.4428598152974408,2.380040155226536
7.595,8.426468753013286e-8,5.975373677458882e-10,0.003714651993751086,0.9342538672653122,0,1.002762434094931,0.00001921402704637043,0.43380191615872854,0.007625203862689102,0,0.000003228169739296312,0,0,0,0,0,0,0,0,0,0,0,0,0,0,0,0,0,0,0,0,0,0,0,0,0,0,0.9379686041212882,1.4442119963131343,2.3821806004344226
7.6,8.432016132143666e-8,5.955684446591916e-10,0.003717099322993105,0.9350395405081944,0,1.0036338073138615,0.00001922669217612398,0.4342767637050495,0.007630310021162469,0,0.000003230297621624987,0,0,0,0,0,0,0,0,0,0,0,0,0,0,0,0,0,0,0,0,0,0,0,0,0,0,0.9387567247469173,1.4455633380298714,2.384320062776789
7.6049999999999995,8.43756351127398e-8,5.936069535058773e-10,0.003719546651004878,0.9358250705473288,0,1.0045049973611984,0.000019239357295347846,0.43475095386429424,0.007635416121959091,0,0.00000323242550218456,0,0,0,0,0,0,0,0,0,0,0,0,0,0,0,0,0,0,0,0,0,0,0,0,0,0,0.9395447021675757,1.4469138391302494,2.386458541297825
7.61,8.443110890404232e-8,5.916528617287319e-10,0.0037219939777888337,0.9366104577430285,0,1.005376004713114,0.000019252022404062835,0.4352244848211229,0.007640522165194607,0,0.000003234553380978524,0,0,0,0,0,0,0,0,0,0,0,0,0,0,0,0,0,0,0,0,0,0,0,0,0,0,0.9403325367435791,1.4482634982752165,2.3885960350187956
7.615,8.44865826953442e-8,5.897061369262961e-10,0.003724441303347389,0.9373957024543323,0,1.0062468298440308,0.00001926468750228965,0.435697354739878,0.007645628150984332,0,0.0000032366812580103582,0,0,0,0,0,0,0,0,0,0,0,0,0,0,0,0,0,0,0,0,0,0,0,0,0,0,0.9411202288339685,1.4496123141036534,2.390732542937622
7.62,8.45420564866455e-8,5.877667468520096e-10,0.0037268886276829592,0.9381808050390138,0,1.0071174732266337,0.000019277352590048977,0.43616956176414673,0.007650734079443292,0,0.000003238809133283539,0,0,0,0,0,0,0,0,0,0,0,0,0,0,0,0,0,0,0,0,0,0,0,0,0,0,0.94190777879652,1.450960285231947,2.392868064028467
7.625,8.459753027794612e-8,5.858346594133701e-10,0.0037293359507979524,0.9389657658535834,0,1.0079879353318735,0.000019290017667361426,0.43664110401631673,0.007655839950686186,0,0.000003240937006801528,0,0,0,0,0,0,0,0,0,0,0,0,0,0,0,0,0,0,0,0,0,0,0,0,0,0,0.9426951869877462,1.4523074102535507,2.395002597241297
7.63,8.465300406924613e-8,5.839098426710916e-10,0.0037317832726947693,0.9397505852532974,0,1.0088582166289795,0.00001930268273424756,0.4371119795971313,0.0076609457648274155,0,0.0000032430648785677808,0,0,0,0,0,0,0,0,0,0,0,0,0,0,0,0,0,0,0,0,0,0,0,0,0,0,0.943482453762906,1.4536536877385509,2.397136141501457
7.635,8.470847786054553e-8,5.81992264838268e-10,0.0037342305933758062,0.9405352635921622,0,1.0097283175854657,0.000019315347790727896,0.43758218658523496,0.00766605152198108,0,0.000003245192748585744,0,0,0,0,0,0,0,0,0,0,0,0,0,0,0,0,0,0,0,0,0,0,0,0,0,0,0.9442695794760082,1.454999116233221,2.399268695709229
7.64,8.476395165184427e-8,5.80081894279539e-10,0.003736677912843451,0.94131980122294,0,1.0105982386671375,0.00001932801283682288,0.4380517230367114,0.007671157222260963,0,0.000003247320616858852,0,0,0,0,0,0,0,0,0,0,0,0,0,0,0,0,0,0,0,0,0,0,0,0,0,0,0.945056564479817,1.4563436942595636,2.401400258739381
7.645,8.481942544314242e-8,5.781786995102683e-10,0.003739125231100086,0.9421041984971545,0,1.011467980338105,0.00001934067787255292,0.4385205869846219,0.00767626286578055,0,0.0000032494484833905355,0,0,0,0,0,0,0,0,0,0,0,0,0,0,0,0,0,0,0,0,0,0,0,0,0,0,0.9458434091258587,1.4576874203148633,2.4035308294407223
7.6499999999999995,8.487489923443995e-8,5.762826491957143e-10,0.003741572548148089,0.9428884557650986,0,1.0123375430607853,0.00001935334289793837,0.4389887764385295,0.007681368452653029,0,0.0000032515763481842116,0,0,0,0,0,0,0,0,0,0,0,0,0,0,0,0,0,0,0,0,0,0,0,0,0,0,0.9466301137644286,1.459030292871214,2.4056604066356426
7.655,8.493037302573685e-8,5.743937121502144e-10,0.003744019863989829,0.9436725733758358,0,1.0132069272959134,0.00001936600791299952,0.439456289384026,0.0076864739829912735,0,0.000003253704211243292,0,0,0,0,0,0,0,0,0,0,0,0,0,0,0,0,0,0,0,0,0,0,0,0,0,0,0.9474166787445923,1.460372310375055,2.4077889891196476
7.66,8.49858468170331e-8,5.725118573363734e-10,0.0037464671786276685,0.9444565516772097,0,1.014076133502551,0.000019378672917756612,0.43992329754363574,0.007691579456907863,0,0.000003255832072571175,0,0,0,0,0,0,0,0,0,0,0,0,0,0,0,0,0,0,0,0,0,0,0,0,0,0,0.948203104414196,1.461713645008085,2.409916749422281
7.665,8.50413206083288e-8,5.706370538642492e-10,0.0037489144920639667,0.9452403910158484,0,1.0149451621380918,0.00001939133791222983,0.4403896625075645,0.007696684874515079,0,0.0000032579599321712547,0,0,0,0,0,0,0,0,0,0,0,0,0,0,0,0,0,0,0,0,0,0,0,0,0,0,0.94898939111987,1.463054158818016,2.412043549937886
7.67,8.509679439962386e-8,5.687692709905497e-10,0.0037513618043010766,0.9460240917371694,0,1.0158140136582725,0.000019404002896439317,0.44085533375600905,0.007701790235924902,0,0.000003260087790046913,0,0,0,0,0,0,0,0,0,0,0,0,0,0,0,0,0,0,0,0,0,0,0,0,0,0,0.9497755392070341,1.464393801740893,2.414169340947927
7.675,8.515226819091827e-8,5.669084781178305e-10,0.003753809115341342,0.9468076541853855,0,1.016682688517179,0.00001941666787040516,0.44132030258627347,0.007706895541249015,0,0.0000032622156462015253,0,0,0,0,0,0,0,0,0,0,0,0,0,0,0,0,0,0,0,0,0,0,0,0,0,0,0.9505615490199034,1.465732565528218,2.4162941145481214
7.68,8.520774198221212e-8,5.650546447936983e-10,0.003756256425187102,0.947591078703511,0,1.017551187167253,0.000019429332834147385,0.4417845602379137,0.007712000790598802,0,0.0000032643435006384567,0,0,0,0,0,0,0,0,0,0,0,0,0,0,0,0,0,0,0,0,0,0,0,0,0,0,0.9513474209014947,1.4670704418721001,2.4184178627735946
7.685,8.526321577350534e-8,5.632077407100172e-10,0.00375870373384069,0.9483743656333655,0,1.0184195100593028,0.00001944199778768598,0.44224809789231667,0.0077171059840853515,0,0.0000032664713533610645,0,0,0,0,0,0,0,0,0,0,0,0,0,0,0,0,0,0,0,0,0,0,0,0,0,0,0.9521331551936297,1.4684074224048458,2.4205405775984756
7.6899999999999995,8.531868956479791e-8,5.613677357021206e-10,0.003761151041304434,0.9491575153155808,0,1.0192876576425085,0.000019454662731040856,0.442710906672269,0.007722211121819457,0,0.000003268599204372696,0,0,0,0,0,0,0,0,0,0,0,0,0,0,0,0,0,0,0,0,0,0,0,0,0,0,0.9529187522369426,1.4697434986985323,2.422662250935475
7.695,8.537416335608991e-8,5.595345997480268e-10,0.0037635983475806543,0.9499405280896065,0,1.020155630364432,0.000019467327664231914,0.4431729776415317,0.007727316203911624,0,0.0000032707270536766913,0,0,0,0,0,0,0,0,0,0,0,0,0,0,0,0,0,0,0,0,0,0,0,0,0,0,0.9537042123708851,1.4710786622645933,2.4247828746354783
7.7,8.54296371473813e-8,5.577083029676581e-10,0.0037660456526716676,0.9507234042937136,0,1.0210234286710214,0.00001947999258727896,0.44363430180439434,0.007732421230472057,0,0.0000032728549012763803,0,0,0,0,0,0,0,0,0,0,0,0,0,0,0,0,0,0,0,0,0,0,0,0,0,0,0.9544895359337308,1.4724129045533763,2.426902440487107
7.705,8.548511093867205e-8,5.558888156220637e-10,0.0037684929565797803,0.9515061442650012,0,1.0218910530066216,0.000019492657500201757,0.44409487010524196,0.007737526201610668,0,0.000003274982747175085,0,0,0,0,0,0,0,0,0,0,0,0,0,0,0,0,0,0,0,0,0,0,0,0,0,0,0.9552747232625808,1.4737462169537217,2.4290209402163025
7.71,8.554058472996225e-8,5.540761081126465e-10,0.003770940259307297,0.9522887483394022,0,1.0227585038139817,0.000019505322403020056,0.4445546734280979,0.0077426311174370885,0,0.0000032771105913761207,0,0,0,0,0,0,0,0,0,0,0,0,0,0,0,0,0,0,0,0,0,0,0,0,0,0,0.9560597746933703,1.475078590792511,2.4311383654858814
7.715,8.559605852125179e-8,5.522701509803969e-10,0.003773387560856514,0.9530712168516868,0,1.0236257815342598,0.000019517987295753506,0.44501370259617695,0.007747735978060645,0,0.0000032792384338827894,0,0,0,0,0,0,0,0,0,0,0,0,0,0,0,0,0,0,0,0,0,0,0,0,0,0,0.9568446905608721,1.476410017334227,2.433254707895099
7.72,8.565153231254076e-8,5.504709149051282e-10,0.003775834861229724,0.9538535501354699,0,1.024492886607033,0.00001953065217842173,0.44547194837142723,0.007752840783590386,0,0.0000032813662746983883,0,0,0,0,0,0,0,0,0,0,0,0,0,0,0,0,0,0,0,0,0,0,0,0,0,0,0.9576294711987028,1.4777404877805038,2.435369958979207
7.725,8.570700610382911e-8,5.48678370704712e-10,0.0037782821604292103,0.9546357485232143,0,1.0253598194703046,0.0000195433170510443,0.44592940145406046,0.00775794553413507,0,0.0000032834941138262067,0,0,0,0,0,0,0,0,0,0,0,0,0,0,0,0,0,0,0,0,0,0,0,0,0,0,0.958414116939328,1.4790699932696652,2.437484110208993
7.7299999999999995,8.576247989511685e-8,5.468924893343287e-10,0.003780729458457253,0.9554178123462372,0,1.02622658056051,0.000019555981913640716,0.44638600074859086,0.007763050229803163,0,0.00000328562195126952,0,0,0,0,0,0,0,0,0,0,0,0,0,0,0,0,0,0,0,0,0,0,0,0,0,0,0.9591986281140669,1.4803984731427688,2.439597101256836
7.735,8.581795368640401e-8,5.451132418857047e-10,0.003783176755316127,0.9561997419347157,0,1.0270931703125266,0.000019568646766230473,0.4468417604664042,0.0077681548707028555,0,0.000003287749787031603,0,0,0,0,0,0,0,0,0,0,0,0,0,0,0,0,0,0,0,0,0,0,0,0,0,0,0.9599830050530987,1.4817259420461868,2.4417089470992854
7.74,8.587342747769056e-8,5.433405995863762e-10,0.003785624051008097,0.9569815376176896,0,1.0279595891596778,0.00001958131160883297,0.44729670287660034,0.007773259456942036,0,0.000003289877621115716,0,0,0,0,0,0,0,0,0,0,0,0,0,0,0,0,0,0,0,0,0,0,0,0,0,0,0.9607672480854658,1.4830524226824502,2.443819670767916
7.745,8.592890126897653e-8,5.415745337989331e-10,0.003788071345535428,0.95776319972307,0,1.0288258375337433,0.00001959397644146758,0.4477508208554425,0.007778363988628326,0,0.000003292005453525113,0,0,0,0,0,0,0,0,0,0,0,0,0,0,0,0,0,0,0,0,0,0,0,0,0,0,0.9615513575390812,1.484377908359709,2.44592926589879
7.75,8.59843750602619e-8,5.398150160202807e-10,0.0037905186389003724,0.9585447285776404,0,1.0296919158649642,0.000019606641264153606,0.4482041072261967,0.007783468465869048,0,0.000003294133284263038,0,0,0,0,0,0,0,0,0,0,0,0,0,0,0,0,0,0,0,0,0,0,0,0,0,0,0.9623353337407308,1.4857023923315784,2.448037726072309
7.755,8.603984885154665e-8,5.380620178809065e-10,0.0037929659311051827,0.9593261245070654,0,1.0305578245820513,0.000019619306076910338,0.44865655475859717,0.007788572888771256,0,0.000003296261113332731,0,0,0,0,0,0,0,0,0,0,0,0,0,0,0,0,0,0,0,0,0,0,0,0,0,0,0.9631191770160815,1.48702586779661,2.4501450448126914
7.76,8.609532264283082e-8,5.363155111441431e-10,0.003795413222152101,0.9601073878358938,0,1.031423564112192,0.000019631970879756966,0.44910815616828953,0.0077936772574417135,0,0.0000032983889407374165,0,0,0,0,0,0,0,0,0,0,0,0,0,0,0,0,0,0,0,0,0,0,0,0,0,0,0.9639028876896841,1.4883483278977439,2.452251215587428
7.765,8.615079643411441e-8,5.345754677054348e-10,0.0037978605120433666,0.9608885188875632,0,1.0322891348810572,0.000019644635672712673,0.4495589041162851,0.007798781571986904,0,0.0000033005167664803173,0,0,0,0,0,0,0,0,0,0,0,0,0,0,0,0,0,0,0,0,0,0,0,0,0,0,0.9646864660849784,1.4896697657217683,2.454356231806747
7.77,8.620627022539734e-8,5.328418595916181e-10,0.0038003078007812123,0.9616695179844066,0,1.0331545373128082,0.000019657300455796573,0.4500087912083922,0.0078038858325130385,0,0.000003302644590564646,0,0,0,0,0,0,0,0,0,0,0,0,0,0,0,0,0,0,0,0,0,0,0,0,0,0,0.9654699125242999,1.4909901742987597,2.4564600868230597
7.7749999999999995,8.626174401667979e-8,5.311146589601948e-10,0.003802755088367866,0.9624503854476558,0,1.0340197718301054,0.000019669965229027735,0.4504578099946518,0.00780899003912604,0,0.0000033047724129936048,0,0,0,0,0,0,0,0,0,0,0,0,0,0,0,0,0,0,0,0,0,0,0,0,0,0,0.9662532273288824,1.4923095466015253,2.4585627739304075
7.78,8.631721780796156e-8,5.293938380986112e-10,0.003805202374805546,0.9632311215974468,0,1.0348848388541114,0.000019682629992425176,0.4509059529687537,0.007814094191931558,0,0.0000033069002337703887,0,0,0,0,0,0,0,0,0,0,0,0,0,0,0,0,0,0,0,0,0,0,0,0,0,0,0.967036410818864,1.4936278755450227,2.460664286363887
7.785,8.637269159924277e-8,5.276793694235476e-10,0.0038076496600964703,0.9640117267528251,0,1.035749738804502,0.000019695294746007857,0.4513532125674597,0.007819198291034963,0,0.000003309028052898185,0,0,0,0,0,0,0,0,0,0,0,0,0,0,0,0,0,0,0,0,0,0,0,0,0,0,0.9678194633132926,1.4949451539857956,2.4627646172990882
7.79,8.642816539052339e-8,5.259712254802027e-10,0.0038100969442428473,0.9647922012317506,0,1.0366144720994717,0.000019707959489794728,0.4517995811700068,0.007824302336541356,0,0.000003311155870380176,0,0,0,0,0,0,0,0,0,0,0,0,0,0,0,0,0,0,0,0,0,0,0,0,0,0,0.9686023851301301,1.49626137472138,2.46486375985151
7.795,8.648363918180343e-8,5.242693789415843e-10,0.0038125442272468825,0.9655725453511008,0,1.0374790391557396,0.00001972062422380464,0.4522450510975042,0.007829406328555553,0,0.000003313283686219529,0,0,0,0,0,0,0,0,0,0,0,0,0,0,0,0,0,0,0,0,0,0,0,0,0,0,0.9693851765862562,1.4975765304897095,2.4669617070759657
7.8,8.653911297308287e-8,5.225738026078075e-10,0.003814991509110774,0.9663527594266776,0,1.0383434403885563,0.000019733288948056416,0.45268964235828796,0.007834510267182104,0,0.000003315411500419408,0,0,0,0,0,0,0,0,0,0,0,0,0,0,0,0,0,0,0,0,0,0,0,0,0,0,0.9701678379974752,1.498890641714475,2.46905847971195
7.805,8.659458676436176e-8,5.20884469405391e-10,0.003817438789836713,0.9671328437732117,0,1.0392076762117128,0.000019745953662568838,0.4531333725716217,0.007839614152525279,0,0.0000033175393129829672,0,0,0,0,0,0,0,0,0,0,0,0,0,0,0,0,0,0,0,0,0,0,0,0,0,0,0.9709503696785198,1.5002037264288353,2.4711540961073553
7.81,8.665006055564003e-8,5.192013523865597e-10,0.003819886069426887,0.9679127987043663,0,1.0400717470375445,0.000019758618367360646,0.45357617781798754,0.007844717984689078,0,0.0000033196671239133544,0,0,0,0,0,0,0,0,0,0,0,0,0,0,0,0,0,0,0,0,0,0,0,0,0,0,0.9717327719430551,1.5015157211257124,2.4732484930687675
7.8149999999999995,8.670553434691771e-8,5.175244247285495e-10,0.003822333347883478,0.9686926245327424,0,1.0409356532769398,0.000019771283062450487,0.4540180477873941,0.007849821763777234,0,0.000003321794933213705,0,0,0,0,0,0,0,0,0,0,0,0,0,0,0,0,0,0,0,0,0,0,0,0,0,0,0.9725150451036847,1.5028266159061068,2.4753416610097916
7.82,8.676100813819485e-8,5.158536597329163e-10,0.0038247806252086646,0.9694723215698844,0,1.041799395339346,0.00001978394774785703,0.4544589720980135,0.007854925489893208,0,0.0000033239227408871535,0,0,0,0,0,0,0,0,0,0,0,0,0,0,0,0,0,0,0,0,0,0,0,0,0,0,0.9732971894719549,1.5041364007977414,2.4774335902696962
7.825,8.681648192947138e-8,5.141890308248484e-10,0.0038272279014046127,0.970251890126282,0,1.0426629736327753,0.000019796612423598838,0.4548989402955676,0.007860029163140183,0,0.000003326050546936818,0,0,0,0,0,0,0,0,0,0,0,0,0,0,0,0,0,0,0,0,0,0,0,0,0,0,0.9740792053583576,1.5054450657544536,2.479524271112811
7.83,8.687195572074737e-8,5.125305115524822e-10,0.0038296751764734897,0.9710313305113791,0,1.0435263885638129,0.000019809277089694454,0.45533794185272547,0.007865132783621078,0,0.0000033281783513658163,0,0,0,0,0,0,0,0,0,0,0,0,0,0,0,0,0,0,0,0,0,0,0,0,0,0,0.9748610930723388,1.5067526006556005,2.4816136937279394
7.835,8.692742951202275e-8,5.108780755862173e-10,0.0038321224504174528,0.9718106430335745,0,1.044389640537622,0.000019821941746162355,0.4557759661684725,0.007870236351438551,0,0.000003330306154177253,0,0,0,0,0,0,0,0,0,0,0,0,0,0,0,0,0,0,0,0,0,0,0,0,0,0,0.9756428529222995,1.5080589953054333,2.483701848227733
7.84,8.698290330329756e-8,5.092316967180454e-10,0.0038345697232386594,0.9725898280002284,0,1.0452527299579515,0.00001983460639302101,0.4562130025674846,0.007875339866694978,0,0.0000033324339553742273,0,0,0,0,0,0,0,0,0,0,0,0,0,0,0,0,0,0,0,0,0,0,0,0,0,0,0.9764244852156021,1.5093642394324795,2.4857887246480814
7.845,8.703837709457176e-8,5.075913488608661e-10,0.003837016994939255,0.973368885717667,0,1.046115657227142,0.000019847271030288793,0.45664904029948966,0.007880443329492486,0,0.00000333456175495983,0,0,0,0,0,0,0,0,0,0,0,0,0,0,0,0,0,0,0,0,0,0,0,0,0,0,0.9772059902585747,1.5106683226889093,2.487874312947484
7.85,8.709385088584542e-8,5.059570060478264e-10,0.0038394642655213834,0.974147816491186,0,1.0469784227461316,0.00001985993565798406,0.4570840685386229,0.007885546739932926,0,0.000003336689552937143,0,0,0,0,0,0,0,0,0,0,0,0,0,0,0,0,0,0,0,0,0,0,0,0,0,0,0.9779873683565152,1.5119712346498984,2.4899586030064134
7.8549999999999995,8.714932467711851e-8,5.043286424316404e-10,0.0038419115349871825,0.9749266206250566,0,1.0478410269144636,0.000019872600276125107,0.45751807638276715,0.007890650098117883,0,0.0000033388173493092414,0,0,0,0,0,0,0,0,0,0,0,0,0,0,0,0,0,0,0,0,0,0,0,0,0,0,0.9787686198136971,1.5132729648129741,2.492041584626671
7.86,8.720479846839104e-8,5.02706232283933e-10,0.003844358803338782,0.9757052984225276,0,1.048703470130291,0.000019885264884730188,0.4579510528528931,0.007895753404148682,0,0.000003340945144079193,0,0,0,0,0,0,0,0,0,0,0,0,0,0,0,0,0,0,0,0,0,0,0,0,0,0,0.9795497449333711,1.5145735025973617,2.494123247530733
7.865,8.726027225966296e-8,5.01089749994574e-10,0.0038468060705783105,0.9764838501858337,0,1.0495657527903859,0.000019897929483817526,0.4583829868923829,0.007900856658126388,0,0.0000033430729372500566,0,0,0,0,0,0,0,0,0,0,0,0,0,0,0,0,0,0,0,0,0,0,0,0,0,0,0.980330744017774,1.5158728373433161,2.4962035813610903
7.87,8.731574605093435e-8,4.994791700710179e-10,0.0038492533367078894,0.9772622762161954,0,1.0504278752901417,0.000019910594073405267,0.4588138673663492,0.007905959860151801,0,0.0000033452007288248833,0,0,0,0,0,0,0,0,0,0,0,0,0,0,0,0,0,0,0,0,0,0,0,0,0,0,0.9811116173681286,1.517170958311445,2.4982825756795735
7.875,8.737121984220513e-8,4.978744671376513e-10,0.0038517006017296327,0.978040576813827,0,1.051289838023583,0.000019923258653511534,0.45924347867652326,0.007911063010325457,0,0.0000033473285188067167,0,0,0,0,0,0,0,0,0,0,0,0,0,0,0,0,0,0,0,0,0,0,0,0,0,0,0.981892365284651,1.518467650297604,2.500360015582255
7.88,8.742669363347536e-8,4.962756159351334e-10,0.0038541478656456503,0.9788187522779388,0,1.0521516413833691,0.00001993592322415439,0.4596719982519821,0.007916166108747635,0,0.000003349456307198592,0,0,0,0,0,0,0,0,0,0,0,0,0,0,0,0,0,0,0,0,0,0,0,0,0,0,0.9826729880665537,1.5197630911236302,2.5024360791901836
7.885,8.748216742474503e-8,4.946825913197566e-10,0.0038565951284580493,0.9795968029067433,0,1.0530132857608032,0.00001994858778535187,0.4600994419529733,0.007921269155518355,0,0.0000033515840940035397,0,0,0,0,0,0,0,0,0,0,0,0,0,0,0,0,0,0,0,0,0,0,0,0,0,0,0.9834534860120514,1.5210572970411744,2.5045107830532256
7.89,8.753764121601412e-8,4.930953682627848e-10,0.003859042390168929,0.9803747289974583,0,1.0538747715458348,0.000019961252337121946,0.4605258048324268,0.007926372150737378,0,0.000003353711879224578,0,0,0,0,0,0,0,0,0,0,0,0,0,0,0,0,0,0,0,0,0,0,0,0,0,0,0.9842338594183637,1.5223502634932151,2.506584122911579
7.895,8.759311500728266e-8,4.91513921849824e-10,0.0038614896507803828,0.9811525308463104,0,1.0547360991270684,0.000019973916879482545,0.46095108188887657,0.007931475094504209,0,0.0000033558396628647213,0,0,0,0,0,0,0,0,0,0,0,0,0,0,0,0,0,0,0,0,0,0,0,0,0,0,0.9850141085817197,1.5236419858669916,2.5086560944487113
7.8999999999999995,8.764858879855065e-8,4.899382272801696e-10,0.0038639369102945,0.9819302087485418,0,1.0555972688917694,0.000019986581412451568,0.46137526806556345,0.007936577986918091,0,0.0000033579674449269737,0,0,0,0,0,0,0,0,0,0,0,0,0,0,0,0,0,0,0,0,0,0,0,0,0,0,0.9857942337973633,1.5249324594931084,2.5107266932904717
7.905,8.770406258981807e-8,4.883682598661747e-10,0.003866384168713365,0.9827077629984126,0,1.056458281225869,0.00001999924593604684,0.46179835824954457,0.007941680828078012,0,0.000003360095225414333,0,0,0,0,0,0,0,0,0,0,0,0,0,0,0,0,0,0,0,0,0,0,0,0,0,0,0.9865742353595567,1.526221679644653,2.51279591500421
7.91,8.775953638108491e-8,4.868039950326108e-10,0.0038688314260390544,0.9834851938892052,0,1.057319136513971,0.00002001191045028617,0.46222034727077055,0.007946783618082709,0,0.0000033622230043297904,0,0,0,0,0,0,0,0,0,0,0,0,0,0,0,0,0,0,0,0,0,0,0,0,0,0,0.9873541135615845,1.5275096415362788,2.5148637550978634
7.915,8.781501017235117e-8,4.852454083160381e-10,0.0038712786822736427,0.984262501713229,0,1.0581798351393583,0.0000200245749551873,0.46264122990116974,0.007951886357030665,0,0.000003364350781676327,0,0,0,0,0,0,0,0,0,0,0,0,0,0,0,0,0,0,0,0,0,0,0,0,0,0,0.9881338686957583,1.5287963403232958,2.516930209019054
7.92,8.787048396361694e-8,4.836924753641705e-10,0.0038737259374191984,0.985039686761826,0,1.0590403774839967,0.00002003723945076795,0.46306100085369895,0.007956989045020102,0,0.0000033664785574569187,0,0,0,0,0,0,0,0,0,0,0,0,0,0,0,0,0,0,0,0,0,0,0,0,0,0,0.9889135010534216,1.530081771100724,2.5189952721541458
7.925,8.792595775488207e-8,4.821451719352545e-10,0.003876173191477783,0.9858167493253711,0,1.059900763928544,0.00002004990393704576,0.4634796547813943,0.007962091682148995,0,0.000003368606331674531,0,0,0,0,0,0,0,0,0,0,0,0,0,0,0,0,0,0,0,0,0,0,0,0,0,0,0.9896930109249519,1.531365928902356,2.521058939827308
7.93,8.798143154614669e-8,4.806034738974386e-10,0.0038786204444514537,0.9865936896932808,0,1.0607609948523529,0.00002006256841403837,0.4638971862764025,0.007967194268515066,0,0.000003370734104332126,0,0,0,0,0,0,0,0,0,0,0,0,0,0,0,0,0,0,0,0,0,0,0,0,0,0,0.9904723985997672,1.5326488086997887,2.523121207299556
7.935,8.803690533741075e-8,4.790673572281579e-10,0.003881067696342265,0.9873705081540141,0,1.0616210706334788,0.000020075232881763343,0.4643135898689972,0.007972296804215786,0,0.0000033728618754326558,0,0,0,0,0,0,0,0,0,0,0,0,0,0,0,0,0,0,0,0,0,0,0,0,0,0,0.9912516643663289,1.533930405401449,2.5251820697677783
7.9399999999999995,8.809237912867425e-8,4.775367980135065e-10,0.0038835149471522605,0.9881472049950775,0,1.062480991648684,0.000020087897340238206,0.46472886002657854,0.007977399289348376,0,0.0000033749896449790634,0,0,0,0,0,0,0,0,0,0,0,0,0,0,0,0,0,0,0,0,0,0,0,0,0,0,0.9920308085121456,1.5352107138515962,2.5272415223637417
7.945,8.814785291993719e-8,4.760117724476291e-10,0.0038859621968834863,0.9889237805030306,0,1.0633407582734455,0.00002010056178948045,0.4651430930557283,0.007982501724009808,0,0.000003377117412974288,0,0,0,0,0,0,0,0,0,0,0,0,0,0,0,0,0,0,0,0,0,0,0,0,0,0,0.9928098313237789,1.5364898307323862,2.529299662056165
7.95,8.82033267111996e-8,4.744922568321028e-10,0.003888409445537977,0.989700234963488,0,1.064200370881959,0.00002011322622950751,0.465556373238185,0.007987604108296797,0,0.0000033792451794212607,0,0,0,0,0,0,0,0,0,0,0,0,0,0,0,0,0,0,0,0,0,0,0,0,0,0,0.993588733086845,1.5377678406998496,2.5313565737866948
7.955,8.825880050246144e-8,4.729782275753234e-10,0.003890856693117764,0.9904765686611239,0,1.0650598298471445,0.000020125890660336775,0.46596849279497937,0.007992706442305826,0,0.0000033813729443229017,0,0,0,0,0,0,0,0,0,0,0,0,0,0,0,0,0,0,0,0,0,0,0,0,0,0,0.9943675140860203,1.5390445363480343,2.5334120504340545
7.96,8.831427429372272e-8,4.714696611919023e-10,0.0038933039396248747,0.9912527818796772,0,1.0659191355406543,0.000020138555081985607,0.4663794375661959,0.007997808726133118,0,0.0000033835007076821283,0,0,0,0,0,0,0,0,0,0,0,0,0,0,0,0,0,0,0,0,0,0,0,0,0,0,0.9951461746050461,1.540319903888773,2.535466078493819
7.965,8.836974808498347e-8,4.699665343020551e-10,0.0038957511850613307,0.9920288749019548,0,1.066778288332876,0.000020151219494471312,0.46678919329002755,0.008002910959874652,0,0.0000033856284695018476,0,0,0,0,0,0,0,0,0,0,0,0,0,0,0,0,0,0,0,0,0,0,0,0,0,0,0.9959247149267307,1.5415939294307421,2.5375186443574727
7.97,8.842522187624368e-8,4.684688236309988e-10,0.0038981984294291483,0.9928048480098352,0,1.0676372885929397,0.00002016388389781117,0.46719774560188077,0.008008013143626168,0,0.000003387756229784962,0,0,0,0,0,0,0,0,0,0,0,0,0,0,0,0,0,0,0,0,0,0,0,0,0,0,0.9967031353329551,1.5428665989785741,2.539569734311529
7.975,8.84806956675033e-8,4.66976506008351e-10,0.003900645672730337,0.9935807014842726,0,1.0684961366887216,0.00002017654829202237,0.4676050800334752,0.008013115277483149,0,0.000003389883988534362,0,0,0,0,0,0,0,0,0,0,0,0,0,0,0,0,0,0,0,0,0,0,0,0,0,0,0.9974814361046751,1.5441378984319605,2.5416193345366356
7.9799999999999995,8.85361694587624e-8,4.654895583675304e-10,0.003903092914966907,0.9943564356053018,0,1.0693548329868534,0.00002018921267712212,0.46801118201193,0.008018217361540847,0,0.0000033920117457529378,0,0,0,0,0,0,0,0,0,0,0,0,0,0,0,0,0,0,0,0,0,0,0,0,0,0,0.9982596175219278,1.545407813584747,2.543667431106675
7.985,8.859164325002096e-8,4.6400795774515915e-10,0.003905540156140855,0.9951320506520415,0,1.0702133778527234,0.000020201877053127544,0.46841603685883665,0.008023319395894265,0,0.0000033941395014435643,0,0,0,0,0,0,0,0,0,0,0,0,0,0,0,0,0,0,0,0,0,0,0,0,0,0,0.9990376798638335,1.546676330124009,2.5457140099878424
7.99,8.864711704127896e-8,4.625316812804688e-10,0.003907987396254181,0.9959075469026967,0,1.0710717716504847,0.000020214541420055737,0.4688196297893162,0.00802842138063816,0,0.000003396267255609116,0,0,0,0,0,0,0,0,0,0,0,0,0,0,0,0,0,0,0,0,0,0,0,0,0,0,0.9998156234085996,1.5479434336291147,2.547759057037714
7.995,8.870259083253643e-8,4.61060706214709e-10,0.003910434635308875,0.9966829246345655,0,1.0719300147430604,0.000020227205777923748,0.46922194591106203,0.008033523315867054,0,0.0000033983950082524557,0,0,0,0,0,0,0,0,0,0,0,0,0,0,0,0,0,0,0,0,0,0,0,0,0,0,1.000593448433526,1.5492091095707756,2.5498025580043016
8,8.875806462379334e-8,4.595950098905554e-10,0.003912881873306923,0.9974581841240412,0,1.0727881074921486,0.00002023987012674858,0.469622970223371,0.008038625201675224,0,0.000003400522759376443,0,0,0,0,0,0,0,0,0,0,0,0,0,0,0,0,0,0,0,0,0,0,0,0,0,0,1.0013711552150077,1.550473343310081,2.5518444985250888
8.004999999999999,8.881353841504969e-8,4.581345697515233e-10,0.003915329110250306,0.9982333256466154,0,1.0736460502582263,0.000020252534466547197,0.4700226876161605,0.008043727038156706,0,0.0000034026505089839246,0,0,0,0,0,0,0,0,0,0,0,0,0,0,0,0,0,0,0,0,0,0,0,0,0,0,1.0021487440285386,1.551736120097519,2.553884864126058
8.01,8.886901220630556e-8,4.5667936334138053e-10,0.0039177763461410026,0.9990083494768845,0,1.074503843400559,0.00002026519879733654,0.4704210828689677,0.008048828825405308,0,0.000003404778257077749,0,0,0,0,0,0,0,0,0,0,0,0,0,0,0,0,0,0,0,0,0,0,0,0,0,0,1.002926215148717,1.5529974250719865,2.5559236402207035
8.015,8.892448599756085e-8,4.5522936830356726e-10,0.003920223580980982,0.9997832558885502,0,1.0753614872772006,0.00002027786311913348,0.4708181406499352,0.008053930563514581,0,0.0000034069060036607486,0,0,0,0,0,0,0,0,0,0,0,0,0,0,0,0,0,0,0,0,0,0,0,0,0,0,1.0037035688492466,1.5542572432597732,2.5579608121090196
8.02,8.89799597888156e-8,4.5378456238061216e-10,0.003922670814772211,1.0005580451544254,0,1.0762189822450035,0.000020290527431954835,0.47121370417613434,0.008059032252577848,0,0.0000034090337487357518,0,0,0,0,0,0,0,0,0,0,0,0,0,0,0,0,0,0,0,0,0,0,0,0,0,0,1.004480805402942,1.5555154182348965,2.5599962236378384
8.024999999999999,8.903543358006983e-8,4.5234492341355147e-10,0.003925118047516652,1.001332717546438,0,1.0770763286596199,0.00002030319173581742,0.4716078243143481,0.008064133892688197,0,0.0000034111614923055817,0,0,0,0,0,0,0,0,0,0,0,0,0,0,0,0,0,0,0,0,0,0,0,0,0,0,1.005257925081733,1.5567720012198842,2.5620299263016175
8.030000000000001,8.909090737132354e-8,4.509104293413555e-10,0.003927565279216263,1.002107273335634,0,1.0779335268755112,0.000020315856030737995,0.4720005695728807,0.008069235483938479,0,0.0000034132892343730546,0,0,0,0,0,0,0,0,0,0,0,0,0,0,0,0,0,0,0,0,0,0,0,0,0,0,1.006034928156668,1.5580270610775955,2.5640619892342635
8.035,8.914638116257669e-8,4.4948105820035225e-10,0.003930012509872992,1.00288171279218,0,1.0787905772459494,0.000020328520316733254,0.4723919302584852,0.008074337026421302,0,0.000003415416974940975,0,0,0,0,0,0,0,0,0,0,0,0,0,0,0,0,0,0,0,0,0,0,0,0,0,0,1.0068118148979153,1.5592805884681475,2.5660924033660626
8.04,8.920185495382926e-8,4.4805678812365294e-10,0.003932459739488787,1.0036560361853697,0,1.079647480123024,0.000020341184593819875,0.4727818965844672,0.008079438520229045,0,0.0000034175447140121453,0,0,0,0,0,0,0,0,0,0,0,0,0,0,0,0,0,0,0,0,0,0,0,0,0,0,1.0075885855747702,1.5605325739570282,2.568121159531798
8.045,8.925732874508136e-8,4.466375973405803e-10,0.003934906968065595,1.0044302437836263,0,1.0805042358576487,0.000020353848862014493,0.473170458669395,0.008084539965453857,0,0.0000034196724515893606,0,0,0,0,0,0,0,0,0,0,0,0,0,0,0,0,0,0,0,0,0,0,0,0,0,0,1.0083652404556582,1.5617830080138113,2.5701482484694695
8.05,8.931280253633291e-8,4.452234641761031e-10,0.003937354195605348,1.0052043358545042,0,1.0813608447995624,0.000020366513121333683,0.4735576065357938,0.00808964136218765,0,0.000003421800187675406,0,0,0,0,0,0,0,0,0,0,0,0,0,0,0,0,0,0,0,0,0,0,0,0,0,0,1.0091417798081355,1.5630318810108528,2.5721736608189882
8.055,8.936827632758392e-8,4.438143670502639e-10,0.0039398014221099795,1.0059783126646962,0,1.0822173072973393,0.000020379177371794003,0.4739433301088199,0.008094742710522096,0,0.0000034239279222730633,0,0,0,0,0,0,0,0,0,0,0,0,0,0,0,0,0,0,0,0,0,0,0,0,0,0,1.0099182038988967,1.5642791832219753,2.574197387120872
8.059999999999999,8.94237501188344e-8,4.424102844776159e-10,0.003942248647581417,1.0067521744800343,0,1.0830736236983898,0.00002039184161341195,0.4743276192149092,0.008099844010548647,0,0.0000034260556553851026,0,0,0,0,0,0,0,0,0,0,0,0,0,0,0,0,0,0,0,0,0,0,0,0,0,0,1.0106945129937763,1.5655249048211164,2.576219417814893
8.065,8.947922391008439e-8,4.410111950666582e-10,0.0039446958720215876,1.0075259215654953,0,1.0839297943489683,0.000020404505846203998,0.4747104635804077,0.008104945262358521,0,0.000003428183387014294,0,0,0,0,0,0,0,0,0,0,0,0,0,0,0,0,0,0,0,0,0,0,0,0,0,0,1.0114707073577518,1.5667690358809676,2.5782397432387194
8.07,8.953469770133382e-8,4.3961707751927433e-10,0.003947143095432404,1.0082995541852025,0,1.0847858195941766,0.00002041717007018657,0.47509185283017685,0.008110046466042698,0,0.000003430311117163395,0,0,0,0,0,0,0,0,0,0,0,0,0,0,0,0,0,0,0,0,0,0,0,0,0,0,1.0122467872549497,1.5680115663715835,2.580258353626533
8.075,8.959017149258268e-8,4.382279106301734e-10,0.003949590317815781,1.0090730726024297,0,1.0856416997779692,0.000020429834285376027,0.47547177648617656,0.008115147621691932,0,0.000003432438845835155,0,0,0,0,0,0,0,0,0,0,0,0,0,0,0,0,0,0,0,0,0,0,0,0,0,0,1.0130227529486449,1.5692524861589687,2.582275239107614
8.08,8.964564528383106e-8,4.36843673286324e-10,0.0039520375391736305,1.0098464770796076,0,1.0864974352431611,0.00002044249849178874,0.4758502239660272,0.008120248729396758,0,0.0000034345665730323248,0,0,0,0,0,0,0,0,0,0,0,0,0,0,0,0,0,0,0,0,0,0,0,0,0,0,1.0137986047012704,1.57049178500365,2.58429038970492
8.085,8.970111907507895e-8,4.3546434446640764e-10,0.003954484759507854,1.0106197678783226,0,1.087353026331427,0.000020455162689440993,0.4762271845815424,0.008125349789247472,0,0.000003436694298757641,0,0,0,0,0,0,0,0,0,0,0,0,0,0,0,0,0,0,0,0,0,0,0,0,0,0,1.014574342774414,1.5717294525592052,2.5863037953336194
8.09,8.975659286632624e-8,4.3408990324025693e-10,0.003956931978820348,1.0113929452593229,0,1.0882084733833104,0.000020467826878349048,0.4766026475372438,0.00813045080133414,0,0.000003438822023013835,0,0,0,0,0,0,0,0,0,0,0,0,0,0,0,0,0,0,0,0,0,0,0,0,0,0,1.015349967428826,1.5729654783707896,2.5883154457996156
8.094999999999999,8.981206665757302e-8,4.327203287683006e-10,0.0039593791971130115,1.0121660094825233,0,1.0890637767382287,0.000020480491058529137,0.4769766554796965,0.008135551765746611,0,0.0000034409497458036326,0,0,0,0,0,0,0,0,0,0,0,0,0,0,0,0,0,0,0,0,0,0,0,0,0,0,1.0161254789244234,1.5741999054244762,2.5903253843488994
8.1,8.986754044881933e-8,4.313556003010136e-10,0.003961826414387734,1.0129389608070065,0,1.089918936734477,0.00002049315522999744,0.4773491553360393,0.008140652682574506,0,0.0000034430774671297534,0,0,0,0,0,0,0,0,0,0,0,0,0,0,0,0,0,0,0,0,0,0,0,0,0,0,1.0169008775202903,1.575432680985788,2.5923335585060783
8.105,8.992301424006509e-8,4.299956971783669e-10,0.003964273630646397,1.0137117994910263,0,1.0907739537092316,0.000020505819392770084,0.47772012143667936,0.008145753551907216,0,0.000003445205186994908,0,0,0,0,0,0,0,0,0,0,0,0,0,0,0,0,0,0,0,0,0,0,0,0,0,0,1.0176761634746827,1.5766637797223981,2.594339943197081
8.11,8.997848803131029e-8,4.2864059882927516e-10,0.003966720845890883,1.014484525792013,0,1.091628827998556,0.000020518483546863174,0.47808954073276766,0.008150854373833902,0,0.0000034473329054018014,0,0,0,0,0,0,0,0,0,0,0,0,0,0,0,0,0,0,0,0,0,0,0,0,0,0,1.0184513370450325,1.57789318892161,2.5963445259666424
8.115,9.003396182255501e-8,4.272902847710498e-10,0.00396916806012307,1.015257139966575,0,1.0924835599374076,0.000020531147692292783,0.47845740005386794,0.008155955148443523,0,0.0000034494606223531334,0,0,0,0,0,0,0,0,0,0,0,0,0,0,0,0,0,0,0,0,0,0,0,0,0,0,1.0192263984879502,1.5791208957480336,2.5983472942359835
8.120000000000001,9.008943561379922e-8,4.2594473460885274e-10,0.003971615273344827,1.0160296422705042,0,1.0933381498596393,0.000020543811829074922,0.47882368610636084,0.008161055875824788,0,0.0000034515883378515934,0,0,0,0,0,0,0,0,0,0,0,0,0,0,0,0,0,0,0,0,0,0,0,0,0,0,1.0200013480592294,1.580346887241992,2.6003482353012215
8.125,9.014490940504288e-8,4.2460392803514955e-10,0.003974062485558021,1.016802032958777,0,1.0941925980980056,0.00002055647595722558,0.479188385471841,0.008166156556066204,0,0.0000034537160518998704,0,0,0,0,0,0,0,0,0,0,0,0,0,0,0,0,0,0,0,0,0,0,0,0,0,0,1.0207761860138482,1.581571150317922,2.6023473363317704
8.129999999999999,9.020038319628603e-8,4.232678448291654e-10,0.003976509696764515,1.0175743122855594,0,1.0950469049841685,0.000020569140076760693,0.4795514846054683,0.00817125718925604,0,0.0000034558437645006388,0,0,0,0,0,0,0,0,0,0,0,0,0,0,0,0,0,0,0,0,0,0,0,0,0,0,1.021550912605975,1.582793671762734,2.604344584368709
8.135,9.025585698752868e-8,4.219364648563423e-10,0.003978956906966164,1.0183464805042095,0,1.0959010708487,0.00002058180418769617,0.47991296983429804,0.008176357775482363,0,0.000003457971475656574,0,0,0,0,0,0,0,0,0,0,0,0,0,0,0,0,0,0,0,0,0,0,0,0,0,0,1.0223255280889691,1.5840144382341437,2.606339966323113
8.14,9.031133077877079e-8,4.206097680677966e-10,0.003981404116164825,1.0191185378672816,0,1.0967550960210874,0.000020594468290047872,0.4802728273555811,0.008181458314833003,0,0.00000346009918537034,0,0,0,0,0,0,0,0,0,0,0,0,0,0,0,0,0,0,0,0,0,0,0,0,0,0,1.023100032715387,1.5852334362589768,2.608333468974364
8.145,9.036680457001239e-8,4.1928773449977834e-10,0.003983851324362341,1.0198904846265286,0,1.0976089808297396,0.000020607132383831624,0.48063104323503714,0.00818655880739557,0,0.0000034622268936445943,0,0,0,0,0,0,0,0,0,0,0,0,0,0,0,0,0,0,0,0,0,0,0,0,0,0,1.0238744267369833,1.5864506522314497,2.610325078968433
8.149999999999999,9.042227836125348e-8,4.1797034427313157e-10,0.00398629853156056,1.0206623210329062,0,1.0984627256019897,0.00002061979646906321,0.48098760340509783,0.008191659253257471,0,0.00000346435460048199,0,0,0,0,0,0,0,0,0,0,0,0,0,0,0,0,0,0,0,0,0,0,0,0,0,0,1.0246487104047155,1.5876660724114144,2.6123147828161297
8.155000000000001,9.047775215249409e-8,4.1665757759275404e-10,0.003988745737761321,1.021434047336576,0,1.0993163306641012,0.00002063246054575839,0.4813424936631114,0.008196759652505884,0,0.0000034664823058851764,0,0,0,0,0,0,0,0,0,0,0,0,0,0,0,0,0,0,0,0,0,0,0,0,0,0,1.0254228839687471,1.58887968292257,2.6143025668913173
8.16,9.053322594373416e-8,4.153494147470633e-10,0.003991192942966458,1.0222056637869068,0,1.1001697963412698,0.00002064512461393287,0.48169569966952724,0.008201860005227763,0,0.0000034686100098567886,0,0,0,0,0,0,0,0,0,0,0,0,0,0,0,0,0,0,0,0,0,0,0,0,0,0,1.0261969476784485,1.5900914697506485,2.616288417429097
8.165,9.058869973497372e-8,4.140458361074537e-10,0.0039936401471778,1.0229771706324815,0,1.1010231229576317,0.000020657788673602305,0.4820472069460413,0.008206960311509857,0,0.0000034707377123994604,0,0,0,0,0,0,0,0,0,0,0,0,0,0,0,0,0,0,0,0,0,0,0,0,0,0,1.026970901782405,1.591301418741569,2.6182723205239737
8.17,9.064417352621278e-8,4.127468221277641e-10,0.003996087350397174,1.0237485681210976,0,1.1018763108362657,0.000020670452724782342,0.4823970076348985,0.008212060571438693,0,0.0000034728654135158185,0,0,0,0,0,0,0,0,0,0,0,0,0,0,0,0,0,0,0,0,0,0,0,0,0,0,1.0277447465284153,1.592509522360741,2.6202542688891564
8.175,9.069964731745134e-8,4.1145235334374247e-10,0.003998534552626401,1.0245198564997717,0,1.1027293602991985,0.00002068311676748858,0.4827450813857546,0.008217160785100585,0,0.0000034749931132084837,0,0,0,0,0,0,0,0,0,0,0,0,0,0,0,0,0,0,0,0,0,0,0,0,0,0,1.0285184821634978,1.5937157605799344,2.622234242743432
8.18,9.075512110868937e-8,4.1016241037251127e-10,0.004000981753867299,1.0252910360147416,0,1.1035822716674084,0.000020695780801736557,0.48309141174834375,0.008222260952581625,0,0.0000034771208114800677,0,0,0,0,0,0,0,0,0,0,0,0,0,0,0,0,0,0,0,0,0,0,0,0,0,0,1.0292921089338924,1.5949201172699468,2.624212226203839
8.184999999999999,9.081059489992691e-8,4.088769739120301e-10,0.004003428954121679,1.0260621069114702,0,1.1044350452608305,0.0000207084448275418,0.4834359834535136,0.008227361073967697,0,0.0000034792485083331786,0,0,0,0,0,0,0,0,0,0,0,0,0,0,0,0,0,0,0,0,0,0,0,0,0,0,1.0300656270850639,1.5961225774816477,2.6261882045667115
8.19,9.086606869116397e-8,4.0759602474056715e-10,0.00400587615339135,1.0268330694346492,0,1.1052876813983614,0.000020721108844919792,0.4837787810828665,0.008232461149344478,0,0.0000034813762037704175,0,0,0,0,0,0,0,0,0,0,0,0,0,0,0,0,0,0,0,0,0,0,0,0,0,0,1.0308390368617053,1.597323126115621,2.6281621629773264
8.195,9.092154248240046e-8,4.063195437161635e-10,0.004008323351678117,1.0276039238282009,0,1.1061401803978628,0.00002073377285388597,0.4841197890667076,0.008237561178797419,0,0.0000034835038977943795,0,0,0,0,0,0,0,0,0,0,0,0,0,0,0,0,0,0,0,0,0,0,0,0,0,0,1.031612338507741,1.5985217479201195,2.6301340864278604
8.2,9.097701627363647e-8,4.0504751177610317e-10,0.004010770548983774,1.028374670335282,0,1.1069925425761658,0.00002074643685445573,0.4844589916819548,0.008242661162411758,0,0.0000034856315904076496,0,0,0,0,0,0,0,0,0,0,0,0,0,0,0,0,0,0,0,0,0,0,0,0,0,0,1.0323855322663296,1.5997184274889773,2.632103959755307
8.205,9.103249006487199e-8,4.037799099363788e-10,0.0040132177453101195,1.0291453091982883,0,1.1078447682490764,0.000020759100846644463,0.48479637305001183,0.008247761100272536,0,0.0000034877592816128134,0,0,0,0,0,0,0,0,0,0,0,0,0,0,0,0,0,0,0,0,0,0,0,0,0,0,1.0331586183798682,1.600913149259489,2.634071767639357
8.21,9.108796385610703e-8,4.0251671929116054e-10,0.004015664940658946,1.0299158406588544,0,1.1086968577313787,0.000020771764830467478,0.4851319171345986,0.008252860992464575,0,0.0000034898869714124437,0,0,0,0,0,0,0,0,0,0,0,0,0,0,0,0,0,0,0,0,0,0,0,0,0,0,1.0339315970899938,1.6021058975102438,2.6360374946002376
8.215,9.114343764734151e-8,4.012579210122688e-10,0.004018112135032035,1.0306862649578594,0,1.1095488113368392,0.00002078442880594006,0.48546560773954645,0.008257960839072482,0,0.00000349201465980911,0,0,0,0,0,0,0,0,0,0,0,0,0,0,0,0,0,0,0,0,0,0,0,0,0,0,1.034704468637587,1.603296656358924,2.638001124996511
8.219999999999999,9.119891143857552e-8,4.0000349634863845e-10,0.004020559328431169,1.0314565823354298,0,1.1104006293782125,0.000020797092773077487,0.4857974285065503,0.008263060640180658,0,0.000003494142346805377,0,0,0,0,0,0,0,0,0,0,0,0,0,0,0,0,0,0,0,0,0,0,0,0,0,0,1.035477233262776,1.6044854097600632,2.639962643022839
8.225,9.125438522980904e-8,3.987534266257912e-10,0.004023006520858129,1.0322267930309414,0,1.1112523121672437,0.000020809756731894957,0.4861273629128822,0.008268160395873298,0,0.0000034962700324037997,0,0,0,0,0,0,0,0,0,0,0,0,0,0,0,0,0,0,0,0,0,0,0,0,0,0,1.0362498912049383,1.6056721415027637,2.641922032707702
8.23,9.130985902104204e-8,3.975076932453042e-10,0.0040254537123146856,1.0329968972830237,0,1.1121038600146749,0.000020822420682407673,0.4864553942690568,0.00827326010623439,0,0.0000034983977166069296,0,0,0,0,0,0,0,0,0,0,0,0,0,0,0,0,0,0,0,0,0,0,0,0,0,0,1.0370224427027053,1.606856835208365,2.6438792779110702
8.235,9.136533281227456e-8,3.962662776842822e-10,0.004027900902802607,1.0337668953295605,0,1.1129552732302455,0.000020835084624630748,0.4867815057164546,0.008278359771347703,0,0.00000350052539941731,0,0,0,0,0,0,0,0,0,0,0,0,0,0,0,0,0,0,0,0,0,0,0,0,0,0,1.037794887993962,1.608039474328072,2.645834362322034
8.24,9.142080660350657e-8,3.950291614948229e-10,0.004030348092323659,1.0345367874076967,0,1.1138065521227003,0.000020847748558579307,0.4871056802249093,0.008283459391296816,0,0.000003502653080837479,0,0,0,0,0,0,0,0,0,0,0,0,0,0,0,0,0,0,0,0,0,0,0,0,0,0,1.0385672273158562,1.609220042140546,2.647787269456402
8.245000000000001,9.147628039473813e-8,3.937963263034903e-10,0.0040327952808796,1.035306573753838,0,1.1146576969997934,0.00002086041248426842,0.4874279001932515,0.008288558966165083,0,0.0000035047807608699697,0,0,0,0,0,0,0,0,0,0,0,0,0,0,0,0,0,0,0,0,0,0,0,0,0,0,1.0393394609047943,1.6103985213524552,2.6497379822572498
8.25,9.153175418596914e-8,3.9256775381078213e-10,0.004035242468472187,1.0360762546036557,0,1.1155087081682895,0.00002087307640171312,0.48774814849515696,0.008293658496035665,0,0.0000035069084395173064,0,0,0,0,0,0,0,0,0,0,0,0,0,0,0,0,0,0,0,0,0,0,0,0,0,0,1.0401115889964498,1.6115748951443234,2.6516864841407735
8.254999999999999,9.158722797719965e-8,3.913434257906013e-10,0.004037689655103172,1.0368458301920882,0,1.1163595859339708,0.000020885740310928392,0.4880664077365941,0.008298757980991516,0,0.000003509036116782008,0,0,0,0,0,0,0,0,0,0,0,0,0,0,0,0,0,0,0,0,0,0,0,0,0,0,1.0408836118257627,1.6127491464279842,2.653632758253747
8.26,9.164270176842972e-8,3.901233240897217e-10,0.004040136840774302,1.0376153007533464,0,1.1172103306016397,0.000020898404211929206,0.48838266019045773,0.008303857421115382,0,0.0000035111637926665907,0,0,0,0,0,0,0,0,0,0,0,0,0,0,0,0,0,0,0,0,0,0,0,0,0,0,1.0416555296269459,1.6139212577812174,2.6555767874081635
8.265,9.169817555965925e-8,3.889074306272607e-10,0.0040425840254873216,1.038384666520913,0,1.1180609424751233,0.000020911068104730494,0.48869688794533467,0.008308956816489807,0,0.000003513291467173562,0,0,0,0,0,0,0,0,0,0,0,0,0,0,0,0,0,0,0,0,0,0,0,0,0,0,1.0424273426334836,1.6150912115965197,2.6575185542300033
8.27,9.175364935088832e-8,3.8769572739414493e-10,0.004045031209243964,1.039153927727549,0,1.118911421857277,0.00002092373198934713,0.4890090729027882,0.00831405616719713,0,0.0000035154191403054204,0,0,0,0,0,0,0,0,0,0,0,0,0,0,0,0,0,0,0,0,0,0,0,0,0,0,1.043199051078138,1.6162589900783921,2.65945804115653
8.274999999999999,9.180912314211686e-8,3.864881964525786e-10,0.004047478392045971,1.0399230846052945,0,1.11976176904999,0.000020936395865793966,0.4893191967745956,0.00831915547331949,0,0.0000035175468120646614,0,0,0,0,0,0,0,0,0,0,0,0,0,0,0,0,0,0,0,0,0,0,0,0,0,0,1.0439706551929517,1.617424575240583,2.6613952304335347
8.280000000000001,9.1864596933345e-8,3.85284819935511e-10,0.0040499255738950714,1.0406921373854725,0,1.1206119843541886,0.000020949059734085837,0.48962724107993283,0.008324254734938832,0,0.0000035196744824537783,0,0,0,0,0,0,0,0,0,0,0,0,0,0,0,0,0,0,0,0,0,0,0,0,0,0,1.0447421552092493,1.6185879489032768,2.663330104112526
8.285,9.192007072457256e-8,3.8408558004610366e-10,0.004052372754792987,1.0414610862986915,0,1.121462068069838,0.000020961723594237498,0.4899331871425022,0.008329353952136876,0,0.0000035218021514752496,0,0,0,0,0,0,0,0,0,0,0,0,0,0,0,0,0,0,0,0,0,0,0,0,0,0,1.0455135513576408,1.6197490926902227,2.6652626440478633
8.29,9.197554451579966e-8,3.828904590571941e-10,0.004054819934741446,1.0422299315748476,0,1.1223120204959496,0.000020974387446263714,0.4902370160876027,0.008334453124995164,0,0.0000035239298191315558,0,0,0,0,0,0,0,0,0,0,0,0,0,0,0,0,0,0,0,0,0,0,0,0,0,0,1.046284843868024,1.6209079880258128,2.6671928318938365
8.295,9.203101830702627e-8,3.816994393107616e-10,0.004057267113742163,1.0429986734431291,0,1.1231618419305835,0.00002098705129017918,0.490538708839145,0.00833955225359503,0,0.000003526057485425166,0,0,0,0,0,0,0,0,0,0,0,0,0,0,0,0,0,0,0,0,0,0,0,0,0,0,1.047056032969589,1.6220646161320993,2.6691206491016883
8.3,9.20864920982524e-8,3.8051250321739347e-10,0.004059714291796853,1.0437673121320177,0,1.1240115326708529,0.00002099971512599858,0.4908382461166084,0.008344651338017608,0,0.0000035281851503585474,0,0,0,0,0,0,0,0,0,0,0,0,0,0,0,0,0,0,0,0,0,0,0,0,0,0,1.047827118890819,1.6232189580257552,2.671046076916574
8.305,9.214196588947803e-8,3.7932963325574534e-10,0.004062161468907224,1.0445358478692917,0,1.1248610930129264,0.00002101237895373654,0.491135608431932,0.00834975037834383,0,0.0000035303128139341567,0,0,0,0,0,0,0,0,0,0,0,0,0,0,0,0,0,0,0,0,0,0,0,0,0,0,1.0485981018594943,1.6243709945149698,2.672969096374464
8.309999999999999,9.219743968070316e-8,3.781508119720024e-10,0.004064608645074984,1.0453042808820299,0,1.125710523252034,0.00002102504277340767,0.4914307760863455,0.008354849374654437,0,0.00000353244047615445,0,0,0,0,0,0,0,0,0,0,0,0,0,0,0,0,0,0,0,0,0,0,0,0,0,0,1.0493689821026955,1.6255207061962833,2.674889688298979
8.315,9.225291347192786e-8,3.769760219793415e-10,0.004067055820301835,1.0460726113966134,0,1.1265598236824703,0.000021037706585026544,0.4917237291671439,0.00835994832702997,0,0.000003534568137021875,0,0,0,0,0,0,0,0,0,0,0,0,0,0,0,0,0,0,0,0,0,0,0,0,0,0,1.0501397598468047,1.6266680734513663,2.676807833298171
8.32,9.230838726315208e-8,3.758052459573925e-10,0.0040695029945894716,1.0468408396387279,0,1.127408994597598,0.000021050370388607687,0.49201441178879357,0.008365047235550767,0,0.0000035366957965388713,0,0,0,0,0,0,0,0,0,0,0,0,0,0,0,0,0,0,0,0,0,0,0,0,0,0,1.0509104353175098,1.6278130406881275,2.6787234760056373
8.325,9.236386105437577e-8,3.746384666516922e-10,0.00407195016793959,1.0476089658333674,0,1.128258036289852,0.000021063034184165604,0.4923028001364908,0.008370146100296978,0,0.000003538823454707876,0,0,0,0,0,0,0,0,0,0,0,0,0,0,0,0,0,0,0,0,0,0,0,0,0,0,1.0516810087398065,1.6289555843842787,2.680636593124085
8.33,9.241933484559902e-8,3.7347566687314156e-10,0.004074397340353877,1.0483769902048365,0,1.1291069490507426,0.000021075697971714744,0.49258891551410333,0.008375244921348548,0,0.0000035409511115313186,0,0,0,0,0,0,0,0,0,0,0,0,0,0,0,0,0,0,0,0,0,0,0,0,0,0,1.052451480338001,1.6300957261352775,2.6825472064732785
8.335,9.247480863682177e-8,3.723168294974625e-10,0.0040768445118340175,1.049144912976754,0,1.1299557331708607,0.00002108836175126954,0.49287273906799883,0.008380343698785235,0,0.0000035430787670116223,0,0,0,0,0,0,0,0,0,0,0,0,0,0,0,0,0,0,0,0,0,0,0,0,0,0,1.0532218503357136,1.6312334473781631,2.6844552977138765
8.34,9.253028242804404e-8,3.7116193746464965e-10,0.004079291682381696,1.0499127343720542,0,1.1308043889398798,0.00002110102552284439,0.4931542517188357,0.0083854424326866,0,0.000003545206421151207,0,0,0,0,0,0,0,0,0,0,0,0,0,0,0,0,0,0,0,0,0,0,0,0,0,0,1.0539921189558803,1.632368729323346,2.686360848279226
8.344999999999999,9.258575621926579e-8,3.7001097377842075e-10,0.004081738851998585,1.0506804546129904,0,1.1316529166465616,0.00002111368928645365,0.4934334341578234,0.00839054112313201,0,0.000003547334073952483,0,0,0,0,0,0,0,0,0,0,0,0,0,0,0,0,0,0,0,0,0,0,0,0,0,0,1.0547622864207562,1.6335015529508776,2.6882638393716336
8.35,9.264123001048716e-8,3.6886392150566475e-10,0.004084186020686363,1.0514480739211387,0,1.1325013165787594,0.000021126353042111652,0.49371026684290414,0.008395639770200634,0,0.0000035494617254178604,0,0,0,0,0,0,0,0,0,0,0,0,0,0,0,0,0,0,0,0,0,0,0,0,0,0,1.055532352951919,1.6346318990066315,2.6901642519585502
8.355,9.269670380170797e-8,3.6772076377589356e-10,0.004086633188446697,1.0522155925173977,0,1.13334958902342,0.000021139016789832683,0.4939847299948567,0.008400738373971456,0,0.0000035515893755497385,0,0,0,0,0,0,0,0,0,0,0,0,0,0,0,0,0,0,0,0,0,0,0,0,0,0,1.056302318770269,1.6357597479984134,2.692062066768682
8.36,9.275217759292832e-8,3.6658148378068226e-10,0.00408908035528125,1.0529830106219937,0,1.1341977342665883,0.00002115168052963099,0.4942568035933159,0.008405836934523259,0,0.0000035537170243505097,0,0,0,0,0,0,0,0,0,0,0,0,0,0,0,0,0,0,0,0,0,0,0,0,0,0,1.0570721840960342,1.6368850801919816,2.6939572642880156
8.365,9.280765138414823e-8,3.6544606477311166e-10,0.004091527521191687,1.0537503284544836,0,1.1350457525934137,0.0000211643442615208,0.4945264673727137,0.008410935451934644,0,0.0000035558446718225675,0,0,0,0,0,0,0,0,0,0,0,0,0,0,0,0,0,0,0,0,0,0,0,0,0,0,1.0578419491487727,1.6380078756069953,2.695849824755768
8.370000000000001,9.286312517536764e-8,3.64314490067212e-10,0.00409397468617966,1.054517546233755,0,1.1358936442881489,0.000021177007985516298,0.494793700818124,0.008416033926284011,0,0.000003557972317968293,0,0,0,0,0,0,0,0,0,0,0,0,0,0,0,0,0,0,0,0,0,0,0,0,0,0,1.0586116141473745,1.6391281140128604,2.6977397281602347
8.375,9.29185989665866e-8,3.6318674303739606e-10,0.004096421850246827,1.0552846641780322,0,1.1367414096341582,0.000021189671701631646,0.4950584831610335,0.008421132357649578,0,0.0000035600999627900646,0,0,0,0,0,0,0,0,0,0,0,0,0,0,0,0,0,0,0,0,0,0,0,0,0,0,1.0593811793100647,1.6402457749245056,2.6996269542345703
8.379999999999999,9.297407275780507e-8,3.62062807117897e-10,0.004098869013394836,1.0560516825048758,0,1.137589048913917,0.000021202335409880955,0.4953207933750097,0.008426230746109367,0,0.0000035622276062902557,0,0,0,0,0,0,0,0,0,0,0,0,0,0,0,0,0,0,0,0,0,0,0,0,0,0,1.060150644854406,1.6413608375980524,2.7015114824524584
8.385,9.302954654902307e-8,3.609426658021967e-10,0.004101316175625329,1.0568186014311867,0,1.13843656240902,0.000021214999110278313,0.49558061017128374,0.00843132909174121,0,0.0000035643552484712315,0,0,0,0,0,0,0,0,0,0,0,0,0,0,0,0,0,0,0,0,0,0,0,0,0,0,1.0609200109973012,1.6424732810264038,2.703393292023705
8.39,9.30850203402406e-8,3.5982630264245866e-10,0.004103763336939953,1.0575854211732094,0,1.1392839504001804,0.000021227662802837786,0.4958379119942337,0.00843642739462276,0,0.0000035664828893353557,0,0,0,0,0,0,0,0,0,0,0,0,0,0,0,0,0,0,0,0,0,0,0,0,0,0,1.061689277954996,1.6435830839347292,2.705272361889725
8.395,9.314049413145766e-8,3.587137012489509e-10,0.004106210497340341,1.0583521419465327,0,1.1401312131672348,0.000021240326487573372,0.4960926941986554,0.008441525654831469,0,0.0000035686105288849793,0,0,0,0,0,0,0,0,0,0,0,0,0,0,0,0,0,0,0,0,0,0,0,0,0,0,1.062458445943081,1.6446902419577383,2.707148687900819
8.399999999999999,9.319596792267423e-8,3.576048452894672e-10,0.004108657656828128,1.0591187639660937,0,1.1409783509891493,0.000021252990164499068,0.4963451142511804,0.008446623872444606,0,0.0000035707381671224556,0,0,0,0,0,0,0,0,0,0,0,0,0,0,0,0,0,0,0,0,0,0,0,0,0,0,1.0632275151764945,1.645794912841106,2.7090224280176005
8.405000000000001,9.325144171389037e-8,3.564997184887473e-10,0.004111104815404946,1.0598852874461813,0,1.1418253641440204,0.00002126565383362882,0.49659494771427465,0.008451722047539263,0,0.000003572865804050127,0,0,0,0,0,0,0,0,0,0,0,0,0,0,0,0,0,0,0,0,0,0,0,0,0,0,1.0639964858695277,1.646896872425472,2.7108933582949994
8.41,9.330691550510602e-8,3.553983046278934e-10,0.004113551973072416,1.060651712600435,0,1.1426722529090783,0.000021278317494976556,0.496842166504194,0.008456820180192327,0,0.0000035749934396703322,0,0,0,0,0,0,0,0,0,0,0,0,0,0,0,0,0,0,0,0,0,0,0,0,0,0,1.0647653582358212,1.6479960929043993,2.7127614511402207
8.415,9.336238929632121e-8,3.5430058754377816e-10,0.004115999129832164,1.0614180396418513,0,1.143519017560691,0.000021290981148556167,0.4970867422329324,0.008461918270480512,0,0.0000035771210739854065,0,0,0,0,0,0,0,0,0,0,0,0,0,0,0,0,0,0,0,0,0,0,0,0,0,0,1.0655341324883734,1.6490925461663264,2.7146266786546995
8.42,9.341786308753595e-8,3.532065511284518e-10,0.004118446285685807,1.062184268782786,0,1.144365658374371,0.000021303644794381485,0.49732864620336287,0.008467016318480347,0,0.0000035792487069976746,0,0,0,0,0,0,0,0,0,0,0,0,0,0,0,0,0,0,0,0,0,0,0,0,0,0,1.0663028088395414,1.6501862037897157,2.716489012629257
8.425,9.34733368787502e-8,3.52116179328549e-10,0.0041208934406349595,1.0629504002349526,0,1.145212175624772,0.000021316308432466352,0.4975678494042844,0.008472114324268167,0,0.00000358137633870946,0,0,0,0,0,0,0,0,0,0,0,0,0,0,0,0,0,0,0,0,0,0,0,0,0,0,1.0670713875010405,1.6512770370380958,2.718348424539136
8.43,9.352881066996398e-8,3.5102945614468337e-10,0.00412334059468123,1.0637164342094296,0,1.146058569585698,0.00002132897206282453,0.4978043225053406,0.008477212287920128,0,0.0000035835039691230772,0,0,0,0,0,0,0,0,0,0,0,0,0,0,0,0,0,0,0,0,0,0,0,0,0,0,1.067839868683951,1.6523650168549908,2.7202048855389416
8.434999999999999,9.358428446117729e-8,3.4994636563084263e-10,0.004125787747826226,1.064482370916661,0,1.1469048405301057,0.000021341635685469796,0.49803803585183515,0.008482310209512203,0,0.000003585631598240838,0,0,0,0,0,0,0,0,0,0,0,0,0,0,0,0,0,0,0,0,0,0,0,0,0,0,1.0686082525987182,1.6534501138587367,2.722058366457455
8.44,9.363975825239017e-8,3.488668918937776e-10,0.004128234900071553,1.0652482105664594,0,1.147750988730106,0.00002135429930041587,0.49826895945942196,0.008487408089120185,0,0.0000035877592260650503,0,0,0,0,0,0,0,0,0,0,0,0,0,0,0,0,0,0,0,0,0,0,0,0,0,0,1.069376539455156,1.6545322983371749,2.723908837792331
8.445,9.369523204360261e-8,3.4779101909238785e-10,0.004130682051418806,1.0660139533680058,0,1.1485970144569688,0.000021366962907676434,0.49849706300867697,0.008492505926819681,0,0.000003589886852598011,0,0,0,0,0,0,0,0,0,0,0,0,0,0,0,0,0,0,0,0,0,0,0,0,0,0,1.0701447294624478,1.6556115402422258,2.7257562697046733
8.45,9.375070583481454e-8,3.4671873143709996e-10,0.004133129201869583,1.0667795995298557,0,1.1494429179811259,0.00002137962650726514,0.4987223158395473,0.008497603722686107,0,0.0000035920144778420147,0,0,0,0,0,0,0,0,0,0,0,0,0,0,0,0,0,0,0,0,0,0,0,0,0,0,1.0709128228291498,1.6566878091843444,2.7276006320134942
8.455,9.380617962602605e-8,3.4565001318923774e-10,0.004135576351425474,1.0675451492599404,0,1.1502886995721753,0.000021392290099195626,0.49894468694566063,0.008502701476794714,0,0.000003594142101799352,0,0,0,0,0,0,0,0,0,0,0,0,0,0,0,0,0,0,0,0,0,0,0,0,0,0,1.0716808197631955,1.6577610744268316,2.7294418941900274
8.46,9.386165341723708e-8,3.445848486603958e-10,0.0041380235000880675,1.0683106027655684,0,1.1511343594988837,0.000021404953683481477,0.4991641449685148,0.008507799189220563,0,0.000003596269724472307,0,0,0,0,0,0,0,0,0,0,0,0,0,0,0,0,0,0,0,0,0,0,0,0,0,0,1.0724487204718949,1.658831304880027,2.731280025351922
8.465,9.391712720844763e-8,3.4352322221179906e-10,0.004140470647858946,1.0690759602534283,0,1.1519798980291889,0.00002141761726013625,0.49938065819152805,0.00851289686003853,0,0.0000035983973458631547,0,0,0,0,0,0,0,0,0,0,0,0,0,0,0,0,0,0,0,0,0,0,0,0,0,0,1.0732165251619377,1.6598984690953615,2.733114994257299
8.469999999999999,9.397260099965774e-8,3.424651182536559e-10,0.004142917794739691,1.0698412219295914,0,1.1528253154302057,0.000021430280829173473,0.4995941945339378,0.008517994489323324,0,0.0000036005249659741704,0,0,0,0,0,0,0,0,0,0,0,0,0,0,0,0,0,0,0,0,0,0,0,0,0,0,1.0739842340393972,1.660962535259262,2.7349467692986593
8.475,9.402807479086739e-8,3.4141052124451195e-10,0.004145364940731879,1.0706063879995147,0,1.1536706119682274,0.00002144294439060665,0.4998045671948252,0.008523092077149465,0,0.0000036026525848076215,0,0,0,0,0,0,0,0,0,0,0,0,0,0,0,0,0,0,0,0,0,0,0,0,0,0,1.074751847309732,1.6620233168371774,2.736775164146909
8.48,9.40835485820766e-8,3.4035941569059177e-10,0.004147812085837082,1.0713714586680418,0,1.1545157879087293,0.000021455607944449242,0.5000117726127898,0.008528189623591297,0,0.0000036047802023657714,0,0,0,0,0,0,0,0,0,0,0,0,0,0,0,0,0,0,0,0,0,0,0,0,0,0,1.075519365177787,1.6630808105332573,2.7386001757110443
8.485,9.413902237328535e-8,3.393117861451335e-10,0.004150259230056868,1.0721364341394062,0,1.1553608435163707,0.00002146827149071468,0.5002159128077187,0.008533287128722984,0,0.000003606907818650874,0,0,0,0,0,0,0,0,0,0,0,0,0,0,0,0,0,0,0,0,0,0,0,0,0,0,1.0762867878477973,1.6641351186321218,2.740421906479919
8.49,9.419449616449365e-8,3.3826761720771857e-10,0.0041527063733928045,1.0729013146172348,0,1.1562057790550015,0.000021480935029416362,0.5004169611812139,0.008538384592618516,0,0.000003609035433665182,0,0,0,0,0,0,0,0,0,0,0,0,0,0,0,0,0,0,0,0,0,0,0,0,0,0,1.0770541155233915,1.665186214799297,2.7422403303226885
8.495000000000001,9.424996995570151e-8,3.372268935235938e-10,0.004155153515846453,1.0736661003045471,0,1.1570505947876628,0.00002149359856056767,0.5006148907523158,0.0085434820153517,0,0.000003611163047410943,0,0,0,0,0,0,0,0,0,0,0,0,0,0,0,0,0,0,0,0,0,0,0,0,0,0,1.0778213484075903,1.6662340723169382,2.7440554207245285
8.5,9.43054437469089e-8,3.361895997829838e-10,0.004157600657419371,1.07443079140376,0,1.1578952909765903,0.000021506262084181923,0.5008096741500412,0.008548579396996174,0,0.0000036132906598903963,0,0,0,0,0,0,0,0,0,0,0,0,0,0,0,0,0,0,0,0,0,0,0,0,0,0,1.0785884867028128,1.667278664076372,2.7458671507791848
8.504999999999999,9.436091753811579e-8,3.3515572072039735e-10,0.0041600477981131095,1.075195388116691,0,1.1587398678832181,0.000021518925600272436,0.5010012836057193,0.008553676737625391,0,0.000003615418271105776,0,0,0,0,0,0,0,0,0,0,0,0,0,0,0,0,0,0,0,0,0,0,0,0,0,0,1.0793555306108773,1.6683199625704344,2.747675493181312
8.51,9.441639132932229e-8,3.3412524111392283e-10,0.004162494937929224,1.075959890644557,0,1.159584325768183,0.000021531589108852488,0.5011896909451627,0.008558774037312639,0,0.000003617545881059316,0,0,0,0,0,0,0,0,0,0,0,0,0,0,0,0,0,0,0,0,0,0,0,0,0,0,1.080122480333003,1.6693579398856484,2.749480420218651
8.515,9.447186512052836e-8,3.330981457845197e-10,0.004164942076869259,1.0767242991879802,0,1.1604286648913253,0.00002154425260993532,0.5013748675806297,0.008563871296131028,0,0.00000361967348975324,0,0,0,0,0,0,0,0,0,0,0,0,0,0,0,0,0,0,0,0,0,0,0,0,0,0,1.0808893360698126,1.6703925676941855,2.7512819037639984
8.52,9.452733891173388e-8,3.3207441959529585e-10,0.004167389214934758,1.0774886139469873,0,1.161272885511692,0.000021556916103534135,0.501556784502595,0.008568968514153475,0,0.0000036218010971897657,0,0,0,0,0,0,0,0,0,0,0,0,0,0,0,0,0,0,0,0,0,0,0,0,0,0,1.0816560980213354,1.6714238172456413,2.7530799152669765
8.524999999999999,9.458281270293905e-8,3.3105404745077794e-10,0.004169836352127261,1.0782528351210154,0,1.1621169878875437,0.00002156957958966213,0.5017354122713126,0.008574065691452755,0,0.0000036239287033711116,0,0,0,0,0,0,0,0,0,0,0,0,0,0,0,0,0,0,0,0,0,0,0,0,0,0,1.0824227663870094,1.672451659358602,2.7548744257456113
8.530000000000001,9.463828649414377e-8,3.3003701429616956e-10,0.004172283488448307,1.0790169629089112,0,1.1629609722763536,0.00002158224306833246,0.5019107210081699,0.008579162828101448,0,0.000003626056308299486,0,0,0,0,0,0,0,0,0,0,0,0,0,0,0,0,0,0,0,0,0,0,0,0,0,0,1.083189341365683,1.6734760644120017,2.7566654057776847
8.535,9.4693760285348e-8,3.2902330511660636e-10,0.0041747306238994215,1.0797809975089334,0,1.163804838934812,0.00002159490653955822,0.5020826803868236,0.00858425992417196,0,0.0000036281839119770902,0,0,0,0,0,0,0,0,0,0,0,0,0,0,0,0,0,0,0,0,0,0,0,0,0,0,1.0839558231556166,1.6744970023362589,2.7584528254918754
8.54,9.47492340765518e-8,3.280129049363903e-10,0.004177177758482138,1.0805449391187563,0,1.1646485881188289,0.00002160757000335251,0.50225125962411,0.008589356979736536,0,0.000003630311514406125,0,0,0,0,0,0,0,0,0,0,0,0,0,0,0,0,0,0,0,0,0,0,0,0,0,0,1.0847222119544853,1.6755144426041932,2.7602366545586783
8.545,9.480470786775514e-8,3.2700579881821936e-10,0.004179624892197983,1.081308787935473,0,1.1654922200835396,0.0000216202334597284,0.5024164274707229,0.008594453994867248,0,0.000003632439115588787,0,0,0,0,0,0,0,0,0,0,0,0,0,0,0,0,0,0,0,0,0,0,0,0,0,0,1.0854885079593846,1.676528354221705,2.7620168621810897
8.55,9.486018165895804e-8,3.2600197186240723e-10,0.004182072025048475,1.082072544155594,0,1.166335735083304,0.000021632896908698897,0.502578152201662,0.008599550969635984,0,0.0000036345667155272598,0,0,0,0,0,0,0,0,0,0,0,0,0,0,0,0,0,0,0,0,0,0,0,0,0,0,1.0862547113668262,1.6775387057182263,2.7637934170850524
8.555,9.491565545016051e-8,3.2500140920608496e-10,0.004184519157035134,1.0828362079750533,0,1.1671791333717125,0.000021645560350277013,0.5027366484092054,0.008604647904114476,0,0.0000036366943142237312,0,0,0,0,0,0,0,0,0,0,0,0,0,0,0,0,0,0,0,0,0,0,0,0,0,0,1.0870208223727453,1.678545711939697,2.765566534312442
8.559999999999999,9.49711292413625e-8,3.240040960223966e-10,0.004186966288159475,1.0835997795892078,0,1.1680224152015877,0.00002165822378447572,0.5028916694418217,0.008609744798374274,0,0.00000363882191168038,0,0,0,0,0,0,0,0,0,0,0,0,0,0,0,0,0,0,0,0,0,0,0,0,0,0,1.0877868411725007,1.67954912648748,2.7673359676599807
8.565,9.50266030325641e-8,3.230100175196766e-10,0.004189413418423008,1.0843632591928418,0,1.168865580824988,0.000021670887211307948,0.5030431368965672,0.008614841652486766,0,0.000003640949507899378,0,0,0,0,0,0,0,0,0,0,0,0,0,0,0,0,0,0,0,0,0,0,0,0,0,0,1.088552767960878,1.680548871210761,2.769101639171639
8.57,9.508207682376523e-8,3.2201915894061947e-10,0.0041918605478272405,1.085126646980166,0,1.1697086304932098,0.00002168355063078659,0.5031910101051899,0.008619938466523168,0,0.000003643077102882893,0,0,0,0,0,0,0,0,0,0,0,0,0,0,0,0,0,0,0,0,0,0,0,0,0,0,1.0893186029320892,1.6815449056926564,2.7708635086247453
8.575,9.513755061496591e-8,3.2103150556143164e-10,0.004194307676373677,1.0858899431448228,0,1.1705515644567912,0.00002169621404292454,0.5033352478610946,0.008625035240554526,0,0.000003645204696633089,0,0,0,0,0,0,0,0,0,0,0,0,0,0,0,0,0,0,0,0,0,0,0,0,0,0,1.0900843462797787,1.6825371889771799,2.7726215352569588
8.58,9.519302440616617e-8,3.200470426909684e-10,0.0041967548040638195,1.0866531478798886,0,1.1713943829655153,0.000021708877447734638,0.5034758084086944,0.008630131974651716,0,0.0000036473322891521258,0,0,0,0,0,0,0,0,0,0,0,0,0,0,0,0,0,0,0,0,0,0,0,0,0,0,1.0908499981970239,1.6835256795585982,2.7743756777556223
8.585,9.524849819736602e-8,3.190657556698607e-10,0.004199201930899164,1.0874162613778724,0,1.1722370862684122,0.000021721540845229697,0.5036126494324774,0.008635228668885456,0,0.0000036494598804421543,0,0,0,0,0,0,0,0,0,0,0,0,0,0,0,0,0,0,0,0,0,0,0,0,0,0,1.0916155588763354,1.6845103353705007,2.776125894246836
8.59,9.53039719885654e-8,3.180876298696217e-10,0.004201649056881202,1.088179283830721,0,1.173079674613762,0.000021734204235422515,0.5037457280457711,0.008640325323326278,0,0.000003651587470505325,0,0,0,0,0,0,0,0,0,0,0,0,0,0,0,0,0,0,0,0,0,0,0,0,0,0,1.0923810285096618,1.6854911137745654,2.7778721422842274
8.594999999999999,9.53594457797643e-8,3.171126506917396e-10,0.004204096182011425,1.0889422154298212,0,1.1739221482490994,0.00002174686761832583,0.5038750007792095,0.008645421938044566,0,0.000003653715059343778,0,0,0,0,0,0,0,0,0,0,0,0,0,0,0,0,0,0,0,0,0,0,0,0,0,0,1.093146407288391,1.6864679715490312,2.7796143788374224
8.6,9.541491957096283e-8,3.1614080356675126e-10,0.0042065433062913205,1.0897050563660005,0,1.1747645074212152,0.000021759530993952383,0.5040004235688725,0.00865051851311053,0,0.0000036558426469596546,0,0,0,0,0,0,0,0,0,0,0,0,0,0,0,0,0,0,0,0,0,0,0,0,0,0,1.093911695403352,1.6874408648768393,2.781352560280191
8.605,9.547039336216092e-8,3.151720739533042e-10,0.004208990429722372,1.0904678068295293,0,1.1756067523761575,0.000021772194362314865,0.5041219517441049,0.00865561504859421,0,0.0000036579702333550884,0,0,0,0,0,0,0,0,0,0,0,0,0,0,0,0,0,0,0,0,0,0,0,0,0,0,1.0946768930448172,1.6884097493334522,2.7830866423782696
8.61,9.552586715335854e-8,3.14206447337195e-10,0.004211437552306058,1.0912304670101236,0,1.176448883359239,0.000021784857723425942,0.5042395400149948,0.008660711544565484,0,0.0000036600978185322046,0,0,0,0,0,0,0,0,0,0,0,0,0,0,0,0,0,0,0,0,0,0,0,0,0,0,1.0954420004025034,1.6893745798743414,2.7848165802768445
8.615,9.558134094455572e-8,3.1324390923038743e-10,0.004213884674043854,1.0919930370969475,0,1.1772909006150352,0.00002179752107729826,0.5043531424594963,0.008665808001094073,0,0.0000036622254024931285,0,0,0,0,0,0,0,0,0,0,0,0,0,0,0,0,0,0,0,0,0,0,0,0,0,0,1.0962070176655763,1.6903353108221055,2.786542328487682
8.620000000000001,9.563681473575248e-8,3.1228444517002023e-10,0.004216331794937234,1.0927555172786148,0,1.1781328043873918,0.00002181018442394443,0.5044627125101979,0.008670904418249518,0,0.000003664352985239979,0,0,0,0,0,0,0,0,0,0,0,0,0,0,0,0,0,0,0,0,0,0,0,0,0,0,1.0969719450226512,1.6912918958532484,2.7882638408758993
8.625,9.569228852694882e-8,3.113280407173846e-10,0.004218778914987669,1.0935179077431902,0,1.1789745949194226,0.000021822847763377018,0.5045682029407077,0.008676000796101207,0,0.000003666480566774868,0,0,0,0,0,0,0,0,0,0,0,0,0,0,0,0,0,0,0,0,0,0,0,0,0,0,1.0977367826617945,1.6922442879845616,2.7899810706463564
8.629999999999999,9.574776231814469e-8,3.103746814568861e-10,0.00422122603419662,1.094280208678193,0,1.1798162724535162,0.000021835511095608578,0.504669553544965,0.008681097134718362,0,0.0000036686081470999036,0,0,0,0,0,0,0,0,0,0,0,0,0,0,0,0,0,0,0,0,0,0,0,0,0,0,1.0985015307705268,1.6931924272524423,2.791693958022969
8.635,9.58032361093402e-8,3.0942435299498287e-10,0.004223673152565557,1.0950424202705986,0,1.1806578372313388,0.000021848174420651643,0.5047664483696033,0.008686193434170044,0,0.0000036707357262171946,0,0,0,0,0,0,0,0,0,0,0,0,0,0,0,0,0,0,0,0,0,0,0,0,0,0,1.0992661895358247,1.6941359979452588,2.7934021874810835
8.64,9.585870990053522e-8,3.084770409591038e-10,0.0042261202700959325,1.0958045427068388,0,1.181499289493832,0.000021860837738518693,0.5048591245328372,0.008691289694525145,0,0.0000036728633041288336,0,0,0,0,0,0,0,0,0,0,0,0,0,0,0,0,0,0,0,0,0,0,0,0,0,0,1.1000307591441216,1.695075237422237,2.7951059965663587
8.645,9.591418369172981e-8,3.075327309965367e-10,0.004228567386789205,1.0965665761728067,0,1.1823406294812235,0.000021873501049222192,0.5049475390052672,0.008696385915852402,0,0.0000036749908808369163,0,0,0,0,0,0,0,0,0,0,0,0,0,0,0,0,0,0,0,0,0,0,0,0,0,0,1.1007952397813123,1.6960101028942731,2.7968053426755857
8.649999999999999,9.596965748292401e-8,3.065914087733007e-10,0.004231014502646828,1.0973285208538575,0,1.1831818574330235,0.000021886164352774578,0.5050316480322542,0.008701482098220387,0,0.0000036771184563435345,0,0,0,0,0,0,0,0,0,0,0,0,0,0,0,0,0,0,0,0,0,0,0,0,0,0,1.1015596316327532,1.6969405508463071,2.79850018247906
8.655000000000001,9.602513127411776e-8,3.056530599729834e-10,0.00423346161767025,1.0980903769348094,0,1.1840229735880305,0.000021898827649188272,0.5051114071171385,0.008706578241697509,0,0.0000036792460306507714,0,0,0,0,0,0,0,0,0,0,0,0,0,0,0,0,0,0,0,0,0,0,0,0,0,0,1.1023239348832639,1.6978665370205466,2.8001904719038104
8.66,9.608060506531107e-8,3.047176702955621e-10,0.004235908731860914,1.0988521445999468,0,1.1848639781843318,0.000021911490938475617,0.5051867710039776,0.008711674346352023,0,0.000003681373603760703,0,0,0,0,0,0,0,0,0,0,0,0,0,0,0,0,0,0,0,0,0,0,0,0,0,0,1.1030881497171305,1.6987880163992035,2.801876166116334
8.665,9.613607885650397e-8,3.037852254561851e-10,0.004238355845220266,1.0996138240330227,0,1.1857048714593093,0.000021924154220648983,0.5052576936597656,0.008716770412252014,0,0.0000036835011756754077,0,0,0,0,0,0,0,0,0,0,0,0,0,0,0,0,0,0,0,0,0,0,0,0,0,0,1.1038522763181071,1.6997049431867233,2.8035572195048304
8.67,9.619155264769642e-8,3.028557111839353e-10,0.004240802957749745,1.1003754154172596,0,1.1865456536496397,0.00002193681749572069,0.505324128256121,0.008721866439465424,0,0.0000036856287463969546,0,0,0,0,0,0,0,0,0,0,0,0,0,0,0,0,0,0,0,0,0,0,0,0,0,0,1.1046163148694177,1.7006172707914684,2.8052335856608863
8.675,9.624702643888847e-8,3.0192911322055686e-10,0.004243250069450785,1.101136918935352,0,1.187386324991299,0.000021949480763703027,0.5053860271504198,0.008726962428060018,0,0.0000036877563159274093,0,0,0,0,0,0,0,0,0,0,0,0,0,0,0,0,0,0,0,0,0,0,0,0,0,0,1.1053802655537581,1.7015249518068587,2.806905217360617
8.68,9.63025002300801e-8,3.010054173191547e-10,0.004245697180324818,1.1018983347694684,0,1.1882268857195626,0.00002196214402460825,0.5054433418663664,0.008732058378103404,0,0.00000368988388426883,0,0,0,0,0,0,0,0,0,0,0,0,0,0,0,0,0,0,0,0,0,0,0,0,0,0,1.106144128553299,1.7024279379919411,2.8085720665452403
8.684999999999999,9.635797402127127e-8,3.0008460924285514e-10,0.0042481442903732755,1.1026596631012533,0,1.1890673360690118,0.000021974807278448604,0.5054960230739596,0.008737154289663046,0,0.000003692011451423274,0,0,0,0,0,0,0,0,0,0,0,0,0,0,0,0,0,0,0,0,0,0,0,0,0,0,1.1069079040496852,1.7033261802513644,2.8102340843010496
8.69,9.641344781246206e-8,2.9916667476344143e-10,0.004250591399597583,1.1034209041118284,0,1.1899076762735339,0.0000219874705252363,0.5055440205688446,0.008742250162806237,0,0.0000036941390173927936,0,0,0,0,0,0,0,0,0,0,0,0,0,0,0,0,0,0,0,0,0,0,0,0,0,0,1.1076715922240405,1.7042196286147275,2.811891220838768
8.695,9.64689216036524e-8,2.98251599659949e-10,0.004253038507999161,1.1041820579817965,0,1.190747906566324,0.000022000133764983498,0.5055872832510336,0.008747345997600119,0,0.0000036962665821794306,0,0,0,0,0,0,0,0,0,0,0,0,0,0,0,0,0,0,0,0,0,0,0,0,0,0,1.1084351932569687,1.705108232215305,2.8135434254722735
8.7,9.65243953948423e-8,2.973393697172216e-10,0.004255485615579429,1.1049431248912407,0,1.1915880271798895,0.00002201279699770236,0.5056257591029512,0.008752441794111672,0,0.0000036983941457852295,0,0,0,0,0,0,0,0,0,0,0,0,0,0,0,0,0,0,0,0,0,0,0,0,0,0,1.109198707328555,1.7059919392680958,2.8151906465966507
8.705,9.657986918603182e-8,2.964299707244336e-10,0.004257932722339808,1.1057041050197283,0,1.192428038346054,0.00002202546022340501,0.5056593951667931,0.008757537552407726,0,0.000003700521708212227,0,0,0,0,0,0,0,0,0,0,0,0,0,0,0,0,0,0,0,0,0,0,0,0,0,0,1.1099621346183672,1.7068706970471865,2.816832831665554
8.71,9.663534297722093e-8,2.955233884735715e-10,0.004260379828281704,1.1064649985463129,0,1.1932679402959558,0.000022038123442103542,0.5056881587456514,0.008762633272554951,0,0.000003702649269462455,0,0,0,0,0,0,0,0,0,0,0,0,0,0,0,0,0,0,0,0,0,0,0,0,0,0,1.110725475305461,1.7077444730868738,2.818469948392335
8.715,9.669081676840957e-8,2.946196087578719e-10,0.004262826933406529,1.1072258056495332,0,1.1941077332600536,0.000022050786653810015,0.5057122460973554,0.008767728954619856,0,0.00000370477682953794,0,0,0,0,0,0,0,0,0,0,0,0,0,0,0,0,0,0,0,0,0,0,0,0,0,0,1.1114887295683762,1.7086134638755122,2.8201021934438883
8.719999999999999,9.67462905595978e-8,2.937186173702169e-10,0.004265274037715691,1.107986526507421,0,1.1949474174681296,0.000022063449858536475,0.5057313219745676,0.008772824598668813,0,0.0000037069043884407047,0,0,0,0,0,0,0,0,0,0,0,0,0,0,0,0,0,0,0,0,0,0,0,0,0,0,1.1122518975851456,1.7094773343956131,2.8217292319807585
8.725,9.680176435078563e-8,2.928204001014833e-10,0.004267721141210593,1.1087471612974957,0,1.1957869931492897,0.000022076113056294934,0.50574532253078,0.008777920204768017,0,0.000003709031946172768,0,0,0,0,0,0,0,0,0,0,0,0,0,0,0,0,0,0,0,0,0,0,0,0,0,0,1.113014979533291,1.7103360210298402,2.8233510005631315
8.73,9.685723814197307e-8,2.9192494273884944e-10,0.004270168243892633,1.1095077101967723,0,1.196626460531967,0.00002208877624709737,0.5057541828511084,0.008783015772983526,0,0.0000037111595027361436,0,0,0,0,0,0,0,0,0,0,0,0,0,0,0,0,0,0,0,0,0,0,0,0,0,0,1.113777975589828,1.7111894590918086,2.8249674346816365
8.735,9.691271193316004e-8,2.910322310640447e-10,0.004272615345763207,1.1102681733817588,0,1.1974658198439252,0.000022101439430955745,0.5057578369256095,0.008788111303381233,0,0.000003713287058132838,0,0,0,0,0,0,0,0,0,0,0,0,0,0,0,0,0,0,0,0,0,0,0,0,0,0,1.1145408859312662,1.712037582799405,2.826578468730671
8.74,9.696818572434663e-8,2.9014225085155234e-10,0.004275062446823713,1.111028551028463,0,1.1983050713122614,0.000022114102607881998,0.5057562176217223,0.00879320679602689,0,0.000003715414612364859,0,0,0,0,0,0,0,0,0,0,0,0,0,0,0,0,0,0,0,0,0,0,0,0,0,0,1.1153037107336148,1.7128803252472307,2.8281840359808452
8.745000000000001,9.702365951553278e-8,2.8925498786675994e-10,0.004277509547075536,1.1117888433123881,0,1.1991442151634057,0.000022126765777888015,0.5057492566557743,0.008798302250986078,0,0.0000037175421654342047,0,0,0,0,0,0,0,0,0,0,0,0,0,0,0,0,0,0,0,0,0,0,0,0,0,0,1.116066450172378,1.7137176183781093,2.829784068550487
8.75,9.707913330671852e-8,2.883704278640509e-10,0.004279956646520066,1.1125490504085398,0,1.1999832516231277,0.00002213942894098567,0.5057368845635284,0.008803397668324242,0,0.000003719669717342869,0,0,0,0,0,0,0,0,0,0,0,0,0,0,0,0,0,0,0,0,0,0,0,0,0,0,1.1168291044225638,1.7145493929536386,2.8313784973762024
8.754999999999999,9.713460709790385e-8,2.874885565848365e-10,0.004282403745158686,1.113309172491426,0,1.2008221809165358,0.00002215209209718681,0.5057190306697161,0.00880849304810667,0,0.000003721797268092842,0,0,0,0,0,0,0,0,0,0,0,0,0,0,0,0,0,0,0,0,0,0,0,0,0,0,1.1175916736586804,1.7153755785237241,2.8329672521824047
8.76,9.719008088908879e-8,2.8660935975552966e-10,0.004284850842992779,1.114069209735059,0,1.2016610032680828,0.000022164755246503286,0.5056956230565329,0.0088135883903985,0,0.000003723924817686114,0,0,0,0,0,0,0,0,0,0,0,0,0,0,0,0,0,0,0,0,0,0,0,0,0,0,1.118354158054742,1.7161961033950786,2.8345502614498206
8.765,9.724555468027328e-8,2.8573282308545446e-10,0.004287297940023719,1.1148291623129563,0,1.2024997189015643,0.000022177418388946848,0.505666588531036,0.008818683695264713,0,0.000003726052366124661,0,0,0,0,0,0,0,0,0,0,0,0,0,0,0,0,0,0,0,0,0,0,0,0,0,0,1.1191165577842674,1.71701089459862,2.8361274523828874
8.77,9.730102847145737e-8,2.8485893226468515e-10,0.004289745036252883,1.1155890303981435,0,1.2033383280401253,0.000022190081524529273,0.5056318525913985,0.008823778962770144,0,0.0000037281799134104616,0,0,0,0,0,0,0,0,0,0,0,0,0,0,0,0,0,0,0,0,0,0,0,0,0,0,1.1198788730202838,1.7178198778557319,2.8376987508760156
8.774999999999999,9.735650226264101e-8,2.8398767296181953e-10,0.0042921921316816415,1.116348814163157,0,1.2041768309062608,0.00002220274465326231,0.5055913393919865,0.008828874192979478,0,0.0000037303074595454885,0,0,0,0,0,0,0,0,0,0,0,0,0,0,0,0,0,0,0,0,0,0,0,0,0,0,1.1206411039353286,1.7186229775433395,2.8392640814786683
8.780000000000001,9.741197605382434e-8,2.831190308216759e-10,0.004294639226311363,1.117108513780044,0,1.2050152277218185,0.0000222154077751577,0.5055449717071807,0.008833969385957255,0,0.0000037324350045317135,0,0,0,0,0,0,0,0,0,0,0,0,0,0,0,0,0,0,0,0,0,0,0,0,0,0,1.1214032507014506,1.719420116657736,2.840823367359187
8.785,9.746744984500718e-8,2.82252991462918e-10,0.004297086320143411,1.117868129420364,0,1.205853518707999,0.00002222807089022707,0.5054926708939169,0.00883906454176785,0,0.000003734562548371093,0,0,0,0,0,0,0,0,0,0,0,0,0,0,0,0,0,0,0,0,0,0,0,0,0,0,1.1221653134902103,1.7202112167771226,2.842376530267333
8.79,9.752292363618963e-8,2.813895404755917e-10,0.004299533413179149,1.1186276612551935,0,1.2066917040853629,0.000022240733998482115,0.5054343568528619,0.008844159660475507,0,0.0000037366900910655903,0,0,0,0,0,0,0,0,0,0,0,0,0,0,0,0,0,0,0,0,0,0,0,0,0,0,1.1229272924726859,1.7209961980227897,2.8439234904954755
8.795,9.757839742737168e-8,2.8052866341858655e-10,0.004301980505419939,1.119387109455124,0,1.2075297840738293,0.000022253397099934463,0.5053696659435052,0.008849254742144312,0,0.0000037388176326171585,0,0,0,0,0,0,0,0,0,0,0,0,0,0,0,0,0,0,0,0,0,0,0,0,0,0,1.12368918781947,1.7217746969742114,2.8454638847936815
8.8,9.763387121855334e-8,2.796703458170047e-10,0.004304427596867131,1.120146474190267,0,1.20836775889268,0.000022266060194595727,0.5052987895858408,0.008854349786838203,0,0.000003740945173027749,0,0,0,0,0,0,0,0,0,0,0,0,0,0,0,0,0,0,0,0,0,0,0,0,0,0,1.1244509997006755,1.7225469052707267,2.8469979049714023
8.805,9.768934500973454e-8,2.788145731594372e-10,0.00430687468752208,1.120905755630253,0,1.209205628760561,0.000022278723282477472,0.5052216634996693,0.008859444794620974,0,0.0000037430727122993053,0,0,0,0,0,0,0,0,0,0,0,0,0,0,0,0,0,0,0,0,0,0,0,0,0,0,1.1252127282859348,1.7233127588508463,2.848525487136781
8.809999999999999,9.774481880091533e-8,2.7796133089514717e-10,0.004309321777386135,1.1216649539442356,0,1.2100433938954864,0.000022291386363591254,0.505138208137823,0.00886453976555627,0,0.0000037452002504337685,0,0,0,0,0,0,0,0,0,0,0,0,0,0,0,0,0,0,0,0,0,0,0,0,0,0,1.125974373744402,1.7240721783854795,2.8500465521298812
8.815,9.780029259209578e-8,2.7711060443114804e-10,0.004311768866460646,1.1224240693008922,0,1.2108810545148396,0.000022304049437948606,0.505048342277966,0.008869634699707593,0,0.000003747327787433077,0,0,0,0,0,0,0,0,0,0,0,0,0,0,0,0,0,0,0,0,0,0,0,0,0,0,1.126735936244756,1.7248250828697387,2.8515610191144947
8.82,9.78557663832758e-8,2.76262379129179e-10,0.004314215954746953,1.1231831018684262,0,1.211718610835374,0.00002231671250556104,0.5049519829733738,0.008874729597138293,0,0.000003749455323299164,0,0,0,0,0,0,0,0,0,0,0,0,0,0,0,0,0,0,0,0,0,0,0,0,0,0,1.1274974159552018,1.7255713895737148,2.853068805528917
8.825,9.791124017445539e-8,2.75416640302567e-10,0.004316663042246399,1.1239420518145669,0,1.2125560630732195,0.00002232937556644001,0.5048490455018279,0.008879824457911576,0,0.0000037515828580339547,0,0,0,0,0,0,0,0,0,0,0,0,0,0,0,0,0,0,0,0,0,0,0,0,0,0,1.12825881304347,1.7263110139913833,2.8545698270348536
8.83,9.79667139656346e-8,2.7457337321297116e-10,0.004319110128960318,1.1247009193065736,0,1.213393411443881,0.00002234203862059698,0.5047394433125513,0.008884919282090505,0,0.000003753710391639374,0,0,0,0,0,0,0,0,0,0,0,0,0,0,0,0,0,0,0,0,0,0,0,0,0,0,1.1290201276768213,1.727043869787535,2.8560639974643562
8.835,9.802218775681341e-8,2.7373256306700846e-10,0.004321557214890048,1.1254597045112364,0,1.2142306561622436,0.00002235470166804337,0.5046230879710781,0.008890014069737993,0,0.0000037558379241173425,0,0,0,0,0,0,0,0,0,0,0,0,0,0,0,0,0,0,0,0,0,0,0,0,0,0,1.1297813600220468,1.727769868742652,2.8575512287646987
8.84,9.807766154799183e-8,2.7289419501274556e-10,0.004324004300036919,1.1262184075948773,0,1.2150677974425714,0.000022367364708790577,0.5044998891019747,0.008895108820916814,0,0.0000037579654554697734,0,0,0,0,0,0,0,0,0,0,0,0,0,0,0,0,0,0,0,0,0,0,0,0,0,0,1.13054251024547,1.7284889206956273,2.8590314309410974
8.844999999999999,9.813313533916979e-8,2.7205825413605873e-10,0.004326451384402256,1.1269770287233523,0,1.2159048354985136,0.000022380027742849958,0.5043697543292905,0.00890020353568959,0,0.0000037600929856985757,0,0,0,0,0,0,0,0,0,0,0,0,0,0,0,0,0,0,0,0,0,0,0,0,0,0,1.1313035785129482,1.729200933484222,2.86050451199717
8.85,9.81886091303474e-8,2.712247254568487e-10,0.0043288984679873905,1.1277355680620549,0,1.2167417705431056,0.00002239269077023288,0.5042325892146323,0.008905298214118815,0,0.000003762220514805658,0,0,0,0,0,0,0,0,0,0,0,0,0,0,0,0,0,0,0,0,0,0,0,0,0,0,1.1320645649898762,1.7299058128831417,2.8619703778730177
8.855,9.824408292152462e-8,2.7039359392511e-10,0.004331345550793642,1.1284940257759144,0,1.21757860278877,0.000022405353790950664,0.5040882971927532,0.008910392856266826,0,0.0000037643480427929246,0,0,0,0,0,0,0,0,0,0,0,0,0,0,0,0,0,0,0,0,0,0,0,0,0,0,1.1328254698411846,1.7306034625396238,2.8634289323808084
8.86,9.829955671270139e-8,2.695648444168388e-10,0.004333792632822328,1.1292524020293995,0,1.2184153324473197,0.00002241801680501459,0.5039367795045261,0.008915487462195813,0,0.0000037664755696622667,0,0,0,0,0,0,0,0,0,0,0,0,0,0,0,0,0,0,0,0,0,0,0,0,0,0,1.1335862932313434,1.7312937839064162,2.8648800771377596
8.865,9.835503050387782e-8,2.6873846172977436e-10,0.004336239714074769,1.1300106969865202,0,1.219251959729961,0.00002243067981243594,0.5037779351271602,0.008920582031967838,0,0.0000037686030954155846,0,0,0,0,0,0,0,0,0,0,0,0,0,0,0,0,0,0,0,0,0,0,0,0,0,0,1.1343470353243639,1.7319766761719968,2.866323711496361
8.870000000000001,9.841050429505381e-8,2.679144305789717e-10,0.004338686794552274,1.1307689108108285,0,1.2200884848472935,0.000022443342813225932,0.5036116607015376,0.008925676565644811,0,0.0000037707306200547605,0,0,0,0,0,0,0,0,0,0,0,0,0,0,0,0,0,0,0,0,0,0,0,0,0,0,1.1351076962837996,1.7326520361879092,2.8677597324717086
8.875,9.84659780862294e-8,2.670927355921853e-10,0.004341133874256157,1.1315270436654217,0,1.2209249080093156,0.000022456005807395814,0.5034380539933392,0.0089307710632885,0,0.000003772858143581684,0,0,0,0,0,0,0,0,0,0,0,0,0,0,0,0,0,0,0,0,0,0,0,0,0,0,1.1358682762727486,1.7333199619298945,2.869188238202643
8.879999999999999,9.852145187740462e-8,2.6627336130505777e-10,0.004343580953187723,1.132285095712941,0,1.2217612294254243,0.00002246866879495676,0.5032568912226683,0.00893586552496054,0,0.0000037749856659982337,0,0,0,0,0,0,0,0,0,0,0,0,0,0,0,0,0,0,0,0,0,0,0,0,0,0,1.136628775453854,1.7339802298275142,2.870609005281368
8.885,9.857692566857941e-8,2.6545629215611084e-10,0.00434602803134828,1.1330430671155765,0,1.2225974493044192,0.000022481331775919963,0.5030679624913604,0.00894095995072242,0,0.000003777113187306288,0,0,0,0,0,0,0,0,0,0,0,0,0,0,0,0,0,0,0,0,0,0,0,0,0,0,1.1373891939893068,1.7346326301914654,2.8720218241807722
8.89,9.863239945975384e-8,2.64641512481514e-10,0.004348475108739125,1.133800958035067,0,1.223433567854502,0.000022493994750296542,0.5028711476492971,0.008946054340635485,0,0.0000037792407075077168,0,0,0,0,0,0,0,0,0,0,0,0,0,0,0,0,0,0,0,0,0,0,0,0,0,0,1.138149532040847,1.7352770430798925,2.8734265751207397
8.895,9.868787325092785e-8,2.638290065096298e-10,0.00435092218536156,1.134558768632702,0,1.2242695852832812,0.000022506657718097607,0.5026663238062385,0.00895114869476094,0,0.0000037813682266043873,0,0,0,0,0,0,0,0,0,0,0,0,0,0,0,0,0,0,0,0,0,0,0,0,0,0,1.1389097897697658,1.7359133458102254,2.874823135579991
8.899999999999999,9.874334704210147e-8,2.6301875835531715e-10,0.00435336926121688,1.1353164990693236,0,1.2251055017977746,0.000022519320679334282,0.5024533652394689,0.008956243013159863,0,0.000003783495744598166,0,0,0,0,0,0,0,0,0,0,0,0,0,0,0,0,0,0,0,0,0,0,0,0,0,0,1.1396699673369064,1.7365414128668273,2.876211380203734
8.905000000000001,9.879882083327472e-8,2.6221075201397975e-10,0.004355816336306379,1.1360741495053266,0,1.225941317604409,0.000022531983634017606,0.5022321432973356,0.008961337295893181,0,0.00000378562326149091,0,0,0,0,0,0,0,0,0,0,0,0,0,0,0,0,0,0,0,0,0,0,0,0,0,0,1.1404300649026646,1.7371611158045333,2.877591180707198
8.91,9.885429462444757e-8,2.614049713553517e-10,0.004358263410631344,1.136831720100663,0,1.2267770329090242,0.000022544646582158643,0.5020025262984626,0.008966431543021677,0,0.0000037877507772844765,0,0,0,0,0,0,0,0,0,0,0,0,0,0,0,0,0,0,0,0,0,0,0,0,0,0,1.141190082626994,1.737772323147868,2.878962405774862
8.915,9.890976841562e-8,2.606014001169909e-10,0.004360710484193065,1.1375892110148398,0,1.2276126479168745,0.000022557309523768393,0.5017643794263658,0.008971525754606007,0,0.0000037898782919807147,0,0,0,0,0,0,0,0,0,0,0,0,0,0,0,0,0,0,0,0,0,0,0,0,0,0,1.1419500206694029,1.7383749002856619,2.880324920955065
8.92,9.896524220679209e-8,2.598000218974787e-10,0.004363157556992826,1.1383466224069254,0,1.2284481628326325,0.000022569972458857865,0.5015175646192558,0.008976619930706684,0,0.0000037920058055814738,0,0,0,0,0,0,0,0,0,0,0,0,0,0,0,0,0,0,0,0,0,0,0,0,0,0,1.1427098791889605,1.7389687093608592,2.8816785885498195
8.925,9.902071599796373e-8,2.590008201493003e-10,0.004365604629031906,1.1391039544355455,0,1.2292835778603883,0.000022582635387438005,0.5012619404547124,0.008981714071384086,0,0.000003794133318088593,0,0,0,0,0,0,0,0,0,0,0,0,0,0,0,0,0,0,0,0,0,0,0,0,0,0,1.1434696583442943,1.7395536091551904,2.8830232674994845
8.93,9.907618978913498e-8,2.582037781713873e-10,0.004368051700311585,1.1398612072588896,0,1.2301188932036535,0.000022595298309519783,0.50099736202896,0.00898680817669845,0,0.0000037962608295039152,0,0,0,0,0,0,0,0,0,0,0,0,0,0,0,0,0,0,0,0,0,0,0,0,0,0,1.1442293582935947,1.740129454968451,2.884358813262046
8.934999999999999,9.913166358030584e-8,2.5740887910130354e-10,0.0043704987708331365,1.1406183810347104,0,1.2309541090653633,0.000022607961225114094,0.5007236808304255,0.008991902246709874,0,0.000003798388339829271,0,0,0,0,0,0,0,0,0,0,0,0,0,0,0,0,0,0,0,0,0,0,0,0,0,0,1.144988979194616,1.7406960984920636,2.88568507768668
8.94,9.918713737147639e-8,2.5661610590705246e-10,0.004372945840597838,1.1413754759203256,0,1.231789225647879,0.000022620624134231856,0.5004407446072409,0.008996996281478334,0,0.000003800515849066496,0,0,0,0,0,0,0,0,0,0,0,0,0,0,0,0,0,0,0,0,0,0,0,0,0,0,1.145748521204677,1.7412533876765817,2.887001908881259
8.945,9.924261116264647e-8,2.5582544137848474e-10,0.004375392909606956,1.1421324920726181,0,1.232624243152989,0.00002263328703688393,0.5001483972283233,0.00900209028106365,0,0.0000038026433572174116,0,0,0,0,0,0,0,0,0,0,0,0,0,0,0,0,0,0,0,0,0,0,0,0,0,0,1.1465079844806616,1.74180116659277,2.8883091510734316
8.95,9.929808495381621e-8,2.5503686811827577e-10,0.004377839977861757,1.1428894296480403,0,1.2334591617819108,0.000022645949933081158,0.49984647853766345,0.009007184245525515,0,0.0000038047708642838426,0,0,0,0,0,0,0,0,0,0,0,0,0,0,0,0,0,0,0,0,0,0,0,0,0,0,1.1472673691790238,1.7423392752858973,2.889606644464921
8.955,9.935355874498553e-8,2.542503685324523e-10,0.004380287045363508,1.1436462888026135,0,1.2342939817352938,0.000022658612822834364,0.4995347629045821,0.009012278174923496,0,0.000003806898370267606,0,0,0,0,0,0,0,0,0,0,0,0,0,0,0,0,0,0,0,0,0,0,0,0,0,0,1.1480266754557862,1.7428674883259925,2.8908941637817787
8.96,9.940903253615449e-8,2.534659248204381e-10,0.004382734112113468,1.1444030696919303,0,1.235128703213222,0.000022671275706154356,0.49921297884890636,0.009017372069317006,0,0.0000038090258751705173,0,0,0,0,0,0,0,0,0,0,0,0,0,0,0,0,0,0,0,0,0,0,0,0,0,0,1.1487859034665422,1.7433855344330267,2.892171437899569
8.965,9.946450632732302e-8,2.526835189645826e-10,0.004385181178112895,1.1451597724711555,0,1.2359633264152146,0.00002268393858305189,0.49888112364608417,0.009022465928765336,0,0.0000038111533789943854,0,0,0,0,0,0,0,0,0,0,0,0,0,0,0,0,0,0,0,0,0,0,0,0,0,0,1.1495450533664582,1.7438934110820261,2.8934384644484843
8.969999999999999,9.951998011849121e-8,2.5190313271914933e-10,0.004387628243363047,1.145916397295029,0,1.2367978515402291,0.000022696601453537725,0.4985390244358973,0.009027559753327643,0,0.000003813280881741016,0,0,0,0,0,0,0,0,0,0,0,0,0,0,0,0,0,0,0,0,0,0,0,0,0,0,1.1503041253102753,1.7443909456117892,2.8946950709220642
8.975,9.957545390965902e-8,2.5112474759871926e-10,0.004390075307865176,1.1466729443178658,0,1.2376322787866632,0.000022709264317622594,0.4981865034748585,0.009032653543062945,0,0.000003815408383412215,0,0,0,0,0,0,0,0,0,0,0,0,0,0,0,0,0,0,0,0,0,0,0,0,0,0,1.1510631194523095,1.7448779604772857,2.895941079929595
8.98,9.963092770082645e-8,2.503483448659735e-10,0.004392522371620533,1.147429413693558,0,1.2384666083523563,0.000022721927175317186,0.49782337793877707,0.00903774729803013,0,0.000003817535884009774,0,0,0,0,0,0,0,0,0,0,0,0,0,0,0,0,0,0,0,0,0,0,0,0,0,0,1.1518220359464548,1.745354273052223,2.8971763089986777
8.985,9.968640149199344e-8,2.495739055188193e-10,0.004394969434630362,1.148185805575576,0,1.2393008404345913,0.000022734590026632176,0.49744945971487314,0.009042841018287947,0,0.0000038196633835354916,0,0,0,0,0,0,0,0,0,0,0,0,0,0,0,0,0,0,0,0,0,0,0,0,0,0,1.1525808749461819,1.7458196954211627,2.8984005703673446
8.99,9.97418752831601e-8,2.4880141027680207e-10,0.004397416496895913,1.1489421201169718,0,1.2401349752300999,0.000022747252871578234,0.49706455518271925,0.009047934703895028,0,0.000003821790881991157,0,0,0,0,0,0,0,0,0,0,0,0,0,0,0,0,0,0,0,0,0,0,0,0,0,0,1.1533396366045443,1.7462740341604677,2.899613670765012
8.995000000000001,9.979734907432636e-8,2.480308395667715e-10,0.004399863558418424,1.1496983574703774,0,1.2409690129350583,0.000022759915710165982,0.4966684649833018,0.009053028354909851,0,0.000003823918379378556,0,0,0,0,0,0,0,0,0,0,0,0,0,0,0,0,0,0,0,0,0,0,0,0,0,0,1.1540983210741758,1.7467170901073594,2.900815411181535
9,9.985282286549222e-8,2.4726217350773433e-10,0.004402310619199133,1.1504545177880081,0,1.241802953745094,0.000022772578542406017,0.4962609837753789,0.009058121971390774,0,0.000003826045875699469,0,0,0,0,0,0,0,0,0,0,0,0,0,0,0,0,0,0,0,0,0,0,0,0,0,0,1.1548569285072923,1.7471486581162818,2.902005586623574
9.004999999999999,9.990829665665774e-8,2.46495391894846e-10,0.00440475767923928,1.1512106012216654,0,1.2426367978552897,0.000022785241368308952,0.49584189997826683,0.009063215553396028,0,0.000003828173370955677,0,0,0,0,0,0,0,0,0,0,0,0,0,0,0,0,0,0,0,0,0,0,0,0,0,0,1.1556154590556966,1.7475685268016918,2.9031839858573885
9.01,9.996377044782287e-8,2.457304741824768e-10,0.004407204738540097,1.151966607922735,0,1.2434705454601782,0.000022797904187885313,0.4954109955001279,0.009068309100983702,0,0.000003830300865148952,0,0,0,0,0,0,0,0,0,0,0,0,0,0,0,0,0,0,0,0,0,0,0,0,0,0,1.1563739128707762,1.747976478266343,2.904350391137119
9.015,1.0001924423898761e-7,2.449673994662886e-10,0.004409651797102816,1.152722538042191,0,1.2443041967537503,0.000022810567001145654,0.49496804545072376,0.009073402614211766,0,0.000003832428358281066,0,0,0,0,0,0,0,0,0,0,0,0,0,0,0,0,0,0,0,0,0,0,0,0,0,0,1.1571322901035055,1.7483722878140453,2.905504577917551
9.02,1.0007471803015196e-7,2.4420614646424526e-10,0.0044120988549286606,1.153478391730596,0,1.245137751929454,0.00002282322980810048,0.4945128178375537,0.009078496093138043,0,0.000003834555850353782,0,0,0,0,0,0,0,0,0,0,0,0,0,0,0,0,0,0,0,0,0,0,0,0,0,0,1.157890590904449,1.7487557236458042,2.9066463145502532
9.025,1.0013019182131597e-7,2.4344669349648104e-10,0.00441454591201886,1.1542341691381037,0,1.245971211180199,0.000022835892608760286,0.49404507324415464,0.009083589537820241,0,0.000003836683341368867,0,0,0,0,0,0,0,0,0,0,0,0,0,0,0,0,0,0,0,0,0,0,0,0,0,0,1.158648815423761,1.749126546538124,2.9077753619618854
9.030000000000001,1.0018566561247956e-7,2.426890184639433e-10,0.00441699296837464,1.1549898704144594,0,1.2468045746983554,0.000022848555403135536,0.49356456448928765,0.00908868294831593,0,0.000003838810831328075,0,0,0,0,0,0,0,0,0,0,0,0,0,0,0,0,0,0,0,0,0,0,0,0,0,0,1.1594069638111886,1.7494845095021936,2.908891473313382
9.035,1.0024113940364278e-7,2.419330988257139e-10,0.004419440023997213,1.1557454957090008,0,1.2476378426757575,0.00002286121819123667,0.49307103626557564,0.009093776324682556,0,0.000003840938320233163,0,0,0,0,0,0,0,0,0,0,0,0,0,0,0,0,0,0,0,0,0,0,0,0,0,0,1.1601650362160705,1.7498293574225272,2.9099943936385975
9.04,1.0029661319480563e-7,2.4117891157490644e-10,0.004421887078887801,1.1565010451706617,0,1.2484710153037062,0.000022873880973074116,0.4925642836346506,0.009098869666977434,0,0.00000384306580808588,0,0,0,0,0,0,0,0,0,0,0,0,0,0,0,0,0,0,0,0,0,0,0,0,0,0,1.1609230327873417,1.7501608855521154,2.911083918339457
9.045,1.0035208698596813e-7,2.4042643321303465e-10,0.004424334133047618,1.1572565189479709,0,1.2493040927729704,0.000022886543748658266,0.4920439986857391,0.009103962975257748,0,0.0000038451932948879765,0,0,0,0,0,0,0,0,0,0,0,0,0,0,0,0,0,0,0,0,0,0,0,0,0,0,1.161680953673532,1.750478786171011,2.912159739844543
9.05,1.0040756077713024e-7,2.396756397227232e-10,0.004426781186477876,1.1580119171890564,0,1.2501370752737875,0.000022899206517999498,0.4915098724773724,0.009109056249580558,0,0.000003847320780641192,0,0,0,0,0,0,0,0,0,0,0,0,0,0,0,0,0,0,0,0,0,0,0,0,0,0,1.1624387990227705,1.7507827505280391,2.9132215495508094
9.055,1.0046303456829194e-7,2.3892650653863516e-10,0.004429228239179783,1.158767240041642,0,1.250969962995867,0.000022911869281108143,0.49096161130456556,0.009114149490002787,0,0.000003849448265347264,0,0,0,0,0,0,0,0,0,0,0,0,0,0,0,0,0,0,0,0,0,0,0,0,0,0,1.1631965689827828,1.7510724851079817,2.9142690540907648
9.059999999999999,1.0051850835945331e-7,2.381790085164664e-10,0.004431675291154546,1.1595224876530552,0,1.251802756128393,0.00002292453203799456,0.49039891116997625,0.009119242696581245,0,0.000003851575749007931,0,0,0,0,0,0,0,0,0,0,0,0,0,0,0,0,0,0,0,0,0,0,0,0,0,0,1.1639542637008973,1.7513476861027375,2.9153019498036348
9.065,1.0057398215061429e-7,2.374331198998499e-10,0.004434122342403371,1.1602776601702238,0,1.2526354548600236,0.000022937194788669035,0.48982145726210036,0.0091243358693726,0,0.000003853703231624925,0,0,0,0,0,0,0,0,0,0,0,0,0,0,0,0,0,0,0,0,0,0,0,0,0,0,1.1647118833240424,1.751608038889517,2.9163199222135594
9.07,1.0062945594177492e-7,2.3668881428499897e-10,0.004436569392927457,1.161032757739679,0,1.2534680593788952,0.00002294985753314186,0.48922892339867946,0.009129429008433408,0,0.000003855830713199973,0,0,0,0,0,0,0,0,0,0,0,0,0,0,0,0,0,0,0,0,0,0,0,0,0,0,1.1654694279987512,1.7518532174742543,2.9173226454730052
9.075,1.0068492973293516e-7,2.359460645828869e-10,0.004439016442728001,1.1617877805075556,0,1.2543005698726226,0.000022962520271423282,0.4886209714324205,0.009134522113820083,0,0.000003857958193734796,0,0,0,0,0,0,0,0,0,0,0,0,0,0,0,0,0,0,0,0,0,0,0,0,0,0,1.1662268978711594,1.7520828838973281,2.9183097817684875
9.08,1.00740403524095e-7,2.3520484297876086e-10,0.004441463491806201,1.1625427286195955,0,1.255132986528302,0.000022975183003523545,0.48799725061584837,0.009139615185588923,0,0.000003860085673231115,0,0,0,0,0,0,0,0,0,0,0,0,0,0,0,0,0,0,0,0,0,0,0,0,0,0,1.16698429308701,1.7522966875984163,2.9192809806854263
9.085,1.0079587731525455e-7,2.3446512088875645e-10,0.0044439105401632515,1.1632976022211479,0,1.2559653095325136,0.000022987845729452872,0.4873573969218053,0.009144708223796101,0,0.000003862213151690649,0,0,0,0,0,0,0,0,0,0,0,0,0,0,0,0,0,0,0,0,0,0,0,0,0,0,1.1677416137916536,1.752494264736996,2.9202358785286497
9.09,1.0085135110641366e-7,2.3372686891334714e-10,0.00444635758780034,1.1640524014571692,0,1.2567975390713204,0.000023000508449221436,0.4867010323157101,0.009149801228497654,0,0.000003864340629115106,0,0,0,0,0,0,0,0,0,0,0,0,0,0,0,0,0,0,0,0,0,0,0,0,0,0,1.1684988601300477,1.7526752374646064,2.921174097594654
9.094999999999999,1.0090682489757237e-7,2.329900567873509e-10,0.004448804634718658,1.1648071264722268,0,1.2576296753302731,0.000023013171162839417,0.4860277639753396,0.009154894199749504,0,0.000003866468105506198,0,0,0,0,0,0,0,0,0,0,0,0,0,0,0,0,0,0,0,0,0,0,0,0,0,0,1.1692560322467604,1.7528392131446304,2.922095245391391
9.1,1.0096229868873078e-7,2.3225465332617568e-10,0.0044512516809193875,1.1655617774105007,0,1.2584617184944122,0.000023025833870316967,0.4853371834533817,0.009159987137607448,0,0.000003868595580865629,0,0,0,0,0,0,0,0,0,0,0,0,0,0,0,0,0,0,0,0,0,0,0,0,0,0,1.1700131302859735,1.7529857835148526,2.922998913800826
9.105,1.010177724798888e-7,2.315206263679509e-10,0.004453698726403715,1.1663163544157817,0,1.2592936687482656,0.000023038496571664215,0.48462886577755504,0.009165080042127157,0,0.000003870723055195101,0,0,0,0,0,0,0,0,0,0,0,0,0,0,0,0,0,0,0,0,0,0,0,0,0,0,1.1707701543914786,1.7531145237875747,2.9238846781790535
9.11,1.0107324627104647e-7,2.3078794271115848e-10,0.004456145771172817,1.1670708576314752,0,1.2601255262758553,0.00002305115926689125,0.4839023684824647,0.009170172913364171,0,0.000003872850528496309,0,0,0,0,0,0,0,0,0,0,0,0,0,0,0,0,0,0,0,0,0,0,0,0,0,0,1.1715271047066824,1.7532249916814795,2.924752096388162
9.115,1.0112872006220375e-7,2.3005656804732607e-10,0.004458592815227875,1.1678252872006023,0,1.2609572912606966,0.00002306382195600816,0.48315723056674503,0.009175265751373916,0,0.000003874978000770948,0,0,0,0,0,0,0,0,0,0,0,0,0,0,0,0,0,0,0,0,0,0,0,0,0,0,1.1722839813746069,1.7533167263787723,2.925600707753379
9.120000000000001,1.011841938533607e-7,2.2932646688829948e-10,0.004461039858570061,1.1685796432658004,0,1.2617889638858015,0.000023076484639024998,0.482392971368304,0.009180358556211689,0,0.000003877105472020708,0,0,0,0,0,0,0,0,0,0,0,0,0,0,0,0,0,0,0,0,0,0,0,0,0,0,1.1730407845378907,1.7533892474004285,2.9264300319383194
9.125,1.0123966764451725e-7,2.2859760248755405e-10,0.004463486901200546,1.1693339259693247,0,1.2626205443336769,0.000023089147315951808,0.48160908561406296,0.00918545132793267,0,0.000003879232942247275,0,0,0,0,0,0,0,0,0,0,0,0,0,0,0,0,0,0,0,0,0,0,0,0,0,0,1.1737975143387906,1.7534420496559309,2.9272395639947213
9.129999999999999,1.0129514143567341e-7,2.2786993675493517e-10,0.0044659339431205045,1.170088135453051,0,1.263452032786332,0.000023101809986798585,0.48080505331574613,0.009190544066591899,0,0.00000388136041145233,0,0,0,0,0,0,0,0,0,0,0,0,0,0,0,0,0,0,0,0,0,0,0,0,0,0,1.174554170919183,1.7534746133390682,2.928028784258251
9.135,1.0135061522682923e-7,2.271434301641518e-10,0.004468380984331102,1.1708422718584754,0,1.2642834294252758,0.000023114472651575352,0.4799803273007575,0.009195636772244328,0,0.000003883487879637555,0,0,0,0,0,0,0,0,0,0,0,0,0,0,0,0,0,0,0,0,0,0,0,0,0,0,1.1753107544205652,1.753486391458809,2.9287971458793742
9.14,1.0140608901798474e-7,2.2641804165225632e-10,0.004470828024833502,1.1715963353267156,0,1.2651147344315206,0.000023127135310292058,0.47913433515698284,0.009200729444944752,0,0.000003885615346804623,0,0,0,0,0,0,0,0,0,0,0,0,0,0,0,0,0,0,0,0,0,0,0,0,0,0,1.1760672649840562,1.7534768117841053,2.9295440767681615
9.145,1.0146156280913981e-7,2.25693728510248e-10,0.004473275064628866,1.1723503259985115,0,1.2659459479855824,0.000023139797962958652,0.4782664776412514,0.009205822084747859,0,0.000003887742812955205,0,0,0,0,0,0,0,0,0,0,0,0,0,0,0,0,0,0,0,0,0,0,0,0,0,0,1.176823702750397,1.7534452752523575,2.930268978002754
9.15,1.0151703660029456e-7,2.2497044626382906e-10,0.004475722103718358,1.17310424401423,0,1.2667770702674839,0.000023152460609585085,0.4773761268560741,0.009210914691708219,0,0.000003889870278090974,0,0,0,0,0,0,0,0,0,0,0,0,0,0,0,0,0,0,0,0,0,0,0,0,0,0,1.1775800678599555,1.7533911541461538,2.930971222006109
9.155000000000001,1.0157251039144895e-7,2.2424814854321268e-10,0.004478169142103132,1.1738580895138615,0,1.2676081014567562,0.000023165123250181233,0.4764626242628588,0.009216007265880274,0,0.000003891997742213585,0,0,0,0,0,0,0,0,0,0,0,0,0,0,0,0,0,0,0,0,0,0,0,0,0,0,1.1783363604527233,1.7533137901064877,2.9316501505592107
9.16,1.0162798418260294e-7,2.2352678694073154e-10,0.004480616179784342,1.1746118626370254,0,1.2684390417324403,0.000023177785884756985,0.4755252785132353,0.009221099807318351,0,0.000003894125205324705,0,0,0,0,0,0,0,0,0,0,0,0,0,0,0,0,0,0,0,0,0,0,0,0,0,0,1.1790925806683208,1.753212491964084,2.9323050726324045
9.165,1.0168345797375658e-7,2.2280631085482872e-10,0.00448306321676314,1.1753655635229683,0,1.2692698912730886,0.000023190448513322202,0.4745633630776718,0.00922619231607665,0,0.00000389625266742599,0,0,0,0,0,0,0,0,0,0,0,0,0,0,0,0,0,0,0,0,0,0,0,0,0,0,1.1798487286459958,1.753086533368018,2.9329352620140137
9.17,1.0173893176490986e-7,2.2208666731881069e-10,0.004485510253040679,1.176119192310568,0,1.2701006502567675,0.000023203111135886743,0.4735761136476387,0.00923128479220926,0,0.000003898380128519092,0,0,0,0,0,0,0,0,0,0,0,0,0,0,0,0,0,0,0,0,0,0,0,0,0,0,1.1806048045246273,1.75293515018788,2.9335399547125074
9.175,1.0179440555606281e-7,2.2136780081251233e-10,0.004487957288618104,1.1768727491383317,0,1.2709313188610574,0.000023215773752460416,0.4725627252842506,0.009236377235770143,0,0.000003900507588605663,0,0,0,0,0,0,0,0,0,0,0,0,0,0,0,0,0,0,0,0,0,0,0,0,0,0,1.1813608084427232,1.7527575376624192,2.9341183461051425
9.18,1.0184987934721539e-7,2.206496530547492e-10,0.0044904043234965585,1.1776262341443997,0,1.2717618972630556,0.00002322843636305301,0.4715223492823647,0.009241469646813143,0,0.0000039026350476873455,0,0,0,0,0,0,0,0,0,0,0,0,0,0,0,0,0,0,0,0,0,0,0,0,0,0,1.1821167405384252,1.7525528472636442,2.9346695878020697
9.184999999999999,1.0190535313836759e-7,2.199321627741202e-10,0.004492851357677184,1.178379647466546,0,1.2725923856393784,0.000023241098967674313,0.4704540897145353,0.009246562025391989,0,0.000003904762505765785,0,0,0,0,0,0,0,0,0,0,0,0,0,0,0,0,0,0,0,0,0,0,0,0,0,0,1.1828726009495085,1.7523201832407789,2.9351927841902876
9.19,1.0196082692951945e-7,2.192152654553454e-10,0.004495298391161123,1.1791329892421787,0,1.2734227841661618,0.000023253761566334063,0.4693569996138538,0.009251654371560288,0,0.000003906889962842619,0,0,0,0,0,0,0,0,0,0,0,0,0,0,0,0,0,0,0,0,0,0,0,0,0,0,1.183628389813382,1.752058598803105,2.935686988616487
9.195,1.0201630072067097e-7,2.1849889305788566e-10,0.004497745423949513,1.1798862596083424,0,1.274253093019064,0.000023266424159042024,0.46823007674828265,0.009256746685371528,0,0.000003909017418919485,0,0,0,0,0,0,0,0,0,0,0,0,0,0,0,0,0,0,0,0,0,0,0,0,0,0,1.1843841072670913,1.7517670918942962,2.9361511991613876
9.2,1.020717745118221e-7,2.1778297370306423e-10,0.0045001924560434834,1.1806394587017184,0,1.2750833123732666,0.000023279086745807872,0.46707225893162724,0.009261838966879082,0,0.000003911144873998011,0,0,0,0,0,0,0,0,0,0,0,0,0,0,0,0,0,0,0,0,0,0,0,0,0,0,1.1851397534473194,1.7514446005033926,2.936584353950712
9.205,1.0212724830297291e-7,2.1706743132529304e-10,0.004502639487444172,1.1813925866586283,0,1.2759134424034766,0.00002329174932664133,0.46588242416152637,0.009266931216136202,0,0.000003913272328079828,0,0,0,0,0,0,0,0,0,0,0,0,0,0,0,0,0,0,0,0,0,0,0,0,0,0,1.1858953284903881,1.751090002802794,2.936985331293182
9.21,1.0218272209412333e-7,2.1635218528226132e-10,0.004505086518152707,1.182145643615031,0,1.2767434832839268,0.000023304411901552047,0.4646594165653682,0.009272023433196027,0,0.0000039153997811665595,0,0,0,0,0,0,0,0,0,0,0,0,0,0,0,0,0,0,0,0,0,0,0,0,0,0,1.186650832532258,1.7507021430941738,2.937352975626432
9.215,1.022381958852734e-7,2.1563714991804795e-10,0.004507533548170212,1.1828986297065276,0,1.2775734351883794,0.000023317074470549675,0.4634019110341895,0.00927711561811157,0,0.000003917527233259827,0,0,0,0,0,0,0,0,0,0,0,0,0,0,0,0,0,0,0,0,0,0,0,0,0,0,1.1874062657085307,1.7502796964423841,2.9376859621509146
9.219999999999999,1.022936696764231e-7,2.1492223407205547e-10,0.004509980577497815,1.1836515450683618,0,1.2784032982901272,0.00002332973703364385,0.4621085458214663,0.00928220777093574,0,0.000003919654684361249,0,0,0,0,0,0,0,0,0,0,0,0,0,0,0,0,0,0,0,0,0,0,0,0,0,0,1.1881616281544514,1.7498213012742474,2.9379829294286988
9.225,1.0234914346757249e-7,2.142073405253496e-10,0.004512427606136641,1.1844043898354202,0,1.2792330727619936,0.000023342399590844172,0.46077786618676736,0.009287299891721322,0,0.000003921782134472439,0,0,0,0,0,0,0,0,0,0,0,0,0,0,0,0,0,0,0,0,0,0,0,0,0,0,1.1889169200049075,1.7493255030222077,2.9382424230271154
9.23,1.0240461725872153e-7,2.1349236537441583e-10,0.004514874634087806,1.185157164142234,0,1.2800627587763376,0.000023355062142160242,0.45940831512770214,0.009292391980520988,0,0.000003923909583595006,0,0,0,0,0,0,0,0,0,0,0,0,0,0,0,0,0,0,0,0,0,0,0,0,0,0,1.1896721413944313,1.7487907448562863,2.9384628862507176
9.235,1.0246009104987015e-7,2.127771973204009e-10,0.004517321661352426,1.1859098681229798,0,1.2808923565050503,0.000023367724687601603,0.45799822288322245,0.009297484037387284,0,0.00000392603703173056,0,0,0,0,0,0,0,0,0,0,0,0,0,0,0,0,0,0,0,0,0,0,0,0,0,0,1.1904272924572004,1.7482153571873793,2.9386426496445797
9.24,1.0251556484101845e-7,2.1206171685952446e-10,0.004519768687931622,1.1866625019114831,0,1.2817218661195615,0.000023380387227177823,0.4565457950025966,0.009302576062372662,0,0.000003928164478880704,0,0,0,0,0,0,0,0,0,0,0,0,0,0,0,0,0,0,0,0,0,0,0,0,0,0,1.1911823733270415,1.747597545736237,2.938779919063278
9.245000000000001,1.0257103863216645e-7,2.1134579535740353e-10,0.0045222157138265036,1.1874150656412155,0,1.2825512877908387,0.000023393049760898416,0.45504909873243815,0.00930766805552944,0,0.000003930291925047038,0,0,0,0,0,0,0,0,0,0,0,0,0,0,0,0,0,0,0,0,0,0,0,0,0,0,1.1919373841374263,1.7469353779204924,2.938872762057919
9.25,1.0262651242331405e-7,2.106292939863542e-10,0.004524662739038178,1.1881675594452978,0,1.2833806216893895,0.000023405712288772876,0.4535060474218697,0.009312760016909826,0,0.0000039324193702311566,0,0,0,0,0,0,0,0,0,0,0,0,0,0,0,0,0,0,0,0,0,0,0,0,0,0,1.1926923250214778,1.746226767259828,2.9389190922813055
9.254999999999999,1.0268198621446127e-7,2.0991206250013526e-10,0.004527109763567758,1.188919983456504,0,1.2842098679852627,0.000023418374810810693,0.4519143825805,0.009317851946565911,0,0.000003934546814434655,0,0,0,0,0,0,0,0,0,0,0,0,0,0,0,0,0,0,0,0,0,0,0,0,0,0,1.1934471961119701,1.7454694554339538,2.9389166515459237
9.26,1.0273746000560818e-7,2.0919393781479172e-10,0.004529556787416345,1.1896723378072582,0,1.2850390268480512,0.000023431037327021336,0.45027165314144985,0.009322943844549687,0,0.000003936674257659123,0,0,0,0,0,0,0,0,0,0,0,0,0,0,0,0,0,0,0,0,0,0,0,0,0,0,1.1942019975413285,1.7446609915456355,2.9388629890869638
9.265,1.0279293379675476e-7,2.0847474235687804e-10,0.004532003810585047,1.1904246226296373,0,1.285868098446891,0.000023443699837414252,0.44857519137694457,0.009328035710913011,0,0.000003938801699906149,0,0,0,0,0,0,0,0,0,0,0,0,0,0,0,0,0,0,0,0,0,0,0,0,0,0,1.1949567294416308,1.743798708036286,2.9387554374779166
9.27,1.0284840758790094e-7,2.077542821308507e-10,0.00453445083307496,1.1911768380553729,0,1.286697082950466,0.000023456362341998843,0.44682208477985375,0.009333127545707642,0,0.000003940929141177311,0,0,0,0,0,0,0,0,0,0,0,0,0,0,0,0,0,0,0,0,0,0,0,0,0,0,1.1957113919446096,1.7428796925675107,2.9385910845121206
9.275,1.029038813790468e-7,2.070323444452179e-10,0.004536897854887183,1.1919289842158516,0,1.2875259805270072,0.000023469024840784528,0.44500914305157424,0.009338219348985216,0,0.000003943056581474192,0,0,0,0,0,0,0,0,0,0,0,0,0,0,0,0,0,0,0,0,0,0,0,0,0,0,1.1964659851816526,1.7419007550089889,2.9383667401906415
9.280000000000001,1.0295935517019234e-7,2.06308695221041e-10,0.0045393448760228175,1.1926810612421168,0,1.2883547913442952,0.000023481687333780682,0.4431328591109629,0.00934331112079727,0,0.000003945184020798368,0,0,0,0,0,0,0,0,0,0,0,0,0,0,0,0,0,0,0,0,0,0,0,0,0,0,1.1972205092838035,1.7408583884474098,2.9380788977312133
9.285,1.0301482896133749e-7,2.0558307578536772e-10,0.0045417918964829485,1.1934330692648687,0,1.2891835155696605,0.00002349434982099666,0.44118936274238796,0.009348402861195202,0,0.000003947311459151411,0,0,0,0,0,0,0,0,0,0,0,0,0,0,0,0,0,0,0,0,0,0,0,0,0,0,1.1979749643817637,1.7397487228345239,2.9377236872162875
9.29,1.030703027524823e-7,2.0485519902417906e-10,0.004544238916268674,1.194185008414468,0,1.2900121533699884,0.00002350701230244181,0.43917435369633134,0.009353494570230329,0,0.0000039494388965348915,0,0,0,0,0,0,0,0,0,0,0,0,0,0,0,0,0,0,0,0,0,0,0,0,0,0,1.1987293506058947,1.738567458087749,2.9372968086936435
9.295,1.031257765436268e-7,2.0412474473172786e-10,0.004546685935381079,1.194936878820934,0,1.2908407049117163,0.000023519674778125455,0.43708291402870714,0.009358586247953835,0,0.000003951566332950374,0,0,0,0,0,0,0,0,0,0,0,0,0,0,0,0,0,0,0,0,0,0,0,0,0,0,1.1994836680862164,1.7373096764294884,2.9367933445157046
9.3,1.0318125033477092e-7,2.0339135394176155e-10,0.00454913295382125,1.1956886806139475,0,1.2916691703608387,0.00002353233724805689,0.434909862405495,0.009363677894416802,0,0.000003953693768399421,0,0,0,0,0,0,0,0,0,0,0,0,0,0,0,0,0,0,0,0,0,0,0,0,0,0,1.2002379169524104,1.735970196691767,2.9362081136441773
9.305,1.032367241259147e-7,2.0265462195509207e-10,0.004551579971590274,1.1964404139228508,0,1.292497549882906,0.000023544999712245394,0.4326491940205363,0.00936876950967019,0,0.0000039558212028835925,0,0,0,0,0,0,0,0,0,0,0,0,0,0,0,0,0,0,0,0,0,0,0,0,0,0,1.20099209733382,1.7345430142340277,2.9355351115678476
9.309999999999999,1.0329219791705811e-7,2.0191408967842185e-10,0.004554026988689231,1.1971920788766512,0,1.2933258436430277,0.00002355766217070023,0.43029411328699146,0.009373861093764866,0,0.000003957948636404445,0,0,0,0,0,0,0,0,0,0,0,0,0,0,0,0,0,0,0,0,0,0,0,0,0,0,1.2017462093594524,1.733021333634591,2.9347675429940434
9.315,1.0334767170820121e-7,2.0116923274744522e-10,0.004556474005119203,1.197943675604019,0,1.2941540518058745,0.000023570324623430645,0.42783687865698056,0.00937895264675157,0,0.000003960076068963529,0,0,0,0,0,0,0,0,0,0,0,0,0,0,0,0,0,0,0,0,0,0,0,0,0,0,1.202500253157979,1.731397413510299,2.933897666668278
9.32,1.0340314549934399e-7,2.0041944770148195e-10,0.004558921020881264,1.1986952042332908,0,1.2949821745356778,0.000023582987070445855,0.42526860581279285,0.00938404416868094,0,0.000003962203500562397,0,0,0,0,0,0,0,0,0,0,0,0,0,0,0,0,0,0,0,0,0,0,0,0,0,0,1.2032542288577368,1.7296623697077225,2.932916598565459
9.325,1.0345861929048636e-7,1.9966403417255148e-10,0.004561368035976488,1.1994466648924693,0,1.2958102119962323,0.000023595649511755052,0.4225790146860087,0.009389135659603493,0,0.000003964330931202592,0,0,0,0,0,0,0,0,0,0,0,0,0,0,0,0,0,0,0,0,0,0,0,0,0,0,1.204008136586729,1.7278059223222875,2.9318140589090165
9.33,1.0351409308162849e-7,1.9890217159171814e-10,0.004563815050405955,1.2001980577092264,0,1.2966381643508982,0.000023608311947367445,0.41975609933942093,0.00939422711956966,0,0.000003966458360885659,0,0,0,0,0,0,0,0,0,0,0,0,0,0,0,0,0,0,0,0,0,0,0,0,0,0,1.2047619764726276,1.725816065580197,2.930578042052825
9.335,1.0356956687277018e-7,1.9813288820280008e-10,0.004566262064170726,1.2009493828109015,0,1.2974660317625997,0.000023620974377292153,0.41678568981093855,0.00939931854862973,0,0.000003968585789613133,0,0,0,0,0,0,0,0,0,0,0,0,0,0,0,0,0,0,0,0,0,0,0,0,0,0,1.205515748642772,1.723678629682335,2.929194378325107
9.34,1.0362504066391157e-7,1.9735501903841515e-10,0.0045687090772718745,1.201700640324505,0,1.298293814393833,0.000023633636801538362,0.4136508592150153,0.009404409946833912,0,0.000003970713217386555,0,0,0,0,0,0,0,0,0,0,0,0,0,0,0,0,0,0,0,0,0,0,0,0,0,0,1.2062694532241727,1.721376687905701,2.9276461411298738
9.344999999999999,1.036805144550526e-7,1.96567147647862e-10,0.004571156089710464,1.2024518303767178,0,1.2991215124066589,0.00002364629922011516,0.4103311034567471,0.009409501314232283,0,0.0000039728406442074536,0,0,0,0,0,0,0,0,0,0,0,0,0,0,0,0,0,0,0,0,0,0,0,0,0,0,1.2070230903435097,1.7188897363175026,2.9259128266610124
9.35,1.0373598824619332e-7,1.957675231875181e-10,0.004573603101487561,1.2032029530938944,0,1.299949125962713,0.000023658961633031674,0.4068011767670003,0.009414592650874834,0,0.000003974968070077362,0,0,0,0,0,0,0,0,0,0,0,0,0,0,0,0,0,0,0,0,0,0,0,0,0,0,1.2077766601271378,1.716192529310291,2.923969189437429
9.355,1.0379146203733368e-7,1.949539388352496e-10,0.004576050112604224,1.2039540086020606,0,1.3007766552231999,0.000023671624040296967,0.40302938791020143,0.009419683956811423,0,0.000003977095494997803,0,0,0,0,0,0,0,0,0,0,0,0,0,0,0,0,0,0,0,0,0,0,0,0,0,0,1.2085301627010807,1.713253375809748,2.9217835385108284
9.36,1.0384693582847368e-7,1.9412354694092577e-10,0.0045784971230615115,1.2047049970269181,0,1.301604100348898,0.000023684286441920112,0.39897501577734557,0.009424775232091823,0,0.0000039792229189703,0,0,0,0,0,0,0,0,0,0,0,0,0,0,0,0,0,0,0,0,0,0,0,0,0,0,1.209283598191039,1.7100315548676963,2.9193151530587356
9.365,1.0390240961961338e-7,1.9327256542041615e-10,0.00458094413286048,1.205455918493844,0,1.3024314615001638,0.00002369694883791016,0.39458421385722403,0.009429866476765681,0,0.000003981350341996374,0,0,0,0,0,0,0,0,0,0,0,0,0,0,0,0,0,0,0,0,0,0,0,0,0,0,1.2100369667223867,1.7064732201333332,2.91651018685572
9.370000000000001,1.0395788341075276e-7,1.9239578535753873e-10,0.004583391142002189,1.2062067731278925,0,1.3032587388369272,0.000023709611228276143,0.3897831576160904,0.00943495769088255,0,0.000003983477764077542,0,0,0,0,0,0,0,0,0,0,0,0,0,0,0,0,0,0,0,0,0,0,0,0,0,0,1.210790268420174,1.7025045472328926,2.9132948156530665
9.375,1.0401335720189178e-7,1.9148568581346605e-10,0.004585838150487684,1.206957561053794,0,1.3040859325186975,0.00002372227361302704,0.38446575418147166,0.009440048874491867,0,0.000003985605185215315,0,0,0,0,0,0,0,0,0,0,0,0,0,0,0,0,0,0,0,0,0,0,0,0,0,0,1.2115435034091246,1.6980194434534592,2.909562946862584
9.379999999999999,1.0406883099303041e-7,1.9053068863972696e-10,0.004588285158318017,1.207708282395958,0,1.3049130427045625,0.00002373493599217185,0.378469642365376,0.00944514002764296,0,0.000003987732605411202,0,0,0,0,0,0,0,0,0,0,0,0,0,0,0,0,0,0,0,0,0,0,0,0,0,0,1.2122966718136376,1.692855547766179,2.9051522195798167
9.385,1.0412430478416875e-7,1.8951124154199426e-10,0.004590732165494237,1.208458937278476,0,1.305740069553193,0.00002374759836571955,0.3715215614889456,0.009450231150385067,0,0.000003989860024666713,0,0,0,0,0,0,0,0,0,0,0,0,0,0,0,0,0,0,0,0,0,0,0,0,0,0,1.2130497737577863,1.6867395996509142,2.8997893734087006
9.39,1.0417977857530678e-7,1.8838909310042334e-10,0.004593179172017391,1.2092095258251174,0,1.3065670132228402,0.00002376026073367909,0.363089981982098,0.009455322242767301,0,0.00000399198744298335,0,0,0,0,0,0,0,0,0,0,0,0,0,0,0,0,0,0,0,0,0,0,0,0,0,0,1.2138028093653024,1.679140069695882,2.8929428790611844
9.395,1.0423525236644445e-7,1.870651339272332e-10,0.004595626177888517,1.2099600481593356,0,1.3073938738713389,0.000023772923096059384,0.35180546188392925,0.00946041330483868,0,0.000003994114860362613,0,0,0,0,0,0,0,0,0,0,0,0,0,0,0,0,0,0,0,0,0,0,0,0,0,0,1.2145557787595416,1.6686875160980632,2.8832432948576048
9.4,1.0429072615758177e-7,1.8449017742258653e-10,0.0045980731831086604,1.2107105044042656,0,1.3082206516561106,0.000023785585452869347,0.3232944272942902,0.009465504336648107,0,0.000003996242276805998,0,0,0,0,0,0,0,0,0,0,0,0,0,0,0,0,0,0,0,0,0,0,0,0,0,0,1.2153086820625905,1.6410083651147784,2.856317047177369
9.405000000000001,1.0434619994871877e-7,1.9663303208708003e-10,0.004600520187678858,1.2114608946827279,0,1.3090473467341603,0.000023798247804117878,0.596982458765175,0.00947059533824439,0,0.000003998369692315,0,0,0,0,0,0,0,0,0,0,0,0,0,0,0,0,0,0,0,0,0,0,0,0,0,0,1.2160615194132398,1.9155281974550762,3.1315897168683158
9.41,1.0440167373985544e-7,1.9642614487262363e-10,0.0046029671916001475,1.2122112191172272,0,1.3098739592620852,0.00002381091014981384,0.6053407964906791,0.009475686309676221,0,0.00000400049710689111,0,0,0,0,0,0,0,0,0,0,0,0,0,0,0,0,0,0,0,0,0,0,0,0,0,0,1.2168142909069273,1.924718253469697,3.1415325443766244
9.415,1.0445714753099174e-7,1.9615747850342086e-10,0.004605414194873561,1.2129614778299544,0,1.3107004893960683,0.000023823572489966083,0.6121177728147007,0.009480777250992197,0,0.000004002624520535815,0,0,0,0,0,0,0,0,0,0,0,0,0,0,0,0,0,0,0,0,0,0,0,0,0,0,1.2175669966781328,1.9323268656587715,3.1498938623369046
9.42,1.0451262132212779e-7,1.9585708285762615e-10,0.004607861197500135,1.2137116709427878,0,1.311526937291886,0.00002383623482458347,0.6180774104774732,0.00948586816224081,0,0.0000040047519332506,0,0,0,0,0,0,0,0,0,0,0,0,0,0,0,0,0,0,0,0,0,0,0,0,0,0,1.2183196368487663,1.9391180569183581,3.1574376937671245
9.425,1.0456809511326346e-7,1.955366464256837e-10,0.004610308199480895,1.2144617985772939,0,1.3123533031049037,0.0000238488971536748,0.6235156053065322,0.00949095904347044,0,0.000004006879345036946,0,0,0,0,0,0,0,0,0,0,0,0,0,0,0,0,0,0,0,0,0,0,0,0,0,0,1.2190722115404065,1.945387723231405,3.1644599347718114
9.43,1.0462356890439879e-7,1.9520218757091635e-10,0.004612755200816871,1.215211860854728,0,1.313179586990084,0.000023861559477248842,0.628584089520499,0.009496049894729366,0,0.000004009006755896329,0,0,0,0,0,0,0,0,0,0,0,0,0,0,0,0,0,0,0,0,0,0,0,0,0,0,1.2198247208743158,1.9512875969715455,3.1711123178458616
9.434999999999999,1.0467904269553377e-7,1.9485729517894564e-10,0.004615202201509085,1.215961857896036,0,1.314005789101981,0.000023874221795314417,0.6333729862328287,0.009501140716065764,0,0.000004011134165830227,0,0,0,0,0,0,0,0,0,0,0,0,0,0,0,0,0,0,0,0,0,0,0,0,0,0,1.2205771649714452,1.9569078014068364,3.1774849663782816
9.44,1.0473451648666847e-7,1.9450431629735123e-10,0.004617649201558568,1.2167117898218556,0,1.3148319095947476,0.00002388688410788027,0.6379410070620333,0.009506231507527711,0,0.000004013261574840111,0,0,0,0,0,0,0,0,0,0,0,0,0,0,0,0,0,0,0,0,0,0,0,0,0,0,1.221329543952435,1.9623070483099911,3.183636592262426
9.445,1.0478999027780282e-7,1.9414488706366822e-10,0.004620096200966336,1.2174616567525165,0,1.315657948622133,0.000023899546414955135,0.642328927059255,0.009511322269163174,0,0.0000040153889829274475,0,0,0,0,0,0,0,0,0,0,0,0,0,0,0,0,0,0,0,0,0,0,0,0,0,0,1.222081857937618,1.967526112885949,3.189607970823567
9.45,1.0484546406893682e-7,1.937802028905262e-10,0.0046225431997334076,1.2182114588080402,0,1.3164839063374845,0.00002391220871654774,0.6465664296015539,0.009516413001020017,0,0.0000040175163900937035,0,0,0,0,0,0,0,0,0,0,0,0,0,0,0,0,0,0,0,0,0,0,0,0,0,0,1.2228341070470177,1.9725946786651651,3.195428785712183
9.455,1.0490093786007051e-7,1.9341116925047766e-10,0.004624990197860801,1.2189611961081448,0,1.317309782893753,0.000023924871012666798,0.6506759195366928,0.009521503703146007,0,0.0000040196437963403426,0,0,0,0,0,0,0,0,0,0,0,0,0,0,0,0,0,0,0,0,0,0,0,0,0,0,1.2235862914003546,1.977535150648401,3.2011214420487555
9.46,1.0495641165120392e-7,1.93038491877506e-10,0.004627437195349533,1.219710868772243,0,1.3181355784434874,0.000023937533303320983,0.6546748001830658,0.009526594375588808,0,0.000004021771201668823,0,0,0,0,0,0,0,0,0,0,0,0,0,0,0,0,0,0,0,0,0,0,0,0,0,0,1.2243384111170428,1.982364932306647,3.2067033434236896
9.465,1.0501188544233692e-7,1.9266273373996574e-10,0.004629884192200614,1.2204604769194434,0,1.3189612931388417,0.000023950195588518962,0.6585767735580057,0.009531685018395974,0,0.000004023898606080601,0,0,0,0,0,0,0,0,0,0,0,0,0,0,0,0,0,0,0,0,0,0,0,0,0,0,1.2250904663161921,1.987097725809438,3.2121881921256303
9.469999999999999,1.050673592334696e-7,1.922843526355696e-10,0.004632331188415053,1.221210020668551,0,1.3197869271315728,0.000023962857868269394,0.6623930703570936,0.009536775631614964,0,0.00000402602600957713,0,0,0,0,0,0,0,0,0,0,0,0,0,0,0,0,0,0,0,0,0,0,0,0,0,0,1.2258424571166098,1.9917447620041593,3.217587219120769
9.475,1.0512283302460199e-7,1.9190372690998017e-10,0.00463477818399386,1.2219595001380719,0,1.320612480573046,0.00002397552014258091,0.6661330597782077,0.009541866215293135,0,0.00000402815341215986,0,0,0,0,0,0,0,0,0,0,0,0,0,0,0,0,0,0,0,0,0,0,0,0,0,0,1.2265943836368025,1.9963154102401013,3.222909793876904
9.48,1.0517830681573405e-7,1.9152117359090482e-10,0.004637225178938043,1.2227089154462085,0,1.32143795361423,0.00002398818241146211,0.6698044699086606,0.009546956769477744,0,0.000004030280813830237,0,0,0,0,0,0,0,0,0,0,0,0,0,0,0,0,0,0,0,0,0,0,0,0,0,0,1.2273462459949744,2.0008173987555935,3.228163644750568
9.485,1.0523378060686578e-7,1.9113696150777337e-10,0.004639672173248605,1.2234582667108653,0,1.3222633464057045,0.000024000844674921598,0.6734138372033126,0.009552047294215944,0,0.000004032408214589708,0,0,0,0,0,0,0,0,0,0,0,0,0,0,0,0,0,0,0,0,0,0,0,0,0,0,1.2280980443090315,2.0052572641561226,3.2333553084651543
9.49,1.0528925439799722e-7,1.9075132099653007e-10,0.0046421191669265465,1.2242075540496475,0,1.3230886590976578,0.000024013506932967963,0.676966748854088,0.009557137789554786,0,0.000004034535614439712,0,0,0,0,0,0,0,0,0,0,0,0,0,0,0,0,0,0,0,0,0,0,0,0,0,0,1.2288497786965797,2.0096405937838484,3.2384903724804284
9.495000000000001,1.0534472818912828e-7,1.9036445121850854e-10,0.0046445661599728676,1.2249567775798624,0,1.3239138918398887,0.000024026169185609736,0.6804680252449274,0.009562228255541223,0,0.000004036663013381686,0,0,0,0,0,0,0,0,0,0,0,0,0,0,0,0,0,0,0,0,0,0,0,0,0,0,1.2296014492749279,2.0139722081725564,3.2435736574474845
9.5,1.0540020198025903e-7,1.899765257745616e-10,0.004647013152388567,1.2257059374185206,0,1.3247390447818097,0.000024038831432855472,0.6839218596568779,0.009567318692222108,0,0.000004038790411417065,0,0,0,0,0,0,0,0,0,0,0,0,0,0,0,0,0,0,0,0,0,0,0,0,0,0,1.2303530561610878,2.018256300752754,3.2486093569138417
9.504999999999999,1.0545567577138946e-7,1.89587697076881e-10,0.004649460144174642,1.226455033682337,0,1.325564118072445,0.000024051493674713695,0.6873319268626825,0.009572409099644196,0,0.000004040917808547282,0,0,0,0,0,0,0,0,0,0,0,0,0,0,0,0,0,0,0,0,0,0,0,0,0,0,1.231104599471775,2.0224965464462548,3.25360114591803
9.51,1.0551114956251959e-7,1.8919809979948513e-10,0.004651907135332084,1.2272040664877315,0,1.3263891118604354,0.000024064155911192917,0.6907014686808033,0.009577499477854136,0,0.000004043045204773767,0,0,0,0,0,0,0,0,0,0,0,0,0,0,0,0,0,0,0,0,0,0,0,0,0,0,1.2318560793234112,2.0266961872202085,3.25855226654362
9.515,1.0556662335364938e-7,1.8880785363461365e-10,0.0046543541258618855,1.2279530359508304,0,1.327214026294037,0.000024076818142301612,0.6940333621957735,0.009582589826898486,0,0.0000040451726000979445,0,0,0,0,0,0,0,0,0,0,0,0,0,0,0,0,0,0,0,0,0,0,0,0,0,0,1.2326074958321236,2.030858100307451,3.2634655961395747
9.52,1.0562209714477881e-7,1.8841706551879937e-10,0.0046568011157650325,1.228701942187466,0,1.3280388615211223,0.00002408948036804824,0.6973301747529848,0.009587680146823693,0,0.000004047299994521235,0,0,0,0,0,0,0,0,0,0,0,0,0,0,0,0,0,0,0,0,0,0,0,0,0,0,1.2333588491137453,2.0349848532012933,3.268343702315039
9.525,1.0567757093590799e-7,1.8802583144852928e-10,0.004659248105042518,1.2294507853131809,0,1.3288636176891846,0.000024102142588441275,0.7005942087326212,0.00959277043767612,0,0.000004049427388045063,0,0,0,0,0,0,0,0,0,0,0,0,0,0,0,0,0,0,0,0,0,0,0,0,0,0,1.23411013928382,2.0390787484294584,3.273188887713278
9.530000000000001,1.057330447270368e-7,1.876342379745879e-10,0.004661695093695324,1.2301995654432234,0,1.3296882949453352,0.00002411480480348914,0.7038275383326126,0.009597860699502019,0,0.0000040515547806708435,0,0,0,0,0,0,0,0,0,0,0,0,0,0,0,0,0,0,0,0,0,0,0,0,0,0,1.2348613664575976,2.043141860337034,3.2780032267946315
9.535,1.0578851851816527e-7,1.8724236344215553e-10,0.0046641420817244315,1.230948282692554,0,1.3305128934363073,0.00002412746701320024,0.7070320400374068,0.009602950932347544,0,0.000004053682172399987,0,0,0,0,0,0,0,0,0,0,0,0,0,0,0,0,0,0,0,0,0,0,0,0,0,0,1.2356125307500392,2.0471760655552473,3.2827885963052865
9.54,1.0584399230929349e-7,1.8685027902775824e-10,0.0046665890691308266,1.2316969371758442,0,1.3313374133084577,0.000024140129217582986,0.7102094180487571,0.009608041136258771,0,0.0000040558095632339076,0,0,0,0,0,0,0,0,0,0,0,0,0,0,0,0,0,0,0,0,0,0,0,0,0,0,1.2363636322758176,2.0511830684322545,3.287546700708072
9.545,1.0589946610042132e-7,1.8645804961245114e-10,0.004669036055915486,1.232445529007476,0,1.3321618547077658,0.000024152791416645765,0.7133612256606162,0.009613131311281648,0,0.0000040579369531740156,0,0,0,0,0,0,0,0,0,0,0,0,0,0,0,0,0,0,0,0,0,0,0,0,0,0,1.2371146711493155,2.0551644224080334,3.292279093557349
9.55,1.0595493989154887e-7,1.8606573452187664e-10,0.004671483042079388,1.2331940583015446,0,1.3329862177798353,0.000024165453610396925,0.716488885846381,0.00961822145746205,0,0.000004060064342221713,0,0,0,0,0,0,0,0,0,0,0,0,0,0,0,0,0,0,0,0,0,0,0,0,0,0,1.2378656474846295,2.059121550601631,3.296987198086261
9.555,1.0601041368267611e-7,1.8567338815727586e-10,0.004673930027623504,1.233942525171859,0,1.333810502669897,0.000024178115798844815,0.7195938758252158,0.009623311574845738,0,0.000004062191730378401,0,0,0,0,0,0,0,0,0,0,0,0,0,0,0,0,0,0,0,0,0,0,0,0,0,0,1.2386165613955695,2.0630559303774874,3.301672491773057
9.559999999999999,1.0606588747380301e-7,1.8528106053654421e-10,0.004676377012548811,1.234690929731942,0,1.3346347095228093,0.000024190777981997757,0.7226772158893332,0.009628401663478383,0,0.00000406431911764548,0,0,0,0,0,0,0,0,0,0,0,0,0,0,0,0,0,0,0,0,0,0,0,0,0,0,1.2393674129956593,2.0669685821727204,3.3063359951683795
9.565,1.0612136126492962e-7,1.8488879776058132e-10,0.004678823996856278,1.2354392720950331,0,1.3354588384830595,0.000024203440159864078,0.7257400083015549,0.009633491723405562,0,0.000004066446504024347,0,0,0,0,0,0,0,0,0,0,0,0,0,0,0,0,0,0,0,0,0,0,0,0,0,0,1.2401182023981394,2.0708606083946837,3.310978810792823
9.57,1.061768350560559e-7,1.8449664241721785e-10,0.004681270980546874,1.236187552374088,0,1.3362828896947636,0.000024216102332452045,0.72878327212906,0.00963858175467275,0,0.0000040685738895163936,0,0,0,0,0,0,0,0,0,0,0,0,0,0,0,0,0,0,0,0,0,0,0,0,0,0,1.2408689297159665,2.0747330282547187,3.315601957970685
9.575,1.0623230884718184e-7,1.8410463393267894e-10,0.004683717963621566,1.2369357706817785,0,1.33710686330167,0.00002422876449976996,0.7318079517520529,0.00964367175732533,0,0.000004070701274123012,0,0,0,0,0,0,0,0,0,0,0,0,0,0,0,0,0,0,0,0,0,0,0,0,0,0,1.2416195950618136,2.0785867862768224,3.320206381338636
9.58,1.0628778263830748e-7,1.837128088787133e-10,0.004686164946081317,1.2376839271304956,0,1.3379307594471588,0.000024241426661826075,0.7348149242852022,0.009648761731408587,0,0.00000407282865784559,0,0,0,0,0,0,0,0,0,0,0,0,0,0,0,0,0,0,0,0,0,0,0,0,0,0,1.2423701985480722,2.082422759719089,3.324792958267161
9.585,1.0634325642943279e-7,1.833212012420712e-10,0.004688611927927093,1.2384320218323495,0,1.338754578274244,0.00002425408881862861,0.7378050060769633,0.009653851676967707,0,0.0000040749560406855086,0,0,0,0,0,0,0,0,0,0,0,0,0,0,0,0,0,0,0,0,0,0,0,0,0,0,1.243120740286854,2.0862417650730345,3.3293625053598888
9.59,1.063987302205578e-7,1.8292984266184425e-10,0.004691058909159854,1.23918005489917,0,1.3395783199255746,0.00002426675097018582,0.7407789584230476,0.009658941594047787,0,0.000004077083422644154,0,0,0,0,0,0,0,0,0,0,0,0,0,0,0,0,0,0,0,0,0,0,0,0,0,0,1.24387122038999,2.090044563777063,3.3339157841670533
9.594999999999999,1.064542040116825e-7,1.8253876263925864e-10,0.004693505889780555,1.2399280264425077,0,1.3404019845434345,0.000024279413116505888,0.7437374926071478,0.009664031482693824,0,0.000004079210803722901,0,0,0,0,0,0,0,0,0,0,0,0,0,0,0,0,0,0,0,0,0,0,0,0,0,0,1.244621638969031,2.0938318672571965,3.3384535062262275
9.6,1.0650967780280688e-7,1.821479887237454e-10,0.004695952869790161,1.2406759365736366,0,1.3412255722697466,0.00002429207525759702,0.7466812743632403,0.009669121342950728,0,0.000004081338183923128,0,0,0,0,0,0,0,0,0,0,0,0,0,0,0,0,0,0,0,0,0,0,0,0,0,0,1.2453719961352525,2.097604341389379,3.3429763375246315
9.605,1.0656515159393095e-7,1.8175754667850805e-10,0.004698399849189618,1.2414237854035512,0,1.3420490832460705,0.00002430473739346738,0.7496109278385794,0.009674211174863298,0,0.000004083465563246209,0,0,0,0,0,0,0,0,0,0,0,0,0,0,0,0,0,0,0,0,0,0,0,0,0,0,1.24612229199965,2.10136261046247,3.34748490246212
9.61,1.0662062538505473e-7,1.8136746062829367e-10,0.004700846827979883,1.2421715730429708,0,1.3428725176136056,0.000024317399524125122,0.7525270391240104,0.009679300978476255,0,0.000004085592941693512,0,0,0,0,0,0,0,0,0,0,0,0,0,0,0,0,0,0,0,0,0,0,0,0,0,0,1.2468725266729435,2.105107260708558,3.3519797873815014
9.615,1.0667609917617816e-7,1.8097775319166472e-10,0.004703293806161908,1.2429192996023393,0,1.3436958755131931,0.00002433006164957838,0.7554301594079698,0.009684390753834218,0,0.000004087720319266402,0,0,0,0,0,0,0,0,0,0,0,0,0,0,0,0,0,0,0,0,0,0,0,0,0,0,1.2476227002655782,2.108838843456966,3.3564615437225442
9.620000000000001,1.0673157296730129e-7,1.8058844559972801e-10,0.00470574078373664,1.2436669651918246,0,1.3445191570853159,0.000024342723769835292,0.7583208078020491,0.00968948050098171,0,0.000004089847695966251,0,0,0,0,0,0,0,0,0,0,0,0,0,0,0,0,0,0,0,0,0,0,0,0,0,0,1.2483728128877225,2.1125578779598126,3.3609306908475354
9.625,1.0678704675842411e-7,1.8019955780298168e-10,0.004708187760705024,1.2444145699213234,0,1.3453423624700989,0.00002435538588490394,0.7611994738789818,0.009694570219963164,0,0.0000040919750717944126,0,0,0,0,0,0,0,0,0,0,0,0,0,0,0,0,0,0,0,0,0,0,0,0,0,0,1.2491228646492747,2.1162648539300006,3.3653877185792753
9.629999999999999,1.0684252054954662e-7,1.798111085677161e-10,0.004710634737068008,1.245162113900457,0,1.3461654918073114,0.00002436804799479243,0.7640666199580453,0.00969965991082292,0,0.00000409410244675225,0,0,0,0,0,0,0,0,0,0,0,0,0,0,0,0,0,0,0,0,0,0,0,0,0,0,1.2498728556598566,2.119960233826621,3.3698330894864776
9.635,1.0689799434066882e-7,1.794231155631955e-10,0.004713081712826536,1.2459095972385763,0,1.3469885452363712,0.000024380710099508834,0.7669226831679108,0.009704749573605226,0,0.000004096229820841121,0,0,0,0,0,0,0,0,0,0,0,0,0,0,0,0,0,0,0,0,0,0,0,0,0,0,1.2506227860288202,2.123644454917808,3.374267240946628
9.64,1.0695346813179071e-7,1.7903559544068425e-10,0.004715528687981543,1.2466570200447606,0,1.3478115228963379,0.000024393372199061195,0.7697679747753683,0.009709839208354233,0,0.000004098357194062374,0,0,0,0,0,0,0,0,0,0,0,0,0,0,0,0,0,0,0,0,0,0,0,0,0,0,1.251372655865246,2.1273178286094536,3.3786904844746997
9.645,1.0700894192291226e-7,1.7864856390523397e-10,0.004717975662533975,1.2474043824278187,0,1.3486344249259226,0.000024406034293457546,0.7726027926320232,0.009714928815114,0,0.000004100484566417362,0,0,0,0,0,0,0,0,0,0,0,0,0,0,0,0,0,0,0,0,0,0,0,0,0,0,1.2521224652779432,2.1309806528919197,3.383103118169863
9.65,1.0706441571403352e-7,1.7826203578103614e-10,0.004720422636484765,1.2481516844962903,0,1.3494572514634835,0.000024418696382705924,0.7754277108256539,0.009720018393928491,0,0.0000041026119379074305,0,0,0,0,0,0,0,0,0,0,0,0,0,0,0,0,0,0,0,0,0,0,0,0,0,0,1.252872214375453,2.1346335019913867,3.3875057163668396
9.655000000000001,1.0711988950515448e-7,1.7787602507103252e-10,0.00472286960983485,1.248898926358447,0,1.35028000264703,0.000024431358466814328,0.7782430886043219,0.009725107944841589,0,0.000004104739308533929,0,0,0,0,0,0,0,0,0,0,0,0,0,0,0,0,0,0,0,0,0,0,0,0,0,0,1.2536219032660474,2.1382767352939687,3.391898638560016
9.66,1.0717536329627514e-7,1.774905450113943e-10,0.004725316582585163,1.2496461081222912,0,1.3511026786142217,0.000024444020545790745,0.7810492678819936,0.00973019746789707,0,0.000004106866678298195,0,0,0,0,0,0,0,0,0,0,0,0,0,0,0,0,0,0,0,0,0,0,0,0,0,0,1.2543715320577302,2.1419106948513362,3.3962822269090664
9.665,1.072308370873955e-7,1.771056081214019e-10,0.004727763554736632,1.25039322989556,0,1.3519252795023706,0.000024456682619643134,0.7838465744045128,0.009735286963138624,0,0.0000041089940472015685,0,0,0,0,0,0,0,0,0,0,0,0,0,0,0,0,0,0,0,0,0,0,0,0,0,0,1.2551211008582395,2.145535706546689,3.4006568074049284
9.67,1.0728631087851552e-7,1.7672122624919825e-10,0.004730210526290192,1.251140291785724,0,1.3527478054484432,0.00002446934468837948,0.786635318816966,0.009740376430609862,0,0.000004111121415245389,0,0,0,0,0,0,0,0,0,0,0,0,0,0,0,0,0,0,0,0,0,0,0,0,0,0,1.2558706097750463,2.1491520811621223,3.4050226909371686
9.675,1.073417846696353e-7,1.7633741061382587e-10,0.004732657497246768,1.2518872938999892,0,1.3535702565890597,0.000024482006752007692,0.7894157976424214,0.009745465870354282,0,0.000004113248782430987,0,0,0,0,0,0,0,0,0,0,0,0,0,0,0,0,0,0,0,0,0,0,0,0,0,0,1.2566200589153582,2.15276011535737,3.4093801742727283
9.68,1.0739725846075469e-7,1.759541718439122e-10,0.004735104467607282,1.2526342363452956,0,1.354392633060496,0.00002449466881053569,0.7921882941808933,0.009750555282415299,0,0.000004115376148759693,0,0,0,0,0,0,0,0,0,0,0,0,0,0,0,0,0,0,0,0,0,0,0,0,0,0,1.2573694483861155,2.156360092568764,3.4137295409548796
9.684999999999999,1.0745273225187378e-7,1.755715200133296e-10,0.004737551437372662,1.2533811192283215,0,1.355214934998685,0.00002450733086397139,0.7949530793363314,0.009755644666836245,0,0.000004117503514232836,0,0,0,0,0,0,0,0,0,0,0,0,0,0,0,0,0,0,0,0,0,0,0,0,0,0,1.258118778293998,2.159952283836231,3.4180710621302293
9.69,1.0750820604299262e-7,1.7518946467411422e-10,0.0047399984065438295,1.2541279426554826,0,1.3560371625392198,0.000024519992912322695,0.7977104123785418,0.00976073402366036,0,0.000004119630878851742,0,0,0,0,0,0,0,0,0,0,0,0,0,0,0,0,0,0,0,0,0,0,0,0,0,0,1.258868048745422,2.163536948565213,3.422404997310635
9.695,1.0756367983411111e-7,1.748080148869013e-10,0.0047424453751217024,1.2548747067329316,0,1.3568593158173476,0.000024532654955597452,0.8004605416461952,0.009765823352930778,0,0.000004121758242617734,0,0,0,0,0,0,0,0,0,0,0,0,0,0,0,0,0,0,0,0,0,0,0,0,0,0,1.2596172598465412,2.167114335229672,3.426731595076213
9.7,1.0761915362522931e-7,1.7442717924910182e-10,0.004744892343107199,1.2556214115665605,0,1.3576813949679807,0.00002454531699380353,0.8032037051964176,0.009770912654690565,0,0.000004123885605532131,0,0,0,0,0,0,0,0,0,0,0,0,0,0,0,0,0,0,0,0,0,0,0,0,0,0,1.2603664117032485,2.170684682021688,3.4310510937249363
9.705,1.076746274163472e-7,1.7404696592102377e-10,0.0047473393105012356,1.2563680572620017,0,1.3585034001256902,0.000024557979026948777,0.8059401314057965,0.009776001928982678,0,0.000004126012967596253,0,0,0,0,0,0,0,0,0,0,0,0,0,0,0,0,0,0,0,0,0,0,0,0,0,0,1.2611155044211775,2.174248217452464,3.4353637218736415
9.71,1.0773010120746481e-7,1.736673826501241e-10,0.004749786277304727,1.257114643924629,0,1.3593253314247096,0.000024570641055041004,0.8086700395272123,0.00978109117585,0,0.000004128140328811411,0,0,0,0,0,0,0,0,0,0,0,0,0,0,0,0,0,0,0,0,0,0,0,0,0,0,1.2618645381057023,2.177805160909156,3.4396696990148583
9.715,1.0778557499858212e-7,1.7328843679354836e-10,0.004752233243518583,1.2578611716595558,0,1.3601471889989374,0.00002458330307808802,0.8113936402063756,0.009786180395335312,0,0.000004130267689178917,0,0,0,0,0,0,0,0,0,0,0,0,0,0,0,0,0,0,0,0,0,0,0,0,0,0,1.2626135128619378,2.1813557231714156,3.4439692360333534
9.719999999999999,1.0784104878969911e-7,1.7291013533910746e-10,0.004754680209143719,1.2586076405716393,0,1.360968972981934,0.00002459596509609762,0.8141111359615889,0.009791269587481314,0,0.000004132395048700083,0,0,0,0,0,0,0,0,0,0,0,0,0,0,0,0,0,0,0,0,0,0,0,0,0,0,1.263362428794742,2.184900106891149,3.448262535685891
9.725,1.0789652258081576e-7,1.7253248492482384e-10,0.004757127174181037,1.259354050765479,0,1.3617906835069291,0.000024608627109077577,0.8168227216298704,0.00979635875233061,0,0.000004134522407376212,0,0,0,0,0,0,0,0,0,0,0,0,0,0,0,0,0,0,0,0,0,0,0,0,0,0,1.2641112860087151,2.1884385070386467,3.452549793047362
9.73,1.0795199637193219e-7,1.7215549185716515e-10,0.004759574138631449,1.2601004023454194,0,1.3626123207068166,0.00002462128911703567,0.819528859094742,0.00980144788992573,0,0.000004136649765208612,0,0,0,0,0,0,0,0,0,0,0,0,0,0,0,0,0,0,0,0,0,0,0,0,0,0,1.2648600846082028,2.191971385630367,3.4568314702385696
9.735,1.0800747016304825e-7,1.7177916212807087e-10,0.0047620211024958555,1.2608466954155482,0,1.3634338847141576,0.000024633951119979602,0.8222297206097203,0.009806537000309092,0,0.0000041387771221985774,0,0,0,0,0,0,0,0,0,0,0,0,0,0,0,0,0,0,0,0,0,0,0,0,0,0,1.2656088246972934,2.195498915052429,3.4611077397497225
9.74,1.0806294395416404e-7,1.7140350143087145e-10,0.004764468065775164,1.2615929300797,0,1.3642553756611846,0.00002464661311791714,0.8249252033226326,0.009811626083523045,0,0.000004140904478347413,0,0,0,0,0,0,0,0,0,0,0,0,0,0,0,0,0,0,0,0,0,0,0,0,0,0,1.2663575063798227,2.1990209925849364,3.465378498964759
9.745000000000001,1.0811841774527952e-7,1.7102851517518776e-10,0.004766915028470271,1.2623391064414553,0,1.3650767936797985,0.000024659275110855984,0.8276154648297134,0.009816715139609845,0,0.000004143031833656413,0,0,0,0,0,0,0,0,0,0,0,0,0,0,0,0,0,0,0,0,0,0,0,0,0,0,1.267106129759372,2.2025377759560665,3.4696439057154382
9.75,1.0817389153639472e-7,1.706542085008872e-10,0.004769361990582079,1.2630852246041417,0,1.3658981389015707,0.00002467193709880382,0.8303006567258587,0.009821804168611652,0,0.000004145159188126867,0,0,0,0,0,0,0,0,0,0,0,0,0,0,0,0,0,0,0,0,0,0,0,0,0,0,1.2678546949392695,2.206049416892328,3.4739041118315974
9.754999999999999,1.0822936532750957e-7,1.7028058629117233e-10,0.004771808952111482,1.2638312846708342,0,1.366719411457746,0.000024684599081768327,0.8329809249003187,0.009826893170570552,0,0.000004147286541760068,0,0,0,0,0,0,0,0,0,0,0,0,0,0,0,0,0,0,0,0,0,0,0,0,0,0,1.2686032020225915,2.2095560614142586,3.47815926343685
9.76,1.0828483911862418e-7,1.6990765318486744e-10,0.0047742559130593805,1.2645772867443583,0,1.367540611479242,0.000024697261059757193,0.8356564098136847,0.00983198214552854,0,0.000004149413894557306,0,0,0,0,0,0,0,0,0,0,0,0,0,0,0,0,0,0,0,0,0,0,0,0,0,0,1.2693516511121645,2.21305785011341,3.4824095012255745
9.765,1.0834031290973847e-7,1.695354135879616e-10,0.004776702873426663,1.2653232309272875,0,1.3683617390966498,0.00002470992303277805,0.8383272467576138,0.009837071093527511,0,0.000004151541246519863,0,0,0,0,0,0,0,0,0,0,0,0,0,0,0,0,0,0,0,0,0,0,0,0,0,0,1.2701000423105624,2.2165549184120703,3.4866549607226327
9.77,1.0839578670085247e-7,1.6916387168446353e-10,0.004779149833214226,1.2660691173219452,0,1.369182794440236,0.000024722585000838537,0.8409935660985837,0.009842160014609292,0,0.000004153668597649022,0,0,0,0,0,0,0,0,0,0,0,0,0,0,0,0,0,0,0,0,0,0,0,0,0,0,1.27084837572011,2.2200473968070273,3.4908957725271375
9.775,1.0845126049196617e-7,1.687930314466182e-10,0.0047815967924229544,1.2668149460304072,0,1.3700037776399443,0.000024735246963946265,0.8436554935068646,0.009847248908815609,0,0.000004155795947946064,0,0,0,0,0,0,0,0,0,0,0,0,0,0,0,0,0,0,0,0,0,0,0,0,0,0,1.2715966514428838,2.2235354110985366,3.4951320625414204
9.780000000000001,1.0850673428307958e-7,1.6842289664453238e-10,0.004784043751053741,1.267560717154501,0,1.3708246888253945,0.000024747908922108838,0.8463131501717718,0.009852337776188106,0,0.000004157923297412263,0,0,0,0,0,0,0,0,0,0,0,0,0,0,0,0,0,0,0,0,0,0,0,0,0,0,1.2723448695807118,2.227019082605574,3.4993639521862856
9.785,1.0856220807419266e-7,1.6805347085524934e-10,0.004786490709107469,1.268306430795805,0,1.3716455281258852,0.000024760570875333845,0.8489666530042199,0.009857426616768344,0,0.0000041600506460488985,0,0,0,0,0,0,0,0,0,0,0,0,0,0,0,0,0,0,0,0,0,0,0,0,0,0,1.273093030235174,2.230498528368395,3.503591558603569
9.79,1.0861768186530544e-7,1.6768475747131023e-10,0.004788937666585023,1.2690520870556534,0,1.3724662956703937,0.000024773232823628847,0.8516161148274503,0.009862515430597796,0,0.000004162177993857237,0,0,0,0,0,0,0,0,0,0,0,0,0,0,0,0,0,0,0,0,0,0,0,0,0,0,1.2738411335076052,2.2339738613392592,3.507814994846864
9.795,1.0867315565641799e-7,1.6731675970883955e-10,0.00479138462348729,1.2697976860351345,0,1.3732869915875805,0.00002478589476700143,0.8542616445567884,0.00986760421771785,0,0.0000041643053408385546,0,0,0,0,0,0,0,0,0,0,0,0,0,0,0,0,0,0,0,0,0,0,0,0,0,0,1.2745891794990942,2.237445190562194,3.512034370061288
9.8,1.087286294475302e-7,1.669494806151887e-10,0.0047938315798151465,1.2705432278350888,0,1.3741076160057837,0.000024798556705459098,0.8569033473691711,0.009872692978169804,0,0.000004166432686994112,0,0,0,0,0,0,0,0,0,0,0,0,0,0,0,0,0,0,0,0,0,0,0,0,0,0,1.2753371683104828,2.2409126213425172,3.516249789653
9.805,1.0878410323864209e-7,1.6658292307616136e-10,0.004796278535569473,1.2712887125561154,0,1.3749281690530262,0.000024811218639009387,0.8595413248631716,0.009877781711994873,0,0.000004168560032325177,0,0,0,0,0,0,0,0,0,0,0,0,0,0,0,0,0,0,0,0,0,0,0,0,0,0,1.2760851000423712,2.244376255406864,3.5204613554492354
9.809999999999999,1.0883957702975371e-7,1.6621708982285266e-10,0.004798725490751145,1.2720341402985686,0,1.3757486508570136,0.000024823880567659814,0.8621756752101386,0.009882870419234196,0,0.000004170687376833009,0,0,0,0,0,0,0,0,0,0,0,0,0,0,0,0,0,0,0,0,0,0,0,0,0,0,1.276832974795114,2.247836191054331,3.5246691658494447
9.815,1.0889505082086505e-7,1.6585198343812936e-10,0.004801172445361042,1.2727795111625604,0,1.376569061545136,0.00002483654249141787,0.8648064932970647,0.009887959099928812,0,0.000004172814720518868,0,0,0,0,0,0,0,0,0,0,0,0,0,0,0,0,0,0,0,0,0,0,0,0,0,0,1.277580792668824,2.2512925232993415,3.5288733159681653
9.82,1.0895052461197606e-7,1.6548760636276866e-10,0.004803619399400035,1.2735248252479603,0,1.3773894012444694,0.00002484920441029103,0.8674335244181627,0.00989304775411968,0,0.000004174942063384011,0,0,0,0,0,0,0,0,0,0,0,0,0,0,0,0,0,0,0,0,0,0,0,0,0,0,1.2783285537633726,2.2547449975632254,3.533073551326598
9.825,1.0900599840308683e-7,1.6512396090128178e-10,0.004806066352868997,1.2742700826543967,0,1.3782096700817754,0.000024861866324286757,0.870056865394639,0.009898136381847686,0,0.000004177069405429691,0,0,0,0,0,0,0,0,0,0,0,0,0,0,0,0,0,0,0,0,0,0,0,0,0,0,1.279076258178388,2.258193710793992,3.53726996897238
9.83,1.0906147219419728e-7,1.6476104922743986e-10,0.0048085133057688,1.2750152834812591,0,1.3790298681835045,0.00002487452823341252,0.8726769545094333,0.009903224983153614,0,0.0000041791967466571625,0,0,0,0,0,0,0,0,0,0,0,0,0,0,0,0,0,0,0,0,0,0,0,0,0,0,1.279823906013261,2.2616391014010713,3.5414630074143325
9.835,1.0911694598530746e-7,1.6439887338952324e-10,0.004810960258100308,1.2757604278276933,0,1.3798499956757935,0.00002488719013767572,0.8752938877063328,0.009908313558078181,0,0.00000418132408706767,0,0,0,0,0,0,0,0,0,0,0,0,0,0,0,0,0,0,0,0,0,0,0,0,0,0,1.2805714973671385,2.2650812654544294,3.545652762821568
9.84,1.0917241977641732e-7,1.6403743531530836e-10,0.004813407209864389,1.2765055157926097,0,1.3806700526844702,0.00002489985203708378,0.8779077584096647,0.009913402106662,0,0.0000041834514266624615,0,0,0,0,0,0,0,0,0,0,0,0,0,0,0,0,0,0,0,0,0,0,0,0,0,0,1.2813190323389314,2.268520296504261,3.549839328843192
9.844999999999999,1.0922789356752687e-7,1.6367673681680828e-10,0.004815854161061911,1.2772505474746796,0,1.3814900393350533,0.00002491251393164412,0.8805186576272872,0.00991849062894562,0,0.000004185578765442781,0,0,0,0,0,0,0,0,0,0,0,0,0,0,0,0,0,0,0,0,0,0,0,0,0,0,1.2820665110273117,2.2719562856839834,3.554022796711295
9.85,1.0928336735863617e-7,1.6331677959478636e-10,0.0048183011116937355,1.2779955229723368,0,1.3823099557527507,0.000024925175821364127,0.8831266740483882,0.009923579124969504,0,0.0000041877061034098695,0,0,0,0,0,0,0,0,0,0,0,0,0,0,0,0,0,0,0,0,0,0,0,0,0,0,1.2828139335307147,2.275389321808033,3.558203255338748
9.855,1.0933884114974517e-7,1.6295756524304917e-10,0.004820748061760723,1.2787404423837765,0,1.3831298020624658,0.00002493783770625116,0.8857318941363983,0.009928667594774015,0,0.000004189833440564966,0,0,0,0,0,0,0,0,0,0,0,0,0,0,0,0,0,0,0,0,0,0,0,0,0,0,1.283561299947336,2.2788194914647852,3.5623807914121213
9.86,1.0939431494085388e-7,1.6259909525253875e-10,0.004823195011263735,1.2794853058069613,0,1.383949578388793,0.000024950499586312586,0.8883344022173216,0.009933756038399454,0,0.000004191960776909308,0,0,0,0,0,0,0,0,0,0,0,0,0,0,0,0,0,0,0,0,0,0,0,0,0,0,1.284308610375139,2.282246879104877,3.566555489480016
9.865,1.0944978873196228e-7,1.622413710152292e-10,0.004825641960203627,1.2802301133396143,0,1.3847692848560214,0.00002496316146155575,0.8909342805637651,0.009938844455886027,0,0.000004194088112444127,0,0,0,0,0,0,0,0,0,0,0,0,0,0,0,0,0,0,0,0,0,0,0,0,0,0,1.285055864911848,2.2856715671252466,3.5707274320370948
9.870000000000001,1.0950526252307044e-7,1.618843938278462e-10,0.004828088908581258,1.280974865079228,0,1.3855889215881363,0.000024975823331987972,0.8935316094749043,0.009943932847273865,0,0.0000041962154471706555,0,0,0,0,0,0,0,0,0,0,0,0,0,0,0,0,0,0,0,0,0,0,0,0,0,0,1.2858030636549562,2.2890936359490937,3.57489669960405
9.875,1.0956073631417825e-7,1.6152816489541255e-10,0.0048305358563974785,1.2817195611230576,0,1.3864084887088173,0.000024988485197616563,0.8961264673526175,0.009949021212603,0,0.00000419834278109012,0,0,0,0,0,0,0,0,0,0,0,0,0,0,0,0,0,0,0,0,0,0,0,0,0,0,1.2865502067017196,2.2925131641020164,3.579063370803736
9.879999999999999,1.0961621010528581e-7,1.6117268533463324e-10,0.0048329828036531445,1.2824642015681276,0,1.387227986341444,0.00002500114705844883,0.8987189307740572,0.009954109551913403,0,0.000004200470114203748,0,0,0,0,0,0,0,0,0,0,0,0,0,0,0,0,0,0,0,0,0,0,0,0,0,0,1.2872972941491634,2.2959302282845875,3.583227522433751
9.885,1.0967168389639307e-7,1.6081795617712993e-10,0.004835429750349107,1.2832087865112292,0,1.3880474146090926,0.000025013808914492064,0.9013090745607902,0.009959197865244957,0,0.000004202597446512767,0,0,0,0,0,0,0,0,0,0,0,0,0,0,0,0,0,0,0,0,0,0,0,0,0,0,1.28804432609408,2.299344903441489,3.5873892295355687
9.89,1.0972715768750005e-7,1.6046397837252871e-10,0.004837876696486215,1.2839533160489216,0,1.3888667736345388,0.000025026470765753515,0.9038969718447593,0.009964286152637458,0,0.000004204724778018393,0,0,0,0,0,0,0,0,0,0,0,0,0,0,0,0,0,0,0,0,0,0,0,0,0,0,1.2887913026330295,2.302757262827479,3.5915485654605086
9.895,1.0978263147860676e-7,1.6011075279141596e-10,0.004840323642065314,1.2846977902775332,0,1.389686063540258,0.000025039132612240452,0.9064826941312213,0.009969374414130622,0,0.000004206852108721846,0,0,0,0,0,0,0,0,0,0,0,0,0,0,0,0,0,0,0,0,0,0,0,0,0,0,1.2895382238623407,2.3061673780703305,3.5957056019326714
9.9,1.0983810526971315e-7,1.597582802281595e-10,0.004842770587087252,1.2854422092931617,0,1.3905052844484265,0.000025051794453960098,0.9090663113588305,0.009974462649764081,0,0.000004208979438624345,0,0,0,0,0,0,0,0,0,0,0,0,0,0,0,0,0,0,0,0,0,0,0,0,0,0,1.2902850898781124,2.309575319230914,3.5998604091090263
9.905000000000001,1.0989357906081927e-7,1.5940656140361543e-10,0.0048452175315528735,1.2861865731916768,0,1.391324436480923,0.0000250644562909197,0.9116478919570273,0.0099795508595774,0,0.000004211106767727101,0,0,0,0,0,0,0,0,0,0,0,0,0,0,0,0,0,0,0,0,0,0,0,0,0,0,1.2910319007762154,2.3129811548605863,3.604013055636802
9.91,1.0994905285192508e-7,1.5905559696771243e-10,0.004847664475463017,1.2869308820687166,0,1.3921435197593293,0.000025077118123126458,0.914227708587235,0.009984639043610043,0,0.000004213234096031325,0,0,0,0,0,0,0,0,0,0,0,0,0,0,0,0,0,0,0,0,0,0,0,0,0,0,1.291778656652288,2.3163851577423937,3.6081638143946817
9.915,1.1000452664303063e-7,1.5870538750193187e-10,0.004850111418818528,1.2876751360196934,0,1.3929625344049308,0.000025089779950587557,0.9168060263009947,0.009989727201901413,0,0.000004215361423538228,0,0,0,0,0,0,0,0,0,0,0,0,0,0,0,0,0,0,0,0,0,0,0,0,0,0,1.2925253576017441,2.319787593049201,3.6123129506509453
9.92,1.100600004341359e-7,1.583559335216812e-10,0.004852558361620244,1.2884193351397912,0,1.3937814805387176,0.000025102441773310196,0.9193824935158265,0.00999481533449081,0,0.000004217488750249016,0,0,0,0,0,0,0,0,0,0,0,0,0,0,0,0,0,0,0,0,0,0,0,0,0,0,1.293272003719768,2.3231881093195583,3.6164601130393264
9.925,1.1011547422524089e-7,1.5800723547857115e-10,0.004855005303869001,1.2891634795239664,0,1.394600358281385,0.000025115103591301528,0.9219571618984747,0.009999903441417483,0,0.000004219616076164893,0,0,0,0,0,0,0,0,0,0,0,0,0,0,0,0,0,0,0,0,0,0,0,0,0,0,1.2940185951013168,2.3265867583409445,3.6206053534422615
9.93,1.1017094801634556e-7,1.576592937625973e-10,0.004857452245565637,1.2899075692669513,0,1.3954191677533363,0.000025127765404568707,0.9245300817291616,0.010004991522720571,0,0.000004221743401287059,0,0,0,0,0,0,0,0,0,0,0,0,0,0,0,0,0,0,0,0,0,0,0,0,0,0,1.2947651318411242,2.3299835905140243,3.6247487223551484
9.934999999999999,1.1022642180744998e-7,1.573121087042349e-10,0.004859899186710983,1.2906516044632508,0,1.3962379090746815,0.00002514042721311888,0.9271013019457012,0.01001007957843916,0,0.000004223870725616717,0,0,0,0,0,0,0,0,0,0,0,0,0,0,0,0,0,0,0,0,0,0,0,0,0,0,1.2955116140336957,2.3333786548967606,3.6288902689304563
9.94,1.102818955985541e-7,1.5696568057644848e-10,0.004862346127305875,1.2913955852071448,0,1.3970565823652383,0.00002515308901695917,0.9296708701857603,0.01001516760861223,0,0.00000422599804915506,0,0,0,0,0,0,0,0,0,0,0,0,0,0,0,0,0,0,0,0,0,0,0,0,0,0,1.296258041773312,2.3367719992466767,3.633030041019989
9.945,1.1033736938965798e-7,1.5662000959662113e-10,0.004864793067351141,1.2921395115926924,0,1.3978751877445352,0.000025165750816096677,0.9322388328273603,0.010020255613278706,0,0.000004228125371903286,0,0,0,0,0,0,0,0,0,0,0,0,0,0,0,0,0,0,0,0,0,0,0,0,0,0,1.2970044151540328,2.3401636700613624,3.637168085215395
9.95,1.1039284318076149e-7,1.5627509592840846e-10,0.004867240006847608,1.2928833837137252,0,1.3986937253318092,0.000025178412610538494,0.934805235027711,0.010025343592477412,0,0.000004230252693862582,0,0,0,0,0,0,0,0,0,0,0,0,0,0,0,0,0,0,0,0,0,0,0,0,0,0,1.2977507342696912,2.343553712617302,3.641304446886993
9.955,1.104483169718648e-7,1.5593093968351912e-10,0.004869686945796108,1.2936272016638553,0,1.399512195246011,0.000025191074400291713,0.9373701207604465,0.010030431546247116,0,0.000004232380015034142,0,0,0,0,0,0,0,0,0,0,0,0,0,0,0,0,0,0,0,0,0,0,0,0,0,0,1.2984969992138993,2.34694217100712,3.645439170221019
9.96,1.1050379076296781e-7,1.5558754092342654e-10,0.004872133884197466,1.2943709655364706,0,1.4003305976058014,0.000025203736185363402,0.9399335328513547,0.010035519474626489,0,0.000004234507335419153,0,0,0,0,0,0,0,0,0,0,0,0,0,0,0,0,0,0,0,0,0,0,0,0,0,0,1.2992432100800464,2.3503290881753034,3.64957229825535
9.965,1.1055926455407053e-7,1.5524489966101568e-10,0.0048745808220525015,1.2951146754247396,0,1.4011489325295545,0.000025216397965760596,0.9424955130126741,0.01004060737765413,0,0.0000042366346550187985,0,0,0,0,0,0,0,0,0,0,0,0,0,0,0,0,0,0,0,0,0,0,0,0,0,0,1.2999893669613016,2.3537145059525035,3.6537038729138054
9.969999999999999,1.1061473834517296e-7,1.5490301586216474e-10,0.00487702775936204,1.2958583314216081,0,1.4019672001353582,0.000025229059741490338,0.9450561018760103,0.010045695255368558,0,0.000004238761973834258,0,0,0,0,0,0,0,0,0,0,0,0,0,0,0,0,0,0,0,0,0,0,0,0,0,0,1.3007354699506115,2.3570984650884523,3.657833935039064
9.975,1.1067021213627515e-7,1.5456188944727062e-10,0.004879474696126904,1.2966019336198051,0,1.402785400541017,0.00002524172151255968,0.9476153390239783,0.010050783107808216,0,0.000004240889291866719,0,0,0,0,0,0,0,0,0,0,0,0,0,0,0,0,0,0,0,0,0,0,0,0,0,0,1.301481519140706,2.360481005283608,3.6619625244243137
9.98,1.10725685927377e-7,1.5422152029271488e-10,0.004881921632347909,1.2973454821118362,0,1.4036035338640473,0.000025254383278975594,0.9501732630205705,0.010055870935011469,0,0.000004243016609117353,0,0,0,0,0,0,0,0,0,0,0,0,0,0,0,0,0,0,0,0,0,0,0,0,0,0,1.3022275146240916,2.3638621652195173,3.666089679843609
9.985,1.1078115971847862e-7,1.5388190823227488e-10,0.004884368568025873,1.2980889769899915,0,1.4044216002216856,0.000025267045040745084,0.9527299114403713,0.0100609587370166,0,0.000004245143925587337,0,0,0,0,0,0,0,0,0,0,0,0,0,0,0,0,0,0,0,0,0,0,0,0,0,0,1.3029734564930588,2.36724198258804,3.6702154390810993
9.99,1.1083663350957993e-7,1.5354305305848546e-10,0.004886815503161612,1.2988324183463416,0,1.4052395997308846,0.000025279706797875147,0.9552853208966414,0.010066046513861818,0,0.000004247271241277845,0,0,0,0,0,0,0,0,0,0,0,0,0,0,0,0,0,0,0,0,0,0,0,0,0,0,1.3037193448396798,2.3706204941194273,3.6743398389591073
9.995000000000001,1.1089210730068098e-7,1.5320495452394838e-10,0.004889262437755944,1.2995758062727412,0,1.4060575325083151,0.00002529236855037274,0.9578395270683169,0.010071134265585261,0,0.000004249398556190047,0,0,0,0,0,0,0,0,0,0,0,0,0,0,0,0,0,0,0,0,0,0,0,0,0,0,1.3044651797558093,2.373997735609324,3.678462915365133
10,1.1094758109178179e-7,1.528676123425967e-10,0.004891709371809675,1.3003191408608261,0,1.406875398670367,0.000025305030298244822,0.9603925647260076,0.010076221992224976,0,0.000004251525870325111,0,0,0,0,0,0,0,0,0,0,0,0,0,0,0,0,0,0,0,0,0,0,0,0,0,0,1.3052109613330845,2.3773737419447682,3.6825847032778527
