"mass_GeV","width_coefficient_001","width_coefficient_002","width_coefficient_003","width_coefficient_004","width_coefficient_005","width_coefficient_006","width_coefficient_007","width_coefficient_008","width_coefficient_009","width_coefficient_010","width_coefficient_011","width_coefficient_012","width_coefficient_013","width_coefficient_014","width_coefficient_015","width_coefficient_016","width_coefficient_017","width_coefficient_018","width_coefficient_019","width_coefficient_020","width_coefficient_021","width_coefficient_022","width_coefficient_023","width_coefficient_024","width_coefficient_025","width_coefficient_026","width_coefficient_027","width_coefficient_028","width_coefficient_029","width_coefficient_030","width_coefficient_031","width_coefficient_032","width_coefficient_033","width_coefficient_034","width_coefficient_035","width_coefficient_036","width_coefficient_037","width_coefficient_038","width_coefficient_039","width_coefficient_040"
0.01,4.415657996625923e-10,1.367393320071275e-13,0,0,0,0,0,0,0,0,0,0,0,0,0,0,0,0,0,0,0,0,0,0,0,0,0,0,0,0,0,0,0,0,0,0,0,4.417025389945994e-10,0,4.417025389945994e-10
0.011,4.861479453475599e-10,1.7935954796686962e-13,0,0,0,0,0,0,0,0,0,0,0,0,0,0,0,0,0,0,0,0,0,0,0,0,0,0,0,0,0,0,0,0,0,0,0,4.863273048955267e-10,0,4.863273048955267e-10
0.012,5.306960440582452e-10,2.300083641686766e-13,0,0,0,0,0,0,0,0,0,0,0,0,0,0,0,0,0,0,0,0,0,0,0,0,0,0,0,0,0,0,0,0,0,0,0,5.309260524224139e-10,0,5.309260524224139e-10
0.013000000000000001,5.752180062132232e-10,2.8937835529427624e-13,0,0,0,0,0,0,0,0,0,0,0,0,0,0,0,0,0,0,0,0,0,0,0,0,0,0,0,0,0,0,0,0,0,0,0,5.755073845685175e-10,0,5.755073845685175e-10
0.014,6.197194649550616e-10,3.5816067916157343e-13,0,0,0,0,0,0,0,0,0,0,0,0,0,0,0,0,0,0,0,0,0,0,0,0,0,0,0,0,0,0,0,0,0,0,0,6.200776256342231e-10,0,6.200776256342231e-10
0.015,6.642045414598484e-10,4.3704461716376037e-13,0,0,0,0,0,0,0,0,0,0,0,0,0,0,0,0,0,0,0,0,0,0,0,0,0,0,0,0,0,0,0,0,0,0,0,6.646415860770121e-10,0,6.646415860770121e-10
0.016,7.086763207748757e-10,5.267171695561592e-13,0,0,0,0,0,0,0,0,0,0,0,0,0,0,0,0,0,0,0,0,0,0,0,0,0,0,0,0,0,0,0,0,0,0,0,7.092030379444319e-10,0,7.092030379444319e-10
0.017,7.531371584496213e-10,6.278626912384996e-13,0,0,0,0,0,0,0,0,0,0,0,0,0,0,0,0,0,0,0,0,0,0,0,0,0,0,0,0,0,0,0,0,0,0,0,7.537650211408598e-10,0,7.537650211408598e-10
0.018000000000000002,7.975888842803365e-10,7.411625581708005e-13,0,0,0,0,0,0,0,0,0,0,0,0,0,0,0,0,0,0,0,0,0,0,0,0,0,0,0,0,0,0,0,0,0,0,0,7.983300468385072e-10,0,7.983300468385072e-10
0.019000000000000003,8.420329413371915e-10,8.672948575012283e-13,0,0,0,0,0,0,0,0,0,0,0,0,0,0,0,0,0,0,0,0,0,0,0,0,0,0,0,0,0,0,0,0,0,0,0,8.429002361946928e-10,0,8.429002361946928e-10
0.02,8.864704830651724e-10,1.0069340964641631e-12,0,0,0,0,0,0,0,0,0,0,0,0,0,0,0,0,0,0,0,0,0,0,0,0,0,0,0,0,0,0,0,0,0,0,0,8.874774171616365e-10,0,8.874774171616365e-10
0.020999999999999998,9.30902442511601e-10,1.1607509264729264e-12,0,0,0,0,0,0,0,0,0,0,0,0,0,0,0,0,0,0,0,0,0,0,0,0,0,0,0,0,0,0,0,0,0,0,0,9.32063193438074e-10,0,9.32063193438074e-10
0.022,9.7532958259337e-10,1.3294118797951349e-12,0,0,0,0,0,0,0,0,0,0,0,0,0,0,0,0,0,0,0,0,0,0,0,0,0,0,0,0,0,0,0,0,0,0,0,9.766589944731651e-10,0,9.766589944731651e-10
0.023,1.01975253320052e-9,1.5135791168920827e-12,0,0,0,0,0,0,0,0,0,0,0,0,0,0,0,0,0,0,0,0,0,0,0,0,0,0,0,0,0,0,0,0,0,0,0,1.021266112317412e-9,0,1.021266112317412e-9
0.024,1.0641718189913816e-9,1.7139101830120825e-12,0,0,0,0,0,0,0,0,0,0,0,0,0,0,0,0,0,0,0,0,0,0,0,0,0,0,0,0,0,0,0,0,0,0,0,1.0658857291743936e-9,0,1.0658857291743936e-9
0.025,1.1085878804954535e-9,1.931057773007646e-12,0,0,0,0,0,0,0,0,0,0,0,0,0,0,0,0,0,0,0,0,0,0,0,0,0,0,0,0,0,0,0,0,0,0,0,1.1105189382684612e-9,0,1.1105189382684612e-9
0.026000000000000002,1.1530010903320102e-9,2.1656695036358705e-12,0,0,0,0,0,0,0,0,0,0,0,0,0,0,0,0,0,0,0,0,0,0,0,0,0,0,0,0,0,0,0,0,0,0,0,1.1551667598356461e-9,0,1.1551667598356461e-9
0.027000000000000003,1.1974117658147655e-9,2.4183876928257455e-12,0,0,0,0,0,0,0,0,0,0,0,0,0,0,0,0,0,0,0,0,0,0,0,0,0,0,0,0,0,0,0,0,0,0,0,1.1998301535075912e-9,0,1.1998301535075912e-9
0.028000000000000004,1.2418201788487302e-9,2.6898491455742863e-12,0,0,0,0,0,0,0,0,0,0,0,0,0,0,0,0,0,0,0,0,0,0,0,0,0,0,0,0,0,0,0,0,0,0,0,1.2445100279943044e-9,0,1.2445100279943044e-9
0.028999999999999998,1.286226563774663e-9,2.9806849462771814e-12,0,0,0,0,0,0,0,0,0,0,0,0,0,0,0,0,0,0,0,0,0,0,0,0,0,0,0,0,0,0,0,0,0,0,0,1.2892072487209402e-9,0,1.2892072487209402e-9
0.03,1.3306311236412183e-9,3.2915202574194585e-12,0,0,0,0,0,0,0,0,0,0,0,0,0,0,0,0,0,0,0,0,0,0,0,0,0,0,0,0,0,0,0,0,0,0,0,1.3339226438986377e-9,0,1.3339226438986377e-9
0.031,1.3750340352606666e-9,3.6229741246530686e-12,0,0,0,0,0,0,0,0,0,0,0,0,0,0,0,0,0,0,0,0,0,0,0,0,0,0,0,0,0,0,0,0,0,0,0,1.3786570093853196e-9,0,1.3786570093853196e-9
0.032,1.4194354533148732e-9,3.975659288377359e-12,0,0,0,0,0,0,0,0,0,0,0,0,0,0,0,0,0,0,0,0,0,0,0,0,0,0,0,0,0,0,0,0,0,0,0,1.4234111126032504e-9,0,1.4234111126032504e-9
0.033,1.463835513713408e-9,4.35018200201803e-12,0,0,0,0,0,0,0,0,0,0,0,0,0,0,0,0,0,0,0,0,0,0,0,0,0,0,0,0,0,0,0,0,0,0,0,1.468185695715426e-9,0,1.468185695715426e-9
0.034,1.5082343363580544e-9,4.747141857274131e-12,0,0,0,0,0,0,0,0,0,0,0,0,0,0,0,0,0,0,0,0,0,0,0,0,0,0,0,0,0,0,0,0,0,0,0,1.5129814782153285e-9,0,1.5129814782153285e-9
0.035,1.552632027432666e-9,5.167131616672546e-12,0,0,0,0,0,0,0,0,0,0,0,0,0,0,0,0,0,0,0,0,0,0,0,0,0,0,0,0,0,0,0,0,0,0,0,1.5577991590493386e-9,0,1.5577991590493386e-9
0.036000000000000004,1.5970286813108115e-9,5.6107370538376636e-12,0,0,0,0,0,0,0,0,0,0,0,0,0,0,0,0,0,0,0,0,0,0,0,0,0,0,0,0,0,0,0,0,0,0,0,1.602639418364649e-9,0,1.602639418364649e-9
0.037,1.641424382153639e-9,6.0785368019514364e-12,0,0,0,0,0,0,0,0,0,0,0,0,0,0,0,0,0,0,0,0,0,0,0,0,0,0,0,0,0,0,0,0,0,0,0,1.6475029189555903e-9,0,1.6475029189555903e-9
0.038,1.6858192052551155e-9,6.571102210948503e-12,0,0,0,0,0,0,0,0,0,0,0,0,0,0,0,0,0,0,0,0,0,0,0,0,0,0,0,0,0,0,0,0,0,0,0,1.692390307466064e-9,0,1.692390307466064e-9
0.039,1.730213218180046e-9,7.088997214061109e-12,0,0,0,0,0,0,0,0,0,0,0,0,0,0,0,0,0,0,0,0,0,0,0,0,0,0,0,0,0,0,0,0,0,0,0,1.7373022153941071e-9,0,1.7373022153941071e-9
0.04,1.7746064817311866e-9,7.632778204404023e-12,0,0,0,0,0,0,0,0,0,0,0,0,0,0,0,0,0,0,0,0,0,0,0,0,0,0,0,0,0,0,0,0,0,0,0,1.7822392599355906e-9,0,1.7822392599355906e-9
0.041,1.8189990507746715e-9,8.202993922367244e-12,0,0,0,0,0,0,0,0,0,0,0,0,0,0,0,0,0,0,0,0,0,0,0,0,0,0,0,0,0,0,0,0,0,0,0,1.8272020446970389e-9,0,1.8272020446970389e-9
0.042,1.8633909749473946e-9,8.800185354669428e-12,0,0,0,0,0,0,0,0,0,0,0,0,0,0,0,0,0,0,0,0,0,0,0,0,0,0,0,0,0,0,0,0,0,0,0,1.872191160302064e-9,0,1.872191160302064e-9
0.043000000000000003,1.907782299265582e-9,9.424885646014171e-12,0,0,0,0,0,0,0,0,0,0,0,0,0,0,0,0,0,0,0,0,0,0,0,0,0,0,0,0,0,0,0,0,0,0,0,1.9172071849115963e-9,0,1.9172071849115963e-9
0.044000000000000004,1.952173064650307e-9,1.0077620024390939e-11,0,0,0,0,0,0,0,0,0,0,0,0,0,0,0,0,0,0,0,0,0,0,0,0,0,0,0,0,0,0,0,0,0,0,0,1.962250684674698e-9,0,1.962250684674698e-9
0.045000000000000005,1.9965633083828566e-9,1.0758905741167223e-11,0,0,0,0,0,0,0,0,0,0,0,0,0,0,0,0,0,0,0,0,0,0,0,0,0,0,0,0,0,0,0,0,0,0,0,2.0073222141240237e-9,0,2.0073222141240237e-9
0.046000000000000006,2.040953064500665e-9,1.1469252027236469e-11,0,0,0,0,0,0,0,0,0,0,0,0,0,0,0,0,0,0,0,0,0,0,0,0,0,0,0,0,0,0,0,0,0,0,0,2.0524223165279013e-9,0,2.0524223165279013e-9
0.047,2.0853423641426445e-9,1.2209160066613766e-11,0,0,0,0,0,0,0,0,0,0,0,0,0,0,0,0,0,0,0,0,0,0,0,0,0,0,0,0,0,0,0,0,0,0,0,2.097551524209258e-9,0,2.097551524209258e-9
0.048,2.1297312358513323e-9,1.2979122989011183e-11,0,0,0,0,0,0,0,0,0,0,0,0,0,0,0,0,0,0,0,0,0,0,0,0,0,0,0,0,0,0,0,0,0,0,0,2.1427103588403435e-9,0,2.1427103588403435e-9
0.049,2.174119705837993e-9,1.3779625883079615e-11,0,0,0,0,0,0,0,0,0,0,0,0,0,0,0,0,0,0,0,0,0,0,0,0,0,0,0,0,0,0,0,0,0,0,0,2.1878993317210725e-9,0,2.1878993317210725e-9
0.05,2.2185077982158973e-9,1.461114583217659e-11,0,0,0,0,0,0,0,0,0,0,0,0,0,0,0,0,0,0,0,0,0,0,0,0,0,0,0,0,0,0,0,0,0,0,0,2.233118944048074e-9,0,2.233118944048074e-9
0.051000000000000004,2.2628955352061303e-9,1.547415197470647e-11,0,0,0,0,0,0,0,0,0,0,0,0,0,0,0,0,0,0,0,0,0,0,0,0,0,0,0,0,0,0,0,0,0,0,0,2.278369687180837e-9,0,2.278369687180837e-9
0.052000000000000005,2.307282937319643e-9,1.636910559129121e-11,0,0,0,0,0,0,0,0,0,0,0,0,0,0,0,0,0,0,0,0,0,0,0,0,0,0,0,0,0,0,0,0,0,0,0,2.323652042910934e-9,0,2.323652042910934e-9
0.053000000000000005,2.351670023518671e-9,1.7296460221262328e-11,0,0,0,0,0,0,0,0,0,0,0,0,0,0,0,0,0,0,0,0,0,0,0,0,0,0,0,0,0,0,0,0,0,0,0,2.3689664837399333e-9,0,2.3689664837399333e-9
0.054,2.3960568113602143e-9,1.825666181122485e-11,0,0,0,0,0,0,0,0,0,0,0,0,0,0,0,0,0,0,0,0,0,0,0,0,0,0,0,0,0,0,0,0,0,0,0,2.414313473171439e-9,0,2.414313473171439e-9
0.055,2.4404433171238543e-9,1.925014889873208e-11,0,0,0,0,0,0,0,0,0,0,0,0,0,0,0,0,0,0,0,0,0,0,0,0,0,0,0,0,0,0,0,0,0,0,0,2.4596934660225866e-9,0,2.4596934660225866e-9
0.056,2.484829555925861e-9,2.0277352834434282e-11,0,0,0,0,0,0,0,0,0,0,0,0,0,0,0,0,0,0,0,0,0,0,0,0,0,0,0,0,0,0,0,0,0,0,0,2.5051069087602952e-9,0,2.5051069087602952e-9
0.057,2.529215541821291e-9,2.1338698046423365e-11,0,0,0,0,0,0,0,0,0,0,0,0,0,0,0,0,0,0,0,0,0,0,0,0,0,0,0,0,0,0,0,0,0,0,0,2.5505542398677143e-9,0,2.5505542398677143e-9
0.058,2.573601287895515e-9,2.2434602350900447e-11,0,0,0,0,0,0,0,0,0,0,0,0,0,0,0,0,0,0,0,0,0,0,0,0,0,0,0,0,0,0,0,0,0,0,0,2.596035890246415e-9,0,2.596035890246415e-9
0.059000000000000004,2.6179868063464272e-9,2.3565477313746083e-11,0,0,0,0,0,0,0,0,0,0,0,0,0,0,0,0,0,0,0,0,0,0,0,0,0,0,0,0,0,0,0,0,0,0,0,2.6415522836601734e-9,0,2.6415522836601734e-9
0.060000000000000005,2.6623721085584387e-9,2.4731728668079098e-11,0,0,0,0,0,0,0,0,0,0,0,0,0,0,0,0,0,0,0,0,0,0,0,0,0,0,0,0,0,0,0,0,0,0,0,2.6871038372265177e-9,0,2.6871038372265177e-9
0.061000000000000006,2.7067572051691813e-9,2.5933756793463976e-11,0,0,0,0,0,0,0,0,0,0,0,0,0,0,0,0,0,0,0,0,0,0,0,0,0,0,0,0,0,0,0,0,0,0,0,2.7326909619626454e-9,0,2.7326909619626454e-9
0.062000000000000006,2.751142106129757e-9,2.717195726306835e-11,0,0,0,0,0,0,0,0,0,0,0,0,0,0,0,0,0,0,0,0,0,0,0,0,0,0,0,0,0,0,0,0,0,0,0,2.778314063392825e-9,0,2.778314063392825e-9
0.063,2.7955268207592456e-9,2.8446721465798473e-11,0,0,0,0,0,0,0,0,0,0,0,0,0,0,0,0,0,0,0,0,0,0,0,0,0,0,0,0,0,0,0,0,0,0,0,2.823973542225044e-9,0,2.823973542225044e-9
0.064,2.839911357794102e-9,2.975843731126115e-11,0,0,0,0,0,0,0,0,0,0,0,0,0,0,0,0,0,0,0,0,0,0,0,0,0,0,0,0,0,0,0,0,0,0,0,2.869669795105363e-9,0,2.869669795105363e-9
0.065,2.8842957254329905e-9,3.110749002632832e-11,0,0,0,0,0,0,0,0,0,0,0,0,0,0,0,0,0,0,0,0,0,0,0,0,0,0,0,0,0,0,0,0,0,0,0,2.915403215459319e-9,0,2.915403215459319e-9
0.066,2.928679931377536e-9,3.249426305313343e-11,0,0,0,0,0,0,0,0,0,0,0,0,0,0,0,0,0,0,0,0,0,0,0,0,0,0,0,0,0,0,0,0,0,0,0,2.961174194430669e-9,0,2.961174194430669e-9
0.067,2.973063982869434e-9,3.391913905952288e-11,0,0,0,0,0,0,0,0,0,0,0,0,0,0,0,0,0,0,0,0,0,0,0,0,0,0,0,0,0,0,0,0,0,0,0,3.006983121928957e-9,0,3.006983121928957e-9
0.068,3.0174478867242805e-9,3.538250107434791e-11,0,0,0,0,0,0,0,0,0,0,0,0,0,0,0,0,0,0,0,0,0,0,0,0,0,0,0,0,0,0,0,0,0,0,0,3.0528303877986283e-9,0,3.0528303877986283e-9
0.069,3.0618316493624543e-9,3.6884733761529185e-11,0,0,0,0,0,0,0,0,0,0,0,0,0,0,0,0,0,0,0,0,0,0,0,0,0,0,0,0,0,0,0,0,0,0,0,3.0987163831239835e-9,0,3.0987163831239835e-9
0.06999999999999999,3.106215276837364e-9,3.8426224848599286e-11,0,0,0,0,0,0,0,0,0,0,0,0,0,0,0,0,0,0,0,0,0,0,0,0,0,0,0,0,0,0,0,0,0,0,0,3.1446415016859633e-9,0,3.1446415016859633e-9
0.071,3.150598774861291e-9,4.00073667274556e-11,0,0,0,0,0,0,0,0,0,0,0,0,0,0,0,0,0,0,0,0,0,0,0,0,0,0,0,0,0,0,0,0,0,0,0,3.190606141588747e-9,0,3.190606141588747e-9
0.072,3.1949821488290885e-9,4.162855824737325e-11,0,0,0,0,0,0,0,0,0,0,0,0,0,0,0,0,0,0,0,0,0,0,0,0,0,0,0,0,0,0,0,0,0,0,0,3.2366107070764618e-9,0,3.2366107070764618e-9
0.073,3.239365403839931e-9,4.32902067230055e-11,0,0,0,0,0,0,0,0,0,0,0,0,0,0,0,0,0,0,0,0,0,0,0,0,0,0,0,0,0,0,0,0,0,0,0,3.2826556105629365e-9,0,3.2826556105629365e-9
0.074,3.2837485447172957e-9,4.4992730183165204e-11,0,0,0,0,0,0,0,0,0,0,0,0,0,0,0,0,0,0,0,0,0,0,0,0,0,0,0,0,0,0,0,0,0,0,0,3.328741274900461e-9,0,3.328741274900461e-9
0.075,3.328131576027354e-9,4.673655988973557e-11,0,0,0,0,0,0,0,0,0,0,0,0,0,0,0,0,0,0,0,0,0,0,0,0,0,0,0,0,0,0,0,0,0,0,0,3.3748681359170898e-9,0,3.3748681359170898e-9
0.076,3.3725145020958918e-9,4.852214316015609e-11,0,0,0,0,0,0,0,0,0,0,0,0,0,0,0,0,0,0,0,0,0,0,0,0,0,0,0,0,0,0,0,0,0,0,0,3.421036645256048e-9,0,3.421036645256048e-9
0.077,3.4168973270239344e-9,5.034994653169596e-11,0,0,0,0,0,0,0,0,0,0,0,0,0,0,0,0,0,0,0,0,0,0,0,0,0,0,0,0,0,0,0,0,0,0,0,3.4672472735556305e-9,0,3.4672472735556305e-9
0.078,3.461280054702154e-9,5.222045931124953e-11,0,0,0,0,0,0,0,0,0,0,0,0,0,0,0,0,0,0,0,0,0,0,0,0,0,0,0,0,0,0,0,0,0,0,0,3.5135005140134033e-9,0,3.5135005140134033e-9
0.079,3.5056626888241837e-9,5.413419756084559e-11,0,0,0,0,0,0,0,0,0,0,0,0,0,0,0,0,0,0,0,0,0,0,0,0,0,0,0,0,0,0,0,0,0,0,0,3.5597968863850293e-9,0,3.5597968863850293e-9
0.08,3.5500452328989428e-9,5.6091708576583675e-11,0,0,0,0,0,0,0,0,0,0,0,0,0,0,0,0,0,0,0,0,0,0,0,0,0,0,0,0,0,0,0,0,0,0,0,3.6061369414755266e-9,0,3.6061369414755266e-9
0.081,3.5944276902620283e-9,5.809357592754327e-11,0,0,0,0,0,0,0,0,0,0,0,0,0,0,0,0,0,0,0,0,0,0,0,0,0,0,0,0,0,0,0,0,0,0,0,3.6525212661895716e-9,0,3.6525212661895716e-9
0.082,3.6388100640863037e-9,6.014042513157391e-11,0,0,0,0,0,0,0,0,0,0,0,0,0,0,0,0,0,0,0,0,0,0,0,0,0,0,0,0,0,0,0,0,0,0,0,3.6989504892178774e-9,0,3.6989504892178774e-9
0.08299999999999999,3.683192357391688e-9,6.223293005709433e-11,0,0,0,0,0,0,0,0,0,0,0,0,0,0,0,0,0,0,0,0,0,0,0,0,0,0,0,0,0,0,0,0,0,0,0,3.745425287448782e-9,0,3.745425287448782e-9
0.08399999999999999,3.727574573054273e-9,6.4371820154465e-11,0,0,0,0,0,0,0,0,0,0,0,0,0,0,0,0,0,0,0,0,0,0,0,0,0,0,0,0,0,0,0,0,0,0,0,3.7919463932087376e-9,0,3.7919463932087376e-9
0.08499999999999999,3.771956713814777e-9,6.655788863761905e-11,0,0,0,0,0,0,0,0,0,0,0,0,0,0,0,0,0,0,0,0,0,0,0,0,0,0,0,0,0,0,0,0,0,0,0,3.8385146024523966e-9,0,3.8385146024523966e-9
0.086,3.816338782286424e-9,6.879200175699926e-11,0,0,0,0,0,0,0,0,0,0,0,0,0,0,0,0,0,0,0,0,0,0,0,0,0,0,0,0,0,0,0,0,0,0,0,3.885130784043423e-9,0,3.885130784043423e-9
0.087,3.860720780962269e-9,7.10751093291497e-11,0,0,0,0,0,0,0,0,0,0,0,0,0,0,0,0,0,0,0,0,0,0,0,0,0,0,0,0,0,0,0,0,0,0,0,3.931795890291419e-9,0,3.931795890291419e-9
0.088,3.905102712222026e-9,7.340825671742387e-11,0,0,0,0,0,0,0,0,0,0,0,0,0,0,0,0,0,0,0,0,0,0,0,0,0,0,0,0,0,0,0,0,0,0,0,3.97851096893945e-9,0,3.97851096893945e-9
0.089,3.9494845783384394e-9,7.579259849326303e-11,0,0,0,0,0,0,0,0,0,0,0,0,0,0,0,0,0,0,0,0,0,0,0,0,0,0,0,0,0,0,0,0,0,0,0,4.025277176831703e-9,0,4.025277176831703e-9
0.09,3.9938663814832275e-9,7.822941404972543e-11,0,0,0,0,0,0,0,0,0,0,0,0,0,0,0,0,0,0,0,0,0,0,0,0,0,0,0,0,0,0,0,0,0,0,0,4.0720957955329525e-9,0,4.0720957955329525e-9
0.091,4.038248123732632e-9,8.07201254901126e-11,0,0,0,0,0,0,0,0,0,0,0,0,0,0,0,0,0,0,0,0,0,0,0,0,0,0,0,0,0,0,0,0,0,0,0,4.118968249222745e-9,0,4.118968249222745e-9
0.092,4.0826298070726105e-9,8.326631817677975e-11,0,0,0,0,0,0,0,0,0,0,0,0,0,0,0,0,0,0,0,0,0,0,0,0,0,0,0,0,0,0,0,0,0,0,0,4.16589612524939e-9,0,4.16589612524939e-9
0.093,4.127011433403692e-9,8.586976440127501e-11,0,0,0,0,0,0,0,0,0,0,0,0,0,0,0,0,0,0,0,0,0,0,0,0,0,0,0,0,0,0,0,0,0,0,0,4.212881197804967e-9,0,4.212881197804967e-9
0.094,4.171393004545517e-9,8.853245073030324e-11,0,0,0,0,0,0,0,0,0,0,0,0,0,0,0,0,0,0,0,0,0,0,0,0,0,0,0,0,0,0,0,0,0,0,0,4.259925455275821e-9,0,4.259925455275821e-9
0.095,4.215774522241101e-9,9.125660969714506e-11,0,0,0,0,0,0,0,0,0,0,0,0,0,0,0,0,0,0,0,0,0,0,0,0,0,0,0,0,0,0,0,0,0,0,0,4.307031131938246e-9,0,4.307031131938246e-9
0.096,4.260155988160822e-9,9.404475665084712e-11,0,0,0,0,0,0,0,0,0,0,0,0,0,0,0,0,0,0,0,0,0,0,0,0,0,0,0,0,0,0,0,0,0,0,0,4.354200744811669e-9,0,4.354200744811669e-9
0.097,4.30453740390617e-9,9.689973275328911e-11,0,0,0,0,0,0,0,0,0,0,0,0,0,0,0,0,0,0,0,0,0,0,0,0,0,0,0,0,0,0,0,0,0,0,0,4.40143713665946e-9,0,4.40143713665946e-9
0.09799999999999999,4.348918771013257e-9,9.982475533693498e-11,0,0,0,0,0,0,0,0,0,0,0,0,0,0,0,0,0,0,0,0,0,0,0,0,0,0,0,0,0,0,0,0,0,0,0,4.448743526350192e-9,0,4.448743526350192e-9
0.09899999999999999,4.393300090956123e-9,1.0282347711667482e-10,0,0,0,0,0,0,0,0,0,0,0,0,0,0,0,0,0,0,0,0,0,0,0,0,0,0,0,0,0,0,0,0,0,0,0,4.496123568072798e-9,0,4.496123568072798e-9
0.09999999999999999,4.437681365149837e-9,1.0590005610482138e-10,0,0,0,0,0,0,0,0,0,0,0,0,0,0,0,0,0,0,0,0,0,0,0,0,0,0,0,0,0,0,0,0,0,0,0,4.543581421254658e-9,0,4.543581421254658e-9
0.10099999999999999,4.48206259495342e-9,1.090592385320612e-10,0,0,0,0,0,0,0,0,0,0,0,0,0,0,0,0,0,0,0,0,0,0,0,0,0,0,0,0,0,0,0,0,0,0,0,4.591121833485481e-9,0,4.591121833485481e-9
0.102,4.526443781672594e-9,1.1230645765981122e-10,0,0,0,0,0,0,0,0,0,0,0,0,0,0,0,0,0,0,0,0,0,0,0,0,0,0,0,0,0,0,0,0,0,0,0,4.638750239332405e-9,0,4.638750239332405e-9
0.103,4.5708249265623614e-9,1.156479521231011e-10,0,0,0,0,0,0,0,0,0,0,0,0,0,0,0,0,0,0,0,0,0,0,0,0,0,0,0,0,0,0,0,0,0,0,0,4.686472878685462e-9,0,4.686472878685462e-9
0.104,4.615206030829454e-9,1.190909084251554e-10,0,0,0,0,0,0,0,0,0,0,0,0,0,0,0,0,0,0,0,0,0,0,0,0,0,0,0,0,0,0,0,0,0,0,0,4.7342969392546095e-9,0,4.7342969392546095e-9
0.105,4.659587095634628e-9,1.2264363349492315e-10,0,0,0,0,0,0,0,0,0,0,0,0,0,0,0,0,0,0,0,0,0,0,0,0,0,0,0,0,0,0,0,0,0,0,0,4.782230729129551e-9,0,4.782230729129551e-9
0.106,4.703968122094829e-9,1.2631576492767406e-10,0,0,0,0,0,0,0,0,0,0,0,0,0,0,0,0,0,0,0,0,0,0,0,0,0,0,0,0,0,0,0,0,0,0,0,4.830283887022503e-9,0,4.830283887022503e-9
0.107,4.748349111285247e-9,1.3011852881302824e-10,0,0,0,0,0,0,0,0,0,0,0,0,0,0,0,0,0,0,0,0,0,0,0,0,0,0,0,0,0,0,0,0,0,0,0,4.878467640098275e-9,0,4.878467640098275e-9
0.108,4.792730064241241e-9,1.3406505813741252e-10,0,0,0,0,0,0,0,0,0,0,0,0,0,0,0,0,0,0,0,0,0,0,0,0,0,0,0,0,0,0,0,0,0,0,0,4.9267951223786536e-9,0,4.9267951223786536e-9
0.109,4.837110981960177e-9,1.3817078895080608e-10,0,0,0,0,0,0,0,0,0,0,0,0,0,0,0,0,0,0,0,0,0,0,0,0,0,0,0,0,0,0,0,0,0,0,0,4.975281770910983e-9,0,4.975281770910983e-9
0.11,4.881491865403144e-9,1.4245395728103367e-10,0,0,0,0,0,0,0,0,0,0,0,0,0,0,0,0,0,0,0,0,0,0,0,0,0,0,0,0,0,0,0,0,0,0,0,5.023945822684178e-9,0,5.023945822684178e-9
0.111,4.925872715496597e-9,1.4693622785901e-10,0,0,0,0,0,0,0,0,0,0,0,0,0,0,0,0,0,0,0,0,0,0,0,0,0,0,0,0,0,0,0,0,0,0,0,5.072808943355608e-9,0,5.072808943355608e-9
0.112,4.970253533133897e-9,1.5164349713147198e-10,0,0,0,0,0,0,0,0,0,0,0,0,0,0,0,0,0,0,0,0,0,0,0,0,0,0,0,0,0,0,0,0,0,0,0,5.121897030265369e-9,0,5.121897030265369e-9
0.113,5.014634319176783e-9,1.5660692938000377e-10,0,0,0,0,0,0,0,0,0,0,0,0,0,0,0,0,0,0,0,0,0,0,0,0,0,0,0,0,0,0,0,0,0,0,0,5.171241248556786e-9,0,5.171241248556786e-9
0.114,5.059015074456748e-9,1.618643085137504e-10,0,0,0,0,0,0,0,0,0,0,0,0,0,0,0,0,0,0,0,0,0,0,0,0,0,0,0,0,0,0,0,0,0,0,0,5.220879382970498e-9,0,5.220879382970498e-9
0.11499999999999999,5.103395799776367e-9,1.674618231724213e-10,0,0,0,0,0,0,0,0,0,0,0,0,0,0,0,0,0,0,0,0,0,0,0,0,0,0,0,0,0,0,0,0,0,0,0,5.270857622948788e-9,0,5.270857622948788e-9
0.11599999999999999,5.147776495910535e-9,1.734564554754626e-10,0,0,0,0,0,0,0,0,0,0,0,0,0,0,0,0,0,0,0,0,0,0,0,0,0,0,0,0,0,0,0,0,0,0,0,5.321232951385997e-9,0,5.321232951385997e-9
0.11699999999999999,5.192157163607651e-9,1.7991922447423798e-10,0,0,0,0,0,0,0,0,0,0,0,0,0,0,0,0,0,0,0,0,0,0,0,0,0,0,0,0,0,0,0,0,0,0,0,5.3720763880818895e-9,0,5.3720763880818895e-9
0.118,5.236537803590746e-9,1.8693966163144653e-10,0,0,0,0,0,0,0,0,0,0,0,0,0,0,0,0,0,0,0,0,0,0,0,0,0,0,0,0,0,0,0,0,0,0,0,5.423477465222193e-9,0,5.423477465222193e-9
0.119,5.280918416558542e-9,1.9463209779967726e-10,0,0,0,0,0,0,0,0,0,0,0,0,0,0,0,0,0,0,0,0,0,0,0,0,0,0,0,0,0,0,0,0,0,0,0,5.475550514358219e-9,0,5.475550514358219e-9
0.12,5.325299003186466e-9,2.0314467323798936e-10,0,0,0,0,0,0,0,0,0,0,0,0,0,0,0,0,0,0,0,0,0,0,0,0,0,0,0,0,0,0,0,0,0,0,0,5.528443676424455e-9,0,5.528443676424455e-9
0.121,5.369679564127621e-9,2.1267254359658662e-10,0,0,0,0,0,0,0,0,0,0,0,0,0,0,0,0,0,0,0,0,0,0,0,0,0,0,0,0,0,0,0,0,0,0,0,5.582352107724207e-9,0,5.582352107724207e-9
0.122,5.414060100013689e-9,2.2347773505046909e-10,0,0,0,0,0,0,0,0,0,0,0,0,0,0,0,0,0,0,0,0,0,0,0,0,0,0,0,0,0,0,0,0,0,0,0,5.637537835064158e-9,0,5.637537835064158e-9
0.123,5.458440611455814e-9,2.3591987719078404e-10,0,0,0,0,0,0,0,0,0,0,0,0,0,0,0,0,0,0,0,0,0,0,0,0,0,0,0,0,0,0,0,0,0,0,0,5.694360488646598e-9,0,5.694360488646598e-9
0.124,5.502821099045419e-9,2.505053952689686e-10,0,0,0,0,0,0,0,0,0,0,0,0,0,0,0,0,0,0,0,0,0,0,0,0,0,0,0,0,0,0,0,0,0,0,0,5.7533264943143874e-9,0,5.7533264943143874e-9
0.125,5.5472015633549994e-9,2.679693889215262e-10,0,0,0,0,0,0,0,0,0,0,0,0,0,0,0,0,0,0,0,0,0,0,0,0,0,0,0,0,0,0,0,0,0,0,0,5.815170952276525e-9,0,5.815170952276525e-9
0.126,5.591582004938881e-9,2.894183602990347e-10,0,0,0,0,0,0,0,0,0,0,0,0,0,0,0,0,0,0,0,0,0,0,0,0,0,0,0,0,0,0,0,0,0,0,0,5.881000365237916e-9,0,5.881000365237916e-9
0.127,5.635962424333923e-9,3.16593200062782e-10,0,0,0,0,0,0,0,0,0,0,0,0,0,0,0,0,0,0,0,0,0,0,0,0,0,0,0,0,0,0,0,0,0,0,0,5.952555624396705e-9,0,5.952555624396705e-9
0.128,5.680342822060205e-9,3.523877876488975e-10,0,0,0,0,0,0,0,0,0,0,0,0,0,0,0,0,0,0,0,0,0,0,0,0,0,0,0,0,0,0,0,0,0,0,0,6.032730609709102e-9,0,6.032730609709102e-9
0.129,5.724723198621691e-9,4.019625240059023e-10,0,0,0,0,0,0,0,0,0,0,0,0,0,0,0,0,0,0,0,0,0,0,0,0,0,0,0,0,0,0,0,0,0,0,0,6.1266857226275934e-9,0,6.1266857226275934e-9
0.13,5.76910355450682e-9,4.754139391418778e-10,0,0,0,0,0,0,0,0,0,0,0,0,0,0,0,0,0,0,0,0,0,0,0,0,0,0,0,0,0,0,0,0,0,0,0,6.244517493648698e-9,0,6.244517493648698e-9
0.131,5.8134838901891285e-9,5.952043936887217e-10,0,0,0,0,0,0,0,0,0,0,0,0,0,0,0,0,0,0,0,0,0,0,0,0,0,0,0,0,0,0,0,0,0,0,0,6.40868828387785e-9,0,6.40868828387785e-9
0.132,5.857864206127797e-9,8.218097699873336e-10,0,0,0,0,0,0,0,0,0,0,0,0,0,0,0,0,0,0,0,0,0,0,0,0,0,0,0,0,0,0,0,0,0,0,0,6.6796739761151304e-9,0,6.6796739761151304e-9
0.133,5.902244502768196e-9,1.3789806871367378e-9,0,0,0,0,0,0,0,0,0,0,0,0,0,0,0,0,0,0,0,0,0,0,0,0,0,0,0,0,0,0,0,0,0,0,0,7.281225189904934e-9,0,7.281225189904934e-9
0.137,6.0797655047993675e-9,1.6902036281838465e-10,0,0,0,0,0,0,0,0,0,0,0,0,0,0,0,0,0,0,0,0,0,0,0,0,0,0,0,0,0,0,0,0,0,0,0,6.248785867617752e-9,0,6.248785867617752e-9
0.138,6.124145711180423e-9,2.0658290199248517e-11,0,0,0,0,0,0,0,0,0,0,0,0,0,0,0,0,0,0,0,0,0,0,0,0,0,0,0,0,0,0,0,0,0,0,0,6.144804001379671e-9,0,6.144804001379671e-9
0.139,6.168525900672729e-9,8.503834065752616e-14,0,0,0,0,0,0,0,0,0,0,0,0,0,0,0,0,0,0,0,0,0,0,0,0,0,0,0,0,0,0,0,0,0,0,0,6.168610939013387e-9,0,6.168610939013387e-9
0.14,6.2129060736382e-9,5.200879934964045e-12,0,0,0,0,0,0,0,0,0,0,0,0,0,0,0,0,0,0,0,0,0,0,0,0,0,0,0,0,0,0,0,0,0,0,0,6.218106953573165e-9,0,6.218106953573165e-9
0.14100000000000001,6.257286230428494e-9,1.6076618897823456e-11,0,0,0,0,0,0,0,0,0,0,0,0,0,0,0,0,0,0,0,0,0,0,0,0,0,0,0,0,0,0,0,0,0,0,0,6.273362849326318e-9,0,6.273362849326318e-9
0.14200000000000002,6.301666371385351e-9,2.7623946848138026e-11,0,0,0,0,0,0,0,0,0,0,0,0,0,0,0,0,0,0,0,0,0,0,0,0,0,0,0,0,0,0,0,0,0,0,0,6.329290318233489e-9,0,6.329290318233489e-9
0.14300000000000002,6.346046496840964e-9,3.843064427663083e-11,0,0,0,0,0,0,0,0,0,0,0,0,0,0,0,0,0,0,0,0,0,0,0,0,0,0,0,0,0,0,0,0,0,0,0,6.384477141117595e-9,0,6.384477141117595e-9
0.14400000000000002,6.390426607118284e-9,4.815850924157775e-11,0,0,0,0,0,0,0,0,0,0,0,0,0,0,0,0,0,0,0,0,0,0,0,0,0,0,0,0,0,0,0,0,0,0,0,6.438585116359861e-9,0,6.438585116359861e-9
0.14500000000000002,6.434806702531366e-9,5.680480155774115e-11,0,0,0,0,0,0,0,0,0,0,0,0,0,0,0,0,0,0,0,0,0,0,0,0,0,0,0,0,0,0,0,0,0,0,0,6.4916115040891075e-9,0,6.4916115040891075e-9
0.14600000000000002,6.479186783385651e-9,6.446646059462272e-11,0,0,0,0,0,0,0,0,0,0,0,0,0,0,0,0,0,0,0,0,0,0,0,0,0,0,0,0,0,0,0,0,0,0,0,6.543653243980273e-9,0,6.543653243980273e-9
0.14700000000000002,6.523566849978273e-9,7.126038013621722e-11,0,0,0,0,0,0,0,0,0,0,0,0,0,0,0,0,0,0,0,0,0,0,0,0,0,0,0,0,0,0,0,0,0,0,0,6.5948272301144896e-9,0,6.5948272301144896e-9
0.14800000000000002,6.567946902598331e-9,7.7296739721623e-11,0,0,0,0,0,0,0,0,0,0,0,0,0,0,0,0,0,0,0,0,0,0,0,0,0,0,0,0,0,0,0,0,0,0,0,6.645243642319954e-9,0,6.645243642319954e-9
0.14900000000000002,6.612326941527165e-9,8.267131506387939e-11,0,0,0,0,0,0,0,0,0,0,0,0,0,0,0,0,0,0,0,0,0,0,0,0,0,0,0,0,0,0,0,0,0,0,0,6.694998256591045e-9,0,6.694998256591045e-9
0.15000000000000002,6.656706967038615e-9,8.746462263160814e-11,0,0,0,0,0,0,0,0,0,0,0,0,0,0,0,0,0,0,0,0,0,0,0,0,0,0,0,0,0,0,0,0,0,0,0,6.744171589670223e-9,0,6.744171589670223e-9
0.15100000000000002,6.701086979399257e-9,9.17433672607727e-11,0,0,0,0,0,0,0,0,0,0,0,0,0,0,0,0,0,0,0,0,0,0,0,0,0,0,0,0,0,0,0,0,0,0,0,6.79283034666003e-9,0,6.79283034666003e-9
0.15200000000000002,6.745466978868666e-9,9.556247663512944e-11,0,0,0,0,0,0,0,0,0,0,0,0,0,0,0,0,0,0,0,0,0,0,0,0,0,0,0,0,0,0,0,0,0,0,0,6.841029455503796e-9,0,6.841029455503796e-9
0.15300000000000002,6.789846965699613e-9,9.896709159695063e-11,0,0,0,0,0,0,0,0,0,0,0,0,0,0,0,0,0,0,0,0,0,0,0,0,0,0,0,0,0,0,0,0,0,0,0,6.888814057296564e-9,0,6.888814057296564e-9
0.15400000000000003,6.834226940138321e-9,1.0199430770737555e-10,0,0,0,0,0,0,0,0,0,0,0,0,0,0,0,0,0,0,0,0,0,0,0,0,0,0,0,0,0,0,0,0,0,0,0,6.936221247845697e-9,0,6.936221247845697e-9
0.155,6.878606902424644e-9,1.0467462931603489e-10,0,0,0,0,0,0,0,0,0,0,0,0,0,0,0,0,0,0,0,0,0,0,0,0,0,0,0,0,0,0,0,0,0,0,0,6.983281531740679e-9,0,6.983281531740679e-9
0.156,6.922986852792292e-9,1.0703315788961317e-10,0,0,0,0,0,0,0,0,0,0,0,0,0,0,0,0,0,0,0,0,0,0,0,0,0,0,0,0,0,0,0,0,0,0,0,7.030020010681906e-9,0,7.030020010681906e-9
0.157,6.967366791469022e-9,1.0909055424919523e-10,0,0,0,0,0,0,0,0,0,0,0,0,0,0,0,0,0,0,0,0,0,0,0,0,0,0,0,0,0,0,0,0,0,0,0,7.076457345718218e-9,0,7.076457345718218e-9
0.158,7.0117467186768206e-9,1.1086381561714898e-10,0,0,0,0,0,0,0,0,0,0,0,0,0,0,0,0,0,0,0,0,0,0,0,0,0,0,0,0,0,0,0,0,0,0,0,7.1226105342939696e-9,0,7.1226105342939696e-9
0.159,7.056126634632094e-9,1.1236690376696542e-10,0,0,0,0,0,0,0,0,0,0,0,0,0,0,0,0,0,0,0,0,0,0,0,0,0,0,0,0,0,0,0,0,0,0,0,7.168493538399059e-9,0,7.168493538399059e-9
0.16,7.100506539545833e-9,1.1361125451955936e-10,0,0,0,0,0,0,0,0,0,0,0,0,0,0,0,0,0,0,0,0,0,0,0,0,0,0,0,0,0,0,0,0,0,0,0,7.214117794065393e-9,0,7.214117794065393e-9
0.161,7.144886433623791e-9,1.1460619304190842e-10,0,0,0,0,0,0,0,0,0,0,0,0,0,0,0,0,0,0,0,0,0,0,0,0,0,0,0,0,0,0,0,0,0,0,0,7.2594926266656995e-9,0,7.2594926266656995e-9
0.162,7.189266317066633e-9,1.1535927443847809e-10,0,0,0,0,0,0,0,0,0,0,0,0,0,0,0,0,0,0,0,0,0,0,0,0,0,0,0,0,0,0,0,0,0,0,0,7.304625591505111e-9,0,7.304625591505111e-9
0.163,7.23364619007011e-9,1.1587656507417781e-10,0,0,0,0,0,0,0,0,0,0,0,0,0,0,0,0,0,0,0,0,0,0,0,0,0,0,0,0,0,0,0,0,0,0,0,7.349522755144287e-9,0,7.349522755144287e-9
0.164,7.27802605282519e-9,1.1616287684645697e-10,0,0,0,0,0,0,0,0,0,0,0,0,0,0,0,0,0,0,0,0,0,0,0,0,0,0,0,0,0,0,0,0,0,0,0,7.394188929671647e-9,0,7.394188929671647e-9
0.165,7.322405905518216e-9,1.1622196409937368e-10,0,0,0,0,0,0,0,0,0,0,0,0,0,0,0,0,0,0,0,0,0,0,0,0,0,0,0,0,0,0,0,0,0,0,0,7.438627869617589e-9,0,7.438627869617589e-9
0.166,7.366785748331041e-9,1.1605669090981412e-10,0,0,0,0,0,0,0,0,0,0,0,0,0,0,0,0,0,0,0,0,0,0,0,0,0,0,0,0,0,0,0,0,0,0,0,7.482842439240855e-9,0,7.482842439240855e-9
0.167,7.411165581441153e-9,1.1566917495853653e-10,0,0,0,0,0,0,0,0,0,0,0,0,0,0,0,0,0,0,0,0,0,0,0,0,0,0,0,0,0,0,0,0,0,0,0,7.52683475639969e-9,0,7.52683475639969e-9
0.168,7.45554540502183e-9,1.1506091303085654e-10,0,0,0,0,0,0,0,0,0,0,0,0,0,0,0,0,0,0,0,0,0,0,0,0,0,0,0,0,0,0,0,0,0,0,0,7.570606318052686e-9,0,7.570606318052686e-9
0.169,7.499925219242231e-9,1.1423289229861452e-10,0,0,0,0,0,0,0,0,0,0,0,0,0,0,0,0,0,0,0,0,0,0,0,0,0,0,0,0,0,0,0,0,0,0,0,7.614158111540846e-9,0,7.614158111540846e-9
0.17,7.544305024267551e-9,1.1318569085866247e-10,0,0,0,0,0,0,0,0,0,0,0,0,0,0,0,0,0,0,0,0,0,0,0,0,0,0,0,0,0,0,0,0,0,0,0,7.657490715126213e-9,0,7.657490715126213e-9
0.171,7.588684820259109e-9,1.1191957049989534e-10,0,0,0,0,0,0,0,0,0,0,0,0,0,0,0,0,0,0,0,0,0,0,0,0,0,0,0,0,0,0,0,0,0,0,0,7.700604390759005e-9,0,7.700604390759005e-9
0.17200000000000001,7.633064607374476e-9,1.1043456430851973e-10,0,0,0,0,0,0,0,0,0,0,0,0,0,0,0,0,0,0,0,0,0,0,0,0,0,0,0,0,0,0,0,0,0,0,0,7.743499171682996e-9,0,7.743499171682996e-9
0.17300000000000001,7.67744438576758e-9,1.08730561476724e-10,0,0,0,0,0,0,0,0,0,0,0,0,0,0,0,0,0,0,0,0,0,0,0,0,0,0,0,0,0,0,0,0,0,0,0,7.786174947244304e-9,0,7.786174947244304e-9
0.17400000000000002,7.721824155588807e-9,1.0680739153738073e-10,0,0,0,0,0,0,0,0,0,0,0,0,0,0,0,0,0,0,0,0,0,0,0,0,0,0,0,0,0,0,0,0,0,0,0,7.828631547126187e-9,0,7.828631547126187e-9
0.17500000000000002,7.766203916985114e-9,1.0466491019784313e-10,0,0,0,0,0,0,0,0,0,0,0,0,0,0,0,0,0,0,0,0,0,0,0,0,0,0,0,0,0,0,0,0,0,0,0,7.870868827182958e-9,0,7.870868827182958e-9
0.17600000000000002,7.810583670100107e-9,1.0230308898521898e-10,0,0,0,0,0,0,0,0,0,0,0,0,0,0,0,0,0,0,0,0,0,0,0,0,0,0,0,0,0,0,0,0,0,0,0,7.912886759085326e-9,0,7.912886759085326e-9
0.17700000000000002,7.854963415074155e-9,9.972211104591637e-11,0,0,0,0,0,0,0,0,0,0,0,0,0,0,0,0,0,0,0,0,0,0,0,0,0,0,0,0,0,0,0,0,0,0,0,7.954685526120072e-9,0,7.954685526120072e-9
0.17800000000000002,7.899343152044467e-9,9.692247567073397e-11,0,0,0,0,0,0,0,0,0,0,0,0,0,0,0,0,0,0,0,0,0,0,0,0,0,0,0,0,0,0,0,0,0,0,0,7.996265627715202e-9,0,7.996265627715202e-9
0.17900000000000002,7.94372288114519e-9,9.39051144573054e-11,0,0,0,0,0,0,0,0,0,0,0,0,0,0,0,0,0,0,0,0,0,0,0,0,0,0,0,0,0,0,0,0,0,0,0,8.037627995602496e-9,0,8.037627995602496e-9
0.18000000000000002,7.988102602507485e-9,9.067152249528542e-11,0,0,0,0,0,0,0,0,0,0,0,0,0,0,0,0,0,0,0,0,0,0,0,0,0,0,0,0,0,0,0,0,0,0,0,8.078774125002771e-9,0,8.078774125002771e-9
0.18100000000000002,8.032482316259622e-9,8.72239085972267e-11,0,0,0,0,0,0,0,0,0,0,0,0,0,0,0,0,0,0,0,0,0,0,0,0,0,0,0,0,0,0,0,0,0,0,0,8.119706224856848e-9,0,8.119706224856848e-9
0.18200000000000002,8.076862022527044e-9,8.35653694429192e-11,0,0,0,0,0,0,0,0,0,0,0,0,0,0,0,0,0,0,0,0,0,0,0,0,0,0,0,0,0,0,0,0,0,0,0,8.160427391969963e-9,0,8.160427391969963e-9
0.18300000000000002,8.121241721432454e-9,7.970009361734327e-11,0,0,0,0,0,0,0,0,0,0,0,0,0,0,0,0,0,0,0,0,0,0,0,0,0,0,0,0,0,0,0,0,0,0,0,8.200941815049798e-9,0,8.200941815049798e-9
0.18400000000000002,8.165621413095892e-9,7.563360298634137e-11,0,0,0,0,0,0,0,0,0,0,0,0,0,0,0,0,0,0,0,0,0,0,0,0,0,0,0,0,0,0,0,0,0,0,0,8.241255016082233e-9,0,8.241255016082233e-9
0.18500000000000003,8.210001097634795e-9,7.137304078624669e-11,0,0,0,0,0,0,0,0,0,0,0,0,0,0,0,0,0,0,0,0,0,0,0,0,0,0,0,0,0,0,0,0,0,0,0,8.281374138421042e-9,0,8.281374138421042e-9
0.186,8.254380775164077e-9,6.692751836850853e-11,0,0,0,0,0,0,0,0,0,0,0,0,0,0,0,0,0,0,0,0,0,0,0,0,0,0,0,0,0,0,0,0,0,0,0,8.321308293532585e-9,0,8.321308293532585e-9
0.187,8.298760445796203e-9,6.230853597026444e-11,0,0,0,0,0,0,0,0,0,0,0,0,0,0,0,0,0,0,0,0,0,0,0,0,0,0,0,0,0,0,0,0,0,0,0,8.361068981766468e-9,0,8.361068981766468e-9
0.188,8.343140109641227e-9,5.7530497510571575e-11,0,0,0,0,0,0,0,0,0,0,0,0,0,0,0,0,0,0,0,0,0,0,0,0,0,0,0,0,0,0,0,0,0,0,0,8.4006706071518e-9,0,8.4006706071518e-9
0.189,8.387519766806894e-9,5.26113457238383e-11,0,0,0,0,0,0,0,0,0,0,0,0,0,0,0,0,0,0,0,0,0,0,0,0,0,0,0,0,0,0,0,0,0,0,0,8.440131112530733e-9,0,8.440131112530733e-9
0.19,8.43189941739866e-9,4.757335265014172e-11,0,0,0,0,0,0,0,0,0,0,0,0,0,0,0,0,0,0,0,0,0,0,0,0,0,0,0,0,0,0,0,0,0,0,0,8.479472770048802e-9,0,8.479472770048802e-9
0.191,8.47627906151979e-9,4.2444112673313263e-11,0,0,0,0,0,0,0,0,0,0,0,0,0,0,0,0,0,0,0,0,0,0,0,0,0,0,0,0,0,0,0,0,0,0,0,8.518723174193103e-9,0,8.518723174193103e-9
0.192,8.520658699271389e-9,3.7257802554962633e-11,0,0,0,0,0,0,0,0,0,0,0,0,0,0,0,0,0,0,0,0,0,0,0,0,0,0,0,0,0,0,0,0,0,0,0,8.557916501826351e-9,0,8.557916501826351e-9
0.193,8.565038330752469e-9,3.205679777260544e-11,0,0,0,0,0,0,0,0,0,0,0,0,0,0,0,0,0,0,0,0,0,0,0,0,0,0,0,0,0,0,0,0,0,0,0,8.597095128525075e-9,0,8.597095128525075e-9
0.194,8.609417956059991e-9,2.6893770915853184e-11,0,0,0,0,0,0,0,0,0,0,0,0,0,0,0,0,0,0,0,0,0,0,0,0,0,0,0,0,0,0,0,0,0,0,0,8.636311726975844e-9,0,8.636311726975844e-9
0.195,8.653797575288948e-9,2.1834452377182994e-11,0,0,0,0,0,0,0,0,0,0,0,0,0,0,0,0,0,0,0,0,0,0,0,0,0,0,0,0,0,0,0,0,0,0,0,8.67563202766613e-9,0,8.67563202766613e-9
0.196,8.698177188532376e-9,1.6961316808942688e-11,0,0,0,0,0,0,0,0,0,0,0,0,0,0,0,0,0,0,0,0,0,0,0,0,0,0,0,0,0,0,0,0,0,0,0,8.715138505341319e-9,0,8.715138505341319e-9
0.197,8.742556795881427e-9,1.2378589119772082e-11,0,0,0,0,0,0,0,0,0,0,0,0,0,0,0,0,0,0,0,0,0,0,0,0,0,0,0,0,0,0,0,0,0,0,0,8.7549353850012e-9,0,8.7549353850012e-9
0.198,8.78693639742541e-9,8.219173466092425e-12,0,0,0,0,0,0,0,0,0,0,0,0,0,0,0,0,0,0,0,0,0,0,0,0,0,0,0,0,0,0,0,0,0,0,0,8.795155570891501e-9,0,8.795155570891501e-9
0.199,8.831315993251845e-9,4.6544568797810245e-12,0,0,0,0,0,0,0,0,0,0,0,0,0,0,0,0,0,0,0,0,0,0,0,0,0,0,0,0,0,0,0,0,0,0,0,8.835970450131626e-9,0,8.835970450131626e-9
0.2,8.875695583446498e-9,1.908538608182457e-12,0,0,0,0,0,0,0,0,0,0,0,0,0,0,0,0,0,0,0,0,0,0,0,0,0,0,0,0,0,0,0,0,0,0,0,8.877604122054681e-9,0,8.877604122054681e-9
0.201,8.920075168093423e-9,2.7951249720884686e-13,0,0,0,0,0,0,0,0,0,0,0,0,0,0,0,0,0,0,0,0,0,0,0,0,0,0,0,0,0,0,0,0,0,0,0,8.92035468059063e-9,0,8.92035468059063e-9
0.202,8.964454747275014e-9,1.7246020191205656e-13,0,0,0,0,0,0,0,0,0,0,0,0,0,0,0,0,0,0,0,0,0,0,0,0,0,0,0,0,0,0,0,0,0,0,0,8.964627207476927e-9,0,8.964627207476927e-9
0.203,9.008834321072044e-9,2.1528778490780393e-12,0,0,0,0,0,0,0,0,0,0,0,0,0,0,0,0,0,0,0,0,0,0,0,0,0,0,0,0,0,0,0,0,0,0,0,9.010987198921121e-9,0,9.010987198921121e-9
0.20400000000000001,9.053213889563701e-9,7.038009008238847e-12,0,0,0,0,0,0,0,0,0,0,0,0,0,0,0,0,0,0,0,0,0,0,0,0,0,0,0,0,0,0,0,0,0,0,0,9.06025189857194e-9,0,9.06025189857194e-9
0.20500000000000002,9.097593452827624e-9,1.60641912474038e-11,0,0,0,0,0,0,0,0,0,0,0,0,0,0,0,0,0,0,0,0,0,0,0,0,0,0,0,0,0,0,0,0,0,0,0,9.113657644075028e-9,0,9.113657644075028e-9
0.20600000000000002,9.141973010939948e-9,3.1223114213391664e-11,0,0,0,0,0,0,0,0,0,0,0,0,0,0,0,0,0,0,0,0,0,0,0,0,0,0,0,0,0,0,0,0,0,0,0,9.17319612515334e-9,0,9.17319612515334e-9
0.20700000000000002,9.186352563975332e-9,5.6031069702331033e-11,0,0,0,0,0,0,0,0,0,0,0,0,0,0,0,0,0,0,0,0,0,0,0,0,0,0,0,0,0,0,0,0,0,0,0,9.242383633677662e-9,0,9.242383633677662e-9
0.20800000000000002,9.230732112007012e-9,9.767664845471357e-11,0,0,0,0,0,0,0,0,0,0,0,0,0,0,0,0,0,0,0,0,0,0,0,0,0,0,0,0,0,0,0,0,0,0,0,9.328408760461725e-9,0,9.328408760461725e-9
0.20900000000000002,9.275111655106802e-9,1.7563991096122633e-10,0,0,0,0,0,0,0,0,0,0,0,0,0,0,0,0,0,0,0,0,0,0,0,0,0,0,0,0,0,0,0,0,0,0,0,9.450751566068029e-9,0,9.450751566068029e-9
0.21000000000000002,9.319491193345168e-9,5.100471952587432e-10,0,0,0,0,0,0,0,0,0,0,0,0,0,0,0,0,0,0,0,0,0,0,0,0,0,0,0,0,0,0,0,0,0,0,0,9.82953838860391e-9,0,9.82953838860391e-9
0.21100000000000002,9.363870726791226e-9,2.825480317321403e-9,0.00004015664940659019,0,0,0,0,0,0,0,0,0,0,0,0,0,0,0,0,0,0,0,0,0,0,0,0,0,0,0,0,0,0,0,0,0,0,0.0000401688387576343,0,0.0000401688387576343
0.21200000000000002,9.408250255512797e-9,3.016588468604075e-9,0.000056857484855009286,0,0,0,0,0,0,0,0,0,0,0,0,0,0,0,0,0,0,0,0,0,0,0,0,0,0,0,0,0,0,0,0,0,0,0.0000568699096937334,0,0.0000568699096937334
0.21300000000000002,9.452629779576417e-9,3.16820065321291e-9,0.00006971837116156258,0,0,0,0,0,0,0,0,0,0,0,0,0,0,0,0,0,0,0,0,0,0,0,0,0,0,0,0,0,0,0,0,0,0,0.00006973099199199537,0,0.00006973099199199537
0.21400000000000002,9.497009299047396e-9,3.2999236182991768e-9,0.00008059894274564186,0,0,0,0,0,0,0,0,0,0,0,0,0,0,0,0,0,0,0,0,0,0,0,0,0,0,0,0,0,0,0,0,0,0,0.00008061173967855921,0,0.00008061173967855921
0.21500000000000002,9.541388813989812e-9,3.4193221289930965e-9,0.00009021855943717544,0,0,0,0,0,0,0,0,0,0,0,0,0,0,0,0,0,0,0,0,0,0,0,0,0,0,0,0,0,0,0,0,0,0,0.00009023152014811842,0,0.00009023152014811842
0.21600000000000003,9.585768324466566e-9,3.5302602422640326e-9,0.00009894568188169268,0,0,0,0,0,0,0,0,0,0,0,0,0,0,0,0,0,0,0,0,0,0,0,0,0,0,0,0,0,0,0,0,0,0,0.00009895879791025941,0,0.00009895879791025941
0.21700000000000003,9.630147830539397e-9,3.6350236132639913e-9,0.00010699891616300192,0,0,0,0,0,0,0,0,0,0,0,0,0,0,0,0,0,0,0,0,0,0,0,0,0,0,0,0,0,0,0,0,0,0,0.00010701218133444572,0,0.00010701218133444572
0.21800000000000003,9.674527332268908e-9,3.7350947008135e-9,0.0001145205167556938,0,0,0,0,0,0,0,0,0,0,0,0,0,0,0,0,0,0,0,0,0,0,0,0,0,0,0,0,0,0,0,0,0,0,0.00011453392637772688,0,0.00011453392637772688
0.219,9.718906829714598e-9,3.831498201175127e-9,0.00012160916929588477,0,0,0,0,0,0,0,0,0,0,0,0,0,0,0,0,0,0,0,0,0,0,0,0,0,0,0,0,0,0,0,0,0,0,0.00012162271970091567,0,0.00012162271970091567
0.22,9.763286322934888e-9,3.924976277228392e-9,0.00012833663528622415,0,0,0,0,0,0,0,0,0,0,0,0,0,0,0,0,0,0,0,0,0,0,0,0,0,0,0,0,0,0,0,0,0,0,0.00012835032354882432,0,0.00012835032354882432
0.221,9.807665811987133e-9,4.016086041036474e-9,0.000134757020066687,0,0,0,0,0,0,0,0,0,0,0,0,0,0,0,0,0,0,0,0,0,0,0,0,0,0,0,0,0,0,0,0,0,0,0.00013477084381854,0,0.00013477084381854
0.222,9.852045296927658e-9,4.105257685185272e-9,0.0001409123044976117,0,0,0,0,0,0,0,0,0,0,0,0,0,0,0,0,0,0,0,0,0,0,0,0,0,0,0,0,0,0,0,0,0,0,0.00014092626180059383,0,0.00014092626180059383
0.223,9.896424777811785e-9,4.1928310836741735e-9,0.0001468358309858731,0,0,0,0,0,0,0,0,0,0,0,0,0,0,0,0,0,0,0,0,0,0,0,0,0,0,0,0,0,0,0,0,0,0,0.0001468499202417346,0,0.0001468499202417346
0.224,9.940804254693839e-9,4.27907986745706e-9,0.00015255459863506646,0,0,0,0,0,0,0,0,0,0,0,0,0,0,0,0,0,0,0,0,0,0,0,0,0,0,0,0,0,0,0,0,0,0,0.0001525688185191886,0,0.0001525688185191886
0.225,9.98518372762718e-9,4.364227842096183e-9,0.00015809082980682506,0,0,0,0,0,0,0,0,0,0,0,0,0,0,0,0,0,0,0,0,0,0,0,0,0,0,0,0,0,0,0,0,0,0,0.00015810517921839478,0,0.00015810517921839478
0.226,1.0029563196664225e-8,4.448460526820682e-9,0.0001634630722035558,0,0,0,0,0,0,0,0,0,0,0,0,0,0,0,0,0,0,0,0,0,0,0,0,0,0,0,0,0,0,0,0,0,0,0.00016347755022727927,0,0.00016347755022727927
0.227,1.007394266185647e-8,4.531933475991373e-9,0.00016868699440190783,0,0,0,0,0,0,0,0,0,0,0,0,0,0,0,0,0,0,0,0,0,0,0,0,0,0,0,0,0,0,0,0,0,0,0.00016870160027804566,0,0.00016870160027804566
0.228,1.0118322123254506e-8,4.614778414672436e-9,0.00017377597298643945,0,0,0,0,0,0,0,0,0,0,0,0,0,0,0,0,0,0,0,0,0,0,0,0,0,0,0,0,0,0,0,0,0,0,0.00017379070608697738,0,0.00017379070608697738
0.229,1.0162701580908042e-8,4.6971078506769665e-9,0.000178741534331918,0,0,0,0,0,0,0,0,0,0,0,0,0,0,0,0,0,0,0,0,0,0,0,0,0,0,0,0,0,0,0,0,0,0,0.00017875639414134957,0,0.00017875639414134957
0.23,1.0207081034865915e-8,4.77901860071155e-9,0.00018359369271351005,0,0,0,0,0,0,0,0,0,0,0,0,0,0,0,0,0,0,0,0,0,0,0,0,0,0,0,0,0,0,0,0,0,0,0.00018360867881314562,0,0.00018360867881314562
0.231,1.0251460485176124e-8,4.86059452711847e-9,0.00018834121299903358,0,0,0,0,0,0,0,0,0,0,0,0,0,0,0,0,0,0,0,0,0,0,0,0,0,0,0,0,0,0,0,0,0,0,0.00018835632505404587,0,0.00018835632505404587
0.232,1.0295839931885834e-8,4.9419086906106335e-9,0.00019299181750691383,0,0,0,0,0,0,0,0,0,0,0,0,0,0,0,0,0,0,0,0,0,0,0,0,0,0,0,0,0,0,0,0,0,0,0.00019300705525553632,0,0.00019300705525553632
0.233,1.0340219375041416e-8,5.023025064126252e-9,0.00019755235087491764,0,0,0,0,0,0,0,0,0,0,0,0,0,0,0,0,0,0,0,0,0,0,0,0,0,0,0,0,0,0,0,0,0,0,0.0001975677141193568,0,0.0001975677141193568
0.234,1.0384598814688426e-8,5.103999912180393e-9,0.00020202891290283507,0,0,0,0,0,0,0,0,0,0,0,0,0,0,0,0,0,0,0,0,0,0,0,0,0,0,0,0,0,0,0,0,0,0,0.00020204440150156194,0,0.00020204440150156194
0.23500000000000001,1.0428978250871656e-8,5.184882911992131e-9,0.00020642696665432555,0,0,0,0,0,0,0,0,0,0,0,0,0,0,0,0,0,0,0,0,0,0,0,0,0,0,0,0,0,0,0,0,0,0,0.00020644258051548842,0,0.00020644258051548842
0.23600000000000002,1.0473357683635137e-8,5.265718072945492e-9,0.00021075142722273745,0,0,0,0,0,0,0,0,0,0,0,0,0,0,0,0,0,0,0,0,0,0,0,0,0,0,0,0,0,0,0,0,0,0,0.00021076716629849404,0,0.00021076716629849404
0.23700000000000002,1.0517737113022161e-8,5.3465444968765455e-9,0.00021500673522391258,0,0,0,0,0,0,0,0,0,0,0,0,0,0,0,0,0,0,0,0,0,0,0,0,0,0,0,0,0,0,0,0,0,0,0.00021502259950552247,0,0.00021502259950552247
0.23800000000000002,1.0562116539075292e-8,5.42739701149942e-9,0.00021919691810739605,0,0,0,0,0,0,0,0,0,0,0,0,0,0,0,0,0,0,0,0,0,0,0,0,0,0,0,0,0,0,0,0,0,0,0.00021921290762094662,0,0.00021921290762094662
0.23900000000000002,1.0606495961836378e-8,5.508306701816249e-9,0.0002233256416644211,0,0,0,0,0,0,0,0,0,0,0,0,0,0,0,0,0,0,0,0,0,0,0,0,0,0,0,0,0,0,0,0,0,0,0.00022334175646708475,0,0.00022334175646708475
0.24000000000000002,1.0650875381346557e-8,5.589301358810354e-9,0.0002273962535812329,0,0,0,0,0,0,0,0,0,0,0,0,0,0,0,0,0,0,0,0,0,0,0,0,0,0,0,0,0,0,0,0,0,0,0.00022741249375797306,0,0.00022741249375797306
0.24100000000000002,1.0695254797646316e-8,5.670405860556229e-9,0.00023141182048816203,0,0,0,0,0,0,0,0,0,0,0,0,0,0,0,0,0,0,0,0,0,0,0,0,0,0,0,0,0,0,0,0,0,0,0.00023142818614882023,0,0.00023142818614882023
0.24200000000000002,1.0739634210775445e-8,5.751642497717515e-9,0.00023537515965245861,0,0,0,0,0,0,0,0,0,0,0,0,0,0,0,0,0,0,0,0,0,0,0,0,0,0,0,0,0,0,0,0,0,0,0.00023539165092916712,0,0.00023539165092916712
0.24300000000000002,1.078401362077309e-8,5.833031252979943e-9,0.000239288866230975,0,0,0,0,0,0,0,0,0,0,0,0,0,0,0,0,0,0,0,0,0,0,0,0,0,0,0,0,0,0,0,0,0,0,0.00023930548327584874,0,0.00023930548327584874
0.24400000000000002,1.0828393027677753e-8,5.914590042090895e-9,0.0002431553368192863,0,0,0,0,0,0,0,0,0,0,0,0,0,0,0,0,0,0,0,0,0,0,0,0,0,0,0,0,0,0,0,0,0,0,0.00024317207980235607,0,0.00024317207980235607
0.24500000000000002,1.0872772431527302e-8,5.996334922714184e-9,0.0002469767898937179,0,0,0,0,0,0,0,0,0,0,0,0,0,0,0,0,0,0,0,0,0,0,0,0,0,0,0,0,0,0,0,0,0,0,0.0002469936590010722,0,0.0002469936590010722
0.24600000000000002,1.0917151832359008e-8,6.078280276157849e-9,0.0002507552836325108,0,0,0,0,0,0,0,0,0,0,0,0,0,0,0,0,0,0,0,0,0,0,0,0,0,0,0,0,0,0,0,0,0,0,0.0002507722790646193,0,0.0002507722790646193
0.24700000000000003,1.0961531230209516e-8,6.160438966121204e-9,0.0002544927315149612,0,0,0,0,0,0,0,0,0,0,0,0,0,0,0,0,0,0,0,0,0,0,0,0,0,0,0,0,0,0,0,0,0,0,0.00025450985348515753,0,0.00025450985348515753
0.24800000000000003,1.1005910625114892e-8,6.2428224778800734e-9,0.00025819091602761985,0,0,0,0,0,0,0,0,0,0,0,0,0,0,0,0,0,0,0,0,0,0,0,0,0,0,0,0,0,0,0,0,0,0,0.00025820816476072287,0,0.00025820816476072287
0.24900000000000003,1.1050290017110621e-8,6.325441040744799e-9,0.0002618515007505719,0,0,0,0,0,0,0,0,0,0,0,0,0,0,0,0,0,0,0,0,0,0,0,0,0,0,0,0,0,0,0,0,0,0,0.00026186887648162974,0,0.00026186887648162974
0.25,1.1094669406231613e-8,6.408303736153682e-9,0.00026547604105150817,0,0,0,0,0,0,0,0,0,0,0,0,0,0,0,0,0,0,0,0,0,0,0,0,0,0,0,0,0,0,0,0,0,0,0.0002654935440246506,0,0.0002654935440246506
0.251,1.1139048792512242e-8,6.491418593380637e-9,0.0002690659935784295,0,0,0,0,0,0,0,0,0,0,0,0,0,0,0,0,0,0,0,0,0,0,0,0,0,0,0,0,0,0,0,0,0,0,0.0002690836240458154,0,0.0002690836240458154
0.252,1.1183428175986307e-8,6.574792674522228e-9,0.0002726227247116846,0,0,0,0,0,0,0,0,0,0,0,0,0,0,0,0,0,0,0,0,0,0,0,0,0,0,0,0,0,0,0,0,0,0,0.0002726404829325351,0,0.0002726404829325351
0.253,1.1227807556687096e-8,6.658432150171435e-9,0.0002761475181112595,0,0,0,0,0,0,0,0,0,0,0,0,0,0,0,0,0,0,0,0,0,0,0,0,0,0,0,0,0,0,0,0,0,0,0.0002761654043509663,0,0.0002761654043509663
0.254,1.1272186934647365e-8,6.742342366972714e-9,0.0002796415814747584,0,0,0,0,0,0,0,0,0,0,0,0,0,0,0,0,0,0,0,0,0,0,0,0,0,0,0,0,0,0,0,0,0,0,0.00027965959600406,0,0.00027965959600406
0.255,1.131656630989935e-8,6.826527908076193e-9,0.0002831060526045133,0,0,0,0,0,0,0,0,0,0,0,0,0,0,0,0,0,0,0,0,0,0,0,0,0,0,0,0,0,0,0,0,0,0,0.00028312419569873125,0,0.00028312419569873125
0.256,1.1360945682474797e-8,6.910992647361769e-9,0.00028654200486809094,0,0,0,0,0,0,0,0,0,0,0,0,0,0,0,0,0,0,0,0,0,0,0,0,0,0,0,0,0,0,0,0,0,0,0.00028656027680642077,0,0.00028656027680642077
0.257,1.140532505240495e-8,6.995739798180375e-9,0.0002899504521245841,0,0,0,0,0,0,0,0,0,0,0,0,0,0,0,0,0,0,0,0,0,0,0,0,0,0,0,0,0,0,0,0,0,0,0.00028996885318943467,0,0.00028996885318943467
0.258,1.1449704419720558e-8,7.080771957256599e-9,0.00029333235317909685,0,0,0,0,0,0,0,0,0,0,0,0,0,0,0,0,0,0,0,0,0,0,0,0,0,0,0,0,0,0,0,0,0,0,0.00029335088365547383,0,0.00029335088365547383
0.259,1.1494083784451918e-8,7.166091144308878e-9,0.00029668861581940104,0,0,0,0,0,0,0,0,0,0,0,0,0,0,0,0,0,0,0,0,0,0,0,0,0,0,0,0,0,0,0,0,0,0,0.0002967072759943298,0,0.0002967072759943298
0.26,1.1538463146628847e-8,7.251698837869872e-9,0.0003000201004815976,0,0,0,0,0,0,0,0,0,0,0,0,0,0,0,0,0,0,0,0,0,0,0,0,0,0,0,0,0,0,0,0,0,0,0.00030003889064358214,0,0.00030003889064358214
0.261,1.1582842506280696e-8,7.337596007726575e-9,0.0003033276235855444,0,0,0,0,0,0,0,0,0,0,0,0,0,0,0,0,0,0,0,0,0,0,0,0,0,0,0,0,0,0,0,0,0,0,0.0003033465440240584,0,0.0003033465440240584
0.262,1.1627221863436392e-8,7.423783144346047e-9,0.0003066119605756267,0,0,0,0,0,0,0,0,0,0,0,0,0,0,0,0,0,0,0,0,0,0,0,0,0,0,0,0,0,0,0,0,0,0,0.00030663101158063454,0,0.00030663101158063454
0.263,1.1671601218124398e-8,7.510260285606777e-9,0.00030987384869800733,0,0,0,0,0,0,0,0,0,0,0,0,0,0,0,0,0,0,0,0,0,0,0,0,0,0,0,0,0,0,0,0,0,0,0.0003098930305595111,0,0.0003098930305595111
0.264,1.1715980570372765e-8,7.597027041116287e-9,0.0003131139895416867,0,0,0,0,0,0,0,0,0,0,0,0,0,0,0,0,0,0,0,0,0,0,0,0,0,0,0,0,0,0,0,0,0,0,0.0003131333025492982,0,0.0003131333025492982
0.265,1.1760359920209106e-8,7.684082614361544e-9,0.0003163330513674116,0,0,0,0,0,0,0,0,0,0,0,0,0,0,0,0,0,0,0,0,0,0,0,0,0,0,0,0,0,0,0,0,0,0,0.00031635249580994616,0,0.00031635249580994616
0.266,1.180473926766063e-8,7.771425822909683e-9,0.0003195316712456428,0,0,0,0,0,0,0,0,0,0,0,0,0,0,0,0,0,0,0,0,0,0,0,0,0,0,0,0,0,0,0,0,0,0,0.00031955124741073334,0,0.00031955124741073334
0.267,1.1849118612754125e-8,7.859055116850821e-9,0.0003227104570223277,0,0,0,0,0,0,0,0,0,0,0,0,0,0,0,0,0,0,0,0,0,0,0,0,0,0,0,0,0,0,0,0,0,0,0.00032273016519605727,0,0.00032273016519605727
0.268,1.1893497955515994e-8,7.946968595653214e-9,0.0003258699891290938,0,0,0,0,0,0,0,0,0,0,0,0,0,0,0,0,0,0,0,0,0,0,0,0,0,0,0,0,0,0,0,0,0,0,0.00032588982959564494,0,0.00032588982959564494
0.269,1.1937877295972237e-8,8.035164023581235e-9,0.0003290108222526151,0,0,0,0,0,0,0,0,0,0,0,0,0,0,0,0,0,0,0,0,0,0,0,0,0,0,0,0,0,0,0,0,0,0,0.0003290307952939346,0,0.0003290307952939346
0.27,1.1982256634148474e-8,8.123638843810393e-9,0.0003321334868762829,0,0,0,0,0,0,0,0,0,0,0,0,0,0,0,0,0,0,0,0,0,0,0,0,0,0,0,0,0,0,0,0,0,0,0.0003321535927717609,0,0.0003321535927717609
0.271,1.2026635970069947e-8,8.212390191358919e-9,0.0003352384907058917,0,0,0,0,0,0,0,0,0,0,0,0,0,0,0,0,0,0,0,0,0,0,0,0,0,0,0,0,0,0,0,0,0,0,0.0003352587297320531,0,0.0003352587297320531
0.272,1.2071015303761524e-8,8.301414904942246e-9,0.00033832631998979997,0,0,0,0,0,0,0,0,0,0,0,0,0,0,0,0,0,0,0,0,0,0,0,0,0,0,0,0,0,0,0,0,0,0,0.00033834669242000865,0,0.00033834669242000865
0.273,1.2115394635247706e-8,8.390709537845917e-9,0.0003413974407429365,0,0,0,0,0,0,0,0,0,0,0,0,0,0,0,0,0,0,0,0,0,0,0,0,0,0,0,0,0,0,0,0,0,0,0.0003414179468471096,0,0.0003414179468471096
0.274,1.2159773964552642e-8,8.48027036790231e-9,0.00034445229988305093,0,0,0,0,0,0,0,0,0,0,0,0,0,0,0,0,0,0,0,0,0,0,0,0,0,0,0,0,0,0,0,0,0,0,0.0003444729399273834,0,0.0003444729399273834
0.275,1.2204153291700133e-8,8.570093406647579e-9,0.0003474913262867573,0,0,0,0,0,0,0,0,0,0,0,0,0,0,0,0,0,0,0,0,0,0,0,0,0,0,0,0,0,0,0,0,0,0,0.00034751210053345565,0,0.00034751210053345565
0.276,1.224853261671362e-8,8.660174407728117e-9,0.00035051493177216573,0,0,0,0,0,0,0,0,0,0,0,0,0,0,0,0,0,0,0,0,0,0,0,0,0,0,0,0,0,0,0,0,0,0,0.00035053584047919017,0,0.00035053584047919017
0.277,1.2292911939616229e-8,8.750508874618033e-9,0.000353523512014226,0,0,0,0,0,0,0,0,0,0,0,0,0,0,0,0,0,0,0,0,0,0,0,0,0,0,0,0,0,0,0,0,0,0,0.00035354455543504026,0,0.00035354455543504026
0.278,1.2337291260430729e-8,8.841092067704008e-9,0.00035651744739831337,0,0,0,0,0,0,0,0,0,0,0,0,0,0,0,0,0,0,0,0,0,0,0,0,0,0,0,0,0,0,0,0,0,0,0.0003565386257816415,0,0.0003565386257816415
0.279,1.238167057917957e-8,8.931919010787872e-9,0.0003594971038170623,0,0,0,0,0,0,0,0,0,0,0,0,0,0,0,0,0,0,0,0,0,0,0,0,0,0,0,0,0,0,0,0,0,0,0.00035951841740665223,0,0.00035951841740665223
0.28,1.242604989588489e-8,9.022984497052468e-9,0.00036246283341497535,0,0,0,0,0,0,0,0,0,0,0,0,0,0,0,0,0,0,0,0,0,0,0,0,0,3.99397198633736e-24,0,0,0,0,0,0,0,0,0.0003624842824493683,3.99397198633736e-24,0.0003624842824493683
0.281,1.2470429210568514e-8,9.114283094532395e-9,0.0003654149752849203,0,0,0,0,0,0,0,0,0,0,0,0,0,0,0,0,0,0,0,0,0,0,0,0,0,2.818574218517649e-22,0,0,0,0,0,0,0,0,0.0003654365599972254,2.818574218517649e-22,0.0003654365599972254
0.28200000000000003,1.2514808523251935e-8,9.205809151126973e-9,0.00036835385612024694,0,0,0,0,0,0,0,0,0,0,0,0,0,0,0,0,0,0,0,0,0,0,0,0,0,3.0464613939940278e-21,0,0,0,0,0,0,0,0,0.0003683755767379213,3.0464613939940278e-21,0.0003683755767379213
0.28300000000000003,1.2559187833956367e-8,9.297556799189541e-9,0.00037127979082592473,0,0,0,0,0,0,0,0,0,0,0,0,0,0,0,0,0,0,0,0,0,0,0,0,0,1.607276809439763e-20,0,0,0,0,0,0,0,0,0.0003713016475705579,1.607276809439763e-20,0.0003713016475705579
0.28400000000000003,1.2603567142702705e-8,9.389519959724236e-9,0.0003741930830917898,0,0,0,0,0,0,0,0,0,0,0,0,0,0,0,0,0,0,0,0,0,0,0,0,0,5.787273176238085e-20,0,0,0,0,0,0,0,0,0.0003742150761788922,5.787273176238085e-20,0.00037421507617889225
0.28500000000000003,1.2647946449511572e-8,9.481692346218122e-9,0.0003770940259307298,0,0,0,0,0,0,0,0,0,0,0,0,0,0,0,0,0,0,0,0,0,0,0,0,0,1.6426765694584235e-19,0,0,0,0,0,0,0,0,0.0003771161555695255,1.6426765694584235e-19,0.00037711615556952567
0.28600000000000003,1.2692325754403287e-8,9.574067468134672e-9,0.00037998290218437827,0,0,0,0,0,0,0,0,0,0,0,0,0,0,0,0,0,0,0,0,0,0,0,0,0,3.9635775972032706e-19,0,0,0,0,0,0,0,0,0.0003800051685776008,3.9635775972032706e-19,0.0003800051685776012
0.28700000000000003,1.2736705057397894e-8,9.66663863409191e-9,0.0003828599849986804,0,0,0,0,0,0,0,0,0,0,0,0,0,0,0,0,0,0,0,0,0,0,0,0,0,8.498330641838376e-19,0,0,0,0,0,0,0,0,0.0003828823883423719,8.498330641838376e-19,0.00038288238834237277
0.28800000000000003,1.278108435851514e-8,9.75939895474665e-9,0.0003857255382714846,0,0,0,0,0,0,0,0,0,0,0,0,0,0,0,0,0,0,0,0,0,0,0,0,0,1.665624117152236e-18,0,0,0,0,0,0,0,0,0.0003857480787547978,1.665624117152236e-18,0.0003857480787547995
0.28900000000000003,1.2825463657774532e-8,9.852341345404507e-9,0.0003885798170741419,0,0,0,0,0,0,0,0,0,0,0,0,0,0,0,0,0,0,0,0,0,0,0,0,0,3.042023891780458e-18,0,0,0,0,0,0,0,0,0.0003886024948791451,3.042023891780458e-18,0.0003886024948791481
0.29000000000000004,1.2869842955195279e-8,9.94545852837335e-9,0.0003914230680489215,0,0,0,0,0,0,0,0,0,0,0,0,0,0,0,0,0,0,0,0,0,0,0,0,0,5.250105739493642e-18,0,0,0,0,0,0,0,0,0.00039144588335040506,5.250105739493642e-18,0.0003914458833504103
0.29100000000000004,1.2914222250796338e-8,1.0038743035077114e-8,0.00039425552978391773,0,0,0,0,0,0,0,0,0,0,0,0,0,0,0,0,0,0,0,0,0,0,0,0,0,8.644827364653307e-18,0,0,0,0,0,0,0,0,0.0003942784827492036,8.644827364653307e-18,0.0003942784827492122
0.29200000000000004,1.2958601544596403e-8,1.0132187207944358e-8,0.0003970774331669766,0,0,0,0,0,0,0,0,0,0,0,0,0,0,0,0,0,0,0,0,0,0,0,0,0,1.3686745769903925e-17,0,0,0,0,0,0,0,0,0.0003971005239557291,1.3686745769903925e-17,0.0003971005239557428
0.29300000000000004,1.3002980836613923e-8,1.0225783202086044e-8,0.00039988900172005477,0,0,0,0,0,0,0,0,0,0,0,0,0,0,0,0,0,0,0,0,0,0,0,0,0,2.0959377712023634e-17,0,0,0,0,0,0,0,0,0.00039991223048409344,2.0959377712023634e-17,0.0003999122304841144
0.29400000000000004,1.304736012686708e-8,1.0319522986774826e-8,0.0004026904519153132,0,0,0,0,0,0,0,0,0,0,0,0,0,0,0,0,0,0,0,0,0,0,0,0,0,3.1192764375619813e-17,0,0,0,0,0,0,0,0,0.00040271381879842687,3.1192764375619813e-17,0.00040271381879845804
0.29500000000000004,1.3091739415373812e-8,1.041339834673764e-8,0.00040548199347414466,0,0,0,0,0,0,0,0,0,0,0,0,0,0,0,0,0,0,0,0,0,0,0,0,0,4.527738218279782e-17,0,0,0,0,0,0,0,0,0.00040550549861190677,4.527738218279782e-17,0.00040550549861195203
0.29600000000000004,1.3136118702151835e-8,1.0507400883272444e-8,0.00040826382965024425,0,0,0,0,0,0,0,0,0,0,0,0,0,0,0,0,0,0,0,0,0,0,0,0,0,6.430997894941148e-17,0,0,0,0,0,0,0,0,0.00040828747316982967,6.430997894941148e-17,0.00040828747316989396
0.29700000000000004,1.3180497987218593e-8,1.060152201519875e-8,0.0004110361574977448,0,0,0,0,0,0,0,0,0,0,0,0,0,0,0,0,0,0,0,0,0,0,0,0,0,8.957078689839884e-17,0,0,0,0,0,0,0,0,0.0004110599395177472,8.957078689839884e-17,0.00041105993951783676
0.29800000000000004,1.3224877270591327e-8,1.0695752979651358e-8,0.00041379916812537003,0,0,0,0,0,0,0,0,0,0,0,0,0,0,0,0,0,0,0,0,0,0,0,0,0,1.2262737217003037e-16,0,0,0,0,0,0,0,0,0.00041382308875562027,1.2262737217003037e-16,0.0004138230887557429
0.299,1.3269256552287028e-8,1.0790084832725495e-8,0.0004165530469374766,0,0,0,0,0,0,0,0,0,0,0,0,0,0,0,0,0,0,0,0,0,0,0,0,0,1.6529411041968755e-16,0,0,0,0,0,0,0,0,0.0004165771062788616,1.6529411041968755e-16,0.00041657710627902687
0.3,1.3313635832322469e-8,1.0884508449981115e-8,0.00041929797386280437,0,0,0,0,0,0,0,0,0,0,0,0,0,0,0,0,0,0,0,0,0,0,0,0,0,2.197462191276508e-16,0,0,0,0,0,0,0,0,0.00041932217200708666,2.197462191276508e-16,0.0004193221720073064
0.301,1.3358015110714194e-8,1.0979014526813715e-8,0.00042203412357168517,0,0,0,0,0,0,0,0,0,0,0,0,0,0,0,0,0,0,0,0,0,0,0,0,0,2.884758305445314e-16,0,0,0,0,0,0,0,0,0.0004220584606013227,2.884758305445314e-16,0.00042205846060161116
0.302,1.3402394387478535e-8,1.1073593578698026e-8,0.000424761665682413,0,0,0,0,0,0,0,0,0,0,0,0,0,0,0,0,0,0,0,0,0,0,0,0,0,3.7435949955663535e-16,0,0,0,0,0,0,0,0,0.00042478614167037917,3.7435949955663535e-16,0.00042478614167075355
0.303,1.3446773662631605e-8,1.1168235941310858e-8,0.0004274807649574254,0,0,0,0,0,0,0,0,0,0,0,0,0,0,0,0,0,0,0,0,0,0,0,0,0,4.808165317294428e-16,0,0,0,0,0,0,0,0,0.00042750537996702936,4.808165317294428e-16,0.00042750537996751015
0.304,1.3491152936189305e-8,1.1262931770538642e-8,0.0004301915814899022,0,0,0,0,0,0,0,0,0,0,0,0,0,0,0,0,0,0,0,0,0,0,0,0,0,6.11526276459545e-16,0,0,0,0,0,0,0,0,0.00043021633557460893,6.11526276459545e-16,0.00043021633557522047
0.305,1.3535532208167324e-8,1.1357671042375142e-8,0.0004328942708813444,0,0,0,0,0,0,0,0,0,0,0,0,0,0,0,0,0,0,0,0,0,0,0,0,0,7.708089357816665e-16,0,0,0,0,0,0,0,0,0.00043291916408459496,7.708089357816665e-16,0.00043291916408536577
0.306,1.3579911478581152e-8,1.145244355271375e-8,0.000435588984410658,0,0,0,0,0,0,0,0,0,0,0,0,0,0,0,0,0,0,0,0,0,0,0,0,0,9.637659764051135e-16,0,0,0,0,0,0,0,0,0.00043561401676568934,9.637659764051135e-16,0.0004356140167666531
0.307,1.3624290747446073e-8,1.154723891703934e-8,0.0004382758691952321,0,0,0,0,0,0,0,0,0,0,0,0,0,0,0,0,0,0,0,0,0,0,0,0,0,1.1958752317430658e-15,0,0,0,0,0,0,0,0,0.0004383010407248966,1.1958752317430658e-15,0.00043830104072609246
0.308,1.3668670014777175e-8,1.1642046570023437e-8,0.0004409550683444675,0,0,0,0,0,0,0,0,0,0,0,0,0,0,0,0,0,0,0,0,0,0,0,0,0,1.473522246506771e-15,0,0,0,0,0,0,0,0,0.0004409803790610523,1.473522246506771e-15,0.00044098037906252583
0.309,1.3713049280589348e-8,1.1736855765026828e-8,0.00044362672110618146,0,0,0,0,0,0,0,0,0,0,0,0,0,0,0,0,0,0,0,0,0,0,0,0,0,1.8036192149006162e-15,0,0,0,0,0,0,0,0,0.0004436521710112271,1.8036192149006162e-15,0.0004436521710130307
0.31,1.3757428544897299e-8,1.1831655573513039e-8,0.0004462909630062877,0,0,0,0,0,0,0,0,0,0,0,0,0,0,0,0,0,0,0,0,0,0,0,0,0,2.194204442565603e-15,0,0,0,0,0,0,0,0,0.0004463165520904061,2.194204442565603e-15,0.0004463165520926003
0.311,1.3801807807715522e-8,1.1926434884376054e-8,0.00044894792598212057,0,0,0,0,0,0,0,0,0,0,0,0,0,0,0,0,0,0,0,0,0,0,0,0,0,2.6539834368491558e-15,0,0,0,0,0,0,0,0,0.00044897365422481264,2.6539834368491558e-15,0.0004489736542274666
0.312,1.3846187069058358e-8,1.2021182403185336e-8,0.00045159773850975544,0,0,0,0,0,0,0,0,0,0,0,0,0,0,0,0,0,0,0,0,0,0,0,0,0,3.1927230593584622e-15,0,0,0,0,0,0,0,0,0.0004516236058792277,3.1927230593584622e-15,0.0004516236058824204
0.313,1.389056632893994e-8,1.2115886651351087e-8,0.00045424052572564836,0,0,0,0,0,0,0,0,0,0,0,0,0,0,0,0,0,0,0,0,0,0,0,0,0,3.821535041289273e-15,0,0,0,0,0,0,0,0,0.00045426653217862863,3.821535041289273e-15,0.00045426653218245017
0.314,1.393494558737423e-8,1.2210535965212251e-8,0.0004568764095428998,0,0,0,0,0,0,0,0,0,0,0,0,0,0,0,0,0,0,0,0,0,0,0,0,0,4.552425369931024e-15,0,0,0,0,0,0,0,0,0.00045690255502445237,4.552425369931024e-15,0.00045690255502900477
0.315,1.397932484437501e-8,1.2305118495049901e-8,0.00045950550876242983,0,0,0,0,0,0,0,0,0,0,0,0,0,0,0,0,0,0,0,0,0,0,0,0,0,5.398732816903825e-15,0,0,0,0,0,0,0,0,0.00045953179320576924,5.398732816903825e-15,0.000459531793211168
0.316,1.40237040999559e-8,1.2399622204028213e-8,0.0004621279391793333,0,0,0,0,0,0,0,0,0,0,0,0,0,0,0,0,0,0,0,0,0,0,0,0,0,6.375206198370711e-15,0,0,0,0,0,0,0,0,0.0004621543625056373,6.375206198370711e-15,0.00046215436251201254
0.317,1.4068083354130323e-8,1.2494034867065212e-8,0.0004647438136846642,0,0,0,0,0,0,0,0,0,0,0,0,0,0,0,0,0,0,0,0,0,0,0,0,0,7.497246574129075e-15,0,0,0,0,0,0,0,0,0.0004647703758028854,7.497246574129075e-15,0.00046477037581038263
0.318,1.4112462606911557e-8,1.258834406963524e-8,0.00046735324236288757,0,0,0,0,0,0,0,0,0,0,0,0,0,0,0,0,0,0,0,0,0,0,0,0,0,8.784192220076404e-15,0,0,0,0,0,0,0,0,0.0004673799431695641,8.784192220076404e-15,0.00046737994317834833
0.319,1.41568418583127e-8,1.2682537206505162e-8,0.00046995633258522244,0,0,0,0,0,0,0,0,0,0,0,0,0,0,0,0,0,0,0,0,0,0,0,0,0,1.0254897724856017e-14,0,0,0,0,0,0,0,0,0.00046998317196428725,1.0254897724856017e-14,0.0004699831719745421
0.32,1.4201221108346698e-8,1.2776601480405737e-8,0.0004725531890990796,0,0,0,0,0,0,0,0,0,0,0,0,0,0,0,0,0,0,0,0,0,0,0,0,0,1.1933013361460593e-14,0,0,0,0,0,0,0,0,0.0004725801669216684,1.1933013361460593e-14,0.0004725801669336014
0.321,1.4245600357026313e-8,1.2870523900640268e-8,0.00047514391411379657,0,0,0,0,0,0,0,0,0,0,0,0,0,0,0,0,0,0,0,0,0,0,0,0,0,1.3837839615334666e-14,0,0,0,0,0,0,0,0,0.00047517103023805423,1.3837839615334666e-14,0.00047517103025189206
0.322,1.4289979604364178e-8,1.2964291281631415e-8,0.00047772860738285003,0,0,0,0,0,0,0,0,0,0,0,0,0,0,0,0,0,0,0,0,0,0,0,0,0,1.599686321137239e-14,0,0,0,0,0,0,0,0,0.00047775586165373606,1.599686321137239e-14,0.0004777558616697329
0.323,1.4334358850372751e-8,1.3057890241408367e-8,0.00048030736628272265,0,0,0,0,0,0,0,0,0,0,0,0,0,0,0,0,0,0,0,0,0,0,0,0,0,1.843795331027784e-14,0,0,0,0,0,0,0,0,0.0004803347585318144,1.843795331027784e-14,0.00048033475855025235
0.324,1.4378738095064339e-8,1.3151307200034957e-8,0.0004828802858885874,0,0,0,0,0,0,0,0,0,0,0,0,0,0,0,0,0,0,0,0,0,0,0,0,0,2.118913160467759e-14,0,0,0,0,0,0,0,0,0.0004829078159338825,2.118913160467759e-14,0.0004829078159550716
0.325,1.4423117338451098e-8,1.324452837798058e-8,0.00048544745904696257,0,0,0,0,0,0,0,0,0,0,0,0,0,0,0,0,0,0,0,0,0,0,0,0,0,2.4287678023369687e-14,0,0,0,0,0,0,0,0,0.000485475126692679,2.4287678023369687e-14,0.0004854751267169667
0.326,1.4467496580545039e-8,1.3337539794434782e-8,0.00048800897644548616,0,0,0,0,0,0,0,0,0,0,0,0,0,0,0,0,0,0,0,0,0,0,0,0,0,2.7767388474296625e-14,0,0,0,0,0,0,0,0,0.0004880367814818611,2.7767388474296625e-14,0.0004880367815096285
0.327,1.4511875821358018e-8,1.3430327265566733e-8,0.0004905649266799447,0,0,0,0,0,0,0,0,0,0,0,0,0,0,0,0,0,0,0,0,0,0,0,0,0,3.1667103045316377e-14,0,0,0,0,0,0,0,0,0.0004905928688830316,3.1667103045316377e-14,0.0004905928689146986
0.328,1.4556255060901757e-8,1.3522876402730735e-8,0.0004931153963186895,0,0,0,0,0,0,0,0,0,0,0,0,0,0,0,0,0,0,0,0,0,0,0,0,0,3.6028898086524954e-14,0,0,0,0,0,0,0,0,0.0004931434754501531,3.6028898086524954e-14,0.000493143475486182
0.329,1.4600634299187822e-8,1.361517261061881e-8,0.0004956604699645581,0,0,0,0,0,0,0,0,0,0,0,0,0,0,0,0,0,0,0,0,0,0,0,0,0,4.0898306349104446e-14,0,0,0,0,0,0,0,0,0.0004956886857714679,4.0898306349104446e-14,0.0004956886858123662
0.33,1.4645013536227656e-8,1.3707201085361042e-8,0.0004982002303144243,0,0,0,0,0,0,0,0,0,0,0,0,0,0,0,0,0,0,0,0,0,0,0,0,0,4.632454968324305e-14,0,0,0,0,0,0,0,0,0.0004982285825290459,4.632454968324305e-14,0.0004982285825753705
0.331,1.4689392772032547e-8,1.3798946812575128e-8,0.0005007347582164774,0,0,0,0,0,0,0,0,0,0,0,0,0,0,0,0,0,0,0,0,0,0,0,0,0,5.236078493904177e-14,0,0,0,0,0,0,0,0,0.000500763246556062,5.236078493904177e-14,0.0005007632466084228
0.332,1.4733772006613666e-8,1.3890394565365796e-8,0.0005032641327253444,0,0,0,0,0,0,0,0,0,0,0,0,0,0,0,0,0,0,0,0,0,0,0,0,0,5.906436374699007e-14,0,0,0,0,0,0,0,0,0.0005032927568919163,5.906436374699007e-14,0.0005032927569509808
0.333,1.4778151239982017e-8,1.3981528902274718e-8,0.000505788431155144,0,0,0,0,0,0,0,0,0,0,0,0,0,0,0,0,0,0,0,0,0,0,0,0,0,6.649710688830258e-14,0,0,0,0,0,0,0,0,0.0005058171908352863,6.649710688830258e-14,0.0005058171909017834
0.334,1.4822530472148507e-8,1.4072334165182475e-8,0.0005083077291305735,0,0,0,0,0,0,0,0,0,0,0,0,0,0,0,0,0,0,0,0,0,0,0,0,0,7.472559400142885e-14,0,0,0,0,0,0,0,0,0.0005083366239952108,7.472559400142885e-14,0.0005083366240699364
0.335,1.4866909703123905e-8,1.4162794477162748e-8,0.0005108221006361115,0,0,0,0,0,0,0,0,0,0,0,0,0,0,0,0,0,0,0,0,0,0,0,0,0,8.382146940839551e-14,0,0,0,0,0,0,0,0,0.0005108511303402918,8.382146940839551e-14,0.0005108511304241133
0.336,1.491128893291883e-8,1.425289374029008e-8,0.0005133316180634195,0,0,0,0,0,0,0,0,0,0,0,0,0,0,0,0,0,0,0,0,0,0,0,0,0,9.386176488452844e-14,0,0,0,0,0,0,0,0,0.0005133607822460927,9.386176488452844e-14,0.0005133607823399545
0.337,1.4955668161543803e-8,1.4342615633401738e-8,0.0005158363522570288,0,0,0,0,0,0,0,0,0,0,0,0,0,0,0,0,0,0,0,0,0,0,0,0,0,1.0492924023663975e-13,0,0,0,0,0,0,0,0,0.0005158656505408237,1.0492924023663975e-13,0.0005158656506457529
0.338,1.5000047389009202e-8,1.4431943609814946e-8,0.0005183363725583768,0,0,0,0,0,0,0,0,0,0,0,0,0,0,0,0,0,0,0,0,0,0,0,0,0,1.1712554987251067e-13,0,0,0,0,0,0,0,0,0.0005183658045493757,1.1712554987251067e-13,0.0005183658046665013
0.339,1.5044426615325294e-8,1.4520860894999867e-8,0.0005208317468482748,0,0,0,0,0,0,0,0,0,0,0,0,0,0,0,0,0,0,0,0,0,0,0,0,0,1.305218575111049e-13,0,0,0,0,0,0,0,0,0.0005208613121357851,1.305218575111049e-13,0.000520861312266307
0.34,1.5088805840502212e-8,1.4609350484209611e-8,0.0005233225415878669,0,0,0,0,0,0,0,0,0,0,0,0,0,0,0,0,0,0,0,0,0,0,0,0,0,1.45231828602093e-13,0,0,0,0,0,0,0,0,0.0005233522397441916,1.45231828602093e-13,0.0005233522398894234
0.341,1.5133185064549985e-8,1.4697395140068226e-8,0.000525808821858148,0,0,0,0,0,0,0,0,0,0,0,0,0,0,0,0,0,0,0,0,0,0,0,0,0,1.6136494180436367e-13,0,0,0,0,0,0,0,0,0.0005258386524383525,1.6136494180436367e-13,0.0005258386525997175
0.342,1.5177564287478517e-8,1.4784977390117305e-8,0.0005282906513981037,0,0,0,0,0,0,0,0,0,0,0,0,0,0,0,0,0,0,0,0,0,0,0,0,0,1.7903840815870558e-13,0,0,0,0,0,0,0,0,0.0005283206139397813,1.7903840815870558e-13,0.0005283206141188197
0.343,1.52219435092976e-8,1.4872079524322531e-8,0.0005307680926415246,0,0,0,0,0,0,0,0,0,0,0,0,0,0,0,0,0,0,0,0,0,0,0,0,0,1.9834058184735594e-13,0,0,0,0,0,0,0,0,0.0005307981866645582,1.9834058184735594e-13,0.0005307981868628988
0.34400000000000003,1.5266322730016897e-8,1.4958683592540925e-8,0.0005332412067525553,0,0,0,0,0,0,0,0,0,0,0,0,0,0,0,0,0,0,0,0,0,0,0,0,0,2.1947573929237273e-13,0,0,0,0,0,0,0,0,0.0005332714317588779,2.1947573929237273e-13,0.0005332714319783536
0.34500000000000003,1.5310701949645984e-8,1.5044771401950333e-8,0.0005357100536600286,0,0,0,0,0,0,0,0,0,0,0,0,0,0,0,0,0,0,0,0,0,0,0,0,0,2.425537254383442e-13,0,0,0,0,0,0,0,0,0.0005357404091333802,2.425537254383442e-13,0.0005357404093759339
0.34600000000000003,1.5355081168194313e-8,1.5130324514441653e-8,0.0005381746920906353,0,0,0,0,0,0,0,0,0,0,0,0,0,0,0,0,0,0,0,0,0,0,0,0,0,2.6775705125854574e-13,0,0,0,0,0,0,0,0,0.0005382051774963179,2.6775705125854574e-13,0.000538205177764075
0.34700000000000003,1.5399460385671222e-8,1.5215324243975848e-8,0.0005406351796009758,0,0,0,0,0,0,0,0,0,0,0,0,0,0,0,0,0,0,0,0,0,0,0,0,0,2.9519321186691e-13,0,0,0,0,0,0,0,0,0.0005406657943856054,2.9519321186691e-13,0.0005406657946807987
0.34800000000000003,1.544383960208595e-8,1.529975165390613e-8,0.0005430915726085415,0,0,0,0,0,0,0,0,0,0,0,0,0,0,0,0,0,0,0,0,0,0,0,0,0,3.250632504534647e-13,0,0,0,0,0,0,0,0,0.0005431223161997975,3.250632504534647e-13,0.0005431223165248607
0.34900000000000003,1.548821881744763e-8,1.538358755426764e-8,0.0005455439264216661,0,0,0,0,0,0,0,0,0,0,0,0,0,0,0,0,0,0,0,0,0,0,0,0,0,3.5755227489961047e-13,0,0,0,0,0,0,0,0,0.0005455747982280378,3.5755227489961047e-13,0.0005455747985855901
0.35000000000000003,1.5532598031765286e-8,1.546681249903539e-8,0.00054799229526849,0,0,0,0,0,0,0,0,0,0,0,0,0,0,0,0,0,0,0,0,0,0,0,0,0,3.928600795858274e-13,0,0,0,0,0,0,0,0,0.0005480232946790208,3.928600795858274e-13,0.0005480232950718809
0.35100000000000003,1.557697724504784e-8,1.5549406783352305e-8,0.0005504367323249761,0,0,0,0,0,0,0,0,0,0,0,0,0,0,0,0,0,0,0,0,0,0,0,0,0,4.312123502727035e-13,0,0,0,0,0,0,0,0,0.0005504678587090045,4.312123502727035e-13,0.0005504678591402169
0.35200000000000004,1.5621356457304114e-8,1.5631350440729373e-8,0.000552877289742016,0,0,0,0,0,0,0,0,0,0,0,0,0,0,0,0,0,0,0,0,0,0,0,0,0,4.728049104575125e-13,0,0,0,0,0,0,0,0,0.000552908542448914,4.728049104575125e-13,0.0005529085429217189
0.35300000000000004,1.566573566854283e-8,1.571262324021913e-8,0.0005553140186716582,0,0,0,0,0,0,0,0,0,0,0,0,0,0,0,0,0,0,0,0,0,0,0,0,0,5.178751320843899e-13,0,0,0,0,0,0,0,0,0.0005553453970305669,5.178751320843899e-13,0.000555345397548442
0.35400000000000004,1.5710114878772618e-8,1.5793204683564995e-8,0.0005577469692924977,0,0,0,0,0,0,0,0,0,0,0,0,0,0,0,0,0,0,0,0,0,0,0,0,0,5.667081603949464e-13,0,0,0,0,0,0,0,0,0.00055777847261206,5.667081603949464e-13,0.0005577784731787682
0.35500000000000004,1.5754494088001997e-8,1.5873074002328202e-8,0.0005601761908342554,0,0,0,0,0,0,0,0,0,0,0,0,0,0,0,0,0,0,0,0,0,0,0,0,0,6.195260029595357e-13,0,0,0,0,0,0,0,0,0.0005602078184023457,6.195260029595357e-13,0.0005602078190218718
0.35600000000000004,1.5798873296239394e-8,1.595221015499508e-8,0.0005626017316015795,0,0,0,0,0,0,0,0,0,0,0,0,0,0,0,0,0,0,0,0,0,0,0,0,0,6.766823249536406e-13,0,0,0,0,0,0,0,0,0.0005626334826850307,6.766823249536406e-13,0.0005626334833617131
0.35700000000000004,1.584325250349316e-8,1.6030591824066322e-8,0.0005650236389971006,0,0,0,0,0,0,0,0,0,0,0,0,0,0,0,0,0,0,0,0,0,0,0,0,0,7.384354206967492e-13,0,0,0,0,0,0,0,0,0.0005650555128414281,7.384354206967492e-13,0.0005650555135798636
0.35800000000000004,1.588763170977152e-8,1.610819741313192e-8,0.0005674419595437629,0,0,0,0,0,0,0,0,0,0,0,0,0,0,0,0,0,0,0,0,0,0,0,0,0,8.052298275633542e-13,0,0,0,0,0,0,0,0,0.0005674739553728858,8.052298275633542e-13,0.0005674739561781156
0.35900000000000004,1.593201091508264e-8,1.6185005043933806e-8,0.0005698567389064689,0,0,0,0,0,0,0,0,0,0,0,0,0,0,0,0,0,0,0,0,0,0,0,0,0,8.772279301551138e-13,0,0,0,0,0,0,0,0,0.0005698888559224279,8.772279301551138e-13,0.0005698888567996559
0.36000000000000004,1.5976390119434573e-8,1.6260992553419617e-8,0.0005722680219130501,0,0,0,0,0,0,0,0,0,0,0,0,0,0,0,0,0,0,0,0,0,0,0,0,0,9.547304718579508e-13,0,0,0,0,0,0,0,0,0.0005723002592957229,9.547304718579508e-13,0.0005723002602504533
0.36100000000000004,1.6020769322835293e-8,1.633613749079094e-8,0.0005746758525746015,0,0,0,0,0,0,0,0,0,0,0,0,0,0,0,0,0,0,0,0,0,0,0,0,0,1.0384273773787109e-12,0,0,0,0,0,0,0,0,0.0005747082094814151,1.0384273773787109e-12,0.0005747082105198425
0.362,1.6065148525292676e-8,1.6410417114549592e-8,0.0005770802741051935,0,0,0,0,0,0,0,0,0,0,0,0,0,0,0,0,0,0,0,0,0,0,0,0,0,1.1285584844725518e-12,0,0,0,0,0,0,0,0,0.0005771127496708334,1.1285584844725518e-12,0.0005771127507993919
0.363,1.610952772681452e-8,1.6483808389545687e-8,0.0005794813289409895,0,0,0,0,0,0,0,0,0,0,0,0,0,0,0,0,0,0,0,0,0,0,0,0,0,1.225555545068721e-12,0,0,0,0,0,0,0,0,0.0005795139222771058,1.225555545068721e-12,0.0005795139235026614
0.364,1.6153906927408546e-8,1.6556287984031598e-8,0.00058187905875879,0,0,0,0,0,0,0,0,0,0,0,0,0,0,0,0,0,0,0,0,0,0,0,0,0,1.3300722756056575e-12,0,0,0,0,0,0,0,0,0.0005819117689537014,1.3300722756056575e-12,0.0005819117702837737
0.365,1.6198286127082364e-8,1.6627832266726825e-8,0.0005842735044940214,0,0,0,0,0,0,0,0,0,0,0,0,0,0,0,0,0,0,0,0,0,0,0,0,0,1.4423351013165416e-12,0,0,0,0,0,0,0,0,0.0005843063306124152,1.4423351013165416e-12,0.0005843063320547503
0.366,1.6242665325843534e-8,1.6698417303897924e-8,0.0005866647063581937,0,0,0,0,0,0,0,0,0,0,0,0,0,0,0,0,0,0,0,0,0,0,0,0,0,1.5630504357781425e-12,0,0,0,0,0,0,0,0,0.0005866976474408235,1.5630504357781425e-12,0.0005866976490038739
0.367,1.6287044523699507e-8,1.6768018856459075e-8,0.00058905270385584,0,0,0,0,0,0,0,0,0,0,0,0,0,0,0,0,0,0,0,0,0,0,0,0,0,1.69258962063131e-12,0,0,0,0,0,0,0,0,0.0005890857589192202,1.69258962063131e-12,0.0005890857606118098
0.368,1.6331423720657658e-8,1.683661237709916e-8,0.0005914375358009635,0,0,0,0,0,0,0,0,0,0,0,0,0,0,0,0,0,0,0,0,0,0,0,0,0,1.8313297145060445e-12,0,0,0,0,0,0,0,0,0.0005914707038370612,1.8313297145060445e-12,0.0005914707056683909
0.369,1.63758029167253e-8,1.690417300744068e-8,0.0005938192403330044,0,0,0,0,0,0,0,0,0,0,0,0,0,0,0,0,0,0,0,0,0,0,0,0,0,1.9804034912010713e-12,0,0,0,0,0,0,0,0,0.0005938525203089285,1.9804034912010713e-12,0.000593852522289332
0.37,1.6420182111909638e-8,1.6970675575238037e-8,0.0005961978549323427,0,0,0,0,0,0,0,0,0,0,0,0,0,0,0,0,0,0,0,0,0,0,0,0,0,2.1405025178733853e-12,0,0,0,0,0,0,0,0,0.0005962312457900298,2.1405025178733853e-12,0.0005962312479305324
0.371,1.646456130621782e-8,1.7036094591621453e-8,0.0005985734164353584,0,0,0,0,0,0,0,0,0,0,0,0,0,0,0,0,0,0,0,0,0,0,0,0,0,2.3121611822080692e-12,0,0,0,0,0,0,0,0,0.0005986069170912562,2.3121611822080692e-12,0.0005986069194034174
0.372,1.6508940499656917e-8,1.7100404248394308e-8,0.0006009459610490593,0,0,0,0,0,0,0,0,0,0,0,0,0,0,0,0,0,0,0,0,0,0,0,0,0,2.495991480544152e-12,0,0,0,0,0,0,0,0,0.0006009795703938073,2.495991480544152e-12,0.0006009795728897988
0.373,1.655331969223392e-8,1.7163578415392553e-8,0.0006033155243652926,0,0,0,0,0,0,0,0,0,0,0,0,0,0,0,0,0,0,0,0,0,0,0,0,0,2.692293596823903e-12,0,0,0,0,0,0,0,0,0.0006033492412634002,2.692293596823903e-12,0.0006033492439556937
0.374,1.6597698883955733e-8,1.722559063791422e-8,0.0006056821413745568,0,0,0,0,0,0,0,0,0,0,0,0,0,0,0,0,0,0,0,0,0,0,0,0,0,2.90304877560457e-12,0,0,0,0,0,0,0,0,0.0006057159646640786,2.90304877560457e-12,0.0006057159675671274
0.375,1.664207807482921e-8,1.728641413422922e-8,0.0006080458464794239,0,0,0,0,0,0,0,0,0,0,0,0,0,0,0,0,0,0,0,0,0,0,0,0,0,3.128212527227452e-12,0,0,0,0,0,0,0,0,0.000608079774971633,3.128212527227452e-12,0.0006080797780998455
0.376,1.6686457264861113e-8,1.7346021793179243e-8,0.0006104066735075884,0,0,0,0,0,0,0,0,0,0,0,0,0,0,0,0,0,0,0,0,0,0,0,0,0,3.3686972989043997e-12,0,0,0,0,0,0,0,0,0.0006104407059866465,3.3686972989043997e-12,0.0006104407093553437
0.377,1.6730836454058136e-8,1.740438617187897e-8,0.0006127646557245534,0,0,0,0,0,0,0,0,0,0,0,0,0,0,0,0,0,0,0,0,0,0,0,0,0,3.6264346305416716e-12,0,0,0,0,0,0,0,0,0.0006127987909471794,3.6264346305416716e-12,0.0006127987945736141
0.378,1.6775215642426913e-8,1.7461479493530328e-8,0.0006151198258459656,0,0,0,0,0,0,0,0,0,0,0,0,0,0,0,0,0,0,0,0,0,0,0,0,0,3.900699915989774e-12,0,0,0,0,0,0,0,0,0.0006151540625411016,3.900699915989774e-12,0.0006151540664418015
0.379,1.681959482997399e-8,1.7517273645362606e-8,0.0006174722160496143,0,0,0,0,0,0,0,0,0,0,0,0,0,0,0,0,0,0,0,0,0,0,0,0,0,4.194365073315875e-12,0,0,0,0,0,0,0,0,0.0006175065529180897,4.194365073315875e-12,0.0006175065571124548
0.38,1.6863974016705865e-8,1.7571740176712182e-8,0.0006198218579871014,0,0,0,0,0,0,0,0,0,0,0,0,0,0,0,0,0,0,0,0,0,0,0,0,0,4.508015644078153e-12,0,0,0,0,0,0,0,0,0.0006198562937012948,4.508015644078153e-12,0.0006198562982093104
0.381,1.6908353202628954e-8,1.7624850297256646e-8,0.000622168782795194,0,0,0,0,0,0,0,0,0,0,0,0,0,0,0,0,0,0,0,0,0,0,0,0,0,4.843371687447471e-12,0,0,0,0,0,0,0,0,0.0006222033159986939,4.843371687447471e-12,0.0006222033208420656
0.382,1.69527323877496e-8,1.767657487541898e-8,0.0006245130211068733,0,0,0,0,0,0,0,0,0,0,0,0,0,0,0,0,0,0,0,0,0,0,0,0,0,5.200908956956995e-12,0,0,0,0,0,0,0,0,0.0006245476504141365,5.200908956956995e-12,0.0006245476556150455
0.383,1.699711157207411e-8,1.772688443695951e-8,0.0006268546030620858,0,0,0,0,0,0,0,0,0,0,0,0,0,0,0,0,0,0,0,0,0,0,0,0,0,5.5807485119594015e-12,0,0,0,0,0,0,0,0,0.0006268893270580948,5.5807485119594015e-12,0.0006268893326388434
0.384,1.7041490755608672e-8,1.7775749163773317e-8,0.0006291935583182062,0,0,0,0,0,0,0,0,0,0,0,0,0,0,0,0,0,0,0,0,0,0,0,0,0,5.986918241855843e-12,0,0,0,0,0,0,0,0,0.0006292283755581256,5.986918241855843e-12,0.0006292283815450438
0.385,1.708586993835947e-8,1.7823138892913507e-8,0.0006315299160602265,0,0,0,0,0,0,0,0,0,0,0,0,0,0,0,0,0,0,0,0,0,0,0,0,0,6.418907616699955e-12,0,0,0,0,0,0,0,0,0.0006315648250690578,6.418907616699955e-12,0.0006315648314879654
0.386,1.7130249120332583e-8,1.7869023115861375e-8,0.0006338637050106733,0,0,0,0,0,0,0,0,0,0,0,0,0,0,0,0,0,0,0,0,0,0,0,0,0,6.8798341573659555e-12,0,0,0,0,0,0,0,0,0.0006338987042829096,6.8798341573659555e-12,0.0006338987111627437
0.387,1.717462830153404e-8,1.791337097806666e-8,0.0006361949534392653,0,0,0,0,0,0,0,0,0,0,0,0,0,0,0,0,0,0,0,0,0,0,0,0,0,7.371274501105907e-12,0,0,0,0,0,0,0,0,0.000636230041438545,7.371274501105907e-12,0.0006362300488098195
0.388,1.7219007481969806e-8,1.7956151278782264e-8,0.0006385236891723203,0,0,0,0,0,0,0,0,0,0,0,0,0,0,0,0,0,0,0,0,0,0,0,0,0,7.894024395077588e-12,0,0,0,0,0,0,0,0,0.0006385588643310811,7.894024395077588e-12,0.0006385588722251055
0.389,1.7263386661645785e-8,1.799733247122049e-8,0.0006408499396019175,0,0,0,0,0,0,0,0,0,0,0,0,0,0,0,0,0,0,0,0,0,0,0,0,0,8.448159643536533e-12,0,0,0,0,0,0,0,0,0.0006408852003210503,8.448159643536533e-12,0.0006408852087692099
0.39,1.7307765840567832e-8,1.803688266305907e-8,0.0006431737316948216,0,0,0,0,0,0,0,0,0,0,0,0,0,0,0,0,0,0,0,0,0,0,0,0,0,9.040277101359565e-12,0,0,0,0,0,0,0,0,0.0006432090763433253,9.040277101359565e-12,0.0006432090853836024
0.391,1.735214501874172e-8,1.80747696173279e-8,0.0006454950920011812,0,0,0,0,0,0,0,0,0,0,0,0,0,0,0,0,0,0,0,0,0,0,0,0,0,9.670256967230355e-12,0,0,0,0,0,0,0,0,0.0006455305189158173,9.670256967230355e-12,0.0006455305285860743
0.392,1.739652419617319e-8,1.8110960753709964e-8,0.0006478140466630028,0,0,0,0,0,0,0,0,0,0,0,0,0,0,0,0,0,0,0,0,0,0,0,0,0,1.0339061478313101e-11,0,0,0,0,0,0,0,0,0.0006478495541479527,1.0339061478313101e-11,0.0006478495644870142
0.393,1.7440903372867886e-8,1.814542315029152e-8,0.0006501306214224077,0,0,0,0,0,0,0,0,0,0,0,0,0,0,0,0,0,0,0,0,0,0,0,0,0,1.1050437310650217e-11,0,0,0,0,0,0,0,0,0.0006501662077489309,1.1050437310650217e-11,0.0006501662187993681
0.394,1.7485282548831436e-8,1.8178123545800607e-8,0.0006524448416296871,0,0,0,0,0,0,0,0,0,0,0,0,0,0,0,0,0,0,0,0,0,0,0,0,0,1.1805251604906759e-11,0,0,0,0,0,0,0,0,0.0006524805050357817,1.1805251604906759e-11,0.0006524805168410334
0.395,1.752966172406939e-8,1.8209028342375383e-8,0.0006547567322511458,0,0,0,0,0,0,0,0,0,0,0,0,0,0,0,0,0,0,0,0,0,0,0,0,0,1.2609267932414696e-11,0,0,0,0,0,0,0,0,0.0006547924709412123,1.2609267932414696e-11,0.0006547924835504802
0.396,1.7574040898587236e-8,1.8238103608905877e-8,0.0006570663178767577,0,0,0,0,0,0,0,0,0,0,0,0,0,0,0,0,0,0,0,0,0,0,0,0,0,1.3460569514169532e-11,0,0,0,0,0,0,0,0,0.0006571021300212651,1.3460569514169532e-11,0.0006571021434818346
0.397,1.761842007239043e-8,1.8265315084998657e-8,0.0006593736227276246,0,0,0,0,0,0,0,0,0,0,0,0,0,0,0,0,0,0,0,0,0,0,0,0,0,1.4369701004409861e-11,0,0,0,0,0,0,0,0,0.000659409506462782,1.4369701004409861e-11,0.000659409520832483
0.398,1.7662799245484345e-8,1.8290628185614994e-8,0.0006616786706632558,0,0,0,0,0,0,0,0,0,0,0,0,0,0,0,0,0,0,0,0,0,0,0,0,0,1.5333006196328062e-11,0,0,0,0,0,0,0,0,0.0006617146240906869,1.5333006196328062e-11,0.0006617146394236931
0.399,1.7707178417874326e-8,1.8314008006438834e-8,0.0006639814851886646,0,0,0,0,0,0,0,0,0,0,0,0,0,0,0,0,0,0,0,0,0,0,0,0,0,1.6353873809317573e-11,0,0,0,0,0,0,0,0,0.0006640175063750889,1.6353873809317573e-11,0.0006640175227289627
0.4,1.775155758956565e-8,1.8335419330034605e-8,0.0006662820894612931,0,0,0,0,0,0,0,0,0,0,0,0,0,0,0,0,0,0,0,0,0,0,0,0,0,1.7434581342294746e-11,0,0,0,0,0,0,0,0,0.0006663181764382127,1.7434581342294746e-11,0.0006663181938727941
0.401,1.779593676056353e-8,1.8354826632859375e-8,0.0006685805062977664,0,0,0,0,0,0,0,0,0,0,0,0,0,0,0,0,0,0,0,0,0,0,0,0,0,1.8583334510612328e-11,0,0,0,0,0,0,0,0,0.0006686166570611598,1.8583334510612328e-11,0.0006686166756444944
0.402,1.7840315930873156e-8,1.8372194093199614e-8,0.0006708767581804871,0,0,0,0,0,0,0,0,0,0,0,0,0,0,0,0,0,0,0,0,0,0,0,0,0,1.9803197078063018e-11,0,0,0,0,0,0,0,0,0.0006709129706905111,1.9803197078063018e-11,0.0006709129904937082
0.403,1.7884695100499655e-8,1.838748560010719e-8,0.0006731708672640636,0,0,0,0,0,0,0,0,0,0,0,0,0,0,0,0,0,0,0,0,0,0,0,0,0,2.109616437481549e-11,0,0,0,0,0,0,0,0,0.0006732071394447642,2.109616437481549e-11,0.0006732071605409286
0.404,1.792907426944808e-8,1.8400664763416554e-8,0.0006754628553815918,0,0,0,0,0,0,0,0,0,0,0,0,0,0,0,0,0,0,0,0,0,0,0,0,0,2.247051259642583e-11,0,0,0,0,0,0,0,0,0.0006754991851206246,2.247051259642583e-11,0.0006754992075911373
0.405,1.7973453437723473e-8,1.8411694924929953e-8,0.000677752744050782,0,0,0,0,0,0,0,0,0,0,0,0,0,0,0,0,0,0,0,0,0,0,0,0,0,2.3923852642863447e-11,0,0,0,0,0,0,0,0,0.0006777891291991447,2.3923852642863447e-11,0.0006777891531229973
0.406,1.8017832605330794e-8,1.8420539170865477e-8,0.0006800405544799418,0,0,0,0,0,0,0,0,0,0,0,0,0,0,0,3.980624497011061e-13,0,0,0,0,0,0,0,0,0,2.546144425321125e-11,0,0,0,0,0,0,0,0,0.000680076992851718,2.585950670291236e-11,0.0006800770187112247
0.40700000000000003,1.8062211772274978e-8,1.8427160345669882e-8,0.0006823263075738168,0,0,0,0,0,0,0,0,0,0,0,0,0,0,0,1.6315912420109697e-12,0,0,0,0,0,0,0,0,0,2.7098184515076133e-11,0,0,0,0,0,0,0,0,0.0006823627969459348,2.8729775757087105e-11,0.0006823628256757105
0.40800000000000003,1.8106590938560895e-8,1.8431521067306256e-8,0.000684610023939294,0,0,0,0,0,0,0,0,0,0,0,0,0,0,0,3.7616428628455835e-12,0,0,0,0,0,0,0,0,0,2.8828957865723043e-11,0,0,0,0,0,0,0,0,0.0006846465620512998,3.259060072856862e-11,0.0006846465946419005
0.40900000000000003,1.8150970104193376e-8,1.8433583744135147e-8,0.0006868917238909729,0,0,0,0,0,0,0,0,0,0,0,0,0,0,0,6.8521006949204634e-12,0,0,0,0,0,0,0,0,0,3.066102013104799e-11,0,0,0,0,0,0,0,0,0.0006869283084448212,3.7513120825968457e-11,0.000686928345957942
0.41000000000000003,1.81953492691772e-8,1.8433310593517564e-8,0.0006891714274566051,0,0,0,0,0,0,0,0,0,0,0,0,0,0,0,1.0969807126805318e-11,0,0,0,0,0,0,0,0,0,3.260182339131686e-11,0,0,0,0,0,0,0,0,0.0006892080561164678,4.3571630518122175e-11,0.0006892080996880983
0.41100000000000003,1.8239728433517103e-8,1.8430663662278945e-8,0.0006914491543824078,0,0,0,0,0,0,0,0,0,0,0,0,0,0,0,1.61847028462909e-11,0,0,0,0,0,0,0,0,0,3.4659619384838244e-11,0,0,0,0,0,0,0,0,0.0006914858247745036,5.084432223112914e-11,0.0006914858756188259
0.41200000000000003,1.8284107597217776e-8,1.842560484918287e-8,0.0006937249241382559,0,0,0,0,0,0,0,0,0,0,0,0,0,0,0,2.2569973758953082e-11,0,0,0,0,0,0,0,0,0,3.684214194030845e-11,0,0,0,0,0,0,0,0,0.0006937616338507023,5.941211569926153e-11,0.000693761693262818
0.41300000000000003,1.8328486760283863e-8,1.8418095929577893e-8,0.0006959987559227537,0,0,0,0,0,0,0,0,0,0,0,0,0,0,0,3.021171952141125e-11,0,0,0,0,0,0,0,0,0,3.9151675278186636e-11,0,0,0,0,0,0,0,0,0.0006960355025054436,6.936339479959789e-11,0.0006960355718688384
0.41400000000000003,1.8372865922719945e-8,1.840809858239127e-8,0.0006982706686681912,0,0,0,0,0,0,0,0,0,0,0,0,0,0,0,3.9173867582868995e-11,0,0,0,0,0,0,0,0,0,4.158533242367577e-11,0,0,0,0,0,0,0,0,0.0006983074496326963,8.075920000654477e-11,0.0006983075303918963
0.41500000000000004,1.8417245084530603e-8,1.8395574419659984e-8,0.0007005406810453877,0,0,0,0,0,0,0,0,0,0,0,0,0,0,0,4.954744858849402e-11,0,0,0,0,0,0,0,0,0,4.417920800965763e-11,0,0,0,2.159100569322401e-13,0,0,0,0,0.0007005774938648919,9.394256665508389e-11,0.0007005775878074585
0.41600000000000004,1.846162424572034e-8,1.8380485018803634e-8,0.0007028088114684231,0,0,0,0,0,0,0,0,0,0,0,0,0,0,0,6.142029379001423e-11,0,0,0,0,0,0,0,0,0,4.69121589601337e-11,0,0,0,1.0386607267319378e-12,0,0,0,0,0.0007028456535776876,1.0937111347687987e-10,0.0007028457629488012
0.41700000000000004,1.8506003406293605e-8,1.836279195786137e-8,0.0007050750780992687,0,0,0,0,0,0,0,0,0,0,0,0,0,0,0,7.488434745067501e-11,0,0,0,0,0,0,0,0,0,4.981251009571082e-11,0,0,0,2.522451515705407e-12,0,0,0,0,0.0007051119468946328,1.2721930906209124e-10,0.0007051120741139419
0.41800000000000004,1.855038256625484e-8,1.8342456853932884e-8,0.0007073394988523065,0,0,0,0,0,0,0,0,0,0,0,0,0,0,0,9.003587071480107e-11,0,0,0,0,0,0,0,0,0,5.287676483090177e-11,0,0,0,4.725828043696207e-12,0,0,0,0,0.0007073763916917267,1.4763846358939903e-10,0.0007073765393301903
0.41900000000000004,1.859476172560842e-8,1.8319441405084e-8,0.0007096020913987532,0,0,0,0,0,0,0,0,0,0,0,0,0,0,0,1.070107387025282e-10,0,0,0,0,0,0,0,0,0,5.6109782054865414e-11,0,0,0,7.700582872319275e-12,0,0,0,0,0.0007096390056018838,1.708211036297129e-10,0.0007096391764229875
0.42000000000000004,1.8639140884358695e-8,1.829370743599902e-8,0.0007118628731709831,0,0,0,0,0,0,0,0,0,0,0,0,0,0,0,1.2585051682385677e-10,0,0,0,0,0,0,0,0,0,5.954600769229487e-11,0,0,0,1.1514969972426079e-11,0,0,0,0,0.0007118998060193034,1.9691149448857774e-10,0.0007119000029307979
0.42100000000000004,1.8683520042509953e-8,1.8265216947684997e-8,0.0007141218613667557,0,0,0,0,0,0,0,0,0,0,0,0,0,0,0,1.4669532452061115e-10,0,0,0,0,0,0,0,0,0,6.317775998991642e-11,0,0,0,1.620790590849292e-11,0,0,0,0,0.0007141588101037458,2.260809904190205e-10,0.0007141590361847362
0.42200000000000004,1.872789920006645e-8,1.8233932171561092e-8,0.0007163790729533505,0,0,0,0,0,0,0,0,0,0,0,0,0,0,0,1.6966101295496544e-10,0,0,0,0,0,0,0,0,0,6.700940789455496e-11,0,0,0,2.1863962279808934e-11,0,0,0,0,0.0007164160347847221,2.585343831293293e-10,0.0007164162933191052
0.42300000000000004,1.8772278357032424e-8,1.8199815628290955e-8,0.0007186345246716125,0,0,0,0,0,0,0,0,0,0,0,0,0,0,0,1.94868963190754e-10,0,0,0,0,0,0,0,0,0,7.107581870292679e-11,0,0,0,2.8564721781579962e-11,0,0,0,0,0.0007186714967655978,2.9450950367526075e-10,0.0007186717912751015
0.42400000000000004,1.8816657513412033e-8,1.816283019175032e-8,0.0007208882330399056,0,0,0,0,0,0,0,0,0,0,0,0,0,0,0,2.2222435369818865e-10,0,0,0,0,0,0,0,0,0,7.537294373062283e-11,0,0,0,3.6366514774381794e-11,0,0,0,0,0.0007209252125276107,3.3396381220319325e-10,0.0007209255464914229
0.42500000000000004,1.8861036669209422e-8,1.8122939158553467e-8,0.000723140214357983,0,0,0,0,0,0,0,0,0,0,0,0,0,0,0,2.522744039369379e-10,0,0,0,0,0,0,0,0,0,7.990225395459631e-11,0,0,0,4.535411399483773e-11,0,0,0,0,0.0007231771983338108,3.7753077188637195e-10,0.0007231775758645827
0.42600000000000005,1.890541582442869e-8,1.8080106323599327e-8,0.0007253904847107744,0,0,0,0,0,0,0,0,0,0,0,0,0,0,0,2.8496432855422087e-10,0,0,0,0,0,0,0,0,0,8.471305035874655e-11,0,0,0,5.5572140663567567e-11,0,0,0,0,0.0007254274702329224,4.25249519576535e-10,0.0007254278954824421
0.427,1.8949794979073907e-8,1.803429606213826e-8,0.0007276390599720886,0,0,0,0,0,0,0,0,0,0,0,0,0,0,0,3.204885080722402e-10,0,0,0,0,0,0,0,0,0,8.979188962948253e-11,0,0,0,6.717028886817696e-11,0,0,0,0,0.0007276760440631298,4.774506865698997e-10,0.0007276765215138163
0.428,1.8994174133149086e-8,1.7985473418904307e-8,0.0007298859558082395,0,0,0,0,0,0,0,0,0,0,0,0,0,0,0,3.589108239326935e-10,0,0,0,0,0,0,0,0,0,9.515069275244226e-11,0,0,0,8.019493711931571e-11,0,0,0,0,0.0007299229354557915,5.342564538044515e-10,0.0007299234697122454
0.429,1.9038553286658223e-8,1.7933604204906183e-8,0.0007321311876815933,0,0,0,0,0,0,0,0,0,0,0,0,0,0,0,4.004346111323859e-10,0,0,0,0,0,0,0,0,0,1.0084394363084505e-10,0,0,0,9.473167831798489e-11,0,0,0,0,0.0007321681598390848,5.960102330812158e-10,0.0007321687558493179
0.43,1.908293243960526e-8,1.7878655102520825e-8,0.0007343747708540394,0,0,0,0,0,0,0,0,0,0,0,0,0,0,0,4.452289142500265e-10,0,0,0,0,0,0,0,0,0,1.0683478039134665e-10,0,0,0,1.1093415534472849e-10,0,0,0,0,0.0007344117324415816,6.629978499861016e-10,0.0007344123954394316
0.431,1.9127311591994116e-8,1.7820593779593852e-8,0.0007366167203903915,0,0,0,0,0,0,0,0,0,0,0,0,0,0,0,4.935163843490125e-10,0,0,0,0,0,0,0,0,0,1.1318018939947242e-10,0,0,0,1.287862329577679e-10,0,0,0,0,0.0007366536682957631,7.354828067062528e-10,0.0007366544037785698
0.432,1.9171690743828658e-8,1.775938901331136e-8,0.0007388570511617108,0,0,0,0,0,0,0,0,0,0,0,0,0,0,0,5.453967782622301e-10,0,0,0,0,0,0,0,0,0,1.198862963323929e-10,0,0,0,1.4852059662731814e-10,0,0,0,0,0.000738893982241468,8.138036712219412e-10,0.0007388947960451392
0.433,1.921606989511273e-8,1.7695010824678577e-8,0.0007410957778485666,0,0,0,0,0,0,0,0,0,0,0,0,0,0,0,6.010135431569599e-10,0,0,0,0,0,0,0,0,0,1.2697340757288904e-10,0,0,0,1.7022621839534445e-10,0,0,0,0,0.0007411326889292864,8.982131691251933e-10,0.0007411335871424555
0.434,1.926044904585014e-8,1.7627430624515788e-8,0.0007433329149442227,0,0,0,0,0,0,0,0,0,0,0,0,0,0,0,6.607511889949421e-10,0,0,0,0,0,0,0,0,0,1.3447114390971002e-10,0,0,0,1.9401951896899355e-10,0,0,0,0,0.0007433698028238931,9.892418518736457e-10,0.000743370792065745
0.435,1.9304828196044665e-8,1.7556621371965434e-8,0.000745568476757761,0,0,0,0,0,0,0,0,0,0,0,0,0,0,0,7.247396765954096e-10,0,0,0,0,0,0,0,0,0,1.4241886019087495e-10,0,0,0,2.199046780272777e-10,0,0,0,0,0.0007456053382073291,1.0870632148135623e-9,0.0007456064252705439
0.436,1.9349207345700023e-8,1.7482557746596313e-8,0.0007478024774171393,0,0,0,0,0,0,0,0,0,0,0,0,0,0,0,7.934085904547222e-10,0,0,0,0,0,0,0,0,0,1.5076514955165122e-10,0,0,0,2.4818670859032456e-10,0,0,0,0,0.0007478393091822316,1.192360448596698e-9,0.0007478405015426802
0.437,1.9393586494819927e-8,1.740521633529055e-8,0.0007500349308721857,0,0,0,0,0,0,0,0,0,0,0,0,0,0,0,8.666089614388606e-10,0,0,0,0,0,0,0,0,0,1.5963849118292096e-10,0,0,0,2.787296366396924e-10,0,0,0,0,0.0007500717296750158,1.304977089261474e-9,0.000750073034652105
0.438,1.943796564340804e-8,1.7324575835210807e-8,0.0007522658508975317,0,0,0,0,0,0,0,0,0,0,0,0,0,0,0,9.447775074931096e-10,0,0,0,0,0,0,0,0,0,1.6902671509937276e-10,0,0,0,3.122559356174614e-10,0,0,0,0,0.0007523026134390104,1.4260601582099437e-9,0.0007523040394991686
0.439,1.9482344791468002e-8,1.724061727426684e-8,0.0007544952510954862,0,0,0,0,0,0,0,0,0,0,0,0,0,0,0,1.0284885609026975e-9,0,0,0,0,0,0,0,0,0,1.7891101118222158e-10,0,0,0,3.483982242939855e-10,0,0,0,0,0.000754531974057552,1.5557977963789044e-9,0.0007545335298553483
0.44,1.9526723939003415e-8,1.7153324250634636e-8,0.0007567231448988488,0,0,0,0,0,0,0,0,0,0,0,0,0,0,0,1.1174267158973357e-9,0,0,0,0,0,0,0,0,0,1.893544615210959e-10,0,0,0,3.875814658008182e-10,0,0,0,0,0.0007567598249470385,1.6943626432192497e-9,0.0007567615193096817
0.441,1.957110308601783e-8,1.7062683193030693e-8,0.000758949545573668,0,0,0,0,0,0,0,0,0,0,0,0,0,0,0,1.211885690615041e-9,0,0,0,0,0,0,0,0,0,2.0041612627864416e-10,0,0,0,4.299358031428086e-10,0,0,0,0,0.000758986179359947,1.8422376200364937e-9,0.0007589880215975671
0.442,1.9615482232514804e-8,1.6968683643606854e-8,0.0007611744662219435,0,0,0,0,0,0,0,0,0,0,0,0,0,0,0,1.3127145695835022e-9,0,0,0,0,0,0,0,0,0,2.1211493186316583e-10,0,0,0,4.754677482399898e-10,0,0,0,0,0.0007612110503878196,2.000297249686658e-9,0.0007612130506850693
0.443,1.9659861378497828e-8,1.6871318565512506e-8,0.0007633979197842724,0,0,0,0,0,0,0,0,0,0,0,0,0,0,0,1.42038122755978e-9,0,0,0,0,0,0,0,0,0,2.2446767860240063e-10,0,0,0,5.244930661548982e-10,0,0,0,0,0.0007634344509642164,2.169341972317079e-9,0.0007634366203061887
0.444,1.9704240523970385e-8,1.6770584677371164e-8,0.0007656199190424432,0,0,0,0,0,0,0,0,0,0,0,0,0,0,0,1.534455594066251e-9,0,0,0,0,0,0,0,0,0,2.375463038378002e-10,0,0,0,5.77033595929305e-10,0,0,0,0,0.0007656563938676445,2.349035493833356e-9,0.0007656587429031383
0.445,1.9748619668935914e-8,1.6666482817139642e-8,0.000767840476621981,0,0,0,0,0,0,0,0,0,0,0,0,0,0,0,1.6554303542596146e-9,0,0,0,0,0,0,0,0,0,2.513499413693551e-10,0,0,0,6.336517418822352e-10,0,0,0,0,0.0007678768917244671,2.540432037511205e-9,0.0007678794321565045
0.446,1.979299881339781e-8,1.6559018338062657e-8,0.0007700596049946357,0,0,0,0,0,0,0,0,0,0,0,0,0,0,0,1.7841428229565875e-9,0,0,0,0,0,0,0,0,0,2.659913950888992e-10,0,0,0,6.942487213803345e-10,0,0,0,0,0.0007700959570117871,2.744382939425821e-9,0.0007700987013947266
0.447,1.9837377957359477e-8,1.644820153970899e-8,0.0007722773164808274,0,0,0,0,0,0,0,0,0,0,0,0,0,0,0,1.9202822569669293e-9,0,0,0,0,0,0,0,0,0,2.8149552399968023e-10,0,0,0,7.593981188214286e-10,0,0,0,0,0.0007723136020603244,2.961175899788038e-9,0.0007723165632362241
0.448,1.988175710082425e-8,1.633404813737453e-8,0.0007744936232520393,0,0,0,0,0,0,0,0,0,0,0,0,0,0,0,2.065223935146256e-9,0,0,0,0,0,0,0,0,0,2.978550420674613e-10,0,0,0,8.2949833599653e-10,0,0,0,0,0.0007745298390572775,3.1925773132102474e-9,0.0007745330316345907
0.449,1.9926136243795448e-8,1.6216579773475025e-8,0.0007767085373331652,0,0,0,0,0,0,0,0,0,0,0,0,0,0,0,2.2195569974738384e-9,0,0,0,0,0,0,0,0,0,3.151293381770495e-10,0,0,0,9.040397670110861e-10,0,0,0,0,0.0007767446800491826,3.438726102661974e-9,0.0007767481187752852
0.45,1.997051538627638e-8,1.6095824574920533e-8,0.0007789220706048128,0,0,0,0,0,0,0,0,0,0,0,0,0,0,0,2.3825917674304345e-9,0,0,0,0,0,0,0,0,0,3.3341938933108964e-10,0,0,0,9.839523380046195e-10,0,0,0,0,0.000778958136944774,3.6999634947661437e-9,0.0007789618369082688
0.451,2.0014894528270276e-8,1.5971817760879896e-8,0.0007811342348055565,0,0,0,0,0,0,0,0,0,0,0,0,0,0,0,2.5557108064580665e-9,0,0,0,0,0,0,0,0,0,3.527713732950665e-10,0,0,0,1.0697117720964808e-9,0,0,0,0,0.0007811702215178456,3.978193951849614e-9,0.0007811741997117975
0.452,2.00592736697804e-8,1.5844602305802766e-8,0.0007833450415341544,0,0,0,0,0,0,0,0,0,0,0,0,0,0,0,2.738827983785968e-9,0,0,0,0,0,0,0,0,0,3.7322818361891014e-10,0,0,0,1.1611177088719785e-9,0,0,0,0,0.00078338094541013,4.273173876276857e-9,0.0007833852185840063
0.453,2.0103652810809928e-8,1.5714229663081238e-8,0.0007855545022517153,0,0,0,0,0,0,0,0,0,0,0,0,0,0,0,2.933132574655418e-9,0,0,0,0,0,0,0,0,0,3.9496561224457415e-10,0,0,0,1.2583345092006651e-9,0,0,0,0,0.0007855903201341892,4.586432696100657e-9,0.0007855949065668853
0.454,2.0148031951362064e-8,1.5580760555305634e-8,0.0007877626282838276,0,0,0,0,0,0,0,0,0,0,0,0,0,0,0,3.1385673649053457e-9,0,0,0,0,0,0,0,0,0,4.1781278924298053e-10,0,0,0,1.3620375553612368e-9,0,0,0,0,0.0007877983570763344,4.918417709509563e-9,0.0007878032754940438
0.455,2.0192411091439928e-8,1.544426583771007e-8,0.0007899694308226474,0,0,0,0,0,0,0,0,0,0,0,0,0,0,0,3.357170076033166e-9,0,0,0,0,0,0,0,0,0,4.421547283596564e-10,0,0,0,1.4733124836427767e-9,0,0,0,0,0.0007900050674995765,5.272637288035599e-9,0.0007900103401368646
0.456,2.023679023104666e-8,1.5304827442117114e-8,0.000792174920928946,0,0,0,0,0,0,0,0,0,0,0,0,0,0,0,3.58749074805829e-9,0,0,0,0,0,0,0,0,0,4.6781152640903e-10,0,0,0,1.590688681900798e-9,0,0,0,0,0.0007922104625466192,5.645990956368118e-9,0.0007922161085375755
0.457,2.0281169370185346e-8,1.516253940949379e-8,0.0007943791095341162,0,0,0,0,0,0,0,0,0,0,0,0,0,0,0,3.828659960986748e-9,0,0,0,0,0,0,0,0,0,4.950107803798269e-10,0,0,0,1.7163137439984068e-9,0,0,0,0,0.0007944145532428958,6.039984485364981e-9,0.0007944205932273812
0.458,2.032554850885905e-8,1.5017509020126838e-8,0.0007965820074421462,0,0,0,0,0,0,0,0,0,0,0,0,0,0,0,4.083825886916493e-9,0,0,0,0,0,0,0,0,0,5.239203761059922e-10,0,0,0,1.8498243056523632e-9,0,0,0,0,0.0007966173504996752,6.457570568674848e-9,0.0007966238080702438
0.459,2.0369927647070815e-8,1.486985803143277e-8,0.0007987836253315498,0,0,0,0,0,0,0,0,0,0,0,0,0,0,0,4.35641639422302e-9,0,0,0,0,0,0,0,0,0,5.54448207078611e-10,0,0,0,1.9934417456909877e-9,0,0,0,0,0.0007988188651172284,6.904306346992619e-9,0.0007988257694235754
0.46,2.041430678482365e-8,1.4719724034546995e-8,0.0008009839737572643,0,0,0,0,0,0,0,0,0,0,0,0,0,0,0,4.646232549168311e-9,0,0,0,0,0,0,0,0,0,5.867901619849955e-10,0,0,0,2.1441853671714874e-9,0,0,0,0,0.0008010191077880836,7.377208078324794e-9,0.000801026484996162
0.461,2.0458685922120542e-8,1.4567261942108535e-8,0.0008031830631525119,0,0,0,0,0,0,0,0,0,0,0,0,0,0,0,4.9514300646239954e-9,0,0,0,0,0,0,0,0,0,6.211216492552892e-10,0,0,0,2.3064524667209908e-9,0,0,0,0,0.0008032180891003761,7.879004180600276e-9,0.0008032259681045568
0.462,2.0503065058964454e-8,1.4412645621085776e-8,0.0008053809038306262,0,0,0,0,0,0,0,0,0,0,0,0,0,0,0,5.2755511984980315e-9,0,0,0,0,0,0,0,0,0,6.574840835437615e-10,0,0,0,2.4787342426069437e-9,0,0,0,0,0.0008054158195413062,8.411769524648737e-9,0.0008054242313108308
0.463,2.0547444195358317e-8,1.4256069686100664e-8,0.0008075775059868434,0,0,0,0,0,0,0,0,0,0,0,0,0,0,0,5.617082825726246e-9,0,0,0,0,0,0,0,0,0,6.960436397723884e-10,0,0,0,2.6612518666652556e-9,0,0,0,0,0.0008076123095007249,8.97437833216389e-9,0.0008076212838790571
0.464,2.0591823331305042e-8,1.409775147052801e-8,0.0008097728797000639,0,0,0,0,0,0,0,0,0,0,0,0,0,0,0,5.978450587810876e-9,0,0,0,0,0,0,0,0,0,7.368612091717423e-10,0,0,0,2.8550116270099754e-9,0,0,0,0,0.0008098075692748658,9.570323423992595e-9,0.0008098171395982899
0.465,2.0636202466807532e-8,1.3937933194700747e-8,0.0008119670349345771,0,0,0,0,0,0,0,0,0,0,0,0,0,0,0,6.3627900309218324e-9,0,0,0,0,0,0,0,0,0,7.801260460153511e-10,0,0,0,3.062867563754127e-9,0,0,0,0,0.0008120016090702386,1.020578364069131e-8,0.0008120118148538793
0.466,2.0680581601868615e-8,1.377688435287691e-8,0.0008141599815417564,0,0,0,0,0,0,0,0,0,0,0,0,0,0,0,6.7647984276721395e-9,0,0,0,0,0,0,0,0,0,8.261248967769454e-10,0,0,0,3.28566590596657e-9,0,0,0,0,0.0008141944390077111,1.0876589230415655e-8,0.0008142053155969415
0.467,2.0724960736491143e-8,1.3614904343257796e-8,0.000816351729261724,0,0,0,0,0,0,0,0,0,0,0,0,0,0,0,7.192618269165951e-9,0,0,0,0,0,0,0,0,0,8.749108279593879e-10,0,0,0,3.5171200421205843e-9,0,0,0,0,0.0008163860691268038,1.1584649139245923e-8,0.0008163976537759431
0.468,2.0769339870677933e-8,1.3452325368334188e-8,0.000818542287724985,0,0,0,0,0,0,0,0,0,0,0,0,0,0,0,7.645303889933064e-9,0,0,0,0,0,0,0,0,0,9.264539909966396e-10,0,0,0,3.766327500040169e-9,0,0,0,0,0.000818576509390224,1.2338085380969873e-8,0.000818588847475605
0.46900000000000003,2.081371900443176e-8,1.3289515636230868e-8,0.0008207316664540284,0,0,0,0,0,0,0,0,0,0,0,0,0,0,0,8.125787633195813e-9,0,0,0,0,0,0,0,0,0,9.812954905901688e-10,0,0,0,4.02969077833323e-9,0,0,0,0,0.000820765769688669,1.3136773902119211e-8,0.0008207789064625711
0.47000000000000003,2.08580981377554e-8,1.3126882897582607e-8,0.0008229198748649051,0,0,0,0,0,0,0,0,0,0,0,0,0,0,0,8.632788948850087e-9,0,0,0,0,0,0,0,0,0,1.0396463492336332e-9,0,0,0,4.314811820230942e-9,0,0,0,0,0.0008229538598459404,1.3987247118314661e-8,0.0008229678470930588
0.47100000000000003,2.0902477270651578e-8,1.2964878356871876e-8,0.000825106922268772,0,0,0,0,0,0,0,0,0,0,0,0,0,0,0,9.165486048933408e-9,0,0,0,0,0,0,0,0,0,1.1015667009498955e-9,0,0,0,4.616018848105713e-9,0,0,0,0,0.0008251407896243995,1.4883071597989018e-8,0.0008251556726959975
0.47200000000000003,2.094685640312302e-8,1.2804001002181072e-8,0.0008272928178734117,0,0,0,0,0,0,0,0,0,0,0,0,0,0,0,9.736115316140926e-9,0,0,0,0,0,0,0,0,0,1.1674941221729733e-9,0,0,0,4.9322878734002305e-9,0,0,0,0,0.000827326568730817,1.583589731171413e-8,0.0008273424046281286
0.47300000000000003,2.099123553517242e-8,1.264480240304835e-8,0.0008294775707847227,0,0,0,0,0,0,0,0,0,0,0,0,0,0,0,1.0337559567159088e-8,0,0,0,0,0,0,0,0,0,1.2374369124001885e-9,0,0,0,5.2700766450573574e-9,0,0,0,0,0.0008295112068226609,1.6845073124616635e-8,0.0008295280518957855
0.47400000000000003,2.1035614666802455e-8,1.2487892032685833e-8,0.0008316611900081845,0,0,0,0,0,0,0,0,0,0,0,0,0,0,0,1.0977528949999883e-8,0,0,0,0,0,0,0,0,0,1.3117687128928385e-9,0,0,0,5.629650993993198e-9,0,0,0,0,0.0008316947135148839,1.791894865688592e-8,0.0008317126324635408
0.47500000000000003,2.1079993798015755e-8,1.2333943178350197e-8,0.0008338436844502954,0,0,0,0,0,0,0,0,0,0,0,0,0,0,0,1.1651495277001784e-8,0,0,0,0,0,0,0,0,0,1.3910352133387391e-9,0,0,0,6.0185263540003864e-9,0,0,0,0,0.0008338770983872718,1.906105684434091e-8,0.0008338961594441161
0.47600000000000003,2.1124372928814965e-8,1.2183699512307452e-8,0.0008360250629199874,0,0,0,0,0,0,0,0,0,0,0,0,0,0,0,1.2366583430739266e-8,0,0,0,0,0,0,0,0,0,1.4756121851843911e-9,0,0,0,6.426528594965842e-9,0,0,0,0,0.0008360583709924285,2.0268724210889498e-8,0.0008360786397166393
0.47700000000000004,2.116875205920268e-8,1.203798240578802e-8,0.0008382053341300111,0,0,0,0,0,0,0,0,0,0,0,0,0,0,0,1.312877224071064e-8,0,0,0,0,0,0,0,0,0,1.5649942899871209e-9,0,0,0,6.86209020934161e-9,0,0,0,0,0.0008382385408644761,2.155585674003937e-8,0.0008382600967212162
0.47800000000000004,2.1213131189181495e-8,1.1897699079803537e-8,0.000840384506698302,0,0,0,0,0,0,0,0,0,0,0,0,0,0,0,1.3925901182056088e-8,0,0,0,0,0,0,0,0,0,1.6607085434912687e-9,0,0,0,7.326014469071735e-9,0,0,0,0,0.000840417617528571,2.2912624194619095e-8,0.0008404405301527657
0.47900000000000004,2.1257510318753947e-8,1.1763851699947687e-8,0.0008425625891493185,0,0,0,0,0,0,0,0,0,0,0,0,0,0,0,1.477919573176608e-8,0,0,0,0,0,0,0,0,0,1.7625720718986049e-9,0,0,0,7.821399607485891e-9,0,0,0,0,0.0008425956105113371,2.4363167411150575e-8,0.0008426199736787483
0.48000000000000004,2.1301889447922592e-8,1.1637547537636509e-8,0.0008447395899153587,0,0,0,0,0,0,0,0,0,0,0,0,0,0,0,1.5683303785283302e-8,0,0,0,0,0,0,0,0,0,1.8708319065589124e-9,0,0,0,8.341619500822718e-9,0,0,0,0,0.0008447725293523442,2.589575519266493e-8,0.0008447984251075369
0.48100000000000004,2.1346268576689952e-8,1.1520010338018915e-8,0.000846915517337853,0,0,0,0,0,0,0,0,0,0,0,0,0,0,0,1.664521540315572e-8,0,0,0,0,0,0,0,0,0,1.9862792362871082e-9,0,0,0,8.906855075878087e-9,0,0,0,0,0.0008469483836167676,2.7538349715320916e-8,0.0008469759219664829
0.48200000000000004,2.1390647705058522e-8,1.1412593055436449e-8,0.0008490903796686358,0,0,0,0,0,0,0,0,0,0,0,0,0,0,0,1.7669818320086753e-8,0,0,0,0,0,0,0,0,0,2.1096512656383144e-9,0,0,0,9.505956222231889e-9,0,0,0,0,0.0008491231829093963,2.9285425807956955e-8,0.0008491524683352042
0.48300000000000004,2.143502683303077e-8,1.1316792141348642e-8,0.0008512641850711933,0,0,0,0,0,0,0,0,0,0,0,0,0,0,0,1.8747718557869008e-8,0,0,0,0,0,0,0,0,0,2.2420867657381247e-9,0,0,0,1.0148925597208017e-8,0,0,0,0,0.0008512969368901676,3.1138730920815153e-8,0.0008513280756210884
0.48400000000000004,2.147940596060916e-8,1.12342635976803e-8,0.0008534369416218917,0,0,0,0,0,0,0,0,0,0,0,0,0,0,0,1.9898109542635722e-8,0,0,0,0,0,0,0,0,0,2.38261423123332e-9,0,0,0,1.0825082653249778e-8,0,0,0,0,0.00085346965529145,3.3105806427118815e-8,0.0008535027610978771
0.48500000000000004,2.152378508779613e-8,1.1166841041329655e-8,0.0008556086573111817,0,0,0,0,0,0,0,0,0,0,0,0,0,0,0,2.1119305583481786e-8,0,0,0,0,0,0,0,0,0,2.5332008956317156e-9,0,0,0,1.1558085795424096e-8,0,0,0,0,0.0008556413479373109,3.52105922745376e-8,0.0008556765585295854
0.48600000000000004,2.156816421459409e-8,1.1116556063993123e-8,0.0008577793400447858,0,0,0,0,0,0,0,0,0,0,0,0,0,0,0,2.2425277371609682e-8,0,0,0,0,0,0,0,0,0,2.6937920791608925e-9,0,0,0,1.2330507448150569e-8,0,0,0,0,0.0008578120247650644,3.7449576898921145e-8,0.0008578494743419633
0.48700000000000004,2.1612543341005442e-8,1.1085661216582273e-8,0.0008599489976448626,0,0,0,0,0,0,0,0,0,0,0,0,0,0,0,2.3815492846204072e-8,0,0,0,0,0,0,0,0,0,2.8663519215691835e-9,0,0,0,1.316667477650063e-8,0,0,0,0,0.0008599816958494202,3.984851954427389e-8,0.0008600215443689645
0.48800000000000004,2.165692246703256e-8,1.107665600063611e-8,0.0008621176378511515,0,0,0,0,0,0,0,0,0,0,0,0,0,0,0,2.5291131528187994e-8,0,0,0,0,0,0,0,0,0,3.05071411063502e-9,0,0,0,1.4066512932129194e-8,0,0,0,0,0.0008621503714296192,4.240835857095221e-8,0.0008621927797881901
0.48900000000000005,2.1701301592677798e-8,1.1092316311840454e-8,0.0008642852683221,0,0,0,0,0,0,0,0,0,0,0,0,0,0,0,2.686447569296764e-8,0,0,0,0,0,0,0,0,0,3.2492238054037617e-9,0,0,0,1.5012181264089938e-8,0,0,0,0,0.0008643180619400045,4.5125880762461344e-8,0.000864363187820767
0.49,2.1745680717943497e-8,1.1135727854976331e-8,0.0008664518966359696,0,0,0,0,0,0,0,0,0,0,0,0,0,0,0,2.8550170628121566e-8,0,0,0,0,0,0,0,0,0,3.4608925626258243e-9,0,0,0,1.603638768133363e-8,0,0,0,0,0.0008664847780445426,4.804745087208102e-8,0.0008665328254954147
0.491,2.1790059842831982e-8,1.1210324137677954e-8,0.0008686175302919258,0,0,0,0,0,0,0,0,0,0,0,0,0,0,0,3.0313676527312154e-8,0,0,0,0,0,0,0,0,0,3.688401771049377e-9,0,0,0,1.7137238526095005e-8,0,0,0,0,0.0008686505306759063,5.1139316824456535e-8,0.0008687016699927308
0.492,2.1834438967345543e-8,1.1319929755158492e-8,0.0008707821767111051,0,0,0,0,0,0,0,0,0,0,0,0,0,0,0,3.223390300698216e-8,0,0,0,0,0,0,0,0,0,3.932395302136274e-9,0,0,0,1.8291418816576305e-8,0,0,0,0,0.0008708153310798277,5.445771712569474e-8,0.0008708697887969533
0.493,2.1878818091486465e-8,1.1468809803092546e-8,0.0008729458432376694,0,0,0,0,0,0,0,0,0,0,0,0,0,0,0,3.427561499618804e-8,0,0,0,0,0,0,0,0,0,4.195601917695112e-9,0,0,0,1.9562580939131253e-8,0,0,0,0,0.000872979190865564,5.803379785301441e-8,0.000873037224663417
0.494,2.1923197215257016e-8,1.1661726405484534e-8,0.0008751085371398401,0,0,0,0,0,0,0,0,0,0,0,0,0,0,0,3.6435929365328146e-8,0,0,0,0,0,0,0,0,0,4.477654980911039e-9,0,0,0,2.0926170847064337e-8,0,0,0,0,0.0008751421220634608,6.183975519330352e-8,0.0008752039618186541
0.495,2.196757633865944e-8,1.1904003523996872e-8,0.0008772702656109157,0,0,0,0,0,0,0,0,0,0,0,0,0,0,0,3.8778558463400546e-8,0,0,0,0,0,0,0,0,0,4.781524624729053e-9,0,0,0,2.2380896793654744e-8,0,0,0,0,0.0008773041371907784,6.594097988178435e-8,0.0008773700781706601
0.496,2.201195546169596e-8,1.2201601431566034e-8,0.0008794310357702714,0,0,0,0,0,0,0,0,0,0,0,0,0,0,0,4.1285049695553904e-8,0,0,0,0,0,0,0,0,0,5.1102758125208346e-9,0,0,0,2.394867105834539e-8,0,0,0,0,0.0008794652493271647,7.034399656642013e-8,0.000879535593323731
0.497,2.2056334584368778e-8,1.2561202494559e-8,0.0008815908546643435,0,0,0,0,0,0,0,0,0,0,0,0,0,0,0,4.396068151442116e-8,0,0,0,0,0,0,0,0,0,5.463626143508786e-9,0,0,0,2.564326576763612e-8,0,0,0,0,0.0008816254722014225,7.506757342556606e-8,0.0008817005397748481
0.498,2.2100713706680102e-8,1.2990310224694912e-8,0.0008837497292675984,0,0,0,0,0,0,0,0,0,0,0,0,0,0,0,4.684214456643979e-8,0,0,0,0,0,0,0,0,0,5.846752572101184e-9,0,0,0,2.748013486023546e-8,0,0,0,0,0.0008837848202915298,8.016903199877643e-8,0.0008838649893235285
0.499,2.2145092828632077e-8,1.349736394764719e-8,0.0008859076664834823,0,0,0,0,0,0,0,0,0,0,0,0,0,0,0,4.9950347235065965e-8,0,0,0,0,0,0,0,0,0,6.25904873252789e-9,0,0,0,2.9446038465613826e-8,0,0,0,0,0.0008859433089402586,8.565543443320769e-8,0.0008860289643746918
0.5,2.2189471950226897e-8,1.4091871906291692e-8,0.0008880646731453599,0,0,0,0,0,0,0,0,0,0,0,0,0,0,0,5.329854349590483e-8,0,0,0,0,0,0,0,0,0,6.705615071668138e-9,0,0,0,3.1590219118978424e-8,0,0,0,0,0.0008881009544892165,9.15943776865514e-8,0.000888192548866903
0.501,2.223385107146667e-8,1.478456619408609e-8,0.0008902207560174333,0,0,0,0,0,0,0,0,0,0,0,0,0,0,0,5.687711683969745e-8,0,0,0,0,0,0,0,0,0,7.188915284429247e-9,0,0,0,3.388203101282992e-8,0,0,0,0,0.0008902577744346989,9.794806313695661e-8,0.0008903557224978358
0.502,2.227823019235354e-8,1.558758362496674e-8,0.0008923759217956504,0,0,0,0,0,0,0,0,0,0,0,0,0,0,0,6.074889478708757e-8,0,0,0,0,0,0,0,0,0,7.715320104791342e-9,0,0,0,3.637338004406536e-8,0,0,0,0,0.0008924137876094677,1.0483759493594427e-7,0.0008925186252044036
0.503,2.2322609312889585e-8,1.6514677524898405e-8,0.0008945301771085941,0,0,0,0,0,0,0,0,0,0,0,0,0,0,0,6.493740333996039e-8,0,0,0,0,0,0,0,0,0,8.285184370505933e-9,0,0,0,3.9100573067340066e-8,0,0,0,0,0.0008945690143954319,1.1232316077780639e-7,0.0008946813375562097
0.504,2.2366988433076925e-8,1.7581466521186863e-8,0.0008966835285183611,0,0,0,0,0,0,0,0,0,0,0,0,0,0,0,6.94553164585999e-8,0,0,0,0,0,0,0,0,0,8.903985156912632e-9,0,0,0,4.2051320120188575e-8,0,0,0,0,0.0008967234769733154,1.204106217357011e-7,0.0008968438875950511
0.505,2.2411367552917597e-8,1.8805727766287737e-8,0.0008988359825214243,0,0,0,0,0,0,0,0,0,0,0,0,0,0,0,7.437114784857778e-8,0,0,0,0,0,0,0,0,0,9.580142966726997e-9,0,0,0,4.5265923786880044e-8,0,0,0,0,0.0008988771996167436,1.2921721460218483e-7,0.0008990064168313457
0.506,2.245574667241369e-8,2.0207743737853546e-8,0.0009009875455494821,0,0,0,0,0,0,0,0,0,0,0,0,0,0,0,7.964653674303351e-8,0,0,0,0,0,0,0,0,0,1.0316809558825796e-8,0,0,0,4.877231322731732e-8,0,0,0,0,0.0009010302090398924,1.3873565952917662e-7,0.0009011689446994216
0.507,2.250012579156723e-8,2.1810713903958002e-8,0.0009031382239702938,0,0,0,0,0,0,0,0,0,0,0,0,0,0,0,8.5428960449051e-8,0,0,0,0,0,0,0,0,0,1.11198152118616e-8,0,0,0,5.258337160522793e-8,0,0,0,0,0.0009031825348099892,1.4913214726614052e-7,0.0009033316669572554
0.508,2.2544504910380224e-8,2.3641245260610083e-8,0.000905288024088501,0,0,0,0,0,0,0,0,0,0,0,0,0,0,0,9.169161545668924e-8,0,0,0,0,0,0,0,0,0,1.2003389298049227e-8,0,0,0,5.676668062603437e-8,0,0,0,0,0.000905334209838672,1.6046168538077283e-7,0.0009054946715240528
0.509,2.2588884028854704e-8,2.5729939208457224e-8,0.0009074369521464389,0,0,0,0,0,0,0,0,0,0,0,0,0,0,0,9.845745472815007e-8,0,0,0,0,0,0,0,0,0,1.29686938152909e-8,0,0,0,6.130850990006133e-8,0,0,0,0,0.0009074852709696763,1.7273465844350232e-7,0.0009076580056281197
0.51,2.2633263146992645e-8,2.811209666456879e-8,0.0009095850143249309,0,0,0,0,0,0,0,0,0,0,0,0,0,0,0,1.0590957110504768e-7,0,0,0,0,0,0,0,0,0,1.402811222019563e-8,0,0,0,6.636376267412572e-8,0,0,0,0,0.0009096357596847424,1.8630144599936904e-7,0.0009098220611307418
0.511,2.2677642264796027e-8,3.0828569009055896e-8,0.0009117322167440727,0,0,0,0,0,0,0,0,0,0,0,0,0,0,0,1.1409377983900365e-7,0,0,0,0,0,0,0,0,0,1.5194156997963356e-8,0,0,0,7.187882583127675e-8,0,0,0,0,0.0009117857229553465,2.0116676266824377e-7,0.0009119868897180148
0.512,2.2722021382266816e-8,3.392678985852617e-8,0.0009138785654640046,0,0,0,0,0,0,0,0,0,0,0,0,0,0,0,1.230693406505558e-7,0,0,0,0,0,0,0,0,0,1.6479916878029376e-8,0,0,0,7.797252575818233e-8,0,0,0,0,0.0009139352142752454,2.1752178328676752e-7,0.0009141527360585322
0.513,2.276640049940695e-8,3.74620323026887e-8,0.0009160240664856701,0,0,0,0,0,0,0,0,0,0,0,0,0,0,0,1.3288373234565146e-7,0,0,0,0,0,0,0,0,0,1.7902477682855724e-8,0,0,0,8.47258122364919e-8,0,0,0,0,0.0009160842949184722,2.3551202226499907e-7,0.0009163198069407372
0.514,2.2810779616218356e-8,4.149894891146963e-8,0.0009181687257515635,0,0,0,0,0,0,0,0,0,0,0,0,0,0,0,1.4363691169180302e-7,0,0,0,0,0,0,0,0,0,1.948011775005012e-8,0,0,0,9.21836386773728e-8,0,0,0,0,0.0009182330354800912,2.5530066811922593e-7,0.0009184883361482104
0.515,2.2855158732702957e-8,4.611346859137187e-8,0.0009203125491464658,0,0,0,0,0,0,0,0,0,0,0,0,0,0,0,1.556228589261136e-7,0,0,0,0,0,0,0,0,0,2.123025301368827e-8,0,0,0,1.0044790117907739e-7,0,0,0,0,0.0009203815177737898,2.773010131188792e-7,0.0009206588187869087
0.516,2.2899537848862655e-8,5.139514674290156e-8,0.0009224555424981695,0,0,0,0,0,0,0,0,0,0,0,0,0,0,0,1.6886709076932046e-7,0,0,0,0,0,0,0,0,0,2.3178637456015515e-8,0,0,0,1.0972527801084595e-7,0,0,0,0,0.0009225298371827613,3.0177100623618193e-7,0.0009228316081889975
0.517,2.2943916964699326e-8,5.745009526524915e-8,0.0009245977115781916,0,0,0,0,0,0,0,0,0,0,0,0,0,0,0,1.8355830652295436e-7,0,0,0,0,0,0,0,0,0,2.5359707557926487e-8,0,0,0,1.1998575193110208e-7,0,0,0,0,0.0009246781055904216,3.289037660119829e-7,0.0009250070093564335
0.518,2.298829608021485e-8,6.440465979263499e-8,0.0009267390621024752,0,0,0,0,0,0,0,0,0,0,0,0,0,0,0,1.9994807395923833e-7,0,0,0,0,0,0,0,0,0,2.7795449058996718e-8,0,0,0,1.3155910522512233e-7,0,0,0,0,0.000926826455058348,3.593026282433574e-7,0.0009271857576865914
0.519,2.3032675195411077e-8,7.241006748530397e-8,0.0009288795997320816,0,0,0,0,0,0,0,0,0,0,0,0,0,0,0,2.1831018244777986e-7,0,0,0,0,0,0,0,0,0,3.054872504921133e-8,0,0,0,1.445063592414844e-7,0,0,0,0,0.0009289750424747623,3.933652667384756e-7,0.0009293684077415008
0.52,2.307705431028985e-8,8.164834608792693e-8,0.0009310193300738705,0,0,0,0,0,0,0,0,0,0,0,0,0,0,0,2.387281106216822e-7,0,0,0,0,0,0,0,0,0,3.3638663067969923e-8,0,0,0,1.591577844516432e-7,0,0,0,0,0.0009311240554742687,4.315245581412953e-7,0.00093155558003241
0.521,2.3121433424853e-8,9.23399231799209e-8,0.0009331582586811712,0,0,0,0,0,0,0,0,0,0,0,0,0,0,0,2.618011681521022e-7,0,0,0,0,0,0,0,0,0,3.714142023392873e-8,0,0,0,1.7580648214328564e-7,0,0,0,0,0.000933273720037776,4.747490705293166e-7,0.0009337484691083053
0.522,2.3165812539102328e-8,1.0475346758256561e-7,0.0009352963910544408,0,0,0,0,0,0,0,0,0,0,0,0,0,0,0,2.879732364648727e-7,0,0,0,0,0,0,0,0,0,4.113681278803728e-8,0,0,0,1.9467707955160648e-7,0,0,0,0,0.0009354243103345625,5.237871288045164e-7,0.000935948097463367
0.523,2.321019165303966e-8,1.1921875398413074e-7,0.0009374337326419178,0,0,0,0,0,0,0,0,0,0,0,0,0,0,0,3.177435519434812e-7,0,0,0,0,0,0,0,0,0,4.569337701952357e-8,0,0,0,2.162616117385068e-7,0,0,0,0,0.000937576161587555,5.796985407015116e-7,0.0009381558601282566
0.524,2.325457076666676e-8,1.3614364964805644e-7,0.0009395702888402577,0,0,0,0,0,0,0,0,0,0,0,0,0,0,0,3.515295686614393e-7,0,0,0,0,0,0,0,0,0,5.092514993417008e-8,0,0,0,2.409301557668322e-7,0,0,0,0,0.0009397296870606725,6.433848743624416e-7,0.000940373071935035
0.525,2.32989498799854e-8,1.5603678961308233e-7,0.0009417060649951672,0,0,0,0,0,0,0,0,0,0,0,0,0,0,0,3.903907075648355e-7,0,0,0,0,0,0,0,0,0,5.694865809941619e-8,0,0,0,2.696512321117594e-7,0,0,0,0,0.0009418854007346602,7.169905977760111e-7,0.0009426023913324362
0.526,2.334332899299736e-8,1.7953820522505e-7,0.0009438410664020236,0,0,0,0,0,0,0,0,0,0,0,0,0,0,0,4.353765765251179e-7,0,0,0,0,0,0,0,0,0,6.395699942074593e-8,0,0,0,3.028491605170808e-7,0,0,0,0,0.0009440439479362416,8.021827364629447e-7,0.0009448461306727046
0.527,2.3387708105704362e-8,2.0746123161981768e-7,0.0009459752983064861,0,0,0,0,0,0,0,0,0,0,0,0,0,0,0,4.871410164333965e-7,0,0,0,0,0,0,0,0,0,7.21284242431556e-8,0,0,0,3.415437339687431e-7,0,0,0,0,0.0009462061472462116,9.008131746452952e-7,0.000947106960420857
0.528,2.3432087218108154e-8,2.4085066023850357e-7,0.0009481087659051004,0,0,0,0,0,0,0,0,0,0,0,0,0,0,0,5.481997627145217e-7,0,0,0,0,0,0,0,0,0,8.173182057569528e-8,0,0,0,3.8738240351202395e-7,0,0,0,0,0.000948373048652557,0.0000010173139868022409,0.0009493903626393592
0.529,2.347646633021046e-8,2.8106468992158065e-7,0.0009502414743458892,0,0,0,0,0,0,0,0,0,0,0,0,0,0,0,6.200764539353047e-7,0,0,0,0,0,0,0,0,0,9.313609380858181e-8,0,0,0,4.4168840196494825e-7,0,0,0,0,0.0009505460155021409,0.0000011549009497088348,0.0009517009164518497
0.53,2.3520845442012966e-8,3.298924006170826e-7,0.0009523734287289395,0,0,0,0,0,0,0,0,0,0,0,0,0,0,0,7.056876142574431e-7,0,0,0,0,0,0,0,0,0,1.0677942494122677e-7,0,0,0,5.06411662198842e-7,0,0,0,0,0.0009527268419749986,0.000001318878701397512,0.0009540457206763961
0.531,2.3565224553517378e-8,3.897253582102907e-7,0.0009545046341069767,0,0,0,0,0,0,0,0,0,0,0,0,0,0,0,8.084377851164535e-7,0,0,0,0,0,0,0,0,0,1.2324020538890294e-7,0,0,0,5.848858479303747e-7,0,0,0,0,0.0009549179246897405,0.000001516563838435731,0.0009564344885281762
0.532,2.3609603664725388e-8,4.638136285088476e-7,0.0009566350954859335,0,0,0,0,0,0,0,0,0,0,0,0,0,0,0,9.334552661857249e-7,0,0,0,0,0,0,0,0,0,1.433294178105814e-7,0,0,0,6.807491048154859e-7,0,0,0,0,0.000957122518718107,0.000001757533788811792,0.0009588800525069188
0.533,2.3653982775638643e-8,5.566568516877843e-7,0.0009587648178255073,0,0,0,0,0,0,0,0,0,0,0,0,0,0,0,0.000001086875853819047,0,0,0,0,0,0,0,0,0,1.6821790678104943e-7,0,0,0,7.99263075753554e-7,0,0,0,0,0.0009593451286599707,0.0000020543568363536505,0.0009613994854963244
0.534,2.369836188625881e-8,6.746177963635686e-7,0.0009608938060397125,0,0,0,0,0,0,0,0,0,0,0,0,0,0,0,0.0000012775219725756382,0,0,0,0,0,0,0,0,0,1.9936279513015371e-7,0,0,0,9.48027783985968e-7,0,0,0,0,0.0009615921221979623,0.0000024249125516917597,0.0009640170347496541
0.535,2.3742740996587522e-8,8.269147044663948e-7,0.0009630220649974236,0,0,0,0,0,0,0,0,0,0,0,0,0,0,0,0.0000015205525947429587,0,0,0,0,0,0,0,0,0,2.3908896949028736e-7,0,0,0,0.0000011383042258157405,0,0,0,0,0.0009638727224428866,0.0000028979457900489866,0.0009667706682329356
0.536,2.3787120106626435e-8,0.0000010272834686249878,0.000965149599522908,0,0,0,0,0,0,0,0,0,0,0,0,0,0,0,0.0000018339298006943307,0,0,0,0,0,0,0,0,0,2.906606207696883e-7,0,0,0,0.0000013850911604737313,0,0,0,0,0.0009662006701116396,0.0000035096815819377506,0.0009697103516935774
0.537,2.3831499216377148e-8,0.0000012968775110109147,0.0009672764143963538,0,0,0,0,0,0,0,0,0,0,0,0,0,0,0,0.00000224834021266812,0,0,0,0,0,0,0,0,0,3.5918877629732247e-7,0,0,0,0.0000017140593912966671,0,0,0,0,0.0009685971234065811,0.000004321588380262109,0.0009729187117868432
0.538,2.3875878325841265e-8,0.0000016695757691236733,0.0009694025143543905,0,0,0,0,0,0,0,0,0,0,0,0,0,0,0,0.000002813023297000256,0,0,0,0,0,0,0,0,0,4.529671286407679e-7,0,0,0,0.0000021639012288184625,0,0,0,0,0.0009710959660018401,0.0000054298916544594865,0.0009765258576562996
0.539,2.3920257435020396e-8,0.0000022022733168677165,0.0009715279040905986,0,0,0,0,0,0,0,0,0,0,0,0,0,0,0,0.000003607697273761371,0,0,0,0,0,0,0,0,0,5.853877287609198e-7,0,0,0,0.0000028004473720946612,0,0,0,0,0.0009737540976649014,0.0000069935323746169525,0.0009807476300395183
0.54,2.3964636543916112e-8,0.0000029962819944462336,0.0009736525882560158,0,0,0,0,0,0,0,0,0,0,0,0,0,0,0,0.000004772374847133478,0,0,0,0,0,0,0,0,0,7.807779531975801e-7,0,0,0,0.0000037406909442382515,0,0,0,0,0.000976672834887006,0.00000929384374456931,0.0009859666786315752
0.541,2.400901565252999e-8,0.000004245918955879879,0.0009757765714596328,0,0,0,0,0,0,0,0,0,0,0,0,0,0,0,0.0000065751741800788995,0,0,0,0,0,0,0,0,0,0.0000010849560636270002,0,0,0,0.000005206131791846228,0,0,0,0,0.0009800464994311653,0.000012866262035552128,0.0009929127614667175
0.542,2.4053394760863594e-8,0.000006362068862214505,0.000977899858268884,0,0,0,0,0,0,0,0,0,0,0,0,0,0,0,0.000009585843269463798,0,0,0,0,0,0,0,0,0,0.0000015948760585286554,0,0,0,0.00000766527543648935,0,0,0,0,0.0009842859805258594,0.000018845994764481803,0.001003131975290341
0.543,2.409777386891847e-8,0.000010338383513083161,0.0009800224532101301,0,0,0,0,0,0,0,0,0,0,0,0,0,0,0,0.000015162357969585951,0,0,0,0,0,0,0,0,0,0.0000025430582550631308,0,0,0,0.000012245134459607259,0,0,0,0,0.0009903849344970821,0.000029950550684256343,0.0010203354851813385
0.544,2.414215297669615e-8,0.000019104521401583552,0.000982144360769133,0,0,0,0,0,0,0,0,0,0,0,0,0,0,0,0.000027253472722136607,0,0,0,0,0,0,0,0,0,0.000004613795685435017,0,0,0,0.000022261875472380672,0,0,0,0,0.0010012730243236932,0.000054129143879952294,0.0010554021682036454
0.545,2.418653208419816e-8,0.000044657930390088454,0.0009842655853915274,0,0,0,0,0,0,0,0,0,0,0,0,0,0,0,0.0000620583284532752,0,0,0,0,0,0,0,0,0,0.000010589172925690507,0,0,0,0.000051209911044959285,0,0,0,0,0.0010289477023137,0.00012385741242392498,0.001152805114737625
0.549,2.4364048511479665e-8,0.00005176147537513135,0.0009927437420489222,0,0,0,0,0,0,0,0,0,0,0,0,0,0,0,0.0000649335190139492,0,0,0,0,0,0,0,0,0,0.000011456805239900538,0,0,0,0.00005597532868929265,0,0,0,0,0.001044529581472565,0.00013236565294314238,0.0011768952344157074
0.55,2.4408427617625842e-8,0.00002384032986320737,0.0009948616173002982,0,0,0,0,0,0,0,0,0,0,0,0,0,0,0,0.000029159239184434482,0,0,0,0,0,0,0,0,0,0.000005191625958572227,0,0,2.4804217880714113e-25,0.00002543780460336221,0,0,0,0,0.0010187263555911231,0.00005978866974636892,0.001078515025337492
0.551,2.4452806723505274e-8,0.000013890357022523837,0.0009969788354716176,0,0,0,0,0,0,0,0,0,0,0,0,0,0,0,0.00001657583487987399,0,0,0,0,0,0,0,0,0,0.0000029763878727546213,0,0,4.9119716381799825e-24,0.0000146320930580368,0,0,0,0,0.001010893645300865,0.000034184315810665417,0.0010450779611115304
0.552,2.4497185829119405e-8,0.000009203767862413918,0.000999095400740205,0,0,0,0,0,0,0,0,0,0,0,0,0,0,0,0.000010719762125537718,0,0,0,0,0,0,0,0,0,0.0000019416902905617096,0,0,2.4088109185180092e-23,0.000009572893035970145,0,0,0,0,0.0010083236657884482,0.000022234345452069573,0.0010305580112405178
0.553,2.45415649344697e-8,0.00000661412346951407,0.0010012113172467784,0,0,0,0,0,0,0,0,0,0,0,0,0,0,0,0.000007519786743151401,0,0,0,0,0,0,0,0,0,0.0000013740038365574265,0,0,7.196986045797348e-23,0.000006798791299912177,0,0,0,0,0.001007849982281227,0.000015692581879621003,0.001023542564160848
0.554,2.4585944039557565e-8,0.000005026294683370483,0.0010033265890958623,0,0,0,0,0,0,0,0,0,0,0,0,0,0,0,0.000005574434961499597,0,0,0,0,0,0,0,0,0,0.0000010284522905095256,0,0,1.6784298151667481e-22,0.00000510726005144155,0,0,0,0,0.0010083774697232724,0.000011710147303450673,0.0010200876170267232
0.555,2.4630323144384412e-8,0.000003978658129415965,0.0010054412203561948,0,0,0,0,0,0,0,0,0,0,0,0,0,0,0,0.000004310668862527085,0,0,0,0,0,0,0,0,0,8.022026024200801e-7,0,0,3.3817538859451306e-22,0.00000399901178118755,0,0,0,0,0.001009444508808755,0.000009111883246134713,0.0010185563920548897
0.556,2.467470224895167e-8,0.0000032487084500279693,0.001007555215061132,0,0,0,0,0,0,0,0,0,0,0,0,0,0,0,0.000003439433538733283,0,0,0,0,0,0,0,0,0,6.455495340814603e-7,0,0,6.191303495342299e-22,0.0000032308042022975723,0,0,0,0,0.0010108285982134088,0.000007315787275112317,0.001018144385488521
0.557,2.4719081353260726e-8,0.0000027182208563703346,0.0010096685772090369,0,0,0,0,0,0,0,0,0,0,0,0,0,0,0,0.000002811804662194443,0,0,0,0,0,0,0,0,0,5.325228436165705e-7,0,0,1.05943867197018e-21,0.0000026756541529395833,0,0,0,0,0.0010124115171467605,0.0000060199816587505975,0.001018431498805511
0.558,2.4763460457312965e-8,0.0000023195374649886284,0.0010117813107636798,0,0,0,0,0,0,0,0,0,0,0,0,0,0,0,0.000002345062803665834,0,0,0,0,0,0,0,0,0,4.4816763166615685e-7,0,0,1.7236484029560644e-21,0.0000022618730218332138,0,0,0,0,0.0010141256116891256,0.000005055103457165206,0.0010191807151462909
0.559,2.4807839561109777e-8,0.0000020116041099748836,0.0010138934196546139,0,0,0,0,0,0,0,0,0,0,0,5.744528399600013e-26,0,0,0,0.0000019885433726196155,0,0,0,0,0,0,0,0,0,3.833581449617016e-7,0,0,2.69577857454107e-21,0.0000019433466262337083,0,0,0,0,0.00101592983160415,0.000004315248143815027,0.001020245079747965
0.56,2.4852218664652513e-8,0.0000017682998829996764,0.0010160049077775637,0,0,0,0,0,0,0,0,0,0,0,2.5683437809325875e-24,0,0,0,0.0000017092823072232313,0,0,0,0,0,0,0,0,0,3.3246579408541803e-7,0,0,4.083401238625353e-21,0.0000016938040227118812,0,0,0,0,0.001017798059879228,0.0000037355521240205345,0.0010215336120032485
0.561,2.489659776794255e-8,0.000001572340668162014,0.0010181157789947927,0,0,0,0,0,0,0,0,0,0,0,1.820410435942556e-23,0,0,0,0.00000148687570072393,0,0,0,0,0,0,0,0,0,2.9173766364968595e-7,0,0,6.022173016706188e-21,0.0000014935867814423018,0,0,0,0,0.0010197130162607226,0.0000032722001458159237,0.0010229852164065384
0.562,2.4940976870981236e-8,0.0000014119061755268054,0.0010202260371354784,0,0,0,0,0,0,0,0,0,0,0,6.799770938900565e-23,0,0,0,0.0000013060557222586404,0,0,0,0,0,0,0,0,0,2.5858088007262894e-7,0,0,8.68083485341408e-21,0.0000013308072508179449,0,0,0,0,0.0010216628842878762,0.0000028954438531492226,0.0010245583281410255
0.5630000000000001,2.4985355973769887e-8,0.0000012786820839795227,0.0010223356859960727,0,0,0,0,0,0,0,0,0,0,0,1.8333763457841033e-22,0,0,0,0.0000011566074574968398,0,0,0,0,0,0,0,0,0,2.3120356674513112e-7,0,0,1.2266696535695173e-20,0.0000011963515042790073,0,0,0,0,0.0010236393534360261,0.0000025841625285209907,0.001026223515964547
0.5640000000000001,2.502973507630986e-8,0.0000011666763741568235,0.0010244447293406651,0,0,0,0,0,0,0,0,0,0,0,4.06234769767526e-22,0,0,0,0.0000010330215710371605,0,0,0,0,0,0,0,0,0,2.083701989185777e-7,0,0,1.7031620631580633e-20,0.0000010840130926825853,0,0,0,0,0.0010256364354498983,0.000002325404862638341,0.0010279618403125365
0.5650000000000001,2.5074114178602466e-8,0.0000010714782262419167,0.001026553170901336,0,0,0,0,0,0,0,0,0,0,0,7.901820749394732e-22,0,0,0,9.283970520954058e-7,0,0,0,0,0,0,0,0,0,1.8905280115642376e-7,0,0,2.327851867191093e-20,9.891147228591436e-7,0,0,0,0,0.0010276497232417565,0.0000021065645761109974,0.0010297562878178676
0.5660000000000001,2.5118493280649007e-8,9.89779675746766e-7,0.0010286610143785057,0,0,0,0,0,0,0,0,0,0,0,1.4015870354621655e-21,0,0,0,8.395436797222257e-7,0,0,0,0,0,0,0,0,0,1.725619595585154e-7,0,0,3.136837055448017e-20,9.080058600179642e-7,0,0,0,0,0.001029675912547533,0.000001920111499298738,0.0010315960240468319
0.5670000000000001,2.5162872382450795e-8,9.19058510686821e-7,0.0010307682634412814,0,0,0,0,0,0,0,0,0,0,0,2.32170717974274e-21,0,0,0,7.631256145900987e-7,0,0,0,0,0,0,0,0,0,1.5834075078033352e-7,0,0,4.172777623623334e-20,8.383517957667032e-7,0,0,0,0,0.0010317124848243508,0.0000017598181611371795,0.001033472302985488
0.5680000000000001,2.520725148400912e-8,8.573630318662819e-7,0.0010328749217277972,0,0,0,0,0,0,0,0,0,0,0,3.649025997642556e-21,0,0,0,6.972785837552164e-7,0,0,0,0,0,0,0,0,0,1.4599058659861857e-7,0,0,5.485704675910139e-20,7.779496383372532e-7,0,0,0,0,0.0010337574920111475,0.0000016212188086911466,0.0010353787108198385
0.5690000000000001,2.5251630585325268e-8,8.031628447088078e-7,0.0010349809928455506,0,0,0,0,0,0,0,0,0,0,0,5.502022688348622e-21,0,0,0,6.397568352666085e-7,0,0,0,0,0,0,0,0,0,1.3518349819883474e-7,0,0,7.133883950473285e-20,7.252198937727953e-7,0,0,0,0,0.0010358094073208448,0.0000015001602272383154,0.0010373095675480831
0.5700000000000001,2.529600968640051e-8,7.552434522581341e-7,0.0010370864803717337,0,0,0,0,0,0,0,0,0,0,0,8.022303266699685e-21,0,0,0,5.892771739128345e-7,0,0,0,0,0,0,0,0,0,1.2567785484512527e-7,0,0,9.184734027565055e-20,6.78988066964417e-7,0,0,0,0,0.0010378670198336781,0.0000013939430957224766,0.0010392609629294007
0.5710000000000001,2.534038878723612e-8,7.126305107346238e-7,0.0010391913878535603,0,0,0,0,0,0,0,0,0,0,0,1.1378070858054e-20,0,0,0,5.44838804287859e-7,0,0,0,0,0,0,0,0,0,1.1728115499428005e-7,0,0,1.171579923425585e-19,6.380780443846229e-7,0,0,0,0,0.0010399293587530821,0.0000013001980036668906,0.001041229556756749
0.5720000000000001,2.538476788783334e-8,6.745345521876452e-7,0.00104129571880859,0,0,0,0,0,0,0,0,0,0,0,1.5767919956439676e-20,0,0,0,5.054849122230174e-7,0,0,0,0,0,0,0,0,0,1.0981148429966543e-7,0,0,1.4815776996957182e-19,6.017609271307037e-7,0,0,0,0,0.0010419956381286653,0.0000012170573236535503,0.001043212695452319
0.5730000000000001,2.5429146988193436e-8,6.403100714532015e-7,0.0010433994767250446,0,0,0,0,0,0,0,0,0,0,0,2.142494382718185e-20,0,0,0,4.702328911833882e-7,0,0,0,0,0,0,0,0,0,1.0312480628173428e-7,0,0,1.8585599112262067e-19,5.692382791338877e-7,0,0,0,0,0.001044065215943486,0.0000011425959765992175,0.0010452078119200852
0.5740000000000001,2.5473526088317635e-8,6.094248518907536e-7,0.0010455026650621252,0,0,0,0,0,0,0,0,0,0,0,2.8621146819984434e-20,0,0,0,4.3852723294167995e-7,0,0,0,0,0,0,0,0,0,9.711966731914327e-8,0,0,2.313956610740247e-19,5.402395706289331e-7,0,0,0,0,0.0010461375634401042,0.0000010758864708900163,0.0010472134499109943
0.5750000000000001,2.551790518820716e-8,5.814366936976705e-7,0.0010476052872503193,0,0,0,0,0,0,0,0,0,0,0,3.7672154655830293e-20,0,0,0,4.1023111574902923e-7,0,0,0,0,0,0,0,0,0,9.169655699163191e-8,0,0,2.860653354318215e-19,5.140747585478561e-7,0,0,0,0,0.0010482122418492051,0.000001016002431288841,0.001049228244280494
0.5760000000000001,2.556228428786325e-8,5.559755646476093e-7,0.0010497073466917111,0,0,0,0,0,0,0,0,0,0,0,4.8942216136043224e-20,0,0,0,3.8455608243771955e-7,0,0,0,0,0,0,0,0,0,8.678435727333184e-8,0,0,3.5131148774022165e-19,4.905620382703861e-7,0,0,0,0,0.0010502888845406466,9.619024779818379e-7,0.0010512507870186283
0.5770000000000001,2.560666338728712e-8,5.327297709749487e-7,0.0010518088467602808,0,0,0,0,0,0,0,0,0,0,0,6.284948945096569e-20,0,0,0,3.6101515324376113e-7,0,0,0,0,0,0,0,0,0,8.231115861558055e-8,0,0,4.287513632122952e-19,4.69194342625897e-7,0,0,0,0,0.001052367183194643,9.125206544857303e-7,0.0010532797038491288
0.5780000000000001,2.5651042486479966e-8,5.114351422312924e-7,0.0010539097908022022,0,0,0,0,0,0,0,0,0,0,0,7.987160551237203e-20,0,0,0,3.398449417174904e-7,0,0,0,0,0,0,0,0,0,7.822232089466365e-8,0,0,5.201862963629848e-19,4.4976171667545335e-7,0,0,0,0,0.0010544468769869198,8.678289792882075e-7,0.0010553147059662081
0.5790000000000001,2.569542158544298e-8,4.918664993146124e-7,0.0010560101821361382,0,0,0,0,0,0,0,0,0,0,0,1.0055149961484463e-19,0,0,0,3.20602799551926e-7,0,0,0,0,0,0,0,0,0,7.449073471072146e-8,0,0,6.276154663057223e-19,4.320626383368867e-7,0,0,0,0,0.0010565277440570382,8.271561726002623e-7,0.0010573549002296386
0.5800000000000001,2.5739800684177367e-8,4.738308688415361e-7,0.0010581100240535336,0,0,0,0,0,0,0,0,0,0,0,1.255035013258003e-19,0,0,0,3.028934719481637e-7,0,0,0,0,0,0,0,0,0,7.104270683499829e-8,0,0,7.532500592555969e-19,4.159476986099259e-7,0,0,0,0,0.0010586095947230593,7.898838773939666e-7,0.0010593994786004533
0.5810000000000001,2.5784179782684283e-8,4.5716204534034796e-7,0.001060209319818897,0,0,0,0,0,0,0,0,0,0,0,1.5541967086466106e-19,0,0,0,2.866369933333544e-7,0,0,0,0,0,0,0,0,0,6.788021031935277e-8,0,0,8.995278033428214e-19,4.0113626070493877e-7,0,0,0,0,0.00106069226604402,7.556534643587009e-7,0.0010614479195083786
0.5820000000000001,2.5828558880964922e-8,4.417162024885304e-7,0.0010623080726700884,0,0,0,0,0,0,0,0,0,0,0,1.910763683950826e-19,0,0,0,2.7175144304010767e-7,0,0,0,0,0,0,0,0,0,6.495454776556799e-8,0,0,1.06912783618014e-18,3.875508563768674e-7,0,0,0,0,0.001062775617431458,7.242568471838032e-7,0.0010634998742786418
0.5830000000000001,2.5872937979020446e-8,4.2736832732461967e-7,0.0010644062858185949,0,0,0,0,0,0,0,0,0,0,0,2.3334104064469368e-19,0,0,0,2.5792755627251994e-7,0,0,0,0,0,0,0,0,0,6.225146587347191e-8,0,0,1.2649858607444075e-18,3.750092734758348e-7,0,0,0,0,0.0010648595270838985,6.95188295623325e-7,0.0010655547153795217
0.5840000000000001,2.5917317076852006e-8,4.140093048912264e-7,0.0010665039624498098,0,0,0,0,0,0,0,0,0,0,0,2.831792071011202e-19,0,0,0,2.450998728375211e-7,0,0,0,0,0,0,0,0,0,5.974003664522092e-8,0,0,1.4903095400244385e-18,3.636251723275265e-7,0,0,0,0,0.0010669438890717779,6.68465081812042e-7,0.00106761235415359
0.5850000000000001,2.5961696174460746e-8,4.015435205439645e-7,0.0010686011057233027,0,0,0,0,0,0,0,0,0,0,0,3.416616257231939e-19,0,0,0,2.332355914277778e-7,0,0,0,0,0,0,0,0,0,5.7391040823250234e-8,0,0,1.748594075554836e-18,3.529716422979402e-7,0,0,0,0,0.001069028610940021,6.435982745510585e-7,0.0010696722092145721
0.5860000000000001,2.600607527184782e-8,3.8988687698307565e-7,0.001070697718773088,0,0,0,0,0,0,0,0,0,0,0,4.099716156600796e-19,0,0,0,2.221217937100403e-7,0,0,0,0,0,0,0,0,0,5.520347737615622e-8,0,0,2.0436379093983667e-18,3.4312578254824946e-7,0,0,0,0,0.001071113611725343,6.204510536368996e-7,0.00107173406277898
0.587,2.6050454369014345e-8,3.789651456087728e-7,0.0010727938047078913,0,0,0,0,0,0,0,0,0,0,0,4.894125118948177e-19,0,0,0,2.1185358087493829e-7,0,0,0,0,0,0,0,0,0,5.3149867263420494e-8,0,0,2.379558483358114e-18,3.3408363531864087e-7,0,0,0,0,0.0010731988203078692,5.990870834598686e-7,0.001073797907391329
0.588,2.6094833465961466e-8,3.6871258897807756e-7,0.0010748893666114121,0,0,0,0,0,0,0,0,0,0,0,5.814152240272143e-19,0,0,0,2.0231426580787615e-7,0,0,0,0,0,0,0,0,0,5.125066767170052e-8,0,0,2.760807983200086e-18,3.257044414955962e-7,0,0,0,0,0.0010752841740338563,5.792693749785151e-7,0.0010758634434088349
0.589,2.6139212562690285e-8,3.5907080432540094e-7,0.0010769844075425798,0,0,0,0,0,0,0,0,0,0,0,6.875458685874058e-19,0,0,0,1.9335193559292322e-7,0,0,0,0,0,0,0,0,0,4.946132381184944e-8,0,0,3.1921889894466236e-18,3.1786474205543154e-7,0,0,0,0,0.0010773696175594679,5.60678001464084e-7,0.001077930295560932
0.59,2.6183591659201916e-8,3.4998774830058347e-7,0.0010790789305358118,0,0,0,0,0,0,0,0,0,0,0,8.09513441329899e-19,0,0,0,1.8498983369192144e-7,0,0,0,0,0,0,0,0,0,4.776379167391953e-8,0,0,3.678869949868688e-18,3.105925083803968e-7,0,0,0,0,0.0010794551018757717,5.433461337507262e-7,0.0010799984480095225
0.591,2.6227970755497457e-8,3.414169110086037e-7,0.0010811729386012632,0,0,0,0,0,0,0,0,0,0,0,9.491774929015162e-19,0,0,0,1.771123526974529e-7,0,0,0,0,0,0,0,0,0,4.6182957921307625e-8,0,0,4.2264003821654105e-18,3.0387343969949406e-7,0,0,0,0,0.0010815405834830273,5.271687503234302e-7,0.0010820677522333506
0.592,2.6272349851578018e-8,3.3331661364548576e-7,0.0010832664347250772,0,0,0,0,0,0,0,0,0,0,0,1.1085557681081361e-18,0,0,0,1.6970941143457842e-7,0,0,0,0,0,0,0,0,0,4.4690498797433773e-8,0,0,4.8407257084788996e-18,2.976105201630446e-7,0,0,0,0,0.0010836260236885742,5.120104304010061e-7,0.0010841380341189751
0.593,2.631672894744468e-8,3.256494089175145e-7,0.0010853594218696312,0,0,0,0,0,0,0,0,0,0,0,1.2898317657297246e-18,0,0,0,1.6275124401830193e-7,0,0,0,0,0,0,0,0,0,4.327670114792536e-8,0,0,5.528201616360038e-18,2.9174530791763444e-7,0,0,0,0,0.0010857113880074962,4.977732530906797e-7,0.0010862091612605868
0.594,2.6361108043098504e-8,3.183815673074725e-7,0.0010874519029737773,0,0,0,0,0,0,0,0,0,0,0,1.495362172453911e-18,0,0,0,1.5618300265371827e-7,0,0,0,0,0,0,0,0,0,4.193713758561768e-8,0,0,6.295607833589974e-18,2.863245072015513e-7,0,0,0,0,0.0010877966456491277,4.844446474486783e-7,0.0010882810902965764
0.595,2.6405487138540587e-8,3.1148263534002953e-7,0.0010895438809530845,0,0,0,0,0,0,0,0,0,0,0,1.7276841210210575e-18,0,0,0,1.4998310905774036e-7,0,0,0,0,0,0,0,0,0,4.0655274416696234e-8,0,0,7.150161196880208e-18,2.8121458435861995e-7,0,0,0,0,0.001089881769075563,4.718529678419344e-7,0.001090353622043405
0.596,2.6449866233771987e-8,3.049250544717823e-7,0.0010916353587000739,0,0,0,0,0,0,0,0,0,0,0,1.9895222191027593e-18,0,0,0,1.441694324078291e-7,0,0,0,0,0,0,0,0,0,3.945333920231338e-8,0,0,8.099527886939527e-18,2.7648941049741506e-7,0,0,0,0,0.0010919667336207793,4.601121821176466e-7,0.001092426845802897
0.597,2.6494245328793766e-8,2.9868383122210845e-7,0.0010937263390844525,0,0,0,0,0,0,0,0,0,0,0,2.283795291779613e-18,0,0,0,1.3862164901298325e-7,0,0,0,0,0,0,0,0,0,3.831233977578087e-8,0,0,9.15183469471986e-18,2.721046347101833e-7,0,0,0,0,0.0010940515171610034,4.490386235103831e-7,0.0010945005557845139
0.598,2.6538624423606967e-8,2.927362507708235e-7,0.0010958168249533447,0,0,0,0,0,0,0,0,0,0,0,2.6136227767485983e-18,0,0,0,1.3336464348990123e-7,0,0,0,0,0,0,0,0,0,3.722077849256794e-8,0,0,1.03156791758692e-17,2.6800447709366967e-7,0,0,0,0,0.001096136099828539,4.385898990890682e-7,0.0010965746897276282
0.599,2.658300351821264e-8,2.8706162755644935e-7,0.0010979068191315183,0,0,0,0,0,0,0,0,0,0,0,2.9823307075835238e-18,0,0,0,1.283183487301078e-7,0,0,0,0,0,0,0,0,0,3.617752203384479e-8,0,0,1.1600138542517618e-17,2.6412900972493265e-7,0,0,0,0,0.001098220463762593,4.2862488050346765e-7,0.0010986490886430965
0.6,2.662738261261182e-8,2.816410874759971e-7,0.0010999963244216133,0,0,0,0,0,0,0,0,0,0,0,3.393457216506557e-18,0,0,0,1.2358349645865005e-7,0,0,0,0,0,0,0,0,0,3.5179973029779524e-8,0,0,1.3014777133569958e-17,2.605909367679165e-7,0,0,0,0,0.001100304592891702,4.193544062727543e-7,0.0011007239472979747
0.601,2.6671761706805543e-8,2.764573771615202e-7,0.0011020853436043596,0,0,0,0,0,0,0,0,0,0,0,3.850757484210696e-18,0,0,0,1.1908144121888402e-7,0,0,0,0,0,0,0,0,0,3.422381484422272e-8,0,0,1.4569652296662692e-17,2.572228792988177e-7,0,0,0,0,0.001102388472743228,4.1052813538034487e-7,0.0011027990008786084
0.602,2.671614080079483e-8,2.714946965280003e-7,0.0011041738794387993,0,0,0,0,0,0,0,0,0,0,0,4.358208060321786e-18,0,0,0,1.1479623799740026e-7,0,0,0,0,0,0,0,0,0,3.3306559199398276e-8,0,0,1.6275318506915287e-17,2.541025082007694e-7,0,0,0,0,0.0011044720902761282,4.0220530541820146e-7,0.0011048742955815463
0.603,2.67605198945807e-8,2.667385513811914e-7,0.001106261934662505,0,0,0,0,0,0,0,0,0,0,0,4.920010474106788e-18,0,0,0,1.1071332383280365e-7,0,0,0,0,0,0,0,0,0,3.243622516960101e-8,0,0,1.814282953959908e-17,2.5123999277237614e-7,0,0,0,0,0.0011065554337337808,3.943895417978436e-7,0.0011069498232755787
0.604,2.680489898816416e-8,2.6217562336646524e-7,0.00110834951199179,0,0,0,0,0,0,0,0,0,0,0,5.5405940510527746e-18,0,0,0,1.0683521677081109e-7,0,0,0,0,0,0,0,0,0,3.160377043429872e-8,0,0,2.0183738505888735e-17,2.4853948261260414e-7,0,0,0,0,0.0011086384925141446,3.869784698434383e-7,0.001109025470983988
0.605,2.684927808154621e-8,2.577936549493768e-7,0.0011104366141219224,0,0,0,0,0,0,0,0,0,0,0,6.224617846962072e-18,0,0,0,1.0311756707624175e-7,0,0,0,0,0,0,0,0,0,3.0792713445588386e-8,0,0,2.2410095552998975e-17,2.4599707331838325e-7,0,0,0,0,0.0011107212570549533,3.799073538688481e-7,0.0011111011644088222
0.606,2.6893657174727858e-8,2.53581347460633e-7,0.0011125232437273337,0,0,0,0,0,0,0,0,0,0,0,6.976971607257231e-18,0,0,0,9.956549288150167e-8,0,0,0,0,0,0,0,0,0,3.00146052853694e-8,0,0,2.4834443022294485e-17,2.4369233771188756e-7,0,0,0,0,0.001112803718731969,3.7327243591057e-7,0.0011131769911678796
0.607,2.6938036267710088e-8,2.495282705245839e-7,0.0011146094034618266,0,0,0,0,0,0,0,0,0,0,0,7.80277565529561e-18,0,0,0,9.616869905191579e-8,0,0,0,0,0,0,0,0,0,2.926890542281554e-8,0,0,2.7469807851427183e-17,2.415660328259055e-7,0,0,0,0,0.0011148858697686188,3.670036373359094e-7,0.0011152528734059547
0.608,2.698241536049389e-8,2.456247814310094e-7,0.001116695095958776,0,0,0,0,0,0,0,0,0,0,0,8.707379609655535e-18,0,0,0,9.291771128215182e-8,0,0,0,0,0,0,0,0,0,2.8548644252716252e-8,0,0,3.0329690999273366e-17,2.3949516920005006e-7,0,0,0,0,0.0011169677031555676,3.6096152477395517e-7,0.0011173286646803415
0.609,2.702679445308022e-8,2.4186195321282774e-7,0.0011187803238313318,0,0,0,0,0,0,0,0,0,0,0,9.69635982663369e-18,0,0,0,8.98037989085763e-8,0,0,0,0,0,0,0,0,0,2.785180345736923e-8,0,0,3.342805366546502e-17,2.3768787196991259e-7,0,0,0,0,0.0011190492125789976,3.553434743789825e-7,0.0011194045560533766
0.61,2.7071173545470074e-8,2.3823151036381837e-7,0.0011208650896726198,0,0,0,0,0,0,0,0,0,0,0,1.0775515460583961e-17,0,0,0,8.68189061158013e-8,0,0,0,0,0,0,0,0,0,2.7185762524666342e-8,0,0,3.6779300069712624e-17,2.3597657286643032e-7,0,0,0,0,0.0011211303923565291,3.499812415544528e-7,0.0011214803735980837
0.611,2.7115552637664414e-8,2.3472577127583154e-7,0.0011229493960559353,0,0,0,0,0,0,0,0,0,0,0,1.195086303127953e-17,0,0,0,8.395559050726503e-8,0,0,0,0,0,0,0,0,0,2.654088674858737e-8,0,0,4.039825654993082e-17,2.3439710983547267e-7,0,0,0,0,0.0011232112373798487,3.448935871436742e-7,0.0011235561309669924
0.612,2.715993172966419e-8,2.31337596598547e-7,0.0011250332455349401,0,0,0,0,0,0,0,0,0,0,0,1.322862938422846e-17,0,0,0,8.120696815005806e-8,0,0,0,0,0,0,0,0,0,2.59102527384698e-8,0,0,4.430014673258689e-17,2.3296217558589546e-7,0,0,0,0,0.0011252917430632683,3.400793965319521e-7,0.0011256318224598003
0.613,2.7204310821470353e-8,2.2806034283019633e-7,0.0011271166406438516,0,0,0,0,0,0,0,0,0,0,0,1.461524292683258e-17,0,0,0,7.856666432362411e-8,0,0,0,0,0,0,0,0,0,2.5296999004133942e-8,0,0,4.850056252359668e-17,2.3165154779250982e-7,0,0,0,0,0.0011273719052975033,3.355152111833837e-7,0.0011277074205086866
0.614,2.7248689913083853e-8,2.2488782053771952e-7,0.001129199583897635,0,0,0,0,0,0,0,0,0,0,0,1.6117323020527377e-17,0,0,0,7.602876930379581e-8,0,0,0,0,0,0,0,0,0,2.4709641536620666e-8,0,0,5.301543066382318e-17,2.3044199370937982e-7,0,0,0,0,0.001129451720408086,3.3118040461892905e-7,0.0011297829008127048
0.615,2.7293069004505633e-8,2.2181425668196285e-7,0.001131282077792189,0,0,0,0,0,0,0,0,0,0,0,1.774166740658467e-17,0,0,0,7.357622706346073e-8,0,0,0,0,0,0,0,0,0,2.4132535105435206e-8,0,0,5.786097458967392e-17,2.2937725092041822e-7,0,0,0,0,0.0011315311851178755,3.270860131649168e-7,0.0011318582711310405
0.616,2.7337448095736616e-8,2.188342605898112e-7,0.0011333641248045324,0,0,0,0,0,0,0,0,0,0,0,1.949523754116496e-17,0,0,0,7.122740149606204e-8,0,0,0,0,0,0,0,0,0,2.3575447600368845e-8,0,0,6.305367133667121e-17,2.2843307568335995e-7,0,0,0,0,0.001133610296513218,3.2323592486233974e-7,0.0011339335324380803
0.617,2.738182718677774e-8,2.159427931721973e-7,0.001135445727392984,0,0,0,0,0,0,0,0,0,0,0,2.1385141713535784e-17,0,0,0,6.896565770787294e-8,0,0,0,0,0,0,0,0,0,2.3037109080372513e-8,0,0,6.861020322230548e-17,2.275630378832718e-7,0,0,0,0,0.0011356890520133431,3.195658047615126e-7,0.0011360086178181046
0.618,2.7426206277629927e-8,2.1313513903616173e-7,0.0011375268879973493,0,0,0,0,0,0,0,0,0,0,0,2.341861582014778e-17,0,0,0,6.678658609185115e-8,0,0,0,0,0,0,0,0,0,2.250892887540893e-8,0,0,7.454740404403975e-17,2.268247405716525e-7,0,0,0,0,0.0011377674493426632,3.1612025563687865e-7,0.0011380835695983
0.619,2.747058536829409e-8,2.1040688118173084e-7,0.0011396076090390915,0,0,0,0,0,0,0,0,0,0,0,2.560300166658145e-17,0,0,0,6.468607850741736e-8,0,0,0,0,0,0,0,0,0,2.1994346051614048e-8,0,0,8.088219952919577e-17,2.26123085639119e-7,0,0,0,0,0.0011398454865056416,3.1280351030463563e-7,0.0011401582900159462
0.62,2.7514964458771137e-8,2.0775387801128185e-7,0.0011416878929215136,0,0,0,0,0,0,0,0,0,0,0,2.794572266928933e-17,0,0,0,6.268924864188669e-8,0,0,0,0,0,0,0,0,0,2.149550463762852e-8,0,0,8.763154177580001e-17,2.255409029711905e-7,0,0,0,0,0.0011419231617639837,3.0972565636628296e-7,0.00114223288742035
0.621,2.755934354906197e-8,2.0517224241112415e-7,0.001143767742029931,0,0,0,0,0,0,0,0,0,0,0,3.0454256829621995e-17,0,0,0,6.073372767342884e-8,0,0,0,0,0,0,0,0,0,2.101037657928848e-8,0,0,9.4812337427339e-17,2.2508949850004666e-7,0,0,0,0,0.0011440004736158911,3.068336028780306e-7,0.001144307307218769
0.622,2.7603722639167493e-8,2.0265832269292845e-7,0.001145847158731843,0,0,0,0,0,0,0,0,0,0,0,3.313610685396031e-17,0,0,0,5.884605702124801e-8,0,0,0,0,0,0,0,0,0,2.0528350229677622e-8,0,0,1.0244136933015188e-16,2.246353739221804e-7,0,0,0,0,0.0011460774207771752,3.040097813086835e-7,0.0011463814305584838
0.623,2.7648101729088595e-8,2.002086852069652e-7,0.0011479261453771047,0,0,0,0,0,0,0,0,0,0,0,3.5998767295907755e-17,0,0,0,5.7003436656780286e-8,0,0,0,0,0,0,0,0,0,2.0066701202621988e-8,0,0,1.1053521142981746e-16,2.2432388087017384e-7,0,0,0,0,0.0011481540021640408,3.013940188761101e-7,0.001148455396182917
0.624,2.7692480818826156e-8,1.978200984603766e-7,0.0011500047042980947,0,0,0,0,0,0,0,0,0,0,0,3.9049688599561096e-17,0,0,0,5.524284314899619e-8,0,0,0,0,0,0,0,0,0,1.9608462899667797e-8,0,0,1.1911013667277324e-16,2.2406901888014403e-7,0,0,0,0,0.0011502302168773738,2.9892032508696783e-7,0.0011505291372024607
0.625,2.7736859908381066e-8,1.9548951859231427e-7,0.0011520828378098814,0,0,0,0,0,0,0,0,0,0,0,4.229623792695025e-17,0,0,0,5.354021514370471e-8,0,0,0,0,0,0,0,0,0,1.9164785849703428e-8,0,0,1.2818201769166576e-16,2.2391402889675214e-7,0,0,0,0,0.0011523060641883821,2.9661903006063855e-7,0.0011526026832184427
0.626,2.7781238997754207e-8,1.9321407607409927e-7,0.0011541605482103868,0,0,0,0,0,0,0,0,0,0,0,4.574565665794195e-17,0,0,0,5.18952866616682e-8,0,0,0,0,0,0,0,0,0,1.8726651256988596e-8,0,0,1.3776622006778818e-16,2.2383743767224975e-7,0,0,0,0,0.0011543815435254587,2.944593757744184e-7,0.0011546760029012332
0.627,2.782561808694643e-8,1.909910635169002e-7,0.00115623783778055,0,0,0,0,0,0,0,0,0,0,0,4.940501445729413e-17,0,0,0,5.0304453051972016e-8,0,0,0,0,0,0,0,0,0,1.8299291107337485e-8,0,0,1.4787748798175078e-16,2.2386388653800762e-7,0,0,0,0,0.001156456654462154,2.924676308945996e-7,0.0011567491220930484
0.628,2.786999717595861e-8,1.8881792448203994e-7,0.0011583147087844878,0,0,0,0,0,0,0,0,0,0,0,5.3281159811353727e-17,0,0,0,4.875446676595755e-8,0,0,0,0,0,0,0,0,0,1.7880113498581243e-8,0,0,1.585298220844327e-16,2.2390087341317585e-7,0,0,0,0,0.0011585313967061458,2.905354538895256e-7,0.0011588219321600353
0.629,2.7914376264791613e-8,1.8669224320017725e-7,0.0011603911634696525,0,0,0,0,0,0,0,0,0,0,0,5.7380666946122e-17,0,0,0,4.726548370851613e-8,0,0,0,0,0,0,0,0,0,1.7465360009041855e-8,0,0,1.6973634944460484e-16,2.2400127170274705e-7,0,0,0,0,0.0011606057700891176,2.88732115647422e-7,0.001160894502204765
0.63,2.7958755353446276e-8,1.846117351154199e-7,0.00116246720406699,0,0,0,0,0,0,0,0,0,0,0,6.170977904930482e-17,0,0,0,4.581635770482575e-8,0,0,0,0,0,0,0,0,0,1.7059263001370025e-8,0,0,1.8150918545778398e-16,2.2419076156434314e-7,0,0,0,0,0.001162679774557459,2.870663825137579e-7,0.0011629668409399727
0.631,2.8003134441923465e-8,1.8257423817912078e-7,0.0011645428327910939,0,0,0,0,0,0,0,0,0,0,0,6.627434773157958e-17,0,0,0,4.442131925349816e-8,0,0,0,0,0,0,0,0,0,1.6662522333417948e-8,0,0,1.9385928763299526e-16,2.2450392364409536e-7,0,0,0,0,0.001164753410163715,2.855877654911451e-7,0.001165038997929206
0.632,2.8047513530223998e-8,1.8057770482580972e-7,0.0011666180518403603,0,0,0,0,0,0,0,0,0,0,0,7.107976867694402e-17,0,0,0,4.3084521380402815e-8,0,0,0,0,0,0,0,0,0,1.6267746427396102e-8,0,0,2.0679630121090467e-16,2.247823353920403e-7,0,0,0,0,0.0011668266770587163,2.8413460347771527e-7,0.0011671108116621941
0.633,2.809189261834874e-8,1.7862019457052498e-7,0.0011686928633971366,0,0,0,0,0,0,0,0,0,0,0,7.6130913448636e-17,0,0,0,4.178236460114059e-8,0,0,0,0,0,0,0,0,0,1.588445802794676e-8,0,0,2.203283966081007e-16,2.2518515290200436e-7,0,0,0,0,0.0011688995754843255,2.82851975827551e-7,0.001169182427460153
0.634,2.8136271706298504e-8,1.7669986717289203e-7,0.0011707672696278752,0,0,0,0,0,0,0,0,0,0,0,8.143205743613679e-17,0,0,0,4.051421246295202e-8,0,0,0,0,0,0,0,0,0,1.550690093059524e-8,0,0,2.3446209872928124e-16,2.2561915606803846e-7,0,0,0,0,0.0011709721057667545,2.816402697774799e-7,0.001171253746036532
0.635,2.8180650794074125e-8,1.7481497631868044e-7,0.001172841272683278,0,0,0,0,0,0,0,0,0,0,0,8.698680395021342e-17,0,0,0,3.927380958641409e-8,0,0,0,0,0,0,0,0,0,1.5130495096168818e-8,0,0,2.4920210824125645e-16,2.261297159495443e-7,0,0,0,0,0.0011730442683103909,2.805340209683161e-7,0.0011733248023313592
0.636,2.8225029881676415e-8,1.729638637743881e-7,0.001174914874698445,0,0,0,0,0,0,0,0,0,0,0,9.279800449713975e-17,0,0,0,3.8085956772355055e-8,0,0,0,0,0,0,0,0,0,1.4763942933048154e-8,0,0,2.645511149615641e-16,2.2672111022108345e-7,0,0,0,0,0.0011751160635921011,2.795710102838358e-7,0.001175395634602385
0.637,2.826940896910621e-8,1.711449539746828e-7,0.0011769880777930185,0,0,0,0,0,0,0,0,0,0,0,9.886767529030959e-17,0,0,0,3.6932648630474354e-8,0,0,0,0,0,0,0,0,0,1.4400228526040329e-8,0,0,2.805096035794859e-16,2.2727058121687343e-7,0,0,0,0,0.0011771874921559621,2.786034587527654e-7,0.001177466095614715
0.638,2.8313788056364295e-8,1.6935674900637711e-7,0.0011790608840713257,0,0,0,0,0,0,0,0,0,0,0,1.0519691008779047e-16,0,0,0,3.5803736586717e-8,0,0,0,0,0,0,0,0,0,1.4040913692904536e-8,0,0,2.9707565199999327e-16,2.2798208773407518e-7,0,0,0,0,0.0011792585546083884,2.778267384159693e-7,0.0011795363813468043
0.639,2.835816714345149e-8,1.675978239560311e-7,0.0011811332956225206,0,0,0,0,0,0,0,0,0,0,0,1.117857894779902e-16,0,0,0,3.472087325752013e-8,0,0,0,0,0,0,0,0,0,1.3688073958963524e-8,0,0,3.142447226811227e-16,2.2870770087554244e-7,0,0,0,0,0.0011813292516136202,2.771166485180566e-7,0.0011816063682621382
0.64,2.8402546230368607e-8,1.6586682259135036e-7,0.0011832053145207253,0,0,0,0,0,0,0,0,0,0,0,1.1863328677316394e-16,0,0,0,3.3695668643099594e-8,0,0,0,0,0,0,0,0,0,1.3340791461970729e-8,0,0,3.3200944742428813e-16,2.2948181530028356e-7,0,0,0,0,0.001183399583889547,2.765182758559966e-7,0.0011836761021654031
0.641,2.844692531711642e-8,1.6416245334931434e-7,0.001185276942825165,0,0,0,0,0,0,0,0,0,0,0,1.257371707118033e-16,0,0,0,3.2667503945779806e-8,0,0,0,0,0,0,0,0,0,1.2995887708261705e-8,0,0,3.5035940617443703e-16,2.3033995633748478e-7,0,0,0,0,0.0011854695522038315,2.7600334846762286e-7,0.001185745555552299
0.642,2.8491304403695738e-8,1.6248348560642384e-7,0.0011873481825803087,0,0,0,0,0,0,0,0,0,0,0,1.3309390521684728e-16,0,0,0,3.168146337379861e-8,0,0,0,0,0,0,0,0,0,1.2655227482208977e-8,0,0,3.692809004947504e-16,2.3126732986590315e-7,0,0,0,0,0.0011875391573703189,2.756040212242855e-7,0.001187814761391543
0.643,2.8535683490107335e-8,1.6082874620870243e-7,0.001189419035816,0,0,0,0,0,0,0,0,0,0,0,1.4069854650706326e-16,0,0,0,3.073558117867333e-8,0,0,0,0,0,0,0,0,0,1.2317796863417575e-8,0,0,3.887567224984278e-16,2.321779682129044e-7,0,0,0,0,0.0011896084002456988,2.752313467844506e-7,0.0011898836315924833
0.644,2.8580062576351997e-8,1.591971162410756e-7,0.001191489504547596,0,0,0,0,0,0,0,0,0,0,0,1.485446379144496e-16,0,0,0,2.980135861636498e-8,0,0,0,0,0,0,0,0,0,1.1986305685822111e-8,0,0,4.087659201495652e-16,2.3313983679280838e-7,0,0,0,0,0.0011916772817264134,2.7492750165230603e-7,0.0011919522092280657
0.645,2.8624441662430498e-8,1.5758752801755582e-7,0.0011935595907760937,0,0,0,0,0,0,0,0,0,0,0,1.5662410282148357e-16,0,0,0,2.890457302158506e-8,0,0,0,0,0,0,0,0,0,1.1659367952488078e-8,0,0,4.292835599867166e-16,2.3418708873696274e-7,0,0,0,0,0.0011937458027457737,2.747510302969435e-7,0.0011940205537760706
0.646,2.8668820748343612e-8,1.559989622753025e-7,0.0011956292964882672,0,0,0,0,0,0,0,0,0,0,0,1.6492713619882565e-16,0,0,0,2.803274745217356e-8,0,0,0,0,0,0,0,0,0,1.1334053050975921e-8,0,0,4.50280488477257e-16,2.352353525133872e-7,0,0,0,0,0.0011958139642712909,2.7460215363174434e-7,0.0011960885664249227
0.647,2.8713199834092115e-8,1.54430445557085e-7,0.0011976986236567906,0,0,0,0,0,0,0,0,0,0,0,1.7344209529713726e-16,0,0,0,2.7190035346570593e-8,0,0,0,0,0,0,0,0,0,1.1014143548570791e-8,0,0,4.717230933795623e-16,2.364448305940308e-7,0,0,0,0,0.0011978817673021817,2.746490101343374e-7,0.001198156416312316
0.648,2.8757578919676752e-8,1.5288104776800344e-7,0.0011997675742403703,0,0,0,0,0,0,0,0,0,0,0,1.821553901265962e-16,0,0,0,2.6375853414626324e-8,0,0,0,0,0,0,0,0,0,1.0696194556748077e-8,0,0,4.935730666738477e-16,2.3764709334748812e-7,0,0,0,0,0.001199949212867058,2.74719141994591e-7,0.0012002239320090527
0.649,2.880195800509829e-8,1.5134987989354638e-7,0.0012018361501838694,0,0,0,0,0,0,0,0,0,0,0,1.9105137444477018e-16,0,0,0,2.558328519699351e-8,0,0,0,0,0,0,0,0,0,1.0382024731997849e-8,0,0,5.157871708224727e-16,2.38855010454664e-7,0,0,0,0,0.001202016302021768,2.748203210904939e-7,0.0012022911223428586
0.65,2.8846337090357482e-8,1.4983609186712942e-7,0.0012039043534184336,0,0,0,0,0,0,0,0,0,0,0,2.0011223806849922e-16,0,0,0,2.482103555206173e-8,0,0,0,0,0,0,0,0,0,1.0068732112851423e-8,0,0,5.38317010338314e-16,2.401191682630887e-7,0,0,0,0,0.0012040830358473911,2.750089366664311e-7,0.0012043580447840575
0.651,2.8890716175455072e-8,1.483388705762649e-7,0.0012059721858616137,0,0,0,0,0,0,0,0,0,0,0,2.0931790142875053e-16,0,0,0,2.4084199046750465e-8,0,0,0,0,0,0,0,0,0,9.761066687132695e-9,0,0,5.61108810875757e-16,2.41492231879785e-7,0,0,0,0,0.0012061494154483655,2.753374983840949e-7,0.0012064247529467496
0.652,2.893509526039181e-8,1.4685743799741084e-7,0.0012080396494174898,0,0,0,0,0,0,0,0,0,0,0,2.1864591339980838e-16,0,0,0,2.3371468427289713e-8,0,0,0,0,0,0,0,0,0,9.455301336376107e-9,0,0,5.841032083151851e-16,2.428240110585437e-7,0,0,0,0,0.0012082154419507476,2.7565078162495863e-7,0.0012084910927323725
0.653,2.897947434516843e-8,1.453910494503496e-7,0.001210106745976789,0,0,0,0,0,0,0,0,0,0,0,2.280713535561333e-16,0,0,0,2.2688563889394807e-8,0,0,0,0,0,0,0,0,0,9.153493188266633e-9,0,0,6.072350505897436e-16,2.4425974293859547e-7,0,0,0,0,0.0012102811165005847,2.761018008515633e-7,0.0012105572183014363
0.654,2.9023853429785667e-8,1.4393899196371359e-7,0.0012121734774170093,0,0,0,0,0,0,0,0,0,0,0,2.3756674014262337e-16,0,0,0,2.2023351463684203e-8,0,0,0,0,0,0,0,0,0,8.855968136853214e-9,0,0,6.304332153032103e-16,2.4566416581330125e-7,0,0,0,0,0.001212346440262403,2.765434862818387e-7,0.0012126229837486847
0.655,2.906823251424425e-8,1.425005827439243e-7,0.0012142398456025346,0,0,0,0,0,0,0,0,0,0,0,2.471019451875175e-16,0,0,0,2.138133379313397e-8,0,0,0,0,0,0,0,0,0,8.559916732880732e-9,0,0,6.536204465140296e-16,2.4715880603584094e-7,0,0,0,0,0.0012144114144177927,2.7710005746257804e-7,0.0012146885144752554
0.656,2.91126115985449e-8,1.4107516774045384e-7,0.0012163058523847524,0,0,0,0,0,0,0,0,0,0,0,2.566441183425131e-16,0,0,0,2.0762116345166295e-8,0,0,0,0,0,0,0,0,0,8.266090490714861e-9,0,0,6.767132144113848e-16,2.4878870599750645e-7,0,0,0,0,0.0012164760401640914,2.778169137667449e-7,0.0012167538570778582
0.657,2.9156990682688354e-8,1.3966212030085865e-7,0.0012183714996021704,0,0,0,0,0,0,0,0,0,0,0,2.6615762120288435e-16,0,0,0,2.0165331192282605e-8,0,0,0,0,0,0,0,0,0,7.97614928691804e-9,0,0,6.996216019893993e-16,2.5041327914107097e-7,0,0,0,0,0.001218540318713154,2.7855476058605084e-7,0.00121881887347374
0.658,2.9201369766675305e-8,1.3826083990956597e-7,0.00122043678908053,0,0,0,0,0,0,0,0,0,0,0,2.756039740420211e-16,0,0,0,1.9583789669015537e-8,0,0,0,0,0,0,0,0,0,7.68997684810921e-9,0,0,7.222492232354368e-16,2.5209144489359856e-7,0,0,0,0,0.0012206042512902062,2.793652124085765e-7,0.0012208836165026149
0.659,2.9245748850506495e-8,1.3687075100485207e-7,0.0012225017226329196,0,0,0,0,0,0,0,0,0,0,0,2.8494181709137934e-16,0,0,0,1.9037712049001877e-8,0,0,0,0,0,0,0,0,0,7.404923701832871e-9,0,0,7.444931777907933e-16,2.537686306977968e-7,0,0,0,0,0.001222667839132775,2.8021126747806654e-7,0.001222948050400253
0.66,2.9290127934182612e-8,1.3549130186888712e-7,0.001224566302059888,0,0,0,0,0,0,0,0,0,0,0,2.941268887086044e-16,0,0,0,1.8506264937445818e-8,0,0,0,0,0,0,0,0,0,7.124031577277026e-9,0,0,7.66244047518552e-16,2.55498893499551e-7,0,0,0,0,0.001224731083489691,2.811291910746448e-7,0.0012250122126807657
0.661,2.9334507017704364e-8,1.3412196358611304e-7,0.0012266305291495526,0,0,0,0,0,0,0,0,0,0,0,3.031120230055415e-16,0,0,0,1.7996021873504204e-8,0,0,0,0,0,0,0,0,0,6.845014089932193e-9,0,0,7.873859409270089e-16,2.5718813904419925e-7,0,0,0,0,0.0012267939856201563,2.820291760981336e-7,0.0012270760147962544
0.662,2.9378886101072433e-8,1.3276222906557665e-7,0.001228694405677711,0,0,0,0,0,0,0,0,0,0,0,3.1184716975417526e-16,0,0,0,1.7506731638932072e-8,0,0,0,0,0,0,0,0,0,6.569405749421182e-9,0,0,8.077965919499588e-16,2.5905347078866737e-7,0,0,0,0,0.0012288565467928776,2.831296092966644e-7,0.0012291396764021743
0.663,2.9423265184287565e-8,1.3141161212318517e-7,0.0012307579334079493,0,0,0,0,0,0,0,0,0,0,0,3.2027943965439087e-16,0,0,0,1.7033721805323175e-8,0,0,0,0,0,0,0,0,0,6.299025821810561e-9,0,0,8.273475201799963e-16,2.6100920306561265e-7,0,0,0,0,0.0012309187682852567,2.8434195184037336e-7,0.0012312031102370972
0.664,2.94676442673504e-8,1.3006964662013462e-7,0.0012328211140917482,0,0,0,0,0,0,0,0,0,0,0,3.2835317833351765e-16,0,0,0,1.658601287927183e-8,0,0,0,0,0,0,0,0,0,6.029028942046707e-9,0,0,8.45904260290354e-16,2.62870100075616e-7,0,0,0,0,0.0012329806513826358,2.85485143071192e-7,0.001233266136525707
0.665,2.9512023350261634e-8,1.287358856540571e-7,0.0012348839494685892,0,0,0,0,0,0,0,0,0,0,0,3.360100727553244e-16,0,0,0,1.6158385921914642e-8,0,0,0,0,0,0,0,0,0,5.762714103341521e-9,0,0,8.633266690692652e-16,2.647938141527861e-7,0,0,0,0,0.0012350421973775937,2.8671491537737906e-7,0.001235328912292971
0.666,2.9556402433021976e-8,1.2740990079968802e-7,0.0012369464412660615,0,0,0,0,0,0,0,0,0,0,0,3.431892940475746e-16,0,0,0,1.5753839115913754e-8,0,0,0,0,0,0,0,0,0,5.5005057568169985e-9,0,0,8.794693192287287e-16,2.6682063544749077e-7,0,0,0,0,0.0012371034075692943,2.8807498154288017e-7,0.0012373914825508372
0.667,2.9600781515632082e-8,1.2609128139607356e-7,0.001239008591199963,0,0,0,0,0,0,0,0,0,0,0,3.498276811130454e-16,0,0,0,1.5367748427045734e-8,0,0,0,0,0,0,0,0,0,5.241689959493693e-9,0,0,8.941819899435348e-16,2.688116163940209e-7,0,0,0,0,0.0012391642832628746,2.8942105602456996e-7,0.0012394537043188992
0.668,2.9645160598092627e-8,1.2477963387758273e-7,0.0012410704009744042,0,0,0,0,0,0,0,0,0,0,0,3.558599697716113e-16,0,0,0,1.500536059028e-8,0,0,0,0,0,0,0,0,0,4.98663156549613e-9,0,0,9.073102649272594e-16,2.7090731167830903e-7,0,0,0,0,0.00124122482576888,2.908993050972554e-7,0.001241515725073977
0.669,2.9689539680404293e-8,1.2347458114616718e-7,0.0012431318722819118,0,0,0,0,0,0,0,0,0,0,0,3.6121907259197157e-16,0,0,0,1.4652462270217808e-8,0,0,0,0,0,0,0,0,0,4.735500320376522e-9,0,0,9.18696249766587e-16,2.7303382226762334e-7,0,0,0,0,0.0012432850364027385,2.92421786138133e-7,0.0012435774581888766
0.67,2.973391876256774e-8,1.2217576198250676e-7,0.001245193006803526,0,0,0,0,0,0,0,0,0,0,0,3.6583641501252134e-16,0,0,0,1.4318732831823425e-8,0,0,0,0,0,0,0,0,0,4.4874410963606955e-9,0,0,9.281794212138115e-16,2.752035563186121e-7,0,0,0,0,0.001245344916484271,2.9400973154081206e-7,0.0012456389262158118
0.671,2.9778297844583635e-8,1.2088283049385073e-7,0.0012472538062088998,0,0,0,0,0,0,0,0,0,0,0,3.6964233382454183e-16,0,0,0,1.401365577979764e-8,0,0,0,0,0,0,0,0,0,4.243232042278498e-9,0,0,9.35597622188524e-16,2.774007106198192e-7,0,0,0,0,0.0012474044673372383,2.9565759974713527e-7,0.0012477001249369855
0.672,2.982267692645263e-8,1.195954555965148e-7,0.0012493142721564016,0,0,0,0,0,0,0,0,0,0,0,3.7256654459844923e-16,0,0,0,1.3722416816537494e-8,0,0,0,0,0,0,0,0,0,4.003140979695655e-9,0,0,9.407882173653178e-16,2.797362051941824e-7,0,0,0,0,0.0012494636902889247,2.974617643037703e-7,0.0012497611520532284
0.673,2.986705600817537e-8,1.1831332053114898e-7,0.0012513744062932098,0,0,0,0,0,0,0,0,0,0,0,3.7453868517860793e-16,0,0,0,1.3457854495502012e-8,0,0,0,0,0,0,0,0,0,3.7686256982772304e-9,0,0,9.43589425429103e-16,2.8198125100429485e-7,0,0,0,0,0.0012515225866697492,2.992077325162022e-7,0.0012518217944022653
0.674,2.991143508975253e-8,1.1703612240902593e-7,0.0012534342102554074,0,0,0,0,0,0,0,0,0,0,0,3.754889429554e-16,0,0,0,1.3205702793838737e-8,0,0,0,0,0,0,0,0,0,3.536505119787104e-9,0,0,9.438418453717377e-16,2.8437004603102857e-7,0,0,0,0,0.0012535811578129061,3.011122552639852e-7,0.00125388227006817
0.675,2.9955814171184744e-8,1.1576357178771295e-7,0.0012554936856680797,0,0,0,0,0,0,0,0,0,0,0,3.753487742491763e-16,0,0,0,1.2974917059573235e-8,0,0,0,0,0,0,0,0,0,3.310758737975932e-9,0,0,9.413901955857845e-16,2.8670760904602715e-7,0,0,0,0,0.0012556394050540385,3.029932861603153e-7,0.0012559423983401988
0.676,3.000019325247266e-8,1.1449539227462673e-7,0.0012575528341454098,0,0,0,0,0,0,0,0,0,0,0,3.7405172480984105e-16,0,0,0,1.2762188456118142e-8,0,0,0,0,0,0,0,0,0,3.088483015224988e-9,0,0,9.360852859897669e-16,2.8912277184219017e-7,0,0,0,0,0.001257697329730937,3.049734446236703e-7,0.0012580023031755606
0.677,3.004457233361692e-8,1.1323132015706017e-7,0.001259611657290768,0,0,0,0,0,0,0,0,0,0,0,3.715343611535015e-16,0,0,0,1.2567197471192834e-8,0,0,0,0,0,0,0,0,0,2.871201372907401e-9,0,0,9.27786245002765e-16,2.916075649972735e-7,0,0,0,0,0.0012597549331832586,3.0704596514069436e-7,0.0012600619791483993
0.678,3.008895141461814e-8,1.1197110405738125e-7,0.0012616701566968084,0,0,0,0,0,0,0,0,0,0,0,3.6773732322500323e-16,0,0,0,1.2394398330573076e-8,0,0,0,0,0,0,0,0,0,2.659575243286441e-9,0,0,9.163630248779573e-16,2.9416322477201365e-7,0,0,0,0,0.0012618122167522804,3.092171996299735e-7,0.0012621214339519104
0.679,3.013333049547698e-8,1.1071450461219462e-7,0.0012637283339455567,0,0,0,0,0,0,0,0,0,0,0,3.6260650969654313e-16,0,0,0,1.2238327111239418e-8,0,0,0,0,0,0,0,0,0,2.4534582333275794e-9,0,0,9.016992107147855e-16,2.9669403198363496e-7,0,0,0,0,0.0012638691817806645,3.113858185925077e-7,0.001264180567599257
0.68,3.017770957619405e-8,1.0946129417434298e-7,0.0012657861906085032,0,0,0,0,0,0,0,0,0,0,0,3.560944080915816e-16,0,0,0,1.2101990934097096e-8,0,0,0,0,0,0,0,0,0,2.2533707580246196e-9,0,0,8.836951604036838e-16,2.9935746644720917e-7,0,0,0,0,0.0012659258296122537,3.1371282937912047e-7,0.0012662395424416328
0.681,3.0222088656769984e-8,1.0821125653670533e-7,0.0012678437282466909,0,0,0,0,0,0,0,0,0,0,0,3.481615828626604e-16,0,0,0,1.1994593054751267e-8,0,0,0,0,0,0,0,0,0,2.05864135921372e-9,0,0,8.622715048243913e-16,3.019113613138265e-7,0,0,0,0,0.0012679821615918844,3.1596459693822454e-7,0.0012682981261888226
0.682,3.026646773720537e-8,1.0696418667682978e-7,0.0012699009484108046,0,0,0,0,0,0,0,0,0,0,0,3.387783355568391e-16,0,0,0,1.1900952016714435e-8,0,0,0,0,0,0,0,0,0,1.8704721059595847e-9,0,0,8.373730398277229e-16,3.0467813914333065e-7,0,0,0,0,0.0012700381790652186,3.1844956444215607e-7,0.0012703566286296607
0.683,3.031084681750088e-8,1.0571989052150091e-7,0.0012719578526412599,0,0,0,0,0,0,0,0,0,0,0,3.279265522761646e-16,0,0,0,1.181930159645897e-8,0,0,0,0,0,0,0,0,0,1.6885150915813428e-9,0,0,8.089730438891893e-16,3.072714098713796e-7,0,0,0,0,0.001272093883378599,3.207792276963195e-7,0.0012724146626062953
0.684,3.0355225897657094e-8,1.0447818473041793e-7,0.0012740144424682861,0,0,0,0,0,0,0,0,0,0,0,3.156017547884852e-16,0,0,0,1.1763645639797074e-8,0,0,0,0,0,0,0,0,0,1.5139032036674547e-9,0,0,7.770780578424238e-16,3.1017762188612917e-7,0,0,0,0,0.0012741492758789141,3.234551718222735e-7,0.0012744727310507365
0.685,3.039960497767464e-8,1.0323889649821133e-7,0.0012760707194120167,0,0,0,0,0,0,0,0,0,0,0,3.0181537286993596e-16,0,0,0,1.1724221014590224e-8,0,0,0,0,0,0,0,0,0,1.3470001051948244e-9,0,0,7.41733165789336e-16,3.12991551056235e-7,0,0,0,0,0.0012762043579134926,3.260627732195686e-7,0.0012765304206867121
0.686,3.0443984057554095e-8,1.0200186337409372e-7,0.0012781266849825703,0,0,0,0,0,0,0,0,0,0,0,2.8659725677015784e-16,0,0,0,1.1704849250089412e-8,0,0,0,0,0,0,0,0,0,1.1872765290663001e-9,0,0,7.030278191551852e-16,3.1579327509463425e-7,0,0,0,0,0.001278259130830002,3.2868540186341505e-7,0.0012785878162318654
0.687,3.048836313729609e-8,1.0076693309848355e-7,0.001280182340680139,0,0,0,0,0,0,0,0,0,0,0,2.699984500899656e-16,0,0,0,1.1710425394150025e-8,0,0,0,0,0,0,0,0,0,1.0355010781726902e-9,0,0,6.611022489201953e-16,3.1874761170516073e-7,0,0,0,0,0.0012803135959763747,3.314935391085841e-7,0.0012806450895154833
0.6880000000000001,3.053274221690121e-8,9.953396345600685e-8,0.001282237687995066,0,0,0,0,0,0,0,0,0,0,0,2.5209424485420267e-16,0,0,0,1.173258959306314e-8,0,0,0,0,0,0,0,0,0,8.92095984989407e-10,0,0,6.161545143281283e-16,3.2176811823333683e-7,0,0,0,0,0.001282367754700739,3.3439280467963814e-7,0.0012827021475054186
0.6890000000000001,3.057712129637006e-8,9.83028221443129e-8,0.001284292728407934,0,0,0,0,0,0,0,0,0,0,0,2.329875421569034e-16,0,0,0,1.1772781676621608e-8,0,0,0,0,0,0,0,0,0,7.577165545718854e-10,0,0,5.684482398598295e-16,3.24727406213428e-7,0,0,0,0,0.0012844216083513747,3.3725790524605726e-7,0.0012847588662566207
0.6900000000000001,3.062150037570322e-8,9.707338665819773e-8,0.0012863474633896432,0,0,0,0,0,0,0,0,0,0,0,2.1281254345646521e-16,0,0,0,1.1837105740156409e-8,0,0,0,0,0,0,0,0,0,6.324501677908353e-10,0,0,5.183210959788556e-16,3.277452840103478e-7,0,0,0,0,0.0012864751582766772,3.4021484064942867e-7,0.0012868153731173265
0.6910000000000001,3.066587945490129e-8,9.584554418856953e-8,0.0012884018944014923,0,0,0,0,0,0,0,0,0,0,0,1.9173879941431442e-16,0,0,0,1.1925232360161689e-8,0,0,0,0,0,0,0,0,0,5.169857980595905e-10,0,0,4.661940831232013e-16,3.309225235820764e-7,0,0,0,0,0.0012885284058251358,3.4336474239823055e-7,0.001288871770567534
0.6920000000000001,3.071025853396486e-8,9.461919153582682e-8,0.0012904560228952581,0,0,0,0,0,0,0,0,0,0,0,1.6997564510674111e-16,0,0,0,1.202602811945399e-8,0,0,0,0,0,0,0,0,0,4.1161345345067145e-10,0,0,4.1258168264602045e-16,3.340221338887081e-7,0,0,0,0,0.0012905813523453279,3.4645977604417015e-7,0.001290927812121372
0.6930000000000001,3.07546376128945e-8,9.339423503726008e-8,0.0012925098503132775,0,0,0,0,0,0,0,0,0,0,0,1.477770525053844e-16,0,0,0,1.2150451018229816e-8,0,0,0,0,0,0,0,0,0,3.1687003109385335e-10,0,0,3.581029429172209e-16,3.3718912887972517e-7,0,0,0,0,0.0012926339991859276,3.496564504349288e-7,0.0012929836556363626
0.6940000000000001,3.079901669169079e-8,9.217059050812746e-8,0.0012945633780885217,0,0,0,0,0,0,0,0,0,0,0,1.254469333250994e-16,0,0,0,1.2295537320163036e-8,0,0,0,0,0,0,0,0,0,2.3332401450925083e-10,0,0,3.0349357360374714e-16,3.4037174388985294e-7,0,0,0,0,0.0012946863476957216,3.5290060565346576e-7,0.0012950392483013751
0.6950000000000001,3.0843395770354314e-8,9.09481831960859e-8,0.0012966166076446761,0,0,0,0,0,0,0,0,0,0,0,1.0334492768693681e-16,0,0,0,1.2458443125562866e-8,0,0,0,0,0,0,0,0,0,1.6165716992079722e-10,0,0,2.4961912626803717e-16,3.4366316092264363e-7,0,0,0,0,0.0012967383992236426,3.5628326157109135e-7,0.0012970946824852137
0.6960000000000001,3.0887774848885646e-8,8.972694774869339e-8,0.0012986695403962173,0,0,0,0,0,0,0,0,0,0,0,8.18927165489177e-17,0,0,0,1.2647912597371295e-8,0,0,0,0,0,0,0,0,0,1.0227702082048992e-10,0,0,1.9748934488255902e-16,3.470844768269726e-7,0,0,0,0,0.001298790155118815,3.598346667245465e-7,0.0012991499897855394
0.6970000000000001,3.093215392728534e-8,8.850682819372856e-8,0.0013007221777484865,0,0,0,0,0,0,0,0,0,0,0,6.15808985272891e-17,0,0,0,1.2855991046437026e-8,0,0,0,0,0,0,0,0,0,5.580659756538421e-11,0,0,1.482737756734976e-16,3.5044142179924507e-7,0,0,0,0,0.0013008416167306076,3.633532196531021e-7,0.0013012049699502608
0.6980000000000001,3.097653300555397e-8,8.728777793210615e-8,0.001302774521097768,0,0,0,0,0,0,0,0,0,0,0,4.2976474577084135e-17,0,0,0,1.3089368711448572e-8,0,0,0,0,0,0,0,0,0,2.2896199788209225e-11,0,0,1.0331873190233051e-16,3.5379516115051265e-7,0,0,0,0,0.0013028927854087057,3.6690742620804466e-7,0.0013032596928349138
0.6990000000000001,3.102091208369211e-8,8.606975974319208e-8,0.001304826571831362,0,0,0,0,0,0,0,0,0,0,0,2.6730987034013765e-17,0,0,0,1.334166164798855e-8,0,0,0,0,0,0,0,0,0,4.180373899346887e-12,0,0,6.416571579345682e-17,3.5724657604370306e-7,0,0,0,0,0.0013049436625031888,3.7059241815648766e-7,0.0013053142549213452
0.7000000000000001,3.1065291161700294e-8,8.485274580235602e-8,0.0013068783313276557,0,0,0,0,0,0,0,0,0,0,0,1.3589362751972843e-17,0,0,0,1.3628620919761913e-8,0,0,0,0,0,0,0,0,0,3.594409757297968e-13,0,0,3.257140684537137e-17,3.608352103239009e-7,0,0,0,0,0.0013069942493646198,3.7446419073079926e-7,0.0013073687135553506
0.7010000000000001,3.11096702395791e-8,8.3636717710616e-8,0.0013089298009562019,0,0,0,0,0,0,0,0,0,0,0,4.399513514442472e-18,0,0,0,1.3922639580135469e-8,0,0,0,0,0,0,0,0,0,1.214751917437616e-11,0,0,1.052933324883653e-17,3.6423653653069665e-7,0,0,0,0,0.001309044547344152,3.781713236449353e-7,0.0013094227186677971
0.7020000000000001,3.115404931732907e-8,8.242166653626638e-8,0.001310980982077786,0,0,0,0,0,0,0,0,0,0,0,1.2275056727002e-19,0,0,0,1.4245431133051328e-8,0,0,0,0,0,0,0,0,0,4.028777708314096e-11,0,0,2.933511074238348e-19,3.6796071600449793e-7,0,0,0,0,0.0013110945577936397,3.822464349150485e-7,0.0013114768042285546
0.7030000000000001,3.119842839495076e-8,8.120759286839782e-8,0.0013130318760445005,0,0,0,0,0,0,0,0,0,0,0,1.8450740289066626e-18,0,0,0,1.459069196485068e-8,0,0,0,0,0,0,0,0,0,8.558921299900413e-11,0,0,4.403064643825613e-18,3.7173156248683537e-7,0,0,0,0,0.0013131442820657638,3.8640784367093325e-7,0.0013135306899094347
0.7040000000000001,3.1242807472444715e-8,7.999450688224363e-8,0.0013150824841998145,0,0,0,0,0,0,0,0,0,0,0,1.078940209767613e-17,0,0,0,1.4954449508589912e-8,0,0,0,0,0,0,0,0,0,1.487894826524634e-10,0,0,2.5711329612885632e-17,3.753692884503769e-7,0,0,0,0,0.0013151937215141692,3.9047252747812e-7,0.0013155841940416474
0.7050000000000001,3.128718654981147e-8,7.878242841631733e-8,0.0013171328078786433,0,0,0,0,0,0,0,0,0,0,0,2.8328809409868855e-17,0,0,0,1.5350919814733103e-8,0,0,0,0,0,0,0,0,0,2.3082428225800075e-10,0,0,6.74139917632058e-17,3.7901755879534816e-7,0,0,0,0,0.0013172428774936094,3.9459930298808205e-7,0.0013176374767965974
0.7060000000000001,3.133156562705158e-8,7.757138706131183e-8,0.0013191828484074197,0,0,0,0,0,0,0,0,0,0,0,5.600084862495297e-17,0,0,0,1.576287609025098e-8,0,0,0,0,0,0,0,0,0,3.3251111665618245e-10,0,0,1.3308202243115223e-16,3.827862318526861e-7,0,0,0,0,0.001319291751360108,3.988816192486761e-7,0.0013196906329793567
0.7070000000000001,3.1375944704165566e-8,7.636142226077974e-8,0.0013212326071041607,0,0,0,0,0,0,0,0,0,0,0,9.55230343430155e-17,0,0,0,1.6203196162251873e-8,0,0,0,0,0,0,0,0,0,4.5488719033800643e-10,0,0,2.266962242527189e-16,3.8668634131633625e-7,0,0,0,0,0.0013213403444711255,4.033444249911454e-7,0.0013217436888961166
0.7080000000000001,3.142032378115399e-8,7.515258342360877e-8,0.0013232820852785367,0,0,0,0,0,0,0,0,0,0,0,1.4880957381435157e-16,0,0,0,1.668289426760435e-8,0,0,0,0,0,0,0,0,0,5.989245123915894e-10,0,0,3.526846915822257e-16,3.9064794125810355e-7,0,0,0,0,0.0013233886581857414,4.079297605395937e-7,0.001323796587946281
0.7090000000000001,3.1464702858017345e-8,7.394493004834793e-8,0.0013253312842319374,0,0,0,0,0,0,0,0,0,0,0,2.1798943460249451e-16,0,0,0,1.7166647156650744e-8,0,0,0,0,0,0,0,0,0,7.653972213631232e-10,0,0,5.159632225561438e-16,3.9456381944221493e-7,0,0,0,0,0.0013254366938648438,4.1249586455418147e-7,0.001325849189729398
0.7100000000000001,3.150908193475619e-8,7.273853185945138e-8,0.0013273802052575405,0,0,0,0,0,0,0,0,0,0,0,3.0542584543204593e-16,0,0,0,1.7684349632107572e-8,0,0,0,0,0,0,0,0,0,9.554801660494754e-10,0,0,7.219788928832392e-16,3.985509659963697e-7,0,0,0,0,0.0013274844528713347,4.171907968219315e-7,0.0013279016436681566
0.7110000000000001,3.155346101137103e-8,7.1533468955534e-8,0.0013294288496403766,0,0,0,0,0,0,0,0,0,0,0,4.1373733291472413e-16,0,0,0,1.8230009967998793e-8,0,0,0,0,0,0,0,0,0,1.1700534698435273e-9,0,0,9.767570154279348e-16,4.025382940856923e-7,0,0,0,0,0.0013295319365703435,4.2193835891402897e-7,0.0013299538749292576
0.7120000000000001,3.159784008786241e-8,7.032983196974701e-8,0.001331477218657394,0,0,0,0,0,0,0,0,0,0,0,5.458204037262049e-16,0,0,0,1.8808800387897483e-8,0,0,0,0,0,0,0,0,0,1.410628618172098e-9,0,0,1.2869517245367454e-15,4.066372971819773e-7,0,0,0,0,0.0013315791463294516,4.2685672802081905e-7,0.0013320060030574724
0.7130000000000001,3.164221916423082e-8,6.912772224241271e-8,0.0013335253135775243,0,0,0,0,0,0,0,0,0,0,0,7.048739891290543e-16,0,0,0,1.940696176110382e-8,0,0,0,0,0,0,0,0,0,1.6788641505907617e-9,0,0,1.6599004398943904e-15,4.1076679071931676e-7,0,0,0,0,0.001333626083518931,4.3185261899578576e-7,0.0013340579361379268
0.714,3.168659824047681e-8,6.792725200606796e-8,0.0013355731356617462,0,0,0,0,0,0,0,0,0,0,0,8.944257765312575e-16,0,0,0,2.002410036231246e-8,0,0,0,0,0,0,0,0,0,1.974969998983814e-9,0,0,2.1036824815453275e-15,4.151569453031041e-7,0,0,0,0,0.0013356727495119928,4.3715601866250866e-7,0.0013361099055306553
0.715,3.173097731660087e-8,6.672854458309433e-8,0.0013376206861631492,0,0,0,0,0,0,0,0,0,0,0,1.1183605610665656e-15,0,0,0,2.0677735328664265e-8,0,0,0,0,0,0,0,0,0,2.3003190985982257e-9,0,0,2.627182125647089e-15,4.193925163978247e-7,0,0,0,0,0.001337719145685049,4.4237057457062987e-7,0.0013381615162596195
0.716,3.177535639260353e-8,6.553173459613443e-8,0.0013396679663269953,0,0,0,0,0,0,0,0,0,0,0,1.3809507590118846e-15,0,0,0,2.1354294577699626e-8,0,0,0,0,0,0,0,0,0,2.656460346165433e-9,0,0,3.2401564095936724e-15,4.2349857490675567e-7,0,0,0,0,0.0013397652734179841,4.475093344517279e-7,0.001340212782752436
0.717,3.181973546848527e-8,6.433696819150688e-8,0.0013417149773907843,0,0,0,0,0,0,0,0,0,0,0,1.6868892342556652e-15,0,0,0,2.2067403664670593e-8,0,0,0,0,0,0,0,0,0,3.0456880658263667e-9,0,0,3.953308015444852e-15,4.2788481545901503e-7,0,0,0,0,0.0013418111340944444,4.529979128297092e-7,0.0013422641320072742
0.718,3.1864114544246624e-8,6.314440327586496e-8,0.001343761720584311,0,0,0,0,0,0,0,0,0,0,0,2.041324599032678e-15,0,0,0,2.279416088783679e-8,0,0,0,0,0,0,0,0,0,3.4685301733058806e-9,0,0,4.778363582186682e-15,4.322920074466801e-7,0,0,0,0,0.0013438567291021311,4.5855470532751096e-7,0.0013443152838074587
0.719,3.190849361988808e-8,6.195420976635746e-8,0.0013458081971297294,0,0,0,0,0,0,0,0,0,0,0,2.449899160783551e-15,0,0,0,2.356875538594248e-8,0,0,0,0,0,0,0,0,0,3.926649684846004e-9,0,0,5.7281578203173934e-15,4.368097859119084e-7,0,0,0,0,0.0013459020598331156,4.643051991607539e-7,0.0013463663650322764
0.72,3.195287269541012e-8,6.076656985457923e-8,0.0013478544082416125,0,0,0,0,0,0,0,0,0,0,0,2.9187896983273186e-15,0,0,0,2.4366023423325936e-8,0,0,0,0,0,0,0,0,0,4.421652615681645e-9,0,0,6.816723826693962e-15,4.413469088974016e-7,0,0,0,0,0.0013479471276841625,4.701345946719227e-7,0.0013484172622788345
0.721,3.199725177081327e-8,5.9581678284610926e-8,0.0013499003551270116,0,0,0,0,0,0,0,0,0,0,0,3.4547512625878587e-15,0,0,0,2.5210989265285736e-8,0,0,0,0,0,0,0,0,0,4.9562362547363715e-9,0,0,8.05939002356602e-15,4.458986759659264e-7,0,0,0,0,0.001349991934057067,4.760659130000898e-7,0.001350467999970067
0.722,3.204163084609802e-8,5.839974264548522e-8,0.0013519460389855163,0,0,0,0,0,0,0,0,0,0,0,4.0651642099454905e-15,0,0,0,2.6056926634258677e-8,0,0,0,0,0,0,0,0,0,5.528887104282018e-9,0,0,9.472884173386529e-15,4.504683282222298e-7,0,0,0,0,0.001352036480359008,4.820541554988188e-7,0.001352518534514507
0.723,3.2086009921264857e-8,5.722098367842605e-8,0.0013539914610093122,0,0,0,0,0,0,0,0,0,0,0,4.758084689934713e-15,0,0,0,2.695839895027113e-8,0,0,0,0,0,0,0,0,0,6.1455057321089855e-9,0,0,1.1075444950404037e-14,4.551769567048191e-7,0,0,0,0,0.0013540807680029118,4.882808772207289e-7,0.0013545690488801325
0.724,3.2130388996314254e-8,5.604563559923884e-8,0.0013560366223832406,0,0,0,0,0,0,0,0,0,0,0,5.5422988235398275e-15,0,0,0,2.7878299935520295e-8,0,0,0,0,0,0,0,0,0,6.804673943668915e-9,0,0,1.2886941581348786e-14,4.5984233989077e-7,0,0,0,0,0.0013561247984078362,4.945253321991996e-7,0.0013566193237400353
0.725,3.217476807124672e-8,5.487394643625512e-8,0.0013580815242848542,0,0,0,0,0,0,0,0,0,0,0,6.427380823797106e-15,0,0,0,2.8847667620147785e-8,0,0,0,0,0,0,0,0,0,7.508982743505333e-9,0,0,1.4929002100817063e-14,4.6468813079525394e-7,0,0,0,0,0.0013581685729993616,5.0104480251529e-7,0.0013586696178018768
0.726,3.2219147146062735e-8,5.37061783842536e-8,0.0013601261678844753,0,0,0,0,0,0,0,0,0,0,0,7.423755326864954e-15,0,0,0,2.982149217807428e-8,0,0,0,0,0,0,0,0,0,8.26353559218592e-9,0,0,1.7225150802381424e-14,4.6951854874909493e-7,0,0,0,0,0.0013602120932100057,5.076036011682612e-7,0.001360719696811174
0.727,3.226352622076277e-8,5.2542608174812615e-8,0.0013621705543452526,0,0,0,0,0,0,0,0,0,0,0,8.542764219233342e-15,0,0,0,3.085385881852175e-8,0,0,0,0,0,0,0,0,0,9.064995315188736e-9,0,0,1.9800955504149036e-14,4.7424293385553466e-7,0,0,0,0,0.0013622553604796482,5.141618163329648e-7,0.0013627695222959812
0.728,3.230790529534729e-8,5.1383527463572314e-8,0.001364214684823217,0,0,0,0,0,0,0,0,0,0,0,9.796738265371513e-15,0,0,0,3.1925445626833547e-8,0,0,0,0,0,0,0,0,0,9.917937792677016e-9,0,0,2.268418528756855e-14,4.792137656912782e-7,0,0,0,0,0.0013642983762559757,5.210571815917123e-7,0.0013648194334375675
0.729,3.2352284369816804e-8,5.022924323491089e-8,0.0013662585604673342,0,0,0,0,0,0,0,0,0,0,0,1.1199073859941468e-14,0,0,0,3.3024906946663566e-8,0,0,0,0,0,0,0,0,0,1.0830197186448083e-8,0,0,2.590497941095486e-14,4.842050809370207e-7,0,0,0,0,0.001366341141994939,5.280602221741856e-7,0.001366869202217113
0.73,3.2396663444171766e-8,4.908007822457138e-8,0.0013683021824195663,0,0,0,0,0,0,0,0,0,0,0,1.2764315249810143e-14,0,0,0,3.4160277665431414e-8,0,0,0,0,0,0,0,0,0,1.179652881498298e-8,0,0,2.949602814456976e-14,4.891575912698381e-7,0,0,0,0,0.001368383659161235,5.351144400105959e-7,0.0013689187736012456
0.731,3.244104251841265e-8,4.793637136080326e-8,0.0013703455518149184,0,0,0,0,0,0,0,0,0,0,0,1.4508242593538706e-14,0,0,0,3.534267410196706e-8,0,0,0,0,0,0,0,0,0,1.2824364905910335e-8,0,0,3.349276632238529e-14,4.943769882811326e-7,0,0,0,0,0.0013704259292287976,5.425440752900189e-7,0.0013709684733040877
0.732,3.248542159253992e-8,4.6798478224610354e-8,0.001372388669781498,0,0,0,0,0,0,0,0,0,0,0,1.644796624993871e-14,0,0,0,3.654562576253728e-8,0,0,0,0,0,0,0,0,0,1.3911380696685923e-8,0,0,3.793358045702041e-14,4.994753749244573e-7,0,0,0,0,0.0013724679536813152,5.499324357652273e-7,0.0013730178861170804
0.733,3.252980066655403e-8,4.5666771529733344e-8,0.0013744315374405647,0,0,0,0,0,0,0,0,0,0,0,1.860202771271121e-14,0,0,0,3.7790056625515807e-8,0,0,0,0,0,0,0,0,0,1.5063978211931582e-8,0,0,4.286003031900574e-14,5.047755768307847e-7,0,0,0,0,0.001374509734012761,5.576296731302901e-7,0.0013750673636858913
0.734,3.2574179740455475e-8,4.4541641623025844e-8,0.0013764741559065868,0,0,0,0,0,0,0,0,0,0,0,2.0990507635261178e-14,0,0,0,3.908050505188e-8,0,0,0,0,0,0,0,0,0,1.6283368817479795e-8,0,0,4.831708593969309e-14,5.099505228972603e-7,0,0,0,0,0.0013765512717279504,5.653144660742136e-7,0.0013771165861940246
0.735,3.2618558814244666e-8,4.3423497005914216e-8,0.0013785165262872896,0,0,0,0,0,0,0,0,0,0,0,2.3635141418597337e-14,0,0,0,4.040479557749615e-8,0,0,0,0,0,0,0,0,0,1.7570526971534694e-8,0,0,5.4353381058991095e-14,5.152916060681116e-7,0,0,0,0,0.0013785925683431097,5.732670066056649e-7,0.0013791658353497153
0.736,3.266293788792211e-8,4.231276487767067e-8,0.0013805586496837107,0,0,0,0,0,0,0,0,0,0,0,2.6559442865883715e-14,0,0,0,4.178293792439204e-8,0,0,0,0,0,0,0,0,0,1.8933372347783656e-8,0,0,6.102148410499393e-14,5.206598915644885e-7,0,0,0,0,0.0013806336253864764,5.813762894175912e-7,0.0013812150016758939
0.737,3.2707316961488246e-8,4.120989170126466e-8,0.0013826005271902497,0,0,0,0,0,0,0,0,0,0,0,2.978883643988073e-14,0,0,0,4.320545242079693e-8,0,0,0,0,0,0,0,0,0,2.0371132295602322e-8,0,0,6.837818786262317e-14,5.261961692346318e-7,0,0,0,0,0.0013826744443989124,5.897728521180555e-7,0.0013832642172510305
0.738,3.275169603494351e-8,4.011534379259419e-8,0.0013846421598947192,0,0,0,0,0,0,0,0,0,0,0,3.33507986942384e-14,0,0,0,4.4674452747219404e-8,0,0,0,0,0,0,0,0,0,2.189003362233043e-8,0,0,7.648481906300983e-14,5.315852830675192e-7,0,0,0,0,0.0013847150269345467,5.981498792726868e-7,0.0013853131768138194
0.739,3.279607510828836e-8,3.9029607933939e-8,0.0013866835488783942,0,0,0,0,0,0,0,0,0,0,0,3.727500948662711e-14,0,0,0,4.617311376271476e-8,0,0,0,0,0,0,0,0,0,2.3492017867498413e-8,0,0,8.540756920469637e-14,5.372429883563485e-7,0,0,0,0,0.0013867553745614365,6.069082426691403e-7,0.0013873622828041057
0.74,3.284045418152325e-8,3.795319201252338e-8,0.0013887246952160655,0,0,0,0,0,0,0,0,0,0,0,4.1593513621058845e-14,0,0,0,4.770992580631043e-8,0,0,0,0,0,0,0,0,0,2.518063893303914e-8,0,0,9.52178480022445e-14,5.426791451123125e-7,0,0,0,0,0.0013887954888622597,6.155698466630237e-7,0.0013894110587089226
0.741,3.2884833254648626e-8,3.688662568511264e-8,0.0013907655999760848,0,0,0,0,0,0,0,0,0,0,0,4.634089360869407e-14,0,0,0,4.931510225324433e-8,0,0,0,0,0,0,0,0,0,2.695959705176598e-8,0,0,1.059926609477645e-13,5.484905408536084e-7,0,0,0,0,0.0013908353714350247,6.247653924921732e-7,0.0013914601368275167
0.742,3.292921232766493e-8,3.5830461069618685e-8,0.0013928062642204172,0,0,0,0,0,0,0,0,0,0,0,5.155445428108115e-14,0,0,0,5.094530008098825e-8,0,0,0,0,0,0,0,0,0,2.883274484969846e-8,0,0,1.178150125665746e-13,5.541223034114649e-7,0,0,0,0,0.0013928750238938145,6.339005177116185e-7,0.0013935089244115262
0.743,3.297359140057259e-8,3.478527346473354e-8,0.0013948466890046883,0,0,0,0,0,0,0,0,0,0,0,5.727442003731853e-14,0,0,0,5.264204535599662e-8,0,0,0,0,0,0,0,0,0,3.0804093669072406e-8,0,0,1.307743370501769e-13,5.599758873235939e-7,0,0,0,0,0.0013949144478695536,6.4342221439742e-7,0.001395557870083951
0.744,3.301797047337206e-8,3.3751662098662565e-8,0.0013968868753782308,0,0,0,0,0,0,0,0,0,0,0,6.354414555723943e-14,0,0,0,5.438306879942405e-8,0,0,0,0,0,0,0,0,0,3.2877820163626556e-8,0,0,1.4496695805813553e-13,5.658277903529831e-7,0,0,0,0,0.0013969536450108028,6.530888878271374e-7,0.00139760673389863
0.745,3.306234954606376e-8,3.2730250908076894e-8,0.0013989268243841356,0,0,0,0,0,0,0,0,0,0,0,7.041034086667012e-14,0,0,0,5.618289133519139e-8,0,0,0,0,0,0,0,0,0,3.505827317830449e-8,0,0,1.6049657959606266e-13,5.718273364518035e-7,0,0,0,0,0.0013989926169845897,6.630687318722198e-7,0.0013996556857164618
0.746,3.310672861864814e-8,3.172168934846311e-8,0.0014009665370592974,0,0,0,0,0,0,0,0,0,0,0,7.792331169819629e-14,0,0,0,5.8010197321608545e-8,0,0,0,0,0,0,0,0,0,3.734998092605918e-8,0,0,1.77474809999833e-13,5.777529795799368e-7,0,0,0,0,0.0014010313654772646,6.731134132257262e-7,0.0014017044788904903
0.747,3.315110769112563e-8,3.072665323710126e-8,0.0014030060144344589,0,0,0,0,0,0,0,0,0,0,0,8.61372161520569e-14,0,0,0,5.992380496656848e-8,0,0,0,0,0,0,0,0,0,3.975765847504884e-8,0,0,1.9602172118717387e-13,5.838780926388893e-7,0,0,0,0,0.001403069892195387,6.835598382394439e-7,0.0014037534520336264
0.748,3.319548676349665e-8,2.9745845629965075e-8,0.001405045257534262,0,0,0,0,0,0,0,0,0,0,0,9.511033872693558e-14,0,0,0,6.18922208589668e-8,0,0,0,0,0,0,0,0,0,4.22862155601285e-8,0,0,2.1626644547725075e-13,5.898909268954536e-7,0,0,0,0,0.0014051081988666555,6.94069674691333e-7,0.0014058022685413468
0.749,3.3239865835761624e-8,2.8779997733896182e-8,0.001407084267377291,0,0,0,0,0,0,0,0,0,0,0,1.049053828598131e-13,0,0,0,6.387864370495658e-8,0,0,0,0,0,0,0,0,0,4.4940764733185144e-8,0,0,2.3834781242748173e-13,5.961296957419895e-7,0,0,0,0,0.0014071462872408606,7.049494474333264e-7,0.0014078512366882939
0.75,3.328424490792097e-8,2.7829869855475172e-8,0.0014091230449761166,0,0,0,0,0,0,0,0,0,0,0,1.1558978318797145e-13,0,0,0,6.594548434195019e-8,0,0,0,0,0,0,0,0,0,4.7726629867556415e-8,0,0,2.6241502829494575e-13,6.022765647004041e-7,0,0,0,0,0.00140918415909088,7.159490569147221e-7,0.0014099001081477947
0.751,3.332862397997514e-8,2.6896252388075817e-8,0.0014111615913373454,0,0,0,0,0,0,0,0,0,0,0,1.2723603882508516e-13,0,0,0,6.806879413692123e-8,0,0,0,0,0,0,0,0,0,5.064935503247453e-8,0,0,2.886284008985422e-13,6.084352826384668e-7,0,0,0,0,0.0014112218162137134,7.271538476723023e-7,0.0014119489700613857
0.752,3.3373003051924524e-8,2.5979966838662224e-8,0.0014131999074616607,0,0,0,0,0,0,0,0,0,0,0,1.3992206902719263e-13,0,0,0,7.024220311879818e-8,0,0,0,0,0,0,0,0,0,5.371471375424864e-8,0,0,3.1716011283737973e-13,6.150583620013524e-7,0,0,0,0,0.0014132592604315514,7.39015735956581e-7,0.001413998276167508
0.753,3.341738212376954e-8,2.5081866895967195e-8,0.0014152379943438668,0,0,0,0,0,0,0,0,0,0,0,1.5373159271389691e-13,0,0,0,7.248675770665095e-8,0,0,0,0,0,0,0,0,0,5.692871868165944e-8,0,0,3.481950462124819e-13,6.212584970437839e-7,0,0,0,0,0.0014152964935928865,7.506744753587331e-7,0.0014160471680682452
0.754,3.3461761195510635e-8,2.420283954176326e-8,0.0014172758529729377,0,0,0,0,0,0,0,0,0,0,0,1.687545334054597e-13,0,0,0,7.479437106072442e-8,0,0,0,0,0,0,0,0,0,6.029763167390281e-8,0,0,3.8193166220268024e-13,6.278026095583475e-7,0,0,0,0,0.001417333517573675,7.628951629791705e-7,0.001418096412736654
0.755,3.3506140267148203e-8,2.334380620702594e-8,0.0014193134843320538,0,0,0,0,0,0,0,0,0,0,0,1.8508745123806134e-13,0,0,0,7.717761720410564e-8,0,0,0,0,0,0,0,0,0,6.382797433025965e-8,0,0,4.1858293906285684e-13,6.343265707127099e-7,0,0,0,0,0.001419370334278528,7.753327659174655e-7,0.0014201456670444453
0.756,3.355051933868264e-8,2.2505723974877e-8,0.0014213508893986492,0,0,0,0,0,0,0,0,0,0,0,2.028340038279129e-13,0,0,0,7.961651753656673e-8,0,0,0,0,0,0,0,0,0,6.752653898161129e-8,0,0,4.58377372344436e-13,6.409142603009026e-7,0,0,0,0,0.0014214069456419628,7.880579780304567e-7,0.0014221950036199932
0.757,3.3594898410114366e-8,2.168958683228023e-8,0.001423388069144454,0,0,0,0,0,0,0,0,0,0,0,2.2210543787043385e-13,0,0,0,8.21202127782008e-8,0,0,0,0,0,0,0,0,0,7.140040016485965e-8,0,0,5.015600413847867e-13,6.476765316997947e-7,0,0,0,0,0.0014234433536296964,8.011978683083344e-7,0.0014242445514980047
0.758,3.363927748144377e-8,2.0896426972568336e-8,0.0014254250245355363,0,0,0,0,0,0,0,0,0,0,0,2.4302111348371944e-13,0,0,0,8.469664299403725e-8,0,0,0,0,0,0,0,0,0,7.54569266023561e-8,0,0,5.483937463754329e-13,6.543894504044312e-7,0,0,0,0,0.0014254795602399904,8.145438114156845e-7,0.001426294104051406
0.759,3.3683656552671305e-8,2.0127316150974246e-8,0.0014274617565323423,0,0,0,0,0,0,0,0,0,0,0,2.6570906343719755e-13,0,0,0,8.737406558755979e-8,0,0,0,0,0,0,0,0,0,7.970379370947601e-8,0,0,5.99160220599751e-13,6.611056414620292e-7,0,0,0,0,0.0014275155675050459,8.28184365628349e-7,0.0014283437518706741
0.76,3.372803562379733e-8,1.9383367095450793e-8,0.0014294982660897411,0,0,0,0,0,0,0,0,0,0,0,2.9030658954611536e-13,0,0,0,9.006911248496725e-8,0,0,0,0,0,0,0,0,0,8.414899665462374e-8,0,0,6.541614227297121e-13,6.678921131979339e-7,0,0,0,0,0.0014295513774924603,8.421111668055371e-7,0.001430393488659266
0.761,3.377241469482226e-8,1.8665734975172698e-8,0.0014315345541570637,0,0,0,0,0,0,0,0,0,0,0,3.1696089866219905e-13,0,0,0,9.284288603073205e-8,0,0,0,0,0,0,0,0,0,8.880086399713303e-8,0,0,7.137209143909642e-13,6.748150980397367e-7,0,0,0,0,0.0014315869923067336,8.564598787494147e-7,0.0014324434521854831
0.762,3.381679376574649e-8,1.7975618929235925e-8,0.001433570621678144,0,0,0,0,0,0,0,0,0,0,0,3.458297808501191e-13,0,0,0,9.574690301489437e-8,0,0,0,0,0,0,0,0,0,9.366807192976842e-8,0,0,7.781853285453225e-13,6.819914272655454e-7,0,0,0,0,0.001433622414090839,8.714075262253176e-7,0.0014344938216170643
0.763,3.386117283657041e-8,1.7314263658193278e-8,0.0014356064695913594,0,0,0,0,0,0,0,0,0,0,0,3.7708233250954114e-13,0,0,0,9.868756177435593e-8,0,0,0,0,0,0,0,0,0,9.875965915384471e-8,0,0,8.479259346033015e-13,6.889806481808137e-7,0,0,0,0,0.0014356576450278542,8.864290941172814e-7,0.0014365440741219715
0.764,3.390555190729443e-8,1.6682961081193788e-8,0.0014376420988296715,0,0,0,0,0,0,0,0,0,0,0,4.108997273840399e-13,0,0,0,1.0169389379768521e-7,0,0,0,0,0,0,0,0,0,1.0408504241638566e-7,0,0,9.23340306566717e-13,6.9610165560503e-7,0,0,0,0,0.00143769268734266,9.018819260591348e-7,0.001438594569268719
0.765,3.3949930977918934e-8,1.6083052061638014e-8,0.0014396775103206654,0,0,0,0,0,0,0,0,0,0,0,4.474760385919244e-13,0,0,0,1.0484975254422299e-7,0,0,0,0,0,0,0,0,0,1.096540327401823e-7,0,0,1.0048541009146023e-12,7.033533400078213e-7,0,0,0,0,0.001439727543303705,9.178585776223662e-7,0.0014406454018813274
0.766,3.399431004844431e-8,1.551592820440146e-8,0.001441712704986589,0,0,0,0,0,0,0,0,0,0,0,4.870191150206454e-13,0,0,0,1.0802835026174154e-7,0,0,0,0,0,0,0,0,0,1.154768523791643e-7,0,0,1.0929229513872001e-12,7.106877764724483e-7,0,0,0,0,0.001441762215224842,9.341945590554207e-7,0.0014426964097838974
0.767,3.403868911887093e-8,1.4983033727835407e-8,0.0014437476837443912,0,0,0,0,0,0,0,0,0,0,0,5.297515156474864e-13,0,0,0,1.1134889275721555e-7,0,0,0,0,0,0,0,0,0,1.2156415253312265e-7,0,0,1.1880344882934933e-12,7.179747435331735e-7,0,0,0,0,0.0014437967054672378,9.508895066095156e-7,0.0014447475949738472
0.768,3.408306818919921e-8,1.4485867413916725e-8,0.0014457824475057617,0,0,0,0,0,0,0,0,0,0,0,5.759115055846761e-13,0,0,0,1.1475508120285142e-7,0,0,0,0,0,0,0,0,0,1.2792703185755374e-7,0,0,1.290710490470865e-12,7.252480562495726e-7,0,0,0,0,0.0014458310164413648,9.67932035931974e-7,0.0014467989484772967
0.769,3.4127447259429514e-8,1.4025984640087978e-8,0.0014478169971771698,0,0,0,0,0,0,0,0,0,0,0,6.257541178989417e-13,0,0,0,1.1817643883586783e-7,0,0,0,0,0,0,0,0,0,1.3457705580617413e-7,0,0,1.4015091785619872e-12,7.327442725750018e-7,0,0,0,0,0.0014478651506090693,9.854997944803403e-7,0.0014488506504035496
0.77,3.4171826329562236e-8,1.3604999496512673e-8,0.0014498513336599012,0,0,0,0,0,0,0,0,0,0,0,6.795522855242934e-13,0,0,0,1.2175206752743158e-7,0,0,0,0,0,0,0,0,0,1.4152627684561071e-7,0,0,1.5210276588474462e-12,7.40370120871166e-7,0,0,0,0,0.0014498991104857273,0.0000010036506658241528,0.0014509027611515515
0.771,3.421620539959774e-8,1.3224586992657071e-8,0.001451885457850096,0,0,0,0,0,0,0,0,0,0,0,7.375980478741214e-13,0,0,0,1.254935388373433e-7,0,0,0,0,0,0,0,0,0,1.487872555837784e-7,0,0,1.6499045274851951e-12,7.478947292704885e-7,0,0,0,0,0.001451932898642488,0.0000010221779111941856,0.0014529550765536824
0.772,3.426058446953642e-8,1.2886485357317004e-8,0.0014539193706387841,0,0,0,0,0,0,0,0,0,0,0,8.00203837065408e-13,0,0,0,1.2921227702026792e-7,0,0,0,0,0,0,0,0,0,1.5637308285559785e-7,0,0,1.7888226456617486e-12,7.555642601134555e-7,0,0,0,0,0.001453966517708611,0.000001041152209015804,0.0014550076699176267
0.773,3.430496353937863e-8,1.259249843641604e-8,0.0014559530729119274,0,0,0,0,0,0,0,0,0,0,0,8.677038489958628e-13,0,0,0,1.330692868065163e-7,0,0,0,0,0,0,0,0,0,1.6429740281197807e-7,0,0,1.9385120968589892e-12,7.632349860372923e-7,0,0,0,0,0.0014559999703739033,0.0000010606044818717325,0.001457060574855775
0.774,3.434934260912479e-8,1.234449819312888e-8,0.0014579865655504523,0,0,0,0,0,0,0,0,0,0,0,9.404555048654649e-13,0,0,0,1.370437537465697e-7,0,0,0,0,0,0,0,0,0,1.725744370603819e-7,0,0,2.09975333818776e-12,7.712732775355357e-7,0,0,0,0,0.0014580332593912544,0.0000010808945085513302,0.0014591141538998057
0.775,3.43937216787752e-8,1.2144427315121738e-8,0.0014600198494302843,0,0,0,0,0,0,0,0,0,0,0,1.0188410091077871e-12,0,0,0,1.4116154222089111e-7,0,0,0,0,0,0,0,0,0,1.812190099078254e-7,0,0,2.2733805585371005e-12,7.791719226467063e-7,0,0,0,0,0.0014600663875792782,0.0000011015557669969904,0.0014611679433462752
0.776,3.4438100748330295e-8,1.1994301933950717e-8,0.0014620529254223893,0,0,0,0,0,0,0,0,0,0,0,1.1032690100983655e-12,0,0,0,1.453592990404912e-7,0,0,0,0,0,0,0,0,0,1.9024657475985805e-7,0,0,2.4602852571420696e-12,7.870871877766919e-7,0,0,0,0,0.0014620993578250716,0.0000011226966251313083,0.001463222054450203
0.777,3.448247981779041e-8,1.1896214461927204e-8,0.0014640857943928063,0,0,0,0,0,0,0,0,0,0,0,1.1941763704343776e-12,0,0,0,1.496914363799777e-7,0,0,0,0,0,0,0,0,0,1.9967324173189504e-7,0,0,2.6614200570848353e-12,7.951769805495238e-7,0,0,0,0,0.001464132173087086,0.000001144545514257824,0.001465276718601344
0.778,3.452685888715593e-8,1.1852336552038962e-8,0.0014661184572026817,0,0,0,0,0,0,0,0,0,0,0,1.2920300540389827e-12,0,0,0,1.5410966173250195e-7,0,0,0,0,0,0,0,0,0,2.0951580653229662e-7,0,0,2.877802769220965e-12,8.032419043231932e-7,0,0,0,0,0.001466164836398121,0.000001166871542420815,0.0014673317079405418
0.779,3.45712379564272e-8,1.1864922186813446e-8,0.001468150914708307,0,0,0,0,0,0,0,0,0,0,0,1.3973291378336397e-12,0,0,0,1.586935560032232e-7,0,0,0,0,0,0,0,0,0,2.19791780679803e-7,0,0,3.1105207230647928e-12,8.115350942178263e-7,0,0,0,0,0.0014681973508684503,0.0000011900249387507133,0.001469387375807201
0.78,3.4615617025604586e-8,1.1936310902324811e-8,0.001470183167761152,0,0,0,0,0,0,0,0,0,0,0,1.5106069562461214e-12,0,0,0,1.6335628045883294e-7,0,0,0,0,0,0,0,0,0,2.3051942312124284e-7,0,0,3.3607353822865357e-12,8.198247283765884e-7,0,0,0,0,0.00147022971968908,0.0000012137053032990026,0.001471443424992379
0.781,3.465999609468846e-8,1.2068931153879443e-8,0.0014722152172079001,0,0,0,0,0,0,0,0,0,0,0,1.6324333873832345e-12,0,0,0,1.682259889814105e-7,0,0,0,0,0,0,0,0,0,2.417177733191203e-7,0,0,3.6296872636676665e-12,8.281469400558827e-7,0,0,0,0,0.0014722619461351486,0.0000012380959644770644,0.0014735000420996256
0.782,3.470437516367918e-8,1.2265303830267404e-8,0.0014742470638904799,0,0,0,0,0,0,0,0,0,0,0,1.7634172902986022e-12,0,0,0,1.7321024484042483e-7,0,0,0,0,0,0,0,0,0,2.5340668588240084e-7,0,0,3.918701179641115e-12,8.366547809173024e-7,0,0,0,0,0.0014742940335694737,0.000001263277393758598,0.0014755573109632323
0.783,3.4748754232577086e-8,1.2528045923841787e-8,0.0014762787086461042,0,0,0,0,0,0,0,0,0,0,0,1.904209103428825e-12,0,0,0,1.7827014525231615e-7,0,0,0,0,0,0,0,0,0,2.6560686681791595e-7,0,0,4.229191825910466e-12,8.450442793428755e-7,0,0,0,0,0.0014763259854462605,0.000001288927424814037,0.0014776149128710747
0.784,3.4793133301382567e-8,1.2859874364084404e-8,0.001478310152307298,0,0,0,0,0,0,0,0,0,0,0,2.0555036149603223e-12,0,0,0,1.834748468088565e-7,0,0,0,0,0,0,0,0,0,2.7833991148403114e-7,0,0,4.5626697371126875e-12,8.536975701206288e-7,0,0,0,0,0.0014783578053149636,0.0000013155189465868685,0.0014796733242615505
0.785,3.483751237009591e-8,1.3263610022735149e-8,0.0014803413957019352,0,0,0,0,0,0,0,0,0,0,0,2.2180429166277926e-12,0,0,0,1.88966092066981e-7,0,0,0,0,0,0,0,0,0,2.9162834433281423e-7,0,0,4.920747635053223e-12,8.625288632443919e-7,0,0,0,0,0.0014803894968243281,0.0000013431304384347388,0.001481732627262763
0.786,3.488189143871755e-8,1.374218189901057e-8,0.0014823724396532713,0,0,0,0,0,0,0,0,0,0,0,2.3926195532354646e-12,0,0,0,1.9440755036247905e-7,0,0,0,0,0,0,0,0,0,3.0549566053177576e-7,0,0,5.305147195732368e-12,8.713320471627949e-7,0,0,0,0,0.001482421063726609,0.0000013712429558237986,0.001483792306682433
0.787,3.492627050724779e-8,1.4298631493906994e-8,0.0014844032849799743,0,0,0,0,0,0,0,0,0,0,0,2.5800798810397917e-12,0,0,0,2.0004659136333805e-7,0,0,0,0,0,0,0,0,0,3.1996636956129976e-7,0,0,5.717706263177147e-12,8.799704916248837e-7,0,0,0,0,0.0014844525098819754,0.0000013999917503356657,0.0014858525016323112
0.788,3.4970649575686975e-8,1.4936117383086827e-8,0.0014864339324961596,0,0,0,0,0,0,0,0,0,0,0,2.7813276490410393e-12,0,0,0,2.059986022040775e-7,0,0,0,0,0,0,0,0,0,3.350660408894417e-7,0,0,6.160386540030686e-12,8.890107387971803e-7,0,0,0,0,0.0014864838392631185,0.0000014300843236048883,0.0014879139235867234
0.789,3.501502864403547e-8,1.5657919998379922e-8,0.0014884643830114191,0,0,0,0,0,0,0,0,0,0,0,2.997327818204849e-12,0,0,0,2.1200992412440444e-7,0,0,0,0,0,0,0,0,0,3.5082135183148713e-7,0,0,6.635281786919359e-12,8.979578882212342e-7,0,0,0,0,0.0014885150559600616,0.000001460798796786731,0.0014899758547568484
0.79,3.505940771229361e-8,1.6467446628494286e-8,0.0014904946373308567,0,0,0,0,0,0,0,0,0,0,0,3.2291106346792185e-12,0,0,0,2.1820646550248552e-7,0,0,0,0,0,0,0,0,0,3.672601377078377e-7,0,0,7.1446265648414095e-12,9.071627102732469e-7,0,0,0,0,0.0014905461641851975,0.0000014926396872207698,0.0014920388038724183
0.791,3.5103786780461735e-8,1.7368236650134838e-8,0.0014925246962551174,0,0,0,0,0,0,0,0,0,0,0,3.4777759741929462e-12,0,0,0,2.2449623262647104e-7,0,0,0,0,0,0,0,0,0,3.844114444203657e-7,0,0,7.690805557199036e-12,9.162895686653975e-7,0,0,0,0,0.001492577168278548,0.0000015252084142937657,0.0014941023766928416
0.792,3.5148165848540184e-8,1.8363967001363985e-8,0.0014945545605804186,0,0,0,0,0,0,0,0,0,0,0,3.744497976024136e-12,0,0,0,2.3112339882580888e-7,0,0,0,0,0,0,0,0,0,4.02305583574299e-7,0,0,8.27636351065923e-12,9.25605095621305e-7,0,0,0,0,0.0014946080727132685,0.0000015590460988828997,0.0014961671188121514
0.793,3.519254491652932e-8,1.945845790971788e-8,0.001496584231098583,0,0,0,0,0,0,0,0,0,0,0,4.030529986216322e-12,0,0,0,2.3779597764209866e-7,0,0,0,0,0,0,0,0,0,4.209741902801399e-7,0,0,8.90401583676076e-12,9.350931368853622e-7,0,0,0,0,0.0014966388821014093,0.0000015938762393534236,0.0014982327583407627
0.794,3.5236923984429445e-8,2.0655678888312727e-8,0.001498613708597067,0,0,0,0,0,0,0,0,0,0,0,4.3372098311070306e-12,0,0,0,2.448055686505995e-7,0,0,0,0,0,0,0,0,0,4.4045028377803033e-7,0,0,9.576659919140481e-12,9.443885408017516e-7,0,0,0,0,0.0014986696011999399,0.0000016296583071001315,0.00150029925950704
0.795,3.528130305224091e-8,2.1959755013943768e-8,0.001500642993858993,0,0,0,0,0,0,0,0,0,0,0,4.665965443717713e-12,0,0,0,2.5190024762221666e-7,0,0,0,0,0,0,0,0,0,4.6076833103534144e-7,0,0,1.0297387174403507e-11,9.540772562025222e-7,0,0,0,0,0.0015007002349170593,0.0000016667607982126986,0.001502366995715272
0.796,3.5325682119964065e-8,2.3374973501993984e-8,0.0015026720876631804,0,0,0,0,0,0,0,0,0,0,0,5.018320867155803e-12,0,0,0,2.592821137314249e-7,0,0,0,0,0,0,0,0,0,4.819643134772172e-7,0,0,1.1069495918063132e-11,9.63842683218621e-7,0,0,0,0,0.0015027307883188022,0.0000017051051982440484,0.0015044358935170463
0.797,3.5370061187599224e-8,2.4905790593841168e-8,0.0015047009907841716,0,0,0,0,0,0,0,0,0,0,0,5.395902660891555e-12,0,0,0,2.667971728977215e-7,0,0,0,0,0,0,0,0,0,5.040757970194005e-7,0,0,1.189650509061806e-11,9.735200362559644e-7,0,0,0,0,0.001504761266635953,0.0000017444102985808377,0.0015065056769345338
0.798,3.541444025514673e-8,2.655683877337517e-8,0.0015067297039922677,0,0,0,0,0,0,0,0,0,0,0,5.800446737620541e-12,0,0,0,2.7460836824177804e-7,0,0,0,0,0,0,0,0,0,5.271420055827469e-7,0,0,1.2782168902761911e-11,9.83464748619006e-7,0,0,0,0,0.0015067916752712963,0.0000017852337050591714,0.0015085769089763555
0.799,3.545881932260689e-8,2.83329343302243e-8,0.0015087582280535524,0,0,0,0,0,0,0,0,0,0,0,6.23380566040392e-12,0,0,0,2.826211808318614e-7,0,0,0,0,0,0,0,0,0,5.512038982797823e-7,0,0,1.3730492462920941e-11,9.93431229078653e-7,0,0,0,0,0.0015088220198072053,0.00000182727627248842,0.0015106492960796937
0.8,3.550319838998006e-8,3.023908528834009e-8,0.0015107865637299246,0,0,0,0,0,0,0,0,0,0,0,6.697956431911163e-12,0,0,0,2.9085319143027137e-7,0,0,0,0,0,0,0,0,0,5.763042504750802e-7,0,0,1.474574845485849e-11,0.0000010033950874120308,0,0,0,0,0.001510852306013603,0.0000018705739730222692,0.0015127228799866252
0.801,3.554757745726654e-8,3.228049971970784e-8,0.0015128147117791262,0,0,0,0,0,0,0,0,0,0,0,7.195008809885095e-12,0,0,0,2.993193861759275e-7,0,0,0,0,0,0,0,0,0,6.024877389337932e-7,0,0,1.583249493794634e-11,0.0000010135651009415965,0,0,0,0,0.0015128825398563032,0.000001915395253555065,0.0015147979351098583
0.802,3.559195652446666e-8,3.446259446414898e-8,0.0015148426729547722,0,0,0,0,0,0,0,0,0,0,0,7.727214185415636e-12,0,0,0,3.080457644727593e-7,0,0,0,0,0,0,0,0,0,6.298010312855588e-7,0,0,1.699559434795048e-11,0.0000010237127099814557,0,0,0,0,0.0015149127275057607,0.000001961584228548307,0.001516874311734309
0.803,3.5636335591580754e-8,3.679100427744798e-8,0.0015168704480063772,0,0,0,0,0,0,0,0,0,0,0,8.29697506326533e-12,0,0,0,3.1695407751141124e-7,0,0,0,0,0,0,0,0,0,6.582928800453804e-7,0,0,1.8240233781818198e-11,0.0000010340493826716308,0,0,0,0,0.0015169428753462463,0.0000020093228774372675,0.0015189521982236836
0.804,3.5680714658609146e-8,3.927159143140614e-8,0.0015188980376793849,0,0,0,0,0,0,0,0,0,0,0,8.906855186351861e-12,0,0,0,3.2636602445136475e-7,0,0,0,0,0,0,0,0,0,6.880142214478688e-7,0,0,1.957194665602784e-11,0.0000010448505552517912,0,0,0,0,0.0015189729899854748,0.0000020592592799528673,0.0015210322492654276
0.805,3.572509372555214e-8,4.191045579086597e-8,0.0015209254427151957,0,0,0,0,0,0,0,0,0,0,0,9.559590349570144e-12,0,0,0,3.3581759081390484e-7,0,0,0,0,0,0,0,0,0,7.190182793673865e-7,0,0,2.0996635834597587e-11,0.0000010553608604864781,0,0,0,0,0.0015210030782647121,0.0000021102272868939537,0.0015231133055516061
0.806,3.5769472792410075e-8,4.4713945394310524e-8,0.0015229526638511955,0,0,0,0,0,0,0,0,0,0,0,1.0258099951458021e-11,0,0,0,3.456693527033606e-7,0,0,0,0,0,0,0,0,0,7.513606746138965e-7,0,0,2.252059832990177e-11,0.000001066075898655583,0,0,0,0,0.0015230331472693823,0.0000021631387046711215,0.0015251962859740534
0.807,3.581385185918324e-8,4.768866756629214e-8,0.001524979701820782,0,0,0,0,0,0,0,0,0,0,0,1.100549933578553e-11,0,0,0,3.55658086484749e-7,0,0,0,0,0,0,0,0,0,7.850995399124313e-7,0,0,2.4150551687035082e-11,0.0000010771407234037383,0,0,0,0,0.0015250632043402074,0.0000022179335058519414,0.0015272811378460593
0.808,3.585823092587196e-8,5.084150059171899e-8,0.0015270065573533924,0,0,0,0,0,0,0,0,0,0,0,1.1805112979002436e-11,0,0,0,3.661228051996951e-7,0,0,0,0,0,0,0,0,0,8.202956408940865e-7,0,0,2.5893662170638195e-11,0.000001088102881976776,0,0,0,0,0.00152709325708491,0.000002274559026845707,0.0015293678161117557
0.809,3.590260999247655e-8,5.417960598392494e-8,0.0015290332311745313,0,0,0,0,0,0,0,0,0,0,0,1.2660488583639434e-11,0,0,0,3.7683425477641003e-7,0,0,0,0,0,0,0,0,0,8.570125034471086e-7,0,0,2.775757488194164e-11,0.0000010990699377874466,0,0,0,0,0.0015291233133905076,0.000002332957114074431,0.0015314562705045821
0.81,3.594698905899734e-8,5.771044138047207e-8,0.0015310597240057967,0,0,0,0,0,0,0,0,0,0,0,1.3575412142244243e-11,0,0,0,3.8799588425621723e-7,0,0,0,0,0,0,0,0,0,8.953165477995634e-7,0,0,2.9750445943292083e-11,0.0000011102737188893456,0,0,0,0,0.0015311533814362363,0.0000023936294768032117,0.0015335470109130395
0.811,3.59913681254346e-8,6.144177410280335e-8,0.0015330860365649068,0,0,0,0,0,0,0,0,0,0,0,1.4553924041272998e-11,0,0,0,3.993462126840423e-7,0,0,0,0,0,0,0,0,0,9.352772297287316e-7,0,0,3.188097689769936e-11,0.0000011216221083902604,0,0,0,0,0.001533183469707135,0.000002456291985703973,0.001535639761692839
0.812,3.603574719178866e-8,6.538169541819515e-8,0.001535112169565727,0,0,0,0,0,0,0,0,0,0,0,1.5600336279592165e-11,0,0,0,4.110235430445108e-7,0,0,0,0,0,0,0,0,0,9.76967189318723e-7,0,0,3.4158451482049285e-11,0.0000011330821490213551,0,0,0,0,0.001535213587008337,0.000002521122640172351,0.0015377347096485095
0.8130000000000001,3.608012625805986e-8,6.953863554493818e-8,0.0015371381237182964,0,0,0,0,0,0,0,0,0,0,0,1.671925088188139e-11,0,0,0,4.232768936966349e-7,0,0,0,0,0,0,0,0,0,0.0000010204624077150933,0,0,3.659277494457837e-11,0.0000011448256631130682,0,0,0,0,0.0015372437424800993,0.0000025886182765506225,0.00153983236075665
0.8140000000000001,3.6124505324248446e-8,7.392137944434605e-8,0.0015391638997288499,0,0,0,0,0,0,0,0,0,0,0,1.791557959333826e-11,0,0,0,4.3586982040763093e-7,0,0,0,0,0,0,0,0,0,0.0000010658423723552587,0,0,3.919451609017492e-11,0.0000011568805842006392,0,0,0,0,0.0015392739456136185,0.0000026586498870592123,0.0015419325955006778
0.8150000000000001,3.6168884390354764e-8,7.853908344606214e-8,0.0015411894982998527,0,0,0,0,0,0,0,0,0,0,0,1.919456494867158e-11,0,0,0,4.4886383435314026e-7,0,0,0,0,0,0,0,0,0,0.000001113190251185336,0,0,4.197495225102877e-11,0.0000011685997304286558,0,0,0,0,0.001541304206267689,0.0000027307149854843313,0.0015440349212531733
0.8160000000000001,3.62132634563791e-8,8.340129275618401e-8,0.0015432149201300154,0,0,0,0,0,0,0,0,0,0,0,2.0561802815501337e-11,0,0,0,4.6201548121226865e-7,0,0,0,0,0,0,0,0,0,0.0000011625930764081377,0,0,4.494611739530146e-11,0.000001180794843035787,0,0,0,0,0.001543334534686228,0.000002805468908576404,0.0015461400035948045
0.8170000000000001,3.6257642522321746e-8,8.851795990103881e-8,0.0015452401659143277,0,0,0,0,0,0,0,0,0,0,0,2.202326651999734e-11,0,0,0,4.757812901408681e-7,0,0,0,0,0,0,0,0,0,0.0000012141419383441012,0,0,4.812085360280697e-11,0.000001192782403564366,0,0,0,0,0.001545364941516751,0.000002882775776169458,0.0015482477172929206
0.8180000000000001,3.630202158818302e-8,9.38994641629672e-8,0.0015472652363440788,0,0,0,0,0,0,0,0,0,0,0,2.358533267092755e-11,0,0,0,4.899002233443849e-7,0,0,0,0,0,0,0,0,0,0.0000012679321900262704,9.859345969469227e-12,0,5.1512866154422256e-11,0.0000012051980777396262,0,0,0,0,0.00154739543782983,0.0000029631154486550764,0.001550358553278485
0.8190000000000001,3.634640065396321e-8,9.955663206828141e-8,0.001549290132106884,0,0,0,0,0,0,0,0,0,0,0,2.525480880732699e-11,0,0,0,5.046487363528726e-7,0,0,0,0,0,0,0,0,0,0.0000013240636631930284,4.217778851350796e-11,0,5.513678250108926e-11,0.00000121778018526836,0,0,0,0,0.0015494260351396063,0.0000030466151541940827,0.0015524726502938004
0.8200000000000001,3.639077971966262e-8,1.0550075899163393e-7,0.0015513148538867107,0,0,0,0,0,0,0,0,0,0,0,2.7038963004777088e-11,0,0,0,5.197794089176584e-7,0,0,0,0,0,0,0,0,0,0.0000013826408963878579,1.0147064222727733e-10,0,5.900821539899955e-11,0.0000012305178955767432,0,0,0,0,0.001551456745425422,0.000003133125718702891,0.0015545898711441248
0.8210000000000001,3.643515878528153e-8,1.1174363194544695e-7,0.0015533394023638986,0,0,0,0,0,0,0,0,0,0,0,2.894555558589319e-11,0,0,0,5.35477451052402e-7,0,0,0,0,0,0,0,0,0,0.0000014437733759249243,1.9252734485447605e-10,0,6.314383052005733e-11,0.000001243539081644899,0,0,0,0,0.0015534875811546293,0.000003223074525353186,0.0015567106556799825
0.8220000000000001,3.6479537850820264e-8,1.1829755362775524e-7,0.0015553637782151908,0,0,0,0,0,0,0,0,0,0,0,3.0982873092099734e-11,0,0,0,5.513275796383736e-7,0,0,0,0,0,0,0,0,0,0.0000015075757905317783,3.2125154627853395e-10,0,6.756141887105113e-11,0.0000012567590264113865,0,0,0,0,0.0015555185553066694,0.0000033160821924197803,0.0015588346374990892
0.8230000000000001,3.652391691627908e-8,1.2517536780691547e-7,0.0015573879821137516,0,0,0,0,0,0,0,0,0,0,0,3.315976468624533e-11,0,0,0,5.680219802973362e-7,0,0,0,0,0,0,0,0,0,0.0000015741683005379444,4.937841341453218e-10,0,7.227997438140479e-11,0.000001270079477223903,0,0,0,0,0.0015575496813984748,0.000003412868981932396,0.0015609625503804072
0.8240000000000001,3.65682959816583e-8,1.3239048612710542e-7,0.0015594120147291932,0,0,0,0,0,0,0,0,0,0,0,3.5485681169123125e-11,0,0,0,5.8507596832742e-7,0,0,0,0,0,0,0,0,0,0.0000016436768225392962,7.168026128204447e-10,0,7.731977704800193e-11,0.0000012836406622899171,0,0,0,0,0.001559580973511302,0.0000035132230612276712,0.0015630941965725296
0.8250000000000001,3.6612675046958174e-8,1.3995691642444726e-7,0.0015614358767276006,0,0,0,0,0,0,0,0,0,0,0,3.797071680763472e-11,0,0,0,6.025708384174466e-7,0,0,0,0,0,0,0,0,0,0.0000017162333305347168,9.98543303752155e-10,0,8.27024820567267e-11,0.0000012973616181096526,0,0,0,0,0.001561612446319072,0.0000036172850035644327,0.0015652297313226364
0.8260000000000001,3.665705411217903e-8,1.4788929264994438e-7,0.0015634595687715525,0,0,0,0,0,0,0,0,0,0,0,4.0625654188293305e-11,0,0,0,6.209793265756139e-7,0,0,0,0,0,0,0,0,0,0.0000017919761746028354,1.347149125519704e-9,0,8.84512153340898e-11,0.000001311318844265635,0,0,0,0,0.0015636441151183147,0.0000037257505714391264,0.001567369865689754
0.8270000000000001,3.670143317732113e-8,1.5620290650229222e-7,0.001565483091520148,0,0,0,0,0,0,0,0,0,0,0,4.3462012327039177e-11,0,0,0,6.397893988721489e-7,0,0,0,0,0,0,0,0,0,0.0000018710504182638977,1.77225967276049e-9,2.6312719258546438e-11,9.459067601904708e-11,0.0000013254350165659032,0,0,0,0,0.0015656759958598274,0.000003838211458782314,0.0015695142073186097
0.8280000000000001,3.674581224238477e-8,1.64913740881022e-7,0.0015675064456290248,0,0,0,0,0,0,0,0,0,0,0,4.649209828520962e-11,0,0,0,6.596161538451723e-7,0,0,0,0,0,0,0,0,0,0.0000019536081957551926,2.2834182685113395e-9,1.3115229709528553e-10,1.0114724638497326e-10,0.0000013397207708508433,0,0,0,0,0.0015677081051821483,0.000003955507330361485,0.0015716636125125097
0.8290000000000001,3.6790191307370236e-8,1.7403850527846049e-7,0.0015695296317503884,0,0,0,0,0,0,0,0,0,0,0,4.972906256192813e-11,0,0,0,6.795333832880145e-7,0,0,0,0,0,0,0,0,0,0.0000020398090905387207,2.892698042995955e-9,3.301797882823701e-10,1.0814910978510458e-10,0.0000013545745972481239,0,0,0,0,0.0015697404604469742,0.000004077297827078484,0.0015738177582740526
0.8300000000000001,3.6834570372277803e-8,1.8359467323759965e-7,0.0015715526505330286,0,0,0,0,0,0,0,0,0,0,0,5.3186958555490886e-11,0,0,0,7.004583056870748e-7,0,0,0,0,0,0,0,0,0,0.00000212982053645682,3.612579497665335e-9,6.403725193336516e-10,1.1562637724202244e-10,0.0000013696031605027947,0,0,0,0,0.0015717730797766385,0.000004204303767999486,0.001575977383544638
0.8310000000000001,3.6878949437107755e-8,1.9360052201235414e-7,0.0015735755026223487,0,0,0,0,0,0,0,0,0,0,0,5.688080641053912e-11,0,0,0,7.219226858491084e-7,0,0,0,0,0,0,0,0,0,0.0000022238182430572344,4.457375842007246e-9,1.0790487383455007e-9,1.2361122335301586e-10,0.0000013845668369942604,0,0,0,0,0.0015738059820937982,0.000004336024682510719,0.001578142006776309
0.8320000000000001,3.6923328501860375e-8,2.040751745767563e-7,0.001575598188660382,0,0,0,0,0,0,0,0,0,0,0,6.082666159424198e-11,0,0,0,7.441829597765856e-7,0,0,0,0,0,0,0,0,0,0.0000023224316887689587,5.4396469423863494e-9,1.668592197848597e-9,1.3213803223919067e-10,0.0000014002651224085433,0,0,0,0,0.0015758391871634606,0.000004474180974788157,0.0015803133681382487
0.8330000000000001,3.696770756653593e-8,2.1503864414061684e-7,0.0015776207092858174,0,0,0,0,0,0,0,0,0,0,0,6.504168857348028e-11,0,0,0,7.674412624162698e-7,0,0,0,0,0,0,0,0,0,0.0000024256808896842387,6.574401582501717e-9,2.4316017952491484e-9,1.412435543270994e-10,0.0000014158884519542078,0,0,0,0,0.0015778727156375246,0.000004618222892675368,0.0015824909385302
0.8340000000000001,3.701208663113471e-8,2.265118813410084e-7,0.0015796430651340214,0,0,0,0,0,0,0,0,0,0,0,6.954423999640744e-11,0,0,0,7.91087265739907e-7,0,0,0,0,0,0,0,0,0,0.000002532517267417041,7.890401755668167e-9,3.3934825102271955e-9,1.5096707481816163e-10,0.0000014320417772562237,0,0,0,0,0.0015799065891019936,0.0000047671507059938814,0.0015846737398079874
0.8350000000000001,3.7056465695656986e-8,2.3851682429177174e-7,0.0015816652568370578,0,0,0,0,0,0,0,0,0,0,0,7.435394181599362e-11,0,0,0,8.161626148630116e-7,0,0,0,0,0,0,0,0,0,0.000002643346455072429,9.398229163922932e-9,4.580727623836179e-9,1.6135059477361093e-10,0.00000144843166426823,0,0,0,0,0.0015819408301270452,0.00000492215539552802,0.0015868629855225734
0.8360000000000001,3.710084476010302e-8,2.5107645168719554e-7,0.0015836872850237117,0,0,0,0,0,0,0,0,0,0,0,7.949178483054275e-11,0,0,0,8.413684328988706e-7,0,0,0,0,0,0,0,0,0,0.0000027615475110375763,1.1123743502867988e-8,6.027932757219345e-9,1.724390258219546e-10,0.000001465002605217954,0,0,0,0,0.001583975462320159,0.00000508532215622514,0.001589060784476384
0.8370000000000001,3.714522382447313e-8,2.642148391710958e-7,0.0015857091503195108,0,0,0,0,0,0,0,0,0,0,0,8.498022315696752e-11,0,0,0,8.680323237478829e-7,0,0,0,0,0,0,0,0,0,0.0000028835917328795936,1.3081603647294436e-8,7.768072402557769e-9,1.8428039958217273e-10,0.0000014819306537319236,0,0,0,0,0.0015860105103825063,0.000005254673647031992,0.0015912651840295383
0.8380000000000001,3.7189602888767534e-8,2.7795721919895936e-7,0.0015877308533467454,0,0,0,0,0,0,0,0,0,0,0,9.084328019724718e-11,0,0,0,8.951682985537595e-7,0,0,0,0,0,0,0,0,0,0.000003011319168544448,1.531347548277075e-8,9.834215410999082e-9,1.9692609299056135e-10,0.0000014993342407038258,0,0,0,0,0.0015880460001688331,0.000005431257168068991,0.001593477257336902
0.8390000000000001,3.723398195298653e-8,2.9233004463862015e-7,0.0015897523947244914,0,0,0,0,0,0,0,0,0,0,0,9.710666270721896e-11,0,0,0,9.236426005163825e-7,0,0,0,0,0,0,0,0,0,0.0000031441179638316683,1.783007645573337e-8,1.227516102929036e-8,2.1043107082223219e-10,0.0000015171700841005904,0,0,0,0,0.001590081958751083,0.000005615343423667194,0.0015956973021747502
0.8400000000000001,3.7278361017130385e-8,3.073610563743276e-7,0.0015917737750686292,0,0,0,0,0,0,0,0,0,0,0,1.0379788363028642e-10,0,0,0,9.531366426788973e-7,0,0,0,0,0,0,0,0,0,0.000003283681865066542,2.067956170908321e-8,1.5128225018630626e-8,2.2485414681134388e-10,0.000001535464879224784,0,0,0,0,0.0015921184144860206,0.000005808419825728379,0.001597926834311749
0.8410000000000001,3.7322740081199364e-8,3.2307935520013535e-7,0.0015937949949918666,0,0,0,0,0,0,0,0,0,0,0,1.109463944169948e-10,0,0,0,9.83029825328018e-7,0,0,0,0,0,0,0,0,0,0.000003430234868008574,2.3883168039104474e-8,1.844237423394606e-8,2.402582648978313e-10,0.000001553834784808284,0,0,0,0,0.001594155397087148,0.000006009776225077241,0.0016001651733122252
0.8420000000000001,3.736711914519374e-8,3.3951547831149284e-7,0.0015958160551037596,0,0,0,0,0,0,0,0,0,0,0,1.1858372761546948e-10,0,0,0,0.0000010148352135951069,0,0,0,0,0,0,0,0,0,0.0000035817488969694,2.7476018208582138e-8,2.2288595327457708e-8,2.567108022639336e-10,0.0000015728377426950982,0,0,0,0,0.0015961929377012163,0.000006219561761325524,0.001602412499462542
0.843,3.741149820911374e-8,3.567014807289296e-7,0.0015978369560107292,0,0,0,0,0,0,0,0,0,0,0,1.267436505878838e-10,0,0,0,0.0000010475682259463342,0,0,0,0,0,0,0,0,0,0.0000037418430950804496,3.150693008036036e-8,2.6712722271606392e-8,2.742838959722276e-10,0.0000015925188750183285,0,0,0,0,0.0015982310689896671,0.000006440550875943639,0.0016046716198656109
0.844,3.7455877272959694e-8,3.746710220149705e-7,0.001599857698316089,0,0,0,0,0,0,0,0,0,0,0,1.354623312850699e-10,0,0,0,0.0000010810850863976485,0,0,0,0,0,0,0,0,0,0.0000039073230978346,3.602454466831797e-8,3.179010004519513e-8,2.930547951800448e-10,0.0000016125412140551315,0,0,0,0,0.001600269825215377,0.000006669192560127359,0.0016069390177755043
0.845,3.750025633673181e-8,3.9345945867511466e-7,0.001601878282620057,0,0,0,0,0,0,0,0,0,0,0,1.447785170958665e-10,0,0,0,0.0000011162470237336832,0,0,0,0,0,0,0,0,0,0.000004082498586444141,4.105949791031399e-8,3.7551488499628565e-8,3.1310624108364726e-10,0.0000016331181764600924,0,0,0,0,0.001602309242335069,0.0000069109326578060395,0.001609220174992875
0.846,3.754463540043038e-8,4.1310394266625496e-7,0.0016038987095197822,0,0,0,0,0,0,0,0,0,0,0,1.547337278806405e-10,0,0,0,0.000001152716763593776,0,0,0,0,0,0,0,0,0,0.00000426411946224258,4.6658647418809145e-8,4.4096340563575697e-8,3.3452687694220836e-10,0.0000016539726408445918,0,0,0,0,0.0016043493580978488,0.000007162053115268155,0.0016115114112131169
0.847,3.758901446405566e-8,4.3364352647127726e-7,0.0016059189796093617,0,0,0,0,0,0,0,0,0,0,0,1.6537246440037733e-10,0,0,0,0.0000011903913742128629,0,0,0,0,0,0,0,0,0,0.000004454226941092107,5.291398430770869e-8,5.15603023244292e-8,3.5741169074738425e-10,0.0000016757155723758415,0,0,0,0,0.001606390212150297,0.000007425330958468097,0.001613815543108765
0.848,3.763339352760791e-8,4.5511927523740113e-7,0.0016079390934798604,0,0,0,0,0,0,0,0,0,0,0,1.7674243346490216e-10,0,0,0,0.000001229801655349152,0,0,0,0,0,0,0,0,0,0.000004654003057608714,5.985725622698443e-8,5.999577465379205e-8,3.8186249334168383e-10,0.0000016977120016472283,0,0,0,0,0.0016084318461486254,0.000007701928350412677,0.001616133774499038
0.849,3.767777259108738e-8,4.775743865182677e-7,0.00160995905171933,0,0,0,0,0,0,0,0,0,0,0,1.8889479124737414e-10,0,0,0,0.0000012705150722126815,0,0,0,0,0,0,0,0,0,0.00000486394210586271,6.757549107375877e-8,6.950173845862739e-8,4.07988435050168e-10,0.0000017205544945179702,0,0,0,0,0.0016104743038784393,0.000007992685785352045,0.0016184669896637913
0.85,3.7722151654494315e-8,5.010543182061519e-7,0.001611978854912832,0,0,0,0,0,0,0,0,0,0,0,2.0188440634810534e-10,0,0,0,0.00000131222758280996,0,0,0,0,0,0,0,0,0,0.0000050816411393961954,7.603562034164312e-8,8.018437537151303e-8,4.359065641779082e-10,0.000001743901193434405,0,0,0,0,0.0016125176313826926,0.000008294627702324242,0.0016208122590850168
0.851,3.7766530717829e-8,5.256069252916761e-7,0.0016139985036424526,0,0,0,0,0,0,0,0,0,0,0,2.1577014434082364e-10,0,0,0,0.000001356066026093803,0,0,0,0,0,0,0,0,0,0.0000053091585381018075,8.543310176321289e-8,9.216956659821723e-8,4.657424310427492e-10,0.0000017681874783639048,0,0,0,0,0.001614561877098462,0.00000861169622349633,0.0016231735733219584
0.852,3.781090978109168e-8,5.512826061441695e-7,0.0016160179984873236,0,0,0,0,0,0,0,0,0,0,0,2.3061517569980383e-10,0,0,0,0.0000014023941541299491,0,0,0,0,0,0,0,0,0,0.000005549989463740507,9.584754394834178e-8,1.056294349090446e-7,4.976307415631144e-10,0.00000179282734160446,0,0,0,0,0.001616607092003249,0.000008947416184249565,0.0016255545081874986
0.853,3.7855288844282595e-8,5.781344590671773e-7,0.0016180373400236428,0,0,0,0,0,0,0,0,0,0,0,2.4648730918901057e-10,0,0,0,0.000001449388094540317,0,0,0,0,0,0,0,0,0,0.0000057993607892122765,1.0735562089554891e-7,1.2057889957426297e-7,5.317160648067859e-10,0.0000018185987954786134,0,0,0,0,0.0016186533297715543,0.000009296060403075015,0.0016279493901746294
0.854,3.789966790740201e-8,6.062184499508636e-7,0.0016200565288246908,0,0,0,0,0,0,0,0,0,0,0,2.634593529961387e-10,0,0,0,0.000001498948084634453,0,0,0,0,0,0,0,0,0,0.000006063566276353772,1.1998243205892589e-7,1.37356277805164e-7,5.681535993335286e-10,0.0000018451268982698527,0,0,0,0,0.001620700646942549,0.000009665811582074497,0.0016303664585246235
0.855,3.794404697045016e-8,6.355935919171981e-7,0.00162207556546085,0,0,0,0,0,0,0,0,0,0,0,2.8160950611760537e-10,0,0,0,0.0000015502474096941614,0,0,0,0,0,0,0,0,0,0.000006336775615005601,1.339681198575583e-7,1.5604380720982452e-7,6.071100036366339e-10,0.0000018724803206725158,0,0,0,0,0.0016227491030997377,0.000010050403991949415,0.001632799507091687
0.856,3.798842603342732e-8,6.663221379352319e-7,0.001624094450499624,0,0,0,0,0,0,0,0,0,0,0,3.010217827474497e-10,0,0,0,0.0000016031608091283297,0,0,0,0,0,0,0,0,0,0.000006624215684814801,1.4936372084161567e-7,1.7679371750405233e-7,6.487642965105329e-10,0.0000019005459520833056,0,0,0,0,0.0016247987610635926,0.000010455029670451362,0.001635253790734044
0.857,3.803280509633373e-8,6.984697874735337e-7,0.0016261131845056568,0,0,0,0,0,0,0,0,0,0,0,3.217864726967198e-10,0,0,0,0.0000016586969681807633,0,0,0,0,0,0,0,0,0,0.00000692635691372237,1.6623513841965988e-7,1.9980241447550743e-7,6.933088337504896e-10,0.000001929827040120602,0,0,0,0,0.0016268496870982267,0.000010881933570225348,0.001637731620668452
0.858,3.807718415916962e-8,7.32105908355848e-7,0.0016281317680407468,0,0,0,0,0,0,0,0,0,0,0,3.440006411731124e-10,0,0,0,0.0000017157237270644858,0,0,0,0,0,0,0,0,0,0.00000724175318922857,1.8482198764863882e-7,2.253520207277319e-7,7.409503682316806e-10,0.0000019600388317533225,0,0,0,0,0.0016289019511332619,0.000011328774707432154,0.001640230725840694
0.859,3.8121563221935263e-8,7.673037750951713e-7,0.0016301502016638715,0,0,0,0,0,0,0,0,0,0,0,3.677686715870731e-10,0,0,0,0.0000017752095238805097,0,0,0,0,0,0,0,0,0,0.000007572242112473524,2.0525948707641245e-7,2.537164158973521e-7,7.919112011265887e-10,0.0000019915450961039233,0,0,0,0,0.0016309556270021886,0.000011799132315304434,0.001642754759317493
0.86,3.8165942284630864e-8,8.041408251021181e-7,0.0016321684859311979,0,0,0,0,0,0,0,0,0,0,0,3.932028554243837e-10,0,0,0,0.0000018389871277339175,0,0,0,0,0,0,0,0,0,0.000007922377118610353,2.275581634461663e-7,2.8510246819685976e-7,8.464304328099552e-10,0.0000020238832218569617,0,0,0,0,0.0016330107926985846,0.000012299147733132492,0.001645309940431717
0.861,3.821032134725672e-8,8.426989342967796e-7,0.0016341866213961096,0,0,0,0,0,0,0,0,0,0,0,4.2042403364047383e-10,0,0,0,0.0000019029818756583596,0,0,0,0,0,0,0,0,0,0.000008283379539484492,2.520921122286328e-7,3.196558690749159e-7,9.047653228789998e-10,0.0000020571847085225062,0,0,0,0,0.0016350675306517537,0.000012816619294325427,0.001647884149946079
0.862,3.825470040981303e-8,8.830647138008242e-7,0.0016362046086092139,0,0,0,0,0,0,0,0,0,0,0,4.4956229449398186e-10,0,0,0,0.000001970525332222634,0,0,0,0,0,0,0,0,0,0.000008668653215191392,2.787500307100555e-7,3.5779082369092567e-7,9.67192769693936e-10,0.0000020924908456654672,0,0,0,0,0.0016371259280234245,0.000013369627002544662,0.001650495555025969
0.863,3.829907947230004e-8,9.253298295501847e-7,0.0016382224481183687,0,0,0,0,0,0,0,0,0,0,0,4.807577332517258e-10,0,0,0,0.000002041121170119254,0,0,0,0,0,0,0,0,0,0.000009071784671322012,3.08249781579712e-7,4.000473754855918e-7,1.0340109209323167e-9,0.000002128702762561246,0,0,0,0,0.0016391860770273911,0.000013951420529722,0.0016531374975571132
0.864,3.834345853471803e-8,9.69591346849829e-7,0.001640240140468695,0,0,0,0,0,0,0,0,0,0,0,5.141612797711344e-10,0,0,0,0.000002114021223823959,0,0,0,0,0,0,0,0,0,0.000009491588675086327,3.4046913920693145e-7,4.4652803122628646e-7,1.1055409278635843e-9,0.0000021665833410250787,0,0,0,0,0.0016412480752740794,0.000014560810112576219,0.0016558088853866556
0.865,3.838783759706721e-8,0.0000010159521020935611,0.0016422576862025933,0,0,0,0,0,0,0,0,0,0,0,5.499356006062983e-10,0,0,0,0.0000021913999609791944,0,0,0,0,0,0,0,0,0,0.000009931667070550672,3.75639498683415e-7,4.977271096358363e-7,1.1821288574049128e-9,0.0000022055327827873582,0,0,0,0,0.001643312026142284,0.000015203698487094485,0.0016585157246293784
0.866,3.8432216659347796e-8,0.0000010645211040952523,0.0016442750858597641,0,0,0,0,0,0,0,0,0,0,0,5.882560829992148e-10,0,0,0,0.0000022703602646178887,0,0,0,0,0,0,0,0,0,0.000010393393116002975,4.1384433103503354e-7,5.542169678309625e-7,1.2641477775305394e-9,0.000002246649496567206,0,0,0,0,0.0016453780391805187,0.000015880316579914597,0.0016612583557604334
0.867,3.847659572156007e-8,0.0000011154139677269528,0.001646292339977225,0,0,0,0,0,0,0,0,0,0,0,6.293119089175798e-10,0,0,0,0.0000023545044183980655,0,0,0,0,0,0,0,0,0,0.000010884516621381337,4.559817067363534e-7,6.155940956031919e-7,1.3520000332984855e-9,0.000002289720017114874,0,0,0,0,0.0016474462305406735,0.000016602298171176038,0.0016640485287118495
0.868,3.8520974783704234e-8,0.000001168753382836188,0.0016483094490893234,0,0,0,0,0,0,0,0,0,0,0,6.73307228195315e-10,0,0,0,0.000002440809231620237,0,0,0,0,0,0,0,0,0,0.000011395617629524161,5.018064209751012e-7,6.8373844358786e-7,1.4461197326510148e-9,0.0000023340683408369657,0,0,0,0,0.0016495167234469434,0.00001735815949350517,0.0016668748829404484
0.869,3.856535384578054e-8,0.000001224669621723948,0.0016503264137277562,0,0,0,0,0,0,0,0,0,0,0,7.204624408359893e-10,0,0,0,0.0000025327612668570496,0,0,0,0,0,0,0,0,0,0.000011934735260430356,5.519876432109201e-7,7.579086521396157e-7,1.546975463265605e-9,0.000002380312052229233,0,0,0,0,0.0016515896487033258,0.000018159972312771275,0.0016697496210160972
0.87,3.860973290778923e-8,0.0000012833010888096244,0.0016523432344215897,0,0,0,0,0,0,0,0,0,0,0,7.710155996640173e-10,0,0,0,0.000002626485413667316,0,0,0,0,0,0,0,0,0,0.000012496221186032454,6.068659331599781e-7,8.397904877807806e-7,1.6550732641132338e-9,0.000002429343014434937,0,0,0,0,0.001653665145243307,0.000019001132123939244,0.0016726662773672463
0.871,3.865411196973053e-8,0.000001344794916494611,0.0016543599116972672,0,0,0,0,0,0,0,0,0,0,0,8.252239457730919e-10,0,0,0,0.0000027261703554351653,0,0,0,0,0,0,0,0,0,0.000013088906309466066,6.663011014622801e-7,9.296888276693109e-7,1.7709598780517855e-9,0.0000024798146391143107,0,0,0,0,0.0016557433607257315,0.00001989347741697096,0.0016756368381427025
0.872,3.8698491031604653e-8,0.0000014093076116676546,0.0016563764460786358,0,0,0,0,0,0,0,0,0,0,0,8.833655906425454e-10,0,0,0,0.0000028286937448172465,0,0,0,0,0,0,0,0,0,0.000013720692333841611,7.311357819743107e-7,0.000001027707773402337,1.895226314788196e-9,0.0000025329975506250603,0,0,0,0,0.0016578244521813351,0.000020844005776566,0.0016786684579579011
0.873,3.874287009341184e-8,0.0000014770057577780925,0.001658392838086954,0,0,0,0,0,0,0,0,0,0,0,9.457413603926012e-10,0,0,0,0.0000029376030595967743,0,0,0,0,0,0,0,0,0,0.00001436982509344318,8.021748014181622e-7,0.0000011357488519415928,2.028511756923978e-9,0.0000025890108553572592,0,0,0,0,0.0016599085867148257,0.000021837336914874286,0.0016817459236297
0.874,3.878724915515235e-8,0.000001548066777945189,0.0016604090882409144,0,0,0,0,0,0,0,0,0,0,0,1.01267681945301e-9,0,0,0,0.0000030516927286908268,0,0,0,0,0,0,0,0,0,0.00001506501050125195,8.796944295167181e-7,0.000001254140151594562,2.171507845612261e-9,0.0000026470187787657266,0,0,0,0,0.0016619959422680148,0.000022900740774484848,0.0016848966830424997
0.875,3.883162821682636e-8,0.0000016226797651805098,0.001662425197056654,0,0,0,0,0,0,0,0,0,0,0,1.084524492955872e-9,0,0,0,0.0000031710394451001668,0,0,0,0,0,0,0,0,0,0.000015788411199195792,9.638244988296566e-7,0.0000013833154072243962,2.3249633866559447e-9,0.0000027084177810323094,0,0,0,0,0.0016640867084500512,0.000024018417819261932,0.001688105126269313
0.876,3.887600727843415e-8,0.0000017010463864849471,0.0016644411650477756,0,0,0,0,0,0,0,0,0,0,0,1.1616663094629578e-9,0,0,0,0.0000032943831893529595,0,0,0,0,0,0,0,0,0,0.000016557852026577287,0.000001055871895399133,0.0000015245743121281254,2.4896895227396175e-9,0.0000027729904453234827,0,0,0,0,0.001666181087441539,0.00002520932322461319,0.001691390410666152
0.877,3.892038633997589e-8,0.0000017833818683529697,0.001666456992725359,0,0,0,0,0,0,0,0,0,0,0,1.244516288241871e-9,0,0,0,0.0000034243564755503317,0,0,0,0,0,0,0,0,0,0.00001736408571589768,0.0000011550939257282635,0.0000016795680502882177,2.66656542298712e-9,0.000002840276933807914,0,0,0,0,0.0016682792949800518,0.000026467292182983634,0.0016947465871630354
0.878,3.8964765401451874e-8,0.0000018699160720862611,0.00166847268059798,0,0,0,0,0,0,0,0,0,0,0,1.333523498253846e-9,0,0,0,0.0000035597419276444885,0,0,0,0,0,0,0,0,0,0.000018215449948970953,0.000001264118803021899,0.0000018493585278213886,2.8565445472717957e-9,0.0000029112821840548316,0,0,0,0,0.0016703815614354676,0.000027804141459559083,0.0016981857028950267
0.879,3.900914446286227e-8,0.000001960894668300975,0.001670488229171724,0,0,0,0,0,0,0,0,0,0,0,1.4291753193633018e-9,0,0,0,0.0000037045180749265426,0,0,0,0,0,0,0,0,0,0.000019111990100624216,0.0000013829560387040529,0.0000020338823719329486,3.0606615497756423e-9,0.000002986409687482252,0,0,0,0,0.001672488132984488,0.00002922424611053915,0.001701712379095027
0.88,3.905352352420733e-8,0.000002056580421123372,0.001672503638950201,0,0,0,0,0,0,0,0,0,0,0,1.5320010400808819e-9,0,0,0,0.000003853540651993205,0,0,0,0,0,0,0,0,0,0.000020060062744882513,0.0000015121274230550283,0.0000022364385572380077,3.2800398943303107e-9,0.0000030652917284870543,0,0,0,0,0.0016745992728948486,0.00003073227314659022,0.0017053315460414389
0.881,3.9097902585487244e-8,0.0000021572545938266974,0.0016745189104345624,0,0,0,0,0,0,0,0,0,0,0,1.642575830478942e-9,0,0,0,0.000004011593762065642,0,0,0,0,0,0,0,0,0,0.000021061559996340203,0.000001652950013985741,0.000002457620595916388,3.5159002632139244e-9,0.000003148411282722126,0,0,0,0,0.0016767152629309746,0.00003233729412712379,0.0017090525570580984
0.882,3.914228164670228e-8,0.0000022632184890892136,0.0016765340441235173,0,0,0,0,0,0,0,0,0,0,0,1.7615251338486454e-9,0,0,0,0.000004175899868796501,0,0,0,0,0,0,0,0,0,0.00002210332132563733,0.0000018067060259184325,0.0000026972251831416436,3.769569851496737e-9,0.0000032369438395030975,0,0,0,0,0.0016788364048942533,0.00003402562733798235,0.0017128620322322357
0.883,3.918666070785261e-8,0.000002374795138674774,0.0016785490405133436,0,0,0,0,0,0,0,0,0,0,0,1.8895295262957177e-9,0,0,0,0.000004348752514178688,0,0,0,0,0,0,0,0,0,0.000023219920225212548,0.0000019725369617577352,0.000002962128608050583,4.0424926509173555e-9,0.0000033293743253996443,0,0,0,0,0.0016809630223127263,0.00003583864465677641,0.0017168016669695026
0.884,3.9231039768938506e-8,0.000002492331159182603,0.0016805639000979074,0,0,0,0,0,0,0,0,0,0,0,2.027330099904535e-9,0,0,0,0.000004530350387162938,0,0,0,0,0,0,0,0,0,0.00002439325022833596,0.0000021540461145249413,0.0000032509974412138307,4.336240840864455e-9,0.000003427851726798088,0,0,0,0,0.001683095462296859,0.000037762859468976534,0.0017208583217658354
0.885,3.927541882996016e-8,0.0000026161987926160796,0.0016825786233686743,0,0,0,0,0,0,0,0,0,0,0,2.1757344324654465e-9,0,0,0,0.000004722174152241769,0,0,0,0,0,0,0,0,0,0.00002564175283508668,0.00000235209069315432,0.0000035658699261828007,4.65252741959845e-9,0.0000035313616015461433,0,0,0,0,0.0016852340975801203,0.00003982007747006378,0.0017250541750501842
0.886,3.931979789091777e-8,0.0000027467981529223212,0.0016845932108147247,0,0,0,0,0,0,0,0,0,0,0,2.335623215208457e-9,0,0,0,0.0000049253726843232285,0,0,0,0,0,0,0,0,0,0.000026943030828555853,0.0000025671211398158787,0.00000390986716178279,4.993220226692979e-9,0.000003641204942662972,0,0,0,0,0.001687379328765538,0.000041993925600582626,0.0017293732543661206
0.887,3.936417695181158e-8,0.000002884559702401002,0.001686607662922772,0,0,0,0,0,0,0,0,0,0,0,2.5079576196893724e-9,0,0,0,0.000005136811018456641,0,0,0,0,0,0,0,0,0,0.00002833700843423681,0.000002800433331832363,0.000004283096781509203,5.360357528180795e-9,0.000003757504929138041,0,0,0,0,0.0016895315868021247,0.00004432272281032093,0.0017338543096124457
0.888,3.94085560126418e-8,0.0000030299469850285747,0.001688621980177173,0,0,0,0,0,0,0,0,0,0,0,2.693787496143896e-9,0,0,0,0.000005359960172368811,0,0,0,0,0,0,0,0,0,0.000029812173322991656,0.0000030566901253846364,0.000004694830749302292,5.7561653594751605e-9,0.0000038815522057320656,0,0,0,0,0.001691691335718214,0.00004681365652863507,0.001738504992246849
0.889,3.945293507340863e-8,0.0000031834596473574593,0.001690636163059944,0,0,0,0,0,0,0,0,0,0,0,2.8942605084998297e-9,0,0,0,0.000005595241083653669,0,0,0,0,0,0,0,0,0,0.000031372275334891467,0.0000033356295851489587,0.000005142677810721229,6.183076848341823e-9,0.000004012159552995865,0,0,0,0,0.0016938590756423748,0.000049467060704768034,0.001743326136347143
0.89,3.949731413411231e-8,0.000003345636781805012,0.001692650212050774,0,0,0,0,0,0,0,0,0,0,0,3.110632326110456e-9,0,0,0,0.0000058437032066519075,0,0,0,0,0,0,0,0,0,0.00003301698596548756,0.000003638609157613935,0.00000563341029332664,6.643753771609099e-9,0.00000415233464430874,0,0,0,0,0.001696035346146713,0.000052294797653486506,0.0017483301438001996
0.891,3.9541693194753034e-8,0.0000035170606319360915,0.0016946641276270418,0,0,0,0,0,0,0,0,0,0,0,3.3442780094814438e-9,0,0,0,0.000006106556651519408,0,0,0,0,0,0,0,0,0,0.00003476448798673919,0.000003967663063922324,0.0000061684913214514724,7.141110635655583e-9,0.000004299589028582976,0,0,0,0,0.0016982207299521726,0.0000553172734408605,0.001753538003393033
0.892,3.958607225533101e-8,0.000003698360704871668,0.001696677910263826,0,0,0,0,0,0,0,0,0,0,0,3.59670474722001e-9,0,0,0,0.000006381972523330416,0,0,0,0,0,0,0,0,0,0.000036615874840081726,0.000004326808046720977,0.000006755600055218241,7.678341612867321e-9,0.0000044582096091025075,0,0,0,0,0.001700415857040953,0.00005854974012081396,0.001758965597161767
0.893,3.963045131584648e-8,0.000003890218342353312,0.001698691560433923,0,0,0,0,0,0,0,0,0,0,0,3.86956612461967e-9,0,0,0,0.000006672854245888712,0,0,0,0,0,0,0,0,0,0.000038577491010832626,0.0000047202011862127594,0.000007392364234731799,8.258950715223889e-9,0.000004626042168864334,0,0,0,0,0.0017026214092275922,0.00006200108136337007,0.0017646224905909624
0.894,3.96748303762996e-8,0.000004093371809409885,0.0017007050786078573,0,0,0,0,0,0,0,0,0,0,0,4.1646781312872004e-9,0,0,0,0.000006982884547103554,0,0,0,0,0,0,0,0,0,0.000040661856294841534,0.0000051478186035962594,0.000008088791328310606,8.886785643184747e-9,0.00000480482133203075,0,0,0,0,0.0017048381252476434,0.00006569922356965718,0.0017705373488173005
0.895,3.9719209436690626e-8,0.000004308621968191154,0.001702718465253898,0,0,0,0,0,0,0,0,0,0,0,4.48403714671347e-9,0,0,0,0.000007311121330102167,0,0,0,0,0,0,0,0,0,0.000042874724564774055,0.000005608960905583705,0.000008854107009433919,9.566075814568787e-9,0.000004997572546320718,0,0,0,0,0.0017070668064315259,0.00006966053646917584,0.0017767273429007016
0.896,3.9763588497019755e-8,0.0000045368386145689436,0.0017047317208380719,0,0,0,0,0,0,0,0,0,0,0,4.829840179518047e-9,0,0,0,0.00000765421119253503,0,0,0,0,0,0,0,0,0,0.00004523285403249323,0.00000611931229548001,0.00000968934255630811,1.0301475155889045e-8,0.000005203184422944024,0,0,0,0,0.0017093083230411378,0.00007391403581509583,0.0017832223588562337
0.897,3.9807967557287164e-8,0.0000047789675668208255,0.0017067448458241744,0,0,0,0,0,0,0,0,0,0,0,5.204507679257193e-9,0,0,0,0.000008022559228558754,0,0,0,0,0,0,0,0,0,0.000047750618114204394,0.0000066744108212568985,0.000010605980447068467,1.1098110329761457e-8,0.000005420516932203089,0,0,0,0,0.0017115636213585526,0.00007849038816130062,0.0017900540095198533
0.898,3.9852346617493096e-8,0.0000050360386094180645,0.0017087578406737882,0,0,0,0,0,0,0,0,0,0,0,5.610709290391225e-9,0,0,0,0.000008415730575723598,0,0,0,0,0,0,0,0,0,0.000050423526883295004,0.000007282041331877561,0.000011604660497215655,1.1961635179087323e-8,0.0000056531033914877955,0,0,0,0,0.0017138337316298237,0.0000833966350240691,0.0017972303666538927
0.899,3.989672567763776e-8,0.0000053091744110144575,0.0017107707058462917,0,0,0,0,0,0,0,0,0,0,0,6.051392977714755e-9,0,0,0,0.000008827931317148518,0,0,0,0,0,0,0,0,0,0.000053287254108234346,0.000007945299608457348,0.000012699475044210611,1.2898292294786178e-8,0.000005904277059071126,0,0,0,0,0.0017161197769829837,0.00008868318682239445,0.001804802963805378
0.9,3.994110473772133e-8,0.000005599600554636123,0.0017127834417988758,0,0,0,0,0,0,0,0,0,0,0,6.5298180230423694e-9,0,0,0,0.000009264244437898101,0,0,0,0,0,0,0,0,0,0.000056316379977122664,0.000008669107723715296,0.000013902191845420177,1.3914982762720161e-8,0.000006172717226258377,0,0,0,0,0.0017184229834582496,0.00009434508601120038,0.00181276806946945
0.901,3.9985483797744016e-8,0.000005908656840357423,0.0017147960489865535,0,0,0,0,0,0,0,0,0,0,0,7.049592476373992e-9,0,0,0,0.000009729557624381865,0,0,0,0,0,0,0,0,0,0.000059532346653424375,0.000009463283487651332,0.000015205834369185252,1.501934532161238e-8,0.000006461593013839861,0,0,0,0,0.0017207446913107087,0.00010041468408628068,0.0018211593753969895
0.902,4.0029862857706036e-8,0.000006237810047091794,0.0017168085278621774,0,0,0,0,0,0,0,0,0,0,0,7.614715743775769e-9,0,0,0,0.000010223731539390589,0,0,0,0,0,0,0,0,0,0.00006299467877984882,0.000010329313499007414,0.000016645272724553096,1.6219846372840312e-8,0.000006770394524055188,0,0,0,0,0.001723086367772127,0.00010698722562897171,0.0018300735934010986
0.903,4.007424191760758e-8,0.000006588668371355327,0.0017188208788764493,0,0,0,0,0,0,0,0,0,0,0,8.229627112046688e-9,0,0,0,0.000010754625704693042,0,0,0,0,0,0,0,0,0,0.00006669122729288699,0.000011274288996866855,0.000018226500434461118,1.752588253178236e-8,0.000007105616154389086,0,0,0,0,0.0017254496214897223,0.00011407801409294093,0.0018395276355826632
0.904,4.011862097744886e-8,0.000006962997797987737,0.001720833102477934,0,0,0,0,0,0,0,0,0,0,0,8.899261150863757e-9,0,0,0,0.00001131413982731013,0,0,0,0,0,0,0,0,0,0.00007065398959397645,0.000012312241294815573,0.000019959113323751634,1.8947897707316188e-8,0.000007462908828974642,0,0,0,0,0.0017278362188968993,0.00012173024002768661,0.0018495664589245858
0.905,4.016300003723006e-8,0.000007362740702085994,0.0017228451991130734,0,0,0,0,0,0,0,0,0,0,0,9.629111101435774e-9,0,0,0,0.000011918471492543205,0,0,0,0,0,0,0,0,0,0.00007489174671699225,0.000013448211807785516,0.000021865418645619732,2.049751705148705e-8,0.00000785106319907695,0,0,0,0,0.0017302481028151967,0.0001300050384901706,0.0018602531413053672
0.906,4.0207379096951393e-8,0.000007790037034358697,0.001724857169226196,0,0,0,0,0,0,0,0,0,0,0,1.0425301562803552e-8,0,0,0,0.00001255714811605457,0,0,0,0,0,0,0,0,0,0.00007945164493968207,0.000014695630588065542,0.000023955968785330698,2.218770054807071e-8,0.000008272641347496601,0,0,0,0,0.0017326874136396517,0.00013896564677874036,0.0018716530604183921
0.907,4.0251758156613035e-8,0.000008247248505650933,0.0017268690132595348,0,0,0,0,0,0,0,0,0,0,0,1.1294672030377375e-8,0,0,0,0.000013242531182897214,0,0,0,0,0,0,0,0,0,0.00008434628400405708,0.00001606881753388285,0.000026255434511351868,2.4032919522754918e-8,0.00000872150499795493,0,0,0,0,0.0017351565135233424,0.0001486698998216971,0.0018838264133450395
0.908,4.0296137216215225e-8,0.000008736986262891184,0.0017288807316532342,0,0,0,0,0,0,0,0,0,0,0,1.2244873135504614e-8,0,0,0,0.000013973489165401556,0,0,0,0,0,0,0,0,0,0.00008956388824628437,0.000017572925944105546,0.000028784502260353168,2.604935997877164e-8,0.000009210532487970077,0,0,0,0,0.0017376580140533416,0.00015914363233722898,0.0018968016463905707
0.909,4.0340516275758116e-8,0.000009262142641135642,0.0017308923248453656,0,0,0,0,0,0,0,0,0,0,0,1.3284477791631961e-8,0,0,0,0.000014759852621119005,0,0,0,0,0,0,0,0,0,0.00009521051337072393,0.000019207631281249454,0.00003157317164801926,2.8255157415002764e-8,0.000009734257387284395,0,0,0,0,0.001740194808002777,0.0001705269659436027,0.0019107217739463796
0.91,4.0384895335241906e-8,0.00000982592768844598,0.0017329037932719393,0,0,0,0,0,0,0,0,0,0,0,1.4423109886795329e-8,0,0,0,0.000015605812138198885,0,0,0,0,0,0,0,0,0,0.00010128172226988663,0.00002102504658790399,0.000034642618260237045,3.0670668700156426e-8,0.000010307755002692723,0,0,0,0,0.0017427701058557205,0.00018290804803750623,0.0019256781538932268
0.911,4.042927439466682e-8,0.000010431911296714328,0.0017349151373669178,0,0,0,0,0,0,0,0,0,0,0,1.5671593692515383e-8,0,0,0,0.00001650707926831489,0,0,0,0,0,0,0,0,0,0.00010781309959497333,0.000023026524329659544,0.00003804152091351956,3.331878769616026e-8,0.000010919826083978576,0,0,0,0,0.0017453874779380268,0.00019635704057183458,0.0019417445185098614
0.912,4.0473653454033047e-8,0.000011084071938164997,0.0017369263575622235,0,0,0,0,0,0,0,0,0,0,0,1.7042127809467568e-8,0,0,0,0.00001748189864932342,0,0,0,0,0,0,0,0,0,0.00011482271928016697,0.000025240320612050972,0.00004178106197986104,3.6225312696675846e-8,0.000011598109490576853,0,0,0,0,0.0017480509031538426,0.00021097737745248541,0.001959028280606328
0.913,4.051803251334078e-8,0.0000117868532116417,0.0017389374542877579,0,0,0,0,0,0,0,0,0,0,0,1.85484882708892e-8,0,0,0,0.000018543427868082102,0,0,0,0,0,0,0,0,0,0.00012249652812905193,0.000027675846439398012,0.000045891343362253484,3.9419375436604186e-8,0.000012334870828073833,0,0,0,0,0.001750764825531913,0.00022699998449056687,0.00197776481002248
0.914,4.0562411572590154e-8,0.000012545229654549952,0.0017409484279714057,0,0,0,0,0,0,0,0,0,0,0,2.0206266414440126e-8,0,0,0,0.00001967676894667714,0,0,0,0,0,0,0,0,0,0.0001307410917390289,0.000030366545764271135,0.000050461983062070824,4.2933943517684386e-8,0.000013132827585817317,0,0,0,0,0.0017535342200375283,0.00024444235730779743,0.001997976577345326
0.915,4.060679063178143e-8,0.000013364783587810496,0.0017429592790390548,0,0,0,0,0,0,0,0,0,0,0,2.2033148362178074e-8,0,0,0,0.000020898016731503392,0,0,0,0,0,0,0,0,0,0.00013965581691393182,0.000033349403128238685,0.00005552490965259625,4.68064106893378e-8,0.00001400197604230413,0,0,0,0,0.001756364669417497,0.0002634989620276258,0.002019863631445123
0.916,4.0651169690914785e-8,0.000014251795148323293,0.0017449700079146013,0,0,0,0,0,0,0,0,0,0,0,2.4049244481206843e-8,0,0,0,0.00002222252608480941,0,0,0,0,0,0,0,0,0,0.00014935287470434853,0.00003664611417635351,0.00006115180910482228,5.1079292659473447e-8,0.000014965530717881339,0,0,0,0,0.0017592624542326154,0.00028441398332535573,0.002043676437557971
0.917,4.069554874999039e-8,0.00001521334814693114,0.0017469806150199666,0,0,0,0,0,0,0,0,0,0,0,2.6277479118698206e-8,0,0,0,0.000023656129779247765,0,0,0,0,0,0,0,0,0,0.000159921767121928,0.00004030206445837097,0.00006738873811408938,5.580105016488757e-8,0.00001597884634709605,0,0,0,0,0.0017622346587156477,0.00030732962435001576,0.0020695642830656632
0.918,4.0739927809008427e-8,0.00001625745499668918,0.001748991100775102,0,0,0,0,0,0,0,0,0,0,0,2.8744053324662682e-8,0,0,0,0.000025214307225011354,0,0,0,0,0,0,0,0,0,0.0001713793085941688,0.000044362178856743394,0.00007432461291283293,6.102706613800242e-8,0.000017135921369055142,0,0,0,0,0.0017652892956996002,0.00033250610007727426,0.0020977953957768743
0.919,4.078430686796912e-8,0.00001739320472186094,0.0017510014655980088,0,0,0,0,0,0,0,0,0,0,0,3.1478996339385805e-8,0,0,0,0.000026908917874917433,0,0,0,0,0,0,0,0,0,0.00018391928273917072,0.00004887796951332923,0.00008204920494214557,6.682081027247822e-8,0.000018399749752225837,0,0,0,0,0.0017684354546267378,0.00036025342462840063,0.0021286888792551384
0.92,4.082868592687262e-8,0.00001863093902930227,0.0017530117099047453,0,0,0,0,0,0,0,0,0,0,0,3.4516825522247565e-8,0,0,0,0.00002875540383097785,0,0,0,0,0,0,0,0,0,0.00019757808785969132,0.000053908672454946164,0.00009065706114327463,7.325523252100987e-8,0.00001977675632657519,0,0,0,0,0.0017716834776199744,0.00039078375367350844,0.002162467231293483
0.921,4.087306498571913e-8,0.000019982462663110232,0.0017550218341094363,0,0,0,0,0,0,0,0,0,0,0,3.789733939163465e-8,0,0,0,0.00003077009206454757,0,0,0,0,0,0,0,0,0,0.00021253120489779222,0.000059522613555678076,0.00010028388346929181,8.041443759615122e-8,0.00002131087089427814,0,0,0,0,0.0017750451698375323,0.00042453697665857556,0.002199582146496108
0.922,4.091744404450885e-8,0.0000214612958540696,0.0017570318386242907,0,0,0,0,0,0,0,0,0,0,0,4.166657487654109e-8,0,0,0,0.00003297567177560636,0,0,0,0,0,0,0,0,0,0.0002290350197375107,0.00006580488320947853,0.00011105980674556303,8.839570611708426e-8,0.00002299332546341937,0,0,0,0,0.0017785340519224048,0.00046199876921257165,0.0022405328211349764
0.923,4.0961823103241934e-8,0.00002308297873020013,0.0017590417238596042,0,0,0,0,0,0,0,0,0,0,0,4.587796821607256e-8,0,0,0,0.00003539416841068235,0,0,0,0,0,0,0,0,0,0.00024709162732485223,0.00007283583405792257,0.00012314514531068253,9.731194563650181e-8,0.000024847662112962206,0,0,0,0,0.0017821656644129076,0.0005034576271309544,0.002285623291543862
0.924,4.100620216191858e-8,0.000024865440226756243,0.001761051490223779,0,0,0,0,0,0,0,0,0,0,0,5.059376981935334e-8,0,0,0,0.000038052380620836296,0,0,0,0,0,0,0,0,0,0.0002669519970131565,0.00008072793996051753,0.00013672680955425799,1.0729467773451579e-7,0.00002693326709169794,0,0,0,0,0.0017859579366526972,0.0005495502826880201,0.0023355082193407175
0.925,4.105058122053896e-8,0.00002682944753332772,0.0017630611381233277,0,0,0,0,0,0,0,0,0,0,0,5.588677768980169e-8,0,0,0,0.00004098135773255704,0,0,0,0,0,0,0,0,0,0.0002889918635017831,0.00008959830267542545,0.00015202355045884871,1.1849769752547696e-7,0.000029236507274441778,0,0,0,0,0.001789931636237876,0.0006010059661182714,0.0023909376023561473
0.926,4.1094960279103284e-8,0.000028999156732496886,0.0017650706679628915,0,0,0,0,0,0,0,0,0,0,0,6.184247293609146e-8,0,0,0,0.00004421722545496953,0,0,0,0,0,0,0,0,0,0.00031337956150786686,0.000099609172067619,0.00016929242259958183,1.3110158184594178e-7,0.0000318312699054636,0,0,0,0,0.0017941109196556674,0.0006585225955902829,0.00245263351524595
0.927,4.113933933761172e-8,0.000031402791423700773,0.001767080080145244,0,0,0,0,0,0,0,0,0,0,0,6.856166613228646e-8,0,0,0,0.00004780220367608111,0,0,0,0,0,0,0,0,0,0.0003404049382213907,0.00011092663334502405,0.00018883679554423352,1.4531927565348676e-7,0.0000347068312091562,0,0,0,0,0.0017985240109082824,0.0007228912829376714,0.0025214152938459536
0.928,4.118371839606441e-8,0.000034073484357699704,0.0017690893750713058,0,0,0,0,0,0,0,0,0,0,0,7.61637972444906e-8,0,0,0,0.00005178586895065533,0,0,0,0,0,0,0,0,0,0.0003705904071034088,0.00012375615627571965,0.0002110163466839733,1.6140305781577735e-7,0.000037949649595776555,0,0,0,0,0.0018032040431474015,0.0007953359954645939,0.0025985400386119954
0.929,4.1228097454461616e-8,0.000037050328242384966,0.001771098553140157,0,0,0,0,0,0,0,0,0,0,0,8.479107792364415e-8,0,0,0,0.00005622673101408891,0,0,0,0,0,0,0,0,0,0.0004043686588104295,0.000138342434489744,0.00023625960845361603,1.796532847072847e-7,0.0000416039798556249,0,0,0,0,0.0018081901094799964,0.0008770658569861342,0.0026852559664661303
0.93,4.127247651280345e-8,0.00004037969708563651,0.0017731076147490432,0,0,0,0,0,0,0,0,0,0,0,9.461372809299307e-8,0,0,0,0.00006119421550583614,0,0,0,0,0,0,0,0,0,0.00044200538361824577,0.000154978408711631,0.0002650798346213378,2.004294432361668e-7,0.00004571981063240429,0,0,0,0,0.0018135285843111925,0.0009692726962607842,0.002782801280571977
0.931,4.13168555710901e-8,0.000044116920411198134,0.0017751165602933902,0,0,0,0,0,0,0,0,0,0,0,1.058366461061144e-7,0,0,0,0.00006677448516859323,0,0,0,0,0,0,0,0,0,0.000484469676605765,0.00017401676061200142,0.000298095215641354,2.2416422922705886e-7,0.00005039158872132309,0,0,0,0,0.0018192747975601595,0.00107407772762437,0.0028933525251845296
0.932,4.1361234629321774e-8,0.000048328421914863204,0.0017771253901668108,0,0,0,0,0,0,0,0,0,0,0,1.1870797390024213e-7,0,0,0,0.00007306077447045414,0,0,0,0,0,0,0,0,0,0.0005326566941372291,0.00019584307076107998,0.00033605484414229997,2.5138162481439204e-7,0.00005569565358453848,0,0,0,0,0.0018254951733163033,0.0011936811266943163,0.00301917630001062
0.933,4.140561368749861e-8,0.00005309447534196799,0.0017791341047611207,0,0,0,0,0,0,0,0,0,0,0,1.3353019134009435e-7,0,0,0,0.00008017635153723708,0,0,0,0,0,0,0,0,0,0.0005870757656804025,0.0002210558176722672,0.0003798723565686866,2.8272031303138157e-7,0.00006178359417762724,0,0,0,0,0.0018322699857167763,0.0013303801361405922,0.0031626501218573683
0.934,4.1449992745620804e-8,0.000058512789189227624,0.0017811427044663423,0,0,0,0,0,0,0,0,0,0,0,1.506746213170893e-7,0,0,0,0.00008827483789194107,0,0,0,0,0,0,0,0,0,0.0006492383339330295,0.00025025744913846274,0.0004306699287140498,3.189642896970473e-7,0.00006874227454550538,0,0,0,0,0.0018396969436483156,0.0014876524631340026,0.003327349406782318
0.935,4.149437180368854e-8,0.00006470321689699355,0.0017831511896707222,0,0,0,0,0,0,0,0,0,0,0,1.7060058602321737e-7,0,0,0,0.00009752231777882741,0,0,0,0,0,0,0,0,0,0.0007200972963893583,0.0002841563106667755,0.0004898876075134151,3.610832898226533e-7,0.00007678953530698659,0,0,0,0,0.0018478959009395194,0.0016689847515312087,0.003516880652470728
0.936,4.153875086170199e-8,0.00007181401396169434,0.0017851595607607333,0,0,0,0,0,0,0,0,0,0,0,1.938809828121555e-7,0,0,0,0.00010814761482665349,0,0,0,0,0,0,0,0,0,0.000801868870971602,0.0003238925571664812,0.0005591635808493226,4.102867597080344e-7,0.0000861266326463976,0,0,0,0,0.0018570151134732894,0.001879803424202977,0.0037368185376762666
0.937,4.158312991966131e-8,0.00008003024921313109,0.001787167818121093,0,0,0,0,0,0,0,0,0,0,0,2.2123683687744654e-7,0,0,0,0.00012044545453896444,0,0,0,0,0,0,0,0,0,0.0008971024012076564,0.0003709949475439913,0.0006407251638039284,4.680967700934044e-7,0.00009698002613356711,0,0,0,0,0.0018672396504641438,0.0021269373268350783,0.003994176977299222
0.9380000000000001,4.162750897756667e-8,0.00008958525887310384,0.0017891759621347675,0,0,0,0,0,0,0,0,0,0,0,2.535845861642705e-7,0,0,0,0.00013473368799269602,0,0,0,0,0,0,0,0,0,0.0010073909471701818,0.0004263749165280233,0.0007373476355631057,5.364477935363244e-7,0.00010978430022070568,0,0,0,0,0.001878802848516849,0.0024164215198544127,0.004295224368371262
0.9390000000000001,4.167188803541829e-8,0.00010077646584871744,0.001791183993182986,0,0,0,0,0,0,0,0,0,0,0,2.9210170708484e-7,0,0,0,0.00015137978989851922,0,0,0,0,0,0,0,0,0,0.0011373386521901104,0.0004922566263079905,0.0008524322869959693,6.178251786857428e-7,0.00012485576641754165,0,0,0,0,0.0018920021309197389,0.0027591730486959017,0.0046511751796156405
0.9400000000000001,4.17162670932163e-8,0.00011398756896813453,0.0017931919116452458,0,0,0,0,0,0,0,0,0,0,0,3.383192128539791e-7,0,0,0,0.0001711361182004203,0,0,0,0,0,0,0,0,0,0.0012904593343787622,0.0005715005034580922,0.0009909250072457972,7.154603210224432e-7,0.00014283506067553188,0,0,0,0,0.0019072211968804735,0.00316790980349248,0.0050751310003729535
0.9410000000000001,4.1760646150960844e-8,0.00012972020328535933,0.0017951997178993274,0,0,0,0,0,0,0,0,0,0,0,3.942542684547856e-7,0,0,0,0.0001947330392397301,0,0,0,0,0,0,0,0,0,0.0014741451258220841,0.0006675385625653475,0.0011593859869755221,8.336104703052239e-7,0.00016447264359083374,0,0,0,0,0.0019249616818308377,0.0036615032229322772,0.0055864649047631144
0.9420000000000001,4.180502520865216e-8,0.00014863997719251438,0.0017972074123213016,0,0,0,0,0,0,0,0,0,0,0,4.626039457447275e-7,0,0,0,0.00022305578549325066,0,0,0,0,0,0,0,0,0,0.0016949071082228697,0.0007849099502514651,0.0013649226573238219,9.779675259837534e-7,0.0001906915688643875,0,0,0,0,0.0019458891945390246,0.004259927641627524,0.006205816836166549
0.9430000000000001,4.184940426629038e-8,0.00017164484204813314,0.0017992149952855395,0,0,0,0,0,0,0,0,0,0,0,5.470343302101681e-7,0,0,0,0.00025746650589191677,0,0,0,0,0,0,0,0,0,0.001964286343736474,0.0009302488241793974,0.001618601636806861,0.0000011562679916513174,0.00022297312322078485,0,0,0,0,0.001970901686737939,0.004995279736157296,0.0069661814228952346
0.9440000000000001,4.189378332387566e-8,0.00019996905933191407,0.001801222467164721,0,0,0,0,0,0,0,0,0,0,0,6.526222175222157e-7,0,0,0,0.0002999594501141377,0,0,0,0,0,0,0,0,0,0.002296025788232254,0.0011114987153342767,0.0019368595617743985,0.0000013792248328928605,0.0002629920840394818,0,0,0,0,0.002001233420279959,0.005909367446544965,0.007910600866824925
0.9450000000000001,4.1938162381408196e-8,0.00023534558430877037,0.0018032298283298502,0,0,0,0,0,0,0,0,0,0,0,7.865481986902471e-7,0,0,0,0.000352982989140917,0,0,0,0,0,0,0,0,0,0.002711963227151955,0.001341727854476187,0.002340786600446231,0.00000166198965078376,0.00031338309908545016,0,0,0,0,0.002038617350801002,0.007063292308150214,0.009101909658951217
0.9460000000000001,4.198254143888815e-8,0.00028026753473441333,0.0018052370791502553,0,0,0,0,0,0,0,0,0,0,0,9.592178126852898e-7,0,0,0,0.00042034094140347644,0,0,0,0,0,0,0,0,0,0.0032414418784898836,0.0016388410115054245,0.0028624219596187065,0.0000020265178601110985,0.0003778298057099351,0,0,0,0,0.0020855465964261075,0.008543861332400223,0.01062940792882633
0.9470000000000001,4.202692049631567e-8,0.00033842422045189224,0.0018072442199936066,0,0,0,0,0,0,0,0,0,0,0,0.0000011861397689679291,0,0,0,0.0005076930772506601,0,0,0,0,0,0,0,0,0,0.0039272748691535206,0.0020289688310823712,0.003548469610174943,0.000002505530859845762,0.00046219579118588047,0,0,0,0,0.002145710467365995,0.010478293849476189,0.012624004316842184
0.9480000000000001,4.207129955369095e-8,0.00041545852153263355,0.0018092512512259227,0,0,0,0,0,0,0,0,0,0,0,0.0000014912032486673863,0,0,0,0.0006233242918661869,0,0,0,0,0,0,0,0,0,0.0048391143418436665,0.0025533656963566127,0.004471224775573995,0.0000031494293998036893,0.0005748706235411909,0,0,0,0,0.00222475184405811,0.013066540361830123,0.015291292205888233
0.9490000000000001,4.2115678611014146e-8,0.0005203471719168425,0.0018112581732115769,0,0,0,0,0,0,0,0,0,0,0,0.0000019126776439603404,0,0,0,0.00078056683317078,0,0,0,0,0,0,0,0,0,0.006081444166397067,0.0032820066792534786,0.005748085715448268,0.000004038949476238187,0.0007294799859501701,0,0,0,0,0.0023316474608070306,0.01662753500733996,0.01895918246814699
0.9500000000000001,4.216005766828539e-8,0.0006680651340614183,0.0018132649863133138,0,0,0,0,0,0,0,0,0,0,0,0.0000025148460404266892,0,0,0,0.0010026741433102166,0,0,0,0,0,0,0,0,0,0.007837661638993139,0.004318782528673916,0.0075726345781879255,0.000005309701374528743,0.0009490138884903292,0,0,0,0,0.0024813722804324003,0.02168859132507048,0.02416996360550288
0.9510000000000001,4.220443672550489e-8,0.0008851025879193015,0.001815271690892252,0,0,0,0,0,0,0,0,0,0,0,0.0000034122021152045465,0,0,0,0.0013284655618029547,0,0,0,0,0,0,0,0,0,0.01041910181569164,0.0058658937450419245,0.010302569884178644,0.0000072032078355014525,0.001274000631148672,0,0,0,0,0.002700416483248279,0.02920064704781454,0.03190106353106282
0.9520000000000001,4.22488157826728e-8,0.0012219368722769517,0.0018172782873078963,0,0,0,0,0,0,0,0,0,0,0,0.000004824395578413281,0,0,0,0.0018351475189000285,0,0,0,0,0,0,0,0,0,0.01443956720515181,0.008303008386376924,0.014590029450255188,0.000010182796358672172,0.0017829600349296881,0,0,0,0,0.0030392574084006307,0.04096571978755073,0.04400497719595136
0.9530000000000001,4.229319483978924e-8,0.0017846120902276037,0.0018192847759181453,0,0,0,0,0,0,0,0,0,0,0,0.000007215980882626112,0,0,0,0.0026815385248243335,0,0,0,0,0,0,0,0,0,0.021162884802324446,0.012424504661593035,0.021864297024190776,0.000015228352265571021,0.0026398270131211105,0,0,0,0,0.003603939159340589,0.0607954963592019,0.06439943551854249
0.9540000000000001,4.233757389685443e-8,0.0028279239603035697,0.0018212911570793014,0,0,0,0,0,0,0,0,0,0,0,0.000011710650285266952,0,0,0,0.00425250078568704,0,0,0,0,0,0,0,0,0,0.033645893383418383,0.020168845093321272,0.03554030343886436,0.000024709979471347836,0.004240170543142281,0,0,0,0,0.004649257454956768,0.09788413387418994,0.10253339132914671
0.9550000000000001,4.238195295386851e-8,0.005098244758537432,0.0018232974311460804,0,0,0,0,0,0,0,0,0,0,0,0.0000216222054313354,0,0,0,0.007670301336494873,0,0,0,0,0,0,0,0,0,0.06090375085158038,0.03727015166112713,0.06569892453921074,0.0000456168855278884,0.007748730917353574,0,0,0,0,0.006921584571636466,0.17935909839672592,0.1862806829683624
0.9560000000000001,4.242633201083165e-8,0.011631898210189454,0.001825303598471619,0,0,0,0,0,0,0,0,0,0,0,0.00005052428235701499,0,0,0,0.017514993035125968,0,0,0,0,0,0,0,0,0,0.13941763783720726,0.08711646360864564,0.15370026983137638,0.000106576265218237,0.017930597047582254,0,0,0,0,0.013457244234993084,0.4158370619075127,0.42929430614250574
0.9600000000000001,4.260384823817778e-8,0.0122903764905866,0.0018333272073693557,0,0,0,0,0,0,0,0,0,0,0,0.00005874042595308293,0,0,0,0.003759616173837032,0,0,0,0,0,0,0,0,0,0.1494828646625301,0.13570710005773537,0.2403934641723151,0.0001238341750824078,0.005836348028434908,0,0,0,0,0.014123746301804192,0.5353619676958881,0.5494857139976923
0.9610000000000001,4.26482272948885e-8,0.005537248365282248,0.0018353328462311171,0,0,0,0,0,0,0,0,0,0,0,0.00002710544952039738,0,0,0,0.00170805578181813,0,0,0,0,0,0,0,0,0,0.06759499164120329,0.06244785054903285,0.11073480487643232,0.00005713429344696583,0.0027255473952394692,0,0,0,0,0.007372623859740661,0.24529548998669343,0.25266811384643406
0.9620000000000001,4.269260635154924e-8,0.0031571956561809583,0.0018373383804378058,0,0,0,0,0,0,0,0,0,0,0,0.00001582919339670892,0,0,0,0.000981981786756407,0,0,0,0,0,0,0,0,0,0.03868574763274275,0.03635692445901646,0.06453061250289299,0.00003336078568710166,0.0016110530601379583,0,0,0,0,0.004994576729225116,0.14221550942063038,0.1472100861498555
0.9630000000000001,4.273698540816012e-8,0.002048048980365236,0.0018393438103317535,0,0,0,0,0,0,0,0,0,0,0,0.000010517105846207038,0,0,0,0.0006422677705882615,0,0,0,0,0,0,0,0,0,0.025187725788456124,0.024083592411203,0.04277343228514968,0.000022162123974603836,0.0010825797263621405,0,0,0,0,0.0038874355276823976,0.09380227721158002,0.09768971273926241
0.9640000000000001,4.2781364464721326e-8,0.0014414875092525193,0.0018413491362537847,0,0,0,0,0,0,0,0,0,0,0,0.000007581747475078197,0,0,0,0.0004558184623223447,0,0,0,0,0,0,0,0,0,0.01779551856756919,0.017314879521723888,0.03079301945860363,0.000015974324774413736,0.0007887130719323077,0,0,0,0,0.0032828794268707686,0.06717150515440085,0.07045438458127161
0.9650000000000001,4.282574352123297e-8,0.0010733090017917308,0.0018433543585432222,0,0,0,0,0,0,0,0,0,0,0,0.0000057821534084170145,0,0,0,0.00034249563773583973,0,0,0,0,0,0,0,0,0,0.013294454192816156,0.013165581401892012,0.02343368698897998,0.000012180953068290638,0.0006080474472690874,0,0,0,0,0.0029167061860784745,0.05086222877516978,0.053778934961248255
0.9660000000000001,4.287012257769524e-8,0.0008327660936325996,0.0018453594775378964,0,0,0,0,0,0,0,0,0,0,0,0.0000045951335031212345,0,0,0,0.00026786925122750815,0,0,0,0,0,0,0,0,0,0.010355495295029314,0.010429354980863866,0.01857849063713603,0.00000967895926723276,0.00048821878385919105,0,0,0,0,0.0026781684412930736,0.040133703040886266,0.04281187148217934
0.9670000000000001,4.291450163410828e-8,0.000666768523070087,0.0018473644935741546,0,0,0,0,0,0,0,0,0,0,0,0.0000037684632178099404,0,0,0,0.00021631145302045894,0,0,0,0,0,0,0,0,0,0.008319947025055051,0.008526777369644764,0.015205896468259377,0.000007936592425960888,0.00040421094894321747,0,0,0,0,0.0025141759311458757,0.032684848320566645,0.03519902425171252
0.9680000000000001,4.2958880690472244e-8,0.0005472583564019527,0.0018493694069868683,0,0,0,0,0,0,0,0,0,0,0,0.000003168104476675847,0,0,0,0.00017916851014891243,0,0,0,0,0,0,0,0,0,0.0068545541626779715,0.007147178585091553,0.012748765656918624,0.000006671276774855719,0.0003428493969973862,0,0,0,0,0.0023966707222695116,0.02728235569308598,0.02967902641535549
0.9690000000000001,4.300325974678727e-8,0.00045826296969616123,0.0018513742181094387,0,0,0,0,0,0,0,0,0,0,0,0.0000027173373072109486,0,0,0,0.00015129541018660261,0,0,0,0,0,0,0,0,0,0.005760243821267556,0.006110781000208301,0.010907128830230374,0.00000572127832440433,0.0002969308133993429,0,0,0,0,0.002309680191065347,0.023234818490923792,0.025544498681989138
0.97,4.3047638803053534e-8,0.0003901405213639211,0.0018533789272738106,0,0,0,0,0,0,0,0,0,0,0,0.0000023696014819616284,0,0,0,0.0001299674821195744,0,0,0,0,0,0,0,0,0,0.004922457866025387,0.005307807035414722,0.009488258603234942,0.000004988446153418799,0.000260932390607191,0,0,0,0,0.002243562496276535,0.020116781425037197,0.02236034392131373
0.971,4.309201785927114e-8,0.00033678767219389117,0.0018553835348104754,0,0,0,0,0,0,0,0,0,0,0,0.0000020952684041293413,0,0,0,0.00011322058027658875,0,0,0,0,0,0,0,0,0,0.0042656659891000814,0.004680692315609472,0.008365083998820523,0.000004410323842513771,0.00023249935819351063,0,0,0,0,0.002192214299022226,0.017663667834246822,0.019855882133269047
0.972,4.3136396915440305e-8,0.00029418621295867505,0.0018573880410484827,0,0,0,0,0,0,0,0,0,0,0,0.0000018747301501735201,0,0,0,0.00009977290300465417,0,0,0,0,0,0,0,0,0,0.003739199964166755,0.004173000801236042,0.007465155556737076,0.000003945579565499045,0.00020968375258121399,0,0,0,0,0.0021516173904040734,0.015692633287441415,0.017844250677845487
0.973,4.3180775971561136e-8,0.00025960183302192996,0.0018593924463154452,0,0,0,0,0,0,0,0,0,0,0,0.0000016945754380962294,0,0,0,0.00008880283813001504,0,0,0,0,0,0,0,0,0,0.003312419202577283,0.003758791967996114,0.0067283981601749445,0.0000035659443154758296,0.00019079005430702403,0,0,0,0,0.0021190374601133466,0.01408446274293895,0.016203500203052296
0.974,4.322515502763377e-8,0.00023112068245939325,0.0018613967509375484,0,0,0,0,0,0,0,0,0,0,0,0.000001545369698588977,0,0,0,0.00007980213897312343,0,0,0,0,0,0,0,0,0,0.002960508174763399,0.003415421013533711,0.006121549049714152,0.0000032515319803756054,0.00017526781296816867,0,0,0,0,0.0020925606585519693,0.01275734509163152,0.014849905750183488
0.975,4.3269534083658394e-8,0.00020737016858235295,0.001863400955239558,0,0,0,0,0,0,0,0,0,0,0,0.0000014203128185635474,0,0,0,0.00007222315978790428,0,0,0,0,0,0,0,0,0,0.002664752435014479,0.003128068291290684,0.005608226814480311,0.000002988009736196343,0.00016194735823056672,0,0,0,0,0.0020708143933559943,0.011639626381358705,0.0137104407747147
0.976,4.331391313963513e-8,0.00018734474909292713,0.0018654050595448273,0,0,0,0,0,0,0,0,0,0,0,0.0000013143986536699026,0,0,0,0.00006583545485969514,0,0,0,0,0,0,0,0,0,0.00241642305051095,0.002882610034634655,0.005176967772041163,0.0000027648262549613785,0.00015085597741977023,0,0,0,0,0.002052793122550894,0.010696771514374865,0.012749564636925758
0.977,4.335829219556414e-8,0.00017029387538467568,0.0018674090641753076,0,0,0,0,0,0,0,0,0,0,0,0.0000012238724777408538,0,0,0,0.00006039793911588321,0,0,0,0,0,0,0,0,0,0.00220513889194785,0.0026745827872643947,0.004805021961180037,0.0000025740680030703433,0.00014120762182379503,0,0,0,0,0.0020377462978521787,0.00989014714181277,0.011927893439664949
0.978,4.340267125144556e-8,0.0001556479602330319,0.0018694129694515503,0,0,0,0,0,0,0,0,0,0,0,0.0000011458712784543014,0,0,0,0.000055724541749717234,0,0,0,0,0,0,0,0,0,0.002022523697448106,0.0024958456491404653,0.004483663836089395,0.00000240970099663229,0.0001329033284747898,0,0,0,0,0.0020251043323558336,0.009194216625177559,0.011219320957533392
0.979,4.3447050307279527e-8,0.0001429682959107102,0.0018714167756927204,0,0,0,0,0,0,0,0,0,0,0,0.000001078179575590462,0,0,0,0.00005164255662878868,0,0,0,0,0,0,0,0,0,0.0018651416448326504,0.0023407446823804,0.004207091715319122,0.0000022670560849009053,0.00012564905489675818,0,0,0,0,0.002014428518653738,0.008593614889718212,0.01060804340837195
0.98,4.349142936306622e-8,0.0001319124522303166,0.0018734204832166015,0,0,0,0,0,0,0,0,0,0,0,0.0000010190601323495567,0,0,0,0.000048081549227465756,0,0,0,0,0,0,0,0,0,0.0017270978762509923,0.002202811832678201,0.003961746323422687,0.0000021424721096785617,0.00011928326080505208,0,0,0,0,0.002005376426876281,0.008062182374626426,0.010067558801502707
0.981,4.353580841880573e-8,0.00012220991304362537,0.0018754240923396018,0,0,0,0,0,0,0,0,0,0,0,9.67134350551437e-7,0,0,0,0.0000449756671253423,0,0,0,0,0,0,0,0,0,0.0016062176905305497,0.002081564580140042,0.003748812839863652,0.0000020330437974315533,0.00011364675742387219,0,0,0,0,0.001997677541191646,0.007598217713231441,0.009595895254423087
0.982,4.3580187474498256e-8,0.00011364462624955586,0.0018774276033767657,0,0,0,0,0,0,0,0,0,0,0,9.212963152602974e-7,0,0,0,0.00004221843468055306,0,0,0,0,0,0,0,0,0,0.001499059881320421,0.0019757659650591715,0.003558404547757122,0.000001936440582548152,0.0001087110577474312,0,0,0,0,0.001991115809813796,0.007187017623462507,0.009178133433276304
0.983,4.36245665301439e-8,0.00010604231040450626,0.0018794310166417763,0,0,0,0,0,0,0,0,0,0,0,8.806500595154305e-7,0,0,0,0.00003975266045822523,0,0,0,0,0,0,0,0,0,0.0014038227535349698,0.0018798669291796462,0.0033889362450198585,0.0000018507743764644618,0.00010429500590414567,0,0,0,0,0.0019855169516128125,0.006819405018532825,0.008804921970145638
0.984,4.366894558574284e-8,0.00009926109011350076,0.0018814343324469681,0,0,0,0,0,0,0,0,0,0,0,8.444631269420262e-7,0,0,0,0.000037557327687037586,0,0,0,0,0,0,0,0,0,0.0013190905058812123,0.0017957252002329931,0.0032391052486861545,0.0000017745016906531553,0.00010022891658234118,0,0,0,0,0.0019807390915060545,0.006494326163887333,0.008475065255393387
0.985,4.3713324641295195e-8,0.00009318449743764271,0.0018834375511033283,0,0,0,0,0,0,0,0,0,0,0,8.121317524006074e-7,0,0,0,0.000035595059705966225,0,0,0,0,0,0,0,0,0,0.001243005681349319,0.0017193896463364284,0.0031029662728920067,0.0000017063502485523479,0.00009667640993265853,0,0,0,0,0.001976665761865612,0.006200151552217332,0.008176817314082943
0.986,4.375770369680111e-8,0.00008771617911034725,0.001885440672920511,0,0,0,0,0,0,0,0,0,0,0,7.831544431427645e-7,0,0,0,0.0000338230959319683,0,0,0,0,0,0,0,0,0,0.001173975776164564,0.0016509975012689371,0.0029818984104991965,0.000001645263304102471,0.00009346377178210266,0,0,0,0,0.001973200609734555,0.005936586973394014,0.007909787583128568
0.987,4.380208275226074e-8,0.00008277584978016731,0.001887443698206838,0,0,0,0,0,0,0,0,0,0,0,7.571117139096268e-7,0,0,0,0.000032221646600745354,0,0,0,0,0,0,0,0,0,0.001112246308892829,0.0015897850022800351,0.002870900341097987,0.0000015903569313654953,0.00009050009159056997,0,0,0,0,0.0019702633500697578,0.005698000859107442,0.0076682642091772
0.988,4.3846461807674184e-8,0.00007829616648903222,0.0018894466272693098,0,0,0,0,0,0,0,0,0,0,0,7.336503849106735e-7,0,0,0,0.000030763586688017595,0,0,0,0,0,0,0,0,0,0.001055933773382343,0.0015335610333014251,0.0027752644044636236,0.0000015408869314793813,0.00008783143359487308,0,0,0,0,0.0019677866402201495,0.005485628768746672,0.007453415408966822
0.989,4.389084086304164e-8,0.00007422029191584564,0.0018914494604136132,0,0,0,0,0,0,0,0,0,0,0,7.124713009628482e-7,0,0,0,0.00002943473131574532,0,0,0,0,0,0,0,0,0,0.0010045220584745647,0.001483111696533597,0.0026838303457968884,0.0000014962229503893378,0.00008543753378552057,0,0,0,0,0.0019657136431703217,0.005288545060157668,0.00725425870332799
0.99,4.3935219918363216e-8,0.00007049997795418259,0.0018934521979441234,0,0,0,0,0,0,0,0,0,0,0,6.933196424788604e-7,0,0,0,0.000028235192116488425,0,0,0,0,0,0,0,0,0,0.0009577638799365479,0.0014372764456445071,0.0026010025193284633,0.0000014558280593299508,0.00008319405236373572,0,0,0,0,0.0019639961111182244,0.005109621237091551,0.007073617348209776
0.991,4.397959897363904e-8,0.0000670940462005374,0.0018954548401639193,0,0,0,0,0,0,0,0,0,0,0,6.759772190647761e-7,0,0,0,0.000027128943340788017,0,0,0,0,0,0,0,0,0,0.0009147340586764035,0.0013947542095610198,0.0025264871726932195,0.0000014192425139178168,0.00008121306920496116,0,0,0,0,0.0019625928659634303,0.004946412673209374,0.006909005539172805
0.992,4.402397802886928e-8,0.0000639671739506028,0.0018974573873747824,0,0,0,0,0,0,0,0,0,0,0,6.6025629341586e-7,0,0,0,0.000026114751859332447,0,0,0,0,0,0,0,0,0,0.0008757682949988994,0.0013564238820750424,0.00245762588290433,0.0000013860707384987977,0.00007935604089938725,0,0,0,0,0.001961468585303414,0.004797335179768907,0.0067588037650723205
0.993,4.406835708405405e-8,0.00006108891734367362,0.0018994598398772088,0,0,0,0,0,0,0,0,0,0,0,6.459945963839068e-7,0,0,0,0.000025175718094697748,0,0,0,0,0,0,0,0,0,0.0008393313785010267,0.0013206705316278736,0.00239493855855464,0.0000013559708209671205,0.00007767565490042925,0,0,0,0,0.0019605928255779664,0.004659793807096018,0.006620386632673985
0.994,4.411273613919348e-8,0.00005843292005451018,0.0019014621979704137,0,0,0,0,0,0,0,0,0,0,0,6.330512765953801e-7,0,0,0,0.00002432845759955483,0,0,0,0,0,0,0,0,0,0.0008055571323457768,0.0012884676430937466,0.002339303141240991,0.0000013286459771811915,0.00007611329947783281,0,0,0,0,0.001959939230761063,0.004535731371011678,0.006495670601772741
0.995,4.415711519428776e-8,0.000055976268243533343,0.0019034644619523409,0,0,0,0,0,0,0,0,0,0,0,6.213035887460852e-7,0,0,0,0.000023519446958058573,0,0,0,0,0,0,0,0,0,0.0007745602690610026,0.0012595087925639365,0.002285292585812243,0.0000013038375721403494,0.00007471516092289386,0,0,0,0,0.0019594848873110684,0.004419521396479021,0.006379006283790089
0.996,4.420149424933697e-8,0.00005369896160559859,0.001905466632119666,0,0,0,0,0,0,0,0,0,0,0,6.106441698441083e-7,0,0,0,0.000022790410473694738,0,0,0,0,0,0,0,0,0,0.0007457913620368814,0.0012323448560941663,0.002237605705347505,0.000001281319380243662,0.00007332975988407968,0,0,0,0,0.001959209795219514,0.004313754057386415,0.006272963852605928
0.997,4.424587330434126e-8,0.00005158347718727489,0.0019074687087678051,0,0,0,0,0,0,0,0,0,0,0,6.00978786521011e-7,0,0,0,0.00002210630544282933,0,0,0,0,0,0,0,0,0,0.0007188997423725306,0.0012072163262166241,0.0021931833380621868,0.0000012608928382950414,0.00007210558696122022,0,0,0,0,0.0019590964318283843,0.004215373170680207,0.006174469602508591
0.998,4.4290252359300764e-8,0.00004961440779448492,0.001909470692190923,0,0,0,0,0,0,0,0,0,0,0,5.922244621215594e-7,0,0,0,0.00002147266356639183,0,0,0,0,0,0,0,0,0,0.0006941383320980524,0.0011842226653453042,0.00215263179004507,0.0000012423830988546603,0.0000709598260673334,0,0,0,0,0.001959129390237767,0.004125259884683128,0.006084389274920895
0.999,4.4334631414215646e-8,0.0000477781607293145,0.0019114725826819387,0,0,0,0,0,0,0,0,0,0,0,5.843079117803718e-7,0,0,0,0.000020874483734992293,0,0,0,0,0,0,0,0,0,0.0006708555138382813,0.0011622291989750618,0.00211368566396364,0.0000012256357326336232,0.0000699128943654129,0,0,0,0,0.0019592950780426676,0.004039367698521802,0.00599866277656447
1,4.4379010469085986e-8,0.000046062705595013644,0.0019134743805325292,0,0,0,0,0,0,0,0,0,0,0,5.771642286617751e-7,0,0,0,0.000020317212296335546,0,0,0,0,0,0,0,0,0,0.000649174645462493,0.0011431847074406226,0.0020800328848026416,0.0000012105139601746863,0.00006891635922985492,0,0,0,0,0.001959581465138012,0.003963413487420784,0.005922994952558797
1.001,4.442338952391196e-8,0.00004445736222244871,0.0019154760860331413,0,0,0,0,0,0,0,0,0,0,0,5.707357761094938e-7,0,0,0,0.000019800582908871217,0,0,0,0,0,0,0,0,0,0.0006288292825722172,0.0011250839901123253,0.0020468309509701138,0.0000011968963174483576,0.00006799730067618684,0,0,0,0,0.001959977871645114,0.0038903097393332723,0.005850287610978387
1.002,4.446776857869369e-8,0.000042952621568329384,0.0019174776994729946,0,0,0,0,0,0,0,0,0,0,0,5.649712494569893e-7,0,0,0,0.000019324183756307188,0,0,0,0,0,0,0,0,0,0.0006097068075861804,0.0011079755356308743,0.002018262592200019,0.0000011846746789708456,0.00006717768924008898,0,0,0,0,0.0019604747888099026,0.0038241964543418976,0.005784671243151801
1.003,4.451214763343129e-8,0.00004153999383986693,0.0019194792211400897,0,0,0,0,0,0,0,0,0,0,0,5.598248783008107e-7,0,0,0,0.000018872615490226485,0,0,0,0,0,0,0,0,0,0.0005918841644266771,0.0010923545669009617,0.0019903701986958436,0.000001173752576911717,0.00006637889651533553,0,0,0,0,0.00196106372712759,0.003761594019484257,0.005722657746611848
1.004,4.4556526688124935e-8,0.000040211879204570386,0.0019214806513212133,0,0,0,0,0,0,0,0,0,0,0,5.552557455950288e-7,0,0,0,0.000018446704377336073,0,0,0,0,0,0,0,0,0,0.0005750128515040856,0.001078235209485313,0.0019653714875207543,0.0000011640437663684898,0.00006563347867308304,0,0,0,0,0.001961737087052472,0.0037044190310725356,0.0056661561181250075
1.005,4.460090574277471e-8,0.00003896145731689649,0.001923481990301944,0,0,0,0,0,0,0,0,0,0,0,5.512272043271761e-7,0,0,0,0.000018055003193864023,0,0,0,0,0,0,0,0,0,0.0005592025170177652,0.0010655998785088908,0.001944080800355792,0.0000011554709962625197,0.00006500920692848922,0,0,0,0,0.0019624880485245833,0.003653654104205391,0.005616142152729974
1.006,4.464528479738078e-8,0.000037782592587516057,0.0019254832383666643,0,0,0,0,0,0,0,0,0,0,0,5.477063760431236e-7,0,0,0,0.000017679994033855518,0,0,0,0,0,0,0,0,0,0.0005442462895817005,0.0010529170306167812,0.0019221447299646716,0.00000114796495270292,0.00006437118718933368,0,0,0,0,0.0019633104762389777,0.003603054902715089,0.005566365378954066
1.007,4.468966385194323e-8,0.00003666975267569164,0.0019274843957985583,0,0,0,0,0,0,0,0,0,0,0,5.44663718298041e-7,0,0,0,0.000017333643723382065,0,0,0,0,0,0,0,0,0,0.0005300318151493583,0.001042545885696586,0.001902594464058395,0.0000011414633475852218,0.00006375610873792866,0,0,0,0,0.001964198838138102,0.003557948044431533,0.005522146882569635
1.008,4.473404290646226e-8,0.00003561793813078751,0.0019294854628796251,0,0,0,0,0,0,0,0,0,0,0,5.4207265037093e-7,0,0,0,0.000017005969394925037,0,0,0,0,0,0,0,0,0,0.0005168027816098056,0.0010317807127317793,0.0018851113084949853,0.0000011359101299561878,0.0000631991962891615,0,0,0,0,0.001965148135053319,0.0035155779513009844,0.005480726086354304
1.009,4.477842196093794e-8,0.000034622621468533985,0.0019314864398906808,0,0,0,0,0,0,0,0,0,0,0,5.399092284094096e-7,0,0,0,0.000016692674436169858,0,0,0,0,0,0,0,0,0,0.000504159888641632,0.001022818064255515,0.0018678027069623888,0.0000011312548015301091,0.00006271204282894324,0,0,0,0,0.0019661538397811756,0.0034758565411545884,0.005442010380935764
1.01,4.48228010153704e-8,0.000033679694259183895,0.0019334873271113684,0,0,0,0,0,0,0,0,0,0,0,5.381518626564639e-7,0,0,0,0.000016406348701233814,0,0,0,0,0,0,0,0,0,0.0004922071353722162,0.0010141781175980451,0.0018542719997673264,0.0000011274518208723429,0.00006224487002664439,0,0,0,0,0.0019672118441715677,0.003440974075148995,0.005408185919320563
1.0110000000000001,4.4867180069759825e-8,0.00003278542104211214,0.001935488124820161,0,0,0,0,0,0,0,0,0,0,0,5.367810706235034e-7,0,0,0,0.0000161274872156018,0,0,0,0,0,0,0,0,0,0.0004807901634455061,0.0010063992563393493,0.0018399289265342285,0.000001124460083320431,0.00006179333553647977,0,0,0,0,0.0019683184130423427,0.0034067004102251094,0.005375018823267452
1.012,4.491155912410627e-8,0.000031936399075527494,0.0019374888332943676,0,0,0,0,0,0,0,0,0,0,0,5.357792610670956e-7,0,0,0,0.000015860676181037412,0,0,0,0,0,0,0,0,0,0.00047007647754389857,0.0009999042793604226,0.0018280823592790507,0.0000011222424658070018,0.00006144103248360395,0,0,0,0,0.001969470143929019,0.0033770228465748874,0.005346492990503906
1.0130000000000001,4.4955938178409923e-8,0.00003112952308936148,0.0019394894528101429,0,0,0,0,0,0,0,0,0,0,0,5.351305444442856e-7,0,0,0,0.000015613588008983675,0,0,0,0,0,0,0,0,0,0.000459922325557344,0.0009927142904670077,0.001817408485202529,0.0000011207654274699082,0.0000610412614642149,0,0,0,0,0.0019706639318376826,0.003348355846671993,0.0053190197785096755
1.014,4.500031723267086e-8,0.000030361954340778877,0.0019414899836424893,0,0,0,0,0,0,0,0,0,0,0,5.348205661961176e-7,0,0,0,0.000015386519294100608,0,0,0,0,0,0,0,0,0,0.0004501011997836861,0.0009874013547310277,0.0018069740870026588,0.0000011199986583581013,0.00006066713849198121,0,0,0,0,0.001971896938300501,0.003322185118528009,0.00529408205682851
1.0150000000000001,4.504469628688924e-8,0.00002963109338042983,0.001943490426065266,0,0,0,0,0,0,0,0,0,0,0,5.348363597684591e-7,0,0,0,0.000015169590016039554,0,0,0,0,0,0,0,0,0,0.00044093029805808756,0.000982758898860127,0.0017985518986670123,0.0000011199147697206696,0.00006037119836026274,0,0,0,0,0.001973166564141983,0.0032994366350910186,0.0052726031992330015
1.016,4.508907534106518e-8,0.000028934556027821873,0.0019454907803511936,0,0,0,0,0,0,0,0,0,0,0,5.351662167451988e-7,0,0,0,0.000014959610247789762,0,0,0,0,0,0,0,0,0,0.0004321041638624546,0.0009780863793027992,0.0017901049759698165,0.0000011204890203471358,0.00006006732353134329,0,0,0,0,0.0019744704254543565,0.003276978108151296,0.005251448533605652
1.0170000000000001,4.5133454395198796e-8,0.00002827015212936259,0.0019474910467718598,0,0,0,0,0,0,0,0,0,0,0,5.357995718567292e-7,0,0,0,0.000014756177295722773,0,0,0,0,0,0,0,0,0,0.000423603763599929,0.0009738340219683664,0.001785559762777982,0.0000011216990742465849,0.000059799679864460256,0,0,0,0,0.0019758063323556175,0.003259210904152564,0.005235017236508181
1.018,4.517783344929023e-8,0.00002763586673548485,0.0019494912255977254,0,0,0,0,0,0,0,0,0,0,0,5.367269009530048e-7,0,0,0,0.000014571485085406464,0,0,0,0,0,0,0,0,0,0.00041567614823601637,0.0009704780865972865,0.0017792496753644069,0.000001123524785638233,0.00005955421961487194,0,0,0,0,0.0019771722701666596,0.0032411898665845795,0.0052183621367512395
1.0190000000000001,4.522221250333961e-8,0.000027029843385967223,0.0019514913170981317,0,0,0,0,0,0,0,0,0,0,0,5.379396303031448e-7,0,0,0,0.000014394175416473071,0,0,0,0,0,0,0,0,0,0.00040796998165073823,0.0009681583514125385,0.0017735584558367875,0.0000011259480078034043,0.000059338234817799096,0,0,0,0,0.0019785663826966025,0.003225083086772443,0.0052036494694690455
1.02,4.526659155734702e-8,0.00002645036923690876,0.0019534913215413026,0,0,0,0,0,0,0,0,0,0,0,5.394300558148397e-7,0,0,0,0.000014230353502283102,0,0,0,0,0,0,0,0,0,0.000400697014228943,0.0009656709874943332,0.0017700906206696199,0.0000011289524228339079,0.00005915994237751111,0,0,0,0,0.0019799869573697685,0.0032115173007513384,0.005191504258121107
1.0210000000000001,4.531097061131262e-8,0.000025895861800220703,0.001955491239194357,0,0,0,0,0,0,0,0,0,0,0,5.411912709611255e-7,0,0,0,0.00001407077594153844,0,0,0,0,0,0,0,0,0,0.00039367161652059093,0.0009634862890299048,0.0017681427665294262,0.0000011325233897227751,0.000058979451161167005,0,0,0,0,0.0019814324119651894,0.0032000246138433113,0.005181457025808501
1.022,4.5355349665236536e-8,0.00002536485709816394,0.001957491070323308,0,0,0,0,0,0,0,0,0,0,0,5.432171023676896e-7,0,0,0,0.000013919711327369777,0,0,0,0,0,0,0,0,0,0.00038692618418991864,0.0009630105348431691,0.0017658110287810168,0.0000011366478085916363,0.000058789664748384236,0,0,0,0,0.0019829012827711373,0.003190136988800818,0.0051730382715719555
1.0230000000000001,4.539972871911888e-8,0.000024855999062313325,0.0019594908151930714,0,0,0,0,0,0,0,0,0,0,0,5.455020521542457e-7,0,0,0,0.000013780603666304163,0,0,0,0,0,0,0,0,0,0.0003805577797388533,0.0009612546329420326,0.0017639570502502393,0.0000011413139991448103,0.00005865759317007094,0,0,0,0,0.0019843922139841036,0.0031798944758187997,0.005164286689802903
1.024,4.544410777295974e-8,0.000024368030029196172,0.0019614904740674712,0,0,0,0,0,0,0,0,0,0,0,5.480412462432506e-7,0,0,0,0.000013646875677858888,0,0,0,0,0,0,0,0,0,0.0003743750621818443,0.0009612088042082809,0.0017637004194412053,0.00000114651159169254,0.00005851059709960189,0,0,0,0,0.0019859039482044405,0.0031731363114467274,0.005159040259651168
1.0250000000000001,4.54884868267593e-8,0.000023899782204340432,0.001963490047209248,0,0,0,0,0,0,0,0,0,0,0,5.508303879516755e-7,0,0,0,0.000013521607016236754,0,0,0,0,0,0,0,0,0,0.0003684445225204435,0.0009600200547937457,0.0017643966254225756,0.0000011522314293019411,0.00005838994877925605,0,0,0,0,0.001987435317900415,0.0031664758203495107,0.005153911138249926
1.026,4.553286588051764e-8,0.000023450169983153046,0.001965489534880056,0,0,0,0,0,0,0,0,0,0,0,5.538657162692376e-7,0,0,0,0.00001340188401918807,0,0,0,0,0,0,0,0,0,0.0003628112973092765,0.0009598788364118448,0.001765238855116668,0.0000011584654798182326,0.000058281660114324164,0,0,0,0,0.0019889852377290894,0.0031613248641673888,0.005150310101896478
1.0270000000000001,4.55772449342349e-8,0.000023018183031335553,0.001967488937340482,0,0,0,0,0,0,0,0,0,0,0,5.571439683017962e-7,0,0,0,0.000013288663041354809,0,0,0,0,0,0,0,0,0,0.00035741887120954816,0.0009603747732311043,0.0017661926135136262,0.000001165206756658594,0.00005819130624649977,0,0,0,0,0.0019905526976167517,0.003157188577967094,0.005147741275583846
1.028,4.562162398791116e-8,0.00002260288003983993,0.001969488254850037,0,0,0,0,0,0,0,0,0,0,0,5.606623454235005e-7,0,0,0,0.000013181636797542551,0,0,0,0,0,0,0,0,0,0.00035217762548883164,0.0009618767999767686,0.001768415001172061,0.0000011724492474166405,0.00005811500350802975,0,0,0,0,0.001992136756513865,0.003155499178536074,0.005147635935049939
1.0290000000000001,4.566600304154659e-8,0.000022203383079941118,0.0019714874876671736,0,0,0,0,0,0,0,0,0,0,0,5.644184827374083e-7,0,0,0,0.00001308051904486199,0,0,0,0,0,0,0,0,0,0.00034726115996129125,0.0009633526549377309,0.0017706282564935321,0.0000011801878494344553,0.00005802241975714739,0,0,0,0,0.0019937365367501563,0.0031540896165267356,0.005147826153276892
1.03,4.5710382095141295e-8,0.000021818872493147622,0.0019734866360492814,0,0,0,0,0,0,0,0,0,0,0,5.684104214924758e-7,0,0,0,0.000012985042927242148,0,0,0,0,0,0,0,0,0,0.00034231680230635645,0.0009645777007073261,0.0017731774912071712,0.0000011884183116003108,0.0000579818756672882,0,0,0,0,0.001995351218924524,0.003152795741548477,0.005148146960473001
1.0310000000000001,4.5754761148695385e-8,0.00002144858225856678,0.0019754857002527025,0,0,0,0,0,0,0,0,0,0,0,5.726365841469364e-7,0,0,0,0.000012894959474048806,0,0,0,0,0,0,0,0,0,0.0003377666751706107,0.0009673407942683244,0.0017787039485740639,0.0000011971371817191558,0.000057924396985770527,0,0,0,0,0.001996980037272418,0.0031564005482386847,0.005153380585511102
1.032,4.579914020220894e-8,0.00002109179578720377,0.001977484680532726,0,0,0,0,0,0,0,0,0,0,0,5.770957518046401e-7,0,0,0,0.000012810036236646976,0,0,0,0,0,0,0,0,0,0.000333191827979763,0.0009693319270806076,0.001783637639632092,0.0000012063417588798238,0.0000579025293833309,0,0,0,0,0.001998622275460132,0.0031586573978231247,0.005157279673283256
1.0330000000000001,4.584351925568218e-8,0.000020747842098617352,0.001979483577143604,0,0,0,0,0,0,0,0,0,0,0,5.817870437823918e-7,0,0,0,0.000012728855095731074,0,0,0,0,0,0,0,0,0,0.0003289814273437425,0.0009719575445976144,0.0017886553434771943,0.000001216030050309141,0.000057864238598336144,0,0,0,0,0.002000277262761477,0.0031619852262067096,0.005162262488968186
1.034,4.588789830911511e-8,0.000020416092340547022,0.001981482390338547,0,0,0,0,0,0,0,0,0,0,0,5.86709899094139e-7,0,0,0,0.000012653620152532323,0,0,0,0,0,0,0,0,0,0.0003248512682509241,0.0009747024358869248,0.0017950884476273736,0.0000012262007322622671,0.000057876330607431,0,0,0,0,0.0020019443705774033,0.0031669850131565425,0.005168929383733946
1.035,4.593227736250792e-8,0.000020095956616638747,0.0019834811203697403,0,0,0,0,0,0,0,0,0,0,0,5.918640596623111e-7,0,0,0,0.000012580989518127703,0,0,0,0,0,0,0,0,0,0.0003208568502539489,0.0009785093468503568,0.001801411678948923,0.0000012368531145489885,0.00005791851920792149,0,0,0,0,0.0020036230092637416,0.0031731061019534897,0.005176729111217231
1.036,4.5976656415860704e-8,0.000019786881091352835,0.0019854797674883386,0,0,0,0,0,0,0,0,0,0,0,5.972495550872386e-7,0,0,0,0.000012516296426952707,0,0,0,0,0,0,0,0,0,0.00031702089254031216,0.0009813820896923456,0.001808436281500012,0.000001247987108340493,0.00005790013567639991,0,0,0,0,0.0020053126252361072,0.00317910093249945,0.005184413557735557
1.037,4.6021035469173555e-8,0.000019488345344590897,0.001987478331944478,0,0,0,0,0,0,0,0,0,0,0,6.02866688824518e-7,0,0,0,0.000012455876710065224,0,0,0,0,0,0,0,0,0,0.0003133361585313773,0.0009851678922313224,0.0018161208472927248,0.0000012596031969400178,0.00005791571806991458,0,0,0,0,0.0020070126983245382,0.0031868589627211683,0.005193871661045707
1.038,4.6065414522446655e-8,0.000019199859951613195,0.001989476813987279,0,0,0,0,0,0,0,0,0,0,0,6.087160256365846e-7,0,0,0,0.000012395456821145474,0,0,0,0,0,0,0,0,0,0.00030975301553329445,0.0009906846446625936,0.0018247392623317895,0.0000012717024092359211,0.00005796866858921552,0,0,0,0,0.0020087227393534145,0.0031974214663729114,0.005206144205726326
1.039,4.6109793575680024e-8,0.000018920964266483262,0.0019914752138648502,0,0,0,0,0,0,0,0,0,0,0,6.147983801987535e-7,0,0,0,0.000012342549990665683,0,0,0,0,0,0,0,0,0,0.0003063153953720119,0.0009954595308774407,0.0018328356895555749,0.0000012842862955846193,0.00005797276302536239,0,0,0,0,0.002010442287924909,0.003206825013496839,0.005217267301421748
1.04,4.615417262887386e-8,0.00001865122438961762,0.001993473531824298,0,0,0,0,0,0,0,0,0,0,0,6.211148067529194e-7,0,0,0,0.000012291176167230885,0,0,0,0,0,0,0,0,0,0.0003029577017533917,0.0010000901234348933,0.0018422549567248569,0.0000012973569058990733,0.000058031575403491314,0,0,0,0,0.0020121709103865446,0.003217544005196516,0.005229714915583061
1.041,4.619855168202823e-8,0.000018390231302089527,0.001995471768111726,0,0,0,0,0,0,0,0,0,0,0,6.276665897132444e-7,0,0,0,0.000012249954070295004,0,0,0,0,0,0,0,0,0,0.0002998032579437083,0.0010055220019649087,0.0018541032103485445,0.0000013109167697407055,0.00005807652818802037,0,0,0,0,0.0020139081979654977,0.0032316935358749307,0.0052456017338404284
1.042,4.6242930735143267e-8,0.000018137599151155887,0.0019974699229722464,0,0,0,0,0,0,0,0,0,0,0,6.344552351380269e-7,0,0,0,0.000012208647952472597,0,0,0,0,0,0,0,0,0,0.0002966062543534429,0.0010109256175685028,0.0018631466516805105,0.0000013249688782342999,0.00005814902672048816,0,0,0,0,0.0020156537650541373,0.003242995622388789,0.0052586493874429265
1.043,4.6287309788219054e-8,0.000017892963673093612,0.0019994679966499752,0,0,0,0,0,0,0,0,0,0,0,6.414824629905838e-7,0,0,0,0.00001216650883548656,0,0,0,0,0,0,0,0,0,0.000293653195133196,0.0010163479529480283,0.0018754748449923242,0.0000013395166676435803,0.000058248283735084556,0,0,0,0,0.002017407247632857,0.0032578717847747537,0.00527527903240761
1.044,4.633168884125574e-8,0.000017655980740857374,0.0020014659893880515,0,0,0,0,0,0,0,0,0,0,0,6.487502001200034e-7,0,0,0,0.000012126186099845317,0,0,0,0,0,0,0,0,0,0.00029069495058290886,0.001022310083870314,0.0018874792498660797,0.000001354564004461598,0.000058288861418910244,0,0,0,0,0.00201916830181775,0.0032729026460426394,0.005292070947860389
1.045,4.637606789425343e-8,0.00001742632502534103,0.002003463901428631,0,0,0,0,0,0,0,0,0,0,0,6.562605738993037e-7,0,0,0,0.000012091575910297417,0,0,0,0,0,0,0,0,0,0.0002879268774803044,0.0010296363353341944,0.001898467469892351,0.0000013701151718842347,0.00005838418622845561,0,0,0,0,0.0020209366025218663,0.0032885328205913863,0.005309469423113253
1.046,4.642044694721225e-8,0.00001720368876014735,0.002005461733012894,0,0,0,0,0,0,0,0,0,0,0,6.64015906464706e-7,0,0,0,0.000012065494649947385,0,0,0,0,0,0,0,0,0,0.0002853135965001958,0.0010368063934170645,0.0019112809900756476,0.0000013861748575491756,0.000058480077156768214,0,0,0,0,0.0020227118422199886,0.0033059967425636376,0.005328708584783626
1.047,4.646482600013225e-8,0.000016987780600775467,0.0020074594843810514,0,0,0,0,0,0,0,0,0,0,0,6.72018709505397e-7,0,0,0,0.000012038130597178765,0,0,0,0,0,0,0,0,0,0.00028260450152953014,0.00104294433587873,0.0019239269237935278,0.0000014027481424323092,0.00005856506431203917,0,0,0,0,0.002024493729807827,0.003322153722962944,0.005346647452770771
1.048,4.650920505301362e-8,0.000016778324570023616,0.0020094571557723517,0,0,0,0,0,0,0,0,0,0,0,6.802716795577843e-7,0,0,0,0.000012010313714592209,0,0,0,0,0,0,0,0,0,0.00028004498451920533,0.001049734932747468,0.0019374379220847928,0.0000014198404908060667,0.000058660904187516395,0,0,0,0,0.0020262819895474284,0.0033399891694239387,0.005366271158971367
1.049,4.655358410585642e-8,0.000016575059082204017,0.002011454747425078,0,0,0,0,0,0,0,0,0,0,0,6.887776937626104e-7,0,0,0,0.000011991648442534874,0,0,0,0,0,0,0,0,0,0.0002776021111074236,0.0010576643103455865,0.0019535095960704642,0.0000014374577411714773,0.000058744876415519346,0,0,0,0,0.002028076360091388,0.0033616387778164624,0.00538971513790785
1.05,4.6597963158660775e-8,0.000016377736039473175,0.0020134522595765644,0,0,0,0,0,0,0,0,0,0,0,6.975398060476734e-7,0,0,0,0.000011971119013149067,0,0,0,0,0,0,0,0,0,0.0002752238419672651,0.0010665390502023555,0.001969268745595227,0.0000014556060980851327,0.00005888608837246884,0,0,0,0,0.002029876593579196,0.003384041991054598,0.005413918584633795
1.051,4.6642342211426794e-8,0.000016186119994219985,0.0020154496924631917,0,0,0,0,0,0,0,0,0,0,0,7.06561243701502e-7,0,0,0,0.000011954839146854132,0,0,0,0,0,0,0,0,0,0.0002728760484850195,0.0010749252706072382,0.0019831195282608107,0.0000014742921248088765,0.00005900937693962035,0,0,0,0,0.0020316824547996232,0.0034040659168080535,0.005435748371607677
1.052,4.668672126415458e-8,0.00001599998737201969,0.0020174470463203936,0,0,0,0,0,0,0,0,0,0,0,7.158454043074725e-7,0,0,0,0.000011939320590721327,0,0,0,0,0,0,0,0,0,0.0002706504558040354,0.0010819428327451227,0.001998908472906,0.00000149352273671737,0.00005915089541109052,0,0,0,0,0.0020334937204136774,0.003424801345597995,0.005458295066011672
1.053,4.6731100316844257e-8,0.00001581912575017431,0.0020194443213826675,0,0,0,0,0,0,0,0,0,0,0,7.253958530098583e-7,0,0,0,0.000011929197066616093,0,0,0,0,0,0,0,0,0,0.0002685440320877362,0.001090552740061981,0.0020159513338232813,0.00000151330519540364,0.00005927200297636975,0,0,0,0,0.0020353101782331585,0.003448488007064398,0.005483798185297557
1.054,4.677547936949592e-8,0.00001564333318731546,0.002021441517883569,0,0,0,0,0,0,0,0,0,0,0,7.352163200863018e-7,0,0,0,0.00001191791841056032,0,0,0,0,0,0,0,0,0,0.00026643184825628533,0.0010995203456021228,0.0020298426334378005,0.0000015336471034292355,0.00005939842972407485,0,0,0,0,0.002037131626550254,0.0034693800388543596,0.005506511665404614
1.055,4.6819858422109684e-8,0.00001547241759995941,0.0020234386360557287,0,0,0,0,0,0,0,0,0,0,0,7.453106988033212e-7,0,0,0,0.000011913341638762915,0,0,0,0,0,0,0,0,0,0.00026436930055568085,0.0011104836629483009,0.00205211905010231,0.0000015545563996690453,0.00005957200087864512,0,0,0,0,0.00203895787351411,0.0035007572232221723,0.005539715096736283
1.056,4.686423747468565e-8,0.00001530619618227175,0.002025435676130846,0,0,0,0,0,0,0,0,0,0,0,7.556830435335333e-7,0,0,0,0.000011910471788896702,0,0,0,0,0,0,0,0,0,0.0002623734923128124,0.0011191897534291897,0.0020672315838971603,0.0000015760413552064618,0.00005967878471711849,0,0,0,0,0.0020407887365505926,0.003522715810543918,0.005563504547094511
1.057,4.690861652722393e-8,0.00001514449486563471,0.0020274326383396997,0,0,0,0,0,0,0,0,0,0,0,7.663375681149502e-7,0,0,0,0.000011913671037563085,0,0,0,0,0,0,0,0,0,0.00026057514637505176,0.001130815264417447,0.002086964506033116,0.000001598110569737625,0.000059832968492347645,0,0,0,0,0.0020426240418218618,0.003552466004493378,0.00559509004631524
1.058,4.6952995579724614e-8,0.000014987147814908714,0.002029429522912152,0,0,0,0,0,0,0,0,0,0,0,7.772786444350057e-7,0,0,0,0.000011916019912924846,0,0,0,0,0,0,0,0,0,0.0002586083397459475,0.0011409286743404644,0.0021068711170550833,0.0000016207729684471455,0.000060021772415243664,0,0,0,0,0.0020444636237226406,0.0035807439750825455,0.005625207598805186
1.059,4.6997374632187845e-8,0.000014833996958552998,0.0020314263300771516,0,0,0,0,0,0,0,0,0,0,0,7.8851080122242e-7,0,0,0,0.000011921815999975882,0,0,0,0,0,0,0,0,0,0.00025682906821550115,0.001152573882457433,0.0021250874149998334,0.0000016440377993212907,0.000060146659409913584,0,0,0,0,0.002046307324410337,0.003608991389683201,0.005655298714093537
1.06,4.704175368461371e-8,0.000014684891550013398,0.0020334230600627394,0,0,0,0,0,0,0,0,0,0,0,8.000387230324806e-7,0,0,0,0.000011925402349321547,0,0,0,0,0,0,0,0,0,0.0002551047304053141,0.0011630368893516146,0.0021485990758205336,0.0000016679146308669641,0.00006031551014415568,0,0,0,0,0.0020481549933664372,0.003641449561424839,0.005689604554791276
1.061,4.7086132737002307e-8,0.000014539687758009161,0.002035419713096051,0,0,0,0,0,0,0,0,0,0,0,8.118672494118864e-7,0,0,0,0.000011938370381266701,0,0,0,0,0,0,0,0,0,0.00025341019043639487,0.0011753304338643759,0.0021722339208259628,0.000001692413350207727,0.00006051396606642953,0,0,0,0,0.0020500064869867973,0.0036759311621740497,0.005725937649160847
1.062,4.713051178935374e-8,0.000014398248283549431,0.002037416289403327,0,0,0,0,0,0,0,0,0,0,0,8.240013742305489e-7,0,0,0,0.00001194700085818162,0,0,0,0,0,0,0,0,0,0.0002518246175977348,0.0011852334862699505,0.00219201641405035,0.0000017175441615305457,0.0000606600138821591,0,7.429910943265503e-18,0,0,0.002051861668198666,0.0037042230781941443,0.00575608474639281
1.063,4.7174890841668134e-8,0.000014260442001694238,0.0020394127892099084,0,0,0,0,0,0,0,0,0,0,0,8.364462451690591e-7,0,0,0,0.00001195599176120262,0,0,0,0,0,0,0,0,0,0.00025017808967529534,0.001197706093335247,0.0022145533617528128,0.0000017433175848590455,0.00006085906527626306,0,1.627154567219501e-16,0,0,0.0020537204061024444,0.003737832365631012,0.005791552771733457
1.064,4.721926989394559e-8,0.000014126143626237947,0.002041409212740251,0,0,0,0,0,0,0,0,0,0,0,8.492071633510993e-7,0,0,0,0.000011974118823848904,0,0,0,0,0,0,0,0,0,0.00024866587508970146,0.0012108968172810093,0.0022393739930185986,0.0000017697444551307035,0.00006102487918400889,0,9.104413274296482e-16,0,0,0.0020555825756363826,0.003774554635016559,0.005830137210652942
1.065,4.7263648946186167e-8,0.00001399523339564504,0.0020434055602179192,0,0,0,0,0,0,0,0,0,0,0,8.622895831110211e-7,0,0,0,0.00001198940481416664,0,0,0,0,0,0,0,0,0,0.0002471705590914876,0.0012239289836722136,0.002263674266405666,0.0000017968359215578104,0.00006119958320064761,0,3.0239238664049523e-15,0,0,0.0020574480572625106,0.003810621922691874,0.005868069979954385
1.066,4.730802799839005e-8,0.000013867596778702398,0.0020454018318656017,0,0,0,0,0,0,0,0,0,0,0,8.756991118879961e-7,0,0,0,0.000012010766580182609,0,0,0,0,0,0,0,0,0,0.0002456973873279116,0.0012380728943777834,0.0022905909044722028,0.0000018246034472535273,0.00006138247609180423,0,7.60716740335229e-15,0,0,0.0020593167366723024,0.003850454731416633,0.005909771468088935
1.067,4.735240705055727e-8,0.000013743124198478806,0.002047398027905106,0,0,0,0,0,0,0,0,0,0,0,8.894415102381479e-7,0,0,0,0.000012031039414664077,0,0,0,0,0,0,0,0,0,0.0002442886669372163,0.0012538998626511408,0.0023159141119425504,0.0000018530588091051838,0.00006161383852970227,0,1.60977361852244e-14,0,0,0.0020611885045106353,0.0038904900198107146,0.00595167852432135
1.068,4.739678610268796e-8,0.00001362171077329278,0.00204939414855737,0,0,0,0,0,0,0,0,0,0,0,9.035226919574682e-7,0,0,0,0.00001205522878016045,0,0,0,0,0,0,0,0,0,0.00024291773362885931,0.0012681465016348115,0.0023425831335250487,0.000001882214097879548,0.00006180210885781782,0,3.026707377898476e-14,0,0,0.0020630632561167653,0.003930290443246802,0.005993353699363567
1.069,4.744116515478222e-8,0.000013503256073495005,0.0020513901940424606,0,0,0,0,0,0,0,0,0,0,0,9.179487243082835e-7,0,0,0,0.000012086463491004863,0,0,0,0,0,0,0,0,0,0.00024153666643178984,0.0012808905269540384,0.0023694034257308663,0.0000019120817185451862,0.00006198052847916225,0,5.222575290740448e-14,0,0,0.0020649408912811105,0.00396872764158194,0.006033668532863051
1.07,4.748554420684015e-8,0.000013387663892964177,0.0020533861645795843,0,0,0,0,0,0,0,0,0,0,0,9.32725828343243e-7,0,0,0,0.000012108480928101452,0,0,0,0,0,0,0,0,0,0.00024021872883099477,0.0012971636049154852,0.0023924047724653056,0.0000019426743907982673,0.00006218961673473679,0,8.442487130929905e-14,0,0,0.0020668213140167552,0.00400696060417819,0.006073781918194945
1.071,4.7529923258861866e-8,0.000013274842034301709,0.002055382060387084,0,0,0,0,0,0,0,0,0,0,0,9.47860379320716e-7,0,0,0,0.000012140907902910223,0,0,0,0,0,0,0,0,0,0.00023900057186427618,0.001313005152608395,0.0024225535073700635,0.0000019740051497803105,0.00006237082319726372,0,1.2965944225066118e-13,0,0,0.0020687044323446447,0.004051992828601669,0.006120697260946314
1.072,4.757430231084746e-8,0.000013164702106788564,0.00205737788168245,0,0,0,0,0,0,0,0,0,0,0,9.633589072064173e-7,0,0,0,0.000012169009019582595,0,0,0,0,0,0,0,0,0,0.00023779321750234738,0.001329158633567981,0.002449686250462632,0.000002006087346975522,0.00006256646431387263,0,1.9106859174316707e-13,0,0,0.0020705901580915496,0.004094343021311666,0.006164933179403215
1.073,4.7618681362797015e-8,0.000013057159336239903,0.0020593736286823195,0,0,0,0,0,0,0,0,0,0,0,9.79228097256241e-7,0,0,0,0.000012211338663794323,0,0,0,0,0,0,0,0,0,0.00023657162947583415,0.0013461126289509185,0.0024817412431499364,0.000002038934651278332,0.00006281785868433668,0,2.721499446762654e-13,0,0,0.002072478406699922,0.004142472861945504,0.006214951268645426
1.074,4.766306041471064e-8,0.000012952132385957759,0.002061369301602484,0,0,0,0,0,0,0,0,0,0,0,9.95474790675935e-7,0,0,0,0.000012246862031596398,0,0,0,0,0,0,0,0,0,0.0002354245315027816,0.0013612605705749497,0.002512651645897815,0.0000020725610502211885,0.00006302524476156165,0,3.7674849105820134e-13,0,0,0.0020743690970488563,0.004187676890986349,0.006262045988035206
1.075,4.770743946658846e-8,0.00001284954318804381,0.002063364900657892,0,0,0,0,0,0,0,0,0,0,0,0.0000010121059853534724,0,0,0,0.000012284954865059193,0,0,0,0,0,0,0,0,0,0.00023433171942654568,0.0013790494996046747,0.0025441819305076795,0.000002106980851354237,0.00006326969154855259,0,5.090823036004101e-13,0,0,0.0020762621512854023,0.004236236883298302,0.006312499034583704
1.076,4.7751818518430543e-8,0.00001274931678438721,0.0020653604260626526,0,0,0,0,0,0,0,0,0,0,0,0.00000102912883666044,0,0,0,0.000012314873207918044,0,0,0,0,0,0,0,0,0,0.00023320073786780107,0.001395715692495379,0.0025800688367878565,0.0000021422086837689575,0.00006348218743217191,0,6.736970720953236e-13,0,0,0.0020781574946655583,0.004287953665985253,0.006366111160650811
1.077,4.779619757023699e-8,0.000012651381176695452,0.002067355878030041,0,0,0,0,0,0,0,0,0,0,0,0.0000010465506583190564,0,0,0,0.000012355993748305368,0,0,0,0,0,0,0,0,0,0.00023215679443052808,0.0014163936909926192,0.0026140277335209954,0.0000021782594997589162,0.00006370424764674457,0,8.754710582866392e-13,0,0,0.0020800550554043065,0.0043418632713727425,0.0064219183267770485
1.078,4.784057662200795e-8,0.000012555667184980509,0.002069351256772502,0,0,0,0,0,0,0,0,0,0,0,0.00000106437892333174,0,0,0,0.00001240012974229671,0,0,0,0,0,0,0,0,0,0.00023111074897899482,0.0014343233826095544,0.002651426093436368,0.0000022151485766109325,0.00006394686276374436,0,1.1198200450439453e-12,0,0,0.0020819547645341044,0.004396486746150721,0.006478441510684826
1.079,4.788495567374346e-8,0.000012462108313956855,0.0020713465625016524,0,0,0,0,0,0,0,0,0,0,0,0.0000010826212649707053,0,0,0,0.000012438082440715272,0,0,0,0,0,0,0,0,0,0.00023015473285216677,0.0014554743648963928,0.002687293224027297,0.000002252891518521535,0.0000641782592218581,0,1.4127010655702937e-12,0,0,0.002083856555771283,0.004452874177634623,0.0065367307334059065
1.08,4.7929334725443637e-8,0.000012370640626846093,0.0020733417954282895,0,0,0,0,0,0,0,0,0,0,0,0.0000011012854778248755,0,0,0,0.000012494208489037047,0,0,0,0,0,0,0,0,0,0.00022915744599368227,0.0014747732253841434,0.002722173140567079,0.0000022915042586326874,0.00006443286356848935,0,1.7595968781673165e-12,0,0,0.002085760365389861,0.004506423675498485,0.006592184040888346
1.081,4.797371377710859e-8,0.000012281202626119713,0.002075336955762389,0,0,0,0,0,0,0,0,0,0,0,0.0000011203795189021974,0,0,0,0.000012543426370380669,0,0,0,0,0,0,0,0,0,0.00022824327851563467,0.001496352040169492,0.0027590764512480915,0.0000023310030611835103,0.00006464488396335908,0,2.1669255576151558e-12,0,0,0.002087666132102286,0.004564311465013969,0.006651977597116255
1.082,4.801809282873841e-8,0.000012193735140744337,0.002077332043713116,0,0,0,0,0,0,0,0,0,0,0,0.0000011399115087854061,0,0,0,0.000012598583206496875,0,0,0,0,0,0,0,0,0,0.00022731510288017512,0.001517062423092127,0.0027996074157751235,0.000002371404523772945,0.00006489907364617275,0,2.642030850130579e-12,0,0,0.002089573796946689,0.004624993917274684,0.006714567714221373
1.083,4.806247188033321e-8,0.000012108181219524843,0.002079327059488822,0,0,0,0,0,0,0,0,0,0,0,0.0000011598897328394991,0,0,0,0.000012653041376220903,0,0,0,0,0,0,0,0,0,0.00022643375338361407,0.0015375604475280844,0.0028362695955440826,0.000002412725579730815,0.00006517864687112682,0,3.1920936406654353e-12,0,0,0.0020914833031802273,0.004681668103207793,0.00677315140638802
1.084,4.810685093189305e-8,0.000012024486030168557,0.0020813220032970536,0,0,0,0,0,0,0,0,0,0,0,0.0000011803226424697619,0,0,0,0.000012712883189237215,0,0,0,0,0,0,0,0,0,0.0002256138542358715,0.0015586972205620378,0.0028776774980665935,0.000002454983500593799,0.00006539790176786551,0,3.8244065531941736e-12,0,0,0.002093394596178154,0.004743734667789075,0.006837129263967229
1.085,4.815122998341807e-8,0.00001194259676372043,0.002083316875344555,0,0,0,0,0,0,0,0,0,0,0,0.0000012012188564290406,0,0,0,0.000012777354583852248,0,0,0,0,0,0,0,0,0,0.00022474051471626805,0.0015853859304133938,0.0029179535776485445,0.0000024981958986842648,0.00006562253052767731,0,4.547215359990324e-12,0,0,0.002095307623338259,0.004810179327192065,0.0069054869505303235
1.086,4.8195609034908333e-8,0.000011862462544042247,0.0020853116758372723,0,0,0,0,0,0,0,0,0,0,0,0.0000012225871621732694,0,0,0,0.000012838085875326498,0,0,0,0,0,0,0,0,0,0.00022389079611842978,0.001608537114581455,0.002961124517902196,0.0000025423807297898386,0.00006592546307452975,0,5.3680585624623544e-12,0,0,0.0020972223339903494,0.004876080950811958,0.006973303284802308
1.087,4.823998808636394e-8,0.000011784034342032403,0.002087306404980354,0,0,0,0,0,0,0,0,0,0,0,0.0000012444365172646786,0,0,0,0.000012900389960387674,0,0,0,0,0,0,0,0,0,0.0002231269010752656,0.0016343843421505308,0.003010148585940616,0.000002587556295942351,0.00006617326508577942,0,6.297297683091013e-12,0,0,0.002099138679310473,0.004950565483323084,0.007049704162633557
1.088,4.828436713778502e-8,0.000011707264894302069,0.0020893010629781626,0,0,0,0,0,0,0,0,0,0,0,0.0000012667760508219896,0,0,0,0.000012968741954482782,0,0,0,0,0,0,0,0,0,0.0002223685365434603,0.0016577899377185682,0.003055930501522827,0.0000026337412482947387,0.00006642804528475038,0,7.342752330310408e-12,0,0,0.0021010566122396023,0.005019386287665958,0.00712044289990556
1.089,4.8328746189171614e-8,0.00001163210862604378,0.0020912956500342707,0,0,0,0,0,0,0,0,0,0,0,0.0000012896150650174409,0,0,0,0.000013037889697630802,0,0,0,0,0,0,0,0,0,0.000221587931743647,0.0016826303284781746,0.003105045225575505,0.0000026809545900955293,0.00006672797929648222,0,8.517368033604641e-12,0,0,0.002102976087406504,0.0050929999329639205,0.007195976020370424
1.09,4.8373125240523855e-8,0.00001155852157784494,0.002093290166351467,0,0,0,0,0,0,0,0,0,0,0,0.000001312963036620098,0,0,0,0.000013107945231499795,0,0,0,0,0,0,0,0,0,0.00022085907826496792,0.0017106479622278382,0.00314995573459947,0.000002729215679760051,0.00006696371008649751,0,9.827305825308633e-12,0,0,0.0021048970610545526,0.005165576618953959,0.007270473680008512
1.091,4.841750429184183e-8,0.000011486461336216316,0.002095284612131763,0,0,0,0,0,0,0,0,0,0,0,0.0000013368296185859252,0,0,0,0.000013179741056789492,0,0,0,0,0,0,0,0,0,0.00022018364666333593,0.0017372401801300506,0.003198139399210818,0.0000027785442340387224,0.0000672370910114669,0,1.1283791455785254e-11,0,0,0.0021068194909722713,0.005240095443208877,0.007346914934181149
1.092,4.846188334312563e-8,0.00001141588696761932,0.0020972789875763937,0,0,0,0,0,0,0,0,0,0,0,0.0000013612246416943022,0,0,0,0.000013260142858028528,0,0,0,0,0,0,0,0,0,0.0002194722075363989,0.0017653029142431559,0.0032538359196019506,0.0000028289603312826347,0.00006755539087021934,0,1.2898685405350392e-11,0,0,0.002108743336427356,0.005323616772981415,0.007432360109408771
1.093,4.8506262394375346e-8,0.000011346758955791476,0.002099273292885822,0,0,0,0,0,0,0,0,0,0,0,0.0000013861581162313176,0,0,0,0.00001333341628932795,0,0,0,0,0,0,0,0,0,0.00021880589548632957,0.0017947754380442016,0.0033028893723935386,0.0000028804844148062595,0.0000677898610925353,0,1.4687077248440032e-11,0,0,0.002110668558104008,0.0054018606405240475,0.007512529198628055
1.094,4.855064144559109e-8,0.000011279039142180814,0.0021012675282597437,0,0,0,0,0,0,0,0,0,0,0,0.0000014116402337206598,0,0,0,0.000013424553592912746,0,0,0,0,0,0,0,0,0,0.00021820945135745737,0.0018238885141315738,0.0033576375580999054,0.0000029331372963491975,0.0000680890248909644,0,1.6653698518670608e-11,0,0,0.00211259511804337,0.005485593896256582,0.007598189014299952
1.095,4.8595020496772925e-8,0.000011212690669313606,0.00210326169389709,0,0,0,0,0,0,0,0,0,0,0,0.0000014376813687018184,0,0,0,0.000013503000338904183,0,0,0,0,0,0,0,0,0,0.00021754699839863112,0.001853903818816702,0.003413026530997842,0.000002986940159636921,0.00006837705948723472,0,1.8815651538135065e-11,0,0,0.0021145229795869,0.005570782048383304,0.007685305027970204
1.096,4.863939954792095e-8,0.000011147677926929637,0.002105255789996029,0,0,0,0,0,0,0,0,0,0,0,0.0000014642920805569203,0,0,0,0.000013590783320096643,0,0,0,0,0,0,0,0,0,0.0002169362831821997,0.0018849518063018848,0.0034681628499758995,0.000003041914564042298,0.00006865889734218417,0,2.1186389499827836e-11,0,0,0.0021164521073225064,0.005656806847953253,0.0077732589552757594
1.097,4.8683778599035276e-8,0.000011083966500731063,0.002107249816753976,0,0,0,0,0,0,0,0,0,0,0,0.000001491483115386311,0,0,0,0.000013677425868484018,0,0,0,0,0,0,0,0,0,0.00021638085852747628,0.0019167697483266296,0.003526688374177799,0.0000030980824483486916,0.00006893004313998088,0,2.3777516860166745e-11,0,0,0.002118382467033306,0.005747036039381622,0.007865418506414928
1.098,4.8728157650115983e-8,0.000011021523123599204,0.00210924377436759,0,0,0,0,0,0,0,0,0,0,0,0.0000015192654079341374,0,0,0,0.000013763742736833964,0,0,0,0,0,0,0,0,0,0.00021577509323608465,0.001951200356395328,0.0035874723695580933,0.000003155466134616937,0.00006920657308035513,0,2.6597655399447425e-11,0,0,0.0021203140256488393,0.005842092893146901,0.007962406918795741
1.099,4.877253670116316e-8,0.00001096031562914393,0.0021112376630327803,0,0,0,0,0,0,0,0,0,0,0,0.000001547650083564088,0,0,0,0.00001385465456630589,0,0,0,0,0,0,0,0,0,0.00021528097468085186,0.0019800734101600363,0.003647592292231117,0.0000032140883321568187,0.00006951383522699078,0,2.9666605293017123e-11,0,0,0.0021222467511986254,0.005931076934947628,0.008053323686146254
1.1,4.881691575217692e-8,0.000010900312907457612,0.002113231482944712,0,0,0,0,0,0,0,0,0,0,0,0.0000015766484602865808,0,0,0,0.00001394099801038176,0,0,0,0,0,0,0,0,0,0.00021471048956795023,0.002016584343731643,0.003708311175459789,0.0000032739721416055735,0.00006982276881008228,0,3.299848059953756e-11,0,0,0.0021241806127679217,0.006028220429180219,0.008152401041948141
1.101,4.8861294803157307e-8,0.000010841484862954325,0.0021152252342978056,0,0,0,0,0,0,0,0,0,0,0,0.0000016062720508382825,0,0,0,0.000014048146502549394,0,0,0,0,0,0,0,0,0,0.0002141731113143981,0.002053033930912006,0.003775723957632137,0.0000033351410591139704,0.00007013863441235158,0,3.661872107425311e-11,0,0,0.002126115580455563,0.006132059230502116,0.00825817481095768
1.102,4.890567385410449e-8,0.000010783802374181663,0.002117218917285744,0,0,0,0,0,0,0,0,0,0,0,0.0000016365325648142647,0,0,0,0.000014148608453733717,0,0,0,0,0,0,0,0,0,0.00021367064519615264,0.0020834816942133317,0.0038354873984244873,0.0000033976189806436613,0.00007046393636604456,0,4.052859648749478e-11,0,0,0.0021280516253337797,0.006222286474727804,0.008350338100061585
1.103,4.895005290501847e-8,0.00001072723725549982,0.0021192125321014737,0,0,0,0,0,0,0,0,0,0,0,0.0000016674419108541536,0,0,0,0.00001424284929098486,0,0,0,0,0,0,0,0,0,0.00021318375292211792,0.0021257535760607384,0.0039033441745055402,0.0000034614302063747546,0.00007073698920545074,0,4.4751512947073044e-11,0,0,0.0021299887194098787,0.006332390258853573,0.008462378978263452
1.104,4.899443195589938e-8,0.000010671762220528266,0.002121206078937209,0,0,0,0,0,0,0,0,0,0,0,0.0000016990121988829801,0,0,0,0.000014350365851141282,0,0,0,0,0,0,0,0,0,0.00021272483282909707,0.0021639597797933068,0.003983377377927975,0.0000035265994452280956,0.00007105890237555923,0,4.92946691719425e-11,0,0,0.002131926835589693,0.00645069691971586,0.008582623755305552
1.105,4.903881100674732e-8,0.000010617350847267309,0.002123199557984438,0,0,0,0,0,0,0,0,0,0,0,0.0000017312557424070415,0,0,0,0.000014456491749970818,0,0,0,0,0,0,0,0,0,0.00021223463590852218,0.0021995236339749655,0.00404314042897262,0.0000035931518195013304,0.00007141286947962506,0,5.418338234557238e-11,0,0,0.0021338659476427117,0.006546092521830995,0.008679958469473706
1.106,4.9083190057562385e-8,0.000010563977544806167,0.0021251929694339204,0,0,0,0,0,0,0,0,0,0,0,0.0000017641850608663917,0,0,0,0.00001455493372797037,0,0,0,0,0,0,0,0,0,0.00021187627088722864,0.0022413324216781377,0.004124656254659531,0.0000036611128696219284,0.00007170760839274402,0,5.943506819037492e-11,0,0,0.002135806030168784,0.006669552846711169,0.008805358876879953
1.107,4.9127569108344626e-8,0.000010511617521535405,0.0021271863134756964,0,0,0,0,0,0,0,0,0,0,0,0.0000017978128820434233,0,0,0,0.000014663255265063256,0,0,0,0,0,0,0,0,0,0.000211405230332647,0.0022746866954222863,0.0041959126120545,0.0000037305085590177148,0.0000720545478766028,0,6.507629336464012e-11,0,0,0.0021377470585663403,0.006774250727468454,0.008911997786034794
1.108,4.9171948159094164e-8,0.000010460246754785644,0.002129179590299089,0,0,0,0,0,0,0,0,0,0,0,0.000001832152144529128,0,0,0,0.000014772259417494498,0,0,0,0,0,0,0,0,0,0.00021100228999581207,0.0023215593657712687,0.004273365434034263,0.000003801365279106194,0.00007236391975940582,0,7.112777893634337e-11,0,0,0.0021396890090020337,0.0068986968575296586,0.009038385866531693
1.109,4.921632720981105e-8,0.000010409841961819444,0.0021311728000927036,0,0,0,0,0,0,0,0,0,0,0,0.000001867216000246882,0,0,0,0.000014875339550504778,0,0,0,0,0,0,0,0,0,0.00021059191337637558,0.0023631571658980265,0.004349498370178974,0.000003873709854403488,0.00007273118603024875,0,7.758257113761168e-11,0,0,0.002141631858381733,0.007016594978471351,0.009158226836853084
1.11,4.926070626049542e-8,0.000010360380572107276,0.0021331659430444375,0,0,0,0,0,0,0,0,0,0,0,0.0000019030178170344113,0,0,0,0.000015000933274587122,0,0,0,0,0,0,0,0,0,0.00021019188301614738,0.0024033688099096904,0.004422509288681759,0.000003947569547753884,0.00007308518828868943,0,8.447648634010246e-11,0,0,0.0021435755843228054,0.007130006775012148,0.009273582359334953
1.111,4.930508531114734e-8,0.00001031184070082264,0.0021351590193414787,0,0,0,0,0,0,0,0,0,0,0,0.000001939571181283692,0,0,0,0.000015120078063181225,0,0,0,0,0,0,0,0,0,0.00020985369782914747,0.0024496339379609217,0.004516120426625556,0.000004022972065680112,0.00007339401148586144,0,9.184233508770318e-11,0,0,0.0021455201651276127,0.007270084787053968,0.009415604952181581
1.112,4.93494643617669e-8,0.000010264201123494636,0.0021371520291703114,0,0,0,0,0,0,0,0,0,0,0,0.000001976889900639805,0,0,0,0.000015248060406351184,0,0,0,0,0,0,0,0,0,0.0002094802568106094,0.0024921851040216963,0.00458873593461003,0.000004099945563855449,0.00007372428292498017,0,9.96750687906006e-11,0,0,0.0021474655797581676,0.007385450573913231,0.0095329161536714
1.113,4.939384341235418e-8,0.000010217441251760596,0.002139144972716716,0,0,0,0,0,0,0,0,0,0,0,0.0000020149880067578697,0,0,0,0.000015364075576027025,0,0,0,0,0,0,0,0,0,0.00020910209651994185,0.00253924944598388,0.004679856950130926,0.000004178518652696201,0.00007407600609102515,0,1.0804960740768844e-10,0,0,0.002149411807811889,0.007523842189010861,0.009673253996822749
1.114,4.943822246290928e-8,0.00001017154111016355,0.002141137850165778,0,0,0,0,0,0,0,0,0,0,0,0.000002053879758117991,0,0,0,0.000015489015972916617,0,0,0,0,0,0,0,0,0,0.00020875734997716593,0.0025853502986398543,0.004768186018455422,0.000004258720403075922,0.00007442113112623727,0,1.169120765639085e-10,0,0,0.0021513588294984043,0.007658516531244866,0.00980987536074327
1.115,4.948260151343226e-8,0.000010126481313943616,0.002143130661701888,0,0,0,0,0,0,0,0,0,0,0,0.0000020935796428986924,0,0,0,0.000015622040214834115,0,0,0,0,0,0,0,0,0,0.00020843165283716467,0.002630493677463731,0.004851619668649174,0.000004340580352159538,0.0000748300941707445,0,1.2634955978194525e-10,0,0,0.002153306625617345,0.007787431419680266,0.00994073804529761
1.116,4.9526980563923247e-8,0.000010082243047773823,0.002145123407508744,0,0,0,0,0,0,0,0,0,0,0,0.000002134102381907583,0,0,0,0.000015741554876447006,0,0,0,0,0,0,0,0,0,0.00020813421046979636,0.00268007886278312,0.004945130834455502,0.000004424128509357317,0.00007518679086322771,0,1.363490793988091e-10,0,0,0.0021552551775370814,0.007930830620688436,0.010086085798225519
1.117,4.9571359614382285e-8,0.000010038808045395106,0.002147116087769356,0,0,0,0,0,0,0,0,0,0,0,0.000002175462931569221,0,0,0,0.000015870710972504237,0,0,0,0,0,0,0,0,0,0.00020783129119853128,0.0027251538173621178,0.00503945044283003,0.00000450939536239747,0.00007554363191849582,0,1.4698632237189462e-10,0,0,0.002157204467174366,0.008070534899561969,0.010227739366736335
1.118,4.9615738664809494e-8,0.000009996158570106328,0.0021491087026660506,0,0,0,0,0,0,0,0,0,0,0,0.0000022176764869689163,0,0,0,0.0000159880538470219,0,0,0,0,0,0,0,0,0,0.00020753784087900427,0.0027797278939312004,0.005129632316299044,0.000004596411883515527,0.00007592829240785289,0,1.5816963615738164e-10,0,0,0.0021591544769748216,0.008215628643904243,0.010374783120879066
1.119,4.9660117715204925e-8,0.000009954277396068607,0.0021511012523804727,0,0,0,0,0,0,0,0,0,0,0,0.000002260758484952948,0,0,0,0.000016128392799432932,0,0,0,0,0,0,0,0,0,0.0002072541694709515,0.0028257497718022725,0.0052277497521505565,0.000004685209535759626,0.00007635319509582905,0,1.700822949953752e-10,0,0,0.0021611051898942565,0.008360181419422052,0.010521286609316309
1.12,4.970449676556871e-8,0.000009913147790384748,0.002153093737093587,0,0,0,0,0,0,0,0,0,0,0,0.0000023047246072827342,0,0,0,0.000016280020566799528,0,0,0,0,0,0,0,0,0,0.00020700004665454732,0.002877461536380676,0.0053241619776307906,0.000004775820279409224,0.00007670836872826713,0,1.826323318286354e-10,0,0,0.0021630565893807374,0.008508692677480105,0.010671749266860842
1.121,4.974887581590089e-8,0.000009872753495917207,0.002155086156985685,0,0,0,0,0,0,0,0,0,0,0,0.000002349590783842967,0,0,0,0.000016413108410892507,0,0,0,0,0,0,0,0,0,0.00020674528744173755,0.002928487025242682,0.005422418942870174,0.0000048682765785056245,0.00007712085467294084,0,1.9591381057209723e-10,0,0,0.002165008659357418,0.008658403281914587,0.010823411941272006
1.122,4.9793254866201584e-8,0.000009833078714809455,0.0021570785122363863,0,0,0,0,0,0,0,0,0,0,0,0.0000023953731959027,0,0,0,0.000016558083803090586,0,0,0,0,0,0,0,0,0,0.00020649949401128654,0.0029788484255191586,0.005521966681105033,0.000004962611407491578,0.00007757698635427035,0,2.0989864657087586e-10,0,0,0.002166961384206062,0.00880880786529488,0.01097576924950094
1.123,4.9837633916470834e-8,0.000009794108092678025,0.00215907080302464,0,0,0,0,0,0,0,0,0,0,0,0.000002442088279427529,0,0,0,0.000016690115468528,0,0,0,0,0,0,0,0,6.63043461912441e-9,0.00020626990140100015,0.0030321225112353196,0.005622177781041909,0.000005058858257958062,0.0000779456278782153,0,2.2468346511649936e-10,0,0,0.0021689147487512347,0.008962713738680442,0.011131628487431676
1.124,4.988201296670877e-8,0.00000975582670344368,0.0021610630295287314,0,0,0,0,0,0,0,0,0,0,0,0.0000024897527284422633,0,0,0,0.000016832501629447877,0,0,0,0,0,0,0,0,4.642504624823813e-8,0.00020603121466263735,0.003082097664066007,0.005731411683174433,0.000005157051145495161,0.00007836639111252145,0,2.4019645998981566e-10,0,0,0.002170868738245142,0.009122432923761692,0.011293301662006833
1.125,4.9926392016915426e-8,0.00000971822003477236,0.00216305519192628,0,0,0,0,0,0,0,0,0,0,0,0.0000025383834984429036,0,0,0,0.00001695923241692012,0,0,0,0,0,0,0,0,1.2075896661045017e-7,0.0002058232650971071,0.0031343681913136292,0.005829669154960332,0.0000052572246166444055,0.00007879022337450763,0,2.565086968825602e-10,0,0,0.0021728233383530695,0.009273526690752891,0.011446350029105962
1.1260000000000001,4.997077106709095e-8,0.000009681273974097589,0.0021650472903942514,0,0,0,0,0,0,0,0,0,0,0,0.00000258799780985595,0,0,0,0.000017111636450996278,0,0,0,0,0,0,0,0,2.2797588263814512e-7,0.0002056014753827711,0.0031856514058608188,0.005940227694397882,0.000005359413755950372,0.00007926312290589917,0,2.737609857611276e-10,0,0,0.002174778535139416,0.009436030996207798,0.011610809531347214
1.127,5.001515011723536e-8,0.000009644974795197948,0.0021670393251089497,0,0,0,0,0,0,0,0,0,0,0,0.0000026386131515451135,0,0,0,0.0000172501294069021,0,0,0,0,0,0,0,0,3.664097594179458e-7,0.0002054242330473253,0.003245363982961461,0.006039980617335803,0.000005463654193107679,0.0000796749397090312,0,2.9189188795374713e-10,0,0,0.002176734315054265,0.009596162871456482,0.011772897186510747
1.1280000000000001,5.005952916734878e-8,0.000009609309145304051,0.0021690312962460274,0,0,0,0,0,0,0,0,0,0,0,0.0000026902472843621147,0,0,0,0.000017406168451310212,0,0,0,0,0,0,0,0,5.342888574937273e-7,0.0002052407084667507,0.003293800578421363,0.0061450646174842005,0.000005569982110201587,0.00008012248146831501,0,3.108441613311346e-10,0,0,0.002178690664920499,0.009750429383388156,0.011929120048308655
1.129,5.0103908217431273e-8,0.00000957426403271148,0.002171023203980488,0,0,0,0,0,0,0,0,0,0,0,0.0000027429182447430594,0,0,0,0.00001755117724874355,0,0,0,0,0,0,0,0,7.300357287194073e-7,0.00020507044615507695,0.0033507026424063778,0.00624900909407773,0.000005678434249038248,0.00008056383702259791,0,3.307889465135082e-10,0,0,0.002180647571921417,0.009912048915921973,0.01209269648784339
1.1300000000000001,5.014828726748295e-8,0.000009539826814876435,0.0021730150484866864,0,0,0,0,0,0,0,0,0,0,0,0.0000027966443483467448,0,0,0,0.000017694598309439282,0,0,0,0,0,0,0,0,9.527018481937108e-7,0.00020491888136421146,0.00340497414812733,0.006371360467934543,0.000005789047918563675,0.00008100107137997145,0,3.517447408479455e-10,0,0,0.0021826050235888303,0.01008948791297534,0.012272092936564172
1.131,5.0192666317503826e-8,0.000009505985186973124,0.002175006829938333,0,0,0,0,0,0,0,0,9.996966191078135e-9,1.0649774634102946e-8,0,0.000002851444193734841,0,0,0,0.000017861046367587335,0,8.0882932388456e-12,0,2.9702251960255386e-10,2.9702251960255386e-10,2.9702251960255386e-10,3.405077854969101e-10,0,0.0000012003978015446868,0.00020474141782687063,0.0034586834089021484,0.0064734584552280676,0.0000059018610023660664,0.00008146734856908427,0,3.73731476558249e-10,0,0,0.0021845630077916237,0.010246187640027344,0.012430750647818968
1.1320000000000001,5.0237045367494065e-8,0.000009472727170891662,0.0021769985485084998,0,0,0,0,0,0,0,0,4.974257354391473e-8,5.299291739703723e-8,0,0.000002907336666093764,0,0,0,0.000017989403189940226,0,4.13067270192396e-11,0,2.210138948680835e-8,2.210138948680835e-8,2.210138948680835e-8,2.533987922814174e-8,0,0.0000014713748831061108,0.00020457478766496196,0.0035142587722139405,0.006585110455995633,0.000006016911966261727,0.00008193448040391732,0,3.966921924239179e-10,0,0,0.0021865215127247588,0.010414458340521402,0.012600979853246161
1.133,5.0281424417453685e-8,0.000009440041104657712,0.002178990204369614,0,0,0,0,0,0,0,0,1.1839317381688407e-7,1.2613616100578273e-7,0,0.000002964340940995244,0,0,0,0.000018152579718350278,0,1.0083511206593207e-10,0,7.726532064469505e-8,7.726532064469505e-8,7.726532064469505e-8,8.85990340679651e-8,0,0.0000017642384964905495,0.0002044085862635729,0.0035756309209743035,0.0066944793747872045,0.000006134239865959922,0.0000823998082529756,0,4.2072904928739767e-10,0,0,0.002188480526898689,0.010586499535194837,0.012774980062093527
1.1340000000000001,5.032580346738281e-8,0.00000940791563225484,0.0021809817976934757,0,0,0,0,0,0,0,0,2.1443713540328775e-7,2.2847711455512028e-7,0,0.0000030224764881971517,0,0,0,0.000018304692650834424,0,1.8714815071798455e-10,0,1.6428322336413327e-7,1.6428322336413327e-7,1.6428322336413327e-7,1.8838811524184223e-7,0,0.00000207780972443572,0.00020429841577870986,0.003633102459964955,0.006815239254760491,0.000006253884354806997,0.00008288645763691155,0,4.460583204414995e-10,0,0,0.002190440039129198,0.010766310236601104,0.012956750275730303
1.135,5.037018251728147e-8,0.000009376339693832274,0.002182973328651247,0,0,0,0,0,0,0,0,3.364911384057728e-7,3.5855279083805027e-7,0,0.0000030817630754817363,0,0,0,0.000018447960513198998,0,3.011493141250432e-10,0,2.812243721247271e-7,2.812243721247271e-7,2.812243721247271e-7,3.226933768446417e-7,0,0.00000241114246243982,0.00020415427533955257,0.0036904232979866245,0.006927170703653977,0.0000063758856916039846,0.0000833643512888456,0,4.723674875723829e-10,0,0,0.002192400038527596,0.010937291563950988,0.013129691602478585
1.1360000000000001,5.0414561567149817e-8,0.000009345302516281154,0.002184964797413464,0,0,0,0,0,0,0,0,4.830700317788435e-7,5.147917633732866e-7,0,0.000003142220772532359,0,0,0,0.00001859375977825038,0,4.43634959948436e-10,0,4.272573975832177e-7,4.272573975832177e-7,4.272573975832177e-7,4.902190014045835e-7,0,0.000002762835875942202,0.00020402629278172207,0.003744802286692006,0.00703471753684881,0.000006500284748500482,0.00008386967390404188,0,5.000192851676511e-10,0,0,0.002194360514491312,0.011101185688045358,0.01329554620253667
1.137,5.0458940616987874e-8,0.000009314793604163648,0.0021869562041500327,0,0,0,0,0,0,0,0,6.528361068580851e-7,6.959894919302557e-7,0,0.000003203869954847194,0,0,0,0.00001875378122719546,0,6.151633779355033e-10,0,6.002208596668585e-7,6.002208596668585e-7,6.002208596668585e-7,6.890691276244529e-7,0,0.0000031334857027881122,0.00020394317844686584,0.0038061181318802635,0.007153679095973881,0.000006627123018959272,0.0000843502579836499,0,5.289107022203282e-10,0,0,0.0021963214566948133,0.011283648625567943,0.013479970082262756
1.1380000000000001,5.0503319666795756e-8,0.0000092848027309793,0.00218894754903024,0,0,0,0,0,0,0,0,8.451995282934082e-7,9.010040943296439e-7,0,0.0000032667313076901194,0,0,0,0.000018921030980370793,0,8.168842731404057e-10,0,7.98740148103933e-7,7.98740148103933e-7,7.98740148103933e-7,9.172088364784569e-7,0,0.0000035189665686495667,0.00020383783324411664,0.003859978683599934,0.007280163826076159,0.000006756442625793359,0.00008487094970962377,0,5.588828308733475e-10,0,0,0.002198282855080886,0.011466375472782855,0.013664658327863741
1.139,5.054769871657349e-8,0.000009255319930754825,0.0021909388322227472,0,0,0,0,0,0,0,0,0.0000010573160318950712,0.0000011271784182419779,0,0.0000033308258300786058,0,0,0,0.00001908529573342386,0,1.0479980145099741e-9,0,0.0000010222431108697813,0.0000010222431108697813,0.0000010222431108697813,0.000001174001496995545,0,0.0000039200085042032075,0.00020375758393120457,0.003916232767496722,0.007385555625688606,0.000006888286329272191,0.00008541006629362735,0,5.903093260063766e-10,0,0,0.002200244699852219,0.011630607323394219,0.013830852023246437
1.1400000000000001,5.0592077766321225e-8,0.00000922633548994308,0.0021929300538956024,0,0,0,0,0,0,0,0,0.0000012903726522263148,0.000001375853031826354,0,0.000003396174838808128,0,0,0,0.000019214097893918306,0,1.3112570203211314e-9,0,0.000001268236316428501,0.000001268236316428501,0.000001268236316428501,0.0000014559196947510798,0,0.0000043344352253007295,0.0002036556714153747,0.003973434674762017,0.007508976669124669,0.00000702269753529763,0.00008586640793562336,0,6.231728598753059e-10,0,0,0.002202206981463312,0.011813829617488978,0.01401603659895229
1.141,5.0636456816038983e-8,0.000009197839939618531,0.002194921214216235,0,0,0,0,0,0,0,0,0.0000015424202825539298,0.0000016453391048590533,0,0.0000034627999725139877,0,0,0,0.00001938262564607787,0,1.6063160074044614e-9,0,0.000001535152017436581,0.000001535152017436581,0.000001535152017436581,0.000001764625782198731,0,0.000004764447491187959,0.0002036508274295198,0.004030005865811702,0.007622944877826851,0.000007159720303648944,0.00008638721460995146,0,6.573444843768796e-10,0,0,0.0022041696906126697,0.011987318483973865,0.014191488174586535
1.1420000000000001,5.068083586572688e-8,0.000009169824047956561,0.0021969123133514642,0,0,0,0,0,0,0,0,0.0000018099999723157092,0.0000019311013852646375,0,0.000003530723195769488,0,0,0,0.000019526706756075643,0,1.934731946636322e-9,0,0.0000018244483719874628,0.0000018244483719874628,0.0000018244483719874628,0.000002097994183060129,0,0.000005208058180044093,0.00020353030551497811,0.004088744526882256,0.007731280109084082,0.000007299399356296538,0.00008690460823443071,0,6.928768950079155e-10,0,0,0.0022061328182352864,0.012157339505469376,0.014363472323704662
1.143,5.072521491538495e-8,0.000009142278812984878,0.0021989033514675004,0,0,0,0,0,0,0,0,0.0000020973467030265332,0.0000022375345130355562,0,0.0000035999668032224235,0,0,0,0.000019678645583528243,0,2.2971901269310164e-9,0,0.0000021334374909335002,0.0000021334374909335002,0.0000021334374909335002,0.0000024522130589139356,0,0.000005661039083318132,0.00020347182301589623,0.00414681067772953,0.007849816622206079,0.000007441780085783657,0.00008744844173821912,0,7.301044948880734e-10,0,0,0.0022080963554954006,0.012337119430287976,0.014545215785783376
1.1440000000000001,5.0769593965013344e-8,0.000009115195455595695,0.002200894328729946,0,0,0,0,0,0,0,0,0.0000023992780650819958,0.00000256019510078545,0,0.0000036705534237690447,0,0,0,0.000019826827968313403,0,2.6931109126612255e-9,0,0.000002458115089002294,0.000002458115089002294,0.000002458115089002294,0.000002827728008928205,0,0.000006128144213044658,0.00020347714938003382,0.004205355044893933,0.007969850514340104,0.00000758690856367731,0.00008795705862875158,0,7.685579507983669e-10,0,0,0.002210060293779507,0.012519017209522294,0.014729077503301801
1.145,5.0813973014612075e-8,0.000009088565412807906,0.0022028852453037993,0,0,0,0,0,0,0,0,0.0000027167114877935043,0.000002899584506892062,0,0.0000037425060247661875,0,0,0,0.000019981018984105402,0,3.1240758876212874e-9,0,0.0000028020007427589106,0.0000028020007427589106,0.0000028020007427589106,0.000003224309246586639,0,0.0000066066519408147774,0.00020336665525127367,0.0042587506151416194,0.008090776002940094,0.000007734831549088558,0.00008849108180567964,0,8.089139403436732e-10,0,0,0.002212024624689622,0.012696699904096819,0.01490872452878644
1.1460000000000001,5.0858352064181246e-8,0.000009062380331269028,0.00220487610135346,0,0,0,0,0,0,0,0,0.000003046594113585962,0.0000032524647111252272,0,0.000003815847916282559,0,0,0,0.00002013074130060306,0,3.5938954631719293e-9,0,0.0000031606958169688775,0.0000031606958169688775,0.0000031606958169688775,0.000003640693326285227,0,0.0000070923646670431655,0.00020335015060135507,0.004318435571301819,0.008199526361737665,0.000007885596497262201,0.00008906837004711232,0,8.509539821334116e-10,0,0,0.0022139893400367934,0.012868731288520492,0.015082720628557285
1.147,5.090273111372091e-8,0.000009036632060987084,0.002206866897042727,0,0,0,0,0,0,0,0,0.0000033932761216529708,0.0000036232627084203955,0,0.0000038906027553898965,0,0,0,0.000020284611327243948,0,4.098095633683887e-9,0,0.000003539005876134681,0.000003539005876134681,0.000003539005876134681,0.000004078713120712156,0,0.000007585449650492218,0.00020329212383687412,0.004377210115879918,0.00832559337243302,0.00000803925156823712,0.00008958012030223182,0,8.946379180629194e-10,0,0,0.002215954431834828,0.013057192910066146,0.015273147341900974
1.1480000000000001,5.0947110163231205e-8,0.00000901131264928309,0.0022088576325348065,0,0,0,0,0,0,0,0,0.0000037504014950061145,0.000004005531831918137,0,0.000003966794550494043,0,0,0,0.000020437954569562498,0,4.6434444453176e-9,0,0.000003928882098777079,0.000003928882098777079,0.000003928882098777079,0.000004531197683233443,0,0.000008096558891783024,0.00020326653129623974,0.0044353093449830345,0.00844334704994517,0.000008195845635577965,0.00009014086492301395,0,9.398538938622394e-10,0,0,0.002217919892294253,0.013236840305399704,0.015454760197693956
1.149,5.0991489212712125e-8,0.000008986414334955261,0.002210848307992307,0,0,0,0,0,0,0,0,0.0000041214192831630045,0.000004404251408445768,0,0.000004044447665706866,0,0,0,0.000020611569297497097,0,5.223753422768432e-9,0,0.000004331032970825339,0.000004331032970825339,0.000004331032970825339,0.000004997156545102601,0,0.000008611882468378012,0.00020320734200727385,0.004492746903919787,0.00855852409424006,0.000008355428295178823,0.00009071094461248608,0,9.869698981536852e-10,0,0,0.002219885713816475,0.013413334749378876,0.01563322046319535
1.1500000000000001,5.103586826216381e-8,0.000008961929542646434,0.0022128389235772546,0,0,0,0,0,0,0,0,0.000004505927039203814,0.000004814023658501381,0,0.0000041235868252605945,0,0,0,0.000020767422316937,0,5.846197763496329e-9,0,0.0000047479030116004175,0.0000047479030116004175,0.0000047479030116004175,0.000005482610567235986,0,0.000009137285051589267,0.0002032444458020545,0.0045543388818512455,0.008675719121599082,0.000008518049874140483,0.00009128585671716371,0,1.0361513271468869e-9,0,0,0.002221851888988163,0.013596187802686304,0.015818039691674467
1.151,5.1080247311586305e-8,0.000008934051645177285,0.002214829479451081,0,0,0,0,0,0,0,0,0.0000048969942534266286,0.000005234045201808577,0,0.000004203194832048543,0,0,0,0.000020907104773713287,0,6.508790117284776e-9,0,0.0000051781438755670365,0.0000051781438755670365,0.0000051781438755670365,0.000005981895093275442,0,0.000009667671081352278,0.00020316053412594811,0.004610133246553932,0.008799715976561508,0.000008681608620558057,0.00009179834109991106,0,1.0866944764457739e-9,0,0,0.0022238146113435697,0.013779922639308778,0.016003737250652347
1.1520000000000001,5.11246263609797e-8,0.000008906597118465915,0.002216819975774636,0,0,0,0,0,0,0,0,0.000005303405430624953,0.000005669151848263202,0,0.000004284298811181478,0,0,0,0.000021071110971533112,0,7.213835633754589e-9,0,0.000005619449772983442,0.000005619449772983442,0.000005619449772983442,0.000006498299456610768,0,0.000010206652442065979,0.0002031069834567758,0.004674533712431009,0.008915617331999,0.000008848225720156513,0.00009236131677324513,0,1.1392683486546598e-9,0,0,0.002225777697519463,0.0139643671917634,0.016190144889282863
1.153,5.116900541034408e-8,0.000008879558349740508,0.0022188104127081887,0,0,0,0,0,0,0,0,0.00000571503252809688,0.000006117095248791268,0,0.000004366923439847572,0,0,0,0.000021224490863428472,0,7.960617347552891e-9,0,0.000006069880249344536,0.000006069880249344536,0.000006069880249344536,0.0000070259307769952525,0,0.000010753895721034543,0.00020301985576311524,0.004728904092249268,0.009029608409236963,0.000009017951387744194,0.00009292579276531758,0,1.193838294244456e-9,0,0,0.0022277411400633395,0.014136898265184277,0.016364639405247617
1.1540000000000001,5.121338445967951e-8,0.000008852927904851633,0.002220800790411426,0,0,0,0,0,0,0,0,0.000006141007454448717,0.000006572518298639209,0,0.0000044510937477426445,0,0,0,0.00002137305869124366,0,8.749311272352781e-9,0,0.000006532205364899642,0.000006532205364899642,0.000006532205364899642,0.000007566537814134182,0,0.000011310457390827445,0.00020302815192633914,0.004786872653201188,0.009150913453240386,0.00000919083655329905,0.00009346648433610956,0,1.250006015064756e-9,0,0,0.0022297049317007373,0.014320492868066343,0.01655019779976708
1.155,5.125776350898603e-8,0.00000882669852314696,0.0022227911090434605,0,0,0,0,0,0,0,0,0.000006576856045739066,0.000007038984502956571,0,0.00000453683512123475,0,0,0,0.00002153476449264056,0,9.583777219274442e-9,0,0.000007007465315729421,0.000007007465315729421,0.000007007465315729421,0.000008117638827571817,0,0.000011874044266934102,0.00020294048908369106,0.004846427751270802,0.009264539178887627,0.000009366932870279027,0.00009404346802857352,0,1.3087251660214617e-9,0,0,0.0022316690653301162,0.014498030231847625,0.01672969929717774
1.1560000000000001,5.1302142558263776e-8,0.000008800863112518935,0.0022247813687628305,0,0,0,0,0,0,0,0,0.000007019689597066372,0.000007518912297907468,0,0.000004624173307567646,0,0,0,0.000021692378794059374,0,1.0465895368828869e-8,0,0.0000074916673651439624,0.0000074916673651439624,0.0000074916673651439624,0.000008688041634660785,0,0.00001243561587185659,0.00020295152652328945,0.004898531369055356,0.009394278125070156,0.000009546292723999797,0.00009465164985095413,0,1.369471793951049e-9,0,0,0.0022336335340179076,0.014684424612189467,0.016918058146207376
1.157,5.134652160751279e-8,0.000008775414744619097,0.0022267715697274998,0,0,0,0,0,0,0,0,0.00000747385090037847,0.000008004199975613708,0,0.000004713134419102379,0,0,0,0.00002184073304435351,0,1.1397746292098057e-8,0,0.000007982227749956136,0.000007982227749956136,0.000007982227749956136,0.000009266004639979885,0,0.00001301711916118777,0.00020289994758670765,0.004960094382338391,0.00950630156242168,0.00000972896924007558,0.00009522471175861938,0,1.4321516989877208e-9,0,0,0.0022355983309937264,0.014862524128633947,0.017098122459627673
1.1580000000000001,5.139090065673313e-8,0.00000875034665023221,0.0022287617120948676,0,0,0,0,0,0,0,0,0.000007930783883768328,0.000008501088575211995,0,0.000004803744937597847,0,0,0,0.000021994559966185433,0,1.2368494000834212e-8,0,0.000008483257756970742,0.000008483257756970742,0.000008483257756970742,0.000009859354404602589,0,0.000013595218876115275,0.0002029271280564736,0.005022835630067473,0.009627252937577569,0.00000991501629292838,0.00009578470753692783,0,1.4976864537836835e-9,0,0,0.0022375634496457565,0.01505086380962622,0.017288427259271977
1.159,5.14352797059249e-8,0.000008725652214804417,0.0022307517960217646,0,0,0,0,0,0,0,0,0.000008401905439602014,0.000009009376881802825,0,0.000004896031718528509,0,0,0,0.000022138168273413928,0,1.3389980683638088e-8,0,0.000008995294127946694,0.000008995294127946694,0.000008995294127946694,0.000010458424167820668,0,0.000014181440090451174,0.0002028645003064774,0.0050777794038480905,0.009739241020229408,0.000010104488514360081,0.00009636807915600321,0,1.5649090354446527e-9,0,0,0.002239528883516275,0.015222443675899517,0.01746197255941579
1.1600000000000001,5.1479658755088194e-8,0.000008701324974119268,0.002232741821664458,0,0,0,0,0,0,0,0,0.000008881328534909357,0.000009527079576428123,0,0.000004990021995441706,0,0,0,0.000022285656238061465,0,1.4469890950979224e-8,0,0.00000951291137902851,0.00000951291137902851,0.00000951291137902851,0.000011068023543160114,0,0.000014778746704005865,0.000202885582673501,0.005130240031386205,0.009859227971163833,0.000010297441302192485,0.00009696155959474311,0,1.6347367784098871e-9,0,0,0.0022414946262973327,0.015399698281477296,0.01764119290777463
1.161,5.1524037804223016e-8,0.000008677358610116197,0.002234731789178653,0,0,0,0,0,0,0,0,0.0000093718834963594,0.000010053924346559144,0,0.000005085743384351425,0,0,0,0.00002244115526153828,0,1.5586747104339042e-8,0,0.000010045489828391999,0.000010045489828391999,0.000010045489828391999,0.000011698662734963083,0,0.00001537739792802503,0.00020289220414602006,0.005192986813438304,0.00997854799343327,0.00001049393082897201,0.0000975180329841204,0,1.7072008900039693e-9,0,0,0.0022434606718265736,0.015586621505415654,0.01783008217724223
1.1620000000000001,5.156841685332951e-8,0.000008653746946845904,0.0022367216987194986,0,0,0,0,0,0,0,0,0.000009864166741014194,0.00001058726058275812,0,0.000005183223888170634,0,0,0,0.00002259838005989955,0,1.6776163936288376e-8,0,0.000010580517906463379,0.000010580517906463379,0.000010580517906463379,0.000012331256871639943,0,0.00001598835544039938,0.00020285937623052309,0.00524683700670548,0.010105738580914958,0.000010694014050739882,0.00009811324595454421,0,1.7821441560212103e-9,0,0,0.0022454270140831976,0.01577255497946761,0.018017981993550806
1.163,5.1612795902407704e-8,0.000008630483946557704,0.0022387115504415842,0,0,0,0,0,0,0,0,0.000010367235218011766,0.000011138818131390033,0,0.000005282491901179856,0,0,0,0.00002276740220648402,0,1.8008772965653876e-8,0,0.00001111922778918244,0.00001111922778918244,0.00001111922778918244,0.000012979323916101078,0,0.000016600709675117676,0.00020291825929966514,0.005310074199906552,0.0102156116253754,0.00001089774871586561,0.00009870787639119638,0,1.8596966550123922e-9,0,0,0.0022473936471840445,0.01595072324257413,0.018198116889758177
1.164,5.165717495145768e-8,0.000008607563705913573,0.0022407013444989484,0,0,0,0,0,0,0,0,0.000010876066420075962,0.000011690794220136689,0,0.000005383576213532101,0,0,0,0.00002291975266871922,0,1.9287658391617958e-8,0,0.000011672621414176632,0.000011672621414176632,0.000011672621414176632,0.000013637815519208636,0,0.00001722701095822721,0.00020288573694491384,0.005368570954837623,0.010331091246363886,0.000011105193373945506,0.00009931027611919059,0,1.9398187763823545e-9,0,0,0.0022493605653798134,0.016129737515359156,0.01837909808073897
1.165,5.1701554000479525e-8,0.000008584980452324525,0.002242691081045077,0,0,0,0,0,0,0,0,0.000011395711460072244,0.000012253361786772193,0,0.000005486506015793693,0,0,0,0.00002307020286582294,0,2.063004279994035e-8,0,0.00001223265130224085,0.00001223265130224085,0.00001223265130224085,0.000014303296222230796,0,0.00001784771553657836,0.0002029428080115545,0.0054257332537803755,0.010451406676975193,0.000011316407384763657,0.00009986440517065251,0,2.022132860259777e-9,0,0,0.002251327763051402,0.016312340951292192,0.018563668714343593
1.166,5.174593304947329e-8,0.000008562728540404596,0.002244680760232909,0,0,0,0,0,0,0,0,0.000011924234102957937,0.00001282334633950722,0,0.000005591310903518736,0,0,0,0.00002321668356578672,0,2.204103098778012e-8,0,0.000012799852223432846,0.000012799852223432846,0.000012799852223432846,0.000014979512547022035,0,0.000018477881570623192,0.00020296936503550248,0.005487190754719647,0.010569697029471461,0.000011531450927314369,0.00010051540542753231,0,2.1077644723594086e-9,0,0,0.002253295234706363,0.016497340680076633,0.018750635914782997
1.167,5.1790312098439075e-8,0.000008540802448538086,0.0022466703822148354,0,0,0,0,0,0,0,0,0.000012455681003348814,0.000013407659810387246,0,0.0000056980208818588314,0,0,0,0.000023367940898443137,0,2.349032164340383e-8,0,0.000013369473550602166,0.000013369473550602166,0.000013369473550602166,0.000015672758910549338,0,0.000019125988385945697,0.00020297550667975245,0.005544246093264267,0.010696588789399577,0.00001175038500888664,0.0001010947233250911,0,2.1959823114992246e-9,0,0,0.002255262974975472,0.01668651765452387,0.018941780629499343
1.168,5.183469114737694e-8,0.000008519196775555969,0.002248659947142704,0,0,0,0,0,0,0,0,0.000012998761181056555,0.00001399665974593003,0,0.000005806666370204363,0,0,0,0.00002352450485931772,0,2.5016942505068226e-8,0,0.00001395298269875513,0.00001395298269875513,0.00001395298269875513,0.00001636272816622704,0,0.000019765266246111222,0.0002029798412240161,0.0056002821527268735,0.010811578635184949,0.000011973271474206364,0.00010169042445571467,0,2.287240095867835e-9,0,0,0.0022572309786094077,0.016862845163913474,0.019120076142522882
1.169,5.187907019628695e-8,0.00000849790623751748,0.0022506494551678214,0,0,0,0,0,0,0,0,0.000013544903161311993,0.000014598700734786902,0,0.000005917278206858163,0,0,0,0.000023690439710010795,0,2.6589177033012733e-8,0,0.000014542908455570404,0.000014542908455570404,0.000014542908455570404,0.000017077549102302265,0,0.000020419725366954312,0.00020304901757890604,0.005661914040704086,0.010921101106320639,0.000012200173014639608,0.00010231103033032209,0,2.3811437684547178e-9,0,0,0.0022591992404755352,0.01703948165991833,0.019298680900393866
1.17,5.192344924516916e-8,0.000008476925664593035,0.0022526389064409557,0,0,0,0,0,0,0,0,0.000014103658618959614,0.00001519870126450641,0,0.000006029887653740144,0,0,0,0.000023844677714318893,0,2.822741791213914e-8,0,0.000015134756611824064,0.000015134756611824064,0.000015134756611824064,0.000017793388280361558,0,0.000021078530768026712,0.00020303698173073026,0.00571854423292612,0.01104929686131635,0.000012431153177451267,0.00010291145035626849,0,2.4787630695156056e-9,0,0,0.0022611677555547938,0.01722970449982329,0.019490872255378083
1.171,5.1967828294023695e-8,0.000008456249998044781,0.002254628301112338,0,0,0,0,0,0,0,0,0.000014662494399050165,0.000015814848819905783,0,0.000006144526401122063,0,0,0,0.00002399331048286755,0,2.9946940308848426e-8,0,0.000015743700256854023,0.000015743700256854023,0.000015743700256854023,0.000018523431753093095,0,0.000021742248732983415,0.00020313364148283005,0.005779824981879896,0.011170037927815265,0.000012666276375122395,0.00010353081136050819,0,2.579032686924642e-9,0,0,0.002263136518938677,0.0174173381262462,0.019680474645184874
1.172,5.2012207342850554e-8,0.00000843587428730135,0.0022566176393316664,0,0,0,0,0,0,0,0,0.000015240458734579941,0.00001644069279541714,0,0.000006261226572390185,0,0,0,0.000024172852554904263,0,3.1692429305353225e-8,0,0.00001635270623420613,0.00001635270623420613,0.00001635270623420613,0.000019262044962290475,0,0.00002241601981396731,0.00020314316558243785,0.005837719989788873,0.01127730042239182,0.000012905607894720624,0.00010417000985034694,0,2.6827649384945367e-9,0,0,0.0022651055258263108,0.01758812498483861,0.01985323051066492
1.173,5.2056586391649884e-8,0.00000841579368712336,0.0022586069212481063,0,0,0,0,0,0,0,0,0.000015816097501196016,0.00001707692569963197,0,0.00000638002072883805,0,0,0,0.000024333924330904486,0,3.3546049530070314e-8,0,0.00001697003657183082,0.00001697003657183082,0.000016970036571830815,0.00002000830274903123,0,0.0000230929658200533,0.00020323867091945558,0.0059033648819937536,0.01140974450727307,0.0000131492139073291,0.00010478038751568321,0,2.7893663252818894e-9,0,0,0.0022670747715216213,0.017791932343570294,0.020059007115091915
1.174,5.2100965440421686e-8,0.0000083960034548565,0.002260596147010292,0,0,0,0,0,0,0,0,0.00001639994434944811,0.00001771753772928744,0,0.000006500941874484862,0,0,0,0.000024480478156348374,0,3.544110893274651e-8,0,0.000017594556483901163,0.000017594556483901163,0.000017594556483901163,0.000020770651202400583,0,0.000023778091654260084,0.00020329233538945229,0.005960696547744243,0.011525642203154085,0.000013397161477525521,0.00010539212179557,0,2.8990857389218787e-9,0,0,0.002269044251430589,0.017970890024173482,0.020239934275604072
1.175,5.214534448916607e-8,0.000008376498947769,0.0022625853167663364,0,0,0,0,0,0,0,0,0.00001699211010592974,0.000018367522437566924,0,0.000006624023460922046,0,0,0,0.000024638025231848092,0,3.742748488916563e-8,0,0.000018224341689614615,0.000018224341689614615,0.000018224341689614615,0.00002154173428912022,0,0.00002447214246436672,0.00020338389321334372,0.006020976130093065,0.011652266132247817,0.00001364951857291917,0.0001060846867629615,0,3.012949991040796e-9,0,0,0.0022710139610585944,0.018163709384383584,0.020434723345442177
1.176,5.21897235378831e-8,0.000008357275620470594,0.0022645744306638233,0,0,0,0,0,0,0,0,0.000017594407047677314,0.000019031218712287337,0,0.000006749299392185347,0,0,0,0.000024814510484056864,0,3.946720305473798e-8,0,0.000018859212163749395,0.000018859212163749395,0.000018859212163749395,0.000022317904862674067,0,0.00002516356347511113,0.00020345828245259246,0.006074921456151489,0.011771075803410629,0.000013906354073740414,0.0001066889342966359,0,3.1298945002529787e-9,0,0,0.002272983896007832,0.018342341967947883,0.020615325863955716
1.177,5.2234102586572846e-8,0.000008338329022410063,0.0022665634888498144,0,0,0,0,0,0,0,0,0.0000182059360281405,0.00001969964126067699,0,0.000006876804029653124,0,0,0,0.00002497117881843985,0,4.1596381369019144e-8,0,0.000019504811851955408,0.000019504811851955408,0.000019504811851955408,0.000023111684418386636,0,0.00002586715385895984,0.0002035197574194265,0.006141134667574129,0.011895233815550896,0.000014167737782485196,0.00010736603268943184,0,3.2500181790903706e-9,0,0,0.002274954051974811,0.01853871369138604,0.020813667743360853
1.178,5.2278481635235374e-8,0.000008319654795448616,0.002268552491470853,0,0,0,0,0,0,0,0,0.000018818153109698834,0.000020376951844180534,0,0.000007006572196971286,0,0,0,0.000025143510329184855,0,4.3762923537449146e-8,0,0.000020155708660263415,0.000020155708660263415,0.000020155708660263415,0.00002391198332722488,0,0.000026579679831717407,0.0002036645166931549,0.006198220034301828,0.012016062185843017,0.000014433740433614665,0.00010791164962691382,0,3.3745281121817525e-9,0,0,0.0022769244247479365,0.018722643240969946,0.020999567665717884
1.179,5.2322860683870744e-8,0.000008301248671506471,0.002270541438672966,0,0,0,0,0,0,0,0,0.000019441151527670842,0.000021067422399442826,0,0.000007138639185003714,0,0,0,0.000025289129215996306,0,4.604917163000777e-8,0,0.000020818487050080032,0.000020818487050080032,0.000020818487050080032,0.000024726698059366174,0,0.000027302354018811777,0.00020372005975880615,0.006251081726430465,0.012140307343902916,0.00001470443370331202,0.00010858348750422281,0,3.5031949737056866e-9,0,0,0.0022788950102051566,0.018905867459222854,0.02118476246942801
1.18,5.2367239732479055e-8,0.00000828310647028013,0.0022725303306016607,0,0,0,0,0,0,0,0,0.0000200748796164924,0.000021763937946965577,0,0.00000727304075680908,0,0,0,0.000025462325284399606,0,4.840011105452679e-8,0,0.000021479690608651868,0.000021479690608651868,0.000021479690608651868,0.00002555138290338808,0,0.000028020076948119547,0.0002038273328488569,0.0063188235472201836,0.012256296920770935,0.000014979890219298536,0.00010925629390642345,0,3.6344567596861204e-9,0,0,0.0022808658043116732,0.01909582073481564,0.02137668653912731
1.181,5.241161878106034e-8,0.00000826522409702779,0.002274519167401937,0,0,0,0,0,0,0,0,0.000020713405563527063,0.00002246561351968561,0,0.000007409813152645863,0,0,0,0.000025597526708551285,0,5.082119771820357e-8,0,0.00002215253742638128,0.00002215253742638128,0.00002215253742638128,0.000026376574646542732,0,0.000028749094542541983,0.00020393925280603586,0.006378406671058853,0.012382863187196247,0.000015260183570709275,0.00010990333024144551,0,3.770595008731926e-9,0,0,0.002282836803117746,0.019288196857078655,0.0215710336601964
1.182,5.2455997829614667e-8,0.00000824759754042073,0.002276507949218278,0,0,0,0,0,0,0,0,0.000021356384986635345,0.000023183763918423312,0,0.00000754899309500387,0,0,0,0.00002578258107519746,0,5.3330795449887204e-8,0,0.000022829038411507957,0.000022829038411507957,0.000022829038411507957,0.000027230897459476345,0,0.00002949127968628868,0.00020401475810137416,0.006442193519389493,0.012499377895098491,0.000015545388318032902,0.00011051140499318142,0,3.910527298661514e-9,0,0,0.0022848080027565282,0.019474781222678872,0.0217595892254354
1.183,5.250037687814216e-8,0.000008230222870458289,0.0022784966761946654,0,0,0,0,0,0,0,0,0.00002200957934655584,0.000023897396760121863,0,0.000007690617793667512,0,0,0,0.00002594666343931703,0,5.5918818786640406e-8,0,0.00002351977375794159,0.00002351977375794159,0.00002351977375794159,0.00002807623365818773,0,0.000030238402951210906,0.00020410148452357674,0.0064999799462010415,0.012609278878298796,0.000015835580003120178,0.00011120704194850315,0,4.054375398500805e-9,0,0,0.0022867793994420017,0.019648881119392107,0.02193566051883411
1.184,5.2544755926642824e-8,0.00000821309623644428,0.002280485348474567,0,0,0,0,0,0,0,0,0.00002266859153247464,0.000024637465804508627,0,0.000007834724950807184,0,0,0,0.000026097349514849074,0,5.8569862752019624e-8,0,0.00002420736322475966,0.00002420736322475966,0.000024207363224759664,0.000028948148143397988,0,0.00003098698620012878,0.00020418231159748294,0.006561342915874995,0.012747190188718487,0.00001613083515926191,0.00011186590617389399,0,4.202387975577013e-9,0,0,0.002288750989466938,0.019854570285595292,0.02214332127506223
1.185,5.258913497511674e-8,0.000008196213865022804,0.002282473966200954,0,0,0,0,0,0,0,0,0.00002333789395561176,0.000025379062836116446,0,0.000007981352766106762,0,0,0,0.000026258044684671556,0,6.134018434297621e-8,0,0.00002491371092437304,0.00002491371092437304,0.00002491371092437304,0.000029827722218087544,0,0.00003174660653694241,0.00020431452439143455,0.00662062756248178,0.012868134742304188,0.00001643123132134455,0.00011253686352871023,0,4.356120433513067e-9,0,0,0.002290722769200952,0.02004138243610289,0.02233210520530384
1.186,5.263351402356401e-8,0.000008179572058271442,0.00228446252951629,0,0,0,0,0,0,0,0,0.000024011166813284737,0.000026134997687165075,0,0.00000813053994192394,0,0,0,0.000026413366906953925,0,6.416487990768709e-8,0,0.000025620322309109678,0.000025620322309109678,0.000025620322309109678,0.00003070830900234487,0,0.00003251724430240889,0.00020440786734461446,0.006681584951812252,0.012995011484342602,0.000016736847036087653,0.00011318032696526763,0,4.513285168177814e-9,0,0,0.0022926947350885847,0.02023576674724731,0.022528461482335897
1.187,5.2677893071984664e-8,0.000008163167191849906,0.0022864510385625435,0,0,0,0,0,0,0,0,0.000024702423139580586,0.000026892601237748962,0,0.000008282325688490223,0,0,0,0.000026552802179334012,0,6.712663529105733e-8,0,0.000026335455994068084,0.000026335455994068084,0.000026335455994068084,0.00003160839099930914,0,0.000033291032996160515,0.00020449959979038887,0.006740779124974129,0.013117802507413383,0.00001704776187237008,0.00011384000310065396,0,4.674864359785999e-9,0,0,0.0022946668836474654,0.020424376742873403,0.022719043626520868
1.188,5.272227212037879e-8,0.000008146995713202234,0.0022884394934811815,0,0,0,0,0,0,0,0,0.000025386760958049635,0.00002766930037108333,0,0.000008436749729151061,0,0,0,0.00002673464799868847,0,7.013247821917146e-8,0,0.000027055225309794335,0.000027055225309794335,0.000027055225309794335,0.00003252542966300769,0,0.00003407751474000947,0.00020460340278882723,0.006802124011805202,0.013234696985774848,0.000017364056431648835,0.00011449612429389305,0,4.8413842964115005e-9,0,0,0.002296639211466504,0.020609355634346307,0.02290599484581281
1.189,5.2766651168746436e-8,0.000008131054139810864,0.0022904278944131796,0,0,0,0,0,0,0,0,0.000026091697748361688,0.000028456081640860942,0,0.000008593852305651191,0,0,0,0.000026878274622169127,0,7.323419542749742e-8,0,0.00002778521831342203,0.00002778521831342203,0.00002778521831342203,0.00003345263330948199,0,0.00003486265330415342,0.00020478124134496272,0.006861555518161171,0.013359255666340192,0.000017685812358485145,0.00011514030383018937,0,5.011574247003241e-9,0,0,0.0022986117152041592,0.02080018763567562,0.02309879935087978
1.19,5.281103021708769e-8,0.000008115339057500735,0.002292416241499018,0,0,0,0,0,0,0,0,0.000026800789040069957,0.000029237007979872813,0,0.000008753674183467768,0,0,0,0.00002702040442376132,0,7.645733596134047e-8,0,0.00002852684955738384,0.00002852684955738384,0.00002852684955738384,0.00003439512679126484,0,0.00003566276301716157,0.00020487467590545345,0.0069225745103549344,0.013486914415272774,0.00001801311235117834,0.000115825382902289,0,5.1881240993321846e-9,0,0,0.0023005843915867357,0.02099573405635444,0.023296318447941177
1.191,5.2855409265402614e-8,0.00000809984711879187,0.002294404534878688,0,0,0,0,0,0,0,0,0.000027518065110609873,0.000030042736642391256,0,0.000008916256657197118,0,0,0,0.000027187120381323598,0,7.975918285224641e-8,0,0.000029274051929278543,0.000029274051929278543,0.000029274051929278543,0.00003533552492626358,0,0.00003646366039676171,0.00020500369650654313,0.006985402497575172,0.013601429309660688,0.0000183460401725226,0.00011645308861092122,0,5.367584776670513e-9,0,0,0.0023025572374067455,0.02118000527919586,0.023482562516602606
1.192,5.289978831369125e-8,0.000008084575041298818,0.002296392774691691,0,0,0,0,0,0,0,0,0.00002824210359396538,0.000030862116230988135,0,0.000009081641555997394,0,0,0,0.00002736861674791847,0,8.318464575870062e-8,0,0.000030025543699913275,0.000030025543699913275,0.00003002554369991327,0.000036296765479277505,0,0.00003728233877365442,0.0002051546849195904,0.007045381018770726,0.013729160651068665,0.000018684680660694633,0.00011718697783154536,0,5.553055104847736e-9,0,0,0.0023045302495213033,0.021374866964433626,0.023679397213954928
1.193,5.2944167361953687e-8,0.000008069519606175375,0.0022983809610770426,0,0,0,0,0,0,0,0,0.00002897720420325594,0.00003168330477750069,0,0.000009249871249095037,0,0,0,0.00002753890124907016,0,8.664436018613913e-8,0,0.000030783630999360225,0.000030783630999360225,0.000030783630999360225,0.00003727365770853933,0,0.000038098101849932846,0.00020529908057164334,0.007110705079023409,0.013849611023934392,0.000019029119740281008,0.00011782516699816053,0,5.745135650392633e-9,0,0,0.00230650342485058,0.0215677337937992,0.02387423721864978
1.194,5.2988546410190005e-8,0.00000805467765660315,0.002300369094173272,0,0,0,0,0,0,0,0,0.000029720127439915463,0.00003251602413496648,0,0.000009420988651357443,0,0,0,0.000027680852177283213,0,9.025854902828271e-8,0,0.00003154969704336291,0.00003154969704336291,0.00003154969704336291,0.00003825450324495856,0,0.000038922898606550564,0.00020546245821806522,0.007170741339616298,0.013972329955024926,0.00001937944443346309,0.00011852867132730846,0,5.9401924936776476e-9,0,0,0.0023084767603762852,0.021757702552746703,0.02406617931312299
1.195,5.303292545840024e-8,0.000008040046096322601,0.0023023571741184316,0,0,0,0,0,0,0,0,0.000030468260520973765,0.00003336195332937102,0,0.000009595037228940483,0,0,0,0.000027846179570867765,0,9.39996311674533e-8,0,0.00003233319524064638,0.00003233319524064638,0.00003233319524064638,0.00003924932684015685,0,0.00003977231146819223,0.00020566170375597962,0.007234493519335159,0.014102152047657407,0.00001973574287136104,0.00011920910698807335,0,6.141536819858092e-9,0,0,0.0023104502531402127,0.02195864491645641,0.024269095169596622
1.196,5.307730450658446e-8,0.000008025621888205063,0.0023043452010500865,0,0,0,0,0,0,0,0,0.00003123005987046144,0.00003421926181951033,0,0.000009772061005013989,0,0,0,0.000028023033995082973,0,9.782803720269673e-8,0,0.00003311392884760074,0.00003311392884760074,0.00003311392884760074,0.000040259608668670325,0,0.00004061879404888741,0.00020576515874645834,0.007294081029740127,0.014222673760695904,0.0000200981043055623,0.00011986462862226633,0,6.347251262390598e-9,0,0,0.002312423900242798,0.022146051463349213,0.02445847536359201
1.197,5.312168355474275e-8,0.00000801140205286452,0.002306333175105329,0,0,0,0,0,0,0,0,0.000031986034243195785,0.00003508970510066703,0,0.000009952104565575073,0,0,0,0.00002816042554240117,0,1.0170992599019545e-7,0,0.000033908178849376127,0.000033908178849376127,0.000033908178849376127,0.00004129032968246135,0,0.00004146354265482832,0.0002059403731966949,0.007355710586468401,0.014349613856381945,0.00002046661911983859,0.00012053541676796133,0,6.559621279092403e-9,0,0,0.002314397698841748,0.022342041799819367,0.024656439498661115
1.198,5.3166062602875165e-8,0.00000799738366730788,0.0023083210964207736,0,0,0,0,0,0,0,0,0.000032768727631374365,0.000035955223881366866,0,0.000010135213065351963,0,0,0,0.0000283233652087198,0,1.0576501768488835e-7,0,0.000034701288955496966,0.000034701288955496966,0.000034701288955496966,0.00004232930614272404,0,0.0000423331944170095,0.00020610194926706958,0.007414484403211911,0.014474728195814503,0.000020841378842068758,0.00012119042051765768,0,6.777071973979636e-9,0,0,0.0023163716461506844,0.02253340778695591,0.024849779433106595
1.199,5.321044165098176e-8,0.000007983563863622423,0.002310308965132562,0,0,0,0,0,0,0,0,0.00003355978164226005,0.00003685179923024704,0,0.000010321432233809849,0,0,0,0.00002849647116015961,0,1.0991110851100278e-7,0,0.000035527662087854574,0.000035527662087854574,0.000035527662087854574,0.00004337823968999763,0,0.000043203524913338035,0.00020627903313992884,0.007481034310329048,0.014606390453091611,0.000021222476156385525,0.00012193529865031931,0,7.001300310439161e-9,0,0,0.0023183457394378355,0.02273937271890949,0.02505771845834733
1.2,5.325482069906261e-8,0.000007969939827699344,0.0023122967813763613,0,0,0,0,0,0,0,0,0.00003434446164943684,0.000037751506558191875,0,0.000010510808381261787,0,0,0,0.000028649639299686868,0,1.1415423834990314e-7,0,0.00003633086785521956,0.00003633086785521956,0.00003633086785521956,0.00004443621708432369,0,0.0000440771785200089,0.00020643944490994164,0.007546892888812222,0.01473046781494964,0.000021610004915553324,0.0001225995454497254,0,7.230596275733657e-9,0,0,0.0023203199760247597,0.022936893498930275,0.025257213474955034
1.205,5.3476715939082944e-8,0.000007904661283351138,0.0023222350802912066,0,0,0,0,0,0,0,0,0.00003846589802291852,0.00004242860546194149,0,0.000011506706118944508,0,0,0,0.00002947815691286689,0,1.372278800859018e-7,0,0.00004054803341668227,0.00004054803341668227,0.00004054803341668227,0.00004996994485615034,0,0.00004862078275309807,0.00020730037605436424,0.007861157631918145,0.015361523333221183,0.000023647488650046166,0.00012606631877559656,0,8.472816462857205e-9,0,0,0.0023301932182904967,0.02392195504369185,0.02625214826198235
1.21,5.369861117846914e-8,0.000007874610184453969,0.0023321720875890536,0,0,0,0,0,0,0,0,0.00004290639773434164,0.00004752875489571415,0,0.000012618198163911919,0,0,0,0.000030417207134285866,0,1.6386247369244044e-7,0,0.00004508731726244191,0.00004508731726244191,0.00004508731726244191,0.00005600249691662913,0,0.000053504786084369325,0.0002087112013060478,0.008198788185562196,0.016028166366335268,0.000025920880994288104,0.0001299562314475206,0,9.901903332274331e-9,0,0,0.002340100396384686,0.024969956422738922,0.02731005681912361
1.215,5.392050641722906e-8,0.000007858013398101198,0.0023421078197099743,0,0,0,0,0,0,0,0,0.00004767345102736654,0.00005301687126183882,0,0.000013838116226958397,0,0,0,0.00003140940737780539,0,1.9433379248915609e-7,0,0.0000499164670305052,0.0000499164670305052,0.0000499164670305052,0.00006251701459112697,0,0.000058720063060762,0.0002103687820035816,0.008545438143724724,0.016729475939572143,0.000028415205306530608,0.00013399377163553962,0,1.1535625592079064e-8,0,0,0.002350019753614493,0.02606482203629797,0.02841484178991246
1.22,5.41424016553704e-8,0.000007844894243703458,0.002352042292814159,0,0,0,0,0,0,0,0,0.00005273666678844006,0.000058887925996105654,0,0.000015165837993556238,0,0,0,0.00003231544011312572,0,2.2882441470274597e-7,0,0.0000550345405121082,0.0000550345405121082,0.0000550345405121082,0.00006948550430296685,0,0.00006419007960109459,0.00021214107690377488,0.00889389216054988,0.017439753883797194,0.000031128953646041086,0.00013812551714231658,0,1.338237675599807e-8,0,0,0.0023599413294595178,0.027173168875162277,0.029533110204621793
1.225,5.436429689290074e-8,0.000007808297688494683,0.002361975522787888,0,0,0,0,0,0,0,0,0.00005797723389045194,0.00006503239982971771,0,0.000016575755496283605,0,0,0,0.00003321871669780527,0,2.672138484300861e-7,0,0.00006032576085567171,0.00006032576085567171,0.00006032576085567171,0.00007678589511884313,0,0.00006985285572015279,0.00021349839208552484,0.009237741870285124,0.01811624104509358,0.00003400936479032079,0.00014204032358682865,0,1.5434282263150983e-8,0,0,0.0023698381847732757,0.02824423378329234,0.030614071968065617
1.23,5.458619212982751e-8,0.000007772422511279418,0.0023719075252493496,0,0,0,0,0,0,0,0,0.00006353643779788624,0.00007156269752641882,-1.2640952253580895e-12,0.000018100844502911977,0,0,0,0.0000341139172147196,0,3.101618676426046e-7,0,0.00006593379779070686,0.00006593379779070686,0.00006593379779070686,0.00008450167236901043,0,0.00007591626246479588,0.00021497526840614516,0.009579237619200856,0.018813987894145418,0.00003712392229929435,0.00014598136622442123,0,1.7728087418162e-8,8.948180294940473e-9,0,0.002379734533952759,0.02933717613239526,0.03171691066634802
1.235,5.480808736615808e-8,0.000007740883717431605,0.0023818383155543178,0,0,0,0,0,0,0,0,0.00006950509080943757,0.00007846851928108048,-4.527067816685502e-11,0.00001975466110211653,0,0,0,0.00003502085579305605,0,3.5744674913101824e-7,0,0.0000720350438230315,0.0000720350438230315,0.0000720350438230315,0.00009257245309473784,0,0.00008262889097514827,0.00021650537289673901,0.009925930110327549,0.019510389869454626,0.00004050020130465065,0.00014988720340946795,0,2.0308653035905967e-8,1.1223959895150308e-7,0,0.0023896340073591153,0.030437758309648143,0.03282739231700726
1.24,5.502998260189962e-8,0.000007718201296415712,0.0023917679088016693,0,0,0,0,0,0,0,0,0.00007602876105059998,0.00008568884018678092,-1.5118873484687971e-10,0.000021554914198601532,0,0,0,0.00003603866165402279,0,4.0845289590747865e-7,0,0.00007885809038513321,0.00007885809038513321,0.00007885809038513321,0.00010093458930179723,0,0.00009014381614432848,0.00021815155391703142,0.010284042170484486,0.02022471429519832,0.00004417425841274236,0.00015397091791492852,0,2.3197772671685703e-8,3.3752508909413046e-7,3.892450147877731e-8,0.002399541140080687,0.03157282499868946,0.033972366138770145
1.245,5.5251877837059235e-8,0.000007698281048410364,0.0024016963198387805,0,0,0,0,0,0,0,0,0.00008313306586082605,0.00009319819154262254,-3.172486855921824e-10,0.000023503483531452838,0,0,0,0.000036953628436507846,0,4.6190020883216396e-7,0,0.00008640439734033626,0.00008640439734033626,0.00008640439734033626,0.00010941979191393458,0,0.00009850072505131958,0.00021985645559142439,0.010639751217600616,0.020939080828392666,0.000048149682896354044,0.00015825011757199692,0,2.6423686371209186e-8,6.939180250982325e-7,3.0109156567601865e-7,0.002409449852765028,0.03271049339664802,0.035119943249413046
1.25,5.5473773071643934e-8,0.000007678053638246075,0.002411623563266773,0,0,0,0,0,0,0,0,0.00009081971812314583,0.00010096188518844851,-5.404764811211582e-10,0.00002560537102862231,0,0,0,0.000037884231807011607,0,5.167652277988239e-7,0,0.000094782712410634,0.000094782712410634,0.000094782712410634,0.0001180356826298572,0,0.0001078321407678876,0.00022157550252376718,0.0110097778821135,0.02166663712390991,0.00005243646857699419,0.00016245648256485212,0,2.9994674446798855e-8,0.0000011892951196814096,8.244760050171209e-7,0.0024193570906780905,0.03388093061701636,0.036300287707694445
1.2550000000000001,5.569566830566055e-8,0.00000765628168485125,0.002421549653445632,0,0,0,0,0,0,0,0,0.00009920638711798422,0.00010893298861021648,-8.174318634173843e-10,0.000027868165587572986,0,0,0,0.00003887051104359471,0,5.719178883558366e-7,0,0.00010403107110350905,0.00010403107110350905,0.00010403107110350905,0.00012669907144047382,0,0.00011811214475997249,0.00022329156252654206,0.011377352099530986,0.022391414001267197,0.00005704990662295293,0.0001666991643198129,0,3.395224171998107e-8,0.0000018322024712472593,0.0000016275454084424327,0.002429261630798789,0.03505165401671573,0.03748091564751452
1.26,5.591756353911589e-8,0.000007636904215706917,0.002431474604499201,0,0,0,0,0,0,0,0,0.00010832803967721034,0.00011718153887217829,-1.1432142337009916e-9,0.00003031152093241681,0,0,0,0.00003979199588209331,0,6.262308123676531e-7,0,0.00011422409508461772,0.00011422409508461772,0.00011422409508461772,0.0001355000055702324,0,0.00012942303512001712,0.00022508370850871735,0.011747971494866226,0.023147822379612902,0.00006202997168204038,0.0001708439619162948,0,3.8345572335039615e-8,0.000002632652612986907,0.000002727570956711077,0.002439167426278447,0.03626298359463435,0.038702151020912796
1.2650000000000001,5.613945877201658e-8,0.000007622119477307656,0.0024413984303200457,0,0,0,0,0,0,0,0,0.00011817938310209778,0.0001257955594799736,-1.512031737370748e-9,0.000032954538810872835,0,0,0,0.00004074154867754358,0,6.796413202876471e-7,0,0.00012540916585156606,0.00012540916585156606,0.00012540916585156606,0.00014440588466560755,0,0.0001418795090045574,0.00022697392112602804,0.012125988731392716,0.02389467253510619,0.00006741546874911185,0.00017523694606124324,0,4.319819161090527e-8,0.000003602650388061183,0.0000041445301313183506,0.0024490766892561254,0.03747894003173018,0.03992801672098631
1.27,5.636135400436917e-8,0.000007610602665227179,0.002451321144574201,0,0,0,0,0,0,0,0,0.00012883041236553435,0.00013474505733631538,-1.9171929895885016e-9,0.00003580934683399154,0,0,0,0.0000417369019797429,0,7.310695598082581e-7,0,0.00013759722617050462,0.00013759722617050462,0.00013759722617050462,0.00015356540443697716,0,0.00015535989138686679,0.00022891552129020667,0.012514196733644806,0.024685050533944448,0.00007323090281231986,0.0001796800246066763,0,4.857144648434393e-8,0.0000047473240722032205,0.000005896181001728942,0.0024589881085934325,0.03875533363803663,0.04121432174663007
1.2750000000000001,5.658324923618013e-8,0.000007601116375300547,0.0024612427607058006,0,0,0,0,0,0,0,0,0.00014026044883570798,0.00014407307617245584,-2.3493694503608215e-9,0.000038888326555207494,0,0,0,0.00004269352784052994,0,7.795150214240223e-7,0,0.000150763767499359,0.000150763767499359,0.000150763767499359,0.00016300616463463157,0,0.00016993876611684885,0.00023097334111134578,0.012902879272476651,0.025449792952839796,0.00007950128001338737,0.00018422808641449347,0,5.449768402222391e-8,0.0000060803854704983835,0.00000800541864653948,0.0024689004603303372,0.04001344401296216,0.0424823444732925
1.28,5.6805144467455796e-8,0.000007590390184667542,0.0024711632919415917,0,0,0,0,0,0,0,0,0.0001524421331933362,0.00015385881116795812,-2.7972588942585555e-9,0.00004219691897526214,0,0,0,0.00004383715994743512,0,8.255252576030482e-7,0,0.00016484297575046134,0.00016484297575046134,0.00016484297575046134,0.00017263836681304326,0,0.00018548053532585292,0.00023295629959622493,0.013299306713997223,0.026237964964484474,0.0000862374033496296,0.00018902076457053782,0,6.100890063406482e-8,0.000007609920635604497,0.000010496802010139746,0.002478810487270727,0.04130945945821745,0.04378826994548818
1.2850000000000001,5.702703969820241e-8,0.000007581269935396196,0.002481082751295338,0,0,0,0,0,0,0,0,0.0001654119158433367,0.0001641875045842573,-3.2474766788579077e-9,0.00004576037875022799,0,0,0,0.000044816655525386725,0,8.685673596818339e-7,0,0.00017984107631363038,0.00017984107631363038,0.00017984107631363038,0.0001828109737050539,0,0.00020198070522411743,0.0002349659902786624,0.013693063260521223,0.027027572232458642,0.00009349055508528038,0.00019374289944747248,0,6.816664418485598e-8,0.00000934325802602968,0.000013374501425344462,0.0024887210482704325,0.04261097754634311,0.045099698594613546
1.29,5.7248934928426114e-8,0.000007575772478611056,0.0024910011515721212,0,0,0,0,0,0,0,0,0.0001791775753317521,0.00017515537881324165,-3.685478260128863e-9,0.00004960510026799862,0,0,0,0.00004576884273899203,0,9.094046751474388e-7,0,0.00019580815532846597,0.00019580815532846597,0.00019580815532846597,0.00019358772891169706,0,0.0002194342385271256,0.00023708501396055528,0.014101888389692695,0.02783996724943638,0.00010131429369998618,0.0001983973095565025,0,7.603766124143168e-8,0.000011302162428612474,0.000016689305498658488,0.0024986341729856605,0.043957778811707725,0.046456412984693385
1.2950000000000002,5.747083015813298e-8,0.000007580325629347548,0.002500918505372532,0,0,0,0,0,0,0,0,0.00019385102577349294,0.000186841628476422,-4.099516934955697e-9,0.00005378057717503022,0,0,0,0.000046812923895647695,0,9.511742136052901e-7,0,0.00021279416657105565,0.00021279416657105565,0.00021279416657105565,0.00020502599459281605,0,0.00023813273460256118,0.0002394682646030312,0.014515077254062649,0.028686124668574262,0.00010980928974996612,0.00020335335330075253,0,8.47286157382323e-8,0.000013507267386659748,0.000020428403371538508,0.0025085563018320376,0.04535162768859041,0.04786018399042245
1.3,5.7692725387328984e-8,0.000007586472309625984,0.002510834825096759,0,0,0,0,0,0,0,0,0.00020945483932957901,0.00019925069013613126,-4.461339632184913e-9,0.00005827754202023243,0,0,0,0.00004792590967726772,0,9.978908475568275e-7,0,0.000230877958840979,0.000230877958840979,0.000230877958840979,0.00021717627203077922,0,0.0002578675425537904,0.00024182634415918745,0.014941296436998593,0.029515902346386257,0.0001189561657246805,0.0002083968728517675,0,9.425841381737556e-8,0.000015962089543151306,0.000024671874074967128,0.0025184789901317724,0.04675068648993106,0.04926916548006283
1.3050000000000002,5.791462061601999e-8,0.000007588218973036286,0.0025207501229485875,0,0,0,0,0,0,0,0,0.0002258850371346906,0.0002123628195840412,-4.747565790366443e-9,0.0000630888764956533,0,0,0,0.000049038251398922066,0,0.0000010509661515723744,0,0.00024987288261618364,0.00024987288261618364,0.00024987288261618364,0.00022993018231170449,0,0.00027864330680829223,0.00024411172644319567,0.015370140807962205,0.030367569261930325,0.00012873996896928136,0.00021355515334667624,0,1.0464683892419747e-7,0.000018652250211462823,0.00002939567977502669,0.0025283962565422397,0.048181882835644736,0.05071027909218698
1.31,5.813651584421176e-8,0.0000075837574237666524,0.0025306644109392923,0,0,0,0,0,0,0,0,0.00024307639171326092,0.00022608771447147198,-4.926920566467697e-9,0.00006822202761137107,0,0,0,0.00005006550031900533,0,0.0000011110248521087844,0,0.0002698437819224412,0.0002698437819224412,0.0002698437819224412,0.0002434758492111539,0,0.0003003110766561382,0.00024630082056972385,0.01579185034450755,0.031202689298695168,0.0001391754934171452,0.00021848297368807392,0,1.1593621342038436e-7,0.000021611805477402635,0.00003462267937595168,0.002538306304878903,0.049596725355625704,0.05213503166050461
1.3150000000000002,5.8358411071909994e-8,0.000007580718187791686,0.0025405777008914456,0,0,0,0,0,0,0,0,0.0002612790376907375,0.0002406628773199161,-4.968243718230284e-9,0.00007373795514107775,0,0,0,0.00005113153109257166,0,0.000001179322167471305,0,0.0002908866532641349,0.0002908866532641349,0.0002908866532641349,0.00025781695041848454,0,0.0003230534264373882,0.00024860444325364644,0.016213358746310483,0.03205758430121843,0.00015038667017578007,0.0002235135273794904,0,1.2826217799572092e-7,0.000024866321375567186,0.000040412614056047206,0.0025482167774903094,0.051040370977763774,0.05358858775525408
1.32,5.858030629912033e-8,0.0000075837201909578576,0.0025504900044426284,0,0,0,0,0,0,0,0,0.0002805139648976239,0.00025625211734023177,-4.840421825035993e-9,0.00007969333837672509,0,0,0,0.000052222613097329465,0,0.0000012557370776107997,0,0.0003130708349835388,0.0003130708349835388,0.0003130708349835388,0.0002732109820120032,0,0.0003469643888811515,0.0002509906340408143,0.016649306192823104,0.03292056205002713,0.00016248858556817814,0.0002287159034479603,0,1.4176145704664813e-7,0.000028402176055905298,0.000046761865026435364,0.0025581323049398853,0.05251668997465805,0.05507482227959793
1.3250000000000002,5.880220152584827e-8,0.000007590128348075784,0.002560401333049062,0,0,0,0,0,0,0,0,0.00030086451977472464,0.0002728848235461666,-4.497386953439886e-9,0.00008610585783053609,0,0,0,0.000053298782305008287,0,0.0000013406399644001958,0,0.0003363319395850897,0.0003363319395850897,0.0003363319395850897,0.00028974380445121703,0,0.0003720685359267672,0.00025340992487058985,0.017098835658668578,0.03380531418582633,0.00017551673154232958,0.00023402566146993447,0,1.5650761801308423e-7,0.000032258793702299754,0.00005372229366387328,0.002568050263598664,0.054038538042529075,0.05660658830612774
1.33,5.9024096752099245e-8,0.000007597783998944437,0.002570311697989139,0,0,0,0,0,0,0,0,0.00032217109505709994,0.0002904578344269117,-3.888773026171653e-9,0.00009299394442736809,0,0,0,0.00005438204063118333,0,0.0000014285469882949322,0,0.0003608233846422105,0.0003608233846422105,0.0003608233846422105,0.00030742939196069693,0,0.00039821406749989584,0.0002559216835444717,0.017547579148068614,0.03470438174568646,0.0001895081194615295,0.00023943547374944855,0,1.725771261371685e-7,0.00003647753907859403,0.00006130250795024488,0.002577968506084836,0.055584321980810564,0.0581622904868954
1.335,5.924599197787863e-8,0.000007609842344540751,0.0025802211103668933,0,0,0,0,0,0,0,0,0.00034478381429513754,0.00030950758237164363,-2.9594711436718953e-9,0.00010041665277300249,0,0,0,0.00005547449930972669,0,0.0000015221205058692728,0,0.0003864793710165261,0.0003864793710165261,0.0003864793710165261,0.00032630551844752524,0,0.0004256174098402947,0.00025856244703518474,0.01800788426787553,0.03561681518479289,0.00020458251690119,0.00024500053901098075,0,1.9006941230897786e-7,0.000041037573019776736,0.00006956387878186614,0.002587890198703412,0.05716669922795136,0.05975458942665477
1.34,5.946788720319169e-8,0.000007623250888456126,0.0025901295811153672,0,0,0,0,0,0,0,0,0.0003684212756325864,0.00032955973549357565,-1.641635254041162e-9,0.00010838917162183909,0,0,0,0.000056650186399961324,0,0.0000016175426521740624,0,0.0004132680074186216,0.0004132680074186216,0.0004132680074186216,0.0003466985606394406,0,0.0004540776425905597,0.00026126358434474574,0.018477536213237132,0.03656290984362667,0.0002207702576206206,0.0002506489406541719,0,2.091752258406798e-7,0.000045941188459304267,0.00007862037666841459,0.0025978122998910266,0.058803116075487646,0.06140092837537867
1.3450000000000002,5.968978242804366e-8,0.000007637105103518365,0.002600037120999914,0,0,0,0,0,0,0,0,0.00039325472748722123,0.00035092886847150356,1.3897263716612403e-10,0.00011694202791889332,0,0,0,0.000057766261690653666,0,0.0000017182763952026077,0,0.0004411663701428076,0.0004411663701428076,0.0004411663701428076,0.00036851559300039177,0,0.0004838148542548663,0.000263912909372592,0.018951921231763553,0.03748691475020355,0.0002381329176330313,0.00025635500525427054,0,2.2995693572508175e-7,0.0000511910281499155,0.00008836076816866624,0.0026077339158858603,0.060433458426101094,0.06304119234198695
1.35,5.991167765243962e-8,0.000007649308595081867,0.0026099437406214188,0,0,0,0,0,0,0,0,0.0004191445466822897,0.00037358042921166836,2.465547216152159e-9,0.00012609385367828187,0,0,0,0.00005892195484371162,0,0.000001819826545950477,0,0.0004703574439225502,0.0004703574439225502,0.0004703574439225502,0.00039151000712744444,0,0.0005146509009918225,0.0002666106446115556,0.019425425951950313,0.03844231812207897,0.00025670783850742285,0.00026207851271808945,0,2.525213034769933e-7,0.00005686938246310358,0.00009876763704252004,0.002617652960894153,0.06210582692707149,0.06472347988796565
1.355,6.013357287638462e-8,0.000007662548244304183,0.0026198494504194474,0,0,0,0,0,0,0,0,0.0004464102603594482,0.00039753654351124814,5.437275926701765e-9,0.0001359118264348482,0,0,0,0.00006007205798482133,0,0.0000019251034657578245,0,0.0005010794807985188,0.0005010794807985188,0.0005010794807985188,0.00041581254282428557,0,0.0005475341193677836,0.00026936193570662506,0.019907723685245196,0.0394044484121229,0.0002766311785045118,0.0002678651801013642,0,2.7693305567286677e-7,0.0000629670677534447,0.00010998056563238831,0.0026275721322366282,0.06380770129174178,0.06643527342397841
1.36,6.035546809988366e-8,0.000007678329927220321,0.002629754260675318,0,0,0,0,0,0,0,0,0.0004754961844322053,0.0004225551111172986,9.166367768226518e-9,0.0001464605305948066,0,0,0,0.00006123108557473948,0,0.000002040623729809436,0,0.0005338551506604718,0.0005338551506604718,0.0005338551506604718,0.00044084317507552743,0,0.0005829329996552001,0.0002721263992081678,0.020401640999383644,0.04038463191886613,0.0002980337393190451,0.00027372899288771746,0,3.035245962621778e-7,0.00006950837898538039,0.00012205133264688779,0.002637492946070638,0.06555515961442202,0.06819265256049266
1.365,6.057736332294163e-8,0.000007696953014680403,0.0026396581815151072,0,0,0,0,0,0,0,0,0.0005064479495571152,0.00044875329521293085,1.378215644432156e-8,0.00015779806731422666,0,0,0,0.00006237466132170285,0,0.0000021692501822927575,0,0.000569085681748839,0.000569085681748839,0.000569085681748839,0.0004669650893170394,0,0.0006209388998738302,0.0002749860196851041,0.020899421303402766,0.04137480081655677,0.00032103306365974363,0.00027971692399677975,0,3.324289088828412e-7,0.00007649228210258341,0.00013503124751419214,0.0026474157118931106,0.06733453212600891,0.06998194783790203
1.37,6.079925854556337e-8,0.00000771652092254747,0.0026495612229125894,0,0,0,0,0,0,0,0,0.0005393223567827405,0.0004757575885715769,1.9424096078502865e-8,0.00016995802340527983,0,0,0,0.00006356649542417287,0,0.0000023143041795223403,0,0.0006066828973049398,0.0006066828973049398,0.0006066828973049398,0.0004937389348903026,0,0.0006616402190668873,0.00027787826400159414,0.02140662378434323,0.04240000048717589,0.00034569677855879994,0.000285751692256525,0,3.6378928801865184e-7,0.00008391774166324352,0.00014897405307499558,0.0026573385430936824,0.06917557262869367,0.07183291117178735
1.375,6.102115376775361e-8,0.000007729746627944939,0.002659463394692097,0,0,0,0,0,0,0,0,0.0005739238631517656,0.0005035405469669514,2.6258236166015743e-8,0.00018289209957273692,0,0,0,0.0000646476989805543,0,0.0000024754880635275663,0,0.0006464278612312073,0.0006464278612312073,0.0006464278612312073,0.000520599010899773,0,0.0007045866579284769,0.0002806923008480855,0.021907892666916107,0.043392624182203056,0.00037192598048559495,0.0002917008436717655,0,3.9747289685384976e-7,0.00009182694456066003,0.00016376763680123194,0.0026672541624738096,0.07099280323587692,0.07366005739835073
1.3800000000000001,6.124304898951707e-8,0.000007740816947350448,0.0026693647065313356,0,0,0,0,0,0,0,0,0.0006102278642090302,0.0005320656173520335,3.445988118776598e-8,0.00019670483875863003,0,0,0,0.00006588781990394948,0,0.0000026567187280785107,0,0.0006882760164723916,0.0006882760164723916,0.0006882760164723916,0.0005479443457360966,0,0.000749542323220274,0.0002834314183807517,0.022407297465394854,0.04438396155631563,0.0003999326463698737,0.00029763571905404117,0,4.340946912500241e-7,0.0001001635751562497,0.0001793876418077016,0.0026771667665276755,0.0728221361543768,0.07549930292090447
1.385,6.14649442108584e-8,0.000007752715226086167,0.0026792651679641167,0,0,0,0,0,0,0,0,0.0006481031341614237,0.0005614329298904939,4.427509070494183e-8,0.0002115012864912661,0,0,0,0.00006699738583103582,0,0.000002862444710615308,0,0.0007321351578327904,0.0007321351578327904,0.0007321351578327904,0.0005758908416511414,0,0.0007964347850288402,0.0002862821534997898,0.02291352849241939,0.04539964376113388,0.00042992964036742354,0.0003036369047570925,0,4.736965462594726e-7,0.00010908109920946137,0.000196108745733287,0.002687079348134414,0.07469835705002048,0.0773854363981549
1.3900000000000001,6.168683943178206e-8,0.000007775315106204746,0.0026891647883830394,0,0,0,0,0,0,0,0,0.0006884102435551729,0.0005919549058192783,5.5972860881075767e-8,0.00022752965526960295,0,0,0,0.00006822633705787183,0,0.0000030875622116836023,0,0.0007779747702324827,0.0007779747702324827,0.0007779747702324827,0.0006047613605625454,0,0.0008455675659283721,0.00028932084017292133,0.02345450053124573,0.04646206156019372,0.00046242066138694435,0.00030994319477988615,0,5.168957460036295e-7,0.00011847673594522883,0.00021390122880169917,0.002697001790328676,0.07667465956223499,0.07937166135256367
1.395,6.190873465229261e-8,0.000007799130586587743,0.0026990635770421127,0,0,0,0,0,0,0,0,0.0007295281339323787,0.0006234757952280369,6.98501794393878e-8,0.00024471861262117297,0,0,0,0.0000693783268887617,0,0.000003332011492577514,0,0.0008250408428471232,0.0008250408428471232,0.0008250408428471232,0.0006342072962835251,0,0.0008956054717116327,0.00029241552278720423,0.02398598816441438,0.04753714982367723,0.0004972597539985888,0.0003161393178509268,0,5.636340747703878e-7,0.0001285186702325306,0.00023297649355936867,0.0027069246163633526,0.07866644940747389,0.08137337402383724
1.4000000000000001,6.213062987239447e-8,0.000007822250327292746,0.0027089615430593104,0,0,0,0,0,0,0,0,0.0007713774315576805,0.0006558635075670152,8.62427902940602e-8,0.00026311178264866485,0,0,0,0.00007062324098730383,0,0.000003595469126394575,0,0.0008727497829095037,0.0008727497829095037,0.0008727497829095037,0.0006646653417240696,0,0.0009458298814469024,0.00029553765795854926,0.024536072806790578,0.04861455663295574,0.0005345346571485525,0.00032242525978898946,0,6.142625009618464e-7,0.00013918534526255236,0.0002528698893074114,0.0027168459240164756,0.08068919875829017,0.08340604468230664
1.405,6.2352525092092e-8,0.000007840695105237256,0.0027188586954190806,0,0,0,0,0,0,0,0,0.0008135566028049373,0.0006889854717532303,1.0547210285038249e-7,0.00028270089515129525,0,0,0,0.0000718129745143623,0,0.000003864475844638918,0,0.0009207781409405946,0.0009207781409405946,0.0009207781409405946,0.0006963955797428565,0,0.0009957696707840735,0.0002985843163251396,0.025073168350922492,0.04970453318504538,0.0005742276659456171,0.0003285192433752984,0,6.688175554897956e-7,0.00015037409201200844,0.00027401151088960927,0.00272676174304941,0.08271961274759107,0.08544637449064048
1.4100000000000001,6.257442031138948e-8,0.0000078598527841678,0.0027287550429747932,0,0,0,0,0,0,0,0,0.0008559232186256089,0.0007234992507602375,1.2808996449928294e-7,0.0003036819822102544,0,0,0,0.00007307955652861855,0,0.000004153820113029756,0,0.0009684710289246298,0.0009684710289246298,0.0009684710289246298,0.0007293953658726402,0,0.0010451533986584076,0.0003016338634014066,0.025612617173824577,0.050783454714741945,0.0006167360203221398,0.000334925139756684,0,7.280406352414931e-7,0.00016206295254449565,0.00029636522186158215,0.0027366774701792725,0.08474895089659525,0.08748562836677452
1.415,6.279631553029119e-8,0.000007878077058076311,0.002738650594451131,0,0,0,0,0,0,0,0,0.0008986025851588137,0.0007596654515333802,1.5453642458914437e-7,0.000326109974845474,0,0,0,0.00007431548025199366,0,0.000004458490136859721,0,0.0010160931146728548,0.0010160931146728548,0.0010160931146728548,0.0007647883157882047,0,0.001094806087781523,0.00030469785556993677,0.026154326692595996,0.05185754656137406,0.0006621701941508108,0.00034147402303813756,0,7.918816983727647e-7,0.000174490574188606,0.0003198801185268251,0.0027465914678247378,0.08678655816708214,0.08953314963490688
1.4200000000000002,6.301821074880128e-8,0.000007895121659026472,0.0027485453584464364,0,0,0,0,0,0,0,0,0.0009417126946392301,0.0007973349550385676,1.8549724495820062e-7,0.0003500726819596437,0,0,0,0.0000755663948841495,0,0.000004791900666925187,0,0.001064146651066516,0.001064146651066516,0.001064146651066516,0.0008019064049261723,0,0.0011437599397776431,0.00030771167099748843,0.026706198215673136,0.052955144110637314,0.0007107073531024661,0.000347930179025886,0,8.605824058889979e-7,0.00018766141501088554,0.0003446054828037681,0.0027565034983162116,0.08886858943199367,0.09162509293030989
1.425,6.324010596692388e-8,0.000007912802391699001,0.002758439343435001,0,0,0,0,0,0,0,0,0.0009855330449011252,0.0008368355845134978,2.2168150501936647e-7,0.00037572240010494494,0,0,0,0.00007683314900747735,0,0.000005163303003312946,0,0.0011122250123293436,0.0011122250123293436,0.0011122250123293438,0.0008418034150283641,0,0.0011932038283397422,0.00031081762842007316,0.02725912840049309,0.05405290948074289,0.0007626554611460087,0.0003545566282124124,0,9.355268105051783e-7,0.000201233003082515,0.00037062932901191947,0.002766415385932667,0.09096485690131094,0.09373127228724361
1.4300000000000002,6.346200118466306e-8,0.000007886011543736922,0.0027683325577693052,0,0,0,0,0,0,0,0,0.0010262904667196712,0.0008755748277038711,2.630572568820933e-7,0.00040174360295933847,0,0,0,0.00007791705865863651,0,0.000005557013825488364,0,0.0011565057871340332,0.0011565057871340332,0.0011565057871340332,0.0008809397253121196,0,0.0012381474009188142,0.0003127784740289406,0.027718319699173183,0.05498261934599988,0.0008153433355105886,0.0003598194007806278,0,0.0000010123044170338223,0.0002148284601648637,0.0003966449551060231,0.002776282031314227,0.09277731648993805,0.09555359852125228
1.435,6.368389640202281e-8,0.000007842639915109966,0.002778225009682209,0,0,0,0,0,0,0,0,0.001065521871859661,0.0009151440920119729,3.1076143398639435e-7,0.0004288954078076451,0,0,0,0.00007884941276090738,0,0.000005995571399008374,0,0.0011985385926808056,0.0011985385926808056,0.0011985385926808056,0.0009218355893749619,0,0.001281008882183519,0.0003144006597780841,0.028141910108878034,0.0558216521451348,0.0008703113431415254,0.0003645654102574172,0,0.0000010940061431718162,0.0002285783725999512,0.0004231072113230362,0.002786131333493721,0.0944587966241301,0.09724492795762382
1.4400000000000002,6.390579161900711e-8,0.00000779993525901355,0.0027881167072891042,0,0,0,0,0,0,0,0,0.001105123740446657,0.0009567179947122962,3.6619027005730517e-7,0.00045778808985983755,0,0,0,0.00007975215048912002,0,0.000006483982315246314,0,0.001240700541618704,0.001240700541618704,0.001240700541618704,0.0009656182927067764,0,0.0013223597914035926,0.0003159820650172432,0.028573359613266153,0.056643726598300005,0.0009287968862445421,0.0003696161394158572,0,0.0000011819312688535869,0.00024292745798045682,0.00045071628869614505,0.002795980548339737,0.09614261883724895,0.09893859938558869
1.445,6.412768683561986e-8,0.000007788235952503125,0.002798007658590003,0,0,0,0,0,0,0,0,0.0011477490993952741,0.0010028921510801122,4.3179291676806223e-7,0.0004897206153715874,0,0,0,0.00008096049255346972,0,0.0000070519227787644706,0,0.0012852979193220958,0.0012852979193220958,0.0012852979193220958,0.001014830537373388,0,0.0013675680728560072,0.0003183003526504692,0.029063539063750362,0.05764317460415975,0.0009934336777954527,0.00037548144794207036,0,0.0000012792793414629953,0.0002585189295083134,0.0004807558258436274,0.002805860022229342,0.09810158162328317,0.1009074416455125
1.4500000000000002,6.434958205186487e-8,0.000007777721492447316,0.0028078978714715995,0,0,0,0,0,0,0,0,0.0011911176962199651,0.0010515811812803206,5.083314084091481e-7,0.0005238048623493085,0,0,0,0.00008205535751701388,0,0.000007688169873460291,0,0.0013309501680500914,0.0013309501680500914,0.0013309501680500917,0.0010672189047643834,0,0.0014126191926101138,0.00032074842817230137,0.029558483493208762,0.05863420264756743,0.001062417880512596,0.00038157502479305736,0,0.0000013851114241253279,0.0002748571489743493,0.0005116983362681834,0.0028157399425460987,0.10007481227109406,0.10289055221364016
1.455,6.457147726774598e-8,0.000007760665077946975,0.0028177873537092745,0,0,0,0,0,0,0,0,0.0012337969948138991,0.001102641185285617,5.975857399107622e-7,0.0005598289007132305,0,0,0,0.00008316404919526698,0,0.00000841469022257982,0,0.0013753878800321555,0.0013753878800321555,0.0013753878800321555,0.001122648229180091,0,0.001455295475301902,0.00032296344447066297,0.03004497007272009,0.05959733847447055,0.0011353180773947388,0.00038728482799788353,0,0.0000014981433747944279,0.0002916675283576974,0.0005437846335939666,0.002825612590264489,0.10201737595292935,0.10484298854319385
1.46,6.479337248326683e-8,0.000007720881322580569,0.0028276761129690645,0,0,0,0,0,0,0,0,0.0012748394744852621,0.0011541981337629757,7.00941481484442e-7,0.000597076971693244,0,0,0,0.00008411910691144264,0,0.000009228210964792617,0,0.001416883922616988,0.001416883922616988,0.001416883922616988,0.001179413958075841,0,0.0014947760027583703,0.00032459110691091013,0.030478731376897064,0.06045518924873914,0.0012106815367071014,0.00039236390103582485,0,0.0000016169840751945528,0.0003082295410134591,0.0005760119536809868,0.0028354617876641284,0.10379242021704406,0.10662788200470819
1.465,6.501526769843124e-8,0.000007681618842167074,0.002837564156809591,0,0,0,0,0,0,0,0,0.0013156004841825377,0.001207950453540331,8.217464398075295e-7,0.000636651306124271,0,0,0,0.00008506442676446177,0,0.0000101564360549485,0,0.001456963593844235,0.001456963593844235,0.001456963593844235,0.001239668388339169,0,0.001533987592030966,0.0003262379745394481,0.030909327815542825,0.06133655277365871,0.001290742170131645,0.0003973368771614251,0,0.0000017454131593824822,0.0003256341646433418,0.0006092713341803376,0.0028453107909194564,0.10559764013802632,0.10844295092894578
1.4700000000000002,6.523716291324276e-8,0.000007646790407950399,0.002847451492683932,0,0,0,0,0,0,0,0,0.0013565822836609132,0.0012650595296375539,9.63899028682851e-7,0.0006788969393881695,0,0,0,0.0000860846959084828,0,0.00001120161635553914,0,0.0014977387709865621,0.0014977387709865621,0.0014977387709865621,0.0013038776920835905,0,0.0015723973253934827,0.00032797477701507655,0.03134276122207986,0.06220600916677343,0.0013761977465465787,0.0004026146872972469,0,0.0000018846605625146771,0.0003436786537792952,0.0006440379084909939,0.0028551635202547954,0.10741343911696109,0.11026860263721588
1.475,6.545905812770499e-8,0.0000076165709652821125,0.0028573381279414813,0,0,0,0,0,0,0,0,0.001398248177949127,0.0013250561401414616,0.0000011316157956893486,0.0007240015462252887,0,0,0,0.00008713055010327177,0,0.00001235681429800451,0,0.0015400373446456232,0.0015400373446456232,0.0015400373446456232,0.001371461080623451,0,0.0016122004392667337,0.00032982642161129923,0.03179703590509436,0.06309653778957092,0.0014674267649597084,0.000407707910335648,0,0.0000020352084362980477,0.00036259566810459385,0.0006801332585810716,0.002865020157964891,0.10929499732503381,0.1121600174829987
1.48,6.56809533418215e-8,0.000007586756328333807,0.002867224069829748,0,0,0,0,0,0,0,0,0.0014412949907439544,0.0013863225254666224,0.000001329785875506543,0.0007718844295367166,0,0,0,0.00008811240040438479,0,0.00001359278829069318,0,0.0015830843989133123,0.0015830843989133123,0.0015830843989133123,0.001440365634252261,0,0.0016546221198858603,0.00033165318419727956,0.03224040833952364,0.06398510651580123,0.001564263720571701,0.0004130986577616,0,0.0000021983171569618226,0.0003818099517157589,0.0007173926481887583,0.0028748765071114238,0.11118270920611287,0.11405758571322429
1.485,6.590284855559575e-8,0.000007532128985269828,0.0028771093254961206,0,0,0,0,0,0,0,0,0.001482252202809705,0.0014467053667378044,0.0000015612249943290336,0.0008209561200067108,0,0,0,0.00008898761658645464,0,0.000014867045621224324,0,0.001624464058160288,0.001624464058160288,0.001624464058160288,0.0015083438028629173,0,0.0016957346200090905,0.0003328241916098163,0.032617352480338896,0.06473156271978006,0.0016634860864332434,0.0004175643758663102,0,0.0000023686520688576684,0.0004005801313259948,0.0007542073670213794,0.002884707357329946,0.11285274617855366,0.1157374535358836
1.4900000000000002,6.612474376903124e-8,0.0000074692346366957565,0.0028869939019896085,0,0,0,0,0,0,0,0,0.0015238882048603845,0.001507281971255417,0.0000018344236226808704,0.0008722042374626793,0,0,0,0.0000897724012240819,0,0.00001618444818584897,0,0.0016667060666978257,0.0016667060666978257,0.001666706066697826,0.0015757743661610714,0,0.0017376929222369872,0.00033374031212265624,0.03296718066184995,0.06542909776473013,0.001767094342286075,0.00042158978885724227,0,0.000002550691458600588,0.0004197771993225159,0.0007910537328705969,0.0028945292613700734,0.1144568356686004,0.11735136492997048
1.495,6.634663898213125e-8,0.000007406942001053216,0.0028968778062625224,0,0,0,0,0,0,0,0,0.0015663868726599167,0.0015673059027288194,0.0000021595586894269423,0.000926310667853919,0,0,0,0.0000905181073983762,0,0.000017561816712915454,0,0.0017096950983452267,0.0017096950983452267,0.0017096950983452267,0.001643054235362653,0,0.0017821491531650466,0.0003346456122621631,0.033300542116099265,0.06610986913728982,0.0018764686400840822,0.00042550840174090883,0,0.000002747399350151679,0.0004395052172421841,0.0008291889034116002,0.002904351094902558,0.11604300703708692,0.11894735813198948
1.5,6.656853419489927e-8,0.0000072975668423614705,0.002906761045172151,0,0,0,0,0,0,0,0,0.0016041720656594747,0.0016211177915955713,0.0000025341647888706838,0.0009793485830383824,0,0,0,0.00009089435655323622,0,0.000018932087310759345,0,0.0017483934597268612,0.0017483934597268612,0.0017483934597268612,0.0017038289475348233,0,0.001818437954792426,0.00033416188962030524,0.03349746070864794,0.06651346852997182,0.0019836536349696985,0.00042820123810634916,0,0.0000029468714291037727,0.00045762338801541347,0.0008641902766098712,0.0029141251805487075,0.11716615286782463,0.12008027804837333
1.5050000000000001,6.679042940733854e-8,0.000007189209211029332,0.0029166436254823777,0,0,0,0,0,0,0,0,0.0016421376612342062,0.0016740800160603983,0.0000029779946579783994,0.0010349189215939406,0,0,0,0.00009123573015685875,0,0.000020323890309913607,0,0.0017872530815377374,0.0017872530815377374,0.0017872530815377374,0.0017653792510986875,0,0.001859108388297573,0.00033364265460520174,0.033687559588741145,0.06687866993581505,0.0020959435612671897,0.00043045411008563606,0,0.000003160993276857073,0.00047594402686641,0.0008999381247430404,0.0029238996251228144,0.11825723409342329,0.1211811337185461
1.51,6.701232461945235e-8,0.000007084670487274063,0.00292652555386527,0,0,0,0,0,0,0,0,0.0016806131116404953,0.0017289135889399546,0.0000035040046387541146,0.0010933538741770335,0,0,0,0.00009159983472762926,0,0.000021778975325105957,0,0.0018267637146216612,0.0018267637146216612,0.0018267637146216612,0.0018261220202888777,0,0.001900543701301292,0.0003331715499875965,0.03386096302165684,0.0672254841152447,0.0022140098970187595,0.0004326371583025542,0,0.000003391328103704964,0.000494424656321328,0.0009356952790633718,0.0029336772366771635,0.11932649726060299,0.12226017449728015
1.5150000000000001,6.72342198312439e-8,0.000007009650155862234,0.0029364068369026482,0,0,0,0,0,0,0,0,0.001725152785439454,0.001786536061725037,0.0000041268217228081345,0.001157460193271535,0,0,0,0.00009216620535996124,0,0.000023330996646171176,0,0.001873432816364966,0.001873432816364966,0.001873432816364966,0.0018919759734446124,0,0.0019474566766500333,0.00033352904067948186,0.034117055891889576,0.0677376966763785,0.0023435341918997105,0.00043636464793391465,0,0.0000036483194021357812,0.0005145390360149451,0.0009742867486357903,0.0029434837212783415,0.12070915871618855,0.12365264243746689
1.52,6.745611504271637e-8,0.000006935310825322842,0.002946287481087607,0,0,0,0,0,0,0,0,0.0017707430331665097,0.0018448946236935594,0.000004848511168655385,0.0012246868499562963,0,0,0,0.00009271316263360955,0,0.000024916182944502775,0,0.0019211865012057293,0.0019211865012057293,0.00192118650120573,0.0019593012898771038,0,0.001995949201372834,0.0003338674206336488,0.03437465595931069,0.06821884055069796,0.0024793486534447668,0.0004396932722254395,0,0.000003925714448237598,0.0005344881492065108,0.001013702095206966,0.0029532902480279726,0.1220801341736045,0.12503342442163248
1.5250000000000001,6.767801025387293e-8,0.000006874133542851046,0.002956167492826015,0,0,0,0,0,0,0,0,0.0018193629366940955,0.0019046756645381016,0.000005672729675076619,0.0012966044889807724,0,0,0,0.00009337165922075734,0,0.000026571050773948465,0,0.001972803562033582,0.001972803562033582,0.001972803562033582,0.0020276942476655365,0,0.002048472282311531,0.00033457341945261626,0.03463865619907978,0.06875874573596165,0.002624631366244878,0.000443654961440593,0,0.00000422920199574997,0.0005555504323339086,0.0010548841415859598,0.00296310930437912,0.1235557612040557,0.12651887050843483
1.53,6.789990546471665e-8,0.000006821513822047213,0.0029660468784379803,0,0,0,0,0,0,0,0,0.0018697931886030254,0.0019656512585256624,0.000006590821920918478,0.0013729973986113075,0,0,0,0.00009409192871618623,0,0.00002824707579485921,0,0.0020276532629175483,0.0020276532629175483,0.0020276532629175483,0.002097222325692432,0,0.002104248540112246,0.00033551705430378593,0.034940480655493475,0.06935879569344858,0.002778943454973775,0.00044748048876548787,0,0.000004559758920657362,0.0005774482114763507,0.0010968190825199205,0.002972936292165492,0.1251618467266313,0.1281347830187968
1.5350000000000001,6.81218006752506e-8,0.000006769274317858966,0.002975925644159289,0,0,0,0,0,0,0,0,0.0019208985865661974,0.0020280435531736373,0.000007582862410224224,0.0014530280230842776,0,0,0,0.00009480418553499864,0,0.000029942586091340376,0,0.0020825206609501766,0.0020825206609501766,0.0020825206609501766,0.002165825687359215,0,0.0021592418401822355,0.0003364481968320979,0.03521846065787932,0.06994053149289733,0.002940587918103402,0.0004512805421100162,0,0.000004916782666239783,0.0005993491220696502,0.0011389145789522733,0.0029827630402778234,0.12673741859876297,0.1297201816390408
1.54,6.834369588547776e-8,0.00000665388158673405,0.0029858037961428114,0,0,0,0,0,0,0,0,0.0019611928501384267,0.0020780529294706597,0.00000857372631736679,0.0015274775753455281,0,0,0,0.00009491415438123957,0,0.000031444519915218394,0,0.0021242190378302278,0.0021242190378302278,0.0021242190378302278,0.0022249375735992104,0,0.002202268336540274,0.00033532713722076834,0.03530702564961374,0.07009906946040811,0.0030909088953396096,0.00045226594417180984,0,0.000005267904691601049,0.000617589068553532,0.0011749351583476744,0.002992526021425431,0.12758390799754546,0.1305764340189709
1.5450000000000002,6.856559109540117e-8,0.000006507807263405277,0.002995681340459883,0,0,0,0,0,0,0,0,0.001994298400739936,0.002122172743613861,0.000009548023736189477,0.0015995561523472737,0,0,0,0.00009474613716396294,0,0.000032858565796716034,0,0.0021586787462903488,0.0021586787462903488,0.0021586787462903488,0.0022768461957283588,0,0.002235734090286459,0.0003331231068731039,0.035279087161236004,0.07002391956299482,0.0032364063660863134,0.00045185749983652195,0,0.0000056281458097602815,0.0006336869016693506,0.0012066037931373732,0.0030022577133143836,0.12801210908592706,0.13101436679924144
1.55,6.878748630502372e-8,0.000006364390617727991,0.0030055582831016547,0,0,0,0,0,0,0,0,0.0020264028305749756,0.0021662356947865355,0.000010513615765916393,0.001673779793674927,0,0,0,0.00009453313971797833,0,0.00003423381356514592,0,0.002191038572248159,0.002191038572248159,0.0021910385722481588,0.0023294545003582764,0,0.0022684298792829127,0.00033089299514427347,0.03523374444866382,0.06997998186409221,0.003386219349730786,0.0004515939692497258,0,0.0000060112559258370384,0.0006496430143651144,0.0012377200298085889,0.0030119914612056877,0.1284525059114515,0.13146449737265717
1.5550000000000002,6.900938151434834e-8,0.000006260725751709622,0.003015434629980422,0,0,0,0,0,0,0,0,0.0020663345407402104,0.0022180420257859575,0.000011501405486322849,0.0017567848706153669,0,0,0,0.00009464561487697322,0,0.00003572162680042879,0,0.0022310109770005485,0.0022310109770005485,0.0022310109770005485,0.002388734492335206,0,0.0023073651870827287,0.0003298940158547277,0.035331578730240086,0.07014539704148179,0.0035537720570696244,0.00045303580945906826,0,0.0000064426179533681774,0.0006676378868544372,0.0012730212748702186,0.003021764365113646,0.12933294212850815,0.1323547064936218
1.56,6.923127672337788e-8,0.0000061582227024135394,0.00302531038693092,0,0,0,0,0,0,0,0,0.0021057115093642137,0.002269967512656391,0.00001246951561117853,0.0018424655375807795,0,0,0,0.00009478972721220925,0,0.00003721433307389581,0,0.0022712550251214633,0.0022712550251214633,0.0022712550251214633,0.0024508647980216558,0,0.0023459369056739944,0.00032886194172486753,0.03542771795831936,0.07029878061347601,0.003726709757445765,0.0004544414725435852,0,0.000006902316447122098,0.0006854272290354314,0.0013078454874544945,0.003031537840910057,0.13020987169100534,0.1332414095319154
1.565,6.945317193211515e-8,0.00000605279734227807,0.0030351855597115984,0,0,0,0,0,0,0,0,0.002143177995858056,0.0023197866423759193,0.00001340544963514813,0.0019299415532778193,0,0,0.000008538930810403832,0.00009484569135306051,0,0.000038692090783535605,0,0.002308732415004994,0.002308732415004994,0.002308732415004994,0.0025108095014697474,0,0.002382369594810928,0.0003276549912960855,0.03550596183521175,0.07045149638227297,0.0039032514641329503,0.0004553153570521154,0,0.000007386419388463885,0.0007028089306132864,0.001342102924818571,0.0030413078102258084,0.1310637430001758,0.13410505081040158
1.57,6.967506714056302e-8,0.000005937457972336597,0.003045060154005871,0,0,0,0,0,0,0,0,0.002176446568116149,0.0023679716169912744,0.000014300740449869947,0.002017464052014306,0,0,0.00012310795010934443,0.00009475193930272901,0,0.00004014776990294439,0,0.0023418671047952307,0.0023418671047952307,0.0023418671047952307,0.0025686448301029483,0,0.0024134882131784576,0.00032601983524195165,0.03554258287310776,0.07050043535699722,0.0040798602350236995,0.00045560235202062055,0,0.000007892486891659304,0.0007187421456767184,0.0013746895016000635,0.003051067287045348,0.1318477497811134,0.13489881706815876
1.5750000000000002,6.98969623487242e-8,0.0000058235923303345725,0.003054934175423338,0,0,0,0,0,0,0,0,0.002209791327896527,0.002415854997862714,0.000015157273589347394,0.002107140790822343,0,0,0.0002997688665633457,0.00009467267590114173,0,0.00004163462240229504,0,0.0023723811813052137,0.0023723811813052137,0.0023723811813052137,0.0026252912824883253,0,0.0024452948006969707,0.00032434762012575506,0.03555744035052116,0.07055753138231773,0.0042607987770723835,0.0004555673268743894,0,0.00000842892793608598,0.0007343391904064843,0.0014048194306831563,0.0030608276647160213,0.13267502318807578,0.1357358508527918
1.58,7.011885755660136e-8,0.0000057151726924681055,0.00306480762950098,0,0,0,0,0,0,0,0,0.00224282865660491,0.00246462766185184,0.00001597146039907522,0.0021998724767082318,0,0,0.0005160514143948651,0.00009461396238953349,0,0.000043196674254912324,0,0.002405079109880385,0.002405079109880385,0.002405079109880385,0.002685488705416344,0,0.0024768602663898585,0.0003227840541628307,0.035581000991914455,0.07063916707379612,0.0044478875095804,0.0004557594989963511,0,0.0000089925741525971,0.0007502233025216084,0.0014360445036331946,0.003070592921051005,0.1335966081168083,0.1366672010378593
1.585,7.034075276419722e-8,0.000005611734873921847,0.0030746805217043475,0,0,0,0,0,0,0,0,0.0022751713497375396,0.002514466593253782,0.00001677196273474872,0.0022956331320294105,0,0,0.000761768571066693,0.00009458232517523628,0,0.000044838427071747405,0,0.0024372786460080693,0.0024372786460080693,0.0024372786460080693,0.002746581892294943,0,0.002506872751511497,0.0003213194351971585,0.03563384704492511,0.07073625659234777,0.004641072587107961,0.0004558594645369291,0,0.00000958978922056867,0.0007660027938822254,0.001465543484205019,0.0030803625973310337,0.13459801413432254,0.13767837673165356
1.59,7.056264797151447e-8,0.000005509516948098059,0.003084552857428703,0,0,0,0,0,0,0,0,0.0023068194820784686,0.002564728442035033,0.000017535851981929167,0.0023934491502559316,0,0,0.0010301943048764408,0.00009454370914567022,0,0.000046581381695168026,0,0.0024666186255225503,0.0024666186255225503,0.0024666186255225503,0.0028087919965993145,0,0.0025328569023655664,0.00031981902482271154,0.03567221089500865,0.07081664940743691,0.0048383844435705954,0.00045612346378939454,0,0.000010217544841794735,0.0007809283589940625,0.0014948437526259557,0.0030901329370247727,0.13558453398869125,0.138674666925716
1.5950000000000002,7.078454317855571e-8,0.000005398342443498588,0.0030944246420001533,0,0,0,0,0,0,0,0,0.0023345833360066248,0.002611589609714143,0.00001825053986391308,0.0024901717257021423,0,0,0.0013149791629993562,0.00009437525399314577,0,0.000048304594422892687,0,0.002491146263515139,0.002491146263515139,0.002491146263515139,0.002868648081362357,0,0.0025586267286464267,0.00031789432229504096,0.03565662679773493,0.07078755854063759,0.005033457327992237,0.0004557642611477827,0,0.000010859264607468905,0.000794076401808624,0.0015220026606712162,0.00309989376898683,0.13639120740015132,0.13949110116913815
1.6,7.100643838532354e-8,0.000005285690582214146,0.0031042958806767663,0,0,0,0,0,0,0,0,0.002359597071505547,0.002657652826443889,0.000018928263826863343,0.0025875019474626286,0.0026222590946238153,0,0.00161273579950702,0.00009413844740557807,0,0.000050195511160353245,0,0.002514217279526308,0.002514217279526308,0.0025142172795263084,0.0029252341098062284,0,0.0025791180628243877,0.00031581785192391355,0.03562777824005038,0.07074505836142918,0.005229730000959173,0.0004546901984914388,0.005244518189247631,0.000011519485459034325,0.000807076422601141,0.0015462109532909964,0.0031096525776973657,0.14503241267659814,0.1481420652542955
1.605,7.122833359182046e-8,0.000005174235700601627,0.0031141665786496467,0,0,0,0,0,0,0,0,0.00238389758817085,0.0027023975841850094,0.00001956732395514577,0,0.0029645106914477147,0,0.0019207422309028728,0.00009389050563946797,0,0.00005213763168442975,0,0.002537446913151524,0.002537446913151524,0.002537446913151524,0.002982553789062236,0,0.0026033279322989263,0.00031369041681517237,0.03558979211989773,0.0706522500553332,0,0.0004539919568366715,0.005929021382895429,0.000012204158980350001,0.0008190766923327757,0.0015698234097290874,0.00311941204268384,0.13867521620962164,0.1417946282523055
1.61,7.145022879804905e-8,0.000005053034439123375,0.003124036741044014,0,0,0,0,0,0,0,0,0.00240589723815269,0.002743050853739804,0.0000201438335534556,0,0.0033049104701450907,0,0.0022333116458774487,0.00009347262755800441,0,0.00005410385423524502,0,0.002555352700698889,0.002555352700698889,0.002555352700698889,0.00303740495980305,0,0.002620488109647454,0.0003110726118573498,0.03548452337176048,0.0704779188803912,0,0.0004527069174297581,0.006609820940290181,0.000012893037777441038,0.0008292836289955327,0.0015913155863967268,0.0031291612257119353,0.1399483766697076,0.14307753789541955
1.6150000000000002,7.167212400401182e-8,0.000004933676004676861,0.003133906372920243,0,0,0,0,0,0,0,0,0.002425539222008148,0.002780772402025019,0.00002069278342933692,0,0.003645691976827536,0,0.00255058864558293,0.00009302276487252026,0,0.00005629203941829139,0,0.002574783843569269,0.002574783843569269,0.002574783843569269,0.0030873941360545316,0,0.002634768159159962,0.00030841576928453715,0.03538980392831372,0.07021741226022372,0,0.0004505776375194303,0.007291383953655072,0.000013596345137842098,0.0008387698890971034,0.001609211983542387,0.003138911721048924,0.1411382854268599,0.14427719714790885
1.62,7.189401920971114e-8,0.000004817702225654933,0.003143775479274892,0,0,0,0,0,0,0,0,0.0024438574377592557,0.0028206501971009303,0.00002121896153608143,0,0.003986370253101502,0,0.0028713313264608635,0.00009258315178507608,0,0.000058537782228688675,0,0.002593890075254382,0.002593890075254382,0.002593890075254382,0.0031396301830103448,0,0.00265197943432695,0.00030578514456983515,0.035271261391328954,0.06997766253168226,0,0.00044885859146936654,0.007972740506203004,0.000014316792632871324,0.0008473113342333333,0.001628903278553663,0.003148665075519757,0.14233466852374613,0.14548333359926588
1.625,7.211591441514951e-8,0.0000047073991245377675,0.0031536440650417074,0,0,0,0,0,0,0,0,0.0024646700945318593,0.002858536390285619,0.000021706220880192675,0,0.00432744389704509,0,0.0031952179554688657,0.00009217643527739107,0,0.000060911449958605863,0,0.0026119098960840424,0.0026119098960840424,0.0026119098960840424,0.0031927540112212482,0,0.002668264070032863,0.00030328190654498044,0.03515123203490615,0.06981174448375108,0,0.00044705799088831915,0.00865488779409018,0.000015062655532816764,0.0008565711102831607,0.001645257400291859,0.00315842358008066,0.1436025055892424,0.14676092916932307
1.6300000000000001,7.233780962032933e-8,0.000004598704576338326,0.0031635121350926175,0,0,0,0,0,0,0,0,0.002482849313103119,0.0028969681484974563,0.00002218035980885643,0,0.004665916431301605,0,0.0035194886312094513,0.00009179260083059988,0,0.000063402580354767,0,0.0026288717179498156,0.0026288717179498156,0.0026288717179498156,0.0032447749742560883,0,0.0026874082598886697,0.00030074091251363293,0.03503545038389545,0.06958811929437432,0,0.00044511841316322926,0.00933183286260321,0.00001582396293767692,0.0008646302208286735,0.0016622636589460407,0.0031681831774785763,0.1448053761623623,0.14797355933984088
1.635,7.255970482525297e-8,0.0000044854982559091634,0.003173379694238694,0,0,0,0,0,0,0,0,0.0024981690860666934,0.002929984382300747,0.00002261743057895064,0,0.004996377558413235,0,0.003839472741571043,0.0000912543193295447,0,0.00006595225349018717,0,0.002642937287462418,0.002642937287462418,0.002642937287462418,0.0032947167931684186,0,0.0027005514622512076,0.0002978954720670808,0.0348847970162833,0.0692548650761072,0,0.0004435105866635024,0.00999275511682647,0.000016580500109883333,0.0008719173634289539,0.0016754359051112371,0.003177937752199428,0.1458056649261549,0.14898360267835434
1.6400000000000001,7.278160002992278e-8,0.0000043688799750629325,0.003183246747231108,0,0,0,0,0,0,0,0,0.0025108593571867947,0.002961590476558762,0.000023011124337218375,0,0.005317618235769851,0,0.004153617646703724,0.00009062008298689539,0,0.00006857778302873185,0,0.002654374035246682,0.002654374035246682,0.002654374035246682,0.0033388422501288884,0,0.002712339821493861,0.0002947815634921177,0.034696921603627404,0.06890041231815891,0,0.00044093038930116153,0.010635236471539702,0.000017326688607510846,0.0008765723487605669,0.0016857651946558373,0.003187688408806201,0.14668814546207798,0.14987583387088418
1.645,7.300349523434101e-8,0.000004254205228781331,0.003193113298762063,0,0,0,0,0,0,0,0,0.0025210301180150726,0.0029912775475710893,0.000023357657172133365,0,0.0056324598940440535,0,0.00446363331451938,0.00008999985742025646,4.849969142740723e-8,0.00007126229360194744,0,0.002664459214658111,0.002664459214658111,0.002664459214658111,0.0033805580163074134,0,0.0027205687865762954,0.0002916307741839703,0.03451539873061888,0.06849515265049679,0,0.00043782826167071957,0.011264919788088107,0.00001807828180737281,0.0008813108168568521,0.0016943289565652733,0.0031974405074860785,0.14748622188918137,0.15068366239666744
1.6500000000000001,7.322539043851004e-8,0.00000414306233841137,0.0032029793534657084,0,0,0,0,0,0,0,0,0.00253088795516426,0.0030187959930872456,0.00002368244945489928,0,0.005941744700843898,0,0.004769858608277876,0.00008943732663670857,2.3935684004502183e-7,0.00007402537865204716,0,0.0026764612266027064,0.0026764612266027064,0.0026764612266027064,0.0034238091466003563,0,0.00273316236626676,0.0002885178249791846,0.034330665215487624,0.06816633546252533,0,0.00043538421172890695,0.011883489401687796,0.00001883540513920688,0.000885235941262341,0.0017025932138174395,0.0032071956411945583,0.14834608363826002,0.15155327927945458
1.655,7.344728564243206e-8,0.000004034186376437632,0.003212844915919041,0,0,0,0,0,0,0,0,0.0025410128534222036,0.003044136498810981,0.00002400426116233192,0,0.006243949241080475,0,0.005070805094947527,0.00008873778860165117,5.646858768573604e-7,0.00007691364387949387,0,0.0026865427829955366,0.0026865427829955366,0.0026865427829955366,0.0034635027306044587,0,0.0027442701449828565,0.00028538872941979765,0.03409936801706985,0.06772260834479807,0,0.0004323683120047377,0.01248789848216095,0.00001959593325713965,0.000888739386894396,0.001709706721537044,0.003216952549581121,0.14900319921949745,0.15222015176907858
1.6600000000000001,7.366918084610932e-8,0.000003926727143668837,0.0032227099906427825,0,0,0,0,0,0,0,0,0.002549978377134513,0.003068815366028626,0.000024286413479261132,0,0.006537698162157606,0,0.005365098364029107,0.00008806072606333136,0.0000010142718266766045,0.0000797912786530678,0,0.002694654105008711,0.002694654105008711,0.002694654105008711,0.0035028082042198013,0,0.0027515816760034094,0.00028220528584045536,0.033916116702985645,0.06730480458893026,0,0.0004292515705559758,0.013075396324315211,0.000020348171456433062,0.0008911588953847111,0.0017156769774488152,0.0032267103869672974,0.14968805367153903,0.15291476405850632
1.665,7.389107604954408e-8,0.0000038126579109886166,0.003232574582102247,0,0,0,0,0,0,0,0,0.0025545511030509696,0.0030886600596784983,0.000024488916272314824,0,0.006812856775971534,0,0.005644105991133876,0.00008724681780814963,0.0000015753104262225718,0.00008250550433615518,0,0.0027003460872801126,0.0027003460872801126,0.0027003460872801117,0.0035348446223813436,0,0.0027562386475054935,0.00027857702452905203,0.03362721506414955,0.0667334065049783,0,0.00042553417290765486,0.013625713551943069,0.000021068596508971387,0.0008924407665707253,0.0017178269241041573,0.003236461131089285,0.15000989461609637,0.15324635574718565
1.6700000000000002,7.411297125273843e-8,0.0000037007118449490417,0.003242438694708196,0,0,0,0,0,0,0,0,0.002556928361798885,0.0031064907358342086,0.00002468184059044962,0,0.007077977115472222,0,0.005914558051788792,0.00008643557638359169,0.0000022393433578286103,0.00008525853081961377,0,0.0027023635186905906,0.0027023635186905906,0.0027023635186905906,0.003565656016332302,0,0.0027579815175877843,0.00027491572195616426,0.033342009566572295,0.06617637878974769,0,0.00042152161941328873,0.014155954230944444,0.000021781811174843632,0.0008918646800791354,0.0017182350041814566,0.003246213519524398,0.15028795907010675,0.15353417258963115
1.675,7.433486645569457e-8,0.0000035949216740794374,0.003252302332817663,0,0,0,0,0,0,0,0,0.002559375199912758,0.0031223581702909376,0.000024850187901692643,0,0.007334872256249851,0,0.006177800035152817,0.00008559671813218691,0.0000029932334163597345,0.00008810906247342592,0,0.0027071366779576247,0.0027071366779576247,0.0027071366779576247,0.0035949850031159985,0,0.0027630491352799804,0.00027130371109777813,0.03304803985164096,0.0656300056183608,0,0.00041819814105818406,0.014669744512499703,0.000022489214536162064,0.000891328647669112,0.0017177345778870044,0.0032559715893581984,0.1505442433105486,0.1538002148999068
1.6800000000000002,7.455676165841461e-8,0.000003540473689937474,0.0032621655007347783,0,0,0,0,0,0,0,0,0.0025633775309360876,0.003138318656520453,0.000025014314245001346,0,0.007586610378870762,0,0.006436313966236086,0.00008477063503116225,0.000003835935716457506,0.00009098351231278637,0,0.002712196814654865,0.002712196814654865,0.002712196814654865,0.003624381635316077,0,0.002766553682855398,0.0002678512457279391,0.03278278659969901,0.0651205290139141,0,0.0004142541828525563,0.015173220757741523,0.00002320232358434172,0.0008904547095256255,0.0017161948562878341,0.003265780531186374,0.1508452443813378,0.15411102491252418
1.685,7.477865686090066e-8,0.0000034858152439236476,0.00327202820271157,0,0,0,0,0,0,0,0,0.0025655597665657647,0.0031502684397653074,0.00002515441971338406,0,0.007827940500682801,0,0.006685564117183558,0.00008397370273872301,0.0000047534409688650346,0.00009375702261725651,0,0.0027133336485625137,0.0027133336485625137,0.0027133336485625137,0.0036508077399696726,0,0.0027747888057106725,0.0002643672799947898,0.03251424061050866,0.06454805275706645,0,0.0004106210355656882,0.015655881001365602,0.000023904423111937278,0.000889051992657215,0.0017132514678043559,0.0032755887966123545,0.15102193946967823,0.1542975282662906
1.69,7.500055206315482e-8,0.000003427783491434108,0.003281890442948756,0,0,0,0,0,0,0,0,0.0025630179482113106,0.0031604400208780966,0.000025239923996856316,0,0.00805112292040903,0,0.0069187721569730805,0.00008308412857785667,0.00000573419176215996,0.00009640551648605852,0,0.0027131610926249207,0.0027131610926249207,0.0027131610926249207,0.0036725576882894982,0,0.0027746230397958428,0.0002606110041364549,0.03217852259657453,0.06391168043752583,0,0.0004061528677484509,0.01610224584081806,0.000024569231708158006,0.0008864069587208728,0.0017081602721139475,0.0032853932269922533,0.15096883002260086,0.15425422324959312
1.695,7.522244726517911e-8,0.000003367042672632464,0.0032917522255965156,0,0,0,0,0,0,0,0,0.002557786034433632,0.0031655326505526304,0.000025274867711872073,0,0.008256522121437682,0,0.007136028534316215,0.0000821193472257861,0.000006766794888324707,0.00009888884683078938,0,0.0027076346726740467,0.0027076346726740467,0.0027076346726740467,0.0036905685894787076,0,0.0027690659552897863,0.0002566309058769063,0.031827826923183915,0.06322443106961621,0,0.0004013822184418395,0.016513044242875363,0.000025194922977108526,0.0008822933693325199,0.0017010115898760893,0.0032951944907164132,0.1507432730023675,0.15403846749308392
1.7000000000000002,7.544434246697558e-8,0.000003306193839027949,0.0033016135547552484,0,0,0,0,0,0,0,0,0.0025526864229389466,0.0031673786042802172,0.00002529778626723283,0,0.008449748804228024,0,0.007342018187201282,0.0000811102996937302,0.0000078395558662772,0.0001013348844562215,0,0.0027012961893927664,0.0027012961893927664,0.002701296189392767,0.0037046604766396317,0,0.002763943052911955,0.0002526239448203832,0.031469287287425575,0.0624981585981685,0,0.0003969465377623939,0.01689949760845605,0.000025796345650297204,0.0008769746334009447,0.0016921659346715871,0.003304995192936743,0.15041135753301754,0.1537163527259543
1.705,7.566623766854621e-8,0.0000032475939134843236,0.003311474434476328,0,0,0,0,0,0,0,0,0.0025467561661244313,0.003171357267648719,0.000025304728119835103,0,0.008636864409662992,0,0.007541940726692887,0.00008017626975047712,0.000008962787405105504,0.00010379065398846375,0,0.0026967972081680374,0.0026967972081680374,0.0026967972081680383,0.003719210006825607,0,0.0027583129966058887,0.00024877035873774366,0.031122604988565106,0.061816265214686396,0,0.0003919969815158468,0.017273728819325984,0.000026400425676315334,0.0008721460981048187,0.001682666300952476,0.003314797694627481,0.1501176468248932,0.15343244451952068
1.71,7.588813286989299e-8,0.0000031894526477329617,0.003321334868762828,0,0,0,0,0,0,0,0,0.0025384341335526234,0.0031725110642818024,0.000025313192061076156,0,0.00881347098183576,0,0.007731929779268343,0.00007917964366055137,0.00001010625548800556,0.00010620616339631607,0,0.0026902848166807897,0.0026902848166807897,0.0026902848166807892,0.003732780772970164,0,0.002749622830981254,0.0002449337281495526,0.030760588590193424,0.06113474949916581,0,0.0003876976035038353,0.01762694196367152,0.000026988297871015454,0.000866931139090632,0.0016722254460683828,0.003324600209543431,0.14975146553525243,0.15307606574479585
1.715,7.61100280710179e-8,0.0000031309888991973475,0.0033311948615702483,0,0,0,0,0,0,0,0,0.0025301967328306496,0.003171829226245336,0.000025286773123262954,0,0.008977340339921425,0,0.007909964624844045,0.00007822143465834,0.000011279202929394615,0.00010856040646802672,0,0.002683873435560296,0.002683873435560296,0.002683873435560296,0.0037443887924834916,0,0.002746415255232109,0.00024105394842894145,0.030406622631417184,0.06041398013831852,0,0.00038251258377624474,0.01795468067984285,0.00002755030541745809,0.0008615242031012522,0.0016610615137464266,0.0033344019604975164,0.14930408909946585,0.15263849105996338
1.7200000000000002,7.633192327192286e-8,0.0000030688618501682447,0.003341054416807216,0,0,0,0,0,0,0,0,0.002518229432028372,0.0031654004636801464,0.00002521522306856531,0,0.009118331585107699,0,0.00806699876160928,0.00007714016179097364,0.000012447372380710302,0.00011082938591116603,0,0.0026711117025635268,0.0026711117025635268,0.0026711117025635268,0.003749136973682684,0,0.002734165804426193,0.00023687273602290582,0.029998522944290555,0.0596000626489194,0,0.00037725605573602953,0.018236663170215398,0.000028048995885197706,0.0008536126465973831,0.0016476658865228497,0.003344199610580656,0.14856993535556606,0.15191413496614672
1.725,7.655381847260978e-8,0.0000030067309156771338,0.0033509135383361873,0,0,0,0,0,0,0,0,0.002504796113183306,0.0031593827123895515,0.00002513348978181211,0,0.009246457161674061,0,0.008211754491337136,0.00007601525410102133,0.000013621411341938212,0.00011309486866136827,0,0.0026605579037201803,0.0026605579037201803,0.0026605579037201803,0.0037528941325647392,0,0.002720668126244311,0.00023267086806456826,0.02958925111063822,0.05878004355479148,0,0.0003722249136449856,0.018492914323348122,0.000028516179561554227,0.0008451385124698795,0.0016315449621849673,0.003353996823070337,0.14777779589714357,0.1511317927202139
1.73,7.677571367308052e-8,0.000002945096625608885,0.003360772229974121,0,0,0,0,0,0,0,0,0.002489872486435999,0.003151917507255243,0.000025035774692864895,0,0.009363223526191506,0,0.00834551981078587,0.00007495652313694462,0.00001479338784033461,0.00011516742993576691,0,0.002646034044218423,0.002646034044218423,0.002646034044218423,0.003755154298698827,0,0.0027046391524170195,0.00022848693009595126,0.02916087530036744,0.057937406280694034,0,0.00036649058729189266,0.01872644705238301,0.000028969651260426616,0.0008370350979489936,0.0016146194158400819,0.0033637941023134032,0.14687871234592748,0.1502425064482409
1.735,7.699760887333699e-8,0.0000028845282222579425,0.0033706304954931594,0,0,0,0,0,0,0,0,0.0024736859687483443,0.003141013156669907,0.000024914644718121188,0,0.00947058438264521,0,0.008470006886655492,0.00007384254004223835,0.000015941669248002785,0.00011740847003716126,0,0.0026279765869363786,0.0026279765869363786,0.0026279765869363786,0.0037559976765283213,0,0.0026935711249242446,0.00022436525353793622,0.02876168200611628,0.057105608375939636,0,0.00036154218924223204,0.01894116876529042,0.000029396908903655855,0.0008279575545088626,0.0015985696265449505,0.0033735920213242908,0.14597118696111014,0.14934477898243442
1.7400000000000002,7.721950407338107e-8,0.0000028239938119337044,0.0033804883386212782,0,0,0,0,0,0,0,0,0.0024556156609844685,0.0031298290389953957,0.00002478850216342354,0,0.009565318857726905,0,0.008582311294434642,0.00007273795668633474,0.00001708067066898136,0.00011970185580140514,0,0.0026123253083935385,0.0026123253083935385,0.0026123253083935385,0.0037543535857487037,0,0.0026757994375893246,0.00022022577037607158,0.02834284792127459,0.05625338672352562,0,0.0003558258089646778,0.01913063771545381,0.000029797551158309784,0.0008184073749333581,0.0015811619893748754,0.0033833895519372855,0.1449668036410415,0.1483501931929788
1.745,7.744139927321449e-8,0.0000027627275045768223,0.0033903457630429347,0,0,0,0,0,0,0,0,0.002436427571052546,0.0031175219740177357,0.000024616677168514713,0,0.009644716667513722,0,0.008679954357940488,0.00007156766535537487,0.000018174520782645224,0.0001219095864337103,0,0.002594536432008655,0.002594536432008655,0.002594536432008655,0.003751254515660002,0,0.002658621340688337,0.00021600838220184047,0.02789786374468656,0.05538860119699777,0,0.00035000985237350145,0.019289433335027445,0.000030159923138611072,0.0008091097950066779,0.001562730859720699,0.003393185931946785,0.14385229126179214,0.14724547719373893
1.75,7.76632944728391e-8,0.0000027009572286387754,0.003400202772399709,0,0,0,0,0,0,0,0,0.0024151723393531,0.0031003834681960557,0.000024424793835362498,0,0.009709332177262605,0,0.008763379688062841,0.00007041252177400917,0.000019229241632419577,0.00012413806610226698,0,0.0025733617364989973,0.0025733617364989973,0.0025733617364989973,0.0037445730892198795,0,0.0026383144776693382,0.00021173027180964313,0.027453335538657524,0.054515352614594746,0,0.00034446017406502844,0.01941866435452521,0.000030477423733154995,0.0007979849654444587,0.0015417865252522046,0.003402981392922821,0.14264323694068684,0.14604621833360967
1.7550000000000001,7.788518967225675e-8,0.0000026393017326293724,0.0034100593702909208,0,0,0,0,0,0,0,0,0.0023921492014345887,0.00308537485081928,0.000024219897475957524,0,0.009761269223310007,0,0.008834444226043408,0.00006922613574297044,0.000020249986115823288,0.00012642088218788614,0,0.002552430710563973,0.002552430710563973,0.002552430710563973,0.003738808907973076,0,0.002615604631653298,0.0002074395205979519,0.026981570022148824,0.053603066030965894,0,0.000338537618236487,0.019522538446620014,0.00003076505396051108,0.0007868711220310453,0.001520776089502998,0.0034127765572132224,0.14131662397851194,0.14472940053572517
1.7600000000000002,7.81070848714691e-8,0.00000258039604834369,0.0034199155602742445,0,0,0,0,0,0,0,0,0.0023704106475395796,0.0030703124759020105,0.000024019487988530127,0,0.009810562361979696,0,0.00890222567654282,0.0000680586695864231,0.000021198964110230797,0.00012881801733829234,0,0.002533119011335513,0.002533119011335513,0.002533119011335513,0.0037337328328064306,0,0.0025934332014294287,0.0002033436076125445,0.02654603823438229,0.052719683447184154,0,0.0003330326758525688,0.019621124723959393,0.000031051507494525344,0.0007763664483872107,0.0015006807823095525,0.0034225740634074597,0.14005345079641224,0.1434760248598197
1.7650000000000001,7.832898007047795e-8,0.000002522158869887302,0.003429771345866316,0,0,0,0,0,0,0,0,0.0023487061993048655,0.003054254030933062,0.000023809936676968978,0,0.00984992441099491,0,0.008960137774380577,0.00006697149850795636,0.000022135854651633204,0.00013135436571995384,0,0.002512232673512116,0.002512232673512116,0.0025122326735121155,0.0037295651975912157,0,0.00257288850130629,0.00019927956277462368,0.02612557009299834,0.05187931611341941,0,0.00032748710389025404,0.01969984882198982,0.000031306706521112605,0.0007654563114309961,0.001479384396569549,0.0034323718337162736,0.13880409490019788,0.14223646673391416
1.77,7.855087526928502e-8,0.0000024637243617227825,0.003439626730543321,0,0,0,0,0,0,0,0,0.0023246307523199896,0.0030348341622455127,0.0000235704710740384,0,0.009876085336251643,0,0.009005190631965357,0.00006583777084970106,0.000022989882527705977,0.0001338167285163858,0,0.0024900189637793307,0.0024900189637793307,0.0024900189637793307,0.003722177480474744,0,0.002547264043638417,0.00019517898417411545,0.025664217699286822,0.05101184157176411,0,0.0003221182923465967,0.019752170672503285,0.000031517576518318704,0.0007540394489393102,0.0014579001222381042,0.003442169005780313,0.13741543851897214,0.14085760752475246
1.7750000000000001,7.877277046789201e-8,0.000002401670214639654,0.003449481717741577,0,0,0,0,0,0,0,0,0.002294323251018682,0.0030113956349877105,0.00002329781567862525,0,0.009874912064559066,0,0.009024440727807594,0.00006458476488373755,0.000023743094861435015,0.00013597979892181973,0,0.002462369896191021,0.002462369896191021,0.002462369896191021,0.003706184730314228,0,0.002520690300254381,0.0001907696784829215,0.02517737583371052,0.050000337682749973,0,0.00031577433396963613,0.019749824129118132,0.000031660405497788544,0.0007409916132257787,0.0014322928189873345,0.0034519621607266844,0.1357056883676024,0.1391576505283291
1.7800000000000002,7.899466566630063e-8,0.000002339854198464829,0.003459336310858107,0,0,0,0,0,0,0,0,0.002263664934467903,0.0029842601717122055,0.00002299637519924991,0,0.009861550943285993,0,0.00903165101805962,0.00006331874777565279,0.000024405210122870764,0.0001381576425092423,0,0.002433455673177808,0.002433455673177808,0.002433455673177808,0.0036882769842206853,0,0.0024898073491376117,0.00018635636145343976,0.024682547529952723,0.04900647711797773,0,0.0003091905798561084,0.019723101886571986,0.00003176389435920591,0.0007279873301193852,0.0014076464582280393,0.003461755159722238,0.13394352755454308,0.13740528271426533
1.7850000000000001,7.92165608645125e-8,0.000002280817824506466,0.0034691905132511994,0,0,0,0,0,0,0,0,0.0022352655898799814,0.002959440304502813,0.0000226967832013662,0,0.009847059703643432,0,0.009036955675293855,0.00006210057500752913,0.000025024857067898904,0.00014046608224756526,0.000007706419885755148,0.002406998741539959,0.002406998741539959,0.002406998741539959,0.0036715482496762993,0.0000070592837333850126,0.00246528884702531,0.00018214190267842404,0.024192801877934298,0.048047001421304185,0,0.00030349084116358655,0.019694119407286863,0.000031849372905891224,0.0007151081157114078,0.001382542470243278,0.0034715505476365705,0.13225066400501304,0.1357222145526496
1.79,7.943845606252927e-8,0.0000022270365732791584,0.0034790443282409628,0,0,0,0,0,0,0,0,0.0022113773228060515,0.002938992137110473,0.000022437031105106445,0,0.00984325100570933,0,0.009051264229035209,0.00006101062615569219,0.000025618922298221706,0.00014299428754037315,0.00010959324387396663,0.002385483563470824,0.002385483563470824,0.002385483563470824,0.003660607042031776,0.00010037354512692581,0.0024431279753611653,0.00017832607279086803,0.02376573048790082,0.047220461171128436,0,0.00029808900334699377,0.01968650201141866,0.000031997379123867166,0.0007039117390645165,0.001361325324794181,0.0034813508032703042,0.1310134412481351,0.1344947920514054
1.795,7.966035126035264e-8,0.0000021734155550490047,0.003488897759109867,0,0,0,0,0,0,0,0,0.0021864195933116917,0.0029159835951179974,0.000022183547124547166,0,0.009828716788940747,0,0.00905495897688854,0.000059910419619166306,0.00002611532399379559,0.000145528321841362,0.0002631255034074055,0.002362790011054761,0.002362790011054761,0.002362790011054761,0.0036451069809865294,0.00024094979186431423,0.0024210833018410167,0.00017450298569678433,0.023326502697246468,0.046315995757781316,0,0.00029278115776522524,0.019657433577881495,0.000032090309955846674,0.0006921126347075513,0.0013379105185573831,0.003491150835016176,0.12972778181769348,0.13321893265270965
1.8,7.988224645798414e-8,0.000002116358617756248,0.0034987508091032793,0,0,0,0,0,0,0,0,0.0021573825406589124,0.002886936125048185,0.0000218699471402728,0,0.009786895080448041,0,0.009032743837477328,0.00005873769846642878,0.000026503413821471458,0.00014769115741636164,0.000445487756116001,0.002336412238874448,0.002336412238874448,0.002336412238874448,0.0036227924394204897,0.00040787597488860797,0.0023973457027869714,0.00017038301830610045,0.022834941261326118,0.045360570359602,0,0.00028679849767532136,0.019573790160896082,0.00003210279915503932,0.0006783003210458002,0.0013122656441340614,0.0035009470499674936,0.12825065045245293,0.13175159750242044
1.8050000000000002,8.010414165542542e-8,0.00000205704680705911,0.003508603481429984,0,0,0,0,0,0,0,0,0.002125202128993049,0.0028512616831847617,0.000021514112290211296,0,0.009722338915010627,0,0.008988739183907071,0.00005744755901621934,0.000026773942399643093,0.00014956699063571778,0.0006453696821481781,0.0023069746862829426,0.0023069746862829426,0.002306974686282943,0.003592261721926168,0.0005907860846206109,0.0023701683153922806,0.00016605904270852078,0.02233934608924764,0.04434928985436012,0,0.00028015709082232455,0.019444677830021254,0.000032037611990075456,0.0006644156141382905,0.0012848550520031786,0.0035107406323786985,0.12662319256366478,0.13013393319604347
1.81,8.032603685267801e-8,0.0000019980785994033198,0.003518455779262702,0,0,0,0,0,0,0,0,0.002093345273576522,0.002813123312726041,0.00002114893038820245,0,0.009646932477390518,0,0.008933889545126257,0.000056150969854243156,0.000026958896116757108,0.00015135478248717835,0.0008560717616232372,0.0022783389343088755,0.0022783389343088755,0.0022783389343088755,0.003558857651856645,0.0007835411547647573,0.0023436172911178105,0.00016173968186936668,0.02181517981933077,0.04331401025568939,0,0.0002738313472067178,0.019293864954781036,0.00003194394309895699,0.0006497222367155066,0.0012568820549754547,0.0035205341838989578,0.124917183143622,0.12843771732752096
1.815,8.054793204974352e-8,0.0000019457647134024663,0.003528307705738596,0,0,0,0,0,0,0,0,0.0020669086251650566,0.0027809521716969537,0.000020844107395558083,0,0.009591920602877765,0,0.008897172920822467,0.00005504628792548736,0.000027128684029321163,0.0001535718971128436,0.0010759833236417735,0.002257218933649985,0.002257218933649985,0.002257218933649985,0.0035327717196103215,0.0009846632162508091,0.0023239587079756704,0.00015793716933757372,0.021372502408850937,0.042448799532363315,0,0.000268010694102325,0.01918384120575553,0.00003190908247496914,0.0006370916410061143,0.001232551252909984,0.003530334018384048,0.12361522205225473,0.12714555607063877
1.82,8.076982724662345e-8,0.000001894883247019416,0.003538159263959772,0,0,0,0,0,0,0,0,0.002041620409902279,0.0027485021984570116,0.00002053873884265908,0,0.009533087306181793,0,0.008856223179908699,0.00005394986733214256,0.000027250243676417706,0.00015573590292064255,0.0013000997302238797,0.0022365822087512957,0.0022365822087512957,0.0022365822087512957,0.0035050143591234544,0.0011895698807643852,0.002307127922554068,0.0001542307061415775,0.020932164083541118,0.041527024781774266,0,0.000262543272283379,0.019066174612363585,0.00003186419732543244,0.0006246768931413041,0.0012088232949595732,0.003540134917034038,0.12225596820767157,0.1257961031247056
1.8250000000000002,8.099172244331936e-8,0.000001843823358990216,0.003548010456993766,0,0,0,0,0,0,0,0,0.0020168389254623573,0.0027135636649625577,0.000020205445791688202,0,0.009462630178925362,0,0.008803802170088693,0.00005283397702040045,0.000027313738211166367,0.00015768229021046945,0.0015245292871095713,0.0022154768864631525,0.0022154768864631525,0.0022154768864631525,0.0034738614307141366,0.0013946998620952286,0.0022899656662629464,0.00015048957918144831,0.02046397791916377,0.04065093851525662,0,0.00025697331393303936,0.018925260357850724,0.00003177136077883757,0.0006118842806589579,0.0011835232150025703,0.0035499352720751998,0.12085917583807002,0.12440911111014522
1.83,8.121361763983273e-8,0.0000017890382515397945,0.0035578612878740244,0,0,0,0,0,0,0,0,0.001986460088509785,0.002670613093376655,0.0000198337938915319,0,0.009361965636691505,0,0.008722583934206926,0.000051595376756595434,0.000027205131302836623,0.00015920866669268596,0.001743128631293522,0.002190022130773046,0.002190022130773046,0.002190022130773046,0.0034319230825706265,0.0015944345189041053,0.002267153299399673,0.00014642318071592567,0.019979888621554594,0.03968147176043699,0,0.00025072983377207297,0.01872393127338301,0.000031596229072793605,0.0005977274744533461,0.0011562060074333032,0.003559731539743204,0.1191741460267376,0.12273387756648081
1.835,8.143551283616506e-8,0.0000017346359414608358,0.003567711759600384,0,0,0,0,0,0,0,0,0.0019553325376604736,0.0026259511182338373,0.000019446752620841066,0,0.009251911340288788,0,0.008631908855598338,0.00005036159148885427,0.000027059940880311375,0.00016058312050686312,0.001956595201370828,0.002162697628865846,0.002162697628865846,0.002162697628865846,0.0033862258509512132,0.0017894149689025212,0.00224384217409789,0.0001423659178135166,0.019483507531592024,0.038694592756534175,0,0.0002445352065043633,0.018503822680577577,0.00003136171062218728,0.0005828229207344814,0.0011280408008155006,0.003569527831054681,0.11739777586439212,0.12096730369544681
1.84,8.165740803231784e-8,0.000001681910423905835,0.0035775618751395315,0,0,0,0,0,0,0,0,0.001926043602286804,0.0025802592957714587,0.000019053410889495295,0,0.009139649954903784,0,0.008538487929302169,0.000049120266089976785,0.000026911863619613272,0.00016197327604726986,0.002164802531560076,0.0021371535696876466,0.0021371535696876466,0.0021371535696876466,0.0033406950325865,0.0019795284937397547,0.002223535309622524,0.00013842433335455853,0.0189732892484195,0.03771758122947604,0,0.00023843984463961293,0.01827929990980757,0.00003112930918540847,0.0005685243542061828,0.0011006379940696918,0.00357932544297147,0.11560884789864093,0.1191881733416124
1.8450000000000002,8.187930322829252e-8,0.0000016319251043276787,0.003587411637425463,0,0,0,0,0,0,0,0,0.0018985796821237482,0.002536571075300647,0.000018691031856197758,0,0.009031607213833582,0,0.008448358442422959,0.000047990106549800666,0.00002673180613285565,0.00016352953052543455,0.002368404189227515,0.0021145980904794673,0.0021145980904794673,0.0021145980904794673,0.003297516819665982,0.0021653755631013093,0.0022047875606004902,0.000134687136117396,0.018515169086723356,0.036803527609757726,0,0.00023270484387936922,0.018063214427667163,0.00003090387229530841,0.0005554959530907873,0.0010745318373917847,0.0035891254418330193,0.11396217205970181,0.11755129750153483
1.85,8.210119842409052e-8,0.0000015822952245685915,0.0035972610493599354,0,0,0,0,0,0,0,0,0.001869669532963417,0.002491904127130787,0.000018320419050609883,0,0.00891520467722309,0,0.008349786779675383,0.00004683381431629386,0.00002649927273997987,0.0001650391849231462,0.0025634388038687193,0.0020900964332294675,0.0020900964332294675,0.002090096433229468,0.0032516886057958726,0.002343337546714718,0.0021884456848463504,0.00013095864968574864,0.018049807064512473,0.03586847420957298,0,0.00022682147939415782,0.01783040935444618,0.00003063660796743093,0.0005417469136993351,0.0010482979801912306,0.003598925445782928,0.11222761000840631,0.11582653545418924
1.855,8.232309361971332e-8,0.0000015335697966267228,0.0036071101138129115,0,0,0,0,0,0,0,0,0.001842622093240201,0.002446708050650796,0.00001794167098083432,0,0.008793731537029715,0,0.008245858998459197,0.00004569108787362339,0.000026257154082187052,0.00016653972440338135,0.0027497948867700383,0.0020680908594709916,0.0020680908594709916,0.0020680908594709916,0.0032037206631874335,0.0025133167364455064,0.0021711397453712984,0.00012728449009849285,0.017595906892336206,0.034954406120570325,0,0.00022111660373104735,0.01758746307405943,0.000030365609404875322,0.000528002249224173,0.0010220236424064626,0.003608726006703158,0.11049416360873819,0.11410288961544135
1.86,8.254498881516229e-8,0.0000014855692968810528,0.003616958833622995,0,0,0,0,0,0,0,0,0.001814065553884069,0.002399542144099193,0.00001755681271550079,0,0.008666445538617841,0,0.008135890663065897,0.00004454218545752118,0.000026017328173051835,0.00016800749912285702,0.0029264629163309867,0.0020453416074039344,0.0020453416074039344,0.0020453416074039344,0.0031557690995419143,0.0026743947339685514,0.0021521934684446352,0.00012365015306162262,0.0171350259337052,0.03403548994354222,0,0.00021547355533522864,0.017332891077235683,0.00003005500557776671,0.000514300076469455,0.000995594667599393,0.003618526947908691,0.10869939317816038,0.11231792012606907
1.8650000000000002,8.276688401043884e-8,0.0000014379597607485564,0.003626807211597851,0,0,0,0,0,0,0,0,0.0017860278722558473,0.0023519347986180788,0.000017162582090804973,0,0.008531615841334854,0,0.00801826435235096,0.000043395569058612915,0.00002573875763279088,0.00016947563559113743,0.0030921108990498492,0.002023031357955532,0.002023031357955532,0.002023031357955532,0.0031049492473734512,0.0028253589627853875,0.0021348219448235214,0.00012002807959037095,0.01666796955262798,0.033118741922176384,0,0.00020984699576698015,0.017063231682669707,0.000029729389106620408,0.0005008378889754908,0.0009689398850953592,0.00362832793824261,0.10684927593284077,0.11047760387108338
1.87,8.298877920554435e-8,0.00000139256641736111,0.0036366552505146385,0,0,0,0,0,0,0,0,0.0017588663291047307,0.0023045840299051714,0.00001678545362184181,0,0.008400403271732351,0,0.007903484115879506,0.00004230880596152938,0.0000254877145865635,0.000171071385121743,0.003250318045233921,0.002002648987082504,0.002002648987082504,0.002002648987082504,0.003056418220981971,0.0029694843493442546,0.0021207896082524103,0.00011657114233175317,0.016219095231001183,0.032253260917347315,0,0.00020421208942523412,0.016800806543464702,0.000029398165123040016,0.00048755963142254504,0.0009443085153725332,0.003638130805711205,0.1050831605264618,0.10872129133217301
1.875,8.321067440048021e-8,0.0000013478502642751958,0.00364650295312042,0,0,0,0,0,0,0,0,0.0017326700117505,0.002256652097721474,0.00001640066623426932,0,0.008264063689621237,0,0.007783350671465143,0.00004124234608503237,0.000025228370110814578,0.00017263062730043228,0.003397642311513548,0.001982995676701237,0.001982995676701237,0.001982995676701237,0.0030066252488609524,0.003103630169842305,0.0021051455643786754,0.00011315154230459607,0.015788674791269094,0.031367377221918624,0,0.0001986415761951082,0.016528127379242474,0.000029060079320022436,0.00047468140518061255,0.0009184710050905943,0.0036479340140590957,0.10327245380550923,0.10692038781956832
1.8800000000000001,8.343256959524776e-8,0.00000130382523954857,0.003656350322132573,0,0,0,0,0,0,0,0,0.0017057733732656825,0.0022080662907374075,0.0000160157427644247,0,0.008122917040448551,0,0.00765817464124402,0.00004016914891766443,0.000024979158397624433,0.00017421699184075277,0.0035337987338285165,0.0019614030615991893,0.0019614030615991893,0.0019614030615991893,0.0029553959465487252,0.0032275409198343503,0.0020909115300757853,0.00010977075601076861,0.015350159159005857,0.030509650285855627,0,0.0001932561377816807,0.016245834080897102,0.000028694698687110226,0.0004614727555309419,0.0008937679207009803,0.0036577375799417165,0.10143477449717114,0.10509251207711286
1.8850000000000002,8.365446478984832e-8,0.0000012625672227054597,0.003666197360239181,0,0,0,0,0,0,0,0,0.0016820549358340369,0.002162157369287282,0.00001565657484125296,0,0.007990337064385108,0,0.0075405863484803385,0.00003916645875309191,0.000024774995019293404,0.00017599554689965623,0.0036645750948374163,0.00194386676580363,0.00194386676580363,0.0019438667658036306,0.002907080900920301,0.003346506825603543,0.00208113156494229,0.00010660437701950272,0.014937800035933799,0.029699865037590534,0,0.00018826674123284507,0.015980674128770217,0.000028349291831440658,0.000449158132604642,0.0008698010255738715,0.0036675435819266762,0.09972214274777136,0.10338968632969804
1.8900000000000001,8.387635998428322e-8,0.0000012216614355510333,0.0036760440700994387,0,0,0,0,0,0,0,0,0.001658744260365816,0.0021153277352854286,0.00001528858036875966,0,0.007851651779539828,0,0.0074167713583633416,0.00003814819326593969,0.000024552227867405803,0.0001777591420040738,0.003783535710312569,0.0019275384548702648,0.0019275384548702648,0.0019275384548702648,0.0028568828501672225,0.003454654099346475,0.0020699850835845415,0.0001034497702193869,0.01453368076560015,0.028874851365618844,0,0.00018315813949412632,0.015703303559079656,0.000027982453992448043,0.0004369737222181395,0.0008461152792122567,0.003677349607894974,0.09795543144051722,0.1016327810484122
1.895,8.409825517855379e-8,0.0000011813459377783757,0.00368589045434404,0,0,0,0,0,0,0,0,0.0016343184637521474,0.002067957986428673,0.000014913245219716628,0,0.007708547590414439,0,0.007288328008575231,0.000037130981792520253,0.000024348623936076387,0.00017949849654663017,0.0038911711021858224,0.0019105069495748608,0.0019105069495748608,0.0019105069495748608,0.0028068192801572445,0.0035524354706133556,0.0020579166838733563,0.00010032723874410526,0.014123723492167298,0.02806004370729787,0,0.0001780643735150966,0.015417095180828878,0.000027585147339239934,0.00042477347461204626,0.0008223673792465892,0.003687155898536997,0.09614888677597092,0.09983604267450791
1.9000000000000001,8.432015037266131e-8,0.0000011417884722663005,0.003695736515575554,0,0,0,0,0,0,0,0,0.001609363493656882,0.0020202258360163873,0.000014548855905883086,0,0.007562337725689662,0,0.007156507002134556,0.000036127587520259367,0.000024186853714843005,0.00018106703747640176,0.003987964704343084,0.0018925282266085929,0.0018925282266085929,0.0018925282266085929,0.0027555196455209354,0.003640296870174238,0.002045904453170899,0.00009725133380295005,0.013714806733065027,0.027253379680675854,0,0.00017291567285559125,0.015124675451379323,0.000027182082801678466,0.00041268243411260994,0.0007989245992935176,0.003696962624198193,0.09431345273313636,0.09801041535733455
1.9050000000000002,8.454204556660711e-8,0.0000011026149366778765,0.003705582256368802,0,0,0,0,0,0,0,0,0.001584532944295721,0.001972058689672157,0.00001417159391954478,0,0.007410758179206356,0,0.007019174723131112,0.00003513023496754135,0.000024012500637891372,0.0001825970795583451,0.004072580192396743,0.0018742397318644622,0.0018742397318644622,0.0018742397318644622,0.0027029921356771843,0.0037170230261996677,0.0020319532937787235,0.00009419049055835845,0.013311255701301991,0.02644068229529144,0,0.0001678433190460235,0.014821516358412713,0.000026750748355607067,0.0004003681009144658,0.0007755855607679455,0.0037067694133510465,0.09242789636368293,0.09613466577703397
1.9100000000000001,8.476394076039241e-8,0.0000010655152264877793,0.0037154276792712346,0,0,0,0,0,0,0,0,0.001560986393897197,0.0019252863171745993,0.00001382104907344043,0,0.007265471350364049,0,0.0068873914096626585,0.000034169653712904396,0.000023891470675922525,0.00018423877436503009,0.0041514636705016015,0.0018567573285256025,0.0018567573285256025,0.0018567573285256025,0.0026528932405068453,0.003788501274320135,0.002021850948688681,0.00009128960816236269,0.012926975414613429,0.025676779056828143,0,0.00016304149512422515,0.014530942700728099,0.000026348653304738706,0.00038883428277390315,0.0007529462570455503,0.0037165779584384826,0.09063739500710032,0.0943539729655388
1.915,8.498583595401845e-8,0.0000010297942951404305,0.0037252727868032826,0,0,0,0,0,0,0,0,0.0015380339912984878,0.0018802568409076192,0.000013481551854546034,0,0.007122302893708322,0,0.006757228449943036,0.00003325809470152758,0.00002374518494365451,0.00018590088721639228,0.00422269859962354,0.0018413979817868086,0.0018413979817868086,0.0018413979817868086,0.0026043051349893824,0.0038529852176384526,0.0020125894941866417,0.00008849036258321106,0.01255436146511184,0.024937758439579096,0,0.00015841443916893104,0.014244605787416645,0.000025936738312343866,0.0003776700334410388,0.0007314435433294557,0.003726387566934377,0.08888966109531458,0.09261604866224896
1.92,8.520773114748656e-8,9.944249336701592e-7,0.003735117581458732,0,0,0,0,0,0,0,0,0.0015147976443685653,0.0018344306700097146,0.000013137367360704185,0,0.006974475567641648,0,0.0066222713995476275,0.00003232680627169851,0.000023681054061499986,0.00018748298535437849,0.004282413803621046,0.0018246116563564356,0.0018246116563564356,0.0018246116563564356,0.0025545679399059775,0.0039069461023063775,0.002001590822234652,0.00008570511099384513,0.012178514216161423,0.024199093085172495,0,0.00015380721589445327,0.013948951135283296,0.00002550339164531706,0.00036646906038416,0.0007096386944175045,0.0037361972141235497,0.08708963904170569,0.09082583625582924
1.925,8.54296263407979e-8,9.619794563243142e-7,0.0037449620657050583,0,0,0,0,0,0,0,0,0.0014949383942943217,0.0017924728842366696,0.000012817479203892431,0,0.006840406245567238,0,0.006500025148038479,0.00003150700397344857,0.000023650743438840375,0.0001894142950383512,0.004342170829887183,0.001813781775618187,0.001813781775618187,0.001813781775618187,0.00250994110808885,0.003960934766573191,0.001994554356854731,0.00008315631832493935,0.011837828463870131,0.023520614281208503,0,0.0001495508975781741,0.013680812491134476,0.000025113023373422404,0.00035611562674012594,0.0006896529853715113,0.0037460094747877233,0.08547702266965104,0.08922303214443876
1.9300000000000002,8.56515215339537e-8,9.302030540099491e-7,0.0037548062419837883,0,0,0,0,0,0,0,0,0.0014743066686141132,0.0017504048345320128,0.000012494989723983585,0,0.006704716332131643,0,0.006375909240485052,0.00003069292824851366,0.00002359318546138494,0.00019113901496670607,0.004392907952465305,0.001801175487045569,0.001801175487045569,0.001801175487045569,0.0024654195031554344,0.004006686300669663,0.001986935952171106,0.00008065059503260795,0.011502524736734769,0.022848978986590166,0,0.00014542058145281238,0.013409432664263286,0.0000247233248928958,0.0003460771889318283,0.0006700122270040549,0.0037558220965593324,0.08384655366866405,0.08760237576522338
1.935,8.587341672695515e-8,8.989496367387822e-7,0.0037646501127108337,0,0,0,0,0,0,0,0,0.0014536400143473876,0.001708218952690316,0.000012179816989710931,0,0.006566553673913759,0,0.006249122076667872,0.000029881659597111065,0.000023618716681365742,0.000192743946285385,0.004434113236965655,0.0017879016697350354,0.0017879016697350354,0.0017879016697350354,0.0024197735050119165,0.004043737213289139,0.001978365245403592,0.00007817560736710462,0.011169161595790433,0.022182707852535864,0,0.0001412881709568788,0.013133107347827518,0.000024314971269522534,0.0003359984449430597,0.0006508760681577904,0.0037656349357642993,0.08219128312589649,0.0859569180616608
1.94,8.60953119198035e-8,8.694550596421366e-7,0.0037744936802768304,0,0,0,0,0,0,0,0,0.0014340195803370806,0.0016691770223924906,0.000011885609857131567,0,0.006435236771843082,0,0.006128545195662212,0.0000290878184271964,0.000023641834346006763,0.0001944136635497156,0.004472281942649568,0.0017764810832354664,0.0017764810832354664,0.0017764810832354657,0.0023763975730697836,0.004078013655061216,0.00197147064608143,0.00007583941415869603,0.010851698239200347,0.021558585492312068,0,0.00013736211353210272,0.012870473543686164,0.000023931717002139683,0.00032658631328972605,0.000632582321357551,0.0037754492306483925,0.08063067371752211,0.0844061229481705
1.945,8.631720711249985e-8,8.402443404957797e-7,0.0037843369470474614,0,0,0,0,0,0,0,0,0.0014139734194608094,0.0016287634362249185,0.00001158540762974476,0,0.00630023462883549,0,0.006004167864078288,0.0000283025807356894,0.00002364486766873899,0.00019596941239310618,0.004500458666851728,0.001767385240893945,0.001767385240893945,0.001767385240893945,0.00233261665846477,0.004103175366574143,0.001963400723819186,0.00007351421213998891,0.010535562501901092,0.020930895972799658,0,0.00013338282964771284,0.01260046925767098,0.000023521690598284438,0.0003171846119334015,0.0006145910323563994,0.00378526350859507,0.07903757086446596,0.08282283437306102
1.9500000000000002,8.653910230504547e-8,8.119217707272218e-7,0.0037941799153637977,0,0,0,0,0,0,0,0,0.0013943260634756555,0.0015895997850990094,0.000011290024838563217,0,0.006166236099969179,0,0.005880465260946141,0.000027542844275395897,0.00002374148564175468,0.00019749417343480012,0.004522034777546263,0.0017546147432110858,0.0017546147432110858,0.0017546147432110865,0.002289433116587251,0.004122317512957724,0.001955229880697806,0.000071253113836387,0.010228166168352237,0.020317901524681055,0,0.0001297082600011719,0.012332472199938358,0.000023114975877222495,0.00030864453495366086,0.0005981887407499111,0.00379507837623683,0.07745300477349282,0.08124808314972964
1.955,8.676099749744141e-8,7.848323337248706e-7,0.003804022587542603,0,0,0,0,0,0,0,0,0.001375949171870548,0.0015513273211686205,0.00001100288875501251,0,0.006036167831774197,0,0.005760242599261484,0.000026811920889273465,0.000023829534666259812,0.0001989708749041326,0.004539434200983966,0.001743023511573508,0.001743023511573508,0.001743023511573508,0.0022469220683653205,0.004137651813442427,0.0019529337552982322,0.00006908705602457815,0.009932582223511755,0.019735092915057154,0,0.00012600146992131704,0.012072335663548393,0.00002271471906023348,0.0003011682003883801,0.0005836336789372264,0.003804894180873825,0.07593293044254903,0.07973782462342285
1.96,8.698289268968889e-8,7.580152197464542e-7,0.0038138649658766553,0,0,0,0,0,0,0,0,0.0013567291337755747,0.0015131675496928977,0.000010715354129254837,0,0.005902919432351507,0,0.0056367272981234385,0.000026079997624775906,0.00002387822457630703,0.00020016138561444364,0.004547560445962714,0.0017292149044672305,0.0017292149044672305,0.0017292149044672305,0.002204466495201329,0.004144534909618455,0.0019427381512981963,0.00006693205700664446,0.009636801325040398,0.01915104250763617,0,0.00012238435868213812,0.011805838864703015,0.000022304783670360625,0.00029368070960386183,0.0005693726712290896,0.0038147099639890916,0.07436568036894226,0.07818039033293135
1.965,8.720478788178899e-8,7.319006330702616e-7,0.0038237070526350634,0,0,0,0,0,0,0,0,0.0013368203292620155,0.0014751341529337923,0.000010432801850304914,0,0.00576997542269906,0,0.00551325234220975,0.00002536058301527427,0.00002395597330510706,0.00020117468177923765,0.004549148516280099,0.001715874771141525,0.001715874771141525,0.001715874771141525,0.00216143258910616,0.0041454622872089605,0.0019323745531037992,0.00006482630196075213,0.00935109965840167,0.01858058708065237,0,0.00011876967406914877,0.01153995084539812,0.000021890065255819176,0.0002870597870090645,0.0005566644237223931,0.0038245261580560153,0.07281299638264746,0.07663752254070348
1.9700000000000002,8.742668307374291e-8,7.063026627362096e-7,0.0038335488500635625,0,0,0,0,0,0,0,0,0.0013161433536905273,0.0014370428159585366,0.000010143777444373714,0,0.005636068462277481,0,0.00538861551528015,0.000024643832880892144,0.000024019543798468652,0.00020195097541603899,0.004543354049120373,0.001700824597885291,0.001700824597885291,0.001700824597885291,0.0021176931254488587,0.004139666809450969,0.0019193361176323928,0.00006275370959643618,0.009067542768042143,0.018013296535703813,0,0.00011522316805933406,0.011272136924554962,0.00002146579042639139,0.0002804797004134755,0.0005440823852948032,0.0038343425794093726,0.07123813315414629,0.07507247573355566
1.975,8.764857826555168e-8,6.809882627627206e-7,0.003843390360384819,0,0,0,0,0,0,0,0,0.001295055295811272,0.0013986955796178224,0.000009861580314465789,0,0.005499478047118432,0,0.005261177722048433,0.000023940636579833772,0.000024106436712708662,0.0002023469365671454,0.004528868659783937,0.0016841431247420643,0.0016841431247420643,0.0016841431247420643,0.0020727505756320814,0.0041259589446713055,0.001905095892529326,0.00006069379671212643,0.008779967180100188,0.017440645643705267,0,0.00011174473899767526,0.010998956094236864,0.000021026371876501457,0.0002738895476872483,0.0005341036058344827,0.0038441589972258473,0.0696207926607633,0.07346495165798915
1.98,8.787047345721645e-8,6.623390315148054e-7,0.003853231585798727,0,0,0,0,0,0,0,0,0.0012848942880525926,0.00137233219545501,0.000009663802715459375,0,0.005412446213014901,0,0.005180950200230546,0.000023445327021241023,0.00002438304809821588,0.00020437733424657107,0.004549625981030871,0.001681998882246892,0.001681998882246892,0.001681998882246892,0.0020461897738890907,0.0041443617288729915,0.0019069729346227668,0.000059217212482595706,0.008576704660232904,0.01703654513049297,0,0.00010929945915526397,0.010824892426029803,0.000020775437637895717,0.00027106315510739653,0.0005263984187490728,0.003853981795303699,0.06863053537387884,0.07248451716918254
1.985,8.809236864873828e-8,6.445908913199241e-7,0.003863072528482707,0,0,0,0,0,0,0,0,0.0012762194912885813,0.0013482622012182324,0.000009473831753177821,0,0.005329246669632775,0,0.005104226672297423,0.000022990916705433173,0.000024716178548206454,0.00020639866251547198,0.004569072812660774,0.0016805909224513157,0.0016805909224513157,0.0016805909224513157,0.002021247567115091,0.004161570247483234,0.001909110107018626,0.000057812487083436696,0.008383732469944345,0.016648566779680234,0,0.00010688738222515128,0.01065849333926555,0.000020534768806819402,0.0002678313759426161,0.0005200780810235196,0.003863805211742676,0.06768824480956265,0.07155205002130532
1.9900000000000002,8.831426384011827e-8,6.273529738024415e-7,0.003872913190591975,0,0,0,0,0,0,0,0,0.0012669951954694583,0.0013235832840440983,0.000009290184755050959,0,0.005246878736166064,0,0.0050281433782085605,0.000022543846046957608,0.000025052721151918285,0.00020820661708888764,0.004584886056502353,0.0016790117768778299,0.0016790117768778299,0.0016790117768778299,0.0019967822188656907,0.004175469292562768,0.0019116967549209249,0.00005644512074361821,0.008199483790570885,0.016274449343927643,0,0.00010459092369162201,0.010493757472332128,0.000020295877845236543,0.0002648788378742018,0.0005153205118458409,0.0038736288578296173,0.06676578549524739,0.07063941435307701
1.995,8.853615903135742e-8,6.125347821874509e-7,0.003882753574259845,0,0,0,0,0,0,0,0,0.0012622545788942977,0.001303032580245807,0.000009136422148380663,0,0.005181650778581279,0,0.004968343925268843,0.000022179750118866235,0.000025470163759335345,0.00021066757080336686,0.004611725015151164,0.001682142145280671,0.001682142145280671,0.001682142145280671,0.001978123369131209,0.004199408733328452,0.001917712968596668,0.000055287808077444295,0.008040841077256916,0.015970020248544978,0,0.00010267944274212611,0.010363301557162558,0.000020116553642082783,0.00026270351220514926,0.0005106525881238547,0.0038834546452010637,0.06606173507962479,0.06994518972482586
2,8.875805422245688e-8,5.977854612371655e-7,0.0038925936815979952,0,0,0,0.000020066017708986472,0.058532327618389744,0.007044511009695615,0,0.0000033713136241561845,0,0,0,0,0,0,0,0,0,0,0,0,0,0,0,0,0,0,0,0,0,0,0,0,0,0,0.003893280225113455,0.0656002759594185,0.06949355618453196
2.005,8.897994941341764e-8,5.85937627564925e-7,0.003902433514696749,0,0,0,0.000020117112800216156,0.058684508268244166,0.007067788981060815,0,0.000003379898166425027,0,0,0,0,0,0,0,0,0,0,0,0,0,0,0,0,0,0,0,0,0,0,0,0,0,0,0.0039031084322737274,0.06577579426027162,0.06967890269254536
2.0100000000000002,8.920184460424077e-8,5.783555835539861e-7,0.003912273075625341,0,0,0,0.000020168205538162398,0.0588356288383749,0.007091048373468879,0,0.000003388482313316139,0,0,0,0,0,0,0,0,0,0,0,0,0,0,0,0,0,0,0,0,0,0,0,0,0,0,0.0039129406330534995,0.06595023389969526,0.06986317453274876
2.015,8.942373979492727e-8,5.707541143513085e-7,0.003922112366432183,0,0,0,0.00002021929594066491,0.0589856640176175,0.007114289369145418,0,0.0000033970660678267917,0,0,0,0,0,0,0,0,0,0,0,0,0,0,0,0,0,0,0,0,0,0,0,0,0,0,0.003922772544286329,0.0661235697487714,0.07004634229305773
2.02,8.964563498547813e-8,5.626125997076426e-7,0.003931951389145128,0,0,0,0.00002027038402538279,0.05913458994716664,0.007137512147799426,0,0.0000034056494329239078,0,0,0,0,0,0,0,0,0,0,0,0,0,0,0,0,0,0,0,0,0,0,0,0,0,0,0.003932603647379821,0.06629577812842437,0.07022838177580419
2.0250000000000004,8.986753017589444e-8,5.541837785130599e-7,0.0039417901457717295,0,0,0,0.00002032146980979675,0.059282349744209616,0.007160716886668696,0,0.0000034142324115444417,0,0,0,0,0,0,0,0,0,0,0,0,0,0,0,0,0,0,0,0,0,0,0,0,0,0,0.003942434197080419,0.06646680233309965,0.07040923653018007
2.0300000000000002,9.008942536617711e-8,5.45747722709513e-7,0.003951628638299486,0,0,0,0.000020372553311211333,0.05942890089668638,0.007183903760564237,0,0.0000034228150065957484,0,0,0,0,0,0,0,0,0,0,0,0,0,0,0,0,0,0,0,0,0,0,0,0,0,0,0.003952264475447561,0.06663660002556843,0.070588864501016
2.035,9.031132055632713e-8,5.390281441048776e-7,0.0039614668686961075,0,0,0,0.000020423634546757252,0.05957417928761311,0.00720707294191371,0,0.000003431397220955979,0,0,0,0,0,0,0,0,0,0,0,0,0,0,0,0,0,0,0,0,0,0,0,0,0,0,0.003962096208160769,0.06680510726129453,0.0707672034694553
2.04,9.053321574634551e-8,5.324638775489694e-7,0.003971304838909749,0,0,0,0.000020474713533393474,0.05971815146813824,0.007230224600803869,0,0.0000034399790574744255,0,0,0,0,0,0,0,0,0,0,0,0,0,0,0,0,0,0,0,0,0,0,0,0,0,0,0.003971927836003045,0.06697229076153298,0.07094421859753602
2.045,9.075511093623318e-8,5.257095343922047e-7,0.003981142550869257,0,0,0,0.000020525790287909414,0.059860808046950875,0.007253358905022085,0,0.0000034485605189718988,0,0,0,0,0,0,0,0,0,0,0,0,0,0,0,0,0,0,0,0,0,0,0,0,0,0,0.003981759015514586,0.06713814130277984,0.07111990031829443
2.05,9.097700612599115e-8,5.180590226045815e-7,0.0039909800064844144,0,0,0,0.000020576864826927063,0.06000212043548674,0.007276476020096943,0,0.0000034571416082410754,0,0,0,0,0,0,0,0,0,0,0,0,0,0,0,0,0,0,0,0,0,0,0,0,0,0,0.003991589042513145,0.06730263046201886,0.071294219504532
2.055,9.119890131562038e-8,5.104007567988033e-7,0.004000817207646163,0,0,0,0.000020627937166903072,0.06014206487727881,0.007299576109337959,0,0.000003465722328046857,0,0,0,0,0,0,0,0,0,0,0,0,0,0,0,0,0,0,0,0,0,0,0,0,0,0,0.004001418807304277,0.06746573464611172,0.07146715345341599
2.06,9.142079650512169e-8,5.029592898991115e-7,0.004010654156226848,0,0,0,0.000020679007324130783,0.060280605126565356,0.007322659333874415,0,0.0000034743026811267045,0,0,0,0,0,0,0,0,0,0,0,0,0,0,0,0,0,0,0,0,0,0,0,0,0,0,0.004011248536313253,0.06762741777044502,0.07163866630675828
2.065,9.16426916944961e-8,4.95822532156103e-7,0.004020490854080444,0,0,0,0.000020730075314742334,0.06041770539382367,0.007345725852693365,0,0.0000034828826701909964,0,0,0,0,0,0,0,0,0,0,0,0,0,0,0,0,0,0,0,0,0,0,0,0,0,0,0.004021078319304295,0.06778764420450197,0.07180872252380625
2.0700000000000003,9.186458688374455e-8,4.886772215799513e-7,0.004030327303042776,0,0,0,0.00002078114115471058,0.06055333078269971,0.007368775822676805,0,0.0000034914622979233505,0,0,0,0,0,0,0,0,0,0,0,0,0,0,0,0,0,0,0,0,0,0,0,0,0,0,0.0040309078448512396,0.06794637920882915,0.0719772870536804
2.075,9.208648207286788e-8,4.812539536387181e-7,0.004040163504931744,0,0,0,0.000020832204859851064,0.06068741535273163,0.007391809398638046,0,0.0000035000415669809537,0,0,0,0,0,0,0,0,0,0,0,0,0,0,0,0,0,0,0,0,0,0,0,0,0,0,0.004040736845367456,0.06810355699779651,0.07214429384316397
2.08,9.230837726186704e-8,4.736953266010792e-7,0.004049999461547546,0,0,0,0.000020883266445824043,0.06081996465619814,0.007414826733357309,0,0.000003508620479994901,0,0,0,0,0,0,0,0,0,0,0,0,0,0,0,0,0,0,0,0,0,0,0,0,0,0,0.004050565465251409,0.06825918327648127,0.07230974874173268
2.085,9.253027245074291e-8,4.6613697551800215e-7,0.004059835174672884,0,0,0,0.000020934325928136293,0.06095095590917146,0.007437827977616562,0,0.0000035171990395705033,0,0,0,0,0,0,0,0,0,0,0,0,0,0,0,0,0,0,0,0,0,0,0,0,0,0,0.004060393841920853,0.06841323541175573,0.07247362925367658
2.09,9.275216763949636e-8,4.593968648827126e-7,0.00406967064607319,0,0,0,0.00002098538332214305,0.06108036397967608,0.007460813280233601,0,0.0000035257772482876124,0,0,0,0,0,0,0,0,0,0,0,0,0,0,0,0,0,0,0,0,0,0,0,0,0,0,0.004070222795105712,0.06856568842048012,0.07263591121558584
2.095,9.297406282812829e-8,4.5271762998993796e-7,0.004079505877496819,0,0,0,0.00002103643864304985,0.0612081606881298,0.007483782788095437,0,0.0000035343551087009267,0,0,0,0,0,0,0,0,0,0,0,0,0,0,0,0,0,0,0,0,0,0,0,0,0,0,0.004080051569189637,0.06871651426997699,0.07279656583916663
2.1,9.319595801663957e-8,4.4603062554748866e-7,0.004089340870675267,0,0,0,0.000021087491905914347,0.06133432546954135,0.007506736646190929,0,0.000003542932623340297,0,0,0,0,0,0,0,0,0,0,0,0,0,0,0,0,0,0,0,0,0,0,0,0,0,0,0.004089880097258831,0.06886569254026154,0.07295557263752037
2.105,9.341785320503105e-8,4.3932739897114004e-7,0.004099175627323372,0,0,0,0.00002113854312564814,0.06145883316640771,0.007529674997642806,0,0.0000035515097947110396,0,0,0,0,0,0,0,0,0,0,0,0,0,0,0,0,0,0,0,0,0,0,0,0,0,0,0.004099708372575548,0.06901319821697087,0.07311290658954642
2.1100000000000003,9.363974839330359e-8,4.3262200283685095e-7,0.004109010149139514,0,0,0,0.000021189592317018533,0.06158167497818008,0.00755259798373894,0,0.0000035600866252942246,0,0,0,0,0,0,0,0,0,0,0,0,0,0,0,0,0,0,0,0,0,0,0,0,0,0,0.004109536410890744,0.06915902264086134,0.07326855905175209
2.115,9.386164358145797e-8,4.261617732415686e-7,0.004118844437805806,0,0,0,0.000021240639494650258,0.06170284450247279,0.007575505743963022,0,0.0000035686631175469683,0,0,0,0,0,0,0,0,0,0,0,0,0,0,0,0,0,0,0,0,0,0,0,0,0,0,0.004119364461222629,0.069303159549048,0.07342252401027063
2.12,9.40835387694951e-8,4.2002015973802507e-7,0.004128678494988306,0,0,0,0.000021291684673027224,0.061822244233625576,0.007598398416024587,0,0.0000035772392739027307,0,0,0,0,0,0,0,0,0,0,0,0,0,0,0,0,0,0,0,0,0,0,0,0,0,0,0.004129192598686813,0.06944551157359709,0.0735747041722839
2.125,9.430543395741581e-8,4.138741109166843e-7,0.004138512322337184,0,0,0,0.000021342727866494246,0.061939819467048594,0.007621276135888409,0,0.0000035858150967715976,0,0,0,0,0,0,0,0,0,0,0,0,0,0,0,0,0,0,0,0,0,0,0,0,0,0,0.004139020501882059,0.06958602414590027,0.07372504464778233
2.13,9.452732914522083e-8,4.0778628159512147e-7,0.004148345921486934,0,0,0,0.000021393769089258645,0.06205551339647012,0.007644139037803297,0,0.0000035943905885405565,0,0,0,0,0,0,0,0,0,0,0,0,0,0,0,0,0,0,0,0,0,0,0,0,0,0,0.004148848235097674,0.06972464059395121,0.07387348882904889
2.1350000000000002,9.474922433291117e-8,4.017236164502794e-7,0.004158179294056548,0,0,0,0.000021444808355391952,0.062169268338235294,0.007666987254330316,0,0.0000036029657515737814,0,0,0,0,0,0,0,0,0,0,0,0,0,0,0,0,0,0,0,0,0,0,0,0,0,0,0.004158675766897331,0.06986130336667258,0.07401997913356992
2.14,9.497111952048739e-8,3.95659142030299e-7,0.004168012441649697,0,0,0,0.000021495845678831504,0.06228102737454614,0.007689820916370393,0,0.000003611540588212901,0,0,0,0,0,0,0,0,0,0,0,0,0,0,0,0,0,0,0,0,0,0,0,0,0,0,0.004168503071911248,0.06999595567718357,0.07416445874909482
2.145,9.519301470795045e-8,3.8987756988402676e-7,0.004177845365854927,0,0,0,0.000021546881073382073,0.06239073088273388,0.007712640153191424,0,0.000003620115100777268,0,0,0,0,0,0,0,0,0,0,0,0,0,0,0,0,0,0,0,0,0,0,0,0,0,0,0.004178330436439519,0.07012853803209947,0.07430686846853898
2.1500000000000004,9.541490989530109e-8,3.841110328903737e-7,0.004187678068245822,0,0,0,0.00002159791455271743,0.06249828079431233,0.007735445092454777,0,0.0000036286892915642297,0,0,0,0,0,0,0,0,0,0,0,0,0,0,0,0,0,0,0,0,0,0,0,0,0,0,0.004188157594188608,0.0702589524906114,0.07444711008480001
2.1550000000000002,9.563680508254008e-8,3.7841822401387793e-7,0.004197510550381188,0,0,0,0.000021648946130381896,0.06260361729441899,0.007758235860241279,0,0.0000036372631628493795,0,0,0,0,0,0,0,0,0,0,0,0,0,0,0,0,0,0,0,0,0,0,0,0,0,0,0.0041979846054102845,0.0703871393639535,0.07458512396936377
2.16,9.585870026966823e-8,3.7303317934222385e-7,0.004207342813805222,0,0,0,0.000021699975819791877,0.06270675674828662,0.007781012581076687,0,0.000003645836716886825,0,0,0,0,0,0,0,0,0,0,0,0,0,0,0,0,0,0,0,0,0,0,0,0,0,0,0.004207811705684834,0.07051311514189998,0.07472092684758481
2.165,9.608059545668624e-8,3.676443448541487e-7,0.0042171748600476925,0,0,0,0.000021751003634237387,0.06280766667121827,0.0078037753779566605,0,0.000003654409955909434,0,0,0,0,0,0,0,0,0,0,0,0,0,0,0,0,0,0,0,0,0,0,0,0,0,0,0.0042176385849880035,0.07063684746276508,0.07485448604775308
2.17,9.630249064359496e-8,3.621092604185508e-7,0.004227006690624094,0,0,0,0.000021802029586883537,0.06290638036494234,0.00782652437237121,0,0.000003662982882129093,0,0,0,0,0,0,0,0,0,0,0,0,0,0,0,0,0,0,0,0,0,0,0,0,0,0,0.004227465102375156,0.07075836974978257,0.07498583485215772
2.175,9.652438583039508e-8,3.5639939705437737e-7,0.004236838307035822,0,0,0,0.000021853053690771978,0.06300284906115727,0.007849259684328671,0,0.000003671555497736944,0,0,0,0,0,0,0,0,0,0,0,0,0,0,0,0,0,0,0,0,0,0,0,0,0,0,0.004237291230818707,0.07087763335467445,0.07511492458549315
2.18,9.67462810170874e-8,3.5069265883909686e-7,0.004246669710770342,0,0,0,0.000021904075958822412,0.06309690148876071,0.007871981432379228,0,0.0000036801278049036395,0,0,0,0,0,0,0,0,0,0,0,0,0,0,0,0,0,0,0,0,0,0,0,0,0,0,0.004247117149710198,0.07099446712490366,0.07524158427461386
2.185,9.69681762036726e-8,3.455765484000284e-7,0.004256500903301336,0,0,0,0.00002195509640383395,0.06318844230751547,0.00789468973363793,0,0.000003688699805779571,0,0,0,0,0,0,0,0,0,0,0,0,0,0,0,0,0,0,0,0,0,0,0,0,0,0,0.00425694344802594,0.07110877583736301,0.07536571928538895
2.19,9.719007139015147e-8,3.4070436471288747e-7,0.004266331886088876,0,0,0,0.000022006115038486545,0.06327730173017142,0.007917384703807309,0,0.000003697271502495114,0,0,0,0,0,0,0,0,0,0,0,0,0,0,0,0,0,0,0,0,0,0,0,0,0,0,0.004266769780524979,0.0712203898205197,0.07548715960104468
2.1950000000000003,9.741196657652469e-8,3.3582858058715905e-7,0.004276162660579576,0,0,0,0.00002205713187534241,0.06336338963707804,0.007940066457199507,0,0.0000037058428971608577,0,0,0,0,0,0,0,0,0,0,0,0,0,0,0,0,0,0,0,0,0,0,0,0,0,0,0.00427659590112674,0.07132921906905004,0.07560581497017678
2.2,9.763386176279303e-8,3.309166502810608e-7,0.004285993228206745,0,0,0,0.00002210814692684734,0.06344675235743688,0.007962735106758006,0,0.0000037144139918678344,0,0,0,0,0,0,0,0,0,0,0,0,0,0,0,0,0,0,0,0,0,0,0,0,0,0,0.004286421778718789,0.07143531002511361,0.0757217318038324
2.205,9.785575694895712e-8,3.2600182737395175e-7,0.004295823590390544,0,0,0,0.00002215916020533209,0.06352734629594171,0.007985390764078932,0,0.0000037229847886877493,0,0,0,0,0,0,0,0,0,0,0,0,0,0,0,0,0,0,0,0,0,0,0,0,0,0,0.004296247447974867,0.07153861920501467,0.07583486665298954
2.21,9.807765213501775e-8,3.21117682491796e-7,0.004305653748538135,0,0,0,0.000022210171723013744,0.06360519044937156,0.008008033539431938,0,0.0000037315552896732043,0,0,0,0,0,0,0,0,0,0,0,0,0,0,0,0,0,0,0,0,0,0,0,0,0,0,0.004306072943872761,0.07163916571581619,0.07594523865968895
2.215,9.829954732097559e-8,3.163487599970698e-7,0.004315483704043826,0,0,0,0.0000222611814919969,0.06368024544619046,0.00803066354178068,0,0.000003740125496857909,0,0,0,0,0,0,0,0,0,0,0,0,0,0,0,0,0,0,0,0,0,0,0,0,0,0,0.004315898352351144,0.07173691029495999,0.07605280864731113
2.22,9.852144250683132e-8,3.115793844013738e-7,0.004325313458289226,0,0,0,0.00002231218952427513,0.06375230625888326,0.008053280878802938,0,0.0000037486954122569175,0,0,0,0,0,0,0,0,0,0,0,0,0,0,0,0,0,0,0,0,0,0,0,0,0,0,0.0043257235591161345,0.07183164802262273,0.07615737158173887
2.225,9.874333769258567e-8,3.0691449925723835e-7,0.004335143012643383,0,0,0,0.00002236319583173214,0.06382126033260616,0.008075885656910305,0,0.0000037572650378668206,0,0,0,0,0,0,0,0,0,0,0,0,0,0,0,0,0,0,0,0,0,0,0,0,0,0,0.004335548670480333,0.07192326645038606,0.0762588151208664
2.23,9.89652328782393e-8,3.023680671673686e-7,0.004344972368462927,0,0,0,0.000022414200426143058,0.06388694448963621,0.00809847798126754,0,0.0000037658343756659736,0,0,0,0,0,0,0,0,0,0,0,0,0,0,0,0,0,0,0,0,0,0,0,0,0,0,0.004345373701762972,0.07201160250570555,0.07635697620746852
2.2350000000000003,9.918712806379287e-8,2.9782104566410955e-7,0.004354801527092213,0,0,0,0.00002246520331917568,0.06394920133056828,0.008121057955811526,0,0.0000037744034276146944,0,0,0,0,0,0,0,0,0,0,0,0,0,0,0,0,0,0,0,0,0,0,0,0,0,0,0.004355198535265941,0.0720964988931266,0.07645169742839254
2.24,9.940902324924703e-8,2.9336857279314116e-7,0.004364630489863462,0,0,0,0.00002251620452239173,0.0640080661622164,0.0081436256832699,0,0.0000037829721956554816,0,0,0,0,0,0,0,0,0,0,0,0,0,0,0,0,0,0,0,0,0,0,0,0,0,0,0.004365023267459504,0.07217799102220433,0.07654301428966384
2.245,9.963091843460255e-8,2.8895235247599124e-7,0.004374459258096893,0,0,0,0.000022567204047248007,0.06406346905231876,0.008166181265179312,0,0.0000037915406817132036,0,0,0,0,0,0,0,0,0,0,0,0,0,0,0,0,0,0,0,0,0,0,0,0,0,0,0.004374847841367803,0.07225600906222704,0.07663085690359484
2.25,9.985281361985994e-8,2.8453634551675633e-7,0.0043842878331008545,0,0,0,0.000022618201905097587,0.06411535382455097,0.008188724801903345,0,0.0000038001088876953048,0,0,0,0,0,0,0,0,0,0,0,0,0,0,0,0,0,0,0,0,0,0,0,0,0,0,0.004384672222259991,0.07233049693724711,0.0767151691595071
2.255,1.0007470880501998e-7,2.800962951945117e-7,0.004394116216171977,0,0,0,0.000022669198107191065,0.06416369110910261,0.008211256392650116,0,0.000003808676815492008,0,0,0,0,0,0,0,0,0,0,0,0,0,0,0,0,0,0,0,0,0,0,0,0,0,0,0.0043944963871759765,0.0724014253766754,0.07679592176385139
2.26,1.0029660399008322e-7,2.7565773874343507e-7,0.004403944408595279,0,0,0,0.000022720192664677627,0.06420830047239785,0.00823377613548952,0,0.000003817244466976501,0,0,0,0,0,0,0,0,0,0,0,0,0,0,0,0,0,0,0,0,0,0,0,0,0,0,0.004404320362938013,0.07246861404501903,0.07687293440795705
2.265,1.0051849917505038e-7,2.713179259289175e-7,0.004413772411644316,0,0,0,0.000022771185588606233,0.06424906675341199,0.008256284127370199,0,0.000003825811844005131,0,0,0,0,0,0,0,0,0,0,0,0,0,0,0,0,0,0,0,0,0,0,0,0,0,0,0.004414144248069419,0.0725319478782148,0.07694609212628423
2.27,1.0074039435992203e-7,2.673013480605675e-7,0.004423600226581293,0,0,0,0.00002282217688992674,0.06428586998169648,0.008278780464136147,0,0.000003834378948417598,0,0,0,0,0,0,0,0,0,0,0,0,0,0,0,0,0,0,0,0,0,0,0,0,0,0,0.004423968268323714,0.07259130700167098,0.07701527526999469
2.2750000000000004,1.0096228954469889e-7,2.6328372409673785e-7,0.00443342785465721,0,0,0,0.000022873166579491035,0.06431856445368449,0.008301265240543074,0,0.000003842945782037136,0,0,0,0,0,0,0,0,0,0,0,0,0,0,0,0,0,0,0,0,0,0,0,0,0,0,0.004433792100670852,0.0726465458065891,0.07708033790725995
2.2800000000000002,1.0118418472938148e-7,2.592845181245694e-7,0.004443255297111964,0,0,0,0.000022924154668054093,0.06434705348412739,0.008323738550274382,0,0.000003851512346670701,0,0,0,0,0,0,0,0,0,0,0,0,0,0,0,0,0,0,0,0,0,0,0,0,0,0,0.0044436157658148175,0.0726975677014165,0.07714118346723131
2.285,1.0140607991397045e-7,2.5530535367471103e-7,0.00445308255517449,0,0,0,0.00002297514116627506,0.06437121276593412,0.008346200485956952,0,0.000003860078644109152,0,0,0,0,0,0,0,0,0,0,0,0,0,0,0,0,0,0,0,0,0,0,0,0,0,0,0.004453439266608079,0.07274424847170147,0.07719768773830954
2.29,1.0162797509846643e-7,2.513266652743233e-7,0.004462909630062877,0,0,0,0.000023026126084718407,0.06439091296882281,0.008368651139176566,0,0.00000386864467612743,0,0,0,0,0,0,0,0,0,0,0,0,0,0,0,0,0,0,0,0,0,0,0,0,0,0,0.00446326258470325,0.07278645887876023,0.07724972146346348
2.295,1.0184987028287002e-7,2.47329935268855e-7,0.004472736522984482,0,0,0,0.00002307710943385485,0.06440602680464677,0.008391090600493081,0,0.000003877210444484738,0,0,0,0,0,0,0,0,0,0,0,0,0,0,0,0,0,0,0,0,0,0,0,0,0,0,0.0044730857027900335,0.0728240717250182,0.07729715742780824
2.3,1.0207176546718184e-7,2.4332851620138967e-7,0.004482563235136055,0,0,0,0.000023128091224062497,0.06441640573417194,0.008413518959455338,0,0.0000038857759509247105,0,0,0,0,0,0,0,0,0,0,0,0,0,0,0,0,0,0,0,0,0,0,0,0,0,0,0.0044829086354177235,0.07285693856080228,0.07733984719622
2.305,1.0229366065140246e-7,2.393299899654079e-7,0.004492389767703851,0,0,0,0.00002317907146562783,0.06442189879527316,0.00843593630461578,0,0.0000038943411971755895,0,0,0,0,0,0,0,0,0,0,0,0,0,0,0,0,0,0,0,0,0,0,0,0,0,0,0.004492731391354468,0.07288490851255174,0.0773776399039062
2.31,1.0251555583553248e-7,2.357577210287061e-7,0.00450221612186375,0,0,0,0.000023230050168746706,0.06442235029471148,0.008458342723544818,0,0.000003902906184950394,0,0,0,0,0,0,0,0,0,0,0,0,0,0,0,0,0,0,0,0,0,0,0,0,0,0,0.004502554395140614,0.07290782597460999,0.0774103803697506
2.3150000000000004,1.0273745101957255e-7,2.321872605189445e-7,0.004512042298781367,0,0,0,0.00002328102734352539,0.06441759134666689,0.00848073830284496,0,0.000003911470915947087,0,0,0,0,0,0,0,0,0,0,0,0,0,0,0,0,0,0,0,0,0,0,0,0,0,0,0.004512377223492905,0.07292552214777133,0.07743789937126423
2.3200000000000003,1.0295934620352313e-7,2.2860732635407366e-7,0.004521868299612159,0,0,0,0.00002333200299998149,0.06440745640259497,0.008503123128164649,0,0.0000039200353918487405,0,0,0,0,0,0,0,0,0,0,0,0,0,0,0,0,0,0,0,0,0,0,0,0,0,0,0.004522199866284717,0.07293783156915144,0.07746003143543616
2.325,1.0318124138738486e-7,2.2500194146299588e-7,0.004531694125501543,0,0,0,0.000023382977148045005,0.06439177656710401,0.008525497284211902,0,0.000003928599614323703,0,0,0,0,0,0,0,0,0,0,0,0,0,0,0,0,0,0,0,0,0,0,0,0,0,0,0.004532022308684394,0.07294458542807829,0.07747660773676268
2.33,1.0340313657115835e-7,2.2139675389336818e-7,0.00454151977758501,0,0,0,0.000023433949797559217,0.06437037028295854,0.008547860854767667,0,0.000003937163585025754,0,0,0,0,0,0,0,0,0,0,0,0,0,0,0,0,0,0,0,0,0,0,0,0,0,0,0.004541844577475475,0.0729456022511088,0.07748744682858427
2.335,1.0362503175484407e-7,2.178086425045148e-7,0.004551345256988219,0,0,0,0.000023484920958281662,0.06434305055406714,0.008570213922698971,0,0.0000039457273055942694,0,0,0,0,0,0,0,0,0,0,0,0,0,0,0,0,0,0,0,0,0,0,0,0,0,0,0.004551666690662478,0.07294069512502999,0.07749236181569247
2.34,1.0384692693844269e-7,2.1423779466594446e-7,0.004561170564827111,0,0,0,0.000023535890639885072,0.0643096207697086,0.008592556569971835,0,0.000003954290777654375,0,0,0,0,0,0,0,0,0,0,0,0,0,0,0,0,0,0,0,0,0,0,0,0,0,0,0.004561488649548716,0.07292966752109797,0.0774911561706467
2.345,1.0406882212195471e-7,2.106682756078319e-7,0.0045709957022080135,0,0,0,0.000023586858851958306,0.06426986115469818,0.00861488887766395,0,0.000003962854002817104,0,0,0,0,0,0,0,0,0,0,0,0,0,0,0,0,0,0,0,0,0,0,0,0,0,0,0.004571310439305743,0.0729122997452169,0.07748361018452264
2.35,1.042907173053807e-7,2.0733655326382958e-7,0.004580820670227742,0,0,0,0.000023637825604007215,0.06422354836661834,0.008637210925977135,0,0.000003971416982679547,0,0,0,0,0,0,0,0,0,0,0,0,0,0,0,0,0,0,0,0,0,0,0,0,0,0,0.0045811322974983115,0.07288836853518216,0.07746950083268046
2.3550000000000004,1.0451261248872119e-7,2.0407989311435842e-7,0.004590645469973707,0,0,0,0.00002368879090545558,0.06417044768208797,0.00865952279424961,0,0.000003979979718825003,0,0,0,0,0,0,0,0,0,0,0,0,0,0,0,0,0,0,0,0,0,0,0,0,0,0,0.0045909540624793094,0.07285763924696187,0.07744859330944118
2.3600000000000003,1.0473450767197672e-7,2.00819091291034e-7,0.004600470102524005,0,0,0,0.000023739754765646003,0.0641103005083084,0.008681824560968004,0,0.0000039885422128231325,0,0,0,0,0,0,0,0,0,0,0,0,0,0,0,0,0,0,0,0,0,0,0,0,0,0,0.004600775656122967,0.07281985336625488,0.07742062902237784
2.365,1.0495640285514785e-7,1.9731424700415823e-7,0.004610294568947529,0,0,0,0.000023790717193840758,0.0640428620847759,0.008704116303779206,0,0.000003997104466230102,0,0,0,0,0,0,0,0,0,0,0,0,0,0,0,0,0,0,0,0,0,0,0,0,0,0,0.004610596839597388,0.07277476621021518,0.07738536304981257
2.37,1.0517829803823508e-7,1.9381215776708048e-7,0.004620118870304064,0,0,0,0.00002384167819922266,0.06396786213956626,0.008726398099501972,0,0.0000040056664805887235,0,0,0,0,0,0,0,0,0,0,0,0,0,0,0,0,0,0,0,0,0,0,0,0,0,0,0.0046204178607598696,0.07272210758374806,0.07734252544450793
2.375,1.0540019322123899e-7,1.9044333730265428e-7,0.004629943007644377,0,0,0,0.000023892637790895954,0.06388501491345698,0.00874867002413837,0,0.000004014228257428613,0,0,0,0,0,0,0,0,0,0,0,0,0,0,0,0,0,0,0,0,0,0,0,0,0,0,0.0046302388511749015,0.07266159180364368,0.07729183065481858
2.38,1.0562208840416012e-7,1.8743855073806766e-7,0.004639766982010323,0,0,0,0.000023943595977887088,0.06379401112568589,0.008770932152884997,0,0.0000040227897982663126,0,0,0,0,0,0,0,0,0,0,0,0,0,0,0,0,0,0,0,0,0,0,0,0,0,0,0.004640060042649465,0.07259290966434705,0.07723296970699652
2.385,1.058439835869989e-7,1.844293157645577e-7,0.004649590794434931,0,0,0,0.000023994552769145602,0.06369453531679448,0.008793184560144034,0,0.000004031351104605446,0,0,0,0,0,0,0,0,0,0,0,0,0,0,0,0,0,0,0,0,0,0,0,0,0,0,0.004649881067734283,0.07251574578081227,0.07716562684854655
2.39,1.0606587876975593e-7,1.813483680953103e-7,0.004659414445942502,0,0,0,0.000024045508173544942,0.0635862549351646,0.008815427319534089,0,0.000004039912177936851,0,0,0,0,0,0,0,0,0,0,0,0,0,0,0,0,0,0,0,0,0,0,0,0,0,0,0.004659701860189367,0.07242976767505016,0.07708946953523953
2.395,1.062877739524317e-7,1.7820196935068563e-7,0.0046692379375487016,0,0,0,0.00002409646219988322,0.06346881196316899,0.008837660503900877,0,0.000004048473019738705,0,0,0,0,0,0,0,0,0,0,0,0,0,0,0,0,0,0,0,0,0,0,0,0,0,0,0.0046695224272920045,0.07233461740228948,0.07700413982958149
2.4000000000000004,1.0650966913502671e-7,1.7505410250107904e-7,0.004679061270260648,0,0,0,0.000024147414856884093,0.06334182998137508,0.008859884185327708,0,0.000004057033631476682,0,0,0,0,0,0,0,0,0,0,0,0,0,0,0,0,0,0,0,0,0,0,0,0,0,0,0.004679342834032284,0.07222991861519115,0.07690926144922344
2.4050000000000002,1.0673156431754141e-7,1.7195887418861455e-7,0.004688884445077001,0,0,0,0.000024198366153197468,0.06320491135239746,0.008882098435145798,0,0.000004065594014604061,0,0,0,0,0,0,0,0,0,0,0,0,0,0,0,0,0,0,0,0,0,0,0,0,0,0,0.004689163135515507,0.07211527374771105,0.07680443688322657
2.41,1.0695345949997638e-7,1.6887748440299161e-7,0.004698707462988058,0,0,0,0.000024249316097400365,0.06305759855772619,0.00890430332394443,0,0.000004074154170561878,0,0,0,0,0,0,0,0,0,0,0,0,0,0,0,0,0,0,0,0,0,0,0,0,0,0,0.0046989832939319616,0.07199022535193858,0.07668920864587055
2.415,1.0717535468233207e-7,1.6579558666321872e-7,0.004708530324975836,0,0,0,0.000024300264697997615,0.06289941903381366,0.008926498921580914,0,0.0000040827141007790355,0,0,0,0,0,0,0,0,0,0,0,0,0,0,0,0,0,0,0,0,0,0,0,0,0,0,0.0047088032959171815,0.07185430093419336,0.07656310423011053
2.42,1.0739724986460901e-7,1.6277626320993654e-7,0.004718353032014157,0,0,0,0.00002435121196342266,0.06272986611800288,0.008948685297190397,0,0.00000409127380667245,0,0,0,0,0,0,0,0,0,0,0,0,0,0,0,0,0,0,0,0,0,0,0,0,0,0,0.004718623205527231,0.07170699390096337,0.0764256171064906
2.425,1.0761914504680768e-7,1.5975364830937342e-7,0.004728175585068732,0,0,0,0.00002440215790203829,0.06254839562098614,0.008970862519195513,0,0.0000040998332896471595,0,0,0,0,0,0,0,0,0,0,0,0,0,0,0,0,0,0,0,0,0,0,0,0,0,0,0.004728442957862088,0.07154776013137333,0.07627620308923541
2.43,1.0784104022892853e-7,1.5680420690082784e-7,0.00473799798509726,0,0,0,0.00002445310252213738,0.06235442098403347,0.008993030655315879,0,0.000004108392551096461,0,0,0,0,0,0,0,0,0,0,0,0,0,0,0,0,0,0,0,0,0,0,0,0,0,0,0.0047382626303443896,0.07137601313442259,0.07611427576476698
2.435,1.0806293541097207e-7,1.5404532918454614e-7,0.004747820233049484,0,0,0,0.000024504045831943632,0.06214730902052208,0.009015189772577419,0,0.0000041169515924020275,0,0,0,0,0,0,0,0,0,0,0,0,0,0,0,0,0,0,0,0,0,0,0,0,0,0,0.004748082341314079,0.07119111979052385,0.07593920213183793
2.4400000000000004,1.0828483059293875e-7,1.512773449736743e-7,0.004757642329867305,0,0,0,0.000024554987839612304,0.061926374358103754,0.00903733993732153,0,0.0000041255104149340304,0,0,0,0,0,0,0,0,0,0,0,0,0,0,0,0,0,0,0,0,0,0,0,0,0,0,0.004757901892042871,0.07099239479367983,0.0757502966857227
2.4450000000000003,1.0850672577482907e-7,1.4842064447949257e-7,0.004767464276484837,0,0,0,0.00002460592855323089,0.061690869096094246,0.009059481215214141,0,0.000004134069020051262,0,0,0,0,0,0,0,0,0,0,0,0,0,0,0,0,0,0,0,0,0,0,0,0,0,0,0.004767721203855091,0.07077909030888167,0.07554681151273676
2.45,1.0872862095664346e-7,1.4548728640487716e-7,0.004777286073828498,0,0,0,0.000024656867980819854,0.06143997980211465,0.009081613671254577,0,0.000004142627409101246,0,0,0,0,0,0,0,0,0,0,0,0,0,0,0,0,0,0,0,0,0,0,0,0,0,0,0.00477754028973586,0.07055039296875915,0.075327933258495
2.455,1.089505161383824e-7,1.4254709280864155e-7,0.0047871077228170975,0,0,0,0.000024707806130333306,0.06117283333777289,0.0091037373697843,0,0.000004151185583420364,0,0,0,0,0,0,0,0,0,0,0,0,0,0,0,0,0,0,0,0,0,0,0,0,0,0,0.004787359220426044,0.07030542969927095,0.07509278891969699
2.46,1.0917241132004638e-7,1.397629403129852e-7,0.004796929224361897,0,0,0,0.000024758743009659728,0.06088846295930347,0.009125852374495506,0,0.000004159743544333967,0,0,0,0,0,0,0,0,0,0,0,0,0,0,0,0,0,0,0,0,0,0,0,0,0,0,0.004797178159713531,0.07004323382035296,0.0748404119800665
2.465,1.0939430650163581e-7,1.370105440945963e-7,0.004806750579366701,0,0,0,0.000024809678626622584,0.0605858043373007,0.009147958748439586,0,0.000004168301293156484,0,0,0,0,0,0,0,0,0,0,0,0,0,0,0,0,0,0,0,0,0,0,0,0,0,0,0.004806996984217297,0.06976274106566006,0.07456973804987736
2.47,1.0961620168315124e-7,1.342434471637978e-7,0.004816571788727929,0,0,0,0.000024860612988981066,0.060263680526756555,0.009170056554035445,0,0.000004176858831191545,0,0,0,0,0,0,0,0,0,0,0,0,0,0,0,0,0,0,0,0,0,0,0,0,0,0,0.004816815648376776,0.06946277455261217,0.07427959020098894
2.475,1.0983809686459296e-7,1.3143858091979128e-7,0.004826392853334687,0,0,0,0.000024911546104430675,0.059920785349605245,0.009192145853077689,0,0.000004185416159732079,0,0,0,0,0,0,0,0,0,0,0,0,0,0,0,0,0,0,0,0,0,0,0,0,0,0,0.004826634130012472,0.06914202816494709,0.07396866229495956
2.4800000000000004,1.1005999204596155e-7,1.2861849999063468e-7,0.004836213774068851,0,0,0,0.000024962477980603962,0.059555661080143665,0.009214226706744707,0,0.000004193973280060441,0,0,0,0,0,0,0,0,0,0,0,0,0,0,0,0,0,0,0,0,0,0,0,0,0,0,0.004836452452560888,0.06879904423814903,0.07363549669070991
2.4850000000000003,1.1028188722725737e-7,1.257959520667155e-7,0.004846034551805134,0,0,0,0.000025013408625071103,0.059166672184310584,0.009236299175606555,0,0.000004202530193448503,0,0,0,0,0,0,0,0,0,0,0,0,0,0,0,0,0,0,0,0,0,0,0,0,0,0,0.0048462706296444275,0.06843218729873565,0.07327845792838009
2.49,1.1050378240848086e-7,1.2298790631375545e-7,0.004855855187411154,0,0,0,0.000025064338045340543,0.05875195896641843,0.009258363319632807,0,0.000004211086901157769,0,0,0,0,0,0,0,0,0,0,0,0,0,0,0,0,0,0,0,0,0,0,0,0,0,0,0.004856088679099877,0.06803959771099774,0.07289568639009762
2.495,1.1072567758963257e-7,1.2015829526962826e-7,0.004865675681747521,0,0,0,0.000025115266248859696,0.05830939701683199,0.009280419198200213,0,0.000004219643404439485,0,0,0,0,0,0,0,0,0,0,0,0,0,0,0,0,0,0,0,0,0,0,0,0,0,0,0.004865906565720381,0.0676191511246855,0.07248505769040588
2.5,1.1094757277071278e-7,1.1738138000689093e-7,0.004875496035667894,0,0,0,0.000025166193243015474,0.05783665034317872,0.009302466870100263,0,0.0000042281997045347355,0,0,0,0,0,0,0,0,0,0,0,0,0,0,0,0,0,0,0,0,0,0,0,0,0,0,0.004875724364620672,0.06716851160622653,0.07204423597084719
2.505,1.11169467951722e-7,1.1463689808169178e-7,0.004885316250019056,0,0,0,0.000025217119035134945,0.05733096771496167,0.00932450639354662,0,0.0000042367558026745485,0,0,0,0,0,0,0,0,0,0,0,0,0,0,0,0,0,0,0,0,0,0,0,0,0,0,0.004885542056385089,0.0666849279833461,0.07157047003973119
2.51,1.1139136313266063e-7,1.1185748746121615e-7,0.004895136325640981,0,0,0,0.000025268043632485946,0.056789142471040395,0.009346537826182461,0,0.000004245311700080003,0,0,0,0,0,0,0,0,0,0,0,0,0,0,0,0,0,0,0,0,0,0,0,0,0,0,0.004895359574491574,0.06616519365255542,0.07106055322704699
2.515,1.116132583135291e-7,1.0904518616508288e-7,0.004904956263366911,0,0,0,0.00002531896704227768,0.056207453832395546,0.009368561225087677,0,0.000004253867397962321,0,0,0,0,0,0,0,0,0,0,0,0,0,0,0,0,0,0,0,0,0,0,0,0,0,0,0.004905176921811389,0.06560558789192346,0.07051076481373485
2.52,1.1183515349432784e-7,1.0618930969146227e-7,0.004914776064023408,0,0,0,0.00002536988927166128,0.055581363154984895,0.00939057664678597,0,0.000004262422897522977,0,0,0,0,0,0,0,0,0,0,0,0,0,0,0,0,0,0,0,0,0,0,0,0,0,0,0.004914994088486594,0.06500157211394005,0.06991656620242664
2.5250000000000004,1.1205704867505728e-7,1.0328517147585337e-7,0.004924595728430441,0,0,0,0.00002542081032773044,0.054905373999325366,0.009412584147251846,0,0.000004270978199953788,0,0,0,0,0,0,0,0,0,0,0,0,0,0,0,0,0,0,0,0,0,0,0,0,0,0,0.0049248110706505924,0.0643476499351049,0.0692724610057555
2.5300000000000002,1.1227894385571775e-7,1.0037952227220422e-7,0.004934415257401426,0,0,0,0.000025471730217521917,0.05417278673608693,0.009434583781917484,0,0.000004279533306437006,0,0,0,0,0,0,0,0,0,0,0,0,0,0,0,0,0,0,0,0,0,0,0,0,0,0,0.004934627915867554,0.06363712178152837,0.06857174969739593
2.535,1.1250083903630972e-7,9.739944480973989e-8,0.004944234651743319,0,0,0,0.00002552264894801621,0.05337522364226859,0.009456575605679522,0,0.0000042880882181454355,0,0,0,0,0,0,0,0,0,0,0,0,0,0,0,0,0,0,0,0,0,0,0,0,0,0,0.0049444445520271645,0.06286160998511428,0.06780605453714145
2.54,1.1272273421683359e-7,9.431659619670056e-8,0.004954053912256662,0,0,0,0.000025573566526138034,0.05250192449921887,0.009478559672905723,0,0.000004296642936242503,0,0,0,0,0,0,0,0,0,0,0,0,0,0,0,0,0,0,0,0,0,0,0,0,0,0,0.004954260951587075,0.06201035438158698,0.06696461533317405
2.545,1.1294462939728977e-7,9.109633186156604e-8,0.004963873039735649,0,0,0,0.000025624482958756928,0.051538815254792945,0.009500536037441531,0,0.000004305197461882368,0,0,0,0,0,0,0,0,0,0,0,0,0,0,0,0,0,0,0,0,0,0,0,0,0,0,0.004964077080696908,0.06106928097265511,0.06603335805335202
2.55,1.1316652457767863e-7,8.774209947645461e-8,0.004973692034968198,0,0,0,0.000025675398252687752,0.05046662409606262,0.009522504752616548,0,0.000004313751796210002,0,0,0,0,0,0,0,0,0,0,0,0,0,0,0,0,0,0,0,0,0,0,0,0,0,0,0.004973892943592252,0.06001911799872807,0.06499301094232032
2.555,1.1338841975800057e-7,8.429643943186187e-8,0.004983510898736,0,0,0,0.000025726312414691292,0.04925776401185738,0.009544465871250903,0,0.000004322305940361293,0,0,0,0,0,0,0,0,0,0,0,0,0,0,0,0,0,0,0,0,0,0,0,0,0,0,0.004983708583595189,0.05883227850146333,0.06381598708505852
2.56,1.13610314938256e-7,8.066956815183814e-8,0.0049933296318145914,0,0,0,0.000025777225451474767,0.047870151662548176,0.009566419445661514,0,0.000004330859895463128,0,0,0,0,0,0,0,0,0,0,0,0,0,0,0,0,0,0,0,0,0,0,0,0,0,0,0.0049935239116976815,0.05746667919355663,0.06246020310525431
2.5650000000000004,1.138322101184453e-7,7.668848223139718e-8,0.005003148234973412,0,0,0,0.000025828137369692353,0.04623337887184408,0.00958836552766827,0,0.000004339413662633483,0,0,0,0,0,0,0,0,0,0,0,0,0,0,0,0,0,0,0,0,0,0,0,0,0,0,0.005003338755665762,0.055851911950544675,0.06085525070621044
2.5700000000000003,1.1405410529856885e-7,7.209565694724893e-8,0.005012966708975856,0,0,0,0.000025879048175945737,0.044211017600535536,0.00961030416860011,0,0.000004347967242981512,0,0,0,0,0,0,0,0,0,0,0,0,0,0,0,0,0,0,0,0,0,0,0,0,0,0,0.005013152858738102,0.05385154878455457,0.058864701643292675
2.575,1.1427600047862703e-7,6.63790581845211e-8,0.005022785054579346,0,0,0,0.000025929957876784586,0.04145334794596386,0.009632235419301017,0,0.000004356520637607635,0,0,0,0,0,0,0,0,0,0,0,0,0,0,0,0,0,0,0,0,0,0,0,0,0,0,0.00502296570963801,0.05111586984377927,0.05613883555341728
2.58,1.1449789565862025e-7,5.365769525208686e-8,0.005032603272535376,0,0,0,0.00002598086647870709,0.03431855076847759,0.009654159330135912,0,0.000004365073847603618,0,0,0,0,0,0,0,0,0,0,0,0,0,0,0,0,0,0,0,0,0,0,0,0,0,0,0.005032771428126287,0.044003056038939815,0.049035827467066105
2.585,1.1471979083854887e-7,1.1096598573058459e-7,0.005042421363589589,0,0,0,0.000026031773988160518,0.06872552265467627,0.009676075950996493,0,0.000004373626874052674,0,0,0,0,0,0,0,0,0,0,0,0,0,0,0,0,0,0,0,0,0,0,0,0,0,0,0.005042647049366158,0.07843200400653498,0.08347465105590114
2.59,1.149416860184132e-7,1.1331398549045106e-7,0.005052239328481812,0,0,0,0.000026082680411541602,0.07110199741880323,0.009697985331306905,0,0.000004382179718029526,0,0,0,0,0,0,0,0,0,0,0,0,0,0,0,0,0,0,0,0,0,0,0,0,0,0,0.005052467584153321,0.0808304476102397,0.08588291519439303
2.595,1.1516358119821374e-7,1.1493095505242113e-7,0.005062057167946128,0,0,0,0.00002613358575519714,0.07308401136534526,0.009719887520029447,0,0.000004390732380600507,0,0,0,0,0,0,0,0,0,0,0,0,0,0,0,0,0,0,0,0,0,0,0,0,0,0,0.005062287262482379,0.0828344232035105,0.08789671046599289
2.6,1.1538547637795076e-7,1.1616585758796271e-7,0.005071874882710922,0,0,0,0.000026184490025424404,0.07486286309754821,0.009741782565670074,0,0.000004399284862823627,0,0,0,0,0,0,0,0,0,0,0,0,0,0,0,0,0,0,0,0,0,0,0,0,0,0,0.005072106434044888,0.08463522943810653,0.08970733587215142
2.6050000000000004,1.1560737155762469e-7,1.1712638539951272e-7,0.005081692473498949,0,0,0,0.00002623539322847172,0.07651266427316364,0.009763670516283907,0,0.000004407837165748672,0,0,0,0,0,0,0,0,0,0,0,0,0,0,0,0,0,0,0,0,0,0,0,0,0,0,0.005081925207255906,0.08630697801984177,0.09138890322709768
2.6100000000000003,1.1582926673723585e-7,1.1784758351820052e-7,0.00509150994102737,0,0,0,0.000026286295370538794,0.07807144723663281,0.0097855514194806,0,0.000004416389290417266,0,0,0,0,0,0,0,0,0,0,0,0,0,0,0,0,0,0,0,0,0,0,0,0,0,0,0.005091743617877625,0.08788770134077437,0.09297944495865199
2.615,1.160511619167846e-7,1.183793188787817e-7,0.005101327286007824,0,0,0,0.00002633719645777735,0.07956178536523141,0.009807425322429682,0,0.000004424941237862965,0,0,0,0,0,0,0,0,0,0,0,0,0,0,0,0,0,0,0,0,0,0,0,0,0,0,0.00510156171648862,0.08939997282535674,0.09450153454184536
2.62,1.1627305709627127e-7,1.1877281343692671e-7,0.00511114450914647,0,0,0,0.000026388096496291493,0.08099838841788325,0.009829292271865762,0,0.000004433493009111326,0,0,0,0,0,0,0,0,0,0,0,0,0,0,0,0,0,0,0,0,0,0,0,0,0,0,0.005111379555017004,0.0908585022792544,0.09596988183427141
2.625,1.1649495227569625e-7,1.1927184809833623e-7,0.005120961611144046,0,0,0,0.000026438995492138203,0.0823914773419726,0.00985115231409372,0,0.0000044420446051799885,0,0,0,0,0,0,0,0,0,0,0,0,0,0,0,0,0,0,0,0,0,0,0,0,0,0,0.005121197377944421,0.09227351069616363,0.09739470807410805
2.63,1.167168474550599e-7,1.1971510389610761e-7,0.0051307785926959166,0,0,0,0.000026489893451327773,0.08374849372953219,0.009873005494993762,0,0.000004450596027078749,0,0,0,0,0,0,0,0,0,0,0,0,0,0,0,0,0,0,0,0,0,0,0,0,0,0,0.005131015024647268,0.09365243971400436,0.09878345473865163
2.635,1.1693874263436258e-7,1.2004958987458575e-7,0.005140595454492127,0,0,0,0.000026540790379824286,0.08507501722347673,0.009894851860026458,0,0.000004459147275809639,0,0,0,0,0,0,0,0,0,0,0,0,0,0,0,0,0,0,0,0,0,0,0,0,0,0,0.005140832442824635,0.09500086902115881,0.10014170146398345
2.64,1.1716063781360463e-7,1.2009794209973442e-7,0.005150412197217451,0,0,0,0.000026591686283546017,0.08637545551086102,0.009916691454237653,0,0.000004467698352366996,0,0,0,0,0,0,0,0,0,0,0,0,0,0,0,0,0,0,0,0,0,0,0,0,0,0,0.0051506494557973645,0.0963232063497346,0.10147385580553196
2.645,1.1738253299278639e-7,1.2006958001794289e-7,0.005160228821551445,0,0,0,0.00002664258116836593,0.08765329148091955,0.009938524322263343,0,0.000004476249257737541,0,0,0,0,0,0,0,0,0,0,0,0,0,0,0,0,0,0,0,0,0,0,0,0,0,0,0.0051604662736644555,0.097622934633609,0.10278340090727345
2.6500000000000004,1.1760442817190819e-7,1.2003033184877927e-7,0.005170045328168497,0,0,0,0.00002669347504011205,0.08891134924403712,0.009960350508334482,0,0.000004484799992900448,0,0,0,0,0,0,0,0,0,0,0,0,0,0,0,0,0,0,0,0,0,0,0,0,0,0,0.005170282962928517,0.09890287802740462,0.10407316099033313
2.6550000000000002,1.1782632335097029e-7,1.200401483923695e-7,0.005179861717737868,0,0,0,0.00002674436790456795,0.09015196663146194,0.009982170056281691,0,0.000004493350558827422,0,0,0,0,0,0,0,0,0,0,0,0,0,0,0,0,0,0,0,0,0,0,0,0,0,0,0.005180099584209612,0.10016537440620701,0.10534547399041663
2.66,1.1804821852997319e-7,1.1999079504357564e-7,0.005189677990923762,0,0,0,0.000026795259767473137,0.09137718011841307,0.010003983009539934,0,0.000004501900956482763,0,0,0,0,0,0,0,0,0,0,0,0,0,0,0,0,0,0,0,0,0,0,0,0,0,0,0.005189916029937335,0.10141246028867695,0.10660237631861429
2.665,1.1827011370891713e-7,1.1992821931514143e-7,0.005199494148385342,0,0,0,0.000026846150634523484,0.09258851616611263,0.010025789411153094,0,0.0000045104511868234406,0,0,0,0,0,0,0,0,0,0,0,0,0,0,0,0,0,0,0,0,0,0,0,0,0,0,0.005199732346718366,0.10264566217908708,0.10784539452580544
2.67,1.1849200888780242e-7,1.198420483201727e-7,0.0052093101907768075,0,0,0,0.00002689704051137166,0.09378735709991465,0.010047589303778508,0,0.000004519001250799167,0,0,0,0,0,0,0,0,0,0,0,0,0,0,0,0,0,0,0,0,0,0,0,0,0,0,0.005209548524834015,0.10386636244545533,0.10907591097028935
2.675,1.1871390406662946e-7,1.1970686517213797e-7,0.005219126118747422,0,0,0,0.0000269479294036275,0.09497489165855995,0.01006938272969143,0,0.000004527551149352455,0,0,0,0,0,0,0,0,0,0,0,0,0,0,0,0,0,0,0,0,0,0,0,0,0,0,0.00521936453951666,0.10507574986880436,0.11029511440832102
2.68,1.1893579924539852e-7,1.19584202265843e-7,0.00522894193294157,0,0,0,0.000026998817316858464,0.09615211983640223,0.010091169730789428,0,0.000004536100883418702,0,0,0,0,0,0,0,0,0,0,0,0,0,0,0,0,0,0,0,0,0,0,0,0,0,0,0.005229180452943081,0.10627482448539194,0.11150400493833502
2.685,1.1915769442410994e-7,1.1942781572969476e-7,0.005238757633998794,0,0,0,0.000027049704256589977,0.09731982762291547,0.010112950348596716,0,0.000004544650453926239,0,0,0,0,0,0,0,0,0,0,0,0,0,0,0,0,0,0,0,0,0,0,0,0,0,0,0.005238996219508948,0.10746437232622269,0.11270336854573164
2.6900000000000004,1.1937958960276407e-7,1.19215981609787e-7,0.005248573222553852,0,0,0,0.000027100590228305885,0.09847899587012543,0.010134724624268442,0,0.0000045531998617964135,0,0,0,0,0,0,0,0,0,0,0,0,0,0,0,0,0,0,0,0,0,0,0,0,0,0,0.005248811818125065,0.10864537428448398,0.11389418610260904
2.6950000000000003,1.1960148478136115e-7,1.188520628392107e-7,0.005258388699236751,0,0,0,0.000027151475237448818,0.09963036958697508,0.01015649259859489,0,0.000004561749107943647,0,0,0,0,0,0,0,0,0,0,0,0,0,0,0,0,0,0,0,0,0,0,0,0,0,0,0.005258627152784372,0.10981857540991535,0.11507720256269972
2.7,1.198233799599016e-7,1.1844824438944489e-7,0.0052682040646727935,0,0,0,0.00002720235928942056,0.10077461714258386,0.010178254312005636,0,0.000004570298193275501,0,0,0,0,0,0,0,0,0,0,0,0,0,0,0,0,0,0,0,0,0,0,0,0,0,0,0.005268442336297143,0.11098464411207219,0.11625308644836933
2.705,1.2004527513838563e-7,1.1806731966612186e-7,0.00527801931948263,0,0,0,0.000027253242389582464,0.10191238398743256,0.010200009804573666,0,0.00000457884711869274,0,0,0,0,0,0,0,0,0,0,0,0,0,0,0,0,0,0,0,0,0,0,0,0,0,0,0.005278257432077434,0.1121442258815145,0.11742248331359194
2.71,1.2026717031681362e-7,1.1775801441415852e-7,0.00528783446428229,0,0,0,0.000027304124543255833,0.10304432529704614,0.010221759116019389,0,0.000004587395885089403,0,0,0,0,0,0,0,0,0,0,0,0,0,0,0,0,0,0,0,0,0,0,0,0,0,0,0.00528807248946702,0.11329797593349387,0.11858604842296089
2.715,1.2048906549518585e-7,1.1741443557383543e-7,0.005297649499683232,0,0,0,0.000027355005755722242,0.1041707324002499,0.010243502285714632,0,0.000004595944493352854,0,0,0,0,0,0,0,0,0,0,0,0,0,0,0,0,0,0,0,0,0,0,0,0,0,0,0.005297887403184301,0.11444618563621362,0.11974407303939792
2.72,1.2071096067350273e-7,1.17059980559099e-7,0.005307464426292389,0,0,0,0.000027405886032223996,0.10529200798082836,0.01026523935268659,0,0.000004604492944363858,0,0,0,0,0,0,0,0,0,0,0,0,0,0,0,0,0,0,0,0,0,0,0,0,0,0,0.005307702197233622,0.11558925771249154,0.12089695990972515
2.725,1.2093285585176436e-7,1.16687471562723e-7,0.005317279244712199,0,0,0,0.00002745676537796439,0.10640851560239295,0.010286970355621658,0,0.000004613041238996625,0,0,0,0,0,0,0,0,0,0,0,0,0,0,0,0,0,0,0,0,0,0,0,0,0,0,0.005317516865039613,0.11672755576463156,0.12204507262967118
2.7300000000000004,1.2115475102997125e-7,1.162840927040517e-7,0.005327093955540659,0,0,0,0.00002750764379810818,0.10752054734840871,0.010308695332869298,0,0.000004621589378118893,0,0,0,0,0,0,0,0,0,0,0,0,0,0,0,0,0,0,0,0,0,0,0,0,0,0,0.0053273313943843935,0.11786137191445424,0.12318870330883863
2.7350000000000003,1.213766462081236e-7,1.159911715301479e-7,0.005336908559371359,0,0,0,0.000027558521297781844,0.10862830389982964,0.01033041432244577,0,0.000004630137362591966,0,0,0,0,0,0,0,0,0,0,0,0,0,0,0,0,0,0,0,0,0,0,0,0,0,0,0.005337145927189097,0.11899090688093578,0.12432805280812487
2.74,1.2159854138622167e-7,1.1569108096129114e-7,0.005346723056793523,0,0,0,0.000027609397882074008,0.10973223922284586,0.010352127362037864,0,0.00000463868519327079,0,0,0,0,0,0,0,0,0,0,0,0,0,0,0,0,0,0,0,0,0,0,0,0,0,0,0.00534696034641587,0.12011661466795907,0.12546357501437494
2.745,1.2182043656426583e-7,1.1534825374886913e-7,0.005356537448392049,0,0,0,0.000027660273556035757,0.11083264578995218,0.010373834489006575,0,0.0000046472328710040036,0,0,0,0,0,0,0,0,0,0,0,0,0,0,0,0,0,0,0,0,0,0,0,0,0,0,0.005356774617082362,0.1212387877853858,0.12659556240246816
2.75,1.2204233174225633e-7,1.1486954748471687e-7,0.005366351734747556,0,0,0,0.00002771114832468099,0.1119297958668478,0.010395535740390708,0,0.000004655780396633997,0,0,0,0,0,0,0,0,0,0,0,0,0,0,0,0,0,0,0,0,0,0,0,0,0,0,0.005366588646626784,0.12235769853595983,0.1277242871825866
2.755,1.222642269201935e-7,1.1436420465692047e-7,0.00537616591643641,0,0,0,0.000027762022192986777,0.11302395900638251,0.010417231152910442,0,0.000004664327770996974,0,0,0,0,0,0,0,0,0,0,0,0,0,0,0,0,0,0,0,0,0,0,0,0,0,0,0.005376402544867987,0.12347361650925694,0.12885001905412494
2.76,1.224861220980776e-7,1.1385835679888886e-7,0.005385979994030773,0,0,0,0.00002781289516589368,0.11411543769130704,0.010438920762970857,0,0.000004672874994923002,0,0,0,0,0,0,0,0,0,0,0,0,0,0,0,0,0,0,0,0,0,0,0,0,0,0,0.00538621633850967,0.1245868442244387,0.12997306056294838
2.765,1.22708017275909e-7,1.133690682204322e-7,0.005395793968098642,0,0,0,0.000027863767248306074,0.11520435035158619,0.010460604606665393,0,0.000004681422069236073,0,0,0,0,0,0,0,0,0,0,0,0,0,0,0,0,0,0,0,0,0,0,0,0,0,0,0.005396030045184139,0.12569750014756914,0.13109353019275327
2.77,1.2292991245368782e-7,1.1285550996711119e-7,0.0054056078392038754,0,0,0,0.000027914638445092533,0.11629088242865507,0.010482282719779289,0,0.00000468996899475416,0,0,0,0,0,0,0,0,0,0,0,0,0,0,0,0,0,0,0,0,0,0,0,0,0,0,0.0054058436246262965,0.1268057697558742,0.1322116133805005
2.7750000000000004,1.2315180763141447e-7,1.1241712489525013e-7,0.005415421607906244,0,0,0,0.000027965508761086076,0.11737520652666374,0.01050395513779293,0,0.000004698515772289264,0,0,0,0,0,0,0,0,0,0,0,0,0,0,0,0,0,0,0,0,0,0,0,0,0,0,0.00541565717683877,0.12791182568899004,0.1333274828658288
2.7800000000000002,1.2337370280908921e-7,1.1201347584802766e-7,0.005425235274761459,0,0,0,0.000028016378201084593,0.11845748203115893,0.010525621895885235,0,0.000004707062402647484,0,0,0,0,0,0,0,0,0,0,0,0,0,0,0,0,0,0,0,0,0,0,0,0,0,0,0.005425470661940116,0.12901582736764788,0.134441298029588
2.785,1.235955979867123e-7,1.115881141416402e-7,0.005435048840321217,0,0,0,0.000028067246769851055,0.11953783706337479,0.01054728302893687,0,0.00000471560888662905,0,0,0,0,0,0,0,0,0,0,0,0,0,0,0,0,0,0,0,0,0,0,0,0,0,0,0.005435284024033345,0.13011790294796813,0.13555318697200147
2.79,1.2381749316428404e-7,1.110077346922228e-7,0.005444862305133226,0,0,0,0.00002811811447211392,0.12061644132870745,0.010568938571533555,0,0.0000047241552250283994,0,0,0,0,0,0,0,0,0,0,0,0,0,0,0,0,0,0,0,0,0,0,0,0,0,0,0.0054450971303610825,0.13121822216993817,0.13666331930029926
2.795,1.2403938834180466e-7,1.1038897112529711e-7,0.005454675669741249,0,0,0,0.00002816898131256739,0.12169343241091453,0.010590588557969224,0,0.000004732701418634208,0,0,0,0,0,0,0,0,0,0,0,0,0,0,0,0,0,0,0,0,0,0,0,0,0,0,0.005454910098100716,0.13231692265161496,0.1377718327497157
2.8,1.242612835192745e-7,1.0978368375358794e-7,0.005464488934685143,0,0,0,0.000028219847295871765,0.12276893979536468,0.010612233022249215,0,0.0000047412474682294556,0,0,0,0,0,0,0,0,0,0,0,0,0,0,0,0,0,0,0,0,0,0,0,0,0,0,0.005464722979652416,0.133414133912378,0.13887885689203042
2.805,1.244831786966938e-7,1.0936676932065605e-7,0.005474302100500878,0,0,0,0.000028270712426653694,0.12384308550662934,0.010633871998093342,0,0.000004749793374591474,0,0,0,0,0,0,0,0,0,0,0,0,0,0,0,0,0,0,0,0,0,0,0,0,0,0,0.005474535950448895,0.13450997801052395,0.13998451396097283
2.81,1.2470507387406286e-7,1.0893084143601387e-7,0.0054841151677205895,0,0,0,0.000028321576709506548,0.12491601929295786,0.010655505518939005,0,0.000004758339138491999,0,0,0,0,0,0,0,0,0,0,0,0,0,0,0,0,0,0,0,0,0,0,0,0,0,0,0.005484348803635899,0.13560460472774485,0.14108895353138076
2.8150000000000004,1.2492696905138188e-7,1.0842927217453796e-7,0.005493928136872605,0,0,0,0.000028372440148990655,0.12598781139129822,0.010677133617944213,0,0.000004766884760697218,0,0,0,0,0,0,0,0,0,0,0,0,0,0,0,0,0,0,0,0,0,0,0,0,0,0,0.005494161493113831,0.13669808433415212,0.14219224582726595
2.8200000000000003,1.251488642286511e-7,1.0783749517954994e-7,0.005503741008481476,0,0,0,0.00002842330274963363,0.12705855220190865,0.01069875632799057,0,0.000004775430241967818,0,0,0,0,0,0,0,0,0,0,0,0,0,0,0,0,0,0,0,0,0,0,0,0,0,0,0.005503973994840885,0.13779050726289083,0.1432944812577317
2.825,1.2537075940587094e-7,1.0722726996667376e-7,0.0055135537830680184,0,0,0,0.000028474164515930676,0.12812832965090076,0.010720373681686246,0,0.000004783975583059046,0,0,0,0,0,0,0,0,0,0,0,0,0,0,0,0,0,0,0,0,0,0,0,0,0,0,0.005513786381097391,0.138881961472686,0.1443957478537834
2.83,1.2559265458304152e-7,1.0667656440079585e-7,0.005523366461149339,0,0,0,0.000028525025452344864,0.1291972262523637,0.010741985711368867,0,0.000004792520784720742,0,0,0,0,0,0,0,0,0,0,0,0,0,0,0,0,0,0,0,0,0,0,0,0,0,0,0.005523598730368323,0.13997252950996963,0.14549612824033795
2.835,1.2581454976016315e-7,1.0615019522187726e-7,0.005533179043238871,0,0,0,0.000028575885563307377,0.1302652586594869,0.01076359244910841,0,0.0000048010658476974,0,0,0,0,0,0,0,0,0,0,0,0,0,0,0,0,0,0,0,0,0,0,0,0,0,0,0.0055334110079838525,0.14106222806000634,0.1465956390679902
2.84,1.2603644493723613e-7,1.0560691501593691e-7,0.00554299152984641,0,0,0,0.000028626744853217896,0.131332548813512,0.01078519392671005,0,0.000004809610772728212,0,0,0,0,0,0,0,0,0,0,0,0,0,0,0,0,0,0,0,0,0,0,0,0,0,0,0.005543223173206363,0.14215117909584798,0.14769440226905434
2.845,1.262583401142606e-7,1.0502189884171219e-7,0.005552803921478141,0,0,0,0.000028677603326444783,0.1323992081216574,0.010806790175716932,0,0.000004818155560547113,0,0,0,0,0,0,0,0,0,0,0,0,0,0,0,0,0,0,0,0,0,0,0,0,0,0,0.005553035201717097,0.14323949405626132,0.14879252925797842
2.85,1.2648023529123696e-7,1.0441787756583101e-7,0.005562616218636669,0,0,0,0.0000287284609873254,0.13346532092941588,0.010828381227412975,0,0.000004826700211882825,0,0,0,0,0,0,0,0,0,0,0,0,0,0,0,0,0,0,0,0,0,0,0,0,0,0,0.005562847116749526,0.14432725731802806,0.1498901044347776
2.8550000000000004,1.2670213046816542e-7,1.0381158480874718e-7,0.005572428421821063,0,0,0,0.00002877931784016638,0.13453096831469008,0.010849967112825567,0,0.000004835244727458914,0,0,0,0,0,0,0,0,0,0,0,0,0,0,0,0,0,0,0,0,0,0,0,0,0,0,0.0055726589355363405,0.1454145499900833,0.15098720892561965
2.8600000000000003,1.2692402564504615e-7,1.0326254414409013e-7,0.005582240531526873,0,0,0,0.000028830173889243916,0.1355962631367921,0.010871547862728287,0,0.000004843789107993825,0,0,0,0,0,0,0,0,0,0,0,0,0,0,0,0,0,0,0,0,0,0,0,0,0,0,0.005582470718096663,0.14650148496251764,0.1520839556806143
2.865,1.2714592082187945e-7,1.0269833478972978e-7,0.00559205254824616,0,0,0,0.000028881029138803983,0.13666127658325528,0.010893123507643548,0,0.000004852333354200931,0,0,0,0,0,0,0,0,0,0,0,0,0,0,0,0,0,0,0,0,0,0,0,0,0,0,0.005592282392501772,0.14758813345339183,0.15318041584589362
2.87,1.2736781599866553e-7,1.0211947644581327e-7,0.005601864472467545,0,0,0,0.000028931883593062678,0.13772602800616426,0.010914694077845243,0,0.0000048608774667885814,0,0,0,0,0,0,0,0,0,0,0,0,0,0,0,0,0,0,0,0,0,0,0,0,0,0,0.005602093959759989,0.14867451484506936,0.15427660880482935
2.875,1.2758971117540475e-7,1.01526347244924e-7,0.00561167630467622,0,0,0,0.000028982737256206403,0.13879057075172035,0.010936259603361313,0,0.000004869421446460139,0,0,0,0,0,0,0,0,0,0,0,0,0,0,0,0,0,0,0,0,0,0,0,0,0,0,0.005611905420734641,0.14976068251378433,0.15537258793451897
2.88,1.2781160635209723e-7,1.0091887857041094e-7,0.005621488045353988,0,0,0,0.00002903359013239219,0.139854955328957,0.010957820113976316,0,0.0000048779652939140315,0,0,0,0,0,0,0,0,0,0,0,0,0,0,0,0,0,0,0,0,0,0,0,0,0,0,0.00562171677583891,0.15084668699835962,0.15646840377419854
2.885,1.2803350152874328e-7,1.0037076579961438e-7,0.005631299694979283,0,0,0,0.000029084442225747935,0.14091922632742326,0.01097937563923397,0,0.0000048865090098437885,0,0,0,0,0,0,0,0,0,0,0,0,0,0,0,0,0,0,0,0,0,0,0,0,0,0,0.005631528099246611,0.1519325729178928,0.1575641010171394
2.89,1.2825539670534317e-7,9.984567365120165e-8,0.005641111254027215,0,0,0,0.000029135293540372607,0.14198341961318017,0.011000926208439626,0,0.000004895052594938087,0,0,0,0,0,0,0,0,0,0,0,0,0,0,0,0,0,0,0,0,0,0,0,0,0,0,0.0056413393550975716,0.1530183761677551,0.15865971552285268
2.895,1.2847729188189705e-7,9.930729036000133e-8,0.005650922722969582,0,0,0,0.00002918614408033661,0.1430475946671712,0.011022471850662727,0,0.000004903596049880797,0,0,0,0,0,0,0,0,0,0,0,0,0,0,0,0,0,0,0,0,0,0,0,0,0,0,0.005651150507551824,0.15410415625796417,0.159755306765516
2.9000000000000004,1.286991870584052e-7,9.880369987480977e-8,0.0056607341022749166,0,0,0,0.000029236993849681927,0.1441117957789771,0.011044012594739267,0,0.000004912139375351017,0,0,0,0,0,0,0,0,0,0,0,0,0,0,0,0,0,0,0,0,0,0,0,0,0,0,0.005660961605161849,0.1551899575069414,0.16085091911210325
2.9050000000000002,1.2892108223486794e-7,9.829147174285395e-8,0.005670545392408492,0,0,0,0.000029287842852422417,0.14517606516590748,0.01106554846927417,0,0.00000492068257202312,0,0,0,0,0,0,0,0,0,0,0,0,0,0,0,0,0,0,0,0,0,0,0,0,0,0,0.00567077260496247,0.1562758221606061,0.16194659476556855
2.91,1.2914297741128535e-7,9.774319317802542e-8,0.005680356593832371,0,0,0,0.000029338691092544058,0.14624044307657558,0.01108707950264366,0,0.000004929225640566793,0,0,0,0,0,0,0,0,0,0,0,0,0,0,0,0,0,0,0,0,0,0,0,0,0,0,0.0056805834800029605,0.15736179049595234,0.1630423739759553
2.915,1.293648725876577e-7,9.707205266495919e-8,0.005690167707005425,0,0,0,0.000029389538574005173,0.14730490253079906,0.011108605722997617,0,0.0000049377685816470805,0,0,0,0,0,0,0,0,0,0,0,0,0,0,0,0,0,0,0,0,0,0,0,0,0,0,0.005690394143930678,0.15844783556095232,0.164138229704883
2.92,1.295867677639853e-7,9.638861475765668e-8,0.005699978732383358,0,0,0,0.00002944038530073668,0.14836954693506374,0.011130127158261878,0,0.000004946311395924421,0,0,0,0,0,0,0,0,0,0,0,0,0,0,0,0,0,0,0,0,0,0,0,0,0,0,0.005700204707765879,0.15953406079002228,0.16523426549778816
2.925,1.298086629402683e-7,9.577237878213172e-8,0.005709789670418743,0,0,0,0.000029491231276642365,0.1494344392543355,0.011151643836140519,0,0.000004954854084054692,0,0,0,0,0,0,0,0,0,0,0,0,0,0,0,0,0,0,0,0,0,0,0,0,0,0,0.005710015251460465,0.1606205291758367,0.16633054442729717
2.93,1.300305581165071e-7,9.524957950089189e-8,0.005719600521561041,0,0,0,0.000029542076505599042,0.15049963017973583,0.011173155784118111,0,0.00000496339664668924,0,0,0,0,0,0,0,0,0,0,0,0,0,0,0,0,0,0,0,0,0,0,0,0,0,0,0.005719825801698658,0.16170729143700624,0.1674271172387049
2.935,1.3025245329270165e-7,9.47154234356477e-8,0.005729411286256627,0,0,0,0.000029592920991456802,0.15156516937016193,0.011194663029461947,0,0.000004971939084474926,0,0,0,0,0,0,0,0,0,0,0,0,0,0,0,0,0,0,0,0,0,0,0,0,0,0,0.005729636254133356,0.1627943972596998,0.16852403351383316
2.9400000000000004,1.304743484688524e-7,9.420326504085529e-8,0.005739221964948825,0,0,0,0.000029643764738039337,0.15263120246776013,0.011216165599224242,0,0.000004980481398054171,0,0,0,0,0,0,0,0,0,0,0,0,0,0,0,0,0,0,0,0,0,0,0,0,0,0,0.0057394466425623345,0.16388199231312048,0.16962143895568282
2.9450000000000003,1.3069624364495942e-7,9.36955083318916e-8,0.005749032558077927,0,0,0,0.000029694607749144027,0.1536977720917576,0.011237663520244292,0,0.000004989023588064977,0,0,0,0,0,0,0,0,0,0,0,0,0,0,0,0,0,0,0,0,0,0,0,0,0,0,0.005749256949829904,0.16497011924333913,0.17071937619316904
2.95,1.3091813882102306e-7,9.317702543333437e-8,0.005758843066081221,0,0,0,0.000029745450028542274,0.15476477348995926,0.011259156819150639,0,0.0000049975656551409825,0,0,0,0,0,0,0,0,0,0,0,0,0,0,0,0,0,0,0,0,0,0,0,0,0,0,0.005759067161245475,0.16605867332479357,0.17181774048603904
2.955,1.3114003399704344e-7,9.255083539463288e-8,0.0057686534893930195,0,0,0,0.00002979629157997968,0.15583220792339506,0.011280645522363174,0,0.000005006107599911488,0,0,0,0,0,0,0,0,0,0,0,0,0,0,0,0,0,0,0,0,0,0,0,0,0,0,0.005768877180262411,0.16714765584493813,0.17291653302520055
2.96,1.3136192917302084e-7,9.190776831930269e-8,0.005778463828444675,0,0,0,0.000029847132407176265,0.15690007463330966,0.011302129656095228,0,0.0000050146494230015006,0,0,0,0,0,0,0,0,0,0,0,0,0,0,0,0,0,0,0,0,0,0,0,0,0,0,0.005778687098142167,0.16823706607123506,0.17401575316937723
2.965,1.3158382434895546e-7,9.130677866914342e-8,0.005788274083664619,0,0,0,0.0000298979725138267,0.157968360150251,0.011323609246355651,0,0.000005023191125031765,0,0,0,0,0,0,0,0,0,0,0,0,0,0,0,0,0,0,0,0,0,0,0,0,0,0,0.005788496974267637,0.16932689056024552,0.17511538753451317
2.97,1.3180571952484752e-7,9.091556918491133e-8,0.005798084255478375,0,0,0,0.000029948811903600495,0.15903677429310822,0.011345084318950833,0,0.0000050317327066187985,0,0,0,0,0,0,0,0,0,0,0,0,0,0,0,0,0,0,0,0,0,0,0,0,0,0,0.005798306976767084,0.17041683915666928,0.17621514613343636
2.975,1.3202761470069726e-7,9.051481557958006e-8,0.005807894344308592,0,0,0,0.000029999650580142247,0.16010566788385566,0.01136655489948674,0,0.000005040274168374936,0,0,0,0,0,0,0,0,0,0,0,0,0,0,0,0,0,0,0,0,0,0,0,0,0,0,0.005808116886738873,0.1715072627080909,0.1773153795948298
2.9800000000000004,1.3224950987650485e-7,9.027786859088177e-8,0.00581770435057506,0,0,0,0.000030050488547071862,0.1611750988915685,0.01138802101337089,0,0.000005048815510908361,0,0,0,0,0,0,0,0,0,0,0,0,0,0,0,0,0,0,0,0,0,0,0,0,0,0,0.005817926877953528,0.17259821920899737,0.1784161460869509
2.9850000000000003,1.324714050522705e-7,9.024745124665019e-8,0.005827514274694741,0,0,0,0.0000301013258079847,0.16224512535269817,0.011409482685814315,0,0.000005057356734823131,0,0,0,0,0,0,0,0,0,0,0,0,0,0,0,0,0,0,0,0,0,0,0,0,0,0,0.005827736993551039,0.1736897667210553,0.17951750371460634
2.99,1.3269330022799436e-7,9.003844320264944e-8,0.00583732411708179,0,0,0,0.00003015216236645186,0.16331580541181248,0.011430939941833543,0,0.000005065897840719236,0,0,0,0,0,0,0,0,0,0,0,0,0,0,0,0,0,0,0,0,0,0,0,0,0,0,0.005837546848825221,0.17478196341385321,0.18061951026267845
2.995,1.3291519540367686e-7,8.947195221004074e-8,0.005847133878147584,0,0,0,0.000030202998226020323,0.16438735588661857,0.011452392806252463,0,0.000005074438829192604,0,0,0,0,0,0,0,0,0,0,0,0,0,0,0,0,0,0,0,0,0,0,0,0,0,0,0.005847356265295198,0.17587502612992623,0.18172238239522143
3,1.3313709057931793e-7,8.890624949270352e-8,0.005856943558300733,0,0,0,0.000030253833390213183,0.16545978004534612,0.011473841303704256,0,0.000005082979700835155,0,0,0,0,0,0,0,0,0,0,0,0,0,0,0,0,0,0,0,0,0,0,0,0,0,0,0.005857165601640805,0.17696895816214142,0.18282612376378224
3.01,1.3358088093047713e-7,8.777745207738025e-8,0.005876562677489892,0,0,0,0.000030355501646446316,0.16760685631706942,0.011516725295296846,0,0.000005100061095975631,0,0,0,0,0,0,0,0,0,0,0,0,0,0,0,0,0,0,0,0,0,0,0,0,0,0,0.0058767840358229005,0.1791590371751087,0.1850358212109316
3.0149999999999997,1.338027761059956e-7,8.72144717869962e-8,0.005886372117329543,0,0,0,0.00003040633474541515,0.16868150345636168,0.011538160837767162,0,0.0000051086016206376295,0,0,0,0,0,0,0,0,0,0,0,0,0,0,0,0,0,0,0,0,0,0,0,0,0,0,0.005886593134577436,0.1802551792304949,0.18614177236507232
3.0199999999999996,1.3402467128147358e-7,8.665250878178247e-8,0.005896181477863868,0,0,0,0.000030457167162865896,0.1697568817442706,0.01155959210993305,0,0.000005117142030797027,0,0,0,0,0,0,0,0,0,0,0,0,0,0,0,0,0,0,0,0,0,0,0,0,0,0,0.005896402155043931,0.1813520481633973,0.18724845031844123
3.025,1.342465664569113e-7,8.609161350625505e-8,0.005905990759488026,0,0,0,0.000030507998902205205,0.17083273515008635,0.011581019135501766,0,0.00000512568232702618,0,0,0,0,0,0,0,0,0,0,0,0,0,0,0,0,0,0,0,0,0,0,0,0,0,0,0.005906211097667989,0.18244938796681734,0.18835559906448532
3.03,1.3446846163230895e-7,8.553183386043817e-8,0.0059157999625945494,0,0,0,0.00003055882996681699,0.17190935700654134,0.011602441938000746,0,0.0000051342225098936224,0,0,0,0,0,0,0,0,0,0,0,0,0,0,0,0,0,0,0,0,0,0,0,0,0,0,0.005916019962890042,0.18354749199701878,0.18946351195990882
3.0349999999999997,1.3469035680766663e-7,8.497321528172886e-8,0.005925609087573378,0,0,0,0.000030609660360062664,0.17298679179458432,0.011623860540779386,0,0.000005142762579964109,0,0,0,0,0,0,0,0,0,0,0,0,0,0,0,0,0,0,0,0,0,0,0,0,0,0,0.005925828751145468,0.18464640475830374,0.1905722335094492
3.0399999999999996,1.3491225198298472e-7,8.44158008227981e-8,0.005935418134811857,0,0,0,0.00003066049008528128,0.17406508415030206,0.011645274967010719,0,0.000005151302537798636,0,0,0,0,0,0,0,0,0,0,0,0,0,0,0,0,0,0,0,0,0,0,0,0,0,0,0.005935637462864662,0.18574617090993586,0.19168180837280052
3.045,1.351341471582633e-7,8.385963122570638e-8,0.00594522710469478,0,0,0,0.00003071131914578977,0.17514427888840056,0.011666685239693145,0,0.000005159842383954487,0,0,0,0,0,0,0,0,0,0,0,0,0,0,0,0,0,0,0,0,0,0,0,0,0,0,0.005945446098473164,0.18684683528962345,0.19279228138809662
3.05,1.3535604233350253e-7,8.330474499239475e-8,0.005955035997604398,0,0,0,0.00003076214754488308,0.17622451854575524,0.01168809138165211,0,0.000005168382118985249,0,0,0,0,0,0,0,0,0,0,0,0,0,0,0,0,0,0,0,0,0,0,0,0,0,0,0.005955254658391724,0.1879485404570712,0.19390379511546293
3.0549999999999997,1.355779375087027e-7,8.275117845170132e-8,0.005964844813920452,0,0,0,0.00003081297528583437,0.17730586773708382,0.011709493415541755,0,0.0000051769217434408494,0,0,0,0,0,0,0,0,0,0,0,0,0,0,0,0,0,0,0,0,0,0,0,0,0,0,0.005965063143036413,0.18905135104965487,0.19501641419269128
3.0599999999999996,1.3579983268386395e-7,8.219896582304014e-8,0.005974653554020181,0,0,0,0.00003086380237189521,0.17838819501346137,0.011730891363846573,0,0.000005185461257867586,0,0,0,0,0,0,0,0,0,0,0,0,0,0,0,0,0,0,0,0,0,0,0,0,0,0,0.005974871552818688,0.1901551356409377,0.1961300071937564
3.065,1.3602172785898645e-7,8.164813927687373e-8,0.005984462218278347,0,0,0,0.00003091462880629574,0.17947149979060842,0.01175228524888302,0,0.000005194000662808162,0,0,0,0,0,0,0,0,0,0,0,0,0,0,0,0,0,0,0,0,0,0,0,0,0,0,0.005984679888145483,0.19125989366896054,0.19724457355710603
3.07,1.3624362303407047e-7,8.109872899209121e-8,0.005994270807067259,0,0,0,0.000030965454592244835,0.18055578057276994,0.011773675092801129,0,0.000005202539958801702,0,0,0,0,0,0,0,0,0,0,0,0,0,0,0,0,0,0,0,0,0,0,0,0,0,0,0.005994488149419285,0.1923656236601221,0.19836011180954138
3.0749999999999997,1.3646551820911613e-7,8.055076321040448e-8,0.006004079320756786,0,0,0,0.00003101627973293033,0.1816410349660584,0.011795060917586095,0,0.000005211079146383796,0,0,0,0,0,0,0,0,0,0,0,0,0,0,0,0,0,0,0,0,0,0,0,0,0,0,0.006004296337038206,0.1934723232425238,0.199476619579562
3.0799999999999996,1.3668741338412362e-7,8.000426828785749e-8,0.0060138877597143885,0,0,0,0.00003106710423151912,0.18272712000380478,0.011816442745059831,0,0.00000521961822608652,0,0,0,0,0,0,0,0,0,0,0,0,0,0,0,0,0,0,0,0,0,0,0,0,0,0,0.0060141044513960604,0.1945798494713222,0.20059395392271825
3.085,1.3690930855909313e-7,7.945926874353982e-8,0.006023696124305123,0,0,0,0.000031117928091157414,0.18381415527766556,0.011837820596882532,0,0.00000522815719843847,0,0,0,0,0,0,0,0,0,0,0,0,0,0,0,0,0,0,0,0,0,0,0,0,0,0,0.006023912492882425,0.19568832195983768,0.2017122344527201
3.09,1.371312037340249e-7,7.891578730558472e-8,0.006033504414891675,0,0,0,0.00003116875131497081,0.1849022105570066,0.011859194494554191,0,0.000005236696063964782,0,0,0,0,0,0,0,0,0,0,0,0,0,0,0,0,0,0,0,0,0,0,0,0,0,0,0.006033720461882715,0.19679781049893974,0.20283153096082246
3.0949999999999998,1.3735309890891896e-7,7.837384495452393e-8,0.006043312631834366,0,0,0,0.000031219573906064545,0.18599131587423268,0.011880564459416123,0,0.0000052452348231871706,0,0,0,0,0,0,0,0,0,0,0,0,0,0,0,0,0,0,0,0,0,0,0,0,0,0,0.00604352835877823,0.19790834514237804,0.20395187350115626
3.0999999999999996,1.3757499408377568e-7,7.783346096406402e-8,0.0060531207754911925,0,0,0,0.000031270395867523634,0.1870815013146786,0.01190193051265246,0,0.000005253773476623953,0,0,0,0,0,0,0,0,0,0,0,0,0,0,0,0,0,0,0,0,0,0,0,0,0,0,0.0060533361839462405,0.1990199559966752,0.20507329218062145
3.105,1.3779688925859513e-7,7.729465293934211e-8,0.0060629288462178185,0,0,0,0.00003132121720241302,0.1881728067927363,0.011923292675291618,0,0.0000052623120247900725,0,0,0,0,0,0,0,0,0,0,0,0,0,0,0,0,0,0,0,0,0,0,0,0,0,0,0.006063143937760016,0.20013268299725512,0.20619582693501515
3.11,1.3801878443337758e-7,7.675743685270785e-8,0.006072736844367612,0,0,0,0.000031372037913777746,0.18926535055360066,0.011944650968207767,0,0.000005270850468197131,0,0,0,0,0,0,0,0,0,0,0,0,0,0,0,0,0,0,0,0,0,0,0,0,0,0,0.006072951620588898,0.2012466444101904,0.20731959603077932
3.1149999999999998,1.3824067960812307e-7,7.622182707707482e-8,0.00608254477029166,0,0,0,0.00003142285800464312,0.1903590444461436,0.01196600541212228,0,0.000005279388807353413,0,0,0,0,0,0,0,0,0,0,0,0,0,0,0,0,0,0,0,0,0,0,0,0,0,0,0.006082759232798345,0.20236175210507787,0.20844451133787623
3.1199999999999997,1.3846257478283188e-7,7.568783641687425e-8,0.006092352624338784,0,0,0,0.00003147367747801489,0.19145389774062468,0.011987356027605155,0,0.000005287927042763919,0,0,0,0,0,0,0,0,0,0,0,0,0,0,0,0,0,0,0,0,0,0,0,0,0,0,0.006092566774749984,0.20347801537275062,0.2095705821475006
3.125,1.3868446995750418e-7,7.515547613663823e-8,0.006102160406855568,0,0,0,0.00003152449633687938,0.1925499193008591,0.012008702835076431,0,0.00000529646517493038,0,0,0,0,0,0,0,0,0,0,0,0,0,0,0,0,0,0,0,0,0,0,0,0,0,0,0.006102374246801662,0.20459544309744734,0.210697817344249
3.13,1.3890636513214007e-7,7.462475598723014e-8,0.006111968118186357,0,0,0,0.000031575314584203585,0.19364711759299272,0.01203004585480756,0,0.000005305003204351292,0,0,0,0,0,0,0,0,0,0,0,0,0,0,0,0,0,0,0,0,0,0,0,0,0,0,0.006112181649307476,0.20571404376558883,0.2118262254148963
3.135,1.391282603067398e-7,7.409568422973246e-8,0.006121775758673295,0,0,0,0.000031626132222935514,0.19474550814305178,0.012051385106922833,0,0.000005313541131521947,0,0,0,0,0,0,0,0,0,0,0,0,0,0,0,0,0,0,0,0,0,0,0,0,0,0,0.006121988982617831,0.20683383292332908,0.21295582190594692
3.1399999999999997,1.3935015548130357e-7,7.356826765699732e-8,0.006131583328656334,0,0,0,0.000031676949256004144,0.19584510426518525,0.012072720611400698,0,0.000005322078956934448,0,0,0,0,0,0,0,0,0,0,0,0,0,0,0,0,0,0,0,0,0,0,0,0,0,0,0.0061317962470794725,0.2079548239047989,0.21408662015187838
3.1449999999999996,1.3957205065583146e-7,7.304251161285171e-8,0.0061413908284732475,0,0,0,0.00003172776568631968,0.19694589518929395,0.012094052388075142,0,0.000005330616681077742,0,0,0,0,0,0,0,0,0,0,0,0,0,0,0,0,0,0,0,0,0,0,0,0,0,0,0.006141603443035516,0.2090770059597365,0.21521860940277202
3.15,1.3979394583032366e-7,7.251842000894585e-8,0.006151198258459655,0,0,0,0.00003177858151677365,0.19804788376683347,0.012115380456637006,0,0.000005339154304437634,0,0,0,0,0,0,0,0,0,0,0,0,0,0,0,0,0,0,0,0,0,0,0,0,0,0,0.006151410570825494,0.21020038195929167,0.21635179253011716
3.155,1.4001584100478042e-7,7.199599533922124e-8,0.0061610056189490385,0,0,0,0.00003182939675023912,0.19915107239156135,0.012136704836635297,0,0.000005347691827496834,0,0,0,0,0,0,0,0,0,0,0,0,0,0,0,0,0,0,0,0,0,0,0,0,0,0,0.006161217630785382,0.21132495431677437,0.21748617194755976
3.1599999999999997,1.4023773617920182e-7,7.147523869196573e-8,0.006170812910272755,0,0,0,0.00003188021138957077,0.20025546300571714,0.012158025547478517,0,0.000005356229250734963,0,0,0,0,0,0,0,0,0,0,0,0,0,0,0,0,0,0,0,0,0,0,0,0,0,0,0.006171024623247626,0.212450724993836,0.2186217496170836
3.1649999999999996,1.404596313535881e-7,7.095614975941689e-8,0.006180620132760055,0,0,0,0.00003193102543760512,0.201361000700786,0.012179342608435931,0,0.000005364766574628582,0,0,0,0,0,0,0,0,0,0,0,0,0,0,0,0,0,0,0,0,0,0,0,0,0,0,0.006180831548541168,0.21357763910123417,0.21975847064977533
3.17,1.4068152652793932e-7,7.043872684485931e-8,0.006190427286738107,0,0,0,0.00003198183889716057,0.20246770442395712,0.012200656038638851,0,0.000005373303799651217,0,0,0,0,0,0,0,0,0,0,0,0,0,0,0,0,0,0,0,0,0,0,0,0,0,0,0.0061906384069914805,0.21470571560529278,0.22089635401228425
3.175,1.4090342170225574e-7,6.992296686715384e-8,0.006200234372531997,0,0,0,0.00003203265177103766,0.20357564071701453,0.012221965857081882,0,0.000005381840926273389,0,0,0,0,0,0,0,0,0,0,0,0,0,0,0,0,0,0,0,0,0,0,0,0,0,0,0.006200445198920566,0.21583502106679373,0.2220354662657143
3.1799999999999997,1.4112531687653748e-7,6.9408865362626e-8,0.006210041390464763,0,0,0,0.000032083464062019116,0.20468482909618552,0.012243272082624188,0,0.000005390377954962627,0,0,0,0,0,0,0,0,0,0,0,0,0,0,0,0,0,0,0,0,0,0,0,0,0,0,0.006210251924647002,0.2169655750208267,0.2231758269454737
3.1849999999999996,1.413472120507847e-7,6.889641648422285e-8,0.006219848340857401,0,0,0,0.00003213427577287005,0.205795289102733,0.012264574733990716,0,0.000005398914886183499,0,0,0,0,0,0,0,0,0,0,0,0,0,0,0,0,0,0,0,0,0,0,0,0,0,0,0.006220058584485937,0.21809739702738276,0.2243174556118687
3.19,1.415691072249977e-7,6.83856129978412e-8,0.006229655224028885,0,0,0,0.00003218508690633808,0.2069070403095838,0.012285873829773405,0,0.000005407451720397639,0,0,0,0,0,0,0,0,0,0,0,0,0,0,0,0,0,0,0,0,0,0,0,0,0,0,0.006229865178749108,0.21923050667798394,0.22546037185673304
3.195,1.417910023991764e-7,6.787644627570884e-8,0.006239462040296175,0,0,0,0.000032235897465153475,0.2080202288669147,0.0123071693884324,0,0.0000054159884580637585,0,0,0,0,0,0,0,0,0,0,0,0,0,0,0,0,0,0,0,0,0,0,0,0,0,0,0.006239671707744849,0.22036505014127034,0.22660472184901517
3.1999999999999997,1.420128975733211e-7,6.736890628668672e-8,0.006249268789974246,0,0,0,0.000032286707452029266,0.20913478477912764,0.012328461428297242,0,0.000005424525099637678,0,0,0,0,0,0,0,0,0,0,0,0,0,0,0,0,0,0,0,0,0,0,0,0,0,0,0.006249478171778107,0.22150095743997655,0.22775043561175465
3.2049999999999996,1.42234792747432e-7,6.686298158334428e-8,0.006259075473376098,0,0,0,0.00003233751686966142,0.2102506383088597,0.01234974996756806,0,0.000005433061645572352,0,0,0,0,0,0,0,0,0,0,0,0,0,0,0,0,0,0,0,0,0,0,0,0,0,0,0.0062592845711504285,0.22263815885494298,0.22889744342609342
3.21,1.4245668792150916e-7,6.63586592856353e-8,0.006268882090812765,0,0,0,0.00003238832572072897,0.2113677755459701,0.012371035024316709,0,0.000005441598096317884,0,0,0,0,0,0,0,0,0,0,0,0,0,0,0,0,0,0,0,0,0,0,0,0,0,0,0.006269090906159972,0.22377664049410387,0.23004573140026385
3.215,1.4267858309555275e-7,6.585592506098572e-8,0.006278688642593337,0,0,0,0.000032439134007894095,0.2124861818778834,0.012392316616487941,0,0.000005450134452321553,0,0,0,0,0,0,0,0,0,0,0,0,0,0,0,0,0,0,0,0,0,0,0,0,0,0,0.0062788971771014935,0.22491638776283154,0.23119528493993305
3.2199999999999998,1.4290047826956302e-7,6.53547631005769e-8,0.0062884951290249754,0,0,0,0.00003248994173380231,0.21360584199153615,0.01241359476190054,0,0.000005458670714027833,0,0,0,0,0,0,0,0,0,0,0,0,0,0,0,0,0,0,0,0,0,0,0,0,0,0,0.006288703384266346,0.22605738536588452,0.23234608875015086
3.2249999999999996,1.4312237344354002e-7,6.485515609158356e-8,0.006298301550412928,0,0,0,0.000032540748901082604,0.21472652712064824,0.012434869478248445,0,0.000005467206881878424,0,0,0,0,0,0,0,0,0,0,0,0,0,0,0,0,0,0,0,0,0,0,0,0,0,0,0.006298509527942463,0.22719940455467963,0.2334979140826221
3.23,1.4334426861748398e-7,6.435708518509494e-8,0.00630810790706054,0,0,0,0.00003259155551234751,0.2158484079680066,0.012456140783101888,0,0.000005475742956312261,0,0,0,0,0,0,0,0,0,0,0,0,0,0,0,0,0,0,0,0,0,0,0,0,0,0,0.0063083156084143424,0.22834261604957717,0.23465093165799153
3.235,1.435661637913949e-7,6.386052995941581e-8,0.006317914199269267,0,0,0,0.00003264236157019328,0.21697157364232245,0.012477408693908454,0,0.000005484278937765539,0,0,0,0,0,0,0,0,0,0,0,0,0,0,0,0,0,0,0,0,0,0,0,0,0,0,0.006318121625963018,0.22948710897673885,0.23580523060270187
3.2399999999999998,1.4378805896527318e-7,6.336546837840559e-8,0.0063277204273387054,0,0,0,0.000032693167077199996,0.21809605518644146,0.012498673227994223,0,0.0000054928148266717475,0,0,0,0,0,0,0,0,0,0,0,0,0,0,0,0,0,0,0,0,0,0,0,0,0,0,0.006327927580866049,0.23063291439633957,0.23696084197720563
3.2449999999999997,1.440099541391188e-7,6.287187674447556e-8,0.006337526591566584,0,0,0,0.000032743972035931694,0.2192218840385594,0.012519934402564803,0,0.00000550135062346167,0,0,0,0,0,0,0,0,0,0,0,0,0,0,0,0,0,0,0,0,0,0,0,0,0,0,0.006337733473397468,0.2317800637637836,0.23811779723718107
3.25,1.4423184931293193e-7,6.237972964581362e-8,0.0063473326922488,0,0,0,0.00003279477644893653,0.22034909203821548,0.01254119223470643,0,0.0000055098863285634225,0,0,0,0,0,0,0,0,0,0,0,0,0,0,0,0,0,0,0,0,0,0,0,0,0,0,0.006347539303827758,0.2329285889356994,0.23927612823952715
3.255,1.4445374448671273e-7,6.188899989735743e-8,0.006357138729679411,0,0,0,0.00003284558031874681,0.22147788798637433,0.012562446741387005,0,0.000005518421942402462,0,0,0,0,0,0,0,0,0,0,0,0,0,0,0,0,0,0,0,0,0,0,0,0,0,0,0.006357345072423795,0.2340786987300225,0.2404360438024463
3.26,1.4467563966046137e-7,6.13996584749757e-8,0.006366944704150669,0,0,0,0.000032896383647879204,0.22260813844089464,0.012583697939457147,0,0.00000552695746540162,0,0,0,0,0,0,0,0,0,0,0,0,0,0,0,0,0,0,0,0,0,0,0,0,0,0,0.006367150779448804,0.23523025972146505,0.24159741050091385
3.2649999999999997,1.4489753483417799e-7,6.091167444225029e-8,0.006376750615953024,0,0,0,0.00003294718643883484,0.22373980155882492,0.012604945845651227,0,0.000005535492897981108,0,0,0,0,0,0,0,0,0,0,0,0,0,0,0,0,0,0,0,0,0,0,0,0,0,0,0.006376956425162301,0.23638323008381296,0.24276018650897527
3.2699999999999996,1.451194300078627e-7,6.042501486917791e-8,0.006386556465375147,0,0,0,0.00003299798869409939,0.22487287270836143,0.012626190476588384,0,0.000005544028240558551,0,0,0,0,0,0,0,0,0,0,0,0,0,0,0,0,0,0,0,0,0,0,0,0,0,0,0.006386762009820024,0.23753760520188447,0.2439243672117045
3.275,1.4534132518151576e-7,5.993964474201956e-8,0.006396362252703926,0,0,0,0.000033048790416143235,0.22600734686115895,0.012647431848773536,0,0.000005552563493549,0,0,0,0,0,0,0,0,0,0,0,0,0,0,0,0,0,0,0,0,0,0,0,0,0,0,0.00639656753367385,0.2386933800638422,0.24508994759751604
3.28,1.4556322035513717e-7,5.945552686343072e-8,0.006406167978224498,0,0,0,0.000033099591607421556,0.22714321859382447,0.012668669978598389,0,0.00000556109865736495,0,0,0,0,0,0,0,0,0,0,0,0,0,0,0,0,0,0,0,0,0,0,0,0,0,0,0.006406372996971717,0.23985054926268765,0.24625692225965937
3.2849999999999997,1.4578511552872718e-7,5.897262174188973e-8,0.006415973642220249,0,0,0,0.00003315039227037448,0.22828042585262195,0.012689904882342423,0,0.000005569633732416372,0,0,0,0,0,0,0,0,0,0,0,0,0,0,0,0,0,0,0,0,0,0,0,0,0,0,0.00641617839995752,0.24100905076096715,0.2474252291609247
3.29,1.4600701070228587e-7,5.8490887469313683e-8,0.006425779244972848,0,0,0,0.00003320119240742714,0.22941901380319746,0.012711136576173862,0,0.000005578168719110714,0,0,0,0,0,0,0,0,0,0,0,0,0,0,0,0,0,0,0,0,0,0,0,0,0,0,0.00642598374287102,0.24216892974049786,0.24859491348336887
3.295,1.462289058758134e-7,5.801027958559791e-8,0.006435584786762223,0,0,0,0.00003325199202098984,0.23055900104439955,0.012732365076150654,0,0.000005586703617852935,0,0,0,0,0,0,0,0,0,0,0,0,0,0,0,0,0,0,0,0,0,0,0,0,0,0,0.006435789025947685,0.24333020481618903,0.2497659938421367
3.3,1.4645080104930993e-7,5.7530750928646544e-8,0.006445390267866616,0,0,0,0.00003330279111345814,0.23170039271621207,0.012753590398221422,0,0.000005595238429045513,0,0,0,0,0,0,0,0,0,0,0,0,0,0,0,0,0,0,0,0,0,0,0,0,0,0,0.006445594249418593,0.244492881143976,0.2509384753933946
3.3049999999999997,1.4667269622277558e-7,5.7052251468258836e-8,0.006455195688562566,0,0,0,0.00003335358968721302,0.23284319382697716,0.012774812558226422,0,0.000005603773153088483,0,0,0,0,0,0,0,0,0,0,0,0,0,0,0,0,0,0,0,0,0,0,0,0,0,0,0.006455399413510257,0.24565696374804386,0.2521123631615541
3.3099999999999996,1.4689459139621048e-7,5.657472812200369e-8,0.006465001049124937,0,0,0,0.00003340438774462092,0.2339874092555079,0.012796031571898462,0,0.00000561230779037943,0,0,0,0,0,0,0,0,0,0,0,0,0,0,0,0,0,0,0,0,0,0,0,0,0,0,0.006465204518444455,0.24682245752294138,0.2532876620413858
3.315,1.4711648656961483e-7,5.6098124550946695e-8,0.006474806349826929,0,0,0,0.00003345518528803388,0.235133091854268,0.012817247454863857,0,0.000005620842341313524,0,0,0,0,0,0,0,0,0,0,0,0,0,0,0,0,0,0,0,0,0,0,0,0,0,0,0.00647500956443805,0.2479894153367612,0.25446442490119925
3.32,1.473383817429887e-7,5.562238093277304e-8,0.006484611590940081,0,0,0,0.00003350598231978968,0.23628020832474966,0.012838460222643318,0,0.000005629376806283537,0,0,0,0,0,0,0,0,0,0,0,0,0,0,0,0,0,0,0,0,0,0,0,0,0,0,0.006484814551702757,0.24915780390651907,0.25564261845822184
3.3249999999999997,1.4756027691633223e-7,5.514743370948359e-8,0.0064944167727342935,0,0,0,0.000033556778842211876,0.2374287350992601,0.012859669890652887,0,0.000005637911185679855,0,0,0,0,0,0,0,0,0,0,0,0,0,0,0,0,0,0,0,0,0,0,0,0,0,0,0.006494619480444919,0.2503275996799409,0.25682221916038583
3.3299999999999996,1.4778217208964563e-7,5.467321530640268e-8,0.006504221895477838,0,0,0,0.00003360757485761001,0.23857866543717388,0.012880876474204815,0,0.000005646445479890504,0,0,0,0,0,0,0,0,0,0,0,0,0,0,0,0,0,0,0,0,0,0,0,0,0,0,0.0065044243508652335,0.2514987959317162,0.25800322028258144
3.335,1.4800406726292896e-7,5.4199653818720376e-8,0.0065140269594373724,0,0,0,0.00003365837036827961,0.23972999224630567,0.01290207998850847,0,0.000005654979689301159,0,0,0,0,0,0,0,0,0,0,0,0,0,0,0,0,0,0,0,0,0,0,0,0,0,0,0.0065142291631584545,0.25267138558487173,0.2591856147480302
3.34,1.4822596243618238e-7,5.3726672661184605e-8,0.006523831964877942,0,0,0,0.00003370916537650238,0.24088270808350984,0.012923280448671201,0,0.000005663513814295169,0,0,0,0,0,0,0,0,0,0,0,0,0,0,0,0,0,0,0,0,0,0,0,0,0,0,0.00652403391751304,0.25384536121137186,0.2603693951288849
3.3449999999999998,1.4844785760940597e-7,5.325419017582577e-8,0.006533636912063011,0,0,0,0.000033759959884546244,0.24203670848274053,0.012944477869699217,0,0.000005672047855253576,0,0,0,0,0,0,0,0,0,0,0,0,0,0,0,0,0,0,0,0,0,0,0,0,0,0,0.006533838614110796,0.25502061836017953,0.2615544569742903
3.3499999999999996,1.486697527826e-7,5.278211919173611e-8,0.0065434418012544505,0,0,0,0.00003381075389466548,0.24319203360160752,0.01296567226649846,0,0.000005680581812555121,0,0,0,0,0,0,0,0,0,0,0,0,0,0,0,0,0,0,0,0,0,0,0,0,0,0,0.006543643253126425,0.2561971972038132,0.26274084045693963
3.355,1.4889164795576445e-7,5.231036652987688e-8,0.006553246632712571,0,0,0,0.00003386154740910084,0.2443487625146187,0.012986863653875438,0,0.000005689115686576273,0,0,0,0,0,0,0,0,0,0,0,0,0,0,0,0,0,0,0,0,0,0,0,0,0,0,0.006553447834727057,0.25737517683158984,0.2639286246663169
3.36,1.4911354312889955e-7,5.183883244463548e-8,0.006563051406696123,0,0,0,0.0000339123404300796,0.24550691273229444,0.013008052046538068,0,0.000005697649477691241,0,0,0,0,0,0,0,0,0,0,0,0,0,0,0,0,0,0,0,0,0,0,0,0,0,0,0.006563252359071697,0.2585545747687403,0.26511782712781196
3.3649999999999998,1.493354383020054e-7,5.1367409992328864e-8,0.006572856123462315,0,0,0,0.00003396313295981572,0.24666650195463025,0.01302923745909655,0,0.000005706183186271994,0,0,0,0,0,0,0,0,0,0,0,0,0,0,0,0,0,0,0,0,0,0,0,0,0,0,0.006573056826310609,0.2597354087298729,0.2663084655561835
3.3699999999999997,1.495573334750821e-7,5.089598431500326e-8,0.006582660783266815,0,0,0,0.00003401392500050987,0.24782754807380433,0.013050419906064136,0,0.00000571471681268827,0,0,0,0,0,0,0,0,0,0,0,0,0,0,0,0,0,0,0,0,0,0,0,0,0,0,0.006582861236584605,0.2609176966216817,0.26750055785826626
3.375,1.497792286481299e-7,5.042443182560663e-8,0.006592465386363773,0,0,0,0.00003406471655434963,0.2489901085243581,0.013071599401858005,0,0.000005723250357307608,0,0,0,0,0,0,0,0,0,0,0,0,0,0,0,0,0,0,0,0,0,0,0,0,0,0,0.006592665590024247,0.26210149589312776,0.268694161483152
3.38,1.5000112382114878e-7,4.995261927782975e-8,0.006602269933005827,0,0,0,0.00003411550762350948,0.25015420976221553,0.013092775960800019,0,0.000005731783820495344,0,0,0,0,0,0,0,0,0,0,0,0,0,0,0,0,0,0,0,0,0,0,0,0,0,0,0.006602469886748926,0.26328683301445954,0.2698893029012085
3.385,1.5022301899413893e-7,4.948040270045161e-8,0.0066120744234441165,0,0,0,0.000034166298210150995,0.2513198031573434,0.013113949597117572,0,0.000005740317202614642,0,0,0,0,0,0,0,0,0,0,0,0,0,0,0,0,0,0,0,0,0,0,0,0,0,0,0.006612274126865811,0.2644736593698737,0.27108593349673954
3.3899999999999997,1.504449141671005e-7,4.90076261717335e-8,0.00662187885792829,0,0,0,0.000034217088316422854,0.25248689244526906,0.01313512032494436,0,0.000005748850504026511,0,0,0,0,0,0,0,0,0,0,0,0,0,0,0,0,0,0,0,0,0,0,0,0,0,0,0.006622078310468629,0.26566197870903385,0.2722840570195025
3.3949999999999996,1.5066680934003357e-7,4.853412040400835e-8,0.00663168323670652,0,0,0,0.000034267877944461,0.2536554812663016,0.013156288158321162,0,0.000005757383725089809,0,0,0,0,0,0,0,0,0,0,0,0,0,0,0,0,0,0,0,0,0,0,0,0,0,0,0.0066318824376362644,0.26685179468629233,0.27348367712392857
3.4,1.5088870451293828e-7,4.8059701101813693e-8,0.006641487560025509,0,0,0,0.00003431866709638871,0.25482557316659354,0.013177453111196637,0,0.00000576591686616127,0,0,0,0,0,0,0,0,0,0,0,0,0,0,0,0,0,0,0,0,0,0,0,0,0,0,0.0066416865084311235,0.26804311086175275,0.27468479737018386
3.405,1.5111059968581474e-7,4.7584167048254714e-8,0.006651291828130508,0,0,0,0.00003436945577431668,0.25599718457504334,0.013198615197428064,0,0.000005774449927595515,0,0,0,0,0,0,0,0,0,0,0,0,0,0,0,0,0,0,0,0,0,0,0,0,0,0,0.006651490522897242,0.26923594367817333,0.2758874342010706
3.4099999999999997,1.5133249485866312e-7,4.710729786318791e-8,0.006661096041265319,0,0,0,0.00003442024398034315,0.25717036104715113,0.013219774430782136,0,0.000005782982909745072,0,0,0,0,0,0,0,0,0,0,0,0,0,0,0,0,0,0,0,0,0,0,0,0,0,0,0.006661294481058041,0.2704303387048233,0.27709163318588137
3.415,1.5155439003148352e-7,4.662885136246441e-8,0.006670900199672314,0,0,0,0.00003447103171655396,0.258345038702932,0.013240930824935698,0,0.000005791515812960385,0,0,0,0,0,0,0,0,0,0,0,0,0,0,0,0,0,0,0,0,0,0,0,0,0,0,0.006671098382913708,0.2716262320753972,0.2782973304583109
3.42,1.5177628520427607e-7,4.614856042874325e-8,0.00668070430359243,0,0,0,0.000034521818985022625,0.2595212096026176,0.013262084393476476,0,0.000005800048637589831,0,0,0,0,0,0,0,0,0,0,0,0,0,0,0,0,0,0,0,0,0,0,0,0,0,0,0.006680902228438063,0.2728236158637167,0.2795045180921547
3.425,1.519981803770409e-7,4.5666129279708045e-8,0.0066905083532652065,0,0,0,0.00003457260578781053,0.260698865497134,0.013283235149903861,0,0.00000580858138397974,0,0,0,0,0,0,0,0,0,0,0,0,0,0,0,0,0,0,0,0,0,0,0,0,0,0,0.006690706017574864,0.2740224818342097,0.28071318785178456
3.4299999999999997,1.5222007554977807e-7,4.518122898665468e-8,0.006700312348928767,0,0,0,0.00003462339212696689,0.26187799782791005,0.013304383107629584,0,0.000005817114052474403,0,0,0,0,0,0,0,0,0,0,0,0,0,0,0,0,0,0,0,0,0,0,0,0,0,0,0.006700509750233303,0.27522282144171906,0.28192333119195234
3.4349999999999996,1.5244197072248774e-7,4.469349205215412e-8,0.006710116290819848,0,0,0,0.00003467417800452891,0.2630585977266571,0.013325528279978486,0,0.000005825646643416097,0,0,0,0,0,0,0,0,0,0,0,0,0,0,0,0,0,0,0,0,0,0,0,0,0,0,0.006710313426282623,0.27642462583128347,0.2831349392575661
3.44,1.5266386589517008e-7,4.420250579512228e-8,0.0067199201791738015,0,0,0,0.00003472496342252186,0.2642405874072915,0.013346670680189212,0,0.000005834179157145089,0,0,0,0,0,0,0,0,0,0,0,0,0,0,0,0,0,0,0,0,0,0,0,0,0,0,0.006720117045545492,0.27762781723006036,0.28434793427560584
3.445,1.5288576106782515e-7,4.370780420820005e-8,0.006729724014224605,0,0,0,0.000034775748382959165,0.2654240263887058,0.01336781032141492,0,0.000005842711593999653,0,0,0,0,0,0,0,0,0,0,0,0,0,0,0,0,0,0,0,0,0,0,0,0,0,0,0.006729920607789881,0.2788324551700977,0.28556237577788757
3.4499999999999997,1.531076562404531e-7,4.3208857835320226e-8,0.0067395277962048784,0,0,0,0.00003482653288784248,0.2666089261007965,0.013388947216723995,0,0.000005851243954316095,0,0,0,0,0,0,0,0,0,0,0,0,0,0,0,0,0,0,0,0,0,0,0,0,0,0,0.006739724112718954,0.28003855109436265,0.2867782752070816
3.4549999999999996,1.5332955141305402e-7,4.270506105055246e-8,0.006749331525345885,0,0,0,0.00003487731693916179,0.26779528877829495,0.013410081379100729,0,0.000005859776238428748,0,0,0,0,0,0,0,0,0,0,0,0,0,0,0,0,0,0,0,0,0,0,0,0,0,0,0.006749527559958349,0.2812461072505733,0.28799563481053164
3.46,1.5355144658562807e-7,4.219571587734781e-8,0.006759135201877539,0,0,0,0.000034928100538895495,0.2689831165815572,0.013431212821446022,0,0.000005868308446670012,0,0,0,0,0,0,0,0,0,0,0,0,0,0,0,0,0,0,0,0,0,0,0,0,0,0,0.006759330949040002,0.2824551258119888,0.2892144567610288
3.465,1.5377334175817525e-7,4.1680011129317917e-8,0.006768938826028437,0,0,0,0.000034978883689010445,0.27017241159722405,0.013452341556578052,0,0.000005876840579370334,0,0,0,0,0,0,0,0,0,0,0,0,0,0,0,0,0,0,0,0,0,0,0,0,0,0,0.006769134279381325,0.2836656088780705,0.2904347431574518
3.4699999999999998,1.5399523693069583e-7,4.115699511235743e-8,0.006778742398025836,0,0,0,0.000035029666391462126,0.27136316591682946,0.013473467597232959,0,0.000005885372636858261,0,0,0,0,0,0,0,0,0,0,0,0,0,0,0,0,0,0,0,0,0,0,0,0,0,0,0.006778937550257879,0.2848775485530907,0.2916564861033486
3.4749999999999996,1.5421713210318985e-7,4.0625539289080584e-8,0.006788545918095691,0,0,0,0.00003508044864819468,0.2725553837449667,0.013494590956065516,0,0.000005893904619460429,0,0,0,0,0,0,0,0,0,0,0,0,0,0,0,0,0,0,0,0,0,0,0,0,0,0,0.006788740760767083,0.2860909490542999,0.29287968981506696
3.48,1.5443902727565744e-7,4.008428897025466e-8,0.006798349386462645,0,0,0,0.000035131230461140954,0.2737490786859509,0.013515711645649778,0,0.0000059024365275015744,0,0,0,0,0,0,0,0,0,0,0,0,0,0,0,0,0,0,0,0,0,0,0,0,0,0,0.006798543909778891,0.2873058239985893,0.2941043679083682
3.485,1.5466092244809866e-7,3.953159490116665e-8,0.0068081528033500475,0,0,0,0.000035182011832222617,0.27494425543083256,0.013536829678479733,0,0.0000059109683613045665,0,0,0,0,0,0,0,0,0,0,0,0,0,0,0,0,0,0,0,0,0,0,0,0,0,0,0.006808346995867397,0.2885221780895058,0.2953305250853732
3.4899999999999998,1.5488281762051375e-7,3.896541586661015e-8,0.0068179561689799655,0,0,0,0.00003523279276335028,0.27614091865464946,0.01355794506696997,0,0.000005919500121190404,0,0,0,0,0,0,0,0,0,0,0,0,0,0,0,0,0,0,0,0,0,0,0,0,0,0,0.006818150017213452,0.28974001601450394,0.2965581660317174
3.4949999999999997,1.5510471279290264e-7,3.838317578229222e-8,0.006827759483573184,0,0,0,0.00003528357325642349,0.27733907301718397,0.013579057823456305,0,0.000005928031807478233,0,0,0,0,0,0,0,0,0,0,0,0,0,0,0,0,0,0,0,0,0,0,0,0,0,0,0.006827952971461759,0.2909593424457042,0.297787295417166
3.5,1.553266079652656e-7,3.778154630783482e-8,0.006837562747349227,0,0,0,0.00003533435331333093,0.2785387252397297,0.013600167960196427,0,0.000005936563420485372,0,0,0,0,0,0,0,0,0,0,0,0,0,0,0,0,0,0,0,0,0,0,0,0,0,0,0.0068377558555035,0.29218016411666,0.2990179199721635
3.505,1.5554850313760266e-7,3.715610137350001e-8,0.006847365960526354,0,0,0,0.00003538513293595037,0.2797398941869022,0.01362127548937052,0,0.000005945094960527308,0,0,0,0,0,0,0,0,0,0,0,0,0,0,0,0,0,0,0,0,0,0,0,0,0,0,0.006847558665130865,0.29340249990416917,0.30025005856930004
3.51,1.5577039830991394e-7,3.65007374904743e-8,0.006857169123321581,0,0,0,0.00003543591212614878,0.28094256534339856,0.013642380423081872,0,0.000005953626427917715,0,0,0,0,0,0,0,0,0,0,0,0,0,0,0,0,0,0,0,0,0,0,0,0,0,0,0.006857361394457381,0.29462633530503446,0.3014836966994918
3.5149999999999997,1.5599229348219954e-7,3.5806631093241416e-8,0.006866972235950679,0,0,0,0.0000354866908857825,0.28214674050815697,0.013663482773357534,0,0.0000059621578229684746,0,0,0,0,0,0,0,0,0,0,0,0,0,0,0,0,0,0,0,0,0,0,0,0,0,0,0.006867164034875254,0.29585167213022323,0.3027188361650985
3.5199999999999996,1.5621418865445968e-7,3.506018184807349e-8,0.006876775298628191,0,0,0,0.0000355374692166972,0.28335242141587763,0.013684582552148881,0,0.000005970689145989682,0,0,0,0,0,0,0,0,0,0,0,0,0,0,0,0,0,0,0,0,0,0,0,0,0,0,0.006876966572998694,0.2970785121263892,0.3039554786993879
3.525,1.5643608382669436e-7,3.423839423033532e-8,0.0068865783115674315,0,0,0,0.00003558824712072799,0.2845596097374232,0.013705679771332252,0,0.000005979220397289656,0,0,0,0,0,0,0,0,0,0,0,0,0,0,0,0,0,0,0,0,0,0,0,0,0,0,0.006886768986045489,0.2983068569762735,0.305193625962319
3.53,1.5665797899890368e-7,3.329622538133407e-8,0.006896381274980509,0,0,0,0.000035639024599699524,0.2857683070801998,0.013726774442709526,0,0.000005987751577174958,0,0,0,0,0,0,0,0,0,0,0,0,0,0,0,0,0,0,0,0,0,0,0,0,0,0,0.006896571229184889,0.2995367082990862,0.3064332795282711
3.5349999999999997,1.5687987417108772e-7,3.2116824481788223e-8,0.006906184189078322,0,0,0,0.00003568980165542605,0.2869784648278664,0.01374786657800874,0,0.000005996282685950404,0,0,0,0,0,0,0,0,0,0,0,0,0,0,0,0,0,0,0,0,0,0,0,0,0,0,0.006906373185776975,0.3007680174902165,0.30767439067599345
3.54,1.5710176934324682e-7,2.9461063741481497e-8,0.006915987054070575,0,0,0,0.00003574057828971153,0.2881901118951582,0.013768956188884662,0,0.000006004813723919077,0,0,0,0,0,0,0,0,0,0,0,0,0,0,0,0,0,0,0,0,0,0,0,0,0,0,0.0069161736169036595,0.30200081347605645,0.3089169870929601
3.545,1.5732366451538073e-7,5.565435584990189e-8,0.006925789870165774,0.1046741119581983,0,0,0.000035791354504349585,0.2894032901799646,0.01379004328691935,0,0.000006013344691382328,0,0,0,0,0,0,0,0,0,0,0,0,0,0,0,0,0,0,0,0,0,0,0,0,0,0,0.11160011480638443,0.3032351381660796,0.41483525297246404
3.55,1.575455596874898e-7,5.6202093346534224e-8,0.006935592637571265,0.14808377368686707,0,0,0.000035842130301123746,0.2906180127659659,0.01381112788362278,0,0.000006021875588639805,0,0,0,0,0,0,0,0,0,0,0,0,0,0,0,0,0,0,0,0,0,0,0,0,0,0,0.15501958007209135,0.30447100465547844,0.45949058472756976
3.5549999999999997,1.577674548595741e-7,5.654571377066018e-8,0.006945395356493203,0.18142878202014706,0,0,0.00003589290568180741,0.29183429288869395,0.013832209990433376,0,0.000006030406415989464,0,0,0,0,0,0,0,0,0,0,0,0,0,0,0,0,0,0,0,0,0,0,0,0,0,0,0.18837439168980888,0.3057084261912251,0.49408281788103403
3.5599999999999996,1.5798935003163364e-7,5.6781519436608394e-8,0.00695519802713659,0.20956971742633249,0,0,0.0000359436806481639,0.29305214393677315,0.013853289618718583,0,0.000006038937173727559,0,0,0,0,0,0,0,0,0,0,0,0,0,0,0,0,0,0,0,0,0,0,0,0,0,0,0.21652513022433856,0.30694741617331367,0.5234725463976522
3.565,1.5821124520366865e-7,5.694726465298522e-8,0.006965000649705269,0.23438855471174272,0,0,0.00003599445520194663,0.2942716015228086,0.013874366779775438,0,0.000006047467862148687,0,0,0,0,0,0,0,0,0,0,0,0,0,0,0,0,0,0,0,0,0,0,0,0,0,0,0.24135377051995785,0.3081880102256482,0.549541780745606
3.57,1.5843314037567918e-7,5.7062541282367494e-8,0.00697480322440194,0.2568501261405812,0,0,0.0000360452293448991,0.2954928549972821,0.013895441484831112,0,0.000006055998481545772,0,0,0,0,0,0,0,0,0,0,0,0,0,0,0,0,0,0,0,0,0,0,0,0,0,0,0.2638251448606648,0.3094303977099397,0.5732555425706045
3.5749999999999997,1.586550355476653e-7,5.7139124973852844e-8,0.00698460575142816,0.27752737633947516,0,0,0.000036096003078754985,0.2967156884079489,0.013916513745043463,0,0.000006064529032210088,0,0,0,0,0,0,0,0,0,0,0,0,0,0,0,0,0,0,0,0,0,0,0,0,0,0,0.2845121978850639,0.3106743626851033,0.5951865605701672
3.58,1.5887693071962713e-7,5.718477860272668e-8,0.006994408230984355,0.2967934745545789,0,0,0.00003614677640523817,0.29794008352782203,0.013937583571501577,0,0.000006073059514431276,0,0,0,0,0,0,0,0,0,0,0,0,0,0,0,0,0,0,0,0,0,0,0,0,0,0,0.30378809884727254,0.31191988693524325,0.6157079857825158
3.585,1.5909882589156477e-7,5.7204957732893184e-8,0.007004210663269832,0.31490753096639873,0,0,0.00003619754932606292,0.2991660217077448,0.01395865097522632,0,0.000006081589928497341,0,0,0,0,0,0,0,0,0,0,0,0,0,0,0,0,0,0,0,0,0,0,0,0,0,0,0.3219119579334522,0.31316695182222565,0.6350789097556778
3.59,1.593207210634784e-7,5.720368113058414e-8,0.007014013048482777,0.3320581337377442,0,0,0.00003624832184293384,0.3003934838749482,0.013979715967170854,0,0.000006090120274694682,0,0,0,0,0,0,0,0,0,0,0,0,0,0,0,0,0,0,0,0,0,0,0,0,0,0,0.3390723633106291,0.3144155382842367,0.6534879015948658
3.5949999999999998,1.5954261623536793e-7,5.7184018047555656e-8,0.007023815386820278,0.34838760010123965,0,0,0.000036299093957546,0.30162245053160486,0.01400077855822117,0,0.000006098650553308088,0,0,0,0,0,0,0,0,0,0,0,0,0,0,0,0,0,0,0,0,0,0,0,0,0,0,0.35541163221469424,0.31566562683433685,0.671077259049031
3.5999999999999996,1.5976451140723364e-7,5.714838060545463e-8,0.007033617678478311,0.3640064562999883,0,0,0.00003634986567158495,0.3028528249306132,0.014021838759196617,0,0.000006107180764620751,0,0,0,0,0,0,0,0,0,0,0,0,0,0,0,0,0,0,0,0,0,0,0,0,0,0,0.37104029089135865,0.31691712073624606,0.6879574116276047
3.6049999999999995,1.5998640657907556e-7,5.709870903614166e-8,0.007043419923651774,0.3790025661558465,0,0,0.000036400636986726885,0.3040845965570569,0.014042896580850424,0,0.000006115710908914288,0,0,0,0,0,0,0,0,0,0,0,0,0,0,0,0,0,0,0,0,0,0,0,0,0,0,0.38604620316461385,0.318170009485803,0.7042162126504168
3.61,1.6020830175089384e-7,5.703659429434282e-8,0.007053222122534472,0.39344714343635373,0,0,0.00003645140790463862,0.3053178417329219,0.014063952033870194,0,0.000006124240986468745,0,0,0,0,0,0,0,0,0,0,0,0,0,0,0,0,0,0,0,0,0,0,0,0,0,0,0.40050058280378426,0.31942436941568325,0.7199249522194675
3.6149999999999998,1.604301969226885e-7,5.6963362198022434e-8,0.007063024275319127,0.40739885714690177,0,0,0.00003650217842697765,0.3065525609633249,0.014085005128878418,0,0.000006132770997562598,0,0,0,0,0,0,0,0,0,0,0,0,0,0,0,0,0,0,0,0,0,0,0,0,0,0,0.41446209881578,0.32068020104162787,0.7351422998574079
3.6199999999999997,1.606520920944597e-7,5.688013294240302e-8,0.0070728263821974065,0.42090672070168184,0,0,0.000036552948555392285,0.30778875470352285,0.014106055876433007,0,0.00000614130094247278,0,0,0,0,0,0,0,0,0,0,0,0,0,0,0,0,0,0,0,0,0,0,0,0,0,0,0.42797976461610426,0.3219375048294537,0.749917269445558
3.625,1.6087398726620752e-7,5.6787864294425425e-8,0.007082628443359906,0.4340121782392219,0,0,0.000036603718291521675,0.309026423359075,0.014127104287027755,0,0.000006149830821474689,0,0,0,0,0,0,0,0,0,0,0,0,0,0,0,0,0,0,0,0,0,0,0,0,0,0,0.4410950243444333,0.3231962811952157,0.764291305539649
3.63,1.6109588243793202e-7,5.6687383647205483e-8,0.007092430458996173,0.4467506449787514,0,0,0.00003665448763699587,0.3102655672859919,0.014148150371092849,0,0.0000061583606348421925,0,0,0,0,0,0,0,0,0,0,0,0,0,0,0,0,0,0,0,0,0,0,0,0,0,0,0.45384329322101363,0.3244565305053566,0.7782998237263703
3.635,1.6131777760963336e-7,5.657941227271015e-8,0.0071022324292947005,0.4591526666793657,0,0,0.0000367052565934359,0.3115061314516785,0.014169194138995362,0,0.000006166890382847637,0,0,0,0,0,0,0,0,0,0,0,0,0,0,0,0,0,0,0,0,0,0,0,0,0,0,0.4662551170058503,0.32571819773765015,0.7919733147435004
3.6399999999999997,1.615396727813115e-7,5.646458398676391e-8,0.007112034354442944,0.4712448073448477,0,0,0.000036756025162453784,0.31274816792359494,0.014190235601039724,0,0.000006175420065761865,0,0,0,0,0,0,0,0,0,0,0,0,0,0,0,0,0,0,0,0,0,0,0,0,0,0,0.4783570597035474,0.32698133496986287,0.8053383946734103
3.6449999999999996,1.617615679529667e-7,5.634345973230958e-8,0.00712183623462733,0.4830503391791175,0,0,0.00003680679334565271,0.3139916963376211,0.014211274767468219,0,0.0000061839496838542235,0,0,0,0,0,0,0,0,0,0,0,0,0,0,0,0,0,0,0,0,0,0,0,0,0,0,0.4901723935187725,0.32824596184811883,0.8184183553668913
3.65,1.6198346312459904e-7,5.6216539128196764e-8,0.007131638070033257,0.4945897860990509,0,0,0.000036857561144626936,0.3152367261114007,0.01423231164846145,0,0.000006192479237392574,0,0,0,0,0,0,0,0,0,0,0,0,0,0,0,0,0,0,0,0,0,0,0,0,0,0,0.5017216423690865,0.32951208780024416,0.8312337301693307
3.655,1.6220535829620852e-7,5.608426972636301e-8,0.007141439860845102,0.5058813570856474,0,0,0.000036908328560962,0.3164832667731455,0.01425334625413882,0,0.0000062010087266432945,0,0,0,0,0,0,0,0,0,0,0,0,0,0,0,0,0,0,0,0,0,0,0,0,0,0,0.5130230152361206,0.33077972236457187,0.8438027376006925
3.6599999999999997,1.6242725346779527e-7,5.594705451377957e-8,0.007151241607246235,0.5169412954881762,0,0,0.000036959095596234694,0.31773132796241726,0.014274378594558986,0,0.000006209538151871311,0,0,0,0,0,0,0,0,0,0,0,0,0,0,0,0,0,0,0,0,0,0,0,0,0,0,0.5240927554697304,0.3320488751907244,0.8561416306604548
3.665,1.6264914863935944e-7,5.580525805268437e-8,0.007161043309419016,0.527784163381244,0,0,0.00003700986225201314,0.3189809233129238,0.014295408679720333,0,0.000006218067513340085,0,0,0,0,0,0,0,0,0,0,0,0,0,0,0,0,0,0,0,0,0,0,0,0,0,0,0.5349454251450697,0.3333195599224095,0.8682649850674793
3.67,1.6287104381090098e-7,5.565921155203522e-8,0.007170844967544808,0.5384230751481134,0,0,0.00003706062852985685,0.3202320854633766,0.014316436519561417,0,0.000006226596811311627,0,0,0,0,0,0,0,0,0,0,0,0,0,0,0,0,0,0,0,0,0,0,0,0,0,0,0.5455941386459136,0.3345918092082792,0.8801859478541927
3.675,1.6309293898242016e-7,5.550921709114031e-8,0.007180646581803994,0.5488698909475088,0,0,0.000037111394431316836,0.321484793409017,0.014337462123961454,0,0.000006235126046046526,0,0,0,0,0,0,0,0,0,0,0,0,0,0,0,0,0,0,0,0,0,0,0,0,0,0,0.5560507561314688,0.3358656020534558,0.8919163581849245
3.6799999999999997,1.6331483415391693e-7,5.5355551164154875e-8,0.007190448152375952,0.5591353781745313,0,0,0.00003716215995793556,0.32273905300607697,0.014358485502740728,0,0.0000062436552178039364,0,0,0,0,0,0,0,0,0,0,0,0,0,0,0,0,0,0,0,0,0,0,0,0,0,0,0.5663260449972926,0.33714094432399344,0.903466989321286
3.6849999999999996,1.6353672932539153e-7,5.5198467675667735e-8,0.007200249679439102,0.5692293471570915,0,0,0.00003721292511124712,0.32399487015355116,0.014379506665661068,0,0.000006252184326841599,0,0,0,0,0,0,0,0,0,0,0,0,0,0,0,0,0,0,0,0,0,0,0,0,0,0,0.5764298155717276,0.3384178419286503,0.9148476575003779
3.69,1.6375862449684384e-7,5.503820048893941e-8,0.0072100511631708825,0.5791607659400534,0,0,0.00003726368989277718,0.32525225079362596,0.014400525622426275,0,0.000006260713373415846,0,0,0,0,0,0,0,0,0,0,0,0,0,0,0,0,0,0,0,0,0,0,0,0,0,0,0.5863710359000492,0.3396963008193184,0.9260673367193677
3.695,1.639805196682741e-7,5.487496560675232e-8,0.007219852603747767,0.5889378579650963,0,0,0.00003731445430404312,0.3265112009121045,0.014421542382682546,0,0.000006269242357781613,0,0,0,0,0,0,0,0,0,0,0,0,0,0,0,0,0,0,0,0,0,0,0,0,0,0,0.5961579294243294,0.34097632699144886,0.9371342564157783
3.6999999999999997,1.642024148396824e-7,5.4708963048379665e-8,0.007229654001345278,0.5985681856611067,0,0,0.00003736521834655408,0.32777177015353803,0.014442556956018945,0,0.00000627777128019245,0,0,0,0,0,0,0,0,0,0,0,0,0,0,0,0,0,0,0,0,0,0,0,0,0,0,0.6057980585738298,0.34225797009918374,0.9480560286730135
3.705,1.6442431001106884e-7,5.45403784735285e-8,0.007239455356137986,0.6080587223513949,0,0,0.00003741598202181098,0.32903399887686785,0.014463569351967813,0,0.000006286300140900532,0,0,0,0,0,0,0,0,0,0,0,0,0,0,0,0,0,0,0,0,0,0,0,0,0,0,0.6152983966722214,0.3435412705109984,0.9588396671832198
3.71,1.6464620518243333e-7,5.4369384594286864e-8,0.007249256668299506,0.6174159144130138,0,0,0.00003746674533130659,0.33029779442244717,0.01448457958000517,0,0.000006294828940156656,0,0,0,0,0,0,0,0,0,0,0,0,0,0,0,0,0,0,0,0,0,0,0,0,0,0,0.624665390096903,0.34482613557672376,0.9694915256736267
3.715,1.648681003537762e-7,5.4196142408417804e-8,0.007259057938002526,0.6266457352557123,0,0,0.0000375175082765256,0.3315631460382437,0.014505587649551191,0,0.000006303357678210271,0,0,0,0,0,0,0,0,0,0,0,0,0,0,0,0,0,0,0,0,0,0,0,0,0,0,0.6339050122579576,0.3461125545537496,0.9800175668117073
3.7199999999999998,1.6508999552509742e-7,5.402080228127588e-8,0.007268859165418799,0.6357537323986024,0,0,0.00003756827085894466,0.3328300427343497,0.01452659356997057,0,0.000006311886355309469,0,0,0,0,0,0,0,0,0,0,0,0,0,0,0,0,0,0,0,0,0,0,0,0,0,0,0.643022810674819,0.34740051646153447,0.9904233271363535
3.7249999999999996,1.6531189069639707e-7,5.384350489879776e-8,0.007278660350719151,0.6447450686932021,0,0,0.00003761903308003245,0.33409847328214926,0.01454759735057296,0,0.0000063204149717010035,0,0,0,0,0,0,0,0,0,0,0,0,0,0,0,0,0,0,0,0,0,0,0,0,0,0,0.6520239481993169,0.34869001008077394,1.0007139582800908
3.7299999999999995,1.655337858676752e-7,5.3664382110158004e-8,0.007288461494073487,0.6536245585582885,0,0,0.000037669794941249696,0.33536842621347585,0.014568599000613395,0,0.000006328943527630293,0,0,0,0,0,0,0,0,0,0,0,0,0,0,0,0,0,0,0,0,0,0,0,0,0,0,0.6609132392505299,0.3499810239525581,1.010894263203088
3.735,1.6575568103893204e-7,5.3483557675568146e-8,0.007298262595650803,0.6623966999447539,0,0,0.00003772055644404929,0.33663989592167826,0.014589598529292664,0,0.000006337472023341443,0,0,0,0,0,0,0,0,0,0,0,0,0,0,0,0,0,0,0,0,0,0,0,0,0,0,0.6696951817796435,0.3512735524794383,1.0209687342590819
3.7399999999999998,1.6597757621016756e-7,5.3301147932175765e-8,0.007308063655619181,0.6710657026295935,0,0,0.00003777131758987627,0.3379128697776476,0.014610595945757752,0,0.000006346000459077231,0,0,0,0,0,0,0,0,0,0,0,0,0,0,0,0,0,0,0,0,0,0,0,0,0,0,0.6783739855639369,0.3525675830414543,1.030941568605391
3.7449999999999997,1.6619947138138183e-7,5.3117262388959775e-8,0.00731786467414581,0.6796355133412804,0,0.1173859173608999,0.00003782207838016792,0.339187327943278,0.014631591259102199,0,0.000006354528835079139,0,0,0,0,0,0,0,0,0,0,0,0,0,0,0,0,0,0,0,0,0,0,0,0,0,0,0.68695359733216,0.47124901317049533,1.1582026105026553
3.75,1.6642136655257503e-7,5.2932004259831574e-8,0.007327665651396974,0.688109838139559,0,0.16606419425319474,0.0000378728388163538,0.34046325637928077,0.014652584478366537,0,0.000006363057151587348,0,0,0,0,0,0,0,0,0,0,0,0,0,0,0,0,0,0,0,0,0,0,0,0,0,0,0.6954377231443267,0.52122427100681,1.2166619941511367
3.755,1.6664326172374716e-7,5.2745470942759394e-8,0.00733746658753808,0.6964921624075173,0,0.2034541448457212,0.00003792359889985584,0.341740640776178,0.014673575612538644,0,0.000006371585408840758,0,0,0,0,0,0,0,0,0,0,0,0,0,0,0,0,0,0,0,0,0,0,0,0,0,0,0.703829848383788,0.5599126564187465,1.2637425048025346
3.76,1.6686515689489832e-7,5.255775445157882e-8,0.007347267482733639,0.7047857687599952,0,0.23500695930224405,0.0000379743586320883,0.3430194665533345,0.014694564670554171,0,0.000006380113607076982,0,0,0,0,0,0,0,0,0,0,0,0,0,0,0,0,0,0,0,0,0,0,0,0,0,0,0.7121332556656402,0.5927653449983719,1.304898600664012
3.7649999999999997,1.6708705206602865e-7,5.236894180619278e-8,0.007357068337147295,0.712993753127614,0,0.2628333354232455,0.00003802511801445792,0.3442997188579861,0.014715551661296894,0,0.0000063886417465323676,0,0,0,0,0,0,0,0,0,0,0,0,0,0,0,0,0,0,0,0,0,0,0,0,0,0,0.7203510409207552,0.6218930197022895,1.3422440606230448
3.7699999999999996,1.6730894723713818e-7,5.2179115386060856e-8,0.007366869150941815,0.7211190392384963,0,0.288015386607332,0.00003807587704836393,0.3455812380900801,0.014736536593599109,0,0.000006397169827441998,0,0,0,0,0,0,0,0,0,0,0,0,0,0,0,0,0,0,0,0,0,0,0,0,0,0,0.7284861278775008,0.648377634337887,1.3768637622153879
3.775,1.6753084240822705e-7,5.198835325120271e-8,0.007376669924279103,0.7291643916884385,0,0.3111957150397064,0.000038126635735198073,0.34686406945571585,0.014757519476242022,0,0.000006405697850039705,0,0,0,0,0,0,0,0,0,0,0,0,0,0,0,0,0,0,0,0,0,0,0,0,0,0,0.7365412811319133,0.6728618363052495,1.4094031174371628
3.78,1.677527375792952e-7,5.179672943437121e-8,0.0073864706573201966,0.7371324277640724,0,0.33279286744042047,0.000038177394076344694,0.34814832776821886,0.01477850031795609,0,0.000006414225814558073,0,0,0,0,0,0,0,0,0,0,0,0,0,0,0,0,0,0,0,0,0,0,0,0,0,0,0.7445191179708597,0.6957642871464863,1.4402834051173459
3.7849999999999997,1.6797463275034285e-7,5.16043142075686e-8,0.007396271350225286,0.7450256281613448,0,0.35309746756809074,0.000038228152073180777,0.3494340286603665,0.014799479127421446,0,0.00000642275372122845,0,0,0,0,0,0,0,0,0,0,0,0,0,0,0,0,0,0,0,0,0,0,0,0,0,0,0.7524221190905169,0.7173756262616732,1.46979774535219
3.79,1.6819652792137005e-7,5.1411174325671005e-8,0.0074060720031537165,0.7528463467228402,0,0.37232104427553375,0.00003827890972707601,0.35072118799795127,0.01482045591326822,0,0.000006431281570280958,0,0,0,0,0,0,0,0,0,0,0,0,0,0,0,0,0,0,0,0,0,0,0,0,0,0,0.7602526383336962,0.7379073983780506,1.498160036711747
3.795,1.6841842309237693e-7,5.1217373249574305e-8,0.007415872616263982,0.7605968193014699,0,0.3906232300330931,0.00003832966703939279,0.35200982188086605,0.01484143068407691,0,0.000006439809361944497,0,0,0,0,0,0,0,0,0,0,0,0,0,0,0,0,0,0,0,0,0,0,0,0,0,0,0.7680129115535302,0.7575192520744374,1.5255321636279677
3.8,1.6864031826336337e-7,5.102297135097749e-8,0.007425673189713738,0.7682791718444316,0,0.4081280008725089,0.000038380424011486304,0.3532999466441923,0.014862403448378777,0,0.000006448337096446751,0,0,0,0,0,0,0,0,0,0,0,0,0,0,0,0,0,0,0,0,0,0,0,0,0,0,0.775705064697435,0.7763351797261879,1.552040244423623
3.8049999999999997,1.6886221343432967e-7,5.082802610066258e-8,0.007435473723659814,0.7758954277795972,0,0.42493391459676727,0.00003843118064470458,0.3545916642731671,0.014883374214656164,0,0.000006456864774014206,0,0,0,0,0,0,0,0,0,0,0,0,0,0,0,0,0,0,0,0,0,0,0,0,0,0,0.7833311211934966,0.7944538411300093,1.5777849623235058
3.8099999999999996,1.6908410860527577e-7,5.063259224190778e-8,0.007445274218258215,0.7834475147764981,0,0.44112085404854395,0.00003848193694038853,0.3558849489714544,0.014904342991342882,0,0.0000064653923948721484,0,0,0,0,0,0,0,0,0,0,0,0,0,0,0,0,0,0,0,0,0,0,0,0,0,0,0.7908930087114572,0.8119550933406765,1.6028481020521337
3.815,1.693060037762019e-7,5.043672195047987e-8,0.007455074673664116,0.79093727094538,0,0.4567546315059556,0.00003853269289987195,0.357179748721471,0.014925309786824536,0,0.000006473919959244673,0,0,0,0,0,0,0,0,0,0,0,0,0,0,0,0,0,0,0,0,0,0,0,0,0,0,0.7983925653617698,0.8289046966271103,1.6272972619888801
3.82,1.6952789894710807e-7,5.0240464982487175e-8,0.007464875090031886,0.7983664505303605,0,0.47189022913322287,0.00003858344852448169,0.35847606335521964,0.014946274609438896,0,0.000006482447467354701,0,0,0,0,0,0,0,0,0,0,0,0,0,0,0,0,0,0,0,0,0,0,0,0,0,0,0.8058315453887563,0.8453576329938732,1.6511891783826296
3.8249999999999997,1.6974979411799425e-7,5.004386881122831e-8,0.007474675467515077,0.8057367291462106,0,0.4865741389801865,0.00003863420381553752,0.35977389266813886,0.014967237467476233,0,0.000006490974919423973,0,0,0,0,0,0,0,0,0,0,0,0,0,0,0,0,0,0,0,0,0,0,0,0,0,0,0.8132116244073887,0.8613603942945365,1.6745720187019253
3.83,1.6997168928886062e-7,4.984697875404832e-8,0.007484475806266437,0.8130497086026713,0,0.5008460906514643,0.000038684958774352355,0.36107323641904265,0.014988198369179665,0,0.0000064995023156730696,0,0,0,0,0,0,0,0,0,0,0,0,0,0,0,0,0,0,0,0,0,0,0,0,0,0,0.8205344042276058,0.8769527099007767,1.6974871141283825
3.835,1.7019358445970725e-7,4.964983809010344e-8,0.00749427610643792,0.8203069213552999,0,0.5147403517707151,0.00003873571340223217,0.3623740943300509,0.015009157322745485,0,0.000006508029656321412,0,0,0,0,0,0,0,0,0,0,0,0,0,0,0,0,0,0,0,0,0,0,0,0,0,0,0.8278014173051604,0.8921688471665701,1.7199702644717305
3.84,1.704154796305342e-7,4.945248816983942e-8,0.007504076368180679,0.8275098346175705,0,0.5282867236500121,0.00003878646770047613,0.363676476290355,0.015030114336323524,0,0.000006516556941587274,0,0,0,0,0,0,0,0,0,0,0,0,0,0,0,0,0,0,0,0,0,0,0,0,0,0,0.8350141308537191,0.9070386173013326,1.7420527481550518
3.8449999999999998,1.7063737480134153e-7,4.925496851690441e-8,0.007513876591645081,0.8346598541651883,0,0.5415113151655543,0.00003883722167037658,0.364980377888026,0.015051069418017453,0,0.000006525084171687782,0,0,0,0,0,0,0,0,0,0,0,0,0,0,0,0,0,0,0,0,0,0,0,0,0,0,0.8421739506491767,0.9215881247774398,1.7637620754266163
3.8499999999999996,1.7085926997212945e-7,4.9057316923143624e-8,0.007523676776980709,0.8417583278603047,0,0.554437152383779,0.00003888797531321912,0.36628578940491324,0.015072022575885151,0,0.000006533611346838932,0,0,0,0,0,0,0,0,0,0,0,0,0,0,0,0,0,0,0,0,0,0,0,0,0,0,0.8492822245538724,0.9358403859512374,1.78512261050511
3.8549999999999995,1.710811651428978e-7,4.8859569537256316e-8,0.007533476924336364,0.8488065489204035,0,0.567084664629699,0.000038938728630282614,0.3675927082475572,0.015092973817938995,0,0.000006542138467255589,0,0,0,0,0,0,0,0,0,0,0,0,0,0,0,0,0,0,0,0,0,0,0,0,0,0,0.8563402457854745,0.9498158275622927,1.806156073347767
3.86,1.713030603136469e-7,4.866176094763879e-8,0.007543277033860081,0.8558057589541112,0,0.5794720762871706,0.00003898948162283932,0.3689011317515323,0.015113923152146214,0,0.000006550665533151504,0,0,0,0,0,0,0,0,0,0,0,0,0,0,0,0,0,0,0,0,0,0,0,0,0,0,0.8633492559527924,0.963532671338005,1.8268819272907975
3.8649999999999998,1.7152495548437658e-7,4.8463924259886164e-8,0.007553077105699113,0.8627571507838953,0,0.5916157257532877,0.000039040234292154795,0.3702110571812179,0.015134870586429197,0,0.000006559192544739304,0,0,0,0,0,0,0,0,0,0,0,0,0,0,0,0,0,0,0,0,0,0,0,0,0,0,0.8703104478784741,0.9770072529477717,1.8473177008262458
3.8699999999999997,1.717468506550872e-7,4.826609116937871e-8,0.007562877139999963,0.8696618710736581,0,0.6035303274436635,0.00003909098663948807,0.3715224817295734,0.01515581612866582,0,0.000006567719502230524,0,0,0,0,0,0,0,0,0,0,0,0,0,0,0,0,0,0,0,0,0,0,0,0,0,0,0.8772249682265999,0.9902542840080445,1.8674792522346444
3.875,1.7196874582577864e-7,4.806829202933961e-8,0.007572677136908369,0.8765210227774307,0,0.6152291888016714,0.000039141738666091615,0.3728354287236099,0.015176759786689755,0,0.000006576246405835589,0,0,0,0,0,0,0,0,0,0,0,0,0,0,0,0,0,0,0,0,0,0,0,0,0,0,0.8840939199513769,1.003287095297043,1.8873810152484198
3.88,1.7219064099645096e-7,4.7870555914714744e-8,0.007582477096569311,0.8833356674238381,0,0.626724391408623,0.00003919249037321142,0.37414989423103817,0.015197701568290796,0,0.000006584773255763841,0,0,0,0,0,0,0,0,0,0,0,0,0,0,0,0,0,0,0,0,0,0,0,0,0,0,0.8909183645816043,1.0161177644715809,1.9070361290531852
3.885,1.7241253616710428e-7,4.767291068219105e-8,0.007592277019127024,0.8901068272495769,0,0.6380269431952651,0.00003924324176208697,0.37546584095986496,0.015218641481215153,0,0.0000065933000522235276,0,0,0,0,0,0,0,0,0,0,0,0,0,0,0,0,0,0,0,0,0,0,0,0,0,0,0.8976993243541508,1.0287572621781595,1.9264565865323102
3.8899999999999997,1.7263443133773865e-7,4.747538302664482e-8,0.007602076904725001,0.8968354871939258,0,0.6491469071969149,0.00003929399283395144,0.3767832592206377,0.015239579533165792,0,0.000006601826795421836,0,0,0,0,0,0,0,0,0,0,0,0,0,0,0,0,0,0,0,0,0,0,0,0,0,0,0.9044377842084652,1.0412156417703478,1.945653425978813
3.8949999999999996,1.728563265083542e-7,4.72779985342818e-8,0.007611876753505994,0.903522596765178,0,0.6600935111233761,0.00003934474359003153,0.37810213914975116,0.015260515731802702,0,0.000006610353485564863,0,0,0,0,0,0,0,0,0,0,0,0,0,0,0,0,0,0,0,0,0,0,0,0,0,0,0.9111346936530089,1.0535021211020057,1.9646368147550146
3.9,1.7307822167895098e-7,4.708078173270995e-8,0.0076216765656120155,0.9101690717889085,0,0.6708752411251246,0.000039395494031547684,0.37942247070880064,0.015281450084743234,0,0.000006618880122857659,0,0,0,0,0,0,0,0,0,0,0,0,0,0,0,0,0,0,0,0,0,0,0,0,0,0,0.9177909685135238,1.0656251762928228,1.9834161448063465
3.905,1.7330011684952904e-7,4.688375613816492e-8,0.007631476341184355,0.9167757960470717,0,0.681499922454758,0.000039446244159714014,0.38074424368393206,0.01530238259956236,0,0.000006627406707504208,0,0,0,0,0,0,0,0,0,0,0,0,0,0,0,0,0,0,0,0,0,0,0,0,0,0,0.9244074925721291,1.0775926223891195,2.0020001149612483
3.9099999999999997,1.7352201202008853e-7,4.6686944300088145e-8,0.007641276080363573,0.9233436228161582,0,0.6919747891943953,0.00003949699397573841,0.3820673533402658,0.015323313283793029,0,0.000006635933239707447,0,0,0,0,0,0,0,0,0,0,0,0,0,0,0,0,0,0,0,0,0,0,0,0,0,0,0.9309851191054781,1.0894115887456695,2.0203967078511473
3.915,1.7374390719062948e-7,4.6490367843242755e-8,0.00765107578328951,0.9298733763118833,0,0.7023065448072204,0.00003954774348082254,0.3833916915176066,0.015344242144926414,0,0.000006644459719669273,0,0,0,0,0,0,0,0,0,0,0,0,0,0,0,0,0,0,0,0,0,0,0,0,0,0,0.9375246723294478,1.101088670672954,2.038613343002402
3.92,1.739658023611518e-7,4.629404750753457e-8,0.007660875450101287,0.9363658530472588,0,0.7125014149467515,0.00003959849267616189,0.3847174821339732,0.015365169190412219,0,0.00000665298614759054,0,0,0,0,0,0,0,0,0,0,0,0,0,0,0,0,0,0,0,0,0,0,0,0,0,0,0.94402694875721,1.1126303177499606,2.0566572665071705
3.925,1.741876975316558e-7,4.60980031856944e-8,0.007670675080937323,0.9428218231103094,0,0.7225651937000771,0.00003964924156294587,0.38604474958179374,0.015386094427658986,0,0.000006661512523671079,0,0,0,0,0,0,0,0,0,0,0,0,0,0,0,0,0,0,0,0,0,0,0,0,0,0,0.9504927184769474,1.1240423484636166,2.074535066940564
3.9299999999999997,1.7440959270214144e-7,4.590225395896355e-8,0.007680474675935318,0.9492420313671537,0,0.732503284235762,0.00003969999014235774,0.38737351861079006,0.015407017864034355,0,0.000006670038848109695,0,0,0,0,0,0,0,0,0,0,0,0,0,0,0,0,0,0,0,0,0,0,0,0,0,0,0.9569227263549357,1.135330190739577,2.0922529170945126
3.9349999999999996,1.7463148787260878e-7,4.57068181309132e-8,0.007690274235232279,0.9556271985957185,0,0.7423207346620228,0.000039750738415574756,0.38870381432943857,0.01542793950686538,0,0.000006678565121104178,0,0,0,0,0,0,0,0,0,0,0,0,0,0,0,0,0,0,0,0,0,0,0,0,0,0,0.9633176931692569,1.1464989178018632,2.1098166109711203
3.94,1.748533830430579e-7,4.5511713259519925e-8,0.007700073758964512,0.961978022554897,0,0.7520222697671886,0.00003980148638376814,0.390035662206432,0.015448859363438792,0,0.0000066870913428513046,0,0,0,0,0,0,0,0,0,0,0,0,0,0,0,0,0,0,0,0,0,0,0,0,0,0,0.9696783166789578,1.157553279914786,2.127231596593744
3.945,1.7507527821348894e-7,4.531695618760682e-8,0.007709873247267626,0.9682951789935876,0,0.7616123192058163,0.000039852234048103154,0.39136911636637406,0.015469777441001283,0,0.000006695617513546853,0,0,0,0,0,0,0,0,0,0,0,0,0,0,0,0,0,0,0,0,0,0,0,0,0,0,0.9760052726330896,1.1684977608647533,2.144503033497843
3.9499999999999997,1.7529717338390188e-7,4.512256307175505e-8,0.00771967270027655,0.9745793226036993,0,0.7710950426049765,0.00003990298140973911,0.3927044692763,0.015490693746759794,0,0.000006704143633385602,0,0,0,0,0,0,0,0,0,0,0,0,0,0,0,0,0,0,0,0,0,0,0,0,0,0,0.9822992157237123,1.1793368127530794,2.1616360284767917
3.955,1.755190685542968e-7,4.492854940978012e-8,0.007729472118125512,0.9808310879208584,0,0.78047435199212,0.000039953728469829416,0.39404141531476655,0.015511608287881777,0,0.000006712669702561337,0,0,0,0,0,0,0,0,0,0,0,0,0,0,0,0,0,0,0,0,0,0,0,0,0,0,0.9885607804866018,1.1900740419929408,2.1786348224795424
3.96,1.7574096372467383e-7,4.4734930066861175e-8,0.0077392715009480815,0.9870510901762938,0,0.7897539318855644,0.000040004475229521674,0.3953799431369181,0.015532521071495492,0,0.000006721195721266863,0,0,0,0,0,0,0,0,0,0,0,0,0,0,0,0,0,0,0,0,0,0,0,0,0,0,0.9947905821531356,1.2007131217649287,2.1955037039180643
3.965,1.7596285889503291e-7,4.454171930040492e-8,0.007749070848877134,0.9932399261030901,0,0.7989372573384824,0.00004005522168995757,0.39672004119212534,0.015553432104690236,0,0.000006729721689694005,0,0,0,0,0,0,0,0,0,0,0,0,0,0,0,0,0,0,0,0,0,0,0,0,0,0,1.0009892174565453,1.2112575155786776,2.212246733035223
3.9699999999999998,1.761847540653743e-7,4.434893078371973e-8,0.007758870162044876,0.9993981746997544,0,0.8080276101854477,0.000040105967852273115,0.3980616977231553,0.015574341394516678,0,0.000006738247608033617,0,0,0,0,0,0,0,0,0,0,0,0,0,0,0,0,0,0,0,0,0,0,0,0,0,0,1.0071572653954841,1.2217104935185799,2.228867758914064
3.9749999999999996,1.764066492356979e-7,4.415657762857116e-8,0.00776866944058286,1.0055263979538263,0,0.8170280937055432,0.000040156713717598476,0.39940490076534685,0.015595248947987052,0,0.000006746773476475583,0,0,0,0,0,0,0,0,0,0,0,0,0,0,0,0,0,0,0,0,0,0,0,0,0,0,1.013295287957636,1.2320751469060711,2.245370434863707
3.9799999999999995,1.766285444060038e-7,4.396467240668272e-8,0.007778468684621959,1.0116251415280566,0,0.8259416458865989,0.000040207459287058163,0.4007496381457828,0.015616154772075482,0,0.0000067552992952088335,0,0,0,0,0,0,0,0,0,0,0,0,0,0,0,0,0,0,0,0,0,0,0,0,0,0,1.0194038308058955,1.2423544015630394,2.261758232368935
3.985,1.7685043957629216e-7,4.3773227170244034e-8,0.007788267894292394,1.0176949354114875,0,0.8347710514501891,0.00004025820456177102,0.4020957341814655,0.01563705887371821,0,0.000006763825064421345,0,0,0,0,0,0,0,0,0,0,0,0,0,0,0,0,0,0,0,0,0,0,0,0,0,0,1.0254834239294466,1.2525508665349991,2.2780342904644457
3.9899999999999998,1.7707233474656301e-7,4.358225347148209e-8,0.007798067069723729,1.0237362945376065,0,0.8435189527759788,0.00004030894954285017,0.4034433112557057,0.01565796125981387,0,0.000006772350784300138,0,0,0,0,0,0,0,0,0,0,0,0,0,0,0,0,0,0,0,0,0,0,0,0,0,0,1.0315345822619184,1.2626673065918255,2.2942018888537437
3.9949999999999997,1.7729422991681632e-7,4.339176238134861e-8,0.007807866211044879,1.029749719371582,0,0.8521878598460276,0.000040359694231403224,0.4047924250750694,0.01567886193722374,0,0.000006780876455031299,0,0,0,0,0,0,0,0,0,0,0,0,0,0,0,0,0,0,0,0,0,0,0,0,0,0,1.0375578062686193,1.2727062874290072,2.3102640936976266
4,1.7751612508705232e-7,4.3201764507372864e-8,0.007817665318384114,1.0357356964684494,0,0.8607801593143654,0.00004041043862853218,0.40614308677218525,0.015699760912772014,0,0.000006789402076799978,0,0,0,0,0,0,0,0,0,0,0,0,0,0,0,0,0,0,0,0,0,0,0,0,0,0,1.043553582504723,1.282670206840028,2.326223789344751
4.005,1.7773802025727082e-7,4.301227001072522e-8,0.007827464391869054,1.0416946990039748,0,0.8692981227940237,0.0000404611827353335,0.40749530762082115,0.015720658193246025,0,0.000006797927649790392,0,0,0,0,0,0,0,0,0,0,0,0,0,0,0,0,0,0,0,0,0,0,0,0,0,0,1.049522384146134,1.2925613477184759,2.34208373186461
4.01,1.779599154274722e-7,4.282328862253524e-8,0.00783726343162669,1.047627187279829,0,0.8777439144424778,0.000040511926552898146,0.4088490990364428,0.015741553785396524,0,0.00000680645317418584,0,0,0,0,0,0,0,0,0,0,0,0,0,0,0,0,0,0,0,0,0,0,0,0,0,0,1.0554646714946596,1.3023818856440441,2.3578465571387035
4.015,1.7818181059765634e-7,4.263482965950307e-8,0.007847062437783369,1.0535336092045562,0,0.8861195979166886,0.00004056267008231165,0.4102044725767668,0.01576244769593793,0,0.000006814978650168692,0,0,0,0,0,0,0,0,0,0,0,0,0,0,0,0,0,0,0,0,0,0,0,0,0,0,1.0613808924589798,1.3121338958381257,2.3735147882971055
4.02,1.784037057678233e-7,4.2446902038842864e-8,0.00785686141046481,1.0594144007517434,0,0.894427142760607,0.00004061341332465405,0.4115615276991999,0.01578333993154856,0,0.0000068235040779204184,0,0,0,0,0,0,0,0,0,0,0,0,0,0,0,0,0,0,0,0,0,0,0,0,0,0,1.067271483012816,1.321819447308758,2.389090930321574
4.025,1.7862560093797327e-7,4.225951429259299e-8,0.007866660349796113,1.065269986396709,0,0.9026684302806963,0.000040664156281000045,0.41292030210770403,0.015804230498870885,0,0.000006832029457621574,0,0,0,0,0,0,0,0,0,0,0,0,0,0,0,0,0,0,0,0,0,0,0,0,0,0,1.0731368676316204,1.33144045907301,2.40457732670463
4.029999999999999,1.7884749610810617e-7,4.2072674581325135e-8,0.007876459255901745,1.071100779532895,0,0.9108452589587136,0.000040714898952418937,0.4142806632484167,0.01582511940451177,0,0.000006840554789451813,0,0,0,0,0,0,0,0,0,0,0,0,0,0,0,0,0,0,0,0,0,0,0,0,0,0,1.0789774597089674,1.3409985970653842,2.4199760567743516
4.035,1.7906939127822215e-7,4.1886390707284006e-8,0.00788625812890556,1.076907182869154,0,0.9189593494455343,0.00004076564133997471,0.4156425995921179,0.015846006655042728,0,0.000006849080073589899,0,0,0,0,0,0,0,0,0,0,0,0,0,0,0,0,0,0,0,0,0,0,0,0,0,0,1.0847936619538416,1.3504955704141084,2.43528923236795
4.04,1.792912864483211e-7,4.170067012698669e-8,0.007896056968930787,1.0826895888089267,0,0.9270123491749124,0.00004081638344472604,0.41700609941205946,0.015866892257000123,0,0.000006857605310213702,0,0,0,0,0,0,0,0,0,0,0,0,0,0,0,0,0,0,0,0,0,0,0,0,0,0,1.090585866769814,1.3599330148327269,2.450518881602541
4.045,1.7951318161840337e-7,4.151551996330787e-8,0.007905855776100059,1.0884483798123714,0,0.9350058366319755,0.000040867125267726354,0.41837115078316783,0.01588777621688547,0,0.0000068661304995002085,0,0,0,0,0,0,0,0,0,0,0,0,0,0,0,0,0,0,0,0,0,0,0,0,0,0,1.096354456617173,1.3693124968877959,2.465666953504969
4.05,1.7973507678846885e-7,4.13309470170773e-8,0.007915654550535391,1.0941839287423196,0,0.9429413253074513,0.000040917866810023866,0.41973774158124705,0.01590865854116562,0,0.000006874655641625527,0,0,0,0,0,0,0,0,0,0,0,0,0,0,0,0,0,0,0,0,0,0,0,0,0,0,1.1020998043588788,1.3786355179523158,2.4807353223111948
4.055,1.7995697195851765e-7,4.114695777821352e-8,0.007925453292358196,1.0998965991949632,0,0.95082026736546,0.000040968608072661517,0.4211058594821834,0.015929539236272994,0,0.0000068831807367648886,0,0,0,0,0,0,0,0,0,0,0,0,0,0,0,0,0,0,0,0,0,0,0,0,0,0,1.1078222735912513,1.3879035178727257,2.495725791463977
4.06,1.801788671285497e-7,4.0963558436415674e-8,0.007935252001689284,1.105586745816075,0,0.9586440570498079,0.00004101934905667717,0.42247526296685045,0.015950418308605857,0,0.00000689170578509266,0,0,0,0,0,0,0,0,0,0,0,0,0,0,0,0,0,0,0,0,0,0,0,0,0,0,1.1135222189601899,1.397117649380106,2.510639868340296
4.0649999999999995,1.8040076229856526e-7,4.078075489143548e-8,0.00794505067864888,1.1112547146035334,0,0.9664140338511996,0.00004107008976310348,0.4238461868986934,0.0159712957645285,0,0.000006900230786782347,0,0,0,0,0,0,0,0,0,0,0,0,0,0,0,0,0,0,0,0,0,0,0,0,0,0,1.1191999864636994,1.4062794868349715,2.525479473298671
4.07,1.806226574685643e-7,4.059855276294936e-8,0.007954849323356602,1.116900843196857,0,0.9741314854555425,0.00004112083019296809,0.42521864853117464,0.015992171610371492,0,0.0000069087557420065946,0,0,0,0,0,0,0,0,0,0,0,0,0,0,0,0,0,0,0,0,0,0,0,0,0,0,1.1248559137414238,1.4153903351830235,2.540246248924447
4.074999999999999,1.8084455263854684e-7,4.041695740004891e-8,0.007964647935931487,1.1225254611544375,0,0.9817976504915514,0.000041171570347293465,0.4265926610355251,0.01601304585243191,0,0.000006917280650937193,0,0,0,0,0,0,0,0,0,0,0,0,0,0,0,0,0,0,0,0,0,0,0,0,0,0,1.130490330351879,1.4244514462305067,2.5549417765823854
4.08,1.8106644780851303e-7,4.023597389036829e-8,0.007974446516491988,1.1281288902191045,0,0.9894137210941063,0.000041222310227097096,0.4279682377519015,0.01603391849697356,0,0.0000069258055137450974,0,0,0,0,0,0,0,0,0,0,0,0,0,0,0,0,0,0,0,0,0,0,0,0,0,0,1.136103558038018,1.433464025458722,2.56956758349674
4.085,1.812883429784629e-7,4.005560706886518e-8,0.007984245065155967,1.1337114445725847,0,0.996980845298182,0.00004127304983339146,0.42934539219001094,0.016054789550227176,0,0.000006934330330600405,0,0,0,0,0,0,0,0,0,0,0,0,0,0,0,0,0,0,0,0,0,0,0,0,0,0,1.1416959109816907,1.442429234418584,2.5841251454002747
4.09,1.815102381483965e-7,3.987586152627079e-8,0.007994043582040717,1.139273431079472,0,1.0045001292769014,0.000041323789167184045,0.43072413802975357,0.01607565901839068,0,0.000006942855101672392,0,0,0,0,0,0,0,0,0,0,0,0,0,0,0,0,0,0,0,0,0,0,0,0,0,0,1.1472676960476125,1.4513481929693144,2.598615889016927
4.095,1.8173213331831385e-7,3.9696741617224784e-8,0.008003842067262954,1.1448151495211776,0,1.011972639435862,0.00004137452822947738,0.432104561652923,0.016096526907629374,0,0.0000069513798271294925,0,0,0,0,0,0,0,0,0,0,0,0,0,0,0,0,0,0,0,0,0,0,0,0,0,0,1.1528192130173156,1.460222053904471,2.613041266921787
4.1,1.8195402848821503e-7,3.951825146810812e-8,0.008013640520938819,1.1503368928203885,0,1.0193994043748984,0.00004142526702126908,0.43348667706507754,0.016117393224076168,0,0.000006959904507139318,0,0,0,0,0,0,0,0,0,0,0,0,0,0,0,0,0,0,0,0,0,0,0,0,0,0,1.1583507548136072,1.4690518598355804,2.6274026146491876
4.1049999999999995,1.8217592365810007e-7,3.934039498458875e-8,0.00802343894318389,1.1558389472564947,0,1.0267814167273628,0.00004147600554355191,0.43487040342956235,0.016138257973831782,0,0.000006968429141868661,0,0,0,0,0,0,0,0,0,0,0,0,0,0,0,0,0,0,0,0,0,0,0,0,0,0,1.1638626077159973,1.4778385225654422,2.6417011302814393
4.109999999999999,1.823978188279691e-7,3.916317585889114e-8,0.008033237334113175,1.16132159267242,0,1.03411963488614,0.00004152674379731372,0.4362557386179692,0.016159121162964987,0,0.000006976953731483496,0,0,0,0,0,0,0,0,0,0,0,0,0,0,0,0,0,0,0,0,0,0,0,0,0,0,1.169355051567528,1.4865829983646028,2.655938049932131
4.115,1.826197139978222e-7,3.8986597576803613e-8,0.008043035693841134,1.1667851026732727,0,1.0414149846248035,0.000041577481783537603,0.4376426804437095,0.016179982797512787,0,0.000006985478276148987,0,0,0,0,0,0,0,0,0,0,0,0,0,0,0,0,0,0,0,0,0,0,0,0,0,0,1.1748283599734255,1.4952862108260854,2.6701145707995106
4.12,1.828416091676594e-7,3.881066342443313e-8,0.008052834022481649,1.1722297448172079,0,1.0486683606215803,0.00004162821950320178,0.4390312266617426,0.016200842883480643,0,0.000006994002776029492,0,0,0,0,0,0,0,0,0,0,0,0,0,0,0,0,0,0,0,0,0,0,0,0,0,0,1.180282800491962,1.5039490523890826,2.6842318528810445
4.125,1.8306350433748067e-7,3.863537649471932e-8,0.008062632320148068,1.1776557807988812,0,1.0558806278931663,0.000041678956957279766,0.4404213749683173,0.016221701426842684,0,0.00000700252723128857,0,0,0,0,0,0,0,0,0,0,0,0,0,0,0,0,0,0,0,0,0,0,0,0,0,0,1.18571863481791,1.5125723857725148,2.6982910205904247
4.13,1.8328539950728616e-7,3.846073969371818e-8,0.008072430586953177,1.1830634666258164,0,1.063052623144791,0.00004172969414674027,0.4418131230007065,0.01624255843354192,0,0.000007011051642088973,0,0,0,0,0,0,0,0,0,0,0,0,0,0,0,0,0,0,0,0,0,0,0,0,0,0,1.191136118958909,1.5211570453248284,2.7122931642837376
4.135,1.8350729467707593e-7,3.82867557466643e-8,0.008082228823009217,1.1884530527880488,0,1.0701851560424558,0.000041780431072547344,0.4432063958980913,0.016263413909490414,0,0.000007019576008592679,0,0,0,0,0,0,0,0,0,0,0,0,0,0,0,0,0,0,0,0,0,0,0,0,0,0,1.1965355034051084,1.5297037658571186,2.7262392692622273
4.14,1.8372918984684987e-7,3.811342720382182e-8,0.008092027028427885,1.1938247844213314,0,1.0772790104127385,0.000041831167735660376,0.44460126273252226,0.01628426786056953,0,0.0000070281003309608655,0,0,0,0,0,0,0,0,0,0,0,0,0,0,0,0,0,0,0,0,0,0,0,0,0,0,1.2019170332923763,1.538213400273897,2.7401304335662733
4.145,1.8395108501660833e-7,3.794075644613232e-8,0.008101825203320341,1.1991789014642105,0,1.0843349453751476,0.000041881904137034014,0.4459977372804269,0.016305120292630117,0,0.000007036624609353931,0,0,0,0,0,0,0,0,0,0,0,0,0,0,0,0,0,0,0,0,0,0,0,0,0,0,1.2072809485593723,1.546686721476951,2.7539676700363236
4.15,1.8417298018635114e-7,3.776874569066799e-8,0.0081116233477972,1.204515638809249,0,1.09135369641159,0.00004193264027761835,0.4473958256122587,0.016325971211492683,0,0.000007045148843931503,0,0,0,0,0,0,0,0,0,0,0,0,0,0,0,0,0,0,0,0,0,0,0,0,0,0,1.212627484098772,1.555124471024463,2.7677519551232352
4.154999999999999,1.8439487535607838e-7,3.75973969958987e-8,0.00812142146196855,1.20983522644865,0,1.0983359763771703,0.000041983376158358864,0.44879553385759946,0.016346820622947643,0,0.000007053673034852427,0,0,0,0,0,0,0,0,0,0,0,0,0,0,0,0,0,0,0,0,0,0,0,0,0,0,1.2179568699028909,1.5635273679069106,2.7814842378098015
4.16,1.8461677052579025e-7,3.742671226677933e-8,0.008131219545943948,1.2151378896145621,0,1.1052824764562181,0.00004203411178019648,0.4501968682053495,0.016367668532755477,0,0.000007062197182274793,0,0,0,0,0,0,0,0,0,0,0,0,0,0,0,0,0,0,0,0,0,0,0,0,0,0,1.2232693312039888,1.5718961095032857,2.7951654407072746
4.165,1.848386656954867e-7,3.725669325966594e-8,0.008141017599832415,1.2204238489142505,0,1.1121938670670801,0.00004208484714406756,0.45159983490390665,0.016388514946646945,0,0.000007070721286355917,0,0,0,0,0,0,0,0,0,0,0,0,0,0,0,0,0,0,0,0,0,0,0,0,0,0,1.228565088609442,1.580231372486064,2.808796461095506
4.17,1.8506056086516777e-7,3.7087341587066425e-8,0.008150815623742454,1.2256933204604161,0,1.1190707987190536,0.000042135582250903906,0.4530044380126021,0.016409359870323267,0,0.000007079245347252356,0,0,0,0,0,0,0,0,0,0,0,0,0,0,0,0,0,0,0,0,0,0,0,0,0,0,1.233844358232061,1.588533811429577,2.822378169661638
4.175,1.8528245603483353e-7,3.69186587222328e-8,0.008160613617782052,1.230946515996838,0,1.1259139028244636,0.00004218631710163294,0.45441068004380714,0.01643020330945634,0,0.000007087769365119922,0,0,0,0,0,0,0,0,0,0,0,0,0,0,0,0,0,0,0,0,0,0,0,0,0,0,1.239107351815735,1.596804060264194,2.8359114120799287
4.18,1.8550435120448407e-7,3.675064600360148e-8,0.008170411582058662,1.2361836430195534,0,1.1327237924687426,0.000042237051697177554,0.4558185745611368,0.01645104526968889,0,0.0000070962933401136745,0,0,0,0,0,0,0,0,0,0,0,0,0,0,0,0,0,0,0,0,0,0,0,0,0,0,1.2443542768566094,1.6050427456446055,2.849397022501215
4.185,1.8572624637411934e-7,3.658330463908663e-8,0.008180209516679238,1.2414049048937674,0,1.1395010631411306,0.000042287786038456204,0.4572281289472109,0.016471885756634712,0,0.000007104817272387925,0,0,0,0,0,0,0,0,0,0,0,0,0,0,0,0,0,0,0,0,0,0,0,0,0,0,1.2495853367199976,1.613250470448287,2.8628358071682847
4.1899999999999995,1.8594814154373965e-7,3.6416635710233587e-8,0.008190007421750214,1.246610500966673,0,1.1462462934284254,0.000042338520126382956,0.45863935065729233,0.016492724775878816,0,0.000007113341162096245,0,0,0,0,0,0,0,0,0,0,0,0,0,0,0,0,0,0,0,0,0,0,0,0,0,0,1.2548007307532005,1.6214278207228852,2.8762285514760855
4.195,1.8617003671334476e-7,3.6250640176236205e-8,0.008199805297377514,1.2518006266763582,0,1.1529600456740392,0.00004238925396186748,0.4600522472195253,0.01651356233297762,0,0.000007121865009391471,0,0,0,0,0,0,0,0,0,0,0,0,0,0,0,0,0,0,0,0,0,0,0,0,0,0,1.2600006543944127,1.6295753663455135,2.889576020739926
4.199999999999999,1.8639193188293476e-7,3.6085318877824697e-8,0.008209603143666557,1.2569754736569565,0,1.1596428666044538,0.00004243998754581513,0.4614668262351656,0.016534398433459146,0,0.0000071303888144257076,0,0,0,0,0,0,0,0,0,0,0,0,0,0,0,0,0,0,0,0,0,0,0,0,0,0,1.2651852992778738,1.6376936616494389,2.9028789609273127
4.205,1.8661382705250994e-7,3.592067254102738e-8,0.008219400960722266,1.2621352298402135,0,1.1662952879250412,0.000042490720879126894,0.462883095378811,0.01655523308282322,0,0.000007138912577350336,0,0,0,0,0,0,0,0,0,0,0,0,0,0,0,0,0,0,0,0,0,0,0,0,0,0,1.2703548533354352,1.645783246020132,2.9161380993555674
4.21,1.8683572222207009e-7,3.5756701780812965e-8,0.008229198748649049,1.2672800795535892,0,1.1729178268870124,0.000042541453962699454,0.4643011532360764,0.016576066286541624,0,0.000007147436298316009,0,0,0,0,0,0,0,0,0,0,0,0,0,0,0,0,0,0,0,0,0,0,0,0,0,0,1.2755095008946624,1.6538447352998913,2.9293542361945537
4.215,1.8705761739161535e-7,3.559340710461583e-8,0.008238996507550833,1.2724102036150764,0,1.1795109868272473,0.00004259218679742524,0.46572098447773663,0.016596898050058265,0,0.000007155959977472661,0,0,0,0,0,0,0,0,0,0,0,0,0,0,0,0,0,0,0,0,0,0,0,0,0,0,1.2806494227736518,1.6618786175018172,2.942528040275469
4.22,1.8727951256114593e-7,3.5430788915749805e-8,0.00824879423753104,1.2775257794248374,0,1.1860752576825235,0.000042642919384192423,0.4671425048094412,0.016617728378789404,0,0.000007164483614969517,0,0,0,0,0,0,0,0,0,0,0,0,0,0,0,0,0,0,0,0,0,0,0,0,0,0,1.28577479637267,1.6698852982737533,2.955660094646423
4.225,1.8750140773066166e-7,3.5268847516714566e-8,0.00825859193869261,1.2826269810537991,0,1.1926111164796267,0.00004269365172388494,0.4685657050835521,0.01663855727812381,0,0.0000071730072109550875,0,0,0,0,0,0,0,0,0,0,0,0,0,0,0,0,0,0,0,0,0,0,0,0,0,0,1.290885795762747,1.6778652455002374,2.9687510412629843
4.2299999999999995,1.8772330290016267e-7,3.5107583112397615e-8,0.008268389611137985,1.287713979329336,0,1.1991190278027195,0.000042744383817382556,0.4699905759969801,0.016659384753422917,0,0.000007181530765577183,0,0,0,0,0,0,0,0,0,0,0,0,0,0,0,0,0,0,0,0,0,0,0,0,0,0,1.2959825917713599,1.6858189144677056,2.9818015062390657
4.234999999999999,1.8794519806964904e-7,3.494699581317693e-8,0.008278187254969128,1.2927869419181457,0,1.2055994442392284,0.00004279511566556081,0.47141710809053333,0.016680210810021013,0,0.0000071900542789829025,0,0,0,0,0,0,0,0,0,0,0,0,0,0,0,0,0,0,0,0,0,0,0,0,0,0,1.3010653520653086,1.6937467483097275,2.994812100375036
4.24,1.881670932391208e-7,3.4787085637926694e-8,0.00828798487028752,1.297846033406435,0,1.2120528068054528,0.000042845847269291124,0.4728452917482682,0.016701035453225436,0,0.000007198577751318659,0,0,0,0,0,0,0,0,0,0,0,0,0,0,0,0,0,0,0,0,0,0,0,0,0,0,1.3061342412309014,1.7016491784319672,3.0077834196628688
4.245,1.8838898840857798e-7,3.4627852516930056e-8,0.008297782457194156,1.302891415377517,0,1.218479545353,0.00004289657862944078,0.4742751171968305,0.0167218586883167,0,0.000007207101182730159,0,0,0,0,0,0,0,0,0,0,0,0,0,0,0,0,0,0,0,0,0,0,0,0,0,0,1.3111894208515522,1.7095266249179593,3.0207160457695115
4.25,1.886108835780207e-7,3.4469296294702625e-8,0.008307580015789563,1.307923246486929,0,1.224880078957108,0.00004294730974687298,0.475706498364303,0.016742680520548725,0,0.000007215624573362436,0,0,0,0,0,0,0,0,0,0,0,0,0,0,0,0,0,0,0,0,0,0,0,0,0,0,1.3162310495828984,1.7173794207762798,3.033610470359178
4.255,1.8883277874744895e-7,3.431141673272884e-8,0.008317377546173784,1.3129416825351585,0,1.2312548162878103,0.00004299804062244683,0.4771394838029575,0.016763500955148936,0,0.0000072241479233598224,0,0,0,0,0,0,0,0,0,0,0,0,0,0,0,0,0,0,0,0,0,0,0,0,0,0,1.3212592832255279,1.7252080232344624,3.0464673064599905
4.26,1.8905467391686274e-7,3.41542135121153e-8,0.008327175048446402,1.3179468765380737,0,1.2376041559648736,0.000043048771257017377,0.47857409745243035,0.016784319997318515,0,0.000007232671232865983,0,0,0,0,0,0,0,0,0,0,0,0,0,0,0,0,0,0,0,0,0,0,0,0,0,0,1.3262742747954075,1.7330128548571122,3.0592871296525197
4.265,1.8927656908626232e-7,3.3997686236163007e-8,0.008336972522706527,1.3229389787951469,0,1.2439284868973643,0.00004309950165143565,0.48001033908587254,0.01680513765223249,0,0.000007241194502023896,0,0,0,0,0,0,0,0,0,0,0,0,0,0,0,0,0,0,0,0,0,0,0,0,0,0,1.3312761745921087,1.7407943043316227,3.0720704789237314
4.27,1.894984642556475e-7,3.3841834432862224e-8,0.008346769969052798,1.3279181369555473,0,1.2502281886086413,0.00004315023180654866,0.4814482084503301,0.016825953925039935,0,0.00000724971773097587,0,0,0,0,0,0,0,0,0,0,0,0,0,0,0,0,0,0,0,0,0,0,0,0,0,0,1.3362651302648987,1.748552750933549,3.0848178811984477
4.275,1.8972035942501843e-7,3.3686657557311974e-8,0.008356567387583398,1.3328844960822022,0,1.2565036315475433,0.00004320096172319946,0.48288770526660074,0.01684676882086415,0,0.000007258240919863544,0,0,0,0,0,0,0,0,0,0,0,0,0,0,0,0,0,0,0,0,0,0,0,0,0,0,1.3412412868768024,1.7562885648376514,3.097529851714454
4.279999999999999,1.8994225459437513e-7,3.35321549940669e-8,0.008366364778396045,1.3378381987138748,0,1.2627551773864645,0.00004325169140222711,0.4843288292290733,0.0168675823448028,0,0.000007266764068827895,0,0,0,0,0,0,0,0,0,0,0,0,0,0,0,0,0,0,0,0,0,0,0,0,0,0,1.3462047869666804,1.7640021074158116,3.1102068943824923
4.285,1.9016414976371772e-7,3.337832605941379e-8,0.008376162141588006,1.3427793849253622,0,1.2689831793070085,0.00004330242084446676,0.4857715800055827,0.01688839450192809,0,0.000007275287178009235,0,0,0,0,0,0,0,0,0,0,0,0,0,0,0,0,0,0,0,0,0,0,0,0,0,0,1.3511557706094262,1.7716937315225418,3.122849502131968
4.29,1.9038604493304623e-7,3.3225170003580954e-8,0.008385959477256089,1.3477081923858552,0,1.2751879822738148,0.00004335315005074965,0.4872158345263853,0.016909205297286903,0,0.00000728381024754722,0,0,0,0,0,0,0,0,0,0,0,0,0,0,0,0,0,0,0,0,0,0,0,0,0,0,1.3560943754743262,1.7793636590577853,3.1354580345321112
4.295,1.906079401023607e-7,3.307268601288124e-8,0.008395756785496644,1.3526247564155514,0,1.2813699232971882,0.000043403879021903095,0.48866171244660106,0.016930014735901004,0,0.000007292333277580849,0,0,0,0,0,0,0,0,0,0,0,0,0,0,0,0,0,0,0,0,0,0,0,0,0,0,1.361020736881674,1.7870123466919896,3.1480330835736634
4.3,1.908298352716611e-7,3.2920873211792366e-8,0.008405554066405585,1.357529210040572,0,1.2875293316850538,0.000043454607758750554,0.4901092402599551,0.016950822822767154,0,0.000007300856268248474,0,0,0,0,0,0,0,0,0,0,0,0,0,0,0,0,0,0,0,0,0,0,0,0,0,0,1.365934987857686,1.794640150231803,3.160575138089489
4.305,1.910517304409476e-7,3.276973066497567e-8,0.00841535132007837,1.3624216840462409,0,1.2936665292847775,0.0000435053362621117,0.49155843116370795,0.016971629562857287,0,0.000007309379219687808,0,0,0,0,0,0,0,0,0,0,0,0,0,0,0,0,0,0,0,0,0,0,0,0,0,0,1.3708372591877804,1.8022474047268244,3.173084663914605
4.31,1.9127362561022018e-7,3.261925737923584e-8,0.008425148546610008,1.3673023070287986,0,1.29978183071534,0.000043556064532802314,0.49300929850521685,0.016992434961118658,0,0.0000073179021320359095,0,0,0,0,0,0,0,0,0,0,0,0,0,0,0,0,0,0,0,0,0,0,0,0,0,0,1.3757276794682916,1.8098344381483402,3.185562117616632
4.3149999999999995,1.9149552077947888e-7,3.246945230542302e-8,0.008434945746095083,1.3721712054455975,0,1.3058755435903378,0.00004360679257163441,0.49446185578244023,0.017013239022474036,0,0.000007326425005429206,0,0,0,0,0,0,0,0,0,0,0,0,0,0,0,0,0,0,0,0,0,0,0,0,0,0,1.3806063751566655,1.8174015716128291,3.1980079467694944
4.32,1.9171741594872382e-7,3.23203143402799e-8,0.008444742918627722,1.3770285036638283,0,1.311947968732237,0.000043657520379416186,0.49591611664444507,0.01703404175182178,0,0.000007334947840003488,0,0,0,0,0,0,0,0,0,0,0,0,0,0,0,0,0,0,0,0,0,0,0,0,0,0,1.3854734706201863,1.8249491195967233,3.2104225902169095
4.324999999999999,1.9193931111795495e-7,3.21718423282349e-8,0.008454540064301626,1.3818743240078397,0,1.3179994003783013,0.00004370824795695214,0.4973720948919119,0.017054843154036076,0,0.000007343470635893916,0,0,0,0,0,0,0,0,0,0,0,0,0,0,0,0,0,0,0,0,0,0,0,0,0,0,1.3903290881832948,1.8324773901428422,3.222806478326137
4.33,1.9216120628717236e-7,3.202403506314333e-8,0.008464337183210055,1.386708786805101,0,1.3240301263785972,0.000043758975305042996,0.4988299438744156,0.01707564323396702,0,0.0000073519933932350205,0,0,0,0,0,0,0,0,0,0,0,0,0,0,0,0,0,0,0,0,0,0,0,0,0,0,1.3951733481735522,1.839986824455678,3.2351601726292305
4.335,1.923831014563761e-7,3.187689128997878e-8,0.008474134275445846,1.3915320104308386,0,1.3300404283864173,0.000043809702424485785,0.5002895302324301,0.017096441996440805,0,0.000007360516112160714,0,0,0,0,0,0,0,0,0,0,0,0,0,0,0,0,0,0,0,0,0,0,0,0,0,0,1.4000063689662772,1.8474775708338247,3.2474839398001016
4.34,1.9260499662556632e-7,3.1730409706475196e-8,0.008483931341101404,1.396344111351416,0,1.3360305820415064,0.00004386042931607385,0.501750850204894,0.017117239446259883,0,0.000007369038792804286,0,0,0,0,0,0,0,0,0,0,0,0,0,0,0,0,0,0,0,0,0,0,0,0,0,0,1.4048282670279235,1.854949901160769,3.2597781681886926
4.345,1.9282689179474292e-7,3.158458896472233e-8,0.0084937283802687,1.4011452041664803,0,1.3420008571463904,0.00004391115598059685,0.5032139040617629,0.017138035588203055,0,0.000007377561435298407,0,0,0,0,0,0,0,0,0,0,0,0,0,0,0,0,0,0,0,0,0,0,0,0,0,0,1.4096391569582296,1.8624040855137722,3.2720432424720016
4.35,1.930487869639059e-7,3.143942767271541e-8,0.008503525393039287,1.405935401649928,0,1.3479515178361448,0.000043961882418840785,0.5046786920457789,0.017158830427025692,0,0.000007386084039775133,0,0,0,0,0,0,0,0,0,0,0,0,0,0,0,0,0,0,0,0,0,0,0,0,0,0,1.4144391515311818,1.869840388275408,3.28427953980659
4.3549999999999995,1.9327068213305545e-7,3.129492439586039e-8,0.008513322379504298,1.4107148147897326,0,1.3538828227418829,0.00004401260863158807,0.5061452143723006,0.017179623967459822,0,0.0000073946066063659216,0,0,0,0,0,0,0,0,0,0,0,0,0,0,0,0,0,0,0,0,0,0,0,0,0,0,1.4192283617348433,1.8772590682968813,3.296487430031725
4.359999999999999,1.9349257730219163e-7,3.115107765843674e-8,0.008523119339754446,1.4154835528266596,0,1.3597950251482502,0.00004406333461961747,0.5076134712291389,0.017200416214214302,0,0.0000074031291352016114,0,0,0,0,0,0,0,0,0,0,0,0,0,0,0,0,0,0,0,0,0,0,0,0,0,0,1.424006896810069,1.8846603790553584,3.308667275865427
4.365,1.9371447247131439e-7,3.1007885945018435e-8,0.008532916273880024,1.42024172329192,0,1.3656883731451965,0.00004411406038370419,0.5090834627763842,0.01722120717197495,0,0.000007411651626412448,0,0,0,0,0,0,0,0,0,0,0,0,0,0,0,0,0,0,0,0,0,0,0,0,0,0,1.4287748642881586,1.8920445688055658,3.3208194330937246
4.37,1.9393636764042383e-7,3.086534770185484e-8,0.008542713181970913,1.424989432043792,0,1.3715631097742662,0.00004416478592461986,0.5105550720070305,0.017241996845404697,0,0.000007420174080128068,0,0,0,0,0,0,0,0,0,0,0,0,0,0,0,0,0,0,0,0,0,0,0,0,0,0,1.433532370027478,1.899411763586706,3.332944133614184
4.375,1.9415826280951988e-7,3.0723461338212554e-8,0.008552510064116578,1.4297267833032439,0,1.377419473169658,0.000044215511243132575,0.5120284222432854,0.017262785239143732,0,0.000007428696496477525,0,0,0,0,0,0,0,0,0,0,0,0,0,0,0,0,0,0,0,0,0,0,0,0,0,0,1.4382795182490846,1.9067623248598267,3.3450418431089113
4.38,1.9438015797860277e-7,3.0582225227679456e-8,0.008562306920406085,1.4344538796885944,0,1.3832576966942713,0.000044266236340006884,0.5135035290308646,0.017283572357809623,0,0.000007437218875589271,0,0,0,0,0,0,0,0,0,0,0,0,0,0,0,0,0,0,0,0,0,0,0,0,0,0,1.4430164115713837,1.9140965015381612,3.357112913109545
4.385,1.9460205314767235e-7,3.0441637709432097e-8,0.008572103750928073,1.4391708222492376,0,1.3890780090709596,0.00004431696121600383,0.5149804041225736,0.01730435820599746,0,0.000007445741217591172,0,0,0,0,0,0,0,0,0,0,0,0,0,0,0,0,0,0,0,0,0,0,0,0,0,0,1.4477431510438565,1.9214145341019642,3.3691576851458205
4.39,1.9482394831672896e-7,3.0301697089467645e-8,0.008581900555770803,1.4438777104984684,0,1.394880634509199,0.00004436768587188106,0.516459059390753,0.017325142788280037,0,0.0000074542635226105155,0,0,0,0,0,0,0,0,0,0,0,0,0,0,0,0,0,0,0,0,0,0,0,0,0,0,1.4524598361798846,1.9287166586376265,3.3811764948175114
4.395,1.950458434857723e-7,3.0162401641801226e-8,0.008591697335022108,1.4485746424454349,0,1.4006657928273494,0.00004441841030839263,0.5179395068276581,0.017345926109207908,0,0.0000074627857907739936,0,0,0,0,0,0,0,0,0,0,0,0,0,0,0,0,0,0,0,0,0,0,0,0,0,0,1.4571665649887022,1.9360031069603145,3.3931696719490168
4.4,1.9526773865480269e-7,3.00237496096297e-8,0.008601494088769436,1.4532617146262434,0,1.4064336995707238,0.00004446913452628922,0.5194217585458406,0.017366708173309608,0,0.000007471308022207731,0,0,0,0,0,0,0,0,0,0,0,0,0,0,0,0,0,0,0,0,0,0,0,0,0,0,1.4618634340065013,1.9432741067324226,3.4051375407389237
4.404999999999999,1.954896338238199e-7,2.9885739206463473e-8,0.008611290817099826,1.4579390221342456,0,1.4121845661256012,0.00004451985852631806,0.5209058267785354,0.017387488985091706,0,0.000007479830217037268,0,0,0,0,0,0,0,0,0,0,0,0,0,0,0,0,0,0,0,0,0,0,0,0,0,0,1.4665505383267186,1.9505298815779715,3.41708041990469
4.41,1.957115289928242e-7,2.9748368617226024e-8,0.008621087520099935,1.4626066586495443,0,1.417918599829397,0.00004457058230922303,0.5223920354316866,0.017408268549039027,0,0.000007488352375387586,0,0,0,0,0,0,0,0,0,0,0,0,0,0,0,0,0,0,0,0,0,0,0,0,0,0,1.4712279716295418,1.9577709627448072,3.428998934374349
4.415,1.9593342416181563e-7,2.961163599932389e-8,0.008630884197856015,1.4672647164677113,0,1.4236360040770961,0.00004462130587574456,0.5238800984629831,0.01742904686961471,0,0.000007496874497383084,0,0,0,0,0,0,0,0,0,0,0,0,0,0,0,0,0,0,0,0,0,0,0,0,0,0,1.4758958262106274,1.964997267590067,3.4408930938006943
4.42,1.9615531933079418e-7,2.9475539483686062e-8,0.008640680850453929,1.4719132865277864,0,1.4293369784241525,0.000044672029226619736,0.5253699569520679,0.017449823951260372,0,0.0000075053965831476024,0,0,0,0,0,0,0,0,0,0,0,0,0,0,0,0,0,0,0,0,0,0,0,0,0,0,1.4805541930090993,1.9722089367532907,3.45276312976239
4.425,1.9637721449975978e-7,2.9340077175775134e-8,0.008650477477979146,1.47655245843954,0,1.4350217186859606,0.00004472275236258228,0.5268615904885244,0.01747059979839624,0,0.000007513918632804414,0,0,0,0,0,0,0,0,0,0,0,0,0,0,0,0,0,0,0,0,0,0,0,0,0,0,1.485203161634811,1.9794061456438767,3.4646093072786877
4.43,1.9659910966871263e-7,2.9205247156570287e-8,0.008660274080516766,1.4811823205100507,0,1.440690417034059,0.00004477347528436265,0.5283549783705492,0.017491374415421295,0,0.000007522440646476244,0,0,0,0,0,0,0,0,0,0,0,0,0,0,0,0,0,0,0,0,0,0,0,0,0,0,1.4898428203949243,1.9865890657359606,3.476431886130885
4.435,1.968210048376527e-7,2.9071047483523372e-8,0.008670070658151485,1.4858029597695972,0,1.4463432620891818,0.00004482419799268791,0.5298500996038006,0.01751214780671335,0,0.000007530962624285249,0,0,0,0,0,0,0,0,0,0,0,0,0,0,0,0,0,0,0,0,0,0,0,0,0,0,1.494473256319801,1.9937578646603127,3.488231120980114
4.4399999999999995,1.9704290000658005e-7,2.8937476191488354e-8,0.008679867210967624,1.490414461996903,0,1.4519804390112905,0.00004487492048828191,0.5313469329002503,0.017532919976629247,0,0.000007539484566353039,0,0,0,0,0,0,0,0,0,0,0,0,0,0,0,0,0,0,0,0,0,0,0,0,0,0,1.4990945551882469,2.000912706293225,3.5000072614814717
4.445,1.9726479517549476e-7,2.880453129362519e-8,0.008689663739049122,1.4950169117437466,0,1.457602129586708,0.000044925642771865154,0.5328454566770413,0.017553690929504935,0,0.000007548006472800672,0,0,0,0,0,0,0,0,0,0,0,0,0,0,0,0,0,0,0,0,0,0,0,0,0,0,1.5037068015521222,2.008053750842499,3.5117605523946214
4.449999999999999,1.9748669034439675e-7,2.867221078227932e-8,0.008699460242479543,1.4996103923589503,0,1.4632085123124554,0.000044976364844154946,0.5343452738216659,0.01757446066965559,0,0.000007556528343748659,0,0,0,0,0,0,0,0,0,0,0,0,0,0,0,0,0,0,0,0,0,0,0,0,0,0,1.508310078760331,2.0151807796969647,3.5234908584572957
4.455,1.9770858551328626e-7,2.8540512629836134e-8,0.008709256721342071,1.5041949860117845,0,1.468799762477921,0.00004502708670586537,0.5358466333563898,0.017595229201375812,0,0.000007565050179316975,0,0,0,0,0,0,0,0,0,0,0,0,0,0,0,0,0,0,0,0,0,0,0,0,0,0,1.5129044689822246,2.022294217172572,3.5351986861547964
4.46,1.9793048068216317e-7,2.840943478955296e-8,0.008719053175719516,1.508770773714776,0,1.4743760522439322,0.00004507780835770719,0.5373496928047242,0.017615996528939644,0,0.000007573571979625039,0,0,0,0,0,0,0,0,0,0,0,0,0,0,0,0,0,0,0,0,0,0,0,0,0,0,1.517490053230411,2.0293943929579332,3.5468844461883444
4.465,1.9815237585102753e-7,2.8278975196367648e-8,0.008728849605694321,1.5133378353459745,0,1.479937550719369,0.0000451285298003881,0.5388544763752358,0.01763676265660079,0,0.000007582093744791748,0,0,0,0,0,0,0,0,0,0,0,0,0,0,0,0,0,0,0,0,0,0,0,0,0,0,1.5220669113830199,2.0364815003747507,3.5585484117577706
4.47,1.983742710198795e-7,2.8149131767684927e-8,0.00873864601134855,1.5178962496706632,0,1.4854844240353822,0.00004517925103461254,0.5403610085557803,0.017657527588592684,0,0.000007590615474935458,0,0,0,0,0,0,0,0,0,0,0,0,0,0,0,0,0,0,0,0,0,0,0,0,0,0,1.5266351222054144,2.0435557300462643,3.5701908522516788
4.475,1.9859616618871897e-7,2.8019902404141843e-8,0.008748442392763912,1.5224460943625413,0,1.4910168354173121,0.000045229972061081805,0.5418693141144557,0.017678291329128615,0,0.000007599137170173991,0,0,0,0,0,0,0,0,0,0,0,0,0,0,0,0,0,0,0,0,0,0,0,0,0,0,1.5311947633713738,2.0506172699701275,3.5818120333415013
4.4799999999999995,1.9881806135754612e-7,2.7891284990351537e-8,0.008758238750021734,1.526987446024398,0,1.4965349452544097,0.00004528069288049405,0.5433794181005642,0.017699053882401887,0,0.0000076076588306246495,0,0,0,0,0,0,0,0,0,0,0,0,0,0,0,0,0,0,0,0,0,0,0,0,0,0,1.5357459114837662,2.0576663055890867,3.593412217072853
4.484999999999999,1.990399565263609e-7,2.776327739562731e-8,0.008768035083202997,1.5315203802082882,0,1.502038911167426,0.0000453314134935443,0.5448913458455746,0.017719815252585897,0,0.000007616180456404202,0,0,0,0,0,0,0,0,0,0,0,0,0,0,0,0,0,0,0,0,0,0,0,0,0,0,1.540288642094725,2.0647030198595364,3.6049916619542612
4.49,1.992618516951635e-7,2.7635877474686555e-8,0.00877783139238831,1.5360449714352231,0,1.5075288880741473,0.000045382133900924454,0.5464053527635904,0.017740575443834266,0,0.000007624702047628898,0,0,0,0,0,0,0,0,0,0,0,0,0,0,0,0,0,0,0,0,0,0,0,0,0,0,1.5448230297253407,2.0717278231175205,3.6165508528428614
4.495,1.9948374686395372e-7,2.7509083068335566e-8,0.008787627677657915,1.54056129321439,0,1.5130050282529668,0.000045432854103323346,0.547921438392585,0.017761334460280952,0,0.000007633223604414464,0,0,0,0,0,0,0,0,0,0,0,0,0,0,0,0,0,0,0,0,0,0,0,0,0,0,1.5493491478848778,2.0787408671835403,3.628090015068418
4.5,1.9970564203273168e-7,2.7382892004135648e-8,0.008797423939091715,1.5450694180619264,0,1.5184674814045525,0.000045483574101426674,0.5494393688935619,0.01778209230604039,0,0.000007641745126876111,0,0,0,0,0,0,0,0,0,0,0,0,0,0,0,0,0,0,0,0,0,0,0,0,0,0,1.5538670690895522,2.085742067923383,3.6396091370129353
4.505,1.9992753720149757e-7,2.725730209705107e-8,0.008807220176769246,1.549569417519239,0,1.5239163947116823,0.00004553429389591719,0.5509591301374072,0.0178028489852076,0,0.000007650266615128546,0,0,0,0,0,0,0,0,0,0,0,0,0,0,0,0,0,0,0,0,0,0,0,0,0,0,1.5583768648808476,2.0927315583948083,3.651108423275656
4.51,2.0014943237025126e-7,2.7132311150079333e-8,0.008817016390769691,1.5540613621709,0,1.529351912897309,0.000045585013487474495,0.5524807077865609,0.017823604501858274,0,0.000007658788069285949,0,0,0,0,0,0,0,0,0,0,0,0,0,0,0,0,0,0,0,0,0,0,0,0,0,0,1.5628786058434132,2.099709468987285,3.662588074830698
4.515,2.003713275389929e-7,2.700791695486432e-8,0.008826812581171881,1.5585453216621266,0,1.5347741782809308,0.000045635732876775223,0.5540040872941759,0.017844358860048933,0,0.000007667309489462003,0,0,0,0,0,0,0,0,0,0,0,0,0,0,0,0,0,0,0,0,0,0,0,0,0,0,1.567372361622543,2.106675927477522,3.6740482891000648
4.52,2.0059322270772243e-7,2.688411729229248e-8,0.008836608748054298,1.563021364715849,0,1.5401833308333106,0.00004568645206449298,0.5555292539032759,0.017865112063817006,0,0.000007675830875769884,0,0,0,0,0,0,0,0,0,0,0,0,0,0,0,0,0,0,0,0,0,0,0,0,0,0,1.5718582009412434,2.113631059083344,3.685489260024587
4.525,2.0081511787644004e-7,2.6760909933073053e-8,0.00884640489149508,1.5674895591493936,0,1.5455795082296222,0.00004573717105129841,0.5570561926459199,0.01788586411718098,0,0.000007684352228322263,0,0,0,0,0,0,0,0,0,0,0,0,0,0,0,0,0,0,0,0,0,0,0,0,0,0,1.5763361916169165,2.1205749865160026,3.696911178132919
4.529999999999999,2.0103701304514556e-7,2.6638292638302467e-8,0.008856201011572012,1.5719499718907675,0,1.55096284590105,0.000045787889837859125,0.5585847873601715,0.017906615024140468,0,0.000007692873547231307,0,0,0,0,0,0,0,0,0,0,0,0,0,0,0,0,0,0,0,0,0,0,0,0,0,0,1.5808064005776452,2.1275077290487467,3.708314129626392
4.535,2.0125890821383926e-7,2.6516263160012715e-8,0.008865997108362543,1.576402668994595,0,1.5563334770849389,0.00004583860842483987,0.5601147392467726,0.017927364788676372,0,0.0000077013948326087,0,0,0,0,0,0,0,0,0,0,0,0,0,0,0,0,0,0,0,0,0,0,0,0,0,0,1.5852688938781287,2.1344291211236452,3.719698015001774
4.54,2.0148080338252096e-7,2.6394819241705865e-8,0.00887579318194377,1.5808477156576604,0,1.5616915328734868,0.00004588932681290232,0.5616464647773021,0.01794811341475093,0,0.000007709916084565616,0,0,0,0,0,0,0,0,0,0,0,0,0,0,0,0,0,0,0,0,0,0,0,0,0,0,1.5897237367152268,2.1413397103084377,3.7310634470236645
4.545,2.017026985511909e-7,2.6273958618872917e-8,0.00888558923239246,1.5852851762341287,0,1.5670371422610985,0.00004594004500270536,0.5631799916674588,0.017968860906307903,0,0.00000771843730321275,0,0,0,0,0,0,0,0,0,0,0,0,0,0,0,0,0,0,0,0,0,0,0,0,0,0,1.5941709934431783,2.1482396533171713,3.7424106467603497
4.55,2.0192459371984892e-7,2.615367901949899e-8,0.008895385259785036,1.589715114250402,0,1.572370432190378,0.00004599076299490487,0.5647153479434539,0.017989607267272605,0,0.000007726958488660298,0,0,0,0,0,0,0,0,0,0,0,0,0,0,0,0,0,0,0,0,0,0,0,0,0,0,1.5986107275884598,2.155129105122588,3.753739832711048
4.555,2.0214648888849525e-7,2.6033978164554798e-8,0.008905181264197587,1.5941375924196546,0,1.5776915275968637,0.000046041480790153914,0.5662525619430815,0.01801035250155209,0,0.000007735479641017982,0,0,0,0,0,0,0,0,0,0,0,0,0,0,0,0,0,0,0,0,0,0,0,0,0,0,1.6030430018643191,2.1620082190019283,3.7650512208662477
4.56,2.0236838405712982e-7,2.5914853768474294e-8,0.008914977245705865,1.5985526726560382,0,1.5830005514525043,0.00004609219838910261,0.5677916623167781,0.018031096613035175,0,0.000007744000760395027,0,0,0,0,0,0,0,0,0,0,0,0,0,0,0,0,0,0,0,0,0,0,0,0,0,0,1.6074678781849818,2.168877146581467,3.776345024766449
4.5649999999999995,2.0259027922575262e-7,2.5796303539619586e-8,0.008924773204385285,1.602960416088575,0,1.5882976248079512,0.000046142915792398234,0.5693326780287019,0.018051839605592614,0,0.00000775252184690019,0,0,0,0,0,0,0,0,0,0,0,0,0,0,0,0,0,0,0,0,0,0,0,0,0,0,1.6118854176795432,2.175736037879885,3.787621455559428
4.57,2.0281217439436388e-7,2.567832518073283e-8,0.008934569140310948,1.6073608830747457,0,1.5935828668336867,0.000046193633000685265,0.570875638357819,0.01807258148307721,0,0.000007761042900641744,0,0,0,0,0,0,0,0,0,0,0,0,0,0,0,0,0,0,0,0,0,0,0,0,0,0,1.6162956807055562,2.182585041350484,3.7988807220560403
4.574999999999999,2.0303406956296338e-7,2.556091638937608e-8,0.008944365053557602,1.6117541332137642,0,1.598856394860025,0.00004624435001460526,0.5724210948988809,0.01809332224932383,0,0.000007769563921727477,0,0,0,0,0,0,0,0,0,0,0,0,0,0,0,0,0,0,0,0,0,0,0,0,0,0,1.6206987268623079,2.189424825922166,3.810123552784474
4.58,2.032559647315514e-7,2.544407485835853e-8,0.008954160944199692,1.6161402253595922,0,1.6041183244160542,0.00004629506683479708,0.5739686281954078,0.018114061908149643,0,0.000007778084910264728,0,0,0,0,0,0,0,0,0,0,0,0,0,0,0,0,0,0,0,0,0,0,0,0,0,0,1.6250946150038315,2.1962550876713567,3.821349702675188
4.585,2.0347785990012781e-7,2.532779827615259e-8,0.008963956812311312,1.6205192176336316,0,1.6093687692674963,0.00004634578346189666,0.5755181016293026,0.018134800463354087,0,0.000007786605866360343,0,0,0,0,0,0,0,0,0,0,0,0,0,0,0,0,0,0,0,0,0,0,0,0,0,0,1.629483403251601,2.2030758037494813,3.8325592070010823
4.59,2.0369975506869277e-7,2.5212084327298095e-8,0.00897375265796626,1.6248911674371762,0,1.6146078414535916,0.000046396499896537265,0.5770694903041581,0.018155537918719083,0,0.00000779512679012071,0,0,0,0,0,0,0,0,0,0,0,0,0,0,0,0,0,0,0,0,0,0,0,0,0,0,1.633865149006982,2.2098870613031556,3.8437522103101376
4.595,2.039216502372462e-7,2.509693069279544e-8,0.008983548481237988,1.6292561314635734,0,1.6198356513229715,0.00004644721613934929,0.5786227689861144,0.018176274278009066,0,0.000007803647681651751,0,0,0,0,0,0,0,0,0,0,0,0,0,0,0,0,0,0,0,0,0,0,0,0,0,0,1.6382399089633923,2.2166889454509158,3.8549288544143083
4.6,2.041435454057882e-7,2.4982335050488083e-8,0.008993344282199637,1.6336141657101324,0,1.6250523075686036,0.00004649793219096047,0.5801779121025384,0.018197009544971138,0,0.000007812168541058928,0,0,0,0,0,0,0,0,0,0,0,0,0,0,0,0,0,0,0,0,0,0,0,0,0,0,1.6426077391182126,2.223481539316845,3.866089278435058
4.6049999999999995,2.0436544057431886e-7,2.4868295075434163e-8,0.009003140060924035,1.6379653254897815,0,1.6302579172618095,0.000046548648051995756,0.5817348937407147,0.01821774372333513,0,0.00000782068936844724,0,0,0,0,0,0,0,0,0,0,0,0,0,0,0,0,0,0,0,0,0,0,0,0,0,0,1.646968694784441,2.2302649240632797,3.877233618847721
4.609999999999999,2.0458733574283808e-7,2.475480844026801e-8,0.009012935817483686,1.642309665442466,0,1.6354525858853948,0.00004659936372307738,0.5832936876465423,0.018238476816813707,0,0.000007829210163921228,0,0,0,0,0,0,0,0,0,0,0,0,0,0,0,0,0,0,0,0,0,0,0,0,0,0,1.651322830602094,2.237039178922638,3.888362009524732
4.615,2.0480923091134602e-7,2.4641872815551488e-8,0.009022731551950781,1.6466472395463194,0,1.6406364173659183,0.000046650079204824864,0.5848540867691563,0.018259208829102504,0,0.00000783773092758498,0,0,0,0,0,0,0,0,0,0,0,0,0,0,0,0,0,0,0,0,0,0,0,0,0,0,1.655670200549374,2.2438042007743095,3.8994744013236833
4.62,2.0503112607984263e-7,2.452948587011584e-8,0.009032527264397199,1.6509781011285845,0,1.64580951410513,0.00004670079449785502,0.5864159428469756,0.018279939763880173,0,0.000007846251659542127,0,0,0,0,0,0,0,0,0,0,0,0,0,0,0,0,0,0,0,0,0,0,0,0,0,0,1.6600108579535935,2.250559943762143,3.9105708017157363
4.625,2.0525302124832808e-7,2.4417645271393515e-8,0.009042322954894502,1.6553023028763199,0,1.650971977010602,0.000046751509602782045,0.5879795830526889,0.01830066962480851,0,0.000007854772359895861,0,0,0,0,0,0,0,0,0,0,0,0,0,0,0,0,0,0,0,0,0,0,0,0,0,0,1.664344855501881,2.2573068359700623,3.9216516914719435
4.63,2.054749164168022e-7,2.43063486857413e-8,0.009052118623513954,1.6596198968468694,0,1.656123905525569,0.00004680222452021736,0.5895450218614072,0.01832139841553257,0,0.000007863293028748907,0,0,0,0,0,0,0,0,0,0,0,0,0,0,0,0,0,0,0,0,0,0,0,0,0,0,1.6686722452516485,2.2640449913200578,3.9327172365717065
4.635,2.0569681158526522e-7,2.4195593778753916e-8,0.009061914270326496,1.663930934478126,0,1.661265397658025,0.000046852939250769884,0.5911122738952762,0.01834212613968072,0,0.00000787181366620357,0,0,0,0,0,0,0,0,0,0,0,0,0,0,0,0,0,0,0,0,0,0,0,0,0,0,1.6729930786408578,2.270774522445899,3.9437676010867566
4.64,2.059187067537171e-7,2.408537821556904e-8,0.009071709895402773,1.6682354665985706,0,1.6663965500090687,0.00004690365379504577,0.5926813539239213,0.018362852800864776,0,0.000007880334272361692,0,0,0,0,0,0,0,0,0,0,0,0,0,0,0,0,0,0,0,0,0,0,0,0,0,0,1.6773074064980582,2.277495540721922,3.95480294721998
4.645,2.0614060192215786e-7,2.3975699661163838e-8,0.009081505498813121,1.6725335434371176,0,1.6715174578005516,0.0000469543681536486,0.5942522768649077,0.018383578402680057,0,0.00000788885484732468,0,0,0,0,0,0,0,0,0,0,0,0,0,0,0,0,0,0,0,0,0,0,0,0,0,0,1.6816152790522323,2.2842081562911405,3.965823435343373
4.65,2.0636249709058753e-7,2.3866555780642837e-8,0.00909130108062757,1.676825214632746,0,1.6766282149020246,0.00004700508232717937,0.595825057784191,0.01840430294870553,0,0.000007897375391193508,0,0,0,0,0,0,0,0,0,0,0,0,0,0,0,0,0,0,0,0,0,0,0,0,0,0,1.6859167459424265,2.2909124780926393,3.9768292240350656
4.654999999999999,2.0658439225900612e-7,2.375794423951806e-8,0.009101096640915855,1.6811105292439443,0,1.681728913857022,0.00004705579631623643,0.5973997118965759,0.018425026442503857,0,0.000007905895904068707,0,0,0,0,0,0,0,0,0,0,0,0,0,0,0,0,0,0,0,0,0,0,0,0,0,0,1.6902118562271968,2.2976086138883223,3.987820470115519
4.66,2.0680628742741385e-7,2.3649862703980576e-8,0.009110892179747407,1.6853895357579587,0,1.6868196459086942,0.00004710651012141562,0.5989764052706454,0.018445748887621526,0,0.000007914416386050382,0,0,0,0,0,0,0,0,0,0,0,0,0,0,0,0,0,0,0,0,0,0,0,0,0,0,1.6945006583938562,2.3042968209934687,3.998797479387325
4.665,2.0702818259581054e-7,2.3542308841165248e-8,0.009120687697191359,1.689662282099847,0,1.6919005010248047,0.000047157223743310164,0.6005550232117581,0.01846647028758891,0,0.000007922936837238204,0,0,0,0,0,0,0,0,0,0,0,0,0,0,0,0,0,0,0,0,0,0,0,0,0,0,1.6987832003675298,2.3109770746847325,4.009760275052262
4.67,2.0725007776419627e-7,2.3435280319406904e-8,0.009130483193316547,1.693928815641367,0,1.6969715679221251,0.000047207937182510745,0.6021355347571976,0.018487190645920387,0,0.00000793145725773141,0,0,0,0,0,0,0,0,0,0,0,0,0,0,0,0,0,0,0,0,0,0,0,0,0,0,1.7030595295200417,2.317649432719683,4.020708962239725
4.675,2.074719729325711e-7,2.3328774808489978e-8,0.009140278668191507,1.6981891832096727,0,1.7020329340902332,0.00004725865043960551,0.6037179403787005,0.01850790996611442,0,0.00000793997764762882,0,0,0,0,0,0,0,0,0,0,0,0,0,0,0,0,0,0,0,0,0,0,0,0,0,0,1.7073296926786121,2.3243139830631354,4.031643675741748
4.68,2.076938681009351e-7,2.3222789979890433e-8,0.009150074121884497,1.702443431095839,0,1.707084685814731,0.00004730936351518006,0.6053022405218002,0.018528628251653644,0,0.000007948498007028825,0,0,0,0,0,0,0,0,0,0,0,0,0,0,0,0,0,0,0,0,0,0,0,0,0,0,1.7115937361343814,2.330970812449707,4.042564548584088
4.685,2.0791576326928827e-7,2.311732350701108e-8,0.009159869554463464,1.7066916050632215,0,1.712126908199912,0.00004736007640981757,0.6068884356056673,0.01854934550600497,0,0.000007957018336029393,0,0,0,0,0,0,0,0,0,0,0,0,0,0,0,0,0,0,0,0,0,0,0,0,0,0,1.7158517056507718,2.33762000640633,4.053471712057101
4.6899999999999995,2.0813765843763062e-7,2.3012373065409798e-8,0.00916966496599607,1.7109337503556488,0,1.7171596851908801,0.000047410789124098594,0.6084765260229337,0.01857006173261965,0,0.000007965538634728073,0,0,0,0,0,0,0,0,0,0,0,0,0,0,0,0,0,0,0,0,0,0,0,0,0,0,1.7201036464716764,2.344261649274192,4.064365295745868
4.695,2.083595536059623e-7,2.2907936333021348e-8,0.009179460356549703,1.715169911705452,0,1.7221830995951442,0.000047461501658601336,0.6100665121395291,0.018590776934933412,0,0.000007974058903222007,0,0,0,0,0,0,0,0,0,0,0,0,0,0,0,0,0,0,0,0,0,0,0,0,0,0,1.7243496033294916,2.3508958242301685,4.07524542755966
4.699999999999999,2.0858144877428318e-7,2.2804010990372584e-8,0.009189255726191442,1.7194001333413318,0,1.727197233103697,0.00004751221401390137,0.611658364734409,0.018611491116366466,0,0.000007982579141607898,0,0,0,0,0,0,0,0,0,0,0,0,0,0,0,0,0,0,0,0,0,0,0,0,0,0,1.728589620452983,2.357522583747628,4.086112204200611
4.705,2.0880334394259342e-7,2.2700594720791162e-8,0.00919905107498809,1.7236244589960894,0,1.732202166311613,0.000047562926190571994,0.6132520063562489,0.018632204280323708,0,0.000007991099349982063,0,0,0,0,0,0,0,0,0,0,0,0,0,0,0,0,0,0,0,0,0,0,0,0,0,0,1.7328237415750163,2.364141930973726,4.096965672548743
4.71,2.0902523911089305e-7,2.2597685210608668e-8,0.009208846403006172,1.7278429319141835,0,1.7371979787381333,0.0000476136381891839,0.6148475571375269,0.018652916430194698,0,0.000007999619528440389,0,0,0,0,0,0,0,0,0,0,0,0,0,0,0,0,0,0,0,0,0,0,0,0,0,0,1.737052009940114,2.3707540655635726,4.107806075503687
4.715,2.0924713427918196e-7,2.2495280149357125e-8,0.009218641710311913,1.7320555948591565,0,1.7421847488463178,0.000047664350010305444,0.6164450287171024,0.01867362756935379,0,0.000008008139677078367,0,0,0,0,0,0,0,0,0,0,0,0,0,0,0,0,0,0,0,0,0,0,0,0,0,0,1.7412744683118828,2.377359077622461,4.118633545934344
4.72,2.0946902944746033e-7,2.239337722995987e-8,0.00922843699697127,1.7362624901209145,0,1.7471625540622149,0.00004771506165450254,0.6180444328368292,0.018694337701160264,0,0.000008016659795991074,0,0,0,0,0,0,0,0,0,0,0,0,0,0,0,0,0,0,0,0,0,0,0,0,0,0,1.7454911589802924,2.383957056321655,4.129448215301947
4.725,2.096909246157281e-7,2.229197414891703e-8,0.009238232263049921,1.7404636595228635,0,1.752131470793597,0.0000477657731223387,0.619645781341853,0.018715046828958325,0,0.000008025179885273183,0,0,0,0,0,0,0,0,0,0,0,0,0,0,0,0,0,0,0,0,0,0,0,0,0,0,1.7497021237688122,2.390548089917416,4.140250213686228
4.7299999999999995,2.0991281978398541e-7,2.219106860648492e-8,0.00924802750861326,1.7446591444289123,0,1.7570915744482718,0.00004781648441437504,0.6212490861809031,0.018735754956077235,0,0.000008033699945018975,0,0,0,0,0,0,0,0,0,0,0,0,0,0,0,0,0,0,0,0,0,0,0,0,0,0,1.753907404041414,2.3971322657696117,4.151039669811025
4.734999999999999,2.1013471495223226e-7,2.2090658306850413e-8,0.009257822733726403,1.7488489857503413,0,1.7620429394519648,0.00004786719553117028,0.6228543594065862,0.018756462085831423,0,0.000008042219975322319,0,0,0,0,0,0,0,0,0,0,0,0,0,0,0,0,0,0,0,0,0,0,0,0,0,0,1.7581070407094408,2.403709670359889,4.16181671106933
4.74,2.1035661012046862e-7,2.1990740958299776e-8,0.009267617938454199,1.7530332239525415,0,1.7669856392658028,0.00004791790647328082,0.6244616131756842,0.018777168221520504,0,0.000008050739976276693,0,0,0,0,0,0,0,0,0,0,0,0,0,0,0,0,0,0,0,0,0,0,0,0,0,0,1.7623010742383467,2.410280389309457,4.172581463547804
4.745,2.1057850528869464e-7,2.18913142733826e-8,0.009277413122861213,1.7572118990616215,0,1.7719197464033956,0.00004796861724126066,0.6260709248568084,0.01879787336642942,0,0.000008059259947975177,0,0,0,0,0,0,0,0,0,0,0,0,0,0,0,0,0,0,0,0,0,0,0,0,0,0,1.7664895446543023,2.4168445725038223,4.183334117158124
4.75,2.108004004569102e-7,2.1792375969070372e-8,0.009287208287011737,1.7613850506708981,0,1.7768453324475395,0.00004801932783566143,0.6276822984051064,0.018818577523828466,0,0.000008067779890510452,0,0,0,0,0,0,0,0,0,0,0,0,0,0,0,0,0,0,0,0,0,0,0,0,0,0,1.7706724915506862,2.4234022954842005,4.194074787034887
4.755,2.110222956251154e-7,2.169392376691051e-8,0.009297003430969807,1.765552717947262,0,1.7817624680665438,0.00004807003825703253,0.629295675388278,0.018839280696973455,0,0.000008076299803974822,0,0,0,0,0,0,0,0,0,0,0,0,0,0,0,0,0,0,0,0,0,0,0,0,0,0,1.7748499540944513,2.4299535704898565,4.204803524584308
4.76,2.112441907933103e-7,2.1595955393175246e-8,0.009306798554799173,1.7697149396374185,0,1.7866712230301895,0.00004812074850592095,0.630911058221529,0.018859982889105717,0,0.000008084819688460188,0,0,0,0,0,0,0,0,0,0,0,0,0,0,0,0,0,0,0,0,0,0,0,0,0,0,1.779021971032364,2.4364984697090186,4.215520440741383
4.765,2.114660859614949e-7,2.149846857900622e-8,0.009316593658563327,1.773871754074022,0,1.791571666225343,0.00004817145858287144,0.6325284493108706,0.018880684103452214,0,0.000008093339544058076,0,0,0,0,0,0,0,0,0,0,0,0,0,0,0,0,0,0,0,0,0,0,0,0,0,0,1.78318858069714,2.443037064437793,4.2262256451349325
4.77,2.1168798112966925e-7,2.1401461060554166e-8,0.009326388742325482,1.7780231991816886,0,1.796463865671209,0.000048222168488426383,0.6341478510530084,0.018901384343225625,0,0.000008101859370859607,0,0,0,0,0,0,0,0,0,0,0,0,0,0,0,0,0,0,0,0,0,0,0,0,0,0,1.7873498210134562,2.449569425095303,4.236919246108759
4.775,2.1190987629783335e-7,2.130493057911442e-8,0.009336183806148599,1.7821693124829074,0,1.8013478885342724,0.000048272878223125964,0.6357692658352313,0.018922083611624414,0,0.000008110379168955543,0,0,0,0,0,0,0,0,0,0,0,0,0,0,0,0,0,0,0,0,0,0,0,0,0,0,1.7915057295038628,2.45609562123852,4.247601350742383
4.779999999999999,2.1213177146598731e-7,2.1208874881258076e-8,0.009345978850095369,1.786310131103828,0,1.8062238011428862,0.00004832358778750804,0.637392696035294,0.018942781911832934,0,0.00000811889893843625,0,0,0,0,0,0,0,0,0,0,0,0,0,0,0,0,0,0,0,0,0,0,0,0,0,0,1.7956563432945698,2.4626157215767392,4.258272064871309
4.785,2.1235366663413106e-7,2.1113291718958712e-8,0.00935577387422822,1.7904456917799596,0,1.8110916690015642,0.000048374297182108235,0.6390181440213145,0.018963479247021454,0,0.000008127418679391715,0,0,0,0,0,0,0,0,0,0,0,0,0,0,0,0,0,0,0,0,0,0,0,0,0,0,1.7998016991211463,2.4691297939857617,4.2689314931069084
4.79,2.1257556180226475e-7,2.101817884971521e-8,0.00936556887860932,1.7945760308617544,0,1.8159515568049518,0.00004842500640745993,0.6406456393298501,0.018984175620346305,0,0.000008135938391911553,0,0,0,0,0,0,0,0,0,0,0,0,0,0,0,0,0,0,0,0,0,0,0,0,0,0,1.8039418333341044,2.475637932699948,4.279579766034052
4.795,2.127974569703883e-7,2.0923534036670488e-8,0.009375363863300576,1.7987011843200928,0,1.820803528451497,0.000048475715464094226,0.6422751648716956,0.01900487103494989,0,0.000008144458076085,0,0,0,0,0,0,0,0,0,0,0,0,0,0,0,0,0,0,0,0,0,0,0,0,0,0,1.8080767819043844,2.4821401845316826,4.290216966436067
4.8,2.1301935213850181e-7,2.082935504872647e-8,0.00938515882836364,1.802821187751672,0,1.8256476470568352,0.000048526424352540096,0.6439067105286237,0.019025565493960825,0,0.000008152977732000921,0,0,0,0,0,0,0,0,0,0,0,0,0,0,0,0,0,0,0,0,0,0,0,0,0,0,1.8122065804287428,2.488636602481504,4.3008431829102465
4.805,2.132412473066053e-7,2.0735639660654817e-8,0.009394953773859897,1.8069360763842923,0,1.8304839749668762,0.00004857713307332421,0.6455402757110716,0.019046259000493965,0,0.000008161497359747811,0,0,0,0,0,0,0,0,0,0,0,0,0,0,0,0,0,0,0,0,0,0,0,0,0,0,1.816331264135039,2.4951272483088744,4.311458512443913
4.81,2.1346314247469865e-7,2.064238565320449e-8,0.009404748699850488,1.8110458850820526,0,1.835312573770623,0.00004862784162697107,0.6471758597867379,0.01906695155765049,0,0.000008170016959413784,0,0,0,0,0,0,0,0,0,0,0,0,0,0,0,0,0,0,0,0,0,0,0,0,0,0,1.8204508678874312,2.5016121829735978,4.322063050861029
4.8149999999999995,2.1368503764278223e-7,2.054959081320511e-8,0.00941454360639629,1.8151506483504563,0,1.8401335043127187,0.000048678550014003056,0.6488134620803453,0.019087643168518027,0,0.00000817853653108661,0,0,0,0,0,0,0,0,0,0,0,0,0,0,0,0,0,0,0,0,0,0,0,0,0,0,1.824565426191481,2.508091466648127,4.3326568928396085
4.82,2.1390693281085578e-7,2.045725293366741e-8,0.00942433849355794,1.819250400341414,0,1.8449468267057196,0.00004872925823494026,0.6504530818734147,0.019108333836170655,0,0.000008187056074853673,0,0,0,0,0,0,0,0,0,0,0,0,0,0,0,0,0,0,0,0,0,0,0,0,0,0,1.8286749731991578,2.514565158729615,4.343240131928773
4.824999999999999,2.141288279789194e-7,2.0365369813879594e-8,0.009434133361395805,1.8233451748581706,0,1.8497526003421214,0.000048779966290300665,0.6520947184040281,0.019129023563669016,0,0.00000819557559080199,0,0,0,0,0,0,0,0,0,0,0,0,0,0,0,0,0,0,0,0,0,0,0,0,0,0,1.8327795427137643,2.5210333178516997,4.353812860565464
4.83,2.1435072314697315e-7,2.0273939259500717e-8,0.009443928209970014,1.8274350053601411,0,1.8545508839061329,0.00004883067418060013,0.6537383708666072,0.01914971235406041,0,0.000008204095079018243,0,0,0,0,0,0,0,0,0,0,0,0,0,0,0,0,0,0,0,0,0,0,0,0,0,0,1.8368791681947736,2.5274960018960604,4.364375170090834
4.835,2.1457261831501707e-7,2.0182959082650785e-8,0.009453723039340443,1.8315199249676575,0,1.8593417353851969,0.0000488813819063523,0.6553840961326575,0.019170400210378812,0,0.000008212614539588724,0,0,0,0,0,0,0,0,0,0,0,0,0,0,0,0,0,0,0,0,0,0,0,0,0,0,1.8409738827625752,2.533953325724679,4.374927208487255
4.84,2.1479451348305124e-7,2.0092427101997265e-8,0.009463517849566722,1.8355999664666351,0,1.8641252120812848,0.00004893208946806876,0.6570318394291941,0.01919108713564501,0,0.000008221133972599385,0,0,0,0,0,0,0,0,0,0,0,0,0,0,0,0,0,0,0,0,0,0,0,0,0,0,1.8450637192031425,2.5404052918695648,4.385469011072708
4.845,2.1501640865107555e-7,2.0002341142839066e-8,0.009473312640708229,1.839675162313162,0,1.8689013706219468,0.00004898279686625893,0.6586815869829812,0.019211773132866615,0,0.000008229653378135814,0,0,0,0,0,0,0,0,0,0,0,0,0,0,0,0,0,0,0,0,0,0,0,0,0,0,1.84914870997262,2.546851943188039,4.396000653160659
4.85,2.1523830381909007e-7,1.9912699037186905e-8,0.009483107412824102,1.843745544637999,0,1.8736702669711467,0.00004903350410143017,0.6603333326879162,0.019232458205038182,0,0.000008238172756283254,0,0,0,0,0,0,0,0,0,0,0,0,0,0,0,0,0,0,0,0,0,0,0,0,0,0,1.8532288872018259,2.553293329540959,4.406522216742784
4.8549999999999995,2.154601989870949e-7,1.9823498623841008e-8,0.009492902165973233,1.8478111452510109,0,1.8784319564398666,0.000049084211174087656,0.6619870703366956,0.019253142355141264,0,0.000008246692107126581,0,0,0,0,0,0,0,0,0,0,0,0,0,0,0,0,0,0,0,0,0,0,0,0,0,0,1.8573042827006818,2.5597295000349845,4.4170337827356665
4.859999999999999,2.1568209415509002e-7,1.973473774846586e-8,0.009502696900214274,1.851871995645514,0,1.8831864936965017,0.00004913491808473457,0.6636427936203925,0.01927382558614448,0,0.000008255211430750335,0,0,0,0,0,0,0,0,0,0,0,0,0,0,0,0,0,0,0,0,0,0,0,0,0,0,1.8613749279625602,2.5661605030325543,4.427535430995114
4.865,2.1590398932307558e-7,1.964641426366202e-8,0.009512491615605629,1.8559281270025563,0,1.8879339327770412,0.00004918562483387197,0.66530049612802,0.019294507901003587,0,0.000008263730727238696,0,0,0,0,0,0,0,0,0,0,0,0,0,0,0,0,0,0,0,0,0,0,0,0,0,0,1.8654408541685654,2.5725863861616256,4.438027240330191
4.87,2.1612588449105138e-7,1.9558526029035367e-8,0.00952228631220546,1.859979570195113,0,1.8926743270950455,0.000049236331421998814,0.6669601713461085,0.01931518930266154,0,0.000008272249996675498,0,0,0,0,0,0,0,0,0,0,0,0,0,0,0,0,0,0,0,0,0,0,0,0,0,0,1.869502092191729,2.579007196325234,4.448509288516963
4.875,2.1634777965901767e-7,1.947107091126344e-8,0.009532080990071705,1.8640263557922254,0,1.8974077294514269,0.000049287037849612114,0.6686218126582762,0.019335869794048593,0,0.000008280769239144244,0,0,0,0,0,0,0,0,0,0,0,0,0,0,0,0,0,0,0,0,0,0,0,0,0,0,1.8735586726011477,2.5854229797108403,4.458981652311988
4.88,2.1656967482697428e-7,1.938404678415923e-8,0.009541875649262047,1.8680685140630573,0,1.9021341920440307,0.000049337744117206694,0.6702852388496885,0.019356549378082333,0,0.000008289288454728072,0,0,0,0,0,0,0,0,0,0,0,0,0,0,0,0,0,0,0,0,0,0,0,0,0,0,1.877610625666041,2.5918336073043733,4.469444232970414
4.885,2.1679156999492143e-7,1.9297451528732506e-8,0.009551670289833942,1.872106074980887,0,1.9068537664770249,0.000049388450225275466,0.6719506188941806,0.019377228057667787,0,0.00000829780764350979,0,0,0,0,0,0,0,0,0,0,0,0,0,0,0,0,0,0,0,0,0,0,0,0,0,0,1.8816579813597425,2.598239299686742,4.479897281046485
4.89,2.1701346516285895e-7,1.9211283033248465e-8,0.009561464911844602,1.87613906822703,0,1.9115665037701075,0.000049439156174309276,0.6736179703607164,0.019397905835697424,0,0.000008306326805571872,0,0,0,0,0,0,0,0,0,0,0,0,0,0,0,0,0,0,0,0,0,0,0,0,0,0,1.8857007693636227,2.6046401254495013,4.490340894813124
4.895,2.1723536033078713e-7,1.9125539193284158e-8,0.009571259515351017,1.8801675231947037,0,1.9162724543675342,0.000049489861964796936,0.6752873004410325,0.019418582715051327,0,0.00000831484594099644,0,0,0,0,0,0,0,0,0,0,0,0,0,0,0,0,0,0,0,0,0,0,0,0,0,0,1.8897390190709542,2.611036142231524,4.500775161302478
4.9,2.1745725549870577e-7,1.904021791178231e-8,0.00958105410040994,1.8841914689928123,0,1.9209716681469602,0.00004954056759722528,0.6769586163763152,0.019439258698597153,0,0.00000832336504986529,0,0,0,0,0,0,0,0,0,0,0,0,0,0,0,0,0,0,0,0,0,0,0,0,0,0,1.8937727595906957,2.6174274071545196,4.5112001667452155
4.904999999999999,2.1767915066661497e-7,1.8955317099102966e-8,0.009590848667077876,1.8882109344496818,0,1.9256641944281174,0.00004959127307207915,0.6786319254572895,0.01945993378919026,0,0.00000833188413225988,0,0,0,0,0,0,0,0,0,0,0,0,0,0,0,0,0,0,0,0,0,0,0,0,0,0,1.8978020197512275,2.623813976831802,4.521615996583029
4.91,2.179010458345148e-7,1.887083467307282e-8,0.009600643215411122,1.8922259481167296,0,1.930350081981326,0.00004964197838984136,0.68030723502432,0.01948060798967377,0,0.000008340403188261328,0,0,0,0,0,0,0,0,0,0,0,0,0,0,0,0,0,0,0,0,0,0,0,0,0,0,1.9018268281040214,2.6301959073768977,4.532022735480919
4.915,2.1812294100240525e-7,1.878676855903243e-8,0.009610437745465737,1.89623653827207,0,1.9350293790358262,0.00004969268355099283,0.6819845524675102,0.019501281302878627,0,0.000008348922217950435,0,0,0,0,0,0,0,0,0,0,0,0,0,0,0,0,0,0,0,0,0,0,0,0,0,0,1.9058472129272455,2.636573254411984,4.542420467339229
4.92,2.1834483617028631e-7,1.870311668988109e-8,0.00962023225729754,1.9002427329240579,0,1.9397021332879627,0.00004974338855601243,0.6836638852267902,0.019521953731623635,0,0.000008357441221407656,0,0,0,0,0,0,0,0,0,0,0,0,0,0,0,0,0,0,0,0,0,0,0,0,0,0,1.9098632022293083,2.642946073076154,4.552809275305462
4.925,2.1856673133815808e-7,1.8619877006119847e-8,0.009630026750962145,1.9042445598147864,0,1.9443683919092114,0.00004979409340537717,0.6853455469612715,0.019542625278715593,0,0.00000836596019871313,0,0,0,0,0,0,0,0,0,0,0,0,0,0,0,0,0,0,0,0,0,0,0,0,0,0,1.9138748237523568,2.6493147242028026,4.56318954795516
4.93,2.1878862650602061e-7,1.8537047455892238e-8,0.009639821226514923,1.9082420464235124,0,1.949028201554044,0.000049844798099562064,0.6870292456772121,0.01956329594694928,0,0.000008374479149946672,0,0,0,0,0,0,0,0,0,0,0,0,0,0,0,0,0,0,0,0,0,0,0,0,0,0,1.9178821049757013,2.655678962455455,4.573561067431156
4.935,2.1901052167387385e-7,1.8454625995023267e-8,0.009649615684011027,1.9122352199700343,0,1.953681608367651,0.000049895502639040174,0.6887149373205118,0.01958396573910759,0,0.000008382998075187752,0,0,0,0,0,0,0,0,0,0,0,0,0,0,0,0,0,0,0,0,0,0,0,0,0,0,1.9218850731191932,2.6620387899279847,4.583923863047178
4.9399999999999995,2.1923241684171786e-7,1.8372610587056142e-8,0.009659410123505381,1.9162241074180135,0,1.9583286579935126,0.00004994620702428269,0.6904026044175374,0.01960463465796153,0,0.000008391516974515547,0,0,0,0,0,0,0,0,0,0,0,0,0,0,0,0,0,0,0,0,0,0,0,0,0,0,1.9258837551465464,2.6683942347930105,4.594277989939557
4.945,2.1945431200955267e-7,1.8290999203287472e-8,0.009669204545052695,1.9202087354782431,0,1.9629693955808323,0.00004999691125575888,0.692092229275393,0.019625302706270345,0,0.00000840003584800889,0,0,0,0,0,0,0,0,0,0,0,0,0,0,0,0,0,0,0,0,0,0,0,0,0,0,1.929878177768607,2.6747453245095993,4.604623502278207
4.949999999999999,2.1967620717737828e-7,1.8209789822800325e-8,0.009678998948707442,1.9241891306118537,0,1.9676038657918196,0.00005004761533393605,0.6937837939811007,0.019645969886781526,0,0.000008408554695746297,0,0,0,0,0,0,0,0,0,0,0,0,0,0,0,0,0,0,0,0,0,0,0,0,0,0,1.933868367446558,2.6810920858297314,4.614960453276289
4.955,2.198981023451948e-7,1.812898043249553e-8,0.0096887933345239,1.928165319033491,0,1.9722321128088594,0.00005009831925927971,0.6954772804007976,0.019666636202230924,0,0.000008417073517805978,0,0,0,0,0,0,0,0,0,0,0,0,0,0,0,0,0,0,0,0,0,0,0,0,0,0,1.9378543503950978,2.687434544804665,4.625288895199763
4.96,2.201199975130022e-7,1.804856902712149e-8,0.009698587702556098,1.9321373267144113,0,1.9768541803415136,0.000050149023032253395,0.6971726701789223,0.019687301655342774,0,0.000008425592314265814,0,0,0,0,0,0,0,0,0,0,0,0,0,0,0,0,0,0,0,0,0,0,0,0,0,0,1.941836152585534,2.693772726791125,4.635608879376659
4.965,2.2034189268080044e-7,1.7968553609301805e-8,0.009708382052857869,1.9361051793855528,0,1.9814701116334252,0.00005019972665331881,0.698869944737411,0.01970796624882978,0,0.000008434111085203374,0,0,0,0,0,0,0,0,0,0,0,0,0,0,0,0,0,0,0,0,0,0,0,0,0,0,1.945813799748857,2.7001066564574043,4.6459204562062615
4.97,2.205637878485896e-7,1.7888932189561732e-8,0.00971817638548282,1.9400689025405475,0,1.9860799494690744,0.000050250430122935805,0.7005687526708095,0.01972862998539316,0,0.00000844262983069592,0,0,0,0,0,0,0,0,0,0,0,0,0,0,0,0,0,0,0,0,0,0,0,0,0,0,1.9497873173787503,2.7064360251852304,4.6562233425639805
4.975,2.2078568301636972e-7,1.780970278635256e-8,0.009727970700484341,1.9440285214386825,0,1.9906837361804166,0.00005030113344156236,0.7022693533141016,0.019749292867722718,0,0.000008451148550820395,0,0,0,0,0,0,0,0,0,0,0,0,0,0,0,0,0,0,0,0,0,0,0,0,0,0,1.9537567307345527,2.7127611346442335,4.666517865378786
4.9799999999999995,2.2100757818414099e-7,1.773086342607472e-8,0.009737764997915616,1.9479840611078225,0,1.9952815136534,0.0000503518366096546,0.7039718324880366,0.019769954898496908,0,0.000008459667245653437,0,0,0,0,0,0,0,0,0,0,0,0,0,0,0,0,0,0,0,0,0,0,0,0,0,0,1.9577220648441798,2.7190821125437887,4.676804177387968
4.984999999999999,2.2122947335190312e-7,1.7652412143099285e-8,0.009747559277829599,1.9519355463472774,0,1.9998733233343617,0.0000504025396276668,0.705676200816939,0.01979061608038287,0,0.000008468185915271369,0,0,0,0,0,0,0,0,0,0,0,0,0,0,0,0,0,0,0,0,0,0,0,0,0,0,1.9616833445069926,2.7253990109572266,4.687082355464219
4.99,2.2145136851965633e-7,1.7574346979787822e-8,0.009757353540279047,1.9558830017306341,0,2.004459206236308,0.00005045324249605147,0.7073824690179416,0.019811276416036538,0,0.00000847670455975021,0,0,0,0,0,0,0,0,0,0,0,0,0,0,0,0,0,0,0,0,0,0,0,0,0,0,1.9656405942966286,2.7317118816173416,4.69735247591397
4.995,2.2167326368740062e-7,1.7496665986510872e-8,0.009767147785316496,1.9598264516085322,0,2.0090392029450768,0.00005050394521525924,0.7090906479012201,0.01983193590810263,0,0.00000848522317916568,0,0,0,0,0,0,0,0,0,0,0,0,0,0,0,0,0,0,0,0,0,0,0,0,0,0,1.9695938385637783,2.7380207759227937,4.707614614486572
5,2.2189515885513604e-7,1.741936722166505e-8,0.009776942012994278,1.9637659201114104,0,2.013613353625401,0.00005055464778573896,0.7108007483702298,0.019852594559214794,0,0.000008493741773593187,0,0,0,0,0,0,0,0,0,0,0,0,0,0,0,0,0,0,0,0,0,0,0,0,0,0,1.9735431014389306,2.7443257449444047,4.717868846383335
5.005,2.2211705402286252e-7,1.7342448751688637e-8,0.00978673622336451,1.9677014311521965,0,2.018181698026844,0.00005060535020793765,0.7125127814219485,0.01987325237199558,0,0.000008502260343107833,0,0,0,0,0,0,0,0,0,0,0,0,0,0,0,0,0,0,0,0,0,0,0,0,0,0,1.9774884068350638,2.750626839431339,4.728115246266403
5.01,2.2233894919058013e-7,1.726590865107587e-8,0.009796530416479102,1.971633008428967,0,2.022744275489647,0.00005065605248230059,0.7142267581471102,0.019893909349056563,0,0.000008510778887784436,0,0,0,0,0,0,0,0,0,0,0,0,0,0,0,0,0,0,0,0,0,0,0,0,0,0,1.9814297784503039,2.756924109817184,4.738353888267488
5.015,2.2256084435828905e-7,1.7189745002389902e-8,0.009806324592389757,1.9755606754275563,0,2.02730112495046,0.00005070675460927123,0.7159428002457447,0.019914565492998366,0,0.000008519297407697495,0,0,0,0,0,0,0,0,0,0,0,0,0,0,0,0,0,0,0,0,0,0,0,0,0,0,1.9853672397705355,2.76321771674122,4.748584956511756
5.02,2.22782739525989e-7,1.7113955896274482e-8,0.00981611875114797,1.9794844554241318,0,2.031852284947974,0.00005075745658929125,0.7176608679291528,0.019935220806410726,0,0.00000852781590292122,0,0,0,0,0,0,0,0,0,0,0,0,0,0,0,0,0,0,0,0,0,0,0,0,0,0,1.9893008140719752,2.7695076589560297,4.7588084730280045
5.025,2.2300463469368036e-7,1.7038539431464333e-8,0.009825912892805036,1.9834043714877283,0,2.0363977936284576,0.00005080815842280062,0.7193808939913747,0.019955875291872576,0,0.000008536334373529532,0,0,0,0,0,0,0,0,0,0,0,0,0,0,0,0,0,0,0,0,0,0,0,0,0,0,1.9932305244237076,2.7757939074045015,4.769024431828209
5.029999999999999,2.232265298613628e-7,1.696349371479438e-8,0.009835707017412036,1.9873204464827383,0,2.040937688751185,0.00005085886011023748,0.7211028771681478,0.019976528951952045,0,0.00000854485281959604,0,0,0,0,0,0,0,0,0,0,0,0,0,0,0,0,0,0,0,0,0,0,0,0,0,0,1.997156393690174,2.782076498584215,4.779232892274389
5.035,2.2344842502903667e-7,1.6888816861207618e-8,0.009845501125019859,1.9912327030713781,0,2.0454720076937885,0.000050909561652038276,0.7228268161565631,0.01999718178920658,0,0.000008553371241194073,0,0,0,0,0,0,0,0,0,0,0,0,0,0,0,0,0,0,0,0,0,0,0,0,0,0,2.0010784445336403,2.7883554685724516,4.789433913106092
5.04,2.236703201967018e-7,1.6814506993762066e-8,0.009855295215679181,1.995141163716092,0,2.050000787457487,0.00005096026304863769,0.7245527096148656,0.020017833806182952,0,0.000008561889638396662,0,0,0,0,0,0,0,0,0,0,0,0,0,0,0,0,0,0,0,0,0,0,0,0,0,0,2.004996699416598,2.7946308530312227,4.799627552447821
5.045,2.2389221536435817e-7,1.6740562243636352e-8,0.009865089289440484,1.9990458506819513,0,2.0545240646722593,0.00005101096430046869,0.726280556162261,0.020038485005417352,0,0.000008570408011276553,0,0,0,0,0,0,0,0,0,0,0,0,0,0,0,0,0,0,0,0,0,0,0,0,0,0,2.0089111806041693,2.800902687212249,4.809813867816418
5.05,2.2411411053200606e-7,1.6666980750134403e-8,0.009874883346354049,2.0029467860389896,0,2.0590418756018947,0.00005106166540796252,0.7280103543787126,0.020059135389435406,0,0.000008578926359906196,0,0,0,0,0,0,0,0,0,0,0,0,0,0,0,0,0,0,0,0,0,0,0,0,0,0,2.012821910166435,2.8071710059618105,4.819992916128245
5.055,2.2433600569964524e-7,1.6593760660688755e-8,0.009884677386469955,2.006843991664518,0,2.0635542561489757,0.00005111236637154869,0.7297421028047464,0.020079784960752266,0,0.000008587444684357755,0,0,0,0,0,0,0,0,0,0,0,0,0,0,0,0,0,0,0,0,0,0,0,0,0,0,2.0167289099807544,2.8134358437255305,4.830164753706285
5.06,2.2455790086727582e-7,1.6520900130863233e-8,0.009894471409838079,2.0107374892454013,0,2.0680612418597706,0.000051163067191655016,0.7314758883643219,0.020100433721872632,0,0.000008595962984703113,0,0,0,0,0,0,0,0,0,0,0,0,0,0,0,0,0,0,0,0,0,0,0,0,0,0,2.02063220173404,2.8196973229761415,4.840329524710182
5.0649999999999995,2.247797960348979e-7,1.6448397324354244e-8,0.009904265416508112,2.0146273002803015,0,2.0725628679290384,0.00005121376786870768,0.7332117798341905,0.02012108167529085,0,0.000008604481261013862,0,0,0,0,0,0,0,0,0,0,0,0,0,0,0,0,0,0,0,0,0,0,0,0,0,0,2.024531806925003,2.8259555476876494,4.850487354612652
5.07,2.2500169120251137e-7,1.637625041299123e-8,0.009914059406529537,2.018513446081882,0,2.0770591692047544,0.000051264468403131056,0.7349495949659177,0.020141728823490926,0,0.000008612999513361314,0,0,0,0,0,0,0,0,0,0,0,0,0,0,0,0,0,0,0,0,0,0,0,0,0,0,2.0284277468663534,2.8322103704620796,4.860638117328433
5.074999999999999,2.2522358637011638e-7,1.6304457576736282e-8,0.009923853379951645,2.0223959477789903,0,2.0815501801927545,0.000051315168795347944,0.7366893143448511,0.020162375168946586,0,0.000008621517741816495,0,0,0,0,0,0,0,0,0,0,0,0,0,0,0,0,0,0,0,0,0,0,0,0,0,0,2.032320042686986,2.8384618063930893,4.870781849080075
5.08,2.2544548153771286e-7,1.623301700368241e-8,0.009933647336823536,2.026274826318798,0,2.086035935061301,0.00005136586904577944,0.7384309183310598,0.02018302071412135,0,0.000008630035946450156,0,0,0,0,0,0,0,0,0,0,0,0,0,0,0,0,0,0,0,0,0,0,0,0,0,0,2.03620871533412,2.8447098700114744,4.8809185853455945
5.085,2.256673767053009e-7,1.6161926890051443e-8,0.009943441277194119,2.0301501024689124,0,2.0905164676455676,0.000051416569154844975,0.7401743870585444,0.020203665461468578,0,0.000008638554127332767,0,0,0,0,0,0,0,0,0,0,0,0,0,0,0,0,0,0,0,0,0,0,0,0,0,0,2.04009378557541,2.8509545752888625,4.891048360864273
5.09,2.2588927187288052e-7,1.609118544019062e-8,0.009953235201112097,2.03402179681946,0,2.094991811452056,0.0000514672691229623,0.741919700434459,0.020224309413431493,0,0.000008647072284534516,0,0,0,0,0,0,0,0,0,0,0,0,0,0,0,0,0,0,0,0,0,0,0,0,0,0,2.0439752740010295,2.857195935641354,4.901171209642383
5.095,2.261111670404517e-7,1.6020790866568406e-8,0.009963029108625997,2.0378899297851336,0,2.099461999662931,0.00005151796895054753,0.7436668381383276,0.020244952572443294,0,0.000008655590418125314,0,0,0,0,0,0,0,0,0,0,0,0,0,0,0,0,0,0,0,0,0,0,0,0,0,0,2.0478532010257178,2.8634339639330704,4.911287164958788
5.1,2.2633306220801454e-7,1.5950741389769608e-8,0.009972822999784145,2.041754521607218,0,2.103927065140286,0.000051568668638015234,0.7454157796212698,0.02026559494092715,0,0.000008664108528174812,0,0,0,0,0,0,0,0,0,0,0,0,0,0,0,0,0,0,0,0,0,0,0,0,0,0,2.051727586890806,2.869668672479649,4.921396259370455
5.105,2.2655495737556902e-7,1.5881035238489475e-8,0.009982616874634682,2.0456155923555754,0,2.10838704043034,0.00005161936818577823,0.7471665041052288,0.02028623652129627,0,0.00000867262661475237,0,0,0,0,0,0,0,0,0,0,0,0,0,0,0,0,0,0,0,0,0,0,0,0,0,0,2.055598451666203,2.8759000730516653,4.931498524717869
5.109999999999999,2.2677685254311502e-7,1.581167064952726e-8,0.009992410733225552,2.0494731619306075,0,2.112841957767554,0.000051670067594247716,0.748918562949137,0.020306877315953965,0,0.00000868114467792707,0,0,0,0,0,0,0,0,0,0,0,0,0,0,0,0,0,0,0,0,0,0,0,0,0,0,2.059465815252356,2.8821277492449173,4.941593564497273
5.115,2.2699874771065277e-7,1.5742645867778554e-8,0.010002204575604528,2.053327250065198,0,2.117291849078699,0.00005172076686383339,0.750672384471174,0.020327517327293723,0,0.000008689662717767753,0,0,0,0,0,0,0,0,0,0,0,0,0,0,0,0,0,0,0,0,0,0,0,0,0,0,2.063329697382196,2.8883521613067487,4.951681858688945
5.119999999999999,2.2722064287818226e-7,1.5673959146227472e-8,0.01001199840181918,2.057177876326603,0,2.121736745986834,0.00005177146599494324,0.7524279815302353,0.02034815655769917,0,0.000008698180734342958,0,0,0,0,0,0,0,0,0,0,0,0,0,0,0,0,0,0,0,0,0,0,0,0,0,0,2.0671901176230243,2.8945733537214977,4.961763471344522
5.125,2.274425380457036e-7,1.5605608745937515e-8,0.010021792211916906,2.0610250601183457,0,2.126176679815238,0.000051822164987983724,0.7541853627089343,0.02036879500954424,0,0.000008706698727720978,0,0,0,0,0,0,0,0,0,0,0,0,0,0,0,0,0,0,0,0,0,0,0,0,0,0,2.0710470953784097,2.9007913663974323,4.971838461775842
5.13,2.276644332132166e-7,1.5537592936042126e-8,0.010031586005944896,2.0648688206820536,0,2.1306116815912604,0.00005187286384335964,0.7559445366660236,0.02038943268519313,0,0.000008715216697969822,0,0,0,0,0,0,0,0,0,0,0,0,0,0,0,0,0,0,0,0,0,0,0,0,0,0,2.0749006498900244,2.9070062390230187,4.981906888913043
5.135,2.2788632838072128e-7,1.5469909993734398e-8,0.010041379783950182,2.0687091770992905,0,2.1350417820501226,0.00005192356256147423,0.757705512136565,0.02041006958700038,0,0.000008723734645157243,0,0,0,0,0,0,0,0,0,0,0,0,0,0,0,0,0,0,0,0,0,0,0,0,0,0,2.078750800239479,2.9132180110708945,4.9919688113103735
5.14,2.2810822354821784e-7,1.5402558204256047e-8,0.010051173545979598,2.0725461482933545,0,2.139467011638653,0.000051974261142729214,0.7594682979320997,0.02043070571731097,0,0.00000873225256935073,0,0,0,0,0,0,0,0,0,0,0,0,0,0,0,0,0,0,0,0,0,0,0,0,0,0,2.082597565350116,2.9194267218017758,5.002024287151892
5.145,2.2833011871570622e-7,1.5335535860885843e-8,0.010060967292079798,2.0763797530310493,0,2.143887400518958,0.00005202495958752468,0.7612329029408264,0.0204513410784603,0,0.000008740770470617503,0,0,0,0,0,0,0,0,0,0,0,0,0,0,0,0,0,0,0,0,0,0,0,0,0,0,2.086440963988784,2.925632410268303,5.012073374257087
5.15,2.2855201388318658e-7,1.5268841264927363e-8,0.010070761022297262,2.0802100099244356,0,2.148302978572038,0.0000520756578962592,0.7629993361277689,0.020471975672774256,0,0.000008749288349024529,0,0,0,0,0,0,0,0,0,0,0,0,0,0,0,0,0,0,0,0,0,0,0,0,0,0,2.090281014767588,2.931835115318826,5.022116130086414
5.154999999999999,2.2877390905065857e-7,1.5202472725696114e-8,0.010080554736678269,2.0840369374325425,0,2.1527137754013355,0.00005212635606932972,0.7647677632368509,0.020492609502569283,0,0.000008757806204638497,0,0,0,0,0,0,0,0,0,0,0,0,0,0,0,0,0,0,0,0,0,0,0,0,0,0,2.0941177361456025,2.9380350323030298,5.032152768448633
5.16,2.289958042181227e-7,1.513642856050601e-8,0.010090348435268941,2.0878605538630874,0,2.157119820336251,0.00005217705410713175,0.7665381603014894,0.020513242570152437,0,0.000008766324037525858,0,0,0,0,0,0,0,0,0,0,0,0,0,0,0,0,0,0,0,0,0,0,0,0,0,0,2.097951146430589,2.944232166586038,5.042183313016627
5.165,2.292176993855786e-7,1.5070707094655438e-8,0.010100142118115213,2.0916808773741296,0,2.1615211424355696,0.000052227752010059204,0.7683103849603468,0.02053387487782139,0,0.000008774841847752793,0,0,0,0,0,0,0,0,0,0,0,0,0,0,0,0,0,0,0,0,0,0,0,0,0,0,2.101781263780651,2.9504264048675957,5.052207668648247
5.17,2.2943959455302657e-7,1.5005306661412436e-8,0.010109935785262836,2.095497925975736,0,2.1659177704908554,0.00005227844977850447,0.770084426805616,0.020554506427864515,0,0.000008783359635385227,0,0,0,0,0,0,0,0,0,0,0,0,0,0,0,0,0,0,0,0,0,0,0,0,0,0,2.1056081062059,2.9566177655337498,5.06222587173965
5.175,2.2966148972046643e-7,1.494022560199972e-8,0.010119729436757388,2.099311717531599,0,2.1703097330297867,0.00005232914741285838,0.7718602753081392,0.020575137222560914,0,0.000008791877400488831,0,0,0,0,0,0,0,0,0,0,0,0,0,0,0,0,0,0,0,0,0,0,0,0,0,0,2.1094316915700717,2.9628062665852997,5.072237958155371
5.18,2.2988338488789827e-7,1.4875462265578807e-8,0.01012952307264427,2.1031222697606538,0,2.1746970583194365,0.00005237984491351033,0.773637919816971,0.020595767264180487,0,0.000008800395143129016,0,0,0,0,0,0,0,0,0,0,0,0,0,0,0,0,0,0,0,0,0,0,0,0,0,0,2.113252037592145,2.9689919256406445,5.08224396323279
5.1850000000000005,2.3010528005532215e-7,1.4811015009233884e-8,0.01013931669296872,2.106929600238652,0,2.179079774369503,0.000052430542280848174,0.7754173495589571,0.020616396554983964,0,0.000008808912863370953,0,0,0,0,0,0,0,0,0,0,0,0,0,0,0,0,0,0,0,0,0,0,0,0,0,0,2.1170691618479163,2.9751747599385885,5.092243921786505
5.1899999999999995,2.3032717522273808e-7,1.4746882197955056e-8,0.010149110297775777,2.1107337263997255,0,2.183457908935482,0.00005248123951525822,0.7771985536382936,0.02063702509722294,0,0.000008817430561279549,0,0,0,0,0,0,0,0,0,0,0,0,0,0,0,0,0,0,0,0,0,0,0,0,0,0,2.120883081771559,2.981354786341075,5.102237868112634
5.195,2.305490703901461e-7,1.4683062204621018e-8,0.010158903887110325,2.114534665537931,0,2.1878314895218094,0.000052531936617125365,0.7789815210361024,0.02065765289313996,0,0.000008825948236919463,0,0,0,0,0,0,0,0,0,0,0,0,0,0,0,0,0,0,0,0,0,0,0,0,0,0,2.1246938146571734,2.987532021335906,5.11222583599308
5.199999999999999,2.3077096555754618e-7,1.4619553409981595e-8,0.010168697461017067,2.1183324348087584,0,2.192200543384926,0.00005258263358683293,0.7807662392387356,0.020678279944968497,0,0.000008834465890355104,0,0,0,0,0,0,0,0,0,0,0,0,0,0,0,0,0,0,0,0,0,0,0,0,0,0,2.1285013776602946,2.993706479668107,5.122207857328402
5.205,2.3099286072493837e-7,1.4556354202639223e-8,0.01017849101954054,2.1221270512306454,0,2.196565097536323,0.00005263333042476288,0.7825525296294108,0.0206989062549331,0,0.00000884298352165064,0,0,0,0,0,0,0,0,0,0,0,0,0,0,0,0,0,0,0,0,0,0,0,0,0,0,2.1323057877994005,2.9998780097346134,5.132183797534013
5.21,2.3121475589232267e-7,1.4493462979030702e-8,0.010188284562725103,2.125918531686435,0,2.2009251787455173,0.00005268402713129556,0.7843405597070682,0.02071953182524932,0,0.000008851501130869978,0,0,0,0,0,0,0,0,0,0,0,0,0,0,0,0,0,0,0,0,0,0,0,0,0,0,2.1361070619573788,3.006046805806097,5.142153867763476
5.215,2.3143665105969913e-7,1.4430878143407927e-8,0.010198078090614949,2.1297068929248484,0,2.2052808135429953,0.000052734723706809975,0.7861303293342422,0.02074015665812385,0,0.000008860018718076795,0,0,0,0,0,0,0,0,0,0,0,0,0,0,0,0,0,0,0,0,0,0,0,0,0,0,2.139905216882992,3.0122128942777864,5.152118111160778
5.22,2.3165854622706782e-7,1.4368598107818556e-8,0.010207871603254095,2.1334921515619123,0,2.2096320282231074,0.0000527854201516836,0.787921838362297,0.02076078075575454,0,0.00000886853628333451,0,0,0,0,0,0,0,0,0,0,0,0,0,0,0,0,0,0,0,0,0,0,0,0,0,0,2.143700269192311,3.018376301297594,5.162076570489905
5.225,2.3188044139442864e-7,1.430662129208607e-8,0.010217665100686397,2.1372743240823837,0,2.213978848846916,0.0000528361164662925,0.7897150866313304,0.020781404120330412,0,0.000008877053826706304,0,0,0,0,0,0,0,0,0,0,0,0,0,0,0,0,0,0,0,0,0,0,0,0,0,0,2.147492235370133,3.0245370527688697,5.172029288139003
5.23,2.321023365617818e-7,1.4244946123789541e-8,0.010227458582955547,2.1410534268411467,0,2.2183213012449996,0.00005288681265101132,0.7915100739700817,0.02080202675403175,0,0.000008885571348255124,0,0,0,0,0,0,0,0,0,0,0,0,0,0,0,0,0,0,0,0,0,0,0,0,0,0,2.151281131771385,3.0306951743531125,5.181976306124497
5.234999999999999,2.3232423172912702e-7,1.4183571038243078e-8,0.010237252050105044,2.144829476064585,0,2.222659411020216,0.00005293750870621314,0.793306800195841,0.020822648659030104,0,0.00000889408884804365,0,0,0,0,0,0,0,0,0,0,0,0,0,0,0,0,0,0,0,0,0,0,0,0,0,0,2.1550669746224926,3.036850691472641,5.191917666095134
5.24,2.3254612689646466e-7,1.4122494478474636e-8,0.010247045502178259,2.148602487851958,0,2.2269932035504305,0.00005298820463226978,0.7951052651143521,0.020843269837488382,0,0.000008902606326134354,0,0,0,0,0,0,0,0,0,0,0,0,0,0,0,0,0,0,0,0,0,0,0,0,0,0,2.1588497800227575,3.043003629313229,5.201853409335987
5.244999999999999,2.3276802206379446e-7,1.4061714895204916e-8,0.010256838939218365,2.1523724781767264,0,2.2313227039911805,0.000053038900429551534,0.7969054685197257,0.020863890291560834,0,0.000008911123782589447,0,0,0,0,0,0,0,0,0,0,0,0,0,0,0,0,0,0,0,0,0,0,0,0,0,0,2.162629563945682,3.049154012826679,5.211783576772361
5.25,2.3298991723111669e-7,1.40012307468254e-8,0.010266632361268388,2.1561394628878934,0,2.2356479372783333,0.000053089596098427305,0.7987074806717605,0.020884510023393157,0,0.000008919641217470912,0,0,0,0,0,0,0,0,0,0,0,0,0,0,0,0,0,0,0,0,0,0,0,0,0,0,2.1664063422403097,3.055301937210803,5.2217082794511125
5.255,2.332118123984312e-7,1.394104049937654e-8,0.010276425768371187,2.1599034577113008,0,2.2399689281306694,0.000053140291639264614,0.8005113390299456,0.02090512903512248,0,0.000008928158630840493,0,0,0,0,0,0,0,0,0,0,0,0,0,0,0,0,0,0,0,0,0,0,0,0,0,0,2.170180130632525,3.0614474646460073,5.231627595278532
5.26,2.3343370756573806e-7,1.388114262652528e-8,0.010286219160569446,2.163664478250922,0,2.24428570105245,0.00005319098705242951,0.8023169200810842,0.020925747328877437,0,0.000008936676022759694,0,0,0,0,0,0,0,0,0,0,0,0,0,0,0,0,0,0,0,0,0,0,0,0,0,0,2.1739509447263416,3.067590496125487,5.241541440851829
5.265,2.3365560273303734e-7,1.3821535609542373e-8,0.010296012537905708,2.1674225399901386,0,2.248598280335943,0.00005324168233828674,0.8041242116285147,0.020946364906778238,0,0.000008945193393289792,0,0,0,0,0,0,0,0,0,0,0,0,0,0,0,0,0,0,0,0,0,0,0,0,0,0,2.1777188000051826,3.0737310437469674,5.25144984375215
5.27,2.3387749790032898e-7,1.3762217937279527e-8,0.01030580590042233,2.1711776582929927,0,2.2529066900638983,0.00005329237749719959,0.8059332013455887,0.02096698177093664,0,0.000008953710742491825,0,0,0,0,0,0,0,0,0,0,0,0,0,0,0,0,0,0,0,0,0,0,0,0,0,0,2.1814837118331307,3.0798691192686634,5.261352831101794
5.275,2.3409939306761304e-7,1.3703188106146044e-8,0.010315599248161528,2.1749298484054256,0,2.2572109541120042,0.00005334307252952998,0.807743876775249,0.02098759792345605,0,0.000008962228070426604,0,0,0,0,0,0,0,0,0,0,0,0,0,0,0,0,0,0,0,0,0,0,0,0,0,0,2.1852456954561683,3.086004734111309,5.271250429567477
5.279999999999999,2.3432128823488955e-7,1.3644444620085346e-8,0.010325392581165348,2.1786791254565046,0,2.261511096151291,0.00005339376743563847,0.8095562253295905,0.021008213366431553,0,0.000008970745377154701,0,0,0,0,0,0,0,0,0,0,0,0,0,0,0,0,0,0,0,0,0,0,0,0,0,0,2.1890047660034027,3.0921378993601256,5.281142665363529
5.285,2.345431834021585e-7,1.3585985990551103e-8,0.010335185899475676,2.1824255044596272,0,2.2658071396505144,0.000053444462215884286,0.8113702342894347,0.021028828101949924,0,0.000008979262662736474,0,0,0,0,0,0,0,0,0,0,0,0,0,0,0,0,0,0,0,0,0,0,0,0,0,0,2.1927609384882722,3.0982686257667775,5.29102956425505
5.29,2.3476507856942e-7,1.3527810736483272e-8,0.010344979203134251,2.186169000313715,0,2.2700991078784907,0.000053495156870625195,0.8131858908038979,0.02104944213208971,0,0.000008987779927232029,0,0,0,0,0,0,0,0,0,0,0,0,0,0,0,0,0,0,0,0,0,0,0,0,0,0,2.1965142278097383,3.1043969237512763,5.300911151561015
5.295,2.3498697373667402e-7,1.346991738428371e-8,0.010354772492182631,2.1899096278043846,0,2.274387023906405,0.00005354585140021768,0.8150031818899666,0.02107005545892124,0,0.00000899629717070126,0,0,0,0,0,0,0,0,0,0,0,0,0,0,0,0,0,0,0,0,0,0,0,0,0,0,2.2002646487534583,3.110522803403864,5.310787452157323
5.3,2.352088689039205e-7,1.3412304467791603e-8,0.01036456576666224,2.1936474016051166,0,2.278670910610083,0.000053596545805016865,0.8168217373014973,0.021090668084506686,0,0.00000900481439320383,0,0,0,0,0,0,0,0,0,0,0,0,0,0,0,0,0,0,0,0,0,0,0,0,0,0,2.2040122159929525,3.116645917356285,5.320658133349237
5.305,2.3543076407115956e-7,1.3354970528258755e-8,0.010374359026614332,2.1973823362783924,0,2.282950790672234,0.00005364724008537651,0.8186417471778281,0.021111280010900096,0,0.000009013331594799179,0,0,0,0,0,0,0,0,0,0,0,0,0,0,0,0,0,0,0,0,0,0,0,0,0,0,2.2077569440907414,3.1227664784326423,5.330523422523384
5.3100000000000005,2.3565265923839108e-7,1.3297914114324475e-8,0.010384152272080014,2.20111444627683,0,2.287226686584653,0.00005369793424164907,0.8204634047731015,0.02113189124014744,0,0.00000902184877554652,0,0,0,0,0,0,0,0,0,0,0,0,0,0,0,0,0,0,0,0,0,0,0,0,0,0,2.2114988474994837,3.1288847023809194,5.3403835498804035
5.3149999999999995,2.3587455440561532e-7,1.3241133781990492e-8,0.01039394550310023,2.204843745944301,0,2.2914986206503984,0.00005374862827418563,0.8222867307582388,0.02115250177428664,0,0.00000903036593550484,0,0,0,0,0,0,0,0,0,0,0,0,0,0,0,0,0,0,0,0,0,0,0,0,0,0,2.2152379405630893,3.135000632177134,5.350238572740223
5.32,2.3609644957283212e-7,1.3184628094595355e-8,0.010403738719715774,2.2085702495170274,0,2.2957666149859386,0.000053799322183336,0.8241117460022238,0.021173111615347604,0,0.00000903888307473291,0,0,0,0,0,0,0,0,0,0,0,0,0,0,0,0,0,0,0,0,0,0,0,0,0,0,2.2189742375178207,3.141114310808768,5.360088548326589
5.324999999999999,2.363183447400415e-7,1.3128395622788987e-8,0.010413531921967284,2.212293971124674,0,2.3000306915232556,0.0000538500159694486,0.8259384715726019,0.021193720765352284,0,0.000009047400193289272,0,0,0,0,0,0,0,0,0,0,0,0,0,0,0,0,0,0,0,0,0,0,0,0,0,0,2.222707752493381,3.1472257812773727,5.369933533770753
5.33,2.3654023990724362e-7,1.3072434944506695e-8,0.010423325109895255,2.2160149247914194,0,2.3042908720119386,0.00005390070963287064,0.8277669287359846,0.02121432922631472,0,0.000009055917291232257,0,0,0,0,0,0,0,0,0,0,0,0,0,0,0,0,0,0,0,0,0,0,0,0,0,0,2.2264384995139896,3.153335086601162,5.379773586115151
5.335,2.3676213507443834e-7,1.3016744644943258e-8,0.010433118283540014,2.219733124437019,0,2.3085471780212283,0.00005395140317394793,0.8295971389585475,0.02123493700024104,0,0.000009064434368619967,0,0,0,0,0,0,0,0,0,0,0,0,0,0,0,0,0,0,0,0,0,0,0,0,0,0,2.230166492499439,3.1594422698175593,5.389608762316998
5.34,2.3698403024162584e-7,1.2961323316526797e-8,0.010442911442941747,2.2234485838778477,0,2.3127996309420427,0.00005400209659302502,0.8314291239065517,0.02125554408912955,0,0.000009072951425510288,0,0,0,0,0,0,0,0,0,0,0,0,0,0,0,0,0,0,0,0,0,0,0,0,0,0,2.2338917452661433,3.1655473739857425,5.399439119251886
5.345,2.3720592540880603e-7,1.2906169558892311e-8,0.010452704588140486,2.2271613168279365,0,2.317048251988974,0.000054052789890445156,0.8332629054468413,0.021276150494970728,0,0.000009081468461960894,0,0,0,0,0,0,0,0,0,0,0,0,0,0,0,0,0,0,0,0,0,0,0,0,0,0,2.237614271528172,3.1716504421891383,5.40926471371731
5.35,2.374278205759789e-7,1.28512819788553e-8,0.010462497719176112,2.230871336899992,0,2.3212930622022534,0.00005410348306655032,0.8350992897390892,0.02129675621974729,0,0.000009089985478029236,0,0,0,0,0,0,0,0,0,0,0,0,0,0,0,0,0,0,0,0,0,0,0,0,0,0,2.241334084898271,3.1777523016296345,5.419086386527905
5.355,2.3764971574314458e-7,1.2796659190385002e-8,0.010472290836088364,2.234578657606403,0,2.3255340824496877,0.00005415417612168121,0.8369375876807374,0.02131736126543424,0,0.000009098502473772556,0,0,0,0,0,0,0,0,0,0,0,0,0,0,0,0,0,0,0,0,0,0,0,0,0,0,2.2450511988888664,3.183852284074455,5.428903482963321
5.359999999999999,2.3787161091030296e-7,1.2742299814577725e-8,0.010482083938916826,2.238283292360235,0,2.329771333428571,0.00005420486905617719,0.8387776495168229,0.02133796563399885,0,0.000009107019449247876,0,0,0,0,0,0,0,0,0,0,0,0,0,0,0,0,0,0,0,0,0,0,0,0,0,0,2.2487656269130625,3.1899502604678984,5.438715887380961
5.365,2.380935060774542e-7,1.268820247962976e-8,0.010491877027700932,2.2419852544762167,0,2.334004835667573,0.00005425556187037644,0.8406194407422268,0.021358569327400767,0,0.00000911553640451201,0,0,0,0,0,0,0,0,0,0,0,0,0,0,0,0,0,0,0,0,0,0,0,0,0,0,2.252477382285626,3.1960462168354757,5.448523599121102
5.369999999999999,2.3831540124459826e-7,1.2634365820810432e-8,0.010501670102479975,2.2456845571717015,0,2.3382346095285924,0.000054306254564615825,0.842462926506672,0.021379172347592006,0,0.000009124053339621556,0,0,0,0,0,0,0,0,0,0,0,0,0,0,0,0,0,0,0,0,0,0,0,0,0,0,2.2561864782239485,3.2021401386907606,5.458326616914709
5.375,2.3853729641173515e-7,1.2580788480434866e-8,0.010511463163293102,2.249381213567635,0,2.342460675208591,0.000054356947139230976,0.8443080716137,0.021399774696517007,0,0.0000091325702546329,0,0,0,0,0,0,0,0,0,0,0,0,0,0,0,0,0,0,0,0,0,0,0,0,0,0,2.2598929278490134,3.2082320110362015,5.4681249388852144
5.38,2.387591915788648e-7,1.2527469107836632e-8,0.010521256210179302,2.2530752366894933,0,2.346683052741396,0.00005440763959455624,0.846154840519647,0.021420376376112663,0,0.000009141087149602225,0,0,0,0,0,0,0,0,0,0,0,0,0,0,0,0,0,0,0,0,0,0,0,0,0,0,2.2635967441863336,3.2143218183639,5.477918562550234
5.385,2.389810867459875e-7,1.2474406359340429e-8,0.010531049243177435,2.256766639468222,0,2.3509017619994923,0.00005445833193092476,0.8480031973326444,0.021440977388308354,0,0.000009149604024585493,0,0,0,0,0,0,0,0,0,0,0,0,0,0,0,0,0,0,0,0,0,0,0,0,0,0,2.267297940166893,3.2204095446564005,5.487707484823293
5.39,2.39202981913103e-7,1.2421598898234423e-8,0.010540842262326208,2.260455434741158,0,2.355116822695764,0.0000545090241486684,0.8498531058116056,0.021461577735026004,0,0.000009158120879638465,0,0,0,0,0,0,0,0,0,0,0,0,0,0,0,0,0,0,0,0,0,0,0,0,0,0,2.270996528628065,3.2264951733874243,5.497491702015489
5.395,2.3942487708021144e-7,1.2369045394742686e-8,0.010550635267664185,2.2641416352529387,0,2.3593282543852414,0.000054559716248117827,0.8517045293652519,0.02148217741818009,0,0.000009166637714816699,0,0,0,0,0,0,0,0,0,0,0,0,0,0,0,0,0,0,0,0,0,0,0,0,0,0,2.2746925223145253,3.2325786875226363,5.507271209837162
5.4,2.396467722473127e-7,1.2316744525997498e-8,0.010560428259229784,2.2678252536564036,0,2.3635360764667976,0.000054610408229602446,0.8535566946893369,0.021502776439677698,0,0.000009175154530175536,0,0,0,0,0,0,0,0,0,0,0,0,0,0,0,0,0,0,0,0,0,0,0,0,0,0,2.27838593387915,3.238659333158572,5.517045267037722
5.404999999999999,2.3986866741440703e-7,1.2264694976011494e-8,0.01057022123706129,2.2715063025134827,0,2.3677403081848434,0.000054661100093450446,0.8554103244117028,0.021523374801418547,0,0.000009183671325770114,0,0,0,0,0,0,0,0,0,0,0,0,0,0,0,0,0,0,0,0,0,0,0,0,0,0,2.282076775883906,3.2447378521693837,5.526814628053289
5.41,2.400905625814943e-7,1.2212895435649653e-8,0.010580014201196837,2.2751847942960786,0,2.371940968630985,0.000054711791839988834,0.8572654442248114,0.021543972505295036,0,0.000009192188101655375,0,0,0,0,0,0,0,0,0,0,0,0,0,0,0,0,0,0,0,0,0,0,0,0,0,0,2.2857650608007334,3.250814289341033,5.536579350141766
5.415,2.4031245774857456e-7,1.2161344602601574e-8,0.010589807151674423,2.2788607413869255,0,2.3761380767456615,0.00005476248346954337,0.859122063240486,0.02156456955319227,0,0.000009200704857886052,0,0,0,0,0,0,0,0,0,0,0,0,0,0,0,0,0,0,0,0,0,0,0,0,0,0,2.289450801012402,3.2568886727276674,5.546339473740069
5.42,2.4053435291564787e-7,1.2110041181353172e-8,0.010599600088531901,2.282534156080455,0,2.3803316513197665,0.00005481317498243861,0.8609801906609384,0.021585165946988102,0,0.000009209221594516673,0,0,0,0,0,0,0,0,0,0,0,0,0,0,0,0,0,0,0,0,0,0,0,0,0,0,2.293134008813381,3.26296103032427,5.5560950391376505
5.425,2.4075624808271424e-7,1.2058983883158734e-8,0.01060939301180699,2.2862050505836367,0,2.3845217109962413,0.00005486386637899791,0.8628398357789372,0.021605761688553157,0,0.000009217738311601563,0,0,0,0,0,0,0,0,0,0,0,0,0,0,0,0,0,0,0,0,0,0,0,0,0,0,2.2968146964106757,3.2690313900684225,5.565846086479098
5.43,2.4097814324977357e-7,1.200817142601259e-8,0.010619185921537263,2.289873437016816,0,2.3887082742716483,0.000054914557659543424,0.8647010079780029,0.021626356779750874,0,0.000009226255009194853,0,0,0,0,0,0,0,0,0,0,0,0,0,0,0,0,0,0,0,0,0,0,0,0,0,0,2.300492875924668,3.2750997798420705,5.575592655766739
5.4350000000000005,2.412000384168261e-7,1.1957602534620992e-8,0.010628978817760166,2.2935393274145435,0,2.392891359497727,0.00005496524882439619,0.8665637167325816,0.021646951222437563,0,0.000009234771687350476,0,0,0,0,0,0,0,0,0,0,0,0,0,0,0,0,0,0,0,0,0,0,0,0,0,0,2.304168559389945,3.281166227473258,5.585334786863203
5.4399999999999995,2.4142193358387153e-7,1.1907275940373783e-8,0.010638771700512986,2.2972027337263836,0,2.397070984882916,0.00005501593987387594,0.8684279716082325,0.021667545018462395,0,0.000009243288346122154,0,0,0,0,0,0,0,0,0,0,0,0,0,0,0,0,0,0,0,0,0,0,0,0,0,0,2.307841758756106,3.287230760737831,5.595072519493938
5.445,2.4164382875091017e-7,1.1857190381315946e-8,0.0106485645698329,2.3008636678177283,0,2.401247168493879,0.000055066630808301316,0.8702937822618044,0.021688138169667467,0,0.000009251804985563418,0,0,0,0,0,0,0,0,0,0,0,0,0,0,0,0,0,0,0,0,0,0,0,0,0,0,2.3115124858885805,3.293293407361145,5.604805893249726
5.449999999999999,2.4186572391794197e-7,1.180734460211945e-8,0.010658357425756921,2.3045221414705908,0,2.4054199282569817,0.000055117321627989745,0.8721615140619056,0.02170873067788783,0,0.000009260321605727605,0,0,0,0,0,0,0,0,0,0,0,0,0,0,0,0,0,0,0,0,0,0,0,0,0,0,2.315180752569416,3.299354550640009,5.614535303209425
5.455,2.4208761908496684e-7,1.1757737354054548e-8,0.010668150268321956,2.3081781663843923,0,2.4095892819597755,0.00005516801233325756,0.8740308042926886,0.021729322544951527,0,0.000009268838206667856,0,0,0,0,0,0,0,0,0,0,0,0,0,0,0,0,0,0,0,0,0,0,0,0,0,0,2.3188465704980707,3.3054138456479554,5.624260416146026
5.46,2.4230951425198493e-7,1.1708367394961517e-8,0.010677943097564743,2.311831754176738,0,2.413755247252434,0.00005521870292441981,0.8759016389483728,0.021749913772679607,0,0.000009277354788437106,0,0,0,0,0,0,0,0,0,0,0,0,0,0,0,0,0,0,0,0,0,0,0,0,0,0,2.3225099512921847,3.3114712960311996,5.633981247323384
5.465,2.425314094189963e-7,1.1659233489222075e-8,0.010687735913521911,2.3154829163841932,0,2.4179178416492033,0.00005526939340179048,0.8777740060714214,0.021770504362886186,0,0.00000928587135108811,0,0,0,0,0,0,0,0,0,0,0,0,0,0,0,0,0,0,0,0,0,0,0,0,0,0,2.326170906488358,3.3175269073482636,5.643697813836622
5.47,2.4275330458600063e-7,1.1610334407730837e-8,0.010697528716229945,2.319131664463029,0,2.4220770825297975,0.00005532008376568236,0.8796478935914287,0.02179109431737845,0,0.000009294387894673417,0,0,0,0,0,0,0,0,0,0,0,0,0,0,0,0,0,0,0,0,0,0,0,0,0,0,2.329829447542898,3.323580684910265,5.653410132453163
5.475,2.4297519975299834e-7,1.1561668927866846e-8,0.0107073215057252,2.3227780097899897,0,2.4262329871408093,0.00005537077401640713,0.8815232893247679,0.02181168363795674,0,0.000009302904419245394,0,0,0,0,0,0,0,0,0,0,0,0,0,0,0,0,0,0,0,0,0,0,0,0,0,0,2.3334855858325834,3.3296326337819697,5.663118219614553
5.48,2.4319709491998927e-7,1.1513235833464923e-8,0.010717114282043888,2.3264219636630195,0,2.430385572597076,0.00005542146415427531,0.8834001809742482,0.021832272326414517,0,0.00000931142092485621,0,0,0,0,0,0,0,0,0,0,0,0,0,0,0,0,0,0,0,0,0,0,0,0,0,0,2.337139332655394,3.335682758782818,5.672822091438212
5.484999999999999,2.4341899008697343e-7,1.1465033914787144e-8,0.010726907045222101,2.3300635373019993,0,2.434534855883039,0.000055472154179596235,0.8852785561287635,0.021852860384538427,0,0.000009319937411557844,0,0,0,0,0,0,0,0,0,0,0,0,0,0,0,0,0,0,0,0,0,0,0,0,0,0,2.3407906992312455,3.3417310644879317,5.682521763719177
5.49,2.436408852539509e-7,1.1417061968494188e-8,0.010736699795295799,2.3337027418494833,0,2.4386808538540943,0.000055522844092678235,0.8871584022629544,0.021873447814108368,0,0.00000932845387940209,0,0,0,0,0,0,0,0,0,0,0,0,0,0,0,0,0,0,0,0,0,0,0,0,0,0,2.3444396967027266,3.347777555229129,5.692217251931856
5.494999999999999,2.4386278042092163e-7,1.1369318797616818e-8,0.0107464925323008,2.337339588371391,0,2.4428235832378986,0.00005557353389382839,0.8890397067368573,0.021894034616897456,0,0.00000933697032844054,0,0,0,0,0,0,0,0,0,0,0,0,0,0,0,0,0,0,0,0,0,0,0,0,0,0,2.348086336135791,3.3538222350958757,5.701908571231667
5.5,2.4408467558788567e-7,1.1321803211527164e-8,0.0107562852562728,2.340974087857737,0,2.4469630606356954,0.00005562422358335271,0.8909221394465663,0.021914620794672112,0,0.000009345486758724615,0,0,0,0,0,0,0,0,0,0,0,0,0,0,0,0,0,0,0,0,0,0,0,0,0,0,2.3517306285204884,3.359864790587276,5.7115954191077645
5.505,2.443065707548431e-7,1.1274514025910247e-8,0.010766077967247364,2.3446062512233152,0,2.451099302523585,0.000055674913161556085,0.8928059928910976,0.021935206349192053,0,0.000009354003170305536,0,0,0,0,0,0,0,0,0,0,0,0,0,0,0,0,0,0,0,0,0,0,0,0,0,0,2.355372584771647,3.3659055306802066,5.721278115451854
5.51,2.4452846592179385e-7,1.1227450062735224e-8,0.010775870665259927,2.3482360893083984,0,2.4552323252538124,0.00005572560262874232,0.8946913031833035,0.02195579128221035,0,0.000009362519563234344,0,0,0,0,0,0,0,0,0,0,0,0,0,0,0,0,0,0,0,0,0,0,0,0,0,0,2.3590122157295745,3.3719445078415182,5.730956723571093
5.515,2.44750361088738e-7,1.1180610150226886e-8,0.010785663350345793,2.3518636128794155,0,2.4593621450560152,0.00005577629198521406,0.8965780780239262,0.02197637559547348,0,0.00000937103593756189,0,0,0,0,0,0,0,0,0,0,0,0,0,0,0,0,0,0,0,0,0,0,0,0,0,0,2.362649532160732,3.3779817460033374,5.74063127816407
5.52,2.449722562556755e-7,1.1133993122837029e-8,0.010795456022540144,2.3554888326296317,0,2.463488778038464,0.000055826981231272914,0.8984663251889793,0.02199695929072128,0,0.000009379552293338847,0,0,0,0,0,0,0,0,0,0,0,0,0,0,0,0,0,0,0,0,0,0,0,0,0,0,2.3662845447584213,3.3840172690516894,5.750301813810111
5.525,2.4519415142260635e-7,1.1087597821215861e-8,0.010805248681878023,2.35911175917981,0,2.4676122401892897,0.00005587767036721935,0.9003560525298895,0.022017542369687067,0,0.000009388068630615692,0,0,0,0,0,0,0,0,0,0,0,0,0,0,0,0,0,0,0,0,0,0,0,0,0,0,2.3699172641434374,3.390051100827864,5.759968364971302
5.529999999999999,2.454160465895307e-7,1.1041423092183512e-8,0.010815041328394358,2.3627324030788746,0,2.471732547377689,0.000055928359393352735,0.9022472679736133,0.02203812483409761,0,0.000009396584949442731,0,0,0,0,0,0,0,0,0,0,0,0,0,0,0,0,0,0,0,0,0,0,0,0,0,0,2.3735477008647385,3.396083265129743,5.769630965994482
5.535,2.4563794175644845e-7,1.0995467788701334e-8,0.010824833962123949,2.3663507748045647,0,2.4758497153551233,0.00005597904830997142,0.9041399795227848,0.022058706685673207,0,0.000009405101249870085,0,0,0,0,0,0,0,0,0,0,0,0,0,0,0,0,0,0,0,0,0,0,0,0,0,0,2.377175865400098,3.402113785713141,5.779289651113239
5.54,2.458598369233597e-7,1.0949730769843504e-8,0.01083462658310146,2.369966884764072,0,2.4799637597564863,0.00005602973711737263,0.9060341952558326,0.022079287926127664,0,0.000009413617531947686,0,0,0,0,0,0,0,0,0,0,0,0,0,0,0,0,0,0,0,0,0,0,0,0,0,0,2.3808017681567413,3.408142686293096,5.788944454449837
5.545,2.4608173209026436e-7,1.0904210900768415e-8,0.01084441919136144,2.373580743294683,0,2.484074696101275,0.00005608042581585245,0.9079299233271194,0.022099868557168348,0,0.00000942213379572529,0,0,0,0,0,0,0,0,0,0,0,0,0,0,0,0,0,0,0,0,0,0,0,0,0,0,2.3844254194719876,3.414169990545174,5.798595410017162
5.55,2.463036272571626e-7,1.0858907052690303e-8,0.010854211786938314,2.3771923606644085,0,2.488182539794741,0.00005613111440570605,0.9098275811210023,0.02212044858049626,0,0.000009430650041252479,0,0,0,0,0,0,0,0,0,0,0,0,0,0,0,0,0,0,0,0,0,0,0,0,0,0,2.3880468296138813,3.420196131260686,5.808242960874567
5.555,2.465255224240543e-7,1.0813818102850698e-8,0.010864004369866374,2.3808017470726073,0,2.4922873061290107,0.00005618180288722738,0.9117268856806109,0.022141027997805988,0,0.000009439166268578647,0,0,0,0,0,0,0,0,0,0,0,0,0,0,0,0,0,0,0,0,0,0,0,0,0,0,2.3916660087818142,3.4262208407765833,5.8178868495583975
5.5600000000000005,2.4674741759093953e-7,1.0768942934490019e-8,0.010873796940179791,2.3844089126505974,0,2.4963890102842234,0.000056232491260709446,0.9136276754430401,0.0221616068107858,0,0.00000944768247775302,0,0,0,0,0,0,0,0,0,0,0,0,0,0,0,0,0,0,0,0,0,0,0,0,0,0,2.395282967107138,3.4322439727117877,5.8275269398189256
5.5649999999999995,2.469693127578183e-7,1.0724280436819228e-8,0.010883589497912623,2.388013867462265,0,2.5004876673296206,0.000056283179526444095,0.9155299266877727,0.02218218502111763,0,0.000009456198668824632,0,0,0,0,0,0,0,0,0,0,0,0,0,0,0,0,0,0,0,0,0,0,0,0,0,0,2.3988977146537707,3.438265518416706,5.837163233070477
5.57,2.4719120792469064e-7,1.0679829504991394e-8,0.010893382043098792,2.3916166215046766,0,2.5045832922246465,0.000056333867684722206,0.9174336154780287,0.022202762630477133,0,0.000009464714841842354,0,0,0,0,0,0,0,0,0,0,0,0,0,0,0,0,0,0,0,0,0,0,0,0,0,0,2.4025102614188127,3.444285468915679,5.846795730334492
5.574999999999999,2.474131030915565e-7,1.0635589040073499e-8,0.010903174575772102,2.395217184708656,0,2.5086758998200236,0.00005638455573583357,0.9193387176601792,0.022223339640533715,0,0.000009473230996854874,0,0,0,0,0,0,0,0,0,0,0,0,0,0,0,0,0,0,0,0,0,0,0,0,0,0,2.40612061733312,3.4503038149074694,5.85642443224059
5.58,2.47634998258416e-7,1.0591557949017976e-8,0.010912967095966251,2.3988155669393922,0,2.512765504858822,0.00005643524368006699,0.9212452088631629,0.022243916052950567,0,0.00000948174713391071,0,0,0,0,0,0,0,0,0,0,0,0,0,0,0,0,0,0,0,0,0,0,0,0,0,0,2.4097287922619146,3.45632054676575,5.866049339027665
5.585,2.4785689342526915e-7,1.0547735144634703e-8,0.010922759603714784,2.402411777997001,0,2.5168521219775015,0.000056485931517710114,0.9231530644979064,0.022264491869384655,0,0.000009490263253058196,0,0,0,0,0,0,0,0,0,0,0,0,0,0,0,0,0,0,0,0,0,0,0,0,0,0,2.413334796005344,3.4623356545395634,5.8756704505449076
5.59,2.4807878859211587e-7,1.050411954556262e-8,0.010932552099051154,2.406005827617118,0,2.520935765706959,0.00005653661924904968,0.925062259756752,0.0222850670914868,0,0.000009498779354345504,0,0,0,0,0,0,0,0,0,0,0,0,0,0,0,0,0,0,0,0,0,0,0,0,0,0,2.416938638299077,3.4683491279538012,5.885287766252878
5.595,2.483006837589563e-7,1.046071007624168e-8,0.010942344582008686,2.409597725471457,0,2.5250164504735513,0.000056587306874371324,0.9269727696128802,0.022305641720901673,0,0.000009507295437820627,0,0,0,0,0,0,0,0,0,0,0,0,0,0,0,0,0,0,0,0,0,0,0,0,0,0,2.4205403288148593,3.4743609564096456,5.894901285224504
5.6,2.485225789257903e-7,1.0417505666884743e-8,0.010952137052620586,2.4131874811683782,0,2.5290941906001083,0.00005663799439395974,0.9288843729041951,0.022326215759267843,0,0.00000951581150353139,0,0,0,0,0,0,0,0,0,0,0,0,0,0,0,0,0,0,0,0,0,0,0,0,0,0,2.424139877161083,3.480370933069469,5.904510810230552
5.605,2.4874447409261815e-7,1.03745052534495e-8,0.010961929510919928,2.416775104253436,0,2.533169000306932,0.000056688681808098495,0.9307970404761452,0.022346789208217793,0,0.000009524327551525441,0,0,0,0,0,0,0,0,0,0,0,0,0,0,0,0,0,0,0,0,0,0,0,0,0,0,2.427737292883335,3.486379043000654,5.914116335883989
5.609999999999999,2.4896636925943957e-7,1.0331707777610564e-8,0.010971721956939691,2.420360604209938,0,2.5372408937127866,0.000056739369117070195,0.9327109778452645,0.02236736206937795,0,0.000009532843581850261,0,0,0,0,0,0,0,0,0,0,0,0,0,0,0,0,0,0,0,0,0,0,0,0,0,0,2.431332585464955,3.492385505840128,5.9237180913050835
5.615,2.4918826442625474e-7,1.0289112186731399e-8,0.01098151439071272,2.423943990459485,0,2.541309884835878,0.000056790056321156455,0.9346261823687319,0.022387934344368733,0,0.000009541359594553165,0,0,0,0,0,0,0,0,0,0,0,0,0,0,0,0,0,0,0,0,0,0,0,0,0,0,2.4349257643275743,3.498390332964894,5.933316097292469
5.619999999999999,2.4941015959306367e-7,1.0246717433836635e-8,0.01099130681227175,2.42752527236251,0,2.5453759875948125,0.00005684074342063786,0.9365426513909492,0.022408506034804536,0,0.00000954987558968129,0,0,0,0,0,0,0,0,0,0,0,0,0,0,0,0,0,0,0,0,0,0,0,0,0,0,2.4385168388316587,3.5043935356395766,5.942910374471236
5.625,2.496320547598663e-7,1.0204522477584009e-8,0.011001099221649394,2.431104459218808,0,2.5494392158095533,0.00005689143041579401,0.9384603822434576,0.022429077142293807,0,0.000009558391567281616,0,0,0,0,0,0,0,0,0,0,0,0,0,0,0,0,0,0,0,0,0,0,0,0,0,0,2.4421058182770343,3.510395125017288,5.952500943294322
5.63,2.498539499266627e-7,1.0162526282236828e-8,0.011010891618878154,2.4346815602680625,0,2.553499583202361,0.00005694211730690349,0.9403793722448629,0.022449647668439043,0,0.000009566907527400947,0,0,0,0,0,0,0,0,0,0,0,0,0,0,0,0,0,0,0,0,0,0,0,0,0,0,2.445692711903417,3.516395112140497,5.962087824043914
5.635,2.500758450934529e-7,1.0120727817636129e-8,0.011020684003990413,2.438256584690371,0,2.5575571033987243,0.0000569928040942439,0.9422996187007446,0.02247021761483684,0,0.000009575423470085923,0,0,0,0,0,0,0,0,0,0,0,0,0,0,0,0,0,0,0,0,0,0,0,0,0,0,2.4492775288909345,3.52239350794187,5.971671036832804
5.64,2.502977402602369e-7,1.0079126059173112e-8,0.011030476377018447,2.4418295416067535,0,2.561611789928279,0.00005704349077809188,0.944221118903582,0.022490786983077896,0,0.000009583939395383021,0,0,0,0,0,0,0,0,0,0,0,0,0,0,0,0,0,0,0,0,0,0,0,0,0,0,2.4528602783606384,3.528390323245112,5.98125060160575
5.645,2.5051963542701477e-7,1.0037719987761512e-8,0.011040268737994404,2.445400440079662,0,2.56566365622571,0.000057094177358723044,0.9461438701326588,0.022511355774747045,0,0.00000959245530333855,0,0,0,0,0,0,0,0,0,0,0,0,0,0,0,0,0,0,0,0,0,0,0,0,0,0,2.4564409693750116,3.5343855687657784,5.99082653814079
5.65,2.507415305937864e-7,9.99650858981017e-9,0.011050061086950329,2.4489692891134904,0,2.569712715631662,0.00005714486383641204,0.948067846349048,0.022531923991423314,0,0.000009600971193998654,0,0,0,0,0,0,0,0,0,0,0,0,0,0,0,0,0,0,0,0,0,0,0,0,0,0,2.4600196109384798,3.540379231807164,6.000398842745644
5.654999999999999,2.509634257605519e-7,9.955490857195579e-9,0.011059853423918143,2.452536097655063,0,2.5737589813936053,0.00005719555021143258,0.949992908216689,0.022552491634679886,0,0.000009609487067409314,0,0,0,0,0,0,0,0,0,0,0,0,0,0,0,0,0,0,0,0,0,0,0,0,0,0,2.463596211997898,3.546371186282253,6.009967398280151
5.66,2.5118532092731127e-7,9.914665787234404e-9,0.01106964574892967,2.4561008745941377,0,2.5778024666667334,0.00005724623648405736,0.9519192233106379,0.02257305870608422,0,0.000009618002923616353,0,0,0,0,0,0,0,0,0,0,0,0,0,0,0,0,0,0,0,0,0,0,0,0,0,0,2.467170781443054,3.552361612922863,6.019532394365918
5.665,2.5140721609406456e-7,9.874032382656395e-9,0.011079438062016608,2.4596636287638836,0,2.5818431845148107,0.0000572969226545581,0.9538467992492121,0.022593625207197973,0,0.000009626518762665419,0,0,0,0,0,0,0,0,0,0,0,0,0,0,0,0,0,0,0,0,0,0,0,0,0,0,2.4707433281071487,3.558350532412638,6.029093860519787
5.67,2.516291112608116e-7,9.83358965157697e-9,0.01108923036321054,2.4632243689413693,0,2.5858811479110364,0.0000573476087232056,0.9557756437294647,0.022614191139577102,0,0.000009635034584602011,0,0,0,0,0,0,0,0,0,0,0,0,0,0,0,0,0,0,0,0,0,0,0,0,0,0,2.4743138607672805,3.564337965423386,6.038651826190667
5.675,2.5185100642755266e-7,9.793336607470207e-9,0.011099022652542955,2.46678310384804,0,2.5899163697388894,0.00005739829469026971,0.9577057645273038,0.022634756504771873,0,0.000009643550389471467,0,0,0,0,0,0,0,0,0,0,0,0,0,0,0,0,0,0,0,0,0,0,0,0,0,0,2.477882388144926,3.570323932616045,6.048206320760971
5.68,2.520729015942877e-7,9.753272269141644e-9,0.011108814930045213,2.4703398421501843,0,2.5939488627929563,0.000057448980556019285,0.959637169497614,0.022655321304326858,0,0.000009652066177318955,0,0,0,0,0,0,0,0,0,0,0,0,0,0,0,0,0,0,0,0,0,0,0,0,0,0,2.4814489189064037,3.57630845464163,6.057757373548034
5.6850000000000005,2.5229479676101656e-7,9.713395660701408e-9,0.011118607195748576,2.4738945924594073,0,2.597978639779764,0.00005749966632072223,0.9615698665743724,0.022675885539781008,0,0.000009660581948189491,0,0,0,0,0,0,0,0,0,0,0,0,0,0,0,0,0,0,0,0,0,0,0,0,0,0,2.4850134616633484,3.5822915521421868,6.0673050138055356
5.6899999999999995,2.525166919277394e-7,9.67370581153722e-9,0.011128399449684185,2.4774473633330842,0,2.6020057133185928,0.000057550351984645575,0.9635038637707654,0.02269644921266763,0,0.000009669097702127933,0,0,0,0,0,0,0,0,0,0,0,0,0,0,0,0,0,0,0,0,0,0,0,0,0,0,2.4885760249731663,3.5882732457517124,6.076849270724878
5.695,2.527385870944563e-7,9.63420175628752e-9,0.011138191691883079,2.480998163274831,0,2.6060300959422795,0.000057601037548055315,0.9654391691793147,0.022717012324514462,0,0.000009677613439178976,0,0,0,0,0,0,0,0,0,0,0,0,0,0,0,0,0,0,0,0,0,0,0,0,0,0,2.492136617339503,3.5942535560970956,6.086390173436598
5.699999999999999,2.5296048226116716e-7,9.594882534814816e-9,0.011147983922376195,2.4845470007349384,0,2.6100518000980153,0.00005765172301121658,0.9673757909719849,0.02273757487684365,0,0.000009686129159387162,0,0,0,0,0,0,0,0,0,0,0,0,0,0,0,0,0,0,0,0,0,0,0,0,0,0,2.4956952472126797,3.600232503799014,6.095927751011693
5.705,2.5318237742787206e-7,9.555747192178878e-9,0.011157776141194344,2.4880938841108353,0,2.6140708381481366,0.00005770240837439355,0.9693140200471733,0.02275813687117183,0,0.000009694644862796878,0,0,0,0,0,0,0,0,0,0,0,0,0,0,0,0,0,0,0,0,0,0,0,0,0,0,2.499251922990154,3.606210392119719,6.1054623151098735
5.71,2.5340427259457093e-7,9.516794778610242e-9,0.011167568348368235,2.491638821747521,0,2.6180872223708946,0.000057753093637849435,0.9712537072019112,0.02277869830901007,0,0.000009703160549452344,0,0,0,0,0,0,0,0,0,0,0,0,0,0,0,0,0,0,0,0,0,0,0,0,0,0,2.502806653016957,3.612187084136003,6.11499373715296
5.715,2.5362616776126387e-7,9.478024349483599e-9,0.011177360543928478,2.4951818219380066,0,2.6221009649612337,0.000057803778801846596,0.9731946997310207,0.022799259191864,0,0.000009711676219397644,0,0,0,0,0,0,0,0,0,0,0,0,0,0,0,0,0,0,0,0,0,0,0,0,0,0,2.5063594455861273,3.618162439339139,6.124521884925267
5.72,2.538480629279509e-7,9.439434965291451e-9,0.011187152727905565,2.49872289292375,0,2.6261120780315443,0.00005785446386664641,0.9751369827675819,0.022819819521233745,0,0.000009720191872676681,0,0,0,0,0,0,0,0,0,0,0,0,0,0,0,0,0,0,0,0,0,0,0,0,0,0,2.5099103089391535,3.624136454976099,6.1340467639152525
5.725,2.5406995809463195e-7,9.401025691617677e-9,0.011196944900329887,2.502262042895081,0,2.630120573612419,0.00005790514883250938,0.9770805413206742,0.022840379298614006,0,0.000009728707509333237,0,0,0,0,0,0,0,0,0,0,0,0,0,0,0,0,0,0,0,0,0,0,0,0,0,0,2.5134592512663945,3.630109128088049,6.143568379354443
5.73,2.542918532613071e-7,9.362795599111327e-9,0.01120673706123173,2.505799279991628,0,2.634126463653393,0.000057955833699695065,0.9790253602750529,0.022860938525494066,0,0.000009737223129410915,0,0,0,0,0,0,0,0,0,0,0,0,0,0,0,0,0,0,0,0,0,0,0,0,0,0,2.5170062807075086,3.6360804555107693,6.1530867362182775
5.734999999999999,2.5451374842797627e-7,9.324743763460418e-9,0.011216529210641266,2.509334612302736,0,2.638129760023675,0.000058006518468462105,0.9809714243907981,0.022881497203357807,0,0.000009745738732953167,0,0,0,0,0,0,0,0,0,0,0,0,0,0,0,0,0,0,0,0,0,0,0,0,0,0,2.5205514053518696,3.642050433875032,6.162601839226902
5.74,2.547356435946397e-7,9.28686926536583e-9,0.011226321348588577,2.5128680478678858,0,2.642130474512881,0.00005805720313906834,0.9829187183029957,0.022902055333683762,0,0.000009754254320003313,0,0,0,0,0,0,0,0,0,0,0,0,0,0,0,0,0,0,0,0,0,0,0,0,0,0,2.524094633238987,3.6480190596070194,6.172113692846006
5.744999999999999,2.549575387612972e-7,9.249171190515389e-9,0.011236113475103619,2.5163995946770963,0,2.6461286188317423,0.00005810788771177056,0.9848672265213944,0.022922612917945097,0,0.0000097627698906045,0,0,0,0,0,0,0,0,0,0,0,0,0,0,0,0,0,0,0,0,0,0,0,0,0,0,2.52763597235891,3.6539863289286845,6.181622301287595
5.75,2.551794339279489e-7,9.211648629557773e-9,0.011245905590216267,2.519929260671344,0,2.6501242046128244,0.000058158572186824784,0.9868169334300805,0.022943169957609675,0,0.000009771285444799741,0,0,0,0,0,0,0,0,0,0,0,0,0,0,0,0,0,0,0,0,0,0,0,0,0,0,2.5311754306526426,3.6599522378581466,6.19112766851079
5.755,2.5540132909459466e-7,9.174300678076926e-9,0.011255697693956273,2.52345705374295,0,2.6541172434112172,0.00005820925656448604,0.9887678153023994,0.022963726454140045,0,0.000009779800982631881,0,0,0,0,0,0,0,0,0,0,0,0,0,0,0,0,0,0,0,0,0,0,0,0,0,0,2.534713016012536,3.6659167742253036,6.20062979023784
5.76,2.5562322426123465e-7,9.137126436566075e-9,0.011265489786353293,2.5269829817359977,0,2.6581077467052396,0.00005825994084500855,0.9907198062979439,0.022984282408993514,0,0.000009788316504143634,0,0,0,0,0,0,0,0,0,0,0,0,0,0,0,0,0,0,0,0,0,0,0,0,0,0,2.5382487362827013,3.671879883669526,6.210128619952227
5.765,2.5584511942786883e-7,9.100125010402305e-9,0.011275281867436884,2.5305070524467075,0,2.662095725897117,0.000058310625028645616,0.9926729519743842,0.02300483782362213,0,0.000009796832009377556,0,0,0,0,0,0,0,0,0,0,0,0,0,0,0,0,0,0,0,0,0,0,0,0,0,0,2.5417825992593888,3.6778416231521613,6.21962422241155
5.77,2.5606701459449723e-7,9.063295509820869e-9,0.011285073937236491,2.5340292736238372,0,2.6660811923136594,0.000058361309115649614,0.9946272398114835,0.0230253926994727,0,0.000009805347498376052,0,0,0,0,0,0,0,0,0,0,0,0,0,0,0,0,0,0,0,0,0,0,0,0,0,0,2.5453146126913837,3.6838019914812294,6.229116604172614
5.775,2.562889097611199e-7,9.026637049889761e-9,0.01129486599578146,2.537549652969072,0,2.6700641572069364,0.00005841199310627214,0.9965826571928457,0.023045947037986854,0,0.000009813862971181391,0,0,0,0,0,0,0,0,0,0,0,0,0,0,0,0,0,0,0,0,0,0,0,0,0,0,2.5488447842804005,3.6897609872938464,6.238605771574247
5.779999999999999,2.5651080492773673e-7,8.990148750484372e-9,0.011304658043101046,2.541068198137394,0,2.6740446317549376,0.000058462677000763857,0.9985391914056437,0.023066500840601037,0,0.000009822378427835687,0,0,0,0,0,0,0,0,0,0,0,0,0,0,0,0,0,0,0,0,0,0,0,0,0,0,2.5523731216814487,3.6957186090566108,6.248091730738059
5.785,2.5673270009434793e-7,8.953829736262192e-9,0.01131445007922439,2.5445849167374743,0,2.678022627062223,0.00005851336079937455,1.0004968296403667,0.023087054108746546,0,0.000009830893868380909,0,0,0,0,0,0,0,0,0,0,0,0,0,0,0,0,0,0,0,0,0,0,0,0,0,0,2.5558996325032286,3.701674855066004,6.257574487569233
5.79,2.569545952609532e-7,8.917679136637654e-9,0.011324242104180529,2.5480998163320363,0,2.681998154160575,0.00005856404450235316,1.002455558990563,0.023107606843849538,0,0.000009839409292858877,0,0,0,0,0,0,0,0,0,0,0,0,0,0,0,0,0,0,0,0,0,0,0,0,0,0,2.559424324308491,3.707629723448783,6.267054047757274
5.795,2.5717649042755296e-7,8.88169608575703e-9,0.011334034117998422,2.551612904438236,0,2.6859712240096445,0.0000586147281099478,1.0044153664525795,0.02312815904733107,0,0.000009847924701311283,0,0,0,0,0,0,0,0,0,0,0,0,0,0,0,0,0,0,0,0,0,0,0,0,0,0,2.562947204614421,3.7135832121623658,6.276530416776787
5.8,2.573983855941469e-7,8.845879722473427e-9,0.011343826120706895,2.555124188528018,0,2.689941847497569,0.00005866541162240564,1.0063762389253088,0.023148710720607125,0,0.00000985644009377965,0,0,0,0,0,0,0,0,0,0,0,0,0,0,0,0,0,0,0,0,0,0,0,0,0,0,2.56646828089299,3.7195353189952014,6.286003599888192
5.805,2.5762028076073523e-7,8.810229190321932e-9,0.011353618112334702,2.5586336760284896,0,2.693910035441615,0.00005871609503997305,1.0083381632099306,0.023169261865088612,0,0.000009864955470305369,0,0,0,0,0,0,0,0,0,0,0,0,0,0,0,0,0,0,0,0,0,0,0,0,0,0,2.5699875605713345,3.725486041567144,6.295473602138479
5.8100000000000005,2.578421759273178e-7,8.774743637494777e-9,0.011363410092910491,2.562141374322275,0,2.6978757985887882,0.000058766778362895594,1.0103009560622014,0.02318981248218141,0,0.0000098734708309297,0,0,0,0,0,0,0,0,0,0,0,0,0,0,0,0,0,0,0,0,0,0,0,0,0,0,2.573505051032105,3.7314352073823644,6.30494025841447
5.8149999999999995,2.5806407109389473e-7,8.739422216816686e-9,0.011373202062462796,2.565647290747867,0,2.7018391476164485,0.00005881746159141789,1.0122645913559327,0.02321036257328637,0,0.000009881986175693745,0,0,0,0,0,0,0,0,0,0,0,0,0,0,0,0,0,0,0,0,0,0,0,0,0,0,2.577020759613823,3.737382800993435,6.314403560607258
5.82,2.582859662604661e-7,8.70426408572019e-9,0.01138299402102008,2.569151432599989,0,2.705800093132919,0.000058868144725783806,1.014229264079899,0.023230912139799366,0,0.000009890501504638471,0,0,0,0,0,0,0,0,0,0,0,0,0,0,0,0,0,0,0,0,0,0,0,0,0,0,2.580534693611239,3.743329027998848,6.323863721610087
5.824999999999999,2.5850786142703174e-7,8.669268406221203e-9,0.011392785968610679,2.5726538071299334,0,2.7097586456780753,0.00005891882776623626,1.0161949798435976,0.0232514611831113,0,0.0000098990168178047,0,0,0,0,0,0,0,0,0,0,0,0,0,0,0,0,0,0,0,0,0,0,0,0,0,0,2.5840468602756737,3.7492739045493684,6.333320764825042
5.83,2.587297565935919e-7,8.634434344894537e-9,0.01140257790526286,2.576154421545918,0,2.713714815723953,0.00005896951071301747,1.0181617443207567,0.023272009704608118,0,0.000009907532115233114,0,0,0,0,0,0,0,0,0,0,0,0,0,0,0,0,0,0,0,0,0,0,0,0,0,0,2.5875572668153715,3.755217446792146,6.342774713607517
5.835,2.5895165176014625e-7,8.599761072849668e-9,0.011412369831004769,2.579653283013413,0,2.7176686136753196,0.00005902019356636872,1.0201295632493943,0.023292557705670847,0,0.000009916047396964259,0,0,0,0,0,0,0,0,0,0,0,0,0,0,0,0,0,0,0,0,0,0,0,0,0,0,2.591065920395831,3.761159670871348,6.352225591267179
5.84,2.5917354692669513e-7,8.56524776570645e-9,0.01142216174586447,2.5831503986554964,0,2.7216200498702654,0.0000590708763265305,1.022098442431887,0.02331310518767561,0,0.00000992456266303854,0,0,0,0,0,0,0,0,0,0,0,0,0,0,0,0,0,0,0,0,0,0,0,0,0,0,2.5945728281401554,3.7671005929288177,6.361673421068973
5.845,2.5939544209323846e-7,8.530893603571049e-9,0.011431953649869923,2.5866457755531753,0,2.7255691345807675,0.00005912155899374249,1.0240683877350347,0.023333652151993633,0,0.000009933077913496226,0,0,0,0,0,0,0,0,0,0,0,0,0,0,0,0,0,0,0,0,0,0,0,0,0,0,2.598077997129381,3.7730402291047036,6.371118226234085
5.85,2.596173372597762e-7,8.496697771011888e-9,0.011441745543048998,2.5901394207457233,0,2.7295158780132653,0.00005917224156824351,1.0260394050901165,0.023354198599991313,0,0.00000994159314837744,0,0,0,0,0,0,0,0,0,0,0,0,0,0,0,0,0,0,0,0,0,0,0,0,0,0,2.6015814344028074,3.7789785955380895,6.380560029940897
5.855,2.5983923242630856e-7,8.462659457035748e-9,0.011451537425429469,2.59363134123101,0,2.7334602903092162,0.00005922292405027163,1.0280115004929589,0.023374744533030182,0,0.00000995010836772218,0,0,0,0,0,0,0,0,0,0,0,0,0,0,0,0,0,0,0,0,0,0,0,0,0,0,2.6050831469583313,3.784915708367623,6.389998855325954
5.859999999999999,2.6006112759283516e-7,8.428777855063992e-9,0.011461329297039,2.59712154396582,0,2.7374023815456483,0.00005927360644006398,1.0299846800039936,0.023395289952466942,0,0.000009958623571570283,0,0,0,0,0,0,0,0,0,0,0,0,0,0,0,0,0,0,0,0,0,0,0,0,0,0,2.6085831417527645,3.7908515837321204,6.399434725484885
5.865,2.6028302275935646e-7,8.395052162908755e-9,0.011471121157905193,2.6006100358661848,0,2.7413421617357216,0.00005932428873785705,1.031959393799817,0.023415834859653564,0,0.000009967138759961491,0,0,0,0,0,0,0,0,0,0,0,0,0,0,0,0,0,0,0,0,0,0,0,0,0,0,2.612081425702165,3.7967866818226903,6.408868107524855
5.869999999999999,2.60504917925872e-7,8.361481582749406e-9,0.011480913008055522,2.6040968238076863,0,2.745279640829255,0.000059374970943886345,1.0339353541156147,0.023436379255937154,0,0.000009975653932935366,0,0,0,0,0,0,0,0,0,0,0,0,0,0,0,0,0,0,0,0,0,0,0,0,0,0,2.615578005682141,3.802720724825684,6.418298730507825
5.875,2.6072681309238224e-7,8.32806532110898e-9,0.011490704847517389,2.6075819146257944,0,2.7492148287132787,0.000059425653058386734,1.0359123658233627,0.023456923142660145,0,0.000009984169090531368,0,0,0,0,0,0,0,0,0,0,0,0,0,0,0,0,0,0,0,0,0,0,0,0,0,0,2.61907288852819,3.8086535275014506,6.427726416029641
5.88,2.609487082588869e-7,8.294802588830806e-9,0.011500496676318087,2.6110653151161554,0,2.753147735212549,0.00005947633508159212,1.0378904030180036,0.02347746652116019,0,0.000009992684232788799,0,0,0,0,0,0,0,0,0,0,0,0,0,0,0,0,0,0,0,0,0,0,0,0,0,0,2.6225660810359845,3.814585073771027,6.437151154807012
5.885,2.611706034253862e-7,8.26169260105516e-9,0.011510288494484835,2.6145470320349187,0,2.7570783700900927,0.00005952701701373575,1.039869439589785,0.02349800939277026,0,0.000010001199359746843,0,0,0,0,0,0,0,0,0,0,0,0,0,0,0,0,0,0,0,0,0,0,0,0,0,0,2.6260575899616994,3.8205153472890214,6.446572937250721
5.89,2.613924985918801e-7,8.228734577196035e-9,0.011520080302044745,2.6180270720990344,0,2.7610067430477123,0.00005957769885505003,1.0418494492238028,0.023518551758818614,0,0.000010009714471444549,0,0,0,0,0,0,0,0,0,0,0,0,0,0,0,0,0,0,0,0,0,0,0,0,0,0,2.6295474220223123,3.82644433144366,6.455991753465972
5.895,2.6161439375836837e-7,8.195927740918052e-9,0.011529872099024844,2.6215054419865607,0,2.764932863726507,0.000059628380605766514,1.0438304053995446,0.023539093620628844,0,0.000010018229567920818,0,0,0,0,0,0,0,0,0,0,0,0,0,0,0,0,0,0,0,0,0,0,0,0,0,0,2.633035583895907,3.8323720093568543,6.4654075932527615
5.9,2.618362889248514e-7,8.163271320113448e-9,0.011539663885452049,2.6249821483369606,0,2.7688567417073853,0.00005967906226611601,1.0458122813904458,0.023559634979519916,0,0.000010026744649214434,0,0,0,0,0,0,0,0,0,0,0,0,0,0,0,0,0,0,0,0,0,0,0,0,0,0,2.6365220822219726,3.8382983638842663,6.474820446106239
5.904999999999999,2.62058184091329e-7,8.130764546879149e-9,0.011549455661353219,2.6284571977514046,0,2.7727783865115603,0.00005972974383632862,1.0477950502634437,0.023580175836806133,0,0.00001003525971536405,0,0,0,0,0,0,0,0,0,0,0,0,0,0,0,0,0,0,0,0,0,0,0,0,0,0,2.6400069236017063,3.844223377615362,6.484230301217068
5.91,2.622800792578011e-7,8.09840665749396e-9,0.011559247426755095,2.63193059679306,0,2.7766978076010544,0.00005978042531663356,1.0497786848785442,0.023600716193797222,0,0.00001004377476640818,0,0,0,0,0,0,0,0,0,0,0,0,0,0,0,0,0,0,0,0,0,0,0,0,0,0,2.643490114598301,3.8501470328734793,6.49363714747178
5.915,2.6250197442426794e-7,8.066196892395853e-9,0.011569039181684336,2.635402351987387,0,2.780615014379192,0.00005983110670725932,1.0517631578883697,0.0236212560517983,0,0.00001005228980238521,0,0,0,0,0,0,0,0,0,0,0,0,0,0,0,0,0,0,0,0,0,0,0,0,0,0,2.6469716617372425,3.8560693117158698,6.503040973453112
5.92,2.6272386959072937e-7,8.034134496159342e-9,0.01157883092616751,2.638872469822422,0,2.784530016191085,0.00005988178800843356,1.0537478383395995,0.023641795412109926,0,0.0000100608048233334,0,0,0,0,0,0,0,0,0,0,0,0,0,0,0,0,0,0,0,0,0,0,0,0,0,0,2.6504515715065935,3.8619895925356267,6.512441164042221
5.925,2.6294576475718546e-7,8.002218717473027e-9,0.011588622660231102,2.6423409567490714,0,2.788442822324118,0.00005993246922038325,1.0557332428680914,0.023662334276028124,0,0.000010069319829290869,0,0,0,0,0,0,0,0,0,0,0,0,0,0,0,0,0,0,0,0,0,0,0,0,0,0,2.653929850357286,3.8679084012572873,6.521838251614573
5.93,2.6316765992363625e-7,7.970448809117127e-9,0.0115984143839015,2.6458078191813894,0,2.7923534420084275,0.000059983150343334555,1.0577194645427384,0.02368287264484437,0,0.000010077834820295624,0,0,0,0,0,0,0,0,0,0,0,0,0,0,0,0,0,0,0,0,0,0,0,0,0,0,2.6574065047034,3.873825840181174,6.5312323448845735
5.9350000000000005,2.633895550900817e-7,7.938824027941191e-9,0.011608206097204999,2.6492730634968567,0,2.7962618844173677,0.00006003383137751286,1.0597065108095367,0.02370341051984564,0,0.000010086349796385528,0,0,0,0,0,0,0,0,0,0,0,0,0,0,0,0,0,0,0,0,0,0,0,0,0,0,2.660881540922441,3.8797419259279238,6.540623466850365
5.9399999999999995,2.6361145025652185e-7,7.907343634841946e-9,0.011617997800167814,2.652736696036666,0,2.800168158667986,0.00006008451232314279,1.0616943891982915,0.02372394790231443,0,0.000010094864757598325,0,0,0,0,0,0,0,0,0,0,0,0,0,0,0,0,0,0,0,0,0,0,0,0,0,0,2.6643549653556278,3.8856566751456727,6.5500116405013005
5.945,2.638333454229567e-7,7.87600689474108e-9,0.011627789492816069,2.6561987231059936,0,2.804072273821485,0.000060135193180448274,1.0636831073226964,0.023744484793528767,0,0.000010103379703971637,0,0,0,0,0,0,0,0,0,0,0,0,0,0,0,0,0,0,0,0,0,0,0,0,0,0,2.6678267843081622,3.8915701045105946,6.559396888818757
5.949999999999999,2.640552405893862e-7,7.84481307656339e-9,0.011637581175175793,2.6596591509742646,0,2.8079742388836757,0.00006018587394965239,1.0656726728804067,0.023765021194762197,0,0.000010111894635542934,0,0,0,0,0,0,0,0,0,0,0,0,0,0,0,0,0,0,0,0,0,0,0,0,0,0,2.671297004049494,3.89748223072743,6.568779234776924
5.955,2.642771357558106e-7,7.813761453214732e-9,0.011647372847272953,2.6631179858754406,0,2.8118740628054417,0.000060236554630977536,1.0676630936531268,0.023785557107283913,0,0.000010120409552349597,0,0,0,0,0,0,0,0,0,0,0,0,0,0,0,0,0,0,0,0,0,0,0,0,0,0,2.674765630813611,3.9033930705300355,6.578158701343646
5.96,2.6449903092222956e-7,7.78285130156036e-9,0.01165716450913339,2.666575234008267,0,2.8157717544831704,0.00006028723522464534,1.0696543775066774,0.023806092532358613,0,0.00001012892445442885,0,0,0,0,0,0,0,0,0,0,0,0,0,0,0,0,0,0,0,0,0,0,0,0,0,0,2.6782326707992827,3.9093026406818856,6.587535311481169
5.965,2.6472092608864346e-7,7.752081902403127e-9,0.011666956160782883,2.6700309015365504,0,2.819667322759216,0.00006033791573087668,1.071646532391083,0.023826627471246652,0,0.000010137439341817807,0,0,0,0,0,0,0,0,0,0,0,0,0,0,0,0,0,0,0,0,0,0,0,0,0,0,2.6816981301703415,3.9152109579766186,6.59690908814696
5.97,2.64942821255052e-7,7.721452540461934e-9,0.011676747802247126,2.6734849945894212,0,2.8235607764223283,0.000060388596149891684,1.073639566340645,0.023847161925204002,0,0.000010145954214553452,0,0,0,0,0,0,0,0,0,0,0,0,0,0,0,0,0,0,0,0,0,0,0,0,0,0,2.6851620150559423,3.9211180392385416,6.6062800542944835
5.975,2.6516471642145536e-7,7.69096250435024e-9,0.011686539433551711,2.676937519261586,0,2.8274521242080883,0.00006043927648190976,1.0756339559669952,0.0238676958954823,0,0.00001015446907267265,0,0,0,0,0,0,0,0,0,0,0,0,0,0,0,0,0,0,0,0,0,0,0,0,0,0,2.6886243315508165,3.9270243698161202,6.615648701366936
5.98,2.653866115878536e-7,7.660611086554637e-9,0.011696331054722162,2.6803884816135923,0,2.8313413747993463,0.000060489956727149614,1.0776292559002638,0.023888229383328827,0,0.00001016298391621214,0,0,0,0,0,0,0,0,0,0,0,0,0,0,0,0,0,0,0,0,0,0,0,0,0,0,2.692085085715537,3.932929513023582,6.625014598739119
5.984999999999999,2.6560850675424646e-7,7.630397583413621e-9,0.011706122665783903,2.6838378876720794,0,2.835228536826635,0.00006054063688582912,1.0796254136270422,0.023908762389986554,0,0.000010171498745208534,0,0,0,0,0,0,0,0,0,0,0,0,0,0,0,0,0,0,0,0,0,0,0,0,0,0,2.695544283576768,3.938833424979295,6.6343777085560625
5.99,2.6583040192063436e-7,7.600321295096311e-9,0.011715914266762285,2.6872857434300346,0,2.839113618868608,0.00006059131695816552,1.0816224119231541,0.023929294916694172,0,0.000010180013559698328,0,0,0,0,0,0,0,0,0,0,0,0,0,0,0,0,0,0,0,0,0,0,0,0,0,0,2.6990019311275204,3.944736097038974,6.643738028166494
5.994999999999999,2.660522970870169e-7,7.570381525581482e-9,0.01172570585768256,2.6907320548470364,0,2.84299662945244,0.00006064199694437526,1.0836202334415106,0.02394982696468608,0,0.000010188528359717888,0,0,0,0,0,0,0,0,0,0,0,0,0,0,0,0,0,0,0,0,0,0,0,0,0,0,2.702458034327398,3.950637520383941,6.653095554711339
6,2.662741922533945e-7,7.540577582636412e-9,0.011735497438569912,2.694176827849515,0,2.846877577054255,0.00006069267684467413,1.0856188607118284,0.02397035853519243,0,0.000010197043145303466,0,0,0,0,0,0,0,0,0,0,0,0,0,0,0,0,0,0,0,0,0,0,0,0,0,0,2.7059125991028545,3.9565376860212664,6.662450285124121
6.005,2.6649608741976677e-7,7.510908777796172e-9,0.011745289009449435,2.697620068330982,0,2.8507564700995283,0.000060743356659277135,1.0876182761403481,0.023990889629439117,0,0.000010205557916491189,0,0,0,0,0,0,0,0,0,0,0,0,0,0,0,0,0,0,0,0,0,0,0,0,0,0,2.7093656313474277,3.9624365847838914,6.671802216131319
6.01,2.66717982586134e-7,7.481374426342714e-9,0.011755080570346129,2.7010617821522893,0,2.8546333169634903,0.00006079403638839863,1.0896184620095533,0.024011420248647844,0,0.00001021407267331707,0,0,0,0,0,0,0,0,0,0,0,0,0,0,0,0,0,0,0,0,0,0,0,0,0,0,2.7128171369219922,3.968334207330753,6.681151344252745
6.015,2.6693987775249614e-7,7.451973847284234e-9,0.011764872121284919,2.7045019751418584,0,2.8585081259715306,0.00006084471603225217,1.09161940047789,0.024031950394036064,0,0.000010222587415816989,0,0,0,0,0,0,0,0,0,0,0,0,0,0,0,0,0,0,0,0,0,0,0,0,0,0,2.7162671216549947,3.974230544146905,6.6904976658018995
6.02,2.6716177291885307e-7,7.422706363334571e-9,0.011774663662290656,2.7079406530959265,0,2.862380905399595,0.000060895395591050666,1.0936210735794956,0.024052480066817095,0,0.000010231102144026716,0,0,0,0,0,0,0,0,0,0,0,0,0,0,0,0,0,0,0,0,0,0,0,0,0,0,2.7197155913426965,3.980125585543643,6.6998411768863395
6.025,2.673836680852051e-7,7.393571300892751e-9,0.011784455193388095,2.7113778217787807,0,2.866251663474579,0.0000609460750650063,1.095623463223919,0.024073009268200076,0,0.000010239616857981902,0,0,0,0,0,0,0,0,0,0,0,0,0,0,0,0,0,0,0,0,0,0,0,0,0,0,2.723162551749408,3.986019321658621,6.709181873408029
6.029999999999999,2.676055632515519e-7,7.364567990022553e-9,0.01179424671460191,2.7148134869229885,0,2.8701204083747083,0.00006099675445433054,1.0976261171638642,0.02409353799938997,0,0.000010248131557718074,0,0,0,0,0,0,0,0,0,0,0,0,0,0,0,0,0,0,0,0,0,0,0,0,0,0,2.7266080086077213,3.9919113084239743,6.718519317031696
6.035,2.6782745841789374e-7,7.335695764432264e-9,0.011804038225956706,2.71824765422964,0,2.873987148229938,0.00006104743375923419,1.0996294101998556,0.024114066261587637,0,0.000010256646243270648,0,0,0,0,0,0,0,0,0,0,0,0,0,0,0,0,0,0,0,0,0,0,0,0,0,0,2.730051967618751,3.9978019287713837,6.727853896390135
6.04,2.6804935358423055e-7,7.3069539614544695e-9,0.01181382972747699,2.721680329368567,0,2.8778518911223276,0.0000610981129799273,1.1016334076243224,0.024134594055989816,0,0.000010265160914674918,0,0,0,0,0,0,0,0,0,0,0,0,0,0,0,0,0,0,0,0,0,0,0,0,0,0,2.7334944344523517,4.003691256076534,6.737185690528886
6.045,2.6827124875056223e-7,7.278341922025988e-9,0.011823621219187194,2.7251115179785774,0,2.88171464508641,0.00006114879211661922,1.103638115415326,0.02415512138378914,0,0.00001027367557196606,0,0,0,0,0,0,0,0,0,0,0,0,0,0,0,0,0,0,0,0,0,0,0,0,0,0,2.7369354147473555,4.009579304353214,6.74651471910057
6.05,2.6849314391688893e-7,7.249858990667854e-9,0.01183341270111167,2.7285412256676804,0,2.8855754181095783,0.00006119947116951867,1.1056435396212392,0.02417564824617419,0,0.000010282190215179132,0,0,0,0,0,0,0,0,0,0,0,0,0,0,0,0,0,0,0,0,0,0,0,0,0,0,2.7403749141117952,4.0154660876383765,6.755841001750172
6.055,2.6871503908321055e-7,7.221504515465467e-9,0.011843204173274696,2.7319694580133103,0,2.8894342181324504,0.00006125015013883366,1.1076496863607825,0.024196174644329455,0,0.000010290704844349088,0,0,0,0,0,0,0,0,0,0,0,0,0,0,0,0,0,0,0,0,0,0,0,0,0,0,2.743812938123128,4.021351619992545,6.765164558115673
6.0600000000000005,2.689369342495273e-7,7.193277848048761e-9,0.011852995635700457,2.7353962205625453,0,2.8932910530492335,0.00006130082902477145,1.1096565618230545,0.02421670057943541,0,0.00001029921945951075,0,0,0,0,0,0,0,0,0,0,0,0,0,0,0,0,0,0,0,0,0,0,0,0,0,0,2.7472494923284576,4.027235915500207,6.774485407828665
6.0649999999999995,2.69158829415839e-7,7.1651783435725615e-9,0.011862787088413065,2.7388215188323306,0,2.897145930708088,0.00006135150782753866,1.1116641722675695,0.024237226052668474,0,0.000010307734060698838,0,0,0,0,0,0,0,0,0,0,0,0,0,0,0,0,0,0,0,0,0,0,0,0,0,0,2.750684582244751,4.033118988270214,6.783803570514966
6.07,2.693807245821457e-7,7.13720536069696e-9,0.01187257853143655,2.742245358309699,0,2.9009988589114903,0.00006140218654734127,1.1136725240242888,0.0242577510652011,0,0.000010316248647947945,0,0,0,0,0,0,0,0,0,0,0,0,0,0,0,0,0,0,0,0,0,0,0,0,0,0,2.754118213359065,4.039000852436176,6.79311906579524
6.074999999999999,2.6960261974844753e-7,7.109358261567831e-9,0.01188236996479487,2.745667744451977,0,2.904849845416584,0.00006145286518438451,1.115681623493643,0.024278275618201707,0,0.000010324763221292562,0,0,0,0,0,0,0,0,0,0,0,0,0,0,0,0,0,0,0,0,0,0,0,0,0,0,2.75755039112875,4.044881522156834,6.802431913285584
6.08,2.6982451491474426e-7,7.081636411797414e-9,0.011892161388511891,2.749088682687008,0,2.908698897935531,0.00006150354373887295,1.1176914771465685,0.02429879971283477,0,0.000010333277780767055,0,0,0,0,0,0,0,0,0,0,0,0,0,0,0,0,0,0,0,0,0,0,0,0,0,0,2.760981120981671,4.050761011616454,6.811742132598125
6.085,2.7004641008103613e-7,7.054039180445093e-9,0.011901952802611417,2.7525081784133616,0,2.9125460241358643,0.00006155422221101054,1.1197024285748174,0.02431932335026079,0,0.00001034179232640569,0,0,0,0,0,0,0,0,0,0,0,0,0,0,0,0,0,0,0,0,0,0,0,0,0,0,2.7644104083164223,4.056639672075479,6.821050080391902
6.09,2.702683052473231e-7,7.026565939998093e-9,0.011911744207117152,2.755926237000541,0,2.9163912316408314,0.00006160490060100046,1.1217142585129063,0.024339846531636324,0,0.00001035030685824261,0,0,0,0,0,0,0,0,0,0,0,0,0,0,0,0,0,0,0,0,0,0,0,0,0,0,2.7678382585025294,4.062517291892834,6.830355550395364
6.095,2.704902004136051e-7,6.9992160663524456e-9,0.01192153560205275,2.7593428637891932,0,2.920234528029737,0.00006165557890904527,1.1237268265385516,0.02436036925811403,0,0.000010358821376311841,0,0,0,0,0,0,0,0,0,0,0,0,0,0,0,0,0,0,0,0,0,0,0,0,0,0,2.771264676880662,4.068393738226688,6.83965841510735
6.1,2.707120955798823e-7,6.971988938793988e-9,0.011931326987441765,2.762758064091317,0,2.924075920838281,0.00006170625713534695,1.1257401168913663,0.02438089153084264,0,0.000010367335880647317,0,0,0,0,0,0,0,0,0,0,0,0,0,0,0,0,0,0,0,0,0,0,0,0,0,0,2.7746896687628433,4.074269002853506,6.84895867161635
6.105,2.7093399074615474e-7,6.944883939979385e-9,0.011941118363307678,2.766171843190463,0,2.9279154175588933,0.00006175693528010668,1.1277541137042817,0.024401413350967006,0,0.000010375850371282842,0,0,0,0,0,0,0,0,0,0,0,0,0,0,0,0,0,0,0,0,0,0,0,0,0,0,2.7781132394326455,4.080143077399794,6.858256316832439
6.109999999999999,2.7115588591242193e-7,6.917900455917439e-9,0.011950909729673892,2.7695842063419382,0,2.9317530256410613,0.00006180761334352499,1.1297688010032998,0.024421934719628082,0,0.000010384364848252107,0,0,0,0,0,0,0,0,0,0,0,0,0,0,0,0,0,0,0,0,0,0,0,0,0,0,2.7815353941453984,4.086015953342181,6.867551347487579
6.115,2.7137778107868447e-7,6.891037875950229e-9,0.01196070108656375,2.7729951587730115,0,2.9355887524916735,0.0000618582913258019,1.1317841627072387,0.024442455637963025,0,0.000010392879311588714,0,0,0,0,0,0,0,0,0,0,0,0,0,0,0,0,0,0,0,0,0,0,0,0,0,0,2.7849561381283943,4.091887622007512,6.876843760135906
6.119999999999999,2.7159967624494214e-7,6.864295592734629e-9,0.0119704924340005,2.7764047056831034,0,2.9394226054753267,0.00006190896922713662,1.1338001826274866,0.024462976107105062,0,0.000010401393761326136,0,0,0,0,0,0,0,0,0,0,0,0,0,0,0,0,0,0,0,0,0,0,0,0,0,0,2.7883754765810758,4.097758074572907,6.886133551153982
6.125,2.71821571411195e-7,6.837673002223679e-9,0.011980283772007317,2.77981285224399,0,2.9432545919146613,0.00006195964704772776,1.1358168444677605,0.024483496128183676,0,0.00001040990819749774,0,0,0,0,0,0,0,0,0,0,0,0,0,0,0,0,0,0,0,0,0,0,0,0,0,0,2.791793414675242,4.103627302065851,6.895420716741093
6.13,2.720434665774429e-7,6.81116950364824e-9,0.011990075100607303,2.7832196035999965,0,2.947084719090674,0.0000620103247877733,1.137834131823837,0.02450401570232451,0,0.000010418422620136789,0,0,0,0,0,0,0,0,0,0,0,0,0,0,0,0,0,0,0,0,0,0,0,0,0,0,2.7952099575552403,4.109495295364243,6.9047052529194834
6.135,2.722653617436862e-7,6.784784499498604e-9,0.011999866419823492,2.78662496486819,0,2.9509129942430383,0.00006206100244747056,1.1398520281833293,0.02452453483064942,0,0.000010426937029276435,0,0,0,0,0,0,0,0,0,0,0,0,0,0,0,0,0,0,0,0,0,0,0,0,0,0,2.7986251103381594,4.115362045196494,6.913987155534653
6.14,2.724872569099246e-7,6.758517395506279e-9,0.012009657729678826,2.7900289411385737,0,2.954739424570416,0.00006211168002701617,1.1418700040038618,0.024545053514276466,0,0.000010435451424949717,0,0,0,0,0,0,0,0,0,0,0,0,0,0,0,0,0,0,0,0,0,0,0,0,0,0,2.802038878114027,4.121227029220006,6.923265907334033
6.145,2.7270915207615817e-7,6.732367600625856e-9,0.012019449030196182,2.793431537474274,0,2.958564017230767,0.0000621623575266062,1.1438880107816285,0.02456557175431998,0,0.000010443965807189576,0,0,0,0,0,0,0,0,0,0,0,0,0,0,0,0,0,0,0,0,0,0,0,0,0,0,2.80545126594599,4.127090206090049,6.932541472036039
6.15,2.7293104724238693e-7,6.706334527016948e-9,0.012029240321398373,2.7968327589117323,0,2.962386779341658,0.00006221303494643603,1.1459066455220912,0.024586089551890535,0,0.000010452480176028833,0,0,0,0,0,0,0,0,0,0,0,0,0,0,0,0,0,0,0,0,0,0,0,0,0,0,2.8088622788705124,4.132952179930761,6.941814458801273
6.154999999999999,2.7315294240861093e-7,6.680417590026258e-9,0.012039031603308114,2.800232610460887,0,2.966207717980563,0.0000622637122867004,1.1479259426542283,0.02460660690809496,0,0.000010460994531500212,0,0,0,0,0,0,0,0,0,0,0,0,0,0,0,0,0,0,0,0,0,0,0,0,0,0,2.812271921897555,4.138812992249704,6.951084914147259
6.16,2.733748375748302e-7,6.654616208169685e-9,0.012048822875948063,2.803631097105368,0,2.9700268401851706,0.00006231438954759346,1.1499459368965952,0.0246271238240364,0,0.000010469508873636326,0,0,0,0,0,0,0,0,0,0,0,0,0,0,0,0,0,0,0,0,0,0,0,0,0,0,2.8156802000107697,4.144672684804224,6.960352884814993
6.165,2.7359673274104463e-7,6.628929803114584e-9,0.012058614139340807,2.80702822380267,0,2.9738441529536837,0.00006236506672930867,1.1519666632576495,0.024647640300814302,0,0.000010478023202469689,0,0,0,0,0,0,0,0,0,0,0,0,0,0,0,0,0,0,0,0,0,0,0,0,0,0,2.8190871181676735,4.150531299602079,6.969618417769753
6.17,2.738186279072545e-7,6.603357799662087e-9,0.012068405393508846,2.8104239954843404,0,2.977659663245106,0.00006241574383203891,1.1539881570360901,0.02466815633952441,0,0.000010486537518032696,0,0,0,0,0,0,0,0,0,0,0,0,0,0,0,0,0,0,0,0,0,0,0,0,0,0,2.8224926812998348,4.15638887890207,6.978881560201905
6.175,2.7404052307345954e-7,6.577899625729543e-9,0.012078196638474623,2.8138184170561584,0,2.9814733779795404,0.0000624664208559764,1.1560104538212115,0.024688671941258806,0,0.000010495051820357648,0,0,0,0,0,0,0,0,0,0,0,0,0,0,0,0,0,0,0,0,0,0,0,0,0,0,2.825896894313056,4.162245465214687,6.9881423595277425
6.18,2.7426241823965993e-7,6.552554712332997e-9,0.012087987874260487,2.8172114933983123,0,2.9852853040384866,0.00006251709780131278,1.158033589493249,0.02470918710710596,0,0.000010503566109476743,0,0,0,0,0,0,0,0,0,0,0,0,0,0,0,0,0,0,0,0,0,0,0,0,0,0,2.8292997620875457,4.168101101302753,6.997400863390299
6.1850000000000005,2.744843134058556e-7,6.5273224935697996e-9,0.012097779100888734,2.8206032293655796,0,2.989095448265114,0.00006256777466823902,1.1600576002237328,0.024729701838150632,0,0.00001051208038542206,0,0,0,0,0,0,0,0,0,0,0,0,0,0,0,0,0,0,0,0,0,0,0,0,0,0,2.8327012894781043,4.1739558301820505,7.006657119660154
6.1899999999999995,2.7470620857204647e-7,6.502202406601361e-9,0.012107570318381576,2.8239936297875023,0,2.9929038174645566,0.00006261845145694545,1.1620825224758509,0.024750216135474033,0,0.000010520594648225584,0,0,0,0,0,0,0,0,0,0,0,0,0,0,0,0,0,0,0,0,0,0,0,0,0,0,2.836101481314295,4.179809695121986,7.015911176436282
6.195,2.749281037382329e-7,6.477193891635846e-9,0.012117361526761173,2.82738269946856,0,2.9967104184041977,0.00006266912816762191,1.1641085530806794,0.024770730000153753,0,0.000010529108897919204,0,0,0,0,0,0,0,0,0,0,0,0,0,0,0,0,0,0,0,0,0,0,0,0,0,0,2.839500342400619,4.185662899722097,7.025163242122716
6.199999999999999,2.751499989044144e-7,6.452296391911156e-9,0.012127152726049575,2.8307704431883387,0,3.0005152578139374,0.00006271980480045747,1.1661367552564283,0.024791243433263763,0,0.000010537623134534692,0,0,0,0,0,0,0,0,0,0,0,0,0,0,0,0,0,0,0,0,0,0,0,0,0,0,2.8428978775166835,4.191516513931564,7.034414391448248
6.205,2.753718940705915e-7,6.427509353677807e-9,0.012136943916268806,2.8341568657017158,0,3.0043183423864837,0.0000627704813556407,1.168165917358634,0.02481175643587449,0,0.00001054613735810373,0,0,0,0,0,0,0,0,0,0,0,0,0,0,0,0,0,0,0,0,0,0,0,0,0,0,2.8462940914173878,4.197369332799706,7.043663424217094
6.21,2.755937892367638e-7,6.402832226182081e-9,0.012146735097440783,2.837541971739007,0,3.0081196787776117,0.00006282115783335949,1.1701960137577088,0.024832269009052794,0,0.000010554651568657878,0,0,0,0,0,0,0,0,0,0,0,0,0,0,0,0,0,0,0,0,0,0,0,0,0,0,2.849688988833069,4.203221337353775,7.052910326186844
6.215,2.758156844029314e-7,6.378264461649114e-9,0.012156526269587376,2.84092576600616,0,3.0119192736064537,0.0000628718342338012,1.1722270186322252,0.024852781153861983,0,0.000010563165766228618,0,0,0,0,0,0,0,0,0,0,0,0,0,0,0,0,0,0,0,0,0,0,0,0,0,0,2.8530825744696964,4.20907250839254,7.062155082862237
6.22,2.7603757956909447e-7,6.353805515266178e-9,0.012166317432730365,2.844308253184901,0,3.0157171334557504,0.00006292251055715247,1.1742589059684874,0.024873292871361845,0,0.000010571679950847316,0,0,0,0,0,0,0,0,0,0,0,0,0,0,0,0,0,0,0,0,0,0,0,0,0,0,2.8564748530090163,4.214922826486107,7.0713976794951225
6.225,2.762594747352529e-7,6.329454845165969e-9,0.012176108586891481,2.847689437932913,0,3.01951326487213,0.00006297318680359948,1.176291649560105,0.024893804162608637,0,0.00001058019412254524,0,0,0,0,0,0,0,0,0,0,0,0,0,0,0,0,0,0,0,0,0,0,0,0,0,0,2.859865829108734,4.22077227197577,7.080638101084505
6.23,2.764813699014069e-7,6.305211912410093e-9,0.012185899732092373,2.8510693248839933,0,3.0233076743663685,0.00006302386297332776,1.1783252230075791,0.024914315028655164,0,0.000010588708281353563,0,0,0,0,0,0,0,0,0,0,0,0,0,0,0,0,0,0,0,0,0,0,0,0,0,0,2.8632555074026675,4.226620824973857,7.089876332376525
6.234999999999999,2.767032650675561e-7,6.2810761809725435e-9,0.012195690868354613,2.854447918648214,0,3.0271003684136466,0.00006307453906652212,1.1803595997178837,0.024934825470550648,0,0.000010597222427303345,0,0,0,0,0,0,0,0,0,0,0,0,0,0,0,0,0,0,0,0,0,0,0,0,0,0,2.86664389250091,4.232468465363575,7.099112357864485
6.24,2.769251602337008e-7,6.257047117723268e-9,0.01220548199569972,2.857825223812096,0,3.0308913534538218,0.00006312521508336697,1.1823947529040522,0.024955335489340952,0,0.000010605736560425559,0,0,0,0,0,0,0,0,0,0,0,0,0,0,0,0,0,0,0,0,0,0,0,0,0,0,2.870030988990003,4.238315172798859,7.108346161788862
6.244999999999999,2.7714705539984087e-7,6.23312419241195e-9,0.012215273114149132,2.8612012449387483,0,3.0346806358916716,0.00006317589102404599,1.1844306555847706,0.024975845086068402,0,0.000010614250680751068,0,0,0,0,0,0,0,0,0,0,0,0,0,0,0,0,0,0,0,0,0,0,0,0,0,0,2.873416801433077,4.2441609267042155,7.1175777281372925
6.25,2.773689505659765e-7,6.209306877651674e-9,0.012225064223724233,2.864575986568049,0,3.038468222097159,0.00006322656688874238,1.1864672805839738,0.02499635426177193,0,0.000010622764788310651,0,0,0,0,0,0,0,0,0,0,0,0,0,0,0,0,0,0,0,0,0,0,0,0,0,0,2.8768013343700303,4.250005706274582,7.1268070406446125
6.255,2.7759084573210755e-7,6.185594648902893e-9,0.012234855324446311,2.8679494532167817,0,3.0422541184056753,0.00006327724267763864,1.1885042554365248,0.025016863017487005,0,0.000010631278883134973,0,0,0,0,0,0,0,0,0,0,0,0,0,0,0,0,0,0,0,0,0,0,0,0,0,0,2.8801845923176685,4.255849145381247,7.136033737698916
6.26,2.7781274089823403e-7,6.16198698445731e-9,0.012244646416336616,2.8713216493788063,0,3.0460383311182997,0.00006332791839091674,1.1905417280060568,0.025037371354245698,0,0.000010639792965254602,0,0,0,0,0,0,0,0,0,0,0,0,0,0,0,0,0,0,0,0,0,0,0,0,0,0,2.883566579769871,4.261691398189958,7.1452579779598295
6.265,2.7803463606435597e-7,6.138483365421943e-9,0.012254437499416317,2.874692579525208,0,3.04982086650204,0.00006337859402875808,1.1925798771486722,0.02505787927307669,0,0.000010648307034700025,0,0,0,0,0,0,0,0,0,0,0,0,0,0,0,0,0,0,0,0,0,0,0,0,0,0,2.8869473011977433,4.267532649824852,7.154479951022595
6.27,2.7825653123047334e-7,6.115083275703273e-9,0.012264228573706511,2.878062248104446,0,3.0536017307900845,0.00006342926959134348,1.194618699200864,0.025078386775005256,0,0.00001065682109150161,0,0,0,0,0,0,0,0,0,0,0,0,0,0,0,0,0,0,0,0,0,0,0,0,0,0,2.8903267610497676,4.273372902856637,7.163699663906405
6.275,2.7847842639658654e-7,6.091786201991392e-9,0.01227401963922824,2.881430659542517,0,3.0573809301820396,0.0000634799450788532,1.1966581904854074,0.025098893861053326,0,0.000010665335135689647,0,0,0,0,0,0,0,0,0,0,0,0,0,0,0,0,0,0,0,0,0,0,0,0,0,0,2.893704963751958,4.279212159808716,7.172917123560674
6.279999999999999,2.7870032156269487e-7,6.068591633744395e-9,0.01228381069600246,2.884797818243088,0,3.061158470844169,0.00006353062049146678,1.1986983473112318,0.025119400532239423,0,0.000010673849167294304,0,0,0,0,0,0,0,0,0,0,0,0,0,0,0,0,0,0,0,0,0,0,0,0,0,0,2.8970819137080035,4.285050423157299,7.182132336865302
6.285,2.7892221672879885e-7,6.0454990631726825e-9,0.012293601744050076,2.8881637285876667,0,3.064934358909645,0.0000635812958293634,1.2007391659732836,0.02513990678957878,0,0.000010682363186345683,0,0,0,0,0,0,0,0,0,0,0,0,0,0,0,0,0,0,0,0,0,0,0,0,0,0,2.9004576152994326,4.290887695331523,7.191345310630956
6.29,2.791441118948984e-7,6.022507985223467e-9,0.012303392783391926,2.891528394935732,0,3.0687086004787716,0.00006363197109272154,1.2027806427523784,0.025160412634083282,0,0.00001069087719287377,0,0,0,0,0,0,0,0,0,0,0,0,0,0,0,0,0,0,0,0,0,0,0,0,0,0,2.903832072885744,4.296723978713519,7.200556051599263
6.295,2.793660070609934e-7,5.999617897565328e-9,0.012313183814048775,2.89489182162489,0,3.072481201619226,0.00006368264628171913,1.2048227739150672,0.025180918066761475,0,0.000010699391186908457,0,0,0,0,0,0,0,0,0,0,0,0,0,0,0,0,0,0,0,0,0,0,0,0,0,0,2.9072052908045634,4.302559275638523,7.209764566443086
6.3,2.79587902227084e-7,5.9768283005728435e-9,0.01232297483604132,2.8982540129710164,0,3.076252168366291,0.00006373332139653355,1.2068655557134937,0.025201423088618634,0,0.000010707905168479549,0,0,0,0,0,0,0,0,0,0,0,0,0,0,0,0,0,0,0,0,0,0,0,0,0,0,2.9105772733717883,4.308393588394968,7.218970861766756
6.305,2.798097973931702e-7,5.954138697311321e-9,0.012332765849390203,2.901614973268404,0,3.080021506723083,0.00006378399643734164,1.2089089843852565,0.025221927700656732,0,0.000010716419137616757,0,0,0,0,0,0,0,0,0,0,0,0,0,0,0,0,0,0,0,0,0,0,0,0,0,0,2.9139480248817304,4.314226919224572,7.228174944106302
6.3100000000000005,2.8003169255925207e-7,5.9315485935215725e-9,0.012342556854116,2.9049747067899,0,3.0837892226607844,0.00006383467140431963,1.210953045361063,0.025242431903874468,0,0.00001072493309434969,0,0,0,0,0,0,0,0,0,0,0,0,0,0,0,0,0,0,0,0,0,0,0,0,0,0,2.917317549607257,4.32005925953022,7.237376809137477
6.3149999999999995,2.802535877253293e-7,5.909057497604885e-9,0.012352347850239196,2.9083332177870536,0,3.0875553221188605,0.00006388534629764319,1.2129976317603433,0.02526293569926726,0,0.00001073344703870786,0,0,0,0,0,0,0,0,0,0,0,0,0,0,0,0,0,0,0,0,0,0,0,0,0,0,2.920685851799938,4.325890508371807,7.246576360171745
6.32,2.8047548289140223e-7,5.886664920607884e-9,0.012362138837780251,2.911690510490254,0,3.091319811005301,0.00006393602111748748,1.2150428590600142,0.02528343908782732,0,0.0000107419609707207,0,0,0,0,0,0,0,0,0,0,0,0,0,0,0,0,0,0,0,0,0,0,0,0,0,0,2.9240529356901823,4.331720787135231,7.255773722825413
6.324999999999999,2.8069737805747085e-7,5.8643703762076976e-9,0.012371929816759534,2.9150465891088713,0,3.0950826951968233,0.00006398669586402705,1.2170887290755301,0.02530394207054358,0,0.000010750474890417533,0,0,0,0,0,0,0,0,0,0,0,0,0,0,0,0,0,0,0,0,0,0,0,0,0,0,2.9274188054873793,4.337550103513651,7.2649689090010305
6.33,2.8091927322353497e-7,5.8421733806970184e-9,0.012381720787197351,2.918401457831392,0,3.0988439805391077,0.00006403737053743598,1.219135243649027,0.025324444648401768,0,0.000010758988797827603,0,0,0,0,0,0,0,0,0,0,0,0,0,0,0,0,0,0,0,0,0,0,0,0,0,0,2.930783465380036,4.343378465195872,7.274161930575907
6.335,2.811411683895947e-7,5.820073452969371e-9,0.012391511749113956,2.921755120825562,0,3.1026036728470054,0.00006408804513788766,1.2211824046492186,0.025344946822384414,0,0.00001076750269298005,0,0,0,0,0,0,0,0,0,0,0,0,0,0,0,0,0,0,0,0,0,0,0,0,0,0,2.9341469195359178,4.34920587986644,7.2833527994023575
6.34,2.813630635556501e-7,5.79807011450437e-9,0.012401302702529525,2.9251075822385166,0,3.1063617779047616,0.0000641387196655551,1.223230213971308,0.025365448593470837,0,0.000010776016575903932,0,0,0,0,0,0,0,0,0,0,0,0,0,0,0,0,0,0,0,0,0,0,0,0,0,0,2.9375091721021795,4.355032355205782,7.292541527307961
6.345,2.8158495872170113e-7,5.776162889353177e-9,0.012411093647464183,2.9284588461969197,0,3.1101183014662275,0.00006418939412061061,1.2252786735368932,0.025385949962637176,0,0.00001078453044662821,0,0,0,0,0,0,0,0,0,0,0,0,0,0,0,0,0,0,0,0,0,0,0,0,0,0,2.9408702272055054,4.360857898890325,7.30172812609583
6.35,2.818068538877479e-7,5.754351304123873e-9,0.012420884583937983,2.9318089168070953,0,3.1138732492550756,0.00006424006850322608,1.227327785293861,0.0254064509308564,0,0.000010793044305181753,0,0,0,0,0,0,0,0,0,0,0,0,0,0,0,0,0,0,0,0,0,0,0,0,0,0,2.9442300889522386,4.366682518592602,7.31091260754484
6.355,2.820287490537903e-7,5.732634887967105e-9,0.01243067551197092,2.9351577981551626,0,3.1176266269650044,0.00006429074281357277,1.2293775512162963,0.025426951499098332,0,0.000010801558151593343,0,0,0,0,0,0,0,0,0,0,0,0,0,0,0,0,0,0,0,0,0,0,0,0,0,0,2.9475887614285177,4.3725062219813635,7.320094983409881
6.359999999999999,2.8225064421982827e-7,5.711013172561614e-9,0.012440466431582916,2.938505494307165,0,3.1213784402599525,0.00006434141705182144,1.2314279733043736,0.025447451668329624,0,0.000010810071985891662,0,0,0,0,0,0,0,0,0,0,0,0,0,0,0,0,0,0,0,0,0,0,0,0,0,0,2.9509462487004052,4.378329016721693,7.3292752654220985
6.365,2.824725393858621e-7,5.689485692100012e-9,0.012450257342793846,2.9418520093092035,0,3.125128694774308,0.00006439209121814232,1.233479053584262,0.02546795143951384,0,0.000010818585808105316,0,0,0,0,0,0,0,0,0,0,0,0,0,0,0,0,0,0,0,0,0,0,0,0,0,0,2.9543025548140225,4.38415091047511,7.338453465289133
6.369999999999999,2.826944345518915e-7,5.668051983274562e-9,0.012460048245623509,2.945197347187564,0,3.1288773961131024,0.00006444276531270507,1.2355308651072843,0.025488450813611382,0,0.000010827099618262805,0,0,0,0,0,0,0,0,0,0,0,0,0,0,0,0,0,0,0,0,0,0,0,0,0,0,2.9576576837956736,4.3899719818989285,7.347629665694602
6.375,2.8291632971791666e-7,5.646711585262982e-9,0.012469839140091655,2.948541511948848,0,3.1326245498522325,0.00006449343933567885,1.2375834393703176,0.025508949791579572,0,0.000010835613416392556,0,0,0,0,0,0,0,0,0,0,0,0,0,0,0,0,0,0,0,0,0,0,0,0,0,0,2.9610116396519808,4.395792268066882,7.356803907718863
6.38,2.831382248839376e-7,5.625464039714471e-9,0.012479630026217952,2.9518845075800986,0,3.1363701615386423,0.00006454411328723225,1.2396366682281446,0.02552944837437262,0,0.000010844127202522893,0,0,0,0,0,0,0,0,0,0,0,0,0,0,0,0,0,0,0,0,0,0,0,0,0,0,2.9643644263700053,4.401611666381649,7.365976092751655
6.385,2.833601200499541e-7,5.604308890735683e-9,0.012489420904022027,2.955226338048927,0,3.140114236690537,0.00006459478716753338,1.241690546116335,0.025549946562941683,0,0.000010852640976682056,0,0,0,0,0,0,0,0,0,0,0,0,0,0,0,0,0,0,0,0,0,0,0,0,0,0,2.967716047917378,4.407430176797958,7.375146224715336
6.39,2.8358201521596646e-7,5.583245684876829e-9,0.012499211773523434,2.9585670073036385,0,3.143856780797577,0.00006464546097674982,1.2437450674396338,0.025570444358234818,0,0.0000108611547388982,0,0,0,0,0,0,0,0,0,0,0,0,0,0,0,0,0,0,0,0,0,0,0,0,0,0,2.9710665082424232,4.413247799211161,7.384314307453584
6.395,2.838039103819745e-7,5.562273971117878e-9,0.01250900263474167,2.9619065192733562,0,3.1475977993210713,0.00006469613471504856,1.2458002265717711,0.025590941761197056,0,0.000010869668489199384,0,0,0,0,0,0,0,0,0,0,0,0,0,0,0,0,0,0,0,0,0,0,0,0,0,0,2.9744158112742825,4.419064533457243,7.393480344731525
6.4,2.840258055479785e-7,5.541393300854793e-9,0.012518793487696174,2.9652448778681473,0,3.151337297694178,0.00006474680838259615,1.2478560178552853,0.025611438772770365,0,0.000010878182227613592,0,0,0,0,0,0,0,0,0,0,0,0,0,0,0,0,0,0,0,0,0,0,0,0,0,0,2.977763960923042,4.424880379312843,7.402644340235885
6.404999999999999,2.84247700713978e-7,5.5206032278858734e-9,0.012528584332406304,2.968582086979138,0,3.15507528132209,0.0000647974819795585,1.2499124356013185,0.025631935393893676,0,0.000010886695954168693,0,0,0,0,0,0,0,0,0,0,0,0,0,0,0,0,0,0,0,0,0,0,0,0,0,0,2.9811109610798483,4.430695336495236,7.411806297575085
6.41,2.844695958799734e-7,5.49990330839816e-9,0.012538375168891393,2.971918150478648,0,3.158811755582239,0.00006484815550610119,1.2519694740894498,0.025652431625502924,0,0.000010895209668892515,0,0,0,0,0,0,0,0,0,0,0,0,0,0,0,0,0,0,0,0,0,0,0,0,0,0,2.984456815617038,4.436509404662367,7.420966220279405
6.415,2.846914910459645e-7,5.479293100953917e-9,0.012548165997170678,2.9752530722202932,0,3.1625467258244653,0.00006489882896238909,1.2540271275674801,0.025672927468531028,0,0.000010903723371812749,0,0,0,0,0,0,0,0,0,0,0,0,0,0,0,0,0,0,0,0,0,0,0,0,0,0,2.987801528388248,4.44232258341281,7.430124111801058
6.42,2.8491338621195155e-7,5.458772166477218e-9,0.01255795681726336,2.9785868560391235,0,3.1662801973712296,0.00006494950234858667,1.2560853902512636,0.0256934229239079,0,0.000010912237062957033,0,0,0,0,0,0,0,0,0,0,0,0,0,0,0,0,0,0,0,0,0,0,0,0,0,0,2.991145103228545,4.448134872285813,7.439279975514358
6.425,2.851352813779343e-7,5.438340068240544e-9,0.012567747629188577,2.9819195057517285,0,3.1700121755177824,0.00006500017566485786,1.2581442563245029,0.0257139179925605,0,0.000010920750742352908,0,0,0,0,0,0,0,0,0,0,0,0,0,0,0,0,0,0,0,0,0,0,0,0,0,0,2.9944875439545386,4.453946270761253,7.448433814715791
6.43,2.8535717654391287e-7,5.417996371851522e-9,0.01257753843296539,2.9852510251563604,0,3.173742665532354,0.00006505084891136606,1.2602038481477047,0.02573441267541277,0,0.000010929264410027823,0,0,0,0,0,0,0,0,0,0,0,0,0,0,0,0,0,0,0,0,0,0,0,0,0,0,2.997828854364499,4.459756906468793,7.457585760833291
6.4350000000000005,2.855790717098873e-7,5.3977406452396945e-9,0.012587329228612826,2.988581418033052,0,3.177471672656341,0.00006510152208827421,1.262264104375119,0.02575490697338575,0,0.000010937778066009161,0,0,0,0,0,0,0,0,0,0,0,0,0,0,0,0,0,0,0,0,0,0,0,0,0,0,3.0011690382384772,4.465566723305,7.466735761543477
6.4399999999999995,2.858009668758575e-7,5.377572458643439e-9,0.01259712001614983,2.9919106881437223,0,3.1811992021044815,0.00006515219519574462,1.2643249330246467,0.02577540088739748,0,0.000010946291710324185,0,0,0,0,0,0,0,0,0,0,0,0,0,0,0,0,0,0,0,0,0,0,0,0,0,0,3.0045080993384117,4.471375634503432,7.475883733841844
6.445,2.8602286204182365e-7,5.357491384596799e-9,0.012606910795595304,2.9952388392323113,0,3.184925259065044,0.00006520286823393927,1.2663863192080254,0.025795894418363115,0,0.000010954805343000118,0,0,0,0,0,0,0,0,0,0,0,0,0,0,0,0,0,0,0,0,0,0,0,0,0,0,3.00784604140826,4.477183630365009,7.485029671773269
6.449999999999999,2.8624475720778565e-7,5.337496997916583e-9,0.012616701566968081,2.9985658750248696,0,3.1886498486999995,0.00006525354120301954,1.268448247939539,0.025816387567194832,0,0.000010963318964064059,0,0,0,0,0,0,0,0,0,0,0,0,0,0,0,0,0,0,0,0,0,0,0,0,0,0,3.011182868174092,4.482990701066901,7.494173569240992
6.455,2.864666523737434e-7,5.317588875689426e-9,0.012626492330286947,3.0018917992296905,0,3.1923729761452,0.00006530421410314627,1.2705107041357453,0.025836880334801963,0,0.00001097183257354305,0,0,0,0,0,0,0,0,0,0,0,0,0,0,0,0,0,0,0,0,0,0,0,0,0,0,3.0145185833442185,4.488796836662424,7.503315420006642
6.46,2.8668854753969716e-7,5.297766597258918e-9,0.012636283085570616,3.0052166155374125,0,3.196094646510556,0.00006535488693447989,1.27257367261519,0.02585737272209088,0,0.000010980346171464032,0,0,0,0,0,0,0,0,0,0,0,0,0,0,0,0,0,0,0,0,0,0,0,0,0,0,3.0178531906092974,4.494602027080943,7.51245521769024
6.465,2.869104427056467e-7,5.2780297442128556e-9,0.012646073832837751,3.0085403276211333,0,3.1998148648802074,0.00006540555969718026,1.274637138098142,0.025877864729965092,0,0.000010988859757853865,0,0,0,0,0,0,0,0,0,0,0,0,0,0,0,0,0,0,0,0,0,0,0,0,0,0,3.0211866936424436,4.500406262127769,7.521592955770213
6.47,2.8713233787159215e-7,5.258377900370541e-9,0.012655864572106964,3.011862939136521,0,3.2035336363127027,0.0000654562323914068,1.2767010852063074,0.025898356359325237,0,0.000010997373332739335,0,0,0,0,0,0,0,0,0,0,0,0,0,0,0,0,0,0,0,0,0,0,0,0,0,0,3.0245190960993433,4.50620953148406,7.530728627583403
6.475,2.873542330375335e-7,5.238810651770159e-9,0.012665655303396795,3.0151844537219215,0,3.207250965841163,0.00006550690501731843,1.2787654984625625,0.02591884761106909,0,0.000011005886896147144,0,0,0,0,0,0,0,0,0,0,0,0,0,0,0,0,0,0,0,0,0,0,0,0,0,0,3.0278504016183616,4.5120118247067085,7.53986222632507
6.48,2.875761282034709e-7,5.2193275866562066e-9,0.012675446026725743,3.0185048749984666,0,3.2109668584734585,0.00006555757757507355,1.280830362290669,0.02593933848609157,0,0.000011014400448103903,0,0,0,0,0,0,0,0,0,0,0,0,0,0,0,0,0,0,0,0,0,0,0,0,0,0,3.031180613820648,4.517813131228242,7.5489937450488895
6.484999999999999,2.877980233694041e-7,5.199928295467021e-9,0.012685236742112228,3.0218242065701824,0,3.214681319192367,0.00006560825006483003,1.2828956610150046,0.02595982898528473,0,0.000011022913988636134,0,0,0,0,0,0,0,0,0,0,0,0,0,0,0,0,0,0,0,0,0,0,0,0,0,0,3.0345097363102465,4.523613440356709,7.558123176666956
6.49,2.8801991853533327e-7,5.180612370822365e-9,0.012695027449574639,3.0251424520241,0,3.2183943529557544,0.00006565892248674539,1.2849610792287838,0.025980319109537815,0,0.000011031427517770303,0,0,0,0,0,0,0,0,0,0,0,0,0,0,0,0,0,0,0,0,0,0,0,0,0,0,3.0378377726742056,4.529412441644081,7.567250214318287
6.494999999999999,2.882418137012583e-7,5.161379407511087e-9,0.012704818149131287,3.0284596149303575,0,3.222105964696729,0.00006570959484097651,1.2870268014576374,0.026000808859737264,0,0.000011039941035532773,0,0,0,0,0,0,0,0,0,0,0,0,0,0,0,0,0,0,0,0,0,0,0,0,0,0,3.041164726482682,4.535210324549981,7.576375051032663
6.5,2.8846370886717934e-7,5.142229002478824e-9,0.012714608840800444,3.0317756988423037,0,3.225816159323813,0.00006576026712767991,1.289092938886738,0.026021298236766677,0,0.000011048454541949832,0,0,0,0,0,0,0,0,0,0,0,0,0,0,0,0,0,0,0,0,0,0,0,0,0,0,3.044490601289042,4.541007205168987,7.585497806458029
6.505,2.886856040330963e-7,5.123160754815848e-9,0.012724399524600303,3.0350907072966056,0,3.229524941721098,0.00006581093934701152,1.2911594929486852,0.026041787241506874,0,0.000011056968037047685,0,0,0,0,0,0,0,0,0,0,0,0,0,0,0,0,0,0,0,0,0,0,0,0,0,0,3.047815400629971,4.546803089818674,7.594618490448645
6.51,2.8890749919900927e-7,5.104174265744882e-9,0.01273419020054903,3.0384046438133545,0,3.2332323167484174,0.00006586161149912687,1.2932264650991578,0.02606227587483589,0,0.000011065481520852462,0,0,0,0,0,0,0,0,0,0,0,0,0,0,0,0,0,0,0,0,0,0,0,0,0,0,3.0511391280255773,4.552597984815431,7.603737112841008
6.515,2.891293943649183e-7,5.085269138609065e-9,0.012743980868664712,3.0417175118961604,0,3.2369382892414933,0.00006591228358418099,1.295293856816773,0.026082764137628982,0,0.000011073994993390204,0,0,0,0,0,0,0,0,0,0,0,0,0,0,0,0,0,0,0,0,0,0,0,0,0,0,3.0544617869794886,4.558391896474473,7.612853683453961
6.52,2.8935128953082316e-7,5.066444978859944e-9,0.012753771528965388,3.0450293150322607,0,3.240642864012108,0.0000659629556023284,1.297361669602924,0.026103252030758646,0,0.00001108250845468688,0,0,0,0,0,0,0,0,0,0,0,0,0,0,0,0,0,0,0,0,0,0,0,0,0,0,3.0577833809789605,4.564184831109848,7.621968212088808
6.525,2.8957318469672417e-7,5.047701394045548e-9,0.012763562181469047,3.0483400566926235,0,3.2443460458482525,0.00006601362755372321,1.2994299049816267,0.026123739555094616,0,0.000011091021904768378,0,0,0,0,0,0,0,0,0,0,0,0,0,0,0,0,0,0,0,0,0,0,0,0,0,0,3.0611039134949785,4.569976795034432,7.63108070852941
6.529999999999999,2.89795079862621e-7,5.029037993798558e-9,0.012773352826193613,3.0516497403320377,0,3.248047839514287,0.00006606429943851898,1.3014985644993693,0.026144226711503887,0,0.000011099535343660498,0,0,0,0,0,0,0,0,0,0,0,0,0,0,0,0,0,0,0,0,0,0,0,0,0,0,3.0644233879823495,4.575767794559942,7.640191182542292
6.535,2.9001697502851397e-7,5.010454389824457e-9,0.012783143463156961,3.0549583693892255,0,3.2517482497510932,0.00006611497125686887,1.303567649724956,0.026164713500850742,0,0.000011108048771388972,0,0,0,0,0,0,0,0,0,0,0,0,0,0,0,0,0,0,0,0,0,0,0,0,0,0,3.067741807879812,4.581557835996929,7.649299643876741
6.54,2.902388701944031e-7,4.991950195889863e-9,0.01279293409237692,3.058265947286929,0,3.2554472812762323,0.00006616564300892552,1.3056371622493446,0.02618519992399672,0,0.00001111656218797945,0,0,0,0,0,0,0,0,0,0,0,0,0,0,0,0,0,0,0,0,0,0,0,0,0,0,3.071059176610126,4.58734692565477,7.658406102264896
6.545,2.9046076536028794e-7,4.973525027810843e-9,0.012802724713871236,3.0615724774320183,0,3.259144938784092,0.00006621631469484114,1.3077071036854793,0.02620568598180065,0,0.000011125075593457495,0,0,0,0,0,0,0,0,0,0,0,0,0,0,0,0,0,0,0,0,0,0,0,0,0,0,3.07437549758018,4.593135069841661,7.667510567421841
6.55,2.906826605261691e-7,4.955178503441314e-9,0.012812515327657634,3.064877963215584,0,3.262841226946043,0.00006626698631476744,1.3097777764049325,0.026226171675118683,0,0.000011133588987848607,0,0,0,0,0,0,0,0,0,0,0,0,0,0,0,0,0,0,0,0,0,0,0,0,0,0,3.0776907741810806,4.598922575601397,7.676613349782477
6.555,2.9090455569204614e-7,4.936910242661565e-9,0.012822305933753766,3.068182408013033,0,3.2665361504105825,0.00006631765786885569,1.3118489833750477,0.02624665700480427,0,0.000011142102371178194,0,0,0,0,0,0,0,0,0,0,0,0,0,0,0,0,0,0,0,0,0,0,0,0,0,0,3.0810050097882526,4.604709250550674,7.685714260338926
6.5600000000000005,2.911264508579194e-7,4.9187198673667265e-9,0.01283209653217724,3.0714858151841877,0,3.2702297138034915,0.00006636832935725669,1.313920596621075,0.026267141971708187,0,0.000011150615743471595,0,0,0,0,0,0,0,0,0,0,0,0,0,0,0,0,0,0,0,0,0,0,0,0,0,0,3.0843182077615356,4.610494971341375,7.694813179102911
6.5649999999999995,2.9134834602378866e-7,4.900607001455456e-9,0.012841887122945587,3.074788188073375,0,3.2739219217279723,0.00006641900078012078,1.3159926005021698,0.02628762657667852,0,0.000011159129104754063,0,0,0,0,0,0,0,0,0,0,0,0,0,0,0,0,0,0,0,0,0,0,0,0,0,0,3.0876303714452735,4.616279726936706,7.7039100983819795
6.57,2.915702411896539e-7,4.882571270818547e-9,0.012851677706076328,3.078089530009531,0,3.2776127787648037,0.00006646967213759783,1.3180649792779362,0.026308110820560743,0,0.000011167642455050788,0,0,0,0,0,0,0,0,0,0,0,0,0,0,0,0,0,0,0,0,0,0,0,0,0,0,3.09094150416842,4.622063506177894,7.713005010346314
6.574999999999999,2.917921363555153e-7,4.864612303327724e-9,0.012861468281586887,3.0813898443062837,0,3.2813022894724773,0.00006652034342983726,1.3201377171081319,0.02632859470419765,0,0.000011176155794386866,0,0,0,0,0,0,0,0,0,0,0,0,0,0,0,0,0,0,0,0,0,0,0,0,0,0,3.094251609244619,4.627846297784031,7.72209790702865
6.58,2.9201403152137275e-7,4.8467297288243684e-9,0.012871258849494655,3.0846891342620553,0,3.284990458387354,0.00006657101465698806,1.3222107980523765,0.026349078228429412,0,0.000011184669122787338,0,0,0,0,0,0,0,0,0,0,0,0,0,0,0,0,0,0,0,0,0,0,0,0,0,0,3.0975606899723114,4.63362809035194,7.731188780324251
6.585,2.922359266872264e-7,4.828923179108484e-9,0.012881049409816976,3.087987403160145,0,3.288677290023792,0.00006662168581919875,1.324284206069866,0.026369561394093577,0,0.000011193182440277145,0,0,0,0,0,0,0,0,0,0,0,0,0,0,0,0,0,0,0,0,0,0,0,0,0,0,3.1008687496348117,4.639408872356011,7.740277621990822
6.59,2.9245782185307615e-7,4.8111922879275414e-9,0.012890839962571126,3.0912846542688284,0,3.292362788874298,0.00006667235691661737,1.3263579250190574,0.026390044202025058,0,0.000011201695746881167,0,0,0,0,0,0,0,0,0,0,0,0,0,0,0,0,0,0,0,0,0,0,0,0,0,0,3.104175791500414,4.645188632148044,7.7493644236484585
6.595,2.9267971701892195e-7,4.7935366909655145e-9,0.012900630507774336,3.0945808908414443,0,3.2960469594096646,0.00006672302794939154,1.3284319386573962,0.026410526653056186,0,0.000011210209042624203,0,0,0,0,0,0,0,0,0,0,0,0,0,0,0,0,0,0,0,0,0,0,0,0,0,0,3.107481818822472,4.650967357957109,7.758449176779581
6.6,2.929016121847639e-7,4.775956025831932e-9,0.01291042104544379,3.097876116116488,0,3.299729806079112,0.00006677369891766846,1.330506230641005,0.02643100874801671,0,0.000011218722327530986,0,0,0,0,0,0,0,0,0,0,0,0,0,0,0,0,0,0,0,0,0,0,0,0,0,0,3.1107868348395,4.656745037889379,7.7675318727288785
6.605,2.9312350735060206e-7,4.758449932050989e-9,0.012920211575596613,3.1011703333176963,0,3.3034113333104203,0.00006682436982159481,1.3325807845244009,0.026451490487733743,0,0.000011227235601626161,0,0,0,0,0,0,0,0,0,0,0,0,0,0,0,0,0,0,0,0,0,0,0,0,0,0,3.11409084277525,4.662521659927978,7.7766125027032285
6.609999999999999,2.933454025164363e-7,4.741018051050756e-9,0.012930002098249876,3.104463545654139,0,3.307091545510073,0.00006687504066131686,1.3346554670190218,0.02647197187303188,0,0.0000112357488649343,0,0,0,0,0,0,0,0,0,0,0,0,0,0,0,0,0,0,0,0,0,0,0,0,0,0,3.1173938458388095,4.668297095191653,7.785690941030462
6.615,2.9356729768226676e-7,4.72366002615236e-9,0.012939792613420608,3.1077557563203104,0,3.3107704470633905,0.00006692571143698047,1.3367303086900486,0.026492452904733114,0,0.00001124426211747991,0,0,0,0,0,0,0,0,0,0,0,0,0,0,0,0,0,0,0,0,0,0,0,0,0,0,3.1206958472246886,4.6740713786317265,7.794767225856415
6.619999999999999,2.9378919284809335e-7,4.706375502559387e-9,0.01294958312112577,3.1110469684962063,0,3.314448042334662,0.000066976382148731,1.338805373872646,0.026512933583656903,0,0.000011252775359287417,0,0,0,0,0,0,0,0,0,0,0,0,0,0,0,0,0,0,0,0,0,0,0,0,0,0,3.1239968501129005,4.679844578948473,7.803841429061373
6.625,2.940110880139161e-7,4.689164127347158e-9,0.012959373621382296,3.114337185347425,0,3.3181243356672865,0.00006702705279671342,1.3408806535322466,0.026533413910620154,0,0.000011261288590381169,0,0,0,0,0,0,0,0,0,0,0,0,0,0,0,0,0,0,0,0,0,0,0,0,0,0,3.127296857669059,4.68561669145154,7.8129135491206
6.63,2.94232983179735e-7,4.67202554945223e-9,0.012969164114207041,3.1176264100252404,0,3.3217993313838967,0.00006707772338107226,1.3429561385847633,0.026553893886437235,0,0.000011269801810785452,0,0,0,0,0,0,0,0,0,0,0,0,0,0,0,0,0,0,0,0,0,0,0,0,0,0,3.1305958730444563,4.6913877113802895,7.821983584424746
6.635,2.9445487834555027e-7,4.654959419661829e-9,0.012978954599616834,3.120914645666698,0,3.325473033786499,0.00006712839390195155,1.345031819896334,0.026574373511920015,0,0.000011278315020524472,0,0,0,0,0,0,0,0,0,0,0,0,0,0,0,0,0,0,0,0,0,0,0,0,0,0,3.1338938993761523,4.697157633903676,7.831051533279828
6.64,2.9467677351136156e-7,4.637965390603453e-9,0.012988745077628436,3.1242018953946897,0,3.329145447156597,0.00006717906435949495,1.347107688283057,0.02659485278787781,0,0.000011286828219622358,0,0,0,0,0,0,0,0,0,0,0,0,0,0,0,0,0,0,0,0,0,0,0,0,0,0,3.137190939787057,4.702926454120111,7.8401173939071676
6.645,2.948986686771691e-7,4.6210431167344405e-9,0.012998535548258573,3.1274881623180475,0,3.3328165757553254,0.00006722973475384566,1.3491837345107414,0.02661533171511745,0,0.00001129534140810317,0,0,0,0,0,0,0,0,0,0,0,0,0,0,0,0,0,0,0,0,0,0,0,0,0,0,3.140486997386018,4.708694167057346,7.849181164443364
6.65,2.9512056384297284e-7,4.604192254331666e-9,0.013008326011523897,3.130773449531623,0,3.3364864238235783,0.00006728040508514649,1.3512599492946453,0.02663581029444328,0,0.000011303854585990901,0,0,0,0,0,0,0,0,0,0,0,0,0,0,0,0,0,0,0,0,0,0,0,0,0,0,3.143782075267903,4.714460767672338,7.858242842940241
6.654999999999999,2.9534245900877285e-7,4.587412461481276e-9,0.013018116467441034,3.1340577601163666,0,3.3401549955821324,0.00006733107535353974,1.3533363232992133,0.026656288526657145,0,0.000011312367753309463,0,0,0,0,0,0,0,0,0,0,0,0,0,0,0,0,0,0,0,0,0,0,0,0,0,0,3.1470761765136794,4.72022625085111,7.867302427364789
6.66,2.955643541745692e-7,4.570703398068442e-9,0.013027906916026556,3.1373410971394198,0,3.343822295231785,0.0000673817455591674,1.3554128471378109,0.02667676641255843,0,0.00001132088091008271,0,0,0,0,0,0,0,0,0,0,0,0,0,0,0,0,0,0,0,0,0,0,0,0,0,0,3.150369304190504,4.725990611408624,7.876359915599128
6.665,2.957862493403616e-7,4.5540647257672706e-9,0.01303769735729696,3.1406234636541823,0,3.3474883269534597,0.00006743241570217085,1.3574895113724703,0.02669724395294401,0,0.000011329394056334392,0,0,0,0,0,0,0,0,0,0,0,0,0,0,0,0,0,0,0,0,0,0,0,0,0,0,3.1536614613517933,4.731753844088632,7.885415305440425
6.67,2.9600814450615037e-7,4.537496108030647e-9,0.01304748779126874,3.1439048627004094,0,3.351153094908353,0.00006748308578269123,1.3595662012263956,0.02671772114860839,0,0.000011337907192088227,0,0,0,0,0,0,0,0,0,0,0,0,0,0,0,0,0,0,0,0,0,0,0,0,0,0,3.1569526510373187,4.737515838276332,7.894468489313651
6.675,2.962300396719354e-7,4.5209972100802375e-9,0.01305727821795829,3.147185297304281,0,3.3548166032380413,0.00006753375580086917,1.3616428484929148,0.026738198000343525,0,0.000011346420317367841,0,0,0,0,0,0,0,0,0,0,0,0,0,0,0,0,0,0,0,0,0,0,0,0,0,0,3.1602428762732764,4.743276529907418,7.903519406180695
6.68,2.9645193483771666e-7,4.504567698896529e-9,0.013067068637381992,3.1504647704784845,0,3.3584788560646133,0.00006758442575684488,1.3637196213034055,0.02675867450893901,0,0.000011354933432196787,0,0,0,0,0,0,0,0,0,0,0,0,0,0,0,0,0,0,0,0,0,0,0,0,0,0,3.163532140072369,4.749036091236147,7.912568231308516
6.6850000000000005,2.9667383000349416e-7,4.488207243208845e-9,0.013076859049556157,3.1537432852222995,0,3.3621398574907837,0.00006763509565075816,1.3657965209953482,0.026779150675181964,0,0.00001136344653659856,0,0,0,0,0,0,0,0,0,0,0,0,0,0,0,0,0,0,0,0,0,0,0,0,0,0,3.166820445433893,4.754794527703502,7.921614973137395
6.6899999999999995,2.96895725169268e-7,4.4719155134855774e-9,0.013086649454497066,3.1570208445216656,0,3.365799611600023,0.00006768576548274841,1.367873548927592,0.026799626499857124,0,0.000011371959630596575,0,0,0,0,0,0,0,0,0,0,0,0,0,0,0,0,0,0,0,0,0,0,0,0,0,0,3.1701077953438035,4.760551844752586,7.930659640096389
6.695,2.971176203350381e-7,4.455692181924285e-9,0.013096439852220927,3.160297451349274,0,3.3694581224566686,0.00006773643525295459,1.369950706480112,0.026820101983746795,0,0.00001138047271421418,0,0,0,0,0,0,0,0,0,0,0,0,0,0,0,0,0,0,0,0,0,0,0,0,0,0,3.1733941927748073,4.7663080478284945,7.939702240603301
6.699999999999999,2.9733951550080455e-7,4.43953692244204e-9,0.01310623024274393,3.163573108664631,0,3.3731153941060508,0.00006778710496151521,1.3720279950538095,0.026840577127630893,0,0.000011388985787474647,0,0,0,0,0,0,0,0,0,0,0,0,0,0,0,0,0,0,0,0,0,0,0,0,0,0,3.1766796406864275,4.77206314237824,7.9487427830646675
6.705,2.975614106665673e-7,4.423449410665653e-9,0.013116020626082187,3.1668478194141496,0,3.3767714305746037,0.00006783777460856843,1.3741054160702504,0.026861051932286915,0,0.000011397498850401189,0,0,0,0,0,0,0,0,0,0,0,0,0,0,0,0,0,0,0,0,0,0,0,0,0,0,3.179964142025092,4.777817133850601,7.957781275875693
6.71,2.9778330583232637e-7,4.407429323922103e-9,0.01312581100225178,3.170121586531213,0,3.380426235869988,0.000067888444194252,1.3761829709714584,0.026881526398490032,0,0.000011406011903016947,0,0,0,0,0,0,0,0,0,0,0,0,0,0,0,0,0,0,0,0,0,0,0,0,0,0,3.1832476997241996,4.783570027696034,7.966817727420233
6.715,2.9800520099808175e-7,4.391476341228914e-9,0.01313560137126874,3.173394412936258,0,3.3840798139812027,0.00006793911371870317,1.3782606612196662,0.026902000527012988,0,0.000011414524945344986,0,0,0,0,0,0,0,0,0,0,0,0,0,0,0,0,0,0,0,0,0,0,0,0,0,0,3.1865303167042045,4.789321829366546,7.975852146070751
6.72,2.982270961638334e-7,4.375590143284663e-9,0.013145391733149039,3.1766663015368506,0,3.387732168878704,0.0000679897831820589,1.3803384882970853,0.026922474318626176,0,0.000011423037977408308,0,0,0,0,0,0,0,0,0,0,0,0,0,0,0,0,0,0,0,0,0,0,0,0,0,0,3.1898119958726863,4.795072544315575,7.984884540188261
6.725,2.9844899132958155e-7,4.3597704124594885e-9,0.013155182087908621,3.1799372552277565,0,3.3913833045145174,0.00006804045258445564,1.3824164537056642,0.02694294777409767,0,0.000011431550999229849,0,0,0,0,0,0,0,0,0,0,0,0,0,0,0,0,0,0,0,0,0,0,0,0,0,0,3.1930927401244267,4.800822177997863,7.9939149181222895
6.73,2.98670886495326e-7,4.34401683278569e-9,0.013164972435563376,3.183207276891018,0,3.3950332248223507,0.00006809112192602949,1.3844945821691756,0.026963420894193152,0,0.00001144006401083247,0,0,0,0,0,0,0,0,0,0,0,0,0,0,0,0,0,0,0,0,0,0,0,0,0,0,3.1963725523414848,4.806570759071657,8.00294331141314
6.734999999999999,2.9889278166106673e-7,4.328329089948369e-9,0.01317476277612913,3.1864763693960274,0,3.3986819337177065,0.00006814179120691616,1.3865733307427288,0.026983893679675998,0,0.000011448577012238967,0,0,0,0,0,0,0,0,0,0,0,0,0,0,0,0,0,0,0,0,0,0,0,0,0,0,3.1996514353932675,4.81231874850833,8.011970183901598
6.74,2.9911467682680385e-7,4.312706871276106e-9,0.013184553109621678,3.1897445355996004,0,3.4023294350979962,0.00006819246042725086,1.3886522040317297,0.027004366131307238,0,0.000011457090003472061,0,0,0,0,0,0,0,0,0,0,0,0,0,0,0,0,0,0,0,0,0,0,0,0,0,0,3.2029293921366055,4.818065654811464,8.02099504694807
6.744999999999999,2.9933657199253736e-7,4.297149865731753e-9,0.013194343436056775,3.1930117783460488,0,3.4059757328426468,0.00006824312958716853,1.3907311837244276,0.02702483824984559,0,0.000011465602984554426,0,0,0,0,0,0,0,0,0,0,0,0,0,0,0,0,0,0,0,0,0,0,0,0,0,0,3.2062064254158273,4.823811463549491,8.030017888965318
6.75,2.9955846715826733e-7,4.28165776390317e-9,0.013204133755450109,3.1962781004672527,0,3.4096208308132154,0.00006829379868680362,1.392810251395477,0.02704531003604749,0,0.000011474115955508647,0,0,0,0,0,0,0,0,0,0,0,0,0,0,0,0,0,0,0,0,0,0,0,0,0,0,3.209482538062828,4.829556160159382,8.03903869822221
6.755,2.9978036232399364e-7,4.266230257994152e-9,0.013213924067817342,3.1995435047827328,0,3.4132647328534964,0.0000683444677262902,1.394889388505589,0.027065781490667015,0,0.000011482628916357253,0,0,0,0,0,0,0,0,0,0,0,0,0,0,0,0,0,0,0,0,0,0,0,0,0,0,3.212757732897143,4.835299729946395,8.048057462843538
6.76,3.0000225748971625e-7,4.250867041815278e-9,0.013223714373174064,3.2028079940997194,0,3.416907442789623,0.00006839513670576194,1.3969685764011852,0.027086252614455995,0,0.000011491141867122703,0,0,0,0,0,0,0,0,0,0,0,0,0,0,0,0,0,0,0,0,0,0,0,0,0,0,3.216032012726018,4.8410421580838365,8.057074170809855
6.765,3.0022415265543547e-7,4.235567810774923e-9,0.01323350467153585,3.206071571213223,0,3.42054896443019,0.00006844580562535218,1.3990477963140613,0.027106723408163974,0,0.00001149965480782739,0,0,0,0,0,0,0,0,0,0,0,0,0,0,0,0,0,0,0,0,0,0,0,0,0,0,3.2193053803444793,4.846783429612848,8.066088809957327
6.77,3.004460478211509e-7,4.220332261870222e-9,0.013243294962918203,3.2093342389061084,0,3.424189301566344,0.00006849647448519376,1.4011270293610223,0.02712719387253819,0,0.000011508167738493641,0,0,0,0,0,0,0,0,0,0,0,0,0,0,0,0,0,0,0,0,0,0,0,0,0,0,3.2225778385354067,4.852523529442128,8.075101367977535
6.775,3.0066794298686284e-7,4.20516009367819e-9,0.013253085247336595,3.2125959999491593,0,3.427828457971899,0.0000685471432854192,1.4032062565435615,0.02714766400832365,0,0.000011516680659143716,0,0,0,0,0,0,0,0,0,0,0,0,0,0,0,0,0,0,0,0,0,0,0,0,0,0,3.225849390069599,4.858262442347729,8.084111832417328
6.779999999999999,3.0088983815257126e-7,4.190051006346803e-9,0.01326287552480645,3.215856857101152,0,3.431466437403439,0.00006859781202616054,1.4052854587474928,0.027168133816263096,0,0.000011525193569799808,0,0,0,0,0,0,0,0,0,0,0,0,0,0,0,0,0,0,0,0,0,0,0,0,0,0,3.2291200377058478,4.864000152972791,8.093120190678638
6.785,3.0111173331827614e-7,4.17500470158617e-9,0.013272665795343143,3.2191168131089203,0,3.4351032436004205,0.00006864848070754957,1.4073646167426115,0.027188603297097016,0,0.000011533706470484055,0,0,0,0,0,0,0,0,0,0,0,0,0,0,0,0,0,0,0,0,0,0,0,0,0,0,3.2323897841910014,4.869736645827307,8.10212643001831
6.79,3.013336284839774e-7,4.160020882659764e-9,0.013282456058961998,3.2223758707074226,0,3.4387388802852783,0.0000686991493297176,1.4094437111823481,0.02720907245156364,0,0.00001154221936121851,0,0,0,0,0,0,0,0,0,0,0,0,0,0,0,0,0,0,0,0,0,0,0,0,0,0,3.235658632260034,4.87547190528788,8.111130537547915
6.795,3.015555236496751e-7,4.1450992543757005e-9,0.013292246315678307,3.2256340326198156,0,3.442373351163527,0.00006874981789279554,1.4115224095670966,0.027229541280399006,0,0.000011550732242025177,0,0,0,0,0,0,0,0,0,0,0,0,0,0,0,0,0,0,0,0,0,0,0,0,0,0,3.238926584636117,4.881205602561158,8.120132187197274
6.8,3.0177741881536926e-7,4.130239523078046e-9,0.013302036565507316,3.228891301557518,0,3.446006659923862,0.00006880048639691396,1.4136007993992414,0.027250009784336896,0,0.000011559245112925991,0,0,0,0,0,0,0,0,0,0,0,0,0,0,0,0,0,0,0,0,0,0,0,0,0,0,3.2421936440306838,4.88693782883895,8.129131472869634
6.805,3.019993139810599e-7,4.115441396638192e-9,0.01331182680846421,3.2321476802202733,0,3.449638810238262,0.000068851154842203,1.415679096892456,0.02727047796410888,0,0.000011567757973942818,0,0,0,0,0,0,0,0,0,0,0,0,0,0,0,0,0,0,0,0,0,0,0,0,0,0,3.245459813143493,4.892668804007642,8.138128617151136
6.8100000000000005,3.022212091467471e-7,4.100704584446287e-9,0.013321617044564143,3.2354031712962232,0,3.453269805762089,0.00006890182322879253,1.4177573027930934,0.027290945820444355,0,0.000011576270825097473,0,0,0,0,0,0,0,0,0,0,0,0,0,0,0,0,0,0,0,0,0,0,0,0,0,0,3.248725094662701,4.898398532469681,8.147123627132382
6.8149999999999995,3.024431043124308e-7,4.086028797402713e-9,0.013331407273822229,3.2386577774619663,0,3.4568996501341855,0.00006895249155681184,1.4198354178630566,0.02731141335407047,0,0.000011584783666411684,0,0,0,0,0,0,0,0,0,0,0,0,0,0,0,0,0,0,0,0,0,0,0,0,0,0,3.2519894912649217,4.904127018626536,8.156116509891458
6.82,3.026649994781109e-7,4.071413747909579e-9,0.013341197496253527,3.2419115013826305,0,3.4605283469769783,0.00006900315982639004,1.4219134428795066,0.027331880565712233,0,0.000011593296497907134,0,0,0,0,0,0,0,0,0,0,0,0,0,0,0,0,0,0,0,0,0,0,0,0,0,0,3.2552530056152973,4.909854266878521,8.165107272493819
6.824999999999999,3.028868946437874e-7,4.0568591498623416e-9,0.013350987711873045,3.24516434571193,0,3.4641558998965696,0.00006905382803765569,1.423991378634563,0.027352347456092416,0,0.000011601809319605434,0,0,0,0,0,0,0,0,0,0,0,0,0,0,0,0,0,0,0,0,0,0,0,0,0,0,3.2585156403675573,4.915580281624583,8.17409592199214
6.83,3.031087898094606e-7,4.042364718641357e-9,0.01336077792069577,3.2484163130922377,0,3.467782312482844,0.00006910449619073715,1.4260692259349887,0.027372814025931686,0,0.000011610322131528142,0,0,0,0,0,0,0,0,0,0,0,0,0,0,0,0,0,0,0,0,0,0,0,0,0,0,3.2617773981640883,4.921305067262087,8.183082465426175
6.835,3.033306849751302e-7,4.0279301711036305e-9,0.013370568122736626,3.2516674061546422,0,3.471407588309552,0.00006915516428576224,1.4281469856019051,0.027393280275948475,0,0.000011618834933696736,0,0,0,0,0,0,0,0,0,0,0,0,0,0,0,0,0,0,0,0,0,0,0,0,0,0,3.2650382816359937,4.927028628186625,8.19206690982262
6.84,3.035525801407964e-7,4.0135552255744816e-9,0.013380358318010507,3.254917627519016,0,3.4750317309344187,0.00006920583232285849,1.4302246584704645,0.02741374620685911,0,0.000011627347726132648,0,0,0,0,0,0,0,0,0,0,0,0,0,0,0,0,0,0,0,0,0,0,0,0,0,0,3.268298293403162,4.932750968791792,8.201049262194953
6.845,3.037744753064592e-7,3.99923960183931e-9,0.013390148506532244,3.258166979794077,0,3.4786547438992326,0.00006925650030215309,1.4323022453895402,0.027434211819377767,0,0.000011635860508857234,0,0,0,0,0,0,0,0,0,0,0,0,0,0,0,0,0,0,0,0,0,0,0,0,0,0,3.2715574360743243,4.938472093468961,8.210029529543286
6.85,3.0399637047211836e-7,3.984983021135436e-9,0.013399938688316647,3.2614154655774454,0,3.4822766307299355,0.00006930716822377274,1.4343797472214115,0.02745467711421642,0,0.000011644373281891792,0,0,0,0,0,0,0,0,0,0,0,0,0,0,0,0,0,0,0,0,0,0,0,0,0,0,3.2748157122471153,4.94419200660707,8.219007718854185
6.855,3.042182656377742e-7,3.970785206143934e-9,0.01340972886337847,3.26466308745572,0,3.48589739493673,0.00006935783608784389,1.4364571780839106,0.027475142092084997,0,0.000011652886045257561,0,0,0,0,0,0,0,0,0,0,0,0,0,0,0,0,0,0,0,0,0,0,0,0,0,0,3.278073124508149,4.949910725834859,8.227983850343008
6.859999999999999,3.044401608034265e-7,3.9566458809815774e-9,0.013419519031732417,3.267909848004522,0,3.4895170400141544,0.00006940850389449251,1.4385350617615045,0.02749560675369123,0,0.00001166139879897571,0,0,0,0,0,0,0,0,0,0,0,0,0,0,0,0,0,0,0,0,0,0,0,0,0,0,3.2813296754330614,4.955628778432044,8.236958453865105
6.865,3.046620559690755e-7,3.942564771192743e-9,0.013429309193393173,3.2711557497885724,0,3.4931355694411983,0.00006945917164384437,1.4406128442766586,0.0275160710997408,0,0.000011669911543067366,0,0,0,0,0,0,0,0,0,0,0,0,0,0,0,0,0,0,0,0,0,0,0,0,0,0,3.284585367586586,4.961345613900784,8.24593098148737
6.869999999999999,3.0488395113472096e-7,3.928541603741454e-9,0.013439099348375358,3.2744007953617413,0,3.4967529866813636,0.00006950983933602462,1.442690505578636,0.0275365351309372,0,0.00001167842427755356,0,0,0,0,0,0,0,0,0,0,0,0,0,0,0,0,0,0,0,0,0,0,0,0,0,0,3.2878402035226095,4.96706121565455,8.254901419177159
6.875,3.05105846300363e-7,3.9145761070034234e-9,0.01344888949669356,3.277644987267113,0,3.5003692951827885,0.00006956050697115834,1.4447680254941704,0.02755699884798191,0,0.0000116869370024553,0,0,0,0,0,0,0,0,0,0,0,0,0,0,0,0,0,0,0,0,0,0,0,0,0,0,3.291094185784229,4.972775566968914,8.263869752753143
6.88,3.0532774146600175e-7,3.900668010758134e-9,0.013458679638362312,3.2808883280370473,0,3.503984498378309,0.00006961117454937,1.4468453837270594,0.02757746225157425,0,0.000011695449717793506,0,0,0,0,0,0,0,0,0,0,0,0,0,0,0,0,0,0,0,0,0,0,0,0,0,0,3.2943473169038193,4.97848865098121,8.27283596788503
6.885,3.0554963663163685e-7,3.886817046180977e-9,0.013468469773396127,3.2841308201932353,0,3.50759859968557,0.00006966184207078383,1.4489225598577902,0.027597925342411487,0,0.000011703962423589042,0,0,0,0,0,0,0,0,0,0,0,0,0,0,0,0,0,0,0,0,0,0,0,0,0,0,3.2975995994030853,4.984200450690266,8.281800050093352
6.89,3.0577153179726877e-7,3.8730229458354716e-9,0.013478259901809453,3.287372466246763,0,3.511211602507102,0.00006971250953552368,1.4509995333431411,0.027618388121188796,0,0.000011712475119862723,0,0,0,0,0,0,0,0,0,0,0,0,0,0,0,0,0,0,0,0,0,0,0,0,0,0,3.3008510357931273,4.989910948956087,8.290761984749214
6.895,3.059934269628973e-7,3.859285443665456e-9,0.013488050023616721,3.2906132686981655,0,3.514823510230416,0.00006976317694371303,1.4530762835157807,0.027638850588599294,0,0.000011720987806635294,0,0,0,0,0,0,0,0,0,0,0,0,0,0,0,0,0,0,0,0,0,0,0,0,0,0,3.3041016285744944,4.995620128499547,8.29972175707404
6.9,3.062153221285224e-7,3.845604274987373e-9,0.013497840138832293,3.293853230037488,0,3.518434326228084,0.00006981384429547504,1.4551527895838845,0.027659312745334043,0,0.000011729500483927443,0,0,0,0,0,0,0,0,0,0,0,0,0,0,0,0,0,0,0,0,0,0,0,0,0,0,3.3073513802372467,5.001327971902082,8.308679352139329
6.904999999999999,3.064372172941439e-7,3.831979176482633e-9,0.013507630247470493,3.297092352744342,0,3.5220440538578317,0.00006986451159093236,1.4572290306307216,0.027679774592082013,0,0.000011738013151759782,0,0,0,0,0,0,0,0,0,0,0,0,0,0,0,0,0,0,0,0,0,0,0,0,0,0,3.310600293261009,5.007034461605378,8.317634754866386
6.91,3.0665911245976237e-7,3.818409886189914e-9,0.013517420349545636,3.300330639287967,0,3.5256526964626267,0.00006991517883020752,1.4593049856142852,0.027700236129530185,0,0.000011746525810152894,0,0,0,0,0,0,0,0,0,0,0,0,0,0,0,0,0,0,0,0,0,0,0,0,0,0,3.313848370115035,5.0127395799110825,8.326587950026118
6.915,3.0688100762537724e-7,3.8048961434976366e-9,0.013527210445071955,3.3035680921272816,0,3.5292602573707597,0.00006996584601342255,1.461380633366866,0.027720697358363463,0,0.000011755038459127283,0,0,0,0,0,0,0,0,0,0,0,0,0,0,0,0,0,0,0,0,0,0,0,0,0,0,3.317095613258257,5.018443308980462,8.335538922238719
6.92,3.071029027909889e-7,3.791437689136368e-9,0.01353700053406366,3.306804713710945,0,3.5328667398959284,0.00007001651314069915,1.4634558463431795,0.027741158279264704,0,0.000011763551098703394,0,0,0,0,0,0,0,0,0,0,0,0,0,0,0,0,0,0,0,0,0,0,0,0,0,0,3.3203420251393494,5.024145524582612,8.344487549721961
6.925,3.073247979565971e-7,3.778034265171355e-9,0.013546790616534923,3.3100405064774083,0,3.5364721473373275,0.00007006718021215864,1.4655305046542424,0.027761618892914803,0,0.000011772063728901608,0,0,0,0,0,0,0,0,0,0,0,0,0,0,0,0,0,0,0,0,0,0,0,0,0,0,3.3235876081967755,5.0298461101284255,8.353433718325201
6.93,3.07546693122202e-7,3.764685614995047e-9,0.013556580692499867,3.3132754728549796,0,3.5400764829797295,0.00007011784722792205,1.4676048056342061,0.027782079199992576,0,0.000011780576349742269,0,0,0,0,0,0,0,0,0,0,0,0,0,0,0,0,0,0,0,0,0,0,0,0,0,0,3.3268323648588582,5.035545266237507,8.362377631096365
6.9350000000000005,3.077685882878037e-7,3.751391483319685e-9,0.013566370761972583,3.316509615261868,0,3.5436797500935695,0.00007016851418811004,1.469678739354523,0.027802539201174876,0,0.000011789088961245636,0,0,0,0,0,0,0,0,0,0,0,0,0,0,0,0,0,0,0,0,0,0,0,0,0,0,3.3300762975438203,5.041242986252416,8.371319283796236
6.9399999999999995,3.0799048345340186e-7,3.738151616169957e-9,0.013576160824967102,3.319742936106247,0,3.547281951935022,0.00007021918109284284,1.4717522958326337,0.0278229988971365,0,0.000011797601563431922,0,0,0,0,0,0,0,0,0,0,0,0,0,0,0,0,0,0,0,0,0,0,0,0,0,0,3.333319408659849,5.046939263447449,8.380258672107297
6.945,3.0821237861899683e-7,3.724965760875615e-9,0.013585950881497453,3.3229754377863063,0,3.550883091746096,0.00007026984794224051,1.473825465031586,0.027843458288550334,0,0.000011806114156321288,0,0,0,0,0,0,0,0,0,0,0,0,0,0,0,0,0,0,0,0,0,0,0,0,0,0,3.3365617006051482,5.052634091028331,8.38919579163348
6.949999999999999,3.084342737845884e-7,3.711833666064244e-9,0.013595740931577576,3.3262071226903065,0,3.554483172754699,0.0000703205147364226,1.475898236859616,0.027863917376087198,0,0.000011814626739933823,0,0,0,0,0,0,0,0,0,0,0,0,0,0,0,0,0,0,0,0,0,0,0,0,0,0,3.3398031757679916,5.058327462131879,8.39813063789987
6.955,3.0865616895017677e-7,3.6987550816539817e-9,0.01360553097522141,3.329437993196634,0,3.558082198174737,0.00007037118147550838,1.4779706011697584,0.02788437616041598,0,0.000011823139314289571,0,0,0,0,0,0,0,0,0,0,0,0,0,0,0,0,0,0,0,0,0,0,0,0,0,0,3.343043836526779,5.064019369825702,8.40706320635248
6.96,3.088780641157619e-7,3.6857297588463445e-9,0.013615321012442833,3.3326680516738536,0,3.561680171206175,0.0000704218481596168,1.4800425477594363,0.027904834642203582,0,0.000011831651879408508,0,0,0,0,0,0,0,0,0,0,0,0,0,0,0,0,0,0,0,0,0,0,0,0,0,0,3.3462836852500906,5.069709807107854,8.415993492357945
6.965,3.0909995928134347e-7,3.6727574501190483e-9,0.013625111043255686,3.3358973004807613,0,3.565277095035135,0.00007047251478886637,1.4821140663700454,0.027925292822114936,0,0.000011840164435310554,0,0,0,0,0,0,0,0,0,0,0,0,0,0,0,0,0,0,0,0,0,0,0,0,0,0,3.3495227242967336,5.0753987669065195,8.424921491203254
6.97,3.09321854446922e-7,3.659837909218892e-9,0.013634901067673786,3.339125741966441,0,3.5688729728339643,0.00007052318136337538,1.4841851466865492,0.02794575070081303,0,0.000011848676982015576,0,0,0,0,0,0,0,0,0,0,0,0,0,0,0,0,0,0,0,0,0,0,0,0,0,0,3.3527609560158074,5.081086242079672,8.43384719809548
6.975,3.095437496124972e-7,3.646970891154694e-9,0.013644691085710888,3.3423533784703126,0,3.5724678077613174,0.00007057384788326176,1.4862557783370494,0.027966208278958894,0,0.000011857189519543391,0,0,0,0,0,0,0,0,0,0,0,0,0,0,0,0,0,0,0,0,0,0,0,0,0,0,3.355998382746744,5.0867722254147285,8.442770608161473
6.98,3.0976564477806904e-7,3.634156152190242e-9,0.01365448109738071,3.3455802123221834,0,3.576061602962231,0.000070624514348643,1.4883259508923745,0.027986665557211608,0,0.000011865702047913734,0,0,0,0,0,0,0,0,0,0,0,0,0,0,0,0,0,0,0,0,0,0,0,0,0,0,3.359235006819365,5.092456709628214,8.451691716447579
6.984999999999999,3.099875399436378e-7,3.621393449837315e-9,0.01366427110269695,3.348806245842308,0,3.579654361568206,0.00007067518075963634,1.490395673194574,0.028007122536228335,0,0.000011874214567146313,0,0,0,0,0,0,0,0,0,0,0,0,0,0,0,0,0,0,0,0,0,0,0,0,0,0,3.3624708305539386,5.098139706694335,8.460610537248273
6.99,3.10209435109203e-7,3.6086825428487055e-9,0.01367406110167325,3.352031481341429,0,3.5832460866972853,0.00007072584711635869,1.4924649315327805,0.0280275792166643,0,0.000011882727077260758,0,0,0,0,0,0,0,0,0,0,0,0,0,0,0,0,0,0,0,0,0,0,0,0,0,0,3.3657058562612203,5.103821206020924,8.469527062282143
6.994999999999999,3.1043133027476517e-7,3.5960231912113284e-9,0.01368385109432322,3.355255921120839,0,3.586836781454123,0.00007077651341892661,1.494533697284973,0.028048035599172814,0,0.000011891239578276658,0,0,0,0,0,0,0,0,0,0,0,0,0,0,0,0,0,0,0,0,0,0,0,0,0,0,3.3689400862425156,5.109501182091266,8.478441268333782
7,3.106532254403241e-7,3.5834151561393384e-9,0.013693641080660427,3.3584795674724233,0,3.590426448930069,0.00007082717966745628,1.4966019584636359,0.028068491684405252,0,0.000011899752070213535,0,0,0,0,0,0,0,0,0,0,0,0,0,0,0,0,0,0,0,0,0,0,0,0,0,0,3.3721735227897245,5.115179626009848,8.487353148799572
7.005,3.108751206058798e-7,3.570858200067295e-9,0.013703431060698405,3.3617024226787136,0,3.594015092203237,0.00007087784586206365,1.4986697030136824,0.028088947473011126,0,0.000011908264553090865,0,0,0,0,0,0,0,0,0,0,0,0,0,0,0,0,0,0,0,0,0,0,0,0,0,0,3.3754061681853904,5.120856528800346,8.496262696985736
7.01,3.1109701577143224e-7,3.5583520866433675e-9,0.013713221034450634,3.364924489012936,0,3.5976027143385805,0.00007092851200286419,1.5007369188119901,0.02810940296563799,0,0.000011916777026928054,0,0,0,0,0,0,0,0,0,0,0,0,0,0,0,0,0,0,0,0,0,0,0,0,0,0,3.378638024702755,5.1265318814052385,8.505169906107994
7.015,3.113189109369814e-7,3.5458965807225865e-9,0.013723011001930576,3.368145768739066,0,3.601189318387975,0.00007097917808997317,1.5028035936669704,0.028129858162931537,0,0.000011925289491744462,0,0,0,0,0,0,0,0,0,0,0,0,0,0,0,0,0,0,0,0,0,0,0,0,0,0,3.381869094605804,5.1322056746854585,8.514074769291263
7.02,3.1154080610252736e-7,3.5334914483601264e-9,0.013732800963151642,3.371366264111873,0,3.6047749073902815,0.00007102984412350546,1.5048697153181014,0.02815031306553558,0,0.000011933801947559394,0,0,0,0,0,0,0,0,0,0,0,0,0,0,0,0,0,0,0,0,0,0,0,0,0,0,3.385099380149322,5.13787789941999,8.52297727956931
7.0249999999999995,3.1176270126807024e-7,3.52113645680462e-9,0.013742590918127214,3.3745859773769706,0,3.6083594843714266,0.00007108051010357569,1.5069352714354907,0.028170767674092056,0,0.000011942314394392105,0,0,0,0,0,0,0,0,0,0,0,0,0,0,0,0,0,0,0,0,0,0,0,0,0,0,3.3883288835789354,5.1435485463055075,8.531877429884442
7.03,3.1198459643360984e-7,3.508831374491534e-9,0.013752380866870622,3.3778049107708683,0,3.611943052344468,0.00007113117603029805,1.5090002496193902,0.028191221989241,0,0.000011950826832261782,0,0,0,0,0,0,0,0,0,0,0,0,0,0,0,0,0,0,0,0,0,0,0,0,0,0,3.391557607131167,5.149217605955961,8.540775213087128
7.035,3.1220649159914626e-7,3.4965759710365723e-9,0.013762170809395171,3.3810230665210135,0,3.615525614309677,0.00007118184190378647,1.5110646373997607,0.02821167601162061,0,0.000011959339261187567,0,0,0,0,0,0,0,0,0,0,0,0,0,0,0,0,0,0,0,0,0,0,0,0,0,0,3.3947855530334765,5.154885068902223,8.5496706219357
7.04,3.1242838676467955e-7,3.4843700172290878e-9,0.013771960745714124,3.3842404468458516,0,3.6191071732546,0.00007123250772415455,1.5131284222357853,0.02823212974186721,0,0.000011967851681188543,0,0,0,0,0,0,0,0,0,0,0,0,0,0,0,0,0,0,0,0,0,0,0,0,0,0,3.3980127235043227,5.160550925591657,8.55856364909598
7.045,3.1265028193020946e-7,3.4722132850255905e-9,0.013781750675840691,3.3874570539548556,0,3.6226877321541333,0.00007128317349151551,1.515191591515396,0.028252583180615288,0,0.000011976364092283739,0,0,0,0,0,0,0,0,0,0,0,0,0,0,0,0,0,0,0,0,0,0,0,0,0,0,3.401239120753192,5.166215166387728,8.567454287140919
7.05,3.128721770957364e-7,3.4601055475432477e-9,0.013791540599788083,3.3906728900485947,0,3.6262672939706024,0.00007133383920598236,1.517253988123106,0.028273036328497463,0,0.000011984876494492136,0,0,0,0,0,0,0,0,0,0,0,0,0,0,0,0,0,0,0,0,0,0,0,0,0,0,3.4044647469806653,5.171877637137906,8.576342384118572
7.055,3.130940722612599e-7,3.448046579053444e-9,0.01380133051756943,3.3938879573187632,0,3.629845861653813,0.0000713845048676677,1.5193156571223558,0.02829348918614453,0,0.00001199338888783265,0,0,0,0,0,0,0,0,0,0,0,0,0,0,0,0,0,0,0,0,0,0,0,0,0,0,3.4076896043784513,5.177538385856069,8.58522799023452
7.06,3.1331596742678045e-7,3.4360361549753517e-9,0.01381112042919786,3.397102257948241,0,3.6334234381411448,0.00007143517047668385,1.521376684841002,0.028313941754185456,0,0.00001200190127232416,0,0,0,0,0,0,0,0,0,0,0,0,0,0,0,0,0,0,0,0,0,0,0,0,0,0,3.4109136951294423,5.183197501808081,8.594111196937524
7.0649999999999995,3.135378625922978e-7,3.424074051869596e-9,0.013820910334686435,3.40031579411113,0,3.637000026357593,0.00007148583603314274,1.5234370668657384,0.028334394033247372,0,0.000012010413647985466,0,0,0,0,0,0,0,0,0,0,0,0,0,0,0,0,0,0,0,0,0,0,0,0,0,0,3.414137021407753,5.18885498350626,8.602992004914013
7.07,3.137597577578121e-7,3.41216004743187e-9,0.0138307002340482,3.4035285679728107,0,3.640575629215868,0.00007153650153715613,1.5254967987606687,0.028354846023955618,0,0.000012018926014835346,0,0,0,0,0,0,0,0,0,0,0,0,0,0,0,0,0,0,0,0,0,0,0,0,0,0,3.4173595853787764,5.194510829428045,8.611870414806821
7.075,3.139816529233232e-7,3.400293920486678e-9,0.013840490127296151,3.4067405816899767,0,3.644150249616434,0.00007158716698883531,1.5275558760667858,0.02837529772693369,0,0.0000120274383728925,0,0,0,0,0,0,0,0,0,0,0,0,0,0,0,0,0,0,0,0,0,0,0,0,0,0,3.42058138919922,5.200165038015515,8.620746427214735
7.08,3.142035480888313e-7,3.3884754509810425e-9,0.01385028001444326,3.4099518374106896,0,3.6477238904476006,0.00007163783238829136,1.5296142943014825,0.02839574914280329,0,0.000012035950722175584,0,0,0,0,0,0,0,0,0,0,0,0,0,0,0,0,0,0,0,0,0,0,0,0,0,0,3.4238024350171563,5.205817607674997,8.629620042692153
7.085,3.14425443254336e-7,3.376704419978301e-9,0.013860069895502444,3.4131623372744206,0,3.6512965545855707,0.00007168849773563496,1.5316720489580085,0.028416200272184305,0,0.0000120444630627032,0,0,0,0,0,0,0,0,0,0,0,0,0,0,0,0,0,0,0,0,0,0,0,0,0,0,3.427022724972071,5.211468536776562,8.638491261748634
7.09,3.1464733841983766e-7,3.364980609651896e-9,0.013869859770486605,3.416372083412093,0,3.654868244894525,0.00007173916303097653,1.5337291355049574,0.02843665111569487,0,0.000012052975394493904,0,0,0,0,0,0,0,0,0,0,0,0,0,0,0,0,0,0,0,0,0,0,0,0,0,0,3.430242261194899,5.217117823653603,8.647360084848502
7.095,3.148692335853362e-7,3.3533038032792297e-9,0.013879649639408593,3.4195810779461375,0,3.658438964226677,0.0000717898282744262,1.5357855493857353,0.028457101673951313,0,0.000012061487717566188,0,0,0,0,0,0,0,0,0,0,0,0,0,0,0,0,0,0,0,0,0,0,0,0,0,0,3.4334610458080834,5.222765466602356,8.65622651241044
7.1,3.1509112875083183e-7,3.3416737852355437e-9,0.013889439502281229,3.422789322990521,0,3.66200871542234,0.00007184049346609378,1.5378412860180215,0.02847755194756817,0,0.000012070000031938502,0,0,0,0,0,0,0,0,0,0,0,0,0,0,0,0,0,0,0,0,0,0,0,0,0,0,3.4366790809256043,5.228411463881428,8.665090544807033
7.1049999999999995,3.153130239163242e-7,3.330090340987841e-9,0.013899229359117292,3.4259968206508047,0,3.6655775013099947,0.00007189115860608869,1.5398963407932316,0.028498001937158228,0,0.000012078512337629241,0,0,0,0,0,0,0,0,0,0,0,0,0,0,0,0,0,0,0,0,0,0,0,0,0,0,3.439896368653036,5.234055813711328,8.673952182364363
7.109999999999999,3.155349190818135e-7,3.3185532570888163e-9,0.01390901920992953,3.4292035730241786,0,3.669145324706357,0.00007194182369452014,1.5419507090759557,0.028518451643332474,0,0.000012087024634656741,0,0,0,0,0,0,0,0,0,0,0,0,0,0,0,0,0,0,0,0,0,0,0,0,0,0,3.4431129110875807,5.239698514273974,8.682811425361555
7.115,3.157568142472998e-7,3.3070623211708646e-9,0.013918809054730651,3.4324095821995138,0,3.6727121884164373,0.00007199248873149699,1.5440047871142906,0.028538901066700186,0,0.000012095536923039304,0,0,0,0,0,0,0,0,0,0,0,0,0,0,0,0,0,0,0,0,0,0,0,0,0,0,3.446328710318121,5.245339964623082,8.691668674941203
7.12,3.1597870941278285e-7,3.2956173219401057e-9,0.013928598893533338,3.4356148502573975,0,3.676278095233605,0.00007204315371712777,1.5460584578866838,0.028559350207868827,0,0.000012104049202795151,0,0,0,0,0,0,0,0,0,0,0,0,0,0,0,0,0,0,0,0,0,0,0,0,0,0,3.4495437684252575,5.250980050531077,8.700523818956334
7.125,3.162006045782629e-7,3.2842180491704105e-9,0.013938388726350222,3.4388193792701776,0,3.6798430479396567,0.00007209381865152075,1.5481113924223688,0.028579799067444178,0,0.000012112561473942483,0,0,0,0,0,0,0,0,0,0,0,0,0,0,0,0,0,0,0,0,0,0,0,0,0,0,3.4527580874813504,5.256618445809595,8.709376533290946
7.13,3.164224997437399e-7,3.272864293697516e-9,0.013948178553193908,3.4420231713020137,0,3.6834070493048796,0.00007214448353478387,1.5501635611555193,0.028600247646030242,0,0.000012121073736499431,0,0,0,0,0,0,0,0,0,0,0,0,0,0,0,0,0,0,0,0,0,0,0,0,0,0,3.455971669550572,5.2622551236637,8.718226793214273
7.135,3.166443949092138e-7,3.2615558474131456e-9,0.013957968374076968,3.445226228408911,0,3.686970102088104,0.00007219514836702481,1.5522149343443583,0.028620695944229273,0,0.000012129585990484086,0,0,0,0,0,0,0,0,0,0,0,0,0,0,0,0,0,0,0,0,0,0,0,0,0,0,3.4591845166889383,5.26789005711105,8.727074573799989
7.14,3.168662900746847e-7,3.2502925032591523e-9,0.013967758189011938,3.4484285526387617,0,3.69053220903678,0.00007224581314835091,1.5542654820706452,0.02864114396264183,0,0.000012138098235914479,0,0,0,0,0,0,0,0,0,0,0,0,0,0,0,0,0,0,0,0,0,0,0,0,0,0,3.4623966309443563,5.273523218981452,8.735919849925807
7.145,3.170881852401526e-7,3.2390740552217378e-9,0.013977547998011309,3.451630146031397,0,3.694093372887031,0.00007229647787886918,1.5563151742391275,0.028661591701866745,0,0.000012146610472808596,0,0,0,0,0,0,0,0,0,0,0,0,0,0,0,0,0,0,0,0,0,0,0,0,0,0,3.4656080143566674,5.279154581916377,8.744762596273045
7.1499999999999995,3.173100804056174e-7,3.227900298325644e-9,0.013987337801087544,3.454831010618613,0,3.697653596363711,0.00007234714255868636,1.5583639805770164,0.028682039162501106,0,0.000012155122701184369,0,0,0,0,0,0,0,0,0,0,0,0,0,0,0,0,0,0,0,0,0,0,0,0,0,0,3.4688186689576814,5.2847841183684885,8.75360278732617
7.155,3.1753197557107907e-7,3.2167710286284453e-9,0.013997127598253072,3.4580311484242303,0,3.70121288218048,0.00007239780718790888,1.5604118706334555,0.02870248634514033,0,0.000012163634921059676,0,0,0,0,0,0,0,0,0,0,0,0,0,0,0,0,0,0,0,0,0,0,0,0,0,0,3.47202859677123,5.290411800601185,8.762440397372416
7.16,3.1775387073653777e-7,3.2056860432148177e-9,0.014006917389520293,3.461230561464124,0,3.7047712330398532,0.00007244847176664297,1.562458813778973,0.028722933250378092,0,0.000012172147132452368,0,0,0,0,0,0,0,0,0,0,0,0,0,0,0,0,0,0,0,0,0,0,0,0,0,0,3.475237799813201,5.296037600688104,8.771275400501304
7.165,3.179757659019936e-7,3.19464514019086e-9,0.014016707174901562,3.4644292517462634,0,3.708328651633263,0.0000724991362949944,1.564504779204958,0.028743379878806416,0,0.000012180659335380213,0,0,0,0,0,0,0,0,0,0,0,0,0,0,0,0,0,0,0,0,0,0,0,0,0,0,3.478446280091576,5.301661490512658,8.780107770604234
7.17,3.181976610674462e-7,3.1836481186784724e-9,0.014026496954409195,3.4676272212707575,0,3.7118851406411193,0.00007254980077306873,1.5665497359231153,0.028763826231015577,0,0.000012189171529860948,0,0,0,0,0,0,0,0,0,0,0,0,0,0,0,0,0,0,0,0,0,0,0,0,0,0,3.4816540396064757,5.307283441767553,8.78893748137403
7.175,3.1841955623289583e-7,3.172694778809728e-9,0.014036286728055491,3.470824472029894,0,3.7154407027328737,0.00007260046520097121,1.568593652764934,0.02878427230759421,0,0.000012197683715912254,0,0,0,0,0,0,0,0,0,0,0,0,0,0,0,0,0,0,0,0,0,0,0,0,0,0,3.4848610803502007,5.312903425954318,8.79776450630452
7.18,3.186414513983426e-7,3.161784921721301e-9,0.014046076495852709,3.4740210060081838,0,3.7189953405670746,0.00007265112957880689,1.5706360947392,0.028804718109129268,0,0.000012206195893551781,0,0,0,0,0,0,0,0,0,0,0,0,0,0,0,0,0,0,0,0,0,0,0,0,0,0,3.488067404307273,5.318521010740876,8.80658841504815
7.185,3.188633465637863e-7,3.1509183495489277e-9,0.014055866257813063,3.477216825182389,0,3.7225490567914212,0.00007270179390668034,1.572676869348395,0.028825163636206012,0,0.000012214708062797102,0,0,0,0,0,0,0,0,0,0,0,0,0,0,0,0,0,0,0,0,0,0,0,0,0,0,3.491273013454467,5.324136006277992,8.815409019732458
7.1899999999999995,3.1908524172922695e-7,3.1400948654218775e-9,0.014065656013948743,3.4804119315215756,0,3.7261018540428323,0.000072752458184696,1.5747165529249938,0.02884560888940804,0,0.00001222322022366576,0,0,0,0,0,0,0,0,0,0,0,0,0,0,0,0,0,0,0,0,0,0,0,0,0,0,3.494477909760861,5.329748991535642,8.824226901296504
7.195,3.1930713689466463e-7,3.1293142734574748e-9,0.014075445764271903,3.4836063269871445,0,3.729653734947497,0.00007280312241295794,1.5767551475724602,0.028866053869317287,0,0.00001223173237617524,0,0,0,0,0,0,0,0,0,0,0,0,0,0,0,0,0,0,0,0,0,0,0,0,0,0,3.4976820951878675,5.335359971244063,8.833042066431931
7.2,3.195290320600993e-7,3.1185763787556708e-9,0.014085235508794659,3.486800013532874,0,3.7332047021209305,0.00007285378659156993,1.5787926554074796,0.028886498576514038,0,0.00001224024452034298,0,0,0,0,0,0,0,0,0,0,0,0,0,0,0,0,0,0,0,0,0,0,0,0,0,0,3.5008855716892775,5.340968950136036,8.841854521825313
7.205,3.197509272255311e-7,3.1078809873935836e-9,0.014095025247529099,3.489992993104957,0,3.7367547581680394,0.00007290445072063552,1.580829078559286,0.02890694301157695,0,0.000012248756656186372,0,0,0,0,0,0,0,0,0,0,0,0,0,0,0,0,0,0,0,0,0,0,0,0,0,0,3.504088341211294,5.34657593294628,8.850664274157573
7.21,3.1997282239095985e-7,3.0972279064201464e-9,0.014104814980487278,3.4931852676420427,0,3.7403039056831693,0.00007295511480025792,1.5828644191689438,0.02892738717508298,0,0.000012257268783722762,0,0,0,0,0,0,0,0,0,0,0,0,0,0,0,0,0,0,0,0,0,0,0,0,0,0,3.50729040569258,5.35218092441078,8.85947133010336
7.215,3.201947175563857e-7,3.086616943850727e-9,0.014114604707681213,3.496376839075272,0,3.74385214725017,0.00007300577883054007,1.5848986793886695,0.02894783106760751,0,0.00001226578090296944,0,0,0,0,0,0,0,0,0,0,0,0,0,0,0,0,0,0,0,0,0,0,0,0,0,0,3.5104917670642877,5.35778392926618,8.868275696330468
7.22,3.204166127218085e-7,3.0760479086618177e-9,0.014124394429122895,3.499567709328317,0,3.747399485442442,0.00007305644281158461,1.5869318613810863,0.02896827468972426,0,0.000012274293013943656,0,0,0,0,0,0,0,0,0,0,0,0,0,0,0,0,0,0,0,0,0,0,0,0,0,0,3.5136924272501004,5.363384952249078,8.877077379499179
7.225,3.206385078872285e-7,3.065520610785731e-9,0.014134184144824272,3.5027578803174166,0,3.7509459228230004,0.00007310710674349393,1.588963967318528,0.02898871804200531,0,0.000012282805116662607,0,0,0,0,0,0,0,0,0,0,0,0,0,0,0,0,0,0,0,0,0,0,0,0,0,0,3.5168923881662693,5.368983998095394,8.885876386261664
7.2299999999999995,3.2086040305264544e-7,3.0550348611053198e-9,0.014143973854797256,3.5059473539514174,0,3.754491461944527,0.0000731577706263701,1.5909949993822954,0.029009161125021152,0,0.000012291317211143447,0,0,0,0,0,0,0,0,0,0,0,0,0,0,0,0,0,0,0,0,0,0,0,0,0,0,3.5200916517216525,5.374581071539681,8.894672723261333
7.234999999999999,3.210822982180594e-7,3.0445904714487816e-9,0.014153763559053742,3.5091361321318097,0,3.7580361053494205,0.00007320843446031491,1.5930249597619197,0.029029603939340634,0,0.000012299829297403276,0,0,0,0,0,0,0,0,0,0,0,0,0,0,0,0,0,0,0,0,0,0,0,0,0,0,3.5232902198177523,5.380176177314438,8.90346639713219
7.24,3.213041933834706e-7,3.0341872545844113e-9,0.01416355325760559,3.512324216752764,0,3.7615798555698614,0.00007325909824542991,1.595053850654426,0.029050046485531035,0,0.000012308341375459154,0,0,0,0,0,0,0,0,0,0,0,0,0,0,0,0,0,0,0,0,0,0,0,0,0,0,3.52648809434875,5.385769320149439,8.912257414498189
7.245,3.215260885488787e-7,3.0238250242154473e-9,0.014173342950464612,3.5155116097011683,0,3.765122715127856,0.0000733097619818163,1.5970817723199344,0.029070488764157975,0,0.000012316853445328084,0,0,0,0,0,0,0,0,0,0,0,0,0,0,0,0,0,0,0,0,0,0,0,0,0,0,3.5296852772015463,5.391360602827376,8.921045880028922
7.25,3.21747983714284e-7,3.0135035949749207e-9,0.014183132637642584,3.518698312856667,0,3.7686646865352946,0.00007336042566957506,1.5991092926436543,0.029090930775785513,0,0.00001232536550702703,0,0,0,0,0,0,0,0,0,0,0,0,0,0,0,0,0,0,0,0,0,0,0,0,0,0,3.532881770255797,5.396950595745911,8.929832366001708
7.255,3.219698788796865e-7,3.0032227824205446e-9,0.014192922319151287,3.5218843280916925,0,3.772205772294008,0.00007341108930880684,1.601135724134184,0.029111372520976134,0,0.000012333877560572912,0,0,0,0,0,0,0,0,0,0,0,0,0,0,0,0,0,0,0,0,0,0,0,0,0,0,3.5360775753839455,5.402538613916037,8.938616189299982
7.26,3.221917740450859e-7,2.9929824030296165e-9,0.014202711995002431,3.5250696572715077,0,3.775745974895812,0.00007346175289961209,1.6031610429691454,0.02913181400029068,0,0.000012342389605982596,0,0,0,0,0,0,0,0,0,0,0,0,0,0,0,0,0,0,0,0,0,0,0,0,0,0,3.5392726944512667,5.408124636007754,8.94739733045902
7.265,3.2241366921048235e-7,2.9827822741939677e-9,0.0142125016652077,3.5282543022542336,0,3.779285296822569,0.00007351241644209088,1.6051852251826169,0.029152255214288464,0,0.000012350901643272899,0,0,0,0,0,0,0,0,0,0,0,0,0,0,0,0,0,0,0,0,0,0,0,0,0,0,3.542467129315893,5.41370864053756,8.956175769853452
7.27,3.2263556437587615e-7,2.972622214214938e-9,0.014222291329778772,3.5314382648908973,0,3.7828237405462386,0.00007356307993634315,1.6072082466644493,0.029172696163527204,0,0.000012359413672460607,0,0,0,0,0,0,0,0,0,0,0,0,0,0,0,0,0,0,0,0,0,0,0,0,0,0,3.5456608818288626,5.419290605867824,8.964951487696686
7.2749999999999995,3.2285745954126677e-7,2.96250204229836e-9,0.014232080988727256,3.5346215470254543,0,3.7863613085289223,0.00007361374338246832,1.609230083159576,0.02919313684856305,0,0.000012367925693562435,0,0,0,0,0,0,0,0,0,0,0,0,0,0,0,0,0,0,0,0,0,0,0,0,0,0,3.548853953834143,5.424870510206137,8.97372446404028
7.28,3.230793547066547e-7,2.9524215785496e-9,0.014241870642064752,3.5378041504948343,0,3.789898003222924,0.00007366440678056586,1.6112507102673042,0.029213577269950594,0,0.000012376437706595083,0,0,0,0,0,0,0,0,0,0,0,0,0,0,0,0,0,0,0,0,0,0,0,0,0,0,3.5520463471686754,5.430448331604666,8.98249467877334
7.285,3.2330124987203987e-7,2.9423806439686214e-9,0.014251660289802834,3.5409860771289683,0,3.7934338270707992,0.0000737150701307347,1.6132701034406223,0.029234017428242855,0,0.000012384949711575179,0,0,0,0,0,0,0,0,0,0,0,0,0,0,0,0,0,0,0,0,0,0,0,0,0,0,3.5552380636624012,5.436024047959507,8.991262111621909
7.29,3.2352314503742197e-7,2.9323790604450555e-9,0.01426144993195301,3.544167328750829,0,3.7969687825054006,0.00007376573343307357,1.6152882379854854,0.02925445732399131,0,0.000012393461708519312,0,0,0,0,0,0,0,0,0,0,0,0,0,0,0,0,0,0,0,0,0,0,0,0,0,0,3.558429105138306,5.441597637010019,9.000026742148325
7.295,3.237450402028012e-7,2.922416650753313e-9,0.014271239568526795,3.5473479071764635,0,3.8005028719499374,0.00007381639668768102,1.6173050890600973,0.02927489695774588,0,0.000012401973697444036,0,0,0,0,0,0,0,0,0,0,0,0,0,0,0,0,0,0,0,0,0,0,0,0,0,0,3.561619473412447,5.447169076338166,9.008788549750612
7.3,3.2396693536817765e-7,2.912493238547736e-9,0.014281029199535656,3.55052781421503,0,3.804036097818019,0.00007386705989465524,1.6193206316742006,0.029295336330054975,0,0.00001241048567836585,0,0,0,0,0,0,0,0,0,0,0,0,0,0,0,0,0,0,0,0,0,0,0,0,0,0,3.564809170293994,5.452738343367847,9.01754751366184
7.305,3.241888305335511e-7,2.9026086483577675e-9,0.014290818824991025,3.553707051668827,0,3.8075684625137067,0.00007391772305409414,1.6213348406883408,0.029315775441465436,0,0.0000124189976513012,0,0,0,0,0,0,0,0,0,0,0,0,0,0,0,0,0,0,0,0,0,0,0,0,0,0,3.5679981975852573,5.458305415364219,9.026303612949476
7.31,3.244107256989219e-7,2.8927627055831303e-9,0.01430060844490431,3.556885621333332,0,3.8110999684315674,0.00007396838616609547,1.623347690813147,0.02933621429252257,0,0.00001242750961626651,0,0,0,0,0,0,0,0,0,0,0,0,0,0,0,0,0,0,0,0,0,0,0,0,0,0,3.5711865570817247,5.46387026943302,9.035056826514744
7.3149999999999995,3.246326208642899e-7,2.8829552364890704e-9,0.014310398059286888,3.5600635249972328,0,3.8146306179567153,0.0000740190492307566,1.6253589579060475,0.029356652883770182,0,0.000012436021573278143,0,0,0,0,0,0,0,0,0,0,0,0,0,0,0,0,0,0,0,0,0,0,0,0,0,0,3.5743742505720957,5.469432683817337,9.043806934389433
7.32,3.248545160296548e-7,2.8731860682015958e-9,0.014320187668150096,3.563240764442464,0,3.8181604134648683,0.00007406971224817462,1.6273687439941826,0.02937709121575054,0,0.000012444533522352413,0,0,0,0,0,0,0,0,0,0,0,0,0,0,0,0,0,0,0,0,0,0,0,0,0,0,3.5775612798383163,5.4749927629205715,9.052554042758889
7.325,3.250764111950171e-7,2.863455028702761e-9,0.014329977271505248,3.566417341444237,0,3.8216893573223913,0.00007412037521844648,1.6293771090485496,0.029397529289004423,0,0.000012453045463505601,0,0,0,0,0,0,0,0,0,0,0,0,0,0,0,0,0,0,0,0,0,0,0,0,0,0,3.5807476466556083,5.480550569080628,9.061298215736237
7.33,3.2529830636037644e-7,2.853761946825963e-9,0.014339766869363625,3.5695932577710727,0,3.825217451886348,0.00007417103814166874,1.6313840364007317,0.02941796710407105,0,0.000012461557396753934,0,0,0,0,0,0,0,0,0,0,0,0,0,0,0,0,0,0,0,0,0,0,0,0,0,0,3.5839333527925046,5.486106087986689,9.070039440779194
7.335,3.2552020152573303e-7,2.844106652251281e-9,0.014349556461736473,3.5727685151848405,0,3.8287446995045493,0.00007422170101793777,1.6333895092793556,0.029438404661488175,0,0.000012470069322113607,0,0,0,0,0,0,0,0,0,0,0,0,0,0,0,0,0,0,0,0,0,0,0,0,0,0,3.587118400010885,5.491659305215733,9.078777705226617
7.34,3.257420966910868e-7,2.8344889755008242e-9,0.014359346048635018,3.575943115440785,0,3.8322711025155987,0.00007427236384734965,1.6353935108092592,0.029458841961792052,0,0.000012478581239600756,0,0,0,0,0,0,0,0,0,0,0,0,0,0,0,0,0,0,0,0,0,0,0,0,0,0,3.5903027900660054,5.4972102062317365,9.087512996297741
7.345,3.2596399185643783e-7,2.824908747934133e-9,0.014369135630070445,3.5791170602875604,0,3.8357966632489395,0.00007432302663000022,1.637396024010676,0.02947927900551743,0,0.000012487093149231483,0,0,0,0,0,0,0,0,0,0,0,0,0,0,0,0,0,0,0,0,0,0,0,0,0,0,3.5934865247065315,5.502758776384912,9.096245301091443
7.35,3.2618588702178595e-7,2.8153658017435787e-9,0.014378925206053916,3.5822903514672646,0,3.8393213840249056,0.00007437368936598499,1.639397031798372,0.02949971579319757,0,0.000012495605051021843,0,0,0,0,0,0,0,0,0,0,0,0,0,0,0,0,0,0,0,0,0,0,0,0,0,0,3.5966696056745713,5.508305000910893,9.104974606585465
7.3549999999999995,3.2640778218713136e-7,2.8058599699497808e-9,0.014388714776596555,3.5854629907154685,0,3.8428452671547655,0.0000744243520553993,1.641396516980798,0.02952015232536425,0,0.000012504116944987849,0,0,0,0,0,0,0,0,0,0,0,0,0,0,0,0,0,0,0,0,0,0,0,0,0,0,3.599852034705707,5.513848864929928,9.113700899635635
7.36,3.2662967735247397e-7,2.7963910863971013e-9,0.014398504341709464,3.5886349797612525,0,3.8463683149407677,0.00007447501469833822,1.6433944622592387,0.029540588602547786,0,0.00001251262883114547,0,0,0,0,0,0,0,0,0,0,0,0,0,0,0,0,0,0,0,0,0,0,0,0,0,0,3.6030338135290307,5.5193903534460835,9.122424166975115
7.365,3.268515725178138e-7,2.786958985749127e-9,0.014408293901403706,3.59180632032723,0,3.8498905296761916,0.00007452567729489643,1.6453908502269317,0.029561024625276988,0,0.000012521140709510622,0,0,0,0,0,0,0,0,0,0,0,0,0,0,0,0,0,0,0,0,0,0,0,0,0,0,3.6062149438671653,5.524929451346404,9.13114439521357
7.37,3.270734676831508e-7,2.7775635034841616e-9,0.014418083455690317,3.594977014129589,0,3.853411913645386,0.00007457633984516857,1.6473856633681898,0.02958146039407922,0,0.000012529652580099194,0,0,0,0,0,0,0,0,0,0,0,0,0,0,0,0,0,0,0,0,0,0,0,0,0,0,3.609395427436311,5.53046614340008,9.139861570836391
7.375,3.2729536284848506e-7,2.768204475890779e-9,0.014427873004580311,3.598147062878117,0,3.856932469123827,0.00007462700234924884,1.6493788840575188,0.029601895909480397,0,0.000012538164442927024,0,0,0,0,0,0,0,0,0,0,0,0,0,0,0,0,0,0,0,0,0,0,0,0,0,0,3.612575265946264,5.536000414257618,9.148575680203882
7.38,3.2751725801381655e-7,2.758881740063391e-9,0.01443766254808466,3.601316468276236,0,3.860452198378149,0.00007467766480723127,1.6513704977286985,0.029622331172004933,0,0.000012546676298009902,0,0,0,0,0,0,0,0,0,0,0,0,0,0,0,0,0,0,0,0,0,0,0,0,0,0,3.615754461100461,5.541532251619958,9.157286712720419
7.385,3.2773915317914513e-7,2.7495951338978294e-9,0.014447452086214311,3.604485232021026,0,3.8639711036661977,0.00007472832721920961,1.6533604965968371,0.02964276618217583,0,0.000012555188145363588,0,0,0,0,0,0,0,0,0,0,0,0,0,0,0,0,0,0,0,0,0,0,0,0,0,0,3.6189330145959886,5.547061649960575,9.165994664556564
7.39,3.279610483444711e-7,2.740344496086952e-9,0.014457241618980187,3.607653355803271,0,3.8674891872370787,0.00007477898958527736,1.655348848894862,0.02966320094051464,0,0.000012563699985003783,0,0,0,0,0,0,0,0,0,0,0,0,0,0,0,0,0,0,0,0,0,0,0,0,0,0,3.622110928123644,5.552588579762025,9.17469950788567
7.395,3.281829435097944e-7,2.7311296661163124e-9,0.014467031146393179,3.6108208413074707,0,3.8710064513311915,0.0000748296519055278,1.6573355360080484,0.029683635447541438,0,0.000012572211816946159,0,0,0,0,0,0,0,0,0,0,0,0,0,0,0,0,0,0,0,0,0,0,0,0,0,0,3.625288203367937,5.5581130246505035,9.18340122801844
7.3999999999999995,3.284048386751149e-7,2.7219504842597785e-9,0.014476820668464138,3.613987690211887,0,3.87452289818028,0.00007488031418005388,1.6593205392043608,0.029704069703774896,0,0.000012580723641206337,0,0,0,0,0,0,0,0,0,0,0,0,0,0,0,0,0,0,0,0,0,0,0,0,0,0,3.62846484200714,5.563634968126237,9.192099810133378
7.405,3.286267338404326e-7,2.7128067915752483e-9,0.014486610185203903,3.6171539041885654,0,3.8780385300074807,0.0000749309764089484,1.661303839633521,0.029724503709732248,0,0.000012589235457799906,0,0,0,0,0,0,0,0,0,0,0,0,0,0,0,0,0,0,0,0,0,0,0,0,0,0,3.63164084571331,5.5691543935626004,9.20079523927591
7.41,3.288486290057477e-7,2.7036984299003755e-9,0.014496399696623264,3.620319484903367,0,3.8815533490273566,0.0000749816385923038,1.6632854183260566,0.029744937465929287,0,0.000012597747266742401,0,0,0,0,0,0,0,0,0,0,0,0,0,0,0,0,0,0,0,0,0,0,0,0,0,0,3.6348162161523176,5.574671284205202,9.20948750035752
7.415,3.2907052417105996e-7,2.6946252418482608e-9,0.014506189202733003,3.623484434015999,0,3.8850673574459456,0.00007503230073021235,1.6652652561923242,0.029765370972880373,0,0.000012606259068049317,0,0,0,0,0,0,0,0,0,0,0,0,0,0,0,0,0,0,0,0,0,0,0,0,0,0,3.6379909549838816,5.580185623170949,9.21817657815483
7.42,3.292924193363695e-7,2.685587070803253e-9,0.014515978703543852,3.6266487531800435,0,3.888580557460807,0.00007508296282276604,1.6672433340215609,0.02978580423109848,0,0.000012614770861736114,0,0,0,0,0,0,0,0,0,0,0,0,0,0,0,0,0,0,0,0,0,0,0,0,0,0,3.6411650638615938,5.58569739344715,9.226862457308744
7.425,3.2951431450167636e-7,2.6765837609167114e-9,0.01452576819906653,3.6298124440429924,0,3.892092951261059,0.00007513362487005662,1.6692196324808792,0.029806237241095167,0,0.000012623282647818209,0,0,0,0,0,0,0,0,0,0,0,0,0,0,0,0,0,0,0,0,0,0,0,0,0,0,3.6443385444329572,5.591206577890551,9.235545122323508
7.43,3.297362096669804e-7,2.6676151571028213e-9,0.014535557689311725,3.6329755082462682,0,3.8956045410274243,0.00007518428687217561,1.671194132114292,0.029826670003380552,0,0.000012631794426310973,0,0,0,0,0,0,0,0,0,0,0,0,0,0,0,0,0,0,0,0,0,0,0,0,0,0,3.6475113983394047,5.596713159226396,9.2442245575658
7.435,3.2995810483228184e-7,2.658681105034422e-9,0.01454534717429009,3.6361379474252566,0,3.8991153289322678,0.00007523494882921423,1.6731668133416884,0.029847102518463384,0,0.000012640306197229734,0,0,0,0,0,0,0,0,0,0,0,0,0,0,0,0,0,0,0,0,0,0,0,0,0,0,3.650683627216333,5.602217120047445,9.252900747263778
7.4399999999999995,3.3017999999758067e-7,2.6497814511388606e-9,0.014555136654012245,3.6392997632093396,0,3.902625317139646,0.00007528561074126353,1.6751376564578369,0.02986753478685099,0,0.00001264881796058979,0,0,0,0,0,0,0,0,0,0,0,0,0,0,0,0,0,0,0,0,0,0,0,0,0,0,3.6538552326931333,5.607718442813036,9.26157367550617
7.445,3.304018951628767e-7,2.6409160425938677e-9,0.014564926128488802,3.6424609572219198,0,3.906134507805346,0.00007533627260841422,1.677106641631347,0.029887966809049326,0,0.000012657329716406383,0,0,0,0,0,0,0,0,0,0,0,0,0,0,0,0,0,0,0,0,0,0,0,0,0,0,3.6570262163932195,5.613217109848067,9.270243326241287
7.45,3.3062379032817007e-7,2.632084727323479e-9,0.01457471559773032,3.6456215310804487,0,3.9096429030769215,0.00007538693443075685,1.6790737388837198,0.02990839858556293,0,0.000012665841464694727,0,0,0,0,0,0,0,0,0,0,0,0,0,0,0,0,0,0,0,0,0,0,0,0,0,0,3.660196579934054,5.6187130933221,9.278909673256154
7.455,3.308456854934607e-7,2.623287353993916e-9,0.014584505061747343,3.648781486396458,0,3.9131505050937405,0.00007543759620838171,1.6810389297337545,0.02992883011689499,0,0.000012674353205469984,0,0,0,0,0,0,0,0,0,0,0,0,0,0,0,0,0,0,0,0,0,0,0,0,0,0,3.663366324927178,5.624206376893804,9.287572701820983
7.46,3.3106758065874866e-7,2.6145237720095735e-9,0.014594294520550386,3.65194082477559,0,3.916657315987027,0.00007548825794137878,1.6830022032247762,0.02994926140354729,0,0.00001268286493874728,0,0,0,0,0,0,0,0,0,0,0,0,0,0,0,0,0,0,0,0,0,0,0,0,0,0,3.666535452978245,5.6296969517382305,9.296232404716475
7.465,3.3128947582403394e-7,2.6057938315089655e-9,0.014604083974149935,3.655099547817617,0,3.920163337879895,0.0000755389196298379,1.6849635396128968,0.029969692446020248,0,0.000012691376664541707,0,0,0,0,0,0,0,0,0,0,0,0,0,0,0,0,0,0,0,0,0,0,0,0,0,0,3.6697039656870367,5.635184800235106,9.304888765922144
7.47,3.315113709893166e-7,2.597097383360724e-9,0.014613873422556446,3.658257657116478,0,3.923668572887397,0.00007558958127384862,1.6869229190259236,0.029990123244812907,0,0.000012699888382868308,0,0,0,0,0,0,0,0,0,0,0,0,0,0,0,0,0,0,0,0,0,0,0,0,0,0,3.6728718646475027,5.64066990462779,9.313541769275293
7.475,3.317332661545966e-7,2.5884342791596113e-9,0.014623662865780348,3.6614151542603035,0,3.9271730231165574,0.00007564024287350022,1.688880321462253,0.030010553800422966,0,0.000012708400093742085,0,0,0,0,0,0,0,0,0,0,0,0,0,0,0,0,0,0,0,0,0,0,0,0,0,0,3.6760391514477844,5.6461522470222,9.322191398469984
7.4799999999999995,3.3195516131987393e-7,2.579804371222561e-9,0.01463345230383204,3.6645720408314446,0,3.9306766906664183,0.0000756909044288818,1.6908357267897547,0.03003098411334674,0,0.000012716911797178008,0,0,0,0,0,0,0,0,0,0,0,0,0,0,0,0,0,0,0,0,0,0,0,0,0,0,3.679205827670242,5.651631809385745,9.330837637055987
7.485,3.3217705648514856e-7,2.571207512584721e-9,0.0146432417367219,3.6677283184064966,0,3.9341795776280746,0.00007574156594008217,1.6927891147446574,0.030051414184079188,0,0.000012725423493190996,0,0,0,0,0,0,0,0,0,0,0,0,0,0,0,0,0,0,0,0,0,0,0,0,0,0,3.6823718948914825,5.657108573546244,9.339480468437728
7.49,3.323989516504206e-7,2.5626435569955525e-9,0.014653031164460269,3.670883988556327,0,3.9376816860847144,0.00007579222740718993,1.6947404649304014,0.030071844013113937,0,0.00001273393518179594,0,0,0,0,0,0,0,0,0,0,0,0,0,0,0,0,0,0,0,0,0,0,0,0,0,0,3.6855373546823826,5.662582521190819,9.348119875873202
7.495,3.3262084681569016e-7,2.5541123589149216e-9,0.014662820587057472,3.6740390528461107,0,3.941183018111661,0.00007584288883029347,1.6966897568164934,0.030092273600943256,0,0.000012742446863007685,0,0,0,0,0,0,0,0,0,0,0,0,0,0,0,0,0,0,0,0,0,0,0,0,0,0,3.6887022086081274,5.668053633864791,9.356755842472918
7.5,3.328427419809568e-7,2.5456137735092144e-9,0.014672610004523783,3.6771935128353443,0,3.94468357577641,0.00007589355020948087,1.6986369697373394,0.030112702948058068,0,0.000012750958536841026,0,0,0,0,0,0,0,0,0,0,0,0,0,0,0,0,0,0,0,0,0,0,0,0,0,0,3.691866458228224,5.6735218929705535,9.365388351198778
7.505,3.330646371462209e-7,2.5371476566475027e-9,0.014682399416869482,3.6803473700778855,0,3.948183361138668,0.00007594421154484003,1.7005820828910636,0.030133132054947956,0,0.000012759470203310742,0,0,0,0,0,0,0,0,0,0,0,0,0,0,0,0,0,0,0,0,0,0,0,0,0,0,3.6950301050965395,5.678987279766428,9.374017384862967
7.51,3.332865323114824e-7,2.528713864897689e-9,0.014692188824104804,3.6835006261219694,0,3.9516823762503908,0.00007599487283645865,1.702525075338334,0.0301535609221012,0,0.000012767981862431557,0,0,0,0,0,0,0,0,0,0,0,0,0,0,0,0,0,0,0,0,0,0,0,0,0,0,3.6981931507613206,5.684449775365525,9.382642926126845
7.515,3.335084274767413e-7,2.520312255522702e-9,0.014701978226239946,3.686653282510242,0,3.9551806231558215,0.00007604553408442406,1.704465926001137,0.03017398955000472,0,0.000012776493514218157,0,0,0,0,0,0,0,0,0,0,0,0,0,0,0,0,0,0,0,0,0,0,0,0,0,0,3.701355596765222,5.689909360734562,9.391264957499784
7.52,3.3373032264199757e-7,2.5119426864767037e-9,0.014711767623285101,3.6898053407797824,0,3.958678103891533,0.00007609619528882352,1.7064048276495705,0.03019441793914412,0,0.000012785005158685188,0,0,0,0,0,0,0,0,0,0,0,0,0,0,0,0,0,0,0,0,0,0,0,0,0,0,3.7045174446453326,5.695366230680695,9.399883675326027
7.5249999999999995,3.339522178072513e-7,2.503605016401334e-9,0.014721557015250412,3.6929568024621338,0,3.962174820486458,0.00007614685644974396,1.7083416091889614,0.0302148460900037,0,0.000012793516795847262,0,0,0,0,0,0,0,0,0,0,0,0,0,0,0,0,0,0,0,0,0,0,0,0,0,0,3.707678695933207,5.700820216138669,9.408498912071876
7.53,3.3417411297250226e-7,2.495299104621926e-9,0.014731346402146015,3.696107669083322,0,3.9656707749619295,0.00007619751756727211,1.7102761703009668,0.03023527400306642,0,0.000012802028425718948,0,0,0,0,0,0,0,0,0,0,0,0,0,0,0,0,0,0,0,0,0,0,0,0,0,0,3.71083935215488,5.706271218811956,9.417110570966836
7.535,3.343960081377508e-7,2.4870248111438064e-9,0.014741135783982003,3.69925794216389,0,3.9691659693317254,0.00007624817864149447,1.7122084803424067,0.030255701678813952,0,0.000012810540048314783,0,0,0,0,0,0,0,0,0,0,0,0,0,0,0,0,0,0,0,0,0,0,0,0,0,0,3.713999414830905,5.711719210071636,9.42571862490254
7.54,3.3461790330299663e-7,2.4787819966485746e-9,0.014750925160768459,3.7024076232189174,0,3.9726604056020958,0.00007629883967249726,1.7141385084796243,0.03027612911772666,0,0.000012819051663649249,0,0,0,0,0,0,0,0,0,0,0,0,0,0,0,0,0,0,0,0,0,0,0,0,0,0,3.717158885476371,5.717164161090784,9.434323046567155
7.545,3.348397984682399e-7,2.470570522490423e-9,0.014760714532515422,3.7055567137580487,0,3.9761540857718014,0.00007634950066036653,1.716066223687296,0.03029655632028358,0,0.000012827563271736809,0,0,0,0,0,0,0,0,0,0,0,0,0,0,0,0,0,0,0,0,0,0,0,0,0,0,3.720317765600933,5.722606042843313,9.442923808444245
7.55,3.350616936334806e-7,2.4623902506924506e-9,0.014770503899232911,3.7087052152855207,0,3.9796470118321565,0.00007640016160518811,1.7179915947472293,0.03031698328696249,0,0.000012836074872591876,0,0,0,0,0,0,0,0,0,0,0,0,0,0,0,0,0,0,0,0,0,0,0,0,0,0,3.7234760567088374,5.728044826102826,9.451520882811664
7.555,3.352835887987187e-7,2.4542410439430294e-9,0.014780293260930923,3.711853129300183,0,3.98313918576706,0.00007645082250704757,1.7199145902471504,0.03033741001823986,0,0.00001284458646622883,0,0,0,0,0,0,0,0,0,0,0,0,0,0,0,0,0,0,0,0,0,0,0,0,0,0,3.726633760298944,5.733480481441424,9.460114241740367
7.56,3.355054839639543e-7,2.446122765592175e-9,0.014790082617619422,3.715000457295526,0,3.9866306095530324,0.00007650148336603026,1.7218351785794828,0.030357836514590862,0,0.000012853098052662015,0,0,0,0,0,0,0,0,0,0,0,0,0,0,0,0,0,0,0,0,0,0,0,0,0,0,3.7297908778647524,5.738912979228525,9.468703857093278
7.5649999999999995,3.3572737912918716e-7,2.4380352796479313e-9,0.014799871969308353,3.718147200759705,0,3.9901212851592525,0.0000765521441822213,1.7237533279401098,0.030378262776489404,0,0.000012861609631905724,0,0,0,0,0,0,0,0,0,0,0,0,0,0,0,0,0,0,0,0,0,0,0,0,0,0,3.7329474108944276,5.7443422896296665,9.477289700524095
7.57,3.3594927429441754e-7,2.4299784507727867e-9,0.01480966131600763,3.7212933611755696,0,3.9936112145475944,0.0000766028049557056,1.7256690063271116,0.03039868880440809,0,0.000012870121203974229,0,0,0,0,0,0,0,0,0,0,0,0,0,0,0,0,0,0,0,0,0,0,0,0,0,0,3.73610336087083,5.749768382605274,9.485871743476103
7.575,3.361711694596455e-7,2.4219521442801012e-9,0.014819450657727136,3.724438940020681,0,3.9971003996726604,0.00007665346568656783,1.7275821815395216,0.030419114598818266,0,0.000012878632768881749,0,0,0,0,0,0,0,0,0,0,0,0,0,0,0,0,0,0,0,0,0,0,0,0,0,0,3.73925872927153,5.755191227909456,9.494449957180986
7.58,3.3639306462487077e-7,2.4139562261305688e-9,0.014829239994476742,3.7275839387673417,0,4.000588842481817,0.00007670412637489243,1.7294928211760352,0.03043954016019002,0,0.000012887144326642484,0,0,0,0,0,0,0,0,0,0,0,0,0,0,0,0,0,0,0,0,0,0,0,0,0,0,3.7424135175688393,5.760610795088744,9.503024312657583
7.585,3.3661495979009347e-7,2.4059905629286606e-9,0.014839029326266273,3.7307283588826166,0,4.004076544915233,0.00007675478702076363,1.731400892633715,0.030459965488992127,0,0.000012895655877270568,0,0,0,0,0,0,0,0,0,0,0,0,0,0,0,0,0,0,0,0,0,0,0,0,0,0,3.745567727229833,5.766027053480839,9.511594780710672
7.59,3.368368549553138e-7,2.398055021919138e-9,0.014848818653105543,3.733872201828364,0,4.007563508905912,0.00007680544762426547,1.7333056520831136,0.030480390585692168,0,0.000012904167420780134,0,0,0,0,0,0,0,0,0,0,0,0,0,0,0,0,0,0,0,0,0,0,0,0,0,0,3.7487213597163795,5.771439261189763,9.520160620906143
7.595,3.3705875012053146e-7,2.390149470983553e-9,0.014858607975004344,3.737015469061249,0,4.011049736379724,0.00007685610818548172,1.7352076646349142,0.03050081545075641,0,0.000012912678957185248,0,0,0,0,0,0,0,0,0,0,0,0,0,0,0,0,0,0,0,0,0,0,0,0,0,0,3.751874416485153,5.776847985252537,9.52872240173769
7.6,3.3728064528574664e-7,2.3822737786367664e-9,0.01486839729197242,3.7401581620327775,0,4.014535229255446,0.00007690676870449592,1.737107054820198,0.030521240084649875,0,0.000012921190486499948,0,0,0,0,0,0,0,0,0,0,0,0,0,0,0,0,0,0,0,0,0,0,0,0,0,0,3.755026898987669,5.782253352119485,9.537280251107155
7.6049999999999995,3.375025404509592e-7,2.374427814023509e-9,0.014878186604019511,3.743300282189315,0,4.018019989444793,0.00007695742918139138,1.739003815457177,0.030541664487836365,0,0.00001292970200873824,0,0,0,0,0,0,0,0,0,0,0,0,0,0,0,0,0,0,0,0,0,0,0,0,0,0,3.7581788086703027,5.787655356520998,9.5458341651913
7.61,3.377244356161693e-7,2.3666114469149278e-9,0.014887975911155335,3.746441830972114,0,4.021504018852456,0.00007700808961625134,1.7408979392844917,0.03056208866077843,0,0.000012938213523914096,0,0,0,0,0,0,0,0,0,0,0,0,0,0,0,0,0,0,0,0,0,0,0,0,0,0,3.7613301469743163,5.793053993100866,9.554384140075182
7.615,3.379463307813768e-7,2.3588245477051844e-9,0.014897765213389556,3.7495828098173294,0,4.024987319376123,0.0000770587500091586,1.742789418959512,0.030582512603937326,0,0.000012946725032041433,0,0,0,0,0,0,0,0,0,0,0,0,0,0,0,0,0,0,0,0,0,0,0,0,0,0,3.764480915335874,5.798449256414614,9.562930171750487
7.62,3.38168225946582e-7,2.3510669874080385e-9,0.014907554510731837,3.752723220156055,0,4.028469892906535,0.00007710941036019591,1.744678247056587,0.03060293631777317,0,0.000012955236533134156,0,0,0,0,0,0,0,0,0,0,0,0,0,0,0,0,0,0,0,0,0,0,0,0,0,0,3.76763111518608,5.803841140927788,9.571472256113868
7.625,3.383901211117845e-7,2.3433386376534805e-9,0.01491734380319181,3.7558630634143335,0,4.031951741327494,0.0000771600706694457,1.746564416065267,0.030623359802744745,0,0.000012963748027206113,0,0,0,0,0,0,0,0,0,0,0,0,0,0,0,0,0,0,0,0,0,0,0,0,0,0,3.770780747950985,5.809229641014203,9.580010388965189
7.63,3.3861201627698453e-7,2.3356393706843665e-9,0.014927133090779077,3.7590023410131894,0,4.035432866515918,0.00007721073093699024,1.748447918388525,0.030643783059309662,0,0.000012972259514271123,0,0,0,0,0,0,0,0,0,0,0,0,0,0,0,0,0,0,0,0,0,0,0,0,0,0,3.773929815051624,5.814614750954203,9.588544566005828
7.635,3.3883391144218214e-7,2.327969059353072e-9,0.014936922373503225,3.762141054368649,0,4.038913270341863,0.00007726139116291158,1.7503287463409398,0.03066420608792432,0,0.000012980770994342975,0,0,0,0,0,0,0,0,0,0,0,0,0,0,0,0,0,0,0,0,0,0,0,0,0,0,3.777078317904033,5.819996464932884,9.597074782836916
7.64,3.390558066073771e-7,2.320327577118156e-9,0.014946711651373804,3.76527920489176,0,4.04239295466855,0.00007731205134729153,1.7522068921468457,0.03068462888904385,0,0.000012989282467435408,0,0,0,0,0,0,0,0,0,0,0,0,0,0,0,0,0,0,0,0,0,0,0,0,0,0,3.780226257919268,5.825374777038254,9.605601034957523
7.645,3.392777017725697e-7,2.312714798041073e-9,0.014956500924400344,3.768416793988618,0,4.04587192135242,0.00007736271149021169,1.7540823479384875,0.0307050514631222,0,0.000012997793933562142,0,0,0,0,0,0,0,0,0,0,0,0,0,0,0,0,0,0,0,0,0,0,0,0,0,0,3.783373636503435,5.830749681259453,9.614123317762889
7.6499999999999995,3.394995969377598e-7,2.3051305967828573e-9,0.014966290192592355,3.7715538230603944,0,4.049350172243141,0.00007741337159175347,1.755955105754118,0.030725473810612115,0,0.000013006305392736846,0,0,0,0,0,0,0,0,0,0,0,0,0,0,0,0,0,0,0,0,0,0,0,0,0,0,3.7865204550577145,5.836121171484856,9.62264162654257
7.655,3.397214921029474e-7,2.2975748486008578e-9,0.014976079455959315,3.774690293503343,0,4.052827709183654,0.00007746403165199808,1.757825157536104,0.030745895931965094,0,0.000013014816844973168,0,0,0,0,0,0,0,0,0,0,0,0,0,0,0,0,0,0,0,0,0,0,0,0,0,0,3.7896667149783694,5.84148924150022,9.63115595647859
7.66,3.399433872681324e-7,2.2900474293454936e-9,0.014985868714510674,3.7778262067088386,0,4.056304534010204,0.00007751469167102645,1.759693190174543,0.03076631782763145,0,0.0000130233282902847,0,0,0,0,0,0,0,0,0,0,0,0,0,0,0,0,0,0,0,0,0,0,0,0,0,0,3.792812417656784,5.84685458003234,9.639666997689124
7.665,3.401652824333152e-7,2.2825482154569968e-9,0.014995657968255867,3.780961564063394,0,4.059780648552367,0.00007756535164891931,1.761558650030258,0.030786739498060316,0,0.000013031839728685019,0,0,0,0,0,0,0,0,0,0,0,0,0,0,0,0,0,0,0,0,0,0,0,0,0,0,3.79595756447948,5.852216635272064,9.648174199751544
7.67,3.4038717759849545e-7,2.2750770839621986e-9,0.015005447217204307,3.7840963669486776,0,4.06325605463309,0.00007761601158575727,1.7634213350240362,0.030807160943699608,0,0.000013040351160187651,0,0,0,0,0,0,0,0,0,0,0,0,0,0,0,0,0,0,0,0,0,0,0,0,0,0,3.7991021568281362,5.857575206963572,9.656677363791708
7.675,3.406090727636731e-7,2.267633912471322e-9,0.015015236461365367,3.787230616741542,0,4.066730754068716,0.00007766667148162064,1.7652812103450939,0.03082758216499606,0,0.000013048862584806101,0,0,0,0,0,0,0,0,0,0,0,0,0,0,0,0,0,0,0,0,0,0,0,0,0,0,3.8022461960796137,5.862930262112872,9.665176458192485
7.68,3.4083096792884847e-7,2.260218579174793e-9,0.015025025700748408,3.790364314814044,0,4.070204748669012,0.00007771733133658954,1.7671382409516547,0.030848003162395207,0,0.000013057374002553827,0,0,0,0,0,0,0,0,0,0,0,0,0,0,0,0,0,0,0,0,0,0,0,0,0,0,3.805389683605979,5.8682817674884005,9.673671451094378
7.685,3.4105286309402135e-7,2.252830962840069e-9,0.01503481493536276,3.793497462533462,0,4.073678040237211,0.00007776799115074392,1.7689923915692667,0.030868423936341406,0,0.000013065885413444258,0,0,0,0,0,0,0,0,0,0,0,0,0,0,0,0,0,0,0,0,0,0,0,0,0,0,3.808532620774519,5.873629689619383,9.682162310393903
7.6899999999999995,3.4127475825919164e-7,2.2454709428084822e-9,0.015044604165217737,3.796630061262323,0,4.077150630570034,0.00007781865092416343,1.770843626689076,0.030888844487277828,0,0.000013074396817490785,0,0,0,0,0,0,0,0,0,0,0,0,0,0,0,0,0,0,0,0,0,0,0,0,0,0,3.8116750089477702,5.878973994794129,9.6906490037419
7.695,3.4149665342435966e-7,2.238138398992107e-9,0.015054393390322617,3.799762112358426,0,4.080622521457728,0.00007786931065692765,1.7726919105661267,0.030909264815646497,0,0.000013082908214706765,0,0,0,0,0,0,0,0,0,0,0,0,0,0,0,0,0,0,0,0,0,0,0,0,0,0,3.8148168494835404,5.884314649058373,9.699131498541913
7.7,3.417185485895252e-7,2.2308332118706324e-9,0.01506418261068667,3.8028936171748544,0,4.084093714684085,0.00007791997034911583,1.7745372072175774,0.030929684921888228,0,0.000013091419605105521,0,0,0,0,0,0,0,0,0,0,0,0,0,0,0,0,0,0,0,0,0,0,0,0,0,0,3.817958143734923,5.889651618213505,9.707609761948428
7.705,3.419404437546882e-7,2.223555262488255e-9,0.015073971826319121,3.806024577060005,0,4.087564212026487,0.00007797063000080703,1.7763794804209678,0.030950104806442672,0,0.00001309993098870034,0,0,0,0,0,0,0,0,0,0,0,0,0,0,0,0,0,0,0,0,0,0,0,0,0,0,3.821098893050323,5.894984867814887,9.71608376086521
7.71,3.42162338919849e-7,2.216304432450586e-9,0.015083761037229188,3.809154993357609,0,4.091034015255927,0.00007802128961208023,1.7782186937123916,0.030970524469748354,0,0.000013108442365504483,0,0,0,0,0,0,0,0,0,0,0,0,0,0,0,0,0,0,0,0,0,0,0,0,0,0,3.8242390987734813,5.900314363170044,9.724553461943525
7.715,3.4238423408500715e-7,2.2090806039215878e-9,0.015093550243426056,3.8122848674067473,0,4.094503126137039,0.00007807194918301403,1.7800548103847078,0.03099094391224258,0,0.000013116953735531158,0,0,0,0,0,0,0,0,0,0,0,0,0,0,0,0,0,0,0,0,0,0,0,0,0,0,3.8273787622434883,5.905640069336908,9.733018831580395
7.72,3.4260612925016304e-7,2.2018836596205127e-9,0.015103339444918895,3.8154142005418796,0,4.097971546428132,0.00007812260871368691,1.781887793485709,0.031011363134361543,0,0.000013125465098793553,0,0,0,0,0,0,0,0,0,0,0,0,0,0,0,0,0,0,0,0,0,0,0,0,0,0,3.830517884794811,5.910961951122015,9.741479835916827
7.725,3.4282802441531644e-7,2.194713482818848e-9,0.015113128641716841,3.8185429940928572,0,4.1014392778812185,0.0000781732682041772,1.7837176058162418,0.03103178213654028,0,0.000013133976455304827,0,0,0,0,0,0,0,0,0,0,0,0,0,0,0,0,0,0,0,0,0,0,0,0,0,0,3.833656467757312,5.916279973078661,9.749936440835972
7.7299999999999995,3.430499195804674e-7,2.1875699573373147e-9,0.015122917833829012,3.821671249384949,0,4.10490632224204,0.00007822392765456287,1.7855440029943634,0.031052200919212652,0,0.00001314248780507808,0,0,0,0,0,0,0,0,0,0,0,0,0,0,0,0,0,0,0,0,0,0,0,0,0,0,3.8367945124562675,5.921593892571075,9.758388405027343
7.735,3.4327181474561604e-7,2.1804529675428187e-9,0.015132707021264508,3.8247989677388627,0,4.108372681250106,0.00007827458706492189,1.787367041865617,0.031072619482811422,0,0.000013150999148126412,0,0,0,0,0,0,0,0,0,0,0,0,0,0,0,0,0,0,0,0,0,0,0,0,0,0,3.839932020212395,5.926903768184747,9.766835788397142
7.74,3.4349370991076225e-7,2.1733623983455047e-9,0.015142496204032388,3.8279261504707582,0,4.111838356638711,0.00007832524643533188,1.7891868115064014,0.031093037827768143,0,0.000013159510484462865,0,0,0,0,0,0,0,0,0,0,0,0,0,0,0,0,0,0,0,0,0,0,0,0,0,0,3.843068992341863,5.932209690729801,9.775278683071663
7.745,3.437156050759061e-7,2.1662981351957324e-9,0.015152285382141712,3.83105279889228,0,4.115303350134973,0.00007837590576587031,1.79100328342177,0.031113455954513303,0,0.000013168021814100453,0,0,0,0,0,0,0,0,0,0,0,0,0,0,0,0,0,0,0,0,0,0,0,0,0,0,3.8462054301563247,5.937511633438836,9.78371706359516
7.75,3.439375002410476e-7,2.1592600640811227e-9,0.01516207455560149,3.8341789143105616,0,4.118767663459857,0.00007842656505661443,1.7928164289047868,0.031133873863476193,0,0.000013176533137052152,0,0,0,0,0,0,0,0,0,0,0,0,0,0,0,0,0,0,0,0,0,0,0,0,0,0,3.849341334962923,5.942809569326314,9.792150904289237
7.755,3.441593954061866e-7,2.152248071523626e-9,0.01517186372442073,3.837304498028262,0,4.122231298328205,0.00007847722430764135,1.7946262190343887,0.031154291555085024,0,0.000013185044453330924,0,0,0,0,0,0,0,0,0,0,0,0,0,0,0,0,0,0,0,0,0,0,0,0,0,0,3.852476708064326,5.94810347118644,9.800580179250765
7.76,3.443812905713233e-7,2.1452620445765725e-9,0.015181652888608404,3.840429551343575,0,4.125694256448768,0.00007852788351902787,1.7964326246731581,0.031174709029766854,0,0.000013193555762949666,0,0,0,0,0,0,0,0,0,0,0,0,0,0,0,0,0,0,0,0,0,0,0,0,0,0,3.8556115507587365,5.953393311590975,9.809004862349711
7.765,3.4460318573645763e-7,2.1383018708217392e-9,0.015191442048173466,3.843554075550253,0,4.129156539524229,0.00007857854269085069,1.7982356164651403,0.031195126287947617,0,0.000013202067065921269,0,0,0,0,0,0,0,0,0,0,0,0,0,0,0,0,0,0,0,0,0,0,0,0,0,0,3.8587458643399137,5.958679062887073,9.817424927226988
7.77,3.448250809015894e-7,2.1313674383664726e-9,0.01520123120312485,3.8466780719376263,0,4.132618149251233,0.00007862920182318629,1.8000351648335688,0.031215543330052154,0,0.000013210578362258583,0,0,0,0,0,0,0,0,0,0,0,0,0,0,0,0,0,0,0,0,0,0,0,0,0,0,3.8618796500971997,5.963960697195039,9.825840347292239
7.7749999999999995,3.4504697606671917e-7,2.124458635840779e-9,0.015211020353471464,3.8498015417906233,0,4.136079087320422,0.00007867986091611094,1.8018312399786072,0.03123596015650416,0,0.000013219089651974419,0,0,0,0,0,0,0,0,0,0,0,0,0,0,0,0,0,0,0,0,0,0,0,0,0,0,3.8650129093155297,5.969238186406101,9.83425109572163
7.78,3.4526887123184626e-7,2.117575352394445e-9,0.015220809499222184,3.8529244863897874,0,4.139539355416446,0.0000787305199697007,1.8036238118750147,0.03125637676772623,0,0.000013227600935081555,0,0,0,0,0,0,0,0,0,0,0,0,0,0,0,0,0,0,0,0,0,0,0,0,0,0,3.868145643275456,5.974511502180091,9.842657145455547
7.785,3.454907663969711e-7,2.1107174776941905e-9,0.015230598640385881,3.8560469070113004,0,4.142998955218008,0.00007878117898403143,1.8054128502698388,0.03127679316413985,0,0.00001323611221159274,0,0,0,0,0,0,0,0,0,0,0,0,0,0,0,0,0,0,0,0,0,0,0,0,0,0,3.8712778532531704,5.9797806159431826,9.851058469196353
7.79,3.4571266156209356e-7,2.103884901920811e-9,0.01524038777697139,3.8591688049270023,0,4.146457888397887,0.00007883183795917891,1.8071983246800272,0.03129720934616542,0,0.000013244623481520703,0,0,0,0,0,0,0,0,0,0,0,0,0,0,0,0,0,0,0,0,0,0,0,0,0,0,3.8744095405205203,5.98504549888552,9.85945503940604
7.795,3.459345567272137e-7,2.097077515766337e-9,0.01525017690898753,3.8622901814044033,0,4.149916156622958,0.00007888249689521856,1.8089802043900167,0.03131762531422221,0,0.000013253134744878116,0,0,0,0,0,0,0,0,0,0,0,0,0,0,0,0,0,0,0,0,0,0,0,0,0,0,3.877540706345025,5.990306121958838,9.867846828303863
7.8,3.461564518923315e-7,2.09029521043123e-9,0.015259966036443097,3.8654110377067106,0,4.153373761554225,0.00007893315579222566,1.8107585694331518,0.031338041068728416,0,0.000013261646001677633,0,0,0,0,0,0,0,0,0,0,0,0,0,0,0,0,0,0,0,0,0,0,0,0,0,0,3.8806713519899008,5.9955625668579,9.8762339188478
7.805,3.4637834705744704e-7,2.083537877621564e-9,0.015269755159346853,3.868531375092847,0,4.156830704846851,0.00007898381465027535,1.8125334902864867,0.031358456610101115,0,0.000013270157251931869,0,0,0,0,0,0,0,0,0,0,0,0,0,0,0,0,0,0,0,0,0,0,0,0,0,0,3.883801478714079,6.000814905715341,9.884616384429421
7.81,3.466002422225601e-7,2.076805409546239e-9,0.015279544277707549,3.8716511948174652,0,4.160286988150178,0.00007903447346944258,1.8143047112719501,0.03137887193875631,0,0.000013278668495653418,0,0,0,0,0,0,0,0,0,0,0,0,0,0,0,0,0,0,0,0,0,0,0,0,0,0,3.8869310877722203,6.00606288450285,9.89299397227507
7.8149999999999995,3.4682213738767083e-7,2.070097698914198e-9,0.015289333391533912,3.8747704981309696,0,4.163742613107759,0.00007908513224980195,1.8160721911495763,0.031399287055108936,0,0.00001328717973285482,0,0,0,0,0,0,0,0,0,0,0,0,0,0,0,0,0,0,0,0,0,0,0,0,0,0,3.8900601804147388,6.011306463624427,9.901366644039166
7.82,3.470440325527794e-7,2.0634146389316652e-9,0.015299122500834659,3.8778892862795376,0,4.167197581357384,0.00007913579099142813,1.817835888392054,0.03141970195957283,0,0.000013295690963548614,0,0,0,0,0,0,0,0,0,0,0,0,0,0,0,0,0,0,0,0,0,0,0,0,0,0,3.8931887578878195,6.016545603190965,9.909734361078785
7.825,3.472659277178855e-7,2.0567561232993934e-9,0.015308911605618451,3.881007560505128,0,4.170651894531101,0.00007918644969439535,1.8195957611822704,0.03144011665256073,0,0.000013304202187747273,0,0,0,0,0,0,0,0,0,0,0,0,0,0,0,0,0,0,0,0,0,0,0,0,0,0,3.8963168214334303,6.021780263017814,9.918097084451244
7.83,3.474878228829895e-7,2.050122046209929e-9,0.015318700705893959,3.8841253220455165,0,4.174105554255251,0.00007923710835877782,1.8213517674109019,0.03146053113448431,0,0.000013312713405463265,0,0,0,0,0,0,0,0,0,0,0,0,0,0,0,0,0,0,0,0,0,0,0,0,0,0,3.8994443722893553,6.027010402622402,9.926454774911758
7.835,3.47709718048091e-7,2.0435123023448693e-9,0.015328489801669811,3.887242572134298,0,4.177558562150488,0.00007928776698464942,1.82310386467389,0.031480945405754204,0,0.000013321224616709011,0,0,0,0,0,0,0,0,0,0,0,0,0,0,0,0,0,0,0,0,0,0,0,0,0,0,3.902571411689198,6.032235981221733,9.934807392910932
7.84,3.4793161321319025e-7,2.0369267868721814e-9,0.015338278892954638,3.8903593120009137,0,4.181010919831806,0.00007933842557208403,1.8248520102699384,0.03150135946677991,0,0.00001332973582149691,0,0,0,0,0,0,0,0,0,0,0,0,0,0,0,0,0,0,0,0,0,0,0,0,0,0,3.9056979408624084,6.037456957729918,9.943154898592326
7.845,3.4815350837828706e-7,2.0303653954434645e-9,0.01534806797975702,3.893475542870668,0,4.184462628908568,0.00007938908412115517,1.8265961611979586,0.031521773317969945,0,0.00001333824701983932,0,0,0,0,0,0,0,0,0,0,0,0,0,0,0,0,0,0,0,0,0,0,0,0,0,0,3.9088239610342987,6.042673290755637,9.951497251789936
7.85,3.483754035433817e-7,2.0238280241913054e-9,0.015357857062085534,3.896591265964744,0,4.1879136909845265,0.00007943974263193623,1.8283362741544915,0.031542186959731704,0,0.000013346758211748571,0,0,0,0,0,0,0,0,0,0,0,0,0,0,0,0,0,0,0,0,0,0,0,0,0,0,3.911949473426061,6.047884938599593,9.959834412025653
7.8549999999999995,3.4859729870847406e-7,2.0173145697265616e-9,0.01536764613994873,3.8997064825002266,0,4.191364107657854,0.00007949040110450043,1.8300723055310686,0.03156260039247153,0,0.000013355269397236966,0,0,0,0,0,0,0,0,0,0,0,0,0,0,0,0,0,0,0,0,0,0,0,0,0,0,3.9150744792547885,6.0530918592518965,9.968166338506684
7.86,3.4881919387356414e-7,2.010824929135732e-9,0.015377435213355129,3.9028211936901105,0,4.194813880521164,0.00007954105953892075,1.8318042114115725,0.03158301361659473,0,0.000013363780576316771,0,0,0,0,0,0,0,0,0,0,0,0,0,0,0,0,0,0,0,0,0,0,0,0,0,0,3.9181989797334844,6.058294010389447,9.976492990122932
7.865,3.4904108903865185e-7,2.004358999978296e-9,0.015387224282313242,3.905935400743335,0,4.1982630111615435,0.0000795917179352701,1.8335319475695315,0.03160342663250555,0,0.000013372291749000226,0,0,0,0,0,0,0,0,0,0,0,0,0,0,0,0,0,0,0,0,0,0,0,0,0,0,3.921322976071096,6.0634913493732645,9.984814325444361
7.87,3.492629842037374e-7,1.9979166802840718e-9,0.015397013346831558,3.9090491048647817,0,4.201711501160567,0.00007964237629362107,1.8352554694653969,0.031623839440607204,0,0.000013380802915299533,0,0,0,0,0,0,0,0,0,0,0,0,0,0,0,0,0,0,0,0,0,0,0,0,0,0,3.9244464694725143,6.06868383324578,9.993130302718294
7.875,3.4948487936882053e-7,1.9914978685506053e-9,0.01540680240691853,3.912162307255308,0,4.205159352094332,0.00007969303461404614,1.836973914706093,0.03164425204130183,0,0.000013389314075226867,0,0,0,0,0,0,0,0,0,0,0,0,0,0,0,0,0,0,0,0,0,0,0,0,0,0,3.927569461138604,6.073870601190416,10.00144006232902
7.88,3.4970677453390146e-7,1.9851024637405338e-9,0.015416591462582601,3.915275009111755,0,4.208606565533477,0.00007974369289661756,1.8386879930079283,0.03166466443499054,0,0.000013397825228794367,0,0,0,0,0,0,0,0,0,0,0,0,0,0,0,0,0,0,0,0,0,0,0,0,0,0,3.9306919522662147,6.079052364494521,10.009744316760735
7.885,3.499286696989801e-7,1.9787303652790263e-9,0.015426380513832197,3.9183872116269733,0,4.212053143043213,0.00007979435114140748,1.8403977678118932,0.03168507662207342,0,0.000013406336376014159,0,0,0,0,0,0,0,0,0,0,0,0,0,0,0,0,0,0,0,0,0,0,0,0,0,0,3.9338139440482056,6.084229188164698,10.018043132212902
7.89,3.501505648640565e-7,1.972381473051139e-9,0.015436169560675716,3.921498915989833,0,4.215499086183339,0.00007984500934848778,1.842103219329707,0.031705488602949514,0,0.000013414847516898311,0,0,0,0,0,0,0,0,0,0,0,0,0,0,0,0,0,0,0,0,0,0,0,0,0,0,3.936935437673455,6.0894010539728605,10.026336491646315
7.895,3.5037246002913064e-7,1.966055687399296e-9,0.015445958603121531,3.9246101233852415,0,4.218944396508274,0.00007989566751793018,1.8438043275555063,0.031725900378016834,0,0.000013423358651458885,0,0,0,0,0,0,0,0,0,0,0,0,0,0,0,0,0,0,0,0,0,0,0,0,0,0,3.9400564343268787,6.0945679434679665,10.034624377794845
7.8999999999999995,3.505943551942026e-7,1.9597529091206784e-9,0.015455747641178,3.927720834994167,0,4.222389075567078,0.00007994632564980627,1.8455010722622538,0.031746311947672363,0,0.000013431869779707895,0,0,0,0,0,0,0,0,0,0,0,0,0,0,0,0,0,0,0,0,0,0,0,0,0,0,3.9431769351894532,6.099729837972434,10.042906773161887
7.905,3.5081625035927227e-7,1.953473039464699e-9,0.01546553667485346,3.9308310519936502,0,4.225833124903476,0.00007999698374418736,1.8471934329981783,0.03176672331231205,0,0.000013440380901657332,0,0,0,0,0,0,0,0,0,0,0,0,0,0,0,0,0,0,0,0,0,0,0,0,0,0,3.9462969414382267,6.104886718578612,10.05118366001684
7.91,3.5103814552433965e-7,1.947215980130443e-9,0.015475325704156218,3.9339407755568208,0,4.229276546055884,0.00008004764180114467,1.8488813890830822,0.031787134472330836,0,0.000013448892017319161,0,0,0,0,0,0,0,0,0,0,0,0,0,0,0,0,0,0,0,0,0,0,0,0,0,0,3.949416454246338,6.110038566145115,10.059455020391454
7.915,3.512600406894047e-7,1.9409816332641524e-9,0.01548511472909457,3.937050006852916,0,4.232719340557433,0.0000800982998207492,1.850564919604679,0.03180754542812266,0,0.000013457403126705308,0,0,0,0,0,0,0,0,0,0,0,0,0,0,0,0,0,0,0,0,0,0,0,0,0,0,3.952535474783033,6.115185361293183,10.067720836076216
7.92,3.514819358544678e-7,1.934769901456682e-9,0.015494903749676794,3.940158747047304,0,4.236161509935987,0.0000801489578030718,1.8522440034147958,0.031827956180080406,0,0.000013465914229827675,0,0,0,0,0,0,0,0,0,0,0,0,0,0,0,0,0,0,0,0,0,0,0,0,0,0,3.9556540042136863,6.120327084402896,10.075981088616583
7.925,3.5170383101952827e-7,1.928580687741018e-9,0.015504692765911132,3.9432669973014844,0,4.239603055714176,0.00008019961574818304,1.8539186191255772,0.03184836672859598,0,0.000013474425326698124,0,0,0,0,0,0,0,0,0,0,0,0,0,0,0,0,0,0,0,0,0,0,0,0,0,0,3.9587720436998075,6.125463715609424,10.084235759309232
7.93,3.5192572618458675e-7,1.9224138955897544e-9,0.015514481777805815,3.946374758773123,0,4.2430439794094115,0.00008025027365615348,1.85558874510561,0.031868777074060266,0,0.000013482936417328504,0,0,0,0,0,0,0,0,0,0,0,0,0,0,0,0,0,0,0,0,0,0,0,0,0,0,3.961889594399069,6.130595234799155,10.092484829198224
7.935,3.52147621349643e-7,1.9162694289126316e-9,0.01552427078536906,3.9494820326160562,0,4.246484282533915,0.00008030093152705337,1.8572543594759887,0.031889187216863145,0,0.000013491447501730623,0,0,0,0,0,0,0,0,0,0,0,0,0,0,0,0,0,0,0,0,0,0,0,0,0,0,3.9650066574653158,6.135721621605796,10.100728279071113
7.9399999999999995,3.52369516514697e-7,1.910147192054026e-9,0.015534059788609042,3.95258881998031,0,4.249923966594736,0.00008035158936095283,1.8589154401063142,0.031909597157393506,0,0.000013499958579916253,0,0,0,0,0,0,0,0,0,0,0,0,0,0,0,0,0,0,0,0,0,0,0,0,0,0,3.9681232340485826,6.140842855406385,10.108966089454967
7.945,3.5259141167974875e-7,1.9040470897905164e-9,0.015543848787533945,3.9556951220121226,0,4.253363033093782,0.0000804022471579218,1.8605723722229133,0.03193000689603923,0,0.000013508469651897152,0,0,0,0,0,0,0,0,0,0,0,0,0,0,0,0,0,0,0,0,0,0,0,0,0,0,3.9712393252951155,6.145959322929545,10.11719864822466
7.95,3.528133068447984e-7,1.897969027328411e-9,0.015553637782151908,3.958800939853952,0,4.256801483527836,0.00008045290491803004,1.86222549295274,0.03195041643318719,0,0.000013516980717685043,0,0,0,0,0,0,0,0,0,0,0,0,0,0,0,0,0,0,0,0,0,0,0,0,0,0,3.97435493234738,6.1510713627993985,10.125426295146779
7.955,3.5303520200984575e-7,1.8919129103012938e-9,0.015563426772471056,3.9619062746444955,0,4.260239319388578,0.0000805035626413471,1.8638739711799175,0.031970825769223304,0,0.000013525491777291607,0,0,0,0,0,0,0,0,0,0,0,0,0,0,0,0,0,0,0,0,0,0,0,0,0,0,3.9774700563440812,6.156178145392137,10.133648201736218
7.96,3.532570971748909e-7,1.885878644767609e-9,0.015573215758499499,3.965011127518709,0,4.263676542162617,0.00008055422032794243,1.8655177502647835,0.03199123490453247,0,0.000013534002830728513,0,0,0,0,0,0,0,0,0,0,0,0,0,0,0,0,0,0,0,0,0,0,0,0,0,0,3.9805846984201843,6.161279615555092,10.141864313975276
7.965,3.5347899233993387e-7,1.8798661372082206e-9,0.015583004740245323,3.968115499607819,0,4.267113153331504,0.00008060487797788525,1.8671567731601102,0.03201164383949861,0,0.00001354251387800739,0,0,0,0,0,0,0,0,0,0,0,0,0,0,0,0,0,0,0,0,0,0,0,0,0,0,3.983698859706923,6.1663757177229686,10.15007457742989
7.97,3.537008875049747e-7,1.873875294523995e-9,0.015592793717716593,3.9712193920393406,0,4.270549154371759,0.00008065553559124467,1.868790982407523,0.03203205257450467,0,0.000013551024919139847,0,0,0,0,0,0,0,0,0,0,0,0,0,0,0,0,0,0,0,0,0,0,0,0,0,0,3.9868125413318203,6.171466395914297,10.158278937246116
7.975,3.539227826700132e-7,1.867906024033404e-9,0.015602582690921348,3.9743228059370903,0,4.273984546754886,0.00008070619316808948,1.8704203201339007,0.032052461109932595,0,0.000013559535954137448,0,0,0,0,0,0,0,0,0,0,0,0,0,0,0,0,0,0,0,0,0,0,0,0,0,0,3.9899257444187004,6.176551593727842,10.166477338146542
7.9799999999999995,3.541446778350496e-7,1.8619582334701215e-9,0.015612371659867627,3.9774257424212074,0,4.277419331947414,0.00008075685070848847,1.87204472804772,0.03207286944616339,0,0.000013568046983011751,0,0,0,0,0,0,0,0,0,0,0,0,0,0,0,0,0,0,0,0,0,0,0,0,0,0,3.9930384700877113,6.181631254338988,10.1746697244267
7.985,3.5436657300008383e-7,1.8560318309806366e-9,0.01562216062456342,3.980528202608166,0,4.280853511410894,0.00008080750821251018,1.8736641474353466,0.03209327758357706,0,0.000013576558005774257,0,0,0,0,0,0,0,0,0,0,0,0,0,0,0,0,0,0,0,0,0,0,0,0,0,0,3.996150719455334,6.186705320496036,10.18285603995137
7.99,3.5458846816511584e-7,1.8501267251218752e-9,0.015631949585016725,3.9836301876107867,0,4.284287086601939,0.00008085816568022295,1.8752785191572647,0.03211368552255264,0,0.000013585069022436464,0,0,0,0,0,0,0,0,0,0,0,0,0,0,0,0,0,0,0,0,0,0,0,0,0,0,3.9992624936343986,6.191773734516459,10.191036228150857
7.995,3.5481036333014573e-7,1.844242824858836e-9,0.0156417385412355,3.986731698538262,0,4.2877200589722415,0.00008090882311169499,1.8768877836442481,0.032134093263468215,0,0.000013593580033009823,0,0,0,0,0,0,0,0,0,0,0,0,0,0,0,0,0,0,0,0,0,0,0,0,0,0,4.002373793734104,6.1968364382831025,10.199210232017206
8,3.5503225849517335e-7,1.8383800395622217e-9,0.015651527493227693,3.9898327364961648,0,4.291152429968594,0.00008095948050699432,1.878491880893484,0.032154500806700896,0,0.000013602091037505772,0,0,0,0,0,0,0,0,0,0,0,0,0,0,0,0,0,0,0,0,0,0,0,0,0,0,4.005484620860031,6.201893373240324,10.207377994100355
8.004999999999999,3.5525415366019875e-7,1.8325382790060932e-9,0.015661316441001223,3.9929333025864615,0,4.294584201032905,0.00008101013786618879,1.880090750464642,0.03217490815262682,0,0.000013610602035935698,0,0,0,0,0,0,0,0,0,0,0,0,0,0,0,0,0,0,0,0,0,0,0,0,0,0,4.008594976114154,6.206944480390076,10.215539456504231
8.01,3.5547604882522223e-7,1.8267174533655221e-9,0.01567110538456401,3.996033397907538,0,4.298015373602236,0.00008106079518934616,1.8816843314758709,0.03219531530162123,0,0.000013619113028310996,0,0,0,0,0,0,0,0,0,0,0,0,0,0,0,0,0,0,0,0,0,0,0,0,0,0,4.011704860594868,6.211989700287946,10.223694560882814
8.015,3.556979439902434e-7,1.820917473214269e-9,0.015680894323923927,3.999133023554201,0,4.301445949108802,0.00008111145247653392,1.8832725625997409,0.032215722254058325,0,0.000013627624014642994,0,0,0,0,0,0,0,0,0,0,0,0,0,0,0,0,0,0,0,0,0,0,0,0,0,0,4.014814275396986,6.217028973039093,10.231843248436078
8.02,3.559198391552624e-7,1.8151382495224486e-9,0.015690683259088845,4.0022321806177015,0,4.304875928980014,0.00008116210972781934,1.8848548167045374,0.03223612901031139,0,0.000013636134994943007,0,0,0,0,0,0,0,0,0,0,0,0,0,0,0,0,0,0,0,0,0,0,0,0,0,0,4.017923221611768,6.222061672939586,10.239984894551354
8.024999999999999,3.561417343202793e-7,1.8093796936542059e-9,0.01570047219006661,4.005330870185752,0,4.3083053146384795,0.00008121276694326968,1.8864312972573924,0.03225653557075279,0,0.000013644645969222327,0,0,0,0,0,0,0,0,0,0,0,0,0,0,0,0,0,0,0,0,0,0,0,0,0,0,4.021031700326932,6.227088004879537,10.24811970520647
8.030000000000001,3.5636362948529416e-7,1.803641717365422e-9,0.015710261116865052,4.008429093342536,0,4.311734107502045,0.00008126342412295198,1.888002278291523,0.032276941935753915,0,0.000013653156937492218,0,0,0,0,0,0,0,0,0,0,0,0,0,0,0,0,0,0,0,0,0,0,0,0,0,0,4.024139712626672,6.232108244310382,10.256247956937054
8.035,3.5658552465030675e-7,1.797924232801409e-9,0.015720050039491968,4.01152685116872,0,4.315162308983798,0.00008131408126693302,1.8895677210339408,0.03229734810568521,0,0.0000136616678997639,0,0,0,0,0,0,0,0,0,0,0,0,0,0,0,0,0,0,0,0,0,0,0,0,0,0,4.027247259591661,6.23712235387259,10.26436961346425
8.04,3.5680741981531705e-7,1.7922271524946118e-9,0.01572983895795515,4.014624144741479,0,4.318589920492096,0.0000813647383752795,1.8911275863378687,0.03231775408091618,0,0.000013670178856048581,0,0,0,0,0,0,0,0,0,0,0,0,0,0,0,0,0,0,0,0,0,0,0,0,0,0,4.030354342299081,6.242130295828113,10.272484638127192
8.045,3.5702931498032545e-7,1.7865503893623212e-9,0.01573962787226238,4.017720975134505,0,4.322016943430595,0.00008141539544805797,1.89268183467758,0.03233815986181543,0,0.000013678689806357442,0,0,0,0,0,0,0,0,0,0,0,0,0,0,0,0,0,0,0,0,0,0,0,0,0,0,4.033460961822633,6.247132032055245,10.280592993877878
8.05,3.5725121014533163e-7,1.7808938567044124e-9,0.01574941678242139,4.020817343418017,0,4.32544337919825,0.00008146605248533473,1.8942304261431753,0.0323585654487506,0,0.000013687200750701623,0,0,0,0,0,0,0,0,0,0,0,0,0,0,0,0,0,0,0,0,0,0,0,0,0,0,4.036567119232542,6.252127524043411,10.288694643275953
8.055,3.574731053103357e-7,1.7752574682010557e-9,0.015759205688439918,4.023913250658785,0,4.328869229189357,0.00008151670948717601,1.8957733204352796,0.032378970842088385,0,0.000013695711689092253,0,0,0,0,0,0,0,0,0,0,0,0,0,0,0,0,0,0,0,0,0,0,0,0,0,0,4.039672815595587,6.257116732887901,10.296789548483488
8.059999999999999,3.576950004753376e-7,1.7696411379104636e-9,0.01576899459032567,4.027008697920137,0,4.332294494793559,0.0000815673664536478,1.8973104768596367,0.03239937604219459,0,0.00001370422262154041,0,0,0,0,0,0,0,0,0,0,0,0,0,0,0,0,0,0,0,0,0,0,0,0,0,0,4.042778051975105,6.262099619284466,10.304877671259572
8.065,3.5791689564033756e-7,1.7640447802666328e-9,0.01577878348808635,4.030103686261981,0,4.335719177395873,0.00008161802338481599,1.8988418543216308,0.032419781049434084,0,0.000013712733548057177,0,0,0,0,0,0,0,0,0,0,0,0,0,0,0,0,0,0,0,0,0,0,0,0,0,0,4.045882829431007,6.26707614352387,10.312958972954878
8.07,3.5813879080533527e-7,1.7584683100770973e-9,0.015788572381729617,4.03319821674081,0,4.3391432783767065,0.00008166868028074628,1.9003674113207074,0.032440185864170794,0,0.00001372124446865358,0,0,0,0,0,0,0,0,0,0,0,0,0,0,0,0,0,0,0,0,0,0,0,0,0,0,4.048987149019799,6.272046265486334,10.321033414506132
8.075,3.583606859703307e-7,1.7529116425206935e-9,0.015798361271263123,4.036292290409719,0,4.342566799111877,0.00008171933714150411,1.9018871059447062,0.03246059048676773,0,0.00001372975538334062,0,0,0,0,0,0,0,0,0,0,0,0,0,0,0,0,0,0,0,0,0,0,0,0,0,0,4.052091011794579,6.277009944635875,10.329100956430455
8.08,3.585825811353242e-7,1.747374693145296e-9,0.015808150156694522,4.0393859083184305,0,4.3459897409726445,0.00008176999396715496,1.9034008958641089,0.03248099491758703,0,0.000013738266292129299,0,0,0,0,0,0,0,0,0,0,0,0,0,0,0,0,0,0,0,0,0,0,0,0,0,0,4.0551944188050815,6.2819671400146,10.33716155881968
8.085,3.588044763003158e-7,1.7418573778656306e-9,0.015817939038031414,4.042479071513291,0,4.349412105325708,0.00008182065075776397,1.9049087383261696,0.03250139915698989,0,0.000013746777195030563,0,0,0,0,0,0,0,0,0,0,0,0,0,0,0,0,0,0,0,0,0,0,0,0,0,0,4.058297371097656,6.286917810236821,10.345215181334478
8.09,3.59026371465305e-7,1.7363596129610277e-9,0.015827727915281392,4.0455717810372915,0,4.352833893533242,0.00008187130751339619,1.9064105901489752,0.03252180320533656,0,0.00001375528809205534,0,0,0,0,0,0,0,0,0,0,0,0,0,0,0,0,0,0,0,0,0,0,0,0,0,0,4.061399869715304,6.291861913483158,10.353261783198462
8.094999999999999,3.592482666302921e-7,1.7308813150732025e-9,0.015837516788452046,4.048664037930093,0,4.356255106952915,0.00008192196423411655,1.907906621918786,0.032542207062986446,0,0.00001376379898321453,0,0,0,0,0,0,0,0,0,0,0,0,0,0,0,0,0,0,0,0,0,0,0,0,0,0,4.064501915697694,6.296799621697905,10.361301537395597
8.1,3.594701617952773e-7,1.7254224012040544e-9,0.015847305657550936,4.051755843228026,0,4.359675746937908,0.00008197262091998976,1.909396621344157,0.03256261073029802,0,0.000013772309868519014,0,0,0,0,0,0,0,0,0,0,0,0,0,0,0,0,0,0,0,0,0,0,0,0,0,0,4.067603510081161,6.301730723943152,10.369334234024313
8.105,3.5969205696026035e-7,1.7199827887134677e-9,0.015857094522585588,4.054847197964105,0,4.363095814836926,0.00008202327757108033,1.9108804857467174,0.032583014207628866,0,0.000013780820747979632,0,0,0,0,0,0,0,0,0,0,0,0,0,0,0,0,0,0,0,0,0,0,0,0,0,0,4.070704653898731,6.3066551188895925,10.377359772788324
8.11,3.5991395212524117e-7,1.7145623953171007e-9,0.015866883383563533,4.057938103168052,0,4.366515311994224,0.0000820739341874527,1.9123581629310706,0.03260341749533561,0,0.000013789331621607205,0,0,0,0,0,0,0,0,0,0,0,0,0,0,0,0,0,0,0,0,0,0,0,0,0,0,4.07380534818013,6.31157275568644,10.38537810386657
8.115,3.6013584729022003e-7,1.7091611390841992e-9,0.01587667224049228,4.0610285598663,0,4.369934239749631,0.00008212459076917113,1.9138296002154718,0.03262382059377409,0,0.000013797842489412534,0,0,0,0,0,0,0,0,0,0,0,0,0,0,0,0,0,0,0,0,0,0,0,0,0,0,4.076905593951801,6.316483582992134,10.393389176943934
8.120000000000001,3.603577424551969e-7,1.703778938435411e-9,0.01588646109337931,4.064118569082017,0,4.373352599438557,0.00008217524731629969,1.9152947444254433,0.03264422350329915,0,0.000013806353351406374,0,0,0,0,0,0,0,0,0,0,0,0,0,0,0,0,0,0,0,0,0,0,0,0,0,0,4.0800053922369175,6.321387548967968,10.401392941204886
8.125,3.605796376201715e-7,1.6984157121405982e-9,0.015896249942232085,4.067208131835108,0,4.3767703923920225,0.00008222590382890233,1.916753541887364,0.03266462622426482,0,0.000013814864207599482,0,0,0,0,0,0,0,0,0,0,0,0,0,0,0,0,0,0,0,0,0,0,0,0,0,0,4.083104744055393,6.326284601271688,10.409389345327082
8.129999999999999,3.608015327851441e-7,1.6930713793166615e-9,0.01590603878705806,4.070297249142238,0,4.380187619936674,0.00008227656030704277,1.9182059384218733,0.03268502875702416,0,0.000013823375058002555,0,0,0,0,0,0,0,0,0,0,0,0,0,0,0,0,0,0,0,0,0,0,0,0,0,0,4.0862036504239,6.331174687050936,10.417378337474837
8.135,3.610234279501147e-7,1.6877458594253693e-9,0.015915827627864657,4.073385922016838,0,4.3836042833948,0.00008232721675078468,1.9196518793371922,0.03270543110192945,0,0.000013831885902626296,0,0,0,0,0,0,0,0,0,0,0,0,0,0,0,0,0,0,0,0,0,0,0,0,0,0,4.089302112355877,6.336057752936575,10.425359865292451
8.14,3.6124532311508315e-7,1.6824390722711863e-9,0.0159256164646593,4.076474151469126,0,4.38702038408435,0.00008237787316019149,1.9210913094223243,0.03272583325933201,0,0.00001384039674148136,0,0,0,0,0,0,0,0,0,0,0,0,0,0,0,0,0,0,0,0,0,0,0,0,0,0,4.092400130861548,6.340933745035907,10.433333875897455
8.145,3.6146721828004957e-7,1.6771509379991134e-9,0.015935405297449363,4.079561938506115,0,4.390435923318958,0.0000824285295353265,1.9225241729401485,0.03274623522958228,0,0.000013848907574578377,0,0,0,0,0,0,0,0,0,0,0,0,0,0,0,0,0,0,0,0,0,0,0,0,0,0,4.095497706947933,6.345802608925799,10.441300315873733
8.149999999999999,3.616891134450139e-7,1.6718813770925263e-9,0.01594519412624224,4.082649284131625,0,4.393850902407959,0.00008247918587625285,1.9239504136203913,0.032766637013029884,0,0.00001385741840192796,0,0,0,0,0,0,0,0,0,0,0,0,0,0,0,0,0,0,0,0,0,0,0,0,0,0,4.098594841618862,6.350664289645658,10.449259131264519
8.155000000000001,3.6191100860997637e-7,1.6666303103710161e-9,0.015954982951045284,4.085736189346304,0,4.397265322656405,0.00008252984218303357,1.9253699746524455,0.032787038610023536,0,0.000013865929223540706,0,0,0,0,0,0,0,0,0,0,0,0,0,0,0,0,0,0,0,0,0,0,0,0,0,0,4.101691535874989,6.35551873169028,10.45721026756527
8.16,3.6213290377493665e-7,1.6613976589882533e-9,0.01596477177186583,4.088822655147627,0,4.400679185365079,0.00008258049845573148,1.926782798678109,0.03280744002091105,0,0.000013874440039427154,0,0,0,0,0,0,0,0,0,0,0,0,0,0,0,0,0,0,0,0,0,0,0,0,0,0,4.104787790713794,6.360365879002594,10.465153669716388
8.165,3.6235479893989486e-7,1.6561833444298148e-9,0.0159745605887112,4.091908682529926,0,4.404092491830527,0.00008263115469440922,1.9281888277841652,0.03282784124603943,0,0.000013882950849597842,0,0,0,0,0,0,0,0,0,0,0,0,0,0,0,0,0,0,0,0,0,0,0,0,0,0,4.10788360712962,6.365205674966276,10.473089282095895
8.17,3.625766941048511e-7,1.6509872885110563e-9,0.015984349401588695,4.09499427248439,0,4.407505243345063,0.00008268181089912937,1.929588030539594,0.032848242285754774,0,0.000013891461654063274,0,0,0,0,0,0,0,0,0,0,0,0,0,0,0,0,0,0,0,0,0,0,0,0,0,0,4.110978986113661,6.370038089442964,10.481017075556625
8.175,3.6279858926980536e-7,1.6458094133749699e-9,0.015994138210505604,4.098079425999087,0,4.410917441196794,0.00008273246706995432,1.9309803255430185,0.03286864314040234,0,0.000013899972452833935,0,0,0,0,0,0,0,0,0,0,0,0,0,0,0,0,0,0,0,0,0,0,0,0,0,0,4.114073928653991,6.374863042319737,10.488936970973729
8.18,3.630204844347575e-7,1.640649641490045e-9,0.016003927015469196,4.101164144058966,0,4.414329086669634,0.00008278312320694623,1.932365646993375,0.0328890438103265,0,0.00001390848324592027,0,0,0,0,0,0,0,0,0,0,0,0,0,0,0,0,0,0,0,0,0,0,0,0,0,0,4.11716843573557,6.379680469079787,10.496848904815357
8.184999999999999,3.6324237959970765e-7,1.6355078956481203e-9,0.016013715816486716,4.104248427645881,0,4.417740181043322,0.0000828337793101672,1.9337439338140543,0.03290944429587079,0,0.000013916994033332714,0,0,0,0,0,0,0,0,0,0,0,0,0,0,0,0,0,0,0,0,0,0,0,0,0,0,4.1202625083402555,6.384490309926591,10.504752818266846
8.19,3.6346427476465586e-7,1.6303840989622686e-9,0.0160235046135654,4.107332277738597,0,4.421150725593446,0.00008288443537967917,1.935115124331466,0.03292984459737791,0,0.00001392550481508167,0,0,0,0,0,0,0,0,0,0,0,0,0,0,0,0,0,0,0,0,0,0,0,0,0,0,4.123356147446821,6.389292504462484,10.512648651909306
8.195,3.6368616992960185e-7,1.625278174864654e-9,0.016033293406712466,4.1104156953128035,0,4.424560721591451,0.00008293509141554388,1.9364791562668304,0.032950244715189675,0,0.000013934015591177518,0,0,0,0,0,0,0,0,0,0,0,0,0,0,0,0,0,0,0,0,0,0,0,0,0,0,4.126449354030964,6.394086991680478,10.520536345711442
8.2,3.6390806509454587e-7,1.6201900471044127e-9,0.016043082195935095,4.113498681341128,0,4.427970170304663,0.00008298574741782292,1.937835966727819,0.03297064464964703,0,0.000013942526361630598,0,0,0,0,0,0,0,0,0,0,0,0,0,0,0,0,0,0,0,0,0,0,0,0,0,0,4.129542129065318,6.398873709955909,10.528415839021228
8.205,3.6412996025948794e-7,1.6151196397455151e-9,0.016052870981240478,4.116581236793153,0,4.431379072996306,0.00008303640338657785,1.9391854922000473,0.032991044401090144,0,0.000013951037126451254,0,0,0,0,0,0,0,0,0,0,0,0,0,0,0,0,0,0,0,0,0,0,0,0,0,0,4.132634473519473,6.403652597037956,10.536287070557428
8.21,3.643518554244281e-7,1.6100668771646422e-9,0.016062659762635784,4.119663362635418,0,4.434787430925515,0.00008308705932186991,1.9405276685383943,0.0330114439698583,0,0.000013959547885649775,0,0,0,0,0,0,0,0,0,0,0,0,0,0,0,0,0,0,0,0,0,0,0,0,0,0,4.135726388359975,6.408423590040975,10.54414997840095
8.215,3.6457375058936604e-7,1.6050316840490752e-9,0.01607244854012814,4.122745059831438,0,4.438195245347357,0.00008313771522376024,1.9418624309581858,0.033031843356289926,0,0.00001396805863923644,0,0,0,0,0,0,0,0,0,0,0,0,0,0,0,0,0,0,0,0,0,0,0,0,0,0,4.138817874550348,6.413186625435696,10.552004499986044
8.219999999999999,3.6479564575430207e-7,1.6000139853945538e-9,0.016082237313724677,4.125826329341719,0,4.44160251751285,0.00008318837109230995,1.943189714026201,0.03305224256072263,0,0.000013976569387221508,0,0,0,0,0,0,0,0,0,0,0,0,0,0,0,0,0,0,0,0,0,0,0,0,0,0,4.141908933051104,6.417941639040253,10.559850572091356
8.225,3.6501754091923615e-7,1.5950137065031647e-9,0.016092026083432517,4.128907172123766,0,4.445009248668975,0.00008323902692757983,1.9445094516515289,0.03307264158349319,0,0.000013985080129615199,0,0,0,0,0,0,0,0,0,0,0,0,0,0,0,0,0,0,0,0,0,0,0,0,0,0,4.144999564819753,6.422688566011055,10.567688130830808
8.23,3.6523943608416815e-7,1.5900307729812169e-9,0.016101814849258742,4.131987589132095,0,4.4484154400586995,0.00008328968272963069,1.9458215770762273,0.03309304042493756,0,0.000013993590866427718,0,0,0,0,0,0,0,0,0,0,0,0,0,0,0,0,0,0,0,0,0,0,0,0,0,0,4.148089770810821,6.42742734083346,10.575517111644281
8.235,3.6546133124909826e-7,1.5850651107371289e-9,0.016111603611210428,4.135067581318242,0,4.451821092920982,0.00008334033849852299,1.9471260228658185,0.033113439085390814,0,0.00001400210159766924,0,0,0,0,0,0,0,0,0,0,0,0,0,0,0,0,0,0,0,0,0,0,0,0,0,0,4.151179551975848,6.432157897312288,10.583337449288136
8.24,3.656832264140263e-7,1.5801166459792916e-9,0.016121392369294635,4.138147149630787,0,4.455226208490801,0.00008339099423431723,1.9484227208996372,0.033133837565187264,0,0.000014010612323349915,0,0,0,0,0,0,0,0,0,0,0,0,0,0,0,0,0,0,0,0,0,0,0,0,0,0,4.154268909263425,6.436880168562184,10.591149077825609
8.245000000000001,3.6590512157895253e-7,1.5751853052139611e-9,0.0161311811235184,4.141226295015352,0,4.458630787999174,0.00008344164993707369,1.949711600773006,0.033154235864660334,0,0.000014019123043479879,0,0,0,0,0,0,0,0,0,0,0,0,0,0,0,0,0,0,0,0,0,0,0,0,0,0,4.157357843619177,6.441594085409821,10.598951929028999
8.25,3.6612701674387655e-7,1.5702710152431285e-9,0.016140969873888748,4.144305018414623,0,4.462034832673158,0.00008349230560685248,1.9509925939806279,0.03317463398414266,0,0.000014027633758069225,0,0,0,0,0,0,0,0,0,0,0,0,0,0,0,0,0,0,0,0,0,0,0,0,0,0,4.160446355985799,6.446299580577294,10.606745936563094
8.254999999999999,3.663489119087986e-7,1.5653737031624052e-9,0.016150758620412688,4.147383320768353,0,4.465438343735883,0.00008354296124371357,1.9522656309463764,0.03319503192396606,0,0.000014036144467128031,0,0,0,0,0,0,0,0,0,0,0,0,0,0,0,0,0,0,0,0,0,0,0,0,0,0,4.163534447303051,6.450996585711937,10.614531033014988
8.26,3.6657080707371886e-7,1.5604932963588869e-9,0.01616054736309721,4.150461203013386,0,4.468841322406559,0.00008359361684771682,1.953530640761831,0.03321542968446153,0,0.000014044655170666363,0,0,0,0,0,0,0,0,0,0,0,0,0,0,0,0,0,0,0,0,0,0,0,0,0,0,4.166622118507783,6.45568503112487,10.622307149632654
8.265,3.66792702238637e-7,1.5556297225090428e-9,0.016170336101949286,4.153538666083652,0,4.472243769900493,0.00008364427241892198,1.9547875517813387,0.03323582726595923,0,0.000014053165868694248,0,0,0,0,0,0,0,0,0,0,0,0,0,0,0,0,0,0,0,0,0,0,0,0,0,0,4.169709370533934,6.460364846386079,10.630074216920013
8.27,3.670145974035533e-7,1.5507829095765797e-9,0.016180124836975857,4.156615710910196,0,4.475645687429108,0.00008369492795738852,1.9560362916111529,0.03325622466878852,0,0.000014061676561221682,0,0,0,0,0,0,0,0,0,0,0,0,0,0,0,0,0,0,0,0,0,0,0,0,0,0,4.172796204312552,6.4650359603135685,10.63783216462612
8.274999999999999,3.6723649256846745e-7,1.5459527858103143e-9,0.016189913568183886,4.159692338421178,0,4.47904707619996,0.00008374558346317586,1.9572767870983825,0.03327662189327796,0,0.000014070187248258646,0,0,0,0,0,0,0,0,0,0,0,0,0,0,0,0,0,0,0,0,0,0,0,0,0,0,4.175882620771807,6.469698300962332,10.645580921734139
8.280000000000001,3.6745838773338e-7,1.541139279742044e-9,0.016199702295580286,4.16276854954189,0,4.4824479374167545,0.00008379623893634335,1.9585089643197313,0.03329701893975533,0,0.000014078697929815113,0,0,0,0,0,0,0,0,0,0,0,0,0,0,0,0,0,0,0,0,0,0,0,0,0,0,4.178968620836997,6.474351795613107,10.653320416450104
8.285,3.6768028289829023e-7,1.5363423201844146e-9,0.016209491019171948,4.165844345194766,0,4.485848272279352,0.00008384689437694999,1.959732748570009,0.0333174158085475,0,0.000014087208605900998,0,0,0,0,0,0,0,0,0,0,0,0,0,0,0,0,0,0,0,0,0,0,0,0,0,0,4.182054205430563,6.478996370760891,10.661050576191453
8.29,3.6790217806319863e-7,1.5315618362287764e-9,0.016219279738965784,4.16891972629939,0,4.489248081983798,0.00008389754978505486,1.9609480643504107,0.033337812499980655,0,0.000014095719276526223,0,0,0,0,0,0,0,0,0,0,0,0,0,0,0,0,0,0,0,0,0,0,0,0,0,0,4.185139375472096,6.483631952103251,10.668771327575346
8.295,3.6812407322810507e-7,1.5267977572430464e-9,0.016229068454968652,4.1719946937725165,0,4.492647367722334,0.00008394820516071672,1.96215483535658,0.03335820901438012,0,0.000014104229941700664,0,0,0,0,0,0,0,0,0,0,0,0,0,0,0,0,0,0,0,0,0,0,0,0,0,0,4.188224131878356,6.488258464528397,10.676482596406753
8.3,3.683459683930096e-7,1.5220500128695739e-9,0.016238857167187412,4.175069248528071,0,4.496046130683411,0.00008399886050399432,1.9633529844664337,0.033378605352070434,0,0.00001411274060143419,0,0,0,0,0,0,0,0,0,0,0,0,0,0,0,0,0,0,0,0,0,0,0,0,0,0,4.191308475563276,6.492875832103021,10.684184307666296
8.305,3.685678635579121e-7,1.5173185330229813e-9,0.016248645875628895,4.178143391477167,0,4.499444372051705,0.00008404951581494616,1.964542433727728,0.03339900151337532,0,0.000014121251255736627,0,0,0,0,0,0,0,0,0,0,0,0,0,0,0,0,0,0,0,0,0,0,0,0,0,0,4.194392407437977,6.497483978059879,10.691876385497856
8.309999999999999,3.6878975872281263e-7,1.5126032478880095e-9,0.016258434580299935,4.1812171235281195,0,4.502842093008136,0.00008410017109363068,1.965723104345382,0.03341939749861775,0,0.0000141297619046178,0,0,0,0,0,0,0,0,0,0,0,0,0,0,0,0,0,0,0,0,0,0,0,0,0,0,4.197475928410782,6.502082824785133,10.699558753195916
8.315,3.6901165388771145e-7,1.507904087917366e-9,0.01626822328120734,4.184290445586454,0,4.506239294729881,0.00008415082634010618,1.9668949166685756,0.03343979330811988,0,0.0000141382725480875,0,0,0,0,0,0,0,0,0,0,0,0,0,0,0,0,0,0,0,0,0,0,0,0,0,0,4.200559039387219,6.506672293805465,10.707231333192684
8.32,3.692335490526083e-7,1.50322098382957e-9,0.016278011978357886,4.1873633585549115,0,4.509635978390392,0.00008420148155443075,1.9680576471551743,0.03346018894220307,0,0.000014146783186155485,0,0,0,0,0,0,0,0,0,0,0,0,0,0,0,0,0,0,0,0,0,0,0,0,0,0,4.203641741270039,6.51125216275251,10.71489390402255
8.325,3.694554442175031e-7,1.4985538666067689e-9,0.01628780067175836,4.1904358633334695,0,4.513032145159408,0.00008425213673666242,1.9692112005459632,0.03348058440118791,0,0.000014155293818831504,0,0,0,0,0,0,0,0,0,0,0,0,0,0,0,0,0,0,0,0,0,0,0,0,0,0,4.206724034959226,6.515822337537115,10.72254637249634
8.33,3.696773393823961e-7,1.4939026674925663e-9,0.016297589361415506,4.193507960819346,0,4.51642779620297,0.00008430279188685898,1.9703556620564133,0.03350097968539419,0,0.000014163804446125275,0,0,0,0,0,0,0,0,0,0,0,0,0,0,0,0,0,0,0,0,0,0,0,0,0,0,4.209805921352004,6.52038290454111,10.730188825893114
8.335,3.6989923454728707e-7,1.48926731798985e-9,0.01630737804733607,4.196579651907016,0,4.519822932683443,0.00008435344700507816,1.9714909562719953,0.03352137479514094,0,0.00001417231506804649,0,0,0,0,0,0,0,0,0,0,0,0,0,0,0,0,0,0,0,0,0,0,0,0,0,0,4.212887401342854,6.5249337895126525,10.737821190855506
8.34,3.7012112971217614e-7,1.4846477498585986e-9,0.016317166729526784,4.199650937488217,0,4.523217555759519,0.00008440410209137756,1.9726170068753428,0.0335417697307464,0,0.000014180825684604828,0,0,0,0,0,0,0,0,0,0,0,0,0,0,0,0,0,0,0,0,0,0,0,0,0,0,4.215968475823521,6.529474917293384,10.745443393116904
8.344999999999999,3.7034302487706315e-7,1.480043895113683e-9,0.01632695540799434,4.202721818451962,0,4.526611666586247,0.0000844547571458146,1.9737337366312937,0.03356216449252804,0,0.000014189336295809933,0,0,0,0,0,0,0,0,0,0,0,0,0,0,0,0,0,0,0,0,0,0,0,0,0,0,4.219049145683025,6.5340062118035105,10.753055357486534
8.35,3.7056492004194863e-7,1.475455686022659e-9,0.016336744082745453,4.205792295684555,0,4.530005266315038,0.00008450541216844661,1.9748410673716166,0.033582559080802536,0,0.000014197846901671442,0,0,0,0,0,0,0,0,0,0,0,0,0,0,0,0,0,0,0,0,0,0,0,0,0,0,4.222129411807676,6.538527596026526,10.760657007834201
8.355,3.707868152068319e-7,1.4708830551035742e-9,0.016346532753786787,4.208862370069591,0,4.53339835609368,0.00008455606715933073,1.9759389199794268,0.03360295349588582,0,0.000014206357502198954,0,0,0,0,0,0,0,0,0,0,0,0,0,0,0,0,0,0,0,0,0,0,0,0,0,0,4.225209275081076,6.543038991993654,10.768248267074728
8.36,3.710087103717133e-7,1.466325935122729e-9,0.016356321421125,4.211932042487975,0,4.536790937066353,0.00008460672211852396,1.9770272143732637,0.033623347738093036,0,0.000014214868097402039,0,0,0,0,0,0,0,0,0,0,0,0,0,0,0,0,0,0,0,0,0,0,0,0,0,0,4.228288736384137,6.547540320767927,10.775829057152063
8.365,3.7123060553659293e-7,1.4617842590924466e-9,0.01636611008476675,4.215001313817934,0,4.540183010373655,0.0000846573770460832,1.9781058694908549,0.033643741807738575,0,0.00001422337868729027,0,0,0,0,0,0,0,0,0,0,0,0,0,0,0,0,0,0,0,0,0,0,0,0,0,0,4.231367796595091,6.552031502427981,10.783399299023072
8.370000000000001,3.7145250070147057e-7,1.457257960268848e-9,0.01637589874471864,4.21807018493502,0,4.5435745771525955,0.00008470803194206519,1.979174803272496,0.033664135705136045,0,0.000014231889271873171,0,0,0,0,0,0,0,0,0,0,0,0,0,0,0,0,0,0,0,0,0,0,0,0,0,0,4.234446456589498,6.556512456051442,10.790958912640939
8.375,3.716743958663464e-7,1.4527469721495842e-9,0.01638568740098731,4.221138656712129,0,4.546965638536633,0.00008475868680652659,1.980233932644134,0.03368452943059831,0,0.000014240399851160258,0,0,0,0,0,0,0,0,0,0,0,0,0,0,0,0,0,0,0,0,0,0,0,0,0,0,4.237524717240259,6.5609830996980225,10.798507816938281
8.379999999999999,3.718962910312203e-7,1.448251228471588e-9,0.016395476053579345,4.224206730019503,0,4.550356195655668,0.00008480934163952382,1.981283173500039,0.03370492298443747,0,0.000014248910425161023,0,0,0,0,0,0,0,0,0,0,0,0,0,0,0,0,0,0,0,0,0,0,0,0,0,0,4.240602579417624,6.56544335039221,10.806045929809834
8.385,3.7211818619609227e-7,1.4437706632087867e-9,0.016405264702501317,4.227274405724747,0,4.55374624963608,0.00008485999644111325,1.982322440685135,0.03372531636696484,0,0.000014257420993884926,0,0,0,0,0,0,0,0,0,0,0,0,0,0,0,0,0,0,0,0,0,0,0,0,0,0,4.243680043989205,6.569893124105615,10.81357316809482
8.39,3.723400813609624e-7,1.4393052105698346e-9,0.016415053347759813,4.230341684692838,0,4.5571358016007215,0.00008491065121135115,1.9833516479769349,0.03374570957849104,0,0.000014265931557341423,0,0,0,0,0,0,0,0,0,0,0,0,0,0,0,0,0,0,0,0,0,0,0,0,0,0,4.246757111819984,6.574332335738917,10.8210894475589
8.395,3.7256197652583066e-7,1.4348548049958036e-9,0.016424841989361363,4.233408567786131,0,4.560524852668939,0.00008496130595029349,1.9843707767946217,0.033766102619325875,0,0.000014274442115539917,0,0,0,0,0,0,0,0,0,0,0,0,0,0,0,0,0,0,0,0,0,0,0,0,0,0,4.249833783772324,6.578760967830953,10.828594751603276
8.399999999999999,3.727838716906969e-7,1.4304193811578688e-9,0.016434630627312513,4.236475055864375,0,4.563913403956597,0.00008501196065799627,1.9853804570047215,0.033786495489778426,0,0.000014282952668489822,0,0,0,0,0,0,0,0,0,0,0,0,0,0,0,0,0,0,0,0,0,0,0,0,0,0,4.252910060705978,6.583179651364424,10.836089712070402
8.405000000000001,3.730057668555615e-7,1.4259988739549891e-9,0.016444419261619783,4.239541149784725,0,4.567301456576081,0.00008506261533451528,1.9863797908570986,0.03380688819015705,0,0.000014291463216200509,0,0,0,0,0,0,0,0,0,0,0,0,0,0,0,0,0,0,0,0,0,0,0,0,0,0,4.255985943478111,6.587587489701888,10.843573433179998
8.41,3.732276620204241e-7,1.4215932185115736e-9,0.016454207892289664,4.24260685040174,0,4.570689011636313,0.00008511326997990623,1.987368666016776,0.03382728072076931,0,0.000014299973758681329,0,0,0,0,0,0,0,0,0,0,0,0,0,0,0,0,0,0,0,0,0,0,0,0,0,0,4.259061432943285,6.591984371617597,10.851045804560883
8.415,3.7344955718528484e-7,1.4172023501751126e-9,0.016463996519328655,4.245672158567405,0,4.574076070242764,0.00008516392459422467,1.9883469689317297,0.03384767308192205,0,0.000014308484295941626,0,0,0,0,0,0,0,0,0,0,0,0,0,0,0,0,0,0,0,0,0,0,0,0,0,0,4.2621365299534935,6.596370184665306,10.858506714618798
8.42,3.736714523501438e-7,1.4128262045138071e-9,0.016473785142743228,4.248737075131144,0,4.577462633497484,0.00008521457917752594,1.9893145848134515,0.03386806527392139,0,0.000014316994827990698,0,0,0,0,0,0,0,0,0,0,0,0,0,0,0,0,0,0,0,0,0,0,0,0,0,0,4.265211235358166,6.600744815158863,10.865956050517028
8.425,3.738933475150008e-7,1.408464717314196e-9,0.016483573762539838,4.25180160093981,0,4.580848702499088,0.00008526523372986541,1.9902713976171376,0.03388845729707267,0,0.00001432550535483784,0,0,0,0,0,0,0,0,0,0,0,0,0,0,0,0,0,0,0,0,0,0,0,0,0,0,4.268285550004162,6.605108148152383,10.873393698156544
8.43,3.741152426798559e-7,1.4041178245787335e-9,0.01649336237872492,4.2548657368377185,0,4.584234278342792,0.00008531588825129812,1.9912172900213625,0.03390884915168051,0,0.000014334015876492309,0,0,0,0,0,0,0,0,0,0,0,0,0,0,0,0,0,0,0,0,0,0,0,0,0,0,4.271359474735804,6.609460067419963,10.880819542155766
8.434999999999999,3.7433713784470916e-7,1.3997854625233705e-9,0.016503150991304904,4.257929483666644,0,4.587619362120423,0.00008536654274187919,1.9921521434073406,0.03392924083804881,0,0.000014342526392963351,0,0,0,0,0,0,0,0,0,0,0,0,0,0,0,0,0,0,0,0,0,0,0,0,0,0,4.274433010394873,6.613800455434947,10.88823346582982
8.44,3.745590330095607e-7,1.3954675675751104e-9,0.01651293960028621,4.260992842265837,0,4.591003954920424,0.00008541719720166349,1.9930758378376878,0.03394963235648074,0,0.000014351036904260201,0,0,0,0,0,0,0,0,0,0,0,0,0,0,0,0,0,0,0,0,0,0,0,0,0,0,4.277506157820624,6.618129193348699,10.895635351169323
8.445,3.7478092817441044e-7,1.3911640763695514e-9,0.016522728205675224,4.264055813472023,0,4.594388057827875,0.00008546785163070573,1.9939882520347079,0.033970023707278724,0,0.000014359547410392044,0,0,0,0,0,0,0,0,0,0,0,0,0,0,0,0,0,0,0,0,0,0,0,0,0,0,4.280578917849791,6.622446160968903,10.903025078818693
8.45,3.7500282333925817e-7,1.3868749257483998e-9,0.01653251680747833,4.267118398119423,0,4.597771671924503,0.00008551850602906056,1.9948892633581892,0.033990414890744426,0,0.000014368057911368059,0,0,0,0,0,0,0,0,0,0,0,0,0,0,0,0,0,0,0,0,0,0,0,0,0,0,4.283651291316599,6.626751236737378,10.910402528053977
8.455,3.752247185041042e-7,1.382600052756951e-9,0.016542305405701896,4.2701805970397615,0,4.601154798288701,0.0000855691603967825,1.9957787477826425,0.03401080590717886,0,0.000014376568407197408,0,0,0,0,0,0,0,0,0,0,0,0,0,0,0,0,0,0,0,0,0,0,0,0,0,0,4.286723279052782,6.6310442977073265,10.91776757676011
8.46,3.7544661366894833e-7,1.3783393946415832e-9,0.01655209400035227,4.273242411062274,0,4.604537437995535,0.00008561981473392591,1.9966565798740592,0.03403119675688225,0,0.000014385078897889228,0,0,0,0,0,0,0,0,0,0,0,0,0,0,0,0,0,0,0,0,0,0,0,0,0,0,4.2897948818875795,6.635325219520108,10.925120101407687
8.465,3.756685088337905e-7,1.3740928888471962e-9,0.016561882591435782,4.276303841013713,0,4.6079195921167555,0.000085670469040545,1.9975226327661122,0.03405158744015412,0,0.000014393589383452619,0,0,0,0,0,0,0,0,0,0,0,0,0,0,0,0,0,0,0,0,0,0,0,0,0,0,4.292866100647751,6.639593876381446,10.932459977029197
8.469999999999999,3.75890403998631e-7,1.3698604730146236e-9,0.016571671178958764,4.279364887718366,0,4.611301261720823,0.0000857211233166939,1.998376778135751,0.0340719779572933,0,0.000014402099863896682,0,0,0,0,0,0,0,0,0,0,0,0,0,0,0,0,0,0,0,0,0,0,0,0,0,0,4.295936936157589,6.643850141037048,10.939787077194637
8.475,3.7611229916346955e-7,1.3656420849780478e-9,0.016581459762927516,4.282425551998059,0,4.61468244787291,0.0000857717775624266,1.9992182687793008,0.03409236830859786,0,0.000014410610339230486,0,0,0,0,0,0,0,0,0,0,0,0,0,0,0,0,0,0,0,0,0,0,0,0,0,0,4.299007389238928,6.64809326734871,10.947100656587637
8.48,3.763341943283064e-7,1.361437662762367e-9,0.01659124834334833,4.285485834672167,0,4.618063151634917,0.00008582243177779697,2.0000470904511594,0.03411275849436519,0,0.000014419120809463086,0,0,0,0,0,0,0,0,0,0,0,0,0,0,0,0,0,0,0,0,0,0,0,0,0,0,4.302077460711148,6.652323242133029,10.954400702844177
8.485,3.765560894931414e-7,1.357247144580534e-9,0.016601036920227474,4.288545736557625,0,4.621443374065483,0.00008587308596285872,2.000863651230875,0.03413314851489194,0,0.000014427631274603496,0,0,0,0,0,0,0,0,0,0,0,0,0,0,0,0,0,0,0,0,0,0,0,0,0,0,4.305147151391189,6.656540474528487,10.961687625919676
8.49,3.767779846579746e-7,1.3530704688308743e-9,0.016610825493571218,4.291605258468939,0,4.624823116220006,0.00008592374011766545,2.0016678447248557,0.034153538370474065,0,0.000014436141734660728,0,0,0,0,0,0,0,0,0,0,0,0,0,0,0,0,0,0,0,0,0,0,0,0,0,0,4.308216462093566,6.660744859197188,10.968961321290754
8.495000000000001,3.7699987982280604e-7,1.3489075740943753e-9,0.016620614063385813,4.2946644012181885,0,4.628202379150651,0.00008597439424227068,2.002459563009263,0.0341739280614068,0,0.000014444652189643771,0,0,0,0,0,0,0,0,0,0,0,0,0,0,0,0,0,0,0,0,0,0,0,0,0,0,4.311285393630361,6.664936289267753,10.976221682898114
8.5,3.772217749876356e-7,1.3447583991319353e-9,0.016630402629677483,4.29772316561504,0,4.631581163906361,0.00008602504833672769,2.0032386966001647,0.0341943175879847,0,0.000014453162639561585,0,0,0,0,0,0,0,0,0,0,0,0,0,0,0,0,0,0,0,0,0,0,0,0,0,0,4.314353946811251,6.669114656305488,10.983468603116739
8.504999999999999,3.7744367015246317e-7,1.3406228828815894e-9,0.016640191192452438,4.300781552466764,0,4.634959471532873,0.00008607570240108974,2.004005134422877,0.034214706950501564,0,0.000014461673084423103,0,0,0,0,0,0,0,0,0,0,0,0,0,0,0,0,0,0,0,0,0,0,0,0,0,0,4.317422122443509,6.673279850281737,10.990701972725248
8.51,3.7766556531728914e-7,1.3365009644556913e-9,0.016649979751716896,4.303839562578228,0,4.638337303072732,0.00008612635643540995,2.004758763780651,0.034235096149250556,0,0.000014470183524237264,0,0,0,0,0,0,0,0,0,0,0,0,0,0,0,0,0,0,0,0,0,0,0,0,0,0,4.320489921332012,6.677431759542594,10.997921680874605
8.515,3.778874604821134e-7,1.3323925831380787e-9,0.016659768307477035,4.306897196751921,0,4.641714659565301,0.00008617701043974127,2.0054994703225186,0.03425548518452411,0,0.00001447869395901296,0,0,0,0,0,0,0,0,0,0,0,0,0,0,0,0,0,0,0,0,0,0,0,0,0,0,4.3235573442792505,6.681570270776742,11.005127615055994
8.52,3.7810935564693553e-7,1.3282976783811834e-9,0.016669556859739032,4.309954455787949,0,4.645091542046768,0.00008622766441413654,2.00622713801038,0.0342758740566139,0,0.000014487204388759063,0,0,0,0,0,0,0,0,0,0,0,0,0,0,0,0,0,0,0,0,0,0,0,0,0,0,4.326624392085342,6.685695268982565,11.012319661067906
8.524999999999999,3.783312508117562e-7,1.3242161898031118e-9,0.016679345408509044,4.313011340484062,0,4.648467951550175,0.00008627831835864851,2.0069416490852503,0.03429626276581102,0,0.000014495714813484446,0,0,0,0,0,0,0,0,0,0,0,0,0,0,0,0,0,0,0,0,0,0,0,0,0,0,4.329691065548038,6.689806637434408,11.019497702982445
8.530000000000001,3.785531459765751e-7,1.3201480571846783e-9,0.016689133953793227,4.316067851635645,0,4.651843889105415,0.00008632897227332984,2.0076428840326797,0.03431665131240579,0,0.000014504225233197944,0,0,0,0,0,0,0,0,0,0,0,0,0,0,0,0,0,0,0,0,0,0,0,0,0,0,4.332757365462732,6.693904257648007,11.026661623110739
8.535,3.78775041141392e-7,1.3160932204664255e-9,0.016698922495597686,4.319123990035734,0,4.655219355739248,0.00008637962615823288,2.0083307215472943,0.03433703969668784,0,0.000014512735647908361,0,0,0,0,0,0,0,0,0,0,0,0,0,0,0,0,0,0,0,0,0,0,0,0,0,0,4.335823292622466,6.6979880093450355,11.033811301967502
8.54,3.789969363062072e-7,1.3120516197455611e-9,0.016708711033928552,4.322179756475025,0,4.6585943524753155,0.00008643028001341004,2.00900503849644,0.034357427918946144,0,0.0000145212460576245,0,0,0,0,0,0,0,0,0,0,0,0,0,0,0,0,0,0,0,0,0,0,0,0,0,0,4.338888847817941,6.702057770416773,11.040946618234713
8.545,3.7921883147102054e-7,1.3080231952728774e-9,0.01671849956879193,4.325235151741892,0,4.661968880334158,0.0000864809338389136,2.0096657098828916,0.03437781597946899,0,0.000014529756462355147,0,0,0,0,0,0,0,0,0,0,0,0,0,0,0,0,0,0,0,0,0,0,0,0,0,0,4.341954031837538,6.70611341688682,11.048067448724359
8.55,3.7944072663583217e-7,1.304007887449629e-9,0.0167282881001939,4.328290176622376,0,4.665342940333216,0.00008653158763479559,2.010312608806648,0.034398203878543934,0,0.000014538266862109039,0,0,0,0,0,0,0,0,0,0,0,0,0,0,0,0,0,0,0,0,0,0,0,0,0,0,4.345018845467305,6.710154822872905,11.05517366834021
8.555,3.7966262180064204e-7,1.3000056368243398e-9,0.016738076628140537,4.331344831900213,0,4.66871653348685,0.00008658224140110805,2.0109465936368216,0.034418591616457904,0,0.000014546777256894925,0,0,0,0,0,0,0,0,0,0,0,0,0,0,0,0,0,0,0,0,0,0,0,0,0,0,4.348083289490981,6.714182847758788,11.062266137249768
8.559999999999999,3.7988451696545e-7,1.2960163840895864e-9,0.0167478651526379,4.334399118356831,0,4.672089660806351,0.00008663289513790288,2.011566677767287,0.034438979193497095,0,0.00001455528764672152,0,0,0,0,0,0,0,0,0,0,0,0,0,0,0,0,0,0,0,0,0,0,0,0,0,0,4.351147364690003,6.71819650594992,11.069343870639923
8.565,3.801064121302564e-7,1.2920400700787064e-9,0.016757653673692034,4.337453036771367,0,4.675462323299952,0.00008668354884523179,2.012172547586269,0.03445936660994706,0,0.000014563798031597513,0,0,0,0,0,0,0,0,0,0,0,0,0,0,0,0,0,0,0,0,0,0,0,0,0,0,4.354211071843512,6.722195484843044,11.076406556686557
8.57,3.8032830729506093e-7,1.2880766357624779e-9,0.016767442191308962,4.340506587920664,0,4.678834521972839,0.00008673420252314637,2.0127640404207594,0.03447975386609267,0,0.000014572308411531572,0,0,0,0,0,0,0,0,0,0,0,0,0,0,0,0,0,0,0,0,0,0,0,0,0,0,4.357274411728357,6.726179622770625,11.083454034498981
8.575,3.8055020245986366e-7,1.2841260222457265e-9,0.01677723070549471,4.343559772579291,0,4.682206257827165,0.00008678485617169816,2.0133409914443785,0.0345001409622181,0,0.000014580818786532356,0,0,0,0,0,0,0,0,0,0,0,0,0,0,0,0,0,0,0,0,0,0,0,0,0,0,4.360337385119115,6.730148755908719,11.090486141027835
8.58,3.807720976246647e-7,1.2801881707638736e-9,0.016787019216255278,4.346612591519555,0,4.685577531862061,0.00008683550979093855,2.0139032336347777,0.034520527898606865,0,0.000014589329156608503,0,0,0,0,0,0,0,0,0,0,0,0,0,0,0,0,0,0,0,0,0,0,0,0,0,0,4.3633999927880955,6.734102718234393,11.09750271102249
8.585,3.809939927894641e-7,1.2762630226794428e-9,0.016796807723596655,4.34966504551149,0,4.688948345073649,0.00008688616338091879,2.0144505977299096,0.03454091467554182,0,0.000014597839521768617,0,0,0,0,0,0,0,0,0,0,0,0,0,0,0,0,0,0,0,0,0,0,0,0,0,0,4.366462235505342,6.738041341482003,11.104503576987344
8.59,3.812158879542616e-7,1.2723505194784867e-9,0.016806596227524808,4.352717135322884,0,4.692318698455048,0.00008693681694169006,2.0149829121830845,0.03456130129330511,0,0.0000146063498820213,0,0,0,0,0,0,0,0,0,0,0,0,0,0,0,0,0,0,0,0,0,0,0,0,0,0,4.369524114038647,6.741964455098262,11.11148856913691
8.594999999999999,3.814377831190572e-7,1.2684506027669583e-9,0.0168163847280457,4.355768861719285,0,4.695688592996397,0.00008698747047330331,2.015500003116838,0.034581687752178264,0,0.000014614860237375112,0,0,0,0,0,0,0,0,0,0,0,0,0,0,0,0,0,0,0,0,0,0,0,0,0,0,4.372585629153564,6.745871886196125,11.11845751534969
8.6,3.816596782838513e-7,1.264563214267005e-9,0.016826173225165282,4.358820225464002,0,4.699058029684861,0.00008703812397580953,2.01600169427549,0.03460207405244212,0,0.000014623370587838618,0,0,0,0,0,0,0,0,0,0,0,0,0,0,0,0,0,0,0,0,0,0,0,0,0,0,4.375646781613408,6.749763459507357,11.125410241120765
8.605,3.8188157344864367e-7,1.2606882958132168e-9,0.01683596171888949,4.361871227318117,0,4.70242700950463,0.00008708877744925946,2.0164878069764196,0.03462246019437684,0,0.000014631880933420353,0,0,0,0,0,0,0,0,0,0,0,0,0,0,0,0,0,0,0,0,0,0,0,0,0,0,4.378707572179269,6.753638997333809,11.132346569513079
8.61,3.8210346861343417e-7,1.25682578934878e-9,0.01684575020922423,4.364921868040494,0,4.705795533436956,0.00008713943089370377,2.0169581600599793,0.03464284617826194,0,0.000014640391274128818,0,0,0,0,0,0,0,0,0,0,0,0,0,0,0,0,0,0,0,0,0,0,0,0,0,0,4.381768001610014,6.7574983194973655,11.139266321107378
8.615,3.8232536377822287e-7,1.2529756369215497e-9,0.016855538696175416,4.36797214838779,0,4.709163602460141,0.00008719008430919305,2.017412569837985,0.03466323200437629,0,0.000014648901609972514,0,0,0,0,0,0,0,0,0,0,0,0,0,0,0,0,0,0,0,0,0,0,0,0,0,0,4.384828070662305,6.761341243288422,11.146169313950727
8.620000000000001,3.8254725894300993e-7,1.249137780680081e-9,0.016865327179748937,4.371022069114459,0,4.712531217549567,0.00008724073769577773,2.0178508500407917,0.034683617672998074,0,0.000014657411940959915,0,0,0,0,0,0,0,0,0,0,0,0,0,0,0,0,0,0,0,0,0,0,0,0,0,0,4.387887780090605,6.765167583412993,11.153055363503597
8.625,3.827691541077953e-7,1.2453121628695384e-9,0.016875115659950677,4.374071630972761,0,4.71589837967769,0.00008729139105350807,2.018272811762831,0.03470400318440483,0,0.000014665922267099471,0,0,0,0,0,0,0,0,0,0,0,0,0,0,0,0,0,0,0,0,0,0,0,0,0,0,4.390947130647178,6.7689771519382465,11.159924282585425
8.629999999999999,3.8299104927257876e-7,1.2414987258275445e-9,0.01688490413678648,4.377120834712772,0,4.719265089814065,0.00008734204438243431,2.01867821417986,0.03472438853887345,0,0.000014674432588399615,0,0,0,0,0,0,0,0,0,0,0,0,0,0,0,0,0,0,0,0,0,0,0,0,0,0,4.394006123082107,6.772769709009769,11.166775832091876
8.635,3.832129444373608e-7,1.2376974119799315e-9,0.01689469261026223,4.3801696810823945,0,4.722631348925355,0.00008739269768260657,2.019065793478413,0.034744773736680175,0,0.000014682942904868778,0,0,0,0,0,0,0,0,0,0,0,0,0,0,0,0,0,0,0,0,0,0,0,0,0,0,4.397064758143299,6.776543991781035,11.173608749924334
8.64,3.8343483960214086e-7,1.2339081638364153e-9,0.01690448108038373,4.383218170827355,0,4.725997157975328,0.00008744335095407477,2.019436498131349,0.03476515877810058,0,0.000014691453216515334,0,0,0,0,0,0,0,0,0,0,0,0,0,0,0,0,0,0,0,0,0,0,0,0,0,0,4.4001230365764865,6.780300949688948,11.180423986265435
8.645,3.8365673476691924e-7,1.2301309239861467e-9,0.01691426954715682,4.386266304691227,0,4.729362517924894,0.00008749400419688877,2.019790156021069,0.03478554366340961,0,0.000014699963523347665,0,0,0,0,0,0,0,0,0,0,0,0,0,0,0,0,0,0,0,0,0,0,0,0,0,0,4.403180959125249,6.7840404115770925,11.187221370702343
8.649999999999999,3.8387862993169603e-7,1.2263656350932029e-9,0.01692405801058731,4.38931408341543,0,4.732727429732094,0.00008754465741109831,2.020126592129017,0.03480592839288155,0,0.000014708473825374138,0,0,0,0,0,0,0,0,0,0,0,0,0,0,0,0,0,0,0,0,0,0,0,0,0,0,4.406238526531013,6.7877622033852285,11.19400072991624
8.655000000000001,3.84100525096471e-7,1.2226122398919336e-9,0.016933846470681,4.3923615077392375,0,4.736091894352122,0.00008759531059675309,2.020445628468554,0.034826312966790035,0,0.000014716984122603085,0,0,0,0,0,0,0,0,0,0,0,0,0,0,0,0,0,0,0,0,0,0,0,0,0,0,4.409295739533055,6.791466148082186,11.200761887615242
8.66,3.8432242026124426e-7,1.2188706811822484e-9,0.016943634927443656,4.395408578399787,0,4.739455912737327,0.00008764596375390247,2.0207470840159103,0.03484669738540809,0,0.000014725494415042812,0,0,0,0,0,0,0,0,0,0,0,0,0,0,0,0,0,0,0,0,0,0,0,0,0,0,4.412352598868522,6.795152065596814,11.207504664465336
8.665,3.8454431542601587e-7,1.2151409018247405e-9,0.016953423380881065,4.398455296132091,0,4.742819485837237,0.00008769661688259593,2.0210307746390623,0.03486708164900806,0,0.00001473400470270163,0,0,0,0,0,0,0,0,0,0,0,0,0,0,0,0,0,0,0,0,0,0,0,0,0,0,4.4154091052724285,6.798819772746893,11.214228878019322
8.67,3.8476621059078567e-7,1.2114228447357411e-9,0.01696321183099898,4.401501661669038,0,4.746182614598559,0.00008774726998288276,2.021296513024484,0.034887465757861696,0,0.000014742514985587818,0,0,0,0,0,0,0,0,0,0,0,0,0,0,0,0,0,0,0,0,0,0,0,0,0,0,4.418465259477671,6.802469083165874,11.220934342643545
8.675,3.849881057555539e-7,1.2077164528822275e-9,0.01697300027780314,4.404547675741408,0,4.749545299965196,0.00008779792305481211,2.021544108601679,0.03490784971224007,0,0.000014751025263709637,0,0,0,0,0,0,0,0,0,0,0,0,0,0,0,0,0,0,0,0,0,0,0,0,0,0,4.4215210622150325,6.806099807227435,11.227620869442468
8.68,3.852100009203204e-7,1.2040216692766187e-9,0.016982788721299272,4.407593339077874,0,4.75290754287825,0.000087848576098433,2.0217733674654657,0.034928233512413615,0,0.00001475953553707532,0,0,0,0,0,0,0,0,0,0,0,0,0,0,0,0,0,0,0,0,0,0,0,0,0,0,4.424576514213196,6.809711751967765,11.234288266180961
8.684999999999999,3.8543189608508507e-7,1.2003384369714206e-9,0.016992577161493102,4.410638652405013,0,4.756269344276047,0.00008789922911379442,2.0219840922958383,0.03494861715865218,0,0.000014768045805693096,0,0,0,0,0,0,0,0,0,0,0,0,0,0,0,0,0,0,0,0,0,0,0,0,0,0,4.427631616198741,6.813304721005458,11.240936337204198
8.69,3.8565379124984825e-7,1.1966666990537657e-9,0.017002365598390332,4.413683616447313,0,4.7596307050941355,0.0000879498821009452,2.0221760822753785,0.03496900065122495,0,0.000014776556069571175,0,0,0,0,0,0,0,0,0,0,0,0,0,0,0,0,0,0,0,0,0,0,0,0,0,0,4.430686368896162,6.81687851445891,11.247564883355071
8.695,3.858756864146096e-7,1.193006398639796e-9,0.017012154031996643,4.416728231927186,0,4.762991626265296,0.00008800053505993399,2.0223491330041345,0.034989383990400476,0,0.000014785066328717722,0,0,0,0,0,0,0,0,0,0,0,0,0,0,0,0,0,0,0,0,0,0,0,0,0,0,4.433740773027875,6.82043292886122,11.254173701889094
8.7,3.860975815793692e-7,1.1893574788688864e-9,0.017021942462317717,4.419772499564963,0,4.766352108719558,0.00008805118799080944,2.0225030364118046,0.03500976717644669,0,0.000014793576583140918,0,0,0,0,0,0,0,0,0,0,0,0,0,0,0,0,0,0,0,0,0,0,0,0,0,0,4.43679482931422,6.823967757072383,11.260762586386603
8.705,3.8631947674412727e-7,1.1857198828977345e-9,0.01703173088935923,4.422816420078913,0,4.769712153384216,0.00008810184089362004,2.0226375806671726,0.035030150209630906,0,0.000014802086832848908,0,0,0,0,0,0,0,0,0,0,0,0,0,0,0,0,0,0,0,0,0,0,0,0,0,0,4.439848538473469,6.827482788188746,11.267331326662216
8.71,3.8654137190888373e-7,1.182093553894286e-9,0.017041519313126818,4.4258599941852514,0,4.773071761183823,0.00008815249376841417,2.0227526349826057,0.035050533090219806,0,0.00001481059707784982,0,0,0,0,0,0,0,0,0,0,0,0,0,0,0,0,0,0,0,0,0,0,0,0,0,0,4.442901901221844,6.830977892347495,11.27387979356934
8.715,3.867632670736383e-7,1.1784784350314877e-9,0.017051307733626116,4.428903222598133,0,4.776430933040214,0.00008820314661524006,2.0228489843894217,0.035070915818479424,0,0.00001481910731815176,0,0,0,0,0,0,0,0,0,0,0,0,0,0,0,0,0,0,0,0,0,0,0,0,0,0,4.445954918273505,6.834453855502049,11.280408773775553
8.719999999999999,3.869851622383912e-7,1.1748744694808676e-9,0.017061096150862765,4.431946106029684,0,4.779789669872518,0.0000882537994341459,2.0229252878982704,0.03509129839467525,0,0.000014827617553762819,0,0,0,0,0,0,0,0,0,0,0,0,0,0,0,0,0,0,0,0,0,0,0,0,0,0,4.449007590340583,6.8379093375824525,11.286916927923034
8.725,3.8720705740314253e-7,1.171281600405933e-9,0.017070884564842372,4.434988645189983,0,4.783147972597159,0.00008830445222517973,2.02298129012312,0.035111680819072066,0,0.000014836127784691072,0,0,0,0,0,0,0,0,0,0,0,0,0,0,0,0,0,0,0,0,0,0,0,0,0,0,4.452059918133164,6.841344084119361,11.293404002252526
8.73,3.8742895256789227e-7,1.1676997709553978e-9,0.017080672975570532,4.438030840787089,0,4.786505842127868,0.00008835510498838949,2.0230167314044336,0.035132063091934104,0,0.000014844638010944574,0,0,0,0,0,0,0,0,0,0,0,0,0,0,0,0,0,0,0,0,0,0,0,0,0,0,4.455111902359312,6.844757836367235,11.299869738726546
8.735,3.8765084773264015e-7,1.1641289242561788e-9,0.017090461383052827,4.441072693527035,0,4.789863279375701,0.00008840575772382298,2.023031347702438,0.03515244521352493,0,0.000014853148232531352,0,0,0,0,0,0,0,0,0,0,0,0,0,0,0,0,0,0,0,0,0,0,0,0,0,0,4.458163543725065,6.84815033119762,11.306313874922685
8.74,3.878727428973865e-7,1.1605690034062094e-9,0.017100249787294852,4.444114204113852,0,4.7932202852490455,0.00008845641043152799,2.023024870486889,0.03517282718410756,0,0.000014861658449459436,0,0,0,0,0,0,0,0,0,0,0,0,0,0,0,0,0,0,0,0,0,0,0,0,0,0,4.461214842934459,6.851521300988923,11.312736143923381
8.745000000000001,3.880946380621311e-7,1.1570199514670398e-9,0.017110038188302146,4.447155373249553,0,4.796576860653623,0.00008850706311155206,2.022997026623097,0.03519320900394431,0,0.000014870168661736819,0,0,0,0,0,0,0,0,0,0,0,0,0,0,0,0,0,0,0,0,0,0,0,0,0,0,4.464265800689512,6.854870473512437,11.319136274201949
8.75,3.8831653322687406e-7,1.1534817114562037e-9,0.017119826586080265,4.450196201634159,0,4.799933006492511,0.00008855771576394268,2.0229475382541136,0.03521359067329697,0,0.000014878678869371476,0,0,0,0,0,0,0,0,0,0,0,0,0,0,0,0,0,0,0,0,0,0,0,0,0,0,4.467316417690255,6.8581975718145545,11.32551398950481
8.754999999999999,3.885384283916154e-7,1.149954226339346e-9,0.017129614980634745,4.453236689965704,0,4.803288723666143,0.00008860836838874724,2.0228761226788645,0.03523397219242668,0,0.000014887189072371368,0,0,0,0,0,0,0,0,0,0,0,0,0,0,0,0,0,0,0,0,0,0,0,0,0,0,4.470366694634722,6.8615023140948965,11.331869008729619
8.76,3.8876032355635517e-7,1.1464374390221187e-9,0.017139403371971115,4.456276838940236,0,4.806644013072331,0.00008865902098601314,2.0227824922261317,0.035254353561594,0,0.000014895699270744455,0,0,0,0,0,0,0,0,0,0,0,0,0,0,0,0,0,0,0,0,0,0,0,0,0,0,4.473416632218968,6.864784413580314,11.338201045799282
8.765,3.889822187210931e-7,1.1429312923418179e-9,0.017149191760094877,4.459316649251825,0,4.809998875606257,0.00008870967355578739,2.022666354124144,0.03527473478105885,0,0.000014904209464498643,0,0,0,0,0,0,0,0,0,0,0,0,0,0,0,0,0,0,0,0,0,0,0,0,0,0,4.47646623113707,6.86804357839448,11.34450980953155
8.77,3.892041138858295e-7,1.1394357290587406e-9,0.01715898014501153,4.462356121592574,0,4.813353312160501,0.0000887603260981171,2.022527410365594,0.035295115851080576,0,0.000014912719653641846,0,0,0,0,0,0,0,0,0,0,0,0,0,0,0,0,0,0,0,0,0,0,0,0,0,0,4.479515492081135,6.8712795114229275,11.350795003504063
8.774999999999999,3.8942600905056404e-7,1.1359506918472781e-9,0.017168768526726566,4.465395256652628,0,4.816707323625043,0.00008881097861304924,2.022365357567946,0.03531549677191791,0,0.000014921229838181954,0,0,0,0,0,0,0,0,0,0,0,0,0,0,0,0,0,0,0,0,0,0,0,0,0,0,4.482564415741314,6.874491910173358,11.357056325914673
8.780000000000001,3.8964790421529737e-7,1.1324761232867036e-9,0.017178556905245453,4.468434055120176,0,4.820060910887274,0.0000888616311006308,2.022179886828723,0.03533587754382902,0,0.000014929740018126854,0,0,0,0,0,0,0,0,0,0,0,0,0,0,0,0,0,0,0,0,0,0,0,0,0,0,4.4856130028058026,6.877680466630944,11.363293469436748
8.785,3.8986979938002874e-7,1.129011965851672e-9,0.017188345280573645,4.471472517681456,0,4.823414074831996,0.00008891228356090828,2.0219706835756677,0.0353562581670714,0,0.000014938250193484372,0,0,0,0,0,0,0,0,0,0,0,0,0,0,0,0,0,0,0,0,0,0,0,0,0,0,4.488661253960841,6.8808448671084905,11.369506121069332
8.79,3.900916945447585e-7,1.1255581619023668e-9,0.017198133652716597,4.474510645020774,0,4.826766816341451,0.00008896293599392846,2.0217374274114475,0.035376638641902027,0,0.000014946760364262361,0,0,0,0,0,0,0,0,0,0,0,0,0,0,0,0,0,0,0,0,0,0,0,0,0,0,4.491709169890743,6.883984792091159,11.375693961981902
8.795,3.903135897094867e-7,1.1221146536743462e-9,0.017207922021679756,4.477548437820496,0,4.830119136295317,0.00008901358839973785,2.0214786637740207,0.03539701896857725,0,0.000014955270530468634,0,0,0,0,0,0,0,0,0,0,0,0,0,0,0,0,0,0,0,0,0,0,0,0,0,0,4.49475675127788,6.8870987878968455,11.381855539174726
8.8,3.9053548487421337e-7,1.1186813832680188e-9,0.017217710387468523,4.480585896761068,0,4.83347103557072,0.00008906424077838291,2.0211951583433634,0.03541739914735281,0,0.000014963780692110997,0,0,0,0,0,0,0,0,0,0,0,0,0,0,0,0,0,0,0,0,0,0,0,0,0,0,4.497803998802702,6.890187621082907,11.387991619885609
8.805,3.9075738003893817e-7,1.1152582926377489e-9,0.01722749875008832,4.483623022521012,0,4.836822515042244,0.00008911489312990989,2.0208866539986774,0.0354377791784839,0,0.000014972290849197221,0,0,0,0,0,0,0,0,0,0,0,0,0,0,0,0,0,0,0,0,0,0,0,0,0,0,4.500850913143739,6.893251035403385,11.394101948547124
8.809999999999999,3.9097927520366133e-7,1.1118453235805887e-9,0.01723728710954454,4.486659815776942,0,4.840173575581946,0.00008916554545436502,2.020552832551292,0.03545815906222508,0,0.000014980801001735074,0,0,0,0,0,0,0,0,0,0,0,0,0,0,0,0,0,0,0,0,0,0,0,0,0,0,4.503897494977608,6.896288713541918,11.400186208519525
8.815,3.912011703683831e-7,1.1084424177245922e-9,0.017247075465842584,4.489696277203569,0,4.8435242180593585,0.00008921619775179443,2.020193369111864,0.035478538798830374,0,0.000014989311149732309,0,0,0,0,0,0,0,0,0,0,0,0,0,0,0,0,0,0,0,0,0,0,0,0,0,0,4.506943744979024,6.899300331478955,11.406244076457979
8.82,3.914230655331032e-7,1.105049516516716e-9,0.017256863818987812,4.492732407473705,0,4.846874443341496,0.00008926685002224416,2.0198079318934954,0.03549891838855317,0,0.000014997821293196656,0,0,0,0,0,0,0,0,0,0,0,0,0,0,0,0,0,0,0,0,0,0,0,0,0,0,4.509989663820807,6.902285558294859,11.412275222115667
8.825,3.9164496069782155e-7,1.101666561210268e-9,0.017266652168985597,4.495768207258267,0,4.850224252292878,0.00008931750226576004,2.0193961820073114,0.035519297831646306,0,0.000015006331432135819,0,0,0,0,0,0,0,0,0,0,0,0,0,0,0,0,0,0,0,0,0,0,0,0,0,0,4.51303525217388,6.905244055965533,11.418279308139414
8.83,3.918668558625384e-7,1.0982934928518846e-9,0.017276440515841273,4.498803677226294,0,4.853573645775524,0.00008936815448238792,2.018957773250205,0.03553967712836202,0,0.000015014841566557497,0,0,0,0,0,0,0,0,0,0,0,0,0,0,0,0,0,0,0,0,0,0,0,0,0,0,4.516080510707285,6.90817547915014,11.424255989857425
8.835,3.9208875102725364e-7,1.0949302522680338e-9,0.01728622885956019,4.501838818044946,0,4.856922624648974,0.00008941880667217348,2.0184923518843125,0.03556005627895197,0,0.00001502335169646937,0,0,0,0,0,0,0,0,0,0,0,0,0,0,0,0,0,0,0,0,0,0,0,0,0,0,4.519125440088187,6.911079474970608,11.430204915058795
8.84,3.923106461919673e-7,1.0915767800509822e-9,0.017296017200147677,4.504873630379509,0,4.860271189770286,0.00008946945883516231,2.017999556407899,0.03558043528366726,0,0.000015031861821879093,0,0,0,0,0,0,0,0,0,0,0,0,0,0,0,0,0,0,0,0,0,0,0,0,0,0,4.52217004098188,6.913955682782509,11.43612572376439
8.844999999999999,3.9253254135667916e-7,1.088233016544235e-9,0.017305805537609024,4.507908114893409,0,4.863619341994054,0.00008952011097139983,2.017479017317162,0.03560081414275836,0,0.000015040371942794303,0,0,0,0,0,0,0,0,0,0,0,0,0,0,0,0,0,0,0,0,0,0,0,0,0,0,4.525214314051793,6.916803733936888,11.44201804798868
8.85,3.927544365213896e-7,1.0848989018273947e-9,0.017315593871949562,4.5109422722482195,0,4.8669670821724225,0.00008957076308093152,2.0169303568585293,0.03562119285647526,0,0.000015048882059222633,0,0,0,0,0,0,0,0,0,0,0,0,0,0,0,0,0,0,0,0,0,0,0,0,0,0,4.528258259959505,6.919623251532567,11.44788151149207
8.855,3.929763316860985e-7,1.08157437570044e-9,0.017325382203174568,4.513976103103658,0,4.87031441115508,0.00008962141516380266,2.0163531887710127,0.035641571425067305,0,0.000015057392171171698,0,0,0,0,0,0,0,0,0,0,0,0,0,0,0,0,0,0,0,0,0,0,0,0,0,0,4.531301879364738,6.922413850158495,11.453715729523234
8.86,3.9319822685080555e-7,1.0782593776673551e-9,0.01733517053128931,4.517009608117598,0,4.873661329789279,0.00008967206722005835,2.0157471180181044,0.03566194984878325,0,0.000015065902278649067,0,0,0,0,0,0,0,0,0,0,0,0,0,0,0,0,0,0,0,0,0,0,0,0,0,0,4.534345172925374,6.925175135625665,11.459520308551038
8.865,3.934201220155113e-7,1.0749538469190974e-9,0.017344958856299077,4.520042787946081,0,4.877007838919844,0.00008972271924974375,2.0151117405086407,0.03568232812787135,0,0.000015074412381662338,0,0,0,0,0,0,0,0,0,0,0,0,0,0,0,0,0,0,0,0,0,0,0,0,0,0,4.5373881412974555,6.927906704687987,11.465294845985444
8.870000000000001,3.9364201718021524e-7,1.071657722315887e-9,0.017354747178209097,4.523075643243314,0,4.880353939389174,0.00008977337125290373,2.0144466428061505,0.035702706262579244,0,0.000015082922480219042,0,0,0,0,0,0,0,0,0,0,0,0,0,0,0,0,0,0,0,0,0,0,0,0,0,0,4.540430785135198,6.930608144751637,11.471038929886834
8.875,3.938639123449176e-7,1.0683709423687412e-9,0.017364535497024627,4.526108174661687,0,4.8836996320372625,0.00008982402322958325,2.0137522159733567,0.035723084253154,0,0.000015091432574326736,0,0,0,0,0,0,0,0,0,0,0,0,0,0,0,0,0,0,0,0,0,0,0,0,0,0,4.543473105090994,6.933279847719578,11.476752952810571
8.879999999999999,3.9408580750961847e-7,1.065093445220231e-9,0.01737432381275089,4.529140382851764,0,4.887044917701697,0.00008987467517982705,2.013027564890673,0.03574346209984216,0,0.000015099942663992935,0,0,0,0,0,0,0,0,0,0,0,0,0,0,0,0,0,0,0,0,0,0,0,0,0,0,4.546515101815416,6.935920919310057,11.482436021125473
8.885,3.9430770267431765e-7,1.0618251686244433e-9,0.01738411212539312,4.532172268462306,0,4.890389797217677,0.00008992532710367985,2.0122718499654417,0.03576383980288968,0,0.000015108452749225151,0,0,0,0,0,0,0,0,0,0,0,0,0,0,0,0,0,0,0,0,0,0,0,0,0,0,4.549556775957227,6.938530520765862,11.488087296723089
8.89,3.9452959783901535e-7,1.058566049926056e-9,0.0173939004349565,4.535203832140268,0,4.893734271418008,0.00008997597900118617,2.0114845905971883,0.03578421736254194,0,0.000015116962830030867,0,0,0,0,0,0,0,0,0,0,0,0,0,0,0,0,0,0,0,0,0,0,0,0,0,0,4.552598128163388,6.94110817231957,11.493706300482959
8.895,3.947514930037114e-7,1.0553160260385193e-9,0.01740368874144624,4.538235074530808,0,4.897078341133125,0.00009002663087239043,2.010665295224954,0.03580459477904376,0,0.00001512547290641755,0,0,0,0,0,0,0,0,0,0,0,0,0,0,0,0,0,0,0,0,0,0,0,0,0,0,4.555639159079063,6.9436533832409015,11.499292542319964
8.899999999999999,3.949733881684059e-7,1.0520750334212686e-9,0.01741347704486752,4.5412659962772945,0,4.900422007191098,0.00009007728271733713,2.0098134609578757,0.03582497205263945,0,0.000015133982978392663,0,0,0,0,0,0,0,0,0,0,0,0,0,0,0,0,0,0,0,0,0,0,0,0,0,0,4.558679869347626,6.946165651467309,11.504845520814936
8.905000000000001,3.9519528333309886e-7,1.048843008055919e-9,0.017423265345225515,4.544296598021306,0,4.903765270417636,0.00009012793453607042,2.0089285731893423,0.035845349183572725,0,0.00001514249304596364,0,0,0,0,0,0,0,0,0,0,0,0,0,0,0,0,0,0,0,0,0,0,0,0,0,0,4.5617202596106585,6.948644463218133,11.510364722828792
8.91,3.9541717849779026e-7,1.0456198854214067e-9,0.017433053642525377,4.547326880402652,0,4.907108131636097,0.00009017858632863457,2.0080101051938506,0.03586572617208671,0,0.000015151003109137906,0,0,0,0,0,0,0,0,0,0,0,0,0,0,0,0,0,0,0,0,0,0,0,0,0,0,4.564760330507976,6.951089292591472,11.515849623099449
8.915,3.9563907366248e-7,1.0424056004679635e-9,0.01744284193677226,4.550356844059359,0,4.910450591667498,0.00009022923809507357,2.007057517705463,0.03588610301842403,0,0.000015159513167922859,0,0,0,0,0,0,0,0,0,0,0,0,0,0,0,0,0,0,0,0,0,0,0,0,0,0,4.5678000826776115,6.9534996011426475,11.52129968382026
8.92,3.9586096882716835e-7,1.0392000875899149e-9,0.017452630227971305,4.553386489627702,0,4.91379265133053,0.00009027988983543146,2.006070258477023,0.035906479722826734,0,0.000015168023222325895,0,0,0,0,0,0,0,0,0,0,0,0,0,0,0,0,0,0,0,0,0,0,0,0,0,0,4.570839516755842,6.955874837443437,11.526714354199278
8.925,3.9608286399185493e-7,1.0360032805972011e-9,0.017462418516127624,4.556415817742182,0,4.917134311441553,0.00009033054154975202,2.0050477618188496,0.035926856285536345,0,0.000015176533272354372,0,0,0,0,0,0,0,0,0,0,0,0,0,0,0,0,0,0,0,0,0,0,0,0,0,0,4.573878633377177,6.958214436620762,11.532093069997938
8.93,3.963047591565399e-7,1.0328151126855493e-9,0.01747220680124634,4.5594448290355585,0,4.920475572814614,0.00009038119323807913,2.00398944811584,0.0359472327067938,0,0.000015185043318015661,0,0,0,0,0,0,0,0,0,0,0,0,0,0,0,0,0,0,0,0,0,0,0,0,0,0,4.576917433174379,6.960517819873804,11.537435253048184
8.934999999999999,3.965266543212234e-7,1.0296355164052142e-9,0.017481995083332546,4.562473524138841,0,4.923816436261453,0.00009043184490045638,2.002894723321702,0.0359676089868395,0,0.000015193553359317085,0,0,0,0,0,0,0,0,0,0,0,0,0,0,0,0,0,0,0,0,0,0,0,0,0,0,4.579955916778464,6.9627843939682545,11.54274031074672
8.94,3.9674854948590557e-7,1.0264644236282098e-9,0.017491783362391353,4.5655019036813025,0,4.927156902591516,0.00009048249653692742,2.0017629784289634,0.035987985125913335,0,0.000015202063396265984,0,0,0,0,0,0,0,0,0,0,0,0,0,0,0,0,0,0,0,0,0,0,0,0,0,0,4.582994084818708,6.965013550706327,11.548007635525035
8.945,3.969704446505859e-7,1.023301765513939e-9,0.017501571638427825,4.5685299682904725,0,4.930496972611956,0.00009053314814753572,2.000593588913293,0.0360083611242546,0,0.000015210573428869646,0,0,0,0,0,0,0,0,0,0,0,0,0,0,0,0,0,0,0,0,0,0,0,0,0,0,4.586031937922646,6.96720466637108,11.553236604293726
8.95,3.9719233981526486e-7,1.020147472473103e-9,0.01751135991144703,4.571557718592161,0,4.933836647127643,0.00009058379973232463,1.9993859141506538,0.03602873698210206,0,0.00001521908345713537,0,0,0,0,0,0,0,0,0,0,0,0,0,0,0,0,0,0,0,0,0,0,0,0,0,0,4.589069476716095,6.969357101143589,11.558426577859684
8.955,3.974142349799421e-7,1.0170014741298093e-9,0.017521148181454033,4.574585155210454,0,4.937175926941175,0.00009063445129133746,1.9981390516183284,0.036049112699693985,0,0.000015227593481070423,0,0,0,0,0,0,0,0,0,0,0,0,0,0,0,0,0,0,0,0,0,0,0,0,0,0,4.592106701823145,6.97146995330397,11.563576655127115
8.96,3.9763613014461795e-7,1.0138636992817524e-9,0.01753093644845387,4.577612278767721,0,4.940514812852888,0.00009068510282461742,1.9968519153956255,0.036069488277268025,0,0.00001523610350068207,0,0,0,0,0,0,0,0,0,0,0,0,0,0,0,0,0,0,0,0,0,0,0,0,0,0,4.595143613866169,6.973542137732107,11.568685751598276
8.965,3.978580253092921e-7,1.0107340758583303e-9,0.01754072471245158,4.580639089884622,0,4.943853305660858,0.00009073575433220756,1.9955244945843367,0.03608986371506134,0,0.000015244613515977542,0,0,0,0,0,0,0,0,0,0,0,0,0,0,0,0,0,0,0,0,0,0,0,0,0,0,4.598180213465833,6.9755736443281045,11.573753857793937
8.969999999999999,3.9807992047396486e-7,1.0076125308765973e-9,0.017550512973452188,4.583665589180116,0,4.947191406160917,0.0000907864058141509,1.9941560977435893,0.03611023901331057,0,0.000015253123526964065,0,0,0,0,0,0,0,0,0,0,0,0,0,0,0,0,0,0,0,0,0,0,0,0,0,0,4.601216501241101,6.977563782447157,11.578780283688257
8.975,3.983018156386361e-7,1.004498990394877e-9,0.017560301231460705,4.586691777271463,0,4.950529115146653,0.00009083705727049038,1.992746013899434,0.03613061417225178,0,0.00001526163353364886,0,0,0,0,0,0,0,0,0,0,0,0,0,0,0,0,0,0,0,0,0,0,0,0,0,0,4.604252477809238,6.979511841909143,11.58376431971838
8.98,3.985237108033058e-7,1.001393379463894e-9,0.017570089486482133,4.589717654774232,0,4.953866433409425,0.00009088770870126874,1.9912935117551083,0.03615098919212052,0,0.000015270143536039097,0,0,0,0,0,0,0,0,0,0,0,0,0,0,0,0,0,0,0,0,0,0,0,0,0,0,4.607288143785819,6.981417092208892,11.588705235994711
8.985,3.987456059679738e-7,9.982956220752771e-10,0.01757987773852145,4.592743222302304,0,4.957203361738365,0.0000909383601065287,1.9897978388594926,0.03617136407315179,0,0.000015278653534141966,0,0,0,0,0,0,0,0,0,0,0,0,0,0,0,0,0,0,0,0,0,0,0,0,0,0,4.6103234997847276,6.983278781684651,11.593602281469378
8.99,3.989675011326404e-7,9.952056411072083e-10,0.01758966598758365,4.595768480467887,0,4.960539900920399,0.00009098901148631294,1.988258220730877,0.03619173881558011,0,0.00001528716352796463,0,0,0,0,0,0,0,0,0,0,0,0,0,0,0,0,0,0,0,0,0,0,0,0,0,0,4.613358546418177,6.985096136641871,11.598454683060048
8.995000000000001,3.9918939629730544e-7,9.92123358267086e-10,0.017599454233673695,4.59879342988151,0,4.963876051740233,0.00009103966284066393,1.9866738599332072,0.036212113419639404,0,0.000015295673517514223,0,0,0,0,0,0,0,0,0,0,0,0,0,0,0,0,0,0,0,0,0,0,0,0,0,0,4.616393284296703,6.986868360429438,11.60326164472614
9,3.994112914619689e-7,9.890486940309373e-10,0.017609242476796533,4.6018180711520325,0,4.967211814980376,0.00009109031416962407,1.9850439351015157,0.036232487885563096,0,0.000015304183502797875,0,0,0,0,0,0,0,0,0,0,0,0,0,0,0,0,0,0,0,0,0,0,0,0,0,0,4.619427714029169,6.988594632465127,11.608022346494296
9.004999999999999,3.9963318662663095e-7,9.85981567579384e-10,0.01761903071695712,4.604842404886662,0,4.970547191421159,0.00009114096547323581,1.9833675999130673,0.03625286221358411,0,0.00001531269348382271,0,0,0,0,0,0,0,0,0,0,0,0,0,0,0,0,0,0,0,0,0,0,0,0,0,0,4.6224618362227865,6.990274107206767,11.612735943429554
9.01,3.998550817912915e-7,9.829218967299072e-10,0.017628818954160387,4.60786643169094,0,4.973882181840713,0.00009119161675154125,1.9816439820005116,0.03627323640393481,0,0.000015321203460595808,0,0,0,0,0,0,0,0,0,0,0,0,0,0,0,0,0,0,0,0,0,0,0,0,0,0,4.625495651483105,6.991905913065372,11.617401564548477
9.015,4.0007697695595043e-7,9.798695978651545e-10,0.017638607188411263,4.610890152168764,0,4.977216787015001,0.00009124226800458262,1.979872181802895,0.036293610456847064,0,0.000015329713433124266,0,0,0,0,0,0,0,0,0,0,0,0,0,0,0,0,0,0,0,0,0,0,0,0,0,0,4.628529160414022,6.993489151256181,11.622018311670203
9.02,4.0029887212060785e-7,9.76824585856981e-10,0.017648395419714642,4.613913566922384,0,4.980551007717816,0.00009129291923240191,1.9780512713502147,0.03631398437255217,0,0.00001533822340141513,0,0,0,0,0,0,0,0,0,0,0,0,0,0,0,0,0,0,0,0,0,0,0,0,0,0,4.631562363617796,6.995022894583217,11.626585258201013
9.025,4.005207672852639e-7,9.737867739859241e-10,0.01765818364807544,4.616936676552415,0,4.983884844720796,0.00009134357043504114,1.9761802929766186,0.036334358151280964,0,0.00001534673336547547,0,0,0,0,0,0,0,0,0,0,0,0,0,0,0,0,0,0,0,0,0,0,0,0,0,0,4.634595261695044,6.996506186152496,11.631101447847541
9.030000000000001,4.007426624499182e-7,9.707560738557731e-10,0.01766797187349856,4.619959481657838,0,4.9872182987934215,0.00009139422161254215,1.9742582579571506,0.03635473179326372,0,0.0000153552433253123,0,0,0,0,0,0,0,0,0,0,0,0,0,0,0,0,0,0,0,0,0,0,0,0,0,0,4.637627855244754,6.997938038008774,11.635565893253528
9.035,4.0096455761457113e-7,9.677323953028556e-10,0.017677760095988853,4.622981982836003,0,4.99055137070303,0.00009144487276494669,1.9722841450623025,0.036375105298730226,0,0.00001536375328093265,0,0,0,0,0,0,0,0,0,0,0,0,0,0,0,0,0,0,0,0,0,0,0,0,0,0,4.640660144864282,6.999317429690109,11.63997757455439
9.04,4.011864527792225e-7,9.647156462996257e-10,0.017687548315551204,4.626004180682647,0,4.993884061214825,0.00009149552389229646,1.9702571345386024,0.036395478667909736,0,0.00001537226323234352,0,0,0,0,0,0,0,0,0,0,0,0,0,0,0,0,0,0,0,0,0,0,0,0,0,0,4.643692131149367,7.000643542208461,11.644335673357828
9.045,4.014083479438725e-7,9.617057328521386e-10,0.017697336532190473,4.6290260757918835,0,4.9972163710918815,0.00009154617499463306,1.9681759947429565,0.03641585190103099,0,0.000015380773179551906,0,0,0,0,0,0,0,0,0,0,0,0,0,0,0,0,0,0,0,0,0,0,0,0,0,0,4.646723814694128,7.001915144684044,11.648638959378172
9.05,4.0163024310852097e-7,9.587025588908927e-10,0.017707124745911504,4.6320476687562255,0,5.00054830109515,0.00009159682607199799,1.9660394899094895,0.036436224998322234,0,0.000015389283122564768,0,0,0,0,0,0,0,0,0,0,0,0,0,0,0,0,0,0,0,0,0,0,0,0,0,0,4.649755196091082,7.0031310021121564,11.652886198203237
9.055,4.0185213827316774e-7,9.557060261545406e-10,0.017716912956719132,4.635068960166568,0,5.003879851983468,0.00009164747712443257,1.9638464452182622,0.03645659796001115,0,0.000015397793061389056,0,0,0,0,0,0,0,0,0,0,0,0,0,0,0,0,0,0,0,0,0,0,0,0,0,0,4.652786275931131,7.004289940431927,11.657076216363059
9.059999999999999,4.0207403343781324e-7,9.527160340658656e-10,0.017726701164618185,4.638089950612221,0,5.007211024513572,0.00009169812815197823,1.961595644679905,0.03647697078632498,0,0.000015406302996031725,0,0,0,0,0,0,0,0,0,0,0,0,0,0,0,0,0,0,0,0,0,0,0,0,0,0,4.655817054803589,7.00539074441095,11.661207799214539
9.065,4.0229592860245715e-7,9.497324795993996e-10,0.017736489369613483,4.641110640680895,0,5.010541819440094,0.00009174877915467614,1.9592858290484014,0.0364973434774904,0,0.0000154148129264997,0,0,0,0,0,0,0,0,0,0,0,0,0,0,0,0,0,0,0,0,0,0,0,0,0,0,4.65884753329617,7.006432155558068,11.665279688854238
9.07,4.025178237670997e-7,9.467552571399959e-10,0.017746277571709827,4.644131030958716,0,5.013872237515581,0.00009179943013256744,1.9569156935947178,0.03651771603373363,0,0.000015423322852799892,0,0,0,0,0,0,0,0,0,0,0,0,0,0,0,0,0,0,0,0,0,0,0,0,0,0,4.661877711995005,7.007412869897017,11.669290581892021
9.075,4.0273971893174064e-7,9.437842583315475e-10,0.017756065770912002,4.647151122030222,0,5.0172022794904905,0.00009185008108569313,1.954483885729682,0.03653808845528033,0,0.000015431832774939182,0,0,0,0,0,0,0,0,0,0,0,0,0,0,0,0,0,0,0,0,0,0,0,0,0,0,4.664907591484638,7.0083315355893125,11.67323912707395
9.08,4.0296161409638e-7,9.408193719150434e-10,0.017765853967224805,4.650170914478382,0,5.020531946113208,0.00009190073201409418,1.9519890024633935,0.03655846074235569,0,0.00001544034269292446,0,0,0,0,0,0,0,0,0,0,0,0,0,0,0,0,0,0,0,0,0,0,0,0,0,0,4.66793717234804,7.009186750393665,11.677123922741705
9.085,4.031835092610182e-7,9.378604835550258e-10,0.017775642160653006,4.6531904088845915,0,5.0238612381300545,0.00009195138291781149,1.9494295876872212,0.036578832895184404,0,0.000015448852606762595,0,0,0,0,0,0,0,0,0,0,0,0,0,0,0,0,0,0,0,0,0,0,0,0,0,0,4.670966455166615,7.009977058947984,11.680943514114599
9.09,4.0340540442565464e-7,9.349074756533886e-10,0.01778543035120136,4.656209605828677,0,5.027190156285282,0.00009200203379688575,1.9468041292628404,0.036599204913990616,0,0.000015457362516460425,0,0,0,0,0,0,0,0,0,0,0,0,0,0,0,0,0,0,0,0,0,0,0,0,0,0,4.673995440520191,7.010700949858426,11.684696390378615
9.094999999999999,4.036272995902895e-7,9.319602271494036e-10,0.01779521853887463,4.659228505888907,0,5.030518701321093,0.00009205268465135767,1.9441110559013584,0.036619576798998014,0,0.00001546587242202479,0,0,0,0,0,0,0,0,0,0,0,0,0,0,0,0,0,0,0,0,0,0,0,0,0,0,4.677024128987042,7.011356852578522,11.688380981565563
9.1,4.0384919475492314e-7,9.290186133047027e-10,0.01780500672367755,4.662247109642003,0,5.033846873977649,0.00009210333548126787,1.941348733813527,0.03663994855042979,0,0.000015474382323462516,0,0,0,0,0,0,0,0,0,0,0,0,0,0,0,0,0,0,0,0,0,0,0,0,0,0,4.680052521143894,7.01194313405941,11.691995655203304
9.105,4.040710899195552e-7,9.260825054718036e-10,0.01781479490561486,4.665265417663127,0,5.037174674993063,0.00009215398628665686,1.9385154631102202,0.03666032016850863,0,0.000015482892220780403,0,0,0,0,0,0,0,0,0,0,0,0,0,0,0,0,0,0,0,0,0,0,0,0,0,0,4.683080617565914,7.012458095150299,11.695538712716214
9.11,4.0429298508418587e-7,9.231517708446339e-10,0.01782458308469127,4.668283430525901,0,5.040502105103421,0.000092204637067565,1.9356094739298588,0.036680691653456686,0,0.000015491402113985235,0,0,0,0,0,0,0,0,0,0,0,0,0,0,0,0,0,0,0,0,0,0,0,0,0,0,4.68610841882673,7.012899966725918,11.699008385552649
9.115,4.04514880248815e-7,9.202262721893043e-10,0.0178343712609115,4.671301148802409,0,5.043829165042786,0.00009225528782403264,1.9326289222669801,0.036701063005495665,0,0.000015499912003083793,0,0,0,0,0,0,0,0,0,0,0,0,0,0,0,0,0,0,0,0,0,0,0,0,0,0,4.6891359254984275,7.013266905515089,11.702402831013517
9.120000000000001,4.047367754134428e-7,9.173058675531979e-10,0.017844159434280246,4.674318573063202,0,5.047155855543206,0.00009230593855609999,1.929571885473216,0.036721434224846757,0,0.000015508421888082833,0,0,0,0,0,0,0,0,0,0,0,0,0,0,0,0,0,0,0,0,0,0,0,0,0,0,4.692163138151563,7.013556989601714,11.705720127753278
9.125,4.04958670578069e-7,9.143904099502162e-10,0.017853947604802183,4.677335703877299,0,5.0504821773347075,0.00009235658926380723,1.9264363424562518,0.03674180531173068,0,0.0000155169317689891,0,0,0,0,0,0,0,0,0,0,0,0,0,0,0,0,0,0,0,0,0,0,0,0,0,0,4.695190057355163,7.0137681986237235,11.708958255978885
9.129999999999999,4.0518056574269365e-7,9.114797470197407e-10,0.017863735772482018,4.680352541812204,0,5.053808131145328,0.00009240723994719434,1.9232202132629845,0.036762176266367595,0,0.00001552544164580932,0,0,0,0,0,0,0,0,0,0,0,0,0,0,0,0,0,0,0,0,0,0,0,0,0,0,4.698216683676732,7.013898453356273,11.712115137033004
9.135,4.054024609073169e-7,9.085737206566072e-10,0.017873523937324408,4.683369087433902,0,5.057133717701103,0.00009245789060630141,1.91992130920303,0.03678254708897731,0,0.00001553395151855022,0,0,0,0,0,0,0,0,0,0,0,0,0,0,0,0,0,0,0,0,0,0,0,0,0,0,4.701243017682261,7.013945565835236,11.715188583517497
9.14,4.0562435607193896e-7,9.056721666090253e-10,0.017883312099334008,4.686385341306862,0,5.060458937726082,0.00009250854124116823,1.9165373406279314,0.03680291777977901,0,0.000015542461387218492,0,0,0,0,0,0,0,0,0,0,0,0,0,0,0,0,0,0,0,0,0,0,0,0,0,0,4.704269059936225,7.013907247136421,11.718176307072646
9.145,4.0584625123655926e-7,9.02774914040992e-10,0.017893100258515465,4.689401303994046,0,5.063783791942329,0.00009255919185183461,1.9130659105650056,0.036823288338991435,0,0.00001555097125182082,0,0,0,0,0,0,0,0,0,0,0,0,0,0,0,0,0,0,0,0,0,0,0,0,0,0,4.707294811001588,7.01378110100943,11.721075912011017
9.15,4.0606814640117824e-7,8.998817850553162e-10,0.017902888414873433,4.69241697605692,0,5.0671082810699355,0.00009260984243834034,1.9095045074242964,0.036843658766832876,0,0.000015559481112363895,0,0,0,0,0,0,0,0,0,0,0,0,0,0,0,0,0,0,0,0,0,0,0,0,0,0,4.710320271439822,7.013564616584615,11.723884888024436
9.155000000000001,4.062900415657958e-7,8.969925941728507e-10,0.017912676568412528,4.695432358055446,0,5.070432405827025,0.00009266049300072493,1.9058504970514352,0.0368640290635211,0,0.00001556799096885434,0,0,0,0,0,0,0,0,0,0,0,0,0,0,0,0,0,0,0,0,0,0,0,0,0,0,4.713345441810893,7.013255160425951,11.726600602236843
9.16,4.0651193673041174e-7,8.941071477629262e-10,0.017922464719137367,4.698447450548102,0,5.073756166929761,0.00009271114353902794,1.9021011140529411,0.036884399229273404,0,0.00001557650082129882,0,0,0,0,0,0,0,0,0,0,0,0,0,0,0,0,0,0,0,0,0,0,0,0,0,0,4.716370322673283,7.012849967856336,11.729220290529618
9.165,4.0673383189502633e-7,8.912252434193149e-10,0.01793225286705256,4.701462254091873,0,5.077079565092355,0.00009276179405328881,1.898253452310687,0.0369047692643066,0,0.00001558501066970396,0,0,0,0,0,0,0,0,0,0,0,0,0,0,0,0,0,0,0,0,0,0,0,0,0,0,4.719394914583983,7.012346133472072,11.731741048056055
9.17,4.0695572705963943e-7,8.883466692752427e-10,0.017942041012162718,4.704476769242272,0,5.08040260102707,0.00009281244454354697,1.8943044545905547,0.03692513916883704,0,0.000015593520514076368,0,0,0,0,0,0,0,0,0,0,0,0,0,0,0,0,0,0,0,0,0,0,0,0,0,0,4.722419218098509,7.01174060075152,11.73415981885003
9.175,4.0717762222425126e-7,8.854712032500493e-10,0.017951829154472417,4.707490996553327,0,5.0837252754442295,0.00009286309500984166,1.8902509011370023,0.036945508943080574,0,0.00001560203035442265,0,0,0,0,0,0,0,0,0,0,0,0,0,0,0,0,0,0,0,0,0,0,0,0,0,0,4.725443233770893,7.011030150649677,11.73647338442057
9.18,4.0739951738886155e-7,8.825986122189968e-10,0.017961617293986234,4.710504936577599,0,5.087047589052222,0.00009291374545221204,1.8860893971294588,0.036965878587252574,0,0.000015610540190749382,0,0,0,0,0,0,0,0,0,0,0,0,0,0,0,0,0,0,0,0,0,0,0,0,0,0,4.728466962153701,7.010211389054577,11.738678351208279
9.184999999999999,4.0762141255347037e-7,8.797286510964808e-10,0.017971405430708735,4.713518589866184,0,5.0903695425575135,0.00009296439587069725,1.8818163588581411,0.036986248101567955,0,0.00001561905002306314,0,0,0,0,0,0,0,0,0,0,0,0,0,0,0,0,0,0,0,0,0,0,0,0,0,0,4.731490403798034,7.0092807329631155,11.74077113676115
9.19,4.078433077180778e-7,8.768610618213816e-10,0.01798119356464449,4.716531956968715,0,5.093691136664647,0.00009301504626533625,1.8774279984554152,0.03700661748624115,0,0.000015627559851370475,0,0,0,0,0,0,0,0,0,0,0,0,0,0,0,0,0,0,0,0,0,0,0,0,0,0,4.734513559253528,7.00823439521242,11.742747954465948
9.195,4.0806520288268386e-7,8.739955722315426e-10,0.01799098169579805,4.7195450384333695,0,5.097012372076256,0.0000930656966361681,1.8729203069931306,0.03702698674148611,0,0.00001563606967567794,0,0,0,0,0,0,0,0,0,0,0,0,0,0,0,0,0,0,0,0,0,0,0,0,0,0,4.737536429068365,7.007068367577185,11.74460479664555
9.2,4.082870980472884e-7,8.711318948122569e-10,0.018000769824173934,4.7225578348068735,0,5.100333249493066,0.00009311634698323149,1.868289035726509,0.03704735586751633,0,0.000015644579495992043,0,0,0,0,0,0,0,0,0,0,0,0,0,0,0,0,0,0,0,0,0,0,0,0,0,0,4.7405590137892775,7.00577840201357,11.746337415802849
9.205,4.0850899321189164e-7,8.682697253011722e-10,0.018010557949776688,4.725570346634513,0,5.103653769613906,0.00009316699730656532,1.8635296966461055,0.03706772486454481,0,0.00001565308931231931,0,0,0,0,0,0,0,0,0,0,0,0,0,0,0,0,0,0,0,0,0,0,0,0,0,0,4.743581313961553,7.004360011211176,11.747941325172729
9.21,4.087308883764933e-7,8.654087411290453e-10,0.018020346072610827,4.728582574460124,0,5.106973933135707,0.00009321764760620819,1.8586376662614728,0.03708809373278411,0,0.000015661599124666238,0,0,0,0,0,0,0,0,0,0,0,0,0,0,0,0,0,0,0,0,0,0,0,0,0,0,4.746603330129032,7.002808572376695,11.749411902505727
9.215,4.089527835410936e-7,8.625485996721918e-10,0.018030134192680847,4.73159451882611,0,5.110293740753518,0.0000932682978821987,1.853607644136758,0.03710846247244628,0,0.000015670108933039307,0,0,0,0,0,0,0,0,0,0,0,0,0,0,0,0,0,0,0,0,0,0,0,0,0,0,4.749625062834123,7.0011187857695365,11.750743848603658
9.219999999999999,4.091746787056924e-7,8.596889362882219e-10,0.01803992230999126,4.734606180273447,0,5.113613193160509,0.0000933189481345754,1.8484341832858653,0.03712883108374296,0,0.000015678618737444995,0,0,0,0,0,0,0,0,0,0,0,0,0,0,0,0,0,0,0,0,0,0,0,0,0,0,4.7526465126178055,6.99928520509699,11.751931717714795
9.225,4.0939657387028994e-7,8.568293621013984e-10,0.018049710424546565,4.737617559341681,0,5.116932291047974,0.00009336959836337669,1.8431114647470694,0.03714919956688529,0,0.000015687128537889755,0,0,0,0,0,0,0,0,0,0,0,0,0,0,0,0,0,0,0,0,0,0,0,0,0,0,4.75566768001963,6.997302012088831,11.752969692108461
9.23,4.096184690348861e-7,8.539694614976633e-10,0.018059498536351224,4.740628656568936,0,5.12025103510535,0.00009342024856864097,1.8376332605108086,0.03716956792208395,0,0.000015695638334380025,0,0,0,0,0,0,0,0,0,0,0,0,0,0,0,0,0,0,0,0,0,0,0,0,0,0,4.758688565577725,6.995162979425145,11.75385154500287
9.235,4.098403641994806e-7,8.511087892816036e-10,0.018069286645409705,4.743639472491919,0,5.123569426020201,0.00009347089875040641,1.8319928915328898,0.03718993614954914,0,0.00001570414812692224,0,0,0,0,0,0,0,0,0,0,0,0,0,0,0,0,0,0,0,0,0,0,0,0,0,0,4.761709169828801,6.992861428749517,11.754570598578319
9.24,4.100622593640738e-7,8.482468674380978e-10,0.018079074751726487,4.746650007645933,0,5.126887464478246,0.00009352154890871129,1.8261831800103865,0.03721030424949065,0,0.000015712657915522817,0,0,0,0,0,0,0,0,0,0,0,0,0,0,0,0,0,0,0,0,0,0,0,0,0,0,4.764729493308166,6.990390182944948,11.755119676253113
9.245000000000001,4.102841545286658e-7,8.453831814296141e-10,0.018088862855306014,4.749660262564862,0,5.130205151163355,0.00009357219904359366,1.8201963949297526,0.03723067222211776,0,0.000015721167700188152,0,0,0,0,0,0,0,0,0,0,0,0,0,0,0,0,0,0,0,0,0,0,0,0,0,0,4.767749536549705,6.987741511681969,11.755491048231676
9.25,4.105060496932562e-7,8.425171759454168e-10,0.018098650956152713,4.752670237781191,0,5.133522486757558,0.0000936228491550915,1.8140241896874787,0.0372510400676393,0,0.000015729677480924626,0,0,0,0,0,0,0,0,0,0,0,0,0,0,0,0,0,0,0,0,0,0,0,0,0,0,4.770769300085911,6.984907069039312,11.755676369125222
9.254999999999999,4.107279448578451e-7,8.39648250000541e-10,0.018108439054271033,4.755679933826016,0,5.136839471941051,0.00009367349924324277,1.807657530322,0.037271407786263644,0,0.00001573818725773862,0,0,0,0,0,0,0,0,0,0,0,0,0,0,0,0,0,0,0,0,0,0,0,0,0,0,4.773788784447881,6.981877821735815,11.755666606183695
9.26,4.1094984002243273e-7,8.367757512591669e-10,0.01811822714966538,4.758689351229033,0,5.140156107392205,0.00009372414930808534,1.8010866125657994,0.03729177537819875,0,0.000015746697030636492,0,0,0,0,0,0,0,0,0,0,0,0,0,0,0,0,0,0,0,0,0,0,0,0,0,0,4.776807990165314,6.978643966182542,11.755451956347855
9.265,4.1117173518701904e-7,8.338989694275122e-10,0.018128015242340187,4.761698490518549,0,5.143472393787564,0.00009377479934965701,1.7943007655077783,0.037312142843652044,0,0.000015755206799624595,0,0,0,0,0,0,0,0,0,0,0,0,0,0,0,0,0,0,0,0,0,0,0,0,0,0,4.779826917766523,6.975194832145144,11.755021749911666
9.27,4.1139363035160377e-7,8.310171285234028e-10,0.01813780333229984,4.7647073522214916,0,5.146788331801864,0.00009382544936799537,1.787288339119415,0.03733251018283057,0,0.000015763716564709243,0,0,0,0,0,0,0,0,0,0,0,0,0,0,0,0,0,0,0,0,0,0,0,0,0,0,4.7828455677784385,6.971518770270043,11.754364338048482
9.275,4.116155255161872e-7,8.281293777808716e-10,0.018147591419548734,4.767715936863406,0,5.150103922108029,0.00009387609936313811,1.780036572206297,0.03735287739594086,0,0.00001577222632589677,0,0,0,0,0,0,0,0,0,0,0,0,0,0,0,0,0,0,0,0,0,0,0,0,0,0,4.78586394072661,6.9676030200359556,11.753466960762566
9.280000000000001,4.1183742068076935e-7,8.25234780884164e-10,0.01815737950409127,4.770724244968467,0,5.153419165377181,0.00009392674933512273,1.7725314364438516,0.03737324448318908,0,0.000015780736083193473,0,0,0,0,0,0,0,0,0,0,0,0,0,0,0,0,0,0,0,0,0,0,0,0,0,0,4.788882037135214,6.963433553789639,11.752315590924853
9.285,4.1205931584534995e-7,8.223323031414709e-10,0.018167167585931794,4.773732277059475,0,5.156734062278642,0.00009397739928398664,1.7647574509695518,0.03739361144478081,0,0.000015789245836605644,0,0,0,0,0,0,0,0,0,0,0,0,0,0,0,0,0,0,0,0,0,0,0,0,0,0,4.791899857527055,6.9589948913380955,11.75089474886515
9.29,4.122812110099292e-7,8.194207960967163e-10,0.018176955665074695,4.776740033657872,0,5.160048613479954,0.00009402804920976724,1.7566974147853254,0.037413978280921315,0,0.000015797755586139566,0,0,0,0,0,0,0,0,0,0,0,0,0,0,0,0,0,0,0,0,0,0,0,0,0,0,4.794917402423579,6.954269832350996,11.749187234774574
9.295,4.125031061745072e-7,8.164989789269114e-10,0.018186743741524316,4.779747515283736,0,5.163362819646865,0.00009407869911250182,1.7483316561148285,0.03743434499181534,0,0.000015806265331801497,0,0,0,0,0,0,0,0,0,0,0,0,0,0,0,0,0,0,0,0,0,0,0,0,0,0,4.797934672344866,6.949238705717954,11.747173378062818
9.3,4.127250013390837e-7,8.135654157670462e-10,0.018196531815285,4.78275472245579,0,5.166676681443355,0.00009412934899222757,1.73963944962198,0.03745471157766721,0,0.000015814775073597685,0,0,0,0,0,0,0,0,0,0,0,0,0,0,0,0,0,0,0,0,0,0,0,0,0,0,4.800951667809642,6.943880786767068,11.74483245457671
9.305,4.129468965036588e-7,8.106184878203683e-10,0.018206319886361098,4.785761655691403,0,5.169990199531624,0.00009417999884898157,1.7305967760821452,0.03747507803868076,0,0.00001582328481153437,0,0,0,0,0,0,0,0,0,0,0,0,0,0,0,0,0,0,0,0,0,0,0,0,0,0,4.80396838933528,6.938172056936111,11.74214044627139
9.309999999999999,4.1316879166823244e-7,8.076563587136874e-10,0.018216107954756925,4.788768315506605,0,5.173303374572111,0.00009423064868280093,1.7211764531479659,0.037495444375059465,0,0.00001583179454561778,0,0,0,0,0,0,0,0,0,0,0,0,0,0,0,0,0,0,0,0,0,0,0,0,0,0,4.80698483743781,6.932085334538364,11.739070171976174
9.315,4.1339068683280483e-7,8.046769309897809e-10,0.018225896020476813,4.791774702416076,0,5.176616207223498,0.00009428129849372258,1.7113475146279222,0.03751581058700628,0,0.000015840304275854117,0,0,0,0,0,0,0,0,0,0,0,0,0,0,0,0,0,0,0,0,0,0,0,0,0,0,4.810001012631916,6.925589654041196,11.735590666673112
9.32,4.1361258199737595e-7,8.016777908059278e-10,0.018235684083525057,4.794780816933163,0,5.179928698142711,0.00009433194828178342,1.7010744232511714,0.03753617667472376,0,0.00001584881400224959,0,0,0,0,0,0,0,0,0,0,0,0,0,0,0,0,0,0,0,0,0,0,0,0,0,0,4.813016915430947,6.91864947883089,11.731666394261836
9.325,4.1383447716194543e-7,7.986561366902059e-10,0.018245472143905952,4.797786659569877,0,5.183240847984929,0.00009438259804702021,1.690316058744035,0.03755654263841397,0,0.000015857323724810366,0,0,0,0,0,0,0,0,0,0,0,0,0,0,0,0,0,0,0,0,0,0,0,0,0,0,4.816032546346916,6.91122368928915,11.727256235636066
9.33,4.1405637232651395e-7,7.956086863668726e-10,0.01825526020162382,4.8007922308369055,0,5.186552657403593,0.00009443324778946978,1.6790243973576837,0.03757690847827864,0,0.000015865833443542636,0,0,0,0,0,0,0,0,0,0,0,0,0,0,0,0,0,0,0,0,0,0,0,0,0,0,4.8190479058905105,6.903264262320788,11.7223121682113
9.335,4.1427826749108073e-7,7.925315528112003e-10,0.018265048256682903,4.803797531243606,0,5.189864127050399,0.00009448389750916861,1.6671427592437542,0.03759727419451892,0,0.00001587434315845253,0,0,0,0,0,0,0,0,0,0,0,0,0,0,0,0,0,0,0,0,0,0,0,0,0,0,4.822062994571088,6.89471451872934,11.716777513300428
9.34,4.145001626556463e-7,7.894200761536606e-10,0.018274836309087498,4.80680256129802,0,5.193175257575332,0.00009453454720615345,1.6546034368600613,0.03761763978733565,0,0.00001588285286954622,0,0,0,0,0,0,0,0,0,0,0,0,0,0,0,0,0,0,0,0,0,0,0,0,0,0,4.825077812896691,6.885506751622804,11.710584564519495
9.344999999999999,4.147220578202104e-7,7.86268590591448e-10,0.018284624358841855,4.809807321506871,0,5.196486049626635,0.00009458519688046064,1.6413244138269885,0.03763800525692913,0,0.000015891362576829814,0,0,0,0,0,0,0,0,0,0,0,0,0,0,0,0,0,0,0,0,0,0,0,0,0,0,4.828092361374039,6.8755589452700105,11.70365130664405
9.35,4.149439529847733e-7,7.830700927500724e-10,0.018294412405950245,4.812811812375577,0,5.199796503850852,0.0000946358465321267,1.6272047070680011,0.03765837060349934,0,0.000015899872280309447,0,0,0,0,0,0,0,0,0,0,0,0,0,0,0,0,0,0,0,0,0,0,0,0,0,0,4.831106640508551,6.864770117241164,11.695876757749716
9.355,4.151658481493347e-7,7.798157553409984e-10,0.018304200450416894,4.815816034408242,0,5.203106620892799,0.00009468649616118787,1.6121175516408057,0.037678735827245693,0,0.00001590838197999121,0,0,0,0,0,0,0,0,0,0,0,0,0,0,0,0,0,0,0,0,0,0,0,0,0,0,4.834120650804323,6.853013503238992,11.687134154043314
9.36,4.153877433138947e-7,7.764941877637031e-10,0.018313988492246046,4.8188199881076725,0,5.206416401395592,0.00009473714576768045,1.5959000631093823,0.03769910092836729,0,0.0000159168916758812,0,0,0,0,0,0,0,0,0,0,0,0,0,0,0,0,0,0,0,0,0,0,0,0,0,0,4.837134392764156,6.840126219470785,11.677260612234942
9.365,4.156096384784535e-7,7.730902616816646e-10,0.01832377653144192,4.821823673975376,0,5.209725846000655,0.00009478779535164064,1.5783368554288961,0.037719465907062724,0,0.000015925401367985496,0,0,0,0,0,0,0,0,0,0,0,0,0,0,0,0,0,0,0,0,0,0,0,0,0,0,4.840147866889547,6.825892880533333,11.66604074742288
9.370000000000001,4.15831533643011e-7,7.695831414301549e-10,0.018333564568008755,4.82482709251157,0,5.213034955347709,0.00009483844491310457,1.5591326304643616,0.0377398307635302,0,0.000015933911056310168,0,0,0,0,0,0,0,0,0,0,0,0,0,0,0,0,0,0,0,0,0,0,0,0,0,0,4.843161073680696,6.81001818893157,11.653179262612266
9.375,4.160534288075671e-7,7.659427432538642e-10,0.018343352601950736,4.827830244215176,0,5.21634373007479,0.00009488909445210815,1.5378630167258867,0.03776019549796747,0,0.00001594242074086126,0,0,0,0,0,0,0,0,0,0,0,0,0,0,0,0,0,0,0,0,0,0,0,0,0,0,4.846174013636499,6.792077773813837,11.638251787450336
9.379999999999999,4.1627532397212166e-7,7.621227545589078e-10,0.018353140633272067,4.830833129583832,0,5.21965217081825,0.0000949397439686874,1.513878569461504,0.03778056011057184,0,0.000015950930421644807,0,0,0,0,0,0,0,0,0,0,0,0,0,0,0,0,0,0,0,0,0,0,0,0,0,0,4.849186687254551,6.771422191064716,11.620608878319267
9.385,4.16497219136675e-7,7.58044966167977e-10,0.01836292866197695,4.833835749113904,0,5.222960278212772,0.0000949903934628782,1.4860862459557824,0.03780092460154027,0,0.00001595944009866685,0,0,0,0,0,0,0,0,0,0,0,0,0,0,0,0,0,0,0,0,0,0,0,0,0,0,4.852199095031145,6.746958398603657,11.599157493634802
9.39,4.167191143012271e-7,7.535563724016934e-10,0.018372716688069564,4.83683810330047,0,5.226268052891361,0.00009504104293471636,1.452359927928392,0.037821288971069206,0,0.0000159679497719334,0,0,0,0,0,0,0,0,0,0,0,0,0,0,0,0,0,0,0,0,0,0,0,0,0,0,4.8552112374612095,6.716560278783528,11.571771516244738
9.395,4.169410094657778e-7,7.482605357089328e-10,0.018382504711554067,4.839840192637342,0,5.2295754954853555,0.00009509169238423754,1.407221847535717,0.03784165321935472,0,0.00001597645944145045,0,0,0,0,0,0,0,0,0,0,0,0,0,0,0,0,0,0,0,0,0,0,0,0,0,0,4.858223115038166,6.674750064392253,11.532973179430419
9.4,4.171629046303271e-7,7.379607096903461e-10,0.018392292732434642,4.842842017617063,0,5.232882606624442,0.00009514234181147739,1.2931777091771608,0.037862017346592426,0,0.000015984969107223992,0,0,0,0,0,0,0,0,0,0,0,0,0,0,0,0,0,0,0,0,0,0,0,0,0,0,4.861234728250362,6.564033460459114,11.425268188709476
9.405000000000001,4.173847997948751e-7,7.865321283483201e-10,0.018402080750715432,4.8458435787309115,0,5.236189386936641,0.00009519299121647151,2.3879298350607,0.03788238135297756,0,0.00001599347876926,0,0,0,0,0,0,0,0,0,0,0,0,0,0,0,0,0,0,0,0,0,0,0,0,0,0,4.864246077652959,7.662112789820305,12.526358867473263
9.41,4.1760669495942174e-7,7.857045794904945e-10,0.01841186876640059,4.848844876468909,0,5.239495837048341,0.00009524364059925536,2.4213631859627163,0.037902745238704884,0,0.00001600198842756444,0,0,0,0,0,0,0,0,0,0,0,0,0,0,0,0,0,0,0,0,0,0,0,0,0,0,4.867257163627709,7.698873013878788,12.566130177506498
9.415,4.17828590123967e-7,7.846299140136834e-10,0.018421656779494245,4.851845911319818,0,5.242801957584273,0.00009529428995986433,2.448471091258803,0.03792310900396879,0,0.00001601049808214326,0,0,0,0,0,0,0,0,0,0,0,0,0,0,0,0,0,0,0,0,0,0,0,0,0,0,4.870267986712531,7.729307462635086,12.599575449347618
9.42,4.1805048528851115e-7,7.834283314305046e-10,0.01843144479000054,4.854846683771151,0,5.246107749167544,0.00009534493929833388,2.472309641909893,0.03794347264896324,0,0.0000160190077330024,0,0,0,0,0,0,0,0,0,0,0,0,0,0,0,0,0,0,0,0,0,0,0,0,0,0,4.873278547395065,7.756472227673433,12.629750775068498
9.425,4.1827238045305384e-7,7.821465857027348e-10,0.01844123279792358,4.857847194309175,0,5.249413212419615,0.0000953955886146992,2.4940624212261286,0.03796383617388176,0,0.000016027517380147785,0,0,0,0,0,0,0,0,0,0,0,0,0,0,0,0,0,0,0,0,0,0,0,0,0,0,4.876288846161626,7.78155089292562,12.657839739087246
9.43,4.1849427561759515e-7,7.808087502836654e-10,0.018451020803267482,4.860847443418912,0,5.252718347960336,0.00009544623790899537,2.514336358081996,0.037984199578917466,0,0.000016036027023585315,0,0,0,0,0,0,0,0,0,0,0,0,0,0,0,0,0,0,0,0,0,0,0,0,0,0,4.879298883497263,7.805150387886182,12.684449271383446
9.434999999999999,4.187161707821351e-7,7.794291807157826e-10,0.01846080880603634,4.863847431584144,0,5.256023156407924,0.00009549688718125767,2.5334919449313147,0.038004562864263056,0,0.000016044536663320907,0,0,0,0,0,0,0,0,0,0,0,0,0,0,0,0,0,0,0,0,0,0,0,0,0,0,4.882308659885781,7.827631205627346,12.709939865513126
9.44,4.1893806594667387e-7,7.780172651894049e-10,0.018470596806234273,4.866847159287422,0,5.25932763837899,0.00009554753643152108,2.551764028248133,0.038024926030110845,0,0.000016053046299360444,0,0,0,0,0,0,0,0,0,0,0,0,0,0,0,0,0,0,0,0,0,0,0,0,0,0,4.88531817580974,7.849228193239965,12.734546369049704
9.445,4.1915996111121126e-7,7.765795482546729e-10,0.018480384803865345,4.869846627010066,0,5.262631794488532,0.00009559818565982054,2.56931570823702,0.038045289076652694,0,0.00001606155593170979,0,0,0,0,0,0,0,0,0,0,0,0,0,0,0,0,0,0,0,0,0,0,0,0,0,0,4.888327431750472,7.870104451543796,12.758431883294268
9.45,4.193818562757473e-7,7.751208115621048e-10,0.01849017279893363,4.872845835232161,0,5.265935625349938,0.00009564883486619095,2.5862657184062154,0.03806565200408007,0,0.000016070065560374814,0,0,0,0,0,0,0,0,0,0,0,0,0,0,0,0,0,0,0,0,0,0,0,0,0,0,4.891336428188071,7.8903787146606605,12.781715142848732
9.455,4.1960375144028203e-7,7.736446770019106e-10,0.018499960791443205,4.875844784432579,0,5.269239131575012,0.00009569948405066719,2.602703678146771,0.03808601481258403,0,0.00001607857518536137,0,0,0,0,0,0,0,0,0,0,0,0,0,0,0,0,0,0,0,0,0,0,0,0,0,0,4.894345165601418,7.910140602593604,12.804485768195022
9.46,4.1982564660481567e-7,7.72153967510024e-10,0.018509748781398133,4.878843475088972,0,5.2725423137739496,0.00009575013321328393,2.618699200732263,0.03810637750235523,0,0.000016087084806675293,0,0,0,0,0,0,0,0,0,0,0,0,0,0,0,0,0,0,0,0,0,0,0,0,0,0,4.897353644468171,7.929459729226588,12.826813373694758
9.465,4.2004754176934767e-7,7.70650934959863e-10,0.018519536768802455,4.8818419076777735,0,5.275845172555367,0.00009580078235407585,2.634307094232023,0.038126740073583895,0,0.000016095594424322404,0,0,0,0,0,0,0,0,0,0,0,0,0,0,0,0,0,0,0,0,0,0,0,0,0,0,4.9003618652647685,7.948390903237752,12.848752768502521
9.469999999999999,4.202694369338784e-7,7.691374105422784e-10,0.01852932475366021,4.884840082674204,0,5.279147708526291,0.00009585143147307758,2.6495722814283744,0.03814710252645986,0,0.00001610410403830852,0,0,0,0,0,0,0,0,0,0,0,0,0,0,0,0,0,0,0,0,0,0,0,0,0,0,4.903369828466439,7.966979048016637,12.870348876483076
9.475,4.2049133209840796e-7,7.676149076399207e-10,0.01853911273597544,4.8878380005522875,0,5.282449922292184,0.00009590208057032364,2.6645322391128308,0.03816746486117254,0,0.00001611261364863944,0,0,0,0,0,0,0,0,0,0,0,0,0,0,0,0,0,0,0,0,0,0,0,0,0,0,4.90637753454721,7.985261640960405,12.891639175507615
9.48,4.207132272629362e-7,7.660846943636193e-10,0.018548900715752173,4.890835661784834,0,5.28575181445692,0.00009595272964584844,2.6792178796346424,0.03818782707791098,0,0.000016121123255320948,0,0,0,0,0,0,0,0,0,0,0,0,0,0,0,0,0,0,0,0,0,0,0,0,0,0,4.909384983979898,8.003269595022374,12.912654579002272
9.485,4.209351224274631e-7,7.645478460310935e-10,0.01855868869299442,4.893833066843461,0,5.289053385622818,0.00009600337869968639,2.6936553488132504,0.03820818917686378,0,0.00001612963285835883,0,0,0,0,0,0,0,0,0,0,0,0,0,0,0,0,0,0,0,0,0,0,0,0,0,0,4.912392177236126,8.02102905662449,12.933421233860617
9.49,4.2115701759198886e-7,7.630052839861203e-10,0.018568476667706186,4.89683021619859,0,5.292354636390631,0.00009605402773187185,2.707866995416352,0.038228551158219146,0,0.000016138142457758847,0,0,0,0,0,0,0,0,0,0,0,0,0,0,0,0,0,0,0,0,0,0,0,0,0,0,4.915399114786319,8.038562375135394,12.953961489921713
9.495000000000001,4.2137891275651313e-7,7.614578048740342e-10,0.01857826463989147,4.89982711031945,0,5.295655567359555,0.00009610467674243894,2.7218721009797098,0.03824891302216489,0,0.000016146652053526744,0,0,0,0,0,0,0,0,0,0,0,0,0,0,0,0,0,0,0,0,0,0,0,0,0,0,4.9184057970997115,8.055888832690226,12.974294629789938
9.5,4.2160080792103613e-7,7.599061030982464e-10,0.01858805260955427,4.9028237496740825,0,5.298956179127239,0.00009615532573142189,2.7356874386275116,0.03826927476888843,0,0.00001615516164566826,0,0,0,0,0,0,0,0,0,0,0,0,0,0,0,0,0,0,0,0,0,0,0,0,0,0,4.921412224644351,8.073025203011015,12.994437427655367
9.504999999999999,4.2182270308555786e-7,7.58350788307524e-10,0.01859784057669857,4.905820134729348,0,5.30225647228978,0.00009620597469885478,2.74932770745073,0.038289636398576785,0,0.00001616367123418913,0,0,0,0,0,0,0,0,0,0,0,0,0,0,0,0,0,0,0,0,0,0,0,0,0,0,4.9244183978871,8.089986185785019,13.01440458367212
9.51,4.2204459825007837e-7,7.567923991979405e-10,0.018607628541328337,4.908816265950926,0,5.305556447441742,0.00009625662364477167,2.762805874723213,0.038309997911416545,0,0.00001617218081909507,0,0,0,0,0,0,0,0,0,0,0,0,0,0,0,0,0,0,0,0,0,0,0,0,0,0,4.927424317293645,8.106784748880834,13.03420906617448
9.515,4.222664934145975e-7,7.552314145384546e-10,0.018617416503447542,4.9118121438033215,0,5.308856105176148,0.00009630727256920645,2.776133448783094,0.038330359307593945,0,0.000016180690400391778,0,0,0,0,0,0,0,0,0,0,0,0,0,0,0,0,0,0,0,0,0,0,0,0,0,0,4.930429983328494,8.123432401229804,13.053862384558299
9.52,4.2248838857911526e-7,7.536682620751975e-10,0.01862720446306013,4.914807768749864,0,5.312155446084489,0.00009635792147219296,2.789320699011939,0.03835072058729477,0,0.00001618919997808494,0,0,0,0,0,0,0,0,0,0,0,0,0,0,0,0,0,0,0,0,0,0,0,0,0,0,4.933435396454981,8.139939412805173,13.073374809260155
9.525,4.2271028374363195e-7,7.521033257941171e-10,0.01863699242017007,4.917803141252723,0,5.315454470756738,0.0000964085703537651,2.802376834930485,0.03837108175070448,0,0.000016197709552180254,0,0,0,0,0,0,0,0,0,0,0,0,0,0,0,0,0,0,0,0,0,0,0,0,0,0,4.93644055713528,8.156314993717833,13.092755550853113
9.530000000000001,4.229321789081472e-7,7.505369518983516e-10,0.018646780374781294,4.920798261772894,0,5.318753179781341,0.00009645921921395656,2.8153101533304503,0.038391442798008074,0,0.000016206219122683374,0,0,0,0,0,0,0,0,0,0,0,0,0,0,0,0,0,0,0,0,0,0,0,0,0,0,4.93944546583039,8.172567441348136,13.112012907178526
9.535,4.2315407407266106e-7,7.489694537686221e-10,0.018656568326897726,4.923793130770216,0,5.322051573745229,0.00009650986805280097,2.8281281601496273,0.038411803729390175,0,0.000016214728689599947,0,0,0,0,0,0,0,0,0,0,0,0,0,0,0,0,0,0,0,0,0,0,0,0,0,0,4.942450123000157,8.18870426222099,13.131154385221146
9.54,4.2337596923717395e-7,7.474011161110329e-10,0.018666356276523306,4.926787748703377,0,5.325349653233831,0.00009656051687033195,2.8408376721950286,0.038432164545035084,0,0.00001622323825293563,0,0,0,0,0,0,0,0,0,0,0,0,0,0,0,0,0,0,0,0,0,0,0,0,0,0,4.94545452910327,8.204732273729018,13.150186802832287
9.545,4.235978644016853e-7,7.458321984498046e-10,0.018676144223661945,4.929782116029904,0,5.328647418831063,0.00009661116566658306,2.853444902642465,0.038452525245126594,0,0.000016231747812696062,0,0,0,0,0,0,0,0,0,0,0,0,0,0,0,0,0,0,0,0,0,0,0,0,0,0,4.948458684597262,8.220657689632134,13.169116374229397
9.55,4.238197595661955e-7,7.442629380875066e-10,0.018685932168317553,4.932776233206178,0,5.331944871119341,0.0000966618144415877,2.865955543385524,0.0384728858298482,0,0.000016240257368886853,0,0,0,0,0,0,0,0,0,0,0,0,0,0,0,0,0,0,0,0,0,0,0,0,0,0,4.951462589938518,8.236486202406525,13.187948792345043
9.555,4.2404165473070446e-7,7.426935526291035e-10,0.018695720110494016,4.935770100687436,0,5.335242010679588,0.00009671246319537926,2.8783755033008633,0.03849324629938295,0,0.000016248766921513604,0,0,0,0,0,0,0,0,0,0,0,0,0,0,0,0,0,0,0,0,0,0,0,0,0,0,4.954466245582278,8.25222372150995,13.206689967092228
9.559999999999999,4.2426354989521205e-7,7.411242421461769e-10,0.018705508050195243,4.938763718927768,0,5.338538838091237,0.00009676311192799103,2.890708863557333,0.03851360665391353,0,0.00001625727647058192,0,0,0,0,0,0,0,0,0,0,0,0,0,0,0,0,0,0,0,0,0,0,0,0,0,0,4.957469651982637,8.267874328690882,13.225343980673518
9.565,4.244854450597185e-7,7.395551910423253e-10,0.01871529598742511,4.9417570883801325,0,5.341835353932238,0.00009681376063945631,2.9029600332062198,0.03853396689362225,0,0.000016265786016097388,0,0,0,0,0,0,0,0,0,0,0,0,0,0,0,0,0,0,0,0,0,0,0,0,0,0,4.960472809592558,8.283442433578735,13.243915243171292
9.57,4.247073402242236e-7,7.379865696688714e-10,0.018725083922187497,4.944750209496352,0,5.345131558779054,0.00009686440932980818,2.91513308851624,0.038554327018691,0,0.000016274295558065574,0,0,0,0,0,0,0,0,0,0,0,0,0,0,0,0,0,0,0,0,0,0,0,0,0,0,4.963475718863866,8.298932113018875,13.26240783188274
9.575,4.2492923538872736e-7,7.364185357307158e-10,0.018734871854486263,4.947743082727114,0,5.34842745320668,0.00009691505799907984,2.9272318070082117,0.03857468702930132,0,0.000016282805096492048,0,0,0,0,0,0,0,0,0,0,0,0,0,0,0,0,0,0,0,0,0,0,0,0,0,0,4.9664783802472545,8.31434714510729,13.280825525354544
9.58,4.251511305532299e-7,7.348512355148532e-10,0.018744659784325268,4.950735708521982,0,5.351723037788635,0.0000969657066473043,2.939259697140809,0.03859504692563435,0,0.00001629131463138236,0,0,0,0,0,0,0,0,0,0,0,0,0,0,0,0,0,0,0,0,0,0,0,0,0,0,4.969480794192289,8.329691038876357,13.299171833068645
9.585,4.2537302571773116e-7,7.332848049682848e-10,0.018754447711708373,4.953728087329398,0,5.355018313096976,0.00009701635527451445,2.9512200243078532,0.03861540670787083,0,0.000016299824162742034,0,0,0,0,0,0,0,0,0,0,0,0,0,0,0,0,0,0,0,0,0,0,0,0,0,0,4.972482961147416,8.344967060292138,13.317450021439555
9.59,4.255949208822312e-7,7.31719370647377e-10,0.018764235636639415,4.95672021959668,0,5.3583132797022985,0.00009706700388074329,2.9631158336921906,0.03863576637619115,0,0.000016308333690576615,0,0,0,0,0,0,0,0,0,0,0,0,0,0,0,0,0,0,0,0,0,0,0,0,0,0,4.97548488155996,8.360178255108252,13.335663136668213
9.594999999999999,4.2581681604673e-7,7.301550505570346e-10,0.01877402355912222,4.959712105770031,0,5.361607938173738,0.00009711765246602355,2.9749499704285913,0.0386561259307753,0,0.000016316843214891605,0,0,0,0,0,0,0,0,0,0,0,0,0,0,0,0,0,0,0,0,0,0,0,0,0,0,4.978486555876124,8.375327469028786,13.35381402490491
9.6,4.260387112112275e-7,7.285919548949815e-10,0.018783811479160643,4.9627037462945465,0,5.364902289078986,0.00009716830103038808,2.986725097452961,0.03867648537180291,0,0.000016325352735692513,0,0,0,0,0,0,0,0,0,0,0,0,0,0,0,0,0,0,0,0,0,0,0,0,0,0,4.98148798454101,8.390417365557516,13.371905350098526
9.605,4.262606063757238e-7,7.270301867140322e-10,0.01879359939675847,4.965695141614205,0,5.368196332984282,0.00009721894957386952,2.9984437113543176,0.03869684469945319,0,0.000016333862252984837,0,0,0,0,0,0,0,0,0,0,0,0,0,0,0,0,0,0,0,0,0,0,0,0,0,0,4.9844891679986,8.40545044184988,13.38993960984848
9.61,4.2648250154021894e-7,7.254698425131747e-10,0.018803387311919533,4.968686292171883,0,5.371490070454422,0.00009726959809650049,3.0101081564960417,0.03871720391390502,0,0.000016342371766774047,0,0,0,0,0,0,0,0,0,0,0,0,0,0,0,0,0,0,0,0,0,0,0,0,0,0,4.987490106691774,8.420429042834233,13.407919149526005
9.615,4.2670439670471266e-7,7.239110127666589e-10,0.018813175224647632,4.971677198409357,0,5.3747835020527726,0.00009732024659831352,3.021720637631879,0.03873756301533687,0,0.00001635088127706561,0,0,0,0,0,0,0,0,0,0,0,0,0,0,0,0,0,0,0,0,0,0,0,0,0,0,4.990490801062313,8.435355373827864,13.425846174890177
9.620000000000001,4.2692629186920516e-7,7.223537823989121e-10,0.01882296313494656,4.9746678607672985,0,5.3780766283412635,0.00009737089507934117,3.0332832312081965,0.03875792200392684,0,0.000016359390783865005,0,0,0,0,0,0,0,0,0,0,0,0,0,0,0,0,0,0,0,0,0,0,0,0,0,0,4.99349125155089,8.45023151183925,13.443722763390141
9.625,4.2714818703369645e-7,7.207982312119267e-10,0.018832751042820096,4.9776582796852935,0,5.3813694498803955,0.00009742154353961576,3.044797895515927,0.038778280879852654,0,0.00001636790028717765,0,0,0,0,0,0,0,0,0,0,0,0,0,0,0,0,0,0,0,0,0,0,0,0,0,0,4.996491458597099,8.465059415720003,13.461550874317101
9.629999999999999,4.2737008219818647e-7,7.192444342708644e-10,0.018842538948272033,4.980648455601828,0,5.3846619672292455,0.00009747219197916972,3.056266479832181,0.03879863964329168,0,0.000016376409787009,0,0,0,0,0,0,0,0,0,0,0,0,0,0,0,0,0,0,0,0,0,0,0,0,0,0,4.9994914226394265,8.479840935306484,13.47933235794591
9.635,4.2759197736267527e-7,7.17692462252782e-10,0.018852326851306143,4.983638388954305,0,5.387954180945485,0.00009752284039803533,3.067690732671643,0.038818998294420905,0,0.000016384919283364483,0,0,0,0,0,0,0,0,0,0,0,0,0,0,0,0,0,0,0,0,0,0,0,0,0,0,5.002491144115281,8.494577819671232,13.497068963786512
9.64,4.2781387252716285e-7,7.16142381762737e-10,0.018862114751926173,4.986628080179043,0,5.3912460915853515,0.00009757348879624478,3.079071899101473,0.03883935683341693,0,0.000016393428776249495,0,0,0,0,0,0,0,0,0,0,0,0,0,0,0,0,0,0,0,0,0,0,0,0,0,0,5.005490623460984,8.509271314437814,13.514761937898799
9.645,4.2803576769164905e-7,7.145942556209359e-10,0.0188719026501359,4.989617529711275,0,5.39453769970369,0.00009762413717383018,3.090411170528093,0.038859715260456,0,0.000016401938265669448,0,0,0,0,0,0,0,0,0,0,0,0,0,0,0,0,0,0,0,0,0,0,0,0,0,0,5.008489861111773,8.523922611567679,13.532412472679452
9.65,4.282576628561341e-7,7.130481431241446e-10,0.01888169054593906,4.992606737985161,0,5.397829005853934,0.0000976747855308237,3.1017108433026155,0.038880073575713964,0,0.000016410447751629722,0,0,0,0,0,0,0,0,0,0,0,0,0,0,0,0,0,0,0,0,0,0,0,0,0,0,5.011488857501812,8.538534007965547,13.550022865467358
9.655000000000001,4.284795580206179e-7,7.115041002841301e-10,0.0188914784393394,4.995595705433788,0,5.40112001058812,0.00009772543386725731,3.1129723544172876,0.038900431779366355,0,0.000016418957234135715,0,0,0,0,0,0,0,0,0,0,0,0,0,0,0,0,0,0,0,0,0,0,0,0,0,0,5.0144876130641896,8.553106941175875,13.567594554240063
9.66,4.2870145318510057e-7,7.099621800455772e-10,0.01890126633034065,4.998584432489165,0,5.404410714456887,0.00009777608218316298,3.1241970715279743,0.03892078987158828,0,0.00001642746671319278,0,0,0,0,0,0,0,0,0,0,0,0,0,0,0,0,0,0,0,0,0,0,0,0,0,0,5.017486128230921,8.567642779405345,13.585128907636266
9.665,4.28923348349582e-7,7.084224324856076e-10,0.018911054218946528,5.00157291958224,0,5.4077011180094825,0.00009782673047857254,3.135386297618051,0.038941147852554495,0,0.000016435976188806274,0,0,0,0,0,0,0,0,0,0,0,0,0,0,0,0,0,0,0,0,0,0,0,0,0,0,5.020484403432958,8.582142826186756,13.602627229619713
9.67,4.291452435140621e-7,7.06884904996793e-10,0.01892084210516077,5.004561167142896,0,5.410991221793773,0.00009787737875351791,3.146541275267864,0.03896150572243945,0,0.000016444485660981554,0,0,0,0,0,0,0,0,0,0,0,0,0,0,0,0,0,0,0,0,0,0,0,0,0,0,5.023482439100185,8.59660832464849,13.620090763748674
9.675,4.293671386785412e-7,7.053496424553035e-10,0.018930629988987074,5.007549175599957,0,5.414281026356239,0.00009792802700803077,3.1576631905696857,0.03898186348141713,0,0.00001645299512972395,0,0,0,0,0,0,0,0,0,0,0,0,0,0,0,0,0,0,0,0,0,0,0,0,0,0,5.026480235661433,8.61104046142948,13.637520697090913
9.68,4.2958903384301876e-7,7.038166873756488e-10,0.01894041787042913,5.010536945381182,0,5.417570532241984,0.00009797867524214276,3.1687531767235733,0.039002221129661195,0,0.00001646150459503877,0,0,0,0,0,0,0,0,0,0,0,0,0,0,0,0,0,0,0,0,0,0,0,0,0,0,5.029477793544462,8.625440370275056,13.654918163819518
9.684999999999999,4.298109290074951e-7,7.022860800533184e-10,0.018950205749490648,5.013524476913286,0,5.42085973999474,0.00009802932345588556,3.1798123173453257,0.03902257866734498,0,0.000016470014056931342,0,0,0,0,0,0,0,0,0,0,0,0,0,0,0,0,0,0,0,0,0,0,0,0,0,0,5.032475113175992,8.639809135344924,13.672284248520917
9.69,4.3003282417197047e-7,7.007578586964569e-10,0.018959993626175318,5.01651177062193,0,5.424148650156879,0.00009807997164929078,3.190841649514167,0.03904293609464144,0,0.00001647852351540697,0,0,0,0,0,0,0,0,0,0,0,0,0,0,0,0,0,0,0,0,0,0,0,0,0,0,5.035472194981688,8.654147794260853,13.68961998924254
9.695,4.3025471933644445e-7,6.992320595476052e-10,0.01896978150048681,5.019498826931726,0,5.427437263269391,0.00009813061982238981,3.2018421665847807,0.03906329341172311,0,0.000016487032970470937,0,0,0,0,0,0,0,0,0,0,0,0,0,0,0,0,0,0,0,0,0,0,0,0,0,0,5.038469039386165,8.668457340918687,13.706926380304852
9.7,4.3047661450091726e-7,6.977087169964073e-10,0.018979569372428794,5.022485646266242,0,5.430725579871923,0.00009818126797521412,3.2128148207856704,0.03908365061876226,0,0.000016495542422128525,0,0,0,0,0,0,0,0,0,0,0,0,0,0,0,0,0,0,0,0,0,0,0,0,0,0,5.041465646812994,8.682738728086752,13.724204374899745
9.705,4.306985096653888e-7,6.961878636840951e-10,0.018989357242004942,5.025472229048007,0,5.434013600502761,0.00009823191610779511,3.223760525623186,0.039104007715930714,0,0.00001650405187038501,0,0,0,0,0,0,0,0,0,0,0,0,0,0,0,0,0,0,0,0,0,0,0,0,0,0,5.04446201768471,8.696992869809856,13.741454887494566
9.71,4.3092040482985923e-7,6.946695306004964e-10,0.018999145109218907,5.028458575698516,0,5.437301325698838,0.00009828256422016402,3.234680158108849,0.0391243647034,0,0.000016512561315245644,0,0,0,0,0,0,0,0,0,0,0,0,0,0,0,0,0,0,0,0,0,0,0,0,0,0,5.047458152422809,8.711220643636624,13.758678796059433
9.715,4.311422999943285e-7,6.931537471741934e-10,0.01900893297407433,5.031444686638223,0,5.4405887559957495,0.00009833321231235207,3.2455745608255024,0.039144721581341246,0,0.00001652107075671567,0,0,0,0,0,0,0,0,0,0,0,0,0,0,0,0,0,0,0,0,0,0,0,0,0,0,5.050454051447751,8.725422892685662,13.775876944133413
9.719999999999999,4.3136419515879643e-7,6.916405413564298e-10,0.019018720836574875,5.034430562286557,0,5.443875891927736,0.00009838386038439048,3.2564445438463556,0.039165078349925254,0,0.000016529580194800333,0,0,0,0,0,0,0,0,0,0,0,0,0,0,0,0,0,0,0,0,0,0,0,0,0,0,5.053449715178968,8.739600427564596,13.793050142743564
9.725,4.3158609032326305e-7,6.901299396992954e-10,0.019028508696724147,5.037416203061916,0,5.4471627340277164,0.0000984345084363103,3.2672908865194814,0.03918543500932244,0,0.000016538089629504847,0,0,0,0,0,0,0,0,0,0,0,0,0,0,0,0,0,0,0,0,0,0,0,0,0,0,5.056445144034861,8.753754028154587,13.810199172189447
9.73,4.3180798548772877e-7,6.886219674286606e-10,0.019038296554525797,5.040401609381678,0,5.450449282827266,0.00009848515646814269,3.278115436378968,0.03920579155970292,0,0.000016546599060834447,0,0,0,0,0,0,0,0,0,0,0,0,0,0,0,0,0,0,0,0,0,0,0,0,0,0,5.059440338432811,8.767885542521467,13.827325880954279
9.735,4.32029880652193e-7,6.871166485122835e-10,0.019048084409983422,5.043386781662193,0,5.45373553885663,0.00009853580447991841,3.2889188824388813,0.03922614800123637,0,0.00001655510848879431,0,0,0,0,0,0,0,0,0,0,0,0,0,0,0,0,0,0,0,0,0,0,0,0,0,0,5.062435298789174,8.781995660209716,13.84443095899889
9.74,4.322517758166562e-7,6.856140057234858e-10,0.019057872263100656,5.0463717203188,0,5.457021502644738,0.00009858645247166857,3.2997008132905306,0.03924650433409218,0,0.000016563617913389652,0,0,0,0,0,0,0,0,0,0,0,0,0,0,0,0,0,0,0,0,0,0,0,0,0,0,5.065430025519291,8.796083970339746,13.861513995859037
9.745000000000001,4.324736709811181e-7,6.84114060700751e-10,0.019067660113881085,5.049356425765821,0,5.460307174719194,0.00009863710044342393,3.3104618593188535,0.03926686055843938,0,0.000016572127334625652,0,0,0,0,0,0,0,0,0,0,0,0,0,0,0,0,0,0,0,0,0,0,0,0,0,0,5.068424519037488,8.810151103824266,13.878575622861753
9.75,4.326955661455789e-7,6.826168340035488e-10,0.019077447962328315,5.052340898416567,0,5.463592555606283,0.00009868774839521528,3.321202626903435,0.03928721667444661,0,0.00001658063675250747,0,0,0,0,0,0,0,0,0,0,0,0,0,0,0,0,0,0,0,0,0,0,0,0,0,0,5.071418779757078,8.824197667569312,13.89561644732639
9.754999999999999,4.329174613100383e-7,6.811223451646893e-10,0.01908723580844593,5.055325138683337,0,5.466877645830984,0.00009873839632707331,3.331923699601275,0.03930757268228221,0,0.000016589146167040273,0,0,0,0,0,0,0,0,0,0,0,0,0,0,0,0,0,0,0,0,0,0,0,0,0,0,5.074412808090366,8.838224245657035,13.9126370537474
9.76,4.331393564744967e-7,6.796306127394698e-10,0.019097023652237522,5.058309146977433,0,5.470162445916968,0.00009878904423902877,3.342625639254739,0.03932792858211416,0,0.000016597655578229226,0,0,0,0,0,0,0,0,0,0,0,0,0,0,0,0,0,0,0,0,0,0,0,0,0,0,5.077406604448658,8.85223140045364,13.929638004902298
9.765,4.333612516389539e-7,6.781416543518464e-10,0.019106811493706653,5.06129292370915,0,5.473446956386599,0.0000988396921311122,3.3533089870304553,0.039348284374110046,0,0.000016606164986079452,0,0,0,0,0,0,0,0,0,0,0,0,0,0,0,0,0,0,0,0,0,0,0,0,0,0,5.08040016924225,8.866219673648281,13.94661984289053
9.77,4.335831468034099e-7,6.766554867378541e-10,0.019116599332856903,5.064276469287781,0,5.476731177760944,0.00009889034000335415,3.3639742643943347,0.03936864005843717,0,0.00001661467439059609,0,0,0,0,0,0,0,0,0,0,0,0,0,0,0,0,0,0,0,0,0,0,0,0,0,0,5.08339350288044,8.88018958722811,13.96358309010855
9.775,4.338050419678647e-7,6.751721257864728e-10,0.019126387169691818,5.067259784121629,0,5.480015110559777,0.00009894098785578506,3.3746219740274586,0.039388995635262436,0,0.000016623183791784255,0,0,0,0,0,0,0,0,0,0,0,0,0,0,0,0,0,0,0,0,0,0,0,0,0,0,5.086386605771535,8.894141644394146,13.980528250165682
9.780000000000001,4.3402693713231833e-7,6.736915865781295e-10,0.019136175004214964,5.070242868618004,0,5.483298755301578,0.00009899163568843535,3.385252600687087,0.039409351104752424,0,0.000016631693189649054,0,0,0,0,0,0,0,0,0,0,0,0,0,0,0,0,0,0,0,0,0,0,0,0,0,0,5.089379478322847,8.908076330422295,13.997455808745142
9.785,4.3424883229677066e-7,6.722138834209973e-10,0.019145962836429876,5.07322572318322,0,5.486582112503541,0.00009904228350133538,3.3958666120168797,0.039429706467073375,0,0.000016640202584195594,0,0,0,0,0,0,0,0,0,0,0,0,0,0,0,0,0,0,0,0,0,0,0,0,0,0,5.092372120940696,8.92199411347358,14.014366234414275
9.79,4.3447072746122176e-7,6.707390298852409e-10,0.019155750666340093,5.076208348222614,0,5.489865182681575,0.00009909293129451539,3.406464459309801,0.03945006172239118,0,0.000016648711975428948,0,0,0,0,0,0,0,0,0,0,0,0,0,0,0,0,0,0,0,0,0,0,0,0,0,0,5.095364534030421,8.935895445357037,14.031259979387457
9.795,4.3469262262567197e-7,6.692670388353582e-10,0.01916553849394916,5.079190744140538,0,5.493147966350322,0.00009914357906800571,3.4170465782271537,0.0394704168708714,0,0.000016657221363354218,0,0,0,0,0,0,0,0,0,0,0,0,0,0,0,0,0,0,0,0,0,0,0,0,0,0,5.098356717996377,8.949780762248777,14.048137480245153
9.8,4.349145177901208e-7,6.677979224607548e-10,0.019175326319260586,5.082172911340355,0,5.496430464023135,0.00009919422682183639,3.4276133894766843,0.03949077191267922,0,0.00001666573074797645,0,0,0,0,0,0,0,0,0,0,0,0,0,0,0,0,0,0,0,0,0,0,0,0,0,0,5.101348673241931,8.963650485370069,14.064999158612
9.805,4.3513641295456836e-7,6.663316923046454e-10,0.01918511414227789,5.085154850224462,0,5.499712676212105,0.00009924487455603755,3.4381652994526863,0.03951112684797949,0,0.000016674240129300707,0,0,0,0,0,0,0,0,0,0,0,0,0,0,0,0,0,0,0,0,0,0,0,0,0,0,5.104340400169485,8.977505021627456,14.081845421796942
9.809999999999999,4.3535830811901486e-7,6.648683592914107e-10,0.01919490196300458,5.088136561194275,0,5.502994603428054,0.00009929552227063926,3.4487027008405544,0.039531481676936785,0,0.000016682749507332037,0,0,0,0,0,0,0,0,0,0,0,0,0,0,0,0,0,0,0,0,0,0,0,0,0,0,5.107331899180456,8.991344764217324,14.098676663397779
9.815,4.355802032834602e-7,6.634079337525174e-10,0.019204689781444167,5.0911180446502415,0,5.506276246180544,0.00009934616996567148,3.459225973188259,0.03955183639971525,0,0.000016691258882075472,0,0,0,0,0,0,0,0,0,0,0,0,0,0,0,0,0,0,0,0,0,0,0,0,0,0,5.110323170675296,9.005170093197366,14.115493263872661
9.82,4.3580209844790426e-7,6.619504254510746e-10,0.01921447759760014,5.094099300991841,0,5.509557604977878,0.00009939681764116412,3.4697340976726507,0.03957219101647872,0,0.000016699768253536044,0,0,0,0,0,0,0,0,0,0,0,0,0,0,0,0,0,0,0,0,0,0,0,0,0,0,5.1133142150534905,9.018979990252902,14.132294205306392
9.825,4.360239936123473e-7,6.604958436051271e-10,0.01922426541147599,5.097080330617587,0,5.512838680327102,0.00009944746529714703,3.480227461578556,0.03959254552739074,0,0.000016708277621718766,0,0,0,0,0,0,0,0,0,0,0,0,0,0,0,0,0,0,0,0,0,0,0,0,0,0,5.116305032713552,9.032774843175968,14.14907987588952
9.83,4.362458887767891e-7,6.590441969097594e-10,0.0192340532230752,5.100061133925037,0,5.516119472734018,0.00009949811293365008,3.490707818037733,0.03961289993261446,0,0.00001671678698662865,0,0,0,0,0,0,0,0,0,0,0,0,0,0,0,0,0,0,0,0,0,0,0,0,0,0,5.119295624053044,9.046556405604285,14.16585202965733
9.835,4.3646778394122984e-7,6.57595493558093e-10,0.019243841032401232,5.103041711310773,0,5.519399982703174,0.00009954876055070288,3.501175550825331,0.039633254232312724,0,0.00001672529634827068,0,0,0,0,0,0,0,0,0,0,0,0,0,0,0,0,0,0,0,0,0,0,0,0,0,0,5.122285989468554,9.060325061817718,14.182611051286273
9.84,4.366896791056693e-7,6.561497412612334e-10,0.019253628839457557,5.106022063170439,0,5.522680210737881,0.00009959940814833512,3.511631033638659,0.039653608426648,0,0.000016733805706649846,0,0,0,0,0,0,0,0,0,0,0,0,0,0,0,0,0,0,0,0,0,0,0,0,0,0,5.125276129355726,9.074081186017043,14.199357315372769
9.844999999999999,4.369115742701075e-7,6.547069472672331e-10,0.019263416644247643,5.109002189898718,0,5.525960157340213,0.00009965005572657648,3.522074630509149,0.03967396251578248,0,0.000016742315061771123,0,0,0,0,0,0,0,0,0,0,0,0,0,0,0,0,0,0,0,0,0,0,0,0,0,0,5.128266044109247,9.087825142735934,14.21609118684518
9.85,4.3713346943454467e-7,6.532671183791454e-10,0.019273204446774942,5.111982091889347,0,5.529239823011003,0.00009970070328545651,3.5325066961935527,0.039694316499878014,0,0.000016750824413639478,0,0,0,0,0,0,0,0,0,0,0,0,0,0,0,0,0,0,0,0,0,0,0,0,0,0,5.131255734122859,9.101557287232133,14.232813021354993
9.855,4.373553645989807e-7,6.518302609721967e-10,0.019282992247042892,5.114961769535106,0,5.532519208249863,0.00009975135082500464,3.542927576545593,0.03971467037909606,0,0.000016759333762259865,0,0,0,0,0,0,0,0,0,0,0,0,0,0,0,0,0,0,0,0,0,0,0,0,0,0,5.134245199789344,9.115277965859141,14.249523165648485
9.86,4.3757725976341554e-7,6.50396381010155e-10,0.01929278004505494,5.117941223227845,0,5.535798313555172,0.00009980199834525034,3.5533376088692865,0.039735024153597816,0,0.000016767843107637233,0,0,0,0,0,0,0,0,0,0,0,0,0,0,0,0,0,0,0,0,0,0,0,0,0,0,5.137234441500556,9.128987516419508,14.266221957920065
9.865,4.377991549278491e-7,6.489654840609168e-10,0.019302567840814508,5.120920453358457,0,5.539077139424085,0.000099852645846223,3.5637371222550605,0.03975537782354411,0,0.000016776352449776507,0,0,0,0,0,0,0,0,0,0,0,0,0,0,0,0,0,0,0,0,0,0,0,0,0,0,5.140223459647392,9.142686268500986,14.282909728148379
9.870000000000001,4.3802105009228175e-7,6.475375753113848e-10,0.019312355634325033,5.123899460316912,0,5.542355686352545,0.00009990329332795189,3.574126437899617,0.03977573138909546,0,0.000016784861788682622,0,0,0,0,0,0,0,0,0,0,0,0,0,0,0,0,0,0,0,0,0,0,0,0,0,0,5.143212254619825,9.156374543796375,14.2995867984162
9.875,4.38242945256713e-7,6.461126595816502e-10,0.019322143425589914,5.1268782444922305,0,5.545633954835269,0.00009995394079046625,3.58450586941047,0.039796084850412,0,0.00001679337112436048,0,0,0,0,0,0,0,0,0,0,0,0,0,0,0,0,0,0,0,0,0,0,0,0,0,0,5.146200826806878,9.170052656408066,14.316253483214943
9.879999999999999,4.3846484042114325e-7,6.44690741338533e-10,0.019331931214612578,5.12985680627251,0,5.548911945365776,0.00010000458823379532,3.5948757230962287,0.03981643820765361,0,0.000016801880456814993,0,0,0,0,0,0,0,0,0,0,0,0,0,0,0,0,0,0,0,0,0,0,0,0,0,0,5.1491891765966535,9.18372091313835,14.332910089735003
9.885,4.386867355855723e-7,6.432718247085197e-10,0.01934171900139643,5.132835146044917,0,5.552189658436371,0.00010005523565796825,3.605236298243161,0.03983679146097983,0,0.00001681038978605107,0,0,0,0,0,0,0,0,0,0,0,0,0,0,0,0,0,0,0,0,0,0,0,0,0,0,5.15217730437632,9.197379613765955,14.349556918142275
9.89,4.389086307500002e-7,6.418559134901149e-10,0.01935150678594486,5.135813264195686,0,5.555467094538155,0.00010010588306301406,3.615587887379037,0.03985714461054983,0,0.000016818899112073572,0,0,0,0,0,0,0,0,0,0,0,0,0,0,0,0,0,0,0,0,0,0,0,0,0,0,5.155165210532118,9.211029051309916,14.366194261842034
9.895,4.3913052591442706e-7,6.404430111656638e-10,0.019361294568261255,5.138791161110133,0,5.558744254161032,0.00010015653044896181,3.625930776524885,0.03987749765652249,0,0.000016827408434887386,0,0,0,0,0,0,0,0,0,0,0,0,0,0,0,0,0,0,0,0,0,0,0,0,0,0,5.158152895449363,9.224669512281322,14.382822407730686
9.9,4.393524210788526e-7,6.39033120912638e-10,0.019371082348349007,5.141768837172647,0,5.562021137793706,0.00010020717781584039,3.636265245435322,0.039897850599056324,0,0.00001683591775449738,0,0,0,0,0,0,0,0,0,0,0,0,0,0,0,0,0,0,0,0,0,0,0,0,0,0,5.16114035951245,9.238301276923655,14.399441636436105
9.905000000000001,4.3957431624327707e-7,6.376262456144617e-10,0.019380870126211494,5.144746292766707,0,5.565297745923692,0.0001002578251636788,3.6465915678281093,0.0399182034383096,0,0.000016844427070908402,0,0,0,0,0,0,0,0,0,0,0,0,0,0,0,0,0,0,0,0,0,0,0,0,0,0,5.164127603104862,9.251924619442345,14.416052222547208
9.91,4.3979621140770033e-7,6.362223878708497e-10,0.019390657901852067,5.147723528274867,0,5.568574079037317,0.00010030847249250583,3.65691083434894,0.03993855617444017,0,0.0000168529363841253,0,0,0,0,0,0,0,0,0,0,0,0,0,0,0,0,0,0,0,0,0,0,0,0,0,0,5.167114626609152,9.265540630969575,14.432655257578727
9.915,4.4001810657212253e-7,6.348215500077275e-10,0.019400445675274113,5.150700544078774,0,5.571850137619723,0.00010035911980235023,3.667224105203979,0.03995890880760565,0,0.000016861445694152913,0,0,0,0,0,0,0,0,0,0,0,0,0,0,0,0,0,0,0,0,0,0,0,0,0,0,5.170101430406977,9.279150372196804,14.449251802603781
9.92,4.402400017365436e-7,6.334237340867248e-10,0.019410233446480976,5.153677340559165,0,5.575125922154871,0.00010040976709324078,3.677529974063306,0.03997926133796324,0,0.000016869955000996063,0,0,0,0,0,0,0,0,0,0,0,0,0,0,0,0,0,0,0,0,0,0,0,0,0,0,5.173088014879072,9.292752437278233,14.465840452157305
9.925,4.4046189690096355e-7,6.320289419142846e-10,0.019420021215476004,5.1566539180958655,0,5.57840143312554,0.00010046041436520611,3.6878286475938986,0.039999613765669934,0,0.000016878464304659573,0,0,0,0,0,0,0,0,0,0,0,0,0,0,0,0,0,0,0,0,0,0,0,0,0,0,5.176074380405267,9.306347033363778,14.482421413769046
9.93,4.4068379206538225e-7,6.306371750503892e-10,0.01942980898226255,5.159630277067805,0,5.581676671013345,0.00010051106161827483,3.6981203269166465,0.040019966090882285,0,0.000016886973605148238,0,0,0,0,0,0,0,0,0,0,0,0,0,0,0,0,0,0,0,0,0,0,0,0,0,0,5.179060527364497,9.319934362056097,14.498994889420594
9.934999999999999,4.409056872297999e-7,6.292484348169396e-10,0.01943959674684393,5.162606417853003,0,5.584951636298726,0.00010056170885247553,3.7084052077828047,0.04004031831375664,0,0.000016895482902466868,0,0,0,0,0,0,0,0,0,0,0,0,0,0,0,0,0,0,0,0,0,0,0,0,0,0,5.182046456134783,9.333514619587042,14.515561075721825
9.94,4.411275823942164e-7,6.278627223057939e-10,0.0194493845092235,5.165582340828579,0,5.588226329460953,0.00010061235606783668,3.7186834807430413,0.04006067043444892,0,0.00001690399219662024,0,0,0,0,0,0,0,0,0,0,0,0,0,0,0,0,0,0,0,0,0,0,0,0,0,0,5.185032167093248,9.347087996986707,14.532120164079956
9.945,4.413494775586319e-7,6.264800383864845e-10,0.019459172269404565,5.168558046370769,0,5.591500750978141,0.00010066300326438671,3.7289553313094412,0.040081022453114824,0,0.000016912501487613145,0,0,0,0,0,0,0,0,0,0,0,0,0,0,0,0,0,0,0,0,0,0,0,0,0,0,5.188017660616131,9.36065468024545,14.54867234086158
9.95,4.4157137272304596e-7,6.251003837136339e-10,0.01946896002739043,5.171533534854901,0,5.594774901327237,0.00010071365044215398,3.739220940110844,0.04010137436990965,0,0.00001692101077545033,0,0,0,0,0,0,0,0,0,0,0,0,0,0,0,0,0,0,0,0,0,0,0,0,0,0,5.191002937078765,9.374214850469208,14.565217787547972
9.955,4.417932678874592e-7,6.237237587340765e-10,0.01947874778318443,5.174508806655421,0,5.598048780984044,0.00010076429760116685,3.749480483041786,0.040121726184988465,0,0.000016929520060136567,0,0,0,0,0,0,0,0,0,0,0,0,0,0,0,0,0,0,0,0,0,0,0,0,0,0,5.193987996855597,9.38776868402848,14.581756680884077
9.96,4.4201516305187125e-7,6.223501636937062e-10,0.019488535536789864,5.177483862145882,0,5.6013223904232055,0.00010081494474145361,3.759734131405419,0.040142077898505955,0,0.000016938029341676613,0,0,0,0,0,0,0,0,0,0,0,0,0,0,0,0,0,0,0,0,0,0,0,0,0,0,5.196972840320186,9.401316352701214,14.5982891930214
9.965,4.422370582162821e-7,6.209795986440627e-10,0.019498323288210006,5.180458701698958,0,5.604595730118218,0.00010086559186304239,3.7699820520506964,0.04016242951061652,0,0.000016946538620075194,0,0,0,0,0,0,0,0,0,0,0,0,0,0,0,0,0,0,0,0,0,0,0,0,0,0,5.1999574678452065,9.414858023810014,14.614815491655222
9.969999999999999,4.4245895338069183e-7,6.196120634486589e-10,0.01950811103744816,5.1834333256864324,0,5.607868800541433,0.00010091623896596135,3.780224407504041,0.04018278102147423,0,0.000016955047895337032,0,0,0,0,0,0,0,0,0,0,0,0,0,0,0,0,0,0,0,0,0,0,0,0,0,0,5.202941879802446,9.42839386035381,14.631335740156256
9.975,4.426808485451006e-7,6.182475577890825e-10,0.019517898784507617,5.1864077344792205,0,5.611141602164068,0.00010096688605023872,3.7904613560959133,0.040203132431232864,0,0.000016963557167466878,0,0,0,0,0,0,0,0,0,0,0,0,0,0,0,0,0,0,0,0,0,0,0,0,0,0,5.205926076562824,9.441924021134431,14.647850097697255
9.98,4.42902743709508e-7,6.168860811708595e-10,0.019527686529391637,5.189381928447345,0,5.614414135456189,0.00010101753311590237,3.800693052082282,0.040223483740045876,0,0.000016972066436469413,0,0,0,0,0,0,0,0,0,0,0,0,0,0,0,0,0,0,0,0,0,0,0,0,0,0,5.208910058496366,9.45544866087807,14.664358719374436
9.985,4.431246388739145e-7,6.155276329290995e-10,0.01953747427210349,5.192355907959966,0,5.617686400886742,0.00010106818016298033,3.8109196457614853,0.0402438349480664,0,0.00001698057570234935,0,0,0,0,0,0,0,0,0,0,0,0,0,0,0,0,0,0,0,0,0,0,0,0,0,0,5.211893825972235,9.46896793035216,14.680861756324397
9.99,4.433465340383197e-7,6.141722122339418e-10,0.01954726201264645,5.195329673385366,0,5.6209583989235385,0.00010111882719150059,3.8211412835865657,0.04026418605544727,0,0.00001698908496511138,0,0,0,0,0,0,0,0,0,0,0,0,0,0,0,0,0,0,0,0,0,0,0,0,0,0,5.214877379358719,9.48248197647771,14.69735935583643
9.995000000000001,4.435684292027239e-7,6.128198180957935e-10,0.019557049751023774,5.198303225090965,0,5.6242301300332604,0.00010116947420149096,3.8313581082732675,0.040284537062341044,0,0.000016997594224760187,0,0,0,0,0,0,0,0,0,0,0,0,0,0,0,0,0,0,0,0,0,0,0,0,0,0,5.217860719023237,9.495990942437295,14.713851661460533
10,4.4379032436712715e-7,6.114704493703868e-10,0.0195668374872387,5.2012765634433045,0,5.627501594681468,0.00010122012119297929,3.8415702589040306,0.0403048879688999,0,0.000017006103481300443,0,0,0,0,0,0,0,0,0,0,0,0,0,0,0,0,0,0,0,0,0,0,0,0,0,0,5.220843845332338,9.509494967779073,14.73033881311141
