# FONLL heavy-flavor meson grid
# columns: pT y dsigma/dpT/dy
# units: GeV 1 pb/GeV
# collision: pp
# ebeam1_GeV: 7000
# ebeam2_GeV: 7000
# sqrt_s_GeV: 14000
# quark: charm
# final_state: meson
# final_state_detail: D0 with public FONLL D* feeddown convention
# heavy_quark_mass_GeV: 1.5
# scale: muR=muF=sqrt(m^2+pT^2), ffact=1, fren=1
# pdf: NNPDF40_nlo_as_01180
# lhapdf_id: 331700
# perturbative_order: FONLL
# fragmentation_function: BCFY pseudoscalar plus calibrated D* feeddown; public FONLL D0 convention
# fragmentation_mode: 5
# fragmentation_r: 0.1
# charm_feeddown_model: collinear two-body D* -> D0 feeddown, calibrated to public FONLL CTEQ6.6 D0
# charm_feeddown_vector_to_direct_weight: 1.21525336412
# charm_feeddown_branching_sum: 1.677
# charm_feeddown_cteq66_reference: public FONLL v1.3.2 CTEQ6.6, queried 2026-05-29
# charm_feeddown_cteq66_fit_max_abs_rel_diff: 1.940977e-03
# fragmentation_frame: y=0
# fragmentation_fraction: 1
# meson_mass: irrelevant in this phase space (ifrframe=1; xmh enters only the szmin guard, inactive for pT<=50 GeV, |y|<=3); on-shell mass applied at sampling time
# internal_quark_grid: /Volumes/sandbox/projects/aaaPHYSICSaaa/NNPDF40/fonll-local/run/nlo_charm/nl_c_.out
# output_pT_values_GeV: 0..50 step 0.50505051
# output_y_values: -3..3 step 0.060606061
# note_pT0: pT=0 rows are set to 0; fragmfonll evaluates differential points for pT>0
# trapezoid_integral_pb_y-3to3_pt0to50: 2.722259395878e+09
# pT y dsigma/dpT/dy
0 -3 0.000000000000e+00
0 -2.9393939 0.000000000000e+00
0 -2.8787879 0.000000000000e+00
0 -2.8181818 0.000000000000e+00
0 -2.7575758 0.000000000000e+00
0 -2.6969697 0.000000000000e+00
0 -2.6363636 0.000000000000e+00
0 -2.5757576 0.000000000000e+00
0 -2.5151515 0.000000000000e+00
0 -2.4545455 0.000000000000e+00
0 -2.3939394 0.000000000000e+00
0 -2.3333333 0.000000000000e+00
0 -2.2727273 0.000000000000e+00
0 -2.2121212 0.000000000000e+00
0 -2.1515152 0.000000000000e+00
0 -2.0909091 0.000000000000e+00
0 -2.030303 0.000000000000e+00
0 -1.969697 0.000000000000e+00
0 -1.9090909 0.000000000000e+00
0 -1.8484848 0.000000000000e+00
0 -1.7878788 0.000000000000e+00
0 -1.7272727 0.000000000000e+00
0 -1.6666667 0.000000000000e+00
0 -1.6060606 0.000000000000e+00
0 -1.5454545 0.000000000000e+00
0 -1.4848485 0.000000000000e+00
0 -1.4242424 0.000000000000e+00
0 -1.3636364 0.000000000000e+00
0 -1.3030303 0.000000000000e+00
0 -1.2424242 0.000000000000e+00
0 -1.1818182 0.000000000000e+00
0 -1.1212121 0.000000000000e+00
0 -1.0606061 0.000000000000e+00
0 -1 0.000000000000e+00
0 -0.93939394 0.000000000000e+00
0 -0.87878788 0.000000000000e+00
0 -0.81818182 0.000000000000e+00
0 -0.75757576 0.000000000000e+00
0 -0.6969697 0.000000000000e+00
0 -0.63636364 0.000000000000e+00
0 -0.57575758 0.000000000000e+00
0 -0.51515152 0.000000000000e+00
0 -0.45454545 0.000000000000e+00
0 -0.39393939 0.000000000000e+00
0 -0.33333333 0.000000000000e+00
0 -0.27272727 0.000000000000e+00
0 -0.21212121 0.000000000000e+00
0 -0.15151515 0.000000000000e+00
0 -0.090909091 0.000000000000e+00
0 -0.03030303 0.000000000000e+00
0 0.03030303 0.000000000000e+00
0 0.090909091 0.000000000000e+00
0 0.15151515 0.000000000000e+00
0 0.21212121 0.000000000000e+00
0 0.27272727 0.000000000000e+00
0 0.33333333 0.000000000000e+00
0 0.39393939 0.000000000000e+00
0 0.45454545 0.000000000000e+00
0 0.51515152 0.000000000000e+00
0 0.57575758 0.000000000000e+00
0 0.63636364 0.000000000000e+00
0 0.6969697 0.000000000000e+00
0 0.75757576 0.000000000000e+00
0 0.81818182 0.000000000000e+00
0 0.87878788 0.000000000000e+00
0 0.93939394 0.000000000000e+00
0 1 0.000000000000e+00
0 1.0606061 0.000000000000e+00
0 1.1212121 0.000000000000e+00
0 1.1818182 0.000000000000e+00
0 1.2424242 0.000000000000e+00
0 1.3030303 0.000000000000e+00
0 1.3636364 0.000000000000e+00
0 1.4242424 0.000000000000e+00
0 1.4848485 0.000000000000e+00
0 1.5454545 0.000000000000e+00
0 1.6060606 0.000000000000e+00
0 1.6666667 0.000000000000e+00
0 1.7272727 0.000000000000e+00
0 1.7878788 0.000000000000e+00
0 1.8484848 0.000000000000e+00
0 1.9090909 0.000000000000e+00
0 1.969697 0.000000000000e+00
0 2.030303 0.000000000000e+00
0 2.0909091 0.000000000000e+00
0 2.1515152 0.000000000000e+00
0 2.2121212 0.000000000000e+00
0 2.2727273 0.000000000000e+00
0 2.3333333 0.000000000000e+00
0 2.3939394 0.000000000000e+00
0 2.4545455 0.000000000000e+00
0 2.5151515 0.000000000000e+00
0 2.5757576 0.000000000000e+00
0 2.6363636 0.000000000000e+00
0 2.6969697 0.000000000000e+00
0 2.7575758 0.000000000000e+00
0 2.8181818 0.000000000000e+00
0 2.8787879 0.000000000000e+00
0 2.9393939 0.000000000000e+00
0 3 0.000000000000e+00
0.50505051 -3 2.209474654877e+07
0.50505051 -2.9393939 2.240076272692e+07
0.50505051 -2.8787879 2.251094539619e+07
0.50505051 -2.8181818 2.285754328476e+07
0.50505051 -2.7575758 2.302742931258e+07
0.50505051 -2.6969697 2.322406727729e+07
0.50505051 -2.6363636 2.346258049514e+07
0.50505051 -2.5757576 2.362586994613e+07
0.50505051 -2.5151515 2.388539363525e+07
0.50505051 -2.4545455 2.404570202332e+07
0.50505051 -2.3939394 2.419375757841e+07
0.50505051 -2.3333333 2.435974260951e+07
0.50505051 -2.2727273 2.450983958041e+07
0.50505051 -2.2121212 2.465149615647e+07
0.50505051 -2.1515152 2.476322330642e+07
0.50505051 -2.0909091 2.488695136463e+07
0.50505051 -2.030303 2.500023184989e+07
0.50505051 -1.969697 2.510945682522e+07
0.50505051 -1.9090909 2.519207967143e+07
0.50505051 -1.8484848 2.526935144047e+07
0.50505051 -1.7878788 2.534867866592e+07
0.50505051 -1.7272727 2.541252130024e+07
0.50505051 -1.6666667 2.546625556424e+07
0.50505051 -1.6060606 2.551338077872e+07
0.50505051 -1.5454545 2.555748036127e+07
0.50505051 -1.4848485 2.558893015977e+07
0.50505051 -1.4242424 2.562271444773e+07
0.50505051 -1.3636364 2.564774016781e+07
0.50505051 -1.3030303 2.566873612611e+07
0.50505051 -1.2424242 2.568897975408e+07
0.50505051 -1.1818182 2.570375494440e+07
0.50505051 -1.1212121 2.571823230088e+07
0.50505051 -1.0606061 2.573216546843e+07
0.50505051 -1 2.574729547984e+07
0.50505051 -0.93939394 2.576559913531e+07
0.50505051 -0.87878788 2.578777924255e+07
0.50505051 -0.81818182 2.582063522342e+07
0.50505051 -0.75757576 2.586530291267e+07
0.50505051 -0.6969697 2.602219530597e+07
0.50505051 -0.63636364 2.611994384910e+07
0.50505051 -0.57575758 2.621340698360e+07
0.50505051 -0.51515152 2.622642417143e+07
0.50505051 -0.45454545 2.622500173668e+07
0.50505051 -0.39393939 2.622962066217e+07
0.50505051 -0.33333333 2.623874733765e+07
0.50505051 -0.27272727 2.624693732757e+07
0.50505051 -0.21212121 2.625655686764e+07
0.50505051 -0.15151515 2.626291031472e+07
0.50505051 -0.090909091 2.626869903683e+07
0.50505051 -0.03030303 2.627115155396e+07
0.50505051 0.03030303 2.627099106504e+07
0.50505051 0.090909091 2.626759944348e+07
0.50505051 0.15151515 2.626091786954e+07
0.50505051 0.21212121 2.625370258635e+07
0.50505051 0.27272727 2.624334374516e+07
0.50505051 0.33333333 2.623455475630e+07
0.50505051 0.39393939 2.622555780356e+07
0.50505051 0.45454545 2.622038880322e+07
0.50505051 0.51515152 2.622211808446e+07
0.50505051 0.57575758 2.620828385671e+07
0.50505051 0.63636364 2.611540628467e+07
0.50505051 0.6969697 2.601754988104e+07
0.50505051 0.75757576 2.586121249766e+07
0.50505051 0.81818182 2.581686752694e+07
0.50505051 0.87878788 2.578374253403e+07
0.50505051 0.93939394 2.576118605841e+07
0.50505051 1 2.574358352234e+07
0.50505051 1.0606061 2.572855585243e+07
0.50505051 1.1212121 2.571381259356e+07
0.50505051 1.1818182 2.570010561752e+07
0.50505051 1.2424242 2.568474418721e+07
0.50505051 1.3030303 2.566638154935e+07
0.50505051 1.3636364 2.564582190295e+07
0.50505051 1.4242424 2.561950705216e+07
0.50505051 1.4848485 2.558943417152e+07
0.50505051 1.5454545 2.555553048289e+07
0.50505051 1.6060606 2.550956147793e+07
0.50505051 1.6666667 2.546142786120e+07
0.50505051 1.7272727 2.540812165995e+07
0.50505051 1.7878788 2.534352270296e+07
0.50505051 1.8484848 2.527001758628e+07
0.50505051 1.9090909 2.519097120579e+07
0.50505051 1.969697 2.510523140391e+07
0.50505051 2.030303 2.500286518000e+07
0.50505051 2.0909091 2.489316056187e+07
0.50505051 2.1515152 2.477677136281e+07
0.50505051 2.2121212 2.465142178063e+07
0.50505051 2.2727273 2.450457614142e+07
0.50505051 2.3333333 2.435174026684e+07
0.50505051 2.3939394 2.419278512318e+07
0.50505051 2.4545455 2.402369096546e+07
0.50505051 2.5151515 2.384150520551e+07
0.50505051 2.5757576 2.364353384893e+07
0.50505051 2.6363636 2.343698810552e+07
0.50505051 2.6969697 2.322465765405e+07
0.50505051 2.7575758 2.300558558779e+07
0.50505051 2.8181818 2.277037570113e+07
0.50505051 2.8787879 2.252231535453e+07
0.50505051 2.9393939 2.226972998653e+07
0.50505051 3 2.201020241090e+07
1.010101 -3 9.120147870939e+07
1.010101 -2.9393939 9.191875112486e+07
1.010101 -2.8787879 9.277289574081e+07
1.010101 -2.8181818 9.315106011308e+07
1.010101 -2.7575758 9.361826282476e+07
1.010101 -2.6969697 9.422735387199e+07
1.010101 -2.6363636 9.461874044804e+07
1.010101 -2.5757576 9.501166248266e+07
1.010101 -2.5151515 9.549910144320e+07
1.010101 -2.4545455 9.584544815650e+07
1.010101 -2.3939394 9.615156126893e+07
1.010101 -2.3333333 9.647498338595e+07
1.010101 -2.2727273 9.681494120555e+07
1.010101 -2.2121212 9.710768974214e+07
1.010101 -2.1515152 9.728013484989e+07
1.010101 -2.0909091 9.754537846988e+07
1.010101 -2.030303 9.774676544316e+07
1.010101 -1.969697 9.789477466180e+07
1.010101 -1.9090909 9.804942684936e+07
1.010101 -1.8484848 9.817916400324e+07
1.010101 -1.7878788 9.828216019377e+07
1.010101 -1.7272727 9.838107255513e+07
1.010101 -1.6666667 9.844469706535e+07
1.010101 -1.6060606 9.849331880104e+07
1.010101 -1.5454545 9.852786713598e+07
1.010101 -1.4848485 9.854823754180e+07
1.010101 -1.4242424 9.855473059812e+07
1.010101 -1.3636364 9.855093199918e+07
1.010101 -1.3030303 9.854358489288e+07
1.010101 -1.2424242 9.851942477586e+07
1.010101 -1.1818182 9.848600906348e+07
1.010101 -1.1212121 9.845018964235e+07
1.010101 -1.0606061 9.840511428817e+07
1.010101 -1 9.835871160369e+07
1.010101 -0.93939394 9.830800391283e+07
1.010101 -0.87878788 9.825803418154e+07
1.010101 -0.81818182 9.820700011667e+07
1.010101 -0.75757576 9.815728297705e+07
1.010101 -0.6969697 9.811217849502e+07
1.010101 -0.63636364 9.806664011176e+07
1.010101 -0.57575758 9.802429651705e+07
1.010101 -0.51515152 9.798089984431e+07
1.010101 -0.45454545 9.793945807810e+07
1.010101 -0.39393939 9.790218599581e+07
1.010101 -0.33333333 9.786888594492e+07
1.010101 -0.27272727 9.784336797815e+07
1.010101 -0.21212121 9.781897148235e+07
1.010101 -0.15151515 9.780005999543e+07
1.010101 -0.090909091 9.778630584040e+07
1.010101 -0.03030303 9.777205576454e+07
1.010101 0.03030303 9.777229271863e+07
1.010101 0.090909091 9.777660295798e+07
1.010101 0.15151515 9.778736754681e+07
1.010101 0.21212121 9.780228340247e+07
1.010101 0.27272727 9.782192173120e+07
1.010101 0.33333333 9.784783989530e+07
1.010101 0.39393939 9.787863478397e+07
1.010101 0.45454545 9.791710437593e+07
1.010101 0.51515152 9.795693882708e+07
1.010101 0.57575758 9.799738114157e+07
1.010101 0.63636364 9.804339472677e+07
1.010101 0.6969697 9.808663436329e+07
1.010101 0.75757576 9.813489840807e+07
1.010101 0.81818182 9.818570545594e+07
1.010101 0.87878788 9.823254499122e+07
1.010101 0.93939394 9.828241655872e+07
1.010101 1 9.833121288430e+07
1.010101 1.0606061 9.837759549815e+07
1.010101 1.1212121 9.841119912793e+07
1.010101 1.1818182 9.844918809196e+07
1.010101 1.2424242 9.848535438482e+07
1.010101 1.3030303 9.851137637627e+07
1.010101 1.3636364 9.852690852470e+07
1.010101 1.4242424 9.853082632572e+07
1.010101 1.4848485 9.852285859222e+07
1.010101 1.5454545 9.850314557446e+07
1.010101 1.6060606 9.846774377553e+07
1.010101 1.6666667 9.841709953191e+07
1.010101 1.7272727 9.835022386191e+07
1.010101 1.7878788 9.826549270261e+07
1.010101 1.8484848 9.816137182666e+07
1.010101 1.9090909 9.803632543409e+07
1.010101 1.969697 9.788943349102e+07
1.010101 2.030303 9.771958265736e+07
1.010101 2.0909091 9.752512029692e+07
1.010101 2.1515152 9.730550164207e+07
1.010101 2.2121212 9.705990912188e+07
1.010101 2.2727273 9.678741940452e+07
1.010101 2.3333333 9.648816322290e+07
1.010101 2.3939394 9.616088545585e+07
1.010101 2.4545455 9.580520402187e+07
1.010101 2.5151515 9.542048553760e+07
1.010101 2.5757576 9.500518731020e+07
1.010101 2.6363636 9.455954256170e+07
1.010101 2.6969697 9.408402937631e+07
1.010101 2.7575758 9.357748773851e+07
1.010101 2.8181818 9.304010840809e+07
1.010101 2.8787879 9.247085539265e+07
1.010101 2.9393939 9.187094235535e+07
1.010101 3 9.123880968780e+07
1.5151515 -3 1.330798441898e+08
1.5151515 -2.9393939 1.345152660824e+08
1.5151515 -2.8787879 1.357946789300e+08
1.5151515 -2.8181818 1.369112251235e+08
1.5151515 -2.7575758 1.380821149934e+08
1.5151515 -2.6969697 1.392022836116e+08
1.5151515 -2.6363636 1.401693595263e+08
1.5151515 -2.5757576 1.412629334958e+08
1.5151515 -2.5151515 1.421996955443e+08
1.5151515 -2.4545455 1.431229206188e+08
1.5151515 -2.3939394 1.440358432169e+08
1.5151515 -2.3333333 1.448920231890e+08
1.5151515 -2.2727273 1.456593017012e+08
1.5151515 -2.2121212 1.464276410604e+08
1.5151515 -2.1515152 1.471533346264e+08
1.5151515 -2.0909091 1.478391101426e+08
1.5151515 -2.030303 1.484829352873e+08
1.5151515 -1.969697 1.490933905179e+08
1.5151515 -1.9090909 1.496637690952e+08
1.5151515 -1.8484848 1.501957469029e+08
1.5151515 -1.7878788 1.507009681180e+08
1.5151515 -1.7272727 1.511772244293e+08
1.5151515 -1.6666667 1.516141735610e+08
1.5151515 -1.6060606 1.520213644272e+08
1.5151515 -1.5454545 1.523896511288e+08
1.5151515 -1.4848485 1.527370837763e+08
1.5151515 -1.4242424 1.530539253224e+08
1.5151515 -1.3636364 1.533480799344e+08
1.5151515 -1.3030303 1.536151126797e+08
1.5151515 -1.2424242 1.538587525665e+08
1.5151515 -1.1818182 1.540800726616e+08
1.5151515 -1.1212121 1.542815471672e+08
1.5151515 -1.0606061 1.544620293816e+08
1.5151515 -1 1.546274314350e+08
1.5151515 -0.93939394 1.547779375061e+08
1.5151515 -0.87878788 1.549140267074e+08
1.5151515 -0.81818182 1.550370331985e+08
1.5151515 -0.75757576 1.551484718045e+08
1.5151515 -0.6969697 1.552476188010e+08
1.5151515 -0.63636364 1.553342612251e+08
1.5151515 -0.57575758 1.554114870010e+08
1.5151515 -0.51515152 1.554772119783e+08
1.5151515 -0.45454545 1.555314331028e+08
1.5151515 -0.39393939 1.555761848771e+08
1.5151515 -0.33333333 1.556130278598e+08
1.5151515 -0.27272727 1.556452891697e+08
1.5151515 -0.21212121 1.556626420240e+08
1.5151515 -0.15151515 1.556764582097e+08
1.5151515 -0.090909091 1.556827211308e+08
1.5151515 -0.03030303 1.556852085773e+08
1.5151515 0.03030303 1.556805253505e+08
1.5151515 0.090909091 1.556737569779e+08
1.5151515 0.15151515 1.556548248733e+08
1.5151515 0.21212121 1.556313651087e+08
1.5151515 0.27272727 1.556032108732e+08
1.5151515 0.33333333 1.555665278054e+08
1.5151515 0.39393939 1.555214204808e+08
1.5151515 0.45454545 1.554681969341e+08
1.5151515 0.51515152 1.554103967541e+08
1.5151515 0.57575758 1.553307165497e+08
1.5151515 0.63636364 1.552545533447e+08
1.5151515 0.6969697 1.551612598570e+08
1.5151515 0.75757576 1.550687935181e+08
1.5151515 0.81818182 1.549615262191e+08
1.5151515 0.87878788 1.548429279716e+08
1.5151515 0.93939394 1.547083957085e+08
1.5151515 1 1.545591555982e+08
1.5151515 1.0606061 1.543955988811e+08
1.5151515 1.1212121 1.542143342053e+08
1.5151515 1.1818182 1.540153033812e+08
1.5151515 1.2424242 1.537932778955e+08
1.5151515 1.3030303 1.535492421382e+08
1.5151515 1.3636364 1.532817881607e+08
1.5151515 1.4242424 1.529886354330e+08
1.5151515 1.4848485 1.526701610965e+08
1.5151515 1.5454545 1.523251354863e+08
1.5151515 1.6060606 1.519513489398e+08
1.5151515 1.6666667 1.515474189990e+08
1.5151515 1.7272727 1.511132612532e+08
1.5151515 1.7878788 1.506475647133e+08
1.5151515 1.8484848 1.501486440621e+08
1.5151515 1.9090909 1.496147451565e+08
1.5151515 1.969697 1.490450969511e+08
1.5151515 2.030303 1.484390356959e+08
1.5151515 2.0909091 1.477965420477e+08
1.5151515 2.1515152 1.471158879959e+08
1.5151515 2.2121212 1.463957894115e+08
1.5151515 2.2727273 1.456355770903e+08
1.5151515 2.3333333 1.448344013282e+08
1.5151515 2.3939394 1.439917822905e+08
1.5151515 2.4545455 1.431068725300e+08
1.5151515 2.5151515 1.421795795498e+08
1.5151515 2.5757576 1.412085261566e+08
1.5151515 2.6363636 1.401945069732e+08
1.5151515 2.6969697 1.391365882438e+08
1.5151515 2.7575758 1.380361756137e+08
1.5151515 2.8181818 1.368926001628e+08
1.5151515 2.8787879 1.357051096927e+08
1.5151515 2.9393939 1.344749811448e+08
1.5151515 3 1.332015036119e+08
2.020202 -3 1.253777651391e+08
2.020202 -2.9393939 1.269063475152e+08
2.020202 -2.8787879 1.283924497080e+08
2.020202 -2.8181818 1.297513019712e+08
2.020202 -2.7575758 1.311970360599e+08
2.020202 -2.6969697 1.325809108240e+08
2.020202 -2.6363636 1.339385225201e+08
2.020202 -2.5757576 1.351448663904e+08
2.020202 -2.5151515 1.363967782541e+08
2.020202 -2.4545455 1.375954326473e+08
2.020202 -2.3939394 1.387475308035e+08
2.020202 -2.3333333 1.398834695692e+08
2.020202 -2.2727273 1.409639656208e+08
2.020202 -2.2121212 1.420231329094e+08
2.020202 -2.1515152 1.430288126372e+08
2.020202 -2.0909091 1.440026209504e+08
2.020202 -2.030303 1.449346899002e+08
2.020202 -1.969697 1.458275308807e+08
2.020202 -1.9090909 1.466803052060e+08
2.020202 -1.8484848 1.475023850261e+08
2.020202 -1.7878788 1.482870272832e+08
2.020202 -1.7272727 1.490337991066e+08
2.020202 -1.6666667 1.497409337566e+08
2.020202 -1.6060606 1.504140171622e+08
2.020202 -1.5454545 1.510505336486e+08
2.020202 -1.4848485 1.516567250401e+08
2.020202 -1.4242424 1.522277729656e+08
2.020202 -1.3636364 1.527647222537e+08
2.020202 -1.3030303 1.532727397442e+08
2.020202 -1.2424242 1.537520398829e+08
2.020202 -1.1818182 1.541963037074e+08
2.020202 -1.1212121 1.546143897794e+08
2.020202 -1.0606061 1.550043931569e+08
2.020202 -1 1.553685813319e+08
2.020202 -0.93939394 1.557072791132e+08
2.020202 -0.87878788 1.560233527804e+08
2.020202 -0.81818182 1.563169340957e+08
2.020202 -0.75757576 1.565858676483e+08
2.020202 -0.6969697 1.568310796748e+08
2.020202 -0.63636364 1.570510956356e+08
2.020202 -0.57575758 1.572521815994e+08
2.020202 -0.51515152 1.574292573636e+08
2.020202 -0.45454545 1.575833778073e+08
2.020202 -0.39393939 1.577137751180e+08
2.020202 -0.33333333 1.578222364090e+08
2.020202 -0.27272727 1.579123267643e+08
2.020202 -0.21212121 1.579841368714e+08
2.020202 -0.15151515 1.580393526420e+08
2.020202 -0.090909091 1.580752636576e+08
2.020202 -0.03030303 1.580893971147e+08
2.020202 0.03030303 1.580852833721e+08
2.020202 0.090909091 1.580569001290e+08
2.020202 0.15151515 1.580092333831e+08
2.020202 0.21212121 1.579418214554e+08
2.020202 0.27272727 1.578552163459e+08
2.020202 0.33333333 1.577429577508e+08
2.020202 0.39393939 1.576149356480e+08
2.020202 0.45454545 1.574740081789e+08
2.020202 0.51515152 1.573133988182e+08
2.020202 0.57575758 1.571365353265e+08
2.020202 0.63636364 1.569397478496e+08
2.020202 0.6969697 1.567200565804e+08
2.020202 0.75757576 1.564778761948e+08
2.020202 0.81818182 1.562118808792e+08
2.020202 0.87878788 1.559216957753e+08
2.020202 0.93939394 1.556065829951e+08
2.020202 1 1.552689642914e+08
2.020202 1.0606061 1.549066721106e+08
2.020202 1.1212121 1.545203716198e+08
2.020202 1.1818182 1.541069009253e+08
2.020202 1.2424242 1.536622329598e+08
2.020202 1.3030303 1.531863513268e+08
2.020202 1.3636364 1.526786194326e+08
2.020202 1.4242424 1.521377489392e+08
2.020202 1.4848485 1.515645972395e+08
2.020202 1.5454545 1.509594338609e+08
2.020202 1.6060606 1.503210568645e+08
2.020202 1.6666667 1.496489694119e+08
2.020202 1.7272727 1.489434767194e+08
2.020202 1.7878788 1.482023559375e+08
2.020202 1.8484848 1.474250451204e+08
2.020202 1.9090909 1.466108762251e+08
2.020202 1.969697 1.457590335009e+08
2.020202 2.030303 1.448694229105e+08
2.020202 2.0909091 1.439407918803e+08
2.020202 2.1515152 1.429725297234e+08
2.020202 2.2121212 1.419650115306e+08
2.020202 2.2727273 1.409172694900e+08
2.020202 2.3333333 1.398298671995e+08
2.020202 2.3939394 1.387030741500e+08
2.020202 2.4545455 1.375365075845e+08
2.020202 2.5151515 1.363305131888e+08
2.020202 2.5757576 1.350846741440e+08
2.020202 2.6363636 1.337996066579e+08
2.020202 2.6969697 1.324751160477e+08
2.020202 2.7575758 1.311125134645e+08
2.020202 2.8181818 1.297109867287e+08
2.020202 2.8787879 1.282723471359e+08
2.020202 2.9393939 1.267956265894e+08
2.020202 3 1.252815743237e+08
2.5252525 -3 9.856036015251e+07
2.5252525 -2.9393939 9.993291738436e+07
2.5252525 -2.8787879 1.013275423207e+08
2.5252525 -2.8181818 1.026493544159e+08
2.5252525 -2.7575758 1.039485036631e+08
2.5252525 -2.6969697 1.052435614712e+08
2.5252525 -2.6363636 1.064961432697e+08
2.5252525 -2.5757576 1.077101790610e+08
2.5252525 -2.5151515 1.089024042416e+08
2.5252525 -2.4545455 1.100585346039e+08
2.5252525 -2.3939394 1.111681395622e+08
2.5252525 -2.3333333 1.122759016564e+08
2.5252525 -2.2727273 1.133392982839e+08
2.5252525 -2.2121212 1.143828244683e+08
2.5252525 -2.1515152 1.153853304928e+08
2.5252525 -2.0909091 1.163541429004e+08
2.5252525 -2.030303 1.172942671882e+08
2.5252525 -1.969697 1.181998027132e+08
2.5252525 -1.9090909 1.190781710633e+08
2.5252525 -1.8484848 1.199248308577e+08
2.5252525 -1.7878788 1.207360237956e+08
2.5252525 -1.7272727 1.215157575277e+08
2.5252525 -1.6666667 1.222638174024e+08
2.5252525 -1.6060606 1.229773548750e+08
2.5252525 -1.5454545 1.236616488939e+08
2.5252525 -1.4848485 1.243146998471e+08
2.5252525 -1.4242424 1.249367886444e+08
2.5252525 -1.3636364 1.255279782840e+08
2.5252525 -1.3030303 1.260887715845e+08
2.5252525 -1.2424242 1.266209796140e+08
2.5252525 -1.1818182 1.271241137468e+08
2.5252525 -1.1212121 1.275987942950e+08
2.5252525 -1.0606061 1.280452111564e+08
2.5252525 -1 1.284667284206e+08
2.5252525 -0.93939394 1.288614138072e+08
2.5252525 -0.87878788 1.292309452725e+08
2.5252525 -0.81818182 1.295725889076e+08
2.5252525 -0.75757576 1.298890498893e+08
2.5252525 -0.6969697 1.301772872933e+08
2.5252525 -0.63636364 1.304378479694e+08
2.5252525 -0.57575758 1.306849079322e+08
2.5252525 -0.51515152 1.308961139348e+08
2.5252525 -0.45454545 1.310827643129e+08
2.5252525 -0.39393939 1.312421887025e+08
2.5252525 -0.33333333 1.313795433536e+08
2.5252525 -0.27272727 1.315048190620e+08
2.5252525 -0.21212121 1.315937405806e+08
2.5252525 -0.15151515 1.316580932789e+08
2.5252525 -0.090909091 1.317000745971e+08
2.5252525 -0.03030303 1.317165718607e+08
2.5252525 0.03030303 1.317098713378e+08
2.5252525 0.090909091 1.316751032223e+08
2.5252525 0.15151515 1.316107870809e+08
2.5252525 0.21212121 1.315260323664e+08
2.5252525 0.27272727 1.314240629118e+08
2.5252525 0.33333333 1.313037095291e+08
2.5252525 0.39393939 1.311560925215e+08
2.5252525 0.45454545 1.309863730619e+08
2.5252525 0.51515152 1.307922574411e+08
2.5252525 0.57575758 1.305759570131e+08
2.5252525 0.63636364 1.303368224538e+08
2.5252525 0.6969697 1.300721862371e+08
2.5252525 0.75757576 1.297812302469e+08
2.5252525 0.81818182 1.294652776041e+08
2.5252525 0.87878788 1.291242426491e+08
2.5252525 0.93939394 1.287573590466e+08
2.5252525 1 1.283667200245e+08
2.5252525 1.0606061 1.279492910132e+08
2.5252525 1.1212121 1.275051259494e+08
2.5252525 1.1818182 1.270329794656e+08
2.5252525 1.2424242 1.265303724709e+08
2.5252525 1.3030303 1.259965210745e+08
2.5252525 1.3636364 1.254331550931e+08
2.5252525 1.4242424 1.248401174272e+08
2.5252525 1.4848485 1.242165809611e+08
2.5252525 1.5454545 1.235631343484e+08
2.5252525 1.6060606 1.228792992870e+08
2.5252525 1.6666667 1.221645146535e+08
2.5252525 1.7272727 1.214200843690e+08
2.5252525 1.7878788 1.206450858188e+08
2.5252525 1.8484848 1.198390167695e+08
2.5252525 1.9090909 1.190008786860e+08
2.5252525 1.969697 1.181303368505e+08
2.5252525 2.030303 1.172273394132e+08
2.5252525 2.0909091 1.162912199822e+08
2.5252525 2.1515152 1.153221672630e+08
2.5252525 2.2121212 1.143202121699e+08
2.5252525 2.2727273 1.132851764785e+08
2.5252525 2.3333333 1.122178588268e+08
2.5252525 2.3939394 1.111188601926e+08
2.5252525 2.4545455 1.099881265834e+08
2.5252525 2.5151515 1.088263284315e+08
2.5252525 2.5757576 1.076331736226e+08
2.5252525 2.6363636 1.064105568102e+08
2.5252525 2.6969697 1.051578293073e+08
2.5252525 2.7575758 1.038776208705e+08
2.5252525 2.8181818 1.025658105848e+08
2.5252525 2.8787879 1.012280516949e+08
2.5252525 2.9393939 9.986034103341e+07
2.5252525 3 9.846671218155e+07
3.030303 -3 7.219264154909e+07
3.030303 -2.9393939 7.330998282920e+07
3.030303 -2.8787879 7.446230125434e+07
3.030303 -2.8181818 7.557132197050e+07
3.030303 -2.7575758 7.664458262046e+07
3.030303 -2.6969697 7.770859254550e+07
3.030303 -2.6363636 7.875329898135e+07
3.030303 -2.5757576 7.977846459316e+07
3.030303 -2.5151515 8.078039859257e+07
3.030303 -2.4545455 8.176057845564e+07
3.030303 -2.3939394 8.271499898371e+07
3.030303 -2.3333333 8.364571913148e+07
3.030303 -2.2727273 8.456117678159e+07
3.030303 -2.2121212 8.544763534735e+07
3.030303 -2.1515152 8.630592219632e+07
3.030303 -2.0909091 8.714154921483e+07
3.030303 -2.030303 8.795433638743e+07
3.030303 -1.969697 8.874054878815e+07
3.030303 -1.9090909 8.950768942070e+07
3.030303 -1.8484848 9.024757231589e+07
3.030303 -1.7878788 9.095981935821e+07
3.030303 -1.7272727 9.164533905903e+07
3.030303 -1.6666667 9.230545665891e+07
3.030303 -1.6060606 9.294223410409e+07
3.030303 -1.5454545 9.355397164496e+07
3.030303 -1.4848485 9.414017120538e+07
3.030303 -1.4242424 9.470066816965e+07
3.030303 -1.3636364 9.523472623846e+07
3.030303 -1.3030303 9.574554615425e+07
3.030303 -1.2424242 9.623195719050e+07
3.030303 -1.1818182 9.669160931756e+07
3.030303 -1.1212121 9.712824551416e+07
3.030303 -1.0606061 9.754014384869e+07
3.030303 -1 9.793069652229e+07
3.030303 -0.93939394 9.829557349990e+07
3.030303 -0.87878788 9.863762881688e+07
3.030303 -0.81818182 9.895537456933e+07
3.030303 -0.75757576 9.924861115746e+07
3.030303 -0.6969697 9.951779823961e+07
3.030303 -0.63636364 9.976479889094e+07
3.030303 -0.57575758 9.999665172092e+07
3.030303 -0.51515152 1.001978958068e+08
3.030303 -0.45454545 1.003716757230e+08
3.030303 -0.39393939 1.005249184279e+08
3.030303 -0.33333333 1.006601678730e+08
3.030303 -0.27272727 1.007719576052e+08
3.030303 -0.21212121 1.008569996308e+08
3.030303 -0.15151515 1.009189683054e+08
3.030303 -0.090909091 1.009570623442e+08
3.030303 -0.03030303 1.009735773031e+08
3.030303 0.03030303 1.009687954148e+08
3.030303 0.090909091 1.009269487301e+08
3.030303 0.15151515 1.008763432848e+08
3.030303 0.21212121 1.008067663123e+08
3.030303 0.27272727 1.007131274122e+08
3.030303 0.33333333 1.005956203466e+08
3.030303 0.39393939 1.004550403134e+08
3.030303 0.45454545 1.002952255071e+08
3.030303 0.51515152 1.001139821943e+08
3.030303 0.57575758 9.990976759438e+07
3.030303 0.63636364 9.968344514936e+07
3.030303 0.6969697 9.943335184721e+07
3.030303 0.75757576 9.915941996942e+07
3.030303 0.81818182 9.886370936725e+07
3.030303 0.87878788 9.854587950338e+07
3.030303 0.93939394 9.820470989207e+07
3.030303 1 9.784076542016e+07
3.030303 1.0606061 9.745259528454e+07
3.030303 1.1212121 9.704062393584e+07
3.030303 1.1818182 9.660504206151e+07
3.030303 1.2424242 9.614528655044e+07
3.030303 1.3030303 9.565964542887e+07
3.030303 1.3636364 9.514870430696e+07
3.030303 1.4242424 9.461253520422e+07
3.030303 1.4848485 9.405162204983e+07
3.030303 1.5454545 9.346608363812e+07
3.030303 1.6060606 9.285582210130e+07
3.030303 1.6666667 9.222060404444e+07
3.030303 1.7272727 9.156075819374e+07
3.030303 1.7878788 9.087627772708e+07
3.030303 1.8484848 9.016692886149e+07
3.030303 1.9090909 8.943221211581e+07
3.030303 1.969697 8.867187928251e+07
3.030303 2.030303 8.788622699503e+07
3.030303 2.0909091 8.707491775862e+07
3.030303 2.1515152 8.623860530984e+07
3.030303 2.2121212 8.537777530548e+07
3.030303 2.2727273 8.449200196168e+07
3.030303 2.3333333 8.358237912455e+07
3.030303 2.3939394 8.264951677933e+07
3.030303 2.4545455 8.169286465339e+07
3.030303 2.5151515 8.071415456956e+07
3.030303 2.5757576 7.971229208356e+07
3.030303 2.6363636 7.869037455941e+07
3.030303 2.6969697 7.764441911215e+07
3.030303 2.7575758 7.657884470279e+07
3.030303 2.8181818 7.549115677439e+07
3.030303 2.8787879 7.438578162327e+07
3.030303 2.9393939 7.325852186043e+07
3.030303 3 7.211745296365e+07
3.5353535 -3 5.158943725291e+07
3.5353535 -2.9393939 5.248667398521e+07
3.5353535 -2.8787879 5.336591727444e+07
3.5353535 -2.8181818 5.423595063568e+07
3.5353535 -2.7575758 5.508491257565e+07
3.5353535 -2.6969697 5.592540302716e+07
3.5353535 -2.6363636 5.675145058941e+07
3.5353535 -2.5757576 5.756077629555e+07
3.5353535 -2.5151515 5.836030749600e+07
3.5353535 -2.4545455 5.913489857002e+07
3.5353535 -2.3939394 5.989791288742e+07
3.5353535 -2.3333333 6.063909707180e+07
3.5353535 -2.2727273 6.136865603150e+07
3.5353535 -2.2121212 6.207974311734e+07
3.5353535 -2.1515152 6.277141636494e+07
3.5353535 -2.0909091 6.344669453001e+07
3.5353535 -2.030303 6.410147568242e+07
3.5353535 -1.969697 6.474161689799e+07
3.5353535 -1.9090909 6.536483842916e+07
3.5353535 -1.8484848 6.596578448212e+07
3.5353535 -1.7878788 6.654651866130e+07
3.5353535 -1.7272727 6.710797175297e+07
3.5353535 -1.6666667 6.764978726524e+07
3.5353535 -1.6060606 6.817404862467e+07
3.5353535 -1.5454545 6.867851043080e+07
3.5353535 -1.4848485 6.916304551989e+07
3.5353535 -1.4242424 6.962688481654e+07
3.5353535 -1.3636364 7.006919372023e+07
3.5353535 -1.3030303 7.049566116936e+07
3.5353535 -1.2424242 7.090213410591e+07
3.5353535 -1.1818182 7.128637276288e+07
3.5353535 -1.1212121 7.165276818997e+07
3.5353535 -1.0606061 7.199793209423e+07
3.5353535 -1 7.232525099575e+07
3.5353535 -0.93939394 7.263157829743e+07
3.5353535 -0.87878788 7.291980062586e+07
3.5353535 -0.81818182 7.318783213742e+07
3.5353535 -0.75757576 7.343681601005e+07
3.5353535 -0.6969697 7.366790331183e+07
3.5353535 -0.63636364 7.387917627485e+07
3.5353535 -0.57575758 7.406824919921e+07
3.5353535 -0.51515152 7.424299919444e+07
3.5353535 -0.45454545 7.439400323932e+07
3.5353535 -0.39393939 7.452373605761e+07
3.5353535 -0.33333333 7.463583423063e+07
3.5353535 -0.27272727 7.473362841617e+07
3.5353535 -0.21212121 7.480729735303e+07
3.5353535 -0.15151515 7.485899642431e+07
3.5353535 -0.090909091 7.489160056088e+07
3.5353535 -0.03030303 7.490739983774e+07
3.5353535 0.03030303 7.490592242450e+07
3.5353535 0.090909091 7.487274346304e+07
3.5353535 0.15151515 7.483193128793e+07
3.5353535 0.21212121 7.477086442883e+07
3.5353535 0.27272727 7.468932015305e+07
3.5353535 0.33333333 7.458887292635e+07
3.5353535 0.39393939 7.446982658223e+07
3.5353535 0.45454545 7.433278556419e+07
3.5353535 0.51515152 7.417817644000e+07
3.5353535 0.57575758 7.400571678800e+07
3.5353535 0.63636364 7.381373513673e+07
3.5353535 0.6969697 7.360063630798e+07
3.5353535 0.75757576 7.336790037776e+07
3.5353535 0.81818182 7.311701779225e+07
3.5353535 0.87878788 7.284712955860e+07
3.5353535 0.93939394 7.255780797991e+07
3.5353535 1 7.224931608287e+07
3.5353535 1.0606061 7.192167940403e+07
3.5353535 1.1212121 7.157506701307e+07
3.5353535 1.1818182 7.120958607439e+07
3.5353535 1.2424242 7.082488319939e+07
3.5353535 1.3030303 7.042016833338e+07
3.5353535 1.3636364 6.999552334632e+07
3.5353535 1.4242424 6.955090193317e+07
3.5353535 1.4848485 6.908677687767e+07
3.5353535 1.5454545 6.860320862914e+07
3.5353535 1.6060606 6.810015536024e+07
3.5353535 1.6666667 6.757793957746e+07
3.5353535 1.7272727 6.703664398751e+07
3.5353535 1.7878788 6.647630927041e+07
3.5353535 1.8484848 6.589658740609e+07
3.5353535 1.9090909 6.529761590983e+07
3.5353535 1.969697 6.467908737424e+07
3.5353535 2.030303 6.404177306609e+07
3.5353535 2.0909091 6.338524724124e+07
3.5353535 2.1515152 6.271029932431e+07
3.5353535 2.2121212 6.201783069805e+07
3.5353535 2.2727273 6.130693856488e+07
3.5353535 2.3333333 6.057866822098e+07
3.5353535 2.3939394 5.983458519739e+07
3.5353535 2.4545455 5.907294422024e+07
3.5353535 2.5151515 5.829687315912e+07
3.5353535 2.5757576 5.750201341696e+07
3.5353535 2.6363636 5.669430056869e+07
3.5353535 2.6969697 5.586773017210e+07
3.5353535 2.7575758 5.503306654646e+07
3.5353535 2.8181818 5.417810373614e+07
3.5353535 2.8787879 5.331733855140e+07
3.5353535 2.9393939 5.243438718063e+07
3.5353535 3 5.154073702346e+07
4.040404 -3 3.666951398282e+07
4.040404 -2.9393939 3.735185098119e+07
4.040404 -2.8787879 3.803008221916e+07
4.040404 -2.8181818 3.869888695543e+07
4.040404 -2.7575758 3.935134737738e+07
4.040404 -2.6969697 3.999817936628e+07
4.040404 -2.6363636 4.063193337659e+07
4.040404 -2.5757576 4.125750564299e+07
4.040404 -2.5151515 4.187308624268e+07
4.040404 -2.4545455 4.247484455076e+07
4.040404 -2.3939394 4.306695399934e+07
4.040404 -2.3333333 4.364375569934e+07
4.040404 -2.2727273 4.420989645301e+07
4.040404 -2.2121212 4.476485733840e+07
4.040404 -2.1515152 4.530574970022e+07
4.040404 -2.0909091 4.583364296808e+07
4.040404 -2.030303 4.634631620905e+07
4.040404 -1.969697 4.684804952745e+07
4.040404 -1.9090909 4.734095240994e+07
4.040404 -1.8484848 4.781309194015e+07
4.040404 -1.7878788 4.827086162038e+07
4.040404 -1.7272727 4.871466857371e+07
4.040404 -1.6666667 4.914426781425e+07
4.040404 -1.6060606 4.955954655875e+07
4.040404 -1.5454545 4.995984981899e+07
4.040404 -1.4848485 5.034521534527e+07
4.040404 -1.4242424 5.071349053001e+07
4.040404 -1.3636364 5.106319772683e+07
4.040404 -1.3030303 5.140519056080e+07
4.040404 -1.2424242 5.173196863413e+07
4.040404 -1.1818182 5.203815512301e+07
4.040404 -1.1212121 5.233303978645e+07
4.040404 -1.0606061 5.260885047144e+07
4.040404 -1 5.287270558910e+07
4.040404 -0.93939394 5.311871355596e+07
4.040404 -0.87878788 5.335197952012e+07
4.040404 -0.81818182 5.356918325163e+07
4.040404 -0.75757576 5.377197681851e+07
4.040404 -0.6969697 5.396037930674e+07
4.040404 -0.63636364 5.412865739896e+07
4.040404 -0.57575758 5.428194256788e+07
4.040404 -0.51515152 5.442112947457e+07
4.040404 -0.45454545 5.454531746392e+07
4.040404 -0.39393939 5.465269708977e+07
4.040404 -0.33333333 5.474238416179e+07
4.040404 -0.27272727 5.481966249314e+07
4.040404 -0.21212121 5.488141458732e+07
4.040404 -0.15151515 5.492437699162e+07
4.040404 -0.090909091 5.495282674004e+07
4.040404 -0.03030303 5.496710361150e+07
4.040404 0.03030303 5.496588514722e+07
4.040404 0.090909091 5.494055884948e+07
4.040404 0.15151515 5.490507057009e+07
4.040404 0.21212121 5.485524276582e+07
4.040404 0.27272727 5.478985345821e+07
4.040404 0.33333333 5.470903727375e+07
4.040404 0.39393939 5.461256068953e+07
4.040404 0.45454545 5.450108568088e+07
4.040404 0.51515152 5.437454162979e+07
4.040404 0.57575758 5.423323569107e+07
4.040404 0.63636364 5.407823559100e+07
4.040404 0.6969697 5.390724792756e+07
4.040404 0.75757576 5.371860216672e+07
4.040404 0.81818182 5.351438663629e+07
4.040404 0.87878788 5.329548166004e+07
4.040404 0.93939394 5.306172287427e+07
4.040404 1 5.281282760649e+07
4.040404 1.0606061 5.254877329507e+07
4.040404 1.1212121 5.226978821782e+07
4.040404 1.1818182 5.197585232968e+07
4.040404 1.2424242 5.166706441161e+07
4.040404 1.3030303 5.134305694642e+07
4.040404 1.3636364 5.100414529530e+07
4.040404 1.4242424 5.065022688077e+07
4.040404 1.4848485 5.028120632362e+07
4.040404 1.5454545 4.989709285483e+07
4.040404 1.6060606 4.949792709459e+07
4.040404 1.6666667 4.908401558390e+07
4.040404 1.7272727 4.865546334886e+07
4.040404 1.7878788 4.821262455000e+07
4.040404 1.8484848 4.775514457848e+07
4.040404 1.9090909 4.728346763370e+07
4.040404 1.969697 4.679710920331e+07
4.040404 2.030303 4.629714621419e+07
4.040404 2.0909091 4.578271882850e+07
4.040404 2.1515152 4.525477034945e+07
4.040404 2.2121212 4.471459756336e+07
4.040404 2.2727273 4.416056615867e+07
4.040404 2.3333333 4.359419079795e+07
4.040404 2.3939394 4.301825329621e+07
4.040404 2.4545455 4.242747022576e+07
4.040404 2.5151515 4.182829735495e+07
4.040404 2.5757576 4.121347013230e+07
4.040404 2.6363636 4.059459905348e+07
4.040404 2.6969697 3.995862593697e+07
4.040404 2.7575758 3.931519823880e+07
4.040404 2.8181818 3.865839215627e+07
4.040404 2.8787879 3.799206648171e+07
4.040404 2.9393939 3.731610416112e+07
4.040404 3 3.663083999765e+07
4.5454545 -3 2.613193643346e+07
4.5454545 -2.9393939 2.664731625507e+07
4.5454545 -2.8787879 2.716331822980e+07
4.5454545 -2.8181818 2.766860925495e+07
4.5454545 -2.7575758 2.816483844947e+07
4.5454545 -2.6969697 2.865863598182e+07
4.5454545 -2.6363636 2.914197534607e+07
4.5454545 -2.5757576 2.961869491603e+07
4.5454545 -2.5151515 3.009020900790e+07
4.5454545 -2.4545455 3.054966691549e+07
4.5454545 -2.3939394 3.100470152970e+07
4.5454545 -2.3333333 3.144802071942e+07
4.5454545 -2.2727273 3.188087149968e+07
4.5454545 -2.2121212 3.230982880595e+07
4.5454545 -2.1515152 3.272938522964e+07
4.5454545 -2.0909091 3.313616647328e+07
4.5454545 -2.030303 3.353218714407e+07
4.5454545 -1.969697 3.391999288111e+07
4.5454545 -1.9090909 3.430076406880e+07
4.5454545 -1.8484848 3.466705326895e+07
4.5454545 -1.7878788 3.502250351686e+07
4.5454545 -1.7272727 3.536770733636e+07
4.5454545 -1.6666667 3.570202346290e+07
4.5454545 -1.6060606 3.602549594712e+07
4.5454545 -1.5454545 3.633751615001e+07
4.5454545 -1.4848485 3.663821685227e+07
4.5454545 -1.4242424 3.692586644144e+07
4.5454545 -1.3636364 3.719974005470e+07
4.5454545 -1.3030303 3.746766786150e+07
4.5454545 -1.2424242 3.772428239622e+07
4.5454545 -1.1818182 3.795975916021e+07
4.5454545 -1.1212121 3.819285831762e+07
4.5454545 -1.0606061 3.840765786598e+07
4.5454545 -1 3.861708335671e+07
4.5454545 -0.93939394 3.880996658901e+07
4.5454545 -0.87878788 3.899562531508e+07
4.5454545 -0.81818182 3.916767006498e+07
4.5454545 -0.75757576 3.932910093699e+07
4.5454545 -0.6969697 3.947575428842e+07
4.5454545 -0.63636364 3.960909257061e+07
4.5454545 -0.57575758 3.973131915659e+07
4.5454545 -0.51515152 3.984078038521e+07
4.5454545 -0.45454545 3.993749988103e+07
4.5454545 -0.39393939 4.002398978179e+07
4.5454545 -0.33333333 4.009603171216e+07
4.5454545 -0.27272727 4.015469823060e+07
4.5454545 -0.21212121 4.020553520466e+07
4.5454545 -0.15151515 4.024218054526e+07
4.5454545 -0.090909091 4.026473699467e+07
4.5454545 -0.03030303 4.027555434117e+07
4.5454545 0.03030303 4.027375850348e+07
4.5454545 0.090909091 4.025764795125e+07
4.5454545 0.15151515 4.022687127349e+07
4.5454545 0.21212121 4.018733619281e+07
4.5454545 0.27272727 4.013557968434e+07
4.5454545 0.33333333 4.007136864065e+07
4.5454545 0.39393939 3.999486859666e+07
4.5454545 0.45454545 3.990652204893e+07
4.5454545 0.51515152 3.980637036713e+07
4.5454545 0.57575758 3.969437050951e+07
4.5454545 0.63636364 3.957014859731e+07
4.5454545 0.6969697 3.943484320298e+07
4.5454545 0.75757576 3.928693238594e+07
4.5454545 0.81818182 3.912492768847e+07
4.5454545 0.87878788 3.895200056767e+07
4.5454545 0.93939394 3.876759255166e+07
4.5454545 1 3.857134176684e+07
4.5454545 1.0606061 3.836315889030e+07
4.5454545 1.1212121 3.814339520418e+07
4.5454545 1.1818182 3.791211638739e+07
4.5454545 1.2424242 3.766944704205e+07
4.5454545 1.3030303 3.741534387470e+07
4.5454545 1.3636364 3.714984371090e+07
4.5454545 1.4242424 3.687303912165e+07
4.5454545 1.4848485 3.658487973310e+07
4.5454545 1.5454545 3.628518086873e+07
4.5454545 1.6060606 3.597406562238e+07
4.5454545 1.6666667 3.565176287883e+07
4.5454545 1.7272727 3.531838123068e+07
4.5454545 1.7878788 3.497442325028e+07
4.5454545 1.8484848 3.461934120623e+07
4.5454545 1.9090909 3.425393373783e+07
4.5454545 1.969697 3.387734623220e+07
4.5454545 2.030303 3.349136439544e+07
4.5454545 2.0909091 3.309420968502e+07
4.5454545 2.1515152 3.268713267404e+07
4.5454545 2.2121212 3.227221639897e+07
4.5454545 2.2727273 3.184632514391e+07
4.5454545 2.3333333 3.141181641002e+07
4.5454545 2.3939394 3.097199774654e+07
4.5454545 2.4545455 3.051907951181e+07
4.5454545 2.5151515 3.006033693283e+07
4.5454545 2.5757576 2.959099893092e+07
4.5454545 2.6363636 2.911437429011e+07
4.5454545 2.6969697 2.862936022550e+07
4.5454545 2.7575758 2.813681570868e+07
4.5454545 2.8181818 2.763711376866e+07
4.5454545 2.8787879 2.713070282681e+07
4.5454545 2.9393939 2.661777087871e+07
4.5454545 3 2.609842010647e+07
5.0505051 -3 1.881229244370e+07
5.0505051 -2.9393939 1.920431928196e+07
5.0505051 -2.8787879 1.959666914046e+07
5.0505051 -2.8181818 1.998100948351e+07
5.0505051 -2.7575758 2.036000361244e+07
5.0505051 -2.6969697 2.073728035524e+07
5.0505051 -2.6363636 2.110627845179e+07
5.0505051 -2.5757576 2.146966104676e+07
5.0505051 -2.5151515 2.183210505174e+07
5.0505051 -2.4545455 2.218390880539e+07
5.0505051 -2.3939394 2.253339419258e+07
5.0505051 -2.3333333 2.287523591235e+07
5.0505051 -2.2727273 2.320916144635e+07
5.0505051 -2.2121212 2.353744272359e+07
5.0505051 -2.1515152 2.385953721026e+07
5.0505051 -2.0909091 2.417357664719e+07
5.0505051 -2.030303 2.447979584487e+07
5.0505051 -1.969697 2.477874253477e+07
5.0505051 -1.9090909 2.506992829437e+07
5.0505051 -1.8484848 2.535339640956e+07
5.0505051 -1.7878788 2.562887836989e+07
5.0505051 -1.7272727 2.589638747815e+07
5.0505051 -1.6666667 2.615565185317e+07
5.0505051 -1.6060606 2.640669636555e+07
5.0505051 -1.5454545 2.664913972187e+07
5.0505051 -1.4848485 2.688301416538e+07
5.0505051 -1.4242424 2.710815096631e+07
5.0505051 -1.3636364 2.732448952156e+07
5.0505051 -1.3030303 2.753224103535e+07
5.0505051 -1.2424242 2.773114149120e+07
5.0505051 -1.1818182 2.791912356436e+07
5.0505051 -1.1212121 2.810072828132e+07
5.0505051 -1.0606061 2.826609309637e+07
5.0505051 -1 2.843148340240e+07
5.0505051 -0.93939394 2.857908322970e+07
5.0505051 -0.87878788 2.872689486599e+07
5.0505051 -0.81818182 2.886211531414e+07
5.0505051 -0.75757576 2.898822411575e+07
5.0505051 -0.6969697 2.910218769579e+07
5.0505051 -0.63636364 2.920815290590e+07
5.0505051 -0.57575758 2.930436022201e+07
5.0505051 -0.51515152 2.939078005637e+07
5.0505051 -0.45454545 2.946682328032e+07
5.0505051 -0.39393939 2.953356051005e+07
5.0505051 -0.33333333 2.959176142652e+07
5.0505051 -0.27272727 2.963859582808e+07
5.0505051 -0.21212121 2.967735492481e+07
5.0505051 -0.15151515 2.970722261002e+07
5.0505051 -0.090909091 2.972542273236e+07
5.0505051 -0.03030303 2.973333362490e+07
5.0505051 0.03030303 2.973206394493e+07
5.0505051 0.090909091 2.972110752748e+07
5.0505051 0.15151515 2.969696652358e+07
5.0505051 0.21212121 2.966526220601e+07
5.0505051 0.27272727 2.962403513214e+07
5.0505051 0.33333333 2.957320642157e+07
5.0505051 0.39393939 2.951300864567e+07
5.0505051 0.45454545 2.944379377062e+07
5.0505051 0.51515152 2.936510178231e+07
5.0505051 0.57575758 2.927674701324e+07
5.0505051 0.63636364 2.917862688433e+07
5.0505051 0.6969697 2.907121965065e+07
5.0505051 0.75757576 2.895563375673e+07
5.0505051 0.81818182 2.882938311874e+07
5.0505051 0.87878788 2.869341037337e+07
5.0505051 0.93939394 2.854875342141e+07
5.0505051 1 2.839488040582e+07
5.0505051 1.0606061 2.823184606677e+07
5.0505051 1.1212121 2.805980917412e+07
5.0505051 1.1818182 2.787894246824e+07
5.0505051 1.2424242 2.768930340558e+07
5.0505051 1.3030303 2.749088225068e+07
5.0505051 1.3636364 2.728375568100e+07
5.0505051 1.4242424 2.706798481658e+07
5.0505051 1.4848485 2.684359325598e+07
5.0505051 1.5454545 2.661034648026e+07
5.0505051 1.6060606 2.636844745596e+07
5.0505051 1.6666667 2.611807199222e+07
5.0505051 1.7272727 2.585938526833e+07
5.0505051 1.7878788 2.559304121807e+07
5.0505051 1.8484848 2.531806750167e+07
5.0505051 1.9090909 2.503590353214e+07
5.0505051 1.969697 2.474485524125e+07
5.0505051 2.030303 2.444796921918e+07
5.0505051 2.0909091 2.414162206546e+07
5.0505051 2.1515152 2.382796894207e+07
5.0505051 2.2121212 2.350964421562e+07
5.0505051 2.2727273 2.318251143578e+07
5.0505051 2.3333333 2.284867936330e+07
5.0505051 2.3939394 2.250852151755e+07
5.0505051 2.4545455 2.216122068757e+07
5.0505051 2.5151515 2.180804790912e+07
5.0505051 2.5757576 2.144894447031e+07
5.0505051 2.6363636 2.108408231668e+07
5.0505051 2.6969697 2.071366784654e+07
5.0505051 2.7575758 2.033795882125e+07
5.0505051 2.8181818 1.995711194794e+07
5.0505051 2.8787879 1.957142372992e+07
5.0505051 2.9393939 1.918117969107e+07
5.0505051 3 1.878640473127e+07
5.5555556 -3 1.371874425849e+07
5.5555556 -2.9393939 1.402013395499e+07
5.5555556 -2.8787879 1.431882536318e+07
5.5555556 -2.8181818 1.461527712938e+07
5.5555556 -2.7575758 1.490557613191e+07
5.5555556 -2.6969697 1.519591327284e+07
5.5555556 -2.6363636 1.547977609844e+07
5.5555556 -2.5757576 1.575927778038e+07
5.5555556 -2.5151515 1.603805385549e+07
5.5555556 -2.4545455 1.631031725173e+07
5.5555556 -2.3939394 1.657847059088e+07
5.5555556 -2.3333333 1.684201964288e+07
5.5555556 -2.2727273 1.710129641022e+07
5.5555556 -2.2121212 1.735478922077e+07
5.5555556 -2.1515152 1.760334108375e+07
5.5555556 -2.0909091 1.784632221063e+07
5.5555556 -2.030303 1.808372723501e+07
5.5555556 -1.969697 1.831534451593e+07
5.5555556 -1.9090909 1.854130871394e+07
5.5555556 -1.8484848 1.876152462123e+07
5.5555556 -1.7878788 1.897578180293e+07
5.5555556 -1.7272727 1.918387323803e+07
5.5555556 -1.6666667 1.938576255637e+07
5.5555556 -1.6060606 1.958147617872e+07
5.5555556 -1.5454545 1.977050467287e+07
5.5555556 -1.4848485 1.995307112059e+07
5.5555556 -1.4242424 2.012883161212e+07
5.5555556 -1.3636364 2.029771343701e+07
5.5555556 -1.3030303 2.045991194562e+07
5.5555556 -1.2424242 2.061526308842e+07
5.5555556 -1.1818182 2.076386255045e+07
5.5555556 -1.1212121 2.090561073958e+07
5.5555556 -1.0606061 2.103983311292e+07
5.5555556 -1 2.116804401902e+07
5.5555556 -0.93939394 2.128443120462e+07
5.5555556 -0.87878788 2.139923333407e+07
5.5555556 -0.81818182 2.150372855439e+07
5.5555556 -0.75757576 2.160167478946e+07
5.5555556 -0.6969697 2.169128722952e+07
5.5555556 -0.63636364 2.177527921755e+07
5.5555556 -0.57575758 2.185119134575e+07
5.5555556 -0.51515152 2.191919034540e+07
5.5555556 -0.45454545 2.197956678863e+07
5.5555556 -0.39393939 2.203227830856e+07
5.5555556 -0.33333333 2.207756300693e+07
5.5555556 -0.27272727 2.211569002949e+07
5.5555556 -0.21212121 2.214507934824e+07
5.5555556 -0.15151515 2.216847988463e+07
5.5555556 -0.090909091 2.218344870752e+07
5.5555556 -0.03030303 2.218975443984e+07
5.5555556 0.03030303 2.218882151346e+07
5.5555556 0.090909091 2.218026475904e+07
5.5555556 0.15151515 2.216299702084e+07
5.5555556 0.21212121 2.213705927721e+07
5.5555556 0.27272727 2.210409482305e+07
5.5555556 0.33333333 2.206390805903e+07
5.5555556 0.39393939 2.201659658379e+07
5.5555556 0.45454545 2.196211980356e+07
5.5555556 0.51515152 2.190007530209e+07
5.5555556 0.57575758 2.183031284052e+07
5.5555556 0.63636364 2.175296554101e+07
5.5555556 0.6969697 2.166843031006e+07
5.5555556 0.75757576 2.157747149405e+07
5.5555556 0.81818182 2.147896506676e+07
5.5555556 0.87878788 2.137184583127e+07
5.5555556 0.93939394 2.125823230724e+07
5.5555556 1 2.113746249463e+07
5.5555556 1.0606061 2.100958942233e+07
5.5555556 1.1212121 2.087477878037e+07
5.5555556 1.1818182 2.073307668707e+07
5.5555556 1.2424242 2.058455743620e+07
5.5555556 1.3030303 2.042922027220e+07
5.5555556 1.3636364 2.026722893645e+07
5.5555556 1.4242424 2.009861837690e+07
5.5555556 1.4848485 1.992351219237e+07
5.5555556 1.5454545 1.974145634647e+07
5.5555556 1.6060606 1.955278871971e+07
5.5555556 1.6666667 1.935761835604e+07
5.5555556 1.7272727 1.915613121806e+07
5.5555556 1.7878788 1.894929522352e+07
5.5555556 1.8484848 1.873544825302e+07
5.5555556 1.9090909 1.851719037520e+07
5.5555556 1.969697 1.829123503415e+07
5.5555556 2.030303 1.806067403747e+07
5.5555556 2.0909091 1.782326826240e+07
5.5555556 2.1515152 1.758047157223e+07
5.5555556 2.2121212 1.733280866858e+07
5.5555556 2.2727273 1.708002398937e+07
5.5555556 2.3333333 1.682174732420e+07
5.5555556 2.3939394 1.655840489765e+07
5.5555556 2.4545455 1.629077912708e+07
5.5555556 2.5151515 1.601868204258e+07
5.5555556 2.5757576 1.574217733449e+07
5.5555556 2.6363636 1.546145320801e+07
5.5555556 2.6969697 1.517659800392e+07
5.5555556 2.7575758 1.488790928354e+07
5.5555556 2.8181818 1.459552542500e+07
5.5555556 2.8787879 1.429963683403e+07
5.5555556 2.9393939 1.400053020832e+07
5.5555556 3 1.369828048523e+07
6.0606061 -3 1.013584588201e+07
6.0606061 -2.9393939 1.036918929515e+07
6.0606061 -2.8787879 1.059892026271e+07
6.0606061 -2.8181818 1.082914476124e+07
6.0606061 -2.7575758 1.105368322990e+07
6.0606061 -2.6969697 1.127773251846e+07
6.0606061 -2.6363636 1.149836506185e+07
6.0606061 -2.5757576 1.171592970406e+07
6.0606061 -2.5151515 1.193098354629e+07
6.0606061 -2.4545455 1.214284095566e+07
6.0606061 -2.3939394 1.235108149834e+07
6.0606061 -2.3333333 1.255593411190e+07
6.0606061 -2.2727273 1.275784945364e+07
6.0606061 -2.2121212 1.295548911070e+07
6.0606061 -2.1515152 1.314888054765e+07
6.0606061 -2.0909091 1.333811705021e+07
6.0606061 -2.030303 1.352333123837e+07
6.0606061 -1.969697 1.370414114402e+07
6.0606061 -1.9090909 1.388072399907e+07
6.0606061 -1.8484848 1.405295137076e+07
6.0606061 -1.7878788 1.422060952399e+07
6.0606061 -1.7272727 1.438348585796e+07
6.0606061 -1.6666667 1.454166999536e+07
6.0606061 -1.6060606 1.469515710652e+07
6.0606061 -1.5454545 1.484333448400e+07
6.0606061 -1.4848485 1.498658746745e+07
6.0606061 -1.4242424 1.512447027756e+07
6.0606061 -1.3636364 1.525701008628e+07
6.0606061 -1.3030303 1.538451676454e+07
6.0606061 -1.2424242 1.550690564258e+07
6.0606061 -1.1818182 1.562395556328e+07
6.0606061 -1.1212121 1.573555415535e+07
6.0606061 -1.0606061 1.584173625456e+07
6.0606061 -1 1.594224163052e+07
6.0606061 -0.93939394 1.603711751474e+07
6.0606061 -0.87878788 1.612642718271e+07
6.0606061 -0.81818182 1.620981451089e+07
6.0606061 -0.75757576 1.628436506626e+07
6.0606061 -0.6969697 1.635438729554e+07
6.0606061 -0.63636364 1.642142234869e+07
6.0606061 -0.57575758 1.648171023481e+07
6.0606061 -0.51515152 1.653551970483e+07
6.0606061 -0.45454545 1.658337881742e+07
6.0606061 -0.39393939 1.662538854685e+07
6.0606061 -0.33333333 1.666101734211e+07
6.0606061 -0.27272727 1.669112203126e+07
6.0606061 -0.21212121 1.671512357128e+07
6.0606061 -0.15151515 1.673224393266e+07
6.0606061 -0.090909091 1.674466325193e+07
6.0606061 -0.03030303 1.675004552766e+07
6.0606061 0.03030303 1.674932144234e+07
6.0606061 0.090909091 1.674247417495e+07
6.0606061 0.15151515 1.672949734702e+07
6.0606061 0.21212121 1.670917413339e+07
6.0606061 0.27272727 1.668265308200e+07
6.0606061 0.33333333 1.665079573397e+07
6.0606061 0.39393939 1.661330016713e+07
6.0606061 0.45454545 1.657012059226e+07
6.0606061 0.51515152 1.652088874538e+07
6.0606061 0.57575758 1.646567175607e+07
6.0606061 0.63636364 1.640467934383e+07
6.0606061 0.6969697 1.633801579068e+07
6.0606061 0.75757576 1.626584940709e+07
6.0606061 0.81818182 1.618840503534e+07
6.0606061 0.87878788 1.610400689591e+07
6.0606061 0.93939394 1.601434058133e+07
6.0606061 1 1.591913791240e+07
6.0606061 1.0606061 1.581838976998e+07
6.0606061 1.1212121 1.571221874935e+07
6.0606061 1.1818182 1.560064155569e+07
6.0606061 1.2424242 1.548374412133e+07
6.0606061 1.3030303 1.536154439602e+07
6.0606061 1.3636364 1.523424029118e+07
6.0606061 1.4242424 1.510184509449e+07
6.0606061 1.4848485 1.496463540428e+07
6.0606061 1.5454545 1.482174530867e+07
6.0606061 1.6060606 1.467377373758e+07
6.0606061 1.6666667 1.452081161201e+07
6.0606061 1.7272727 1.436299759165e+07
6.0606061 1.7878788 1.420162296636e+07
6.0606061 1.8484848 1.403433931998e+07
6.0606061 1.9090909 1.386296370413e+07
6.0606061 1.969697 1.368643513731e+07
6.0606061 2.030303 1.350557285250e+07
6.0606061 2.0909091 1.332038589299e+07
6.0606061 2.1515152 1.313116136439e+07
6.0606061 2.2121212 1.293818968781e+07
6.0606061 2.2727273 1.274106176052e+07
6.0606061 2.3333333 1.253989541822e+07
6.0606061 2.3939394 1.233530201013e+07
6.0606061 2.4545455 1.212726984647e+07
6.0606061 2.5151515 1.191583744380e+07
6.0606061 2.5757576 1.170110469632e+07
6.0606061 2.6363636 1.148328723213e+07
6.0606061 2.6969697 1.126239751012e+07
6.0606061 2.7575758 1.103873142865e+07
6.0606061 2.8181818 1.081239123031e+07
6.0606061 2.8787879 1.058356273247e+07
6.0606061 2.9393939 1.035244282246e+07
6.0606061 3 1.011908865792e+07
6.5656566 -3 7.584356308271e+06
6.5656566 -2.9393939 7.765857797465e+06
6.5656566 -2.8787879 7.945528076089e+06
6.5656566 -2.8181818 8.124014256236e+06
6.5656566 -2.7575758 8.300160825226e+06
6.5656566 -2.6969697 8.474546752593e+06
6.5656566 -2.6363636 8.647332060162e+06
6.5656566 -2.5757576 8.817675799129e+06
6.5656566 -2.5151515 8.985871002843e+06
6.5656566 -2.4545455 9.151850659543e+06
6.5656566 -2.3939394 9.315111575188e+06
6.5656566 -2.3333333 9.475721183715e+06
6.5656566 -2.2727273 9.633806704295e+06
6.5656566 -2.2121212 9.789230594632e+06
6.5656566 -2.1515152 9.941056668660e+06
6.5656566 -2.0909091 1.008962088528e+07
6.5656566 -2.030303 1.023537829333e+07
6.5656566 -1.969697 1.037770237625e+07
6.5656566 -1.9090909 1.051678301911e+07
6.5656566 -1.8484848 1.065248255167e+07
6.5656566 -1.7878788 1.078464981047e+07
6.5656566 -1.7272727 1.091306412114e+07
6.5656566 -1.6666667 1.103782962579e+07
6.5656566 -1.6060606 1.115893690197e+07
6.5656566 -1.5454545 1.127576189786e+07
6.5656566 -1.4848485 1.138887214075e+07
6.5656566 -1.4242424 1.149779726586e+07
6.5656566 -1.3636364 1.160252665056e+07
6.5656566 -1.3030303 1.170357195433e+07
6.5656566 -1.2424242 1.180071891128e+07
6.5656566 -1.1818182 1.189358343594e+07
6.5656566 -1.1212121 1.198196544578e+07
6.5656566 -1.0606061 1.206608351396e+07
6.5656566 -1 1.214572023785e+07
6.5656566 -0.93939394 1.222108084531e+07
6.5656566 -0.87878788 1.229181582939e+07
6.5656566 -0.81818182 1.235860225493e+07
6.5656566 -0.75757576 1.241931250996e+07
6.5656566 -0.6969697 1.247336102808e+07
6.5656566 -0.63636364 1.252612480847e+07
6.5656566 -0.57575758 1.257426951320e+07
6.5656566 -0.51515152 1.261712420549e+07
6.5656566 -0.45454545 1.265522272354e+07
6.5656566 -0.39393939 1.268864893196e+07
6.5656566 -0.33333333 1.271729459459e+07
6.5656566 -0.27272727 1.274105131952e+07
6.5656566 -0.21212121 1.276028476009e+07
6.5656566 -0.15151515 1.277394239067e+07
6.5656566 -0.090909091 1.278338098007e+07
6.5656566 -0.03030303 1.278803105417e+07
6.5656566 0.03030303 1.278749877986e+07
6.5656566 0.090909091 1.278193342611e+07
6.5656566 0.15151515 1.277161797797e+07
6.5656566 0.21212121 1.275627589550e+07
6.5656566 0.27272727 1.273489498952e+07
6.5656566 0.33333333 1.270934336565e+07
6.5656566 0.39393939 1.267939712845e+07
6.5656566 0.45454545 1.264492405703e+07
6.5656566 0.51515152 1.260566860590e+07
6.5656566 0.57575758 1.256181552543e+07
6.5656566 0.63636364 1.251343553256e+07
6.5656566 0.6969697 1.246052170167e+07
6.5656566 0.75757576 1.240310099349e+07
6.5656566 0.81818182 1.234161230858e+07
6.5656566 0.87878788 1.227481066899e+07
6.5656566 0.93939394 1.220354737430e+07
6.5656566 1 1.212803973552e+07
6.5656566 1.0606061 1.204816346278e+07
6.5656566 1.1212121 1.196401215147e+07
6.5656566 1.1818182 1.187558531915e+07
6.5656566 1.2424242 1.178298481943e+07
6.5656566 1.3030303 1.168626940068e+07
6.5656566 1.3636364 1.158566643663e+07
6.5656566 1.4242424 1.148123062393e+07
6.5656566 1.4848485 1.137296314947e+07
6.5656566 1.5454545 1.126011451169e+07
6.5656566 1.6060606 1.114330377641e+07
6.5656566 1.6666667 1.102262335325e+07
6.5656566 1.7272727 1.089816507135e+07
6.5656566 1.7878788 1.077026126286e+07
6.5656566 1.8484848 1.063841311713e+07
6.5656566 1.9090909 1.050294013231e+07
6.5656566 1.969697 1.036395065907e+07
6.5656566 2.030303 1.022159392564e+07
6.5656566 2.0909091 1.007600213072e+07
6.5656566 2.1515152 9.927378659865e+06
6.5656566 2.2121212 9.775742689454e+06
6.5656566 2.2727273 9.620777621926e+06
6.5656566 2.3333333 9.462960875527e+06
6.5656566 2.3939394 9.302500442265e+06
6.5656566 2.4545455 9.139368673242e+06
6.5656566 2.5151515 8.973679894574e+06
6.5656566 2.5757576 8.805493463525e+06
6.5656566 2.6363636 8.635029734067e+06
6.5656566 2.6969697 8.462298529266e+06
6.5656566 2.7575758 8.287562814474e+06
6.5656566 2.8181818 8.110821412837e+06
6.5656566 2.8787879 7.932271104918e+06
6.5656566 2.9393939 7.752057172562e+06
6.5656566 3 7.570232746093e+06
7.0707071 -3 5.743759288618e+06
7.0707071 -2.9393939 5.886353464950e+06
7.0707071 -2.8787879 6.027561054378e+06
7.0707071 -2.8181818 6.167993117466e+06
7.0707071 -2.7575758 6.306951543624e+06
7.0707071 -2.6969697 6.444413349209e+06
7.0707071 -2.6363636 6.580728627915e+06
7.0707071 -2.5757576 6.715156040387e+06
7.0707071 -2.5151515 6.848014043130e+06
7.0707071 -2.4545455 6.979129783297e+06
7.0707071 -2.3939394 7.108216149501e+06
7.0707071 -2.3333333 7.235389038777e+06
7.0707071 -2.2727273 7.360314182113e+06
7.0707071 -2.2121212 7.483247972124e+06
7.0707071 -2.1515152 7.603563719446e+06
7.0707071 -2.0909091 7.721307025680e+06
7.0707071 -2.030303 7.836868858262e+06
7.0707071 -1.969697 7.949831043882e+06
7.0707071 -1.9090909 8.060293137280e+06
7.0707071 -1.8484848 8.168115516662e+06
7.0707071 -1.7878788 8.273117674329e+06
7.0707071 -1.7272727 8.375185703281e+06
7.0707071 -1.6666667 8.474296368501e+06
7.0707071 -1.6060606 8.570454129486e+06
7.0707071 -1.5454545 8.663332247791e+06
7.0707071 -1.4848485 8.753261654348e+06
7.0707071 -1.4242424 8.840015172460e+06
7.0707071 -1.3636364 8.923448981180e+06
7.0707071 -1.3030303 9.004114376786e+06
7.0707071 -1.2424242 9.081692256780e+06
7.0707071 -1.1818182 9.155627631923e+06
7.0707071 -1.1212121 9.226114060757e+06
7.0707071 -1.0606061 9.293379310808e+06
7.0707071 -1 9.356948776771e+06
7.0707071 -0.93939394 9.417015869079e+06
7.0707071 -0.87878788 9.473419218029e+06
7.0707071 -0.81818182 9.526690525041e+06
7.0707071 -0.75757576 9.575668725379e+06
7.0707071 -0.6969697 9.620666847263e+06
7.0707071 -0.63636364 9.661751179777e+06
7.0707071 -0.57575758 9.700096614706e+06
7.0707071 -0.51515152 9.734110528301e+06
7.0707071 -0.45454545 9.764572193968e+06
7.0707071 -0.39393939 9.791277225975e+06
7.0707071 -0.33333333 9.814260596515e+06
7.0707071 -0.27272727 9.833389034466e+06
7.0707071 -0.21212121 9.848621020182e+06
7.0707071 -0.15151515 9.860015045570e+06
7.0707071 -0.090909091 9.867170279465e+06
7.0707071 -0.03030303 9.870807165599e+06
7.0707071 0.03030303 9.870573494279e+06
7.0707071 0.090909091 9.866071474831e+06
7.0707071 0.15151515 9.857808999015e+06
7.0707071 0.21212121 9.845708984975e+06
7.0707071 0.27272727 9.829086217469e+06
7.0707071 0.33333333 9.808251628887e+06
7.0707071 0.39393939 9.784115059828e+06
7.0707071 0.45454545 9.756429913961e+06
7.0707071 0.51515152 9.724990069924e+06
7.0707071 0.57575758 9.689931536781e+06
7.0707071 0.63636364 9.651269042395e+06
7.0707071 0.6969697 9.608965991466e+06
7.0707071 0.75757576 9.563036851386e+06
7.0707071 0.81818182 9.513825659003e+06
7.0707071 0.87878788 9.460576973717e+06
7.0707071 0.93939394 9.403552332694e+06
7.0707071 1 9.343246512912e+06
7.0707071 1.0606061 9.279462770492e+06
7.0707071 1.1212121 9.212289388312e+06
7.0707071 1.1818182 9.141728699755e+06
7.0707071 1.2424242 9.067872757248e+06
7.0707071 1.3030303 8.990829522437e+06
7.0707071 1.3636364 8.910930516938e+06
7.0707071 1.4242424 8.827825837157e+06
7.0707071 1.4848485 8.741294661319e+06
7.0707071 1.5454545 8.651485163077e+06
7.0707071 1.6060606 8.558550853737e+06
7.0707071 1.6666667 8.462567575631e+06
7.0707071 1.7272727 8.363608264129e+06
7.0707071 1.7878788 8.261704725130e+06
7.0707071 1.8484848 8.156942025446e+06
7.0707071 1.9090909 8.049336864369e+06
7.0707071 1.969697 7.939005111828e+06
7.0707071 2.030303 7.826064306301e+06
7.0707071 2.0909091 7.710632730904e+06
7.0707071 2.1515152 7.592871043550e+06
7.0707071 2.2121212 7.472598634213e+06
7.0707071 2.2727273 7.349799888336e+06
7.0707071 2.3333333 7.224991741682e+06
7.0707071 2.3939394 7.098031849736e+06
7.0707071 2.4545455 6.969033896382e+06
7.0707071 2.5151515 6.838098823172e+06
7.0707071 2.5757576 6.705282690086e+06
7.0707071 2.6363636 6.570747310560e+06
7.0707071 2.6969697 6.434491796081e+06
7.0707071 2.7575758 6.296732206045e+06
7.0707071 2.8181818 6.157477847325e+06
7.0707071 2.8787879 6.016881619912e+06
7.0707071 2.9393939 5.875100818637e+06
7.0707071 3 5.732159210310e+06
7.5757576 -3 4.399178262227e+06
7.5757576 -2.9393939 4.512475237820e+06
7.5757576 -2.8787879 4.624600311327e+06
7.5757576 -2.8181818 4.736124558457e+06
7.5757576 -2.7575758 4.846676469428e+06
7.5757576 -2.6969697 4.956051398980e+06
7.5757576 -2.6363636 5.064517038037e+06
7.5757576 -2.5757576 5.171526362718e+06
7.5757576 -2.5151515 5.277485015026e+06
7.5757576 -2.4545455 5.381913624465e+06
7.5757576 -2.3939394 5.484781916977e+06
7.5757576 -2.3333333 5.586218244449e+06
7.5757576 -2.2727273 5.685857080920e+06
7.5757576 -2.2121212 5.783830375634e+06
7.5757576 -2.1515152 5.880047070662e+06
7.5757576 -2.0909091 5.974139243893e+06
7.5757576 -2.030303 6.066312190876e+06
7.5757576 -1.969697 6.156719448035e+06
7.5757576 -1.9090909 6.245159569741e+06
7.5757576 -1.8484848 6.331478429137e+06
7.5757576 -1.7878788 6.415529757503e+06
7.5757576 -1.7272727 6.497276117984e+06
7.5757576 -1.6666667 6.576646758541e+06
7.5757576 -1.6060606 6.653697725208e+06
7.5757576 -1.5454545 6.728295957091e+06
7.5757576 -1.4848485 6.800460843314e+06
7.5757576 -1.4242424 6.870214528425e+06
7.5757576 -1.3636364 6.937284368881e+06
7.5757576 -1.3030303 7.002083409562e+06
7.5757576 -1.2424242 7.064296676891e+06
7.5757576 -1.1818182 7.123591540881e+06
7.5757576 -1.1212121 7.180226017972e+06
7.5757576 -1.0606061 7.234401699892e+06
7.5757576 -1 7.285277986486e+06
7.5757576 -0.93939394 7.333642178569e+06
7.5757576 -0.87878788 7.379040616494e+06
7.5757576 -0.81818182 7.421854094982e+06
7.5757576 -0.75757576 7.461222833229e+06
7.5757576 -0.6969697 7.497955224162e+06
7.5757576 -0.63636364 7.531535900099e+06
7.5757576 -0.57575758 7.562319387593e+06
7.5757576 -0.51515152 7.589782510229e+06
7.5757576 -0.45454545 7.613950689232e+06
7.5757576 -0.39393939 7.635384345798e+06
7.5757576 -0.33333333 7.653841093071e+06
7.5757576 -0.27272727 7.669285602081e+06
7.5757576 -0.21212121 7.681659304198e+06
7.5757576 -0.15151515 7.690858947276e+06
7.5757576 -0.090909091 7.696767623513e+06
7.5757576 -0.03030303 7.699542547569e+06
7.5757576 0.03030303 7.699278713665e+06
7.5757576 0.090909091 7.695761501270e+06
7.5757576 0.15151515 7.689083112570e+06
7.5757576 0.21212121 7.679315791229e+06
7.5757576 0.27272727 7.666364861436e+06
7.5757576 0.33333333 7.649426478438e+06
7.5757576 0.39393939 7.629788399661e+06
7.5757576 0.45454545 7.607432420402e+06
7.5757576 0.51515152 7.582075404168e+06
7.5757576 0.57575758 7.553834589699e+06
7.5757576 0.63636364 7.522708897182e+06
7.5757576 0.6969697 7.488645724096e+06
7.5757576 0.75757576 7.451652800151e+06
7.5757576 0.81818182 7.411994840864e+06
7.5757576 0.87878788 7.369152546617e+06
7.5757576 0.93939394 7.323274375407e+06
7.5757576 1 7.274751928656e+06
7.5757576 1.0606061 7.223451927021e+06
7.5757576 1.1212121 7.169444450302e+06
7.5757576 1.1818182 7.112738735664e+06
7.5757576 1.2424242 7.053416558707e+06
7.5757576 1.3030303 6.991630723160e+06
7.5757576 1.3636364 6.927616868629e+06
7.5757576 1.4242424 6.860712024966e+06
7.5757576 1.4848485 6.791168610671e+06
7.5757576 1.5454545 6.719120386459e+06
7.5757576 1.6060606 6.644593102528e+06
7.5757576 1.6666667 6.567646295117e+06
7.5757576 1.7272727 6.488327703761e+06
7.5757576 1.7878788 6.406668091026e+06
7.5757576 1.8484848 6.322744168453e+06
7.5757576 1.9090909 6.236592696333e+06
7.5757576 1.969697 6.148291565425e+06
7.5757576 2.030303 6.057937205823e+06
7.5757576 2.0909091 5.965666689293e+06
7.5757576 2.1515152 5.871478222311e+06
7.5757576 2.2121212 5.775356225923e+06
7.5757576 2.2727273 5.677323328055e+06
7.5757576 2.3333333 5.577740493317e+06
7.5757576 2.3939394 5.476470618384e+06
7.5757576 2.4545455 5.373629547700e+06
7.5757576 2.5151515 5.269288662217e+06
7.5757576 2.5757576 5.163496344514e+06
7.5757576 2.6363636 5.056392654460e+06
7.5757576 2.6969697 4.947973820339e+06
7.5757576 2.7575758 4.838417123951e+06
7.5757576 2.8181818 4.727767861267e+06
7.5757576 2.8787879 4.616104577506e+06
7.5757576 2.9393939 4.503575720644e+06
7.5757576 3 4.390188239680e+06
8.0808081 -3 3.405592854260e+06
8.0808081 -2.9393939 3.496275033653e+06
8.0808081 -2.8787879 3.586196038244e+06
8.0808081 -2.8181818 3.675502892764e+06
8.0808081 -2.7575758 3.764175154222e+06
8.0808081 -2.6969697 3.851961107934e+06
8.0808081 -2.6363636 3.939069287553e+06
8.0808081 -2.5757576 4.024932267015e+06
8.0808081 -2.5151515 4.110033333479e+06
8.0808081 -2.4545455 4.193955768785e+06
8.0808081 -2.3939394 4.276463443485e+06
8.0808081 -2.3333333 4.357916150557e+06
8.0808081 -2.2727273 4.438076019260e+06
8.0808081 -2.2121212 4.516872511247e+06
8.0808081 -2.1515152 4.594517120500e+06
8.0808081 -2.0909091 4.670332056555e+06
8.0808081 -2.030303 4.744655699608e+06
8.0808081 -1.969697 4.817561803071e+06
8.0808081 -1.9090909 4.888886564862e+06
8.0808081 -1.8484848 4.958494067124e+06
8.0808081 -1.7878788 5.026292156322e+06
8.0808081 -1.7272727 5.092282505464e+06
8.0808081 -1.6666667 5.156364840576e+06
8.0808081 -1.6060606 5.218633555300e+06
8.0808081 -1.5454545 5.279000786981e+06
8.0808081 -1.4848485 5.337434355492e+06
8.0808081 -1.4242424 5.393955337522e+06
8.0808081 -1.3636364 5.448152250815e+06
8.0808081 -1.3030303 5.500553738403e+06
8.0808081 -1.2424242 5.550803133678e+06
8.0808081 -1.1818182 5.598858251591e+06
8.0808081 -1.1212121 5.644671471559e+06
8.0808081 -1.0606061 5.688483553951e+06
8.0808081 -1 5.729598650310e+06
8.0808081 -0.93939394 5.768834347112e+06
8.0808081 -0.87878788 5.805536101469e+06
8.0808081 -0.81818182 5.840240508948e+06
8.0808081 -0.75757576 5.872207882593e+06
8.0808081 -0.6969697 5.901994847752e+06
8.0808081 -0.63636364 5.929413775647e+06
8.0808081 -0.57575758 5.954454929151e+06
8.0808081 -0.51515152 5.977074464636e+06
8.0808081 -0.45454545 5.996790345295e+06
8.0808081 -0.39393939 6.013825418617e+06
8.0808081 -0.33333333 6.028715918378e+06
8.0808081 -0.27272727 6.041221636405e+06
8.0808081 -0.21212121 6.051340385304e+06
8.0808081 -0.15151515 6.058831886477e+06
8.0808081 -0.090909091 6.063670681541e+06
8.0808081 -0.03030303 6.066023049021e+06
8.0808081 0.03030303 6.065551457327e+06
8.0808081 0.090909091 6.062830360005e+06
8.0808081 0.15151515 6.057422835643e+06
8.0808081 0.21212121 6.049489295113e+06
8.0808081 0.27272727 6.039051894680e+06
8.0808081 0.33333333 6.025651833849e+06
8.0808081 0.39393939 6.009446600998e+06
8.0808081 0.45454545 5.991256318444e+06
8.0808081 0.51515152 5.970634129248e+06
8.0808081 0.57575758 5.947710368057e+06
8.0808081 0.63636364 5.922462369102e+06
8.0808081 0.6969697 5.894834362412e+06
8.0808081 0.75757576 5.864830948494e+06
8.0808081 0.81818182 5.832642147618e+06
8.0808081 0.87878788 5.797906434641e+06
8.0808081 0.93939394 5.760743240167e+06
8.0808081 1 5.721420529874e+06
8.0808081 1.0606061 5.679863390276e+06
8.0808081 1.1212121 5.636125677567e+06
8.0808081 1.1818182 5.590216056846e+06
8.0808081 1.2424242 5.542216507965e+06
8.0808081 1.3030303 5.492352056942e+06
8.0808081 1.3636364 5.440426032442e+06
8.0808081 1.4242424 5.386242390121e+06
8.0808081 1.4848485 5.329996978335e+06
8.0808081 1.5454545 5.271748748044e+06
8.0808081 1.6060606 5.211517992733e+06
8.0808081 1.6666667 5.149351497994e+06
8.0808081 1.7272727 5.085281038596e+06
8.0808081 1.7878788 5.019331913636e+06
8.0808081 1.8484848 4.951570022859e+06
8.0808081 1.9090909 4.882041985488e+06
8.0808081 1.969697 4.810810861768e+06
8.0808081 2.030303 4.737953634786e+06
8.0808081 2.0909091 4.663593644059e+06
8.0808081 2.1515152 4.587653868750e+06
8.0808081 2.2121212 4.510233440797e+06
8.0808081 2.2727273 4.431380438237e+06
8.0808081 2.3333333 4.351261070238e+06
8.0808081 2.3939394 4.269816905343e+06
8.0808081 2.4545455 4.187139756552e+06
8.0808081 2.5151515 4.103301869579e+06
8.0808081 2.5757576 4.018329800127e+06
8.0808081 2.6363636 3.932357008486e+06
8.0808081 2.6969697 3.845387198453e+06
8.0808081 2.7575758 3.757536736437e+06
8.0808081 2.8181818 3.668864274622e+06
8.0808081 2.8787879 3.579413512325e+06
8.0808081 2.9393939 3.489299994458e+06
8.0808081 3 3.398550371161e+06
8.5858586 -3 2.662994294921e+06
8.5858586 -2.9393939 2.736110659968e+06
8.5858586 -2.8787879 2.808785818472e+06
8.5858586 -2.8181818 2.881014216047e+06
8.5858586 -2.7575758 2.952717588103e+06
8.5858586 -2.6969697 3.023676091071e+06
8.5858586 -2.6363636 3.094141390778e+06
8.5858586 -2.5757576 3.163531174190e+06
8.5858586 -2.5151515 3.232341228650e+06
8.5858586 -2.4545455 3.300361826846e+06
8.5858586 -2.3939394 3.367201983052e+06
8.5858586 -2.3333333 3.433214490846e+06
8.5858586 -2.2727273 3.498230929110e+06
8.5858586 -2.2121212 3.562157153692e+06
8.5858586 -2.1515152 3.625301457226e+06
8.5858586 -2.0909091 3.686891815108e+06
8.5858586 -2.030303 3.747390092943e+06
8.5858586 -1.969697 3.806604288812e+06
8.5858586 -1.9090909 3.864549748766e+06
8.5858586 -1.8484848 3.921099110278e+06
8.5858586 -1.7878788 3.976229001822e+06
8.5858586 -1.7272727 4.029944612840e+06
8.5858586 -1.6666667 4.082084578449e+06
8.5858586 -1.6060606 4.132813026377e+06
8.5858586 -1.5454545 4.182045199136e+06
8.5858586 -1.4848485 4.229707943564e+06
8.5858586 -1.4242424 4.275756318750e+06
8.5858586 -1.3636364 4.319707886460e+06
8.5858586 -1.3030303 4.362386451271e+06
8.5858586 -1.2424242 4.403320957184e+06
8.5858586 -1.1818182 4.442515049578e+06
8.5858586 -1.1212121 4.479807694111e+06
8.5858586 -1.0606061 4.515435687441e+06
8.5858586 -1 4.549041590238e+06
8.5858586 -0.93939394 4.581006884236e+06
8.5858586 -0.87878788 4.610965157215e+06
8.5858586 -0.81818182 4.639193655835e+06
8.5858586 -0.75757576 4.665394387455e+06
8.5858586 -0.6969697 4.689768679086e+06
8.5858586 -0.63636364 4.712155671583e+06
8.5858586 -0.57575758 4.732617972678e+06
8.5858586 -0.51515152 4.751155685244e+06
8.5858586 -0.45454545 4.767611357574e+06
8.5858586 -0.39393939 4.781557118728e+06
8.5858586 -0.33333333 4.793459361432e+06
8.5858586 -0.27272727 4.803615920265e+06
8.5858586 -0.21212121 4.811925710891e+06
8.5858586 -0.15151515 4.818084503207e+06
8.5858586 -0.090909091 4.822057344169e+06
8.5858586 -0.03030303 4.823980532768e+06
8.5858586 0.03030303 4.823581745890e+06
8.5858586 0.090909091 4.821297751854e+06
8.5858586 0.15151515 4.816980451772e+06
8.5858586 0.21212121 4.810489746291e+06
8.5858586 0.27272727 4.801949520735e+06
8.5858586 0.33333333 4.791295065026e+06
8.5858586 0.39393939 4.777962898768e+06
8.5858586 0.45454545 4.763038803664e+06
8.5858586 0.51515152 4.746112173865e+06
8.5858586 0.57575758 4.727360054126e+06
8.5858586 0.63636364 4.706727283182e+06
8.5858586 0.6969697 4.684153288639e+06
8.5858586 0.75757576 4.659649988576e+06
8.5858586 0.81818182 4.633345248973e+06
8.5858586 0.87878788 4.604982352478e+06
8.5858586 0.93939394 4.574662154054e+06
8.5858586 1 4.542568340238e+06
8.5858586 1.0606061 4.508658137865e+06
8.5858586 1.1212121 4.472972378050e+06
8.5858586 1.1818182 4.435529274587e+06
8.5858586 1.2424242 4.396414578988e+06
8.5858586 1.3030303 4.355843547026e+06
8.5858586 1.3636364 4.313395974625e+06
8.5858586 1.4242424 4.269234315166e+06
8.5858586 1.4848485 4.223405417429e+06
8.5858586 1.5454545 4.175960664073e+06
8.5858586 1.6060606 4.126915611751e+06
8.5858586 1.6666667 4.076308929187e+06
8.5858586 1.7272727 4.024164189473e+06
8.5858586 1.7878788 3.970503959217e+06
8.5858586 1.8484848 3.915380895375e+06
8.5858586 1.9090909 3.858838454917e+06
8.5858586 1.969697 3.800936031803e+06
8.5858586 2.030303 3.741745824662e+06
8.5858586 2.0909091 3.681338986198e+06
8.5858586 2.1515152 3.619673489156e+06
8.5858586 2.2121212 3.556838282316e+06
8.5858586 2.2727273 3.492896416498e+06
8.5858586 2.3333333 3.427914433494e+06
8.5858586 2.3939394 3.361891081270e+06
8.5858586 2.4545455 3.294894649870e+06
8.5858586 2.5151515 3.227003163930e+06
8.5858586 2.5757576 3.158224435754e+06
8.5858586 2.6363636 3.088660645555e+06
8.5858586 2.6969697 3.018323989525e+06
8.5858586 2.7575758 2.947297617887e+06
8.5858586 2.8181818 2.875630694432e+06
8.5858586 2.8787879 2.803365841331e+06
8.5858586 2.9393939 2.730586429678e+06
8.5858586 3 2.657341190217e+06
9.0909091 -3 2.101891286066e+06
9.0909091 -2.9393939 2.161369851386e+06
9.0909091 -2.8787879 2.220585541058e+06
9.0909091 -2.8181818 2.279418854293e+06
9.0909091 -2.7575758 2.337845744929e+06
9.0909091 -2.6969697 2.395567620238e+06
9.0909091 -2.6363636 2.452974393449e+06
9.0909091 -2.5757576 2.509564354937e+06
9.0909091 -2.5151515 2.565679181541e+06
9.0909091 -2.4545455 2.621272391326e+06
9.0909091 -2.3939394 2.675944515020e+06
9.0909091 -2.3333333 2.729875259618e+06
9.0909091 -2.2727273 2.783012117763e+06
9.0909091 -2.2121212 2.835273147083e+06
9.0909091 -2.1515152 2.886875935114e+06
9.0909091 -2.0909091 2.937304338900e+06
9.0909091 -2.030303 2.986866957787e+06
9.0909091 -1.969697 3.035310888567e+06
9.0909091 -1.9090909 3.082731158620e+06
9.0909091 -1.8484848 3.129026817020e+06
9.0909091 -1.7878788 3.174218109831e+06
9.0909091 -1.7272727 3.218272403871e+06
9.0909091 -1.6666667 3.260990091115e+06
9.0909091 -1.6060606 3.302641286198e+06
9.0909091 -1.5454545 3.343063611552e+06
9.0909091 -1.4848485 3.382169444220e+06
9.0909091 -1.4242424 3.419920271614e+06
9.0909091 -1.3636364 3.455951311998e+06
9.0909091 -1.3030303 3.490945308318e+06
9.0909091 -1.2424242 3.524533973389e+06
9.0909091 -1.1818182 3.556712555421e+06
9.0909091 -1.1212121 3.587218249426e+06
9.0909091 -1.0606061 3.616409055867e+06
9.0909091 -1 3.644056271858e+06
9.0909091 -0.93939394 3.670240802575e+06
9.0909091 -0.87878788 3.694896702523e+06
9.0909091 -0.81818182 3.718035493713e+06
9.0909091 -0.75757576 3.739589456783e+06
9.0909091 -0.6969697 3.759697838415e+06
9.0909091 -0.63636364 3.778126785145e+06
9.0909091 -0.57575758 3.794952228679e+06
9.0909091 -0.51515152 3.810179531016e+06
9.0909091 -0.45454545 3.823769166475e+06
9.0909091 -0.39393939 3.835516035489e+06
9.0909091 -0.33333333 3.845215028739e+06
9.0909091 -0.27272727 3.853411660861e+06
9.0909091 -0.21212121 3.860278576943e+06
9.0909091 -0.15151515 3.865373413903e+06
9.0909091 -0.090909091 3.868672557807e+06
9.0909091 -0.03030303 3.870215199567e+06
9.0909091 0.03030303 3.869977498863e+06
9.0909091 0.090909091 3.868023569924e+06
9.0909091 0.15151515 3.864499152437e+06
9.0909091 0.21212121 3.859176355373e+06
9.0909091 0.27272727 3.852141416031e+06
9.0909091 0.33333333 3.843445804290e+06
9.0909091 0.39393939 3.832693610543e+06
9.0909091 0.45454545 3.820301525691e+06
9.0909091 0.51515152 3.806278540744e+06
9.0909091 0.57575758 3.790820701339e+06
9.0909091 0.63636364 3.773842034098e+06
9.0909091 0.6969697 3.755265737832e+06
9.0909091 0.75757576 3.735115546998e+06
9.0909091 0.81818182 3.713474287805e+06
9.0909091 0.87878788 3.690150100749e+06
9.0909091 0.93939394 3.665234703639e+06
9.0909091 1 3.638859282585e+06
9.0909091 1.0606061 3.610995411214e+06
9.0909091 1.1212121 3.581676377296e+06
9.0909091 1.1818182 3.550922332288e+06
9.0909091 1.2424242 3.518834248216e+06
9.0909091 1.3030303 3.485517415145e+06
9.0909091 1.3636364 3.450642465715e+06
9.0909091 1.4242424 3.414393615631e+06
9.0909091 1.4848485 3.376783587981e+06
9.0909091 1.5454545 3.337858520854e+06
9.0909091 1.6060606 3.297629046916e+06
9.0909091 1.6666667 3.256128928580e+06
9.0909091 1.7272727 3.213376792406e+06
9.0909091 1.7878788 3.169393224994e+06
9.0909091 1.8484848 3.124228062321e+06
9.0909091 1.9090909 3.077913143376e+06
9.0909091 1.969697 3.030503707747e+06
9.0909091 2.030303 2.982069161536e+06
9.0909091 2.0909091 2.932623741489e+06
9.0909091 2.1515152 2.882178245924e+06
9.0909091 2.2121212 2.830809056447e+06
9.0909091 2.2727273 2.778547747308e+06
9.0909091 2.3333333 2.725445725509e+06
9.0909091 2.3939394 2.671527137206e+06
9.0909091 2.4545455 2.616834018481e+06
9.0909091 2.5151515 2.561433729229e+06
9.0909091 2.5757576 2.505333535461e+06
9.0909091 2.6363636 2.448605653976e+06
9.0909091 2.6969697 2.391265491940e+06
9.0909091 2.7575758 2.333380834247e+06
9.0909091 2.8181818 2.274992412618e+06
9.0909091 2.8787879 2.216146927321e+06
9.0909091 2.9393939 2.156908622168e+06
9.0909091 3 2.097331097728e+06
9.5959596 -3 1.673612861360e+06
9.5959596 -2.9393939 1.722387598379e+06
9.5959596 -2.8787879 1.770978228292e+06
9.5959596 -2.8181818 1.819179299452e+06
9.5959596 -2.7575758 1.867111615099e+06
9.5959596 -2.6969697 1.914468639000e+06
9.5959596 -2.6363636 1.961637925241e+06
9.5959596 -2.5757576 2.008204379410e+06
9.5959596 -2.5151515 2.054333712857e+06
9.5959596 -2.4545455 2.100064939157e+06
9.5959596 -2.3939394 2.145069317127e+06
9.5959596 -2.3333333 2.189430344023e+06
9.5959596 -2.2727273 2.233175997175e+06
9.5959596 -2.2121212 2.276204126719e+06
9.5959596 -2.1515152 2.318584149354e+06
9.5959596 -2.0909091 2.360162040918e+06
9.5959596 -2.030303 2.401053568860e+06
9.5959596 -1.969697 2.440979814541e+06
9.5959596 -1.9090909 2.480068923092e+06
9.5959596 -1.8484848 2.518258609705e+06
9.5959596 -1.7878788 2.555564521256e+06
9.5959596 -1.7272727 2.591946606345e+06
9.5959596 -1.6666667 2.627168684381e+06
9.5959596 -1.6060606 2.661585463423e+06
9.5959596 -1.5454545 2.694955861308e+06
9.5959596 -1.4848485 2.727226100005e+06
9.5959596 -1.4242424 2.758376760338e+06
9.5959596 -1.3636364 2.788278846377e+06
9.5959596 -1.3030303 2.817173443766e+06
9.5959596 -1.2424242 2.844925938195e+06
9.5959596 -1.1818182 2.871511390356e+06
9.5959596 -1.1212121 2.896685475892e+06
9.5959596 -1.0606061 2.920769727843e+06
9.5959596 -1 2.943649095109e+06
9.5959596 -0.93939394 2.965242805506e+06
9.5959596 -0.87878788 2.985626395686e+06
9.5959596 -0.81818182 3.004798403843e+06
9.5959596 -0.75757576 3.022586093610e+06
9.5959596 -0.6969697 3.039281719469e+06
9.5959596 -0.63636364 3.054526737401e+06
9.5959596 -0.57575758 3.068477373209e+06
9.5959596 -0.51515152 3.081087351898e+06
9.5959596 -0.45454545 3.092312784686e+06
9.5959596 -0.39393939 3.102110972988e+06
9.5959596 -0.33333333 3.110305085743e+06
9.5959596 -0.27272727 3.116887857528e+06
9.5959596 -0.21212121 3.122615429114e+06
9.5959596 -0.15151515 3.126856243850e+06
9.5959596 -0.090909091 3.129607893884e+06
9.5959596 -0.03030303 3.130888375717e+06
9.5959596 0.03030303 3.130704098446e+06
9.5959596 0.090909091 3.129126478765e+06
9.5959596 0.15151515 3.126116707277e+06
9.5959596 0.21212121 3.121761279726e+06
9.5959596 0.27272727 3.115943011654e+06
9.5959596 0.33333333 3.108747443729e+06
9.5959596 0.39393939 3.100071903951e+06
9.5959596 0.45454545 3.089818994530e+06
9.5959596 0.51515152 3.078058373713e+06
9.5959596 0.57575758 3.065216414909e+06
9.5959596 0.63636364 3.051149550534e+06
9.5959596 0.6969697 3.035758750258e+06
9.5959596 0.75757576 3.019073189797e+06
9.5959596 0.81818182 3.001147354148e+06
9.5959596 0.87878788 2.981837545088e+06
9.5959596 0.93939394 2.961221177516e+06
9.5959596 1 2.939401668745e+06
9.5959596 1.0606061 2.916357079797e+06
9.5959596 1.1212121 2.892113019946e+06
9.5959596 1.1818182 2.866686764202e+06
9.5959596 1.2424242 2.840207008007e+06
9.5959596 1.3030303 2.812619535528e+06
9.5959596 1.3636364 2.783790737087e+06
9.5959596 1.4242424 2.753832261655e+06
9.5959596 1.4848485 2.722753046364e+06
9.5959596 1.5454545 2.690593874815e+06
9.5959596 1.6060606 2.657362673856e+06
9.5959596 1.6666667 2.623089242582e+06
9.5959596 1.7272727 2.587790831466e+06
9.5959596 1.7878788 2.551484225506e+06
9.5959596 1.8484848 2.514220772066e+06
9.5959596 1.9090909 2.476021582713e+06
9.5959596 1.969697 2.436933166175e+06
9.5959596 2.030303 2.397015744570e+06
9.5959596 2.0909091 2.356254971138e+06
9.5959596 2.1515152 2.314691859536e+06
9.5959596 2.2121212 2.272399607651e+06
9.5959596 2.2727273 2.229384192059e+06
9.5959596 2.3333333 2.185687201345e+06
9.5959596 2.3939394 2.141338354536e+06
9.5959596 2.4545455 2.096364992902e+06
9.5959596 2.5151515 2.050819028958e+06
9.5959596 2.5757576 2.004713993274e+06
9.5959596 2.6363636 1.958105286773e+06
9.5959596 2.6969697 1.911009849733e+06
9.5959596 2.7575758 1.863481066032e+06
9.5959596 2.8181818 1.815558052690e+06
9.5959596 2.8787879 1.767287083620e+06
9.5959596 2.9393939 1.718718543841e+06
9.5959596 3 1.669903964791e+06
10.10101 -3 1.343583491208e+06
10.10101 -2.9393939 1.383814508774e+06
10.10101 -2.8787879 1.423924021308e+06
10.10101 -2.8181818 1.463723458504e+06
10.10101 -2.7575758 1.503346478162e+06
10.10101 -2.6969697 1.542542009833e+06
10.10101 -2.6363636 1.581574933933e+06
10.10101 -2.5757576 1.620145007336e+06
10.10101 -2.5151515 1.658329132114e+06
10.10101 -2.4545455 1.696148990180e+06
10.10101 -2.3939394 1.733407646044e+06
10.10101 -2.3333333 1.770139589962e+06
10.10101 -2.2727273 1.806408449793e+06
10.10101 -2.2121212 1.842074060089e+06
10.10101 -2.1515152 1.877163929161e+06
10.10101 -2.0909091 1.911655025885e+06
10.10101 -2.030303 1.945696102408e+06
10.10101 -1.969697 1.978841420847e+06
10.10101 -1.9090909 2.011297279235e+06
10.10101 -1.8484848 2.043022880948e+06
10.10101 -1.7878788 2.074022417055e+06
10.10101 -1.7272727 2.104267895797e+06
10.10101 -1.6666667 2.133426767142e+06
10.10101 -1.6060606 2.162022110790e+06
10.10101 -1.5454545 2.189731789034e+06
10.10101 -1.4848485 2.216528683611e+06
10.10101 -1.4242424 2.242406247056e+06
10.10101 -1.3636364 2.267344672981e+06
10.10101 -1.3030303 2.291372686548e+06
10.10101 -1.2424242 2.314457128789e+06
10.10101 -1.1818182 2.336556043037e+06
10.10101 -1.1212121 2.357556082089e+06
10.10101 -1.0606061 2.377555572700e+06
10.10101 -1 2.396596433388e+06
10.10101 -0.93939394 2.414541665275e+06
10.10101 -0.87878788 2.431525937067e+06
10.10101 -0.81818182 2.447506472944e+06
10.10101 -0.75757576 2.462289027399e+06
10.10101 -0.6969697 2.476198440009e+06
10.10101 -0.63636364 2.488880226512e+06
10.10101 -0.57575758 2.500501618615e+06
10.10101 -0.51515152 2.511033398537e+06
10.10101 -0.45454545 2.520378566927e+06
10.10101 -0.39393939 2.528537539032e+06
10.10101 -0.33333333 2.535480617259e+06
10.10101 -0.27272727 2.540930153749e+06
10.10101 -0.21212121 2.545641644259e+06
10.10101 -0.15151515 2.549206222026e+06
10.10101 -0.090909091 2.551510475089e+06
10.10101 -0.03030303 2.552586595541e+06
10.10101 0.03030303 2.552417537731e+06
10.10101 0.090909091 2.551139216075e+06
10.10101 0.15151515 2.548570458038e+06
10.10101 0.21212121 2.544956966454e+06
10.10101 0.27272727 2.540149170055e+06
10.10101 0.33333333 2.534153927774e+06
10.10101 0.39393939 2.527007787097e+06
10.10101 0.45454545 2.518611795222e+06
10.10101 0.51515152 2.508694265758e+06
10.10101 0.57575758 2.497942722791e+06
10.10101 0.63636364 2.486208922081e+06
10.10101 0.6969697 2.473373133139e+06
10.10101 0.75757576 2.459465262992e+06
10.10101 0.81818182 2.444521966164e+06
10.10101 0.87878788 2.428434701541e+06
10.10101 0.93939394 2.411268784143e+06
10.10101 1 2.393104264341e+06
10.10101 1.0606061 2.373927042059e+06
10.10101 1.1212121 2.353754392686e+06
10.10101 1.1818182 2.332599849744e+06
10.10101 1.2424242 2.310612219217e+06
10.10101 1.3030303 2.287609726352e+06
10.10101 1.3636364 2.263622419522e+06
10.10101 1.4242424 2.238698335385e+06
10.10101 1.4848485 2.212845201401e+06
10.10101 1.5454545 2.186097981326e+06
10.10101 1.6060606 2.158464657731e+06
10.10101 1.6666667 2.129969978537e+06
10.10101 1.7272727 2.100632056104e+06
10.10101 1.7878788 2.070464129839e+06
10.10101 1.8484848 2.039514082761e+06
10.10101 1.9090909 2.007798301609e+06
10.10101 1.969697 1.975353951667e+06
10.10101 2.030303 1.942229666851e+06
10.10101 2.0909091 1.908412317388e+06
10.10101 2.1515152 1.873944712469e+06
10.10101 2.2121212 1.838887788711e+06
10.10101 2.2727273 1.803243990129e+06
10.10101 2.3333333 1.767040632305e+06
10.10101 2.3939394 1.730305687231e+06
10.10101 2.4545455 1.693063516898e+06
10.10101 2.5151515 1.655354500104e+06
10.10101 2.5757576 1.617193604116e+06
10.10101 2.6363636 1.578626054913e+06
10.10101 2.6969697 1.539672282765e+06
10.10101 2.7575758 1.500376832173e+06
10.10101 2.8181818 1.460774627460e+06
10.10101 2.8787879 1.420905972969e+06
10.10101 2.9393939 1.380807205087e+06
10.10101 3 1.340529482050e+06
10.606061 -3 1.086910927874e+06
10.606061 -2.9393939 1.120306680366e+06
10.606061 -2.8787879 1.153644050997e+06
10.606061 -2.8181818 1.186772112317e+06
10.606061 -2.7575758 1.219760290874e+06
10.606061 -2.6969697 1.252418843960e+06
10.606061 -2.6363636 1.284878797707e+06
10.606061 -2.5757576 1.317019312222e+06
10.606061 -2.5151515 1.348823502332e+06
10.606061 -2.4545455 1.380318176826e+06
10.606061 -2.3939394 1.411356522744e+06
10.606061 -2.3333333 1.441969968429e+06
10.606061 -2.2727273 1.472255450874e+06
10.606061 -2.2121212 1.502013074818e+06
10.606061 -2.1515152 1.531289736071e+06
10.606061 -2.0909091 1.560087138622e+06
10.606061 -2.030303 1.588638599516e+06
10.606061 -1.969697 1.616337490658e+06
10.606061 -1.9090909 1.643465842534e+06
10.606061 -1.8484848 1.669993984049e+06
10.606061 -1.7878788 1.695917841926e+06
10.606061 -1.7272727 1.721205077127e+06
10.606061 -1.6666667 1.745471569576e+06
10.606061 -1.6060606 1.769367529750e+06
10.606061 -1.5454545 1.792517339432e+06
10.606061 -1.4848485 1.814912295876e+06
10.606061 -1.4242424 1.836554632768e+06
10.606061 -1.3636364 1.857440702722e+06
10.606061 -1.3030303 1.877544779301e+06
10.606061 -1.2424242 1.896855668003e+06
10.606061 -1.1818182 1.915336404276e+06
10.606061 -1.1212121 1.932950005175e+06
10.606061 -1.0606061 1.949659287883e+06
10.606061 -1 1.965609176872e+06
10.606061 -0.93939394 1.980654388128e+06
10.606061 -0.87878788 1.994897594687e+06
10.606061 -0.81818182 2.008308481998e+06
10.606061 -0.75757576 2.020666230058e+06
10.606061 -0.6969697 2.032291850288e+06
10.606061 -0.63636364 2.042932450161e+06
10.606061 -0.57575758 2.052630462316e+06
10.606061 -0.51515152 2.061486372100e+06
10.606061 -0.45454545 2.069333487540e+06
10.606061 -0.39393939 2.076169743658e+06
10.606061 -0.33333333 2.082008850294e+06
10.606061 -0.27272727 2.086730858014e+06
10.606061 -0.21212121 2.090525504269e+06
10.606061 -0.15151515 2.093515638682e+06
10.606061 -0.090909091 2.095456414382e+06
10.606061 -0.03030303 2.096363880739e+06
10.606061 0.03030303 2.096213151853e+06
10.606061 0.090909091 2.095133386740e+06
10.606061 0.15151515 2.093006431719e+06
10.606061 0.21212121 2.089934428219e+06
10.606061 0.27272727 2.085949723515e+06
10.606061 0.33333333 2.080928919044e+06
10.606061 0.39393939 2.074954223444e+06
10.606061 0.45454545 2.068001603783e+06
10.606061 0.51515152 2.059721236541e+06
10.606061 0.57575758 2.050640684194e+06
10.606061 0.63636364 2.040788409451e+06
10.606061 0.6969697 2.030015994249e+06
10.606061 0.75757576 2.018352755781e+06
10.606061 0.81818182 2.005822556079e+06
10.606061 0.87878788 1.992341398624e+06
10.606061 0.93939394 1.977964434602e+06
10.606061 1 1.962752049877e+06
10.606061 1.0606061 1.946696326203e+06
10.606061 1.1212121 1.929808826417e+06
10.606061 1.1818182 1.912099611313e+06
10.606061 1.2424242 1.893708932215e+06
10.606061 1.3030303 1.874427613944e+06
10.606061 1.3636364 1.854341699407e+06
10.606061 1.4242424 1.833474294363e+06
10.606061 1.4848485 1.811832846962e+06
10.606061 1.5454545 1.789447052696e+06
10.606061 1.6060606 1.766325277448e+06
10.606061 1.6666667 1.742486566116e+06
10.606061 1.7272727 1.717949143429e+06
10.606061 1.7878788 1.692724217238e+06
10.606061 1.8484848 1.666854247556e+06
10.606061 1.9090909 1.640354794801e+06
10.606061 1.969697 1.613257381083e+06
10.606061 2.030303 1.585597538933e+06
10.606061 2.0909091 1.557368796333e+06
10.606061 2.1515152 1.528608859212e+06
10.606061 2.2121212 1.499357664642e+06
10.606061 2.2727273 1.469625719711e+06
10.606061 2.3333333 1.439432182749e+06
10.606061 2.3939394 1.408800587025e+06
10.606061 2.4545455 1.377753998356e+06
10.606061 2.5151515 1.346325183615e+06
10.606061 2.5757576 1.314529531052e+06
10.606061 2.6363636 1.282406051472e+06
10.606061 2.6969697 1.249976796456e+06
10.606061 2.7575758 1.217278062735e+06
10.606061 2.8181818 1.184337493473e+06
10.606061 2.8787879 1.151190941542e+06
10.606061 2.9393939 1.117867310798e+06
10.606061 3 1.084414236454e+06
11.111111 -3 8.855866798382e+05
11.111111 -2.9393939 9.135110137693e+05
11.111111 -2.8787879 9.414182307402e+05
11.111111 -2.8181818 9.691626143981e+05
11.111111 -2.7575758 9.967734316869e+05
11.111111 -2.6969697 1.024136297497e+06
11.111111 -2.6363636 1.051295841078e+06
11.111111 -2.5757576 1.078236624787e+06
11.111111 -2.5151515 1.104888968729e+06
11.111111 -2.4545455 1.131297724200e+06
11.111111 -2.3939394 1.157317382289e+06
11.111111 -2.3333333 1.182990857415e+06
11.111111 -2.2727273 1.208459324592e+06
11.111111 -2.2121212 1.233450392151e+06
11.111111 -2.1515152 1.258048406240e+06
11.111111 -2.0909091 1.282245918784e+06
11.111111 -2.030303 1.306212120636e+06
11.111111 -1.969697 1.329489191412e+06
11.111111 -1.9090909 1.352300846735e+06
11.111111 -1.8484848 1.374614283051e+06
11.111111 -1.7878788 1.396418661828e+06
11.111111 -1.7272727 1.417681473993e+06
11.111111 -1.6666667 1.438139786514e+06
11.111111 -1.6060606 1.458226495154e+06
11.111111 -1.5454545 1.477687999597e+06
11.111111 -1.4848485 1.496522836672e+06
11.111111 -1.4242424 1.514732132835e+06
11.111111 -1.3636364 1.532305661158e+06
11.111111 -1.3030303 1.549212723251e+06
11.111111 -1.2424242 1.565454768548e+06
11.111111 -1.1818182 1.580999825016e+06
11.111111 -1.1212121 1.595836888509e+06
11.111111 -1.0606061 1.609868671186e+06
11.111111 -1 1.623315182397e+06
11.111111 -0.93939394 1.636009184675e+06
11.111111 -0.87878788 1.648033315669e+06
11.111111 -0.81818182 1.659344014733e+06
11.111111 -0.75757576 1.669756889674e+06
11.111111 -0.6969697 1.679526251782e+06
11.111111 -0.63636364 1.688467589346e+06
11.111111 -0.57575758 1.696628926145e+06
11.111111 -0.51515152 1.704095611466e+06
11.111111 -0.45454545 1.710730098157e+06
11.111111 -0.39393939 1.716503695390e+06
11.111111 -0.33333333 1.721412972773e+06
11.111111 -0.27272727 1.725506282619e+06
11.111111 -0.21212121 1.728696160089e+06
11.111111 -0.15151515 1.731134978538e+06
11.111111 -0.090909091 1.732776936253e+06
11.111111 -0.03030303 1.733544298002e+06
11.111111 0.03030303 1.733410376062e+06
11.111111 0.090909091 1.732489180371e+06
11.111111 0.15151515 1.730735285666e+06
11.111111 0.21212121 1.728120333612e+06
11.111111 0.27272727 1.724761692696e+06
11.111111 0.33333333 1.720540927083e+06
11.111111 0.39393939 1.715506061687e+06
11.111111 0.45454545 1.709670721388e+06
11.111111 0.51515152 1.702820029854e+06
11.111111 0.57575758 1.695077837335e+06
11.111111 0.63636364 1.686753818376e+06
11.111111 0.6969697 1.677659007411e+06
11.111111 0.75757576 1.667823198053e+06
11.111111 0.81818182 1.657258201298e+06
11.111111 0.87878788 1.645897519605e+06
11.111111 0.93939394 1.633786806770e+06
11.111111 1 1.620972560381e+06
11.111111 1.0606061 1.607450104072e+06
11.111111 1.1212121 1.593227901489e+06
11.111111 1.1818182 1.578315072645e+06
11.111111 1.2424242 1.562828635442e+06
11.111111 1.3030303 1.546582648580e+06
11.111111 1.3636364 1.529663809559e+06
11.111111 1.4242424 1.512088317980e+06
11.111111 1.4848485 1.493865345189e+06
11.111111 1.5454545 1.475018895683e+06
11.111111 1.6060606 1.455557309679e+06
11.111111 1.6666667 1.435495743550e+06
11.111111 1.7272727 1.414851733712e+06
11.111111 1.7878788 1.393635691336e+06
11.111111 1.8484848 1.371884403573e+06
11.111111 1.9090909 1.349613408549e+06
11.111111 1.969697 1.326849954462e+06
11.111111 2.030303 1.303612799514e+06
11.111111 2.0909091 1.279903998086e+06
11.111111 2.1515152 1.255760995831e+06
11.111111 2.2121212 1.231202688611e+06
11.111111 2.2727273 1.206244434995e+06
11.111111 2.3333333 1.180905048886e+06
11.111111 2.3939394 1.155202687575e+06
11.111111 2.4545455 1.129158727394e+06
11.111111 2.5151515 1.102801943043e+06
11.111111 2.5757576 1.076148414146e+06
11.111111 2.6363636 1.049229844108e+06
11.111111 2.6969697 1.022065367915e+06
11.111111 2.7575758 9.946857219720e+05
11.111111 2.8181818 9.671151993819e+05
11.111111 2.8787879 9.393861983223e+05
11.111111 2.9393939 9.115242056890e+05
11.111111 3 8.835686812349e+05
11.616162 -3 7.264391373539e+05
11.616162 -2.9393939 7.499390760616e+05
11.616162 -2.8787879 7.734299162192e+05
11.616162 -2.8181818 7.967864342974e+05
11.616162 -2.7575758 8.200207573538e+05
11.616162 -2.6969697 8.430688295170e+05
11.616162 -2.6363636 8.659427550983e+05
11.616162 -2.5757576 8.886565066991e+05
11.616162 -2.5151515 9.111226743637e+05
11.616162 -2.4545455 9.334152927094e+05
11.616162 -2.3939394 9.553600426247e+05
11.616162 -2.3333333 9.770236781451e+05
11.616162 -2.2727273 9.985269158896e+05
11.616162 -2.2121212 1.019638167303e+06
11.616162 -2.1515152 1.040423534028e+06
11.616162 -2.0909091 1.060871189981e+06
11.616162 -2.030303 1.081043961965e+06
11.616162 -1.969697 1.100711982229e+06
11.616162 -1.9090909 1.119999400809e+06
11.616162 -1.8484848 1.138869339836e+06
11.616162 -1.7878788 1.157306385589e+06
11.616162 -1.7272727 1.175285215397e+06
11.616162 -1.6666667 1.192688394956e+06
11.616162 -1.6060606 1.209670962828e+06
11.616162 -1.5454545 1.226132223593e+06
11.616162 -1.4848485 1.242069727594e+06
11.616162 -1.4242424 1.257479738739e+06
11.616162 -1.3636364 1.272348923723e+06
11.616162 -1.3030303 1.286645032079e+06
11.616162 -1.2424242 1.300384451226e+06
11.616162 -1.1818182 1.313537908520e+06
11.616162 -1.1212121 1.326101120226e+06
11.616162 -1.0606061 1.337989292473e+06
11.616162 -1 1.349392664303e+06
11.616162 -0.93939394 1.360144053883e+06
11.616162 -0.87878788 1.370347852797e+06
11.616162 -0.81818182 1.379930339524e+06
11.616162 -0.75757576 1.388771996949e+06
11.616162 -0.6969697 1.397029179051e+06
11.616162 -0.63636364 1.404582089086e+06
11.616162 -0.57575758 1.411489196605e+06
11.616162 -0.51515152 1.417799967200e+06
11.616162 -0.45454545 1.423436386828e+06
11.616162 -0.39393939 1.428340483187e+06
11.616162 -0.33333333 1.432496048693e+06
11.616162 -0.27272727 1.435995847761e+06
11.616162 -0.21212121 1.438759602056e+06
11.616162 -0.15151515 1.440790122557e+06
11.616162 -0.090909091 1.442148556463e+06
11.616162 -0.03030303 1.442804275021e+06
11.616162 0.03030303 1.442676664836e+06
11.616162 0.090909091 1.441897879587e+06
11.616162 0.15151515 1.440424220516e+06
11.616162 0.21212121 1.438220541186e+06
11.616162 0.27272727 1.435335796276e+06
11.616162 0.33333333 1.431778308897e+06
11.616162 0.39393939 1.427515545380e+06
11.616162 0.45454545 1.422573806706e+06
11.616162 0.51515152 1.416872669274e+06
11.616162 0.57575758 1.410270405055e+06
11.616162 0.63636364 1.403197860585e+06
11.616162 0.6969697 1.395474648592e+06
11.616162 0.75757576 1.387135829482e+06
11.616162 0.81818182 1.378180050788e+06
11.616162 0.87878788 1.368554128183e+06
11.616162 0.93939394 1.358294959698e+06
11.616162 1 1.347439848807e+06
11.616162 1.0606061 1.335985966655e+06
11.616162 1.1212121 1.323939853158e+06
11.616162 1.1818182 1.311311169102e+06
11.616162 1.2424242 1.298192573241e+06
11.616162 1.3030303 1.284430722376e+06
11.616162 1.3636364 1.270100127848e+06
11.616162 1.4242424 1.255214391074e+06
11.616162 1.4848485 1.239784248505e+06
11.616162 1.5454545 1.223829343857e+06
11.616162 1.6060606 1.207357212881e+06
11.616162 1.6666667 1.190380866100e+06
11.616162 1.7272727 1.172916355418e+06
11.616162 1.7878788 1.154973715732e+06
11.616162 1.8484848 1.136583439607e+06
11.616162 1.9090909 1.117760351181e+06
11.616162 1.969697 1.098528407837e+06
11.616162 2.030303 1.078893214251e+06
11.616162 2.0909091 1.058863287934e+06
11.616162 2.1515152 1.038475605162e+06
11.616162 2.2121212 1.017737473687e+06
11.616162 2.2727273 9.966631364743e+05
11.616162 2.3333333 9.752722972834e+05
11.616162 2.3939394 9.535804341622e+05
11.616162 2.4545455 9.316069395089e+05
11.616162 2.5151515 9.093768596994e+05
11.616162 2.5757576 8.869051111580e+05
11.616162 2.6363636 8.642168543639e+05
11.616162 2.6969697 8.413295630966e+05
11.616162 2.7575758 8.182695205093e+05
11.616162 2.8181818 7.950593290890e+05
11.616162 2.8787879 7.717275012860e+05
11.616162 2.9393939 7.482986404808e+05
11.616162 3 7.248024212582e+05
12.121212 -3 5.996890032935e+05
12.121212 -2.9393939 6.195680070911e+05
12.121212 -2.8787879 6.394329337749e+05
12.121212 -2.8181818 6.591985065933e+05
12.121212 -2.7575758 6.788660143448e+05
12.121212 -2.6969697 6.983828886688e+05
12.121212 -2.6363636 7.177597826495e+05
12.121212 -2.5757576 7.370217711368e+05
12.121212 -2.5151515 7.560657398066e+05
12.121212 -2.4545455 7.749795294914e+05
12.121212 -2.3939394 7.935933554223e+05
12.121212 -2.3333333 8.119796109669e+05
12.121212 -2.2727273 8.301934066912e+05
12.121212 -2.2121212 8.481187450224e+05
12.121212 -2.1515152 8.657708103168e+05
12.121212 -2.0909091 8.831379952309e+05
12.121212 -2.030303 9.002323606333e+05
12.121212 -1.969697 9.169435643975e+05
12.121212 -1.9090909 9.333358568925e+05
12.121212 -1.8484848 9.493749817146e+05
12.121212 -1.7878788 9.650443559625e+05
12.121212 -1.7272727 9.803263163933e+05
12.121212 -1.6666667 9.951715476135e+05
12.121212 -1.6060606 1.009610532052e+06
12.121212 -1.5454545 1.023614740227e+06
12.121212 -1.4848485 1.037177540974e+06
12.121212 -1.4242424 1.050291976060e+06
12.121212 -1.3636364 1.062942602041e+06
12.121212 -1.3030303 1.075101830449e+06
12.121212 -1.2424242 1.086792120714e+06
12.121212 -1.1818182 1.097988659705e+06
12.121212 -1.1212121 1.108689604001e+06
12.121212 -1.0606061 1.118854889950e+06
12.121212 -1 1.128577064037e+06
12.121212 -0.93939394 1.137731392355e+06
12.121212 -0.87878788 1.146428378482e+06
12.121212 -0.81818182 1.154577153479e+06
12.121212 -0.75757576 1.162126246511e+06
12.121212 -0.6969697 1.169151817477e+06
12.121212 -0.63636364 1.175580926194e+06
12.121212 -0.57575758 1.181453571106e+06
12.121212 -0.51515152 1.186801452034e+06
12.121212 -0.45454545 1.191603839702e+06
12.121212 -0.39393939 1.195792744858e+06
12.121212 -0.33333333 1.199333985975e+06
12.121212 -0.27272727 1.202316904589e+06
12.121212 -0.21212121 1.204698075145e+06
12.121212 -0.15151515 1.206459398017e+06
12.121212 -0.090909091 1.207589361462e+06
12.121212 -0.03030303 1.208138146043e+06
12.121212 0.03030303 1.208010292557e+06
12.121212 0.090909091 1.207353788854e+06
12.121212 0.15151515 1.206095621783e+06
12.121212 0.21212121 1.204236387315e+06
12.121212 0.27272727 1.201748648012e+06
12.121212 0.33333333 1.198726074551e+06
12.121212 0.39393939 1.195102922013e+06
12.121212 0.45454545 1.190897134398e+06
12.121212 0.51515152 1.186082608607e+06
12.121212 0.57575758 1.180491697014e+06
12.121212 0.63636364 1.174441438333e+06
12.121212 0.6969697 1.167845761112e+06
12.121212 0.75757576 1.160739436536e+06
12.121212 0.81818182 1.153108046953e+06
12.121212 0.87878788 1.144908755406e+06
12.121212 0.93939394 1.136171679954e+06
12.121212 1 1.126927125952e+06
12.121212 1.0606061 1.117173198987e+06
12.121212 1.1212121 1.106915102243e+06
12.121212 1.1818182 1.096163339367e+06
12.121212 1.2424242 1.084990451914e+06
12.121212 1.3030303 1.073271496345e+06
12.121212 1.3636364 1.061069826568e+06
12.121212 1.4242424 1.048396603439e+06
12.121212 1.4848485 1.035262907368e+06
12.121212 1.5454545 1.021685429789e+06
12.121212 1.6060606 1.007670665692e+06
12.121212 1.6666667 9.932302190528e+05
12.121212 1.7272727 9.783777887129e+05
12.121212 1.7878788 9.631233971206e+05
12.121212 1.8484848 9.474918455377e+05
12.121212 1.9090909 9.314958134061e+05
12.121212 1.969697 9.151559826864e+05
12.121212 2.030303 8.984733069233e+05
12.121212 2.0909091 8.814590989547e+05
12.121212 2.1515152 8.641455806205e+05
12.121212 2.2121212 8.465373010644e+05
12.121212 2.2727273 8.286458189746e+05
12.121212 2.3333333 8.104895974577e+05
12.121212 2.3939394 7.920831868462e+05
12.121212 2.4545455 7.734437821849e+05
12.121212 2.5151515 7.545925812092e+05
12.121212 2.5757576 7.355423863297e+05
12.121212 2.6363636 7.163142185128e+05
12.121212 2.6969697 6.969249001847e+05
12.121212 2.7575758 6.773974983745e+05
12.121212 2.8181818 6.577523252812e+05
12.121212 2.8787879 6.380132938418e+05
12.121212 2.9393939 6.182040051542e+05
12.121212 3 5.983467007002e+05
12.626263 -3 4.980116920658e+05
12.626263 -2.9393939 5.149081825223e+05
12.626263 -2.8787879 5.317935384269e+05
12.626263 -2.8181818 5.486052388702e+05
12.626263 -2.7575758 5.653468835150e+05
12.626263 -2.6969697 5.819596998401e+05
12.626263 -2.6363636 5.984604773343e+05
12.626263 -2.5757576 6.148840619419e+05
12.626263 -2.5151515 6.311138079126e+05
12.626263 -2.4545455 6.472160849296e+05
12.626263 -2.3939394 6.630878323668e+05
12.626263 -2.3333333 6.787728631284e+05
12.626263 -2.2727273 6.942835619333e+05
12.626263 -2.2121212 7.095779846988e+05
12.626263 -2.1515152 7.246430969216e+05
12.626263 -2.0909091 7.394683759515e+05
12.626263 -2.030303 7.540464059896e+05
12.626263 -1.969697 7.683202414723e+05
12.626263 -1.9090909 7.823202362282e+05
12.626263 -1.8484848 7.960196878566e+05
12.626263 -1.7878788 8.094024693363e+05
12.626263 -1.7272727 8.224571868859e+05
12.626263 -1.6666667 8.351594480309e+05
12.626263 -1.6060606 8.475018051775e+05
12.626263 -1.5454545 8.594783391173e+05
12.626263 -1.4848485 8.710796296394e+05
12.626263 -1.4242424 8.822966823275e+05
12.626263 -1.3636364 8.931150552969e+05
12.626263 -1.3030303 9.035133270004e+05
12.626263 -1.2424242 9.135143338894e+05
12.626263 -1.1818182 9.230983689591e+05
12.626263 -1.1212121 9.322646374099e+05
12.626263 -1.0606061 9.410001147243e+05
12.626263 -1 9.493296224667e+05
12.626263 -0.93939394 9.571834513444e+05
12.626263 -0.87878788 9.646290405638e+05
12.626263 -0.81818182 9.715868582079e+05
12.626263 -0.75757576 9.780539054438e+05
12.626263 -0.6969697 9.840767877904e+05
12.626263 -0.63636364 9.895738869772e+05
12.626263 -0.57575758 9.946077320091e+05
12.626263 -0.51515152 9.991528925002e+05
12.626263 -0.45454545 1.003253162467e+06
12.626263 -0.39393939 1.006846769873e+06
12.626263 -0.33333333 1.009883044351e+06
12.626263 -0.27272727 1.012431931121e+06
12.626263 -0.21212121 1.014475465378e+06
12.626263 -0.15151515 1.016006209173e+06
12.626263 -0.090909091 1.016996995450e+06
12.626263 -0.03030303 1.017446286010e+06
12.626263 0.03030303 1.017309513113e+06
12.626263 0.090909091 1.016755413564e+06
12.626263 0.15151515 1.015675371940e+06
12.626263 0.21212121 1.014084846644e+06
12.626263 0.27272727 1.011957832949e+06
12.626263 0.33333333 1.009356913634e+06
12.626263 0.39393939 1.006262081189e+06
12.626263 0.45454545 1.002670060498e+06
12.626263 0.51515152 9.985595174363e+05
12.626263 0.57575758 9.938416783045e+05
12.626263 0.63636364 9.886351541885e+05
12.626263 0.6969697 9.829687142846e+05
12.626263 0.75757576 9.768818367457e+05
12.626263 0.81818182 9.703460006096e+05
12.626263 0.87878788 9.633264779824e+05
12.626263 0.93939394 9.558482969674e+05
12.626263 1 9.479360585483e+05
12.626263 1.0606061 9.395877645929e+05
12.626263 1.1212121 9.308077762288e+05
12.626263 1.1818182 9.216076398109e+05
12.626263 1.2424242 9.120438707141e+05
12.626263 1.3030303 9.020151508286e+05
12.626263 1.3636364 8.915751593436e+05
12.626263 1.4242424 8.807331606708e+05
12.626263 1.4848485 8.694994657331e+05
12.626263 1.5454545 8.578880666827e+05
12.626263 1.6060606 8.459046859137e+05
12.626263 1.6666667 8.335600120167e+05
12.626263 1.7272727 8.208649959960e+05
12.626263 1.7878788 8.078296219084e+05
12.626263 1.8484848 7.944749852204e+05
12.626263 1.9090909 7.808111643050e+05
12.626263 1.969697 7.668541230943e+05
12.626263 2.030303 7.526065109317e+05
12.626263 2.0909091 7.380798901531e+05
12.626263 2.1515152 7.233000086260e+05
12.626263 2.2121212 7.082716635439e+05
12.626263 2.2727273 6.930052605019e+05
12.626263 2.3333333 6.775164420028e+05
12.626263 2.3939394 6.618182044559e+05
12.626263 2.4545455 6.459253544411e+05
12.626263 2.5151515 6.298563962992e+05
12.626263 2.5757576 6.136230387900e+05
12.626263 2.6363636 5.972441024571e+05
12.626263 2.6969697 5.807335196688e+05
12.626263 2.7575758 5.641127359357e+05
12.626263 2.8181818 5.473997956643e+05
12.626263 2.8787879 5.306140160798e+05
12.626263 2.9393939 5.137764621789e+05
12.626263 3 4.969053594282e+05
13.131313 -3 4.158947447008e+05
13.131313 -2.9393939 4.303233948883e+05
13.131313 -2.8787879 4.447495832622e+05
13.131313 -2.8181818 4.591184897344e+05
13.131313 -2.7575758 4.734472395385e+05
13.131313 -2.6969697 4.876597126850e+05
13.131313 -2.6363636 5.017796315008e+05
13.131313 -2.5757576 5.158368734419e+05
13.131313 -2.5151515 5.297361487001e+05
13.131313 -2.4545455 5.435044102468e+05
13.131313 -2.3939394 5.571043486455e+05
13.131313 -2.3333333 5.705483807851e+05
13.131313 -2.2727273 5.838337739504e+05
13.131313 -2.2121212 5.969460627778e+05
13.131313 -2.1515152 6.098645467836e+05
13.131313 -2.0909091 6.225812363162e+05
13.131313 -2.030303 6.350841072464e+05
13.131313 -1.969697 6.473358047726e+05
13.131313 -1.9090909 6.593477437672e+05
13.131313 -1.8484848 6.711038221389e+05
13.131313 -1.7878788 6.825889792743e+05
13.131313 -1.7272727 6.937944388964e+05
13.131313 -1.6666667 7.047040288301e+05
13.131313 -1.6060606 7.153068211105e+05
13.131313 -1.5454545 7.255984539195e+05
13.131313 -1.4848485 7.355680878833e+05
13.131313 -1.4242424 7.452068054115e+05
13.131313 -1.3636364 7.545032903445e+05
13.131313 -1.3030303 7.634407540609e+05
13.131313 -1.2424242 7.720396039743e+05
13.131313 -1.1818182 7.802852293479e+05
13.131313 -1.1212121 7.881763524913e+05
13.131313 -1.0606061 7.957074775022e+05
13.131313 -1 8.028762189555e+05
13.131313 -0.93939394 8.096516271684e+05
13.131313 -0.87878788 8.160548542857e+05
13.131313 -0.81818182 8.220386596194e+05
13.131313 -0.75757576 8.275908154531e+05
13.131313 -0.6969697 8.327813725912e+05
13.131313 -0.63636364 8.375103143695e+05
13.131313 -0.57575758 8.418499124019e+05
13.131313 -0.51515152 8.457395732222e+05
13.131313 -0.45454545 8.492442458999e+05
13.131313 -0.39393939 8.523345798416e+05
13.131313 -0.33333333 8.549527817209e+05
13.131313 -0.27272727 8.571438755940e+05
13.131313 -0.21212121 8.588963123300e+05
13.131313 -0.15151515 8.602184304596e+05
13.131313 -0.090909091 8.610975668172e+05
13.131313 -0.03030303 8.615013031740e+05
13.131313 0.03030303 8.613381606168e+05
13.131313 0.090909091 8.608679682750e+05
13.131313 0.15151515 8.599402281642e+05
13.131313 0.21212121 8.585646150377e+05
13.131313 0.27272727 8.567537217928e+05
13.131313 0.33333333 8.545006929513e+05
13.131313 0.39393939 8.518327327684e+05
13.131313 0.45454545 8.487532405426e+05
13.131313 0.51515152 8.452210151279e+05
13.131313 0.57575758 8.412174521366e+05
13.131313 0.63636364 8.367422076045e+05
13.131313 0.6969697 8.318398245770e+05
13.131313 0.75757576 8.266003710143e+05
13.131313 0.81818182 8.209758386191e+05
13.131313 0.87878788 8.149379763204e+05
13.131313 0.93939394 8.085068839681e+05
13.131313 1 8.017027185208e+05
13.131313 1.0606061 7.945236655159e+05
13.131313 1.1212121 7.869733452457e+05
13.131313 1.1818182 7.790643869782e+05
13.131313 1.2424242 7.708389326365e+05
13.131313 1.3030303 7.622167168976e+05
13.131313 1.3636364 7.532426600589e+05
13.131313 1.4242424 7.439243832782e+05
13.131313 1.4848485 7.342709554448e+05
13.131313 1.5454545 7.242939834175e+05
13.131313 1.6060606 7.139983737538e+05
13.131313 1.6666667 7.033946930866e+05
13.131313 1.7272727 6.924916905636e+05
13.131313 1.7878788 6.812980619558e+05
13.131313 1.8484848 6.698322250919e+05
13.131313 1.9090909 6.581039640052e+05
13.131313 1.969697 6.461230484165e+05
13.131313 2.030303 6.338958183018e+05
13.131313 2.0909091 6.214328284492e+05
13.131313 2.1515152 6.087545123874e+05
13.131313 2.2121212 5.958658934812e+05
13.131313 2.2727273 5.827765904584e+05
13.131313 2.3333333 5.694994513005e+05
13.131313 2.3939394 5.560463136993e+05
13.131313 2.4545455 5.424294939157e+05
13.131313 2.5151515 5.286653731051e+05
13.131313 2.5757576 5.147646276665e+05
13.131313 2.6363636 5.007452597241e+05
13.131313 2.6969697 4.866180404778e+05
13.131313 2.7575758 4.724027072563e+05
13.131313 2.8181818 4.581146852433e+05
13.131313 2.8787879 4.437693492017e+05
13.131313 2.9393939 4.293855814292e+05
13.131313 3 4.149793724900e+05
13.636364 -3 3.491555765741e+05
13.636364 -2.9393939 3.615330511983e+05
13.636364 -2.8787879 3.739186776883e+05
13.636364 -2.8181818 3.862563587542e+05
13.636364 -2.7575758 3.985749393407e+05
13.636364 -2.6969697 4.107915789234e+05
13.636364 -2.6363636 4.229305929277e+05
13.636364 -2.5757576 4.350039439439e+05
13.636364 -2.5151515 4.469610086359e+05
13.636364 -2.4545455 4.587957896873e+05
13.636364 -2.3939394 4.705026377979e+05
13.636364 -2.3333333 4.820781306608e+05
13.636364 -2.2727273 4.935165401188e+05
13.636364 -2.2121212 5.048103053107e+05
13.636364 -2.1515152 5.159388666069e+05
13.636364 -2.0909091 5.268966156007e+05
13.636364 -2.030303 5.376699858567e+05
13.636364 -1.969697 5.482336328001e+05
13.636364 -1.9090909 5.585854958666e+05
13.636364 -1.8484848 5.687196475030e+05
13.636364 -1.7878788 5.786220910170e+05
13.636364 -1.7272727 5.882852373802e+05
13.636364 -1.6666667 5.976972901452e+05
13.636364 -1.6060606 6.068475422583e+05
13.636364 -1.5454545 6.157304056995e+05
13.636364 -1.4848485 6.243350635200e+05
13.636364 -1.4242424 6.326539910686e+05
13.636364 -1.3636364 6.406794876849e+05
13.636364 -1.3030303 6.483975955744e+05
13.636364 -1.2424242 6.558255718495e+05
13.636364 -1.1818182 6.629528664598e+05
13.636364 -1.1212121 6.697766269172e+05
13.636364 -1.0606061 6.762901785385e+05
13.636364 -1 6.824859459255e+05
13.636364 -0.93939394 6.883501961916e+05
13.636364 -0.87878788 6.938824285240e+05
13.636364 -0.81818182 6.990661135646e+05
13.636364 -0.75757576 7.038533384879e+05
13.636364 -0.6969697 7.083422065885e+05
13.636364 -0.63636364 7.124325821507e+05
13.636364 -0.57575758 7.161866050031e+05
13.636364 -0.51515152 7.195458658806e+05
13.636364 -0.45454545 7.225513050417e+05
13.636364 -0.39393939 7.252104494445e+05
13.636364 -0.33333333 7.274770889156e+05
13.636364 -0.27272727 7.293711872951e+05
13.636364 -0.21212121 7.308806333728e+05
13.636364 -0.15151515 7.320219731694e+05
13.636364 -0.090909091 7.327859042257e+05
13.636364 -0.03030303 7.331750108899e+05
13.636364 0.03030303 7.329905986397e+05
13.636364 0.090909091 7.325922711981e+05
13.636364 0.15151515 7.317935483698e+05
13.636364 0.21212121 7.305990302359e+05
13.636364 0.27272727 7.290486074976e+05
13.636364 0.33333333 7.270984936495e+05
13.636364 0.39393939 7.247772754242e+05
13.636364 0.45454545 7.221240209937e+05
13.636364 0.51515152 7.190748302166e+05
13.636364 0.57575758 7.156409244406e+05
13.636364 0.63636364 7.118016843861e+05
13.636364 0.6969697 7.075411103720e+05
13.636364 0.75757576 7.030101261337e+05
13.636364 0.81818182 6.981475469722e+05
13.636364 0.87878788 6.929309692643e+05
13.636364 0.93939394 6.873754758979e+05
13.636364 1 6.814979397291e+05
13.636364 1.0606061 6.752970608971e+05
13.636364 1.1212121 6.687756412762e+05
13.636364 1.1818182 6.619473698714e+05
13.636364 1.2424242 6.548411198273e+05
13.636364 1.3030303 6.473952124428e+05
13.636364 1.3636364 6.396470988983e+05
13.636364 1.4242424 6.316028080637e+05
13.636364 1.4848485 6.232699529453e+05
13.636364 1.5454545 6.146585683617e+05
13.636364 1.6060606 6.057726887871e+05
13.636364 1.6666667 5.966224667785e+05
13.636364 1.7272727 5.872156054683e+05
13.636364 1.7878788 5.775591183727e+05
13.636364 1.8484848 5.676690150435e+05
13.636364 1.9090909 5.575560195813e+05
13.636364 1.969697 5.472243808082e+05
13.636364 2.030303 5.366827190537e+05
13.636364 2.0909091 5.259412164888e+05
13.636364 2.1515152 5.150159494420e+05
13.636364 2.2121212 5.039119566205e+05
13.636364 2.2727273 4.926377286215e+05
13.636364 2.3333333 4.812042077350e+05
13.636364 2.3939394 4.696222614917e+05
13.636364 2.4545455 4.579021069677e+05
13.636364 2.5151515 4.460583411662e+05
13.636364 2.5757576 4.341003380373e+05
13.636364 2.6363636 4.220454115945e+05
13.636364 2.6969697 4.099021769146e+05
13.636364 2.7575758 3.976878571023e+05
13.636364 2.8181818 3.854154844529e+05
13.636364 2.8787879 3.730976924086e+05
13.636364 2.9393939 3.607522707133e+05
13.636364 3 3.483933767184e+05
14.141414 -3 2.945911494058e+05
14.141414 -2.9393939 3.052554147748e+05
14.141414 -2.8787879 3.159388981610e+05
14.141414 -2.8181818 3.265789900249e+05
14.141414 -2.7575758 3.372042924642e+05
14.141414 -2.6969697 3.477505147400e+05
14.141414 -2.6363636 3.582321402795e+05
14.141414 -2.5757576 3.686477174742e+05
14.141414 -2.5151515 3.789778841433e+05
14.141414 -2.4545455 3.892016657577e+05
14.141414 -2.3939394 3.993226670547e+05
14.141414 -2.3333333 4.093328073096e+05
14.141414 -2.2727273 4.192271015622e+05
14.141414 -2.2121212 4.289970567224e+05
14.141414 -2.1515152 4.386257634069e+05
14.141414 -2.0909091 4.481086048314e+05
14.141414 -2.030303 4.574295486598e+05
14.141414 -1.969697 4.665764572647e+05
14.141414 -1.9090909 4.755364337721e+05
14.141414 -1.8484848 4.843106473644e+05
14.141414 -1.7878788 4.928860351052e+05
14.141414 -1.7272727 5.012568080577e+05
14.141414 -1.6666667 5.094134013059e+05
14.141414 -1.6060606 5.173438431860e+05
14.141414 -1.5454545 5.250423428196e+05
14.141414 -1.4848485 5.324999197725e+05
14.141414 -1.4242424 5.397104620234e+05
14.141414 -1.3636364 5.466691637514e+05
14.141414 -1.3030303 5.533636690241e+05
14.141414 -1.2424242 5.598084538566e+05
14.141414 -1.1818182 5.659956587789e+05
14.141414 -1.1212121 5.719196836075e+05
14.141414 -1.0606061 5.775724218592e+05
14.141414 -1 5.829488237666e+05
14.141414 -0.93939394 5.880411302828e+05
14.141414 -0.87878788 5.928419101576e+05
14.141414 -0.81818182 5.973517238907e+05
14.141414 -0.75757576 6.015085068750e+05
14.141414 -0.6969697 6.054043326066e+05
14.141414 -0.63636364 6.089525322245e+05
14.141414 -0.57575758 6.122109807513e+05
14.141414 -0.51515152 6.151345472087e+05
14.141414 -0.45454545 6.177302909712e+05
14.141414 -0.39393939 6.200197571690e+05
14.141414 -0.33333333 6.219844231429e+05
14.141414 -0.27272727 6.236306857270e+05
14.141414 -0.21212121 6.249386893005e+05
14.141414 -0.15151515 6.259261496142e+05
14.141414 -0.090909091 6.265850052230e+05
14.141414 -0.03030303 6.269387427043e+05
14.141414 0.03030303 6.267663499834e+05
14.141414 0.090909091 6.264294560009e+05
14.141414 0.15151515 6.257393701994e+05
14.141414 0.21212121 6.246988144191e+05
14.141414 0.27272727 6.233580716065e+05
14.141414 0.33333333 6.216740744803e+05
14.141414 0.39393939 6.196462905367e+05
14.141414 0.45454545 6.173439352347e+05
14.141414 0.51515152 6.147009648072e+05
14.141414 0.57575758 6.117295614930e+05
14.141414 0.63636364 6.084213230620e+05
14.141414 0.6969697 6.047187624440e+05
14.141414 0.75757576 6.007829597975e+05
14.141414 0.81818182 5.965603601069e+05
14.141414 0.87878788 5.920341356073e+05
14.141414 0.93939394 5.872147375507e+05
14.141414 1 5.821165069008e+05
14.141414 1.0606061 5.767382330431e+05
14.141414 1.1212121 5.710820002553e+05
14.141414 1.1818182 5.651626946002e+05
14.141414 1.2424242 5.589967970484e+05
14.141414 1.3030303 5.525395216318e+05
14.141414 1.3636364 5.458213064391e+05
14.141414 1.4242424 5.388471757886e+05
14.141414 1.4848485 5.316231123170e+05
14.141414 1.5454545 5.241583781464e+05
14.141414 1.6060606 5.164563674268e+05
14.141414 1.6666667 5.085255771039e+05
14.141414 1.7272727 5.003736418990e+05
14.141414 1.7878788 4.920069050292e+05
14.141414 1.8484848 4.834392695256e+05
14.141414 1.9090909 4.746810857543e+05
14.141414 1.969697 4.657336069543e+05
14.141414 2.030303 4.566055362279e+05
14.141414 2.0909091 4.473079985900e+05
14.141414 2.1515152 4.378524956741e+05
14.141414 2.2121212 4.282444070338e+05
14.141414 2.2727273 4.184912791700e+05
14.141414 2.3333333 4.086029286044e+05
14.141414 2.3939394 3.985885338958e+05
14.141414 2.4545455 3.884569403531e+05
14.141414 2.5151515 3.782213996942e+05
14.141414 2.5757576 3.678902668356e+05
14.141414 2.6363636 3.574793749246e+05
14.141414 2.6969697 3.469958622990e+05
14.141414 2.7575758 3.364541055733e+05
14.141414 2.8181818 3.258657399724e+05
14.141414 2.8787879 3.152419887703e+05
14.141414 2.9393939 3.045998509663e+05
14.141414 3 2.939518072663e+05
14.646465 -3 2.497292075278e+05
14.646465 -2.9393939 2.589556218485e+05
14.646465 -2.8787879 2.682055029544e+05
14.646465 -2.8181818 2.774194563117e+05
14.646465 -2.7575758 2.866154062480e+05
14.646465 -2.6969697 2.957559087392e+05
14.646465 -2.6363636 3.048437071986e+05
14.646465 -2.5757576 3.138719002944e+05
14.646465 -2.5151515 3.228331065488e+05
14.646465 -2.4545455 3.317051737743e+05
14.646465 -2.3939394 3.404912831287e+05
14.646465 -2.3333333 3.491838189659e+05
14.646465 -2.2727273 3.577775078749e+05
14.646465 -2.2121212 3.662638433808e+05
14.646465 -2.1515152 3.746291876088e+05
14.646465 -2.0909091 3.828688028232e+05
14.646465 -2.030303 3.909662541792e+05
14.646465 -1.969697 3.989180880516e+05
14.646465 -1.9090909 4.067060496911e+05
14.646465 -1.8484848 4.143345378718e+05
14.646465 -1.7878788 4.217917314357e+05
14.646465 -1.7272727 4.290734565423e+05
14.646465 -1.6666667 4.361698258862e+05
14.646465 -1.6060606 4.430703576477e+05
14.646465 -1.5454545 4.497686986977e+05
14.646465 -1.4848485 4.562581745841e+05
14.646465 -1.4242424 4.625342564927e+05
14.646465 -1.3636364 4.685931611400e+05
14.646465 -1.3030303 4.744243223164e+05
14.646465 -1.2424242 4.800393250348e+05
14.646465 -1.1818182 4.854314061360e+05
14.646465 -1.1212121 4.905931837405e+05
14.646465 -1.0606061 4.955178129430e+05
14.646465 -1 5.002016848236e+05
14.646465 -0.93939394 5.046389977462e+05
14.646465 -0.87878788 5.088219920692e+05
14.646465 -0.81818182 5.127561968504e+05
14.646465 -0.75757576 5.163873276100e+05
14.646465 -0.6969697 5.197814138973e+05
14.646465 -0.63636364 5.228746450186e+05
14.646465 -0.57575758 5.257094614745e+05
14.646465 -0.51515152 5.282654477951e+05
14.646465 -0.45454545 5.305260014426e+05
14.646465 -0.39393939 5.325048072131e+05
14.646465 -0.33333333 5.342070639357e+05
14.646465 -0.27272727 5.356424045555e+05
14.646465 -0.21212121 5.367815605190e+05
14.646465 -0.15151515 5.376419309781e+05
14.646465 -0.090909091 5.382109413026e+05
14.646465 -0.03030303 5.385126869075e+05
14.646465 0.03030303 5.383831620637e+05
14.646465 0.090909091 5.380853875848e+05
14.646465 0.15151515 5.374880108237e+05
14.646465 0.21212121 5.365777173093e+05
14.646465 0.27272727 5.354089380275e+05
14.646465 0.33333333 5.339501631878e+05
14.646465 0.39393939 5.321819581506e+05
14.646465 0.45454545 5.301666043093e+05
14.646465 0.51515152 5.278669376682e+05
14.646465 0.57575758 5.252808666735e+05
14.646465 0.63636364 5.224098481054e+05
14.646465 0.6969697 5.191976148062e+05
14.646465 0.75757576 5.157616483971e+05
14.646465 0.81818182 5.120792750837e+05
14.646465 0.87878788 5.081363047936e+05
14.646465 0.93939394 5.039389747563e+05
14.646465 1 4.994993338652e+05
14.646465 1.0606061 4.948159102258e+05
14.646465 1.1212121 4.898904909593e+05
14.646465 1.1818182 4.847399421640e+05
14.646465 1.2424242 4.793670471234e+05
14.646465 1.3030303 4.737444384610e+05
14.646465 1.3636364 4.678952021323e+05
14.646465 1.4242424 4.618241505775e+05
14.646465 1.4848485 4.555357804937e+05
14.646465 1.5454545 4.490383724006e+05
14.646465 1.6060606 4.423350961514e+05
14.646465 1.6666667 4.354326881384e+05
14.646465 1.7272727 4.283389018052e+05
14.646465 1.7878788 4.210600509453e+05
14.646465 1.8484848 4.136082352716e+05
14.646465 1.9090909 4.059921128744e+05
14.646465 1.969697 3.982118097438e+05
14.646465 2.030303 3.902754107566e+05
14.646465 2.0909091 3.821948995520e+05
14.646465 2.1515152 3.739776161348e+05
14.646465 2.2121212 3.656296658001e+05
14.646465 2.2727273 3.571577398901e+05
14.646465 2.3333333 3.485705718719e+05
14.646465 2.3939394 3.398758220800e+05
14.646465 2.4545455 3.310816059097e+05
14.646465 2.5151515 3.221997425755e+05
14.646465 2.5757576 3.132376880717e+05
14.646465 2.6363636 3.042090723002e+05
14.646465 2.6969697 2.951204153340e+05
14.646465 2.7575758 2.859836541066e+05
14.646465 2.8181818 2.768099547479e+05
14.646465 2.8787879 2.676096978090e+05
14.646465 2.9393939 2.583984261718e+05
14.646465 3 2.491875366796e+05
15.151515 -3 2.126458684200e+05
15.151515 -2.9393939 2.206598347125e+05
15.151515 -2.8787879 2.286932210306e+05
15.151515 -2.8181818 2.367027288121e+05
15.151515 -2.7575758 2.446934397288e+05
15.151515 -2.6969697 2.526458492992e+05
15.151515 -2.6363636 2.605561545816e+05
15.151515 -2.5757576 2.684158366140e+05
15.151515 -2.5151515 2.762199513144e+05
15.151515 -2.4545455 2.839502698028e+05
15.151515 -2.3939394 2.916074556334e+05
15.151515 -2.3333333 2.991854178255e+05
15.151515 -2.2727273 3.066780613365e+05
15.151515 -2.2121212 3.140780679701e+05
15.151515 -2.1515152 3.213740889087e+05
15.151515 -2.0909091 3.285608616294e+05
15.151515 -2.030303 3.356236271031e+05
15.151515 -1.969697 3.425625516705e+05
15.151515 -1.9090909 3.493590804044e+05
15.151515 -1.8484848 3.560176772604e+05
15.151515 -1.7878788 3.625281825042e+05
15.151515 -1.7272727 3.688869745740e+05
15.151515 -1.6666667 3.750838299000e+05
15.151515 -1.6060606 3.811105613505e+05
15.151515 -1.5454545 3.869609341418e+05
15.151515 -1.4848485 3.926299918761e+05
15.151515 -1.4242424 3.981147383928e+05
15.151515 -1.3636364 4.034109935123e+05
15.151515 -1.3030303 4.085105604972e+05
15.151515 -1.2424242 4.134214470364e+05
15.151515 -1.1818182 4.181373337532e+05
15.151515 -1.1212121 4.226510023799e+05
15.151515 -1.0606061 4.269578589579e+05
15.151515 -1 4.310542133307e+05
15.151515 -0.93939394 4.349345210827e+05
15.151515 -0.87878788 4.385929548962e+05
15.151515 -0.81818182 4.420343641516e+05
15.151515 -0.75757576 4.452176514379e+05
15.151515 -0.6969697 4.481864835811e+05
15.151515 -0.63636364 4.509018337715e+05
15.151515 -0.57575758 4.533750632856e+05
15.151515 -0.51515152 4.556134275097e+05
15.151515 -0.45454545 4.575949169058e+05
15.151515 -0.39393939 4.593174761131e+05
15.151515 -0.33333333 4.607938025128e+05
15.151515 -0.27272727 4.620450432498e+05
15.151515 -0.21212121 4.630422284815e+05
15.151515 -0.15151515 4.637967027261e+05
15.151515 -0.090909091 4.642906643271e+05
15.151515 -0.03030303 4.645450481175e+05
15.151515 0.03030303 4.644666002706e+05
15.151515 0.090909091 4.641894842745e+05
15.151515 0.15151515 4.636697082963e+05
15.151515 0.21212121 4.628690017322e+05
15.151515 0.27272727 4.618460793837e+05
15.151515 0.33333333 4.605722459579e+05
15.151515 0.39393939 4.590344980750e+05
15.151515 0.45454545 4.572582824183e+05
15.151515 0.51515152 4.552495105958e+05
15.151515 0.57575758 4.529895250944e+05
15.151515 0.63636364 4.504829425081e+05
15.151515 0.6969697 4.476954037660e+05
15.151515 0.75757576 4.446825908201e+05
15.151515 0.81818182 4.414578790725e+05
15.151515 0.87878788 4.380100975593e+05
15.151515 0.93939394 4.343409847320e+05
15.151515 1 4.304602567584e+05
15.151515 1.0606061 4.263662061931e+05
15.151515 1.1212121 4.220607323804e+05
15.151515 1.1818182 4.175630374326e+05
15.151515 1.2424242 4.128619837588e+05
15.151515 1.3030303 4.079471657935e+05
15.151515 1.3636364 4.028344800116e+05
15.151515 1.4242424 3.975289528267e+05
15.151515 1.4848485 3.920340045425e+05
15.151515 1.5454545 3.863563815659e+05
15.151515 1.6060606 3.804993145857e+05
15.151515 1.6666667 3.744686357508e+05
15.151515 1.7272727 3.682718832142e+05
15.151515 1.7878788 3.619151812759e+05
15.151515 1.8484848 3.554090924667e+05
15.151515 1.9090909 3.487603222993e+05
15.151515 1.969697 3.419686192404e+05
15.151515 2.030303 3.350417643201e+05
15.151515 2.0909091 3.279915111709e+05
15.151515 2.1515152 3.208223882932e+05
15.151515 2.2121212 3.135410967069e+05
15.151515 2.2727273 3.061534185036e+05
15.151515 2.3333333 2.986669066289e+05
15.151515 2.3939394 2.910884196630e+05
15.151515 2.4545455 2.834256040207e+05
15.151515 2.5151515 2.756885528115e+05
15.151515 2.5757576 2.678837796386e+05
15.151515 2.6363636 2.600226067719e+05
15.151515 2.6969697 2.521116514568e+05
15.151515 2.7575758 2.441612120920e+05
15.151515 2.8181818 2.361822717204e+05
15.151515 2.8787879 2.281843925130e+05
15.151515 2.9393939 2.201809724125e+05
15.151515 3 2.121827350995e+05
15.656566 -3 1.818342902284e+05
15.656566 -2.9393939 1.888205422298e+05
15.656566 -2.8787879 1.958203710789e+05
15.656566 -2.8181818 2.028079052798e+05
15.656566 -2.7575758 2.097794670305e+05
15.656566 -2.6969697 2.167236740773e+05
15.656566 -2.6363636 2.236345850926e+05
15.656566 -2.5757576 2.305045506983e+05
15.656566 -2.5151515 2.373261137522e+05
15.656566 -2.4545455 2.440861735520e+05
15.656566 -2.3939394 2.507842080698e+05
15.656566 -2.3333333 2.574148742106e+05
15.656566 -2.2727273 2.639717243888e+05
15.656566 -2.2121212 2.704483163222e+05
15.656566 -2.1515152 2.768351614725e+05
15.656566 -2.0909091 2.831266899677e+05
15.656566 -2.030303 2.893103070020e+05
15.656566 -1.969697 2.953872198190e+05
15.656566 -1.9090909 3.013411515348e+05
15.656566 -1.8484848 3.071749187451e+05
15.656566 -1.7878788 3.128801000096e+05
15.656566 -1.7272727 3.184528502992e+05
15.656566 -1.6666667 3.238834669120e+05
15.656566 -1.6060606 3.291658144004e+05
15.656566 -1.5454545 3.342944190815e+05
15.656566 -1.4848485 3.392656074085e+05
15.656566 -1.4242424 3.440768956212e+05
15.656566 -1.3636364 3.487238204186e+05
15.656566 -1.3030303 3.532005614410e+05
15.656566 -1.2424242 3.575104426291e+05
15.656566 -1.1818182 3.616490866006e+05
15.656566 -1.1212121 3.656099693697e+05
15.656566 -1.0606061 3.693904049056e+05
15.656566 -1 3.729860457493e+05
15.656566 -0.93939394 3.763917313854e+05
15.656566 -0.87878788 3.796024028221e+05
15.656566 -0.81818182 3.826214682628e+05
15.656566 -0.75757576 3.854200849989e+05
15.656566 -0.6969697 3.880275320018e+05
15.656566 -0.63636364 3.904228618211e+05
15.656566 -0.57575758 3.925936554385e+05
15.656566 -0.51515152 3.945537675798e+05
15.656566 -0.45454545 3.962968911112e+05
15.656566 -0.39393939 3.978081703694e+05
15.656566 -0.33333333 3.990949333856e+05
15.656566 -0.27272727 4.001839621330e+05
15.656566 -0.21212121 4.010598658035e+05
15.656566 -0.15151515 4.017238176159e+05
15.656566 -0.090909091 4.021567214290e+05
15.656566 -0.03030303 4.023726265669e+05
15.656566 0.03030303 4.023337309214e+05
15.656566 0.090909091 4.020803949064e+05
15.656566 0.15151515 4.016200546138e+05
15.656566 0.21212121 4.009116938213e+05
15.656566 0.27272727 4.000147906609e+05
15.656566 0.33333333 3.988953570924e+05
15.656566 0.39393939 3.975535960323e+05
15.656566 0.45454545 3.959865326146e+05
15.656566 0.51515152 3.942221841552e+05
15.656566 0.57575758 3.922414617004e+05
15.656566 0.63636364 3.900419094139e+05
15.656566 0.6969697 3.876141410110e+05
15.656566 0.75757576 3.849681017554e+05
15.656566 0.81818182 3.821315764713e+05
15.656566 0.87878788 3.791059028034e+05
15.656566 0.93939394 3.758871495284e+05
15.656566 1 3.724826443836e+05
15.656566 1.0606061 3.688906648688e+05
15.656566 1.1212121 3.651132661723e+05
15.656566 1.1818182 3.611707818651e+05
15.656566 1.2424242 3.570426408246e+05
15.656566 1.3030303 3.527307139355e+05
15.656566 1.3636364 3.482453641368e+05
15.656566 1.4242424 3.435915984945e+05
15.656566 1.4848485 3.387721625806e+05
15.656566 1.5454545 3.337925207905e+05
15.656566 1.6060606 3.286559043327e+05
15.656566 1.6666667 3.233677743472e+05
15.656566 1.7272727 3.179351368742e+05
15.656566 1.7878788 3.123635611742e+05
15.656566 1.8484848 3.066622934685e+05
15.656566 1.9090909 3.008364109391e+05
15.656566 1.969697 2.948858068090e+05
15.656566 2.030303 2.888180271056e+05
15.656566 2.0909091 2.826438001151e+05
15.656566 2.1515152 2.763661397931e+05
15.656566 2.2121212 2.699917214812e+05
15.656566 2.2727273 2.635255593910e+05
15.656566 2.3333333 2.569745018849e+05
15.656566 2.3939394 2.503446802656e+05
15.656566 2.4545455 2.436431102514e+05
15.656566 2.5151515 2.368782282156e+05
15.656566 2.5757576 2.300557339181e+05
15.656566 2.6363636 2.231851938047e+05
15.656566 2.6969697 2.162734489973e+05
15.656566 2.7575758 2.093298414646e+05
15.656566 2.8181818 2.023646806561e+05
15.656566 2.8787879 1.953868825241e+05
15.656566 2.9393939 1.884078628238e+05
15.656566 3 1.814371501414e+05
16.161616 -3 1.561085381982e+05
16.161616 -2.9393939 1.622193466006e+05
16.161616 -2.8787879 1.683406718855e+05
16.161616 -2.8181818 1.744575958589e+05
16.161616 -2.7575758 1.805628828560e+05
16.161616 -2.6969697 1.866480937386e+05
16.161616 -2.6363636 1.927069713021e+05
16.161616 -2.5757576 1.987338007962e+05
16.161616 -2.5151515 2.047173311656e+05
16.161616 -2.4545455 2.106494080511e+05
16.161616 -2.3939394 2.165289565998e+05
16.161616 -2.3333333 2.223509960649e+05
16.161616 -2.2727273 2.281090103341e+05
16.161616 -2.2121212 2.337973159617e+05
16.161616 -2.1515152 2.394078202540e+05
16.161616 -2.0909091 2.449350825547e+05
16.161616 -2.030303 2.503683518767e+05
16.161616 -1.969697 2.557089594334e+05
16.161616 -1.9090909 2.609434710142e+05
16.161616 -1.8484848 2.660725375967e+05
16.161616 -1.7878788 2.710894443952e+05
16.161616 -1.7272727 2.759899097475e+05
16.161616 -1.6666667 2.807652541537e+05
16.161616 -1.6060606 2.854111528206e+05
16.161616 -1.5454545 2.899230267837e+05
16.161616 -1.4848485 2.942981257099e+05
16.161616 -1.4242424 2.985335340376e+05
16.161616 -1.3636364 3.026251958084e+05
16.161616 -1.3030303 3.065690613135e+05
16.161616 -1.2424242 3.103636313659e+05
16.161616 -1.1818182 3.140078806737e+05
16.161616 -1.1212121 3.174958194734e+05
16.161616 -1.0606061 3.208258269027e+05
16.161616 -1 3.239927146593e+05
16.161616 -0.93939394 3.269920879663e+05
16.161616 -0.87878788 3.298188898360e+05
16.161616 -0.81818182 3.324760411094e+05
16.161616 -0.75757576 3.349440478388e+05
16.161616 -0.6969697 3.372427751117e+05
16.161616 -0.63636364 3.393610442186e+05
16.161616 -0.57575758 3.412797422071e+05
16.161616 -0.51515152 3.429990552384e+05
16.161616 -0.45454545 3.445339262208e+05
16.161616 -0.39393939 3.458678177361e+05
16.161616 -0.33333333 3.469981088954e+05
16.161616 -0.27272727 3.479463246660e+05
16.161616 -0.21212121 3.487163517651e+05
16.161616 -0.15151515 3.493024896587e+05
16.161616 -0.090909091 3.496840888099e+05
16.161616 -0.03030303 3.498701276395e+05
16.161616 0.03030303 3.498521911321e+05
16.161616 0.090909091 3.496328861417e+05
16.161616 0.15151515 3.492202986137e+05
16.161616 0.21212121 3.485883789167e+05
16.161616 0.27272727 3.478004366975e+05
16.161616 0.33333333 3.468138308133e+05
16.161616 0.39393939 3.456338959648e+05
16.161616 0.45454545 3.442543997612e+05
16.161616 0.51515152 3.426956959353e+05
16.161616 0.57575758 3.409541567823e+05
16.161616 0.63636364 3.390163548491e+05
16.161616 0.6969697 3.368893591923e+05
16.161616 0.75757576 3.345646917245e+05
16.161616 0.81818182 3.320598816662e+05
16.161616 0.87878788 3.293953632745e+05
16.161616 0.93939394 3.265620772294e+05
16.161616 1 3.235649253544e+05
16.161616 1.0606061 3.204024461526e+05
16.161616 1.1212121 3.170766982743e+05
16.161616 1.1818182 3.136073752605e+05
16.161616 1.2424242 3.099707653840e+05
16.161616 1.3030303 3.061745834008e+05
16.161616 1.3636364 3.022259512210e+05
16.161616 1.4242424 2.981294641731e+05
16.161616 1.4848485 2.938874924070e+05
16.161616 1.5454545 2.895048401088e+05
16.161616 1.6060606 2.849845368129e+05
16.161616 1.6666667 2.803317028580e+05
16.161616 1.7272727 2.755526448845e+05
16.161616 1.7878788 2.706522513257e+05
16.161616 1.8484848 2.656387139031e+05
16.161616 1.9090909 2.605157018089e+05
16.161616 1.969697 2.552838447584e+05
16.161616 2.030303 2.499501678883e+05
16.161616 2.0909091 2.445240734981e+05
16.161616 2.1515152 2.390078991093e+05
16.161616 2.2121212 2.334078103442e+05
16.161616 2.2727273 2.277282026413e+05
16.161616 2.3333333 2.219757328061e+05
16.161616 2.3939394 2.161555745731e+05
16.161616 2.4545455 2.102739285442e+05
16.161616 2.5151515 2.043379281756e+05
16.161616 2.5757576 1.983526867265e+05
16.161616 2.6363636 1.923266934773e+05
16.161616 2.6969697 1.862667733573e+05
16.161616 2.7575758 1.801816440945e+05
16.161616 2.8181818 1.740804343582e+05
16.161616 2.8787879 1.679715132315e+05
16.161616 2.9393939 1.618649838769e+05
16.161616 3 1.557686136080e+05
16.666667 -3 1.345306477942e+05
16.666667 -2.9393939 1.398926980793e+05
16.666667 -2.8787879 1.452647940914e+05
16.666667 -2.8181818 1.506373636539e+05
16.666667 -2.7575758 1.560027179005e+05
16.666667 -2.6969697 1.613530703042e+05
16.666667 -2.6363636 1.666826001648e+05
16.666667 -2.5757576 1.719869626988e+05
16.666667 -2.5151515 1.772529820770e+05
16.666667 -2.4545455 1.824758784317e+05
16.666667 -2.3939394 1.876541382306e+05
16.666667 -2.3333333 1.927830924568e+05
16.666667 -2.2727273 1.978563412794e+05
16.666667 -2.2121212 2.028689266048e+05
16.666667 -2.1515152 2.078138257366e+05
16.666667 -2.0909091 2.126860201342e+05
16.666667 -2.030303 2.174762710876e+05
16.666667 -1.969697 2.221856617797e+05
16.666667 -1.9090909 2.268032021621e+05
16.666667 -1.8484848 2.313274410218e+05
16.666667 -1.7878788 2.357535107584e+05
16.666667 -1.7272727 2.400768274810e+05
16.666667 -1.6666667 2.442898876534e+05
16.666667 -1.6060606 2.483897305654e+05
16.666667 -1.5454545 2.523726566272e+05
16.666667 -1.4848485 2.562361999749e+05
16.666667 -1.4242424 2.599770725188e+05
16.666667 -1.3636364 2.635918437856e+05
16.666667 -1.3030303 2.670773793917e+05
16.666667 -1.2424242 2.704289454209e+05
16.666667 -1.1818182 2.736482190047e+05
16.666667 -1.1212121 2.767301941857e+05
16.666667 -1.0606061 2.796729776770e+05
16.666667 -1 2.824711906455e+05
16.666667 -0.93939394 2.851209237577e+05
16.666667 -0.87878788 2.876175887694e+05
16.666667 -0.81818182 2.899645257902e+05
16.666667 -0.75757576 2.921477924103e+05
16.666667 -0.6969697 2.941812901628e+05
16.666667 -0.63636364 2.960579414793e+05
16.666667 -0.57575758 2.977613178563e+05
16.666667 -0.51515152 2.992783826948e+05
16.666667 -0.45454545 3.006289727804e+05
16.666667 -0.39393939 3.018102214819e+05
16.666667 -0.33333333 3.028105734785e+05
16.666667 -0.27272727 3.036401038871e+05
16.666667 -0.21212121 3.043164657883e+05
16.666667 -0.15151515 3.048359912271e+05
16.666667 -0.090909091 3.051721713415e+05
16.666667 -0.03030303 3.053359600444e+05
16.666667 0.03030303 3.053255179340e+05
16.666667 0.090909091 3.051399890448e+05
16.666667 0.15151515 3.047759176059e+05
16.666667 0.21212121 3.042047375067e+05
16.666667 0.27272727 3.035107275323e+05
16.666667 0.33333333 3.026393592527e+05
16.666667 0.39393939 3.015952544553e+05
16.666667 0.45454545 3.003813700382e+05
16.666667 0.51515152 2.989990817156e+05
16.666667 0.57575758 2.974608962230e+05
16.666667 0.63636364 2.957486447276e+05
16.666667 0.6969697 2.938740018553e+05
16.666667 0.75757576 2.918275083428e+05
16.666667 0.81818182 2.896103770962e+05
16.666667 0.87878788 2.872560637443e+05
16.666667 0.93939394 2.847540018178e+05
16.666667 1 2.821066388109e+05
16.666667 1.0606061 2.793129915809e+05
16.666667 1.1212121 2.763750457683e+05
16.666667 1.1818182 2.733107549448e+05
16.666667 1.2424242 2.700976278686e+05
16.666667 1.3030303 2.667444028039e+05
16.666667 1.3636364 2.632567129807e+05
16.666667 1.4242424 2.596387091704e+05
16.666667 1.4848485 2.558925962055e+05
16.666667 1.5454545 2.520227485052e+05
16.666667 1.6060606 2.480319043229e+05
16.666667 1.6666667 2.439247289793e+05
16.666667 1.7272727 2.397067138026e+05
16.666667 1.7878788 2.353822852965e+05
16.666667 1.8484848 2.309589614321e+05
16.666667 1.9090909 2.264387805013e+05
16.666667 1.969697 2.218236328413e+05
16.666667 2.030303 2.171197972741e+05
16.666667 2.0909091 2.123352301260e+05
16.666667 2.1515152 2.074720297166e+05
16.666667 2.2121212 2.025358963386e+05
16.666667 2.2727273 1.975305932178e+05
16.666667 2.3333333 1.924625182647e+05
16.666667 2.3939394 1.873359547057e+05
16.666667 2.4545455 1.821563795170e+05
16.666667 2.5151515 1.769300032270e+05
16.666667 2.5757576 1.716615522022e+05
16.666667 2.6363636 1.663587903552e+05
16.666667 2.6969697 1.610282063420e+05
16.666667 2.7575758 1.556779768407e+05
16.666667 2.8181818 1.503161460349e+05
16.666667 2.8787879 1.449502292169e+05
16.666667 2.9393939 1.395895038452e+05
16.666667 3 1.342402753658e+05
17.171717 -3 1.163537433714e+05
17.171717 -2.9393939 1.210731280498e+05
17.171717 -2.8787879 1.258033115570e+05
17.171717 -2.8181818 1.305371721170e+05
17.171717 -2.7575758 1.352673890348e+05
17.171717 -2.6969697 1.399865267483e+05
17.171717 -2.6363636 1.446892730555e+05
17.171717 -2.5757576 1.493719706660e+05
17.171717 -2.5151515 1.540214377380e+05
17.171717 -2.4545455 1.586345426545e+05
17.171717 -2.3939394 1.632095778434e+05
17.171717 -2.3333333 1.677421754391e+05
17.171717 -2.2727273 1.722261964901e+05
17.171717 -2.2121212 1.766572636076e+05
17.171717 -2.1515152 1.810293419552e+05
17.171717 -2.0909091 1.853378726381e+05
17.171717 -2.030303 1.895749081175e+05
17.171717 -1.969697 1.937410815993e+05
17.171717 -1.9090909 1.978273632104e+05
17.171717 -1.8484848 2.018304079349e+05
17.171717 -1.7878788 2.057472886111e+05
17.171717 -1.7272727 2.095734037243e+05
17.171717 -1.6666667 2.133023692283e+05
17.171717 -1.6060606 2.169320844336e+05
17.171717 -1.5454545 2.204595486936e+05
17.171717 -1.4848485 2.238821582909e+05
17.171717 -1.4242424 2.271967176776e+05
17.171717 -1.3636364 2.304001938609e+05
17.171717 -1.3030303 2.334897207913e+05
17.171717 -1.2424242 2.364594387752e+05
17.171717 -1.1818182 2.393121517601e+05
17.171717 -1.1212121 2.420442325143e+05
17.171717 -1.0606061 2.446526540151e+05
17.171717 -1 2.471326055099e+05
17.171717 -0.93939394 2.494803614613e+05
17.171717 -0.87878788 2.516924127548e+05
17.171717 -0.81818182 2.537725765760e+05
17.171717 -0.75757576 2.557101198100e+05
17.171717 -0.6969697 2.575145678029e+05
17.171717 -0.63636364 2.591802500256e+05
17.171717 -0.57575758 2.606952668680e+05
17.171717 -0.51515152 2.620439277801e+05
17.171717 -0.45454545 2.632338494309e+05
17.171717 -0.39393939 2.642808013108e+05
17.171717 -0.33333333 2.651707452541e+05
17.171717 -0.27272727 2.659022218983e+05
17.171717 -0.21212121 2.664964057722e+05
17.171717 -0.15151515 2.669576326190e+05
17.171717 -0.090909091 2.672541023450e+05
17.171717 -0.03030303 2.673998791249e+05
17.171717 0.03030303 2.673915282210e+05
17.171717 0.090909091 2.672316005692e+05
17.171717 0.15151515 2.669182519991e+05
17.171717 0.21212121 2.663968536108e+05
17.171717 0.27272727 2.657841497258e+05
17.171717 0.33333333 2.650126593556e+05
17.171717 0.39393939 2.640856991132e+05
17.171717 0.45454545 2.630146019405e+05
17.171717 0.51515152 2.617867931444e+05
17.171717 0.57575758 2.604212198353e+05
17.171717 0.63636364 2.589042631143e+05
17.171717 0.6969697 2.572441604129e+05
17.171717 0.75757576 2.554354068524e+05
17.171717 0.81818182 2.534704856079e+05
17.171717 0.87878788 2.513834599440e+05
17.171717 0.93939394 2.491670295849e+05
17.171717 1 2.468211692108e+05
17.171717 1.0606061 2.443454510829e+05
17.171717 1.1212121 2.417418024400e+05
17.171717 1.1818182 2.390260143706e+05
17.171717 1.2424242 2.361788438166e+05
17.171717 1.3030303 2.332075211154e+05
17.171717 1.3636364 2.301171866589e+05
17.171717 1.4242424 2.269116985397e+05
17.171717 1.4848485 2.235931707894e+05
17.171717 1.5454545 2.201655183656e+05
17.171717 1.6060606 2.166311833180e+05
17.171717 1.6666667 2.129943451728e+05
17.171717 1.7272727 2.092596603357e+05
17.171717 1.7878788 2.054313438042e+05
17.171717 1.8484848 2.015165592666e+05
17.171717 1.9090909 1.975155648397e+05
17.171717 1.969697 1.934315670658e+05
17.171717 2.030303 1.892701922014e+05
17.171717 2.0909091 1.850379153535e+05
17.171717 2.1515152 1.807367545264e+05
17.171717 2.2121212 1.763721492926e+05
17.171717 2.2727273 1.719472166281e+05
17.171717 2.3333333 1.674677985305e+05
17.171717 2.3939394 1.629375546617e+05
17.171717 2.4545455 1.583614544288e+05
17.171717 2.5151515 1.537450856625e+05
17.171717 2.5757576 1.490929005690e+05
17.171717 2.6363636 1.444120297688e+05
17.171717 2.6969697 1.397083977230e+05
17.171717 2.7575758 1.349895822391e+05
17.171717 2.8181818 1.302629199330e+05
17.171717 2.8787879 1.255348134182e+05
17.171717 2.9393939 1.208138968479e+05
17.171717 3 1.161057168621e+05
17.676768 -3 1.009785942750e+05
17.676768 -2.9393939 1.051444667347e+05
17.676768 -2.8787879 1.093223997117e+05
17.676768 -2.8181818 1.135061247179e+05
17.676768 -2.7575758 1.176886767490e+05
17.676768 -2.6969697 1.218635575395e+05
17.676768 -2.6363636 1.260255711224e+05
17.676768 -2.5757576 1.301715683366e+05
17.676768 -2.5151515 1.342892279673e+05
17.676768 -2.4545455 1.383760534903e+05
17.676768 -2.3939394 1.424302076703e+05
17.676768 -2.3333333 1.464477679162e+05
17.676768 -2.2727273 1.504229129653e+05
17.676768 -2.2121212 1.543516871118e+05
17.676768 -2.1515152 1.582290301207e+05
17.676768 -2.0909091 1.620507293329e+05
17.676768 -2.030303 1.658099365591e+05
17.676768 -1.969697 1.695067124903e+05
17.676768 -1.9090909 1.731338137177e+05
17.676768 -1.8484848 1.766862216305e+05
17.676768 -1.7878788 1.801627650959e+05
17.676768 -1.7272727 1.835590849118e+05
17.676768 -1.6666667 1.868698357612e+05
17.676768 -1.6060606 1.900933551708e+05
17.676768 -1.5454545 1.932269771284e+05
17.676768 -1.4848485 1.962681165620e+05
17.676768 -1.4242424 1.992138239406e+05
17.676768 -1.3636364 2.020611813956e+05
17.676768 -1.3030303 2.048073644996e+05
17.676768 -1.2424242 2.074467476525e+05
17.676768 -1.1818182 2.099823301063e+05
17.676768 -1.1212121 2.124114317941e+05
17.676768 -1.0606061 2.147300905773e+05
17.676768 -1 2.169342400351e+05
17.676768 -0.93939394 2.190204432555e+05
17.676768 -0.87878788 2.209865704828e+05
17.676768 -0.81818182 2.228363406120e+05
17.676768 -0.75757576 2.245612842677e+05
17.676768 -0.6969697 2.261669035356e+05
17.676768 -0.63636364 2.276482314609e+05
17.676768 -0.57575758 2.289974118447e+05
17.676768 -0.51515152 2.302022107289e+05
17.676768 -0.45454545 2.312567775301e+05
17.676768 -0.39393939 2.321838833559e+05
17.676768 -0.33333333 2.329777056978e+05
17.676768 -0.27272727 2.336280141123e+05
17.676768 -0.21212121 2.341518458952e+05
17.676768 -0.15151515 2.345596311791e+05
17.676768 -0.090909091 2.348235148722e+05
17.676768 -0.03030303 2.349529085193e+05
17.676768 0.03030303 2.349451112688e+05
17.676768 0.090909091 2.348040799331e+05
17.676768 0.15151515 2.345348592012e+05
17.676768 0.21212121 2.340597860066e+05
17.676768 0.27272727 2.335184415179e+05
17.676768 0.33333333 2.328336042008e+05
17.676768 0.39393939 2.320085060938e+05
17.676768 0.45454545 2.310591592593e+05
17.676768 0.51515152 2.299681351653e+05
17.676768 0.57575758 2.287499374454e+05
17.676768 0.63636364 2.274027983380e+05
17.676768 0.6969697 2.259269837691e+05
17.676768 0.75757576 2.243215594532e+05
17.676768 0.81818182 2.225781167351e+05
17.676768 0.87878788 2.207219746239e+05
17.676768 0.93939394 2.187526268902e+05
17.676768 1 2.166676050763e+05
17.676768 1.0606061 2.144669938847e+05
17.676768 1.1212121 2.121526852208e+05
17.676768 1.1818182 2.097381286763e+05
17.676768 1.2424242 2.072080830594e+05
17.676768 1.3030303 2.045672667000e+05
17.676768 1.3636364 2.018208556029e+05
17.676768 1.4242424 1.989724332817e+05
17.676768 1.4848485 1.960239640482e+05
17.676768 1.5454545 1.929789551988e+05
17.676768 1.6060606 1.898395197996e+05
17.676768 1.6666667 1.866094802782e+05
17.676768 1.7272727 1.832927822554e+05
17.676768 1.7878788 1.798934106156e+05
17.676768 1.8484848 1.764182751285e+05
17.676768 1.9090909 1.728662809532e+05
17.676768 1.969697 1.692413605737e+05
17.676768 2.030303 1.655488953722e+05
17.676768 2.0909091 1.617939197819e+05
17.676768 2.1515152 1.579784134109e+05
17.676768 2.2121212 1.541075126324e+05
17.676768 2.2727273 1.501837985074e+05
17.676768 2.3333333 1.462125046342e+05
17.676768 2.3939394 1.421968959054e+05
17.676768 2.4545455 1.381415534063e+05
17.676768 2.5151515 1.340516359500e+05
17.676768 2.5757576 1.299313279445e+05
17.676768 2.6363636 1.257872038234e+05
17.676768 2.6969697 1.216245547370e+05
17.676768 2.7575758 1.174502329635e+05
17.676768 2.8181818 1.132710431849e+05
17.676768 2.8787879 1.090924559039e+05
17.676768 2.9393939 1.049225235258e+05
17.676768 3 1.007664457478e+05
18.181818 -3 8.792214254968e+04
18.181818 -2.9393939 9.160968900932e+04
18.181818 -2.8787879 9.531052986602e+04
18.181818 -2.8181818 9.901859259590e+04
18.181818 -2.7575758 1.027272820897e+05
18.181818 -2.6969697 1.064311928510e+05
18.181818 -2.6363636 1.101250413625e+05
18.181818 -2.5757576 1.138060946023e+05
18.181818 -2.5151515 1.174633395269e+05
18.181818 -2.4545455 1.210943563060e+05
18.181818 -2.3939394 1.246971091012e+05
18.181818 -2.3333333 1.282682787898e+05
18.181818 -2.2727273 1.318023917445e+05
18.181818 -2.2121212 1.352958152127e+05
18.181818 -2.1515152 1.387443855463e+05
18.181818 -2.0909091 1.421441181095e+05
18.181818 -2.030303 1.454890616913e+05
18.181818 -1.969697 1.487786620414e+05
18.181818 -1.9090909 1.520074485908e+05
18.181818 -1.8484848 1.551690051529e+05
18.181818 -1.7878788 1.582635522848e+05
18.181818 -1.7272727 1.612870988340e+05
18.181818 -1.6666667 1.642352683627e+05
18.181818 -1.6060606 1.671065333916e+05
18.181818 -1.5454545 1.698982907387e+05
18.181818 -1.4848485 1.726082644091e+05
18.181818 -1.4242424 1.752336718135e+05
18.181818 -1.3636364 1.777715460243e+05
18.181818 -1.3030303 1.802191905780e+05
18.181818 -1.2424242 1.825717467683e+05
18.181818 -1.1818182 1.848320475649e+05
18.181818 -1.1212121 1.869976759122e+05
18.181818 -1.0606061 1.890644012623e+05
18.181818 -1 1.910287439350e+05
18.181818 -0.93939394 1.928878597937e+05
18.181818 -0.87878788 1.946408920016e+05
18.181818 -0.81818182 1.962908916928e+05
18.181818 -0.75757576 1.978310008852e+05
18.181818 -0.6969697 1.992632550857e+05
18.181818 -0.63636364 2.005836254440e+05
18.181818 -0.57575758 2.017870111406e+05
18.181818 -0.51515152 2.028651191743e+05
18.181818 -0.45454545 2.038074419149e+05
18.181818 -0.39393939 2.046288562046e+05
18.181818 -0.33333333 2.053373549636e+05
18.181818 -0.27272727 2.059189862039e+05
18.181818 -0.21212121 2.063837025974e+05
18.181818 -0.15151515 2.067422002634e+05
18.181818 -0.090909091 2.069795669530e+05
18.181818 -0.03030303 2.070940414058e+05
18.181818 0.03030303 2.070865565546e+05
18.181818 0.090909091 2.069608203411e+05
18.181818 0.15151515 2.067239466578e+05
18.181818 0.21212121 2.062968427238e+05
18.181818 0.27272727 2.058170931078e+05
18.181818 0.33333333 2.052075339905e+05
18.181818 0.39393939 2.044710433246e+05
18.181818 0.45454545 2.036256442189e+05
18.181818 0.51515152 2.026554283379e+05
18.181818 0.57575758 2.015649646447e+05
18.181818 0.63636364 2.003656395618e+05
18.181818 0.6969697 1.990495064337e+05
18.181818 0.75757576 1.976191136238e+05
18.181818 0.81818182 1.960693095255e+05
18.181818 0.87878788 1.944134575765e+05
18.181818 0.93939394 1.926585113860e+05
18.181818 1 1.907999876595e+05
18.181818 1.0606061 1.888383293083e+05
18.181818 1.1212121 1.867753938487e+05
18.181818 1.1818182 1.846221989709e+05
18.181818 1.2424242 1.823678271912e+05
18.181818 1.3030303 1.800140916467e+05
18.181818 1.3636364 1.775664827253e+05
18.181818 1.4242424 1.750282464713e+05
18.181818 1.4848485 1.724011165146e+05
18.181818 1.5454545 1.696883046754e+05
18.181818 1.6060606 1.668915879444e+05
18.181818 1.6666667 1.640145996409e+05
18.181818 1.7272727 1.610607540344e+05
18.181818 1.7878788 1.580336293383e+05
18.181818 1.8484848 1.549397980794e+05
18.181818 1.9090909 1.517775502669e+05
18.181818 1.969697 1.485508137391e+05
18.181818 2.030303 1.452650795071e+05
18.181818 2.0909091 1.419240652136e+05
18.181818 2.1515152 1.385297223763e+05
18.181818 2.2121212 1.350867231830e+05
18.181818 2.2727273 1.315972893509e+05
18.181818 2.3333333 1.280661618582e+05
18.181818 2.3939394 1.244963686772e+05
18.181818 2.4545455 1.208921201206e+05
18.181818 2.5151515 1.172582446429e+05
18.181818 2.5757576 1.135986279154e+05
18.181818 2.6363636 1.099193432906e+05
18.181818 2.6969697 1.062251040001e+05
18.181818 2.7575758 1.025219852882e+05
18.181818 2.8181818 9.881624475585e+04
18.181818 2.8787879 9.511282164714e+04
18.181818 2.9393939 9.141918368663e+04
18.181818 3 8.774026504351e+04
18.686869 -3 7.679320276488e+04
18.686869 -2.9393939 8.006606189650e+04
18.686869 -2.8787879 8.335307899744e+04
18.686869 -2.8181818 8.664838004213e+04
18.686869 -2.7575758 8.994582961733e+04
18.686869 -2.6969697 9.324075456310e+04
18.686869 -2.6363636 9.652796132498e+04
18.686869 -2.5757576 9.980481015442e+04
18.686869 -2.5151515 1.030620845729e+05
18.686869 -2.4545455 1.062969747164e+05
18.686869 -2.3939394 1.095072677932e+05
18.686869 -2.3333333 1.126902449015e+05
18.686869 -2.2727273 1.158408284528e+05
18.686869 -2.2121212 1.189556892863e+05
18.686869 -2.1515152 1.220314058405e+05
18.686869 -2.0909091 1.250641748893e+05
18.686869 -2.030303 1.280486870972e+05
18.686869 -1.969697 1.309839067370e+05
18.686869 -1.9090909 1.338659746622e+05
18.686869 -1.8484848 1.366874554306e+05
18.686869 -1.7878788 1.394495974437e+05
18.686869 -1.7272727 1.421488041094e+05
18.686869 -1.6666667 1.447815024488e+05
18.686869 -1.6060606 1.473461529159e+05
18.686869 -1.5454545 1.498402176743e+05
18.686869 -1.4848485 1.522616905312e+05
18.686869 -1.4242424 1.546079513812e+05
18.686869 -1.3636364 1.568759438654e+05
18.686869 -1.3030303 1.590632761808e+05
18.686869 -1.2424242 1.611660265994e+05
18.686869 -1.1818182 1.631864508607e+05
18.686869 -1.1212121 1.651221808465e+05
18.686869 -1.0606061 1.669691464308e+05
18.686869 -1 1.687244017086e+05
18.686869 -0.93939394 1.703859261435e+05
18.686869 -0.87878788 1.719536508474e+05
18.686869 -0.81818182 1.734297244311e+05
18.686869 -0.75757576 1.748083292581e+05
18.686869 -0.6969697 1.760888981201e+05
18.686869 -0.63636364 1.772687872255e+05
18.686869 -0.57575758 1.783439439860e+05
18.686869 -0.51515152 1.793094431440e+05
18.686869 -0.45454545 1.801566200263e+05
18.686869 -0.39393939 1.808880075376e+05
18.686869 -0.33333333 1.815196688009e+05
18.686869 -0.27272727 1.820416108258e+05
18.686869 -0.21212121 1.824566602853e+05
18.686869 -0.15151515 1.827717981326e+05
18.686869 -0.090909091 1.829853967173e+05
18.686869 -0.03030303 1.830872668598e+05
18.686869 0.03030303 1.830804989288e+05
18.686869 0.090909091 1.829674649872e+05
18.686869 0.15151515 1.827542821282e+05
18.686869 0.21212121 1.823770276639e+05
18.686869 0.27272727 1.819473766612e+05
18.686869 0.33333333 1.814035349815e+05
18.686869 0.39393939 1.807442862919e+05
18.686869 0.45454545 1.799884225088e+05
18.686869 0.51515152 1.791235032528e+05
18.686869 0.57575758 1.781461336740e+05
18.686869 0.63636364 1.770748169445e+05
18.686869 0.6969697 1.758984686401e+05
18.686869 0.75757576 1.746194554617e+05
18.686869 0.81818182 1.732380237460e+05
18.686869 0.87878788 1.717570682727e+05
18.686869 0.93939394 1.701887883466e+05
18.686869 1 1.685276903123e+05
18.686869 1.0606061 1.667743302405e+05
18.686869 1.1212121 1.649305088123e+05
18.686869 1.1818182 1.630047950549e+05
18.686869 1.2424242 1.609909447143e+05
18.686869 1.3030303 1.588874587091e+05
18.686869 1.3636364 1.567002893760e+05
18.686869 1.4242424 1.544323611879e+05
18.686869 1.4848485 1.520851620683e+05
18.686869 1.5454545 1.496616685304e+05
18.686869 1.6060606 1.471634152322e+05
18.686869 1.6666667 1.445938842781e+05
18.686869 1.7272727 1.419561080206e+05
18.686869 1.7878788 1.392531604754e+05
18.686869 1.8484848 1.364911311369e+05
18.686869 1.9090909 1.336682552755e+05
18.686869 1.969697 1.307881304730e+05
18.686869 2.030303 1.278563381392e+05
18.686869 2.0909091 1.248755084401e+05
18.686869 2.1515152 1.218475305670e+05
18.686869 2.2121212 1.187766054609e+05
18.686869 2.2727273 1.156647461186e+05
18.686869 2.3333333 1.125162566467e+05
18.686869 2.3939394 1.093340326453e+05
18.686869 2.4545455 1.061219166479e+05
18.686869 2.5151515 1.028844595443e+05
18.686869 2.5757576 9.962526783890e+04
18.686869 2.6363636 9.634984815708e+04
18.686869 2.6969697 9.306243396630e+04
18.686869 2.7575758 8.976842493610e+04
18.686869 2.8181818 8.647352876076e+04
18.686869 2.8787879 8.318244348523e+04
18.686869 2.9393939 7.990198838826e+04
18.686869 3 7.663682453048e+04
19.191919 -3 6.727311178353e+04
19.191919 -2.9393939 7.018532132731e+04
19.191919 -2.8787879 7.311219798870e+04
19.191919 -2.8181818 7.604812998706e+04
19.191919 -2.7575758 7.898754369937e+04
19.191919 -2.6969697 8.192611829581e+04
19.191919 -2.6363636 8.485902706321e+04
19.191919 -2.5757576 8.778334824982e+04
19.191919 -2.5151515 9.069197974201e+04
19.191919 -2.4545455 9.358149015524e+04
19.191919 -2.3939394 9.644951534372e+04
19.191919 -2.3333333 9.929383614546e+04
19.191919 -2.2727273 1.021098238565e+05
19.191919 -2.2121212 1.048944634361e+05
19.191919 -2.1515152 1.076448834923e+05
19.191919 -2.0909091 1.103574841015e+05
19.191919 -2.030303 1.130273551315e+05
19.191919 -1.969697 1.156532149188e+05
19.191919 -1.9090909 1.182324654783e+05
19.191919 -1.8484848 1.207571259039e+05
19.191919 -1.7878788 1.232291332706e+05
19.191919 -1.7272727 1.256452645377e+05
19.191919 -1.6666667 1.280025261195e+05
19.191919 -1.6060606 1.302993467546e+05
19.191919 -1.5454545 1.325333932144e+05
19.191919 -1.4848485 1.347026763473e+05
19.191919 -1.4242424 1.368048028370e+05
19.191919 -1.3636364 1.388367061118e+05
19.191919 -1.3030303 1.407964134335e+05
19.191919 -1.2424242 1.426809557132e+05
19.191919 -1.1818182 1.444915987338e+05
19.191919 -1.1212121 1.462261327509e+05
19.191919 -1.0606061 1.478808254233e+05
19.191919 -1 1.494533387451e+05
19.191919 -0.93939394 1.509424992944e+05
19.191919 -0.87878788 1.523484372571e+05
19.191919 -0.81818182 1.536724431884e+05
19.191919 -0.75757576 1.549093838706e+05
19.191919 -0.6969697 1.560568874867e+05
19.191919 -0.63636364 1.571138347201e+05
19.191919 -0.57575758 1.580762336212e+05
19.191919 -0.51515152 1.589420534240e+05
19.191919 -0.45454545 1.597055784136e+05
19.191919 -0.39393939 1.603621170527e+05
19.191919 -0.33333333 1.609249970286e+05
19.191919 -0.27272727 1.613938740756e+05
19.191919 -0.21212121 1.617664661335e+05
19.191919 -0.15151515 1.620452908663e+05
19.191919 -0.090909091 1.622358460424e+05
19.191919 -0.03030303 1.623275655647e+05
19.191919 0.03030303 1.623218285960e+05
19.191919 0.090909091 1.622197267487e+05
19.191919 0.15151515 1.620262606118e+05
19.191919 0.21212121 1.616975395106e+05
19.191919 0.27272727 1.613076551489e+05
19.191919 0.33333333 1.608211843519e+05
19.191919 0.39393939 1.602292864025e+05
19.191919 0.45454545 1.595515178469e+05
19.191919 0.51515152 1.587774488066e+05
19.191919 0.57575758 1.579015145939e+05
19.191919 0.63636364 1.569407638846e+05
19.191919 0.6969697 1.558874243060e+05
19.191919 0.75757576 1.547401118595e+05
19.191919 0.81818182 1.535046300803e+05
19.191919 0.87878788 1.521773059425e+05
19.191919 0.93939394 1.507720907408e+05
19.191919 1 1.492836972757e+05
19.191919 1.0606061 1.477125227884e+05
19.191919 1.1212121 1.460602849075e+05
19.191919 1.1818182 1.443332265440e+05
19.191919 1.2424242 1.425298942426e+05
19.191919 1.3030303 1.406452653204e+05
19.191919 1.3636364 1.386857732292e+05
19.191919 1.4242424 1.366540983686e+05
19.191919 1.4848485 1.345515278149e+05
19.191919 1.5454545 1.323808169540e+05
19.191919 1.6060606 1.301433957247e+05
19.191919 1.6666667 1.278425086906e+05
19.191919 1.7272727 1.254809044960e+05
19.191919 1.7878788 1.230611887874e+05
19.191919 1.8484848 1.205888528589e+05
19.191919 1.9090909 1.180623430465e+05
19.191919 1.969697 1.154849746358e+05
19.191919 2.030303 1.128621295468e+05
19.191919 2.0909091 1.101956514305e+05
19.191919 2.1515152 1.074873136953e+05
19.191919 2.2121212 1.047409599468e+05
19.191919 2.2727273 1.019584939427e+05
19.191919 2.3333333 9.914377888181e+04
19.191919 2.3939394 9.629961694488e+04
19.191919 2.4545455 9.342951498927e+04
19.191919 2.5151515 9.053776442255e+04
19.191919 2.5757576 8.762774084094e+04
19.191919 2.6363636 8.470430484007e+04
19.191919 2.6969697 8.177129277496e+04
19.191919 2.7575758 7.883360706056e+04
19.191919 2.8181818 7.589645894275e+04
19.191919 2.8787879 7.296439798285e+04
19.191919 2.9393939 7.004353942072e+04
19.191919 3 6.713825267326e+04
19.69697 -3 5.910112958595e+04
19.69697 -2.9393939 6.169875146263e+04
19.69697 -2.8787879 6.431128531612e+04
19.69697 -2.8181818 6.693338000589e+04
19.69697 -2.7575758 6.956005527484e+04
19.69697 -2.6969697 7.218718167998e+04
19.69697 -2.6363636 7.481043601104e+04
19.69697 -2.5757576 7.742647640941e+04
19.69697 -2.5151515 8.003012247943e+04
19.69697 -2.4545455 8.261758664046e+04
19.69697 -2.3939394 8.518619425471e+04
19.69697 -2.3333333 8.773417729815e+04
19.69697 -2.2727273 9.025738325988e+04
19.69697 -2.2121212 9.275309278368e+04
19.69697 -2.1515152 9.521879098268e+04
19.69697 -2.0909091 9.765113397236e+04
19.69697 -2.030303 1.000455014271e+05
19.69697 -1.969697 1.024004989705e+05
19.69697 -1.9090909 1.047144282249e+05
19.69697 -1.8484848 1.069792696006e+05
19.69697 -1.7878788 1.091972951718e+05
19.69697 -1.7272727 1.113655845583e+05
19.69697 -1.6666667 1.134815765253e+05
19.69697 -1.6060606 1.155436972754e+05
19.69697 -1.5454545 1.175498752690e+05
19.69697 -1.4848485 1.194980147464e+05
19.69697 -1.4242424 1.213859319043e+05
19.69697 -1.3636364 1.232107152507e+05
19.69697 -1.3030303 1.249708272079e+05
19.69697 -1.2424242 1.266641207945e+05
19.69697 -1.1818182 1.282907815401e+05
19.69697 -1.1212121 1.298487058264e+05
19.69697 -1.0606061 1.313347495499e+05
19.69697 -1 1.327472027243e+05
19.69697 -0.93939394 1.340855226798e+05
19.69697 -0.87878788 1.353496534698e+05
19.69697 -0.81818182 1.365401353007e+05
19.69697 -0.75757576 1.376523894134e+05
19.69697 -0.6969697 1.386829226860e+05
19.69697 -0.63636364 1.396318483147e+05
19.69697 -0.57575758 1.404953258978e+05
19.69697 -0.51515152 1.412730971229e+05
19.69697 -0.45454545 1.419617213531e+05
19.69697 -0.39393939 1.425552360398e+05
19.69697 -0.33333333 1.430584343323e+05
19.69697 -0.27272727 1.434792368450e+05
19.69697 -0.21212121 1.438146718907e+05
19.69697 -0.15151515 1.440634825582e+05
19.69697 -0.090909091 1.442322188719e+05
19.69697 -0.03030303 1.443154169166e+05
19.69697 0.03030303 1.443106682654e+05
19.69697 0.090909091 1.442187234109e+05
19.69697 0.15151515 1.440427612972e+05
19.69697 0.21212121 1.437577148491e+05
19.69697 0.27272727 1.434020490871e+05
19.69697 0.33333333 1.429647828467e+05
19.69697 0.39393939 1.424316603565e+05
19.69697 0.45454545 1.418226941009e+05
19.69697 0.51515152 1.411273122012e+05
19.69697 0.57575758 1.403420829625e+05
19.69697 0.63636364 1.394774503763e+05
19.69697 0.6969697 1.385320684207e+05
19.69697 0.75757576 1.375002973388e+05
19.69697 0.81818182 1.363914751698e+05
19.69697 0.87878788 1.351995167639e+05
19.69697 0.93939394 1.339371903327e+05
19.69697 1 1.326003542709e+05
19.69697 1.0606061 1.311890115523e+05
19.69697 1.1212121 1.297047951285e+05
19.69697 1.1818182 1.281519803498e+05
19.69697 1.2424242 1.265332184928e+05
19.69697 1.3030303 1.248405371144e+05
19.69697 1.3636364 1.230806716130e+05
19.69697 1.4242424 1.212561058583e+05
19.69697 1.4848485 1.193679835259e+05
19.69697 1.5454545 1.174188438116e+05
19.69697 1.6060606 1.154101056583e+05
19.69697 1.6666667 1.133446830941e+05
19.69697 1.7272727 1.112251005579e+05
19.69697 1.7878788 1.090535829678e+05
19.69697 1.8484848 1.068349833004e+05
19.69697 1.9090909 1.045680652334e+05
19.69697 1.969697 1.022559488010e+05
19.69697 2.030303 9.990355896073e+04
19.69697 2.0909091 9.751225240494e+04
19.69697 2.1515152 9.508366632623e+04
19.69697 2.2121212 9.262135051164e+04
19.69697 2.2727273 9.012715537027e+04
19.69697 2.3333333 8.760454056975e+04
19.69697 2.3939394 8.505619616973e+04
19.69697 2.4545455 8.248536729351e+04
19.69697 2.5151515 7.989604002333e+04
19.69697 2.5757576 7.729135687581e+04
19.69697 2.6363636 7.467560505401e+04
19.69697 2.6969697 7.205227785889e+04
19.69697 2.7575758 6.942592573569e+04
19.69697 2.8181818 6.680132309514e+04
19.69697 2.8787879 6.418283419192e+04
19.69697 2.9393939 6.157587249655e+04
19.69697 3 5.898446094140e+04
20.20202 -3 5.206336102299e+04
20.20202 -2.9393939 5.438581212158e+04
20.20202 -2.8787879 5.672317078486e+04
20.20202 -2.8181818 5.907041847179e+04
20.20202 -2.7575758 6.142307227887e+04
20.20202 -2.6969697 6.377721792457e+04
20.20202 -2.6363636 6.612901536930e+04
20.20202 -2.5757576 6.847481803265e+04
20.20202 -2.5151515 7.081077452854e+04
20.20202 -2.4545455 7.313332133992e+04
20.20202 -2.3939394 7.543921798409e+04
20.20202 -2.3333333 7.772715143864e+04
20.20202 -2.2727273 7.999344185093e+04
20.20202 -2.2121212 8.223560766373e+04
20.20202 -2.1515152 8.445133431340e+04
20.20202 -2.0909091 8.663757344422e+04
20.20202 -2.030303 8.879003365380e+04
20.20202 -1.969697 9.090718740304e+04
20.20202 -1.9090909 9.298796400627e+04
20.20202 -1.8484848 9.502475364501e+04
20.20202 -1.7878788 9.701980340706e+04
20.20202 -1.7272727 9.897042434466e+04
20.20202 -1.6666667 1.008744333053e+05
20.20202 -1.6060606 1.027302819668e+05
20.20202 -1.5454545 1.045360974491e+05
20.20202 -1.4848485 1.062897457084e+05
20.20202 -1.4242424 1.079891688138e+05
20.20202 -1.3636364 1.096317696824e+05
20.20202 -1.3030303 1.112163930537e+05
20.20202 -1.2424242 1.127414978288e+05
20.20202 -1.1818182 1.142063961782e+05
20.20202 -1.1212121 1.156088492304e+05
20.20202 -1.0606061 1.169466323402e+05
20.20202 -1 1.182185745711e+05
20.20202 -0.93939394 1.194244142726e+05
20.20202 -0.87878788 1.205637947693e+05
20.20202 -0.81818182 1.216365770451e+05
20.20202 -0.75757576 1.226387425061e+05
20.20202 -0.6969697 1.235662575184e+05
20.20202 -0.63636364 1.244199994649e+05
20.20202 -0.57575758 1.251967352616e+05
20.20202 -0.51515152 1.258967341739e+05
20.20202 -0.45454545 1.265183465704e+05
20.20202 -0.39393939 1.270567479537e+05
20.20202 -0.33333333 1.275097653378e+05
20.20202 -0.27272727 1.278868607370e+05
20.20202 -0.21212121 1.281891020665e+05
20.20202 -0.15151515 1.284127008024e+05
20.20202 -0.090909091 1.285620704623e+05
20.20202 -0.03030303 1.286374386446e+05
20.20202 0.03030303 1.286335535899e+05
20.20202 0.090909091 1.285511913617e+05
20.20202 0.15151515 1.283909742403e+05
20.20202 0.21212121 1.281424956715e+05
20.20202 0.27272727 1.278196979322e+05
20.20202 0.33333333 1.274240884094e+05
20.20202 0.39393939 1.269423539840e+05
20.20202 0.45454545 1.263942404790e+05
20.20202 0.51515152 1.257678906867e+05
20.20202 0.57575758 1.250628771392e+05
20.20202 0.63636364 1.242827722749e+05
20.20202 0.6969697 1.234317428024e+05
20.20202 0.75757576 1.225020146641e+05
20.20202 0.81818182 1.215036633474e+05
20.20202 0.87878788 1.204310698093e+05
20.20202 0.93939394 1.192943258334e+05
20.20202 1 1.180908542844e+05
20.20202 1.0606061 1.168201215216e+05
20.20202 1.1212121 1.154836955514e+05
20.20202 1.1818182 1.140844263291e+05
20.20202 1.2424242 1.126276562253e+05
20.20202 1.3030303 1.111037596276e+05
20.20202 1.3636364 1.095194331480e+05
20.20202 1.4242424 1.078769687636e+05
20.20202 1.4848485 1.061774122615e+05
20.20202 1.5454545 1.044230859137e+05
20.20202 1.6060606 1.026154214669e+05
20.20202 1.6666667 1.007569729185e+05
20.20202 1.7272727 9.885007565372e+04
20.20202 1.7878788 9.689666000187e+04
20.20202 1.8484848 9.490097023786e+04
20.20202 1.9090909 9.286212398713e+04
20.20202 1.969697 9.078302871055e+04
20.20202 2.030303 8.866806211684e+04
20.20202 2.0909091 8.651832839847e+04
20.20202 2.1515152 8.433535429324e+04
20.20202 2.2121212 8.212237449209e+04
20.20202 2.2727273 7.988120507884e+04
20.20202 2.3333333 7.761498965260e+04
20.20202 2.3939394 7.532627031368e+04
20.20202 2.4545455 7.301811557224e+04
20.20202 2.5151515 7.069412817082e+04
20.20202 2.5757576 6.835716778072e+04
20.20202 2.6363636 6.601114624813e+04
20.20202 2.6969697 6.365925330998e+04
20.20202 2.7575758 6.130575746394e+04
20.20202 2.8181818 5.895503982583e+04
20.20202 2.8787879 5.661119574525e+04
20.20202 2.9393939 5.427899260765e+04
20.20202 3 5.196205508475e+04
20.707071 -3 4.598328256102e+04
20.707071 -2.9393939 4.806436946789e+04
20.707071 -2.8787879 5.016014233312e+04
20.707071 -2.8181818 5.226603010046e+04
20.707071 -2.7575758 5.437789983598e+04
20.707071 -2.6969697 5.649212183721e+04
20.707071 -2.6363636 5.860526047451e+04
20.707071 -2.5757576 6.071356256726e+04
20.707071 -2.5151515 6.281390573867e+04
20.707071 -2.4545455 6.490339674890e+04
20.707071 -2.3939394 6.697815323435e+04
20.707071 -2.3333333 6.903725827611e+04
20.707071 -2.2727273 7.107747447782e+04
20.707071 -2.2121212 7.309650130973e+04
20.707071 -2.1515152 7.509213088807e+04
20.707071 -2.0909091 7.706161375195e+04
20.707071 -2.030303 7.900107568297e+04
20.707071 -1.969697 8.090881289372e+04
20.707071 -1.9090909 8.278416254005e+04
20.707071 -1.8484848 8.462023658307e+04
20.707071 -1.7878788 8.641892009120e+04
20.707071 -1.7272727 8.817780201670e+04
20.707071 -1.6666667 8.989500571942e+04
20.707071 -1.6060606 9.156903594744e+04
20.707071 -1.5454545 9.319814155856e+04
20.707071 -1.4848485 9.478024620666e+04
20.707071 -1.4242424 9.631338401065e+04
20.707071 -1.3636364 9.779533839771e+04
20.707071 -1.3030303 9.922526009790e+04
20.707071 -1.2424242 1.006020017842e+05
20.707071 -1.1818182 1.019242421003e+05
20.707071 -1.1212121 1.031895265511e+05
20.707071 -1.0606061 1.043966786552e+05
20.707071 -1 1.055449191101e+05
20.707071 -0.93939394 1.066339855989e+05
20.707071 -0.87878788 1.076632253570e+05
20.707071 -0.81818182 1.086319136398e+05
20.707071 -0.75757576 1.095366365849e+05
20.707071 -0.6969697 1.103732181658e+05
20.707071 -0.63636364 1.111429506071e+05
20.707071 -0.57575758 1.118434259358e+05
20.707071 -0.51515152 1.124748494461e+05
20.707071 -0.45454545 1.130366860896e+05
20.707071 -0.39393939 1.135254787945e+05
20.707071 -0.33333333 1.139363919173e+05
20.707071 -0.27272727 1.142746900426e+05
20.707071 -0.21212121 1.145467491475e+05
20.707071 -0.15151515 1.147487546286e+05
20.707071 -0.090909091 1.148816790210e+05
20.707071 -0.03030303 1.149494601474e+05
20.707071 0.03030303 1.149464553748e+05
20.707071 0.090909091 1.148726388759e+05
20.707071 0.15151515 1.147270001373e+05
20.707071 0.21212121 1.145076219999e+05
20.707071 0.27272727 1.142170627949e+05
20.707071 0.33333333 1.138578472955e+05
20.707071 0.39393939 1.134207890860e+05
20.707071 0.45454545 1.129265245092e+05
20.707071 0.51515152 1.123612976498e+05
20.707071 0.57575758 1.117266042713e+05
20.707071 0.63636364 1.110216283317e+05
20.707071 0.6969697 1.102530375256e+05
20.707071 0.75757576 1.094137907710e+05
20.707071 0.81818182 1.085123678373e+05
20.707071 0.87878788 1.075450567091e+05
20.707071 0.93939394 1.065190464652e+05
20.707071 1 1.054332205044e+05
20.707071 1.0606061 1.042865199674e+05
20.707071 1.1212121 1.030804505316e+05
20.707071 1.1818182 1.018169738825e+05
20.707071 1.2424242 1.005026592965e+05
20.707071 1.3030303 9.912758040994e+04
20.707071 1.3636364 9.769805169027e+04
20.707071 1.4242424 9.621616116891e+04
20.707071 1.4848485 9.468289404765e+04
20.707071 1.5454545 9.310035365197e+04
20.707071 1.6060606 9.146996591077e+04
20.707071 1.6666667 8.979394170825e+04
20.707071 1.7272727 8.807445020391e+04
20.707071 1.7878788 8.631320596286e+04
20.707071 1.8484848 8.451391546540e+04
20.707071 1.9090909 8.267602536552e+04
20.707071 1.969697 8.080217950062e+04
20.707071 2.030303 7.889623481629e+04
20.707071 2.0909091 7.695917827288e+04
20.707071 2.1515152 7.499247394868e+04
20.707071 2.2121212 7.299902202609e+04
20.707071 2.2727273 7.098058555299e+04
20.707071 2.3333333 6.894008946374e+04
20.707071 2.3939394 6.687989379912e+04
20.707071 2.4545455 6.480292030689e+04
20.707071 2.5151515 6.271236668915e+04
20.707071 2.5757576 6.061079588796e+04
20.707071 2.6363636 5.850190652648e+04
20.707071 2.6969697 5.638862888314e+04
20.707071 2.7575758 5.427496387458e+04
20.707071 2.8181818 5.216491908592e+04
20.707071 2.8787879 5.006225085898e+04
20.707071 2.9393939 4.797118055802e+04
20.707071 3 4.589495130780e+04
21.212121 -3 4.071472537200e+04
21.212121 -2.9393939 4.258350773326e+04
21.212121 -2.8787879 4.446661192023e+04
21.212121 -2.8181818 4.635997515219e+04
21.212121 -2.7575758 4.825971858643e+04
21.212121 -2.6969697 5.016250986575e+04
21.212121 -2.6363636 5.206525592285e+04
21.212121 -2.5757576 5.396425786719e+04
21.212121 -2.5151515 5.585673908304e+04
21.212121 -2.4545455 5.774057499625e+04
21.212121 -2.3939394 5.961144923043e+04
21.212121 -2.3333333 6.146867316333e+04
21.212121 -2.2727273 6.330940448587e+04
21.212121 -2.2121212 6.513149395947e+04
21.212121 -2.1515152 6.693280683554e+04
21.212121 -2.0909091 6.871086207792e+04
21.212121 -2.030303 7.046225541068e+04
21.212121 -1.969697 7.218513818861e+04
21.212121 -1.9090909 7.387905057336e+04
21.212121 -1.8484848 7.553798593374e+04
21.212121 -1.7878788 7.716318587012e+04
21.212121 -1.7272727 7.875269353489e+04
21.212121 -1.6666667 8.030479893371e+04
21.212121 -1.6060606 8.181809860140e+04
21.212121 -1.5454545 8.329094326660e+04
21.212121 -1.4848485 8.472132912863e+04
21.212121 -1.4242424 8.610743586498e+04
21.212121 -1.3636364 8.744739406082e+04
21.212121 -1.3030303 8.874059507734e+04
21.212121 -1.2424242 8.998609716795e+04
21.212121 -1.1818182 9.118209790364e+04
21.212121 -1.1212121 9.232614619802e+04
21.212121 -1.0606061 9.341793298695e+04
21.212121 -1 9.445690867340e+04
21.212121 -0.93939394 9.544270545149e+04
21.212121 -0.87878788 9.637436503632e+04
21.212121 -0.81818182 9.725073806558e+04
21.212121 -0.75757576 9.806904507139e+04
21.212121 -0.6969697 9.882515975186e+04
21.212121 -0.63636364 9.952065717517e+04
21.212121 -0.57575758 1.001538688842e+05
21.212121 -0.51515152 1.007248603227e+05
21.212121 -0.45454545 1.012333656624e+05
21.212121 -0.39393939 1.016772232825e+05
21.212121 -0.33333333 1.020517424873e+05
21.212121 -0.27272727 1.023568442435e+05
21.212121 -0.21212121 1.026011798487e+05
21.212121 -0.15151515 1.027844586088e+05
21.212121 -0.090909091 1.029036044003e+05
21.212121 -0.03030303 1.029640246995e+05
21.212121 0.03030303 1.029620223053e+05
21.212121 0.090909091 1.028953636753e+05
21.212121 0.15151515 1.027634191710e+05
21.212121 0.21212121 1.025671206258e+05
21.212121 0.27272727 1.023064816275e+05
21.212121 0.33333333 1.019810328659e+05
21.212121 0.39393939 1.015824581876e+05
21.212121 0.45454545 1.011358625478e+05
21.212121 0.51515152 1.006248636732e+05
21.212121 0.57575758 1.000516539512e+05
21.212121 0.63636364 9.941391449862e+04
21.212121 0.6969697 9.871762951298e+04
21.212121 0.75757576 9.795883978843e+04
21.212121 0.81818182 9.714285405882e+04
21.212121 0.87878788 9.626847389599e+04
21.212121 0.93939394 9.534043420280e+04
21.212121 1 9.435862814056e+04
21.212121 1.0606061 9.332162811593e+04
21.212121 1.1212121 9.223083824809e+04
21.212121 1.1818182 9.108773524055e+04
21.212121 1.2424242 8.989907551374e+04
21.212121 1.3030303 8.865558140898e+04
21.212121 1.3636364 8.736293662011e+04
21.212121 1.4242424 8.602302028704e+04
21.212121 1.4848485 8.463679058653e+04
21.212121 1.5454545 8.320613801727e+04
21.212121 1.6060606 8.173245031157e+04
21.212121 1.6666667 8.021763090732e+04
21.212121 1.7272727 7.866370255076e+04
21.212121 1.7878788 7.707222994505e+04
21.212121 1.8484848 7.544645993248e+04
21.212121 1.9090909 7.378610295134e+04
21.212121 1.969697 7.209352710527e+04
21.212121 2.030303 7.037212713852e+04
21.212121 2.0909091 6.862282252880e+04
21.212121 2.1515152 6.684705993195e+04
21.212121 2.2121212 6.504743517429e+04
21.212121 2.2727273 6.322561781663e+04
21.212121 2.3333333 6.138439430789e+04
21.212121 2.3939394 5.952591614905e+04
21.212121 2.4545455 5.765290817635e+04
21.212121 2.5151515 5.576823141302e+04
21.212121 2.5757576 5.387421200985e+04
21.212121 2.6363636 5.197437763217e+04
21.212121 2.6969697 5.007145509492e+04
21.212121 2.7575758 4.816916929505e+04
21.212121 2.8181818 4.627114757180e+04
21.212121 2.8787879 4.438078565274e+04
21.212121 2.9393939 4.250188578365e+04
21.212121 3 4.063739197164e+04
21.717172 -3 3.613622169892e+04
21.717172 -2.9393939 3.781776161387e+04
21.717172 -2.8787879 3.951318610215e+04
21.717172 -2.8181818 4.121892776251e+04
21.717172 -2.7575758 4.293133526841e+04
21.717172 -2.6969697 4.464733134283e+04
21.717172 -2.6363636 4.636412818921e+04
21.717172 -2.5757576 4.807818225014e+04
21.717172 -2.5151515 4.978689335786e+04
21.717172 -2.4545455 5.148873204473e+04
21.717172 -2.3939394 5.317932725757e+04
21.717172 -2.3333333 5.485799348208e+04
21.717172 -2.2727273 5.652223466471e+04
21.717172 -2.2121212 5.817004414788e+04
21.717172 -2.1515152 5.979936357113e+04
21.717172 -2.0909091 6.140794028551e+04
21.717172 -2.030303 6.299283088816e+04
21.717172 -1.969697 6.455212611784e+04
21.717172 -1.9090909 6.608540592652e+04
21.717172 -1.8484848 6.758757288965e+04
21.717172 -1.7878788 6.905907380730e+04
21.717172 -1.7272727 7.049855407574e+04
21.717172 -1.6666667 7.190434554066e+04
21.717172 -1.6060606 7.327517175237e+04
21.717172 -1.5454545 7.460949875970e+04
21.717172 -1.4848485 7.590536652134e+04
21.717172 -1.4242424 7.716117604889e+04
21.717172 -1.3636364 7.837532511177e+04
21.717172 -1.3030303 7.954739794145e+04
21.717172 -1.2424242 8.067648638277e+04
21.717172 -1.1818182 8.176043859127e+04
21.717172 -1.1212121 8.279713347795e+04
21.717172 -1.0606061 8.378677503334e+04
21.717172 -1 8.472892388097e+04
21.717172 -0.93939394 8.562310820210e+04
21.717172 -0.87878788 8.646805387164e+04
21.717172 -0.81818182 8.726237210213e+04
21.717172 -0.75757576 8.800389691820e+04
21.717172 -0.6969697 8.868864324024e+04
21.717172 -0.63636364 8.931845796300e+04
21.717172 -0.57575758 8.989217742653e+04
21.717172 -0.51515152 9.040975542846e+04
21.717172 -0.45454545 9.087073655181e+04
21.717172 -0.39393939 9.127405848345e+04
21.717172 -0.33333333 9.161594612505e+04
21.717172 -0.27272727 9.189323464078e+04
21.717172 -0.21212121 9.211232430041e+04
21.717172 -0.15151515 9.227913299540e+04
21.717172 -0.090909091 9.238669536104e+04
21.717172 -0.03030303 9.244020938766e+04
21.717172 0.03030303 9.243915962428e+04
21.717172 0.090909091 9.237846016007e+04
21.717172 0.15151515 9.225910007915e+04
21.717172 0.21212121 9.208188206523e+04
21.717172 0.27272727 9.184730449328e+04
21.717172 0.33333333 9.155406170925e+04
21.717172 0.39393939 9.118883148688e+04
21.717172 0.45454545 9.078450941280e+04
21.717172 0.51515152 9.032160782728e+04
21.717172 0.57575758 8.980228449562e+04
21.717172 0.63636364 8.922479788753e+04
21.717172 0.6969697 8.859244271919e+04
21.717172 0.75757576 8.790523041328e+04
21.717172 0.81818182 8.716490559706e+04
21.717172 0.87878788 8.637264626072e+04
21.717172 0.93939394 8.553152885583e+04
21.717172 1 8.464190667995e+04
21.717172 1.0606061 8.370217279364e+04
21.717172 1.1212121 8.271358915233e+04
21.717172 1.1818182 8.167738351461e+04
21.717172 1.2424242 8.059993691977e+04
21.717172 1.3030303 7.947311277145e+04
21.717172 1.3636364 7.830183131617e+04
21.717172 1.4242424 7.708776702257e+04
21.717172 1.4848485 7.583187619056e+04
21.717172 1.5454545 7.453584998448e+04
21.717172 1.6060606 7.320100837036e+04
21.717172 1.6666667 7.182899855423e+04
21.717172 1.7272727 7.042171314864e+04
21.717172 1.7878788 6.898061501034e+04
21.717172 1.8484848 6.750854707134e+04
21.717172 1.9090909 6.600542576212e+04
21.717172 1.969697 6.447335959360e+04
21.717172 2.030303 6.291533873613e+04
21.717172 2.0909091 6.133222779210e+04
21.717172 2.1515152 5.972547614320e+04
21.717172 2.2121212 5.809743965791e+04
21.717172 2.2727273 5.644965915941e+04
21.717172 2.3333333 5.478481975040e+04
21.717172 2.3939394 5.310485775788e+04
21.717172 2.4545455 5.141223301485e+04
21.717172 2.5151515 4.970957907688e+04
21.717172 2.5757576 4.799907247588e+04
21.717172 2.6363636 4.628403756522e+04
21.717172 2.6969697 4.456703961871e+04
21.717172 2.7575758 4.285152209819e+04
21.717172 2.8181818 4.114072474375e+04
21.717172 2.8787879 3.943771440506e+04
21.717172 2.9393939 3.774598606485e+04
21.717172 3 3.606827658062e+04
22.222222 -3 3.214632254190e+04
22.222222 -2.9393939 3.366231617233e+04
22.222222 -2.8787879 3.519172203693e+04
22.222222 -2.8181818 3.673141631649e+04
22.222222 -2.7575758 3.827797708726e+04
22.222222 -2.6969697 3.982853919653e+04
22.222222 -2.6363636 4.138058373483e+04
22.222222 -2.5757576 4.293078758176e+04
22.222222 -2.5151515 4.447667103211e+04
22.222222 -2.4545455 4.601703324462e+04
22.222222 -2.3939394 4.754783307318e+04
22.222222 -2.3333333 4.906817420006e+04
22.222222 -2.2727273 5.057587450663e+04
22.222222 -2.2121212 5.206906159081e+04
22.222222 -2.1515152 5.354576969695e+04
22.222222 -2.0909091 5.500394903313e+04
22.222222 -2.030303 5.644105997126e+04
22.222222 -1.969697 5.785520728504e+04
22.222222 -1.9090909 5.924591689958e+04
22.222222 -1.8484848 6.060893950048e+04
22.222222 -1.7878788 6.194395802909e+04
22.222222 -1.7272727 6.325018228729e+04
22.222222 -1.6666667 6.452597748668e+04
22.222222 -1.6060606 6.577020800054e+04
22.222222 -1.5454545 6.698144760820e+04
22.222222 -1.4848485 6.815778131592e+04
22.222222 -1.4242424 6.929785643369e+04
22.222222 -1.3636364 7.040027105493e+04
22.222222 -1.3030303 7.146475957196e+04
22.222222 -1.2424242 7.249028947092e+04
22.222222 -1.1818182 7.347456390292e+04
22.222222 -1.1212121 7.441598716039e+04
22.222222 -1.0606061 7.531492674837e+04
22.222222 -1 7.617102602573e+04
22.222222 -0.93939394 7.698369090105e+04
22.222222 -0.87878788 7.775138155362e+04
22.222222 -0.81818182 7.847262307933e+04
22.222222 -0.75757576 7.914577430573e+04
22.222222 -0.6969697 7.976710831978e+04
22.222222 -0.63636364 8.033870141275e+04
22.222222 -0.57575758 8.085966836506e+04
22.222222 -0.51515152 8.132983319424e+04
22.222222 -0.45454545 8.174857856011e+04
22.222222 -0.39393939 8.211539453921e+04
22.222222 -0.33333333 8.242751406529e+04
22.222222 -0.27272727 8.268118984727e+04
22.222222 -0.21212121 8.287785872732e+04
22.222222 -0.15151515 8.302991004504e+04
22.222222 -0.090909091 8.312766442228e+04
22.222222 -0.03030303 8.317502346809e+04
22.222222 0.03030303 8.317446201701e+04
22.222222 0.090909091 8.311911447730e+04
22.222222 0.15151515 8.301092298058e+04
22.222222 0.21212121 8.285011605514e+04
22.222222 0.27272727 8.263776741434e+04
22.222222 0.33333333 8.237433681515e+04
22.222222 0.39393939 8.203886207365e+04
22.222222 0.45454545 8.167221567470e+04
22.222222 0.51515152 8.125203317487e+04
22.222222 0.57575758 8.078016834576e+04
22.222222 0.63636364 8.025647373664e+04
22.222222 0.6969697 7.968127799191e+04
22.222222 0.75757576 7.905757042482e+04
22.222222 0.81818182 7.838467183877e+04
22.222222 0.87878788 7.766508043240e+04
22.222222 0.93939394 7.690124012137e+04
22.222222 1 7.609350949571e+04
22.222222 1.0606061 7.524020852403e+04
22.222222 1.1212121 7.434247269887e+04
22.222222 1.1818182 7.340137891080e+04
22.222222 1.2424242 7.242268158830e+04
22.222222 1.3030303 7.139956727794e+04
22.222222 1.3636364 7.033615891848e+04
22.222222 1.4242424 6.923393394813e+04
22.222222 1.4848485 6.809386129111e+04
22.222222 1.5454545 6.691744065288e+04
22.222222 1.6060606 6.570590445070e+04
22.222222 1.6666667 6.446071461378e+04
22.222222 1.7272727 6.318364396511e+04
22.222222 1.7878788 6.187608446611e+04
22.222222 1.8484848 6.054049774079e+04
22.222222 1.9090909 5.917698491302e+04
22.222222 1.969697 5.778740308406e+04
22.222222 2.030303 5.637439089873e+04
22.222222 2.0909091 5.493878295752e+04
22.222222 2.1515152 5.348201145248e+04
22.222222 2.2121212 5.200626351289e+04
22.222222 2.2727273 5.051293949780e+04
22.222222 2.3333333 4.900459571525e+04
22.222222 2.3939394 4.748297707706e+04
22.222222 2.4545455 4.595027066083e+04
22.222222 2.5151515 4.440896693969e+04
22.222222 2.5757576 4.286114205695e+04
22.222222 2.6363636 4.130989333213e+04
22.222222 2.6969697 3.975762596787e+04
22.222222 2.7575758 3.820750821432e+04
22.222222 2.8181818 3.666241992214e+04
22.222222 2.8787879 3.512516200870e+04
22.222222 2.9393939 3.359897986163e+04
22.222222 3 3.208646039776e+04
22.727273 -3 2.866006462469e+04
22.727273 -2.9393939 3.002935808110e+04
22.727273 -2.8787879 3.141157438429e+04
22.727273 -2.8181818 3.280397114159e+04
22.727273 -2.7575758 3.420335666331e+04
22.727273 -2.6969697 3.560705955767e+04
22.727273 -2.6363636 3.701278905175e+04
22.727273 -2.5757576 3.841747918991e+04
22.727273 -2.5151515 3.981876249924e+04
22.727273 -2.4545455 4.121552901181e+04
22.727273 -2.3939394 4.260434530683e+04
22.727273 -2.3333333 4.398395833125e+04
22.727273 -2.2727273 4.535247942179e+04
22.727273 -2.2121212 4.670815500382e+04
22.727273 -2.1515152 4.804912617874e+04
22.727273 -2.0909091 4.937353900659e+04
22.727273 -2.030303 5.067917866794e+04
22.727273 -1.969697 5.196420410516e+04
22.727273 -1.9090909 5.322805326898e+04
22.727273 -1.8484848 5.446721896964e+04
22.727273 -1.7878788 5.568079953393e+04
22.727273 -1.7272727 5.686835600389e+04
22.727273 -1.6666667 5.802838040699e+04
22.727273 -1.6060606 5.915987252356e+04
22.727273 -1.5454545 6.026147843480e+04
22.727273 -1.4848485 6.133136823447e+04
22.727273 -1.4242424 6.236840090377e+04
22.727273 -1.3636364 6.337134346948e+04
22.727273 -1.3030303 6.434003040800e+04
22.727273 -1.2424242 6.527318846383e+04
22.727273 -1.1818182 6.616863194322e+04
22.727273 -1.1212121 6.702529539662e+04
22.727273 -1.0606061 6.784345790037e+04
22.727273 -1 6.862289138471e+04
22.727273 -0.93939394 6.936280714442e+04
22.727273 -0.87878788 7.006151756771e+04
22.727273 -0.81818182 7.071756204491e+04
22.727273 -0.75757576 7.132969452611e+04
22.727273 -0.6969697 7.189460084636e+04
22.727273 -0.63636364 7.241446529565e+04
22.727273 -0.57575758 7.288853319313e+04
22.727273 -0.51515152 7.331647933738e+04
22.727273 -0.45454545 7.369767558755e+04
22.727273 -0.39393939 7.403163774538e+04
22.727273 -0.33333333 7.431662695809e+04
22.727273 -0.27272727 7.454948128844e+04
22.727273 -0.21212121 7.472680767390e+04
22.727273 -0.15151515 7.486543888632e+04
22.727273 -0.090909091 7.495475823327e+04
22.727273 -0.03030303 7.499692238342e+04
22.727273 0.03030303 7.499609908093e+04
22.727273 0.090909091 7.494597426576e+04
22.727273 0.15151515 7.484750238299e+04
22.727273 0.21212121 7.470107471636e+04
22.727273 0.27272727 7.450801738751e+04
22.727273 0.33333333 7.427065237913e+04
22.727273 0.39393939 7.396282333600e+04
22.727273 0.45454545 7.362989121791e+04
22.727273 0.51515152 7.324773429579e+04
22.727273 0.57575758 7.281791975633e+04
22.727273 0.63636364 7.234199890025e+04
22.727273 0.6969697 7.181840194497e+04
22.727273 0.75757576 7.125088349514e+04
22.727273 0.81818182 7.063841587256e+04
22.727273 0.87878788 6.998327645980e+04
22.727273 0.93939394 6.928824929629e+04
22.727273 1 6.855344035910e+04
22.727273 1.0606061 6.777710884811e+04
22.727273 1.1212121 6.696032448645e+04
22.727273 1.1818182 6.610403230679e+04
22.727273 1.2424242 6.521327046969e+04
22.727273 1.3030303 6.428256637016e+04
22.727273 1.3636364 6.331526463533e+04
22.727273 1.4242424 6.231266218815e+04
22.727273 1.4848485 6.127574663044e+04
22.727273 1.5454545 6.020582557151e+04
22.727273 1.6060606 5.910403911112e+04
22.727273 1.6666667 5.797173845304e+04
22.727273 1.7272727 5.681057877711e+04
22.727273 1.7878788 5.562190102916e+04
22.727273 1.8484848 5.440779079440e+04
22.727273 1.9090909 5.316853451990e+04
22.727273 1.969697 5.190574326175e+04
22.727273 2.030303 5.062174247643e+04
22.727273 2.0909091 4.931738463927e+04
22.727273 2.1515152 4.799403792940e+04
22.727273 2.2121212 4.665377795166e+04
22.727273 2.2727273 4.529787774706e+04
22.727273 2.3333333 4.392869205388e+04
22.727273 2.3939394 4.254782133832e+04
22.727273 2.4545455 4.115724070916e+04
22.727273 2.5151515 3.975933451399e+04
22.727273 2.5757576 3.835607546434e+04
22.727273 2.6363636 3.695034777756e+04
22.727273 2.6969697 3.554436461552e+04
22.727273 2.7575758 3.414103923188e+04
22.727273 2.8181818 3.274295829092e+04
22.727273 2.8787879 3.135271867199e+04
22.727273 2.9393939 2.997332288621e+04
22.727273 3 2.860722269948e+04
23.232323 -3 2.560609634713e+04
23.232323 -2.9393939 2.684510337774e+04
23.232323 -2.8787879 2.809653871570e+04
23.232323 -2.8181818 2.935797985851e+04
23.232323 -2.7575758 3.062646316612e+04
23.232323 -2.6969697 3.189950564767e+04
23.232323 -2.6363636 3.317500953775e+04
23.232323 -2.5757576 3.445016822680e+04
23.232323 -2.5151515 3.572274409396e+04
23.232323 -2.4545455 3.699156207640e+04
23.232323 -2.3939394 3.825390467436e+04
23.232323 -2.3333333 3.950814409433e+04
23.232323 -2.2727273 4.075263858980e+04
23.232323 -2.2121212 4.198574282026e+04
23.232323 -2.1515152 4.320571031550e+04
23.232323 -2.0909091 4.441088485119e+04
23.232323 -2.030303 4.559929531452e+04
23.232323 -1.969697 4.676917374979e+04
23.232323 -1.9090909 4.791986599056e+04
23.232323 -1.8484848 4.904848830036e+04
23.232323 -1.7878788 5.015378754900e+04
23.232323 -1.7272727 5.123543293791e+04
23.232323 -1.6666667 5.229212499974e+04
23.232323 -1.6060606 5.332300082351e+04
23.232323 -1.5454545 5.432674076561e+04
23.232323 -1.4848485 5.530163993525e+04
23.232323 -1.4242424 5.624672120300e+04
23.232323 -1.3636364 5.716089757604e+04
23.232323 -1.3030303 5.804404554906e+04
23.232323 -1.2424242 5.889462457602e+04
23.232323 -1.1818182 5.971076527685e+04
23.232323 -1.1212121 6.049182385370e+04
23.232323 -1.0606061 6.123786114267e+04
23.232323 -1 6.194881568338e+04
23.232323 -0.93939394 6.262364460180e+04
23.232323 -0.87878788 6.326063856973e+04
23.232323 -0.81818182 6.385841081109e+04
23.232323 -0.75757576 6.441600082294e+04
23.232323 -0.6969697 6.493061786502e+04
23.232323 -0.63636364 6.540440672716e+04
23.232323 -0.57575758 6.583666424844e+04
23.232323 -0.51515152 6.622693327493e+04
23.232323 -0.45454545 6.657462736785e+04
23.232323 -0.39393939 6.687911358215e+04
23.232323 -0.33333333 6.713949237869e+04
23.232323 -0.27272727 6.735335691324e+04
23.232323 -0.21212121 6.751436342927e+04
23.232323 -0.15151515 6.764068579245e+04
23.232323 -0.090909091 6.772255016313e+04
23.232323 -0.03030303 6.776048905753e+04
23.232323 0.03030303 6.775880849730e+04
23.232323 0.090909091 6.771375931101e+04
23.232323 0.15151515 6.762379673616e+04
23.232323 0.21212121 6.749015514424e+04
23.232323 0.27272727 6.731415017623e+04
23.232323 0.33333333 6.709867994632e+04
23.232323 0.39393939 6.681728365726e+04
23.232323 0.45454545 6.651434509441e+04
23.232323 0.51515152 6.616610603397e+04
23.232323 0.57575758 6.577377283341e+04
23.232323 0.63636364 6.534020574659e+04
23.232323 0.6969697 6.486328991336e+04
23.232323 0.75757576 6.434559116929e+04
23.232323 0.81818182 6.378739328758e+04
23.232323 0.87878788 6.318964560303e+04
23.232323 0.93939394 6.255600483088e+04
23.232323 1 6.188625390823e+04
23.232323 1.0606061 6.117862798099e+04
23.232323 1.1212121 6.043414044832e+04
23.232323 1.1818182 5.965361305865e+04
23.232323 1.2424242 5.884135119661e+04
23.232323 1.3030303 5.799319233967e+04
23.232323 1.3636364 5.711170361859e+04
23.232323 1.4242424 5.619803907358e+04
23.232323 1.4848485 5.525319873342e+04
23.232323 1.5454545 5.427831297231e+04
23.232323 1.6060606 5.327443722490e+04
23.232323 1.6666667 5.224286402594e+04
23.232323 1.7272727 5.118512798977e+04
23.232323 1.7878788 5.010252440894e+04
23.232323 1.8484848 4.899678313593e+04
23.232323 1.9090909 4.786836535387e+04
23.232323 1.969697 4.671866750994e+04
23.232323 2.030303 4.554971277701e+04
23.232323 2.0909091 4.436242216203e+04
23.232323 2.1515152 4.315805843946e+04
23.232323 2.2121212 4.193861229563e+04
23.232323 2.2727273 4.070525321563e+04
23.232323 2.3333333 3.946007758182e+04
23.232323 2.3939394 3.820458985408e+04
23.232323 2.4545455 3.694062964118e+04
23.232323 2.5151515 3.567047641184e+04
23.232323 2.5757576 3.439597881677e+04
23.232323 2.6363636 3.311983313386e+04
23.232323 2.6969697 3.184403190293e+04
23.232323 2.7575758 3.057126688005e+04
23.232323 2.8181818 2.930390653309e+04
23.232323 2.8787879 2.804438189222e+04
23.232323 2.9393939 2.679544736401e+04
23.232323 3 2.555940290359e+04
23.737374 -3 2.292421744541e+04
23.737374 -2.9393939 2.404726248574e+04
23.737374 -2.8787879 2.518224637905e+04
23.737374 -2.8181818 2.632700925805e+04
23.737374 -2.7575758 2.747881464594e+04
23.737374 -2.6969697 2.863536051072e+04
23.737374 -2.6363636 2.979471761828e+04
23.737374 -2.5757576 3.095431137457e+04
23.737374 -2.5151515 3.211206457395e+04
23.737374 -2.4545455 3.326666820077e+04
23.737374 -2.3939394 3.441606155080e+04
23.737374 -2.3333333 3.555836527299e+04
23.737374 -2.2727273 3.669209001887e+04
23.737374 -2.2121212 3.781570131387e+04
23.737374 -2.1515152 3.892756211902e+04
23.737374 -2.0909091 4.002621221517e+04
23.737374 -2.030303 4.110985709212e+04
23.737374 -1.969697 4.217681456504e+04
23.737374 -1.9090909 4.322634184540e+04
23.737374 -1.8484848 4.425606455089e+04
23.737374 -1.7878788 4.526458304278e+04
23.737374 -1.7272727 4.625152582521e+04
23.737374 -1.6666667 4.721578604472e+04
23.737374 -1.6060606 4.815666740802e+04
23.737374 -1.5454545 4.907286165245e+04
23.737374 -1.4848485 4.996280256564e+04
23.737374 -1.4242424 5.082565182875e+04
23.737374 -1.3636364 5.166043041945e+04
23.737374 -1.3030303 5.246699478418e+04
23.737374 -1.2424242 5.324361147847e+04
23.737374 -1.1818182 5.398881876246e+04
23.737374 -1.1212121 5.470226102200e+04
23.737374 -1.0606061 5.538375745617e+04
23.737374 -1 5.603338351152e+04
23.737374 -0.93939394 5.664984846383e+04
23.737374 -0.87878788 5.723151767086e+04
23.737374 -0.81818182 5.777711011616e+04
23.737374 -0.75757576 5.828589757027e+04
23.737374 -0.6969697 5.875561388367e+04
23.737374 -0.63636364 5.918825988131e+04
23.737374 -0.57575758 5.958313939083e+04
23.737374 -0.51515152 5.993970744568e+04
23.737374 -0.45454545 6.025739722181e+04
23.737374 -0.39393939 6.053551568601e+04
23.737374 -0.33333333 6.077359110109e+04
23.737374 -0.27272727 6.096993603916e+04
23.737374 -0.21212121 6.111729870687e+04
23.737374 -0.15151515 6.123226615562e+04
23.737374 -0.090909091 6.130736349803e+04
23.737374 -0.03030303 6.134188478180e+04
23.737374 0.03030303 6.133920764344e+04
23.737374 0.090909091 6.129871377411e+04
23.737374 0.15151515 6.121637194725e+04
23.737374 0.21212121 6.109428251077e+04
23.737374 0.27272727 6.093339160211e+04
23.737374 0.33333333 6.073639667382e+04
23.737374 0.39393939 6.048034591195e+04
23.737374 0.45454545 6.020369418501e+04
23.737374 0.51515152 5.988579657562e+04
23.737374 0.57575758 5.952701731815e+04
23.737374 0.63636364 5.913112990853e+04
23.737374 0.6969697 5.869623089217e+04
23.737374 0.75757576 5.822303667209e+04
23.737374 0.81818182 5.771351005726e+04
23.737374 0.87878788 5.716711679631e+04
23.737374 0.93939394 5.658835943051e+04
23.737374 1 5.597673593835e+04
23.737374 1.0606061 5.533060356176e+04
23.737374 1.1212121 5.465081715313e+04
23.737374 1.1818182 5.393811754467e+04
23.737374 1.2424242 5.319608138063e+04
23.737374 1.3030303 5.242184681788e+04
23.737374 1.3636364 5.161714549443e+04
23.737374 1.4242424 5.078304968050e+04
23.737374 1.4848485 4.992055420997e+04
23.737374 1.5454545 4.903065325213e+04
23.737374 1.6060606 4.811433501402e+04
23.737374 1.6666667 4.717285091478e+04
23.737374 1.7272727 4.620761149673e+04
23.737374 1.7878788 4.521985224668e+04
23.737374 1.8484848 4.421100320416e+04
23.737374 1.9090909 4.318166081522e+04
23.737374 1.969697 4.213307350755e+04
23.737374 2.030303 4.106694927421e+04
23.737374 2.0909091 3.998430985643e+04
23.737374 2.1515152 3.888630078588e+04
23.737374 2.2121212 3.777481476935e+04
23.737374 2.2727273 3.665093904105e+04
23.737374 2.3333333 3.551651495698e+04
23.737374 2.3939394 3.437298779172e+04
23.737374 2.4545455 3.322210197066e+04
23.737374 2.5151515 3.206601869254e+04
23.737374 2.5757576 3.090645893936e+04
23.737374 2.6363636 2.974593869487e+04
23.737374 2.6969697 2.858623236166e+04
23.737374 2.7575758 2.742985110130e+04
23.737374 2.8181818 2.627899819156e+04
23.737374 2.8787879 2.513594908271e+04
23.737374 2.9393939 2.400322712158e+04
23.737374 3 2.288294725375e+04
24.242424 -3 2.056350927837e+04
24.242424 -2.9393939 2.158312422221e+04
24.242424 -2.8787879 2.261419973677e+04
24.242424 -2.8181818 2.365479088740e+04
24.242424 -2.7575758 2.470238454974e+04
24.242424 -2.6969697 2.575484979194e+04
24.242424 -2.6363636 2.681040824190e+04
24.242424 -2.5757576 2.786667863277e+04
24.242424 -2.5151515 2.892176656591e+04
24.242424 -2.4545455 2.997423420938e+04
24.242424 -2.3939394 3.102251013483e+04
24.242424 -2.3333333 3.206466496867e+04
24.242424 -2.2727273 3.309924735514e+04
24.242424 -2.2121212 3.412484315015e+04
24.242424 -2.1515152 3.513991542662e+04
24.242424 -2.0909091 3.614318918049e+04
24.242424 -2.030303 3.713300127936e+04
24.242424 -1.969697 3.810776539502e+04
24.242424 -1.9090909 3.906665544395e+04
24.242424 -1.8484848 4.000770568779e+04
24.242424 -1.7878788 4.092950928506e+04
24.242424 -1.7272727 4.183161966296e+04
24.242424 -1.6666667 4.271302903513e+04
24.242424 -1.6060606 4.357324175677e+04
24.242424 -1.5454545 4.441096095356e+04
24.242424 -1.4848485 4.522475015953e+04
24.242424 -1.4242424 4.601390263430e+04
24.242424 -1.3636364 4.677750058281e+04
24.242424 -1.3030303 4.751532462272e+04
24.242424 -1.2424242 4.822558683226e+04
24.242424 -1.1818182 4.890722030207e+04
24.242424 -1.1212121 4.956003760328e+04
24.242424 -1.0606061 5.018366611879e+04
24.242424 -1 5.077822384641e+04
24.242424 -0.93939394 5.134224757789e+04
24.242424 -0.87878788 5.187423159377e+04
24.242424 -0.81818182 5.237301355927e+04
24.242424 -0.75757576 5.283809694639e+04
24.242424 -0.6969697 5.326764217958e+04
24.242424 -0.63636364 5.366346024394e+04
24.242424 -0.57575758 5.402483642796e+04
24.242424 -0.51515152 5.435118585512e+04
24.242424 -0.45454545 5.464193938621e+04
24.242424 -0.39393939 5.489645424702e+04
24.242424 -0.33333333 5.511433270225e+04
24.242424 -0.27272727 5.529457998818e+04
24.242424 -0.21212121 5.543043499216e+04
24.242424 -0.15151515 5.553494013249e+04
24.242424 -0.090909091 5.560380344145e+04
24.242424 -0.03030303 5.563547581050e+04
24.242424 0.03030303 5.563207041791e+04
24.242424 0.090909091 5.559529943628e+04
24.242424 0.15151515 5.551992240129e+04
24.242424 0.21212121 5.540833414137e+04
24.242424 0.27272727 5.526088001835e+04
24.242424 0.33333333 5.508003167737e+04
24.242424 0.39393939 5.484786533003e+04
24.242424 0.45454545 5.459402386587e+04
24.242424 0.51515152 5.430333599657e+04
24.242424 0.57575758 5.397465633257e+04
24.242424 0.63636364 5.361250463887e+04
24.242424 0.6969697 5.321515500838e+04
24.242424 0.75757576 5.278206798292e+04
24.242424 0.81818182 5.231610045770e+04
24.242424 0.87878788 5.181587503840e+04
24.242424 0.93939394 5.128630020667e+04
24.242424 1 5.072669012085e+04
24.242424 1.0606061 5.013573280442e+04
24.242424 1.1212121 4.951396533798e+04
24.242424 1.1818182 4.886211232594e+04
24.242424 1.2424242 4.818302556927e+04
24.242424 1.3030303 4.747514525781e+04
24.242424 1.3636364 4.673929820336e+04
24.242424 1.4242424 4.597653513801e+04
24.242424 1.4848485 4.518782466208e+04
24.242424 1.5454545 4.437408114128e+04
24.242424 1.6060606 4.353624577579e+04
24.242424 1.6666667 4.267551941893e+04
24.242424 1.7272727 4.179318676398e+04
24.242424 1.7878788 4.089039929493e+04
24.242424 1.8484848 3.996836872814e+04
24.242424 1.9090909 3.902776727714e+04
24.242424 1.969697 3.806977512091e+04
24.242424 2.030303 3.709577130049e+04
24.242424 2.0909091 3.610688148235e+04
24.242424 2.1515152 3.510415108806e+04
24.242424 2.2121212 3.408933640792e+04
24.242424 2.2727273 3.306345820732e+04
24.242424 2.3333333 3.202815995002e+04
24.242424 2.3939394 3.098484565435e+04
24.242424 2.4545455 2.993516420702e+04
24.242424 2.5151515 2.888114498501e+04
24.242424 2.5757576 2.782439782130e+04
24.242424 2.6363636 2.676724993602e+04
24.242424 2.6969697 2.571129189682e+04
24.242424 2.7575758 2.465889070613e+04
24.242424 2.8181818 2.361210876512e+04
24.242424 2.8787879 2.257305764959e+04
24.242424 2.9393939 2.154406909777e+04
24.242424 3 2.052704171207e+04
24.747475 -3 1.848079168148e+04
24.747475 -2.9393939 1.940797182730e+04
24.747475 -2.8787879 2.034614739530e+04
24.747475 -2.8181818 2.129355287714e+04
24.747475 -2.7575758 2.224788621122e+04
24.747475 -2.6969697 2.320718103296e+04
24.747475 -2.6363636 2.416979174015e+04
24.747475 -2.5757576 2.513350042726e+04
24.747475 -2.5151515 2.609659673318e+04
24.747475 -2.4545455 2.705756167895e+04
24.747475 -2.3939394 2.801512438408e+04
24.747475 -2.3333333 2.896748074469e+04
24.747475 -2.2727273 2.991314730889e+04
24.747475 -2.2121212 3.085082494923e+04
24.747475 -2.1515152 3.177906582674e+04
24.747475 -2.0909091 3.269676188149e+04
24.747475 -2.030303 3.360235573224e+04
24.747475 -1.969697 3.449436281432e+04
24.747475 -1.9090909 3.537188626527e+04
24.747475 -1.8484848 3.623327888420e+04
24.747475 -1.7878788 3.707720918519e+04
24.747475 -1.7272727 3.790317803599e+04
24.747475 -1.6666667 3.871018691568e+04
24.747475 -1.6060606 3.949793919748e+04
24.747475 -1.5454545 4.026517340259e+04
24.747475 -1.4848485 4.101056453293e+04
24.747475 -1.4242424 4.173352317492e+04
24.747475 -1.3636364 4.243316541808e+04
24.747475 -1.3030303 4.310915504744e+04
24.747475 -1.2424242 4.375979365618e+04
24.747475 -1.1818182 4.438433700883e+04
24.747475 -1.1212121 4.498267354332e+04
24.747475 -1.0606061 4.555431407846e+04
24.747475 -1 4.609930845914e+04
24.747475 -0.93939394 4.661612726237e+04
24.747475 -0.87878788 4.710341401392e+04
24.747475 -0.81818182 4.756013526999e+04
24.747475 -0.75757576 4.798603152616e+04
24.747475 -0.6969697 4.837956079323e+04
24.747475 -0.63636364 4.874233078907e+04
24.747475 -0.57575758 4.907360537862e+04
24.747475 -0.51515152 4.937279320570e+04
24.747475 -0.45454545 4.963932383591e+04
24.747475 -0.39393939 4.987263623720e+04
24.747475 -0.33333333 5.007228728432e+04
24.747475 -0.27272727 5.023782073392e+04
24.747475 -0.21212121 5.036371480343e+04
24.747475 -0.15151515 5.045873141673e+04
24.747475 -0.090909091 5.052181258670e+04
24.747475 -0.03030303 5.055099623426e+04
24.747475 0.03030303 5.054726370065e+04
24.747475 0.090909091 5.051340549706e+04
24.747475 0.15151515 5.044440612934e+04
24.747475 0.21212121 5.034232205360e+04
24.747475 0.27272727 5.020697654527e+04
24.747475 0.33333333 5.004062666373e+04
24.747475 0.39393939 4.983043011571e+04
24.747475 0.45454545 4.959660344820e+04
24.747475 0.51515152 4.933028455522e+04
24.747475 0.57575758 4.902863970955e+04
24.747475 0.63636364 4.869684679799e+04
24.747475 0.6969697 4.833296669553e+04
24.747475 0.75757576 4.793620797429e+04
24.747475 0.81818182 4.750920634415e+04
24.747475 0.87878788 4.705063997181e+04
24.747475 0.93939394 4.656522257351e+04
24.747475 1 4.605225961509e+04
24.747475 1.0606061 4.551088795108e+04
24.747475 1.1212121 4.494125367980e+04
24.747475 1.1818182 4.434409388478e+04
24.747475 1.2424242 4.372156762806e+04
24.747475 1.3030303 4.307333733998e+04
24.747475 1.3636364 4.239934879222e+04
24.747475 1.4242424 4.170065783243e+04
24.747475 1.4848485 4.097819639645e+04
24.747475 1.5454545 4.023284852269e+04
24.747475 1.6060606 3.946551627571e+04
24.747475 1.6666667 3.867733302508e+04
24.747475 1.7272727 3.786946420735e+04
24.747475 1.7878788 3.704295143274e+04
24.747475 1.8484848 3.619887454211e+04
24.747475 1.9090909 3.533792299475e+04
24.747475 1.969697 3.446126484888e+04
24.747475 2.030303 3.356996633071e+04
24.747475 2.0909091 3.266522846982e+04
24.747475 2.1515152 3.174802472804e+04
24.747475 2.2121212 3.081994224715e+04
24.747475 2.2727273 2.988195135018e+04
24.747475 2.3333333 2.893556423238e+04
24.747475 2.3939394 2.798214363997e+04
24.747475 2.4545455 2.702323073277e+04
24.747475 2.5151515 2.606071448108e+04
24.747475 2.5757576 2.509611135084e+04
24.747475 2.6363636 2.413155866986e+04
24.747475 2.6969697 2.316851085488e+04
24.747475 2.7575758 2.220920654426e+04
24.747475 2.8181818 2.125557964509e+04
24.747475 2.8787879 2.030956640576e+04
24.747475 2.9393939 1.937334124025e+04
24.747475 3 1.844857720732e+04
25.252525 -3 1.663928158046e+04
25.252525 -2.9393939 1.748369766570e+04
25.252525 -2.8787879 1.833865815520e+04
25.252525 -2.8181818 1.920255081609e+04
25.252525 -2.7575758 2.007326463295e+04
25.252525 -2.6969697 2.094899439530e+04
25.252525 -2.6363636 2.182820945774e+04
25.252525 -2.5757576 2.270883849359e+04
25.252525 -2.5151515 2.358933979587e+04
25.252525 -2.4545455 2.446816913950e+04
25.252525 -2.3939394 2.534420975843e+04
25.252525 -2.3333333 2.621586694864e+04
25.252525 -2.2727273 2.708163271575e+04
25.252525 -2.2121212 2.794029420666e+04
25.252525 -2.1515152 2.879048248560e+04
25.252525 -2.0909091 2.963123402481e+04
25.252525 -2.030303 3.046108457940e+04
25.252525 -1.969697 3.127865273243e+04
25.252525 -1.9090909 3.208299236266e+04
25.252525 -1.8484848 3.287269337944e+04
25.252525 -1.7878788 3.364654577675e+04
25.252525 -1.7272727 3.440402259889e+04
25.252525 -1.6666667 3.514410586245e+04
25.252525 -1.6060606 3.586663820096e+04
25.252525 -1.5454545 3.657044039038e+04
25.252525 -1.4848485 3.725428150761e+04
25.252525 -1.4242424 3.791764805324e+04
25.252525 -1.3636364 3.855970064715e+04
25.252525 -1.3030303 3.917996429499e+04
25.252525 -1.2424242 3.977694027793e+04
25.252525 -1.1818182 4.035011550641e+04
25.252525 -1.1212121 4.089939251067e+04
25.252525 -1.0606061 4.142422807250e+04
25.252525 -1 4.192451821929e+04
25.252525 -0.93939394 4.239877513983e+04
25.252525 -0.87878788 4.284578505647e+04
25.252525 -0.81818182 4.326466094262e+04
25.252525 -0.75757576 4.365536016833e+04
25.252525 -0.6969697 4.401652923684e+04
25.252525 -0.63636364 4.434956869615e+04
25.252525 -0.57575758 4.465373932460e+04
25.252525 -0.51515152 4.492845796133e+04
25.252525 -0.45454545 4.517316578094e+04
25.252525 -0.39393939 4.538737095269e+04
25.252525 -0.33333333 4.557061971401e+04
25.252525 -0.27272727 4.572272445632e+04
25.252525 -0.21212121 4.583970886762e+04
25.252525 -0.15151515 4.592635436324e+04
25.252525 -0.090909091 4.598403778762e+04
25.252525 -0.03030303 4.601096678632e+04
25.252525 0.03030303 4.600722635127e+04
25.252525 0.090909091 4.597572708859e+04
25.252525 0.15151515 4.591248776186e+04
25.252525 0.21212121 4.581895900334e+04
25.252525 0.27272727 4.569467535643e+04
25.252525 0.33333333 4.554143849149e+04
25.252525 0.39393939 4.535101227413e+04
25.252525 0.45454545 4.513526959832e+04
25.252525 0.51515152 4.489066795856e+04
25.252525 0.57575758 4.461335635216e+04
25.252525 0.63636364 4.430894476203e+04
25.252525 0.6969697 4.397500413386e+04
25.252525 0.75757576 4.361116566787e+04
25.252525 0.81818182 4.321907530269e+04
25.252525 0.87878788 4.279819999235e+04
25.252525 0.93939394 4.235248698659e+04
25.252525 1 4.188148282193e+04
25.252525 1.0606061 4.138471437015e+04
25.252525 1.1212121 4.086202468155e+04
25.252525 1.1818182 4.031411877468e+04
25.252525 1.2424242 3.974255499394e+04
25.252525 1.3030303 3.914799988946e+04
25.252525 1.3636364 3.852968389133e+04
25.252525 1.4242424 3.788865009474e+04
25.252525 1.4848485 3.722579976563e+04
25.252525 1.5454545 3.654201150116e+04
25.252525 1.6060606 3.583814382491e+04
25.252525 1.6666667 3.511524938556e+04
25.252525 1.7272727 3.437438978722e+04
25.252525 1.7878788 3.361647902510e+04
25.252525 1.8484848 3.284253799866e+04
25.252525 1.9090909 3.205322839823e+04
25.252525 1.969697 3.124972495310e+04
25.252525 2.030303 3.043283438878e+04
25.252525 2.0909091 2.960378026362e+04
25.252525 2.1515152 2.876348825393e+04
25.252525 2.2121212 2.791336896848e+04
25.252525 2.2727273 2.705436357704e+04
25.252525 2.3333333 2.618789503230e+04
25.252525 2.3939394 2.531527008913e+04
25.252525 2.4545455 2.443792388428e+04
25.252525 2.5151515 2.355760232142e+04
25.252525 2.5757576 2.267573456343e+04
25.252525 2.6363636 2.179428557602e+04
25.252525 2.6969697 2.091461775327e+04
25.252525 2.7575758 2.003883367508e+04
25.252525 2.8181818 1.916875250812e+04
25.252525 2.8787879 1.830613250453e+04
25.252525 2.9393939 1.745300001352e+04
25.252525 3 1.661082410035e+04
25.757576 -3 1.500758346581e+04
25.757576 -2.9393939 1.577776039717e+04
25.757576 -2.8787879 1.655804545444e+04
25.757576 -2.8181818 1.734695964980e+04
25.757576 -2.7575758 1.814255961019e+04
25.757576 -2.6969697 1.894319903229e+04
25.757576 -2.6363636 1.974744472836e+04
25.757576 -2.5757576 2.055336590750e+04
25.757576 -2.5151515 2.135956801495e+04
25.757576 -2.4545455 2.216452233426e+04
25.757576 -2.3939394 2.296718545229e+04
25.757576 -2.3333333 2.376616391769e+04
25.757576 -2.2727273 2.455999137796e+04
25.757576 -2.2121212 2.534750123541e+04
25.757576 -2.1515152 2.612739324110e+04
25.757576 -2.0909091 2.689882667932e+04
25.757576 -2.030303 2.766042154505e+04
25.757576 -1.969697 2.841090121230e+04
25.757576 -1.9090909 2.914929582317e+04
25.757576 -1.8484848 2.987436067368e+04
25.757576 -1.7878788 3.058502997681e+04
25.757576 -1.7272727 3.128075711952e+04
25.757576 -1.6666667 3.196053565103e+04
25.757576 -1.6060606 3.262425268458e+04
25.757576 -1.5454545 3.327086171372e+04
25.757576 -1.4848485 3.389921186556e+04
25.757576 -1.4242424 3.450881139918e+04
25.757576 -1.3636364 3.509889987983e+04
25.757576 -1.3030303 3.566886336306e+04
25.757576 -1.2424242 3.621746066539e+04
25.757576 -1.1818182 3.674432424215e+04
25.757576 -1.1212121 3.724934105492e+04
25.757576 -1.0606061 3.773194387680e+04
25.757576 -1 3.819183710271e+04
25.757576 -0.93939394 3.862765833588e+04
25.757576 -0.87878788 3.903831876592e+04
25.757576 -0.81818182 3.942309751921e+04
25.757576 -0.75757576 3.978211822707e+04
25.757576 -0.6969697 4.011414758146e+04
25.757576 -0.63636364 4.042037789056e+04
25.757576 -0.57575758 4.070009260022e+04
25.757576 -0.51515152 4.095272125461e+04
25.757576 -0.45454545 4.117773004264e+04
25.757576 -0.39393939 4.137468297291e+04
25.757576 -0.33333333 4.154316561016e+04
25.757576 -0.27272727 4.168303287497e+04
25.757576 -0.21212121 4.179180640007e+04
25.757576 -0.15151515 4.187125949606e+04
25.757576 -0.090909091 4.192390688923e+04
25.757576 -0.03030303 4.194875009934e+04
25.757576 0.03030303 4.194516910221e+04
25.757576 0.090909091 4.191575102698e+04
25.757576 0.15151515 4.185762636331e+04
25.757576 0.21212121 4.177179396441e+04
25.757576 0.27272727 4.165764626365e+04
25.757576 0.33333333 4.151629800045e+04
25.757576 0.39393939 4.134331468161e+04
25.757576 0.45454545 4.114440354774e+04
25.757576 0.51515152 4.091912137190e+04
25.757576 0.57575758 4.066374417737e+04
25.757576 0.63636364 4.038404554708e+04
25.757576 0.6969697 4.007706683823e+04
25.757576 0.75757576 3.974299913290e+04
25.757576 0.81818182 3.938229242782e+04
25.757576 0.87878788 3.899556517144e+04
25.757576 0.93939394 3.858561379630e+04
25.757576 1 3.815246545842e+04
25.757576 1.0606061 3.769585215720e+04
25.757576 1.1212121 3.721551822132e+04
25.757576 1.1818182 3.671204467081e+04
25.757576 1.2424242 3.618652785342e+04
25.757576 1.3030303 3.564031191530e+04
25.757576 1.3636364 3.507219046596e+04
25.757576 1.4242424 3.448313565591e+04
25.757576 1.4848485 3.387403952657e+04
25.757576 1.5454545 3.324577496874e+04
25.757576 1.6060606 3.259914458528e+04
25.757576 1.6666667 3.193511607970e+04
25.757576 1.7272727 3.125466848671e+04
25.757576 1.7878788 3.055858146110e+04
25.757576 1.8484848 2.984786497504e+04
25.757576 1.9090909 2.912312809132e+04
25.757576 1.969697 2.838553834394e+04
25.757576 2.030303 2.763572164274e+04
25.757576 2.0909091 2.687486362739e+04
25.757576 2.1515152 2.610385416564e+04
25.757576 2.2121212 2.532394861149e+04
25.757576 2.2727273 2.453607961841e+04
25.757576 2.3333333 2.374159199924e+04
25.757576 2.3939394 2.294171742452e+04
25.757576 2.4545455 2.213780184194e+04
25.757576 2.5151515 2.133145253610e+04
25.757576 2.5757576 2.052400789547e+04
25.757576 2.6363636 1.971729069787e+04
25.757576 2.6969697 1.891260232472e+04
25.757576 2.7575758 1.811188804864e+04
25.757576 2.8181818 1.731687003191e+04
25.757576 2.8787879 1.652913620072e+04
25.757576 2.9393939 1.575055431037e+04
25.757576 3 1.498243217771e+04
26.262626 -3 1.355886228850e+04
26.262626 -2.9393939 1.426233161144e+04
26.262626 -2.8787879 1.497548706949e+04
26.262626 -2.8181818 1.569696780688e+04
26.262626 -2.7575758 1.642497625888e+04
26.262626 -2.6969697 1.715801939378e+04
26.262626 -2.6363636 1.789474883999e+04
26.262626 -2.5757576 1.863337043645e+04
26.262626 -2.5151515 1.937261520547e+04
26.262626 -2.4545455 2.011099386291e+04
26.262626 -2.3939394 2.084750651018e+04
26.262626 -2.3333333 2.158090722399e+04
26.262626 -2.2727273 2.230983979942e+04
26.262626 -2.2121212 2.303316184990e+04
26.262626 -2.1515152 2.374962600878e+04
26.262626 -2.0909091 2.445849664487e+04
26.262626 -2.030303 2.515846981820e+04
26.262626 -1.969697 2.584837366761e+04
26.262626 -1.9090909 2.652723861786e+04
26.262626 -1.8484848 2.719393162508e+04
26.262626 -1.7878788 2.784752968201e+04
26.262626 -1.7272727 2.848747141661e+04
26.262626 -1.6666667 2.911281334546e+04
26.262626 -1.6060606 2.972340151645e+04
26.262626 -1.5454545 3.031834557955e+04
26.262626 -1.4848485 3.089657022894e+04
26.262626 -1.4242424 3.145756737294e+04
26.262626 -1.3636364 3.200067822236e+04
26.262626 -1.3030303 3.252517566747e+04
26.262626 -1.2424242 3.303008319293e+04
26.262626 -1.1818182 3.351511281828e+04
26.262626 -1.1212121 3.398012708712e+04
26.262626 -1.0606061 3.442453854137e+04
26.262626 -1 3.484786848293e+04
26.262626 -0.93939394 3.524892683658e+04
26.262626 -0.87878788 3.562673721489e+04
26.262626 -0.81818182 3.598075300341e+04
26.262626 -0.75757576 3.631120054449e+04
26.262626 -0.6969697 3.661693212433e+04
26.262626 -0.63636364 3.689893694026e+04
26.262626 -0.57575758 3.715654161091e+04
26.262626 -0.51515152 3.738919065111e+04
26.262626 -0.45454545 3.759638477647e+04
26.262626 -0.39393939 3.777773920203e+04
26.262626 -0.33333333 3.793288815029e+04
26.262626 -0.27272727 3.806164781828e+04
26.262626 -0.21212121 3.816270772722e+04
26.262626 -0.15151515 3.823603360175e+04
26.262626 -0.090909091 3.828406549558e+04
26.262626 -0.03030303 3.830694386545e+04
26.262626 0.03030303 3.830357893105e+04
26.262626 0.090909091 3.827611646884e+04
26.262626 0.15151515 3.822250117295e+04
26.262626 0.21212121 3.814362200373e+04
26.262626 0.27272727 3.803869157553e+04
26.262626 0.33333333 3.790821701391e+04
26.262626 0.39393939 3.775039031508e+04
26.262626 0.45454545 3.756731420775e+04
26.262626 0.51515152 3.735938031516e+04
26.262626 0.57575758 3.712374681958e+04
26.262626 0.63636364 3.686637433614e+04
26.262626 0.6969697 3.658380060347e+04
26.262626 0.75757576 3.627661024024e+04
26.262626 0.81818182 3.594424537044e+04
26.262626 0.87878788 3.558845402410e+04
26.262626 0.93939394 3.521080130346e+04
26.262626 1 3.481188384005e+04
26.262626 1.0606061 3.439147770937e+04
26.262626 1.1212121 3.394941572181e+04
26.262626 1.1818182 3.348609452959e+04
26.262626 1.2424242 3.300227215512e+04
26.262626 1.3030303 3.249963650700e+04
26.262626 1.3636364 3.197686095343e+04
26.262626 1.4242424 3.143475395807e+04
26.262626 1.4848485 3.087422737580e+04
26.262626 1.5454545 3.029613646388e+04
26.262626 1.6060606 2.970121910189e+04
26.262626 1.6666667 2.909035759956e+04
26.262626 1.7272727 2.846446896808e+04
26.262626 1.7878788 2.782420817067e+04
26.262626 1.8484848 2.717059095401e+04
26.262626 1.9090909 2.650416709014e+04
26.262626 1.969697 2.582606934151e+04
26.262626 2.030303 2.513682159829e+04
26.262626 2.0909091 2.443752134007e+04
26.262626 2.1515152 2.372902848674e+04
26.262626 2.2121212 2.301247805633e+04
26.262626 2.2727273 2.228880327751e+04
26.262626 2.3333333 2.155926769474e+04
26.262626 2.3939394 2.082501343109e+04
26.262626 2.4545455 2.008731679132e+04
26.262626 2.5151515 1.934765736675e+04
26.262626 2.5757576 1.860728159410e+04
26.262626 2.6363636 1.786789645703e+04
26.262626 2.6969697 1.713075779063e+04
26.262626 2.7575758 1.639764018507e+04
26.262626 2.8181818 1.567017743785e+04
26.262626 2.8787879 1.494980336744e+04
26.262626 2.9393939 1.423821741990e+04
26.262626 3 1.353660887362e+04
26.767677 -3 1.227005856842e+04
26.767677 -2.9393939 1.291348596880e+04
26.767677 -2.8787879 1.356619039661e+04
26.767677 -2.8181818 1.422691831244e+04
26.767677 -2.7575758 1.489399991797e+04
26.767677 -2.6969697 1.556608675197e+04
26.767677 -2.6363636 1.624190695246e+04
26.767677 -2.5757576 1.691979674853e+04
26.767677 -2.5151515 1.759859236254e+04
26.767677 -2.4545455 1.827686014621e+04
26.767677 -2.3939394 1.895363632757e+04
26.767677 -2.3333333 1.962776970173e+04
26.767677 -2.2727273 2.029804646765e+04
26.767677 -2.2121212 2.096335975905e+04
26.767677 -2.1515152 2.162248878245e+04
26.767677 -2.0909091 2.227479145785e+04
26.767677 -2.030303 2.291903457018e+04
26.767677 -1.969697 2.355414431256e+04
26.767677 -1.9090909 2.417917376241e+04
26.767677 -1.8484848 2.479306647482e+04
26.767677 -1.7878788 2.539501956581e+04
26.767677 -1.7272727 2.598447259588e+04
26.767677 -1.6666667 2.656057879531e+04
26.767677 -1.6060606 2.712310212388e+04
26.767677 -1.5454545 2.767128629405e+04
26.767677 -1.4848485 2.820413913793e+04
26.767677 -1.4242424 2.872113118002e+04
26.767677 -1.3636364 2.922169697157e+04
26.767677 -1.3030303 2.970504182280e+04
26.767677 -1.2424242 3.017042436417e+04
26.767677 -1.1818182 3.061759316091e+04
26.767677 -1.1212121 3.104638510974e+04
26.767677 -1.0606061 3.145618513651e+04
26.767677 -1 3.184637547327e+04
26.767677 -0.93939394 3.221594276801e+04
26.767677 -0.87878788 3.256402772012e+04
26.767677 -0.81818182 3.289024414490e+04
26.767677 -0.75757576 3.319486423896e+04
26.767677 -0.6969697 3.347681165481e+04
26.767677 -0.63636364 3.373688306434e+04
26.767677 -0.57575758 3.397446093078e+04
26.767677 -0.51515152 3.418900840663e+04
26.767677 -0.45454545 3.438006321128e+04
26.767677 -0.39393939 3.454729130429e+04
26.767677 -0.33333333 3.469036390298e+04
26.767677 -0.27272727 3.480907754148e+04
26.767677 -0.21212121 3.490284899659e+04
26.767677 -0.15151515 3.497087501145e+04
26.767677 -0.090909091 3.501480813002e+04
26.767677 -0.03030303 3.503580013255e+04
26.767677 0.03030303 3.503265731769e+04
26.767677 0.090909091 3.500706438677e+04
26.767677 0.15151515 3.495744488770e+04
26.767677 0.21212121 3.488488676874e+04
26.767677 0.27272727 3.478825106014e+04
26.767677 0.33333333 3.466780976147e+04
26.767677 0.39393939 3.452310022203e+04
26.767677 0.45454545 3.435477649601e+04
26.767677 0.51515152 3.416271942887e+04
26.767677 0.57575758 3.394479880935e+04
26.767677 0.63636364 3.370762885641e+04
26.767677 0.6969697 3.344719133608e+04
26.767677 0.75757576 3.316426205053e+04
26.767677 0.81818182 3.285762108451e+04
26.767677 0.87878788 3.252983129570e+04
26.767677 0.93939394 3.218145624893e+04
26.767677 1 3.181353638666e+04
26.767677 1.0606061 3.142585427181e+04
26.767677 1.1212121 3.101841173836e+04
26.767677 1.1818182 3.059144229304e+04
26.767677 1.2424242 3.014542895973e+04
26.767677 1.3030303 2.968213923286e+04
26.767677 1.3636364 2.920041963990e+04
26.767677 1.4242424 2.870079777922e+04
26.767677 1.4848485 2.818423723094e+04
26.767677 1.5454545 2.765156280349e+04
26.767677 1.6060606 2.710344843449e+04
26.767677 1.6666667 2.654069038828e+04
26.767677 1.7272727 2.596416032769e+04
26.767677 1.7878788 2.537440974303e+04
26.767677 1.8484848 2.477245264509e+04
26.767677 1.9090909 2.415878401279e+04
26.767677 1.969697 2.353447497388e+04
26.767677 2.030303 2.290001164608e+04
26.767677 2.0909091 2.225637108984e+04
26.767677 2.1515152 2.160439190365e+04
26.767677 2.2121212 2.094511929257e+04
26.767677 2.2727273 2.027947853011e+04
26.767677 2.3333333 1.960865334881e+04
26.767677 2.3939394 1.893369248460e+04
26.767677 2.4545455 1.825581257984e+04
26.767677 2.5151515 1.757637982208e+04
26.767677 2.5757576 1.689655806297e+04
26.767677 2.6363636 1.621795149222e+04
26.767677 2.6969697 1.554177237753e+04
26.767677 2.7575758 1.486963111911e+04
26.767677 2.8181818 1.420306660148e+04
26.767677 2.8787879 1.354337821862e+04
26.767677 2.9393939 1.289210226433e+04
26.767677 3 1.225033694989e+04
27.272727 -3 1.112134262636e+04
27.272727 -2.9393939 1.171063900017e+04
27.272727 -2.8787879 1.230881506314e+04
27.272727 -2.8181818 1.291471706472e+04
27.272727 -2.7575758 1.352678831058e+04
27.272727 -2.6969697 1.414381452815e+04
27.272727 -2.6363636 1.476459530723e+04
27.272727 -2.5757576 1.538758792635e+04
27.272727 -2.5151515 1.601171481545e+04
27.272727 -2.4545455 1.663561204433e+04
27.272727 -2.3939394 1.725834974761e+04
27.272727 -2.3333333 1.787884035944e+04
27.272727 -2.2727273 1.849600102380e+04
27.272727 -2.2121212 1.910879837763e+04
27.272727 -2.1515152 1.971600823397e+04
27.272727 -2.0909091 2.031707598224e+04
27.272727 -2.030303 2.091083300132e+04
27.272727 -1.969697 2.149629400391e+04
27.272727 -1.9090909 2.207254996539e+04
27.272727 -1.8484848 2.263860523631e+04
27.272727 -1.7878788 2.319374309990e+04
27.272727 -1.7272727 2.373742658015e+04
27.272727 -1.6666667 2.426891387621e+04
27.272727 -1.6060606 2.478789031439e+04
27.272727 -1.5454545 2.529367637593e+04
27.272727 -1.4848485 2.578537894756e+04
27.272727 -1.4242424 2.626246975744e+04
27.272727 -1.3636364 2.672444058891e+04
27.272727 -1.3030303 2.717048607936e+04
27.272727 -1.2424242 2.760004785144e+04
27.272727 -1.1818182 2.801288907665e+04
27.272727 -1.1212121 2.840882030632e+04
27.272727 -1.0606061 2.878718964629e+04
27.272727 -1 2.914730543627e+04
27.272727 -0.93939394 2.948830161494e+04
27.272727 -0.87878788 2.980945582862e+04
27.272727 -0.81818182 3.011050846276e+04
27.272727 -0.75757576 3.039173402889e+04
27.272727 -0.6969697 3.065212609062e+04
27.272727 -0.63636364 3.089230311113e+04
27.272727 -0.57575758 3.111170932393e+04
27.272727 -0.51515152 3.130983002855e+04
27.272727 -0.45454545 3.148623941078e+04
27.272727 -0.39393939 3.164065220294e+04
27.272727 -0.33333333 3.177276828668e+04
27.272727 -0.27272727 3.188239823068e+04
27.272727 -0.21212121 3.196931996518e+04
27.272727 -0.15151515 3.203261494867e+04
27.272727 -0.090909091 3.207302400740e+04
27.272727 -0.03030303 3.209219807204e+04
27.272727 0.03030303 3.208926058535e+04
27.272727 0.090909091 3.206544134893e+04
27.272727 0.15151515 3.201940871431e+04
27.272727 0.21212121 3.195261930618e+04
27.272727 0.27272727 3.186340182058e+04
27.272727 0.33333333 3.175222907198e+04
27.272727 0.39393939 3.161898264546e+04
27.272727 0.45454545 3.146412231972e+04
27.272727 0.51515152 3.128686521905e+04
27.272727 0.57575758 3.108481568928e+04
27.272727 0.63636364 3.086595777036e+04
27.272727 0.6969697 3.062560597574e+04
27.272727 0.75757576 3.036459751497e+04
27.272727 0.81818182 3.008140674702e+04
27.272727 0.87878788 2.977894673537e+04
27.272727 0.93939394 2.945720328190e+04
27.272727 1 2.911738729370e+04
27.272727 1.0606061 2.875935922182e+04
27.272727 1.1212121 2.838326465215e+04
27.272727 1.1818182 2.798926341948e+04
27.272727 1.2424242 2.757757323231e+04
27.272727 1.3030303 2.714987136462e+04
27.272727 1.3636364 2.670540082753e+04
27.272727 1.4242424 2.624429990608e+04
27.272727 1.4848485 2.576760637119e+04
27.272727 1.5454545 2.527610635896e+04
27.272727 1.6060606 2.477042179187e+04
27.272727 1.6666667 2.425126055420e+04
27.272727 1.7272727 2.371945970249e+04
27.272727 1.7878788 2.317549623161e+04
27.272727 1.8484848 2.262035772090e+04
27.272727 1.9090909 2.205449634164e+04
27.272727 1.969697 2.147890367579e+04
27.272727 2.030303 2.089406780987e+04
27.272727 2.0909091 2.030083773103e+04
27.272727 2.1515152 1.970003822130e+04
27.272727 2.2121212 1.909264683695e+04
27.272727 2.2727273 1.847955823017e+04
27.272727 2.3333333 1.786188685415e+04
27.272727 2.3939394 1.724059397975e+04
27.272727 2.4545455 1.661683752859e+04
27.272727 2.5151515 1.599188535975e+04
27.272727 2.5757576 1.536683469758e+04
27.272727 2.6363636 1.474318830963e+04
27.272727 2.6969697 1.412210767272e+04
27.272727 2.7575758 1.350506386994e+04
27.272727 2.8181818 1.289348393116e+04
27.272727 2.8787879 1.228855130008e+04
27.272727 2.9393939 1.169166024795e+04
27.272727 3 1.110382775371e+04
27.777778 -3 1.009561027997e+04
27.777778 -2.9393939 1.063602584885e+04
27.777778 -2.8787879 1.118493629317e+04
27.777778 -2.8181818 1.174128112392e+04
27.777778 -2.7575758 1.230360476201e+04
27.777778 -2.6969697 1.287081541606e+04
27.777778 -2.6363636 1.344178033198e+04
27.777778 -2.5757576 1.401506799700e+04
27.777778 -2.5151515 1.458967169645e+04
27.777778 -2.4545455 1.516430767678e+04
27.777778 -2.3939394 1.573807676400e+04
27.777778 -2.3333333 1.630994466573e+04
27.777778 -2.2727273 1.687892418100e+04
27.777778 -2.2121212 1.744409523405e+04
27.777778 -2.1515152 1.800421161975e+04
27.777778 -2.0909091 1.855879804793e+04
27.777778 -2.030303 1.910674602777e+04
27.777778 -1.969697 1.964714676650e+04
27.777778 -1.9090909 2.017913902042e+04
27.777778 -1.8484848 2.070178161933e+04
27.777778 -1.7878788 2.121441458047e+04
27.777778 -1.7272727 2.171654279926e+04
27.777778 -1.6666667 2.220751955337e+04
27.777778 -1.6060606 2.268697877049e+04
27.777778 -1.5454545 2.315425784942e+04
27.777778 -1.4848485 2.360857204456e+04
27.777778 -1.4242424 2.404943038357e+04
27.777778 -1.3636364 2.447633617001e+04
27.777778 -1.3030303 2.488852479099e+04
27.777778 -1.2424242 2.528556644226e+04
27.777778 -1.1818182 2.566722954075e+04
27.777778 -1.1212121 2.603329324788e+04
27.777778 -1.0606061 2.638307051708e+04
27.777778 -1 2.671585836539e+04
27.777778 -0.93939394 2.703089747123e+04
27.777778 -0.87878788 2.732761979016e+04
27.777778 -0.81818182 2.760585363588e+04
27.777778 -0.75757576 2.786584526419e+04
27.777778 -0.6969697 2.810666444904e+04
27.777778 -0.63636364 2.832876411351e+04
27.777778 -0.57575758 2.853165366192e+04
27.777778 -0.51515152 2.871484397919e+04
27.777778 -0.45454545 2.887794323369e+04
27.777778 -0.39393939 2.902071007088e+04
27.777778 -0.33333333 2.914287489451e+04
27.777778 -0.27272727 2.924426688134e+04
27.777778 -0.21212121 2.932481566727e+04
27.777778 -0.15151515 2.938375999495e+04
27.777778 -0.090909091 2.942118710916e+04
27.777778 -0.03030303 2.943865236574e+04
27.777778 0.03030303 2.943587927489e+04
27.777778 0.090909091 2.941372659851e+04
27.777778 0.15151515 2.937096114667e+04
27.777778 0.21212121 2.930942012182e+04
27.777778 0.27272727 2.922685661927e+04
27.777778 0.33333333 2.912419545102e+04
27.777778 0.39393939 2.900113678251e+04
27.777778 0.45454545 2.885834946857e+04
27.777778 0.51515152 2.869496783212e+04
27.777778 0.57575758 2.850721066859e+04
27.777778 0.63636364 2.830498101520e+04
27.777778 0.6969697 2.808286624844e+04
27.777778 0.75757576 2.784169244995e+04
27.777778 0.81818182 2.757993163331e+04
27.777778 0.87878788 2.730040773778e+04
27.777778 0.93939394 2.700294105191e+04
27.777778 1 2.668865129153e+04
27.777778 1.0606061 2.635755656556e+04
27.777778 1.1212121 2.600988649055e+04
27.777778 1.1818182 2.564582935210e+04
27.777778 1.2424242 2.526532998391e+04
27.777778 1.3030303 2.486989020283e+04
27.777778 1.3636364 2.445927022968e+04
27.777778 1.4242424 2.403315991053e+04
27.777778 1.4848485 2.359267533429e+04
27.777778 1.5454545 2.313856114797e+04
27.777778 1.6060606 2.267140251026e+04
27.777778 1.6666667 2.219182027961e+04
27.777778 1.7272727 2.170062170750e+04
27.777778 1.7878788 2.119823623700e+04
27.777778 1.8484848 2.068559672456e+04
27.777778 1.9090909 2.016312833082e+04
27.777778 1.969697 1.963173289493e+04
27.777778 2.030303 1.909192139381e+04
27.777778 2.0909091 1.854442392801e+04
27.777778 2.1515152 1.799005567394e+04
27.777778 2.2121212 1.742973856399e+04
27.777778 2.2727273 1.686431389531e+04
27.777778 2.3333333 1.629484039119e+04
27.777778 2.3939394 1.572220308860e+04
27.777778 2.4545455 1.514749985096e+04
27.777778 2.5151515 1.457191281421e+04
27.777778 2.5757576 1.399648695801e+04
27.777778 2.6363636 1.342262281455e+04
27.777778 2.6969697 1.285141861441e+04
27.777778 2.7575758 1.228423701416e+04
27.777778 2.8181818 1.172237925136e+04
27.777778 2.8787879 1.116692657288e+04
27.777778 2.9393939 1.061915917939e+04
27.777778 3 1.008001449194e+04
28.282828 -3 9.178070766054e+03
28.282828 -2.9393939 9.674276129737e+03
28.282828 -2.8787879 1.017860679352e+04
28.282828 -2.8181818 1.069008749684e+04
28.282828 -2.7575758 1.120735395748e+04
28.282828 -2.6969697 1.172942431614e+04
28.282828 -2.6363636 1.225522833952e+04
28.282828 -2.5757576 1.278344002439e+04
28.282828 -2.5151515 1.331311124694e+04
28.282828 -2.4545455 1.384304241495e+04
28.282828 -2.3939394 1.437236434332e+04
28.282828 -2.3333333 1.490009266005e+04
28.282828 -2.2727273 1.542530200045e+04
28.282828 -2.2121212 1.594720485387e+04
28.282828 -2.1515152 1.646453705049e+04
28.282828 -2.0909091 1.697688830331e+04
28.282828 -2.030303 1.748320534601e+04
28.282828 -1.969697 1.798264680956e+04
28.282828 -1.9090909 1.847440141221e+04
28.282828 -1.8484848 1.895758133950e+04
28.282828 -1.7878788 1.943156533923e+04
28.282828 -1.7272727 1.989590766309e+04
28.282828 -1.6666667 2.035004185034e+04
28.282828 -1.6060606 2.079357503934e+04
28.282828 -1.5454545 2.122583063725e+04
28.282828 -1.4848485 2.164612126015e+04
28.282828 -1.4242424 2.205402958425e+04
28.282828 -1.3636364 2.244903015162e+04
28.282828 -1.3030303 2.283043934040e+04
28.282828 -1.2424242 2.319790755324e+04
28.282828 -1.1818182 2.355120388538e+04
28.282828 -1.1212121 2.389007131139e+04
28.282828 -1.0606061 2.421379961275e+04
28.282828 -1 2.452172036171e+04
28.282828 -0.93939394 2.481315030226e+04
28.282828 -0.87878788 2.508767641570e+04
28.282828 -0.81818182 2.534518057641e+04
28.282828 -0.75757576 2.558586167642e+04
28.282828 -0.6969697 2.580887555467e+04
28.282828 -0.63636364 2.601452007921e+04
28.282828 -0.57575758 2.620237268459e+04
28.282828 -0.51515152 2.637197183091e+04
28.282828 -0.45454545 2.652295564982e+04
28.282828 -0.39393939 2.665512398647e+04
28.282828 -0.33333333 2.676823863517e+04
28.282828 -0.27272727 2.686213371424e+04
28.282828 -0.21212121 2.693679809698e+04
28.282828 -0.15151515 2.699168314506e+04
28.282828 -0.090909091 2.702656219038e+04
28.282828 -0.03030303 2.704249665653e+04
28.282828 0.03030303 2.703981944789e+04
28.282828 0.090909091 2.701922585327e+04
28.282828 0.15151515 2.697947429251e+04
28.282828 0.21212121 2.692265709710e+04
28.282828 0.27272727 2.684613465582e+04
28.282828 0.33333333 2.675122894786e+04
28.282828 0.39393939 2.663734262792e+04
28.282828 0.45454545 2.650533032778e+04
28.282828 0.51515152 2.635482930537e+04
28.282828 0.57575758 2.618009084936e+04
28.282828 0.63636364 2.599299643953e+04
28.282828 0.6969697 2.578746567871e+04
28.282828 0.75757576 2.556426969782e+04
28.282828 0.81818182 2.532209777374e+04
28.282828 0.87878788 2.506340389419e+04
28.282828 0.93939394 2.478807762935e+04
28.282828 1 2.449703294096e+04
28.282828 1.0606061 2.419044149435e+04
28.282828 1.1212121 2.386859368253e+04
28.282828 1.1818182 2.353176543559e+04
28.282828 1.2424242 2.317964492693e+04
28.282828 1.3030303 2.281352915805e+04
28.282828 1.3636364 2.243370500998e+04
28.282828 1.4242424 2.203943439310e+04
28.282828 1.4848485 2.163188825804e+04
28.282828 1.5454545 2.121177257839e+04
28.282828 1.6060606 2.077964686808e+04
28.282828 1.6666667 2.033605547727e+04
28.282828 1.7272727 1.988177372469e+04
28.282828 1.7878788 1.941720389517e+04
28.282828 1.8484848 1.894320096926e+04
28.282828 1.9090909 1.846018001128e+04
28.282828 1.969697 1.796894897455e+04
28.282828 2.030303 1.747004906097e+04
28.282828 2.0909091 1.696411098778e+04
28.282828 2.1515152 1.645193555944e+04
28.282828 2.2121212 1.593439755185e+04
28.282828 2.2727273 1.541227169474e+04
28.282828 2.3333333 1.488656969767e+04
28.282828 2.3939394 1.435811242508e+04
28.282828 2.4545455 1.382793889600e+04
28.282828 2.5151515 1.329715751728e+04
28.282828 2.5757576 1.276676460060e+04
28.282828 2.6363636 1.223806354632e+04
28.282828 2.6969697 1.171207733450e+04
28.282828 2.7575758 1.119008320121e+04
28.282828 2.8181818 1.067325725454e+04
28.282828 2.8787879 1.016258527078e+04
28.282828 2.9393939 9.659258154363e+03
28.282828 3 9.164138878309e+03
28.787879 -3 8.355900666673e+03
28.787879 -2.9393939 8.812057778484e+03
28.787879 -2.8787879 9.275988148822e+03
28.787879 -2.8181818 9.746792682135e+03
28.787879 -2.7575758 1.022318987644e+04
28.787879 -2.6969697 1.070429444265e+04
28.787879 -2.6363636 1.118909305110e+04
28.787879 -2.5757576 1.167636216004e+04
28.787879 -2.5151515 1.216520490758e+04
28.787879 -2.4545455 1.265450279648e+04
28.787879 -2.3939394 1.314341817483e+04
28.787879 -2.3333333 1.363101418421e+04
28.787879 -2.2727273 1.411640622607e+04
28.787879 -2.2121212 1.459893258084e+04
28.787879 -2.1515152 1.507733638702e+04
28.787879 -2.0909091 1.555125109529e+04
28.787879 -2.030303 1.601967542699e+04
28.787879 -1.969697 1.648183002120e+04
28.787879 -1.9090909 1.693694949497e+04
28.787879 -1.8484848 1.738419865269e+04
28.787879 -1.7878788 1.782298908541e+04
28.787879 -1.7272727 1.825292272731e+04
28.787879 -1.6666667 1.867349715265e+04
28.787879 -1.6060606 1.908430586776e+04
28.787879 -1.5454545 1.948466369741e+04
28.787879 -1.4848485 1.987394988367e+04
28.787879 -1.4242424 2.025184677371e+04
28.787879 -1.3636364 2.061777657501e+04
28.787879 -1.3030303 2.097115900714e+04
28.787879 -1.2424242 2.131169066827e+04
28.787879 -1.1818182 2.163913350830e+04
28.787879 -1.1212121 2.195319395814e+04
28.787879 -1.0606061 2.225316035314e+04
28.787879 -1 2.253842020234e+04
28.787879 -0.93939394 2.280835372377e+04
28.787879 -0.87878788 2.306268318306e+04
28.787879 -0.81818182 2.330132209597e+04
28.787879 -0.75757576 2.352441058145e+04
28.787879 -0.6969697 2.373119860850e+04
28.787879 -0.63636364 2.392183949687e+04
28.787879 -0.57575758 2.409598049998e+04
28.787879 -0.51515152 2.425318686397e+04
28.787879 -0.45454545 2.439312771388e+04
28.787879 -0.39393939 2.451563714934e+04
28.787879 -0.33333333 2.462050758200e+04
28.787879 -0.27272727 2.470756468878e+04
28.787879 -0.21212121 2.477681726671e+04
28.787879 -0.15151515 2.482791067416e+04
28.787879 -0.090909091 2.486054175184e+04
28.787879 -0.03030303 2.487517812313e+04
28.787879 0.03030303 2.487251870294e+04
28.787879 0.090909091 2.485337577715e+04
28.787879 0.15151515 2.481643095543e+04
28.787879 0.21212121 2.476380902901e+04
28.787879 0.27272727 2.469285244491e+04
28.787879 0.33333333 2.460497761585e+04
28.787879 0.39393939 2.449940458423e+04
28.787879 0.45454545 2.437707152500e+04
28.787879 0.51515152 2.423829578292e+04
28.787879 0.57575758 2.407559631620e+04
28.787879 0.63636364 2.390231327219e+04
28.787879 0.6969697 2.371188776556e+04
28.787879 0.75757576 2.350502438349e+04
28.787879 0.81818182 2.328073585495e+04
28.787879 0.87878788 2.304103414349e+04
28.787879 0.93939394 2.278589344759e+04
28.787879 1 2.251607751304e+04
28.787879 1.0606061 2.223180773534e+04
28.787879 1.1212121 2.193346808231e+04
28.787879 1.1818182 2.162142480677e+04
28.787879 1.2424242 2.129516055549e+04
28.787879 1.3030303 2.095576952637e+04
28.787879 1.3636364 2.060398467419e+04
28.787879 1.4242424 2.023873334360e+04
28.787879 1.4848485 1.986119696694e+04
28.787879 1.5454545 1.947204788459e+04
28.787879 1.6060606 1.907182519773e+04
28.787879 1.6666667 1.866101464096e+04
28.787879 1.7272727 1.824035370331e+04
28.787879 1.7878788 1.781022698391e+04
28.787879 1.8484848 1.737140075959e+04
28.787879 1.9090909 1.692429456335e+04
28.787879 1.969697 1.646962240261e+04
28.787879 2.030303 1.600795560873e+04
28.787879 2.0909091 1.553984800556e+04
28.787879 2.1515152 1.506607410493e+04
28.787879 2.2121212 1.458746735520e+04
28.787879 2.2727273 1.410473565593e+04
28.787879 2.3333333 1.361884677278e+04
28.787879 2.3939394 1.313056657542e+04
28.787879 2.4545455 1.264088003926e+04
28.787879 2.5151515 1.215083314475e+04
28.787879 2.5757576 1.166136627142e+04
28.787879 2.6363636 1.117369890216e+04
28.787879 2.6969697 1.068876899448e+04
28.787879 2.7575758 1.020778042060e+04
28.787879 2.8181818 9.731799057903e+03
28.787879 2.8787879 9.261716558251e+03
28.787879 2.9393939 8.798652570604e+03
28.787879 3 8.343407542079e+03
29.292929 -3 7.617970481585e+03
29.292929 -2.9393939 8.037795965375e+03
29.292929 -2.8787879 8.465060953860e+03
29.292929 -2.8181818 8.898932782718e+03
29.292929 -2.7575758 9.338206398113e+03
29.292929 -2.6969697 9.782079480145e+03
29.292929 -2.6363636 1.022959006236e+04
29.292929 -2.5757576 1.067961523929e+04
29.292929 -2.5151515 1.113130528659e+04
29.292929 -2.4545455 1.158361578026e+04
29.292929 -2.3939394 1.203574253314e+04
29.292929 -2.3333333 1.248679370978e+04
29.292929 -2.2727273 1.293591764847e+04
29.292929 -2.2121212 1.338255231580e+04
29.292929 -2.1515152 1.382548391946e+04
29.292929 -2.0909091 1.426436682617e+04
29.292929 -2.030303 1.469824974176e+04
29.292929 -1.969697 1.512641127344e+04
29.292929 -1.9090909 1.554812618553e+04
29.292929 -1.8484848 1.596260915220e+04
29.292929 -1.7878788 1.636930747204e+04
29.292929 -1.7272727 1.676786248824e+04
29.292929 -1.6666667 1.715782272415e+04
29.292929 -1.6060606 1.753876853716e+04
29.292929 -1.5454545 1.791003701085e+04
29.292929 -1.4848485 1.827103575668e+04
29.292929 -1.4242424 1.862155486191e+04
29.292929 -1.3636364 1.896096079778e+04
29.292929 -1.3030303 1.928878212990e+04
29.292929 -1.2424242 1.960474048846e+04
29.292929 -1.1818182 1.990858152959e+04
29.292929 -1.1212121 2.019997927998e+04
29.292929 -1.0606061 2.047824519811e+04
29.292929 -1 2.074282453023e+04
29.292929 -0.93939394 2.099316381783e+04
29.292929 -0.87878788 2.122908635500e+04
29.292929 -0.81818182 2.145052668819e+04
29.292929 -0.75757576 2.165756263665e+04
29.292929 -0.6969697 2.184953908359e+04
29.292929 -0.63636364 2.202647824042e+04
29.292929 -0.57575758 2.218809716480e+04
29.292929 -0.51515152 2.233398714445e+04
29.292929 -0.45454545 2.246384789232e+04
29.292929 -0.39393939 2.257754346869e+04
29.292929 -0.33333333 2.267489106551e+04
29.292929 -0.27272727 2.275570358268e+04
29.292929 -0.21212121 2.281998789510e+04
29.292929 -0.15151515 2.286755651855e+04
29.292929 -0.090909091 2.289812665829e+04
29.292929 -0.03030303 2.291170934859e+04
29.292929 0.03030303 2.290900902896e+04
29.292929 0.090909091 2.289120356719e+04
29.292929 0.15151515 2.285688274838e+04
29.292929 0.21212121 2.280795926423e+04
29.292929 0.27272727 2.274217614302e+04
29.292929 0.33333333 2.266067172697e+04
29.292929 0.39393939 2.256266218255e+04
29.292929 0.45454545 2.244911118211e+04
29.292929 0.51515152 2.232080523219e+04
29.292929 0.57575758 2.216939524329e+04
29.292929 0.63636364 2.200872538849e+04
29.292929 0.6969697 2.183207675763e+04
29.292929 0.75757576 2.164009261550e+04
29.292929 0.81818182 2.143210730433e+04
29.292929 0.87878788 2.120977953510e+04
29.292929 0.93939394 2.097304165141e+04
29.292929 1 2.072265896796e+04
29.292929 1.0606061 2.045875352063e+04
29.292929 1.1212121 2.018185896452e+04
29.292929 1.1818182 1.989239883719e+04
29.292929 1.2424242 1.958972751374e+04
29.292929 1.3030303 1.927475098404e+04
29.292929 1.3636364 1.894851647156e+04
29.292929 1.4242424 1.860975334644e+04
29.292929 1.4848485 1.825959880078e+04
29.292929 1.5454545 1.789869822759e+04
29.292929 1.6060606 1.752757037345e+04
29.292929 1.6666667 1.714666288468e+04
29.292929 1.7272727 1.675666728480e+04
29.292929 1.7878788 1.635795432674e+04
29.292929 1.8484848 1.595120063928e+04
29.292929 1.9090909 1.553684075128e+04
29.292929 1.969697 1.511549845723e+04
29.292929 2.030303 1.468776990380e+04
29.292929 2.0909091 1.425415242199e+04
29.292929 2.1515152 1.381538079521e+04
29.292929 2.2121212 1.337225177585e+04
29.292929 2.2727273 1.292541462087e+04
29.292929 2.3333333 1.247579297131e+04
29.292929 2.3939394 1.202410447417e+04
29.292929 2.4545455 1.157128507863e+04
29.292929 2.5151515 1.111832829602e+04
29.292929 2.5757576 1.066610679971e+04
29.292929 2.6363636 1.021577248325e+04
29.292929 2.6969697 9.768174285975e+03
29.292929 2.7575758 9.324445044282e+03
29.292929 2.8181818 8.885562630208e+03
29.292929 2.8787879 8.452325805156e+03
29.292929 2.9393939 8.025794037560e+03
29.292929 3 7.606721781699e+03
29.79798 -3 6.954579499425e+03
29.79798 -2.9393939 7.341399363250e+03
29.79798 -2.8787879 7.735341482226e+03
29.79798 -2.8181818 8.135630927689e+03
29.79798 -2.7575758 8.541134875163e+03
29.79798 -2.6969697 8.951121737044e+03
29.79798 -2.6363636 9.364676828455e+03
29.79798 -2.5757576 9.780773771652e+03
29.79798 -2.5151515 1.019860752364e+04
29.79798 -2.4545455 1.061720104763e+04
29.79798 -2.3939394 1.103578317363e+04
29.79798 -2.3333333 1.145350736554e+04
29.79798 -2.2727273 1.186955231786e+04
29.79798 -2.2121212 1.228342489036e+04
29.79798 -2.1515152 1.269398675952e+04
29.79798 -2.0909091 1.310089348229e+04
29.79798 -2.030303 1.350324419585e+04
29.79798 -1.969697 1.390037013791e+04
29.79798 -1.9090909 1.429158270577e+04
29.79798 -1.8484848 1.467614075862e+04
29.79798 -1.7878788 1.505353348364e+04
29.79798 -1.7272727 1.542343277571e+04
29.79798 -1.6666667 1.578542406771e+04
29.79798 -1.6060606 1.613907553357e+04
29.79798 -1.5454545 1.648377693259e+04
29.79798 -1.4848485 1.681893849397e+04
29.79798 -1.4242424 1.714444247531e+04
29.79798 -1.3636364 1.745961620692e+04
29.79798 -1.3030303 1.776408865908e+04
29.79798 -1.2424242 1.805759351092e+04
29.79798 -1.1818182 1.833985433671e+04
29.79798 -1.1212121 1.861052082774e+04
29.79798 -1.0606061 1.886894569317e+04
29.79798 -1 1.911462627259e+04
29.79798 -0.93939394 1.934708160195e+04
29.79798 -0.87878788 1.956620170605e+04
29.79798 -0.81818182 1.977193533715e+04
29.79798 -0.75757576 1.996430237267e+04
29.79798 -0.6969697 2.014273539706e+04
29.79798 -0.63636364 2.030714383325e+04
29.79798 -0.57575758 2.045731052515e+04
29.79798 -0.51515152 2.059285304461e+04
29.79798 -0.45454545 2.071350085799e+04
29.79798 -0.39393939 2.081914206091e+04
29.79798 -0.33333333 2.090961309063e+04
29.79798 -0.27272727 2.098471745750e+04
29.79798 -0.21212121 2.104444930179e+04
29.79798 -0.15151515 2.108874941824e+04
29.79798 -0.090909091 2.111738188696e+04
29.79798 -0.03030303 2.113011802760e+04
29.79798 0.03030303 2.112735995452e+04
29.79798 0.090909091 2.111077474419e+04
29.79798 0.15151515 2.107890128914e+04
29.79798 0.21212121 2.103325878297e+04
29.79798 0.27272727 2.097226983192e+04
29.79798 0.33333333 2.089656098006e+04
29.79798 0.39393939 2.080546643707e+04
29.79798 0.45454545 2.069992611355e+04
29.79798 0.51515152 2.058089149106e+04
29.79798 0.57575758 2.044014985727e+04
29.79798 0.63636364 2.029097174335e+04
29.79798 0.6969697 2.012690368457e+04
29.79798 0.75757576 1.994851320971e+04
29.79798 0.81818182 1.975538881674e+04
29.79798 0.87878788 1.954897558491e+04
29.79798 0.93939394 1.932903522150e+04
29.79798 1 1.909646737077e+04
29.79798 1.0606061 1.885117787616e+04
29.79798 1.1212121 1.859387861185e+04
29.79798 1.1818182 1.832501876993e+04
29.79798 1.2424242 1.804390887074e+04
29.79798 1.3030303 1.775127933112e+04
29.79798 1.3636364 1.744835372006e+04
29.79798 1.4242424 1.713380257953e+04
29.79798 1.4848485 1.680866794174e+04
29.79798 1.5454545 1.647357501027e+04
29.79798 1.6060606 1.612902156723e+04
29.79798 1.6666667 1.577543146084e+04
29.79798 1.7272727 1.541344601967e+04
29.79798 1.7878788 1.504342093743e+04
29.79798 1.8484848 1.466595275519e+04
29.79798 1.9090909 1.428149333583e+04
29.79798 1.969697 1.389058487043e+04
29.79798 2.030303 1.349383794517e+04
29.79798 2.0909091 1.309171116269e+04
29.79798 2.1515152 1.268488981447e+04
29.79798 2.2121212 1.227413572944e+04
29.79798 2.2727273 1.186005092720e+04
29.79798 2.3333333 1.144351509576e+04
29.79798 2.3939394 1.102520335172e+04
29.79798 2.4545455 1.060600486656e+04
29.79798 2.5151515 1.018686723237e+04
29.79798 2.5757576 9.768588487690e+03
29.79798 2.6363636 9.352264611986e+03
29.79798 2.6969697 8.938658558768e+03
29.79798 2.7575758 8.528830828590e+03
29.79798 2.8181818 8.123690727582e+03
29.79798 2.8787879 7.723950221072e+03
29.79798 2.9393939 7.330616553369e+03
29.79798 3 6.944412774480e+03
30.30303 -3 6.357267302572e+03
30.30303 -2.9393939 6.714064316256e+03
30.30303 -2.8787879 7.077679997272e+03
30.30303 -2.8181818 7.447389783127e+03
30.30303 -2.7575758 7.822131688738e+03
30.30303 -2.6969697 8.201234039166e+03
30.30303 -2.6363636 8.583827156759e+03
30.30303 -2.5757576 8.968974373048e+03
30.30303 -2.5151515 9.355912412298e+03
30.30303 -2.4545455 9.743727503202e+03
30.30303 -2.3939394 1.013167903723e+04
30.30303 -2.3333333 1.051896817656e+04
30.30303 -2.2727273 1.090480287176e+04
30.30303 -2.2121212 1.128873129930e+04
30.30303 -2.1515152 1.166971256133e+04
30.30303 -2.0909091 1.204738996372e+04
30.30303 -2.030303 1.242091581207e+04
30.30303 -1.969697 1.278966509265e+04
30.30303 -1.9090909 1.315298703231e+04
30.30303 -1.8484848 1.351017714779e+04
30.30303 -1.7878788 1.386077154039e+04
30.30303 -1.7272727 1.420446444374e+04
30.30303 -1.6666667 1.454086573045e+04
30.30303 -1.6060606 1.486953771438e+04
30.30303 -1.5454545 1.518993806623e+04
30.30303 -1.4848485 1.550147573327e+04
30.30303 -1.4242424 1.580408779698e+04
30.30303 -1.3636364 1.609709510219e+04
30.30303 -1.3030303 1.638020677092e+04
30.30303 -1.2424242 1.665316156831e+04
30.30303 -1.1818182 1.691566258078e+04
30.30303 -1.1212121 1.716734097847e+04
30.30303 -1.0606061 1.740760232673e+04
30.30303 -1 1.763599223356e+04
30.30303 -0.93939394 1.785210057553e+04
30.30303 -0.87878788 1.805585828665e+04
30.30303 -0.81818182 1.824722461360e+04
30.30303 -0.75757576 1.842616829489e+04
30.30303 -0.6969697 1.859219735647e+04
30.30303 -0.63636364 1.874513081289e+04
30.30303 -0.57575758 1.888480909835e+04
30.30303 -0.51515152 1.901087822220e+04
30.30303 -0.45454545 1.912309551065e+04
30.30303 -0.39393939 1.922136634183e+04
30.30303 -0.33333333 1.930554114139e+04
30.30303 -0.27272727 1.937542195369e+04
30.30303 -0.21212121 1.943098865181e+04
30.30303 -0.15151515 1.947225855286e+04
30.30303 -0.090909091 1.949905496257e+04
30.30303 -0.03030303 1.951108969013e+04
30.30303 0.03030303 1.950829897568e+04
30.30303 0.090909091 1.949282133841e+04
30.30303 0.15151515 1.946321367535e+04
30.30303 0.21212121 1.942053448160e+04
30.30303 0.27272727 1.936393634049e+04
30.30303 0.33333333 1.929353288547e+04
30.30303 0.39393939 1.920879024098e+04
30.30303 0.45454545 1.911056585929e+04
30.30303 0.51515152 1.899978605259e+04
30.30303 0.57575758 1.886912336645e+04
30.30303 0.63636364 1.873037021135e+04
30.30303 0.6969697 1.857780942369e+04
30.30303 0.75757576 1.841186569429e+04
30.30303 0.81818182 1.823230623967e+04
30.30303 0.87878788 1.804046193601e+04
30.30303 0.93939394 1.783589007690e+04
30.30303 1 1.761966370719e+04
30.30303 1.0606061 1.739143058546e+04
30.30303 1.1212121 1.715205966990e+04
30.30303 1.1818182 1.690201750043e+04
30.30303 1.2424242 1.664064246035e+04
30.30303 1.3030303 1.636849721319e+04
30.30303 1.3636364 1.608686731991e+04
30.30303 1.4242424 1.579447612463e+04
30.30303 1.4848485 1.549223465719e+04
30.30303 1.5454545 1.518075308957e+04
30.30303 1.6060606 1.486050921455e+04
30.30303 1.6666667 1.453190818656e+04
30.30303 1.7272727 1.419554212168e+04
30.30303 1.7878788 1.385174961665e+04
30.30303 1.8484848 1.350106167668e+04
30.30303 1.9090909 1.314394237938e+04
30.30303 1.969697 1.278086574938e+04
30.30303 2.030303 1.241244197097e+04
30.30303 2.0909091 1.203910569725e+04
30.30303 2.1515152 1.166148977201e+04
30.30303 2.2121212 1.128032017913e+04
30.30303 2.2727273 1.089616205417e+04
30.30303 2.3333333 1.050985162930e+04
30.30303 2.3939394 1.012202939637e+04
30.30303 2.4545455 9.733535267904e+03
30.30303 2.5151515 9.345273673369e+03
30.30303 2.5757576 8.957970309540e+03
30.30303 2.6363636 8.572668346852e+03
30.30303 2.6969697 8.190054680444e+03
30.30303 2.7575758 7.811115856112e+03
30.30303 2.8181818 7.436704154134e+03
30.30303 2.8787879 7.067458561812e+03
30.30303 2.9393939 6.704340103348e+03
30.30303 3 6.348049857823e+03
30.808081 -3 5.818634790384e+03
30.808081 -2.9393939 6.148088356778e+03
30.808081 -2.8787879 6.484067699068e+03
30.808081 -2.8181818 6.825893520213e+03
30.808081 -2.7575758 7.172574593478e+03
30.808081 -2.6969697 7.523489879357e+03
30.808081 -2.6363636 7.877814628246e+03
30.808081 -2.5757576 8.234691683772e+03
30.808081 -2.5151515 8.593397377538e+03
30.808081 -2.4545455 8.953078163543e+03
30.808081 -2.3939394 9.313022121943e+03
30.808081 -2.3333333 9.672479336220e+03
30.808081 -2.2727273 1.003068646251e+04
30.808081 -2.2121212 1.038721367754e+04
30.808081 -2.1515152 1.074112516573e+04
30.808081 -2.0909091 1.109204681514e+04
30.808081 -2.030303 1.143918751316e+04
30.808081 -1.969697 1.178195393967e+04
30.808081 -1.9090909 1.211973918715e+04
30.808081 -1.8484848 1.245186680560e+04
30.808081 -1.7878788 1.277792235400e+04
30.808081 -1.7272727 1.309761494545e+04
30.808081 -1.6666667 1.341056950621e+04
30.808081 -1.6060606 1.371635319830e+04
30.808081 -1.5454545 1.401449140283e+04
30.808081 -1.4848485 1.430440438595e+04
30.808081 -1.4242424 1.458603641683e+04
30.808081 -1.3636364 1.485874065301e+04
30.808081 -1.3030303 1.512228261261e+04
30.808081 -1.2424242 1.537639989458e+04
30.808081 -1.1818182 1.562078244588e+04
30.808081 -1.1212121 1.585505103673e+04
30.808081 -1.0606061 1.607866413151e+04
30.808081 -1 1.629121601571e+04
30.808081 -0.93939394 1.649235884124e+04
30.808081 -0.87878788 1.668204985155e+04
30.808081 -0.81818182 1.686025339390e+04
30.808081 -0.75757576 1.702689635646e+04
30.808081 -0.6969697 1.718154682868e+04
30.808081 -0.63636364 1.732395945440e+04
30.808081 -0.57575758 1.745402004475e+04
30.808081 -0.51515152 1.757140575484e+04
30.808081 -0.45454545 1.767589834949e+04
30.808081 -0.39393939 1.776741470086e+04
30.808081 -0.33333333 1.784581674225e+04
30.808081 -0.27272727 1.791091056498e+04
30.808081 -0.21212121 1.796266672430e+04
30.808081 -0.15151515 1.800112844003e+04
30.808081 -0.090909091 1.802619181123e+04
30.808081 -0.03030303 1.803760605546e+04
30.808081 0.03030303 1.803483795879e+04
30.808081 0.090909091 1.802036745260e+04
30.808081 0.15151515 1.799283684146e+04
30.808081 0.21212121 1.795289288516e+04
30.808081 0.27272727 1.790026164404e+04
30.808081 0.33333333 1.783474320693e+04
30.808081 0.39393939 1.775584931479e+04
30.808081 0.45454545 1.766431398379e+04
30.808081 0.51515152 1.756098984040e+04
30.808081 0.57575758 1.743978934527e+04
30.808081 0.63636364 1.731046335097e+04
30.808081 0.6969697 1.716844592519e+04
30.808081 0.75757576 1.701391662693e+04
30.808081 0.81818182 1.684676793626e+04
30.808081 0.87878788 1.666824461198e+04
30.808081 0.93939394 1.647777205298e+04
30.808081 1 1.627653905796e+04
30.808081 1.0606061 1.606396871718e+04
30.808081 1.1212121 1.584102044393e+04
30.808081 1.1818182 1.560819278432e+04
30.808081 1.2424242 1.536490789494e+04
30.808081 1.3030303 1.511155975273e+04
30.808081 1.3636364 1.484941733284e+04
30.808081 1.4242424 1.457733394735e+04
30.808081 1.4848485 1.429606830863e+04
30.808081 1.5454545 1.400621937046e+04
30.808081 1.6060606 1.370824580893e+04
30.808081 1.6666667 1.340253455777e+04
30.808081 1.7272727 1.308963143044e+04
30.808081 1.7878788 1.276985756528e+04
30.808081 1.8484848 1.244369434414e+04
30.808081 1.9090909 1.211160850935e+04
30.808081 1.969697 1.177402099819e+04
30.808081 2.030303 1.143152614855e+04
30.808081 2.0909091 1.108454470142e+04
30.808081 2.1515152 1.073366119896e+04
30.808081 2.2121212 1.037956414174e+04
30.808081 2.2727273 1.002278804281e+04
30.808081 2.3333333 9.664127475010e+03
30.808081 2.3939394 9.304196936165e+03
30.808081 2.4545455 8.943781565450e+03
30.808081 2.5151515 8.583743226250e+03
30.808081 2.5757576 8.224744927255e+03
30.808081 2.6363636 7.867773868475e+03
30.808081 2.6969697 7.513453445086e+03
30.808081 2.7575758 7.162697540267e+03
30.808081 2.8181818 6.816304562248e+03
30.808081 2.8787879 6.474860583457e+03
30.808081 2.9393939 6.139284744259e+03
30.808081 3 5.810259035272e+03
31.313131 -3 5.332207544599e+03
31.313131 -2.9393939 5.636727658378e+03
31.313131 -2.8787879 5.947490015889e+03
31.313131 -2.8181818 6.263856987845e+03
31.313131 -2.7575758 6.584907688595e+03
31.313131 -2.6969697 6.910064199192e+03
31.313131 -2.6363636 7.238547721389e+03
31.313131 -2.5757576 7.569569413833e+03
31.313131 -2.5151515 7.902443553623e+03
31.313131 -2.4545455 8.236373482962e+03
31.313131 -2.3939394 8.570675777087e+03
31.313131 -2.3333333 8.904647924379e+03
31.313131 -2.2727273 9.237555747182e+03
31.313131 -2.2121212 9.568980229186e+03
31.313131 -2.1515152 9.898086531745e+03
31.313131 -2.0909091 1.022448393434e+04
31.313131 -2.030303 1.054744080306e+04
31.313131 -1.969697 1.086638467304e+04
31.313131 -1.9090909 1.118075822048e+04
31.313131 -1.8484848 1.148990594400e+04
31.313131 -1.7878788 1.179346156968e+04
31.313131 -1.7272727 1.209114340637e+04
31.313131 -1.6666667 1.238258695903e+04
31.313131 -1.6060606 1.266737535388e+04
31.313131 -1.5454545 1.294508962862e+04
31.313131 -1.4848485 1.321518377455e+04
31.313131 -1.4242424 1.347756327898e+04
31.313131 -1.3636364 1.373164650369e+04
31.313131 -1.3030303 1.397723449888e+04
31.313131 -1.2424242 1.421405858313e+04
31.313131 -1.1818182 1.444180715706e+04
31.313131 -1.1212121 1.466009559548e+04
31.313131 -1.0606061 1.486843048115e+04
31.313131 -1 1.506645830847e+04
31.313131 -0.93939394 1.525388049047e+04
31.313131 -0.87878788 1.543067266948e+04
31.313131 -0.81818182 1.559679908106e+04
31.313131 -0.75757576 1.575215479144e+04
31.313131 -0.6969697 1.589635247283e+04
31.313131 -0.63636364 1.602910694777e+04
31.313131 -0.57575758 1.615033779352e+04
31.313131 -0.51515152 1.625975499709e+04
31.313131 -0.45454545 1.635716100587e+04
31.313131 -0.39393939 1.644247939893e+04
31.313131 -0.33333333 1.651558059302e+04
31.313131 -0.27272727 1.657628109238e+04
31.313131 -0.21212121 1.662454569556e+04
31.313131 -0.15151515 1.666041143476e+04
31.313131 -0.090909091 1.668384922086e+04
31.313131 -0.03030303 1.669467770285e+04
31.313131 0.03030303 1.669200078048e+04
31.313131 0.090909091 1.667844974264e+04
31.313131 0.15151515 1.665280829329e+04
31.313131 0.21212121 1.661542609926e+04
31.313131 0.27272727 1.656635352038e+04
31.313131 0.33333333 1.650534311550e+04
31.313131 0.39393939 1.643183625302e+04
31.313131 0.45454545 1.634643764968e+04
31.313131 0.51515152 1.624993814579e+04
31.313131 0.57575758 1.613754163090e+04
31.313131 0.63636364 1.601675688448e+04
31.313131 0.6969697 1.588440819614e+04
31.313131 0.75757576 1.574035822683e+04
31.313131 0.81818182 1.558458886155e+04
31.313131 0.87878788 1.541824279202e+04
31.313131 0.93939394 1.524073316852e+04
31.313131 1 1.505325888094e+04
31.313131 1.0606061 1.485509553593e+04
31.313131 1.1212121 1.464721379472e+04
31.313131 1.1818182 1.443015998396e+04
31.313131 1.2424242 1.420347643621e+04
31.313131 1.3030303 1.396739405292e+04
31.313131 1.3636364 1.372311195942e+04
31.313131 1.4242424 1.346966279258e+04
31.313131 1.4848485 1.320764154692e+04
31.313131 1.5454545 1.293763838621e+04
31.313131 1.6060606 1.266009558837e+04
31.313131 1.6666667 1.237537736493e+04
31.313131 1.7272727 1.208398951646e+04
31.313131 1.7878788 1.178623653378e+04
31.313131 1.8484848 1.148256363999e+04
31.313131 1.9090909 1.117342942702e+04
31.313131 1.969697 1.085921623729e+04
31.313131 2.030303 1.054049000565e+04
31.313131 2.0909091 1.021766338717e+04
31.313131 2.1515152 9.891280231434e+03
31.313131 2.2121212 9.561990524341e+03
31.313131 2.2727273 9.230301700659e+03
31.313131 2.3333333 8.896968716474e+03
31.313131 2.3939394 8.562586581218e+03
31.313131 2.4545455 8.227881448578e+03
31.313131 2.5151515 7.893671991969e+03
31.313131 2.5757576 7.560570936519e+03
31.313131 2.6363636 7.229504347207e+03
31.313131 2.6969697 6.901044469148e+03
31.313131 2.7575758 6.576036378825e+03
31.313131 2.8181818 6.255224091385e+03
31.313131 2.8787879 5.939162051363e+03
31.313131 2.9393939 5.628728528874e+03
31.313131 3 5.324584878068e+03
31.818182 -3 4.892296491487e+03
31.818182 -2.9393939 5.174052608767e+03
31.818182 -2.8787879 5.461776790500e+03
31.818182 -2.8181818 5.754870259929e+03
31.818182 -2.7575758 6.052481221100e+03
31.818182 -2.6969697 6.354068211380e+03
31.818182 -2.6363636 6.658899609023e+03
31.818182 -2.5757576 6.966244823157e+03
31.818182 -2.5151515 7.275454572794e+03
31.818182 -2.4545455 7.585785617563e+03
31.818182 -2.3939394 7.896583505731e+03
31.818182 -2.3333333 8.207188920359e+03
31.818182 -2.2727273 8.516899211004e+03
31.818182 -2.2121212 8.825299978425e+03
31.818182 -2.1515152 9.131646871139e+03
31.818182 -2.0909091 9.435536604857e+03
31.818182 -2.030303 9.736297762280e+03
31.818182 -1.969697 1.003337234110e+04
31.818182 -1.9090909 1.032625483692e+04
31.818182 -1.8484848 1.061430659172e+04
31.818182 -1.7878788 1.089720412815e+04
31.818182 -1.7272727 1.117467323296e+04
31.818182 -1.6666667 1.144635751426e+04
31.818182 -1.6060606 1.171186405619e+04
31.818182 -1.5454545 1.197081692319e+04
31.818182 -1.4848485 1.222272146528e+04
31.818182 -1.4242424 1.246741352891e+04
31.818182 -1.3636364 1.270439521218e+04
31.818182 -1.3030303 1.293348817701e+04
31.818182 -1.2424242 1.315441609067e+04
31.818182 -1.1818182 1.336687389189e+04
31.818182 -1.1212121 1.357047840520e+04
31.818182 -1.0606061 1.376477644498e+04
31.818182 -1 1.394946877780e+04
31.818182 -0.93939394 1.412429482801e+04
31.818182 -0.87878788 1.428924276773e+04
31.818182 -0.81818182 1.444427261024e+04
31.818182 -0.75757576 1.458925615525e+04
31.818182 -0.6969697 1.472383858942e+04
31.818182 -0.63636364 1.484771620101e+04
31.818182 -0.57575758 1.496083199610e+04
31.818182 -0.51515152 1.506292823827e+04
31.818182 -0.45454545 1.515382363972e+04
31.818182 -0.39393939 1.523344600414e+04
31.818182 -0.33333333 1.530167320516e+04
31.818182 -0.27272727 1.535833680138e+04
31.818182 -0.21212121 1.540339410696e+04
31.818182 -0.15151515 1.543686894539e+04
31.818182 -0.090909091 1.545878687270e+04
31.818182 -0.03030303 1.546904276626e+04
31.818182 0.03030303 1.546652499743e+04
31.818182 0.090909091 1.545381346868e+04
31.818182 0.15151515 1.542988490329e+04
31.818182 0.21212121 1.539490999632e+04
31.818182 0.27272727 1.534904198889e+04
31.818182 0.33333333 1.529218232753e+04
31.818182 0.39393939 1.522363359704e+04
31.818182 0.45454545 1.514389551925e+04
31.818182 0.51515152 1.505368263881e+04
31.818182 0.57575758 1.494941357476e+04
31.818182 0.63636364 1.483642749937e+04
31.818182 0.6969697 1.471293970057e+04
31.818182 0.75757576 1.457852320023e+04
31.818182 0.81818182 1.443320216468e+04
31.818182 0.87878788 1.427800568000e+04
31.818182 0.93939394 1.411242715352e+04
31.818182 1 1.393758427940e+04
31.818182 1.0606061 1.375268635069e+04
31.818182 1.1212121 1.355865440418e+04
31.818182 1.1818182 1.335607788491e+04
31.818182 1.2424242 1.314464337278e+04
31.818182 1.3030303 1.292443665220e+04
31.818182 1.3636364 1.269654600800e+04
31.818182 1.4242424 1.246021757653e+04
31.818182 1.4848485 1.221587593582e+04
31.818182 1.5454545 1.196410314335e+04
31.818182 1.6060606 1.170532736914e+04
31.818182 1.6666667 1.143988724210e+04
31.818182 1.7272727 1.116825457202e+04
31.818182 1.7878788 1.089071737691e+04
31.818182 1.8484848 1.060769668644e+04
31.818182 1.9090909 1.031963203969e+04
31.818182 1.969697 1.002687993297e+04
31.818182 2.030303 9.729970966020e+03
31.818182 2.0909091 9.429310561975e+03
31.818182 2.1515152 9.125409932366e+03
31.818182 2.2121212 8.818881508995e+03
31.818182 2.2727273 8.510208414261e+03
31.818182 2.3333333 8.200106900967e+03
31.818182 2.3939394 7.889154923436e+03
31.818182 2.4545455 7.578019913496e+03
31.818182 2.5151515 7.267476460176e+03
31.818182 2.5757576 6.958098429029e+03
31.818182 2.6363636 6.650746301441e+03
31.818182 2.6969697 6.345951587846e+03
31.818182 2.7575758 6.044495840965e+03
31.818182 2.8181818 5.747069531918e+03
31.818182 2.8787879 5.454213990698e+03
31.818182 2.9393939 5.166762334378e+03
31.818182 3 4.885351884698e+03
32.323232 -3 4.493900191418e+03
32.323232 -2.9393939 4.754847330745e+03
32.323232 -2.8787879 5.021498233414e+03
32.323232 -2.8181818 5.293291021430e+03
32.323232 -2.7575758 5.569439950715e+03
32.323232 -2.6969697 5.849434334081e+03
32.323232 -2.6363636 6.132590571123e+03
32.323232 -2.5757576 6.418227778977e+03
32.323232 -2.5151515 6.705732781877e+03
32.323232 -2.4545455 6.994411042349e+03
32.323232 -2.3939394 7.283637840331e+03
32.323232 -2.3333333 7.572791557556e+03
32.323232 -2.2727273 7.861204304972e+03
32.323232 -2.2121212 8.148463859651e+03
32.323232 -2.1515152 8.433902573404e+03
32.323232 -2.0909091 8.717109659783e+03
32.323232 -2.030303 8.997473085666e+03
32.323232 -1.969697 9.274447913581e+03
32.323232 -1.9090909 9.547578036838e+03
32.323232 -1.8484848 9.816240289041e+03
32.323232 -1.7878788 1.008014630719e+04
32.323232 -1.7272727 1.033902969208e+04
32.323232 -1.6666667 1.059254298674e+04
32.323232 -1.6060606 1.084031992176e+04
32.323232 -1.5454545 1.108201816852e+04
32.323232 -1.4848485 1.131720306042e+04
32.323232 -1.4242424 1.154563008079e+04
32.323232 -1.3636364 1.176688348148e+04
32.323232 -1.3030303 1.198080093348e+04
32.323232 -1.2424242 1.218709943405e+04
32.323232 -1.1818182 1.238548421479e+04
32.323232 -1.1212121 1.257557945800e+04
32.323232 -1.0606061 1.275696753182e+04
32.323232 -1 1.292940038115e+04
32.323232 -0.93939394 1.309264811937e+04
32.323232 -0.87878788 1.324670586242e+04
32.323232 -0.81818182 1.339152562285e+04
32.323232 -0.75757576 1.352696506500e+04
32.323232 -0.6969697 1.365269198590e+04
32.323232 -0.63636364 1.376840109135e+04
32.323232 -0.57575758 1.387405035395e+04
32.323232 -0.51515152 1.396941266618e+04
32.323232 -0.45454545 1.405431914078e+04
32.323232 -0.39393939 1.412869975973e+04
32.323232 -0.33333333 1.419244003574e+04
32.323232 -0.27272727 1.424538805256e+04
32.323232 -0.21212121 1.428749306306e+04
32.323232 -0.15151515 1.431877150845e+04
32.323232 -0.090909091 1.433927078367e+04
32.323232 -0.03030303 1.434896388923e+04
32.323232 0.03030303 1.434666342386e+04
32.323232 0.090909091 1.433471446296e+04
32.323232 0.15151515 1.431234238863e+04
32.323232 0.21212121 1.427961834397e+04
32.323232 0.27272727 1.423666982574e+04
32.323232 0.33333333 1.418361565290e+04
32.323232 0.39393939 1.411962998861e+04
32.323232 0.45454545 1.404513200382e+04
32.323232 0.51515152 1.396071894061e+04
32.323232 0.57575758 1.386390422079e+04
32.323232 0.63636364 1.375811905513e+04
32.323232 0.6969697 1.364274014162e+04
32.323232 0.75757576 1.351719286899e+04
32.323232 0.81818182 1.338147180298e+04
32.323232 0.87878788 1.323651428614e+04
32.323232 0.93939394 1.308192095159e+04
32.323232 1 1.291868337001e+04
32.323232 1.0606061 1.274600675213e+04
32.323232 1.1212121 1.256473368619e+04
32.323232 1.1818182 1.237546723135e+04
32.323232 1.2424242 1.217804875787e+04
32.323232 1.3030303 1.197245617930e+04
32.323232 1.3636364 1.175962727833e+04
32.323232 1.4242424 1.153905023071e+04
32.323232 1.4848485 1.131097102278e+04
32.323232 1.5454545 1.107596541170e+04
32.323232 1.6060606 1.083444935608e+04
32.323232 1.6666667 1.058673460961e+04
32.323232 1.7272727 1.033326472442e+04
32.323232 1.7878788 1.007431145109e+04
32.323232 1.8484848 9.810278537159e+03
32.323232 1.9090909 9.541579154429e+03
32.323232 1.969697 9.268553515854e+03
32.323232 2.030303 8.991696514681e+03
32.323232 2.0909091 8.711403011719e+03
32.323232 2.1515152 8.428158732358e+03
32.323232 2.2121212 8.142540308619e+03
32.323232 2.2727273 7.855009598325e+03
32.323232 2.3333333 7.566244876547e+03
32.323232 2.3939394 7.276804667416e+03
32.323232 2.4545455 6.987302995102e+03
32.323232 2.5151515 6.698469910323e+03
32.323232 2.5757576 6.410848288858e+03
32.323232 2.6363636 6.125231989391e+03
32.323232 2.6969697 5.842118357514e+03
32.323232 2.7575758 5.562232096918e+03
32.323232 2.8181818 5.286214528110e+03
32.323232 2.8787879 5.014606540520e+03
32.323232 2.9393939 4.748188117619e+03
32.323232 3 4.487568356123e+03
32.828283 -3 4.132618239192e+03
32.828283 -2.9393939 4.374520751638e+03
32.828283 -2.8787879 4.621873270715e+03
32.828283 -2.8181818 4.874149202859e+03
32.828283 -2.7575758 5.130624728195e+03
32.828283 -2.6969697 5.390814521067e+03
32.828283 -2.6363636 5.654083619960e+03
32.828283 -2.5757576 5.919794233822e+03
32.828283 -2.5151515 6.187369361199e+03
32.828283 -2.4545455 6.456157437297e+03
32.828283 -2.3939394 6.725564673802e+03
32.828283 -2.3333333 6.995001052161e+03
32.828283 -2.2727273 7.263836580666e+03
32.828283 -2.2121212 7.531660966204e+03
32.828283 -2.1515152 7.797869209589e+03
32.828283 -2.0909091 8.062048850973e+03
32.828283 -2.030303 8.323643835558e+03
32.828283 -1.969697 8.582124825366e+03
32.828283 -1.9090909 8.837078122634e+03
32.828283 -1.8484848 9.087898670433e+03
32.828283 -1.7878788 9.334323242647e+03
32.828283 -1.7272727 9.576097171919e+03
32.828283 -1.6666667 9.812881860065e+03
32.828283 -1.6060606 1.004433693616e+04
32.828283 -1.5454545 1.027014916857e+04
32.828283 -1.4848485 1.048994146438e+04
32.828283 -1.4242424 1.070339749177e+04
32.828283 -1.3636364 1.091016654146e+04
32.828283 -1.3030303 1.111010375084e+04
32.828283 -1.2424242 1.130292380768e+04
32.828283 -1.1818182 1.148834132119e+04
32.828283 -1.1212121 1.166599410697e+04
32.828283 -1.0606061 1.183549590980e+04
32.828283 -1 1.199664469729e+04
32.828283 -0.93939394 1.214923770611e+04
32.828283 -0.87878788 1.229327022740e+04
32.828283 -0.81818182 1.242868264359e+04
32.828283 -0.75757576 1.255532836736e+04
32.828283 -0.6969697 1.267289017341e+04
32.828283 -0.63636364 1.278107390598e+04
32.828283 -0.57575758 1.287984692736e+04
32.828283 -0.51515152 1.296900811542e+04
32.828283 -0.45454545 1.304839738943e+04
32.828283 -0.39393939 1.311794804473e+04
32.828283 -0.33333333 1.317755278307e+04
32.828283 -0.27272727 1.322707705488e+04
32.828283 -0.21212121 1.326646055435e+04
32.828283 -0.15151515 1.329572083716e+04
32.828283 -0.090909091 1.331489868268e+04
32.828283 -0.03030303 1.332404412902e+04
32.828283 0.03030303 1.332200206456e+04
32.828283 0.090909091 1.331074381273e+04
32.828283 0.15151515 1.328979368949e+04
32.828283 0.21212121 1.325915805506e+04
32.828283 0.27272727 1.321890609608e+04
32.828283 0.33333333 1.316932491223e+04
32.828283 0.39393939 1.310954128143e+04
32.828283 0.45454545 1.303989985170e+04
32.828283 0.51515152 1.296084255866e+04
32.828283 0.57575758 1.287082545862e+04
32.828283 0.63636364 1.277176014826e+04
32.828283 0.6969697 1.266379887604e+04
32.828283 0.75757576 1.254642751611e+04
32.828283 0.81818182 1.241953100493e+04
32.828283 0.87878788 1.228400730483e+04
32.828283 0.93939394 1.213952956519e+04
32.828283 1 1.198696477435e+04
32.828283 1.0606061 1.182555181151e+04
32.828283 1.1212121 1.165605618523e+04
32.828283 1.1818182 1.147904671780e+04
32.828283 1.2424242 1.129451920211e+04
32.828283 1.3030303 1.110239394782e+04
32.828283 1.3636364 1.090342233091e+04
32.828283 1.4242424 1.069735468378e+04
32.828283 1.4848485 1.048425249970e+04
32.828283 1.5454545 1.026468671808e+04
32.828283 1.6060606 1.003906212114e+04
32.828283 1.6666667 9.807665130348e+03
32.828283 1.7272727 9.570915241580e+03
32.828283 1.7878788 9.329067298500e+03
32.828283 1.8484848 9.082512598759e+03
32.828283 1.9090909 8.831632688368e+03
32.828283 1.969697 8.576759104753e+03
32.828283 2.030303 8.318354151236e+03
32.828283 2.0909091 8.056797063560e+03
32.828283 2.1515152 7.792553592380e+03
32.828283 2.2121212 7.526167789100e+03
32.828283 2.2727273 7.258082340162e+03
32.828283 2.3333333 6.988938308618e+03
32.828283 2.3939394 6.719269774415e+03
32.828283 2.4545455 6.449645714898e+03
32.828283 2.5151515 6.180752531323e+03
32.828283 2.5757576 5.913105515050e+03
32.828283 2.6363636 5.647434702465e+03
32.828283 2.6969697 5.384206792070e+03
32.828283 2.7575758 5.124097033204e+03
32.828283 2.8181818 4.867704458650e+03
32.828283 2.8787879 4.615576021185e+03
32.828283 2.9393939 4.368429101911e+03
32.828283 3 4.126840994229e+03
33.333333 -3 3.804562327360e+03
33.333333 -2.9393939 4.029014781117e+03
33.333333 -2.8787879 4.258674188410e+03
33.333333 -2.8181818 4.493048112672e+03
33.333333 -2.7575758 4.731469204956e+03
33.333333 -2.6969697 4.973474142979e+03
33.333333 -2.6363636 5.218475412471e+03
33.333333 -2.5757576 5.465873703779e+03
33.333333 -2.5151515 5.715127787652e+03
33.333333 -2.4545455 5.965624244062e+03
33.333333 -2.3939394 6.216800129779e+03
33.333333 -2.3333333 6.468092595507e+03
33.333333 -2.2727273 6.718910476862e+03
33.333333 -2.2121212 6.968846860255e+03
33.333333 -2.1515152 7.217347284520e+03
33.333333 -2.0909091 7.464002549838e+03
33.333333 -2.030303 7.708307712945e+03
33.333333 -1.969697 7.949753420839e+03
33.333333 -1.9090909 8.187959963114e+03
33.333333 -1.8484848 8.422344003188e+03
33.333333 -1.7878788 8.652658300334e+03
33.333333 -1.7272727 8.878662917787e+03
33.333333 -1.6666667 9.100030038880e+03
33.333333 -1.6060606 9.316441850595e+03
33.333333 -1.5454545 9.527612686792e+03
33.333333 -1.4848485 9.733213256380e+03
33.333333 -1.4242424 9.932875122065e+03
33.333333 -1.3636364 1.012628922664e+04
33.333333 -1.3030303 1.031333078199e+04
33.333333 -1.2424242 1.049371919149e+04
33.333333 -1.1818182 1.066717562916e+04
33.333333 -1.1212121 1.083335445358e+04
33.333333 -1.0606061 1.099190107107e+04
33.333333 -1 1.114265066332e+04
33.333333 -0.93939394 1.128542726497e+04
33.333333 -0.87878788 1.142021877277e+04
33.333333 -0.81818182 1.154695351457e+04
33.333333 -0.75757576 1.166548561415e+04
33.333333 -0.6969697 1.177551101684e+04
33.333333 -0.63636364 1.187675413824e+04
33.333333 -0.57575758 1.196918715396e+04
33.333333 -0.51515152 1.205263074971e+04
33.333333 -0.45454545 1.212693166601e+04
33.333333 -0.39393939 1.219202629216e+04
33.333333 -0.33333333 1.224781542805e+04
33.333333 -0.27272727 1.229418006599e+04
33.333333 -0.21212121 1.233105228625e+04
33.333333 -0.15151515 1.235845414316e+04
33.333333 -0.090909091 1.237640581714e+04
33.333333 -0.03030303 1.238502400322e+04
33.333333 0.03030303 1.238326022099e+04
33.333333 0.090909091 1.237263337164e+04
33.333333 0.15151515 1.235298822154e+04
33.333333 0.21212121 1.232427948038e+04
33.333333 0.27272727 1.228653989936e+04
33.333333 0.33333333 1.224012524781e+04
33.333333 0.39393939 1.218421299786e+04
33.333333 0.45454545 1.211906867117e+04
33.333333 0.51515152 1.204497166701e+04
33.333333 0.57575758 1.196112291820e+04
33.333333 0.63636364 1.186836695417e+04
33.333333 0.6969697 1.176720900197e+04
33.333333 0.75757576 1.165737671595e+04
33.333333 0.81818182 1.153859996552e+04
33.333333 0.87878788 1.141178827447e+04
33.333333 0.93939394 1.127663215627e+04
33.333333 1 1.113389469679e+04
33.333333 1.0606061 1.098286863872e+04
33.333333 1.1212121 1.082425896280e+04
33.333333 1.1818182 1.065855790662e+04
33.333333 1.2424242 1.048589642915e+04
33.333333 1.3030303 1.030619218138e+04
33.333333 1.3636364 1.011998836052e+04
33.333333 1.4242424 9.927300693498e+03
33.333333 1.4848485 9.728007503893e+03
33.333333 1.5454545 9.522675061095e+03
33.333333 1.6060606 9.311698326039e+03
33.333333 1.6666667 9.095341416040e+03
33.333333 1.7272727 8.874002354234e+03
33.333333 1.7878788 8.647919311222e+03
33.333333 1.8484848 8.417471017210e+03
33.333333 1.9090909 8.183007168905e+03
33.333333 1.969697 7.944854941831e+03
33.333333 2.030303 7.703449969846e+03
33.333333 2.0909091 7.459150407469e+03
33.333333 2.1515152 7.212405634383e+03
33.333333 2.2121212 6.963730786045e+03
33.333333 2.2727273 6.713550634641e+03
33.333333 2.3333333 6.462469776213e+03
33.333333 2.3939394 6.210993008370e+03
33.333333 2.4545455 5.959653646897e+03
33.333333 2.5151515 5.709095040264e+03
33.333333 2.5757576 5.459806731971e+03
33.333333 2.6363636 5.212459502592e+03
33.333333 2.6969697 4.967491555407e+03
33.333333 2.7575758 4.725535957828e+03
33.333333 2.8181818 4.487157582619e+03
33.333333 2.8787879 4.252908760398e+03
33.333333 2.9393939 4.023437563288e+03
33.333333 3 3.799287092522e+03
33.838384 -3 3.506295798843e+03
33.838384 -2.9393939 3.714741725305e+03
33.838384 -2.8787879 3.928161985742e+03
33.838384 -2.8181818 4.146097196107e+03
33.838384 -2.7575758 4.367931193541e+03
33.838384 -2.6969697 4.593220323138e+03
33.838384 -2.6363636 4.821422730184e+03
33.838384 -2.5757576 5.051974020280e+03
33.838384 -2.5151515 5.284367141058e+03
33.838384 -2.4545455 5.518023134599e+03
33.838384 -2.3939394 5.752409808472e+03
33.838384 -2.3333333 5.986988004731e+03
33.838384 -2.2727273 6.221203974465e+03
33.838384 -2.2121212 6.454656932065e+03
33.838384 -2.1515152 6.686833381344e+03
33.838384 -2.0909091 6.917331237043e+03
33.838384 -2.030303 7.145690976325e+03
33.838384 -1.969697 7.371428013124e+03
33.838384 -1.9090909 7.594186848293e+03
33.838384 -1.8484848 7.813411344728e+03
33.838384 -1.7878788 8.028862492607e+03
33.838384 -1.7272727 8.240316520106e+03
33.838384 -1.6666667 8.447459328172e+03
33.838384 -1.6060606 8.649991343876e+03
33.838384 -1.5454545 8.847653354257e+03
33.838384 -1.4848485 9.040151386709e+03
33.838384 -1.4242424 9.227088200071e+03
33.838384 -1.3636364 9.408174955584e+03
33.838384 -1.3030303 9.583307447657e+03
33.838384 -1.2424242 9.752217247898e+03
33.838384 -1.1818182 9.914628301742e+03
33.838384 -1.1212121 1.007021488756e+04
33.838384 -1.0606061 1.021865353325e+04
33.838384 -1 1.035980917312e+04
33.838384 -0.93939394 1.049353028901e+04
33.838384 -0.87878788 1.061979291258e+04
33.838384 -0.81818182 1.073851301722e+04
33.838384 -0.75757576 1.084955023877e+04
33.838384 -0.6969697 1.095261276594e+04
33.838384 -0.63636364 1.104744767391e+04
33.838384 -0.57575758 1.113402862577e+04
33.838384 -0.51515152 1.121219451531e+04
33.838384 -0.45454545 1.128179646132e+04
33.838384 -0.39393939 1.134277573042e+04
33.838384 -0.33333333 1.139504028612e+04
33.838384 -0.27272727 1.143848537036e+04
33.838384 -0.21212121 1.147303853902e+04
33.838384 -0.15151515 1.149872418041e+04
33.838384 -0.090909091 1.151554320523e+04
33.838384 -0.03030303 1.152365592402e+04
33.838384 0.03030303 1.152216969332e+04
33.838384 0.090909091 1.151213378109e+04
33.838384 0.15151515 1.149368740562e+04
33.838384 0.21212121 1.146675507138e+04
33.838384 0.27272727 1.143135949394e+04
33.838384 0.33333333 1.138784030423e+04
33.838384 0.39393939 1.133549487046e+04
33.838384 0.45454545 1.127450853693e+04
33.838384 0.51515152 1.120502664178e+04
33.838384 0.57575758 1.112675979597e+04
33.838384 0.63636364 1.103992785122e+04
33.838384 0.6969697 1.094504680674e+04
33.838384 0.75757576 1.084216048301e+04
33.838384 0.81818182 1.073086638091e+04
33.838384 0.87878788 1.061211027310e+04
33.838384 0.93939394 1.048555577165e+04
33.838384 1 1.035188004307e+04
33.838384 1.0606061 1.021043888911e+04
33.838384 1.1212121 1.006189776728e+04
33.838384 1.1818182 9.906649328335e+03
33.838384 1.2424242 9.744924247988e+03
33.838384 1.3030303 9.576682212343e+03
33.838384 1.3636364 9.402261393347e+03
33.838384 1.4242424 9.221924387435e+03
33.838384 1.4848485 9.035376976044e+03
33.838384 1.5454545 8.843180207431e+03
33.838384 1.6060606 8.645720175390e+03
33.838384 1.6666667 8.443241778952e+03
33.838384 1.7272727 8.236123073117e+03
33.838384 1.7878788 8.024587068764e+03
33.838384 1.8484848 7.808996921719e+03
33.838384 1.9090909 7.589673852291e+03
33.838384 1.969697 7.366942789017e+03
33.838384 2.030303 7.141217078254e+03
33.838384 2.0909091 6.912831638550e+03
33.838384 2.1515152 6.682220863279e+03
33.838384 2.2121212 6.449874904941e+03
33.838384 2.2727273 6.216200313759e+03
33.838384 2.3333333 5.981766240247e+03
33.838384 2.3939394 5.747045618927e+03
33.838384 2.4545455 5.512544011829e+03
33.838384 2.5151515 5.278862498518e+03
33.838384 2.5757576 5.046465508666e+03
33.838384 2.6363636 4.815970062853e+03
33.838384 2.6969697 4.587788381657e+03
33.838384 2.7575758 4.362518587745e+03
33.838384 2.8181818 4.140697086821e+03
33.838384 2.8787879 3.922876568228e+03
33.838384 2.9393939 3.709632969641e+03
33.838384 3 3.501474855443e+03
34.343434 -3 3.234779804182e+03
34.343434 -2.9393939 3.428528083621e+03
34.343434 -2.8787879 3.627028131479e+03
34.343434 -2.8181818 3.829852532034e+03
34.343434 -2.7575758 4.036430891333e+03
34.343434 -2.6969697 4.246338789360e+03
34.343434 -2.6363636 4.459076906390e+03
34.343434 -2.5757576 4.674113294585e+03
34.343434 -2.5151515 4.890972231071e+03
34.343434 -2.4545455 5.109107132557e+03
34.343434 -2.3939394 5.328015989829e+03
34.343434 -2.3333333 5.547180666556e+03
34.343434 -2.2727273 5.766082421074e+03
34.343434 -2.2121212 5.984328694641e+03
34.343434 -2.1515152 6.201440453098e+03
34.343434 -2.0909091 6.417025791781e+03
34.343434 -2.030303 6.630664921262e+03
34.343434 -1.969697 6.841900936851e+03
34.343434 -1.9090909 7.050394497948e+03
34.343434 -1.8484848 7.255621471772e+03
34.343434 -1.7878788 7.457346202087e+03
34.343434 -1.7272727 7.655359253603e+03
34.343434 -1.6666667 7.849364366477e+03
34.343434 -1.6060606 8.039077240208e+03
34.343434 -1.5454545 8.224261753160e+03
34.343434 -1.4848485 8.404648612563e+03
34.343434 -1.4242424 8.579831483908e+03
34.343434 -1.3636364 8.749528381029e+03
34.343434 -1.3030303 8.913650625460e+03
34.343434 -1.2424242 9.071950322241e+03
34.343434 -1.1818182 9.224151663112e+03
34.343434 -1.1212121 9.369949635083e+03
34.343434 -1.0606061 9.509052274086e+03
34.343434 -1 9.641346748744e+03
34.343434 -0.93939394 9.766704053036e+03
34.343434 -0.87878788 9.885085588925e+03
34.343434 -0.81818182 9.996395390212e+03
34.343434 -0.75757576 1.010050061385e+04
34.343434 -0.6969697 1.019712349457e+04
34.343434 -0.63636364 1.028603586194e+04
34.343434 -0.57575758 1.036720866585e+04
34.343434 -0.51515152 1.044049755528e+04
34.343434 -0.45454545 1.050575582676e+04
34.343434 -0.39393939 1.056293023362e+04
34.343434 -0.33333333 1.061193591635e+04
34.343434 -0.27272727 1.065268026470e+04
34.343434 -0.21212121 1.068508869046e+04
34.343434 -0.15151515 1.070918607191e+04
34.343434 -0.090909091 1.072496102403e+04
34.343434 -0.03030303 1.073259010025e+04
34.343434 0.03030303 1.073136328906e+04
34.343434 0.090909091 1.072189715754e+04
34.343434 0.15151515 1.070455075113e+04
34.343434 0.21212121 1.067925990521e+04
34.343434 0.27272727 1.064604584493e+04
34.343434 0.33333333 1.060518897612e+04
34.343434 0.39393939 1.055612763074e+04
34.343434 0.45454545 1.049898310482e+04
34.343434 0.51515152 1.043380682023e+04
34.343434 0.57575758 1.036059695963e+04
34.343434 0.63636364 1.027930214576e+04
34.343434 0.6969697 1.019025631314e+04
34.343434 0.75757576 1.009376275378e+04
34.343434 0.81818182 9.989377593486e+03
34.343434 0.87878788 9.878073025736e+03
34.343434 0.93939394 9.759468632803e+03
34.343434 1 9.634161332596e+03
34.343434 1.0606061 9.501573780213e+03
34.343434 1.1212121 9.362346873023e+03
34.343434 1.1818182 9.216777614528e+03
34.343434 1.2424242 9.065146371920e+03
34.343434 1.3030303 8.907486156540e+03
34.343434 1.3636364 8.743957960192e+03
34.343434 1.4242424 8.575030782680e+03
34.343434 1.4848485 8.400259575200e+03
34.343434 1.5454545 8.220197957600e+03
34.343434 1.6060606 8.035224953784e+03
34.343434 1.6666667 7.845566943521e+03
34.343434 1.7272727 7.651584830605e+03
34.343434 1.7878788 7.453487433393e+03
34.343434 1.8484848 7.251617590598e+03
34.343434 1.9090909 7.046274900121e+03
34.343434 1.969697 6.837781835527e+03
34.343434 2.030303 6.626532585971e+03
34.343434 2.0909091 6.412838802198e+03
34.343434 2.1515152 6.197120428272e+03
34.343434 2.2121212 5.979846404693e+03
34.343434 2.2727273 5.761402979102e+03
34.343434 2.3333333 5.542324973208e+03
34.343434 2.3939394 5.323054750179e+03
34.343434 2.4545455 5.104074851786e+03
34.343434 2.5151515 4.885944864522e+03
34.343434 2.5757576 4.669104941551e+03
34.343434 2.6363636 4.454123726138e+03
34.343434 2.6969697 4.241391123912e+03
34.343434 2.7575758 4.031476435764e+03
34.343434 2.8181818 3.824890867578e+03
34.343434 2.8787879 3.622179019946e+03
34.343434 2.9393939 3.423846758654e+03
34.343434 3 3.230369823736e+03
34.848485 -3 2.987316632595e+03
34.848485 -2.9393939 3.167555624667e+03
34.848485 -2.8787879 3.352333283182e+03
34.848485 -2.8181818 3.541253002796e+03
34.848485 -2.7575758 3.733785393490e+03
34.848485 -2.6969697 3.929525812985e+03
34.848485 -2.6363636 4.128013598098e+03
34.848485 -2.5757576 4.328747286720e+03
34.848485 -2.5151515 4.531279251303e+03
34.848485 -2.4545455 4.735093931532e+03
34.848485 -2.3939394 4.939718576316e+03
34.848485 -2.3333333 5.144654680277e+03
34.848485 -2.2727273 5.349414708181e+03
34.848485 -2.2121212 5.553616063234e+03
34.848485 -2.1515152 5.756810836567e+03
34.848485 -2.0909091 5.958618715231e+03
34.848485 -2.030303 6.158654746740e+03
34.848485 -1.969697 6.356489994349e+03
34.848485 -1.9090909 6.551795879174e+03
34.848485 -1.8484848 6.744083676229e+03
34.848485 -1.7878788 6.933119121661e+03
34.848485 -1.7272727 7.118702839544e+03
34.848485 -1.6666667 7.300561513251e+03
34.848485 -1.6060606 7.478422388782e+03
34.848485 -1.5454545 7.652069656197e+03
34.848485 -1.4848485 7.821249669189e+03
34.848485 -1.4242424 7.985561224443e+03
34.848485 -1.3636364 8.144723916359e+03
34.848485 -1.3030303 8.298656247281e+03
34.848485 -1.2424242 8.447138271428e+03
34.848485 -1.1818182 8.589892167622e+03
34.848485 -1.1212121 8.726635499416e+03
34.848485 -1.0606061 8.857105693357e+03
34.848485 -1 8.981207497814e+03
34.848485 -0.93939394 9.098830945506e+03
34.848485 -0.87878788 9.209920601622e+03
34.848485 -0.81818182 9.314371596212e+03
34.848485 -0.75757576 9.412058307413e+03
34.848485 -0.6969697 9.502720399615e+03
34.848485 -0.63636364 9.586152976290e+03
34.848485 -0.57575758 9.662322619296e+03
34.848485 -0.51515152 9.731098917192e+03
34.848485 -0.45454545 9.792337881448e+03
34.848485 -0.39393939 9.845991181153e+03
34.848485 -0.33333333 9.891980664871e+03
34.848485 -0.27272727 9.930223994359e+03
34.848485 -0.21212121 9.960646871853e+03
34.848485 -0.15151515 9.983272362525e+03
34.848485 -0.090909091 9.998085383315e+03
34.848485 -0.03030303 1.000525314757e+04
34.848485 0.03030303 1.000425483202e+04
34.848485 0.090909091 9.995351348000e+03
34.848485 0.15151515 9.979012979104e+03
34.848485 0.21212121 9.955244094360e+03
34.848485 0.27272727 9.924051113074e+03
34.848485 0.33333333 9.885657885172e+03
34.848485 0.39393939 9.839619097523e+03
34.848485 0.45454545 9.786024633716e+03
34.848485 0.51515152 9.724867012690e+03
34.848485 0.57575758 9.656261637766e+03
34.848485 0.63636364 9.580106062522e+03
34.848485 0.6969697 9.496523135304e+03
34.848485 0.75757576 9.405912625434e+03
34.848485 0.81818182 9.307916330736e+03
34.848485 0.87878788 9.203505408609e+03
34.848485 0.93939394 9.092261453363e+03
34.848485 1 8.974693994133e+03
34.848485 1.0606061 8.850293343390e+03
34.848485 1.1212121 8.719683790484e+03
34.848485 1.1818182 8.583090996016e+03
34.848485 1.2424242 8.440792076305e+03
34.848485 1.3030303 8.292905614641e+03
34.848485 1.3636364 8.139463163960e+03
34.848485 1.4242424 7.981084751137e+03
34.848485 1.4848485 7.817204677505e+03
34.848485 1.5454545 7.648365454717e+03
34.848485 1.6060606 7.474940923287e+03
34.848485 1.6666667 7.297138749848e+03
34.848485 1.7272727 7.115304399373e+03
34.848485 1.7878788 6.929634936291e+03
34.848485 1.8484848 6.740447544968e+03
34.848485 1.9090909 6.548028498472e+03
34.848485 1.969697 6.352696071941e+03
34.848485 2.030303 6.154826828852e+03
34.848485 2.0909091 5.954710790115e+03
34.848485 2.1515152 5.752753756743e+03
34.848485 2.2121212 5.549406353777e+03
34.848485 2.2727273 5.345032435383e+03
34.848485 2.3333333 5.140133389506e+03
34.848485 2.3939394 4.935124556614e+03
34.848485 2.4545455 4.730468212648e+03
34.848485 2.5151515 4.526682744109e+03
34.848485 2.5757576 4.324185346137e+03
34.848485 2.6363636 4.123501804897e+03
34.848485 2.6969697 3.925003954329e+03
34.848485 2.7575758 3.729236827913e+03
34.848485 2.8181818 3.536687328228e+03
34.848485 2.8787879 3.347882617399e+03
34.848485 2.9393939 3.163264251045e+03
34.848485 3 2.983278353464e+03
35.353535 -3 2.761507616186e+03
35.353535 -2.9393939 2.929317114521e+03
35.353535 -2.8787879 3.101461316114e+03
35.353535 -2.8181818 3.277573184568e+03
35.353535 -2.7575758 3.457160083058e+03
35.353535 -2.6969697 3.639837890395e+03
35.353535 -2.6363636 3.825180602746e+03
35.353535 -2.5757576 4.012715889798e+03
35.353535 -2.5151515 4.202020386515e+03
35.353535 -2.4545455 4.392608917015e+03
35.353535 -2.3939394 4.584037162506e+03
35.353535 -2.3333333 4.775824660534e+03
35.353535 -2.2727273 4.967512243519e+03
35.353535 -2.2121212 5.158727337237e+03
35.353535 -2.1515152 5.349052203459e+03
35.353535 -2.0909091 5.538118879739e+03
35.353535 -2.030303 5.725571676227e+03
35.353535 -1.969697 5.911009930330e+03
35.353535 -1.9090909 6.094111412535e+03
35.353535 -1.8484848 6.274425335214e+03
35.353535 -1.7878788 6.451718511924e+03
35.353535 -1.7272727 6.625796689601e+03
35.353535 -1.6666667 6.796413625751e+03
35.353535 -1.6060606 6.963305091174e+03
35.353535 -1.5454545 7.126273253771e+03
35.353535 -1.4848485 7.285072241048e+03
35.353535 -1.4242424 7.439315479122e+03
35.353535 -1.3636364 7.588725875699e+03
35.353535 -1.3030303 7.733218872658e+03
35.353535 -1.2424242 7.872606404999e+03
35.353535 -1.1818182 8.006610154914e+03
35.353535 -1.1212121 8.134969085477e+03
35.353535 -1.0606061 8.257449086842e+03
35.353535 -1 8.373968130168e+03
35.353535 -0.93939394 8.484430467404e+03
35.353535 -0.87878788 8.588765536604e+03
35.353535 -0.81818182 8.686861539108e+03
35.353535 -0.75757576 8.778599296266e+03
35.353535 -0.6969697 8.863738579737e+03
35.353535 -0.63636364 8.942096593707e+03
35.353535 -0.57575758 9.013631701985e+03
35.353535 -0.51515152 9.078228093966e+03
35.353535 -0.45454545 9.135744031409e+03
35.353535 -0.39393939 9.186135872792e+03
35.353535 -0.33333333 9.229330519943e+03
35.353535 -0.27272727 9.265255263910e+03
35.353535 -0.21212121 9.293837860182e+03
35.353535 -0.15151515 9.315098477506e+03
35.353535 -0.090909091 9.329022030553e+03
35.353535 -0.03030303 9.335752866133e+03
35.353535 0.03030303 9.334944880243e+03
35.353535 0.090909091 9.326601252789e+03
35.353535 0.15151515 9.311191785699e+03
35.353535 0.21212121 9.288836000583e+03
35.353535 0.27272727 9.259510682138e+03
35.353535 0.33333333 9.223408450885e+03
35.353535 0.39393939 9.180153472768e+03
35.353535 0.45454545 9.129842618776e+03
35.353535 0.51515152 9.072429098477e+03
35.353535 0.57575758 9.008044725876e+03
35.353535 0.63636364 8.936630521969e+03
35.353535 0.6969697 8.858179355378e+03
35.353535 0.75757576 8.772997358101e+03
35.353535 0.81818182 8.680911776500e+03
35.353535 0.87878788 8.582880953690e+03
35.353535 0.93939394 8.478459780923e+03
35.353535 1 8.368062980554e+03
35.353535 1.0606061 8.251242534598e+03
35.353535 1.1212121 8.128607992154e+03
35.353535 1.1818182 8.000349745768e+03
35.353535 1.2424242 7.866693267570e+03
35.353535 1.3030303 7.727841878863e+03
35.353535 1.3636364 7.583750428215e+03
35.353535 1.4242424 7.435130494877e+03
35.353535 1.4848485 7.281334171005e+03
35.353535 1.5454545 7.122884385457e+03
35.353535 1.6060606 6.960151645159e+03
35.353535 1.6666667 6.793324794314e+03
35.353535 1.7272727 6.622735291851e+03
35.353535 1.7878788 6.448570513060e+03
35.353535 1.8484848 6.271118430216e+03
35.353535 1.9090909 6.090659392372e+03
35.353535 1.969697 5.907505683862e+03
35.353535 2.030303 5.722015730288e+03
35.353535 2.0909091 5.534462157634e+03
35.353535 2.1515152 5.345234579182e+03
35.353535 2.2121212 5.154768564942e+03
35.353535 2.2727273 4.963403933946e+03
35.353535 2.3333333 4.771609342334e+03
35.353535 2.3939394 4.579778390812e+03
35.353535 2.4545455 4.388353050950e+03
35.353535 2.5151515 4.197812061442e+03
35.353535 2.5757576 4.008550952443e+03
35.353535 2.6363636 3.821057768030e+03
35.353535 2.6969697 3.635691153196e+03
35.353535 2.7575758 3.452973890501e+03
35.353535 2.8181818 3.273368143099e+03
35.353535 2.8787879 3.097375333189e+03
35.353535 2.9393939 2.925381137920e+03
35.353535 3 2.757805551844e+03
35.858586 -3 2.555225259981e+03
35.858586 -2.9393939 2.711587763499e+03
35.858586 -2.8787879 2.872089829443e+03
35.858586 -2.8181818 3.036392821660e+03
35.858586 -2.7575758 3.204037139886e+03
35.858586 -2.6969697 3.374659599897e+03
35.858586 -2.6363636 3.547864991309e+03
35.858586 -2.5757576 3.723208973773e+03
35.858586 -2.5151515 3.900289429712e+03
35.858586 -2.4545455 4.078650412480e+03
35.858586 -2.3939394 4.257874842303e+03
35.858586 -2.3333333 4.437499590076e+03
35.858586 -2.2727273 4.617090813789e+03
35.858586 -2.2121212 4.796286809985e+03
35.858586 -2.1515152 4.974698339322e+03
35.858586 -2.0909091 5.151970585053e+03
35.858586 -2.030303 5.327772915377e+03
35.858586 -1.969697 5.501730918475e+03
35.858586 -1.9090909 5.673527485214e+03
35.858586 -1.8484848 5.842749451822e+03
35.858586 -1.7878788 6.009165389416e+03
35.858586 -1.7272727 6.172583435509e+03
35.858586 -1.6666667 6.332785388367e+03
35.858586 -1.6060606 6.489514859339e+03
35.858586 -1.5454545 6.642587584216e+03
35.858586 -1.4848485 6.791760954351e+03
35.858586 -1.4242424 6.936668990569e+03
35.858586 -1.3636364 7.077040871449e+03
35.858586 -1.3030303 7.212782315266e+03
35.858586 -1.2424242 7.343736935369e+03
35.858586 -1.1818182 7.469629000793e+03
35.858586 -1.1212121 7.590216968305e+03
35.858586 -1.0606061 7.705293359183e+03
35.858586 -1 7.814786301159e+03
35.858586 -0.93939394 7.918611409691e+03
35.858586 -0.87878788 8.016682245793e+03
35.858586 -0.81818182 8.108884720801e+03
35.858586 -0.75757576 8.195103197409e+03
35.858586 -0.6969697 8.275120689290e+03
35.858586 -0.63636364 8.348774032538e+03
35.858586 -0.57575758 8.416011680302e+03
35.858586 -0.51515152 8.476732270872e+03
35.858586 -0.45454545 8.530796202895e+03
35.858586 -0.39393939 8.578164071136e+03
35.858586 -0.33333333 8.618766939914e+03
35.858586 -0.27272727 8.652540444182e+03
35.858586 -0.21212121 8.679415857670e+03
35.858586 -0.15151515 8.699409724803e+03
35.858586 -0.090909091 8.712508276089e+03
35.858586 -0.03030303 8.718829471077e+03
35.858586 0.03030303 8.718171668175e+03
35.858586 0.090909091 8.710380323954e+03
35.858586 0.15151515 8.695835945574e+03
35.858586 0.21212121 8.674790482111e+03
35.858586 0.27272727 8.647192235048e+03
35.858586 0.33333333 8.613225091324e+03
35.858586 0.39393939 8.572537808889e+03
35.858586 0.45454545 8.525268802866e+03
35.858586 0.51515152 8.471333239351e+03
35.858586 0.57575758 8.410841498627e+03
35.858586 0.63636364 8.343789413774e+03
35.858586 0.6969697 8.270155088781e+03
35.858586 0.75757576 8.190009930085e+03
35.858586 0.81818182 8.103390234806e+03
35.858586 0.87878788 8.011268965871e+03
35.858586 0.93939394 7.913177093907e+03
35.858586 1 7.809431590656e+03
35.858586 1.0606061 7.699639611207e+03
35.858586 1.1212121 7.584391069992e+03
35.858586 1.1818182 7.463876395624e+03
35.858586 1.2424242 7.338236153752e+03
35.858586 1.3030303 7.207746031417e+03
35.858586 1.3636364 7.072333697951e+03
35.858586 1.4242424 6.932746414084e+03
35.858586 1.4848485 6.788296909015e+03
35.858586 1.5454545 6.639475206808e+03
35.858586 1.6060606 6.486651506760e+03
35.858586 1.6666667 6.329993798412e+03
35.858586 1.7272727 6.169823541643e+03
35.858586 1.7878788 6.006318199929e+03
35.858586 1.8484848 5.839736888900e+03
35.858586 1.9090909 5.670357727559e+03
35.858586 1.969697 5.498485519496e+03
35.858586 2.030303 5.324460777874e+03
35.858586 2.0909091 5.148542103302e+03
35.858586 2.1515152 4.971101714876e+03
35.858586 2.2121212 4.792561399114e+03
35.858586 2.2727273 4.613236321727e+03
35.858586 2.3333333 4.433565056816e+03
35.858586 2.3939394 4.253922673836e+03
35.858586 2.4545455 4.074730596556e+03
35.858586 2.5151515 3.896429837893e+03
35.858586 2.5757576 3.719395801561e+03
35.858586 2.6363636 3.544084339918e+03
35.858586 2.6969697 3.370844691994e+03
35.858586 2.7575758 3.200176946799e+03
35.858586 2.8181818 3.032518202025e+03
35.858586 2.8787879 2.868337782251e+03
35.858586 2.9393939 2.707975402172e+03
35.858586 3 2.551827344900e+03
36.363636 -3 2.366570285072e+03
36.363636 -2.9393939 2.512380543582e+03
36.363636 -2.8787879 2.662143702372e+03
36.363636 -2.8181818 2.815548464942e+03
36.363636 -2.7575758 2.972165225167e+03
36.363636 -2.6969697 3.131651303456e+03
36.363636 -2.6363636 3.293639082342e+03
36.363636 -2.5757576 3.457710896107e+03
36.363636 -2.5151515 3.623483771090e+03
36.363636 -2.4545455 3.790529484550e+03
36.363636 -2.3939394 3.958456959370e+03
36.363636 -2.3333333 4.126819641627e+03
36.363636 -2.2727273 4.295206495841e+03
36.363636 -2.2121212 4.463267566476e+03
36.363636 -2.1515152 4.630640935388e+03
36.363636 -2.0909091 4.796984846333e+03
36.363636 -2.030303 4.961990117056e+03
36.363636 -1.969697 5.125305864099e+03
36.363636 -1.9090909 5.286620724350e+03
36.363636 -1.8484848 5.445557453910e+03
36.363636 -1.7878788 5.601887558807e+03
36.363636 -1.7272727 5.755419674330e+03
36.363636 -1.6666667 5.905963420374e+03
36.363636 -1.6060606 6.053268164589e+03
36.363636 -1.5454545 6.197162729275e+03
36.363636 -1.4848485 6.337402372234e+03
36.363636 -1.4242424 6.473645014776e+03
36.363636 -1.3636364 6.605630256517e+03
36.363636 -1.3030303 6.733252071015e+03
36.363636 -1.2424242 6.856378969986e+03
36.363636 -1.1818182 6.974744076372e+03
36.363636 -1.1212121 7.088123311979e+03
36.363636 -1.0606061 7.196332934710e+03
36.363636 -1 7.299308720762e+03
36.363636 -0.93939394 7.396974048322e+03
36.363636 -0.87878788 7.489229744455e+03
36.363636 -0.81818182 7.575961768824e+03
36.363636 -0.75757576 7.657055278701e+03
36.363636 -0.6969697 7.732318125616e+03
36.363636 -0.63636364 7.801605357793e+03
36.363636 -0.57575758 7.864853604292e+03
36.363636 -0.51515152 7.921976173508e+03
36.363636 -0.45454545 7.972836452267e+03
36.363636 -0.39393939 8.017397848335e+03
36.363636 -0.33333333 8.055595246850e+03
36.363636 -0.27272727 8.087371173443e+03
36.363636 -0.21212121 8.112661805341e+03
36.363636 -0.15151515 8.131479084298e+03
36.363636 -0.090909091 8.143810520654e+03
36.363636 -0.03030303 8.149750939987e+03
36.363636 0.03030303 8.149205839459e+03
36.363636 0.090909091 8.141949432154e+03
36.363636 0.15151515 8.128221985052e+03
36.363636 0.21212121 8.108388260242e+03
36.363636 0.27272727 8.082391126877e+03
36.363636 0.33333333 8.050414440581e+03
36.363636 0.39393939 8.012101098549e+03
36.363636 0.45454545 7.967654399476e+03
36.363636 0.51515152 7.916940918036e+03
36.363636 0.57575758 7.860054075468e+03
36.363636 0.63636364 7.797018611052e+03
36.363636 0.6969697 7.727885596078e+03
36.363636 0.75757576 7.652447352036e+03
36.363636 0.81818182 7.570877998372e+03
36.363636 0.87878788 7.484236262507e+03
36.363636 0.93939394 7.392018050419e+03
36.363636 1 7.294450378785e+03
36.363636 1.0606061 7.191184560527e+03
36.363636 1.1212121 7.082783215844e+03
36.363636 1.1818182 6.969465416995e+03
36.363636 1.2424242 6.851271991906e+03
36.363636 1.3030303 6.728530334284e+03
36.363636 1.3636364 6.601179850501e+03
36.363636 1.4242424 6.469957974154e+03
36.363636 1.4848485 6.334183560098e+03
36.363636 1.5454545 6.194293124806e+03
36.363636 1.6060606 6.050661311528e+03
36.363636 1.6666667 5.903435920544e+03
36.363636 1.7272727 5.752928684943e+03
36.363636 1.7878788 5.599308457150e+03
36.363636 1.8484848 5.442807580043e+03
36.363636 1.9090909 5.283703549717e+03
36.363636 1.969697 5.122292555490e+03
36.363636 2.030303 4.958897480163e+03
36.363636 2.0909091 4.793765668247e+03
36.363636 2.1515152 4.627250767945e+03
36.363636 2.2121212 4.459760818829e+03
36.363636 2.2727273 4.291588207001e+03
36.363636 2.3333333 4.123143807495e+03
36.363636 2.3939394 3.954785747037e+03
36.363636 2.4545455 3.786914474013e+03
36.363636 2.5151515 3.619936419277e+03
36.363636 2.5757576 3.454208344363e+03
36.363636 2.6363636 3.290159355691e+03
36.363636 2.6969697 3.128131646659e+03
36.363636 2.7575758 2.968600403134e+03
36.363636 2.8181818 2.811977761887e+03
36.363636 2.8787879 2.658697206015e+03
36.363636 2.9393939 2.509062770490e+03
36.363636 3 2.363447700469e+03
36.868687 -3 2.193848570079e+03
36.868687 -2.9393939 2.329922151024e+03
36.868687 -2.8787879 2.469770305540e+03
36.868687 -2.8181818 2.613107942941e+03
36.868687 -2.7575758 2.759532897534e+03
36.868687 -2.6969697 2.908721953899e+03
36.868687 -2.6363636 3.060332326453e+03
36.868687 -2.5757576 3.213971683798e+03
36.868687 -2.5151515 3.369275170592e+03
36.868687 -2.4545455 3.525840103812e+03
36.868687 -2.3939394 3.683299952864e+03
36.868687 -2.3333333 3.841224187416e+03
36.868687 -2.2727273 3.999222779212e+03
36.868687 -2.2121212 4.156958953421e+03
36.868687 -2.1515152 4.314095350172e+03
36.868687 -2.0909091 4.470303846870e+03
36.868687 -2.030303 4.625293387565e+03
36.868687 -1.969697 4.778734352886e+03
36.868687 -1.9090909 4.930321915839e+03
36.868687 -1.8484848 5.079712750168e+03
36.868687 -1.7878788 5.226680650982e+03
36.868687 -1.7272727 5.371037243753e+03
36.868687 -1.6666667 5.512615150989e+03
36.868687 -1.6060606 5.651171192116e+03
36.868687 -1.5454545 5.786543652509e+03
36.868687 -1.4848485 5.918483121338e+03
36.868687 -1.4242424 6.046674825552e+03
36.868687 -1.3636364 6.170869416891e+03
36.868687 -1.3030303 6.290952260638e+03
36.868687 -1.2424242 6.406806300461e+03
36.868687 -1.1818182 6.518180531487e+03
36.868687 -1.1212121 6.624866559441e+03
36.868687 -1.0606061 6.726700612019e+03
36.868687 -1 6.823625249164e+03
36.868687 -0.93939394 6.915567560390e+03
36.868687 -0.87878788 7.002419229828e+03
36.868687 -0.81818182 7.084067953606e+03
36.868687 -0.75757576 7.160399083837e+03
36.868687 -0.6969697 7.231244484767e+03
36.868687 -0.63636364 7.296475428781e+03
36.868687 -0.57575758 7.356016284854e+03
36.868687 -0.51515152 7.409795665606e+03
36.868687 -0.45454545 7.457680247715e+03
36.868687 -0.39393939 7.499634413915e+03
36.868687 -0.33333333 7.535596669074e+03
36.868687 -0.27272727 7.565516020952e+03
36.868687 -0.21212121 7.589333766345e+03
36.868687 -0.15151515 7.607057206022e+03
36.868687 -0.090909091 7.618674363570e+03
36.868687 -0.03030303 7.624262643650e+03
36.868687 0.03030303 7.623798771708e+03
36.868687 0.090909091 7.617048934015e+03
36.868687 0.15151515 7.604102752994e+03
36.868687 0.21212121 7.585387654250e+03
36.868687 0.27272727 7.560880278875e+03
36.868687 0.33333333 7.530757943484e+03
36.868687 0.39393939 7.494646440451e+03
36.868687 0.45454545 7.452821984745e+03
36.868687 0.51515152 7.405088451601e+03
36.868687 0.57575758 7.351547975521e+03
36.868687 0.63636364 7.292222966661e+03
36.868687 0.6969697 7.227270346104e+03
36.868687 0.75757576 7.156260038863e+03
36.868687 0.81818182 7.079355609352e+03
36.868687 0.87878788 6.997801376218e+03
36.868687 0.93939394 6.911036347189e+03
36.868687 1 6.819212135433e+03
36.868687 1.0606061 6.722014310125e+03
36.868687 1.1212121 6.619968934624e+03
36.868687 1.1818182 6.513341245462e+03
36.868687 1.2424242 6.402075268342e+03
36.868687 1.3030303 6.286524643252e+03
36.868687 1.3636364 6.166667936910e+03
36.868687 1.4242424 6.043198456150e+03
36.868687 1.4848485 5.915484453551e+03
36.868687 1.5454545 5.783887710157e+03
36.868687 1.6060606 5.648790994568e+03
36.868687 1.6666667 5.510321702871e+03
36.868687 1.7272727 5.368785167080e+03
36.868687 1.7878788 5.224339371550e+03
36.868687 1.8484848 5.077196838494e+03
36.868687 1.9090909 4.927630775534e+03
36.868687 1.969697 4.775929923277e+03
36.868687 2.030303 4.622399385375e+03
36.868687 2.0909091 4.467278199034e+03
36.868687 2.1515152 4.310899843815e+03
36.868687 2.2121212 4.153658069958e+03
36.868687 2.2727273 3.995825179229e+03
36.868687 2.3333333 3.837787777284e+03
36.868687 2.3939394 3.679886716698e+03
36.868687 2.4545455 3.522501013547e+03
36.868687 2.5151515 3.366006436071e+03
36.868687 2.5757576 3.210742739688e+03
36.868687 2.6363636 3.057117626401e+03
36.868687 2.6969697 2.905466837058e+03
36.868687 2.7575758 2.756237296201e+03
36.868687 2.8181818 2.609817198098e+03
36.868687 2.8787879 2.466602936556e+03
36.868687 2.9393939 2.326872642668e+03
36.868687 3 2.190975714026e+03
37.373737 -3 2.035548550594e+03
37.373737 -2.9393939 2.162630030423e+03
37.373737 -2.8787879 2.293315734080e+03
37.373737 -2.8181818 2.427345659483e+03
37.373737 -2.7575758 2.564343065404e+03
37.373737 -2.6969697 2.704002611471e+03
37.373737 -2.6363636 2.846004070488e+03
37.373737 -2.5757576 2.989979337354e+03
37.373737 -2.5151515 3.135580881017e+03
37.373737 -2.4545455 3.282429132014e+03
37.373737 -2.3939394 3.430180760529e+03
37.373737 -2.3333333 3.578420998102e+03
37.373737 -2.2727273 3.726779164050e+03
37.373737 -2.2121212 3.874933232392e+03
37.373737 -2.1515152 4.022567256728e+03
37.373737 -2.0909091 4.169367212778e+03
37.373737 -2.030303 4.315057413684e+03
37.373737 -1.969697 4.459326680917e+03
37.373737 -1.9090909 4.601879883690e+03
37.373737 -1.8484848 4.742402265647e+03
37.373737 -1.7878788 4.880671612251e+03
37.373737 -1.7272727 5.016504517889e+03
37.373737 -1.6666667 5.149751931036e+03
37.373737 -1.6060606 5.280178524633e+03
37.373737 -1.5454545 5.407630534822e+03
37.373737 -1.4848485 5.531851388222e+03
37.373737 -1.4242424 5.652555907423e+03
37.373737 -1.3636364 5.769505719046e+03
37.373737 -1.3030303 5.882582591946e+03
37.373737 -1.2424242 5.991673308069e+03
37.373737 -1.1818182 6.096549332379e+03
37.373737 -1.1212121 6.197015063666e+03
37.373737 -1.0606061 6.292923974015e+03
37.373737 -1 6.384224512226e+03
37.373737 -0.93939394 6.470844467964e+03
37.373737 -0.87878788 6.552669487150e+03
37.373737 -0.81818182 6.629590524755e+03
37.373737 -0.75757576 6.701492435536e+03
37.373737 -0.6969697 6.768229938023e+03
37.373737 -0.63636364 6.829688528012e+03
37.373737 -0.57575758 6.885781418988e+03
37.373737 -0.51515152 6.936451175714e+03
37.373737 -0.45454545 6.981568799877e+03
37.373737 -0.39393939 7.021098700111e+03
37.373737 -0.33333333 7.054982718057e+03
37.373737 -0.27272727 7.083175186845e+03
37.373737 -0.21212121 7.105622864763e+03
37.373737 -0.15151515 7.122328435691e+03
37.373737 -0.090909091 7.133280089403e+03
37.373737 -0.03030303 7.138543071004e+03
37.373737 0.03030303 7.138136550693e+03
37.373737 0.090909091 7.131856172471e+03
37.373737 0.15151515 7.119662384351e+03
37.373737 0.21212121 7.101981399822e+03
37.373737 0.27272727 7.078863373488e+03
37.373737 0.33333333 7.050466751424e+03
37.373737 0.39393939 7.016403134306e+03
37.373737 0.45454545 6.977016741175e+03
37.373737 0.51515152 6.932039777943e+03
37.373737 0.57575758 6.881610656496e+03
37.373737 0.63636364 6.825725742085e+03
37.373737 0.6969697 6.764632794939e+03
37.373737 0.75757576 6.697805119156e+03
37.373737 0.81818182 6.625215612609e+03
37.373737 0.87878788 6.548389319471e+03
37.373737 0.93939394 6.466689424677e+03
37.373737 1 6.380208484375e+03
37.373737 1.0606061 6.288659486222e+03
37.373737 1.1212121 6.192521836261e+03
37.373737 1.1818182 6.092114484187e+03
37.373737 1.2424242 5.987299945872e+03
37.373737 1.3030303 5.878433034807e+03
37.373737 1.3636364 5.765547137751e+03
37.373737 1.4242424 5.649268288287e+03
37.373737 1.4848485 5.529050829091e+03
37.373737 1.5454545 5.405163020120e+03
37.373737 1.6060606 5.277998324529e+03
37.373737 1.6666667 5.147665235601e+03
37.373737 1.7272727 5.014463765470e+03
37.373737 1.7878788 4.878540314188e+03
37.373737 1.8484848 4.740094302135e+03
37.373737 1.9090909 4.599391086974e+03
37.373737 1.969697 4.456710975738e+03
37.373737 2.030303 4.312344211611e+03
37.373737 2.0909091 4.166521675828e+03
37.373737 2.1515152 4.019556218064e+03
37.373737 2.2121212 3.871826560269e+03
37.373737 2.2727273 3.723588456914e+03
37.373737 2.3333333 3.575207109306e+03
37.373737 2.3939394 3.427004830254e+03
37.373737 2.4545455 3.279339331880e+03
37.373737 2.5151515 3.132560080147e+03
37.373737 2.5757576 2.986991251932e+03
37.373737 2.6363636 2.843023693171e+03
37.373737 2.6969697 2.700986239162e+03
37.373737 2.7575758 2.561293895647e+03
37.373737 2.8181818 2.424312574736e+03
37.373737 2.8787879 2.290402841081e+03
37.373737 2.9393939 2.159825024316e+03
37.373737 3 2.032903067892e+03
37.878788 -3 1.890315586524e+03
37.878788 -2.9393939 2.009085158231e+03
37.878788 -2.8787879 2.131296772813e+03
37.878788 -2.8181818 2.256713507592e+03
37.878788 -2.7575758 2.384982610437e+03
37.878788 -2.6969697 2.515815029878e+03
37.878788 -2.6363636 2.648911331028e+03
37.878788 -2.5757576 2.783926174134e+03
37.878788 -2.5151515 2.920528765104e+03
37.878788 -2.4545455 3.058360635760e+03
37.878788 -2.3939394 3.197100206488e+03
37.878788 -2.3333333 3.336347979411e+03
37.878788 -2.2727273 3.475751904356e+03
37.878788 -2.2121212 3.615005877334e+03
37.878788 -2.1515152 3.753811599794e+03
37.878788 -2.0909091 3.891869435468e+03
37.878788 -2.030303 4.028917744386e+03
37.878788 -1.969697 4.164660942056e+03
37.878788 -1.9090909 4.298815344144e+03
37.878788 -1.8484848 4.431091713030e+03
37.878788 -1.7878788 4.561271550605e+03
37.878788 -1.7272727 4.689179517876e+03
37.878788 -1.6666667 4.814679264459e+03
37.878788 -1.6060606 4.937544779350e+03
37.878788 -1.5454545 5.057627204245e+03
37.878788 -1.4848485 5.174664244174e+03
37.878788 -1.4242424 5.288399563845e+03
37.878788 -1.3636364 5.398605396959e+03
37.878788 -1.3030303 5.505166389101e+03
37.878788 -1.2424242 5.607962501325e+03
37.878788 -1.1818182 5.706792780454e+03
37.878788 -1.1212121 5.801472703236e+03
37.878788 -1.0606061 5.891869831354e+03
37.878788 -1 5.977937418799e+03
37.878788 -0.93939394 6.059602608608e+03
37.878788 -0.87878788 6.136747636687e+03
37.878788 -0.81818182 6.209268227629e+03
37.878788 -0.75757576 6.277047140911e+03
37.878788 -0.6969697 6.339961010744e+03
37.878788 -0.63636364 6.397908236543e+03
37.878788 -0.57575758 6.450791225619e+03
37.878788 -0.51515152 6.498566268649e+03
37.878788 -0.45454545 6.541108588236e+03
37.878788 -0.39393939 6.578381867781e+03
37.878788 -0.33333333 6.610331460944e+03
37.878788 -0.27272727 6.636916628022e+03
37.878788 -0.21212121 6.658089351378e+03
37.878788 -0.15151515 6.673847084340e+03
37.878788 -0.090909091 6.684178606110e+03
37.878788 -0.03030303 6.689140438359e+03
37.878788 0.03030303 6.688774570411e+03
37.878788 0.090909091 6.682922538373e+03
37.878788 0.15151515 6.671452567901e+03
37.878788 0.21212121 6.654732961447e+03
37.878788 0.27272727 6.632910054590e+03
37.878788 0.33333333 6.606118477961e+03
37.878788 0.39393939 6.573965159449e+03
37.878788 0.45454545 6.536845865951e+03
37.878788 0.51515152 6.494423890251e+03
37.878788 0.57575758 6.446891239566e+03
37.878788 0.63636364 6.394203988079e+03
37.878788 0.6969697 6.336663433755e+03
37.878788 0.75757576 6.273785922185e+03
37.878788 0.81818182 6.205202109918e+03
37.878788 0.87878788 6.132772036886e+03
37.878788 0.93939394 6.055780403667e+03
37.878788 1 5.974274035181e+03
37.878788 1.0606061 5.887989303788e+03
37.878788 1.1212121 5.797349757104e+03
37.878788 1.1818182 5.702727522313e+03
37.878788 1.2424242 5.603927513212e+03
37.878788 1.3030303 5.501281843969e+03
37.878788 1.3636364 5.394883995954e+03
37.878788 1.4242424 5.285283094716e+03
37.878788 1.4848485 5.172042031277e+03
37.878788 1.5454545 5.055325899708e+03
37.878788 1.6060606 4.935540663948e+03
37.878788 1.6666667 4.812774505079e+03
37.878788 1.7272727 4.687324796036e+03
37.878788 1.7878788 4.559324871221e+03
37.878788 1.8484848 4.428968221396e+03
37.878788 1.9090909 4.296507766673e+03
37.878788 1.969697 4.162216400908e+03
37.878788 2.030303 4.026370134489e+03
37.878788 2.0909091 3.889192294907e+03
37.878788 2.1515152 3.750975522178e+03
37.878788 2.2121212 3.612082437273e+03
37.878788 2.2727273 3.472755688277e+03
37.878788 2.3333333 3.333341590286e+03
37.878788 2.3939394 3.194142886389e+03
37.878788 2.4545455 3.055495684148e+03
37.878788 2.5151515 2.917728226916e+03
37.878788 2.5757576 2.781150509285e+03
37.878788 2.6363636 2.646139491015e+03
37.878788 2.6969697 2.513015621435e+03
37.878788 2.7575758 2.382159609346e+03
37.878788 2.8181818 2.253916846461e+03
37.878788 2.8787879 2.128615390419e+03
37.878788 2.9393939 2.006503189861e+03
37.878788 3 1.887878350846e+03
38.383838 -3 1.756936124265e+03
38.383838 -2.9393939 1.868016010792e+03
38.383838 -2.8787879 1.982383778092e+03
38.383838 -2.8181818 2.099823103332e+03
38.383838 -2.7575758 2.220004248683e+03
38.383838 -2.6969697 2.342653023187e+03
38.383838 -2.6363636 2.467489195079e+03
38.383838 -2.5757576 2.594188759353e+03
38.383838 -2.5151515 2.722437150314e+03
38.383838 -2.4545455 2.851895110947e+03
38.383838 -2.3939394 2.982261157774e+03
38.383838 -2.3333333 3.113151730419e+03
38.383838 -2.2727273 3.244231633817e+03
38.383838 -2.2121212 3.375211828971e+03
38.383838 -2.1515152 3.505808649570e+03
38.383838 -2.0909091 3.635736364996e+03
38.383838 -2.030303 3.764746465812e+03
38.383838 -1.969697 3.892556654953e+03
38.383838 -1.9090909 4.018896749790e+03
38.383838 -1.8484848 4.143498693756e+03
38.383838 -1.7878788 4.266148806564e+03
38.383838 -1.7272727 4.386682122551e+03
38.383838 -1.6666667 4.504969644094e+03
38.383838 -1.6060606 4.620796378399e+03
38.383838 -1.5454545 4.734015174193e+03
38.383838 -1.4848485 4.844360227166e+03
38.383838 -1.4242424 4.951602678831e+03
38.383838 -1.3636364 5.055524981090e+03
38.383838 -1.3030303 5.156019641319e+03
38.383838 -1.2424242 5.252953870144e+03
38.383838 -1.1818182 5.346153689206e+03
38.383838 -1.1212121 5.435447322031e+03
38.383838 -1.0606061 5.520711996776e+03
38.383838 -1 5.601906760659e+03
38.383838 -0.93939394 5.678954653798e+03
38.383838 -0.87878788 5.751738888026e+03
38.383838 -0.81818182 5.820158971024e+03
38.383838 -0.75757576 5.884097057407e+03
38.383838 -0.6969697 5.943449350550e+03
38.383838 -0.63636364 5.998124634397e+03
38.383838 -0.57575758 6.048017178150e+03
38.383838 -0.51515152 6.093095124232e+03
38.383838 -0.45454545 6.133238073404e+03
38.383838 -0.39393939 6.168408627100e+03
38.383838 -0.33333333 6.198556369371e+03
38.383838 -0.27272727 6.223643971930e+03
38.383838 -0.21212121 6.243628586496e+03
38.383838 -0.15151515 6.258502863198e+03
38.383838 -0.090909091 6.268256071949e+03
38.383838 -0.03030303 6.272938352807e+03
38.383838 0.03030303 6.272601936557e+03
38.383838 0.090909091 6.267137463904e+03
38.383838 0.15151515 6.256359415258e+03
38.383838 0.21212121 6.240541323064e+03
38.383838 0.27272727 6.219924500707e+03
38.383838 0.33333333 6.194626342473e+03
38.383838 0.39393939 6.164258888171e+03
38.383838 0.45454545 6.129246554875e+03
38.383838 0.51515152 6.089200520675e+03
38.383838 0.57575758 6.044367563321e+03
38.383838 0.63636364 5.994655396879e+03
38.383838 0.6969697 5.940386593960e+03
38.383838 0.75757576 5.881223363373e+03
38.383838 0.81818182 5.816377843390e+03
38.383838 0.87878788 5.748038646299e+03
38.383838 0.93939394 5.675427267310e+03
38.383838 1 5.598555984357e+03
38.383838 1.0606061 5.517179614787e+03
38.383838 1.1212121 5.431663451933e+03
38.383838 1.1818182 5.342423831583e+03
38.383838 1.2424242 5.249236813460e+03
38.383838 1.3030303 5.152389068762e+03
38.383838 1.3636364 5.052034425980e+03
38.383838 1.4242424 4.948644743929e+03
38.383838 1.4848485 4.841898333588e+03
38.383838 1.5454545 4.731860163259e+03
38.383838 1.6060606 4.618946868906e+03
38.383838 1.6666667 4.503224289692e+03
38.383838 1.7272727 4.384990372842e+03
38.383838 1.7878788 4.264363920567e+03
38.383838 1.8484848 4.141538581499e+03
38.383838 1.9090909 4.016751552178e+03
38.383838 1.969697 3.890267862883e+03
38.383838 2.030303 3.762351464674e+03
38.383838 2.0909091 3.633217165540e+03
38.383838 2.1515152 3.503138202860e+03
38.383838 2.2121212 3.372461094243e+03
38.383838 2.2727273 3.241418631177e+03
38.383838 2.3333333 3.110339291946e+03
38.383838 2.3939394 2.979505431159e+03
38.383838 2.4545455 2.849232658358e+03
38.383838 2.5151515 2.719832191901e+03
38.383838 2.5757576 2.591601207700e+03
38.383838 2.6363636 2.464904559409e+03
38.383838 2.6969697 2.340052043597e+03
38.383838 2.7575758 2.217389105569e+03
38.383838 2.8181818 2.097242433610e+03
38.383838 2.8787879 1.979912641992e+03
38.383838 2.9393939 1.865637654047e+03
38.383838 3 1.754690957863e+03
38.888889 -3 1.634323308842e+03
38.888889 -2.9393939 1.738283271221e+03
38.888889 -2.8787879 1.845385078968e+03
38.888889 -2.8181818 1.955429634693e+03
38.888889 -2.7575758 2.068109870154e+03
38.888889 -2.6969697 2.183165164514e+03
38.888889 -2.6363636 2.300333180585e+03
38.888889 -2.5757576 2.419309831142e+03
38.888889 -2.5151515 2.539795851595e+03
38.888889 -2.4545455 2.661469965759e+03
38.888889 -2.3939394 2.784049278483e+03
38.888889 -2.3333333 2.907166367772e+03
38.888889 -2.2727273 3.030502468223e+03
38.888889 -2.2121212 3.153784767821e+03
38.888889 -2.1515152 3.276742115791e+03
38.888889 -2.0909091 3.399102299403e+03
38.888889 -2.030303 3.520629170428e+03
38.888889 -1.969697 3.641052377719e+03
38.888889 -1.9090909 3.760115630204e+03
38.888889 -1.8484848 3.877568823850e+03
38.888889 -1.7878788 3.993205036929e+03
38.888889 -1.7272727 4.106869748670e+03
38.888889 -1.6666667 4.218437673266e+03
38.888889 -1.6060606 4.327705643826e+03
38.888889 -1.5454545 4.434525863363e+03
38.888889 -1.4848485 4.538631818634e+03
38.888889 -1.4242424 4.639820039576e+03
38.888889 -1.3636364 4.737883403316e+03
38.888889 -1.3030303 4.832724667030e+03
38.888889 -1.2424242 4.924196247134e+03
38.888889 -1.1818182 5.012147932217e+03
38.888889 -1.1212121 5.096422583921e+03
38.888889 -1.0606061 5.176903745240e+03
38.888889 -1 5.253556112450e+03
38.888889 -0.93939394 5.326297747321e+03
38.888889 -0.87878788 5.395015135995e+03
38.888889 -0.81818182 5.459611569445e+03
38.888889 -0.75757576 5.519968899539e+03
38.888889 -0.6969697 5.576000677359e+03
38.888889 -0.63636364 5.627624831003e+03
38.888889 -0.57575758 5.674728787941e+03
38.888889 -0.51515152 5.717291511068e+03
38.888889 -0.45454545 5.755197384368e+03
38.888889 -0.39393939 5.788407580556e+03
38.888889 -0.33333333 5.816875229125e+03
38.888889 -0.27272727 5.840566521227e+03
38.888889 -0.21212121 5.859443139489e+03
38.888889 -0.15151515 5.873492985172e+03
38.888889 -0.090909091 5.882706549992e+03
38.888889 -0.03030303 5.887128706231e+03
38.888889 0.03030303 5.886814426770e+03
38.888889 0.090909091 5.881699913609e+03
38.888889 0.15151515 5.871576791123e+03
38.888889 0.21212121 5.856611919653e+03
38.888889 0.27272727 5.837116334069e+03
38.888889 0.33333333 5.813208268295e+03
38.888889 0.39393939 5.784513664063e+03
38.888889 0.45454545 5.751457005523e+03
38.888889 0.51515152 5.713628097561e+03
38.888889 0.57575758 5.671313141209e+03
38.888889 0.63636364 5.624371081616e+03
38.888889 0.6969697 5.573125211190e+03
38.888889 0.75757576 5.517430495964e+03
38.888889 0.81818182 5.456095561089e+03
38.888889 0.87878788 5.391564512321e+03
38.888889 0.93939394 5.323032299387e+03
38.888889 1 5.250482731137e+03
38.888889 1.0606061 5.173685526155e+03
38.888889 1.1212121 5.092948885787e+03
38.888889 1.1818182 5.008720659494e+03
38.888889 1.2424242 4.920775691259e+03
38.888889 1.3030303 4.829338209289e+03
38.888889 1.3636364 4.734616229797e+03
38.888889 1.4242424 4.637012807613e+03
38.888889 1.4848485 4.536313805171e+03
38.888889 1.5454545 4.432499183414e+03
38.888889 1.6060606 4.325991420907e+03
38.888889 1.6666667 4.216831274340e+03
38.888889 1.7272727 4.105320105587e+03
38.888889 1.7878788 3.991561678064e+03
38.888889 1.8484848 3.875753272815e+03
38.888889 1.9090909 3.758116051664e+03
38.888889 1.969697 3.638905686289e+03
38.888889 2.030303 3.518375613238e+03
38.888889 2.0909091 3.396731506978e+03
38.888889 2.1515152 3.274227921202e+03
38.888889 2.2121212 3.151196577627e+03
38.888889 2.2727273 3.027862279916e+03
38.888889 2.3333333 2.904535461705e+03
38.888889 2.3939394 2.781479538515e+03
38.888889 2.4545455 2.658989687854e+03
38.888889 2.5151515 2.537364748552e+03
38.888889 2.5757576 2.416889921368e+03
38.888889 2.6363636 2.297918268342e+03
38.888889 2.6969697 2.180746610191e+03
38.888889 2.7575758 2.065685790104e+03
38.888889 2.8181818 1.953045417493e+03
38.888889 2.8787879 1.843104782263e+03
38.888889 2.9393939 1.736090996428e+03
38.888889 3 1.632256458344e+03
39.393939 -3 1.521499236116e+03
39.393939 -2.9393939 1.618861446344e+03
39.393939 -2.8787879 1.719227327112e+03
39.393939 -2.8181818 1.822411701020e+03
39.393939 -2.7575758 1.928129512014e+03
39.393939 -2.6969697 2.036133161852e+03
39.393939 -2.6363636 2.146176747209e+03
39.393939 -2.5757576 2.257974595919e+03
39.393939 -2.5151515 2.371242156467e+03
39.393939 -2.4545455 2.485674871935e+03
39.393939 -2.3939394 2.601006886948e+03
39.393939 -2.3333333 2.716887620997e+03
39.393939 -2.2727273 2.833014131499e+03
39.393939 -2.2121212 2.949128252351e+03
39.393939 -2.1515152 3.064970321804e+03
39.393939 -2.0909091 3.180280559197e+03
39.393939 -2.030303 3.294835134688e+03
39.393939 -1.969697 3.408374298013e+03
39.393939 -1.9090909 3.520655454890e+03
39.393939 -1.8484848 3.631443877422e+03
39.393939 -1.7878788 3.740541301063e+03
39.393939 -1.7272727 3.847803095894e+03
39.393939 -1.6666667 3.953104892175e+03
39.393939 -1.6060606 4.056255901665e+03
39.393939 -1.5454545 4.157105323969e+03
39.393939 -1.4848485 4.255390074975e+03
39.393939 -1.4242424 4.350928244397e+03
39.393939 -1.3636364 4.443523863083e+03
39.393939 -1.3030303 4.533091279976e+03
39.393939 -1.2424242 4.619469254965e+03
39.393939 -1.1818182 4.702525110103e+03
39.393939 -1.1212121 4.782118290106e+03
39.393939 -1.0606061 4.858138159490e+03
39.393939 -1 4.930552011068e+03
39.393939 -0.93939394 4.999274607648e+03
39.393939 -0.87878788 5.064196105261e+03
39.393939 -0.81818182 5.125223246152e+03
39.393939 -0.75757576 5.182239742969e+03
39.393939 -0.6969697 5.235173084753e+03
39.393939 -0.63636364 5.283949052439e+03
39.393939 -0.57575758 5.328450740991e+03
39.393939 -0.51515152 5.368666388628e+03
39.393939 -0.45454545 5.404484099805e+03
39.393939 -0.39393939 5.435864425655e+03
39.393939 -0.33333333 5.462764100495e+03
39.393939 -0.27272727 5.485152068386e+03
39.393939 -0.21212121 5.502994696996e+03
39.393939 -0.15151515 5.516275783619e+03
39.393939 -0.090909091 5.524985409529e+03
39.393939 -0.03030303 5.529165471444e+03
39.393939 0.03030303 5.528868691586e+03
39.393939 0.090909091 5.524070643996e+03
39.393939 0.15151515 5.514560835479e+03
39.393939 0.21212121 5.500407867606e+03
39.393939 0.27272727 5.481953948789e+03
39.393939 0.33333333 5.459340985089e+03
39.393939 0.39393939 5.432215200025e+03
39.393939 0.45454545 5.400973475971e+03
39.393939 0.51515152 5.365220818029e+03
39.393939 0.57575758 5.325254376988e+03
39.393939 0.63636364 5.280893580831e+03
39.393939 0.6969697 5.232454839338e+03
39.393939 0.75757576 5.179973985786e+03
39.393939 0.81818182 5.121955441705e+03
39.393939 0.87878788 5.060972539818e+03
39.393939 0.93939394 4.996243013398e+03
39.393939 1 4.927725688216e+03
39.393939 1.0606061 4.855202000522e+03
39.393939 1.1212121 4.778927909115e+03
39.393939 1.1818182 4.699369720584e+03
39.393939 1.2424242 4.616323196241e+03
39.393939 1.3030303 4.529939530126e+03
39.393939 1.3636364 4.440471356718e+03
39.393939 1.4242424 4.348267712367e+03
39.393939 1.4848485 4.253201261647e+03
39.393939 1.5454545 4.155191048655e+03
39.393939 1.6060606 4.054659566600e+03
39.393939 1.6666667 3.951618886348e+03
39.393939 1.7272727 3.846376847686e+03
39.393939 1.7878788 3.739021683387e+03
39.393939 1.8484848 3.629756255590e+03
39.393939 1.9090909 3.518786675523e+03
39.393939 1.969697 3.406357569021e+03
39.393939 2.030303 3.292713271574e+03
39.393939 2.0909091 3.178049300912e+03
39.393939 2.1515152 3.062602967200e+03
39.393939 2.2121212 2.946692826275e+03
39.393939 2.2727273 2.830537011119e+03
39.393939 2.3333333 2.714426667908e+03
39.393939 2.3939394 2.598608721336e+03
39.393939 2.4545455 2.483358480091e+03
39.393939 2.5151515 2.368966133666e+03
39.393939 2.5757576 2.255705319682e+03
39.393939 2.6363636 2.143917214090e+03
39.393939 2.6969697 2.033882904111e+03
39.393939 2.7575758 1.925880928457e+03
39.393939 2.8181818 1.820205667286e+03
39.393939 2.8787879 1.717120535065e+03
39.393939 2.9393939 1.616839555980e+03
39.393939 3 1.519598685230e+03
39.89899 -3 1.417584729584e+03
39.89899 -2.9393939 1.508828104478e+03
39.89899 -2.8787879 1.602944549865e+03
39.89899 -2.8181818 1.699759606870e+03
39.89899 -2.7575758 1.799009571420e+03
39.89899 -2.6969697 1.900459528859e+03
39.89899 -2.6363636 2.003878347389e+03
39.89899 -2.5757576 2.108998039300e+03
39.89899 -2.5151515 2.215547239837e+03
39.89899 -2.4545455 2.323237787934e+03
39.89899 -2.3939394 2.431819104127e+03
39.89899 -2.3333333 2.540958362579e+03
39.89899 -2.2727273 2.650367490187e+03
39.89899 -2.2121212 2.759801227656e+03
39.89899 -2.1515152 2.869010846128e+03
39.89899 -2.0909091 2.977747999787e+03
39.89899 -2.030303 3.085800730867e+03
39.89899 -1.969697 3.192919381602e+03
39.89899 -1.9090909 3.298874316442e+03
39.89899 -1.8484848 3.403444048816e+03
39.89899 -1.7878788 3.506441001279e+03
39.89899 -1.7272727 3.607728678880e+03
39.89899 -1.6666667 3.707182417986e+03
39.89899 -1.6060606 3.804623016019e+03
39.89899 -1.5454545 3.899896203330e+03
39.89899 -1.4848485 3.992745028097e+03
39.89899 -1.4242424 4.083006279967e+03
39.89899 -1.3636364 4.170496093504e+03
39.89899 -1.3030303 4.255138809631e+03
39.89899 -1.2424242 4.336763830253e+03
39.89899 -1.1818182 4.415248631710e+03
39.89899 -1.1212121 4.490471543226e+03
39.89899 -1.0606061 4.562325916024e+03
39.89899 -1 4.630782428405e+03
39.89899 -0.93939394 4.695750801246e+03
39.89899 -0.87878788 4.757126228953e+03
39.89899 -0.81818182 4.814819222684e+03
39.89899 -0.75757576 4.868715446202e+03
39.89899 -0.6969697 4.918755728697e+03
39.89899 -0.63636364 4.964870588390e+03
39.89899 -0.57575758 5.006942630919e+03
39.89899 -0.51515152 5.044965901474e+03
39.89899 -0.45454545 5.078832913241e+03
39.89899 -0.39393939 5.108503938746e+03
39.89899 -0.33333333 5.133939261047e+03
39.89899 -0.27272727 5.155109869157e+03
39.89899 -0.21212121 5.171986077674e+03
39.89899 -0.15151515 5.184548514919e+03
39.89899 -0.090909091 5.192787224663e+03
39.89899 -0.03030303 5.196741534800e+03
39.89899 0.03030303 5.196459529467e+03
39.89899 0.090909091 5.191948998868e+03
39.89899 0.15151515 5.183008465632e+03
39.89899 0.21212121 5.169631563908e+03
39.89899 0.27272727 5.152147884168e+03
39.89899 0.33333333 5.130742005517e+03
39.89899 0.39393939 5.105087766866e+03
39.89899 0.45454545 5.075531010866e+03
39.89899 0.51515152 5.041726298435e+03
39.89899 0.57575758 5.003950734838e+03
39.89899 0.63636364 4.961998440844e+03
39.89899 0.6969697 4.916178283231e+03
39.89899 0.75757576 4.866656409556e+03
39.89899 0.81818182 4.811784694969e+03
39.89899 0.87878788 4.754110090093e+03
39.89899 0.93939394 4.692929237947e+03
39.89899 1 4.628177344505e+03
39.89899 1.0606061 4.559641839932e+03
39.89899 1.1212121 4.487539726978e+03
39.89899 1.1818182 4.412337194054e+03
39.89899 1.2424242 4.333870281394e+03
39.89899 1.3030303 4.252212203573e+03
39.89899 1.3636364 4.167648513531e+03
39.89899 1.4242424 4.080490721521e+03
39.89899 1.4848485 3.990672887869e+03
39.89899 1.5454545 3.898080855928e+03
39.89899 1.6060606 3.803128865888e+03
39.89899 1.6666667 3.705799921849e+03
39.89899 1.7272727 3.606409212074e+03
39.89899 1.7878788 3.505029633048e+03
39.89899 1.8484848 3.401869823374e+03
39.89899 1.9090909 3.297123367937e+03
39.89899 1.969697 3.191021842867e+03
39.89899 2.030303 3.083801839885e+03
39.89899 2.0909091 2.975647872801e+03
39.89899 2.1515152 2.866781092520e+03
39.89899 2.2121212 2.757509254663e+03
39.89899 2.2727273 2.648044146698e+03
39.89899 2.3333333 2.538656382949e+03
39.89899 2.3939394 2.429579122716e+03
39.89899 2.4545455 2.321069073178e+03
39.89899 2.5151515 2.213410439196e+03
39.89899 2.5757576 2.106865391288e+03
39.89899 2.6363636 2.001762178411e+03
39.89899 2.6969697 1.898364712967e+03
39.89899 2.7575758 1.796921962437e+03
39.89899 2.8181818 1.697715303818e+03
39.89899 2.8787879 1.600996212564e+03
39.89899 2.9393939 1.506962715146e+03
39.89899 3 1.415839433146e+03
40.40404 -3 1.321789645633e+03
40.40404 -2.9393939 1.407353907514e+03
40.40404 -2.8787879 1.495667791085e+03
40.40404 -2.8181818 1.586564719217e+03
40.40404 -2.7575758 1.679801648931e+03
40.40404 -2.6969697 1.775155984970e+03
40.40404 -2.6363636 1.872410082187e+03
40.40404 -2.5757576 1.971312173133e+03
40.40404 -2.5151515 2.071603689159e+03
40.40404 -2.4545455 2.173011971924e+03
40.40404 -2.3939394 2.275300734298e+03
40.40404 -2.3333333 2.378154850241e+03
40.40404 -2.2727273 2.481300255368e+03
40.40404 -2.2121212 2.584503513263e+03
40.40404 -2.1515152 2.687525790446e+03
40.40404 -2.0909091 2.790129667249e+03
40.40404 -2.030303 2.892114461666e+03
40.40404 -1.969697 2.993240488296e+03
40.40404 -1.9090909 3.093289612104e+03
40.40404 -1.8484848 3.192052516580e+03
40.40404 -1.7878788 3.289353315428e+03
40.40404 -1.7272727 3.385062570197e+03
40.40404 -1.6666667 3.479053715839e+03
40.40404 -1.6060606 3.571159059501e+03
40.40404 -1.5454545 3.661219998509e+03
40.40404 -1.4848485 3.748988744902e+03
40.40404 -1.4242424 3.834318199105e+03
40.40404 -1.3636364 3.917036537539e+03
40.40404 -1.3030303 3.997076362002e+03
40.40404 -1.2424242 4.074263293769e+03
40.40404 -1.1818182 4.148477081324e+03
40.40404 -1.1212121 4.219616350778e+03
40.40404 -1.0606061 4.287578853498e+03
40.40404 -1 4.352336010565e+03
40.40404 -0.93939394 4.413794966975e+03
40.40404 -0.87878788 4.471855497446e+03
40.40404 -0.81818182 4.526431153683e+03
40.40404 -0.75757576 4.577411641561e+03
40.40404 -0.6969697 4.624748167670e+03
40.40404 -0.63636364 4.668375233988e+03
40.40404 -0.57575758 4.708176727335e+03
40.40404 -0.51515152 4.744150690242e+03
40.40404 -0.45454545 4.776194169641e+03
40.40404 -0.39393939 4.804267343538e+03
40.40404 -0.33333333 4.828333308794e+03
40.40404 -0.27272727 4.848365845650e+03
40.40404 -0.21212121 4.864338575301e+03
40.40404 -0.15151515 4.876229308713e+03
40.40404 -0.090909091 4.884027688094e+03
40.40404 -0.03030303 4.887771434863e+03
40.40404 0.03030303 4.887503000105e+03
40.40404 0.090909091 4.883254105077e+03
40.40404 0.15151515 4.874839312739e+03
40.40404 0.21212121 4.862202496107e+03
40.40404 0.27272727 4.845625972594e+03
40.40404 0.33333333 4.825345516723e+03
40.40404 0.39393939 4.801071851533e+03
40.40404 0.45454545 4.773082144847e+03
40.40404 0.51515152 4.741105233750e+03
40.40404 0.57575758 4.705373681002e+03
40.40404 0.63636364 4.665674223533e+03
40.40404 0.6969697 4.622302714392e+03
40.40404 0.75757576 4.575499234604e+03
40.40404 0.81818182 4.523616300516e+03
40.40404 0.87878788 4.469029645365e+03
40.40404 0.93939394 4.411163218346e+03
40.40404 1 4.349930183861e+03
40.40404 1.0606061 4.285119303931e+03
40.40404 1.1212121 4.216920613549e+03
40.40404 1.1818182 4.145784740147e+03
40.40404 1.2424242 4.071600855140e+03
40.40404 1.3030303 3.994364822081e+03
40.40404 1.3636364 3.914383555534e+03
40.40404 1.4242424 3.831946648165e+03
40.40404 1.4848485 3.747023209427e+03
40.40404 1.5454545 3.659492942402e+03
40.40404 1.6060606 3.569752858335e+03
40.40404 1.6666667 3.477759296465e+03
40.40404 1.7272727 3.383835272212e+03
40.40404 1.7878788 3.288036729496e+03
40.40404 1.8484848 3.190579129235e+03
40.40404 1.9090909 3.091645287203e+03
40.40404 1.969697 2.991452670053e+03
40.40404 2.030303 2.890230552547e+03
40.40404 2.0909091 2.788152620153e+03
40.40404 2.1515152 2.685424841837e+03
40.40404 2.2121212 2.582346264447e+03
40.40404 2.2727273 2.479121745507e+03
40.40404 2.3333333 2.376001327230e+03
40.40404 2.3939394 2.273206456381e+03
40.40404 2.4545455 2.170976785748e+03
40.40404 2.5151515 2.069593013311e+03
40.40404 2.5757576 1.969304628729e+03
40.40404 2.6363636 1.870426842831e+03
40.40404 2.6969697 1.773204558113e+03
40.40404 2.7575758 1.677861407486e+03
40.40404 2.8181818 1.584667924009e+03
40.40404 2.8787879 1.493865199716e+03
40.40404 2.9393939 1.405632897642e+03
40.40404 3 1.320188955187e+03
40.909091 -3 1.233400394765e+03
40.909091 -2.9393939 1.313689555814e+03
40.909091 -2.8787879 1.396611338010e+03
40.909091 -2.8181818 1.482005259263e+03
40.909091 -2.7575758 1.569647668691e+03
40.909091 -2.6969697 1.659328347940e+03
40.909091 -2.6363636 1.750841204545e+03
40.909091 -2.5757576 1.843950015835e+03
40.909091 -2.5151515 1.938408625257e+03
40.909091 -2.4545455 2.033958746465e+03
40.909091 -2.3939394 2.130377366432e+03
40.909091 -2.3333333 2.227367442075e+03
40.909091 -2.2727273 2.324667955216e+03
40.909091 -2.2121212 2.422055530684e+03
40.909091 -2.1515152 2.519301280190e+03
40.909091 -2.0909091 2.616178048321e+03
40.909091 -2.030303 2.712495423464e+03
40.909091 -1.969697 2.808023437676e+03
40.909091 -1.9090909 2.902555114017e+03
40.909091 -1.8484848 2.995891858528e+03
40.909091 -1.7878788 3.087870021995e+03
40.909091 -1.7272727 3.178365666582e+03
40.909091 -1.6666667 3.267249860942e+03
40.909091 -1.6060606 3.354366381171e+03
40.909091 -1.5454545 3.439551334506e+03
40.909091 -1.4848485 3.522569050706e+03
40.909091 -1.4242424 3.603285852007e+03
40.909091 -1.3636364 3.681541902199e+03
40.909091 -1.3030303 3.757275988842e+03
40.909091 -1.2424242 3.830314843779e+03
40.909091 -1.1818182 3.900535915307e+03
40.909091 -1.1212121 3.967856354559e+03
40.909091 -1.0606061 4.032179325736e+03
40.909091 -1 4.093476159383e+03
40.909091 -0.93939394 4.151651649327e+03
40.909091 -0.87878788 4.206610904566e+03
40.909091 -0.81818182 4.258269599635e+03
40.909091 -0.75757576 4.306523408341e+03
40.909091 -0.6969697 4.351331053325e+03
40.909091 -0.63636364 4.392630172662e+03
40.909091 -0.57575758 4.430308084382e+03
40.909091 -0.51515152 4.464364790333e+03
40.909091 -0.45454545 4.494701958819e+03
40.909091 -0.39393939 4.521280169949e+03
40.909091 -0.33333333 4.544065700640e+03
40.909091 -0.27272727 4.563033191474e+03
40.909091 -0.21212121 4.578159937222e+03
40.909091 -0.15151515 4.589422032340e+03
40.909091 -0.090909091 4.596808629098e+03
40.909091 -0.03030303 4.600355712350e+03
40.909091 0.03030303 4.600100670805e+03
40.909091 0.090909091 4.596090111049e+03
40.909091 0.15151515 4.588159963847e+03
40.909091 0.21212121 4.576226223235e+03
40.909091 0.27272727 4.560503290141e+03
40.909091 0.33333333 4.541272743657e+03
40.909091 0.39393939 4.518292294782e+03
40.909091 0.45454545 4.491764242023e+03
40.909091 0.51515152 4.461501066184e+03
40.909091 0.57575758 4.427678059925e+03
40.909091 0.63636364 4.390090351670e+03
40.909091 0.6969697 4.349011791194e+03
40.909091 0.75757576 4.304710342828e+03
40.909091 0.81818182 4.255661786605e+03
40.909091 0.87878788 4.203960147235e+03
40.909091 0.93939394 4.149192485164e+03
40.909091 1 4.091250802561e+03
40.909091 1.0606061 4.029919438745e+03
40.909091 1.1212121 3.965376434170e+03
40.909091 1.1818182 3.898040873241e+03
40.909091 1.2424242 3.827863203095e+03
40.909091 1.3030303 3.754768782522e+03
40.909091 1.3636364 3.679073055321e+03
40.909091 1.4242424 3.601057114053e+03
40.909091 1.4848485 3.520702494130e+03
40.909091 1.5454545 3.437904834998e+03
40.909091 1.6060606 3.353035236346e+03
40.909091 1.6666667 3.266029428911e+03
40.909091 1.7272727 3.177217796072e+03
40.909091 1.7878788 3.086636497004e+03
40.909091 1.8484848 2.994508544191e+03
40.909091 1.9090909 2.901007814769e+03
40.909091 1.969697 2.806337100185e+03
40.909091 2.030303 2.710719045705e+03
40.909091 2.0909091 2.614316345786e+03
40.909091 2.1515152 2.517320988213e+03
40.909091 2.2121212 2.420024943749e+03
40.909091 2.2727273 2.322625642269e+03
40.909091 2.3333333 2.225352253990e+03
40.909091 2.3939394 2.128417170450e+03
40.909091 2.4545455 2.032044906155e+03
40.909091 2.5151515 1.936513445489e+03
40.909091 2.5757576 1.842058029297e+03
40.909091 2.6363636 1.748981492314e+03
40.909091 2.6969697 1.657508818123e+03
40.909091 2.7575758 1.567842088079e+03
40.909091 2.8181818 1.480244093106e+03
40.909091 2.8787879 1.394943947068e+03
40.909091 2.9393939 1.312102380733e+03
40.909091 3 1.231933774552e+03
41.414141 -3 1.151773059414e+03
41.414141 -2.9393939 1.227158682003e+03
41.414141 -2.8787879 1.305065708299e+03
41.414141 -2.8181818 1.385338810983e+03
41.414141 -2.7575758 1.467772379194e+03
41.414141 -2.6969697 1.552168064358e+03
41.414141 -2.6363636 1.638330257894e+03
41.414141 -2.5757576 1.726036981286e+03
41.414141 -2.5151515 1.815054515540e+03
41.414141 -2.4545455 1.905137901505e+03
41.414141 -2.3939394 1.996076746031e+03
41.414141 -2.3333333 2.087591805443e+03
41.414141 -2.2727273 2.179433744127e+03
41.414141 -2.2121212 2.271388910530e+03
41.414141 -2.1515152 2.363237433088e+03
41.414141 -2.0909091 2.454762071975e+03
41.414141 -2.030303 2.545782369137e+03
41.414141 -1.969697 2.636077308327e+03
41.414141 -1.9090909 2.725450255342e+03
41.414141 -1.8484848 2.813712659201e+03
41.414141 -1.7878788 2.900713492863e+03
41.414141 -1.7272727 2.986332586507e+03
41.414141 -1.6666667 3.070438459236e+03
41.414141 -1.6060606 3.152885589136e+03
41.414141 -1.5454545 3.233505727049e+03
41.414141 -1.4848485 3.312076972993e+03
41.414141 -1.4242424 3.388476926461e+03
41.414141 -1.3636364 3.462556946037e+03
41.414141 -1.3030303 3.534260423136e+03
41.414141 -1.2424242 3.603418464940e+03
41.414141 -1.1818182 3.669904808999e+03
41.414141 -1.1212121 3.733650427160e+03
41.414141 -1.0606061 3.794566716492e+03
41.414141 -1 3.852624274137e+03
41.414141 -0.93939394 3.907725738334e+03
41.414141 -0.87878788 3.959781177344e+03
41.414141 -0.81818182 4.008708886352e+03
41.414141 -0.75757576 4.054410372696e+03
41.414141 -0.6969697 4.096850843818e+03
41.414141 -0.63636364 4.135970316085e+03
41.414141 -0.57575758 4.171660754941e+03
41.414141 -0.51515152 4.203922590925e+03
41.414141 -0.45454545 4.232661806643e+03
41.414141 -0.39393939 4.257840390786e+03
41.414141 -0.33333333 4.279426651629e+03
41.414141 -0.27272727 4.297396568759e+03
41.414141 -0.21212121 4.311730319929e+03
41.414141 -0.15151515 4.322403653393e+03
41.414141 -0.090909091 4.329404823920e+03
41.414141 -0.03030303 4.332768266591e+03
41.414141 0.03030303 4.332526899648e+03
41.414141 0.090909091 4.328733429878e+03
41.414141 0.15151515 4.321250765887e+03
41.414141 0.21212121 4.309980944651e+03
41.414141 0.27272727 4.295065899238e+03
41.414141 0.33333333 4.276815742348e+03
41.414141 0.39393939 4.255046625404e+03
41.414141 0.45454545 4.229886396999e+03
41.414141 0.51515152 4.201227487260e+03
41.414141 0.57575758 4.169188495513e+03
41.414141 0.63636364 4.133582957992e+03
41.414141 0.6969697 4.094652445253e+03
41.414141 0.75757576 4.052665431703e+03
41.414141 0.81818182 4.006296108779e+03
41.414141 0.87878788 3.957291974027e+03
41.414141 0.93939394 3.905424382623e+03
41.414141 1 3.850563293174e+03
41.414141 1.0606061 3.792484488488e+03
41.414141 1.1212121 3.731368046650e+03
41.414141 1.1818182 3.667588178051e+03
41.414141 1.2424242 3.601158782061e+03
41.414141 1.3030303 3.531946146571e+03
41.414141 1.3636364 3.460261959215e+03
41.414141 1.4242424 3.386388974835e+03
41.414141 1.4848485 3.310303944881e+03
41.414141 1.5454545 3.231934709062e+03
41.414141 1.6060606 3.151617999010e+03
41.414141 1.6666667 3.069279353271e+03
41.414141 1.7272727 2.985253124962e+03
41.414141 1.7878788 2.899552806812e+03
41.414141 1.8484848 2.812410221869e+03
41.414141 1.9090909 2.723991775078e+03
41.414141 1.969697 2.634485297570e+03
41.414141 2.030303 2.544106488460e+03
41.414141 2.0909091 2.453008314949e+03
41.414141 2.1515152 2.361370389058e+03
41.414141 2.2121212 2.269477590777e+03
41.414141 2.2727273 2.177519259241e+03
41.414141 2.3333333 2.085705198055e+03
41.414141 2.3939394 1.994239864384e+03
41.414141 2.4545455 1.903335052574e+03
41.414141 2.5151515 1.813266313367e+03
41.414141 2.5757576 1.724252567005e+03
41.414141 2.6363636 1.636585392320e+03
41.414141 2.6969697 1.550469483947e+03
41.414141 2.7575758 1.466089750603e+03
41.414141 2.8181818 1.383703572814e+03
41.414141 2.8787879 1.303524781178e+03
41.414141 2.9393939 1.225696082260e+03
41.414141 3 1.150429981556e+03
41.919192 -3 1.076326851837e+03
41.919192 -2.9393939 1.147151010329e+03
41.919192 -2.8787879 1.220390606932e+03
41.919192 -2.8181818 1.295895212586e+03
41.919192 -2.7575758 1.373475432000e+03
41.919192 -2.6969697 1.452944824942e+03
41.919192 -2.6363636 1.534116729738e+03
41.919192 -2.5757576 1.616782444649e+03
41.919192 -2.5151515 1.700720794259e+03
41.919192 -2.4545455 1.785699172727e+03
41.919192 -2.3939394 1.871519275937e+03
41.919192 -2.3333333 1.957918879982e+03
41.919192 -2.2727273 2.044659295312e+03
41.919192 -2.2121212 2.131536135343e+03
41.919192 -2.1515152 2.218338217082e+03
41.919192 -2.0909091 2.304858150093e+03
41.919192 -2.030303 2.390923432581e+03
41.919192 -1.969697 2.476322407665e+03
41.919192 -1.9090909 2.560868958219e+03
41.919192 -1.8484848 2.644382875659e+03
41.919192 -1.7878788 2.726725309184e+03
41.919192 -1.7272727 2.807779454103e+03
41.919192 -1.6666667 2.887411262551e+03
41.919192 -1.6060606 2.965484826520e+03
41.919192 -1.5454545 3.041828384770e+03
41.919192 -1.4848485 3.116235359577e+03
41.919192 -1.4242424 3.188592133614e+03
41.919192 -1.3636364 3.258761517744e+03
41.919192 -1.3030303 3.326689008387e+03
41.919192 -1.2424242 3.392213431177e+03
41.919192 -1.1818182 3.455204038955e+03
41.919192 -1.1212121 3.515600953409e+03
41.919192 -1.0606061 3.573325998367e+03
41.919192 -1 3.628348052673e+03
41.919192 -0.93939394 3.680569960261e+03
41.919192 -0.87878788 3.729904923806e+03
41.919192 -0.81818182 3.776273661470e+03
41.919192 -0.75757576 3.819584250055e+03
41.919192 -0.6969697 3.859807400365e+03
41.919192 -0.63636364 3.896884487516e+03
41.919192 -0.57575758 3.930713342916e+03
41.919192 -0.51515152 3.961293505213e+03
41.919192 -0.45454545 3.988535574919e+03
41.919192 -0.39393939 4.012402840567e+03
41.919192 -0.33333333 4.032865465727e+03
41.919192 -0.27272727 4.049900496195e+03
41.919192 -0.21212121 4.063490960818e+03
41.919192 -0.15151515 4.073612418343e+03
41.919192 -0.090909091 4.080252349126e+03
41.919192 -0.03030303 4.083443991244e+03
41.919192 0.03030303 4.083216583903e+03
41.919192 0.090909091 4.079621451591e+03
41.919192 0.15151515 4.072553462575e+03
41.919192 0.21212121 4.061906666850e+03
41.919192 0.27272727 4.047758972436e+03
41.919192 0.33333333 4.030425598354e+03
41.919192 0.39393939 4.009789644915e+03
41.919192 0.45454545 3.985913572755e+03
41.919192 0.51515152 3.958753599583e+03
41.919192 0.57575758 3.928384735129e+03
41.919192 0.63636364 3.894641165126e+03
41.919192 0.6969697 3.857724148172e+03
41.919192 0.75757576 3.817891812250e+03
41.919192 0.81818182 3.774044164251e+03
41.919192 0.87878788 3.727565439633e+03
41.919192 0.93939394 3.678413652401e+03
41.919192 1 3.626437630552e+03
41.919192 1.0606061 3.571402293190e+03
41.919192 1.1212121 3.513499458568e+03
41.919192 1.1818182 3.453049607480e+03
41.919192 1.2424242 3.390128561384e+03
41.919192 1.3030303 3.324555683241e+03
41.919192 1.3636364 3.256630439330e+03
41.919192 1.4242424 3.186641830490e+03
41.919192 1.4848485 3.114552103622e+03
41.919192 1.5454545 3.040329907246e+03
41.919192 1.6060606 2.964270889979e+03
41.919192 1.6666667 2.886302513222e+03
41.919192 1.7272727 2.806758938957e+03
41.919192 1.7878788 2.725628538913e+03
41.919192 1.8484848 2.643153435171e+03
41.919192 1.9090909 2.559492209950e+03
41.919192 1.969697 2.474818433952e+03
41.919192 2.030303 2.389341376057e+03
41.919192 2.0909091 2.303205342146e+03
41.919192 2.1515152 2.216577709898e+03
41.919192 2.2121212 2.129737245996e+03
41.919192 2.2727273 2.042864490696e+03
41.919192 2.3333333 1.956151484007e+03
41.919192 2.3939394 1.869795828191e+03
41.919192 2.4545455 1.783998613150e+03
41.919192 2.5151515 1.699032746889e+03
41.919192 2.5757576 1.615098859374e+03
41.919192 2.6363636 1.532478684866e+03
41.919192 2.6969697 1.451356986451e+03
41.919192 2.7575758 1.371905216236e+03
41.919192 2.8181818 1.294377940088e+03
41.919192 2.8787879 1.218968708876e+03
41.919192 2.9393939 1.145804648009e+03
41.919192 3 1.075096852769e+03
42.424242 -3 1.006535565742e+03
42.424242 -2.9393939 1.073113553148e+03
42.424242 -2.8787879 1.142005632401e+03
42.424242 -2.8181818 1.213066611657e+03
42.424242 -2.7575758 1.286121510233e+03
42.424242 -2.6969697 1.360995717347e+03
42.424242 -2.6363636 1.437510133612e+03
42.424242 -2.5757576 1.515468415983e+03
42.424242 -2.5151515 1.594662226817e+03
42.424242 -2.4545455 1.674870133627e+03
42.424242 -2.3939394 1.755905466755e+03
42.424242 -2.3333333 1.837522052545e+03
42.424242 -2.2727273 1.919491293965e+03
42.424242 -2.2121212 2.001617651353e+03
42.424242 -2.1515152 2.083697506540e+03
42.424242 -2.0909091 2.165533932295e+03
42.424242 -2.030303 2.246961471623e+03
42.424242 -1.969697 2.327776633555e+03
42.424242 -1.9090909 2.407804100704e+03
42.424242 -1.8484848 2.486871470431e+03
42.424242 -1.7878788 2.564850979083e+03
42.424242 -1.7272727 2.641628411163e+03
42.424242 -1.6666667 2.717067573333e+03
42.424242 -1.6060606 2.791041513378e+03
42.424242 -1.5454545 2.863375444437e+03
42.424242 -1.4848485 2.933879957769e+03
42.424242 -1.4242424 3.002447656283e+03
42.424242 -1.3636364 3.068951994900e+03
42.424242 -1.3030303 3.133340260134e+03
42.424242 -1.2424242 3.195459092465e+03
42.424242 -1.1818182 3.255175341342e+03
42.424242 -1.1212121 3.312433291190e+03
42.424242 -1.0606061 3.367166676764e+03
42.424242 -1 3.419343103788e+03
42.424242 -0.93939394 3.468864505390e+03
42.424242 -0.87878788 3.515648098163e+03
42.424242 -0.81818182 3.559617231024e+03
42.424242 -0.75757576 3.600687185406e+03
42.424242 -0.6969697 3.638831509415e+03
42.424242 -0.63636364 3.673993547810e+03
42.424242 -0.57575758 3.706077320200e+03
42.424242 -0.51515152 3.735080950725e+03
42.424242 -0.45454545 3.760918951220e+03
42.424242 -0.39393939 3.783556915036e+03
42.424242 -0.33333333 3.802965534708e+03
42.424242 -0.27272727 3.819123548998e+03
42.424242 -0.21212121 3.832016572404e+03
42.424242 -0.15151515 3.841620086117e+03
42.424242 -0.090909091 3.847922058262e+03
42.424242 -0.03030303 3.850952701133e+03
42.424242 0.03030303 3.850739230174e+03
42.424242 0.090909091 3.847326338712e+03
42.424242 0.15151515 3.840642907773e+03
42.424242 0.21212121 3.830577998069e+03
42.424242 0.27272727 3.817160854115e+03
42.424242 0.33333333 3.800687324491e+03
42.424242 0.39393939 3.781111228699e+03
42.424242 0.45454545 3.758443455917e+03
42.424242 0.51515152 3.732683300653e+03
42.424242 0.57575758 3.703879720513e+03
42.424242 0.63636364 3.671885406823e+03
42.424242 0.6969697 3.636857792184e+03
42.424242 0.75757576 3.599043232548e+03
42.424242 0.81818182 3.557559128498e+03
42.424242 0.87878788 3.513448541867e+03
42.424242 0.93939394 3.466842142384e+03
42.424242 1 3.417571334922e+03
42.424242 1.0606061 3.365385068584e+03
42.424242 1.1212121 3.310497207071e+03
42.424242 1.1818182 3.253169280742e+03
42.424242 1.2424242 3.193533645935e+03
42.424242 1.3030303 3.131375535471e+03
42.424242 1.3636364 3.066975163736e+03
42.424242 1.4242424 3.000630784962e+03
42.424242 1.4848485 2.932283778071e+03
42.424242 1.5454545 2.861947962469e+03
42.424242 1.6060606 2.789873239448e+03
42.424242 1.6666667 2.716000275933e+03
42.424242 1.7272727 2.640658740328e+03
42.424242 1.7878788 2.563810335191e+03
42.424242 1.8484848 2.485708189694e+03
42.424242 1.9090909 2.406502808974e+03
42.424242 1.969697 2.326354990092e+03
42.424242 2.030303 2.245466926515e+03
42.424242 2.0909091 2.163975576313e+03
42.424242 2.1515152 2.082037363028e+03
42.424242 2.2121212 1.999924716260e+03
42.424242 2.2727273 1.917808187755e+03
42.424242 2.3333333 1.835864928401e+03
42.424242 2.3939394 1.754286503117e+03
42.424242 2.4545455 1.673264596273e+03
42.424242 2.5151515 1.593068766035e+03
42.424242 2.5757576 1.513879941899e+03
42.424242 2.6363636 1.435971672344e+03
42.424242 2.6969697 1.359509497210e+03
42.424242 2.7575758 1.284654547242e+03
42.424242 2.8181818 1.211660461721e+03
42.424242 2.8787879 1.140696034191e+03
42.424242 2.9393939 1.071875619826e+03
42.424242 3 1.005408425832e+03
42.929293 -3 9.419215703690e+02
42.929293 -2.9393939 1.004544175294e+03
42.929293 -2.8787879 1.069383782346e+03
42.929293 -2.8181818 1.136300875677e+03
42.929293 -2.7575758 1.205133403820e+03
42.929293 -2.6969697 1.275718045347e+03
42.929293 -2.6363636 1.347882504471e+03
42.929293 -2.5757576 1.421441945973e+03
42.929293 -2.5151515 1.496200631831e+03
42.929293 -2.4545455 1.571947628798e+03
42.929293 -2.3939394 1.648507271242e+03
42.929293 -2.3333333 1.725648746525e+03
42.929293 -2.2727273 1.803152464690e+03
42.929293 -2.2121212 1.880831498571e+03
42.929293 -2.1515152 1.958489737867e+03
42.929293 -2.0909091 2.035940064570e+03
42.929293 -2.030303 2.113023187107e+03
42.929293 -1.969697 2.189544116005e+03
42.929293 -1.9090909 2.265337145225e+03
42.929293 -1.8484848 2.340237840880e+03
42.929293 -1.7878788 2.414127842000e+03
42.929293 -1.7272727 2.486895287971e+03
42.929293 -1.6666667 2.558402536920e+03
42.929293 -1.6060606 2.628530751927e+03
42.929293 -1.5454545 2.697103558060e+03
42.929293 -1.4848485 2.763948015485e+03
42.929293 -1.4242424 2.828962412399e+03
42.929293 -1.3636364 2.892029985933e+03
42.929293 -1.3030303 2.953098192316e+03
42.929293 -1.2424242 3.012021867131e+03
42.929293 -1.1818182 3.068669264606e+03
42.929293 -1.1212121 3.122982696616e+03
42.929293 -1.0606061 3.174909227519e+03
42.929293 -1 3.224415342322e+03
42.929293 -0.93939394 3.271402928320e+03
42.929293 -0.87878788 3.315793071948e+03
42.929293 -0.81818182 3.357510656508e+03
42.929293 -0.75757576 3.396478525262e+03
42.929293 -0.6969697 3.432672290809e+03
42.929293 -0.63636364 3.466037735460e+03
42.929293 -0.57575758 3.496484291247e+03
42.929293 -0.51515152 3.524008455932e+03
42.929293 -0.45454545 3.548528972199e+03
42.929293 -0.39393939 3.570013357782e+03
42.929293 -0.33333333 3.588433256087e+03
42.929293 -0.27272727 3.603767861626e+03
42.929293 -0.21212121 3.616005542330e+03
42.929293 -0.15151515 3.625123028458e+03
42.929293 -0.090909091 3.631107672232e+03
42.929293 -0.03030303 3.633987249695e+03
42.929293 0.03030303 3.633787299264e+03
42.929293 0.090909091 3.630543221422e+03
42.929293 0.15151515 3.624217820612e+03
42.929293 0.21212121 3.614694337825e+03
42.929293 0.27272727 3.601972820616e+03
42.929293 0.33333333 3.586308722460e+03
42.929293 0.39393939 3.567723006970e+03
42.929293 0.45454545 3.546193852469e+03
42.929293 0.51515152 3.521741410145e+03
42.929293 0.57575758 3.494406511592e+03
42.929293 0.63636364 3.464055268371e+03
42.929293 0.6969697 3.430803365704e+03
42.929293 0.75757576 3.394884816899e+03
42.929293 0.81818182 3.355611670475e+03
42.929293 0.87878788 3.313726031966e+03
42.929293 0.93939394 3.269504748729e+03
42.929293 1 3.222771813446e+03
42.929293 1.0606061 3.173255682632e+03
42.929293 1.1212121 3.121197354437e+03
42.929293 1.1818182 3.066799813706e+03
42.929293 1.2424242 3.010242091984e+03
42.929293 1.3030303 2.951289603484e+03
42.929293 1.3636364 2.890197898193e+03
42.929293 1.4242424 2.827273915989e+03
42.929293 1.4848485 2.762436691533e+03
42.929293 1.5454545 2.695746209332e+03
42.929293 1.6060606 2.627402258834e+03
42.929293 1.6666667 2.557370095855e+03
42.929293 1.7272727 2.485969489440e+03
42.929293 1.7878788 2.413136520277e+03
42.929293 1.8484848 2.339134678747e+03
42.929293 1.9090909 2.264105569863e+03
42.929293 1.969697 2.188199413062e+03
42.929293 2.030303 2.111610217413e+03
42.929293 2.0909091 2.034470242800e+03
42.929293 2.1515152 1.956924113767e+03
42.929293 2.2121212 1.879238189130e+03
42.929293 2.2727273 1.801573184820e+03
42.929293 2.3333333 1.724093412348e+03
42.929293 2.3939394 1.646984758073e+03
42.929293 2.4545455 1.570431024587e+03
42.929293 2.5151515 1.494697049196e+03
42.929293 2.5757576 1.419943751525e+03
42.929293 2.6363636 1.346437356565e+03
42.929293 2.6969697 1.274325691449e+03
42.929293 2.7575758 1.203762029540e+03
42.929293 2.8181818 1.134999574117e+03
42.929293 2.8787879 1.068179965405e+03
42.929293 2.9393939 1.003407094473e+03
42.929293 3 9.408875019655e+02
43.434343 -3 8.820540951274e+02
43.434343 -2.9393939 9.409899280407e+02
43.434343 -2.8787879 1.002049605014e+03
43.434343 -2.8181818 1.065099650158e+03
43.434343 -2.7575758 1.129989786028e+03
43.434343 -2.6969697 1.196567412871e+03
43.434343 -2.6363636 1.264666548284e+03
43.434343 -2.5757576 1.334112794183e+03
43.434343 -2.5151515 1.404722965911e+03
43.434343 -2.4545455 1.476295935140e+03
43.434343 -2.3939394 1.548666578159e+03
43.434343 -2.3333333 1.621617947286e+03
43.434343 -2.2727273 1.694939689925e+03
43.434343 -2.2121212 1.768452246090e+03
43.434343 -2.1515152 1.841967320539e+03
43.434343 -2.0909091 1.915307494762e+03
43.434343 -2.030303 1.988318504303e+03
43.434343 -1.969697 2.060813484683e+03
43.434343 -1.9090909 2.132636346553e+03
43.434343 -1.8484848 2.203629922699e+03
43.434343 -1.7878788 2.273683899483e+03
43.434343 -1.7272727 2.342689018732e+03
43.434343 -1.6666667 2.410506157480e+03
43.434343 -1.6060606 2.477024729486e+03
43.434343 -1.5454545 2.542066852276e+03
43.434343 -1.4848485 2.605476529227e+03
43.434343 -1.4242424 2.667156350561e+03
43.434343 -1.3636364 2.726998753287e+03
43.434343 -1.3030303 2.784950945031e+03
43.434343 -1.2424242 2.840875498177e+03
43.434343 -1.1818182 2.894643599797e+03
43.434343 -1.1212121 2.946193567332e+03
43.434343 -1.0606061 2.995484567516e+03
43.434343 -1 3.042483087385e+03
43.434343 -0.93939394 3.087091453939e+03
43.434343 -0.87878788 3.129233875546e+03
43.434343 -0.81818182 3.168838094241e+03
43.434343 -0.75757576 3.205832898328e+03
43.434343 -0.6969697 3.240194791826e+03
43.434343 -0.63636364 3.271873279973e+03
43.434343 -0.57575758 3.300782973967e+03
43.434343 -0.51515152 3.326917781890e+03
43.434343 -0.45454545 3.350201728011e+03
43.434343 -0.39393939 3.370603129848e+03
43.434343 -0.33333333 3.388094196640e+03
43.434343 -0.27272727 3.402655797821e+03
43.434343 -0.21212121 3.414277503793e+03
43.434343 -0.15151515 3.422938440507e+03
43.434343 -0.090909091 3.428625099510e+03
43.434343 -0.03030303 3.431362715160e+03
43.434343 0.03030303 3.431175600289e+03
43.434343 0.090909091 3.428089269179e+03
43.434343 0.15151515 3.422097087821e+03
43.434343 0.21212121 3.413077080355e+03
43.434343 0.27272727 3.401016229660e+03
43.434343 0.33333333 3.386116456802e+03
43.434343 0.39393939 3.368457078680e+03
43.434343 0.45454545 3.348000832866e+03
43.434343 0.51515152 3.324771446240e+03
43.434343 0.57575758 3.298815094718e+03
43.434343 0.63636364 3.270006668033e+03
43.434343 0.6969697 3.238426638277e+03
43.434343 0.75757576 3.204292648672e+03
43.434343 0.81818182 3.167085484971e+03
43.434343 0.87878788 3.127294331005e+03
43.434343 0.93939394 3.085308755882e+03
43.434343 1 3.040958456078e+03
43.434343 1.0606061 2.993947073692e+03
43.434343 1.1212121 2.944544938578e+03
43.434343 1.1818182 2.892900712563e+03
43.434343 1.2424242 2.839229071655e+03
43.434343 1.3030303 2.783286181696e+03
43.434343 1.3636364 2.725301979313e+03
43.434343 1.4242424 2.665590540877e+03
43.434343 1.4848485 2.604047914356e+03
43.434343 1.5454545 2.540778947200e+03
43.434343 1.6060606 2.475932218805e+03
43.434343 1.6666667 2.409504269752e+03
43.434343 1.7272727 2.341801054797e+03
43.434343 1.7878788 2.272735954246e+03
43.434343 1.8484848 2.202581452816e+03
43.434343 1.9090909 2.131469103771e+03
43.434343 1.969697 2.059540488578e+03
43.434343 2.030303 1.986981572078e+03
43.434343 2.0909091 1.913920892679e+03
43.434343 2.1515152 1.840490555625e+03
43.434343 2.2121212 1.766952250227e+03
43.434343 2.2727273 1.693456474654e+03
43.434343 2.3333333 1.620156414886e+03
43.434343 2.3939394 1.547233344083e+03
43.434343 2.4545455 1.474863097941e+03
43.434343 2.5151515 1.403305107553e+03
43.434343 2.5757576 1.332700789075e+03
43.434343 2.6363636 1.263309466911e+03
43.434343 2.6969697 1.195262635508e+03
43.434343 2.7575758 1.128707773328e+03
43.434343 2.8181818 1.063897123658e+03
43.434343 2.8787879 1.000944963515e+03
43.434343 2.9393939 9.399462090807e+02
43.434343 3 8.811038865938e+02
43.939394 -3 8.265406052340e+02
43.939394 -2.9393939 8.820377970590e+02
43.939394 -2.8787879 9.395693907091e+02
43.939394 -2.8181818 9.990082809844e+02
43.939394 -2.7575758 1.060214925472e+03
43.939394 -2.6969697 1.123046922558e+03
43.939394 -2.6363636 1.187344129619e+03
43.939394 -2.5757576 1.252941860522e+03
43.939394 -2.5151515 1.319669096959e+03
43.939394 -2.4545455 1.387334032091e+03
43.939394 -2.3939394 1.455781240992e+03
43.939394 -2.3333333 1.524806877476e+03
43.939394 -2.2727273 1.594209286908e+03
43.939394 -2.2121212 1.663816300559e+03
43.939394 -2.1515152 1.733446501211e+03
43.939394 -2.0909091 1.802931967073e+03
43.939394 -2.030303 1.872123336645e+03
43.939394 -1.969697 1.940841893304e+03
43.939394 -1.9090909 2.008939646473e+03
43.939394 -1.8484848 2.076266970260e+03
43.939394 -1.7878788 2.142720537514e+03
43.939394 -1.7272727 2.208192329680e+03
43.939394 -1.6666667 2.272544102530e+03
43.939394 -1.6060606 2.335672123311e+03
43.939394 -1.5454545 2.397398530935e+03
43.939394 -1.4848485 2.457582471422e+03
43.939394 -1.4242424 2.516131134687e+03
43.939394 -1.3636364 2.572945029713e+03
43.939394 -1.3030303 2.627970238289e+03
43.939394 -1.2424242 2.681077462334e+03
43.939394 -1.1818182 2.732142283952e+03
43.939394 -1.1212121 2.781096781758e+03
43.939394 -1.0606061 2.827911534839e+03
43.939394 -1 2.872553869859e+03
43.939394 -0.93939394 2.914926541344e+03
43.939394 -0.87878788 2.954956660643e+03
43.939394 -0.81818182 2.992575322512e+03
43.939394 -0.75757576 3.027716702722e+03
43.939394 -0.6969697 3.060358296897e+03
43.939394 -0.63636364 3.090451071552e+03
43.939394 -0.57575758 3.117916894635e+03
43.939394 -0.51515152 3.142746135978e+03
43.939394 -0.45454545 3.164867923712e+03
43.939394 -0.39393939 3.184252094278e+03
43.939394 -0.33333333 3.200870552375e+03
43.939394 -0.27272727 3.214705470019e+03
43.939394 -0.21212121 3.225748152496e+03
43.939394 -0.15151515 3.233979661451e+03
43.939394 -0.090909091 3.239386203941e+03
43.939394 -0.03030303 3.241990213801e+03
43.939394 0.03030303 3.241815140000e+03
43.939394 0.090909091 3.238877308661e+03
43.939394 0.15151515 3.233195283232e+03
43.939394 0.21212121 3.224644127079e+03
43.939394 0.27272727 3.213208339698e+03
43.939394 0.33333333 3.199033445779e+03
43.939394 0.39393939 3.182240595799e+03
43.939394 0.45454545 3.162794711246e+03
43.939394 0.51515152 3.140712519738e+03
43.939394 0.57575758 3.116050131454e+03
43.939394 0.63636364 3.088690645057e+03
43.939394 0.6969697 3.058687106552e+03
43.939394 0.75757576 3.026232326043e+03
43.939394 0.81818182 2.990956014025e+03
43.939394 0.87878788 2.953141603515e+03
43.939394 0.93939394 2.913251503247e+03
43.939394 1 2.871139624490e+03
43.939394 1.0606061 2.826479776254e+03
43.939394 1.1212121 2.779571483306e+03
43.939394 1.1818182 2.730517257088e+03
43.939394 1.2424242 2.679553284703e+03
43.939394 1.3030303 2.626437391544e+03
43.939394 1.3636364 2.571374224397e+03
43.939394 1.4242424 2.514681855407e+03
43.939394 1.4848485 2.456234241497e+03
43.939394 1.5454545 2.396179209827e+03
43.939394 1.6060606 2.334613684564e+03
43.939394 1.6666667 2.271570548675e+03
43.939394 1.7272727 2.207337000036e+03
43.939394 1.7878788 2.141810814399e+03
43.939394 1.8484848 2.075268283160e+03
43.939394 1.9090909 2.007831638526e+03
43.939394 1.969697 1.939635487641e+03
43.939394 2.030303 1.870857342311e+03
43.939394 2.0909091 1.801623850282e+03
43.939394 2.1515152 1.732053072568e+03
43.939394 2.2121212 1.662403307756e+03
43.939394 2.2727273 1.592814577378e+03
43.939394 2.3333333 1.523431734689e+03
43.939394 2.3939394 1.454430946611e+03
43.939394 2.4545455 1.385980517459e+03
43.939394 2.5151515 1.318333149694e+03
43.939394 2.5757576 1.251612523716e+03
43.939394 2.6363636 1.186070811878e+03
43.939394 2.6969697 1.121824818512e+03
43.939394 2.7575758 1.059017290126e+03
43.939394 2.8181818 9.978984281431e+02
43.939394 2.8787879 9.385571117368e+02
43.939394 2.9393939 8.810800102156e+02
43.939394 3 8.256657547094e+02
44.444444 -3 7.750246850438e+02
44.444444 -2.9393939 8.273126812146e+02
44.444444 -2.8787879 8.815492414475e+02
44.444444 -2.8181818 9.376136720404e+02
44.444444 -2.7575758 9.953764650519e+02
44.444444 -2.6969697 1.054704605289e+03
44.444444 -2.6363636 1.115443916698e+03
44.444444 -2.5757576 1.177438619227e+03
44.444444 -2.5151515 1.240529190763e+03
44.444444 -2.4545455 1.304532887077e+03
44.444444 -2.3939394 1.369303053337e+03
44.444444 -2.3333333 1.434647945590e+03
44.444444 -2.2727273 1.500375248224e+03
44.444444 -2.2121212 1.566318456269e+03
44.444444 -2.1515152 1.632303560657e+03
44.444444 -2.0909091 1.698171656618e+03
44.444444 -2.030303 1.763777890193e+03
44.444444 -1.969697 1.828951866812e+03
44.444444 -1.9090909 1.893552250106e+03
44.444444 -1.8484848 1.957436772778e+03
44.444444 -1.7878788 2.020508391343e+03
44.444444 -1.7272727 2.082660300081e+03
44.444444 -1.6666667 2.143754924371e+03
44.444444 -1.6060606 2.203696525823e+03
44.444444 -1.5454545 2.262306762090e+03
44.444444 -1.4848485 2.319459485672e+03
44.444444 -1.4242424 2.375065892141e+03
44.444444 -1.3636364 2.429034111136e+03
44.444444 -1.3030303 2.481308554639e+03
44.444444 -1.2424242 2.531766777300e+03
44.444444 -1.1818182 2.580291164718e+03
44.444444 -1.1212121 2.626807069034e+03
44.444444 -1.0606061 2.671293343293e+03
44.444444 -1 2.713720429548e+03
44.444444 -0.93939394 2.753990739539e+03
44.444444 -0.87878788 2.792035426659e+03
44.444444 -0.81818182 2.827787342470e+03
44.444444 -0.75757576 2.861186278330e+03
44.444444 -0.6969697 2.892209520262e+03
44.444444 -0.63636364 2.920812485191e+03
44.444444 -0.57575758 2.946921156705e+03
44.444444 -0.51515152 2.970522761112e+03
44.444444 -0.45454545 2.991551651395e+03
44.444444 -0.39393939 3.009979484660e+03
44.444444 -0.33333333 3.025777346864e+03
44.444444 -0.27272727 3.038928780707e+03
44.444444 -0.21212121 3.049426595587e+03
44.444444 -0.15151515 3.057254109203e+03
44.444444 -0.090909091 3.062397013912e+03
44.444444 -0.03030303 3.064875120052e+03
44.444444 0.03030303 3.064711296193e+03
44.444444 0.090909091 3.061914001959e+03
44.444444 0.15151515 3.056520767695e+03
44.444444 0.21212121 3.048406927737e+03
44.444444 0.27272727 3.037560564056e+03
44.444444 0.33333333 3.024075003800e+03
44.444444 0.39393939 3.008094098068e+03
44.444444 0.45454545 2.989599155619e+03
44.444444 0.51515152 2.968595591466e+03
44.444444 0.57575758 2.945147769085e+03
44.444444 0.63636364 2.919149093750e+03
44.444444 0.6969697 2.890631240666e+03
44.444444 0.75757576 2.859758728303e+03
44.444444 0.81818182 2.826288213417e+03
44.444444 0.87878788 2.790343068772e+03
44.444444 0.93939394 2.752416358048e+03
44.444444 1 2.712408895352e+03
44.444444 1.0606061 2.669958409711e+03
44.444444 1.1212121 2.625392488521e+03
44.444444 1.1818182 2.578776263875e+03
44.444444 1.2424242 2.530354775565e+03
44.444444 1.3030303 2.479896296463e+03
44.444444 1.3636364 2.427580092146e+03
44.444444 1.4242424 2.373726638018e+03
44.444444 1.4848485 2.318189018058e+03
44.444444 1.5454545 2.261154795139e+03
44.444444 1.6060606 2.202671779987e+03
44.444444 1.6666667 2.142809184866e+03
44.444444 1.7272727 2.081833252970e+03
44.444444 1.7878788 2.019632526402e+03
44.444444 1.8484848 1.956483455548e+03
44.444444 1.9090909 1.892498693256e+03
44.444444 1.969697 1.827807118769e+03
44.444444 2.030303 1.762578216733e+03
44.444444 2.0909091 1.696937785763e+03
44.444444 2.1515152 1.630988119665e+03
44.444444 2.2121212 1.564986254476e+03
44.444444 2.2727273 1.499061862705e+03
44.444444 2.3333333 1.433352464685e+03
44.444444 2.3939394 1.368030174904e+03
44.444444 2.4545455 1.303254823015e+03
44.444444 2.5151515 1.239271562976e+03
44.444444 2.5757576 1.176188796320e+03
44.444444 2.6363636 1.114250780748e+03
44.444444 2.6969697 1.053561406686e+03
44.444444 2.7575758 9.942591403390e+02
44.444444 2.8181818 9.365902626342e+02
44.444444 2.8787879 8.806223533231e+02
44.444444 2.9393939 8.264335314405e+02
44.444444 3 7.742175089367e+02
44.949495 -3 7.271830735408e+02
44.949495 -2.9393939 7.764741601490e+02
44.949495 -2.8787879 8.276313488717e+02
44.949495 -2.8181818 8.805404628963e+02
44.949495 -2.7575758 9.350815053343e+02
44.949495 -2.6969697 9.911298073011e+02
44.949495 -2.6363636 1.048537507671e+03
44.949495 -2.5757576 1.107157172917e+03
44.949495 -2.5151515 1.166839628312e+03
44.949495 -2.4545455 1.227411099878e+03
44.949495 -2.3939394 1.288733213740e+03
44.949495 -2.3333333 1.350624904952e+03
44.949495 -2.2727273 1.412903763892e+03
44.949495 -2.2121212 1.475407878970e+03
44.949495 -2.1515152 1.537970824044e+03
44.949495 -2.0909091 1.600442045252e+03
44.949495 -2.030303 1.662680907319e+03
44.949495 -1.969697 1.724525748186e+03
44.949495 -1.9090909 1.785840568485e+03
44.949495 -1.8484848 1.846490045991e+03
44.949495 -1.7878788 1.906382913727e+03
44.949495 -1.7272727 1.965412626734e+03
44.949495 -1.6666667 2.023444700216e+03
44.949495 -1.6060606 2.080389611742e+03
44.949495 -1.5454545 2.136069899536e+03
44.949495 -1.4848485 2.190371992967e+03
44.949495 -1.4242424 2.243212190817e+03
44.949495 -1.3636364 2.294504687630e+03
44.949495 -1.3030303 2.344192064518e+03
44.949495 -1.2424242 2.392158985453e+03
44.949495 -1.1818182 2.438293382819e+03
44.949495 -1.1212121 2.482517161828e+03
44.949495 -1.0606061 2.524812803288e+03
44.949495 -1 2.565155283257e+03
44.949495 -0.93939394 2.603447105996e+03
44.949495 -0.87878788 2.639623406384e+03
44.949495 -0.81818182 2.673619799599e+03
44.949495 -0.75757576 2.705380400796e+03
44.949495 -0.6969697 2.734881068707e+03
44.949495 -0.63636364 2.762081864710e+03
44.949495 -0.57575758 2.786913388999e+03
44.949495 -0.51515152 2.809360073490e+03
44.949495 -0.45454545 2.829360982779e+03
44.949495 -0.39393939 2.846888736258e+03
44.949495 -0.33333333 2.861914139990e+03
44.949495 -0.27272727 2.874422425083e+03
44.949495 -0.21212121 2.884407499005e+03
44.949495 -0.15151515 2.891854856268e+03
44.949495 -0.090909091 2.896749197850e+03
44.949495 -0.03030303 2.899108543397e+03
44.949495 0.03030303 2.898955241998e+03
44.949495 0.090909091 2.896291312239e+03
44.949495 0.15151515 2.891167422527e+03
44.949495 0.21212121 2.883462329044e+03
44.949495 0.27272727 2.873169657963e+03
44.949495 0.33333333 2.860340529533e+03
44.949495 0.39393939 2.845122224427e+03
44.949495 0.45454545 2.827522083447e+03
44.949495 0.51515152 2.807534313847e+03
44.949495 0.57575758 2.785226624711e+03
44.949495 0.63636364 2.760507143885e+03
44.949495 0.6969697 2.733391035107e+03
44.949495 0.75757576 2.704009808620e+03
44.949495 0.81818182 2.672228113173e+03
44.949495 0.87878788 2.638052068769e+03
44.949495 0.93939394 2.601967239102e+03
44.949495 1 2.563939823953e+03
44.949495 1.0606061 2.523566931764e+03
44.949495 1.1212121 2.481201681133e+03
44.949495 1.1818182 2.436881487689e+03
44.949495 1.2424242 2.390849938873e+03
44.949495 1.3030303 2.342889759614e+03
44.949495 1.3636364 2.293158573264e+03
44.949495 1.4242424 2.241976183134e+03
44.949495 1.4848485 2.189176367155e+03
44.949495 1.5454545 2.134983622976e+03
44.949495 1.6060606 2.079399223277e+03
44.949495 1.6666667 2.022527429133e+03
44.949495 1.7272727 1.964610458488e+03
44.949495 1.7878788 1.905537382362e+03
44.949495 1.8484848 1.845578225687e+03
44.949495 1.9090909 1.784837102314e+03
44.949495 1.969697 1.723438061987e+03
44.949495 2.030303 1.661543460717e+03
44.949495 2.0909091 1.599278536586e+03
44.949495 2.1515152 1.536728304606e+03
44.949495 2.2121212 1.474150543397e+03
44.949495 2.2727273 1.411665132581e+03
44.949495 2.3333333 1.349403167614e+03
44.949495 2.3939394 1.287533040338e+03
44.949495 2.4545455 1.226205091042e+03
44.949495 2.5151515 1.165656918451e+03
44.949495 2.5757576 1.105983855505e+03
44.949495 2.6363636 1.047421357291e+03
44.949495 2.6969697 9.900624806674e+02
44.949495 2.7575758 9.340409188360e+02
44.949495 2.8181818 8.795971535063e+02
44.949495 2.8787879 8.267829207310e+02
44.949495 2.9393939 7.756666467168e+02
44.949495 3 7.264367823816e+02
45.454545 -3 6.827207813064e+02
45.454545 -2.9393939 7.292113768073e+02
45.454545 -2.8787879 7.774890669095e+02
45.454545 -2.8181818 8.274459844226e+02
45.454545 -2.7575758 8.789711147237e+02
45.454545 -2.6969697 9.319473117471e+02
45.454545 -2.6363636 9.862334291050e+02
45.454545 -2.5757576 1.041689601397e+03
45.454545 -2.5151515 1.098176088340e+03
45.454545 -2.4545455 1.155528315916e+03
45.454545 -2.3939394 1.213614880337e+03
45.454545 -2.3333333 1.272264919390e+03
45.454545 -2.2727273 1.331305868123e+03
45.454545 -2.2121212 1.390579825505e+03
45.454545 -2.1515152 1.449928060174e+03
45.454545 -2.0909091 1.509207129022e+03
45.454545 -2.030303 1.568281424429e+03
45.454545 -1.969697 1.626997342097e+03
45.454545 -1.9090909 1.685223386835e+03
45.454545 -1.8484848 1.742831318740e+03
45.454545 -1.7878788 1.799734046715e+03
45.454545 -1.7272727 1.855826360269e+03
45.454545 -1.6666667 1.910976420965e+03
45.454545 -1.6060606 1.965101328355e+03
45.454545 -1.5454545 2.018025224763e+03
45.454545 -1.4848485 2.069645267426e+03
45.454545 -1.4242424 2.119882893565e+03
45.454545 -1.3636364 2.168657774266e+03
45.454545 -1.3030303 2.215910822044e+03
45.454545 -1.2424242 2.261532459865e+03
45.454545 -1.1818182 2.305417597480e+03
45.454545 -1.1212121 2.347484701520e+03
45.454545 -1.0606061 2.387718010949e+03
45.454545 -1 2.426097602051e+03
45.454545 -0.93939394 2.462526880897e+03
45.454545 -0.87878788 2.496944496897e+03
45.454545 -0.81818182 2.529288442725e+03
45.454545 -0.75757576 2.559506714323e+03
45.454545 -0.6969697 2.587573577486e+03
45.454545 -0.63636364 2.613454163167e+03
45.454545 -0.57575758 2.637083579985e+03
45.454545 -0.51515152 2.658442934375e+03
45.454545 -0.45454545 2.677476186770e+03
45.454545 -0.39393939 2.694156617266e+03
45.454545 -0.33333333 2.708455001493e+03
45.454545 -0.27272727 2.720357950361e+03
45.454545 -0.21212121 2.729860145142e+03
45.454545 -0.15151515 2.736949335601e+03
45.454545 -0.090909091 2.741609942677e+03
45.454545 -0.03030303 2.743857196546e+03
45.454545 0.03030303 2.743713753095e+03
45.454545 0.090909091 2.741176458264e+03
45.454545 0.15151515 2.736303469587e+03
45.454545 0.21212121 2.728981382065e+03
45.454545 0.27272727 2.719207816550e+03
45.454545 0.33333333 2.707003588353e+03
45.454545 0.39393939 2.692502770137e+03
45.454545 0.45454545 2.675744022262e+03
45.454545 0.51515152 2.656714164294e+03
45.454545 0.57575758 2.635477637990e+03
45.454545 0.63636364 2.611960637729e+03
45.454545 0.6969697 2.586166365485e+03
45.454545 0.75757576 2.558193401261e+03
45.454545 0.81818182 2.527992288961e+03
45.454545 0.87878788 2.495491552541e+03
45.454545 0.93939394 2.461136345862e+03
45.454545 1 2.424972876132e+03
45.454545 1.0606061 2.386554332115e+03
45.454545 1.1212121 2.346257928830e+03
45.454545 1.1818182 2.304101934317e+03
45.454545 1.2424242 2.260317872967e+03
45.454545 1.3030303 2.214708557140e+03
45.454545 1.3636364 2.167411137558e+03
45.454545 1.4242424 2.118743123470e+03
45.454545 1.4848485 2.068521363480e+03
45.454545 1.5454545 2.017002600002e+03
45.454545 1.6060606 1.964146505728e+03
45.454545 1.6666667 1.910088909459e+03
45.454545 1.7272727 1.855046726302e+03
45.454545 1.7878788 1.798916204445e+03
45.454545 1.8484848 1.741957716429e+03
45.454545 1.9090909 1.684266201431e+03
45.454545 1.969697 1.625962627298e+03
45.454545 2.030303 1.567202643911e+03
45.454545 2.0909091 1.508110290822e+03
45.454545 2.1515152 1.448753809461e+03
45.454545 2.2121212 1.389391929302e+03
45.454545 2.2727273 1.330136247321e+03
45.454545 2.3333333 1.271111905455e+03
45.454545 2.3939394 1.212483504098e+03
45.454545 2.4545455 1.154391399029e+03
45.454545 2.5151515 1.097065117912e+03
45.454545 2.5757576 1.040589746056e+03
45.454545 2.6363636 9.851911219409e+02
45.454545 2.6969697 9.309531267222e+02
45.454545 2.7575758 8.780037964577e+02
45.454545 2.8181818 8.265764083896e+02
45.454545 2.8787879 7.767124755731e+02
45.454545 2.9393939 7.284689742821e+02
45.454545 3 6.820295009336e+02
45.959596 -3 6.413691384412e+02
45.959596 -2.9393939 6.852411475368e+02
45.959596 -2.8787879 7.308246077885e+02
45.959596 -2.8181818 7.780176831000e+02
45.959596 -2.7575758 8.267179496796e+02
45.959596 -2.6969697 8.768148069500e+02
45.959596 -2.6363636 9.281742829061e+02
45.959596 -2.5757576 9.806634610514e+02
45.959596 -2.5151515 1.034151320226e+03
45.959596 -2.4545455 1.088482111199e+03
45.959596 -2.3939394 1.143530771349e+03
45.959596 -2.3333333 1.199135908988e+03
45.959596 -2.2727273 1.255134875687e+03
45.959596 -2.2121212 1.311373047240e+03
45.959596 -2.1515152 1.367699278999e+03
45.959596 -2.0909091 1.423976821148e+03
45.959596 -2.030303 1.480075169173e+03
45.959596 -1.969697 1.535848834252e+03
45.959596 -1.9090909 1.591169348529e+03
45.959596 -1.8484848 1.645915312874e+03
45.959596 -1.7878788 1.700003857606e+03
45.959596 -1.7272727 1.753330498310e+03
45.959596 -1.6666667 1.805766997227e+03
45.959596 -1.6060606 1.857237184618e+03
45.959596 -1.5454545 1.907566128171e+03
45.959596 -1.4848485 1.956660982839e+03
45.959596 -1.4242424 2.004448544255e+03
45.959596 -1.3636364 2.050853179706e+03
45.959596 -1.3030303 2.095813639277e+03
45.959596 -1.2424242 2.139226714172e+03
45.959596 -1.1818182 2.180992704367e+03
45.959596 -1.1212121 2.221029084091e+03
45.959596 -1.0606061 2.259320108576e+03
45.959596 -1 2.295851112860e+03
45.959596 -0.93939394 2.330525482793e+03
45.959596 -0.87878788 2.363286110605e+03
45.959596 -0.81818182 2.394073688405e+03
45.959596 -0.75757576 2.422839393812e+03
45.959596 -0.6969697 2.449555907588e+03
45.959596 -0.63636364 2.474193484405e+03
45.959596 -0.57575758 2.496690341661e+03
45.959596 -0.51515152 2.517025269799e+03
45.959596 -0.45454545 2.535146447568e+03
45.959596 -0.39393939 2.551028262773e+03
45.959596 -0.33333333 2.564641629788e+03
45.959596 -0.27272727 2.575974082436e+03
45.959596 -0.21212121 2.585021235755e+03
45.959596 -0.15151515 2.591772856922e+03
45.959596 -0.090909091 2.596212865903e+03
45.959596 -0.03030303 2.598354277905e+03
45.959596 0.03030303 2.598220062204e+03
45.959596 0.090909091 2.595802998108e+03
45.959596 0.15151515 2.591164938240e+03
45.959596 0.21212121 2.584202127449e+03
45.959596 0.27272727 2.574914824167e+03
45.959596 0.33333333 2.563305226167e+03
45.959596 0.39393939 2.549481688627e+03
45.959596 0.45454545 2.533514671734e+03
45.959596 0.51515152 2.515389220260e+03
45.959596 0.57575758 2.495160310427e+03
45.959596 0.63636364 2.472774507504e+03
45.959596 0.6969697 2.448225561220e+03
45.959596 0.75757576 2.421583991503e+03
45.959596 0.81818182 2.392862293898e+03
45.959596 0.87878788 2.361947365838e+03
45.959596 0.93939394 2.329220089396e+03
45.959596 1 2.294813141174e+03
45.959596 1.0606061 2.258232417169e+03
45.959596 1.1212121 2.219881960731e+03
45.959596 1.1818182 2.179766696492e+03
45.959596 1.2424242 2.138098718901e+03
45.959596 1.3030303 2.094702195757e+03
45.959596 1.3636364 2.049698134776e+03
45.959596 1.4242424 2.003397856111e+03
45.959596 1.4848485 1.955605585456e+03
45.959596 1.5454545 1.906604830374e+03
45.959596 1.6060606 1.856319298963e+03
45.959596 1.6666667 1.804910765696e+03
45.959596 1.7272727 1.752572129134e+03
45.959596 1.7878788 1.699211918276e+03
45.959596 1.8484848 1.645077253840e+03
45.959596 1.9090909 1.590255248571e+03
45.959596 1.969697 1.534863596835e+03
45.959596 2.030303 1.479051993802e+03
45.959596 2.0909091 1.422943024971e+03
45.959596 2.1515152 1.366589124469e+03
45.959596 2.2121212 1.310249787619e+03
45.959596 2.2727273 1.254029443104e+03
45.959596 2.3333333 1.198047493847e+03
45.959596 2.3939394 1.142465029233e+03
45.959596 2.4545455 1.087411713192e+03
45.959596 2.5151515 1.033109166237e+03
45.959596 2.5757576 9.796338984108e+02
45.959596 2.6363636 9.272025285205e+02
45.959596 2.6969697 8.758910212558e+02
45.959596 2.7575758 8.258202876009e+02
45.959596 2.8181818 7.772155451628e+02
45.959596 2.8787879 7.301137355434e+02
45.959596 2.9393939 6.845579226160e+02
45.959596 3 6.407278694820e+02
46.464646 -3 6.028838197452e+02
46.464646 -2.9393939 6.443057437049e+02
46.464646 -2.8787879 6.873667960502e+02
46.464646 -2.8181818 7.319709095933e+02
46.464646 -2.7575758 7.780237388503e+02
46.464646 -2.6969697 8.254204082419e+02
46.464646 -2.6363636 8.740343411787e+02
46.464646 -2.5757576 9.237393553918e+02
46.464646 -2.5151515 9.744120544717e+02
46.464646 -2.4545455 1.025905438955e+03
46.464646 -2.3939394 1.078100135495e+03
46.464646 -2.3333333 1.130843590722e+03
46.464646 -2.2727273 1.183982719660e+03
46.464646 -2.2121212 1.237366132523e+03
46.464646 -2.1515152 1.290849997466e+03
46.464646 -2.0909091 1.344303757060e+03
46.464646 -2.030303 1.397601825422e+03
46.464646 -1.969697 1.450606647741e+03
46.464646 -1.9090909 1.503192413669e+03
46.464646 -1.8484848 1.555244216209e+03
46.464646 -1.7878788 1.606682620715e+03
46.464646 -1.7272727 1.657403707224e+03
46.464646 -1.6666667 1.707283903187e+03
46.464646 -1.6060606 1.756252713041e+03
46.464646 -1.5454545 1.804137335279e+03
46.464646 -1.4848485 1.850853391159e+03
46.464646 -1.4242424 1.896333088960e+03
46.464646 -1.3636364 1.940504490090e+03
46.464646 -1.3030303 1.983305650168e+03
46.464646 -1.2424242 2.024637089992e+03
46.464646 -1.1818182 2.064405211604e+03
46.464646 -1.1212121 2.102529247572e+03
46.464646 -1.0606061 2.138989895745e+03
46.464646 -1 2.173777668507e+03
46.464646 -0.93939394 2.206797843194e+03
46.464646 -0.87878788 2.237996317920e+03
46.464646 -0.81818182 2.267317410372e+03
46.464646 -0.75757576 2.294714218035e+03
46.464646 -0.6969697 2.320158295849e+03
46.464646 -0.63636364 2.343623788198e+03
46.464646 -0.57575758 2.365052569020e+03
46.464646 -0.51515152 2.384421912082e+03
46.464646 -0.45454545 2.401683659380e+03
46.464646 -0.39393939 2.416812897025e+03
46.464646 -0.33333333 2.429780508375e+03
46.464646 -0.27272727 2.440575303679e+03
46.464646 -0.21212121 2.449193412595e+03
46.464646 -0.15151515 2.455626427220e+03
46.464646 -0.090909091 2.459858170512e+03
46.464646 -0.03030303 2.461899616807e+03
46.464646 0.03030303 2.461774021379e+03
46.464646 0.090909091 2.459471080135e+03
46.464646 0.15151515 2.455053404521e+03
46.464646 0.21212121 2.448428229445e+03
46.464646 0.27272727 2.439596467334e+03
46.464646 0.33333333 2.428551262358e+03
46.464646 0.39393939 2.415368787853e+03
46.464646 0.45454545 2.400146526772e+03
46.464646 0.51515152 2.382874213770e+03
46.464646 0.57575758 2.363594319876e+03
46.464646 0.63636364 2.342273456559e+03
46.464646 0.6969697 2.318898708099e+03
46.464646 0.75757576 2.293517196927e+03
46.464646 0.81818182 2.266181325960e+03
46.464646 0.87878788 2.236765756300e+03
46.464646 0.93939394 2.205574305606e+03
46.464646 1 2.172823676246e+03
46.464646 1.0606061 2.137972490683e+03
46.464646 1.1212121 2.101454053177e+03
46.464646 1.1818182 2.063262398109e+03
46.464646 1.2424242 2.023588355079e+03
46.464646 1.3030303 1.982276479997e+03
46.464646 1.3636364 1.939433717894e+03
46.464646 1.4242424 1.895364327062e+03
46.464646 1.4848485 1.849863261688e+03
46.464646 1.5454545 1.803234822058e+03
46.464646 1.6060606 1.755373016513e+03
46.464646 1.6666667 1.706460397434e+03
46.464646 1.7272727 1.656666320209e+03
46.464646 1.7878788 1.605915584508e+03
46.464646 1.8484848 1.554439606292e+03
46.464646 1.9090909 1.502318822348e+03
46.464646 1.969697 1.449668007889e+03
46.464646 2.030303 1.396631640709e+03
46.464646 2.0909091 1.343329374070e+03
46.464646 2.1515152 1.289800253091e+03
46.464646 2.2121212 1.236303375810e+03
46.464646 2.2727273 1.182937565274e+03
46.464646 2.3333333 1.129816463043e+03
46.464646 2.3939394 1.077097486763e+03
46.464646 2.4545455 1.024899296068e+03
46.464646 2.5151515 9.734360456057e+02
46.464646 2.5757576 9.227767638332e+02
46.464646 2.6363636 8.731296050870e+02
46.464646 2.6969697 8.245640813099e+02
46.464646 2.7575758 7.771918531749e+02
46.464646 2.8181818 7.312300867060e+02
46.464646 2.8787879 6.867161255812e+02
46.464646 2.9393939 6.436764042625e+02
46.464646 3 6.022883583801e+02
46.969697 -3 5.670411779860e+02
46.969697 -2.9393939 6.061692254393e+02
46.969697 -2.8787879 6.468673337400e+02
46.969697 -2.8181818 6.890450425259e+02
46.969697 -2.7575758 7.326151870275e+02
46.969697 -2.6969697 7.774781760041e+02
46.969697 -2.6363636 8.235150929318e+02
46.969697 -2.5757576 8.706059094707e+02
46.969697 -2.5151515 9.186341883924e+02
46.969697 -2.4545455 9.674614770999e+02
46.969697 -2.3939394 1.016973277954e+03
46.969697 -2.3333333 1.067025999152e+03
46.969697 -2.2727273 1.117474754678e+03
46.969697 -2.2121212 1.168172083260e+03
46.969697 -2.1515152 1.218980971216e+03
46.969697 -2.0909091 1.269776398320e+03
46.969697 -2.030303 1.320438039439e+03
46.969697 -1.969697 1.370835533340e+03
46.969697 -1.9090909 1.420845872357e+03
46.969697 -1.8484848 1.470359739229e+03
46.969697 -1.7878788 1.519300406600e+03
46.969697 -1.7272727 1.567565726345e+03
46.969697 -1.6666667 1.615036450003e+03
46.969697 -1.6060606 1.661647118820e+03
46.969697 -1.5454545 1.707228482413e+03
46.969697 -1.4848485 1.751702274642e+03
46.969697 -1.4242424 1.795006816605e+03
46.969697 -1.3636364 1.837073204654e+03
46.969697 -1.3030303 1.877838097148e+03
46.969697 -1.2424242 1.917206582549e+03
46.969697 -1.1818182 1.955090512551e+03
46.969697 -1.1212121 1.991411220232e+03
46.969697 -1.0606061 2.026146166801e+03
46.969697 -1 2.059290424968e+03
46.969697 -0.93939394 2.090749517001e+03
46.969697 -0.87878788 2.120474993606e+03
46.969697 -0.81818182 2.148413120096e+03
46.969697 -0.75757576 2.174518818787e+03
46.969697 -0.6969697 2.198762294613e+03
46.969697 -0.63636364 2.221122568558e+03
46.969697 -0.57575758 2.241544274518e+03
46.969697 -0.51515152 2.260002786138e+03
46.969697 -0.45454545 2.276453820680e+03
46.969697 -0.39393939 2.290873076363e+03
46.969697 -0.33333333 2.303231525604e+03
46.969697 -0.27272727 2.313519008963e+03
46.969697 -0.21212121 2.321732917624e+03
46.969697 -0.15151515 2.327865808391e+03
46.969697 -0.090909091 2.331900929498e+03
46.969697 -0.03030303 2.333847847415e+03
46.969697 0.03030303 2.333730287456e+03
46.969697 0.090909091 2.331535740888e+03
46.969697 0.15151515 2.327325062959e+03
46.969697 0.21212121 2.321016720577e+03
46.969697 0.27272727 2.312611552999e+03
46.969697 0.33333333 2.302101037705e+03
46.969697 0.39393939 2.289526963919e+03
46.969697 0.45454545 2.275006194312e+03
46.969697 0.51515152 2.258538888326e+03
46.969697 0.57575758 2.240154323566e+03
46.969697 0.63636364 2.219835659714e+03
46.969697 0.6969697 2.197567532926e+03
46.969697 0.75757576 2.173380070974e+03
46.969697 0.81818182 2.147344287796e+03
46.969697 0.87878788 2.119344853634e+03
46.969697 0.93939394 2.089605222042e+03
46.969697 1 2.058418432356e+03
46.969697 1.0606061 2.025193820748e+03
46.969697 1.1212121 1.990401497611e+03
46.969697 1.1818182 1.954024536236e+03
46.969697 1.2424242 1.916230264397e+03
46.969697 1.3030303 1.876883312200e+03
46.969697 1.3636364 1.836079951765e+03
46.969697 1.4242424 1.794112983102e+03
46.969697 1.4848485 1.750774196038e+03
46.969697 1.5454545 1.706382051432e+03
46.969697 1.6060606 1.660806554187e+03
46.969697 1.6666667 1.614246830918e+03
46.969697 1.7272727 1.566849846788e+03
46.969697 1.7878788 1.518557947264e+03
46.969697 1.8484848 1.469587017744e+03
46.969697 1.9090909 1.420010787226e+03
46.969697 1.969697 1.369941187164e+03
46.969697 2.030303 1.319518610528e+03
46.969697 2.0909091 1.268857807646e+03
46.969697 2.1515152 1.217988408228e+03
46.969697 2.2121212 1.167166348364e+03
46.969697 2.2727273 1.116486785240e+03
46.969697 2.3333333 1.066057518174e+03
46.969697 2.3939394 1.016031630425e+03
46.969697 2.4545455 9.665175180508e+02
46.969697 2.5151515 9.177218643924e+02
46.969697 2.5757576 8.697068315188e+02
46.969697 2.6363636 8.226735781996e+02
46.969697 2.6969697 7.766860977369e+02
46.969697 2.7575758 7.318449124208e+02
46.969697 2.8181818 6.883596971461e+02
46.969697 2.8787879 6.462719427092e+02
46.969697 2.9393939 6.055891079675e+02
46.969697 3 5.664880007773e+02
47.474747 -3 5.336370234690e+02
47.474747 -2.9393939 5.706160513226e+02
47.474747 -2.8787879 6.090993623274e+02
47.474747 -2.8181818 6.490016362032e+02
47.474747 -2.7575758 6.902423835134e+02
47.474747 -2.6969697 7.327266200252e+02
47.474747 -2.6363636 7.763432282658e+02
47.474747 -2.5757576 8.209780748363e+02
47.474747 -2.5151515 8.665210482378e+02
47.474747 -2.4545455 9.128416547612e+02
47.474747 -2.3939394 9.598301861458e+02
47.474747 -2.3333333 1.007351116993e+03
47.474747 -2.2727273 1.055267473728e+03
47.474747 -2.2121212 1.103435980481e+03
47.474747 -2.1515152 1.151726031254e+03
47.474747 -2.0909091 1.200017523120e+03
47.474747 -2.030303 1.248195664891e+03
47.474747 -1.969697 1.296136601594e+03
47.474747 -1.9090909 1.343719699622e+03
47.474747 -1.8484848 1.390841326412e+03
47.474747 -1.7878788 1.437426766740e+03
47.474747 -1.7272727 1.483376396670e+03
47.474747 -1.6666667 1.528574488092e+03
47.474747 -1.6060606 1.572961275411e+03
47.474747 -1.5454545 1.616370073125e+03
47.474747 -1.4848485 1.658729291222e+03
47.474747 -1.4242424 1.699982789542e+03
47.474747 -1.3636364 1.740063099494e+03
47.474747 -1.3030303 1.778907687232e+03
47.474747 -1.2424242 1.816423855600e+03
47.474747 -1.1818182 1.852529159873e+03
47.474747 -1.1212121 1.887148094512e+03
47.474747 -1.0606061 1.920255675109e+03
47.474747 -1 1.951848734808e+03
47.474747 -0.93939394 1.981835023170e+03
47.474747 -0.87878788 2.010170317832e+03
47.474747 -0.81818182 2.036803504437e+03
47.474747 -0.75757576 2.061690581679e+03
47.474747 -0.6969697 2.084802397025e+03
47.474747 -0.63636364 2.106119614163e+03
47.474747 -0.57575758 2.125590039519e+03
47.474747 -0.51515152 2.143188959003e+03
47.474747 -0.45454545 2.158874840162e+03
47.474747 -0.39393939 2.172623521868e+03
47.474747 -0.33333333 2.184406732538e+03
47.474747 -0.27272727 2.194215872308e+03
47.474747 -0.21212121 2.202048153711e+03
47.474747 -0.15151515 2.207897426248e+03
47.474747 -0.090909091 2.211746842273e+03
47.474747 -0.03030303 2.213604637816e+03
47.474747 0.03030303 2.213494557534e+03
47.474747 0.090909091 2.211402663896e+03
47.474747 0.15151515 2.207386660906e+03
47.474747 0.21212121 2.201376638412e+03
47.474747 0.27272727 2.193372134216e+03
47.474747 0.33333333 2.183366288748e+03
47.474747 0.39393939 2.171371029783e+03
47.474747 0.45454545 2.157512127132e+03
47.474747 0.51515152 2.141804204241e+03
47.474747 0.57575758 2.124265382398e+03
47.474747 0.63636364 2.104891539564e+03
47.474747 0.6969697 2.083666956885e+03
47.474747 0.75757576 2.060609126088e+03
47.474747 0.81818182 2.035795200711e+03
47.474747 0.87878788 2.009131491504e+03
47.474747 0.93939394 1.980767663028e+03
47.474747 1 1.951056916414e+03
47.474747 1.0606061 1.919363715639e+03
47.474747 1.1212121 1.886198493114e+03
47.474747 1.1818182 1.851533812166e+03
47.474747 1.2424242 1.815513586236e+03
47.474747 1.3030303 1.778020061352e+03
47.474747 1.3636364 1.739141157626e+03
47.474747 1.4242424 1.699157205840e+03
47.474747 1.4848485 1.657860085045e+03
47.474747 1.5454545 1.615576907555e+03
47.474747 1.6060606 1.572160373639e+03
47.474747 1.6666667 1.527819510579e+03
47.474747 1.7272727 1.482683093022e+03
47.474747 1.7878788 1.436709075880e+03
47.474747 1.8484848 1.390099393987e+03
47.474747 1.9090909 1.342921599631e+03
47.474747 1.969697 1.295284726957e+03
47.474747 2.030303 1.247325055605e+03
47.474747 2.0909091 1.199151187089e+03
47.474747 2.1515152 1.150787813428e+03
47.474747 2.2121212 1.102484359210e+03
47.474747 2.2727273 1.054334232356e+03
47.474747 2.3333333 1.006439113276e+03
47.474747 2.3939394 9.589476754546e+02
47.474747 2.4545455 9.119578514686e+02
47.474747 2.5151515 8.656700722546e+02
47.474747 2.5757576 8.201389667804e+02
47.474747 2.6363636 7.755609261380e+02
47.474747 2.6969697 7.319953549593e+02
47.474747 2.7575758 6.895293570978e+02
47.474747 2.8181818 6.483663340793e+02
47.474747 2.8787879 6.085548149198e+02
47.474747 2.9393939 5.700810443888e+02
47.474747 3 5.331231382154e+02
47.979798 -3 5.024849582365e+02
47.979798 -2.9393939 5.374495255147e+02
47.979798 -2.8787879 5.738557980119e+02
47.979798 -2.8181818 6.116230973485e+02
47.979798 -2.7575758 6.506770956873e+02
47.979798 -2.6969697 6.909268840896e+02
47.979798 -2.6363636 7.322691300035e+02
47.979798 -2.5757576 7.745954693828e+02
47.979798 -2.5151515 8.178012061756e+02
47.979798 -2.4545455 8.617637889831e+02
47.979798 -2.3939394 9.063776954300e+02
47.979798 -2.3333333 9.515154898139e+02
47.979798 -2.2727273 9.970468257996e+02
47.979798 -2.2121212 1.042833220751e+03
47.979798 -2.1515152 1.088750058514e+03
47.979798 -2.0909091 1.134681864626e+03
47.979798 -2.030303 1.180519037904e+03
47.979798 -1.969697 1.226143897203e+03
47.979798 -1.9090909 1.271438094762e+03
47.979798 -1.8484848 1.316303710715e+03
47.979798 -1.7878788 1.360667325700e+03
47.979798 -1.7272727 1.404431704322e+03
47.979798 -1.6666667 1.447485515934e+03
47.979798 -1.6060606 1.489773272558e+03
47.979798 -1.5454545 1.531132502796e+03
47.979798 -1.4848485 1.571496181694e+03
47.979798 -1.4242424 1.610813906965e+03
47.979798 -1.3636364 1.649020117817e+03
47.979798 -1.3030303 1.686051929039e+03
47.979798 -1.2424242 1.721819870976e+03
47.979798 -1.1818182 1.756245375480e+03
47.979798 -1.1212121 1.789257772165e+03
47.979798 -1.0606061 1.820829384037e+03
47.979798 -1 1.850957512889e+03
47.979798 -0.93939394 1.879553005448e+03
47.979798 -0.87878788 1.906575541900e+03
47.979798 -0.81818182 1.931976554590e+03
47.979798 -0.75757576 1.955713679772e+03
47.979798 -0.6969697 1.977756214895e+03
47.979798 -0.63636364 1.998088882403e+03
47.979798 -0.57575758 2.016660876359e+03
47.979798 -0.51515152 2.033447959599e+03
47.979798 -0.45454545 2.048411111243e+03
47.979798 -0.39393939 2.061526686547e+03
47.979798 -0.33333333 2.072767178277e+03
47.979798 -0.27272727 2.082124520158e+03
47.979798 -0.21212121 2.089596404000e+03
47.979798 -0.15151515 2.095177645735e+03
47.979798 -0.090909091 2.098851606126e+03
47.979798 -0.03030303 2.100625097602e+03
47.979798 0.03030303 2.100521981070e+03
47.979798 0.090909091 2.098527549608e+03
47.979798 0.15151515 2.094694803169e+03
47.979798 0.21212121 2.088965817763e+03
47.979798 0.27272727 2.081338051504e+03
47.979798 0.33333333 2.071808071050e+03
47.979798 0.39393939 2.060363304767e+03
47.979798 0.45454545 2.047129143922e+03
47.979798 0.51515152 2.032137781808e+03
47.979798 0.57575758 2.015398810460e+03
47.979798 0.63636364 1.996915654445e+03
47.979798 0.6969697 1.976675188360e+03
47.979798 0.75757576 1.954687509473e+03
47.979798 0.81818182 1.931023221633e+03
47.979798 0.87878788 1.905618237795e+03
47.979798 0.93939394 1.878560129491e+03
47.979798 1 1.850243406739e+03
47.979798 1.0606061 1.819993859895e+03
47.979798 1.1212121 1.788363816027e+03
47.979798 1.1818182 1.755314689825e+03
47.979798 1.2424242 1.720969777765e+03
47.979798 1.3030303 1.685224906197e+03
47.979798 1.3636364 1.648163783484e+03
47.979798 1.4242424 1.610050362721e+03
47.979798 1.4848485 1.570682697433e+03
47.979798 1.5454545 1.530389701673e+03
47.979798 1.6060606 1.489012135410e+03
47.979798 1.6666667 1.446765493309e+03
47.979798 1.7272727 1.403762270982e+03
47.979798 1.7878788 1.359974935320e+03
47.979798 1.8484848 1.315591840244e+03
47.979798 1.9090909 1.270675812993e+03
47.979798 1.969697 1.225333021575e+03
47.979798 2.030303 1.179695526948e+03
47.979798 2.0909091 1.133864454322e+03
47.979798 2.1515152 1.087863652859e+03
47.979798 2.2121212 1.041933250802e+03
47.979798 2.2727273 9.961662571805e+02
47.979798 2.3333333 9.506580381517e+02
47.979798 2.3939394 9.055524495746e+02
47.979798 2.4545455 8.609379981140e+02
47.979798 2.5151515 8.170092424119e+02
47.979798 2.5757576 7.738127739643e+02
47.979798 2.6363636 7.315419220197e+02
47.979798 2.6969697 6.902529040191e+02
47.979798 2.7575758 6.500169230134e+02
47.979798 2.8181818 6.110329161070e+02
47.979798 2.8787879 5.733579555993e+02
47.979798 2.9393939 5.369559437222e+02
47.979798 3 5.020077417448e+02
48.484848 -3 4.734140291300e+02
48.484848 -2.9393939 5.064893477445e+02
48.484848 -2.8787879 5.409465660217e+02
48.484848 -2.8181818 5.767095612879e+02
48.484848 -2.7575758 6.137095285227e+02
48.484848 -2.6969697 6.518593606303e+02
48.484848 -2.6363636 6.910633404567e+02
48.484848 -2.5757576 7.312184245552e+02
48.484848 -2.5151515 7.722250605828e+02
48.484848 -2.4545455 8.139682458488e+02
48.484848 -2.3939394 8.563462750835e+02
48.484848 -2.3333333 8.992394592969e+02
48.484848 -2.2727273 9.425231534865e+02
48.484848 -2.2121212 9.860645619240e+02
48.484848 -2.1515152 1.029744146538e+03
48.484848 -2.0909091 1.073450980434e+03
48.484848 -2.030303 1.117080259754e+03
48.484848 -1.969697 1.160520489864e+03
48.484848 -1.9090909 1.203655312755e+03
48.484848 -1.8484848 1.246391736724e+03
48.484848 -1.7878788 1.288657832311e+03
48.484848 -1.7272727 1.330359446050e+03
48.484848 -1.6666667 1.371388834035e+03
48.484848 -1.6060606 1.411694396261e+03
48.484848 -1.5454545 1.451118583466e+03
48.484848 -1.4848485 1.489598602074e+03
48.484848 -1.4242424 1.527088587984e+03
48.484848 -1.3636364 1.563525026662e+03
48.484848 -1.3030303 1.598844537023e+03
48.484848 -1.2424242 1.632960910747e+03
48.484848 -1.1818182 1.665799423733e+03
48.484848 -1.1212121 1.697293674844e+03
48.484848 -1.0606061 1.727414904926e+03
48.484848 -1 1.756159252816e+03
48.484848 -0.93939394 1.783440785768e+03
48.484848 -0.87878788 1.809223328637e+03
48.484848 -0.81818182 1.833459894089e+03
48.484848 -0.75757576 1.856110177919e+03
48.484848 -0.6969697 1.877143746502e+03
48.484848 -0.63636364 1.896545832826e+03
48.484848 -0.57575758 1.914268651443e+03
48.484848 -0.51515152 1.930288990099e+03
48.484848 -0.45454545 1.944569251757e+03
48.484848 -0.39393939 1.957086512577e+03
48.484848 -0.33333333 1.967814089190e+03
48.484848 -0.27272727 1.976744362573e+03
48.484848 -0.21212121 1.983875731848e+03
48.484848 -0.15151515 1.989203807660e+03
48.484848 -0.090909091 1.992711935239e+03
48.484848 -0.03030303 1.994405654115e+03
48.484848 0.03030303 1.994309032162e+03
48.484848 0.090909091 1.992407121460e+03
48.484848 0.15151515 1.988747037739e+03
48.484848 0.21212121 1.983282831400e+03
48.484848 0.27272727 1.976009688805e+03
48.484848 0.33333333 1.966927931038e+03
48.484848 0.39393939 1.956007463541e+03
48.484848 0.45454545 1.943364179272e+03
48.484848 0.51515152 1.929049123937e+03
48.484848 0.57575758 1.913066633158e+03
48.484848 0.63636364 1.895424036476e+03
48.484848 0.6969697 1.876112858915e+03
48.484848 0.75757576 1.855136352813e+03
48.484848 0.81818182 1.832556909040e+03
48.484848 0.87878788 1.808337796336e+03
48.484848 0.93939394 1.782519439251e+03
48.484848 1 1.755519086432e+03
48.484848 1.0606061 1.726632735262e+03
48.484848 1.1212121 1.696451501837e+03
48.484848 1.1818182 1.664927780265e+03
48.484848 1.2424242 1.632165646382e+03
48.484848 1.3030303 1.598072228325e+03
48.484848 1.3636364 1.562729060241e+03
48.484848 1.4242424 1.526381433193e+03
48.484848 1.4848485 1.488837698324e+03
48.484848 1.5454545 1.450423188615e+03
48.484848 1.6060606 1.410972744604e+03
48.484848 1.6666667 1.370703670513e+03
48.484848 1.7272727 1.329715130617e+03
48.484848 1.7878788 1.287991462776e+03
48.484848 1.8484848 1.245709488551e+03
48.484848 1.9090909 1.202927914705e+03
48.484848 1.969697 1.159749366330e+03
48.484848 2.030303 1.116302279291e+03
48.484848 2.0909091 1.072679497746e+03
48.484848 2.1515152 1.028907237630e+03
48.484848 2.2121212 9.852140913399e+02
48.484848 2.2727273 9.416933924711e+02
48.484848 2.3333333 8.984346996311e+02
48.484848 2.3939394 8.555762493953e+02
48.484848 2.4545455 8.131981074166e+02
48.484848 2.5151515 7.714896583730e+02
48.484848 2.5757576 7.304886400542e+02
48.484848 2.6363636 6.903871086163e+02
48.484848 2.6969697 6.512392012449e+02
48.484848 2.7575758 6.130979605924e+02
48.484848 2.8181818 5.761601549757e+02
48.484848 2.8787879 5.404913906182e+02
48.484848 2.9393939 5.060338004605e+02
48.484848 3 4.729710972816e+02
48.989899 -3 4.462676816929e+02
48.989899 -2.9393939 4.775701000548e+02
48.989899 -2.8787879 5.101974830282e+02
48.989899 -2.8181818 5.440778019583e+02
48.989899 -2.7575758 5.791473713384e+02
48.989899 -2.6969697 6.153227180445e+02
48.989899 -2.6363636 6.525151881217e+02
48.989899 -2.5757576 6.906270399112e+02
48.989899 -2.5151515 7.295634995593e+02
48.989899 -2.4545455 7.692165047480e+02
48.989899 -2.3939394 8.094882698062e+02
48.989899 -2.3333333 8.502662711430e+02
48.989899 -2.2727273 8.914308044776e+02
48.989899 -2.2121212 9.328550503377e+02
48.989899 -2.1515152 9.744244128961e+02
48.989899 -2.0909091 1.016032196631e+03
48.989899 -2.030303 1.057578310712e+03
48.989899 -1.969697 1.098956292934e+03
48.989899 -1.9090909 1.140052393813e+03
48.989899 -1.8484848 1.180778522637e+03
48.989899 -1.7878788 1.221063211148e+03
48.989899 -1.7272727 1.260816669515e+03
48.989899 -1.6666667 1.299934010070e+03
48.989899 -1.6060606 1.338367118101e+03
48.989899 -1.5454545 1.375962987900e+03
48.989899 -1.4848485 1.412663716223e+03
48.989899 -1.4242424 1.448427065192e+03
48.989899 -1.3636364 1.483191040546e+03
48.989899 -1.3030303 1.516892631324e+03
48.989899 -1.2424242 1.549448236286e+03
48.989899 -1.1818182 1.580785963357e+03
48.989899 -1.1212121 1.610845308327e+03
48.989899 -1.0606061 1.639596056900e+03
48.989899 -1 1.667032502275e+03
48.989899 -0.93939394 1.693072051631e+03
48.989899 -0.87878788 1.717682158467e+03
48.989899 -0.81818182 1.740818599839e+03
48.989899 -0.75757576 1.762440998574e+03
48.989899 -0.6969697 1.782520916317e+03
48.989899 -0.63636364 1.801043760728e+03
48.989899 -0.57575758 1.817963635464e+03
48.989899 -0.51515152 1.833258835633e+03
48.989899 -0.45454545 1.846893785392e+03
48.989899 -0.39393939 1.858845633940e+03
48.989899 -0.33333333 1.869087893795e+03
48.989899 -0.27272727 1.877614589733e+03
48.989899 -0.21212121 1.884423882953e+03
48.989899 -0.15151515 1.889512434279e+03
48.989899 -0.090909091 1.892863547596e+03
48.989899 -0.03030303 1.894482045176e+03
48.989899 0.03030303 1.894391490463e+03
48.989899 0.090909091 1.892577098183e+03
48.989899 0.15151515 1.889080110415e+03
48.989899 0.21212121 1.883865844979e+03
48.989899 0.27272727 1.876927001112e+03
48.989899 0.33333333 1.868266863544e+03
48.989899 0.39393939 1.857845819233e+03
48.989899 0.45454545 1.845762027442e+03
48.989899 0.51515152 1.832085418083e+03
48.989899 0.57575758 1.816819183203e+03
48.989899 0.63636364 1.799970508779e+03
48.989899 0.6969697 1.781536456560e+03
48.989899 0.75757576 1.761515963748e+03
48.989899 0.81818182 1.739962056755e+03
48.989899 0.87878788 1.716859259629e+03
48.989899 0.93939394 1.692218586793e+03
48.989899 1 1.666460822827e+03
48.989899 1.0606061 1.638865059336e+03
48.989899 1.1212121 1.610051467181e+03
48.989899 1.1818182 1.579968176402e+03
48.989899 1.2424242 1.548703000351e+03
48.989899 1.3030303 1.516169779988e+03
48.989899 1.3636364 1.482450633402e+03
48.989899 1.4242424 1.447771225123e+03
48.989899 1.4848485 1.411952268097e+03
48.989899 1.5454545 1.375312031278e+03
48.989899 1.6060606 1.337684350982e+03
48.989899 1.6666667 1.299283253393e+03
48.989899 1.7272727 1.260198496273e+03
48.989899 1.7878788 1.220423649904e+03
48.989899 1.8484848 1.180125666030e+03
48.989899 1.9090909 1.139359082567e+03
48.989899 1.969697 1.098223804166e+03
48.989899 2.030303 1.056844394006e+03
48.989899 2.0909091 1.015304036582e+03
48.989899 2.1515152 9.736348428725e+02
48.989899 2.2121212 9.320521326518e+02
48.989899 2.2727273 8.906500283620e+02
48.989899 2.3333333 8.495122934497e+02
48.989899 2.3939394 8.087711637754e+02
48.989899 2.4545455 7.684994095847e+02
48.989899 2.5151515 7.288820336069e+02
48.989899 2.5757576 6.899467713539e+02
48.989899 2.6363636 6.518858990405e+02
48.989899 2.6969697 6.147530737743e+02
48.989899 2.7575758 5.785804306148e+02
48.989899 2.8181818 5.435654251080e+02
48.989899 2.8787879 5.097809229346e+02
48.989899 2.9393939 4.771494003128e+02
48.989899 3 4.458567934871e+02
49.494949 -3 4.209027829236e+02
49.494949 -2.9393939 4.505407090395e+02
49.494949 -2.8787879 4.814492366944e+02
49.494949 -2.8181818 5.135601677532e+02
49.494949 -2.7575758 5.468145819493e+02
49.494949 -2.6969697 5.811325613754e+02
49.494949 -2.6363636 6.164317917051e+02
49.494949 -2.5757576 6.526199516208e+02
49.494949 -2.5151515 6.896064745228e+02
49.494949 -2.4545455 7.272902067250e+02
49.494949 -2.3939394 7.655767260552e+02
49.494949 -2.3333333 8.043602599754e+02
49.494949 -2.2727273 8.435258151788e+02
49.494949 -2.2121212 8.829526495442e+02
49.494949 -2.1515152 9.225305276395e+02
49.494949 -2.0909091 9.621568601416e+02
49.494949 -2.030303 1.001736136354e+03
49.494949 -1.969697 1.041166696938e+03
49.494949 -1.9090909 1.080337169515e+03
49.494949 -1.8484848 1.119163993841e+03
49.494949 -1.7878788 1.157576663993e+03
49.494949 -1.7272727 1.195488501226e+03
49.494949 -1.6666667 1.232799058554e+03
49.494949 -1.6060606 1.269462046576e+03
49.494949 -1.5454545 1.305330114736e+03
49.494949 -1.4848485 1.340349359923e+03
49.494949 -1.4242424 1.374480676124e+03
49.494949 -1.3636364 1.407663344809e+03
49.494949 -1.3030303 1.439834973874e+03
49.494949 -1.2424242 1.470914587584e+03
49.494949 -1.1818182 1.500833058289e+03
49.494949 -1.1212121 1.529534867677e+03
49.494949 -1.0606061 1.556990069358e+03
49.494949 -1 1.583189965236e+03
49.494949 -0.93939394 1.608054957084e+03
49.494949 -0.87878788 1.631555968985e+03
49.494949 -0.81818182 1.653651631870e+03
49.494949 -0.75757576 1.674302560375e+03
49.494949 -0.6969697 1.693480868658e+03
49.494949 -0.63636364 1.711171859465e+03
49.494949 -0.57575758 1.727331825039e+03
49.494949 -0.51515152 1.741941347418e+03
49.494949 -0.45454545 1.754965509161e+03
49.494949 -0.39393939 1.766381817749e+03
49.494949 -0.33333333 1.776165577548e+03
49.494949 -0.27272727 1.784310352922e+03
49.494949 -0.21212121 1.790815250965e+03
49.494949 -0.15151515 1.795677149065e+03
49.494949 -0.090909091 1.798880167503e+03
49.494949 -0.03030303 1.800427291210e+03
49.494949 0.03030303 1.800342408373e+03
49.494949 0.090909091 1.798611198445e+03
49.494949 0.15151515 1.795267886329e+03
49.494949 0.21212121 1.790289561921e+03
49.494949 0.27272727 1.783665741809e+03
49.494949 0.33333333 1.775402599392e+03
49.494949 0.39393939 1.765455822621e+03
49.494949 0.45454545 1.753903721631e+03
49.494949 0.51515152 1.740830942058e+03
49.494949 0.57575758 1.726242459263e+03
49.494949 0.63636364 1.710144725632e+03
49.494949 0.6969697 1.692539603303e+03
49.494949 0.75757576 1.673422471153e+03
49.494949 0.81818182 1.652838157982e+03
49.494949 0.87878788 1.630787581580e+03
49.494949 0.93939394 1.607264981719e+03
49.494949 1 1.582679550966e+03
49.494949 1.0606061 1.556308861889e+03
49.494949 1.1212121 1.528786190142e+03
49.494949 1.1818182 1.500064438846e+03
49.494949 1.2424242 1.470215134275e+03
49.494949 1.3030303 1.439156902468e+03
49.494949 1.3636364 1.406974085770e+03
49.494949 1.4242424 1.373871623327e+03
49.494949 1.4848485 1.339684284872e+03
49.494949 1.5454545 1.304720674235e+03
49.494949 1.6060606 1.268817295462e+03
49.494949 1.6666667 1.232181959863e+03
49.494949 1.7272727 1.194897165379e+03
49.494949 1.7878788 1.156964655844e+03
49.494949 1.8484848 1.118540425172e+03
49.494949 1.9090909 1.079677205636e+03
49.494949 1.969697 1.040471775327e+03
49.494949 2.030303 1.001044859497e+03
49.494949 2.0909091 9.614698129840e+02
49.494949 2.1515152 9.217862490858e+02
49.494949 2.2121212 8.821954615577e+02
49.494949 2.2727273 8.427921407309e+02
49.494949 2.3333333 8.036550321156e+02
49.494949 2.3939394 7.649099512543e+02
49.494949 2.4545455 7.266233033472e+02
49.494949 2.5151515 6.889761397372e+02
49.494949 2.5757576 6.519859504215e+02
49.494949 2.6363636 6.158455701741e+02
49.494949 2.6969697 5.806103176302e+02
49.494949 2.7575758 5.462886388833e+02
49.494949 2.8181818 5.130816622687e+02
49.494949 2.8787879 4.810671994368e+02
49.494949 2.9393939 4.501518244340e+02
49.494949 3 4.205217706267e+02
50 -3 3.971877092667e+02
50 -2.9393939 4.252622381556e+02
50 -2.8787879 4.545553232056e+02
50 -2.8181818 4.850024123886e+02
50 -2.7575758 5.165491203334e+02
50 -2.6969697 5.491190623453e+02
50 -2.6363636 5.826355400160e+02
50 -2.5757576 6.170114991312e+02
50 -2.5151515 6.521605554545e+02
50 -2.4545455 6.879877727727e+02
50 -2.3939394 7.244022433398e+02
50 -2.3333333 7.613042309642e+02
50 -2.2727273 7.985831746244e+02
50 -2.2121212 8.361244459804e+02
50 -2.1515152 8.738220700437e+02
50 -2.0909091 9.115771380094e+02
50 -2.030303 9.492983927198e+02
50 -1.969697 9.868889913214e+02
50 -1.9090909 1.024239623440e+03
50 -1.8484848 1.061270793621e+03
50 -1.7878788 1.097913341586e+03
50 -1.7272727 1.134084221498e+03
50 -1.6666667 1.169686623965e+03
50 -1.6060606 1.204675658951e+03
50 -1.5454545 1.238909920696e+03
50 -1.4848485 1.272338926248e+03
50 -1.4242424 1.304926706368e+03
50 -1.3636364 1.336613697274e+03
50 -1.3030303 1.367337868985e+03
50 -1.2424242 1.397021012096e+03
50 -1.1818182 1.425596356897e+03
50 -1.1212121 1.453013676366e+03
50 -1.0606061 1.479242860988e+03
50 -1 1.504271999534e+03
50 -0.93939394 1.528026430439e+03
50 -0.87878788 1.550478039319e+03
50 -0.81818182 1.571588679619e+03
50 -0.75757576 1.591320008421e+03
50 -0.6969697 1.609645356099e+03
50 -0.63636364 1.626549510002e+03
50 -0.57575758 1.641990552941e+03
50 -0.51515152 1.655951104158e+03
50 -0.45454545 1.668397363329e+03
50 -0.39393939 1.679307164073e+03
50 -0.33333333 1.688656471456e+03
50 -0.27272727 1.696439704189e+03
50 -0.21212121 1.702656013524e+03
50 -0.15151515 1.707303224463e+03
50 -0.090909091 1.710365894376e+03
50 -0.03030303 1.711845808941e+03
50 0.03030303 1.711766227480e+03
50 0.090909091 1.710113514780e+03
50 0.15151515 1.706915870106e+03
50 0.21212121 1.702160383815e+03
50 0.27272727 1.695834438453e+03
50 0.33333333 1.687945315467e+03
50 0.39393939 1.678449328894e+03
50 0.45454545 1.667402383032e+03
50 0.51515152 1.654900678786e+03
50 0.57575758 1.640953776488e+03
50 0.63636364 1.625566446997e+03
50 0.6969697 1.608744457582e+03
50 0.75757576 1.590481010680e+03
50 0.81818182 1.570815289736e+03
50 0.87878788 1.549757283469e+03
50 0.93939394 1.527294894904e+03
50 1 1.503814078409e+03
50 1.0606061 1.478610622690e+03
50 1.1212121 1.452307230226e+03
50 1.1818182 1.424872736645e+03
50 1.2424242 1.396363632438e+03
50 1.3030303 1.366700427680e+03
50 1.3636364 1.335971537578e+03
50 1.4242424 1.304360415582e+03
50 1.4848485 1.271717215688e+03
50 1.5454545 1.238339164275e+03
50 1.6060606 1.204067833888e+03
50 1.6666667 1.169102205579e+03
50 1.7272727 1.133520050612e+03
50 1.7878788 1.097329489825e+03
50 1.8484848 1.060676446594e+03
50 1.9090909 1.023612255123e+03
50 1.969697 9.862305475649e+02
50 2.030303 9.486483170339e+02
50 2.0909091 9.109293389048e+02
50 2.1515152 8.731211099832e+02
50 2.2121212 8.354112275027e+02
50 2.2727273 7.978946043954e+02
50 2.3333333 7.606455714919e+02
50 2.3939394 7.237829389659e+02
50 2.4545455 6.873680033822e+02
50 2.5151515 6.515784106356e+02
50 2.5757576 6.164206914816e+02
50 2.6363636 5.820887372695e+02
50 2.6969697 5.486412713466e+02
50 2.7575758 5.160609194546e+02
50 2.8181818 4.845551518837e+02
50 2.8787879 4.542037281585e+02
50 2.9393939 4.249022804696e+02
50 3 3.968344420399e+02
