curve,m_phi_GeV,gamma_GeV
4pi_etaeta_rhorho_extra,6.1529156092e-01,5.0125134253e-10
4pi_etaeta_rhorho_extra,6.1786323915e-01,5.1753756465e-10
4pi_etaeta_rhorho_extra,6.2213866565e-01,5.4423902956e-10
4pi_etaeta_rhorho_extra,6.2633918789e-01,5.7061268386e-10
4pi_etaeta_rhorho_extra,6.3095392049e-01,5.9941327313e-10
4pi_etaeta_rhorho_extra,6.3528460241e-01,6.2658796449e-10
4pi_etaeta_rhorho_extra,6.4000084044e-01,6.5653227035e-10
4pi_etaeta_rhorho_extra,6.4468036936e-01,6.8629647915e-10
4pi_etaeta_rhorho_extra,6.4906918014e-01,7.1435806970e-10
4pi_etaeta_rhorho_extra,6.5385138244e-01,7.4531262025e-10
4pi_etaeta_rhorho_extra,6.5833923517e-01,7.7479568753e-10
4pi_etaeta_rhorho_extra,6.6278416503e-01,8.0390131923e-10
4pi_etaeta_rhorho_extra,6.6766741639e-01,8.3623668736e-10
4pi_etaeta_rhorho_extra,6.7221270724e-01,8.6672613478e-10
4pi_etaeta_rhorho_extra,6.7720309284e-01,9.0062805819e-10
4pi_etaeta_rhorho_extra,6.8211670303e-01,9.3426149469e-10
4pi_etaeta_rhorho_extra,6.8676037032e-01,9.6646899994e-10
4pi_etaeta_rhorho_extra,6.9182027321e-01,1.0017067576e-09
4pi_etaeta_rhorho_extra,6.9656872386e-01,1.0355770021e-09
4pi_etaeta_rhorho_extra,7.0173992412e-01,1.0726482786e-09
4pi_etaeta_rhorho_extra,7.0687087405e-01,1.1100996899e-09
4pi_etaeta_rhorho_extra,7.1168306108e-01,1.1454353396e-09
4pi_etaeta_rhorho_extra,7.1696645724e-01,1.1846702626e-09
4pi_etaeta_rhorho_extra,7.2188751417e-01,1.2221190513e-09
4pi_etaeta_rhorho_extra,7.2680193045e-01,1.2594085764e-09
4pi_etaeta_rhorho_extra,7.3211612761e-01,1.3008826292e-09
4pi_etaeta_rhorho_extra,7.3714116763e-01,1.3400040400e-09
4pi_etaeta_rhorho_extra,7.4261355981e-01,1.3835422089e-09
4pi_etaeta_rhorho_extra,7.4800178205e-01,1.4272775684e-09
4pi_etaeta_rhorho_extra,7.5309396653e-01,1.4689470172e-09
4pi_etaeta_rhorho_extra,7.5864260111e-01,1.5150590701e-09
4pi_etaeta_rhorho_extra,7.6389218904e-01,1.5589588935e-09
4pi_etaeta_rhorho_extra,7.6900701970e-01,1.6027636489e-09
4pi_etaeta_rhorho_extra,7.7467289824e-01,1.6513154592e-09
4pi_etaeta_rhorho_extra,7.7994666324e-01,1.6977152236e-09
4pi_etaeta_rhorho_extra,7.8573683506e-01,1.7491433599e-09
4pi_etaeta_rhorho_extra,7.9117390727e-01,1.7979086944e-09
4pi_etaeta_rhorho_extra,7.9651570119e-01,1.8468522417e-09
4pi_etaeta_rhorho_extra,8.0238425778e-01,1.9011763878e-09
4pi_etaeta_rhorho_extra,8.0789159857e-01,1.9529311385e-09
4pi_etaeta_rhorho_extra,8.1388922813e-01,2.0103755372e-09
4pi_etaeta_rhorho_extra,8.1984019790e-01,2.0677457003e-09
4pi_etaeta_rhorho_extra,8.2542144974e-01,2.1226769914e-09
4pi_etaeta_rhorho_extra,8.3150296584e-01,2.1832520246e-09
4pi_etaeta_rhorho_extra,8.3725673839e-01,2.2412518321e-09
4pi_etaeta_rhorho_extra,8.4290967122e-01,2.2993215587e-09
4pi_etaeta_rhorho_extra,8.4907281966e-01,2.3634256152e-09
4pi_etaeta_rhorho_extra,8.5490061765e-01,2.4246608041e-09
4pi_etaeta_rhorho_extra,8.6124723301e-01,2.4922593988e-09
4pi_etaeta_rhorho_extra,8.6749623215e-01,2.5606505023e-09
4pi_etaeta_rhorho_extra,8.7340191347e-01,2.6253162580e-09
4pi_etaeta_rhorho_extra,8.7983693864e-01,2.6973587761e-09
4pi_etaeta_rhorho_extra,8.8587589292e-01,2.7660665869e-09
4pi_etaeta_rhorho_extra,8.9245246267e-01,2.8419714999e-09
4pi_etaeta_rhorho_extra,8.9897786863e-01,2.9180924720e-09
4pi_etaeta_rhorho_extra,9.0514820090e-01,2.9911474746e-09
4pi_etaeta_rhorho_extra,9.1181713842e-01,3.0712640604e-09
4pi_etaeta_rhorho_extra,9.1812664996e-01,3.1481537429e-09
4pi_etaeta_rhorho_extra,9.2432559473e-01,3.2255926630e-09
4pi_etaeta_rhorho_extra,9.3113582717e-01,3.3105771668e-09
4pi_etaeta_rhorho_extra,9.3752688266e-01,3.3920115961e-09
4pi_etaeta_rhorho_extra,9.4448689928e-01,3.4821230524e-09
4pi_etaeta_rhorho_extra,9.5133986506e-01,3.5731046619e-09
4pi_etaeta_rhorho_extra,9.5781631768e-01,3.6586563431e-09
4pi_etaeta_rhorho_extra,9.6487330257e-01,3.7542504499e-09
4pi_etaeta_rhorho_extra,9.7154994745e-01,3.8457784469e-09
4pi_etaeta_rhorho_extra,9.7810959199e-01,3.9370195583e-09
4pi_etaeta_rhorho_extra,9.8526130307e-01,4.0381649647e-09
4pi_etaeta_rhorho_extra,9.8734561865e-01,4.0675379154e-09
4pi_etaeta_rhorho_extra,9.8745543413e-01,4.0692722700e-09
4pi_etaeta_rhorho_extra,9.9933287938e-01,4.2419834246e-09
4pi_etaeta_rhorho_extra,1.0000000000e+00,4.2510355175e-09
4pi_etaeta_rhorho_extra,1.0062479746e+00,4.3435502266e-09
4pi_etaeta_rhorho_extra,1.0130982261e+00,4.4456530448e-09
4pi_etaeta_rhorho_extra,1.0205625307e+00,4.5598656813e-09
4pi_etaeta_rhorho_extra,1.0275673714e+00,4.6670533762e-09
4pi_etaeta_rhorho_extra,1.0351958458e+00,4.7869539769e-09
4pi_etaeta_rhorho_extra,1.0427649435e+00,4.9067960166e-09
4pi_etaeta_rhorho_extra,1.0498638071e+00,5.0221389216e-09
4pi_etaeta_rhorho_extra,1.0575989782e+00,5.1489662292e-09
4pi_etaeta_rhorho_extra,1.0649172580e+00,5.2700020604e-09
4pi_etaeta_rhorho_extra,1.0721072935e+00,5.3915835570e-09
4pi_etaeta_rhorho_extra,1.0800063498e+00,5.5253847230e-09
4pi_etaeta_rhorho_extra,1.0873587274e+00,5.6540633604e-09
4pi_etaeta_rhorho_extra,1.0954310820e+00,5.7956136006e-09
4pi_etaeta_rhorho_extra,1.0999483721e+00,5.8764743493e-09
4pi_etaeta_rhorho_extra,1.1034406050e+00,5.9381755958e-09
4pi_etaeta_rhorho_extra,1.1108907557e+00,6.0738773990e-09
4pi_etaeta_rhorho_extra,1.1191377918e+00,6.2246108281e-09
4pi_etaeta_rhorho_extra,1.1268192402e+00,6.3682159583e-09
4pi_etaeta_rhorho_extra,1.1344272213e+00,6.5123569816e-09
4pi_etaeta_rhorho_extra,1.1427218907e+00,6.6711271538e-09
4pi_etaeta_rhorho_extra,1.1505012180e+00,6.8235790611e-09
4pi_etaeta_rhorho_extra,1.1590423310e+00,6.9914268338e-09
4pi_etaeta_rhorho_extra,1.1669976563e+00,7.1527228230e-09
4pi_etaeta_rhorho_extra,1.1749422629e+00,7.3130617830e-09
4pi_etaeta_rhorho_extra,1.1835989851e+00,7.4913530041e-09
4pi_etaeta_rhorho_extra,1.1916565921e+00,7.6609156092e-09
4pi_etaeta_rhorho_extra,1.2005699951e+00,7.8493607833e-09
4pi_etaeta_rhorho_extra,1.2092810199e+00,8.0390131923e-09
4pi_etaeta_rhorho_extra,1.2175134802e+00,8.2192196741e-09
4pi_etaeta_rhorho_extra,1.2265520627e+00,8.4196028728e-09
4pi_etaeta_rhorho_extra,1.2349707725e+00,8.6101763668e-09
4pi_etaeta_rhorho_extra,1.2433089638e+00,8.7994338590e-09
4pi_etaeta_rhorho_extra,1.2523997513e+00,9.0120414682e-09
4pi_etaeta_rhorho_extra,1.2609958544e+00,9.2140598313e-09
4pi_etaeta_rhorho_extra,1.2703572596e+00,9.4366854300e-09
4pi_etaeta_rhorho_extra,1.2795746428e+00,9.6605703083e-09
4pi_etaeta_rhorho_extra,1.2882856432e+00,9.8750213363e-09
4pi_etaeta_rhorho_extra,1.2977774551e+00,1.0111461283e-08
4pi_etaeta_rhorho_extra,1.3066850174e+00,1.0335921455e-08
4pi_etaeta_rhorho_extra,1.3163856108e+00,1.0585652924e-08
4pi_etaeta_rhorho_extra,1.3260106989e+00,1.0836796997e-08
4pi_etaeta_rhorho_extra,1.3350378236e+00,1.1077358598e-08
4pi_etaeta_rhorho_extra,1.3449488839e+00,1.1342586388e-08
4pi_etaeta_rhorho_extra,1.3542555421e+00,1.1594375166e-08
4pi_etaeta_rhorho_extra,1.3633991315e+00,1.1849228010e-08
4pi_etaeta_rhorho_extra,1.3733679711e+00,1.2127765039e-08
4pi_etaeta_rhorho_extra,1.3827943841e+00,1.2396984308e-08
4pi_etaeta_rhorho_extra,1.3930599798e+00,1.2693808205e-08
4pi_etaeta_rhorho_extra,1.4032457121e+00,1.2989429600e-08
4pi_etaeta_rhorho_extra,1.4127986319e+00,1.3274946037e-08
4pi_etaeta_rhorho_extra,1.4232078085e+00,1.3586997085e-08
4pi_etaeta_rhorho_extra,1.4329763083e+00,1.3888609246e-08
4pi_etaeta_rhorho_extra,1.4426514003e+00,1.4187840715e-08
4pi_etaeta_rhorho_extra,1.4531997129e+00,1.4518256080e-08
4pi_etaeta_rhorho_extra,1.4631740687e+00,1.4837377965e-08
4pi_etaeta_rhorho_extra,1.4739544210e+00,1.5186156735e-08
4pi_etaeta_rhorho_extra,1.4841537603e+00,1.5523267984e-08
4pi_etaeta_rhorho_extra,1.4942574804e+00,1.5857718338e-08
4pi_etaeta_rhorho_extra,1.5052668272e+00,1.6230482010e-08
4pi_etaeta_rhorho_extra,1.5155985570e+00,1.6583703787e-08
4pi_etaeta_rhorho_extra,1.5268500649e+00,1.6977152236e-08
4pi_etaeta_rhorho_extra,1.5380140394e+00,1.7368823350e-08
4pi_etaeta_rhorho_extra,1.5484844258e+00,1.7746819664e-08
4pi_etaeta_rhorho_extra,1.5598933265e+00,1.8160118771e-08
4pi_etaeta_rhorho_extra,1.5706873383e+00,1.8559290448e-08
4pi_etaeta_rhorho_extra,1.5812921977e+00,1.8955111511e-08
4pi_etaeta_rhorho_extra,1.5928542404e+00,1.9396550079e-08
4pi_etaeta_rhorho_extra,1.6037871458e+00,1.9814450682e-08
4pi_etaeta_rhorho_extra,1.6156933485e+00,2.0280224335e-08
4pi_etaeta_rhorho_extra,1.6274164009e+00,2.0748100052e-08
4pi_etaeta_rhorho_extra,1.6384954146e+00,2.1190602692e-08
4pi_etaeta_rhorho_extra,1.6505674969e+00,2.1684102786e-08
4pi_etaeta_rhorho_extra,1.6618965298e+00,2.2151288939e-08
4pi_etaeta_rhorho_extra,1.6743272294e+00,2.2671994101e-08
4pi_etaeta_rhorho_extra,1.6865695227e+00,2.3195049238e-08
4pi_etaeta_rhorho_extra,1.6980512108e+00,2.3694788883e-08
4pi_etaeta_rhorho_extra,1.7105620874e+00,2.4246608041e-08
4pi_etaeta_rhorho_extra,1.7223986836e+00,2.4769003625e-08
4pi_etaeta_rhorho_extra,1.7341243111e+00,2.5297261609e-08
4pi_etaeta_rhorho_extra,1.7468038269e+00,2.5880881670e-08
4pi_etaeta_rhorho_extra,1.7587933740e+00,2.6438487843e-08
4pi_etaeta_rhorho_extra,1.7718503381e+00,2.7054203989e-08
4pi_etaeta_rhorho_extra,1.7848056724e+00,2.7672460081e-08
4pi_etaeta_rhorho_extra,1.7969561500e+00,2.8262641187e-08
4pi_etaeta_rhorho_extra,1.8101957370e+00,2.8914673990e-08
4pi_etaeta_rhorho_extra,1.8226203875e+00,2.9537643519e-08
4pi_etaeta_rhorho_extra,1.8242428604e+00,2.9619608897e-08
4pi_etaeta_rhorho_extra,1.8349262574e+00,3.0161174588e-08
4pi_etaeta_rhorho_extra,1.8484455999e+00,3.0850431029e-08
4pi_etaeta_rhorho_extra,1.8610292945e+00,3.1508389933e-08
4pi_etaeta_rhorho_extra,1.8748452395e+00,3.2235305489e-08
4pi_etaeta_rhorho_extra,1.8884486308e+00,3.2971960883e-08
4pi_etaeta_rhorho_extra,1.9013046548e+00,3.3667989393e-08
4pi_etaeta_rhorho_extra,1.9153130863e+00,3.4437385110e-08
4pi_etaeta_rhorho_extra,1.9284592314e+00,3.5171844351e-08
4pi_etaeta_rhorho_extra,1.9427757640e+00,3.5990948402e-08
4pi_etaeta_rhorho_extra,1.9569808632e+00,3.6805583484e-08
4pi_etaeta_rhorho_extra,1.9703034632e+00,3.7590550195e-08
4pi_etaeta_rhorho_extra,1.9849306116e+00,3.8449585998e-08
4pi_etaeta_rhorho_extra,1.9857034699e+00,3.8507001511e-08
4pi_etaeta_rhorho_extra,1.9883555310e+00,3.8655035096e-08
4pi_etaeta_rhorho_extra,1.9916755746e+00,3.8861579857e-08
4pi_etaeta_rhorho_extra,1.9918971230e+00,3.8878152140e-08
4pi_etaeta_rhorho_extra,1.9921186676e+00,3.8886439870e-08
4pi_etaeta_rhorho_extra,1.9925618592e+00,3.8911313663e-08
4pi_etaeta_rhorho_extra,1.9934485382e+00,3.8969418659e-08
4pi_etaeta_rhorho_extra,1.9951121321e+00,3.9069228245e-08
4pi_etaeta_rhorho_extra,1.9953340628e+00,3.9085889078e-08
4pi_etaeta_rhorho_extra,1.9955559897e+00,3.9094221092e-08
4pi_etaeta_rhorho_extra,1.9959999460e+00,3.9119229928e-08
4pi_etaeta_rhorho_extra,1.9968881549e+00,3.9177643260e-08
4pi_etaeta_rhorho_extra,1.9969992017e+00,3.9177643260e-08
4pi_etaeta_rhorho_extra,1.9973324076e+00,3.9202705461e-08
4pi_etaeta_rhorho_extra,1.9977767591e+00,3.9227783694e-08
4pi_etaeta_rhorho_extra,1.9985546193e+00,3.9277988300e-08
4pi_etaeta_rhorho_extra,1.9987769044e+00,3.9294736013e-08
4pi_etaeta_rhorho_extra,1.9989992427e+00,3.9303112548e-08
4pi_etaeta_rhorho_extra,1.9992215773e+00,3.9319873120e-08
4pi_etaeta_rhorho_extra,1.9994439651e+00,3.9328255013e-08
4pi_etaeta_rhorho_extra,1.9996663491e+00,3.9345026306e-08
4pi_etaeta_rhorho_extra,1.9997775789e+00,3.9345026306e-08
4pi_etaeta_rhorho_extra,2.0000000000e+00,3.9361802604e-08
KK,9.8740052486e-01,1.6966298781e-08
KK,9.8745543413e-01,2.5930580556e-08
KK,9.8751036051e-01,3.2449023736e-08
KK,9.8756527589e-01,3.7807523027e-08
KK,9.8762019432e-01,4.2456019001e-08
KK,9.8767511580e-01,4.6600946089e-08
KK,9.8773004034e-01,5.0371486378e-08
KK,9.8778498200e-01,5.3846924000e-08
KK,9.8783991264e-01,5.7073432247e-08
KK,9.8789484634e-01,6.0094847470e-08
KK,9.8794979717e-01,6.2953328415e-08
KK,9.8800473698e-01,6.5653223452e-08
KK,9.8805967985e-01,6.8221244034e-08
KK,9.8811462577e-01,7.0663407767e-08
KK,9.8822454085e-01,7.5265666221e-08
KK,9.8827949595e-01,7.9503966127e-08
KK,9.8838942937e-01,8.3445597164e-08
KK,9.8844439363e-01,8.5316154797e-08
KK,9.8849936095e-01,8.7135724956e-08
KK,9.8860930475e-01,9.0601953489e-08
KK,9.8866429532e-01,9.2258516902e-08
KK,9.8871927486e-01,9.3885314932e-08
KK,9.8882925720e-01,9.6977087196e-08
KK,9.8888424592e-01,9.8455951699e-08
KK,9.8893923770e-01,9.9914765750e-08
KK,9.8904923043e-01,1.0270035033e-07
KK,9.8910424547e-01,1.0404447460e-07
KK,9.8915924948e-01,1.0536126562e-07
KK,9.8926928076e-01,1.0790695289e-07
KK,9.8948935187e-01,1.1378911235e-07
KK,9.8954439139e-01,1.1488586508e-07
KK,9.8965445143e-01,1.1701137942e-07
KK,9.8987462232e-01,1.2104520807e-07
KK,9.8992966917e-01,1.2200366777e-07
KK,9.8998473318e-01,1.2291730611e-07
KK,9.9009484219e-01,1.2473856211e-07
KK,9.9031511106e-01,1.2816156371e-07
KK,9.9042527091e-01,1.2975592125e-07
KK,9.9053542892e-01,1.3128612833e-07
KK,9.9070070302e-01,1.3420048779e-07
KK,9.9081089166e-01,1.3558065132e-07
KK,9.9092110667e-01,1.3688744858e-07
KK,9.9114155936e-01,1.3936058684e-07
KK,9.9119667666e-01,1.3992615676e-07
KK,9.9125179704e-01,1.4052396366e-07
KK,9.9136206109e-01,1.4163666769e-07
KK,9.9158261188e-01,1.4373528700e-07
KK,9.9169289861e-01,1.4471908727e-07
KK,9.9180321173e-01,1.4564751070e-07
KK,9.9196869736e-01,1.4739654085e-07
KK,9.9202386066e-01,1.4786858912e-07
KK,9.9213419647e-01,1.4831053353e-07
KK,9.9224455868e-01,1.4913478314e-07
KK,9.9246530580e-01,1.5070065435e-07
KK,9.9252049672e-01,1.5108664141e-07
KK,9.9257569071e-01,1.5144131752e-07
KK,9.9268610203e-01,1.5212075824e-07
KK,9.9290694737e-01,1.5339065648e-07
KK,9.9296216285e-01,1.5368521993e-07
KK,9.9301738140e-01,1.5394752335e-07
KK,9.9312784186e-01,1.5450640343e-07
KK,9.9318306962e-01,1.5473712280e-07
KK,9.9323831460e-01,1.5500122157e-07
KK,9.9345926865e-01,1.5592911346e-07
KK,9.9356977826e-01,1.5632849209e-07
KK,9.9384608483e-01,1.5706332487e-07
KK,9.9395663747e-01,1.5739848691e-07
KK,9.9406718825e-01,1.5770073818e-07
KK,9.9417776548e-01,1.5796989512e-07
KK,9.9428834085e-01,1.5820578641e-07
KK,9.9456486141e-01,1.5871244343e-07
KK,9.9484144472e-01,1.5905112457e-07
KK,9.9489676777e-01,1.5908502981e-07
KK,9.9495209391e-01,1.5915286196e-07
KK,9.9511810494e-01,1.5925467311e-07
KK,9.9522878490e-01,1.5928863043e-07
KK,9.9528414366e-01,1.5932258629e-07
KK,9.9533949134e-01,1.5932258629e-07
KK,9.9539484209e-01,1.5935654940e-07
KK,9.9561629006e-01,1.5935654940e-07
KK,9.9567165621e-01,1.5932258629e-07
KK,9.9572703961e-01,1.5932258629e-07
KK,9.9578241191e-01,1.5928863043e-07
KK,9.9583778730e-01,1.5928863043e-07
KK,9.9605933381e-01,1.5915286196e-07
KK,9.9611472459e-01,1.5908502981e-07
KK,9.9622552958e-01,1.5901722657e-07
KK,9.9661342285e-01,1.5854337773e-07
KK,9.9672426912e-01,1.5847580534e-07
KK,9.9683514192e-01,1.5830698308e-07
KK,9.9705691031e-01,1.5793622755e-07
KK,9.9727872805e-01,1.5753274158e-07
KK,9.9750059513e-01,1.5706332487e-07
KK,9.9755606606e-01,1.5696291464e-07
KK,9.9761154008e-01,1.5682913704e-07
KK,9.9772251157e-01,1.5659530693e-07
KK,9.9794447738e-01,1.5606213185e-07
KK,9.9844407747e-01,1.5496817825e-07
KK,9.9849960087e-01,1.5480310106e-07
KK,9.9855514158e-01,1.5467116423e-07
KK,9.9866620381e-01,1.5437471948e-07
KK,9.9933287938e-01,1.5251036594e-07
KK,9.9944404235e-01,1.5218562090e-07
KK,9.9955520346e-01,1.5189393997e-07
KK,9.9961078865e-01,1.5176448259e-07
KK,9.9977757699e-01,1.5127999726e-07
KK,9.9983317455e-01,1.5115106313e-07
KK,9.9994439317e-01,1.5082921250e-07
KK,1.0000000000e+00,1.5076491972e-07
KK,1.0000556099e+00,1.5070065435e-07
KK,1.0001112229e+00,1.5070065435e-07
KK,1.0001668533e+00,1.5066853605e-07
KK,1.0002224725e+00,1.5066853605e-07
KK,1.0003337344e+00,1.5060431998e-07
KK,1.0004449945e+00,1.5057222221e-07
KK,1.0006119220e+00,1.5050803898e-07
KK,1.0010571888e+00,1.5037976279e-07
KK,1.0011128575e+00,1.5034771287e-07
KK,1.0011685293e+00,1.5034771287e-07
KK,1.0015026537e+00,1.5025159592e-07
KK,1.0015583472e+00,1.5025159592e-07
KK,1.0016140438e+00,1.5021957333e-07
KK,1.0017254605e+00,1.5018754936e-07
KK,1.0019483169e+00,1.5015554042e-07
KK,1.0020040351e+00,1.5012353829e-07
KK,1.0020597565e+00,1.5012353829e-07
KK,1.0021712228e+00,1.5009154299e-07
KK,1.0023384241e+00,1.5005955451e-07
KK,1.0023941783e+00,1.5002756465e-07
KK,1.0024499214e+00,1.5002756465e-07
KK,1.0025614311e+00,1.4999558980e-07
KK,1.0027844591e+00,1.4996362177e-07
KK,1.0028960061e+00,1.4996362177e-07
KK,1.0030075654e+00,1.4993165237e-07
KK,1.0031191228e+00,1.4993165237e-07
KK,1.0032306927e+00,1.4989969796e-07
KK,1.0034538982e+00,1.4989969796e-07
KK,1.0035097002e+00,1.4986775037e-07
KK,1.0039562565e+00,1.4986775037e-07
KK,1.0046264635e+00,1.4983580958e-07
KK,1.0046823307e+00,1.4986775037e-07
KK,1.0050735167e+00,1.4986775037e-07
KK,1.0051853040e+00,1.4989969796e-07
KK,1.0054648408e+00,1.4989969796e-07
KK,1.0055207689e+00,1.4993165237e-07
KK,1.0056885433e+00,1.4996362177e-07
KK,1.0058563315e+00,1.4996362177e-07
KK,1.0059122671e+00,1.4999558980e-07
KK,1.0060241619e+00,1.4999558980e-07
KK,1.0062479746e+00,1.5002756465e-07
KK,1.0063039320e+00,1.5005955451e-07
KK,1.0063598925e+00,1.5005955451e-07
KK,1.0064718371e+00,1.5009154299e-07
KK,1.0066957494e+00,1.5012353829e-07
KK,1.0070877194e+00,1.5021957333e-07
KK,1.0071437234e+00,1.5025159592e-07
KK,1.0071997306e+00,1.5025159592e-07
KK,1.0079842157e+00,1.5047596173e-07
KK,1.0080402697e+00,1.5050803898e-07
KK,1.0083766874e+00,1.5060431998e-07
KK,1.0088254094e+00,1.5076491972e-07
KK,1.0088815101e+00,1.5076491972e-07
KK,1.0089376140e+00,1.5079705857e-07
KK,1.0090498310e+00,1.5082921250e-07
KK,1.0092181943e+00,1.5089352446e-07
KK,1.0092743312e+00,1.5092569072e-07
KK,1.0093304568e+00,1.5092569072e-07
KK,1.0094427175e+00,1.5095786384e-07
KK,1.0096672908e+00,1.5105443260e-07
KK,1.0097234527e+00,1.5105443260e-07
KK,1.0097796033e+00,1.5108664141e-07
KK,1.0098357571e+00,1.5108664141e-07
KK,1.0099480740e+00,1.5115106313e-07
KK,1.0100042515e+00,1.5115106313e-07
KK,1.0101165871e+00,1.5108664141e-07
KK,1.0101727740e+00,1.5105443260e-07
KK,1.0102851284e+00,1.5099005206e-07
KK,1.0105098891e+00,1.5089352446e-07
KK,1.0105660834e+00,1.5086136505e-07
KK,1.0106222953e+00,1.5086136505e-07
KK,1.0107346997e+00,1.5079705857e-07
KK,1.0109595604e+00,1.5070065435e-07
KK,1.0113531905e+00,1.5050803898e-07
KK,1.0115781888e+00,1.5037976279e-07
KK,1.0118032371e+00,1.5028362534e-07
KK,1.0122534840e+00,1.5005955451e-07
KK,1.0130982261e+00,1.4964429143e-07
KK,1.0135490492e+00,1.4938932007e-07
KK,1.0140000729e+00,1.4916657449e-07
KK,1.0149591757e+00,1.4865869272e-07
KK,1.0168235292e+00,1.4764811102e-07
KK,1.0186913073e+00,1.4661314544e-07
KK,1.0205625307e+00,1.4552338502e-07
KK,1.0206192841e+00,1.4546135391e-07
KK,1.0207328004e+00,1.4536836080e-07
KK,1.0209598854e+00,1.4524446509e-07
KK,1.0214142069e+00,1.4493519156e-07
KK,1.0222666083e+00,1.4434937553e-07
KK,1.0240304890e+00,1.4318483736e-07
KK,1.0275673714e+00,1.4085385156e-07
KK,1.0351958458e+00,1.3604385289e-07
KK,1.0427649435e+00,1.3153823621e-07
KK,1.0498638071e+00,1.2734460366e-07
KK,1.0575989782e+00,1.2320585466e-07
KK,1.0649172580e+00,1.1960886692e-07
KK,1.0721072935e+00,1.1633986517e-07
KK,1.0800063498e+00,1.1313609031e-07
KK,1.0873587274e+00,1.1037289009e-07
KK,1.0954310820e+00,1.0772309568e-07
KK,1.0999483721e+00,1.0635411511e-07
KK,1.1034406050e+00,1.0531635410e-07
KK,1.1108907557e+00,1.0322710216e-07
KK,1.1191377918e+00,1.0130878256e-07
KK,1.1268192402e+00,9.9510923980e-08
KK,1.1344272213e+00,9.7974432595e-08
KK,1.1427218907e+00,9.6502795517e-08
KK,1.1505012180e+00,9.5195203284e-08
KK,1.1590423310e+00,9.3885314932e-08
KK,1.1669976563e+00,9.2870185637e-08
KK,1.1670625530e+00,9.2850387474e-08
KK,1.1671274698e+00,9.2850387474e-08
KK,1.1672572812e+00,9.2830598597e-08
KK,1.1675169638e+00,9.2810813937e-08
KK,1.1680365024e+00,9.2751480193e-08
KK,1.1709632302e+00,9.2396283536e-08
KK,1.1710283474e+00,9.2376586400e-08
KK,1.1710934682e+00,9.2376586400e-08
KK,1.1712237207e+00,9.2356898502e-08
KK,1.1714843024e+00,9.2337214801e-08
KK,1.1719404183e+00,9.2278183828e-08
KK,1.1729836643e+00,9.2160240102e-08
KK,1.1749422629e+00,9.1924799684e-08
KK,1.1750076013e+00,9.1924799684e-08
KK,1.1750729434e+00,9.1905203059e-08
KK,1.1752036552e+00,9.1885615625e-08
KK,1.1754651057e+00,9.1866032367e-08
KK,1.1759881812e+00,9.1807302620e-08
KK,1.1771004854e+00,9.1689960742e-08
KK,1.1771659438e+00,9.1670419183e-08
KK,1.1772314227e+00,9.1670419183e-08
KK,1.1773623578e+00,9.1650876787e-08
KK,1.1776242886e+00,9.1631343557e-08
KK,1.1781483249e+00,9.1572763846e-08
KK,1.1792626722e+00,9.1455721740e-08
KK,1.1793938501e+00,9.1455721740e-08
KK,1.1795250257e+00,9.1436225113e-08
KK,1.1797874376e+00,9.1416737632e-08
KK,1.1803124365e+00,9.1358300103e-08
KK,1.1814288476e+00,9.1280431541e-08
KK,1.1835989851e+00,9.1124903417e-08
KK,1.1836648049e+00,9.1105482286e-08
KK,1.1837964556e+00,9.1105482286e-08
KK,1.1845867347e+00,9.1047243725e-08
KK,1.1855752918e+00,9.0989037428e-08
KK,1.1876209551e+00,9.0853369055e-08
KK,1.1916565921e+00,9.0563333310e-08
KK,1.1918554239e+00,9.0563333310e-08
KK,1.1919880025e+00,9.0544031865e-08
KK,1.1927837162e+00,9.0486147270e-08
KK,1.1939119234e+00,9.0409027014e-08
KK,1.1961049907e+00,9.0235747905e-08
KK,1.1962380421e+00,9.0235747905e-08
KK,1.1963710912e+00,9.0216516276e-08
KK,1.1966372508e+00,9.0197283825e-08
KK,1.1972363223e+00,9.0158841061e-08
KK,1.1983020865e+00,9.0081999765e-08
KK,1.2005699951e+00,8.9928513588e-08
KK,1.2007035260e+00,8.9928513588e-08
KK,1.2008370888e+00,8.9909347440e-08
KK,1.2011042421e+00,8.9890180471e-08
KK,1.2016387268e+00,8.9871022492e-08
KK,1.2027084100e+00,8.9794426500e-08
KK,1.2049176354e+00,8.9679657344e-08
KK,1.2051856964e+00,8.9679657344e-08
KK,1.2059902374e+00,8.9622325342e-08
KK,1.2071309189e+00,8.9584122741e-08
KK,1.2092810199e+00,8.9488694793e-08
KK,1.2093482679e+00,8.9469622382e-08
KK,1.2095500517e+00,8.9469622382e-08
KK,1.2098191433e+00,8.9450554035e-08
KK,1.2103575061e+00,8.9431484872e-08
KK,1.2113675865e+00,8.9393368498e-08
KK,1.2133902769e+00,8.9298143747e-08
KK,1.2136602056e+00,8.9298143747e-08
KK,1.2139302289e+00,8.9279107075e-08
KK,1.2144704211e+00,8.9260079333e-08
KK,1.2154839166e+00,8.9222036013e-08
KK,1.2159571809e+00,8.9222036013e-08
KK,1.2164982752e+00,8.9203020433e-08
KK,1.2175134802e+00,8.9164996566e-08
KK,1.2177843435e+00,8.9164996566e-08
KK,1.2181230030e+00,8.9145993144e-08
KK,1.2186650610e+00,8.9126988907e-08
KK,1.2192751602e+00,8.9126988907e-08
KK,1.2193429814e+00,8.9107993585e-08
KK,1.2202248261e+00,8.9107993585e-08
KK,1.2203605431e+00,8.9089002311e-08
KK,1.2223302584e+00,8.9089002311e-08
KK,1.2226022107e+00,8.9070015085e-08
KK,1.2267567170e+00,8.9070015085e-08
KK,1.2270296366e+00,8.9051031905e-08
KK,1.2297621745e+00,8.9051031905e-08
KK,1.2298305615e+00,8.9032047913e-08
KK,1.2305146755e+00,8.9032047913e-08
KK,1.2307199909e+00,8.9013072825e-08
KK,1.2309937923e+00,8.9013072825e-08
KK,1.2312676545e+00,8.8994101782e-08
KK,1.2318155618e+00,8.8975129926e-08
KK,1.2328435496e+00,8.8937208053e-08
KK,1.2349707725e+00,8.8880350697e-08
KK,1.2350394491e+00,8.8861407940e-08
KK,1.2355203277e+00,8.8861407940e-08
KK,1.2360013758e+00,8.8842469220e-08
KK,1.2370328569e+00,8.8804599042e-08
KK,1.2373080626e+00,8.8804599042e-08
KK,1.2375833296e+00,8.8785672430e-08
KK,1.2380651987e+00,8.8766749851e-08
KK,1.2386161309e+00,8.8766749851e-08
KK,1.2391673082e+00,8.8747831305e-08
KK,1.2395119142e+00,8.8747831305e-08
KK,1.2396497940e+00,8.8728911950e-08
KK,1.2409603202e+00,8.8728911950e-08
KK,1.2412364174e+00,8.8747831305e-08
KK,1.2425486209e+00,8.8747831305e-08
KK,1.2428250538e+00,8.8766749851e-08
KK,1.2435855658e+00,8.8766749851e-08
KK,1.2438622294e+00,8.8785672430e-08
KK,1.2444849431e+00,8.8785672430e-08
KK,1.2455927673e+00,8.8804599042e-08
KK,1.2457313236e+00,8.8804599042e-08
KK,1.2458698775e+00,8.8823529689e-08
KK,1.2461470492e+00,8.8823529689e-08
KK,1.2467015778e+00,8.8842469220e-08
KK,1.2478807838e+00,8.8861407940e-08
KK,1.2485055092e+00,8.8861407940e-08
KK,1.2485749385e+00,8.8880350697e-08
KK,1.2494084447e+00,8.8880350697e-08
KK,1.2495474253e+00,8.8899302343e-08
KK,1.2502425072e+00,8.8899302343e-08
KK,1.2503120331e+00,8.8880350697e-08
KK,1.2507293053e+00,8.8880350697e-08
KK,1.2512858729e+00,8.8861407940e-08
KK,1.2523997513e+00,8.8842469220e-08
KK,1.2526783758e+00,8.8842469220e-08
KK,1.2529570623e+00,8.8823529689e-08
KK,1.2535843291e+00,8.8823529689e-08
KK,1.2536540408e+00,8.8804599042e-08
KK,1.2547002535e+00,8.8804599042e-08
KK,1.2548398050e+00,8.8785672430e-08
KK,1.2586838091e+00,8.8804599042e-08
KK,1.2594540255e+00,8.8804599042e-08
KK,1.2595240636e+00,8.8823529689e-08
KK,1.2600144756e+00,8.8823529689e-08
KK,1.2600845449e+00,8.8842469220e-08
KK,1.2602247131e+00,8.8842469220e-08
KK,1.2604349678e+00,8.8880350697e-08
KK,1.2609958544e+00,8.8937208053e-08
KK,1.2611361240e+00,8.8937208053e-08
KK,1.2615569906e+00,8.8994101782e-08
KK,1.2621885808e+00,8.9070015085e-08
KK,1.2633121646e+00,8.9203020433e-08
KK,1.2656327116e+00,8.9526856699e-08
KK,1.2657030933e+00,8.9526856699e-08
KK,1.2662663242e+00,8.9603224450e-08
KK,1.2668298057e+00,8.9698774529e-08
KK,1.2680280502e+00,8.9871022492e-08
KK,1.2680985651e+00,8.9871022492e-08
KK,1.2681690840e+00,8.9890180471e-08
KK,1.2685923156e+00,8.9947683822e-08
KK,1.2691568322e+00,9.0043601222e-08
KK,1.2692274099e+00,9.0043601222e-08
KK,1.2692979916e+00,9.0062800904e-08
KK,1.2694391666e+00,9.0081999765e-08
KK,1.2695097781e+00,9.0081999765e-08
KK,1.2695803755e+00,9.0101202718e-08
KK,1.2697922091e+00,9.0120414682e-08
KK,1.2698628222e+00,9.0139625824e-08
KK,1.2699334391e+00,9.0139625824e-08
KK,1.2700040600e+00,9.0158841061e-08
KK,1.2701453317e+00,9.0158841061e-08
KK,1.2702159644e+00,9.0178060395e-08
KK,1.2703572596e+00,9.0197283825e-08
KK,1.2704985525e+00,9.0197283825e-08
KK,1.2709225616e+00,9.0254983632e-08
KK,1.2726199773e+00,9.0428304615e-08
KK,1.2749576215e+00,9.0640585192e-08
KK,1.2750994261e+00,9.0640585192e-08
KK,1.2752412645e+00,9.0659907219e-08
KK,1.2755249706e+00,9.0679238314e-08
KK,1.2760925722e+00,9.0737246431e-08
KK,1.2772995598e+00,9.0834005796e-08
KK,1.2773705903e+00,9.0834005796e-08
KK,1.2774416430e+00,9.0853369055e-08
KK,1.2775837238e+00,9.0853369055e-08
KK,1.2778679510e+00,9.0892112919e-08
KK,1.2784365952e+00,9.0930868342e-08
KK,1.2785076889e+00,9.0930868342e-08
KK,1.2785788049e+00,9.0950252250e-08
KK,1.2787210122e+00,9.0950252250e-08
KK,1.2790054924e+00,9.0989037428e-08
KK,1.2791477654e+00,9.0989037428e-08
KK,1.2792900359e+00,9.1008433736e-08
KK,1.2795746428e+00,9.1027834179e-08
KK,1.2796457998e+00,9.1027834179e-08
KK,1.2797169791e+00,9.1047243725e-08
KK,1.2798593129e+00,9.1047243725e-08
KK,1.2799305040e+00,9.1066652441e-08
KK,1.2804288433e+00,9.1066652441e-08
KK,1.2806424870e+00,9.1086065295e-08
KK,1.2809273947e+00,9.1086065295e-08
KK,1.2812123659e+00,9.1105482286e-08
KK,1.2817824983e+00,9.1124903417e-08
KK,1.2819963679e+00,9.1124903417e-08
KK,1.2822815768e+00,9.1144333662e-08
KK,1.2828521850e+00,9.1163763074e-08
KK,1.2829948676e+00,9.1163763074e-08
KK,1.2831375844e+00,9.1183196629e-08
KK,1.2833516801e+00,9.1183196629e-08
KK,1.2839227645e+00,9.1222081145e-08
KK,1.2840655662e+00,9.1222081145e-08
KK,1.2842083837e+00,9.1241527131e-08
KK,1.2844941030e+00,9.1260977263e-08
KK,1.2847084068e+00,9.1260977263e-08
KK,1.2849942191e+00,9.1280431541e-08
KK,1.2850656958e+00,9.1299894948e-08
KK,1.2852800950e+00,9.1299894948e-08
KK,1.2855660344e+00,9.1338824245e-08
KK,1.2860665861e+00,9.1377775128e-08
KK,1.2861381042e+00,9.1377775128e-08
KK,1.2862096446e+00,9.1397254303e-08
KK,1.2863527006e+00,9.1397254303e-08
KK,1.2866388787e+00,9.1436225113e-08
KK,1.2872114259e+00,9.1494717480e-08
KK,1.2873546116e+00,9.1494717480e-08
KK,1.2874262013e+00,9.1514226579e-08
KK,1.2882856432e+00,9.1631343557e-08
KK,1.2883572847e+00,9.1631343557e-08
KK,1.2884289301e+00,9.1650876787e-08
KK,1.2888589232e+00,9.1709506467e-08
KK,1.2889305966e+00,9.1729056359e-08
KK,1.2890022739e+00,9.1729056359e-08
KK,1.2891456589e+00,9.1748610418e-08
KK,1.2894324583e+00,9.1807302620e-08
KK,1.2895041636e+00,9.1826878370e-08
KK,1.2895758728e+00,9.1826878370e-08
KK,1.2897193216e+00,9.1866032367e-08
KK,1.2898627679e+00,9.1866032367e-08
KK,1.2900779858e+00,9.1924799684e-08
KK,1.2901497269e+00,9.1963995433e-08
KK,1.2902214904e+00,9.1983604595e-08
KK,1.2906520634e+00,9.2160240102e-08
KK,1.2907238364e+00,9.2179886077e-08
KK,1.2907956319e+00,9.2219190593e-08
KK,1.2918009850e+00,9.2632931532e-08
KK,1.2930228303e+00,9.3127895426e-08
KK,1.2931666625e+00,9.3207334917e-08
KK,1.2935982183e+00,9.3386320346e-08
KK,1.2941738624e+00,9.3665430075e-08
KK,1.2953979705e+00,9.4185984428e-08
KK,1.2977774551e+00,9.5174914664e-08
KK,1.2978496244e+00,9.5195203284e-08
KK,1.2979217978e+00,9.5235793498e-08
KK,1.2980661749e+00,9.5296716474e-08
KK,1.2982827615e+00,9.5398337915e-08
KK,1.2988604902e+00,9.5601911227e-08
KK,1.2990049533e+00,9.5642674858e-08
KK,1.2991494324e+00,9.5703858119e-08
KK,1.2994384759e+00,9.5805913723e-08
KK,1.2998721248e+00,9.5928528300e-08
KK,1.2999444105e+00,9.5969431197e-08
KK,1.3000167189e+00,9.5989894423e-08
KK,1.3000890127e+00,9.5989894423e-08
KK,1.3002336124e+00,9.6010356773e-08
KK,1.3003782467e+00,9.6010356773e-08
KK,1.3005228786e+00,9.6030823485e-08
KK,1.3005952191e+00,9.6030823485e-08
KK,1.3006675451e+00,9.6051294561e-08
KK,1.3008122092e+00,9.6051294561e-08
KK,1.3011016041e+00,9.6071770000e-08
KK,1.3012463350e+00,9.6071770000e-08
KK,1.3013910634e+00,9.6092255047e-08
KK,1.3017529920e+00,9.6092255047e-08
KK,1.3018253824e+00,9.6112739218e-08
KK,1.3025495448e+00,9.6112739218e-08
KK,1.3026219795e+00,9.6133227755e-08
KK,1.3033466035e+00,9.6133227755e-08
KK,1.3034190825e+00,9.6112739218e-08
KK,1.3042892008e+00,9.6112739218e-08
KK,1.3044342862e+00,9.6092255047e-08
KK,1.3047244870e+00,9.6092255047e-08
KK,1.3050147523e+00,9.6071770000e-08
KK,1.3053050821e+00,9.6071770000e-08
KK,1.3055954766e+00,9.6051294561e-08
KK,1.3056680807e+00,9.6051294561e-08
KK,1.3058133195e+00,9.6030823485e-08
KK,1.3061038085e+00,9.6010356773e-08
KK,1.3066850174e+00,9.5989894423e-08
KK,1.3067577007e+00,9.5969431197e-08
KK,1.3069757375e+00,9.5969431197e-08
KK,1.3072664851e+00,9.5948977569e-08
KK,1.3079209594e+00,9.5908078156e-08
KK,1.3079936928e+00,9.5887637604e-08
KK,1.3082119358e+00,9.5887637604e-08
KK,1.3090852536e+00,9.5826342083e-08
KK,1.3091580517e+00,9.5805913723e-08
KK,1.3093764890e+00,9.5805913723e-08
KK,1.3094493034e+00,9.5785494945e-08
KK,1.3097406198e+00,9.5785494945e-08
KK,1.3098134544e+00,9.5765080519e-08
KK,1.3101777067e+00,9.5765080519e-08
KK,1.3103234472e+00,9.5785494945e-08
KK,1.3104692038e+00,9.5785494945e-08
KK,1.3106149581e+00,9.5805913723e-08
KK,1.3109065338e+00,9.5826342083e-08
KK,1.3115628119e+00,9.5846769568e-08
KK,1.3116357664e+00,9.5867201408e-08
KK,1.3118545985e+00,9.5867201408e-08
KK,1.3127303480e+00,9.5928528300e-08
KK,1.3139720080e+00,9.6030823485e-08
KK,1.3163856108e+00,9.6235741226e-08
KK,1.3165320230e+00,9.6235741226e-08
KK,1.3166784703e+00,9.6256261236e-08
KK,1.3169713951e+00,9.6276780369e-08
KK,1.3176307093e+00,9.6317837012e-08
KK,1.3177039827e+00,9.6338369271e-08
KK,1.3177772601e+00,9.6338369271e-08
KK,1.3179238459e+00,9.6358905906e-08
KK,1.3188036470e+00,9.6420547344e-08
KK,1.3188769856e+00,9.6420547344e-08
KK,1.3189503283e+00,9.6441101498e-08
KK,1.3190970446e+00,9.6441101498e-08
KK,1.3193905074e+00,9.6461660033e-08
KK,1.3194638786e+00,9.6482228215e-08
KK,1.3195372539e+00,9.6482228215e-08
KK,1.3196840355e+00,9.6502795517e-08
KK,1.3199042291e+00,9.6502795517e-08
KK,1.3199776289e+00,9.6523367203e-08
KK,1.3203447078e+00,9.6523367203e-08
KK,1.3212261249e+00,9.6585113849e-08
KK,1.3215200614e+00,9.6585113849e-08
KK,1.3218140633e+00,9.6605703083e-08
KK,1.3224022632e+00,9.6626296706e-08
KK,1.3224758019e+00,9.6646899994e-08
KK,1.3226964613e+00,9.6646899994e-08
KK,1.3229907249e+00,9.6667502399e-08
KK,1.3236530526e+00,9.6688109196e-08
KK,1.3239475479e+00,9.6688109196e-08
KK,1.3242420709e+00,9.6708720387e-08
KK,1.3248313513e+00,9.6729335970e-08
KK,1.3254208940e+00,9.6729335970e-08
KK,1.3260106989e+00,9.6749961228e-08
KK,1.3263057187e+00,9.6749961228e-08
KK,1.3266007664e+00,9.6770585604e-08
KK,1.3274125426e+00,9.6770585604e-08
KK,1.3274863788e+00,9.6791214375e-08
KK,1.3308126183e+00,9.6791214375e-08
KK,1.3311086875e+00,9.6770585604e-08
KK,1.3317750793e+00,9.6770585604e-08
KK,1.3318491393e+00,9.6749961228e-08
KK,1.3322195385e+00,9.6749961228e-08
KK,1.3328123689e+00,9.6729335970e-08
KK,1.3331088640e+00,9.6729335970e-08
KK,1.3334054630e+00,9.6708720387e-08
KK,1.3339246226e+00,9.6688109196e-08
KK,1.3350378236e+00,9.6646899994e-08
KK,1.3354090907e+00,9.6646899994e-08
KK,1.3357061824e+00,9.6626296706e-08
KK,1.3363005643e+00,9.6605703083e-08
KK,1.3375645184e+00,9.6543943275e-08
KK,1.3378620707e+00,9.6543943275e-08
KK,1.3381597272e+00,9.6523367203e-08
KK,1.3387552009e+00,9.6502795517e-08
KK,1.3388296490e+00,9.6502795517e-08
KK,1.3389041012e+00,9.6482228215e-08
KK,1.3390530181e+00,9.6482228215e-08
KK,1.3393509396e+00,9.6461660033e-08
KK,1.3398724141e+00,9.6461660033e-08
KK,1.3399469434e+00,9.6441101498e-08
KK,1.3406177599e+00,9.6441101498e-08
KK,1.3412143274e+00,9.6420547344e-08
KK,1.3424829101e+00,9.6399992311e-08
KK,1.3449488839e+00,9.6338369271e-08
KK,1.3452480980e+00,9.6338369271e-08
KK,1.3455473787e+00,9.6317837012e-08
KK,1.3460712849e+00,9.6317837012e-08
KK,1.3472695400e+00,9.6276780369e-08
KK,1.3478690675e+00,9.6276780369e-08
KK,1.3483938777e+00,9.6256261236e-08
KK,1.3485438501e+00,9.6256261236e-08
KK,1.3486938583e+00,9.6235741226e-08
KK,1.3489939056e+00,9.6235741226e-08
KK,1.3495942004e+00,9.6215230840e-08
KK,1.3500445872e+00,9.6215230840e-08
KK,1.3501947624e+00,9.6194724826e-08
KK,1.3504200276e+00,9.6194724826e-08
KK,1.3507204781e+00,9.6174223182e-08
KK,1.3519228719e+00,9.6133227755e-08
KK,1.3542555421e+00,9.6030823485e-08
KK,1.3544815041e+00,9.6030823485e-08
KK,1.3547828390e+00,9.6010356773e-08
KK,1.3553857099e+00,9.5989894423e-08
KK,1.3587818558e+00,9.5805913723e-08
KK,1.3633991315e+00,9.5561159756e-08
KK,1.3634749501e+00,9.5540793141e-08
KK,1.3637024309e+00,9.5540793141e-08
KK,1.3646128117e+00,9.5479714128e-08
KK,1.3659035258e+00,9.5398337915e-08
KK,1.3684125203e+00,9.5235793498e-08
KK,1.3733679711e+00,9.4891306884e-08
KK,1.3827943841e+00,9.4246235834e-08
KK,1.3828712812e+00,9.4246235834e-08
KK,1.3829482022e+00,9.4226149465e-08
KK,1.3831020178e+00,9.4226149465e-08
KK,1.3834866513e+00,9.4206067376e-08
KK,1.3841022952e+00,9.4165910900e-08
KK,1.3853344050e+00,9.4065602281e-08
KK,1.3879562912e+00,9.3905328645e-08
KK,1.3930599798e+00,9.3505838272e-08
KK,1.3931374477e+00,9.3485904600e-08
KK,1.3932149398e+00,9.3485904600e-08
KK,1.3933698973e+00,9.3465980277e-08
KK,1.3936798837e+00,9.3446060201e-08
KK,1.3943776005e+00,9.3386320346e-08
KK,1.3956188573e+00,9.3286842172e-08
KK,1.3981824551e+00,9.3068358973e-08
KK,1.4032457121e+00,9.2613189000e-08
KK,1.4127986319e+00,9.1846453282e-08
KK,1.4232078085e+00,9.1066652441e-08
KK,1.4329763083e+00,9.0389758455e-08
KK,1.4426514003e+00,8.9698774529e-08
KK,1.4427316260e+00,8.9698774529e-08
KK,1.4428118562e+00,8.9679657344e-08
KK,1.4429723300e+00,8.9679657344e-08
KK,1.4432933722e+00,8.9641430305e-08
KK,1.4439356298e+00,8.9584122741e-08
KK,1.4453013711e+00,8.9469622382e-08
KK,1.4453817442e+00,8.9450554035e-08
KK,1.4454621218e+00,8.9450554035e-08
KK,1.4456229109e+00,8.9431484872e-08
KK,1.4459445222e+00,8.9412424654e-08
KK,1.4465879596e+00,8.9355268369e-08
KK,1.4479562096e+00,8.9222036013e-08
KK,1.4481172555e+00,8.9222036013e-08
KK,1.4486005421e+00,8.9164996566e-08
KK,1.4492451613e+00,8.9107993585e-08
KK,1.4505352605e+00,8.9013072825e-08
KK,1.4506965933e+00,8.9013072825e-08
KK,1.4507772871e+00,8.8994101782e-08
KK,1.4509386468e+00,8.8994101782e-08
KK,1.4512614407e+00,8.8956166969e-08
KK,1.4531997129e+00,8.8842469220e-08
KK,1.4532805253e+00,8.8823529689e-08
KK,1.4535230099e+00,8.8823529689e-08
KK,1.4538463788e+00,8.8804599042e-08
KK,1.4544933324e+00,8.8747831305e-08
KK,1.4581378299e+00,8.8521103688e-08
KK,1.4631740687e+00,8.8182107479e-08
KK,1.4739544210e+00,8.7377521924e-08
KK,1.4841537603e+00,8.6709565020e-08
KK,1.4942574804e+00,8.6046714309e-08
KK,1.5052668272e+00,8.5316154797e-08
KK,1.5053505564e+00,8.5316154797e-08
KK,1.5055179859e+00,8.5297971664e-08
KK,1.5058529222e+00,8.5279792407e-08
KK,1.5065230184e+00,8.5225273228e-08
KK,1.5077802581e+00,8.5152636752e-08
KK,1.5103818733e+00,8.4989432108e-08
KK,1.5104658656e+00,8.4971313972e-08
KK,1.5105498624e+00,8.4971313972e-08
KK,1.5107178917e+00,8.4953204334e-08
KK,1.5110539849e+00,8.4935098556e-08
KK,1.5116423333e+00,8.4898898575e-08
KK,1.5129879776e+00,8.4808456854e-08
KK,1.5155985570e+00,8.4609835142e-08
KK,1.5157671479e+00,8.4609835142e-08
KK,1.5159357360e+00,8.4591797929e-08
KK,1.5162729900e+00,8.4573769176e-08
KK,1.5169477231e+00,8.4519701356e-08
KK,1.5183825442e+00,8.4411673997e-08
KK,1.5211716237e+00,8.4178084324e-08
KK,1.5268500649e+00,8.3677154225e-08
KK,1.5380140394e+00,8.2737121829e-08
KK,1.5484844258e+00,8.1894886915e-08
KK,1.5485705369e+00,8.1894886915e-08
KK,1.5486566528e+00,8.1877432945e-08
KK,1.5488289210e+00,8.1859982695e-08
KK,1.5491734928e+00,8.1842531699e-08
KK,1.5498628665e+00,8.1772782755e-08
KK,1.5513287987e+00,8.1668261864e-08
KK,1.5541783963e+00,8.1442263946e-08
KK,1.5543512787e+00,8.1442263946e-08
KK,1.5548699971e+00,8.1390198091e-08
KK,1.5555619057e+00,8.1338165521e-08
KK,1.5570332283e+00,8.1216891424e-08
KK,1.5598933265e+00,8.0974876579e-08
KK,1.5599800720e+00,8.0957618688e-08
KK,1.5600668224e+00,8.0957618688e-08
KK,1.5605874704e+00,8.0905862665e-08
KK,1.5611950830e+00,8.0836907570e-08
KK,1.5625848385e+00,8.0699173640e-08
KK,1.5652810170e+00,8.0424409414e-08
KK,1.5706873383e+00,7.9843639852e-08
KK,1.5812921977e+00,7.8694643605e-08
KK,1.5928542404e+00,7.7397030750e-08
KK,1.6037871458e+00,7.6120814511e-08
KK,1.6156933485e+00,7.4610735763e-08
KK,1.6158730507e+00,7.4578936104e-08
KK,1.6160527959e+00,7.4563037288e-08
KK,1.6185711672e+00,7.4230008793e-08
KK,1.6215442807e+00,7.3851224612e-08
KK,1.6217246567e+00,7.3819748662e-08
KK,1.6219050297e+00,7.3804011691e-08
KK,1.6222658589e+00,7.3756828953e-08
KK,1.6229877583e+00,7.3646858526e-08
KK,1.6245228554e+00,7.3458713974e-08
KK,1.6274164009e+00,7.3052712709e-08
KK,1.6277784563e+00,7.2990450760e-08
KK,1.6281405922e+00,7.2943792110e-08
KK,1.6287745297e+00,7.2850556318e-08
KK,1.6302244436e+00,7.2633471968e-08
KK,1.6304057852e+00,7.2602515033e-08
KK,1.6304964519e+00,7.2571571293e-08
KK,1.6315849158e+00,7.2386169811e-08
KK,1.6329465002e+00,7.2139709667e-08
KK,1.6384954146e+00,7.1116742061e-08
KK,1.6505674969e+00,6.9217317624e-08
KK,1.6618965298e+00,6.7268174671e-08
KK,1.6743272294e+00,6.5040329730e-08
KK,1.6865695227e+00,6.2966748297e-08
KK,1.6867571080e+00,6.2939907958e-08
KK,1.6868509084e+00,6.2913082494e-08
KK,1.6879770167e+00,6.2752359362e-08
KK,1.6893856612e+00,6.2538700378e-08
KK,1.6923006294e+00,6.2140050277e-08
KK,1.6926771197e+00,6.2087085671e-08
KK,1.6929595485e+00,6.2034172979e-08
KK,1.6980512108e+00,6.1324202728e-08
KK,1.6981456393e+00,6.1298065890e-08
KK,1.6988068342e+00,6.1206667969e-08
KK,1.6995627939e+00,6.1089358478e-08
KK,1.7011703192e+00,6.0829469900e-08
KK,1.7105620874e+00,5.9255309315e-08
KK,1.7223986836e+00,5.7586694111e-08
KK,1.7341243111e+00,5.6240123667e-08
KK,1.7468038269e+00,5.4831459551e-08
KK,1.7587933740e+00,5.3560730961e-08
KK,1.7718503381e+00,5.2174669814e-08
KK,1.7722445008e+00,5.2130204815e-08
KK,1.7726388017e+00,5.2096878093e-08
KK,1.7735262363e+00,5.2008112850e-08
KK,1.7751050063e+00,5.1842084755e-08
KK,1.7783656529e+00,5.1522600575e-08
KK,1.7785634479e+00,5.1500638443e-08
KK,1.7787612903e+00,5.1489662292e-08
KK,1.7791570158e+00,5.1445778272e-08
KK,1.7799487308e+00,5.1369070515e-08
KK,1.7815332180e+00,5.1205082467e-08
KK,1.7848056724e+00,5.0878677997e-08
KK,1.7852027426e+00,5.0835314712e-08
KK,1.7855999011e+00,5.0802815810e-08
KK,1.7862951475e+00,5.0727069504e-08
KK,1.7877858655e+00,5.0586691378e-08
KK,1.7879847083e+00,5.0565130948e-08
KK,1.7881835987e+00,5.0554354179e-08
KK,1.7885814203e+00,5.0522034894e-08
KK,1.7893773292e+00,5.0446704476e-08
KK,1.7908706194e+00,5.0328555366e-08
KK,1.7910698053e+00,5.0307104955e-08
KK,1.7912690133e+00,5.0296383179e-08
KK,1.7915678924e+00,5.0274943737e-08
KK,1.7923651303e+00,5.0210685708e-08
KK,1.7938609139e+00,5.0103767808e-08
KK,1.7969561500e+00,4.9901252532e-08
KK,1.7971560128e+00,4.9879984241e-08
KK,1.7973559233e+00,4.9869353495e-08
KK,1.7977557856e+00,4.9837472130e-08
KK,1.7985557770e+00,4.9784383619e-08
KK,1.8002569345e+00,4.9667785703e-08
KK,1.8035637821e+00,4.9414338724e-08
KK,1.8037644054e+00,4.9393275264e-08
KK,1.8039650254e+00,4.9382748248e-08
KK,1.8051692910e+00,4.9288100635e-08
KK,1.8068767296e+00,4.9162185045e-08
KK,1.8069772099e+00,4.9162185045e-08
KK,1.8072786843e+00,4.9130755771e-08
KK,1.8076807798e+00,4.9099346590e-08
KK,1.8085857575e+00,4.9047044354e-08
KK,1.8101957370e+00,4.8911318067e-08
KK,1.8102964018e+00,4.8911318067e-08
KK,1.8105984557e+00,4.8880049172e-08
KK,1.8110012641e+00,4.8848800267e-08
KK,1.8117064008e+00,4.8775967371e-08
KK,1.8133191582e+00,4.8630621890e-08
KK,1.8164479429e+00,4.8330928804e-08
KK,1.8226203875e+00,4.7737069348e-08
KK,1.8242428604e+00,4.7594822232e-08
KK,1.8349262574e+00,4.6700386667e-08
KK,1.8484455999e+00,4.5598654324e-08
KK,1.8610292945e+00,4.4570393781e-08
KK,1.8748452395e+00,4.3583896544e-08
KK,1.8884486308e+00,4.2465069432e-08
KK,1.9013046548e+00,4.1498623370e-08
KK,1.9014104132e+00,4.1489778914e-08
KK,1.9015161505e+00,4.1489778914e-08
KK,1.9017276698e+00,4.1472093394e-08
KK,1.9029971714e+00,4.1392607444e-08
KK,1.9047971415e+00,4.1295663554e-08
KK,1.9050089987e+00,4.1278063031e-08
KK,1.9052209065e+00,4.1269265582e-08
KK,1.9064927671e+00,4.1190166127e-08
KK,1.9082960164e+00,4.1093696367e-08
KK,1.9085082899e+00,4.1076181923e-08
KK,1.9087205598e+00,4.1067427500e-08
KK,1.9099947567e+00,4.0988717138e-08
KK,1.9118013184e+00,4.0866576560e-08
KK,1.9135031790e+00,4.0727434203e-08
KK,1.9153130863e+00,4.0588765596e-08
KK,1.9157391635e+00,4.0554172279e-08
KK,1.9160588109e+00,4.0519608445e-08
KK,1.9169114465e+00,4.0450569128e-08
KK,1.9186178561e+00,4.0321436757e-08
KK,1.9218214831e+00,4.0055868620e-08
KK,1.9284592314e+00,3.9580559489e-08
KK,1.9427757640e+00,3.8597398859e-08
KK,1.9569808632e+00,3.7686828184e-08
KK,1.9703034632e+00,3.6797739239e-08
KK,1.9849306116e+00,3.5914309802e-08
KK,1.9851513814e+00,3.5899002852e-08
KK,1.9853722041e+00,3.5891351823e-08
KK,1.9857034699e+00,3.5868406563e-08
KK,1.9883555310e+00,3.5731044670e-08
KK,1.9884661033e+00,3.5731044670e-08
KK,1.9885766817e+00,3.5723429438e-08
KK,1.9886872663e+00,3.5708203842e-08
KK,1.9900148746e+00,3.5639765037e-08
KK,1.9916755746e+00,3.5541138338e-08
KK,1.9921186676e+00,3.5510847053e-08
KK,1.9925618592e+00,3.5488145048e-08
KK,2.0000000000e+00,3.4984910104e-08
cc,3.7220585890e+00,5.0435955699e-10
cc,3.7222655724e+00,5.7906743848e-10
cc,3.7224726203e+00,6.5695225845e-10
cc,3.7226796268e+00,7.3819748662e-10
cc,3.7228866447e+00,8.2244775640e-10
cc,3.7233007681e+00,9.0969650218e-10
cc,3.7235078206e+00,1.0000000000e-09
cc,3.7237148845e+00,1.0929592741e-09
cc,3.7241291001e+00,1.2868169144e-09
cc,3.7243361986e+00,1.3876772909e-09
cc,3.7245433087e+00,1.4910300670e-09
cc,3.7249576164e+00,1.7049684701e-09
cc,3.7257863170e+00,2.1605667117e-09
cc,3.7259935077e+00,2.2720374535e-09
cc,3.7262007099e+00,2.3851883989e-09
cc,3.7266152019e+00,2.6174933299e-09
cc,3.7274442713e+00,3.1021886867e-09
cc,3.7276515542e+00,3.2276560963e-09
cc,3.7278588486e+00,3.3546205647e-09
cc,3.7282735251e+00,3.6137011205e-09
cc,3.7288955467e+00,4.1507471976e-09
cc,3.7291029634e+00,4.2883509603e-09
cc,3.7293103385e+00,4.4276843253e-09
cc,3.7297251765e+00,4.7110323616e-09
cc,3.7305548846e+00,5.2947740661e-09
cc,3.7322149609e+00,6.5290366160e-09
cc,3.7324225623e+00,6.6896395393e-09
cc,3.7326301220e+00,6.8512713319e-09
cc,3.7330453292e+00,7.1771595874e-09
cc,3.7338757760e+00,7.8460148983e-09
cc,3.7353296087e+00,9.2396283536e-09
cc,3.7355373301e+00,9.4206067376e-09
cc,3.7357451162e+00,9.6010356773e-09
cc,3.7361606168e+00,9.9659520397e-09
cc,3.7369918097e+00,1.0708205888e-08
cc,3.7386547504e+00,1.2247269001e-08
cc,3.7388626567e+00,1.2444642395e-08
cc,3.7390706278e+00,1.2642500884e-08
cc,3.7394864983e+00,1.3042144157e-08
cc,3.7401104439e+00,1.3853128219e-08
cc,3.7417747724e+00,1.5519958717e-08
cc,3.7421909435e+00,1.5949248292e-08
cc,3.7426072143e+00,1.6379934765e-08
cc,3.7434398415e+00,1.7250750099e-08
cc,3.7451056515e+00,1.9044211311e-08
cc,3.7453139165e+00,1.9268799034e-08
cc,3.7455221932e+00,1.9500191320e-08
cc,3.7459388345e+00,1.9958578841e-08
cc,3.7465638567e+00,2.0890111015e-08
cc,3.7482310569e+00,2.2793136964e-08
cc,3.7515676834e+00,2.6761683504e-08
cc,3.7517763078e+00,2.7262612858e-08
cc,3.7521935914e+00,2.7761081657e-08
cc,3.7530284046e+00,2.8779394474e-08
cc,3.7546984815e+00,3.0850431029e-08
cc,3.7578318390e+00,3.5119401694e-08
cc,3.7580408652e+00,3.5397485935e-08
cc,3.7586678532e+00,3.6221842892e-08
cc,3.7592949993e+00,3.7327052576e-08
cc,3.7609678648e+00,3.9572123823e-08
cc,3.7641065077e+00,4.4201399761e-08
cc,3.7645251627e+00,4.4789448232e-08
cc,3.7657815143e+00,4.6571154209e-08
cc,3.7672477163e+00,4.8984353070e-08
cc,3.7706012711e+00,5.3927328913e-08
cc,3.7768972617e+00,6.4282251370e-08
cc,3.7777375174e+00,6.5723233999e-08
cc,3.7785779601e+00,6.7182197045e-08
cc,3.7802594064e+00,7.0138173931e-08
cc,3.7838349511e+00,7.6153271611e-08
cc,3.7907853843e+00,8.8672187757e-08
cc,3.7916287837e+00,9.0274228387e-08
cc,3.7924722628e+00,9.1885615625e-08
cc,3.7941598920e+00,9.5154625176e-08
cc,3.7975374037e+00,1.0178499143e-07
cc,3.8045130607e+00,1.1547511663e-07
cc,3.8047246294e+00,1.1589432923e-07
cc,3.8049362099e+00,1.1629027390e-07
cc,3.8053594602e+00,1.1711119188e-07
cc,3.8062060480e+00,1.1874512778e-07
cc,3.8078997887e+00,1.2205568882e-07
cc,3.8110775435e+00,1.2873655993e-07
cc,3.8176534072e+00,1.4248456243e-07
cc,3.8180780722e+00,1.4333753302e-07
cc,3.8185027301e+00,1.4422634829e-07
cc,3.8191398598e+00,1.4598942641e-07
cc,3.8208393560e+00,1.4951675140e-07
cc,3.8240279635e+00,1.5662868865e-07
cc,3.8306261727e+00,1.7122526115e-07
cc,3.8310522262e+00,1.7225028526e-07
cc,3.8323307802e+00,1.7525022284e-07
cc,3.8342493566e+00,1.7929333025e-07
cc,3.8376625555e+00,1.8750160513e-07
cc,3.8449256673e+00,2.0423385673e-07
cc,3.8590639938e+00,2.3907876322e-07
cc,3.8592785961e+00,2.3964000096e-07
cc,3.8594932103e+00,2.4015137579e-07
cc,3.8599225294e+00,2.4128022379e-07
cc,3.8607812560e+00,2.4345007219e-07
cc,3.8624992823e+00,2.4790130604e-07
cc,3.8661526134e+00,2.5677561702e-07
cc,3.8730388744e+00,2.7490201603e-07
cc,3.8872805771e+00,3.1227558513e-07
cc,3.9137440833e+00,3.8589170625e-07
cc,3.9425797091e+00,4.7090242271e-07
cc,3.9696404718e+00,5.5489908393e-07
cc,3.9964424190e+00,6.4118030443e-07
cc,4.0256634815e+00,7.3898463703e-07
cc,4.0530690594e+00,8.3392250583e-07
cc,4.0831582532e+00,9.4065597148e-07
cc,4.1114125888e+00,1.0435543335e-06
cc,4.1391717433e+00,1.1473901949e-06
cc,4.1696682717e+00,1.2634417873e-06
cc,4.1982877067e+00,1.3744297421e-06
cc,4.2294549753e+00,1.4977194025e-06
cc,4.2603797717e+00,1.6216648080e-06
cc,4.2893832317e+00,1.7398467722e-06
cc,4.3212267757e+00,1.8706245528e-06
cc,4.3508864659e+00,1.9945818278e-06
cc,4.3802624838e+00,2.1186084101e-06
cc,4.4125353169e+00,2.2556301214e-06
cc,4.4425746720e+00,2.3851882688e-06
cc,4.4755554794e+00,2.5281087747e-06
cc,4.5082797058e+00,2.6704696109e-06
cc,4.5387184006e+00,2.8052564822e-06
cc,4.5721587029e+00,2.9531346654e-06
cc,4.6035407194e+00,3.0929444345e-06
cc,4.6379744104e+00,3.2462857881e-06
cc,4.6718862064e+00,3.3992495381e-06
cc,4.7036910858e+00,3.5427678588e-06
cc,4.7386104380e+00,3.7010133943e-06
cc,4.7714002551e+00,3.8498792548e-06
cc,4.8036154692e+00,3.9970574239e-06
cc,4.8387383943e+00,4.1587176231e-06
cc,4.8719500699e+00,4.3112645944e-06
cc,4.9081185463e+00,4.4770353744e-06
cc,4.9440055034e+00,4.6422480256e-06
cc,4.9776629648e+00,4.7981910966e-06
cc,5.0143373163e+00,4.9678370769e-06
cc,5.0490350839e+00,5.1270613092e-06
cc,5.0831248139e+00,5.2857522791e-06
cc,5.1202914467e+00,5.4586554255e-06
cc,5.1551489421e+00,5.6204169483e-06
cc,5.1934198357e+00,5.7980844718e-06
cc,5.2293568026e+00,5.9648162145e-06
cc,5.2649567841e+00,6.1298059200e-06
cc,5.3034529302e+00,6.3101108001e-06
cc,5.3398543455e+00,6.4791250841e-06
cc,5.3797955355e+00,6.6640201229e-06
cc,5.4191313559e+00,6.8454313285e-06
cc,5.4560233465e+00,7.0168076268e-06
cc,5.4962220763e+00,7.2047501643e-06
cc,5.5342544262e+00,7.3804007664e-06
cc,5.5716202270e+00,7.5522801850e-06
cc,5.6126707281e+00,7.7413525399e-06
cc,5.6508802023e+00,7.9199497197e-06
cc,5.6928312341e+00,8.1130367671e-06
cc,5.7344558992e+00,8.3037480228e-06
cc,5.7731734889e+00,8.4826535635e-06
cc,5.8160324022e+00,8.6783524844e-06
cc,5.8559520194e+00,8.8634390163e-06
cc,5.8954898361e+00,9.0428294745e-06
cc,5.9385962094e+00,9.2415974786e-06
cc,5.9395870837e+00,9.2455379968e-06
cc,5.9790245772e+00,9.4266321341e-06
cc,6.0234116888e+00,9.6276775115e-06
cc,6.0650919599e+00,9.8162566893e-06
cc,6.1060419203e+00,1.0004263347e-05
cc,6.1510298380e+00,1.0206743376e-05
cc,6.1932487838e+00,1.0397795353e-05
cc,6.2392262542e+00,1.0605979905e-05
cc,6.2848460332e+00,1.0811416000e-05
cc,6.3276315768e+00,1.1004399449e-05
cc,6.4180032887e+00,1.1410486481e-05
cc,6.4613359247e+00,1.1604264709e-05
cc,6.5089416599e+00,1.1816436738e-05
cc,6.5532526930e+00,1.2014547839e-05
cc,6.6019027621e+00,1.2229006488e-05
cc,6.6501743479e+00,1.2441988754e-05
cc,6.6950746359e+00,1.2642500194e-05
cc,6.7444024118e+00,1.2859941850e-05
cc,6.7906941007e+00,1.3064403223e-05
cc,6.8414874193e+00,1.3286269040e-05
cc,6.8915107927e+00,1.3506143073e-05
cc,6.9384262482e+00,1.3712107479e-05
cc,6.9895470824e+00,1.3933087780e-05
cc,7.0379127317e+00,1.4145562185e-05
cc,7.0854308299e+00,1.4352096398e-05
cc,7.1376347624e+00,1.4577174226e-05
cc,7.1866254880e+00,1.4786858106e-05
cc,7.2399775931e+00,1.5018754936e-05
cc,7.2925090986e+00,1.5244535655e-05
cc,7.3421544371e+00,1.5457227487e-05
cc,7.3962498540e+00,1.5689600730e-05
cc,7.4474297691e+00,1.5908502113e-05
cc,7.4478439201e+00,1.5908502113e-05
cc,7.4482582002e+00,1.5911893359e-05
cc,7.4507438342e+00,1.5922072303e-05
cc,7.4536448774e+00,1.5935654070e-05
cc,7.4735680149e+00,1.6017388309e-05
cc,7.4739836194e+00,1.6020802767e-05
cc,7.4743992471e+00,1.6020802767e-05
cc,7.4752306782e+00,1.6027634740e-05
cc,7.4802208877e+00,1.6048146394e-05
cc,7.4864633613e+00,1.6075536690e-05
cc,7.4868796829e+00,1.6075536690e-05
cc,7.4872960277e+00,1.6078964421e-05
cc,7.4931277134e+00,1.6102973735e-05
cc,7.4935444057e+00,1.6106407316e-05
cc,7.4939611211e+00,1.6106407316e-05
cc,7.4964621138e+00,1.6116709813e-05
cc,7.4968789915e+00,1.6120145443e-05
cc,7.4972958924e+00,1.6120145443e-05
cc,7.4981298704e+00,1.6123582685e-05
cc,7.4985468409e+00,1.6127019780e-05
cc,7.4989638345e+00,1.6127019780e-05
cc,7.4993809581e+00,1.6130457608e-05
cc,7.4997979981e+00,1.6130457608e-05
gg,2.0000000000e+00,5.5242071172e-08
gg,2.0001112198e+00,5.5242071172e-08
gg,2.0002224459e+00,5.5265625799e-08
gg,2.0003337066e+00,5.5265625799e-08
gg,2.0004449450e+00,5.5277406879e-08
gg,2.0011125338e+00,5.5312768207e-08
gg,2.0020030178e+00,5.5371752014e-08
gg,2.0021143776e+00,5.5383555717e-08
gg,2.0022257150e+00,5.5383555717e-08
gg,2.0023370586e+00,5.5407173695e-08
gg,2.0027825235e+00,5.5430801746e-08
gg,2.0036737507e+00,5.5489911421e-08
gg,2.0053458778e+00,5.5596468330e-08
gg,2.0054573950e+00,5.5608319936e-08
gg,2.0055689183e+00,5.5608319936e-08
gg,2.0057920121e+00,5.5632033764e-08
gg,2.0061266851e+00,5.5655754667e-08
gg,2.0070194004e+00,5.5715107265e-08
gg,2.0086943196e+00,5.5822096617e-08
gg,2.0121602136e+00,5.6048637517e-08
gg,2.0123840407e+00,5.6072539115e-08
gg,2.0126078639e+00,5.6084492206e-08
gg,2.0130556138e+00,5.6120369832e-08
gg,2.0157442058e+00,5.6300099450e-08
gg,2.0268726637e+00,5.7061268386e-08
gg,2.0407845499e+00,5.8017938619e-08
gg,2.0559349361e+00,5.9078736877e-08
gg,2.0708522673e+00,6.0133290547e-08
gg,2.0849500733e+00,6.1154502261e-08
gg,2.1003115376e+00,6.2285924135e-08
gg,2.1147274877e+00,6.3357195979e-08
gg,2.1290055602e+00,6.4446892905e-08
gg,2.1445723563e+00,6.5653223452e-08
gg,2.1592920695e+00,6.6825131510e-08
gg,2.1752013006e+00,6.8119523372e-08
gg,2.1902530349e+00,6.9350235181e-08
gg,2.2051636892e+00,7.0603182194e-08
gg,2.2212873360e+00,7.1986100352e-08
gg,2.2365335982e+00,7.3317922053e-08
gg,2.2532625161e+00,7.4801830907e-08
gg,2.2696116051e+00,7.6315773147e-08
gg,2.2850625112e+00,7.7760840795e-08
gg,2.3020263694e+00,7.9368503328e-08
gg,2.3178268335e+00,8.0923109523e-08
gg,2.3334761784e+00,8.2490581414e-08
gg,2.3506687296e+00,8.4231929012e-08
gg,2.3666714509e+00,8.5936735226e-08
gg,2.3842411579e+00,8.7825682711e-08
gg,2.4016741777e+00,8.9756155437e-08
gg,2.4178896373e+00,9.1631343557e-08
gg,2.4357041288e+00,9.3725348479e-08
gg,2.4524221196e+00,9.5785494945e-08
gg,2.4707658143e+00,9.8099817138e-08
gg,2.4888314824e+00,1.0047005685e-07
gg,2.5057747786e+00,1.0280986678e-07
gg,2.5242367530e+00,1.0547361958e-07
gg,2.5417037792e+00,1.0813721280e-07
gg,2.5588646811e+00,1.1093899451e-07
gg,2.5777178464e+00,1.1432398587e-07
gg,2.5797255359e+00,1.1473902575e-07
gg,2.5800124973e+00,1.1478794924e-07
gg,2.6146784013e+00,1.2195166223e-07
gg,2.6337963249e+00,1.2577987484e-07
gg,2.6515790110e+00,1.2931412881e-07
gg,2.6712638161e+00,1.3306108992e-07
gg,2.6895986227e+00,1.3653774421e-07
gg,2.7077580708e+00,1.3986651154e-07
gg,2.7275565715e+00,1.4349038369e-07
gg,2.7462777557e+00,1.4683207806e-07
gg,2.7665117010e+00,1.5037976279e-07
gg,2.7856552034e+00,1.5368521993e-07
gg,2.8046191559e+00,1.5686257717e-07
gg,2.8252829874e+00,1.6027635615e-07
gg,2.8446749384e+00,1.6341572007e-07
gg,2.8657932500e+00,1.6679425003e-07
gg,2.8867472673e+00,1.7006127192e-07
gg,2.9063994259e+00,1.7305996897e-07
gg,2.9278131526e+00,1.7629933238e-07
gg,2.9480727749e+00,1.7929333025e-07
gg,2.9679773712e+00,1.8218276895e-07
gg,2.9896785351e+00,1.8531617788e-07
gg,3.0101988511e+00,1.8818229755e-07
gg,3.0325459800e+00,1.9125574991e-07
gg,3.0547192547e+00,1.9425513255e-07
gg,3.0753438994e+00,1.9700737930e-07
gg,3.0980023727e+00,1.9996904076e-07
gg,3.1194396553e+00,2.0275900975e-07
gg,3.1425978113e+00,2.0567557610e-07
gg,3.1655757144e+00,2.0854517408e-07
gg,3.1871261036e+00,2.1122953720e-07
gg,3.2107867058e+00,2.1408532900e-07
gg,3.2330044235e+00,2.1674859674e-07
gg,3.2548328018e+00,2.1930469346e-07
gg,3.2788137107e+00,2.2208022240e-07
gg,3.3013185696e+00,2.2465131740e-07
gg,3.3258269144e+00,2.2739754114e-07
gg,3.3501445914e+00,2.3007923245e-07
gg,3.3729514759e+00,2.3254455790e-07
gg,3.3978026095e+00,2.3518665389e-07
gg,3.4211241748e+00,2.3760539356e-07
gg,3.4442227363e+00,2.3999784756e-07
gg,3.4695989802e+00,2.4256946535e-07
gg,3.4932190780e+00,2.4495967081e-07
gg,3.5191520548e+00,2.4753167506e-07
gg,3.5446861608e+00,2.5002407702e-07
gg,3.5596995070e+00,2.5146721716e-07
gg,3.5600954273e+00,2.5152082291e-07
gg,3.5951116611e+00,2.5486701638e-07
gg,3.6197875005e+00,2.5721387076e-07
gg,3.6466600965e+00,2.5974837772e-07
gg,3.6733236315e+00,2.6219606135e-07
gg,3.6983306321e+00,2.6449760931e-07
gg,3.7197824253e+00,2.6647832973e-07
gg,3.7201961504e+00,2.6647832973e-07
gg,3.7515676834e+00,2.6933369040e-07
gg,3.7768972617e+00,2.7158207770e-07
gg,3.8045130607e+00,2.7402443260e-07
gg,3.8306261727e+00,2.7637089508e-07
gg,3.8590639938e+00,2.7885630090e-07
gg,3.8872805771e+00,2.8130409186e-07
gg,3.9137440833e+00,2.8353152829e-07
gg,3.9425797091e+00,2.8602035824e-07
gg,3.9696404718e+00,2.8834659355e-07
gg,3.9964424190e+00,2.9062977842e-07
gg,4.0256634815e+00,2.9305594464e-07
gg,4.0530690594e+00,2.9531348265e-07
gg,4.0831582532e+00,2.9777874826e-07
gg,4.1114125888e+00,3.0007265172e-07
gg,4.1391717433e+00,3.0238422598e-07
gg,4.1696682717e+00,3.0484355044e-07
gg,4.1982877067e+00,3.0719187677e-07
gg,4.2294549753e+00,3.0975631966e-07
gg,4.2603797717e+00,3.1220903093e-07
gg,4.2893832317e+00,3.1461409637e-07
gg,4.3212267757e+00,3.1717287041e-07
gg,4.3508864659e+00,3.1961617419e-07
gg,4.3802624838e+00,3.2200965626e-07
gg,4.4125353169e+00,3.2462857881e-07
gg,4.4425746720e+00,3.2712933462e-07
gg,4.4755554794e+00,3.2986019774e-07
gg,4.5082797058e+00,3.3254298732e-07
gg,4.5387184006e+00,3.3510469299e-07
gg,4.5721587029e+00,3.3790215254e-07
gg,4.6035407194e+00,3.4057772804e-07
gg,4.6379744104e+00,3.4349408426e-07
gg,4.6718862064e+00,3.4636155968e-07
gg,4.7036910858e+00,3.4910413748e-07
gg,4.7386104380e+00,3.5216856152e-07
gg,4.7714002551e+00,3.5503278751e-07
gg,4.8036154692e+00,3.5792028903e-07
gg,4.8387383943e+00,3.6106210094e-07
gg,4.8719500699e+00,3.6407625336e-07
gg,4.9081185463e+00,3.6742872306e-07
gg,4.9440055034e+00,3.7081204258e-07
gg,4.9776629648e+00,3.7398729427e-07
gg,5.0143373163e+00,3.7751150465e-07
gg,5.0490350839e+00,3.8082528758e-07
gg,5.0831248139e+00,3.8416815878e-07
gg,5.1202914467e+00,3.8795365571e-07
gg,5.1551489421e+00,3.9144252625e-07
gg,5.1934198357e+00,3.9546825454e-07
gg,5.2293568026e+00,3.9919486557e-07
gg,5.2649567841e+00,4.0295659354e-07
gg,5.3034529302e+00,4.0718751886e-07
gg,5.3398543455e+00,4.1119984280e-07
gg,5.3797955355e+00,4.1569449193e-07
gg,5.4191313559e+00,4.2023829309e-07
gg,5.4560233465e+00,4.2456016684e-07
gg,5.4962220763e+00,4.2938388203e-07
gg,5.5342544262e+00,4.3398480341e-07
gg,5.5716202270e+00,4.3835460607e-07
gg,5.6126707281e+00,4.4314609646e-07
gg,5.6508802023e+00,4.4779899970e-07
gg,5.6928312341e+00,4.5288674698e-07
gg,5.7344558992e+00,4.5803229960e-07
gg,5.7731734889e+00,4.6294019366e-07
gg,5.8160324022e+00,4.6829977737e-07
gg,5.8559520194e+00,4.7341858724e-07
gg,5.8954898361e+00,4.7859334891e-07
gg,5.9385962094e+00,4.8423738366e-07
gg,5.9395870837e+00,4.8434060948e-07
gg,6.0234116888e+00,4.9562023846e-07
gg,6.0650919599e+00,5.0125131517e-07
gg,6.1060419203e+00,5.0694637036e-07
gg,6.1510298380e+00,5.1314350494e-07
gg,6.1932487838e+00,5.1908430596e-07
gg,6.2392262542e+00,5.2565385763e-07
gg,6.2848460332e+00,5.3219307614e-07
gg,6.3276315768e+00,5.3835444856e-07
gg,6.3742522071e+00,5.4528409841e-07
gg,6.4180032887e+00,5.5171458476e-07
gg,6.5089416599e+00,5.6540630519e-07
gg,6.5532526930e+00,5.7219607226e-07
gg,6.6019027621e+00,5.7956132843e-07
gg,6.6501743479e+00,5.8702138952e-07
gg,6.6950746359e+00,5.9407072460e-07
gg,6.7444024118e+00,6.0171754933e-07
gg,6.7906941007e+00,6.0907317509e-07
gg,6.8414874193e+00,6.1704465223e-07
gg,6.8915107927e+00,6.2498719528e-07
gg,6.9384262482e+00,6.3262727811e-07
gg,6.9895470824e+00,6.4077039930e-07
gg,7.0379127317e+00,6.4943351941e-07
gg,7.0854308299e+00,6.5863479142e-07
gg,7.1376347624e+00,6.6896388092e-07
gg,7.1866254880e+00,6.7887590289e-07
gg,7.2399775931e+00,6.8996351726e-07
gg,7.2925090986e+00,7.0123221802e-07
gg,7.3421544371e+00,7.1207754992e-07
gg,7.3962498540e+00,7.2432475729e-07
gg,7.4474297691e+00,7.3615465662e-07
gg,7.4478439201e+00,7.3631158412e-07
gg,7.4482582002e+00,7.3631158412e-07
gg,7.4490866173e+00,7.3646854507e-07
gg,7.4507438342e+00,7.3693966894e-07
gg,7.4536448774e+00,7.3772551838e-07
gg,7.4602800150e+00,7.3929977251e-07
gg,7.4735680149e+00,7.4230004742e-07
gg,7.4743992471e+00,7.4261659673e-07
gg,7.4768937114e+00,7.4309165355e-07
gg,7.4802208877e+00,7.4388406327e-07
gg,7.4864633613e+00,7.4547145930e-07
gg,7.4868796829e+00,7.4563037288e-07
gg,7.4872960277e+00,7.4563037288e-07
gg,7.4881288934e+00,7.4594830168e-07
gg,7.4897947961e+00,7.4626640677e-07
gg,7.4931277134e+00,7.4706220195e-07
gg,7.4935444057e+00,7.4722145464e-07
gg,7.4939611211e+00,7.4722145464e-07
gg,7.4947947282e+00,7.4754010265e-07
gg,7.4964621138e+00,7.4785884574e-07
gg,7.4968789915e+00,7.4801830907e-07
gg,7.4972958924e+00,7.4801830907e-07
gg,7.4981298704e+00,7.4833725606e-07
gg,7.4985468409e+00,7.4833725606e-07
gg,7.4993809581e+00,7.4865633905e-07
gg,7.4997979981e+00,7.4865633905e-07
hadrons,2.7992451621e-01,5.0125134253e-10
hadrons,2.7994008279e-01,5.0965518350e-10
hadrons,2.8000236575e-01,5.2970319901e-10
hadrons,2.8001793666e-01,5.3458078690e-10
hadrons,2.8003350843e-01,5.3938827648e-10
hadrons,2.8006465458e-01,5.4901634094e-10
hadrons,2.8012696525e-01,5.6770093616e-10
hadrons,2.8025162020e-01,6.0351597438e-10
hadrons,2.8026720497e-01,6.0790588392e-10
hadrons,2.8028279061e-01,6.1219718853e-10
hadrons,2.8029837712e-01,6.2073856655e-10
hadrons,2.8036073580e-01,6.3750068249e-10
hadrons,2.8048549477e-01,6.6982007259e-10
hadrons,2.8050109654e-01,6.7382992496e-10
hadrons,2.8051669519e-01,6.7771923746e-10
hadrons,2.8054789508e-01,6.8541930146e-10
hadrons,2.8061030927e-01,7.0078399833e-10
hadrons,2.8071956851e-01,7.3068289483e-10
hadrons,2.8078202089e-01,7.4515377439e-10
hadrons,2.8084448717e-01,7.5942539289e-10
hadrons,2.8096946142e-01,7.8728206750e-10
hadrons,2.8120393904e-01,8.4052575947e-10
hadrons,2.8123521537e-01,8.4700065049e-10
hadrons,2.8126649918e-01,8.5334346462e-10
hadrons,2.8131342542e-01,8.6598743451e-10
hadrons,2.8143860834e-01,8.9089007173e-10
hadrons,2.8167347748e-01,9.3885314932e-10
hadrons,2.8170481004e-01,9.4527915649e-10
hadrons,2.8175181341e-01,9.5154630369e-10
hadrons,2.8181449143e-01,9.6420552606e-10
hadrons,2.8193989732e-01,9.8876596121e-10
hadrons,2.8220657317e-01,1.0364603083e-09
hadrons,2.8222226666e-01,1.0395580442e-09
hadrons,2.8226935637e-01,1.0482362920e-09
hadrons,2.8233215354e-01,1.0596941134e-09
hadrons,2.8245778979e-01,1.0825253876e-09
hadrons,2.8272495147e-01,1.1270283587e-09
hadrons,2.8275640100e-01,1.1323260327e-09
hadrons,2.8278785000e-01,1.1378911856e-09
hadrons,2.8285076251e-01,1.1486138613e-09
hadrons,2.8297662954e-01,1.1701138581e-09
hadrons,2.8324428197e-01,1.2117429352e-09
hadrons,2.8376457044e-01,1.2920392298e-09
hadrons,2.8379613157e-01,1.2964533892e-09
hadrons,2.8382769621e-01,1.3011599408e-09
hadrons,2.8401717397e-01,1.3280607056e-09
hadrons,2.8425419096e-01,1.3633416830e-09
hadrons,2.8474466033e-01,1.4318485299e-09
hadrons,2.8480800819e-01,1.4404200794e-09
hadrons,2.8487137013e-01,1.4487341909e-09
hadrons,2.8499813632e-01,1.4651942398e-09
hadrons,2.8523597600e-01,1.4980387560e-09
hadrons,2.8572813534e-01,1.5619526371e-09
hadrons,2.8574402873e-01,1.5639515741e-09
hadrons,2.8575991893e-01,1.5656193232e-09
hadrons,2.8579170606e-01,1.5696292321e-09
hadrons,2.8585528278e-01,1.5773436416e-09
hadrons,2.8596658422e-01,1.5925468180e-09
hadrons,2.8620523210e-01,1.6227022864e-09
hadrons,2.8669906792e-01,1.6815080617e-09
hadrons,2.8765729913e-01,1.7956107293e-09
hadrons,2.8767329573e-01,1.7975255124e-09
hadrons,2.8770529570e-01,1.7994424357e-09
hadrons,2.8773729512e-01,1.8028978931e-09
hadrons,2.8780130876e-01,1.8106005175e-09
hadrons,2.8818568973e-01,1.8551380338e-09
hadrons,2.8871505092e-01,1.9133732019e-09
hadrons,2.8977669632e-01,2.0271580750e-09
hadrons,2.9176563824e-01,2.2307659638e-09
hadrons,2.9393165358e-01,2.4433388925e-09
hadrons,2.9608080963e-01,2.6461041713e-09
hadrons,2.9809644824e-01,2.8310878665e-09
hadrons,3.0030945810e-01,3.0290033910e-09
hadrons,3.0237069810e-01,3.2091329658e-09
hadrons,3.0441222392e-01,3.3840673080e-09
hadrons,3.0665506780e-01,3.5723431387e-09
hadrons,3.0874269312e-01,3.7478537719e-09
hadrons,3.1103473863e-01,3.9395378812e-09
hadrons,3.1330895268e-01,4.1304468884e-09
hadrons,3.1542433066e-01,4.3066723288e-09
hadrons,3.1774830938e-01,4.4961633609e-09
hadrons,3.1994703600e-01,4.6690436125e-09
hadrons,3.2232226036e-01,4.8341231601e-09
hadrons,3.2467900617e-01,4.9922532616e-09
hadrons,3.2688933363e-01,5.1412891908e-09
hadrons,3.2931609625e-01,5.3072038455e-09
hadrons,3.3159486862e-01,5.4901634094e-09
hadrons,3.3383370820e-01,5.6879108851e-09
hadrons,3.3629332325e-01,5.9078740100e-09
hadrons,3.3858271786e-01,6.1167538684e-09
hadrons,3.4111525822e-01,6.3289705814e-09
hadrons,3.4359030705e-01,6.5193015556e-09
hadrons,3.4592937264e-01,6.6939185813e-09
hadrons,3.4847810595e-01,6.8864116184e-09
hadrons,3.5088947391e-01,7.0814198487e-09
hadrons,3.5325858548e-01,7.2928245855e-09
hadrons,3.5584153054e-01,7.5297762804e-09
hadrons,3.5828392713e-01,7.7512605211e-09
hadrons,3.6092368614e-01,7.9792595994e-09
hadrons,3.6342117392e-01,8.1720505599e-09
hadrons,3.6589524244e-01,8.3605841755e-09
hadrons,3.6859108000e-01,8.5698925300e-09
hadrons,3.7112098592e-01,8.7844409475e-09
hadrons,3.7387611570e-01,9.0447581390e-09
hadrons,3.7660981137e-01,9.3088203613e-09
hadrons,3.7917366440e-01,9.5581535928e-09
hadrons,3.8196733995e-01,9.8120734619e-09
hadrons,3.8461043827e-01,1.0040583205e-08
hadrons,3.8720723025e-01,1.0267846217e-08
hadrons,3.9006008996e-01,1.0520416767e-08
hadrons,3.9273734756e-01,1.0779200686e-08
hadrons,3.9563095761e-01,1.1070276868e-08
hadrons,3.9852371398e-01,1.1366790045e-08
hadrons,4.0123675637e-01,1.1651359170e-08
hadrons,4.0419298261e-01,1.1968538151e-08
hadrons,4.0696724423e-01,1.2270787351e-08
hadrons,4.0971498369e-01,1.2569947091e-08
hadrons,4.1271072487e-01,1.2909379699e-08
hadrons,4.1552034270e-01,1.3224108935e-08
hadrons,4.1860508464e-01,1.3560956071e-08
hadrons,4.2150171106e-01,1.3847223911e-08
hadrons,4.2434757750e-01,1.4103411951e-08
hadrons,4.2747408539e-01,1.4379658203e-08
hadrons,4.3040814164e-01,1.4655065781e-08
hadrons,4.3360341387e-01,1.4996362177e-08
hadrons,4.3677381551e-01,1.5352150939e-08
hadrons,4.3974725431e-01,1.5699638330e-08
hadrons,4.4298721763e-01,1.6099543522e-08
hadrons,4.4605256137e-01,1.6474478926e-08
hadrons,4.4906418857e-01,1.6840189110e-08
hadrons,4.5234764204e-01,1.7199346243e-08
hadrons,4.5545242306e-01,1.7517552031e-08
hadrons,4.5883361950e-01,1.7872097295e-08
hadrons,4.6216279736e-01,1.8276622269e-08
hadrons,4.6530907754e-01,1.8686320041e-08
hadrons,4.6873737488e-01,1.9133730975e-08
hadrons,4.7195465020e-01,1.9504348213e-08
hadrons,4.7545835619e-01,1.9865200018e-08
hadrons,4.7893479088e-01,2.0224103531e-08
hadrons,4.8219525029e-01,2.0607054480e-08
hadrons,4.8577497373e-01,2.1064502009e-08
hadrons,4.8913639640e-01,2.1504582176e-08
hadrons,4.9243892110e-01,2.1949177563e-08
hadrons,4.9603951352e-01,2.2422074778e-08
hadrons,4.9609469155e-01,2.2431635311e-08
hadrons,4.9614986866e-01,2.2436418330e-08
hadrons,4.9648108143e-01,2.2479502836e-08
hadrons,4.9689541010e-01,2.2532274731e-08
hadrons,4.9775278350e-01,2.2638189232e-08
hadrons,4.9780814503e-01,2.2647843149e-08
hadrons,4.9786351980e-01,2.2652671033e-08
hadrons,4.9794658997e-01,2.2667162099e-08
hadrons,4.9816817345e-01,2.2691333652e-08
hadrons,4.9858390296e-01,2.2744602832e-08
hadrons,4.9944418979e-01,2.2851515396e-08
hadrons,4.9947196384e-01,2.2851515396e-08
hadrons,4.9955530238e-01,2.2866133664e-08
hadrons,4.9969422610e-01,2.2880761283e-08
hadrons,5.0036160651e-01,2.2954038606e-08
hadrons,5.0130859173e-01,2.3052105208e-08
hadrons,5.0315196598e-01,2.3239590537e-08
hadrons,5.0683089677e-01,2.3599016511e-08
hadrons,5.0685908159e-01,2.3604047158e-08
hadrons,5.0688727521e-01,2.3604047158e-08
hadrons,5.0694365270e-01,2.3609078878e-08
hadrons,5.0705643372e-01,2.3624181764e-08
hadrons,5.0725386268e-01,2.3644333546e-08
hadrons,5.0767717434e-01,2.3684688692e-08
hadrons,5.0855315125e-01,2.3775740430e-08
hadrons,5.1028126537e-01,2.3958894041e-08
hadrons,5.1030964207e-01,2.3964001404e-08
hadrons,5.1033802035e-01,2.3964001404e-08
hadrons,5.1039478164e-01,2.3974219398e-08
hadrons,5.1050833771e-01,2.3989555867e-08
hadrons,5.1073551110e-01,2.4015137579e-08
hadrons,5.1121858844e-01,2.4071514463e-08
hadrons,5.1215763327e-01,2.4189821078e-08
hadrons,5.1404090081e-01,2.4433388925e-08
hadrons,5.1756913356e-01,2.4911970430e-08
hadrons,5.2106362888e-01,2.5410756260e-08
hadrons,5.2487351813e-01,2.5980376296e-08
hadrons,5.2847610293e-01,2.6511853230e-08
hadrons,5.3239940638e-01,2.7048438022e-08
hadrons,5.3605364677e-01,2.7513651157e-08
hadrons,5.3970295600e-01,2.7951093173e-08
hadrons,5.4367936372e-01,2.8371290531e-08
hadrons,5.4741102658e-01,2.8767126909e-08
hadrons,5.5147489921e-01,2.9261900223e-08
hadrons,5.5550715610e-01,2.9841418707e-08
hadrons,5.5835657939e-01,3.0257767971e-08
hadrons,5.5841868940e-01,3.0277122416e-08
hadrons,5.6340962008e-01,3.1061587685e-08
hadrons,5.6730825210e-01,3.1595824027e-08
hadrons,5.7113856519e-01,3.2111856944e-08
hadrons,5.7534659146e-01,3.2685052622e-08
hadrons,5.7926339651e-01,3.3247211361e-08
hadrons,5.8356373492e-01,3.3963525839e-08
hadrons,5.8783061795e-01,3.4695273385e-08
hadrons,5.9179949255e-01,3.5337173944e-08
hadrons,5.9615974409e-01,3.5952609662e-08
hadrons,6.0028499753e-01,3.6508656538e-08
hadrons,6.0474139620e-01,3.7120748521e-08
hadrons,6.0916312540e-01,3.7743104695e-08
hadrons,6.1331013559e-01,3.8400442341e-08
hadrons,6.1786323915e-01,3.9160945452e-08
hadrons,6.2213866565e-01,3.9910978657e-08
hadrons,6.2633918789e-01,4.0649375476e-08
hadrons,6.2640885118e-01,4.0666707934e-08
hadrons,6.2647853113e-01,4.0675376934e-08
hadrons,6.2661790537e-01,4.0701397246e-08
hadrons,6.2693160855e-01,4.0753487815e-08
hadrons,6.2748969490e-01,4.0849158917e-08
hadrons,6.2864231526e-01,4.1049922012e-08
hadrons,6.3095392049e-01,4.1401431185e-08
hadrons,6.3098900779e-01,4.1410259068e-08
hadrons,6.3102409704e-01,4.1410259068e-08
hadrons,6.3123469150e-01,4.1436747227e-08
hadrons,6.3148047087e-01,4.1480936343e-08
hadrons,6.3204260656e-01,4.1551734248e-08
hadrons,6.3309795556e-01,4.1693692767e-08
hadrons,6.3528460241e-01,4.1988015195e-08
hadrons,6.3531993959e-01,4.1996965861e-08
hadrons,6.3535526968e-01,4.1996965861e-08
hadrons,6.3556730055e-01,4.2023831602e-08
hadrons,6.3585012449e-01,4.2068644503e-08
hadrons,6.3645155010e-01,4.2149428642e-08
hadrons,6.3762063226e-01,4.2311464916e-08
hadrons,6.3765609030e-01,4.2320484532e-08
hadrons,6.3769155938e-01,4.2320484532e-08
hadrons,6.3776248531e-01,4.2329506071e-08
hadrons,6.3793984374e-01,4.2356584540e-08
hadrons,6.3822372344e-01,4.2392715342e-08
hadrons,6.3882739415e-01,4.2483178401e-08
hadrons,6.3886291929e-01,4.2483178401e-08
hadrons,6.3889844641e-01,4.2492234622e-08
hadrons,6.3911166881e-01,4.2519414869e-08
hadrons,6.3939606997e-01,4.2564758568e-08
hadrons,6.3943162674e-01,4.2573832179e-08
hadrons,6.3946718548e-01,4.2573832179e-08
hadrons,6.3953830890e-01,4.2591985205e-08
hadrons,6.3971617028e-01,4.2610148296e-08
hadrons,6.3975174484e-01,4.2619231583e-08
hadrons,6.3978732139e-01,4.2619231583e-08
hadrons,6.3985848953e-01,4.2637406294e-08
hadrons,6.4000084044e-01,4.2655586427e-08
hadrons,6.4007202321e-01,4.2673776641e-08
hadrons,6.4014322302e-01,4.2682873492e-08
hadrons,6.4057056085e-01,4.2764837131e-08
hadrons,6.4117644221e-01,4.2874367651e-08
hadrons,6.4231848412e-01,4.3094271008e-08
hadrons,6.4468036936e-01,4.3556033457e-08
hadrons,6.4906918014e-01,4.4447053158e-08
hadrons,6.5385138244e-01,4.5336971600e-08
hadrons,6.5833923517e-01,4.6126564784e-08
hadrons,6.6278416503e-01,4.6899909975e-08
hadrons,6.6766741639e-01,4.7747245551e-08
hadrons,6.7221270724e-01,4.8620257416e-08
hadrons,6.7720309284e-01,4.9636033199e-08
hadrons,6.8211670303e-01,5.0694639803e-08
hadrons,6.8676037032e-01,5.1720667583e-08
hadrons,6.9182027321e-01,5.2868793416e-08
hadrons,6.9656872386e-01,5.3973329733e-08
hadrons,7.0173992412e-01,5.5230294609e-08
hadrons,7.0687087405e-01,5.6504487305e-08
hadrons,7.1168306108e-01,5.7795752727e-08
hadrons,7.1696645724e-01,5.9318497325e-08
hadrons,7.2188751417e-01,6.0687007063e-08
hadrons,7.2680193045e-01,6.1941677492e-08
hadrons,7.3211612761e-01,6.3397726002e-08
hadrons,7.3714116763e-01,6.4957199585e-08
hadrons,7.4261355981e-01,6.6697049960e-08
hadrons,7.4800178205e-01,6.8512709580e-08
hadrons,7.5309396653e-01,7.0422813277e-08
hadrons,7.5864260111e-01,7.2695433376e-08
hadrons,7.6389218904e-01,7.4801830907e-08
hadrons,7.6900701970e-01,7.6887272493e-08
hadrons,7.7467289824e-01,7.9250165972e-08
hadrons,7.7994666324e-01,8.1616051529e-08
hadrons,7.8573683506e-01,8.4537718583e-08
hadrons,7.9117390727e-01,8.7377521924e-08
hadrons,7.9651570119e-01,9.0158841061e-08
hadrons,8.0238425778e-01,9.3446060201e-08
hadrons,8.0789159857e-01,9.6873778733e-08
hadrons,8.1388922813e-01,1.0102843406e-07
hadrons,8.1984019790e-01,1.0549610359e-07
hadrons,8.2542144974e-01,1.0976287270e-07
hadrons,8.3150296584e-01,1.1473902575e-07
hadrons,8.3725673839e-01,1.1981301026e-07
hadrons,8.4290967122e-01,1.2535162002e-07
hadrons,8.4907281966e-01,1.3198762716e-07
hadrons,8.5490061765e-01,1.3873814644e-07
hadrons,8.6124723301e-01,1.4689468569e-07
hadrons,8.6749623215e-01,1.5589588084e-07
hadrons,8.7340191347e-01,1.6439398412e-07
hadrons,8.7379057249e-01,1.6495562437e-07
hadrons,8.7417940447e-01,1.6555447651e-07
hadrons,8.7500624391e-01,1.6672315196e-07
hadrons,8.7661352131e-01,1.6919347572e-07
hadrons,8.7671102084e-01,1.6933780030e-07
hadrons,8.7680854370e-01,1.6951837684e-07
hadrons,8.7700360948e-01,1.6980770362e-07
hadrons,8.7739387124e-01,1.7046050031e-07
hadrons,8.7822375108e-01,1.7177362266e-07
hadrons,8.7983693864e-01,1.7446747538e-07
hadrons,8.7988587883e-01,1.7457908339e-07
hadrons,8.8003269068e-01,1.7480250411e-07
hadrons,8.8017951450e-01,1.7517552031e-07
hadrons,8.8057118952e-01,1.7592393276e-07
hadrons,8.8130605315e-01,1.7739254868e-07
hadrons,8.8282671194e-01,1.8048203486e-07
hadrons,8.8587589292e-01,1.8706246549e-07
hadrons,8.9245246267e-01,2.0262939743e-07
hadrons,8.9897786863e-01,2.1925795382e-07
hadrons,9.0514820090e-01,2.3674592807e-07
hadrons,9.1181713842e-01,2.5908480234e-07
hadrons,9.1812664996e-01,2.8413654904e-07
hadrons,9.2432559473e-01,3.1147781926e-07
hadrons,9.3113582717e-01,3.4606637877e-07
hadrons,9.3752688266e-01,3.8597398859e-07
hadrons,9.4448689928e-01,4.3760771577e-07
hadrons,9.5133986506e-01,4.9826847726e-07
hadrons,9.5781631768e-01,5.6564741924e-07
hadrons,9.6487330257e-01,6.5137448778e-07
hadrons,9.6492697284e-01,6.5193011999e-07
hadrons,9.6498063235e-01,6.5262535351e-07
hadrons,9.6508796034e-01,6.5387858566e-07
hadrons,9.6530266586e-01,6.5653219870e-07
hadrons,9.6573222021e-01,6.6173078549e-07
hadrons,9.6653815334e-01,6.7196518404e-07
hadrons,9.6820587674e-01,6.9217313847e-07
hadrons,9.6825971860e-01,6.9291128809e-07
hadrons,9.6842127591e-01,6.9468599223e-07
hadrons,9.6863672301e-01,6.9720793058e-07
hadrons,9.6906776100e-01,7.0272855968e-07
hadrons,9.6998435025e-01,7.1298884398e-07
hadrons,9.7030805360e-01,7.1848126941e-07
hadrons,9.7068585555e-01,7.2571567333e-07
hadrons,9.7154994745e-01,7.4008813869e-07
hadrons,9.7160397527e-01,7.4103527980e-07
hadrons,9.7165801993e-01,7.4182553715e-07
hadrons,9.7176609059e-01,7.4356697368e-07
hadrons,9.7192823296e-01,7.4706220195e-07
hadrons,9.7236073565e-01,7.5378053872e-07
hadrons,9.7317220048e-01,7.6690849703e-07
hadrons,9.7338870452e-01,7.7018500432e-07
hadrons,9.7360525673e-01,7.7331061971e-07
hadrons,9.7398434250e-01,7.7926776935e-07
hadrons,9.7479714839e-01,7.9047702418e-07
hadrons,9.7490558208e-01,7.9182617687e-07
hadrons,9.7501401394e-01,7.9300858507e-07
hadrons,9.7523092774e-01,7.9554825347e-07
hadrons,9.7561064648e-01,8.0031072913e-07
hadrons,9.7571917065e-01,8.0133494119e-07
hadrons,9.7582769301e-01,8.0253154852e-07
hadrons,9.7604478783e-01,8.0458701521e-07
hadrons,9.7647912237e-01,8.0871375562e-07
hadrons,9.7653342429e-01,8.0923109523e-07
hadrons,9.7664205112e-01,8.1009403399e-07
hadrons,9.7685932711e-01,8.1164965220e-07
hadrons,9.7696797627e-01,8.1234200152e-07
hadrons,9.7707665143e-01,8.1320830203e-07
hadrons,9.7729402411e-01,8.1442259502e-07
hadrons,9.7740272163e-01,8.1511730970e-07
hadrons,9.7745708883e-01,8.1563874571e-07
hadrons,9.7751144515e-01,8.1581261699e-07
hadrons,9.7756580448e-01,8.1616051529e-07
hadrons,9.7767453223e-01,8.1668257408e-07
hadrons,9.7778328598e-01,8.1703084336e-07
hadrons,9.7789205184e-01,8.1755350347e-07
hadrons,9.7827279279e-01,8.1877432945e-07
hadrons,9.7832720840e-01,8.1877432945e-07
hadrons,9.7843602083e-01,8.1912344605e-07
hadrons,9.7849043158e-01,8.1912344605e-07
hadrons,9.7854484536e-01,8.1929806017e-07
hadrons,9.7859927609e-01,8.1929806017e-07
hadrons,9.7865369592e-01,8.1947271152e-07
hadrons,9.7908919141e-01,8.1947271152e-07
hadrons,9.7914363849e-01,8.1929806017e-07
hadrons,9.7919810253e-01,8.1929806017e-07
hadrons,9.7925255566e-01,8.1912344605e-07
hadrons,9.7930701182e-01,8.1912344605e-07
hadrons,9.7947041242e-01,8.1859978228e-07
hadrons,9.7952488069e-01,8.1859978228e-07
hadrons,9.7963384028e-01,8.1825088887e-07
hadrons,9.7968831764e-01,8.1790209953e-07
hadrons,9.7979728146e-01,8.1772778292e-07
hadrons,9.7996076385e-01,8.1720501140e-07
hadrons,9.8001525940e-01,8.1633449780e-07
hadrons,9.8017877817e-01,8.1164965220e-07
hadrons,9.8023328583e-01,8.0992138149e-07
hadrons,9.8034232422e-01,8.0681970106e-07
hadrons,9.8039684098e-01,8.0510171492e-07
hadrons,9.8045136077e-01,8.0355864657e-07
hadrons,9.8056042342e-01,8.0014011805e-07
hadrons,9.8077857114e-01,7.9351587798e-07
hadrons,9.8083311216e-01,7.9182617687e-07
hadrons,9.8088765621e-01,7.8997171711e-07
hadrons,9.8099676739e-01,7.8661099061e-07
hadrons,9.8121501218e-01,7.7960004078e-07
hadrons,9.8165164744e-01,7.6527545328e-07
hadrons,9.8187003793e-01,7.5813136352e-07
hadrons,9.8214309087e-01,7.5073386124e-07
hadrons,9.8258013911e-01,7.3584086178e-07
hadrons,9.8345481915e-01,7.0558045739e-07
hadrons,9.8526130307e-01,6.4570649847e-07
hadrons,9.8531610740e-01,6.4391965593e-07
hadrons,9.8537090075e-01,6.4227464380e-07
hadrons,9.8569973890e-01,6.3208809748e-07
hadrons,9.8608353381e-01,6.1875691808e-07
hadrons,9.8613836984e-01,6.1704465223e-07
hadrons,9.8619322296e-01,6.1546829728e-07
hadrons,9.8630291027e-01,6.1206664629e-07
hadrons,9.8696133252e-01,5.9280575144e-07
hadrons,9.8701621737e-01,5.9129131925e-07
hadrons,9.8707111932e-01,5.8965502588e-07
hadrons,9.8712601027e-01,5.8652107825e-07
hadrons,9.8718090427e-01,5.8502270142e-07
hadrons,9.8723580132e-01,5.8340378718e-07
hadrons,9.8729070143e-01,5.8191337405e-07
hadrons,9.8734561865e-01,5.8154135814e-07
hadrons,9.8745543413e-01,5.9839193043e-07
hadrons,9.8751036051e-01,6.0816505529e-07
hadrons,9.8756527589e-01,6.1206664629e-07
hadrons,9.8762019432e-01,6.1520594647e-07
hadrons,9.8767511580e-01,6.1783432623e-07
hadrons,9.8773004034e-01,6.2007730162e-07
hadrons,9.8778498200e-01,6.2206311090e-07
hadrons,9.8783991264e-01,6.2378930270e-07
hadrons,9.8789484634e-01,6.2538700378e-07
hadrons,9.8794979717e-01,6.2672150125e-07
hadrons,9.8800473698e-01,6.2792499040e-07
hadrons,9.8811462577e-01,6.3007025109e-07
hadrons,9.8822454085e-01,6.3168400499e-07
hadrons,9.8827949595e-01,6.3303197402e-07
hadrons,9.8838942937e-01,6.3411240617e-07
hadrons,9.8855433132e-01,6.3533008802e-07
hadrons,9.8866429532e-01,6.3587203412e-07
hadrons,9.8871927486e-01,6.3600758418e-07
hadrons,9.8877425747e-01,6.3627880572e-07
hadrons,9.8888424592e-01,6.3655010819e-07
hadrons,9.8899423254e-01,6.3655010819e-07
hadrons,9.8904923043e-01,6.3668580280e-07
hadrons,9.8910424547e-01,6.3655010819e-07
hadrons,9.8921425655e-01,6.3655010819e-07
hadrons,9.8948935187e-01,6.3587203412e-07
hadrons,9.8954439139e-01,6.3546552256e-07
hadrons,9.8965445143e-01,6.3492392293e-07
hadrons,9.8970950013e-01,6.3478860383e-07
hadrons,9.8976453780e-01,6.3451801750e-07
hadrons,9.8987462232e-01,6.3384210808e-07
hadrons,9.8998473318e-01,6.3330189207e-07
hadrons,9.9003978615e-01,6.3316691866e-07
hadrons,9.9009484219e-01,6.3316691866e-07
hadrons,9.9037018240e-01,6.3249244848e-07
hadrons,9.9042527091e-01,6.3222284091e-07
hadrons,9.9048034839e-01,6.3208809748e-07
hadrons,9.9053542892e-01,6.3181869676e-07
hadrons,9.9059052663e-01,6.3168400499e-07
hadrons,9.9064561329e-01,6.3141477649e-07
hadrons,9.9070070302e-01,6.3087662927e-07
hadrons,9.9081089166e-01,6.3033894070e-07
hadrons,9.9114155936e-01,6.2832667823e-07
hadrons,9.9136206109e-01,6.2672150125e-07
hadrons,9.9158261188e-01,6.2498719528e-07
hadrons,9.9169289861e-01,6.2418834490e-07
hadrons,9.9180321173e-01,6.2312482186e-07
hadrons,9.9196869736e-01,6.2113562328e-07
hadrons,9.9202386066e-01,6.2060620299e-07
hadrons,9.9213419647e-01,6.1994511289e-07
hadrons,9.9224455868e-01,6.1888881968e-07
hadrons,9.9246530580e-01,6.1638732238e-07
hadrons,9.9290694737e-01,6.1102377680e-07
hadrons,9.9296216285e-01,6.1024280758e-07
hadrons,9.9301738140e-01,6.0959275691e-07
hadrons,9.9312784186e-01,6.0803540603e-07
hadrons,9.9334878548e-01,6.0506168368e-07
hadrons,9.9384608483e-01,5.9877469308e-07
hadrons,9.9395663747e-01,5.9724504472e-07
hadrons,9.9406718825e-01,5.9559227548e-07
hadrons,9.9428834085e-01,5.9217427529e-07
hadrons,9.9473079367e-01,5.8527218077e-07
hadrons,9.9567165621e-01,5.7061265273e-07
hadrons,9.9589317994e-01,5.6673362824e-07
hadrons,9.9611472459e-01,5.6300096378e-07
hadrons,9.9655799014e-01,5.5525405659e-07
hadrons,9.9750059513e-01,5.3961823642e-07
hadrons,9.9755606606e-01,5.3858399713e-07
hadrons,9.9761154008e-01,5.3766633102e-07
hadrons,9.9772251157e-01,5.3572148605e-07
hadrons,9.9794447738e-01,5.3173949438e-07
hadrons,9.9844407747e-01,5.2397578658e-07
hadrons,9.9933287938e-01,5.0867831628e-07
hadrons,9.9988878943e-01,5.0007735550e-07
hadrons,9.9994439317e-01,4.9911890078e-07
hadrons,1.0000000000e+00,4.9858722294e-07
hadrons,1.0000556099e+00,4.9784380902e-07
hadrons,1.0001112229e+00,4.9720747164e-07
hadrons,1.0002224725e+00,4.9604300995e-07
hadrons,1.0002780948e+00,4.9551458162e-07
hadrons,1.0003337344e+00,4.9488124843e-07
hadrons,1.0004449945e+00,4.9382745553e-07
hadrons,1.0006119220e+00,4.9151704599e-07
hadrons,1.0010571888e+00,4.8713619916e-07
hadrons,1.0011128575e+00,4.8661728569e-07
hadrons,1.0011685293e+00,4.8599532443e-07
hadrons,1.0015026537e+00,4.8289734299e-07
hadrons,1.0019483169e+00,4.7869537157e-07
hadrons,1.0027844591e+00,4.7090242271e-07
hadrons,1.0028402382e+00,4.7040080199e-07
hadrons,1.0028960061e+00,4.6999985939e-07
hadrons,1.0030075654e+00,4.6899907416e-07
hadrons,1.0036771248e+00,4.6363146185e-07
hadrons,1.0045147241e+00,4.5686217119e-07
hadrons,1.0062479746e+00,4.4447053158e-07
hadrons,1.0063039320e+00,4.4418638257e-07
hadrons,1.0063598925e+00,4.4380780786e-07
hadrons,1.0064718371e+00,4.4314609646e-07
hadrons,1.0066957494e+00,4.4173141906e-07
hadrons,1.0070877194e+00,4.3900916275e-07
hadrons,1.0079842157e+00,4.3379981214e-07
hadrons,1.0096672908e+00,4.2410791142e-07
hadrons,1.0130982261e+00,4.0209856560e-07
hadrons,1.0205625307e+00,3.5899000893e-07
hadrons,1.0275673714e+00,3.2297204970e-07
hadrons,1.0351958458e+00,2.9019643754e-07
hadrons,1.0427649435e+00,2.6365324039e-07
hadrons,1.0498638071e+00,2.4262117435e-07
hadrons,1.0575989782e+00,2.2274396791e-07
hadrons,1.0649172580e+00,2.0686273649e-07
hadrons,1.0721072935e+00,1.9342873583e-07
hadrons,1.0800063498e+00,1.8082861332e-07
hadrons,1.0873587274e+00,1.7024262924e-07
hadrons,1.0954310820e+00,1.6113275795e-07
hadrons,1.0999483721e+00,1.5672887652e-07
hadrons,1.1034406050e+00,1.5348878151e-07
hadrons,1.1108907557e+00,1.4683207806e-07
hadrons,1.1191377918e+00,1.4067382170e-07
hadrons,1.1268192402e+00,1.3540736131e-07
hadrons,1.1344272213e+00,1.3103449649e-07
hadrons,1.1427218907e+00,1.2682988732e-07
hadrons,1.1505012180e+00,1.2310084779e-07
hadrons,1.1590423310e+00,1.1971088854e-07
hadrons,1.1669976563e+00,1.1708622599e-07
hadrons,1.1749422629e+00,1.1469011685e-07
hadrons,1.1750076013e+00,1.1466567335e-07
hadrons,1.1750729434e+00,1.1466567335e-07
hadrons,1.1752036552e+00,1.1461680197e-07
hadrons,1.1754651057e+00,1.1454352771e-07
hadrons,1.1759881812e+00,1.1437273863e-07
hadrons,1.1771004854e+00,1.1408055227e-07
hadrons,1.1792626722e+00,1.1349841697e-07
hadrons,1.1793282677e+00,1.1349841697e-07
hadrons,1.1795250257e+00,1.1342585769e-07
hadrons,1.1797874376e+00,1.1337751473e-07
hadrons,1.1803124365e+00,1.1323259709e-07
hadrons,1.1814288476e+00,1.1299148742e-07
hadrons,1.1835989851e+00,1.1253478519e-07
hadrons,1.1836648049e+00,1.1251080105e-07
hadrons,1.1837964556e+00,1.1248682202e-07
hadrons,1.1840598346e+00,1.1241490944e-07
hadrons,1.1845867347e+00,1.1231909957e-07
hadrons,1.1855752918e+00,1.1212772472e-07
hadrons,1.1876209551e+00,1.1174595269e-07
hadrons,1.1916565921e+00,1.1098630376e-07
hadrons,1.1917228600e+00,1.1098630376e-07
hadrons,1.1927837162e+00,1.1079719980e-07
hadrons,1.1939119234e+00,1.1060841804e-07
hadrons,1.1961049907e+00,1.1023181893e-07
hadrons,1.1961715060e+00,1.1020832561e-07
hadrons,1.1962380421e+00,1.1020832561e-07
hadrons,1.1966372508e+00,1.1013786968e-07
hadrons,1.1972363223e+00,1.1004400050e-07
hadrons,1.1983020865e+00,1.0987992040e-07
hadrons,1.2005699951e+00,1.0955249378e-07
hadrons,1.2006367587e+00,1.0952914524e-07
hadrons,1.2007035260e+00,1.0952914524e-07
hadrons,1.2011042421e+00,1.0945912948e-07
hadrons,1.2027084100e+00,1.0924933274e-07
hadrons,1.2049176354e+00,1.0897023506e-07
hadrons,1.2092810199e+00,1.0848353019e-07
hadrons,1.2094155369e+00,1.0848353019e-07
hadrons,1.2095500517e+00,1.0846040948e-07
hadrons,1.2103575061e+00,1.0839107098e-07
hadrons,1.2113675865e+00,1.0827560926e-07
hadrons,1.2133902769e+00,1.0806808093e-07
hadrons,1.2135252337e+00,1.0806808093e-07
hadrons,1.2136602056e+00,1.0804504876e-07
hadrons,1.2144704211e+00,1.0797598169e-07
hadrons,1.2154839166e+00,1.0788394917e-07
hadrons,1.2156191236e+00,1.0788394917e-07
hadrons,1.2157543283e+00,1.0786095625e-07
hadrons,1.2159571809e+00,1.0783796822e-07
hadrons,1.2164982752e+00,1.0779200686e-07
hadrons,1.2175134802e+00,1.0772309568e-07
hadrons,1.2176488957e+00,1.0772309568e-07
hadrons,1.2177843435e+00,1.0770013115e-07
hadrons,1.2181230030e+00,1.0767717740e-07
hadrons,1.2186650610e+00,1.0765422854e-07
hadrons,1.2187328308e+00,1.0763128458e-07
hadrons,1.2189361804e+00,1.0763128458e-07
hadrons,1.2192073602e+00,1.0760834550e-07
hadrons,1.2193429814e+00,1.0760834550e-07
hadrons,1.2194786003e+00,1.0758540544e-07
hadrons,1.2197499007e+00,1.0758540544e-07
hadrons,1.2198177309e+00,1.0756247614e-07
hadrons,1.2203605431e+00,1.0756247614e-07
hadrons,1.2204284246e+00,1.0753955173e-07
hadrons,1.2210394067e+00,1.0753955173e-07
hadrons,1.2211752142e+00,1.0751662633e-07
hadrons,1.2214468921e+00,1.0751662633e-07
hadrons,1.2219904293e+00,1.0749371169e-07
hadrons,1.2226022107e+00,1.0749371169e-07
hadrons,1.2231462619e+00,1.0747080193e-07
hadrons,1.2236905552e+00,1.0747080193e-07
hadrons,1.2243031704e+00,1.0744789706e-07
hadrons,1.2255293209e+00,1.0744789706e-07
hadrons,1.2256656454e+00,1.0742499707e-07
hadrons,1.2275756580e+00,1.0742499707e-07
hadrons,1.2276439234e+00,1.0740209609e-07
hadrons,1.2297621745e+00,1.0740209609e-07
hadrons,1.2298305615e+00,1.0737920586e-07
hadrons,1.2303778293e+00,1.0737920586e-07
hadrons,1.2305146755e+00,1.0735632051e-07
hadrons,1.2308568927e+00,1.0735632051e-07
hadrons,1.2309937923e+00,1.0733343417e-07
hadrons,1.2312676545e+00,1.0733343417e-07
hadrons,1.2318155618e+00,1.0731055858e-07
hadrons,1.2328435496e+00,1.0726482201e-07
hadrons,1.2349707725e+00,1.0717340149e-07
hadrons,1.2352455195e+00,1.0717340149e-07
hadrons,1.2355203277e+00,1.0715055415e-07
hadrons,1.2360013758e+00,1.0712771753e-07
hadrons,1.2365513896e+00,1.0712771753e-07
hadrons,1.2370328569e+00,1.0710488577e-07
hadrons,1.2373080626e+00,1.0710488577e-07
hadrons,1.2375833296e+00,1.0708205888e-07
hadrons,1.2381340474e+00,1.0708205888e-07
hadrons,1.2382028999e+00,1.0705923686e-07
hadrons,1.2391673082e+00,1.0705923686e-07
hadrons,1.2392362182e+00,1.0703641386e-07
hadrons,1.2404773420e+00,1.0703641386e-07
hadrons,1.2406843197e+00,1.0705923686e-07
hadrons,1.2413744713e+00,1.0705923686e-07
hadrons,1.2415125406e+00,1.0708205888e-07
hadrons,1.2417196911e+00,1.0708205888e-07
hadrons,1.2422722495e+00,1.0710488577e-07
hadrons,1.2433089638e+00,1.0712771753e-07
hadrons,1.2433781041e+00,1.0715055415e-07
hadrons,1.2438622294e+00,1.0715055415e-07
hadrons,1.2444849431e+00,1.0717340149e-07
hadrons,1.2455927673e+00,1.0724196103e-07
hadrons,1.2458698775e+00,1.0724196103e-07
hadrons,1.2461470492e+00,1.0726482201e-07
hadrons,1.2467015778e+00,1.0728768785e-07
hadrons,1.2478807838e+00,1.0735632051e-07
hadrons,1.2481583851e+00,1.0735632051e-07
hadrons,1.2484360838e+00,1.0737920586e-07
hadrons,1.2487138087e+00,1.0737920586e-07
hadrons,1.2489916310e+00,1.0740209609e-07
hadrons,1.2491305475e+00,1.0740209609e-07
hadrons,1.2492694795e+00,1.0742499707e-07
hadrons,1.2496864037e+00,1.0742499707e-07
hadrons,1.2498253975e+00,1.0744789706e-07
hadrons,1.2514250446e+00,1.0744789706e-07
hadrons,1.2515642496e+00,1.0742499707e-07
hadrons,1.2564458700e+00,1.0742499707e-07
hadrons,1.2567253947e+00,1.0744789706e-07
hadrons,1.2574944126e+00,1.0744789706e-07
hadrons,1.2577741705e+00,1.0747080193e-07
hadrons,1.2580539907e+00,1.0747080193e-07
hadrons,1.2583338731e+00,1.0749371169e-07
hadrons,1.2586138177e+00,1.0749371169e-07
hadrons,1.2588238216e+00,1.0751662633e-07
hadrons,1.2591038753e+00,1.0751662633e-07
hadrons,1.2593839912e+00,1.0753955173e-07
hadrons,1.2596641695e+00,1.0753955173e-07
hadrons,1.2597342193e+00,1.0756247614e-07
hadrons,1.2600144756e+00,1.0756247614e-07
hadrons,1.2600845449e+00,1.0758540544e-07
hadrons,1.2601546360e+00,1.0758540544e-07
hadrons,1.2602247131e+00,1.0760834550e-07
hadrons,1.2604349678e+00,1.0763128458e-07
hadrons,1.2609958544e+00,1.0772309568e-07
hadrons,1.2610659962e+00,1.0772309568e-07
hadrons,1.2611361240e+00,1.0774605922e-07
hadrons,1.2615569906e+00,1.0781498509e-07
hadrons,1.2621885808e+00,1.0790695289e-07
hadrons,1.2633121646e+00,1.0811416590e-07
hadrons,1.2656327116e+00,1.0855292783e-07
hadrons,1.2657030933e+00,1.0857606827e-07
hadrons,1.2662663242e+00,1.0866868528e-07
hadrons,1.2668298057e+00,1.0878456617e-07
hadrons,1.2680280502e+00,1.0903994405e-07
hadrons,1.2680985651e+00,1.0903994405e-07
hadrons,1.2681690840e+00,1.0906318831e-07
hadrons,1.2683101335e+00,1.0908644347e-07
hadrons,1.2685923156e+00,1.0915622084e-07
hadrons,1.2691568322e+00,1.0927262759e-07
hadrons,1.2692274099e+00,1.0927262759e-07
hadrons,1.2692979916e+00,1.0929592144e-07
hadrons,1.2694391666e+00,1.0931922027e-07
hadrons,1.2695097781e+00,1.0934252405e-07
hadrons,1.2695803755e+00,1.0934252405e-07
hadrons,1.2697922091e+00,1.0936583281e-07
hadrons,1.2699334391e+00,1.0941247120e-07
hadrons,1.2700040600e+00,1.0941247120e-07
hadrons,1.2700747029e+00,1.0943579487e-07
hadrons,1.2701453317e+00,1.0943579487e-07
hadrons,1.2702159644e+00,1.0945912948e-07
hadrons,1.2703572596e+00,1.0945912948e-07
hadrons,1.2704279041e+00,1.0948246309e-07
hadrons,1.2704985525e+00,1.0948246309e-07
hadrons,1.2709225616e+00,1.0955249378e-07
hadrons,1.2726199773e+00,1.0976287270e-07
hadrons,1.2749576215e+00,1.1002054721e-07
hadrons,1.2750285218e+00,1.1004400050e-07
hadrons,1.2750994261e+00,1.1004400050e-07
hadrons,1.2752412645e+00,1.1006745879e-07
hadrons,1.2755249706e+00,1.1009092208e-07
hadrons,1.2760925722e+00,1.1016134798e-07
hadrons,1.2772995598e+00,1.1027882060e-07
hadrons,1.2795746428e+00,1.1056126986e-07
hadrons,1.2797169791e+00,1.1056126986e-07
hadrons,1.2798593129e+00,1.1058484445e-07
hadrons,1.2801440464e+00,1.1060841804e-07
hadrons,1.2806424870e+00,1.1065558028e-07
hadrons,1.2817824983e+00,1.1077358598e-07
hadrons,1.2818537781e+00,1.1077358598e-07
hadrons,1.2819250619e+00,1.1079719980e-07
hadrons,1.2819963679e+00,1.1079719980e-07
hadrons,1.2822815768e+00,1.1082081865e-07
hadrons,1.2828521850e+00,1.1089171147e-07
hadrons,1.2839227645e+00,1.1100996293e-07
hadrons,1.2839941633e+00,1.1103362713e-07
hadrons,1.2840655662e+00,1.1103362713e-07
hadrons,1.2844941030e+00,1.1110465609e-07
hadrons,1.2849942191e+00,1.1117573048e-07
hadrons,1.2850656958e+00,1.1117573048e-07
hadrons,1.2851371582e+00,1.1119943003e-07
hadrons,1.2852800950e+00,1.1122313462e-07
hadrons,1.2855660344e+00,1.1124684427e-07
hadrons,1.2860665861e+00,1.1134174558e-07
hadrons,1.2861381042e+00,1.1136548051e-07
hadrons,1.2862096446e+00,1.1136548051e-07
hadrons,1.2872114259e+00,1.1153177895e-07
hadrons,1.2882856432e+00,1.1176977379e-07
hadrons,1.2883572847e+00,1.1176977379e-07
hadrons,1.2885722513e+00,1.1184127366e-07
hadrons,1.2888589232e+00,1.1188896158e-07
hadrons,1.2890022739e+00,1.1193667594e-07
hadrons,1.2891456589e+00,1.1196053770e-07
hadrons,1.2894324583e+00,1.1205604172e-07
hadrons,1.2895041636e+00,1.1205604172e-07
hadrons,1.2897193216e+00,1.1212772472e-07
hadrons,1.2898627679e+00,1.1215162720e-07
hadrons,1.2899344971e+00,1.1215162720e-07
hadrons,1.2900062486e+00,1.1217553478e-07
hadrons,1.2900779858e+00,1.1222337135e-07
hadrons,1.2901497269e+00,1.1224729422e-07
hadrons,1.2902214904e+00,1.1229516139e-07
hadrons,1.2903649927e+00,1.1234304285e-07
hadrons,1.2906520634e+00,1.1248682202e-07
hadrons,1.2907238364e+00,1.1253478519e-07
hadrons,1.2907956319e+00,1.1255877445e-07
hadrons,1.2918009850e+00,1.1306376883e-07
hadrons,1.2930228303e+00,1.1364367481e-07
hadrons,1.2931666625e+00,1.1374060836e-07
hadrons,1.2935982183e+00,1.1395902992e-07
hadrons,1.2941738624e+00,1.1427526012e-07
hadrons,1.2953979705e+00,1.1488586508e-07
hadrons,1.2977774551e+00,1.1606739046e-07
hadrons,1.2978496244e+00,1.1609213276e-07
hadrons,1.2979217978e+00,1.1614163954e-07
hadrons,1.2980661749e+00,1.1619116743e-07
hadrons,1.2982827615e+00,1.1631507007e-07
hadrons,1.2988604902e+00,1.1656327185e-07
hadrons,1.2989327197e+00,1.1661297954e-07
hadrons,1.2991494324e+00,1.1668757128e-07
hadrons,1.2994384759e+00,1.1681200963e-07
hadrons,1.2995830033e+00,1.1686181702e-07
hadrons,1.2997275467e+00,1.1693657431e-07
hadrons,1.3000167189e+00,1.1703632296e-07
hadrons,1.3000890127e+00,1.1706127182e-07
hadrons,1.3005228786e+00,1.1713615670e-07
hadrons,1.3005952191e+00,1.1713615670e-07
hadrons,1.3006675451e+00,1.1716112684e-07
hadrons,1.3008122092e+00,1.1718610870e-07
hadrons,1.3011016041e+00,1.1721108948e-07
hadrons,1.3011739768e+00,1.1721108948e-07
hadrons,1.3012463350e+00,1.1723607560e-07
hadrons,1.3013910634e+00,1.1726106704e-07
hadrons,1.3016805871e+00,1.1728606380e-07
hadrons,1.3017529920e+00,1.1728606380e-07
hadrons,1.3018253824e+00,1.1731107230e-07
hadrons,1.3018977768e+00,1.1731107230e-07
hadrons,1.3021874133e+00,1.1733607973e-07
hadrons,1.3022598278e+00,1.1736109249e-07
hadrons,1.3024771142e+00,1.1736109249e-07
hadrons,1.3027668795e+00,1.1738611698e-07
hadrons,1.3028393262e+00,1.1741114040e-07
hadrons,1.3030567093e+00,1.1741114040e-07
hadrons,1.3033466035e+00,1.1743616916e-07
hadrons,1.3034915841e+00,1.1743616916e-07
hadrons,1.3036365623e+00,1.1746120326e-07
hadrons,1.3039265856e+00,1.1746120326e-07
hadrons,1.3039990968e+00,1.1748624269e-07
hadrons,1.3045793692e+00,1.1748624269e-07
hadrons,1.3047244870e+00,1.1751129387e-07
hadrons,1.3054502620e+00,1.1751129387e-07
hadrons,1.3055954766e+00,1.1753634398e-07
hadrons,1.3100320011e+00,1.1753634398e-07
hadrons,1.3101048518e+00,1.1756139942e-07
hadrons,1.3101777067e+00,1.1756139942e-07
hadrons,1.3103234472e+00,1.1758646663e-07
hadrons,1.3104692038e+00,1.1758646663e-07
hadrons,1.3106149581e+00,1.1761153276e-07
hadrons,1.3109065338e+00,1.1763660424e-07
hadrons,1.3115628119e+00,1.1771185717e-07
hadrons,1.3116357664e+00,1.1773695003e-07
hadrons,1.3117087064e+00,1.1773695003e-07
hadrons,1.3118545985e+00,1.1776204824e-07
hadrons,1.3121464501e+00,1.1778715823e-07
hadrons,1.3127303480e+00,1.1786250103e-07
hadrons,1.3139720080e+00,1.1801334413e-07
hadrons,1.3163856108e+00,1.1834082484e-07
hadrons,1.3164588149e+00,1.1836605178e-07
hadrons,1.3165320230e+00,1.1836605178e-07
hadrons,1.3166784703e+00,1.1839129056e-07
hadrons,1.3169713951e+00,1.1841652826e-07
hadrons,1.3176307093e+00,1.1849227364e-07
hadrons,1.3188036470e+00,1.1864392273e-07
hadrons,1.3188769856e+00,1.1866921428e-07
hadrons,1.3189503283e+00,1.1866921428e-07
hadrons,1.3190970446e+00,1.1869451123e-07
hadrons,1.3193905074e+00,1.1871982004e-07
hadrons,1.3194638786e+00,1.1874512778e-07
hadrons,1.3195372539e+00,1.1874512778e-07
hadrons,1.3196840355e+00,1.1877044090e-07
hadrons,1.3199776289e+00,1.1879576591e-07
hadrons,1.3200510327e+00,1.1879576591e-07
hadrons,1.3201244407e+00,1.1882108983e-07
hadrons,1.3203447078e+00,1.1882108983e-07
hadrons,1.3206384481e+00,1.1887175387e-07
hadrons,1.3212261249e+00,1.1892244600e-07
hadrons,1.3213730944e+00,1.1892244600e-07
hadrons,1.3215200614e+00,1.1894779693e-07
hadrons,1.3224022632e+00,1.1902388863e-07
hadrons,1.3236530526e+00,1.1912541779e-07
hadrons,1.3237266797e+00,1.1915081199e-07
hadrons,1.3239475479e+00,1.1915081199e-07
hadrons,1.3248313513e+00,1.1922703356e-07
hadrons,1.3260106989e+00,1.1930329738e-07
hadrons,1.3260844572e+00,1.1930329738e-07
hadrons,1.3261582006e+00,1.1932873601e-07
hadrons,1.3263057187e+00,1.1932873601e-07
hadrons,1.3266007664e+00,1.1935417355e-07
hadrons,1.3271910964e+00,1.1937961650e-07
hadrons,1.3272649203e+00,1.1937961650e-07
hadrons,1.3274125426e+00,1.1940507140e-07
hadrons,1.3277078554e+00,1.1940507140e-07
hadrons,1.3282986780e+00,1.1943052521e-07
hadrons,1.3283725446e+00,1.1943052521e-07
hadrons,1.3284464342e+00,1.1945598444e-07
hadrons,1.3288897636e+00,1.1945598444e-07
hadrons,1.3289636631e+00,1.1948144911e-07
hadrons,1.3295550445e+00,1.1948144911e-07
hadrons,1.3297029405e+00,1.1950691920e-07
hadrons,1.3306645990e+00,1.1950691920e-07
hadrons,1.3308126183e+00,1.1953240124e-07
hadrons,1.3346666598e+00,1.1953240124e-07
hadrons,1.3348151053e+00,1.1950691920e-07
hadrons,1.3365978544e+00,1.1950691920e-07
hadrons,1.3368952107e+00,1.1948144911e-07
hadrons,1.3378620707e+00,1.1948144911e-07
hadrons,1.3381597272e+00,1.1945598444e-07
hadrons,1.3390530181e+00,1.1945598444e-07
hadrons,1.3393509396e+00,1.1943052521e-07
hadrons,1.3440516407e+00,1.1943052521e-07
hadrons,1.3443506552e+00,1.1940507140e-07
hadrons,1.3483938777e+00,1.1940507140e-07
hadrons,1.3484688618e+00,1.1937961650e-07
hadrons,1.3508707092e+00,1.1937961650e-07
hadrons,1.3510209570e+00,1.1935417355e-07
hadrons,1.3524492412e+00,1.1935417355e-07
hadrons,1.3530510737e+00,1.1932873601e-07
hadrons,1.3542555421e+00,1.1932873601e-07
hadrons,1.3543308714e+00,1.1930329738e-07
hadrons,1.3553857099e+00,1.1930329738e-07
hadrons,1.3554610828e+00,1.1927787069e-07
hadrons,1.3559134468e+00,1.1927787069e-07
hadrons,1.3565168208e+00,1.1925244942e-07
hadrons,1.3571204633e+00,1.1925244942e-07
hadrons,1.3576488563e+00,1.1922703356e-07
hadrons,1.3587818558e+00,1.1917621160e-07
hadrons,1.3593865063e+00,1.1917621160e-07
hadrons,1.3594621016e+00,1.1915081199e-07
hadrons,1.3599158009e+00,1.1915081199e-07
hadrons,1.3599914258e+00,1.1912541779e-07
hadrons,1.3602183448e+00,1.1912541779e-07
hadrons,1.3605209560e+00,1.1910002251e-07
hadrons,1.3611263803e+00,1.1907463914e-07
hadrons,1.3612020724e+00,1.1907463914e-07
hadrons,1.3613534887e+00,1.1904926118e-07
hadrons,1.3616563524e+00,1.1902388863e-07
hadrons,1.3622622819e+00,1.1899852149e-07
hadrons,1.3633991315e+00,1.1892244600e-07
hadrons,1.3634749501e+00,1.1892244600e-07
hadrons,1.3635507728e+00,1.1889709399e-07
hadrons,1.3637024309e+00,1.1889709399e-07
hadrons,1.3646128117e+00,1.1882108983e-07
hadrons,1.3659035258e+00,1.1871982004e-07
hadrons,1.3684125203e+00,1.1851753933e-07
hadrons,1.3733679711e+00,1.1813918987e-07
hadrons,1.3827943841e+00,1.1741114040e-07
hadrons,1.3930599798e+00,1.1648875321e-07
hadrons,1.4032457121e+00,1.1552436029e-07
hadrons,1.4034018052e+00,1.1552436029e-07
hadrons,1.4035578956e+00,1.1549973268e-07
hadrons,1.4038701487e+00,1.1547511663e-07
hadrons,1.4044167636e+00,1.1542590026e-07
hadrons,1.4055887724e+00,1.1532752415e-07
hadrons,1.4057451262e+00,1.1532752415e-07
hadrons,1.4059014973e+00,1.1530293851e-07
hadrons,1.4068400092e+00,1.1522923189e-07
hadrons,1.4080140603e+00,1.1513102340e-07
hadrons,1.4080923599e+00,1.1513102340e-07
hadrons,1.4081706838e+00,1.1510647965e-07
hadrons,1.4083273047e+00,1.1510647965e-07
hadrons,1.4085622888e+00,1.1508194741e-07
hadrons,1.4091890912e+00,1.1503289861e-07
hadrons,1.4103651027e+00,1.1491035552e-07
hadrons,1.4104435330e+00,1.1491035552e-07
hadrons,1.4105219676e+00,1.1488586508e-07
hadrons,1.4106788701e+00,1.1488586508e-07
hadrons,1.4109927073e+00,1.1483689986e-07
hadrons,1.4115420956e+00,1.1478794924e-07
hadrons,1.4127986319e+00,1.1464123506e-07
hadrons,1.4128771976e+00,1.1464123506e-07
hadrons,1.4129557676e+00,1.1461680197e-07
hadrons,1.4131129207e+00,1.1461680197e-07
hadrons,1.4134273195e+00,1.1456794518e-07
hadrons,1.4140562869e+00,1.1449470215e-07
hadrons,1.4153937669e+00,1.1434836277e-07
hadrons,1.4179936688e+00,1.1403193027e-07
hadrons,1.4232078085e+00,1.1332918619e-07
hadrons,1.4329763083e+00,1.1224729422e-07
hadrons,1.4330560164e+00,1.1224729422e-07
hadrons,1.4331357085e+00,1.1222337135e-07
hadrons,1.4332951061e+00,1.1222337135e-07
hadrons,1.4336139748e+00,1.1219944745e-07
hadrons,1.4341721709e+00,1.1215162720e-07
hadrons,1.4353690315e+00,1.1205604172e-07
hadrons,1.4355286775e+00,1.1205604172e-07
hadrons,1.4356883616e+00,1.1203215961e-07
hadrons,1.4366467783e+00,1.1196053770e-07
hadrons,1.4378456836e+00,1.1186511508e-07
hadrons,1.4379256626e+00,1.1186511508e-07
hadrons,1.4380056255e+00,1.1184127366e-07
hadrons,1.4380855929e+00,1.1184127366e-07
hadrons,1.4384055274e+00,1.1181743122e-07
hadrons,1.4390456099e+00,1.1174595269e-07
hadrons,1.4392056853e+00,1.1174595269e-07
hadrons,1.4393657579e+00,1.1172213666e-07
hadrons,1.4396059209e+00,1.1169831962e-07
hadrons,1.4396859772e+00,1.1169831962e-07
hadrons,1.4397660381e+00,1.1167451375e-07
hadrons,1.4400062678e+00,1.1167451375e-07
hadrons,1.4400863669e+00,1.1165071295e-07
hadrons,1.4402465375e+00,1.1162691114e-07
hadrons,1.4403266295e+00,1.1162691114e-07
hadrons,1.4404067260e+00,1.1160312049e-07
hadrons,1.4405669528e+00,1.1160312049e-07
hadrons,1.4408073161e+00,1.1155555439e-07
hadrons,1.4414484674e+00,1.1148423718e-07
hadrons,1.4426514003e+00,1.1129428481e-07
hadrons,1.4427316260e+00,1.1129428481e-07
hadrons,1.4428118562e+00,1.1127056505e-07
hadrons,1.4432933722e+00,1.1119943003e-07
hadrons,1.4439356298e+00,1.1112834048e-07
hadrons,1.4453013711e+00,1.1091535047e-07
hadrons,1.4479562096e+00,1.1053770633e-07
hadrons,1.4531997129e+00,1.0987992040e-07
hadrons,1.4532805253e+00,1.0987992040e-07
hadrons,1.4533613628e+00,1.0985650207e-07
hadrons,1.4535230099e+00,1.0985650207e-07
hadrons,1.4538463788e+00,1.0980967441e-07
hadrons,1.4544933324e+00,1.0976287270e-07
hadrons,1.4557071516e+00,1.0962257524e-07
hadrons,1.4581378299e+00,1.0936583281e-07
hadrons,1.4631740687e+00,1.0878456617e-07
hadrons,1.4739544210e+00,1.0749371169e-07
hadrons,1.4841537603e+00,1.0642214474e-07
hadrons,1.4942574804e+00,1.0542866593e-07
hadrons,1.4943405760e+00,1.0542866593e-07
hadrons,1.4944236761e+00,1.0540619053e-07
hadrons,1.4945898903e+00,1.0538372568e-07
hadrons,1.4949224168e+00,1.0536126562e-07
hadrons,1.4955876490e+00,1.0527146748e-07
hadrons,1.4970022452e+00,1.0513691088e-07
hadrons,1.4970854933e+00,1.0513691088e-07
hadrons,1.4971687462e+00,1.0511450342e-07
hadrons,1.4973352870e+00,1.0511450342e-07
hadrons,1.4976684029e+00,1.0506970282e-07
hadrons,1.4983348571e+00,1.0500253200e-07
hadrons,1.4997520517e+00,1.0486831915e-07
hadrons,1.4998354528e+00,1.0486831915e-07
hadrons,1.4999188585e+00,1.0484596893e-07
hadrons,1.5000857053e+00,1.0484596893e-07
hadrons,1.5004194331e+00,1.0480127707e-07
hadrons,1.5010871114e+00,1.0475660997e-07
hadrons,1.5025069093e+00,1.0464501980e-07
hadrons,1.5052668272e+00,1.0444445010e-07
hadrons,1.5053505564e+00,1.0444445010e-07
hadrons,1.5055179859e+00,1.0442219022e-07
hadrons,1.5065230184e+00,1.0435543904e-07
hadrons,1.5077802581e+00,1.0426649247e-07
hadrons,1.5103818733e+00,1.0413322610e-07
hadrons,1.5104658656e+00,1.0411103255e-07
hadrons,1.5107178917e+00,1.0411103255e-07
hadrons,1.5110539849e+00,1.0408883805e-07
hadrons,1.5116423333e+00,1.0404447460e-07
hadrons,1.5129879776e+00,1.0397795920e-07
hadrons,1.5155985570e+00,1.0386719847e-07
hadrons,1.5156828609e+00,1.0386719847e-07
hadrons,1.5157671479e+00,1.0384506162e-07
hadrons,1.5159357360e+00,1.0384506162e-07
hadrons,1.5162729900e+00,1.0382292948e-07
hadrons,1.5169477231e+00,1.0380079640e-07
hadrons,1.5183825442e+00,1.0373443679e-07
hadrons,1.5211716237e+00,1.0362393546e-07
hadrons,1.5215100426e+00,1.0362393546e-07
hadrons,1.5219331666e+00,1.0360185045e-07
hadrons,1.5239658264e+00,1.0353561802e-07
hadrons,1.5268500649e+00,1.0344737586e-07
hadrons,1.5270199074e+00,1.0344737586e-07
hadrons,1.5271897688e+00,1.0342532849e-07
hadrons,1.5275295048e+00,1.0342532849e-07
hadrons,1.5282092470e+00,1.0340328581e-07
hadrons,1.5296547199e+00,1.0335920891e-07
hadrons,1.5303354078e+00,1.0335920891e-07
hadrons,1.5323792895e+00,1.0329313723e-07
hadrons,1.5330611898e+00,1.0329313723e-07
hadrons,1.5338286849e+00,1.0327111710e-07
hadrons,1.5341699196e+00,1.0327111710e-07
hadrons,1.5345112302e+00,1.0324910728e-07
hadrons,1.5353648499e+00,1.0324910728e-07
hadrons,1.5355356177e+00,1.0322710216e-07
hadrons,1.5365606890e+00,1.0322710216e-07
hadrons,1.5380140394e+00,1.0320509610e-07
hadrons,1.5382706621e+00,1.0320509610e-07
hadrons,1.5386128850e+00,1.0318310036e-07
hadrons,1.5407534983e+00,1.0318310036e-07
hadrons,1.5409248874e+00,1.0316110931e-07
hadrons,1.5665872919e+00,1.0316110931e-07
hadrons,1.5679818475e+00,1.0313912295e-07
hadrons,1.5747981152e+00,1.0313912295e-07
hadrons,1.5749732688e+00,1.0311714127e-07
hadrons,1.5779540434e+00,1.0311714127e-07
hadrons,1.5785684402e+00,1.0309515865e-07
hadrons,1.5800615235e+00,1.0309515865e-07
hadrons,1.5805888444e+00,1.0307318634e-07
hadrons,1.5812921977e+00,1.0305121871e-07
hadrons,1.5816439917e+00,1.0305121871e-07
hadrons,1.5819958640e+00,1.0302925014e-07
hadrons,1.5826998434e+00,1.0302925014e-07
hadrons,1.5841968343e+00,1.0298533830e-07
hadrons,1.5843730559e+00,1.0298533830e-07
hadrons,1.5845492746e+00,1.0296338940e-07
hadrons,1.5849017932e+00,1.0296338940e-07
hadrons,1.5870185525e+00,1.0289756513e-07
hadrons,1.5871950879e+00,1.0289756513e-07
hadrons,1.5874599167e+00,1.0287563494e-07
hadrons,1.5878130602e+00,1.0287563494e-07
hadrons,1.5885196283e+00,1.0285370380e-07
hadrons,1.5888730528e+00,1.0285370380e-07
hadrons,1.5892265107e+00,1.0283178295e-07
hadrons,1.5896684889e+00,1.0283178295e-07
hadrons,1.5897568903e+00,1.0280986678e-07
hadrons,1.5907296975e+00,1.0280986678e-07
hadrons,1.5914375635e+00,1.0278795527e-07
hadrons,1.5932086067e+00,1.0278795527e-07
hadrons,1.5935630518e+00,1.0276604843e-07
hadrons,1.5941835034e+00,1.0276604843e-07
hadrons,1.5956026248e+00,1.0274414066e-07
hadrons,1.5972894780e+00,1.0274414066e-07
hadrons,1.5976448310e+00,1.0272224316e-07
hadrons,1.5989781145e+00,1.0272224316e-07
hadrons,1.5990670336e+00,1.0270035033e-07
hadrons,1.6002235224e+00,1.0270035033e-07
hadrons,1.6003125108e+00,1.0267845656e-07
hadrons,1.6006685363e+00,1.0267845656e-07
hadrons,1.6010246410e+00,1.0265657306e-07
hadrons,1.6013808249e+00,1.0265657306e-07
hadrons,1.6017370881e+00,1.0263469423e-07
hadrons,1.6023607451e+00,1.0261282006e-07
hadrons,1.6037871458e+00,1.0256908010e-07
hadrons,1.6038763322e+00,1.0256908010e-07
hadrons,1.6039655237e+00,1.0254721991e-07
hadrons,1.6041439214e+00,1.0254721991e-07
hadrons,1.6045008222e+00,1.0252536438e-07
hadrons,1.6052148162e+00,1.0250350792e-07
hadrons,1.6067331028e+00,1.0243798325e-07
hadrons,1.6096844713e+00,1.0230704837e-07
hadrons,1.6098635051e+00,1.0230704837e-07
hadrons,1.6100425818e+00,1.0228524403e-07
hadrons,1.6104903262e+00,1.0228524403e-07
hadrons,1.6112069855e+00,1.0224164928e-07
hadrons,1.6126412610e+00,1.0219806754e-07
hadrons,1.6156933485e+00,1.0206744490e-07
hadrons,1.6158730507e+00,1.0206744490e-07
hadrons,1.6160527959e+00,1.0204568605e-07
hadrons,1.6164123232e+00,1.0204568605e-07
hadrons,1.6171316177e+00,1.0200219341e-07
hadrons,1.6185711672e+00,1.0193698364e-07
hadrons,1.6187511895e+00,1.0193698364e-07
hadrons,1.6189312548e+00,1.0191525816e-07
hadrons,1.6192914224e+00,1.0191525816e-07
hadrons,1.6201020869e+00,1.0187181555e-07
hadrons,1.6215442807e+00,1.0180668913e-07
hadrons,1.6217246567e+00,1.0180668913e-07
hadrons,1.6219050297e+00,1.0178499143e-07
hadrons,1.6222658589e+00,1.0176329835e-07
hadrons,1.6229877583e+00,1.0174160990e-07
hadrons,1.6245228554e+00,1.0165489674e-07
hadrons,1.6246132181e+00,1.0165489674e-07
hadrons,1.6247035627e+00,1.0163322585e-07
hadrons,1.6248842670e+00,1.0163322585e-07
hadrons,1.6259689845e+00,1.0156825750e-07
hadrons,1.6274164009e+00,1.0146005812e-07
hadrons,1.6275974301e+00,1.0146005812e-07
hadrons,1.6277784563e+00,1.0143843429e-07
hadrons,1.6281405922e+00,1.0141681508e-07
hadrons,1.6287745297e+00,1.0135197953e-07
hadrons,1.6289557100e+00,1.0135197953e-07
hadrons,1.6291368873e+00,1.0133037874e-07
hadrons,1.6294993254e+00,1.0130878256e-07
hadrons,1.6295899417e+00,1.0130878256e-07
hadrons,1.6296805863e+00,1.0128718544e-07
hadrons,1.6298618442e+00,1.0128718544e-07
hadrons,1.6299524807e+00,1.0126559846e-07
hadrons,1.6300431222e+00,1.0126559846e-07
hadrons,1.6301337920e+00,1.0124401608e-07
hadrons,1.6302244436e+00,1.0124401608e-07
hadrons,1.6303151003e+00,1.0122243830e-07
hadrons,1.6304057852e+00,1.0122243830e-07
hadrons,1.6304964519e+00,1.0120086511e-07
hadrons,1.6315849158e+00,1.0107151151e-07
hadrons,1.6329465002e+00,1.0092080975e-07
hadrons,1.6330373315e+00,1.0089930086e-07
hadrons,1.6331281446e+00,1.0089930086e-07
hadrons,1.6336731524e+00,1.0083479616e-07
hadrons,1.6343092441e+00,1.0072738362e-07
hadrons,1.6356731252e+00,1.0055575932e-07
hadrons,1.6357640849e+00,1.0053432822e-07
hadrons,1.6358550496e+00,1.0053432822e-07
hadrons,1.6364009907e+00,1.0047005685e-07
hadrons,1.6371291801e+00,1.0036303285e-07
hadrons,1.6384954146e+00,1.0019202934e-07
hadrons,1.6385865312e+00,1.0017067576e-07
hadrons,1.6386776529e+00,1.0017067576e-07
hadrons,1.6392245360e+00,1.0010663688e-07
hadrons,1.6394068554e+00,1.0006396521e-07
hadrons,1.6395892184e+00,1.0004263893e-07
hadrons,1.6396803958e+00,1.0004263893e-07
hadrons,1.6397715783e+00,1.0002131719e-07
hadrons,1.6398627892e+00,1.0002131719e-07
hadrons,1.6399539819e+00,1.0000000000e-07
hadrons,1.6400451796e+00,1.0000000000e-07
hadrons,1.6401363824e+00,9.9978681895e-08
hadrons,1.6404100445e+00,9.9978681895e-08
hadrons,1.6407749906e+00,9.9936070226e-08
hadrons,1.6415051264e+00,9.9872181321e-08
hadrons,1.6415964104e+00,9.9850895914e-08
hadrons,1.6416876994e+00,9.9850895914e-08
hadrons,1.6418703162e+00,9.9829615043e-08
hadrons,1.6422355871e+00,9.9808333261e-08
hadrons,1.6429663729e+00,9.9744526019e-08
hadrons,1.6445203667e+00,9.9617039320e-08
hadrons,1.6446118184e+00,9.9595808290e-08
hadrons,1.6447032985e+00,9.9595808290e-08
hadrons,1.6448862273e+00,9.9574576352e-08
hadrons,1.6452521692e+00,9.9553354372e-08
hadrons,1.6459842973e+00,9.9489715566e-08
hadrons,1.6475411456e+00,9.9362549126e-08
hadrons,1.6476327887e+00,9.9341372335e-08
hadrons,1.6477244135e+00,9.9341372335e-08
hadrons,1.6482742924e+00,9.9277863620e-08
hadrons,1.6490077653e+00,9.9214395506e-08
hadrons,1.6505674969e+00,9.9066462788e-08
hadrons,1.6506592848e+00,9.9045349101e-08
hadrons,1.6507510778e+00,9.9045349101e-08
hadrons,1.6513019903e+00,9.8982035034e-08
hadrons,1.6519449225e+00,9.8897668438e-08
hadrons,1.6534154623e+00,9.8729161689e-08
hadrons,1.6561762656e+00,9.8351073187e-08
hadrons,1.6618965298e+00,9.7599229042e-08
hadrons,1.6743272294e+00,9.5765080519e-08
hadrons,1.6745134768e+00,9.5724259494e-08
hadrons,1.6746997211e+00,9.5703858119e-08
hadrons,1.6750722957e+00,9.5642674858e-08
hadrons,1.6758176936e+00,9.5500072933e-08
hadrons,1.6773094847e+00,9.5235793498e-08
hadrons,1.6803904932e+00,9.4709436979e-08
hadrons,1.6865695227e+00,9.3785300095e-08
hadrons,1.6868509084e+00,9.3725348479e-08
hadrons,1.6872262103e+00,9.3685396915e-08
hadrons,1.6879770167e+00,9.3565654584e-08
hadrons,1.6893856612e+00,9.3366417247e-08
hadrons,1.6923006294e+00,9.2989037929e-08
hadrons,1.6923947381e+00,9.2989037929e-08
hadrons,1.6924888761e+00,9.2969219502e-08
hadrons,1.6926771197e+00,9.2949405298e-08
hadrons,1.6929595485e+00,9.2909784489e-08
hadrons,1.6937129061e+00,9.2810813937e-08
hadrons,1.6951263373e+00,9.2632931532e-08
hadrons,1.6980512108e+00,9.2258516902e-08
hadrons,1.6981456393e+00,9.2258516902e-08
hadrons,1.6982400973e+00,9.2238854168e-08
hadrons,1.6984289805e+00,9.2219190593e-08
hadrons,1.6988068342e+00,9.2160240102e-08
hadrons,1.6995627939e+00,9.2062062965e-08
hadrons,1.7011703192e+00,9.1826878370e-08
hadrons,1.7042951813e+00,9.1338824245e-08
hadrons,1.7105620874e+00,9.0331972487e-08
hadrons,1.7107523655e+00,9.0293472318e-08
hadrons,1.7109426404e+00,9.0274228387e-08
hadrons,1.7120848075e+00,9.0101202718e-08
hadrons,1.7135135947e+00,8.9890180471e-08
hadrons,1.7164701947e+00,8.9469622382e-08
hadrons,1.7223986836e+00,8.8691095017e-08
hadrons,1.7225902783e+00,8.8653289365e-08
hadrons,1.7231651415e+00,8.8596618351e-08
hadrons,1.7238360780e+00,8.8502237496e-08
hadrons,1.7253706144e+00,8.8332612964e-08
hadrons,1.7282515653e+00,8.8013096513e-08
hadrons,1.7341243111e+00,8.7414783533e-08
hadrons,1.7468038269e+00,8.6138471837e-08
hadrons,1.7587933740e+00,8.5061929368e-08
hadrons,1.7718503381e+00,8.3837843486e-08
hadrons,1.7719488705e+00,8.3837843486e-08
hadrons,1.7720474085e+00,8.3819970846e-08
hadrons,1.7726388017e+00,8.3766389499e-08
hadrons,1.7735262363e+00,8.3694996412e-08
hadrons,1.7751050063e+00,8.3570203753e-08
hadrons,1.7783656529e+00,8.3303418420e-08
hadrons,1.7785634479e+00,8.3303418420e-08
hadrons,1.7799487308e+00,8.3179214158e-08
hadrons,1.7815332180e+00,8.3055190551e-08
hadrons,1.7848056724e+00,8.2807697835e-08
hadrons,1.7850042092e+00,8.2807697835e-08
hadrons,1.7855999011e+00,8.2754763576e-08
hadrons,1.7862951475e+00,8.2701858643e-08
hadrons,1.7877858655e+00,8.2596150220e-08
hadrons,1.7879847083e+00,8.2596150220e-08
hadrons,1.7881835987e+00,8.2578546792e-08
hadrons,1.7885814203e+00,8.2560947116e-08
hadrons,1.7893773292e+00,8.2508166089e-08
hadrons,1.7894768363e+00,8.2508166089e-08
hadrons,1.7895763490e+00,8.2490581414e-08
hadrons,1.7896758672e+00,8.2490581414e-08
hadrons,1.7900740463e+00,8.2473000486e-08
hadrons,1.7901735922e+00,8.2455418805e-08
hadrons,1.7904722631e+00,8.2455418805e-08
hadrons,1.7908706194e+00,8.2437845371e-08
hadrons,1.7909702096e+00,8.2420275682e-08
hadrons,1.7912690133e+00,8.2420275682e-08
hadrons,1.7915678924e+00,8.2402705242e-08
hadrons,1.7923651303e+00,8.2367584586e-08
hadrons,1.7938609139e+00,8.2297383684e-08
hadrons,1.7969561500e+00,8.2192196741e-08
hadrons,1.7970560786e+00,8.2192196741e-08
hadrons,1.7971560128e+00,8.2174674922e-08
hadrons,1.7973559233e+00,8.2174674922e-08
hadrons,1.7977557856e+00,8.2157161322e-08
hadrons,1.7985557770e+00,8.2139651455e-08
hadrons,1.8002569345e+00,8.2069644817e-08
hadrons,1.8035637821e+00,8.1929810488e-08
hadrons,1.8039650254e+00,8.1929810488e-08
hadrons,1.8051692910e+00,8.1877432945e-08
hadrons,1.8068767296e+00,8.1825088887e-08
hadrons,1.8069772099e+00,8.1807649793e-08
hadrons,1.8072786843e+00,8.1807649793e-08
hadrons,1.8076807798e+00,8.1790214416e-08
hadrons,1.8085857575e+00,8.1755350347e-08
hadrons,1.8087869137e+00,8.1755350347e-08
hadrons,1.8089881181e+00,8.1737926117e-08
hadrons,1.8101957370e+00,8.1685671245e-08
hadrons,1.8105984557e+00,8.1685671245e-08
hadrons,1.8106991430e+00,8.1668261864e-08
hadrons,1.8110012641e+00,8.1668261864e-08
hadrons,1.8111019737e+00,8.1650856195e-08
hadrons,1.8112026889e+00,8.1650856195e-08
hadrons,1.8114041620e+00,8.1633454234e-08
hadrons,1.8117064008e+00,8.1616051529e-08
hadrons,1.8133191582e+00,8.1546491149e-08
hadrons,1.8164479429e+00,8.1355508973e-08
hadrons,1.8166499995e+00,8.1355508973e-08
hadrons,1.8168520526e+00,8.1338165521e-08
hadrons,1.8171552003e+00,8.1320830203e-08
hadrons,1.8179638244e+00,8.1268841980e-08
hadrons,1.8195821521e+00,8.1182271742e-08
hadrons,1.8226203875e+00,8.1026676750e-08
hadrons,1.8227217692e+00,8.1009403399e-08
hadrons,1.8230258963e+00,8.1009403399e-08
hadrons,1.8234314435e+00,8.0992138149e-08
hadrons,1.8242428604e+00,8.0940364475e-08
hadrons,1.8288138326e+00,8.0733582903e-08
hadrons,1.8349262574e+00,8.0493012641e-08
hadrons,1.8484455999e+00,7.9996963065e-08
hadrons,1.8486511895e+00,7.9996963065e-08
hadrons,1.8488568282e+00,7.9979913594e-08
hadrons,1.8491653160e+00,7.9979913594e-08
hadrons,1.8499881844e+00,7.9945821188e-08
hadrons,1.8515320298e+00,7.9894712004e-08
hadrons,1.8547267752e+00,7.9792595994e-08
hadrons,1.8548299164e+00,7.9792595994e-08
hadrons,1.8549330898e+00,7.9775585724e-08
hadrons,1.8551394009e+00,7.9775585724e-08
hadrons,1.8555521184e+00,7.9758583434e-08
hadrons,1.8562746015e+00,7.9741584767e-08
hadrons,1.8579270330e+00,7.9690606152e-08
hadrons,1.8581336771e+00,7.9690606152e-08
hadrons,1.8582370342e+00,7.9673621973e-08
hadrons,1.8586504144e+00,7.9673621973e-08
hadrons,1.8594775036e+00,7.9656641413e-08
hadrons,1.8595809354e+00,7.9639660127e-08
hadrons,1.8598912126e+00,7.9639660127e-08
hadrons,1.8603049608e+00,7.9622686806e-08
hadrons,1.8608223284e+00,7.9622686806e-08
hadrons,1.8609258086e+00,7.9605717102e-08
hadrons,1.8619609800e+00,7.9605717102e-08
hadrons,1.8627895424e+00,7.9588751015e-08
hadrons,1.8644477734e+00,7.9571788544e-08
hadrons,1.8645514817e+00,7.9554825347e-08
hadrons,1.8653811968e+00,7.9554825347e-08
hadrons,1.8662112811e+00,7.9537870106e-08
hadrons,1.8679764304e+00,7.9520918479e-08
hadrons,1.8683920037e+00,7.9520918479e-08
hadrons,1.8688076695e+00,7.9503966127e-08
hadrons,1.8692234278e+00,7.9503966127e-08
hadrons,1.8696392786e+00,7.9487021726e-08
hadrons,1.8705752745e+00,7.9487021726e-08
hadrons,1.8706793237e+00,7.9470080936e-08
hadrons,1.8711995499e+00,7.9470080936e-08
hadrons,1.8714076702e+00,7.9453143756e-08
hadrons,1.8716158403e+00,7.9453143756e-08
hadrons,1.8718240069e+00,7.9436210187e-08
hadrons,1.8722404363e+00,7.9419275892e-08
hadrons,1.8730735729e+00,7.9402349541e-08
hadrons,1.8748452395e+00,7.9334675873e-08
hadrons,1.8749494995e+00,7.9334675873e-08
hadrons,1.8750537653e+00,7.9317767552e-08
hadrons,1.8752623143e+00,7.9317767552e-08
hadrons,1.8765142023e+00,7.9267059882e-08
hadrons,1.8782890965e+00,7.9199501519e-08
hadrons,1.8783935480e+00,7.9199501519e-08
hadrons,1.8784980054e+00,7.9182622008e-08
hadrons,1.8787069642e+00,7.9182622008e-08
hadrons,1.8799611250e+00,7.9132000736e-08
hadrons,1.8801702198e+00,7.9132000736e-08
hadrons,1.8803793646e+00,7.9115135611e-08
hadrons,1.8805885060e+00,7.9115135611e-08
hadrons,1.8807976973e+00,7.9098269763e-08
hadrons,1.8811114878e+00,7.9098269763e-08
hadrons,1.8812161231e+00,7.9081411827e-08
hadrons,1.8817392795e+00,7.9081411827e-08
hadrons,1.8818439228e+00,7.9064557483e-08
hadrons,1.8820532538e+00,7.9064557483e-08
hadrons,1.8824719589e+00,7.9047706731e-08
hadrons,1.8833096485e+00,7.9030859571e-08
hadrons,1.8850909702e+00,7.8997171711e-08
hadrons,1.8884486308e+00,7.8913021330e-08
hadrons,1.8888687587e+00,7.8913021330e-08
hadrons,1.8892889800e+00,7.8896202875e-08
hadrons,1.8901297032e+00,7.8879383700e-08
hadrons,1.8917070743e+00,7.8845764711e-08
hadrons,1.8921279271e+00,7.8845764711e-08
hadrons,1.8924436349e+00,7.8828956288e-08
hadrons,1.8932857619e+00,7.8812155749e-08
hadrons,1.8948657399e+00,7.8761775614e-08
hadrons,1.8952872954e+00,7.8761775614e-08
hadrons,1.8957089446e+00,7.8744985096e-08
hadrons,1.8964470634e+00,7.8728202454e-08
hadrons,1.8968689707e+00,7.8728202454e-08
hadrons,1.8972909718e+00,7.8711423389e-08
hadrons,1.8981352558e+00,7.8694643605e-08
hadrons,1.8984519659e+00,7.8694643605e-08
hadrons,1.8988743193e+00,7.8677871692e-08
hadrons,1.8997193079e+00,7.8677871692e-08
hadrons,1.8998249511e+00,7.8661103353e-08
hadrons,1.9006703627e+00,7.8661103353e-08
hadrons,1.9007760589e+00,7.8644338589e-08
hadrons,1.9113760898e+00,7.8644338589e-08
hadrons,1.9118013184e+00,7.8627577397e-08
hadrons,1.9122266416e+00,7.8627577397e-08
hadrons,1.9126520594e+00,7.8610815487e-08
hadrons,1.9135031790e+00,7.8594061440e-08
hadrons,1.9153130863e+00,7.8560559771e-08
hadrons,1.9155261131e+00,7.8560559771e-08
hadrons,1.9157391635e+00,7.8543816434e-08
hadrons,1.9160588109e+00,7.8543816434e-08
hadrons,1.9169114465e+00,7.8527076666e-08
hadrons,1.9186178561e+00,7.8476874483e-08
hadrons,1.9189379838e+00,7.8476874483e-08
hadrons,1.9193648947e+00,7.8460148983e-08
hadrons,1.9202190015e+00,7.8443427047e-08
hadrons,1.9218214831e+00,7.8409989587e-08
hadrons,1.9222490355e+00,7.8409989587e-08
hadrons,1.9226766830e+00,7.8393278341e-08
hadrons,1.9235322635e+00,7.8376570657e-08
hadrons,1.9251374827e+00,7.8359866533e-08
hadrons,1.9284592314e+00,7.8309771247e-08
hadrons,1.9285664729e+00,7.8309771247e-08
hadrons,1.9286737478e+00,7.8293077088e-08
hadrons,1.9293173851e+00,7.8293077088e-08
hadrons,1.9302832576e+00,7.8276390760e-08
hadrons,1.9320015706e+00,7.8259707987e-08
hadrons,1.9321090366e+00,7.8259707987e-08
hadrons,1.9322164810e+00,7.8243028771e-08
hadrons,1.9329688144e+00,7.8243028771e-08
hadrons,1.9338289749e+00,7.8226353108e-08
hadrons,1.9356580800e+00,7.8209676733e-08
hadrons,1.9360887107e+00,7.8209676733e-08
hadrons,1.9365194372e+00,7.8193008179e-08
hadrons,1.9375966865e+00,7.8193008179e-08
hadrons,1.9378121917e+00,7.8176343177e-08
hadrons,1.9394293553e+00,7.8176343177e-08
hadrons,1.9396450643e+00,7.8159677463e-08
hadrons,1.9552403337e+00,7.8159677463e-08
hadrons,1.9569808632e+00,7.8143019565e-08
hadrons,1.9586140236e+00,7.8143019565e-08
hadrons,1.9603575563e+00,7.8126365218e-08
hadrons,1.9611208468e+00,7.8126365218e-08
hadrons,1.9619935348e+00,7.8109714420e-08
hadrons,1.9640677044e+00,7.8109714420e-08
hadrons,1.9645046834e+00,7.8093067171e-08
hadrons,1.9652695606e+00,7.8093067171e-08
hadrons,1.9670190180e+00,7.8076419209e-08
hadrons,1.9703034632e+00,7.8059779056e-08
hadrons,1.9721670676e+00,7.8059779056e-08
hadrons,1.9722767397e+00,7.8043142449e-08
hadrons,1.9764490817e+00,7.8043142449e-08
hadrons,1.9766689082e+00,7.8026505130e-08
hadrons,1.9795290756e+00,7.8026505130e-08
hadrons,1.9796391571e+00,7.8043142449e-08
hadrons,1.9817320094e+00,7.8043142449e-08
hadrons,1.9821728902e+00,7.8059779056e-08
hadrons,1.9830549462e+00,7.8059779056e-08
hadrons,1.9849306116e+00,7.8093067171e-08
hadrons,1.9853722041e+00,7.8093067171e-08
hadrons,1.9857034699e+00,7.8109714420e-08
hadrons,1.9866975710e+00,7.8109714420e-08
hadrons,1.9868080511e+00,7.8126365218e-08
hadrons,1.9874711173e+00,7.8126365218e-08
hadrons,1.9883555310e+00,7.8143019565e-08
hadrons,1.9891297228e+00,7.8143019565e-08
hadrons,1.9892403382e+00,7.8159677463e-08
hadrons,1.9904575698e+00,7.8159677463e-08
hadrons,1.9905682873e+00,7.8176343177e-08
hadrons,1.9945574561e+00,7.8176343177e-08
hadrons,1.9947792966e+00,7.8159677463e-08
hadrons,1.9977767591e+00,7.8159677463e-08
hadrons,1.9985546193e+00,7.8143019565e-08
hadrons,1.9998887863e+00,7.8143019565e-08
hadrons,2.0001112198e+00,7.8159677463e-08
hadrons,2.0002224459e+00,7.8176343177e-08
hadrons,2.0003337066e+00,7.8176343177e-08
hadrons,2.0004449450e+00,7.8193008179e-08
hadrons,2.0011125338e+00,7.8243028771e-08
hadrons,2.0020030178e+00,7.8326464692e-08
hadrons,2.0021143776e+00,7.8343161695e-08
hadrons,2.0022257150e+00,7.8343161695e-08
hadrons,2.0023370586e+00,7.8359866533e-08
hadrons,2.0027825235e+00,7.8409989587e-08
hadrons,2.0036737507e+00,7.8476874483e-08
hadrons,2.0053458778e+00,7.8627577397e-08
hadrons,2.0054573950e+00,7.8644338589e-08
hadrons,2.0055689183e+00,7.8644338589e-08
hadrons,2.0057920121e+00,7.8661103353e-08
hadrons,2.0061266851e+00,7.8711423389e-08
hadrons,2.0070194004e+00,7.8778565413e-08
hadrons,2.0086943196e+00,7.8929843371e-08
hadrons,2.0121602136e+00,7.9233271338e-08
hadrons,2.0268726637e+00,8.0578847875e-08
hadrons,2.0407845499e+00,8.1859982695e-08
hadrons,2.0559349361e+00,8.3267913873e-08
hadrons,2.0708522673e+00,8.4682003979e-08
hadrons,2.0849500733e+00,8.6028375475e-08
hadrons,2.1003115376e+00,8.7507999927e-08
hadrons,2.1147274877e+00,8.8899302343e-08
hadrons,2.1290055602e+00,9.0312720351e-08
hadrons,2.1445723563e+00,9.1885615625e-08
hadrons,2.1592920695e+00,9.3386320346e-08
hadrons,2.1752013006e+00,9.5033004978e-08
hadrons,2.1902530349e+00,9.6605703083e-08
hadrons,2.2051636892e+00,9.8183497753e-08
hadrons,2.2212873360e+00,9.9936070226e-08
hadrons,2.2365335982e+00,1.0161156511e-07
hadrons,2.2532625161e+00,1.0346943358e-07
hadrons,2.2696116051e+00,1.0533880459e-07
hadrons,2.2850625112e+00,1.0712771753e-07
hadrons,2.3020263694e+00,1.0910969764e-07
hadrons,2.3178268335e+00,1.1103362713e-07
hadrons,2.3334761784e+00,1.1294332343e-07
hadrons,2.3506687296e+00,1.1505742040e-07
hadrons,2.3666714509e+00,1.1711119188e-07
hadrons,2.3842411579e+00,1.1940507140e-07
hadrons,2.4016741777e+00,1.2171792810e-07
hadrons,2.4178896373e+00,1.2394341506e-07
hadrons,2.4357041288e+00,1.2642500194e-07
hadrons,2.4524221196e+00,1.2884637415e-07
hadrons,2.4707658143e+00,1.3153823621e-07
hadrons,2.4888314824e+00,1.3431497015e-07
hadrons,2.5057747786e+00,1.3703342108e-07
hadrons,2.5242367530e+00,1.4010522978e-07
hadrons,2.5417037792e+00,1.4312381090e-07
hadrons,2.5588646811e+00,1.4630095753e-07
hadrons,2.5777178464e+00,1.5009154299e-07
hadrons,2.5797255359e+00,1.5054012307e-07
hadrons,2.5800124973e+00,1.5060431998e-07
hadrons,2.6146784013e+00,1.5850958794e-07
hadrons,2.6337963249e+00,1.6275520728e-07
hadrons,2.6515790110e+00,1.6665208420e-07
hadrons,2.6712638161e+00,1.7082425097e-07
hadrons,2.6895986227e+00,1.7465353157e-07
hadrons,2.7077580708e+00,1.7841644956e-07
hadrons,2.7275565715e+00,1.8245481654e-07
hadrons,2.7462777557e+00,1.8614758783e-07
hadrons,2.7665117010e+00,1.9015815614e-07
hadrons,2.7856552034e+00,1.9384149909e-07
hadrons,2.8046191559e+00,1.9742776835e-07
hadrons,2.8252829874e+00,2.0125192290e-07
hadrons,2.8446749384e+00,2.0480059474e-07
hadrons,2.8657932500e+00,2.0863409551e-07
hadrons,2.8867472673e+00,2.1235820782e-07
hadrons,2.9063994259e+00,2.1578051039e-07
hadrons,2.9278131526e+00,2.1944498414e-07
hadrons,2.9480727749e+00,2.2283894355e-07
hadrons,2.9679773712e+00,2.2614073056e-07
hadrons,2.9896785351e+00,2.2968721205e-07
hadrons,3.0101988511e+00,2.3299112439e-07
hadrons,3.0325459800e+00,2.3654415236e-07
hadrons,3.0547192547e+00,2.3999784756e-07
hadrons,3.0753438994e+00,2.4319074118e-07
hadrons,3.0980023727e+00,2.4663630426e-07
hadrons,3.1194396553e+00,2.4981098450e-07
hadrons,3.1425978113e+00,2.5324236436e-07
hadrons,3.1655757144e+00,2.5655675625e-07
hadrons,3.1871261036e+00,2.5969301846e-07
hadrons,3.2107867058e+00,2.6297970366e-07
hadrons,3.2330044235e+00,2.6608099966e-07
hadrons,3.2548328018e+00,2.6910412584e-07
hadrons,3.2788137107e+00,2.7239377260e-07
hadrons,3.3013185696e+00,2.7537120714e-07
hadrons,3.3258269144e+00,2.7867804390e-07
hadrons,3.3501445914e+00,2.8184429363e-07
hadrons,3.3729514759e+00,2.8474287635e-07
hadrons,3.3978026095e+00,2.8785529433e-07
hadrons,3.4211241748e+00,2.9075369984e-07
hadrons,3.4442227363e+00,2.9361871406e-07
hadrons,3.4695989802e+00,2.9670162391e-07
hadrons,3.4932190780e+00,2.9956137306e-07
hadrons,3.5191520548e+00,3.0264216426e-07
hadrons,3.5446861608e+00,3.0562432444e-07
hadrons,3.5596995070e+00,3.0738837270e-07
hadrons,3.5600954273e+00,3.0745391604e-07
hadrons,3.5951116611e+00,3.1147781926e-07
hadrons,3.6197875005e+00,3.1434595455e-07
hadrons,3.6466600965e+00,3.1737576802e-07
hadrons,3.6733236315e+00,3.2036649111e-07
hadrons,3.6735279048e+00,3.2043478425e-07
hadrons,3.6741408450e+00,3.2043478425e-07
hadrons,3.6749582402e+00,3.2057143171e-07
hadrons,3.6765935764e+00,3.2070811993e-07
hadrons,3.6796618063e+00,3.2105013057e-07
hadrons,3.6858058976e+00,3.2180379622e-07
hadrons,3.6862158962e+00,3.2180379622e-07
hadrons,3.6866258880e+00,3.2187239575e-07
hadrons,3.6874460608e+00,3.2194102748e-07
hadrons,3.6890869540e+00,3.2214697531e-07
hadrons,3.6983306321e+00,3.2317865709e-07
hadrons,3.6985362960e+00,3.2317865709e-07
hadrons,3.6989476580e+00,3.2324756735e-07
hadrons,3.6993591185e+00,3.2324756735e-07
hadrons,3.7001821242e+00,3.2338539665e-07
hadrons,3.7018286848e+00,3.2352328471e-07
hadrons,3.7053300461e+00,3.2393733714e-07
hadrons,3.7055360992e+00,3.2393733714e-07
hadrons,3.7057421638e+00,3.2400639148e-07
hadrons,3.7061543801e+00,3.2400639148e-07
hadrons,3.7069788975e+00,3.2414456202e-07
hadrons,3.7086284826e+00,3.2428277379e-07
hadrons,3.7121362755e+00,3.2469779823e-07
hadrons,3.7123427071e+00,3.2469779823e-07
hadrons,3.7125492031e+00,3.2476701468e-07
hadrons,3.7129621237e+00,3.2476701468e-07
hadrons,3.7137881557e+00,3.2490550959e-07
hadrons,3.7154407709e+00,3.2504404581e-07
hadrons,3.7156473863e+00,3.2511333608e-07
hadrons,3.7158540660e+00,3.2511333608e-07
hadrons,3.7162673542e+00,3.2518264111e-07
hadrons,3.7173008288e+00,3.2525197867e-07
hadrons,3.7175076006e+00,3.2525197867e-07
hadrons,3.7177143309e+00,3.2532131326e-07
hadrons,3.7181278789e+00,3.2532131326e-07
hadrons,3.7189550071e+00,3.2546004454e-07
hadrons,3.7193686932e+00,3.2546004454e-07
hadrons,3.7195755270e+00,3.2552942349e-07
hadrons,3.7197824253e+00,3.2552942349e-07
hadrons,3.7201961504e+00,3.2559881722e-07
hadrons,3.7216446568e+00,3.2608502331e-07
hadrons,3.7218516172e+00,3.2622406247e-07
hadrons,3.7222655724e+00,3.2643275019e-07
hadrons,3.7224726203e+00,3.2650233649e-07
hadrons,3.7226796268e+00,3.2664157141e-07
hadrons,3.7233007681e+00,3.2685050838e-07
hadrons,3.7241291001e+00,3.2726881906e-07
hadrons,3.7259935077e+00,3.2852693017e-07
hadrons,3.7262007099e+00,3.2859698081e-07
hadrons,3.7266152019e+00,3.2887727897e-07
hadrons,3.7274442713e+00,3.2950881983e-07
hadrons,3.7288955467e+00,3.3070504508e-07
hadrons,3.7322149609e+00,3.3346577630e-07
hadrons,3.7324225623e+00,3.3360796253e-07
hadrons,3.7326301220e+00,3.3382137378e-07
hadrons,3.7330453292e+00,3.3417735046e-07
hadrons,3.7338757760e+00,3.3496185056e-07
hadrons,3.7353296087e+00,3.3646463687e-07
hadrons,3.7386547504e+00,3.3985250680e-07
hadrons,3.7394864983e+00,3.4072294673e-07
hadrons,3.7401104439e+00,3.4166843465e-07
hadrons,3.7417747724e+00,3.4349408426e-07
hadrons,3.7451056515e+00,3.4732271341e-07
hadrons,3.7515676834e+00,3.5579038297e-07
hadrons,3.7517763078e+00,3.5632167315e-07
hadrons,3.7521935914e+00,3.5685375668e-07
hadrons,3.7530284046e+00,3.5799658758e-07
hadrons,3.7546984815e+00,3.6021647255e-07
hadrons,3.7578318390e+00,3.6485316636e-07
hadrons,3.7641065077e+00,3.7462559994e-07
hadrons,3.7768972617e+00,3.9605879438e-07
hadrons,3.8045130607e+00,4.5028768436e-07
hadrons,3.8306261727e+00,5.0878677997e-07
hadrons,3.8590639938e+00,5.7968487464e-07
hadrons,3.8872805771e+00,6.5583283905e-07
hadrons,3.9137440833e+00,7.3224204058e-07
hadrons,3.9425797091e+00,8.2034661638e-07
hadrons,3.9696404718e+00,9.0717902970e-07
hadrons,3.9964424190e+00,9.9617039320e-07
hadrons,4.0256634815e+00,1.0971608495e-06
hadrons,4.0530690594e+00,1.1948144911e-06
hadrons,4.0831582532e+00,1.3044924376e-06
hadrons,4.1114125888e+00,1.4103411181e-06
hadrons,4.1391717433e+00,1.5169979114e-06
hadrons,4.1696682717e+00,1.6362485428e-06
hadrons,4.1982877067e+00,1.7498890804e-06
hadrons,4.2294549753e+00,1.8766153657e-06
hadrons,4.2603797717e+00,2.0035303999e-06
hadrons,4.2893832317e+00,2.1244875508e-06
hadrons,4.3212267757e+00,2.2585169279e-06
hadrons,4.3508864659e+00,2.3856967239e-06
hadrons,4.3802624838e+00,2.5125288096e-06
hadrons,4.4125353169e+00,2.6528811592e-06
hadrons,4.4425746720e+00,2.7855925401e-06
hadrons,4.4755554794e+00,2.9318091656e-06
hadrons,4.5082797058e+00,3.0771616205e-06
hadrons,4.5387184006e+00,3.2152952671e-06
hadrons,4.5721587029e+00,3.3660812016e-06
hadrons,4.6035407194e+00,3.5096948025e-06
hadrons,4.6379744104e+00,3.6664632571e-06
hadrons,4.6718862064e+00,3.8228928444e-06
hadrons,4.7036910858e+00,3.9698854298e-06
hadrons,4.7386104380e+00,4.1313271583e-06
hadrons,4.7714002551e+00,4.2837824005e-06
hadrons,4.8036154692e+00,4.4352408253e-06
hadrons,4.8387383943e+00,4.5998917735e-06
hadrons,4.8719500699e+00,4.7564392374e-06
hadrons,4.9081185463e+00,4.9267088297e-06
hadrons,4.9440055034e+00,5.0954650687e-06
hadrons,4.9776629648e+00,5.2554179819e-06
hadrons,5.0143373163e+00,5.4284861083e-06
hadrons,5.0490350839e+00,5.5929288368e-06
hadrons,5.0831248139e+00,5.7549875927e-06
hadrons,5.1202914467e+00,5.9318494088e-06
hadrons,5.1551489421e+00,6.0985264745e-06
hadrons,5.1934198357e+00,6.2805884638e-06
hadrons,5.2293568026e+00,6.4515613538e-06
hadrons,5.2649567841e+00,6.6215406297e-06
hadrons,5.3034529302e+00,6.8061462207e-06
hadrons,5.3398543455e+00,6.9795141133e-06
hadrons,5.3797955355e+00,7.1695134590e-06
hadrons,5.4191313559e+00,7.3568399446e-06
hadrons,5.4560233465e+00,7.5345923064e-06
hadrons,5.4962220763e+00,7.7265153636e-06
hadrons,5.5342544262e+00,7.9081407511e-06
hadrons,5.5716202270e+00,8.0854135317e-06
hadrons,5.6126707281e+00,8.2807693316e-06
hadrons,5.6508802023e+00,8.4627866965e-06
hadrons,5.6928312341e+00,8.6617194419e-06
hadrons,5.7344558992e+00,8.8596608682e-06
hadrons,5.7731734889e+00,9.0447576454e-06
hadrons,5.8160324022e+00,9.2455379968e-06
hadrons,5.8559520194e+00,9.4346731927e-06
hadrons,5.8954898361e+00,9.6215225590e-06
hadrons,5.9385962094e+00,9.8267244387e-06
hadrons,5.9395870837e+00,9.8309144487e-06
hadrons,5.9790245772e+00,1.0017066483e-05
hadrons,6.0234116888e+00,1.0226343875e-05
hadrons,6.0650919599e+00,1.0422204761e-05
hadrons,6.1060419203e+00,1.0615026385e-05
hadrons,6.1510298380e+00,1.0825252695e-05
hadrons,6.1932487838e+00,1.1023181292e-05
hadrons,6.2392262542e+00,1.1239094472e-05
hadrons,6.2848460332e+00,1.1451910920e-05
hadrons,6.3276315768e+00,1.1651358534e-05
hadrons,6.3742522071e+00,1.1866920781e-05
hadrons,6.4180032887e+00,1.2071023044e-05
hadrons,6.4613359247e+00,1.2273402468e-05
hadrons,6.5089416599e+00,1.2492482332e-05
hadrons,6.5532526930e+00,1.2699220016e-05
hadrons,6.6019027621e+00,1.2923145153e-05
hadrons,6.6501743479e+00,1.3142612058e-05
hadrons,6.6950746359e+00,1.3351568359e-05
hadrons,6.7444024118e+00,1.3578310207e-05
hadrons,6.7906941007e+00,1.3791253828e-05
hadrons,6.8414874193e+00,1.4019484838e-05
hadrons,6.8915107927e+00,1.4248455466e-05
hadrons,6.9384262482e+00,1.4462656079e-05
hadrons,6.9895470824e+00,1.4695732001e-05
hadrons,7.0379127317e+00,1.4916657449e-05
hadrons,7.0854308299e+00,1.5131223765e-05
hadrons,7.1376347624e+00,1.5368520316e-05
hadrons,7.1866254880e+00,1.5589587233e-05
hadrons,7.2399775931e+00,1.5834072968e-05
hadrons,7.2925090986e+00,1.6072110567e-05
hadrons,7.3421544371e+00,1.6296348729e-05
hadrons,7.3962498540e+00,1.6541336739e-05
hadrons,7.4474297691e+00,1.6772121546e-05
hadrons,7.4478439201e+00,1.6775696892e-05
hadrons,7.4482582002e+00,1.6775696892e-05
hadrons,7.4507438342e+00,1.6786428417e-05
hadrons,7.4536448774e+00,1.6800747493e-05
hadrons,7.4602800150e+00,1.6833009857e-05
hadrons,7.4735680149e+00,1.6890518628e-05
hadrons,7.4739836194e+00,1.6894120134e-05
hadrons,7.4743992471e+00,1.6894120134e-05
hadrons,7.4802208877e+00,1.6919346649e-05
hadrons,7.4864633613e+00,1.6951837684e-05
hadrons,7.4868796829e+00,1.6951837684e-05
hadrons,7.4872960277e+00,1.6955451339e-05
hadrons,7.4931277134e+00,1.6980770362e-05
hadrons,7.4935444057e+00,1.6980770362e-05
hadrons,7.4939611211e+00,1.6984390185e-05
hadrons,7.4964621138e+00,1.6995254286e-05
hadrons,7.4968789915e+00,1.6995254286e-05
hadrons,7.4972958924e+00,1.6998878125e-05
hadrons,7.4981298704e+00,1.7002501808e-05
hadrons,7.4985468409e+00,1.7002501808e-05
hadrons,7.4989638345e+00,1.7006126264e-05
hadrons,7.4993809581e+00,1.7006126264e-05
hadrons,7.4997979981e+00,1.7009752421e-05
mumu,2.7262693511e-01,5.0125134253e-10
mumu,2.7399487169e-01,5.1533586559e-10
mumu,2.7587549574e-01,5.3480872642e-10
mumu,2.7773813305e-01,5.5407176719e-10
mumu,2.7917828970e-01,5.6903364599e-10
mumu,2.7920934470e-01,5.6927630690e-10
mumu,2.8167347748e-01,5.9495789597e-10
mumu,2.8376457044e-01,6.1665024428e-10
mumu,2.8572813534e-01,6.3709316451e-10
mumu,2.8765729913e-01,6.5723237585e-10
mumu,2.8977669632e-01,6.7931022143e-10
mumu,2.9176563824e-01,7.0018669034e-10
mumu,2.9393165358e-01,7.2278246962e-10
mumu,2.9608080963e-01,7.4531262025e-10
mumu,2.9809644824e-01,7.6641825598e-10
mumu,3.0030945810e-01,7.8946673305e-10
mumu,3.0237069810e-01,8.1113085493e-10
mumu,3.0441222392e-01,8.3250171818e-10
mumu,3.0665506780e-01,8.5571149370e-10
mumu,3.0874269312e-01,8.7769545530e-10
mumu,3.1103473863e-01,9.0158845981e-10
mumu,3.1330895268e-01,9.2534260942e-10
mumu,3.1542433066e-01,9.4749825239e-10
mumu,3.1774830938e-01,9.7163316956e-10
mumu,3.1994703600e-01,9.9447312298e-10
mumu,3.2232226036e-01,1.0191526373e-09
mumu,3.2467900617e-01,1.0437769039e-09
mumu,3.2688933363e-01,1.0667198253e-09
mumu,3.2931609625e-01,1.0917950180e-09
mumu,3.3159486862e-01,1.1153177895e-09
mumu,3.3383370820e-01,1.1383763702e-09
mumu,3.3629332325e-01,1.1636467192e-09
mumu,3.3858271786e-01,1.1874513426e-09
mumu,3.4111525822e-01,1.2132936850e-09
mumu,3.4359030705e-01,1.2389059620e-09
mumu,3.4592937264e-01,1.2629033677e-09
mumu,3.4847810595e-01,1.2890131989e-09
mumu,3.5088947391e-01,1.3134211450e-09
mumu,3.5325858548e-01,1.3377208747e-09
mumu,3.5584153054e-01,1.3639229973e-09
mumu,3.5828392713e-01,1.3885649974e-09
mumu,3.6092368614e-01,1.4154612741e-09
mumu,3.6342117392e-01,1.4407272152e-09
mumu,3.6589524244e-01,1.4655066580e-09
mumu,3.6859108000e-01,1.4926200549e-09
mumu,3.7112098592e-01,1.5179684280e-09
mumu,3.7387611570e-01,1.5457229174e-09
mumu,3.7660981137e-01,1.5729787100e-09
mumu,3.7917366440e-01,1.5986690921e-09
mumu,3.8196733995e-01,1.6265116712e-09
mumu,3.8461043827e-01,1.6527240560e-09
mumu,3.8720723025e-01,1.6786430250e-09
mumu,3.9006008996e-01,1.7067866883e-09
mumu,3.9273734756e-01,1.7331840323e-09
mumu,3.9563095761e-01,1.7618664385e-09
mumu,3.9852371398e-01,1.7898785115e-09
mumu,4.0123675637e-01,1.8163989999e-09
mumu,4.0419298261e-01,1.8456715532e-09
mumu,4.0696724423e-01,1.8726195328e-09
mumu,4.0971498369e-01,1.8991511923e-09
mumu,4.1271072487e-01,1.9285236661e-09
mumu,4.1552034270e-01,1.9558472802e-09
mumu,4.1860508464e-01,1.9852501324e-09
mumu,4.2150171106e-01,2.0133774555e-09
mumu,4.2434757750e-01,2.0405980180e-09
mumu,4.2747408539e-01,2.0708333975e-09
mumu,4.3040814164e-01,2.0988307558e-09
mumu,4.3360341387e-01,2.1294750208e-09
mumu,4.3677381551e-01,2.1596458618e-09
mumu,4.3974725431e-01,2.1879109301e-09
mumu,4.4298721763e-01,2.2184366736e-09
mumu,4.4605256137e-01,2.2474711858e-09
mumu,4.4906418857e-01,2.2759152707e-09
mumu,4.5234764204e-01,2.3066853053e-09
mumu,4.5545242306e-01,2.3358788065e-09
mumu,4.5883361950e-01,2.3674594099e-09
mumu,4.6216279736e-01,2.3989557176e-09
mumu,4.6530907754e-01,2.4282814710e-09
mumu,4.6873737488e-01,2.4600623953e-09
mumu,4.7195465020e-01,2.4901351401e-09
mumu,4.7545835619e-01,2.5221880725e-09
mumu,4.7893479088e-01,2.5546533102e-09
mumu,4.8219525029e-01,2.5847802480e-09
mumu,4.8577497373e-01,2.6174933299e-09
mumu,4.8913639640e-01,2.6483613379e-09
mumu,4.9243892110e-01,2.6784511621e-09
mumu,4.9603951352e-01,2.7117715252e-09
mumu,4.9944418979e-01,2.7425819452e-09
mumu,5.0315196598e-01,2.7767001056e-09
mumu,5.0683089677e-01,2.8100445285e-09
mumu,5.1028126537e-01,2.8407600751e-09
mumu,5.1404090081e-01,2.8748737719e-09
mumu,5.1756913356e-01,2.9069174839e-09
mumu,5.2106362888e-01,2.9380654392e-09
mumu,5.2487351813e-01,2.9727139429e-09
mumu,5.2847610293e-01,3.0045670789e-09
mumu,5.3239940638e-01,3.0399996682e-09
mumu,5.3605364677e-01,3.0725737822e-09
mumu,5.3970295600e-01,3.1048349001e-09
mumu,5.4367936372e-01,3.1401110292e-09
mumu,5.4741102658e-01,3.1737578534e-09
mumu,5.5147489921e-01,3.2098170628e-09
mumu,5.5550715610e-01,3.2449023736e-09
mumu,5.5835657939e-01,3.2705961469e-09
mumu,5.5841868940e-01,3.2705961469e-09
mumu,5.6340962008e-01,3.3148141184e-09
mumu,5.6730825210e-01,3.3489047959e-09
mumu,5.7113856519e-01,3.3826249930e-09
mumu,5.7534659146e-01,3.4195990161e-09
mumu,5.7926339651e-01,3.4540310348e-09
mumu,5.8356373492e-01,3.4910415653e-09
mumu,5.8783061795e-01,3.5284484773e-09
mumu,5.9179949255e-01,3.5632169259e-09
mumu,5.9615974409e-01,3.6006296521e-09
mumu,6.0028499753e-01,3.6361091575e-09
mumu,6.0474139620e-01,3.6750706861e-09
mumu,6.0916312540e-01,3.7128663649e-09
mumu,6.1331013559e-01,3.7486527091e-09
mumu,6.1786323915e-01,3.7880124563e-09
mumu,6.2213866565e-01,3.8245233024e-09
mumu,6.2633918789e-01,3.8605628848e-09
mumu,6.3095392049e-01,3.8994347657e-09
mumu,6.3528460241e-01,3.9370195583e-09
mumu,6.4000084044e-01,3.9766614960e-09
mumu,6.4468036936e-01,4.0167023701e-09
mumu,6.4906918014e-01,4.0536887784e-09
mumu,6.5385138244e-01,4.0945054611e-09
mumu,6.5833923517e-01,4.1322080667e-09
mumu,6.6278416503e-01,4.1702580692e-09
mumu,6.6766741639e-01,4.2113507489e-09
mumu,6.7221270724e-01,4.2492234622e-09
mumu,6.7720309284e-01,4.2910942471e-09
mumu,6.8211670303e-01,4.3324538224e-09
mumu,6.8676037032e-01,4.3714156166e-09
mumu,6.9182027321e-01,4.4135496076e-09
mumu,6.9656872386e-01,4.4532406970e-09
mumu,7.0173992412e-01,4.4971218167e-09
mumu,7.0687087405e-01,4.5394994883e-09
mumu,7.1168306108e-01,4.5793470578e-09
mumu,7.1696645724e-01,4.6234849485e-09
mumu,7.2188751417e-01,4.6640697395e-09
mumu,7.2680193045e-01,4.7050110391e-09
mumu,7.3211612761e-01,4.7493477105e-09
mumu,7.3714116763e-01,4.7910373205e-09
mumu,7.4261355981e-01,4.8361846423e-09
mumu,7.4800178205e-01,4.8807169685e-09
mumu,7.5309396653e-01,4.9225103922e-09
mumu,7.5864260111e-01,4.9678373480e-09
mumu,7.6389218904e-01,5.0103767808e-09
mumu,7.6900701970e-01,5.0532804773e-09
mumu,7.7467289824e-01,5.0987249501e-09
mumu,7.7994666324e-01,5.1423851693e-09
mumu,7.8573683506e-01,5.1897370366e-09
mumu,7.9117390727e-01,5.2330610477e-09
mumu,7.9651570119e-01,5.2767464403e-09
mumu,8.0238425778e-01,5.3253355268e-09
mumu,8.0789159857e-01,5.3697915163e-09
mumu,8.1388922813e-01,5.4180820973e-09
mumu,8.1984019790e-01,5.4668072543e-09
mumu,8.2542144974e-01,5.5112691035e-09
mumu,8.3150296584e-01,5.5608322971e-09
mumu,8.3725673839e-01,5.6072539115e-09
mumu,8.4290967122e-01,5.6528583297e-09
mumu,8.4907281966e-01,5.7024789246e-09
mumu,8.5490061765e-01,5.7500833135e-09
mumu,8.6124723301e-01,5.8005573459e-09
mumu,8.6749623215e-01,5.8514744377e-09
mumu,8.7340191347e-01,5.8978078815e-09
mumu,8.7983693864e-01,5.9495786351e-09
mumu,8.8587589292e-01,5.9979672182e-09
mumu,8.9245246267e-01,6.0506171670e-09
mumu,8.9897786863e-01,6.1037292752e-09
mumu,9.0514820090e-01,6.1520598004e-09
mumu,9.1181713842e-01,6.2060627072e-09
mumu,9.1812664996e-01,6.2552035286e-09
mumu,9.2432559473e-01,6.3047334566e-09
mumu,9.3113582717e-01,6.3587206882e-09
mumu,9.3752688266e-01,6.4104368690e-09
mumu,9.4448689928e-01,6.4653292355e-09
mumu,9.5133986506e-01,6.5193015556e-09
mumu,9.5781631768e-01,6.5709226636e-09
mumu,9.6487330257e-01,6.6271892648e-09
mumu,9.7154994745e-01,6.6796650134e-09
mumu,9.7810959199e-01,6.7311210247e-09
mumu,9.8526130307e-01,6.7873121645e-09
mumu,9.8734561865e-01,6.8046963933e-09
mumu,9.8745543413e-01,6.8046963933e-09
mumu,9.9933287938e-01,6.8996355491e-09
mumu,1.0000000000e+00,6.9040489154e-09
mumu,1.0062479746e+00,6.9527860774e-09
mumu,1.0130982261e+00,7.0078396009e-09
mumu,1.0205625307e+00,7.0663411623e-09
mumu,1.0275673714e+00,7.1207758877e-09
mumu,1.0351958458e+00,7.1802198514e-09
mumu,1.0427649435e+00,7.2401604461e-09
mumu,1.0498638071e+00,7.2959341678e-09
mumu,1.0575989782e+00,7.3568407475e-09
mumu,1.0649172580e+00,7.4135133022e-09
mumu,1.0721072935e+00,7.4706224272e-09
mumu,1.0800063498e+00,7.5313814173e-09
mumu,1.0873587274e+00,7.5893989395e-09
mumu,1.0954310820e+00,7.6527549504e-09
mumu,1.0999483721e+00,7.6870885779e-09
mumu,1.1034406050e+00,7.7149956555e-09
mumu,1.1108907557e+00,7.7727702779e-09
mumu,1.1191377918e+00,7.8359866533e-09
mumu,1.1268192402e+00,7.8963502519e-09
mumu,1.1344272213e+00,7.9554829688e-09
mumu,1.1427218907e+00,8.0201853568e-09
mumu,1.1505012180e+00,8.0802454270e-09
mumu,1.1590423310e+00,8.1459625150e-09
mumu,1.1669976563e+00,8.2087144240e-09
mumu,1.1749422629e+00,8.2701858643e-09
mumu,1.1835989851e+00,8.3374482035e-09
mumu,1.1916565921e+00,8.3998836741e-09
mumu,1.2005699951e+00,8.4682008600e-09
mumu,1.2092810199e+00,8.5370736772e-09
mumu,1.2175134802e+00,8.5991709531e-09
mumu,1.2265520627e+00,8.6691089646e-09
mumu,1.2349707725e+00,8.7340280964e-09
mumu,1.2433089638e+00,8.7994338590e-09
mumu,1.2523997513e+00,8.8691095017e-09
mumu,1.2609958544e+00,8.9355268369e-09
mumu,1.2703572596e+00,9.0062800904e-09
mumu,1.2795746428e+00,9.0775940775e-09
mumu,1.2882856432e+00,9.1455721740e-09
mumu,1.2977774551e+00,9.2179891107e-09
mumu,1.3066850174e+00,9.2870185637e-09
mumu,1.3163856108e+00,9.3605555085e-09
mumu,1.3260106989e+00,9.4346742224e-09
mumu,1.3350378236e+00,9.5053268533e-09
mumu,1.3449488839e+00,9.5805918951e-09
mumu,1.3542555421e+00,9.6523372471e-09
mumu,1.3633991315e+00,9.7225467676e-09
mumu,1.3733679711e+00,9.7974432595e-09
mumu,1.3827943841e+00,9.8708125276e-09
mumu,1.3930599798e+00,9.9489715566e-09
mumu,1.4032457121e+00,1.0025612285e-08
mumu,1.4127986319e+00,1.0098536947e-08
mumu,1.4232078085e+00,1.0178499698e-08
mumu,1.4329763083e+00,1.0254721991e-08
mumu,1.4426514003e+00,1.0327112273e-08
mumu,1.4531997129e+00,1.0408884373e-08
mumu,1.4631740687e+00,1.0484596893e-08
mumu,1.4739544210e+00,1.0567616564e-08
mumu,1.4841537603e+00,1.0644483676e-08
mumu,1.4942574804e+00,1.0721910493e-08
mumu,1.5052668272e+00,1.0804505465e-08
mumu,1.5155985570e+00,1.0883095669e-08
mumu,1.5268500649e+00,1.0969270753e-08
mumu,1.5380140394e+00,1.1053770633e-08
mumu,1.5484844258e+00,1.1134174558e-08
mumu,1.5598933265e+00,1.1219945358e-08
mumu,1.5706873383e+00,1.1301557403e-08
mumu,1.5812921977e+00,1.1383763702e-08
mumu,1.5928542404e+00,1.1471457182e-08
mumu,1.6037871458e+00,1.1552436029e-08
mumu,1.6156933485e+00,1.1643911118e-08
mumu,1.6274164009e+00,1.1733607973e-08
mumu,1.6384954146e+00,1.1816438028e-08
mumu,1.6505674969e+00,1.1907464564e-08
mumu,1.6618965298e+00,1.1994077511e-08
mumu,1.6743272294e+00,1.2089049629e-08
mumu,1.6865695227e+00,1.2179579187e-08
mumu,1.6980512108e+00,1.2268172121e-08
mumu,1.7105620874e+00,1.2362678537e-08
mumu,1.7223986836e+00,1.2452602637e-08
mumu,1.7341243111e+00,1.2540507545e-08
mumu,1.7468038269e+00,1.2637112555e-08
mumu,1.7587933740e+00,1.2726319948e-08
mumu,1.7718503381e+00,1.2827089445e-08
mumu,1.7848056724e+00,1.2923146563e-08
mumu,1.7969561500e+00,1.3014373116e-08
mumu,1.8101957370e+00,1.3114627804e-08
mumu,1.8226203875e+00,1.3210022180e-08
mumu,1.8242428604e+00,1.3221289805e-08
mumu,1.8349262574e+00,1.3303273833e-08
mumu,1.8484455999e+00,1.3402896181e-08
mumu,1.8610292945e+00,1.3500387390e-08
mumu,1.8748452395e+00,1.3604386031e-08
mumu,1.8884486308e+00,1.3706264023e-08
mumu,1.9013046548e+00,1.3803018727e-08
mumu,1.9153130863e+00,1.3906384203e-08
mumu,1.9284592314e+00,1.4007536964e-08
mumu,1.9427757640e+00,1.4115442373e-08
mumu,1.9569808632e+00,1.4221147468e-08
mumu,1.9703034632e+00,1.4321536817e-08
mumu,1.9849306116e+00,1.4431861086e-08
mumu,1.9985546193e+00,1.4533738688e-08
mumu,1.9998887863e+00,1.4543035225e-08
mumu,2.0001112198e+00,1.4546135391e-08
mumu,2.0268726637e+00,1.4745939720e-08
mumu,2.0407845499e+00,1.4850034471e-08
mumu,2.0559349361e+00,1.4964429959e-08
mumu,2.0708522673e+00,1.5076491972e-08
mumu,2.0849500733e+00,1.5182920162e-08
mumu,2.1003115376e+00,1.5299879996e-08
mumu,2.1147274877e+00,1.5407884290e-08
mumu,2.1290055602e+00,1.5513343994e-08
mumu,2.1445723563e+00,1.5632849209e-08
mumu,2.1592920695e+00,1.5739848691e-08
mumu,2.1752013006e+00,1.5861098758e-08
mumu,2.1902530349e+00,1.5973064784e-08
mumu,2.2051636892e+00,1.6085821197e-08
mumu,2.2212873360e+00,1.6206281698e-08
mumu,2.2365335982e+00,1.6320685316e-08
mumu,2.2532625161e+00,1.6446408892e-08
mumu,2.2696116051e+00,1.6569569696e-08
mumu,2.2850625112e+00,1.6686537842e-08
mumu,2.3020263694e+00,1.6811495961e-08
mumu,2.3178268335e+00,1.6930170993e-08
mumu,2.3334761784e+00,1.7046050031e-08
mumu,2.3506687296e+00,1.7173701315e-08
mumu,2.3666714509e+00,1.7294934156e-08
mumu,2.3842411579e+00,1.7428162690e-08
mumu,2.4016741777e+00,1.7558675468e-08
mumu,2.4178896373e+00,1.7678856323e-08
mumu,2.4357041288e+00,1.7811246449e-08
mumu,2.4524221196e+00,1.7936978879e-08
mumu,2.4707658143e+00,1.8075154279e-08
mumu,2.4888314824e+00,1.8210512128e-08
mumu,2.5057747786e+00,1.8335154498e-08
mumu,2.5242367530e+00,1.8476397197e-08
mumu,2.5417037792e+00,1.8602859425e-08
mumu,2.5588646811e+00,1.8734179977e-08
mumu,2.5777178464e+00,1.8874473014e-08
mumu,2.5797255359e+00,1.8890573223e-08
mumu,2.5800124973e+00,1.8890573223e-08
mumu,2.6146784013e+00,1.9150052335e-08
mumu,2.6337963249e+00,1.9293459680e-08
mumu,2.6515790110e+00,1.9425514315e-08
mumu,2.6712638161e+00,1.9570983420e-08
mumu,2.6895986227e+00,1.9709139189e-08
mumu,2.7077580708e+00,1.9844038955e-08
mumu,2.7275565715e+00,1.9992643297e-08
mumu,2.7462777557e+00,2.0133774555e-08
mumu,2.7665117010e+00,2.0284547509e-08
mumu,2.7856552034e+00,2.0427740480e-08
mumu,2.8046191559e+00,2.0567558733e-08
mumu,2.8252829874e+00,2.0721581235e-08
mumu,2.8446749384e+00,2.0867858183e-08
mumu,2.8657932500e+00,2.1024128365e-08
mumu,2.8867472673e+00,2.1181569941e-08
mumu,2.9063994259e+00,2.1326547801e-08
mumu,2.9278131526e+00,2.1486254079e-08
mumu,2.9480727749e+00,2.1637928974e-08
mumu,2.9679773712e+00,2.1786030396e-08
mumu,2.9896785351e+00,2.1949177563e-08
mumu,3.0101988511e+00,2.2099409335e-08
mumu,3.0325459800e+00,2.2264903275e-08
mumu,3.0547192547e+00,2.2431635311e-08
mumu,3.0753438994e+00,2.2585169279e-08
mumu,3.0980023727e+00,2.2754300887e-08
mumu,3.1194396553e+00,2.2914928377e-08
mumu,3.1425978113e+00,2.3086528165e-08
mumu,3.1655757144e+00,2.3259414256e-08
mumu,3.1871261036e+00,2.3418613981e-08
mumu,3.2107867058e+00,2.3593986935e-08
mumu,3.2330044235e+00,2.3760540652e-08
mumu,3.2548328018e+00,2.3923170351e-08
mumu,3.2788137107e+00,2.4102321733e-08
mumu,3.3013185696e+00,2.4267290761e-08
mumu,3.3258269144e+00,2.4449019128e-08
mumu,3.3501445914e+00,2.4632107044e-08
mumu,3.3729514759e+00,2.4800702203e-08
mumu,3.3978026095e+00,2.4986425082e-08
mumu,3.4211241748e+00,2.5157445382e-08
mumu,3.4442227363e+00,2.5329636234e-08
mumu,3.4695989802e+00,2.5519320096e-08
mumu,3.4932190780e+00,2.5693987810e-08
mumu,3.5191520548e+00,2.5886398748e-08
mumu,3.5446861608e+00,2.6080251989e-08
mumu,3.5596995070e+00,2.6191676150e-08
mumu,3.5600954273e+00,2.6191676150e-08
mumu,3.5951116611e+00,2.6455400721e-08
mumu,3.6197875005e+00,2.6636475466e-08
mumu,3.6466600965e+00,2.6835945741e-08
mumu,3.6733236315e+00,2.7036909773e-08
mumu,3.6983306321e+00,2.7221964673e-08
mumu,3.7197824253e+00,2.7379088487e-08
mumu,3.7201961504e+00,2.7384924940e-08
mumu,3.7515676834e+00,2.7613534749e-08
mumu,3.7768972617e+00,2.7802536375e-08
mumu,3.8045130607e+00,2.8010738830e-08
mumu,3.8306261727e+00,2.8202459131e-08
mumu,3.8590639938e+00,2.8413656454e-08
mumu,3.8872805771e+00,2.8626433790e-08
mumu,3.9137440833e+00,2.8822368232e-08
mumu,3.9425797091e+00,2.9032019004e-08
mumu,3.9696404718e+00,2.9236960657e-08
mumu,3.9964424190e+00,2.9437073868e-08
mumu,4.0256634815e+00,2.9651195941e-08
mumu,4.0530690594e+00,2.9854144398e-08
mumu,4.0831582532e+00,3.0077708912e-08
mumu,4.1114125888e+00,3.0290033910e-08
mumu,4.1391717433e+00,3.0497354911e-08
mumu,4.1696682717e+00,3.0719187677e-08
mumu,4.1982877067e+00,3.0936041011e-08
mumu,4.2294549753e+00,3.1167707371e-08
mumu,4.2603797717e+00,3.1394417884e-08
mumu,4.2893832317e+00,3.1609297873e-08
mumu,4.3212267757e+00,3.1846007695e-08
mumu,4.3508864659e+00,3.2070813743e-08
mumu,4.3802624838e+00,3.2283441419e-08
mumu,4.4125353169e+00,3.2525197867e-08
mumu,4.4425746720e+00,3.2747817512e-08
mumu,4.4755554794e+00,3.2993053268e-08
mumu,4.5082797058e+00,3.3233041148e-08
mumu,4.5387184006e+00,3.3460505646e-08
mumu,4.5721587029e+00,3.3711076608e-08
mumu,4.6035407194e+00,3.3941813034e-08
mumu,4.6379744104e+00,3.4195990161e-08
mumu,4.6718862064e+00,3.4452070722e-08
mumu,4.7036910858e+00,3.4687878903e-08
mumu,4.7386104380e+00,3.4940192854e-08
mumu,4.7714002551e+00,3.5186841249e-08
mumu,4.8036154692e+00,3.5427678588e-08
mumu,4.8387383943e+00,3.5685375668e-08
mumu,4.8719500699e+00,3.5937284427e-08
mumu,4.9081185463e+00,3.6198688324e-08
mumu,4.9440055034e+00,3.6469764329e-08
mumu,4.9776629648e+00,3.6719382671e-08
mumu,5.0143373163e+00,3.6986475466e-08
mumu,5.0490350839e+00,3.7247568896e-08
mumu,5.0831248139e+00,3.7494518166e-08
mumu,5.1202914467e+00,3.7775300129e-08
mumu,5.1551489421e+00,3.8033854248e-08
mumu,5.1934198357e+00,3.8318673000e-08
mumu,5.2293568026e+00,3.8580946251e-08
mumu,5.2649567841e+00,3.8845014638e-08
mumu,5.3034529302e+00,3.9135909948e-08
mumu,5.3398543455e+00,3.9403776800e-08
mumu,5.3797955355e+00,3.9698856464e-08
mumu,5.4191313559e+00,3.9987619445e-08
mumu,5.4560233465e+00,4.0261315847e-08
mumu,5.4962220763e+00,4.0562817290e-08
mumu,5.5342544262e+00,4.0840450650e-08
mumu,5.5716202270e+00,4.1119984280e-08
mumu,5.6126707281e+00,4.1427915958e-08
mumu,5.6508802023e+00,4.1711470511e-08
mumu,5.6928312341e+00,4.2023831602e-08
mumu,5.7344558992e+00,4.2329506071e-08
mumu,5.7731734889e+00,4.2619231583e-08
mumu,5.8160324022e+00,4.2929239238e-08
mumu,5.8559520194e+00,4.3232283585e-08
mumu,5.8954898361e+00,4.3518911174e-08
mumu,5.9385962094e+00,4.3835460607e-08
mumu,5.9395870837e+00,4.3844805097e-08
mumu,5.9790245772e+00,4.4144902116e-08
mumu,6.0234116888e+00,4.4466007332e-08
mumu,6.0650919599e+00,4.4779899970e-08
mumu,6.1060419203e+00,4.5076788168e-08
mumu,6.1510298380e+00,4.5414350822e-08
mumu,6.1932487838e+00,4.5725190642e-08
mumu,6.2392262542e+00,4.6067606418e-08
mumu,6.2848460332e+00,4.6402697176e-08
mumu,6.3276315768e+00,4.6720301761e-08
mumu,6.3742522071e+00,4.7070172054e-08
mumu,6.4180032887e+00,4.7392345189e-08
mumu,6.4613359247e+00,4.7716723448e-08
mumu,6.5089416599e+00,4.8063807081e-08
mumu,6.5532526930e+00,4.8392781180e-08
mumu,6.6019027621e+00,4.8755176025e-08
mumu,6.6501743479e+00,4.9109815872e-08
mumu,6.6950746359e+00,4.9445949407e-08
mumu,6.7444024118e+00,4.9805611147e-08
mumu,6.7906941007e+00,5.0157196900e-08
mumu,6.8414874193e+00,5.0532804773e-08
mumu,6.8915107927e+00,5.0900374898e-08
mumu,6.9384262482e+00,5.1248763966e-08
mumu,6.9895470824e+00,5.1621539083e-08
mumu,7.0379127317e+00,5.1985943762e-08
mumu,7.0854308299e+00,5.2341763037e-08
mumu,7.1376347624e+00,5.2722491328e-08
mumu,7.1866254880e+00,5.3083351924e-08
mumu,7.2399775931e+00,5.3480872642e-08
mumu,7.2925090986e+00,5.3869883752e-08
mumu,7.3421544371e+00,5.4238597708e-08
mumu,7.3962498540e+00,5.4633120386e-08
mumu,7.4474297691e+00,5.5018787300e-08
mumu,7.4482582002e+00,5.5018787300e-08
mumu,7.4490866173e+00,5.5030515760e-08
mumu,7.4507438342e+00,5.5042246721e-08
mumu,7.4536448774e+00,5.5065719150e-08
mumu,7.4735680149e+00,5.5206755040e-08
mumu,7.4739836194e+00,5.5218523570e-08
mumu,7.4752306782e+00,5.5218523570e-08
mumu,7.4802208877e+00,5.5253847230e-08
mumu,7.4864633613e+00,5.5312768207e-08
mumu,7.4872960277e+00,5.5312768207e-08
mumu,7.4881288934e+00,5.5324559336e-08
mumu,7.4931277134e+00,5.5359950827e-08
mumu,7.4939611211e+00,5.5359950827e-08
mumu,7.4947947282e+00,5.5371752014e-08
mumu,7.4964621138e+00,5.5383555717e-08
mumu,7.4972958924e+00,5.5383555717e-08
mumu,7.4981298704e+00,5.5395364959e-08
mumu,7.4989638345e+00,5.5395364959e-08
mumu,7.4993809581e+00,5.5407173695e-08
mumu,7.4997979981e+00,5.5407173695e-08
pipi,2.7992451621e-01,5.0125134253e-10
pipi,2.7994008279e-01,5.0965518350e-10
pipi,2.8000236575e-01,5.2970319901e-10
pipi,2.8001793666e-01,5.3458078690e-10
pipi,2.8003350843e-01,5.3938827648e-10
pipi,2.8006465458e-01,5.4901634094e-10
pipi,2.8012696525e-01,5.6770093616e-10
pipi,2.8025162020e-01,6.0351597438e-10
pipi,2.8026720497e-01,6.0790588392e-10
pipi,2.8028279061e-01,6.1219718853e-10
pipi,2.8029837712e-01,6.2073856655e-10
pipi,2.8036073580e-01,6.3750068249e-10
pipi,2.8048549477e-01,6.6982007259e-10
pipi,2.8050109654e-01,6.7382992496e-10
pipi,2.8051669519e-01,6.7771923746e-10
pipi,2.8054789508e-01,6.8541930146e-10
pipi,2.8061030927e-01,7.0078399833e-10
pipi,2.8071956851e-01,7.3068289483e-10
pipi,2.8078202089e-01,7.4515377439e-10
pipi,2.8084448717e-01,7.5942539289e-10
pipi,2.8096946142e-01,7.8728206750e-10
pipi,2.8120393904e-01,8.4052575947e-10
pipi,2.8123521537e-01,8.4700065049e-10
pipi,2.8126649918e-01,8.5334346462e-10
pipi,2.8131342542e-01,8.6598743451e-10
pipi,2.8143860834e-01,8.9089007173e-10
pipi,2.8167347748e-01,9.3885314932e-10
pipi,2.8170481004e-01,9.4527915649e-10
pipi,2.8175181341e-01,9.5154630369e-10
pipi,2.8181449143e-01,9.6420552606e-10
pipi,2.8193989732e-01,9.8876596121e-10
pipi,2.8220657317e-01,1.0364603083e-09
pipi,2.8222226666e-01,1.0395580442e-09
pipi,2.8226935637e-01,1.0482362920e-09
pipi,2.8233215354e-01,1.0596941134e-09
pipi,2.8245778979e-01,1.0825253876e-09
pipi,2.8272495147e-01,1.1270283587e-09
pipi,2.8275640100e-01,1.1323260327e-09
pipi,2.8278785000e-01,1.1378911856e-09
pipi,2.8285076251e-01,1.1486138613e-09
pipi,2.8297662954e-01,1.1701138581e-09
pipi,2.8324428197e-01,1.2117429352e-09
pipi,2.8376457044e-01,1.2920392298e-09
pipi,2.8379613157e-01,1.2964533892e-09
pipi,2.8382769621e-01,1.3011599408e-09
pipi,2.8401717397e-01,1.3280607056e-09
pipi,2.8425419096e-01,1.3633416830e-09
pipi,2.8474466033e-01,1.4318485299e-09
pipi,2.8480800819e-01,1.4404200794e-09
pipi,2.8487137013e-01,1.4487341909e-09
pipi,2.8499813632e-01,1.4651942398e-09
pipi,2.8523597600e-01,1.4980387560e-09
pipi,2.8572813534e-01,1.5619526371e-09
pipi,2.8574402873e-01,1.5639515741e-09
pipi,2.8575991893e-01,1.5656193232e-09
pipi,2.8579170606e-01,1.5696292321e-09
pipi,2.8585528278e-01,1.5773436416e-09
pipi,2.8596658422e-01,1.5925468180e-09
pipi,2.8620523210e-01,1.6227022864e-09
pipi,2.8669906792e-01,1.6815080617e-09
pipi,2.8765729913e-01,1.7956107293e-09
pipi,2.8767329573e-01,1.7975255124e-09
pipi,2.8770529570e-01,1.7994424357e-09
pipi,2.8773729512e-01,1.8028978931e-09
pipi,2.8780130876e-01,1.8106005175e-09
pipi,2.8818568973e-01,1.8551380338e-09
pipi,2.8871505092e-01,1.9133732019e-09
pipi,2.8977669632e-01,2.0271580750e-09
pipi,2.9176563824e-01,2.2307659638e-09
pipi,2.9393165358e-01,2.4433388925e-09
pipi,2.9608080963e-01,2.6461041713e-09
pipi,2.9809644824e-01,2.8310878665e-09
pipi,3.0030945810e-01,3.0290033910e-09
pipi,3.0237069810e-01,3.2091329658e-09
pipi,3.0441222392e-01,3.3840673080e-09
pipi,3.0665506780e-01,3.5723431387e-09
pipi,3.0874269312e-01,3.7478537719e-09
pipi,3.1103473863e-01,3.9395378812e-09
pipi,3.1330895268e-01,4.1304468884e-09
pipi,3.1542433066e-01,4.3066723288e-09
pipi,3.1774830938e-01,4.4961633609e-09
pipi,3.1994703600e-01,4.6690436125e-09
pipi,3.2232226036e-01,4.8341231601e-09
pipi,3.2467900617e-01,4.9922532616e-09
pipi,3.2688933363e-01,5.1412891908e-09
pipi,3.2931609625e-01,5.3072038455e-09
pipi,3.3159486862e-01,5.4901634094e-09
pipi,3.3383370820e-01,5.6879108851e-09
pipi,3.3629332325e-01,5.9078740100e-09
pipi,3.3858271786e-01,6.1167538684e-09
pipi,3.4111525822e-01,6.3289705814e-09
pipi,3.4359030705e-01,6.5193015556e-09
pipi,3.4592937264e-01,6.6939185813e-09
pipi,3.4847810595e-01,6.8864116184e-09
pipi,3.5088947391e-01,7.0814198487e-09
pipi,3.5325858548e-01,7.2928245855e-09
pipi,3.5584153054e-01,7.5297762804e-09
pipi,3.5828392713e-01,7.7512605211e-09
pipi,3.6092368614e-01,7.9792595994e-09
pipi,3.6342117392e-01,8.1720505599e-09
pipi,3.6589524244e-01,8.3605841755e-09
pipi,3.6859108000e-01,8.5698925300e-09
pipi,3.7112098592e-01,8.7844409475e-09
pipi,3.7387611570e-01,9.0447581390e-09
pipi,3.7660981137e-01,9.3088203613e-09
pipi,3.7917366440e-01,9.5581535928e-09
pipi,3.8196733995e-01,9.8120734619e-09
pipi,3.8461043827e-01,1.0040583205e-08
pipi,3.8720723025e-01,1.0267846217e-08
pipi,3.9006008996e-01,1.0520416767e-08
pipi,3.9273734756e-01,1.0779200686e-08
pipi,3.9563095761e-01,1.1070276868e-08
pipi,3.9852371398e-01,1.1366790045e-08
pipi,4.0123675637e-01,1.1651359170e-08
pipi,4.0419298261e-01,1.1968538151e-08
pipi,4.0696724423e-01,1.2270787351e-08
pipi,4.0971498369e-01,1.2569947091e-08
pipi,4.1271072487e-01,1.2909379699e-08
pipi,4.1552034270e-01,1.3224108935e-08
pipi,4.1860508464e-01,1.3560956071e-08
pipi,4.2150171106e-01,1.3847223911e-08
pipi,4.2434757750e-01,1.4103411951e-08
pipi,4.2747408539e-01,1.4379658203e-08
pipi,4.3040814164e-01,1.4655065781e-08
pipi,4.3360341387e-01,1.4996362177e-08
pipi,4.3677381551e-01,1.5352150939e-08
pipi,4.3974725431e-01,1.5699638330e-08
pipi,4.4298721763e-01,1.6099543522e-08
pipi,4.4605256137e-01,1.6474478926e-08
pipi,4.4906418857e-01,1.6840189110e-08
pipi,4.5234764204e-01,1.7199346243e-08
pipi,4.5545242306e-01,1.7517552031e-08
pipi,4.5883361950e-01,1.7872097295e-08
pipi,4.6216279736e-01,1.8276622269e-08
pipi,4.6530907754e-01,1.8686320041e-08
pipi,4.6873737488e-01,1.9133730975e-08
pipi,4.7195465020e-01,1.9504348213e-08
pipi,4.7545835619e-01,1.9865200018e-08
pipi,4.7893479088e-01,2.0224103531e-08
pipi,4.8219525029e-01,2.0607054480e-08
pipi,4.8577497373e-01,2.1064502009e-08
pipi,4.8913639640e-01,2.1504582176e-08
pipi,4.9243892110e-01,2.1949177563e-08
pipi,4.9603951352e-01,2.2422074778e-08
pipi,4.9609469155e-01,2.2431635311e-08
pipi,4.9614986866e-01,2.2436418330e-08
pipi,4.9648108143e-01,2.2479502836e-08
pipi,4.9689541010e-01,2.2532274731e-08
pipi,4.9775278350e-01,2.2638189232e-08
pipi,4.9780814503e-01,2.2647843149e-08
pipi,4.9786351980e-01,2.2652671033e-08
pipi,4.9794658997e-01,2.2667162099e-08
pipi,4.9816817345e-01,2.2691333652e-08
pipi,4.9858390296e-01,2.2744602832e-08
pipi,4.9944418979e-01,2.2851515396e-08
pipi,4.9947196384e-01,2.2851515396e-08
pipi,4.9955530238e-01,2.2866133664e-08
pipi,4.9969422610e-01,2.2880761283e-08
pipi,5.0036160651e-01,2.2954038606e-08
pipi,5.0130859173e-01,2.3052105208e-08
pipi,5.0315196598e-01,2.3239590537e-08
pipi,5.0683089677e-01,2.3599016511e-08
pipi,5.0685908159e-01,2.3604047158e-08
pipi,5.0688727521e-01,2.3604047158e-08
pipi,5.0694365270e-01,2.3609078878e-08
pipi,5.0705643372e-01,2.3624181764e-08
pipi,5.0725386268e-01,2.3644333546e-08
pipi,5.0767717434e-01,2.3684688692e-08
pipi,5.0855315125e-01,2.3775740430e-08
pipi,5.1028126537e-01,2.3958894041e-08
pipi,5.1030964207e-01,2.3964001404e-08
pipi,5.1033802035e-01,2.3964001404e-08
pipi,5.1039478164e-01,2.3974219398e-08
pipi,5.1050833771e-01,2.3989555867e-08
pipi,5.1073551110e-01,2.4015137579e-08
pipi,5.1121858844e-01,2.4071514463e-08
pipi,5.1215763327e-01,2.4189821078e-08
pipi,5.1404090081e-01,2.4433388925e-08
pipi,5.1756913356e-01,2.4911970430e-08
pipi,5.2106362888e-01,2.5410756260e-08
pipi,5.2487351813e-01,2.5980376296e-08
pipi,5.2847610293e-01,2.6511853230e-08
pipi,5.3239940638e-01,2.7048438022e-08
pipi,5.3605364677e-01,2.7513651157e-08
pipi,5.3970295600e-01,2.7951093173e-08
pipi,5.4367936372e-01,2.8371290531e-08
pipi,5.4741102658e-01,2.8767126909e-08
pipi,5.5147489921e-01,2.9261900223e-08
pipi,5.5550715610e-01,2.9841418707e-08
pipi,5.5835657939e-01,3.0257767971e-08
pipi,5.5841868940e-01,3.0270669559e-08
pipi,5.6340962008e-01,3.0942635706e-08
pipi,5.6730825210e-01,3.1427895910e-08
pipi,5.7113856519e-01,3.1913963084e-08
pipi,5.7534659146e-01,3.2449023736e-08
pipi,5.7926339651e-01,3.2986021574e-08
pipi,5.8356373492e-01,3.3667989393e-08
pipi,5.8783061795e-01,3.4371381973e-08
pipi,5.9179949255e-01,3.4984910104e-08
pipi,5.9615974409e-01,3.5571455462e-08
pipi,6.0028499753e-01,3.6106212065e-08
pipi,6.0474139620e-01,3.6680267979e-08
pipi,6.0916312540e-01,3.7279341631e-08
pipi,6.1331013559e-01,3.7904356732e-08
pipi,6.1786323915e-01,3.8638557920e-08
pipi,6.2213866565e-01,3.9361802604e-08
pipi,6.2633918789e-01,4.0081492628e-08
pipi,6.2640885118e-01,4.0098585135e-08
pipi,6.2647853113e-01,4.0107133027e-08
pipi,6.2661790537e-01,4.0132789829e-08
pipi,6.2693160855e-01,4.0175586182e-08
pipi,6.2748969490e-01,4.0269900627e-08
pipi,6.2864231526e-01,4.0459192054e-08
pipi,6.3095392049e-01,4.0805642825e-08
pipi,6.3098900779e-01,4.0805642825e-08
pipi,6.3102409704e-01,4.0814341442e-08
pipi,6.3123469150e-01,4.0840450650e-08
pipi,6.3148047087e-01,4.0875288167e-08
pipi,6.3204260656e-01,4.0945052377e-08
pipi,6.3309795556e-01,4.1084938211e-08
pipi,6.3528460241e-01,4.1357329022e-08
pipi,6.3535526968e-01,4.1374963344e-08
pipi,6.3585012449e-01,4.1436747227e-08
pipi,6.3645155010e-01,4.1516317938e-08
pipi,6.3762063226e-01,4.1667038084e-08
pipi,6.3765609030e-01,4.1675920326e-08
pipi,6.3769155938e-01,4.1675920326e-08
pipi,6.3776248531e-01,4.1693692767e-08
pipi,6.3793984374e-01,4.1711470511e-08
pipi,6.3822372344e-01,4.1747051021e-08
pipi,6.3882739415e-01,4.1827217607e-08
pipi,6.3889844641e-01,4.1845054568e-08
pipi,6.3911166881e-01,4.1871820845e-08
pipi,6.3939606997e-01,4.1916473934e-08
pipi,6.3943162674e-01,4.1916473934e-08
pipi,6.3946718548e-01,4.1925409349e-08
pipi,6.3953830890e-01,4.1934346669e-08
pipi,6.3971617028e-01,4.1961172352e-08
pipi,6.3975174484e-01,4.1961172352e-08
pipi,6.3978732139e-01,4.1970117296e-08
pipi,6.3985848953e-01,4.1979066437e-08
pipi,6.3989407201e-01,4.1988015195e-08
pipi,6.3992965647e-01,4.1988015195e-08
pipi,6.4000084044e-01,4.1996965861e-08
pipi,6.4007202321e-01,4.2014872917e-08
pipi,6.4014322302e-01,4.2023831602e-08
pipi,6.4057056085e-01,4.2104529687e-08
pipi,6.4117644221e-01,4.2203372435e-08
pipi,6.4231848412e-01,4.2419834246e-08
pipi,6.4468036936e-01,4.2865229988e-08
pipi,6.4906918014e-01,4.3732797801e-08
pipi,6.5385138244e-01,4.4589398119e-08
pipi,6.5833923517e-01,4.5346636170e-08
pipi,6.6278416503e-01,4.6087251667e-08
pipi,6.6766741639e-01,4.6919907594e-08
pipi,6.7221270724e-01,4.7747245551e-08
pipi,6.7720309284e-01,4.8734393541e-08
pipi,6.8211670303e-01,4.9763162423e-08
pipi,6.8676037032e-01,5.0748698983e-08
pipi,6.9182027321e-01,5.1864192495e-08
pipi,6.9656872386e-01,5.2947740661e-08
pipi,7.0173992412e-01,5.4157725743e-08
pipi,7.0687087405e-01,5.5395364959e-08
pipi,7.1168306108e-01,5.6649208208e-08
pipi,7.1696645724e-01,5.8129350082e-08
pipi,7.2188751417e-01,5.9470425552e-08
pipi,7.2680193045e-01,6.0674073054e-08
pipi,7.3211612761e-01,6.2100324283e-08
pipi,7.3714116763e-01,6.3614319785e-08
pipi,7.4261355981e-01,6.5318205273e-08
pipi,7.4800178205e-01,6.7082025645e-08
pipi,7.5309396653e-01,6.8952246276e-08
pipi,7.5864260111e-01,7.1177405708e-08
pipi,7.6389218904e-01,7.3239817399e-08
pipi,7.6900701970e-01,7.5281710748e-08
pipi,7.7467289824e-01,7.7595262232e-08
pipi,7.7994666324e-01,7.9911743314e-08
pipi,7.8573683506e-01,8.2790049321e-08
pipi,7.9117390727e-01,8.5589386066e-08
pipi,7.9651570119e-01,8.8313786944e-08
pipi,8.0238425778e-01,9.1553247264e-08
pipi,8.0789159857e-01,9.4911535046e-08
pipi,8.1388922813e-01,9.9024239913e-08
pipi,8.1984019790e-01,1.0342532849e-07
pipi,8.2542144974e-01,1.0765422854e-07
pipi,8.3150296584e-01,1.1255877445e-07
pipi,8.3725673839e-01,1.1758646663e-07
pipi,8.4290967122e-01,1.2304838128e-07
pipi,8.4907281966e-01,1.2961770099e-07
pipi,8.5490061765e-01,1.3633416086e-07
pipi,8.6124723301e-01,1.4441092456e-07
pipi,8.6749623215e-01,1.5332528023e-07
pipi,8.7340191347e-01,1.6175220529e-07
pipi,8.7349905579e-01,1.6189017351e-07
pipi,8.7359620893e-01,1.6206281698e-07
pipi,8.7379057249e-01,1.6233941893e-07
pipi,8.7417940447e-01,1.6292876435e-07
pipi,8.7500624391e-01,1.6407890448e-07
pipi,8.7661352131e-01,1.6654555299e-07
pipi,8.7680854370e-01,1.6682980588e-07
pipi,8.7739387124e-01,1.6779273915e-07
pipi,8.7822375108e-01,1.6908531994e-07
pipi,8.7983693864e-01,1.7177362266e-07
pipi,8.7988587883e-01,1.7188350740e-07
pipi,8.8003269068e-01,1.7210347841e-07
pipi,8.8017951450e-01,1.7247073507e-07
pipi,8.8057118952e-01,1.7320759172e-07
pipi,8.8130605315e-01,1.7469076280e-07
pipi,8.8282671194e-01,1.7777108214e-07
pipi,8.8587589292e-01,1.8429194810e-07
pipi,8.9245246267e-01,1.9975602718e-07
pipi,8.9897786863e-01,2.1633316178e-07
pipi,9.0514820090e-01,2.3378712186e-07
pipi,9.1181713842e-01,2.5601046201e-07
pipi,9.1812664996e-01,2.8100443751e-07
pipi,9.2432559473e-01,3.0824137578e-07
pipi,9.3113582717e-01,3.4276265298e-07
pipi,9.3752688266e-01,3.8261538293e-07
pipi,9.4448689928e-01,4.3407731679e-07
pipi,9.5133986506e-01,4.9467029931e-07
pipi,9.5781631768e-01,5.6192190885e-07
pipi,9.6487330257e-01,6.4763632786e-07
pipi,9.6492697284e-01,6.4818880673e-07
pipi,9.6498063235e-01,6.4888001502e-07
pipi,9.6508796034e-01,6.5012605502e-07
pipi,9.6530266586e-01,6.5276447491e-07
pipi,9.6573222021e-01,6.5793319202e-07
pipi,9.6653815334e-01,6.6825127863e-07
pipi,9.6820587674e-01,6.8849431903e-07
pipi,9.6842127591e-01,6.9084651048e-07
pipi,9.6863672301e-01,6.9335451025e-07
pipi,9.6906776100e-01,6.9884466535e-07
pipi,9.6912165078e-01,6.9958989146e-07
pipi,9.6998435025e-01,7.0919939149e-07
pipi,9.7030805360e-01,7.1466262533e-07
pipi,9.7068585555e-01,7.2185857923e-07
pipi,9.7154994745e-01,7.3631158412e-07
pipi,9.7160397527e-01,7.3709676379e-07
pipi,9.7165801993e-01,7.3804011691e-07
pipi,9.7176609059e-01,7.3977266716e-07
pipi,9.7192823296e-01,7.4309165355e-07
pipi,9.7236073565e-01,7.4993411397e-07
pipi,9.7317220048e-01,7.6315773147e-07
pipi,9.7328043955e-01,7.6478625615e-07
pipi,9.7338870452e-01,7.6625487013e-07
pipi,9.7360525673e-01,7.6936453599e-07
pipi,9.7398434250e-01,7.7545655756e-07
pipi,9.7479714839e-01,7.8661099061e-07
pipi,9.7490558208e-01,7.8795354492e-07
pipi,9.7501401394e-01,7.8913017024e-07
pipi,9.7523092774e-01,7.9165741773e-07
pipi,9.7561064648e-01,7.9639660127e-07
pipi,9.7571917065e-01,7.9741580416e-07
pipi,9.7582769301e-01,7.9860655917e-07
pipi,9.7604478783e-01,8.0065197305e-07
pipi,9.7647912237e-01,8.0493012641e-07
pipi,9.7653342429e-01,8.0527334000e-07
pipi,9.7664205112e-01,8.0613205833e-07
pipi,9.7685932711e-01,8.0768011246e-07
pipi,9.7691365018e-01,8.0819674674e-07
pipi,9.7707665143e-01,8.0923109523e-07
pipi,9.7729402411e-01,8.1043949363e-07
pipi,9.7740272163e-01,8.1113076641e-07
pipi,9.7745708883e-01,8.1164965220e-07
pipi,9.7751144515e-01,8.1199577522e-07
pipi,9.7756580448e-01,8.1216886992e-07
pipi,9.7767453223e-01,8.1268841980e-07
pipi,9.7772891455e-01,8.1303494143e-07
pipi,9.7838161310e-01,8.1511730970e-07
pipi,9.7843602083e-01,8.1511730970e-07
pipi,9.7849043158e-01,8.1529106983e-07
pipi,9.7854484536e-01,8.1529106983e-07
pipi,9.7859927609e-01,8.1546491149e-07
pipi,9.7914363849e-01,8.1546491149e-07
pipi,9.7919810253e-01,8.1529106983e-07
pipi,9.7925255566e-01,8.1529106983e-07
pipi,9.7936147101e-01,8.1494358661e-07
pipi,9.7941593323e-01,8.1494358661e-07
pipi,9.7996076385e-01,8.1320830203e-07
pipi,9.8001525940e-01,8.1251517003e-07
pipi,9.8006977192e-01,8.1078505635e-07
pipi,9.8017877817e-01,8.0768011246e-07
pipi,9.8023328583e-01,8.0596025023e-07
pipi,9.8034232422e-01,8.0287373938e-07
pipi,9.8045136077e-01,7.9945821188e-07
pipi,9.8056042342e-01,7.9622686806e-07
pipi,9.8088765621e-01,7.8610815487e-07
pipi,9.8121501218e-01,7.7562186312e-07
pipi,9.8165164744e-01,7.6137037177e-07
pipi,9.8176082962e-01,7.5780824221e-07
pipi,9.8187003793e-01,7.5410198382e-07
pipi,9.8214309087e-01,7.4674379840e-07
pipi,9.8258013911e-01,7.3177395983e-07
pipi,9.8345481915e-01,7.0168076268e-07
pipi,9.8526130307e-01,6.4159047177e-07
pipi,9.8531610740e-01,6.3995137505e-07
pipi,9.8537090075e-01,6.3818045847e-07
pipi,9.8569973890e-01,6.2805884638e-07
pipi,9.8608353381e-01,6.1468161384e-07
pipi,9.8696133252e-01,5.8877585828e-07
pipi,9.8701621737e-01,5.8714655804e-07
pipi,9.8707111932e-01,5.8564655135e-07
pipi,9.8712601027e-01,5.8253390829e-07
pipi,9.8734561865e-01,5.7746494101e-07
pipi,9.8745543413e-01,5.7427336330e-07
pipi,9.8860930475e-01,5.4088502053e-07
pipi,9.8882925720e-01,5.3537900052e-07
pipi,9.8904923043e-01,5.2981608794e-07
pipi,9.8948935187e-01,5.1908430596e-07
pipi,9.9031511106e-01,5.0039725834e-07
pipi,9.9037018240e-01,4.9943819049e-07
pipi,9.9042527091e-01,4.9837469410e-07
pipi,9.9053542892e-01,4.9646614208e-07
pipi,9.9070070302e-01,4.9256590863e-07
pipi,9.9114155936e-01,4.8485709517e-07
pipi,9.9202386066e-01,4.6859935188e-07
pipi,9.9213419647e-01,4.6760152327e-07
pipi,9.9224455868e-01,4.6551302691e-07
pipi,9.9290694737e-01,4.5346633695e-07
pipi,9.9384608483e-01,4.3760771577e-07
pipi,9.9567165621e-01,4.0701397246e-07
pipi,9.9572703961e-01,4.0614728285e-07
pipi,9.9578241191e-01,4.0519606234e-07
pipi,9.9589317994e-01,4.0338629386e-07
pipi,9.9655799014e-01,3.9244510001e-07
pipi,9.9750059513e-01,3.7831706688e-07
pipi,9.9933287938e-01,3.5201846462e-07
pipi,9.9944404235e-01,3.5052089483e-07
pipi,9.9955520346e-01,3.4910413748e-07
pipi,9.9977757699e-01,3.4621393777e-07
pipi,1.0000000000e+00,3.4393367700e-07
pipi,1.0002224725e+00,3.4115901167e-07
pipi,1.0002780948e+00,3.4065032965e-07
pipi,1.0003337344e+00,3.4006991273e-07
pipi,1.0004449945e+00,3.3898429057e-07
pipi,1.0006119220e+00,3.3675166463e-07
pipi,1.0010571888e+00,3.3247209546e-07
pipi,1.0027844591e+00,3.1669996998e-07
pipi,1.0030075654e+00,3.1481533993e-07
pipi,1.0032306927e+00,3.1300866961e-07
pipi,1.0036771248e+00,3.0949230118e-07
pipi,1.0045147241e+00,3.0264216426e-07
pipi,1.0062479746e+00,2.9013458899e-07
pipi,1.0063598925e+00,2.8939338640e-07
pipi,1.0064718371e+00,2.8871561029e-07
pipi,1.0066957494e+00,2.8724233947e-07
pipi,1.0070877194e+00,2.8443955890e-07
pipi,1.0079842157e+00,2.7903468715e-07
pipi,1.0096672908e+00,2.6870289526e-07
pipi,1.0130982261e+00,2.4800702203e-07
pipi,1.0205625307e+00,2.0894564200e-07
pipi,1.0275673714e+00,1.7743036379e-07
pipi,1.0351958458e+00,1.4938932007e-07
pipi,1.0427649435e+00,1.2720895200e-07
pipi,1.0498638071e+00,1.1023181893e-07
pipi,1.0575989782e+00,9.4386970664e-08
pipi,1.0649172580e+00,8.1982217064e-08
pipi,1.0721072935e+00,7.1710425806e-08
pipi,1.0800063498e+00,6.2179798290e-08
pipi,1.0873587274e+00,5.4227038026e-08
pipi,1.0954310820e+00,4.7625268959e-08
pipi,1.0999483721e+00,4.4484969588e-08
pipi,1.1034406050e+00,4.2239372545e-08
pipi,1.1108907557e+00,3.7550507507e-08
pipi,1.1191377918e+00,3.3148139375e-08
pipi,1.1268192402e+00,2.9531348265e-08
pipi,1.1344272213e+00,2.6557102537e-08
pipi,1.1427218907e+00,2.3674594099e-08
pipi,1.1505012180e+00,2.1086964535e-08
pipi,1.1590423310e+00,1.8826254674e-08
pipi,1.1669976563e+00,1.7064228337e-08
pipi,1.1749422629e+00,1.5460524221e-08
pipi,1.1835989851e+00,1.3921213536e-08
pipi,1.1916565921e+00,1.2767076925e-08
pipi,1.2005699951e+00,1.1771185717e-08
pipi,1.2092810199e+00,1.0973947932e-08
pipi,1.2094155369e+00,1.0964594968e-08
pipi,1.2095500517e+00,1.0952915122e-08
pipi,1.2098191433e+00,1.0934253002e-08
pipi,1.2103575061e+00,1.0890057658e-08
pipi,1.2113675865e+00,1.0804505465e-08
pipi,1.2133902769e+00,1.0637679263e-08
pipi,1.2136602056e+00,1.0619554257e-08
pipi,1.2139302289e+00,1.0599200104e-08
pipi,1.2144704211e+00,1.0560860711e-08
pipi,1.2154839166e+00,1.0484596893e-08
pipi,1.2175134802e+00,1.0342532849e-08
pipi,1.2177843435e+00,1.0324910728e-08
pipi,1.2181230030e+00,1.0305121871e-08
pipi,1.2188006218e+00,1.0261282006e-08
pipi,1.2189361804e+00,1.0254721991e-08
pipi,1.2192073602e+00,1.0237249488e-08
pipi,1.2197499007e+00,1.0204569162e-08
pipi,1.2198855823e+00,1.0195871930e-08
pipi,1.2200891068e+00,1.0189353732e-08
pipi,1.2209035968e+00,1.0150332514e-08
pipi,1.2219904293e+00,1.0102843406e-08
pipi,1.2221263600e+00,1.0100690223e-08
pipi,1.2221943224e+00,1.0096384681e-08
pipi,1.2223302584e+00,1.0092081526e-08
pipi,1.2226022107e+00,1.0079181961e-08
pipi,1.2231462619e+00,1.0059864070e-08
pipi,1.2243031704e+00,1.0019202934e-08
pipi,1.2265520627e+00,9.9468511672e-09
pipi,1.2266202712e+00,9.9447306871e-09
pipi,1.2266884834e+00,9.9447306871e-09
pipi,1.2267567170e+00,9.9404921677e-09
pipi,1.2270296366e+00,9.9320200057e-09
pipi,1.2275756580e+00,9.9172109581e-09
pipi,1.2286001075e+00,9.8897673835e-09
pipi,1.2307199909e+00,9.8309155217e-09
pipi,1.2307884487e+00,9.8288202931e-09
pipi,1.2308568927e+00,9.8246306395e-09
pipi,1.2318155618e+00,9.7953551648e-09
pipi,1.2328435496e+00,9.7620039784e-09
pipi,1.2349707725e+00,9.6997759988e-09
pipi,1.2352455195e+00,9.6915089963e-09
pipi,1.2355203277e+00,9.6853137649e-09
pipi,1.2360013758e+00,9.6708725664e-09
pipi,1.2370328569e+00,9.6441101498e-09
pipi,1.2371016482e+00,9.6441101498e-09
pipi,1.2373080626e+00,9.6379452178e-09
pipi,1.2375833296e+00,9.6317837012e-09
pipi,1.2380651987e+00,9.6215236091e-09
pipi,1.2382028999e+00,9.6174223182e-09
pipi,1.2383406341e+00,9.6153725907e-09
pipi,1.2386161309e+00,9.6092255047e-09
pipi,1.2391673082e+00,9.5989894423e-09
pipi,1.2392362182e+00,9.5969436434e-09
pipi,1.2393051320e+00,9.5969436434e-09
pipi,1.2393740673e+00,9.5928528300e-09
pipi,1.2394429888e+00,9.5928528300e-09
pipi,1.2395119142e+00,9.5908083390e-09
pipi,1.2396497940e+00,9.5887642836e-09
pipi,1.2397187308e+00,9.5887642836e-09
pipi,1.2398566160e+00,9.5846769568e-09
pipi,1.2399255819e+00,9.5846769568e-09
pipi,1.2399945341e+00,9.5826342083e-09
pipi,1.2402014313e+00,9.5826342083e-09
pipi,1.2402703988e+00,9.5805918951e-09
pipi,1.2404773420e+00,9.5805918951e-09
pipi,1.2407533141e+00,9.5785494945e-09
pipi,1.2408223123e+00,9.5765080519e-09
pipi,1.2409603202e+00,9.5765080519e-09
pipi,1.2412364174e+00,9.5744670443e-09
pipi,1.2416506430e+00,9.5744670443e-09
pipi,1.2417196911e+00,9.5724264718e-09
pipi,1.2424795267e+00,9.5724264718e-09
pipi,1.2425486209e+00,9.5703863341e-09
pipi,1.2438622294e+00,9.5703863341e-09
pipi,1.2439314005e+00,9.5724264718e-09
pipi,1.2448310278e+00,9.5724264718e-09
pipi,1.2449002705e+00,9.5744670443e-09
pipi,1.2453157189e+00,9.5744670443e-09
pipi,1.2455927673e+00,9.5765080519e-09
pipi,1.2458698775e+00,9.5765080519e-09
pipi,1.2461470492e+00,9.5785494945e-09
pipi,1.2467015778e+00,9.5805918951e-09
pipi,1.2467709245e+00,9.5826342083e-09
pipi,1.2469789346e+00,9.5826342083e-09
pipi,1.2473257307e+00,9.5846769568e-09
pipi,1.2478807838e+00,9.5887642836e-09
pipi,1.2481583851e+00,9.5887642836e-09
pipi,1.2484360838e+00,9.5908083390e-09
pipi,1.2485055092e+00,9.5908083390e-09
pipi,1.2485749385e+00,9.5928528300e-09
pipi,1.2487138087e+00,9.5928528300e-09
pipi,1.2489916310e+00,9.5948977569e-09
pipi,1.2491305475e+00,9.5948977569e-09
pipi,1.2492694795e+00,9.5969436434e-09
pipi,1.2494084447e+00,9.5969436434e-09
pipi,1.2495474253e+00,9.5989894423e-09
pipi,1.2498949180e+00,9.5989894423e-09
pipi,1.2499644245e+00,9.6010356773e-09
pipi,1.2500339350e+00,9.6010356773e-09
pipi,1.2501034670e+00,9.5989894423e-09
pipi,1.2503120331e+00,9.5989894423e-09
pipi,1.2504511143e+00,9.5969436434e-09
pipi,1.2512858729e+00,9.5908083390e-09
pipi,1.2523997513e+00,9.5805918951e-09
pipi,1.2525390469e+00,9.5805918951e-09
pipi,1.2526783758e+00,9.5785494945e-09
pipi,1.2535146212e+00,9.5724264718e-09
pipi,1.2536540408e+00,9.5724264718e-09
pipi,1.2537934937e+00,9.5703863341e-09
pipi,1.2540026933e+00,9.5683461091e-09
pipi,1.2545607176e+00,9.5642680077e-09
pipi,1.2547002535e+00,9.5642680077e-09
pipi,1.2548398050e+00,9.5622290871e-09
pipi,1.2551189902e+00,9.5601911227e-09
pipi,1.2553982017e+00,9.5601911227e-09
pipi,1.2556076691e+00,9.5581535928e-09
pipi,1.2556775112e+00,9.5581535928e-09
pipi,1.2557473393e+00,9.5561164971e-09
pipi,1.2558870072e+00,9.5561164971e-09
pipi,1.2561664075e+00,9.5540798355e-09
pipi,1.2564458700e+00,9.5540798355e-09
pipi,1.2567253947e+00,9.5520430868e-09
pipi,1.2570748834e+00,9.5520430868e-09
pipi,1.2572147169e+00,9.5500072933e-09
pipi,1.2594540255e+00,9.5500072933e-09
pipi,1.2595240636e+00,9.5520430868e-09
pipi,1.2599444101e+00,9.5520430868e-09
pipi,1.2600144756e+00,9.5540798355e-09
pipi,1.2600845449e+00,9.5540798355e-09
pipi,1.2604349678e+00,9.5642680077e-09
pipi,1.2609958544e+00,9.5765080519e-09
pipi,1.2615569906e+00,9.5928528300e-09
pipi,1.2621885808e+00,9.6071775242e-09
pipi,1.2633121646e+00,9.6420547344e-09
pipi,1.2656327116e+00,9.7142603579e-09
pipi,1.2657030933e+00,9.7163311654e-09
pipi,1.2658438865e+00,9.7184029447e-09
pipi,1.2659846774e+00,9.7246193416e-09
pipi,1.2662663242e+00,9.7329145877e-09
pipi,1.2668298057e+00,9.7516051713e-09
pipi,1.2671116405e+00,9.7599229042e-09
pipi,1.2673935380e+00,9.7703311142e-09
pipi,1.2680280502e+00,9.7870067013e-09
pipi,1.2681690840e+00,9.7911797761e-09
pipi,1.2683101335e+00,9.7974432595e-09
pipi,1.2695803755e+00,9.8351078554e-09
pipi,1.2697922091e+00,9.8372044242e-09
pipi,1.2700040600e+00,9.8434968127e-09
pipi,1.2702159644e+00,9.8434968127e-09
pipi,1.2703572596e+00,9.8455957071e-09
pipi,1.2711346011e+00,9.8455957071e-09
pipi,1.2712053069e+00,9.8476945117e-09
pipi,1.2735403526e+00,9.8476945117e-09
pipi,1.2738236803e+00,9.8455957071e-09
pipi,1.2758796875e+00,9.8455957071e-09
pipi,1.2759506572e+00,9.8476945117e-09
pipi,1.2768734413e+00,9.8476945117e-09
pipi,1.2770154589e+00,9.8497937637e-09
pipi,1.2773705903e+00,9.8497937637e-09
pipi,1.2774416430e+00,9.8518940007e-09
pipi,1.2777258386e+00,9.8518940007e-09
pipi,1.2778679510e+00,9.8539941479e-09
pipi,1.2780100974e+00,9.8539941479e-09
pipi,1.2781522415e+00,9.8560947428e-09
pipi,1.2784365952e+00,9.8581957854e-09
pipi,1.2785788049e+00,9.8581957854e-09
pipi,1.2787210122e+00,9.8602972760e-09
pipi,1.2790054924e+00,9.8623997527e-09
pipi,1.2790766178e+00,9.8623997527e-09
pipi,1.2791477654e+00,9.8645021394e-09
pipi,1.2792900359e+00,9.8645021394e-09
pipi,1.2795746428e+00,9.8687087959e-09
pipi,1.2796457998e+00,9.8687087959e-09
pipi,1.2797169791e+00,9.8708125276e-09
pipi,1.2797881440e+00,9.8708125276e-09
pipi,1.2798593129e+00,9.8729167076e-09
pipi,1.2799305040e+00,9.8729167076e-09
pipi,1.2804288433e+00,9.8876596121e-09
pipi,1.2806424870e+00,9.8982035034e-09
pipi,1.2807849238e+00,9.9024245317e-09
pipi,1.2809273947e+00,9.9087586384e-09
pipi,1.2817824983e+00,9.9404921677e-09
pipi,1.2818537781e+00,9.9426112015e-09
pipi,1.2819963679e+00,9.9510923980e-09
pipi,1.2822815768e+00,9.9638280313e-09
pipi,1.2828521850e+00,9.9872186771e-09
pipi,1.2839227645e+00,1.0038443291e-08
pipi,1.2839941633e+00,1.0040583205e-08
pipi,1.2840655662e+00,1.0044864402e-08
pipi,1.2844941030e+00,1.0064153489e-08
pipi,1.2849942191e+00,1.0092081526e-08
pipi,1.2860665861e+00,1.0148169209e-08
pipi,1.2882856432e+00,1.0270035033e-08
pipi,1.2977774551e+00,1.0779200686e-08
pipi,1.2978496244e+00,1.0783797410e-08
pipi,1.2979217978e+00,1.0786096213e-08
pipi,1.2980661749e+00,1.0792995562e-08
pipi,1.2982827615e+00,1.0809112391e-08
pipi,1.2988604902e+00,1.0836796997e-08
pipi,1.3000167189e+00,1.0894701656e-08
pipi,1.3021874133e+00,1.1009092809e-08
pipi,1.3022598278e+00,1.1011439638e-08
pipi,1.3023322649e+00,1.1016134798e-08
pipi,1.3027668795e+00,1.1037289611e-08
pipi,1.3033466035e+00,1.1063200268e-08
pipi,1.3044342862e+00,1.1117573048e-08
pipi,1.3066850174e+00,1.1222337135e-08
pipi,1.3067577007e+00,1.1224729422e-08
pipi,1.3068303694e+00,1.1229516139e-08
pipi,1.3069757375e+00,1.1236699736e-08
pipi,1.3072664851e+00,1.1248682202e-08
pipi,1.3079209594e+00,1.1275089115e-08
pipi,1.3079936928e+00,1.1277492647e-08
pipi,1.3080664302e+00,1.1282301249e-08
pipi,1.3082119358e+00,1.1287112517e-08
pipi,1.3085029770e+00,1.1301557403e-08
pipi,1.3090852536e+00,1.1325674128e-08
pipi,1.3091580517e+00,1.1328088444e-08
pipi,1.3092308539e+00,1.1332919238e-08
pipi,1.3097406198e+00,1.1349842316e-08
pipi,1.3103234472e+00,1.1371637343e-08
pipi,1.3109065338e+00,1.1391045972e-08
pipi,1.3115628119e+00,1.1410487727e-08
pipi,1.3116357664e+00,1.1410487727e-08
pipi,1.3121464501e+00,1.1427526636e-08
pipi,1.3127303480e+00,1.1444590364e-08
pipi,1.3139720080e+00,1.1476348489e-08
pipi,1.3163856108e+00,1.1535210874e-08
pipi,1.3164588149e+00,1.1537670487e-08
pipi,1.3165320230e+00,1.1537670487e-08
pipi,1.3166784703e+00,1.1542590026e-08
pipi,1.3169713951e+00,1.1547512293e-08
pipi,1.3176307093e+00,1.1559826199e-08
pipi,1.3188036470e+00,1.1584494052e-08
pipi,1.3212261249e+00,1.1633986517e-08
pipi,1.3212995982e+00,1.1633986517e-08
pipi,1.3213730944e+00,1.1636467192e-08
pipi,1.3215200614e+00,1.1638947760e-08
pipi,1.3218140633e+00,1.1646393273e-08
pipi,1.3224022632e+00,1.1658812622e-08
pipi,1.3236530526e+00,1.1681200963e-08
pipi,1.3237266797e+00,1.1681200963e-08
pipi,1.3238002921e+00,1.1683691705e-08
pipi,1.3242420709e+00,1.1691165203e-08
pipi,1.3248313513e+00,1.1703632935e-08
pipi,1.3260106989e+00,1.1721108948e-08
pipi,1.3260844572e+00,1.1723608199e-08
pipi,1.3261582006e+00,1.1723608199e-08
pipi,1.3266007664e+00,1.1731107230e-08
pipi,1.3271910964e+00,1.1738611698e-08
pipi,1.3272649203e+00,1.1741114040e-08
pipi,1.3274125426e+00,1.1743617557e-08
pipi,1.3277078554e+00,1.1746120967e-08
pipi,1.3282986780e+00,1.1753634398e-08
pipi,1.3283725446e+00,1.1753634398e-08
pipi,1.3284464342e+00,1.1756140584e-08
pipi,1.3285941879e+00,1.1756140584e-08
pipi,1.3288158683e+00,1.1761153276e-08
pipi,1.3289636631e+00,1.1761153276e-08
pipi,1.3291114932e+00,1.1763661066e-08
pipi,1.3294071840e+00,1.1766168748e-08
pipi,1.3294811122e+00,1.1768676965e-08
pipi,1.3297029405e+00,1.1768676965e-08
pipi,1.3297768852e+00,1.1771185717e-08
pipi,1.3299248058e+00,1.1771185717e-08
pipi,1.3299987628e+00,1.1773695003e-08
pipi,1.3302946510e+00,1.1773695003e-08
pipi,1.3305166150e+00,1.1776205467e-08
pipi,1.3306645990e+00,1.1776205467e-08
pipi,1.3308126183e+00,1.1778715823e-08
pipi,1.3311086875e+00,1.1778715823e-08
pipi,1.3311827104e+00,1.1781226714e-08
pipi,1.3314048226e+00,1.1781226714e-08
pipi,1.3317010236e+00,1.1783738784e-08
pipi,1.3319232033e+00,1.1783738784e-08
pipi,1.3322195385e+00,1.1786250746e-08
pipi,1.3328123689e+00,1.1786250746e-08
pipi,1.3328864865e+00,1.1788763244e-08
pipi,1.3337020900e+00,1.1788763244e-08
pipi,1.3337762761e+00,1.1791276278e-08
pipi,1.3369695744e+00,1.1791276278e-08
pipi,1.3370439231e+00,1.1788763244e-08
pipi,1.3378620707e+00,1.1788763244e-08
pipi,1.3381597272e+00,1.1786250746e-08
pipi,1.3387552009e+00,1.1786250746e-08
pipi,1.3388296490e+00,1.1783738784e-08
pipi,1.3393509396e+00,1.1783738784e-08
pipi,1.3394254208e+00,1.1781226714e-08
pipi,1.3399469434e+00,1.1781226714e-08
pipi,1.3400214577e+00,1.1778715823e-08
pipi,1.3403195756e+00,1.1778715823e-08
pipi,1.3412143274e+00,1.1771185717e-08
pipi,1.3424829101e+00,1.1761153276e-08
pipi,1.3426322250e+00,1.1761153276e-08
pipi,1.3427815756e+00,1.1758646663e-08
pipi,1.3436779709e+00,1.1751129387e-08
pipi,1.3449488839e+00,1.1741114040e-08
pipi,1.3450236764e+00,1.1738611698e-08
pipi,1.3452480980e+00,1.1738611698e-08
pipi,1.3455473787e+00,1.1733607973e-08
pipi,1.3460712849e+00,1.1728607020e-08
pipi,1.3472695400e+00,1.1718610870e-08
pipi,1.3473444616e+00,1.1718610870e-08
pipi,1.3474193873e+00,1.1716113323e-08
pipi,1.3475692704e+00,1.1716113323e-08
pipi,1.3478690675e+00,1.1713615670e-08
pipi,1.3483938777e+00,1.1706127821e-08
pipi,1.3485438501e+00,1.1706127821e-08
pipi,1.3486938583e+00,1.1703632935e-08
pipi,1.3489939056e+00,1.1701137942e-08
pipi,1.3491439446e+00,1.1701137942e-08
pipi,1.3492940196e+00,1.1698644120e-08
pipi,1.3495942004e+00,1.1696150829e-08
pipi,1.3496692512e+00,1.1696150829e-08
pipi,1.3497443062e+00,1.1693657431e-08
pipi,1.3540296178e+00,1.1693657431e-08
pipi,1.3541049346e+00,1.1691165203e-08
pipi,1.3550842409e+00,1.1691165203e-08
pipi,1.3553857099e+00,1.1688673506e-08
pipi,1.3557626356e+00,1.1688673506e-08
pipi,1.3562151002e+00,1.1686182340e-08
pipi,1.3565168208e+00,1.1683691705e-08
pipi,1.3566676966e+00,1.1683691705e-08
pipi,1.3568186084e+00,1.1681200963e-08
pipi,1.3571204633e+00,1.1678711390e-08
pipi,1.3573469033e+00,1.1678711390e-08
pipi,1.3576488563e+00,1.1676222347e-08
pipi,1.3577243744e+00,1.1673733198e-08
pipi,1.3577998773e+00,1.1673733198e-08
pipi,1.3579509151e+00,1.1671245216e-08
pipi,1.3582530025e+00,1.1668757764e-08
pipi,1.3587818558e+00,1.1663784452e-08
pipi,1.3588574176e+00,1.1661297954e-08
pipi,1.3589330029e+00,1.1661297954e-08
pipi,1.3590841474e+00,1.1658812622e-08
pipi,1.3593865063e+00,1.1656327821e-08
pipi,1.3594621016e+00,1.1653842912e-08
pipi,1.3595377206e+00,1.1653842912e-08
pipi,1.3596889324e+00,1.1651359170e-08
pipi,1.3597645639e+00,1.1648875957e-08
pipi,1.3598401803e+00,1.1648875957e-08
pipi,1.3602183448e+00,1.1636467192e-08
pipi,1.3605209560e+00,1.1629028024e-08
pipi,1.3612020724e+00,1.1606739679e-08
pipi,1.3613534887e+00,1.1599319516e-08
pipi,1.3616563524e+00,1.1586963541e-08
pipi,1.3622622819e+00,1.1567221098e-08
pipi,1.3633991315e+00,1.1520467349e-08
pipi,1.3634749501e+00,1.1518012032e-08
pipi,1.3635507728e+00,1.1513102340e-08
pipi,1.3637024309e+00,1.1508195369e-08
pipi,1.3640058366e+00,1.1493485746e-08
pipi,1.3646128117e+00,1.1469012311e-08
pipi,1.3659035258e+00,1.1412920122e-08
pipi,1.3659794836e+00,1.1410487727e-08
pipi,1.3660554456e+00,1.1405623868e-08
pipi,1.3665113453e+00,1.1383763702e-08
pipi,1.3671194353e+00,1.1357102267e-08
pipi,1.3684125203e+00,1.1299148742e-08
pipi,1.3684886176e+00,1.1296740594e-08
pipi,1.3685647192e+00,1.1291925838e-08
pipi,1.3687169545e+00,1.1284706935e-08
pipi,1.3690214563e+00,1.1272686095e-08
pipi,1.3690975875e+00,1.1267880976e-08
pipi,1.3691737229e+00,1.1265479492e-08
pipi,1.3696306633e+00,1.1243887315e-08
pipi,1.3697068284e+00,1.1239095085e-08
pipi,1.3698591907e+00,1.1234304898e-08
pipi,1.3699353685e+00,1.1229516139e-08
pipi,1.3705449821e+00,1.1210382733e-08
pipi,1.3709261235e+00,1.1200828259e-08
pipi,1.3710023606e+00,1.1198441065e-08
pipi,1.3710786215e+00,1.1193667594e-08
pipi,1.3739791122e+00,1.1103363319e-08
pipi,1.3745905253e+00,1.1086807751e-08
pipi,1.3757376632e+00,1.1049059432e-08
pipi,1.3758906768e+00,1.1044350239e-08
pipi,1.3760437270e+00,1.1041995793e-08
pipi,1.3763498589e+00,1.1032584833e-08
pipi,1.3768857585e+00,1.1013786968e-08
pipi,1.3781114442e+00,1.0973947932e-08
pipi,1.3787246962e+00,1.0955249976e-08
pipi,1.3792615205e+00,1.0934253002e-08
pipi,1.3804893211e+00,1.0890057658e-08
pipi,1.3805660900e+00,1.0883095669e-08
pipi,1.3810268127e+00,1.0862236987e-08
pipi,1.3816413621e+00,1.0836796997e-08
pipi,1.3827943841e+00,1.0783797410e-08
pipi,1.3829482022e+00,1.0774605922e-08
pipi,1.3831020178e+00,1.0767718328e-08
pipi,1.3834866513e+00,1.0751663220e-08
pipi,1.3841022952e+00,1.0721910493e-08
pipi,1.3853344050e+00,1.0660378737e-08
pipi,1.3879562912e+00,1.0536126562e-08
pipi,1.3880334754e+00,1.0533881034e-08
pipi,1.3881106638e+00,1.0529391415e-08
pipi,1.3882650733e+00,1.0522659998e-08
pipi,1.3891918318e+00,1.0475661569e-08
pipi,1.3905057939e+00,1.0413322610e-08
pipi,1.3930599798e+00,1.0296338940e-08
pipi,1.3932149398e+00,1.0287563494e-08
pipi,1.3936798837e+00,1.0267846217e-08
pipi,1.3943776005e+00,1.0239432340e-08
pipi,1.3956188573e+00,1.0182839701e-08
pipi,1.3956964874e+00,1.0180669469e-08
pipi,1.3957741020e+00,1.0176330390e-08
pipi,1.3962399000e+00,1.0156825750e-08
pipi,1.3968612190e+00,1.0128719097e-08
pipi,1.3981824551e+00,1.0077033820e-08
pipi,1.3982602079e+00,1.0074886137e-08
pipi,1.3983379650e+00,1.0070591595e-08
pipi,1.3988046385e+00,1.0051290169e-08
pipi,1.3988824260e+00,1.0049147973e-08
pipi,1.3989602177e+00,1.0044864402e-08
pipi,1.3991158341e+00,1.0038443291e-08
pipi,1.3994270989e+00,1.0027749464e-08
pipi,1.3995049209e+00,1.0023475562e-08
pipi,1.3995827473e+00,1.0021339293e-08
pipi,1.3997384329e+00,1.0014932674e-08
pipi,1.3998162723e+00,1.0010663688e-08
pipi,1.3998941159e+00,1.0008530150e-08
pipi,1.3999719639e+00,1.0004264439e-08
pipi,1.4000498362e+00,1.0004264439e-08
pipi,1.4012961423e+00,9.9702019589e-09
pipi,1.4019976720e+00,9.9532142346e-09
pipi,1.4032457121e+00,9.9214400920e-09
pipi,1.4035578956e+00,9.9129841678e-09
pipi,1.4038701487e+00,9.9066468194e-09
pipi,1.4044167636e+00,9.8897673835e-09
pipi,1.4055887724e+00,9.8560947428e-09
pipi,1.4062142517e+00,9.8393014400e-09
pipi,1.4068400092e+00,9.8204433077e-09
pipi,1.4080140603e+00,9.7807498900e-09
pipi,1.4081706838e+00,9.7765807270e-09
pipi,1.4083273047e+00,9.7703311142e-09
pipi,1.4085622888e+00,9.7599229042e-09
pipi,1.4086406188e+00,9.7557631513e-09
pipi,1.4087189532e+00,9.7536839397e-09
pipi,1.4088756551e+00,9.7474484316e-09
pipi,1.4091890912e+00,9.7370651296e-09
pipi,1.4092674561e+00,9.7329145877e-09
pipi,1.4093458254e+00,9.7308402458e-09
pipi,1.4095025970e+00,9.7246193416e-09
pipi,1.4095809793e+00,9.7204746354e-09
pipi,1.4096593861e+00,9.7184029447e-09
pipi,1.4098161726e+00,9.7121899917e-09
pipi,1.4098945723e+00,9.7080500531e-09
pipi,1.4099729765e+00,9.7059810105e-09
pipi,1.4100514050e+00,9.7018442481e-09
pipi,1.4102082351e+00,9.6894434790e-09
pipi,1.4103651027e+00,9.6791219657e-09
pipi,1.4106788701e+00,9.6626301979e-09
pipi,1.4109927073e+00,9.6441101498e-09
pipi,1.4115420956e+00,9.6051299802e-09
pipi,1.4127986319e+00,9.5276406219e-09
pipi,1.4129557676e+00,9.5154630369e-09
pipi,1.4131129207e+00,9.5053268533e-09
pipi,1.4134273195e+00,9.4810432164e-09
pipi,1.4140562869e+00,9.4366854300e-09
pipi,1.4153937669e+00,9.3386325442e-09
pipi,1.4179936688e+00,9.1338829229e-09
pipi,1.4181513823e+00,9.1222081145e-09
pipi,1.4192559483e+00,9.0274228387e-09
pipi,1.4205983465e+00,8.9164996566e-09
pipi,1.4232078085e+00,8.6857561971e-09
pipi,1.4329763083e+00,7.9741589119e-09
pipi,1.4330560164e+00,7.9690610501e-09
pipi,1.4336139748e+00,7.9453143756e-09
pipi,1.4341721709e+00,7.9165746093e-09
pipi,1.4353690315e+00,7.8610819777e-09
pipi,1.4354488523e+00,7.8577310964e-09
pipi,1.4355286775e+00,7.8527080952e-09
pipi,1.4360077628e+00,7.8326464692e-09
pipi,1.4366467783e+00,7.8043142449e-09
pipi,1.4378456836e+00,7.7446542149e-09
pipi,1.4379256626e+00,7.7413533848e-09
pipi,1.4380056255e+00,7.7364043550e-09
pipi,1.4380855929e+00,7.7298107106e-09
pipi,1.4384055274e+00,7.7133509647e-09
pipi,1.4390456099e+00,7.6821746587e-09
pipi,1.4391256351e+00,7.6789000388e-09
pipi,1.4392056853e+00,7.6739909353e-09
pipi,1.4393657579e+00,7.6658163483e-09
pipi,1.4396059209e+00,7.6494932884e-09
pipi,1.4396859772e+00,7.6446029846e-09
pipi,1.4397660381e+00,7.6413447971e-09
pipi,1.4398461238e+00,7.6364597026e-09
pipi,1.4399261936e+00,7.6332045692e-09
pipi,1.4400062678e+00,7.6283250951e-09
pipi,1.4400863669e+00,7.6218231494e-09
pipi,1.4402465375e+00,7.6104591149e-09
pipi,1.4403266295e+00,7.6039728121e-09
pipi,1.4404067260e+00,7.5991116094e-09
pipi,1.4405669528e+00,7.5877810235e-09
pipi,1.4408073161e+00,7.5635585841e-09
pipi,1.4414484674e+00,7.5153446139e-09
pipi,1.4426514003e+00,7.4182557764e-09
pipi,1.4427316260e+00,7.4103536068e-09
pipi,1.4428118562e+00,7.4040374474e-09
pipi,1.4429723300e+00,7.3898467736e-09
pipi,1.4432933722e+00,7.3631162430e-09
pipi,1.4439356298e+00,7.3068289483e-09
pipi,1.4453013711e+00,7.1940083726e-09
pipi,1.4479562096e+00,6.9631680661e-09
pipi,1.4531997129e+00,6.5332132845e-09
pipi,1.4535230099e+00,6.5109690258e-09
pipi,1.4544933324e+00,6.4405695667e-09
pipi,1.4557071516e+00,6.3465334819e-09
pipi,1.4581378299e+00,6.1612464706e-09
pipi,1.4631740687e+00,5.7783438074e-09
pipi,1.4632554357e+00,5.7709580047e-09
pipi,1.4633368281e+00,5.7648105908e-09
pipi,1.4634995847e+00,5.7513090698e-09
pipi,1.4638251731e+00,5.7256214117e-09
pipi,1.4644765672e+00,5.6721709148e-09
pipi,1.4658617371e+00,5.5667621949e-09
pipi,1.4685543633e+00,5.3537902973e-09
pipi,1.4739544210e+00,4.9256590863e-09
pipi,1.4841537603e+00,4.2077614653e-09
pipi,1.4942574804e+00,3.5307056495e-09
pipi,1.4943405760e+00,3.5239386534e-09
pipi,1.4945898903e+00,3.5059565430e-09
pipi,1.4955876490e+00,3.4327450800e-09
pipi,1.4970022452e+00,3.3382139200e-09
pipi,1.4973352870e+00,3.3155207437e-09
pipi,1.4976684029e+00,3.2922800139e-09
pipi,1.4983348571e+00,3.2476703240e-09
pipi,1.4997520517e+00,3.1622777465e-09
pipi,1.4998354528e+00,3.1568897009e-09
pipi,1.4999188585e+00,3.1521826493e-09
pipi,1.5000857053e+00,3.1421197793e-09
pipi,1.5004194331e+00,3.1234217056e-09
pipi,1.5010871114e+00,3.0876748595e-09
pipi,1.5025069093e+00,3.0199775542e-09
pipi,1.5052668272e+00,2.9013460483e-09
pipi,1.5053505564e+00,2.8982552811e-09
pipi,1.5058529222e+00,2.8767128479e-09
pipi,1.5065230184e+00,2.8541132625e-09
pipi,1.5066067961e+00,2.8510729673e-09
pipi,1.5066905998e+00,2.8486430321e-09
pipi,1.5071934129e+00,2.8322951666e-09
pipi,1.5077802581e+00,2.8118421328e-09
pipi,1.5079479578e+00,2.8070511768e-09
pipi,1.5081156977e+00,2.8016711462e-09
pipi,1.5084512119e+00,2.7927272316e-09
pipi,1.5091224644e+00,2.7743335574e-09
pipi,1.5103818733e+00,2.7425819452e-09
pipi,1.5105498624e+00,2.7390764132e-09
pipi,1.5107178917e+00,2.7349923383e-09
pipi,1.5110539849e+00,2.7285869764e-09
pipi,1.5116423333e+00,2.7152421118e-09
pipi,1.5117263956e+00,2.7140848551e-09
pipi,1.5118104626e+00,2.7123497468e-09
pipi,1.5123150058e+00,2.7036909773e-09
pipi,1.5129879776e+00,2.6933369040e-09
pipi,1.5133245542e+00,2.6887478630e-09
pipi,1.5135770574e+00,2.6841666412e-09
pipi,1.5136612489e+00,2.6830226291e-09
pipi,1.5137454235e+00,2.6824508059e-09
pipi,1.5139137867e+00,2.6801645853e-09
pipi,1.5142505909e+00,2.6761683504e-09
pipi,1.5143348198e+00,2.6755979880e-09
pipi,1.5144190318e+00,2.6744574820e-09
pipi,1.5145874700e+00,2.6727478532e-09
pipi,1.5149244240e+00,2.6699006088e-09
pipi,1.5150086904e+00,2.6693315822e-09
pipi,1.5150929399e+00,2.6681938929e-09
pipi,1.5163573314e+00,2.6596760844e-09
pipi,1.5164416559e+00,2.6596760844e-09
pipi,1.5166103190e+00,2.6585423653e-09
pipi,1.5166946576e+00,2.6585423653e-09
pipi,1.5167790225e+00,2.6579757595e-09
pipi,1.5168633704e+00,2.6579757595e-09
pipi,1.5169477231e+00,2.6574092744e-09
pipi,1.5170321020e+00,2.6574092744e-09
pipi,1.5171164641e+00,2.6568427651e-09
pipi,1.5172852022e+00,2.6568427651e-09
pipi,1.5173695783e+00,2.6562765216e-09
pipi,1.5184669814e+00,2.6562765216e-09
pipi,1.5185514232e+00,2.6568427651e-09
pipi,1.5187203210e+00,2.6568427651e-09
pipi,1.5188047985e+00,2.6574092744e-09
pipi,1.5188892591e+00,2.6574092744e-09
pipi,1.5189737245e+00,2.6579757595e-09
pipi,1.5190582161e+00,2.6579757595e-09
pipi,1.5191426908e+00,2.6585423653e-09
pipi,1.5192271702e+00,2.6585423653e-09
pipi,1.5193961431e+00,2.6596760844e-09
pipi,1.5194806583e+00,2.6596760844e-09
pipi,1.5195651565e+00,2.6602430526e-09
pipi,1.5198187009e+00,2.6613773518e-09
pipi,1.5200722660e+00,2.6630798527e-09
pipi,1.5202413546e+00,2.6653514998e-09
pipi,1.5203258951e+00,2.6659196779e-09
pipi,1.5205795664e+00,2.6693315822e-09
pipi,1.5206641258e+00,2.6699006088e-09
pipi,1.5211716237e+00,2.6767388343e-09
pipi,1.5212562159e+00,2.6784511621e-09
pipi,1.5215100426e+00,2.6818791045e-09
pipi,1.5219331666e+00,2.6870290992e-09
pipi,1.5226104184e+00,2.6985090482e-09
pipi,1.5227797676e+00,2.7019625138e-09
pipi,1.5229491573e+00,2.7048439498e-09
pipi,1.5232879716e+00,2.7111935749e-09
pipi,1.5239658264e+00,2.7250993326e-09
pipi,1.5241353263e+00,2.7268425969e-09
pipi,1.5243896333e+00,2.7320789347e-09
pipi,1.5247287681e+00,2.7396603074e-09
pipi,1.5254072640e+00,2.7554736395e-09
pipi,1.5268500649e+00,2.7891577567e-09
pipi,1.5270199074e+00,2.7939181730e-09
pipi,1.5271897688e+00,2.7980900872e-09
pipi,1.5275295048e+00,2.8070511768e-09
pipi,1.5282092470e+00,2.8256617669e-09
pipi,1.5296547199e+00,2.8638641357e-09
pipi,1.5323792895e+00,2.9361873008e-09
pipi,1.5324645050e+00,2.9386919126e-09
pipi,1.5325497252e+00,2.9405718135e-09
pipi,1.5327202017e+00,2.9455906569e-09
pipi,1.5330611898e+00,2.9550239667e-09
pipi,1.5338286849e+00,2.9746156080e-09
pipi,1.5351940792e+00,3.0154746443e-09
pipi,1.5380140394e+00,3.1041731776e-09
pipi,1.5381851237e+00,3.1094712488e-09
pipi,1.5382706621e+00,3.1147783626e-09
pipi,1.5392975592e+00,3.1488248409e-09
pipi,1.5405821502e+00,3.1961619164e-09
pipi,1.5432403419e+00,3.2986021574e-09
pipi,1.5485705369e+00,3.5239386534e-09
pipi,1.5486566528e+00,3.5284484773e-09
pipi,1.5488289210e+00,3.5359779371e-09
pipi,1.5491734928e+00,3.5518418907e-09
pipi,1.5498628665e+00,3.5830198359e-09
pipi,1.5513287987e+00,3.6423151145e-09
pipi,1.5541783963e+00,3.7630637636e-09
pipi,1.5543512787e+00,3.7710936700e-09
pipi,1.5545241583e+00,3.7783354824e-09
pipi,1.5548699971e+00,3.7944776754e-09
pipi,1.5555619057e+00,3.8261540381e-09
pipi,1.5570332283e+00,3.8919610587e-09
pipi,1.5598933265e+00,4.0338631587e-09
pipi,1.5599800720e+00,4.0381649647e-09
pipi,1.5600668224e+00,4.0433328790e-09
pipi,1.5602403598e+00,4.0528248300e-09
pipi,1.5605874704e+00,4.0727436425e-09
pipi,1.5611950830e+00,4.1128752150e-09
pipi,1.5625848385e+00,4.1961172352e-09
pipi,1.5652810170e+00,4.3714156166e-09
pipi,1.5659775584e+00,4.4163727439e-09
pipi,1.5665872919e+00,4.4617922256e-09
pipi,1.5679818475e+00,4.5530667352e-09
pipi,1.5706873383e+00,4.7382244625e-09
pipi,1.5707746841e+00,4.7493477105e-09
pipi,1.5719981250e+00,4.8279445112e-09
pipi,1.5733099832e+00,4.9162185045e-09
pipi,1.5759370297e+00,5.0911225429e-09
pipi,1.5760246674e+00,5.0954653468e-09
pipi,1.5766383129e+00,5.1336233185e-09
pipi,1.5772521749e+00,5.1753753641e-09
pipi,1.5785684402e+00,5.2576594096e-09
pipi,1.5812921977e+00,5.4053929295e-09
pipi,1.5816439917e+00,5.4238600668e-09
pipi,1.5826998434e+00,5.4761377692e-09
pipi,1.5841968343e+00,5.5442618036e-09
pipi,1.5870185525e+00,5.6794302875e-09
pipi,1.5928542404e+00,5.9941327313e-09
pipi,1.5930314024e+00,6.0043632630e-09
pipi,1.5932086067e+00,6.0158934021e-09
pipi,1.5935630518e+00,6.0364462704e-09
pipi,1.5941835034e+00,6.0803547239e-09
pipi,1.5956026248e+00,6.1651878613e-09
pipi,1.5956913789e+00,6.1704468590e-09
pipi,1.5957801151e+00,6.1770268308e-09
pipi,1.5959576252e+00,6.1875695184e-09
pipi,1.5962238933e+00,6.2087089059e-09
pipi,1.5969342041e+00,6.2512045911e-09
pipi,1.5982668946e+00,6.3370705412e-09
pipi,1.5983557741e+00,6.3411244077e-09
pipi,1.5989781145e+00,6.3790849595e-09
pipi,1.5996896510e+00,6.4200090149e-09
pipi,1.6010246410e+00,6.4915672593e-09
pipi,1.6011136738e+00,6.4971046636e-09
pipi,1.6017370881e+00,6.5262535351e-09
pipi,1.6023607451e+00,6.5597267999e-09
pipi,1.6037871458e+00,6.6243647067e-09
pipi,1.6039655237e+00,6.6328427186e-09
pipi,1.6041439214e+00,6.6427469638e-09
pipi,1.6052148162e+00,6.6939185813e-09
pipi,1.6067331028e+00,6.7598787803e-09
pipi,1.6096844713e+00,6.8922854547e-09
pipi,1.6097739857e+00,6.8966944959e-09
pipi,1.6098635051e+00,6.8996355491e-09
pipi,1.6100425818e+00,6.9084654818e-09
pipi,1.6104903262e+00,6.9276361034e-09
pipi,1.6112069855e+00,6.9646527981e-09
pipi,1.6126412610e+00,7.0377795972e-09
pipi,1.6156933485e+00,7.1848130862e-09
pipi,1.6157831971e+00,7.1878770057e-09
pipi,1.6164123232e+00,7.2201249861e-09
pipi,1.6171316177e+00,7.2540636782e-09
pipi,1.6185711672e+00,7.3239821396e-09
pipi,1.6186611758e+00,7.3271050071e-09
pipi,1.6189312548e+00,7.3411751983e-09
pipi,1.6192914224e+00,7.3568407475e-09
pipi,1.6201020869e+00,7.3898467736e-09
pipi,1.6215442807e+00,7.4531257958e-09
pipi,1.6216344546e+00,7.4578936104e-09
pipi,1.6217246567e+00,7.4610739835e-09
pipi,1.6219050297e+00,7.4690302397e-09
pipi,1.6222658589e+00,7.4833729690e-09
pipi,1.6229877583e+00,7.5137428948e-09
pipi,1.6245228554e+00,7.5716241267e-09
pipi,1.6248842670e+00,7.5845470539e-09
pipi,1.6252457591e+00,7.5991116094e-09
pipi,1.6259689845e+00,7.6250734292e-09
pipi,1.6274164009e+00,7.6756272336e-09
pipi,1.6275069246e+00,7.6772634618e-09
pipi,1.6277784563e+00,7.6870885779e-09
pipi,1.6281405922e+00,7.6969266879e-09
pipi,1.6287745297e+00,7.7182852470e-09
pipi,1.6288651058e+00,7.7215766625e-09
pipi,1.6289557100e+00,7.7232226858e-09
pipi,1.6291368873e+00,7.7281632832e-09
pipi,1.6294993254e+00,7.7397030750e-09
pipi,1.6295899417e+00,7.7413533848e-09
pipi,1.6296805863e+00,7.7446542149e-09
pipi,1.6298618442e+00,7.7479568753e-09
pipi,1.6299524807e+00,7.7512605211e-09
pipi,1.6303151003e+00,7.7578724626e-09
pipi,1.6304964519e+00,7.7644900441e-09
pipi,1.6315849158e+00,7.7843766774e-09
pipi,1.6329465002e+00,7.8076423469e-09
pipi,1.6333098091e+00,7.8143023829e-09
pipi,1.6336731524e+00,7.8193008179e-09
pipi,1.6343092441e+00,7.8309771247e-09
pipi,1.6356731252e+00,7.8510340466e-09
pipi,1.6358550496e+00,7.8543820720e-09
pipi,1.6360370175e+00,7.8560564058e-09
pipi,1.6371291801e+00,7.8711423389e-09
pipi,1.6384954146e+00,7.8913021330e-09
pipi,1.6388599347e+00,7.8980335321e-09
pipi,1.6392245360e+00,7.9030859571e-09
pipi,1.6395892184e+00,7.9098274080e-09
pipi,1.6396803958e+00,7.9098274080e-09
pipi,1.6399539819e+00,7.9148873776e-09
pipi,1.6400451796e+00,7.9182622008e-09
pipi,1.6404100445e+00,7.9250165972e-09
pipi,1.6407749906e+00,7.9351592128e-09
pipi,1.6415051264e+00,7.9571788544e-09
pipi,1.6415964104e+00,7.9588751015e-09
pipi,1.6416876994e+00,7.9622691151e-09
pipi,1.6429663729e+00,7.9979913594e-09
pipi,1.6445203667e+00,8.0390131923e-09
pipi,1.6446118184e+00,8.0424413803e-09
pipi,1.6447032985e+00,8.0441558030e-09
pipi,1.6459842973e+00,8.0802454270e-09
pipi,1.6461673920e+00,8.0836911982e-09
pipi,1.6463504836e+00,8.0888619482e-09
pipi,1.6468083250e+00,8.0992142569e-09
pipi,1.6475411456e+00,8.1164969649e-09
pipi,1.6476327887e+00,8.1182271742e-09
pipi,1.6477244135e+00,8.1216891424e-09
pipi,1.6479077017e+00,8.1251525871e-09
pipi,1.6482742924e+00,8.1338169959e-09
pipi,1.6483659762e+00,8.1355508973e-09
pipi,1.6484576417e+00,8.1390202532e-09
pipi,1.6490994900e+00,8.1511735419e-09
pipi,1.6491911963e+00,8.1546495599e-09
pipi,1.6493746477e+00,8.1581266151e-09
pipi,1.6495580959e+00,8.1598656986e-09
pipi,1.6500168295e+00,8.1685675702e-09
pipi,1.6501086103e+00,8.1685675702e-09
pipi,1.6502003727e+00,8.1703088795e-09
pipi,1.6503839128e+00,8.1703088795e-09
pipi,1.6505674969e+00,8.1720505599e-09
pipi,1.6506592848e+00,8.1737926117e-09
pipi,1.6507510778e+00,8.1737926117e-09
pipi,1.6509347027e+00,8.1755354809e-09
pipi,1.6511183245e+00,8.1755354809e-09
pipi,1.6513019903e+00,8.1772782755e-09
pipi,1.6513938191e+00,8.1772782755e-09
pipi,1.6515775154e+00,8.1790214416e-09
pipi,1.6519449225e+00,8.1807654257e-09
pipi,1.6521286802e+00,8.1807654257e-09
pipi,1.6523124583e+00,8.1825093352e-09
pipi,1.6528638683e+00,8.1825093352e-09
pipi,1.6529557839e+00,8.1842536165e-09
pipi,1.6559920813e+00,8.1842536165e-09
pipi,1.6560841708e+00,8.1825093352e-09
pipi,1.6565447192e+00,8.1825093352e-09
pipi,1.6569132549e+00,8.1807654257e-09
pipi,1.6572818725e+00,8.1807654257e-09
pipi,1.6576505721e+00,8.1790214416e-09
pipi,1.6578349409e+00,8.1790214416e-09
pipi,1.6580193537e+00,8.1772782755e-09
pipi,1.6583882174e+00,8.1755354809e-09
pipi,1.6590339323e+00,8.1737926117e-09
pipi,1.6591261910e+00,8.1737926117e-09
pipi,1.6592184549e+00,8.1720505599e-09
pipi,1.6595875854e+00,8.1720505599e-09
pipi,1.6597721932e+00,8.1703088795e-09
pipi,1.6603260927e+00,8.1703088795e-09
pipi,1.6605107827e+00,8.1720505599e-09
pipi,1.6606954696e+00,8.1720505599e-09
pipi,1.6608802006e+00,8.1737926117e-09
pipi,1.6611573240e+00,8.1737926117e-09
pipi,1.6618965298e+00,8.1772782755e-09
pipi,1.6623586946e+00,8.1772782755e-09
pipi,1.6624511382e+00,8.1790214416e-09
pipi,1.6630984350e+00,8.1790214416e-09
pipi,1.6631909198e+00,8.1807654257e-09
pipi,1.6643937611e+00,8.1807654257e-09
pipi,1.6644863179e+00,8.1825093352e-09
pipi,1.6652270051e+00,8.1825093352e-09
pipi,1.6653196320e+00,8.1807654257e-09
pipi,1.6663386777e+00,8.1807654257e-09
pipi,1.6665240128e+00,8.1790214416e-09
pipi,1.6668947685e+00,8.1790214416e-09
pipi,1.6669874644e+00,8.1772782755e-09
pipi,1.6674510450e+00,8.1772782755e-09
pipi,1.6675437955e+00,8.1755354809e-09
pipi,1.6677292646e+00,8.1755354809e-09
pipi,1.6681002885e+00,8.1737926117e-09
pipi,1.6681930515e+00,8.1720505599e-09
pipi,1.6682858433e+00,8.1720505599e-09
pipi,1.6684713950e+00,8.1703088795e-09
pipi,1.6685642023e+00,8.1703088795e-09
pipi,1.6686569910e+00,8.1685675702e-09
pipi,1.6688425839e+00,8.1685675702e-09
pipi,1.6689353882e+00,8.1668266321e-09
pipi,1.6690282213e+00,8.1668266321e-09
pipi,1.6692138555e+00,8.1650856195e-09
pipi,1.6693067041e+00,8.1633454234e-09
pipi,1.6693995341e+00,8.1633454234e-09
pipi,1.6696780552e+00,8.1616055983e-09
pipi,1.6697709296e+00,8.1598656986e-09
pipi,1.6698637855e+00,8.1598656986e-09
pipi,1.6707926992e+00,8.1424906442e-09
pipi,1.6711643808e+00,8.1338169959e-09
pipi,1.6713502764e+00,8.1303498580e-09
pipi,1.6715361927e+00,8.1251525871e-09
pipi,1.6720010382e+00,8.1164969649e-09
pipi,1.6727450695e+00,8.0992142569e-09
pipi,1.6743272294e+00,8.0596029421e-09
pipi,1.6744203386e+00,8.0561678785e-09
pipi,1.6745134768e+00,8.0544504561e-09
pipi,1.6746997211e+00,8.0475857448e-09
pipi,1.6750722957e+00,8.0372998657e-09
pipi,1.6758176936e+00,8.0150585078e-09
pipi,1.6773094847e+00,7.9673621973e-09
pipi,1.6803904932e+00,7.8610819777e-09
pipi,1.6807643338e+00,7.8476878766e-09
pipi,1.6811382576e+00,7.8326464692e-09
pipi,1.6818863549e+00,7.8043142449e-09
pipi,1.6834771850e+00,7.7446542149e-09
pipi,1.6835708030e+00,7.7413533848e-09
pipi,1.6836644263e+00,7.7364043550e-09
pipi,1.6838516884e+00,7.7298107106e-09
pipi,1.6842263230e+00,7.7149956555e-09
pipi,1.6849757945e+00,7.6838122827e-09
pipi,1.6851632024e+00,7.6772634618e-09
pipi,1.6853506312e+00,7.6690853888e-09
pipi,1.6857255994e+00,7.6543867206e-09
pipi,1.6858193424e+00,7.6494932884e-09
pipi,1.6859130907e+00,7.6462325994e-09
pipi,1.6861943909e+00,7.6380875814e-09
pipi,1.6863819344e+00,7.6315777312e-09
pipi,1.6864757379e+00,7.6266988807e-09
pipi,1.6865695227e+00,7.6234483240e-09
pipi,1.6980512108e+00,7.2602518995e-09
pipi,1.6981456393e+00,7.2571571293e-09
pipi,1.6982400973e+00,7.2556104369e-09
pipi,1.6984289805e+00,7.2494265673e-09
pipi,1.6988068342e+00,7.2386173761e-09
pipi,1.6995627939e+00,7.2155091765e-09
pipi,1.7011703192e+00,7.1679858369e-09
pipi,1.7042951813e+00,7.0648351379e-09
pipi,1.7044847380e+00,7.0588134786e-09
pipi,1.7046743401e+00,7.0512941988e-09
pipi,1.7050535833e+00,7.0377795972e-09
pipi,1.7059071828e+00,7.0108276686e-09
pipi,1.7074257591e+00,6.9542682162e-09
pipi,1.7105620874e+00,6.8337681163e-09
pipi,1.7106572360e+00,6.8308555127e-09
pipi,1.7107523655e+00,6.8264885621e-09
pipi,1.7109426404e+00,6.8192167624e-09
pipi,1.7120848075e+00,6.7714162550e-09
pipi,1.7135135947e+00,6.7067728688e-09
pipi,1.7164701947e+00,6.5779300492e-09
pipi,1.7223986836e+00,6.3289705814e-09
pipi,1.7341243111e+00,5.8802332484e-09
pipi,1.7468038269e+00,5.4412300812e-09
pipi,1.7469009666e+00,5.4377515151e-09
pipi,1.7469981116e+00,5.4354339043e-09
pipi,1.7475811450e+00,5.4180820973e-09
pipi,1.7483588089e+00,5.3961829531e-09
pipi,1.7498178430e+00,5.3515084714e-09
pipi,1.7528370846e+00,5.2576594096e-09
pipi,1.7587933740e+00,5.0640638208e-09
pipi,1.7591846572e+00,5.0511267310e-09
pipi,1.7595760274e+00,5.0371489127e-09
pipi,1.7604569224e+00,5.0093089368e-09
pipi,1.7620240582e+00,4.9509228751e-09
pipi,1.7653588679e+00,4.8351539232e-09
pipi,1.7718503381e+00,4.6146235175e-09
pipi,1.7720474085e+00,4.6087251667e-09
pipi,1.7722445008e+00,4.6018536203e-09
pipi,1.7726388017e+00,4.5900973322e-09
pipi,1.7735262363e+00,4.5657015006e-09
pipi,1.7751050063e+00,4.5192242589e-09
pipi,1.7783656529e+00,4.4295722425e-09
pipi,1.7785634479e+00,4.4239104218e-09
pipi,1.7787612903e+00,4.4191979272e-09
pipi,1.7791570158e+00,4.4079082669e-09
pipi,1.7815332180e+00,4.3463288248e-09
pipi,1.7848056724e+00,4.2701075342e-09
pipi,1.7849049253e+00,4.2673776641e-09
pipi,1.7850042092e+00,4.2655588755e-09
pipi,1.7852027426e+00,4.2610148296e-09
pipi,1.7855999011e+00,4.2528481135e-09
pipi,1.7862951475e+00,4.2356586852e-09
pipi,1.7877858655e+00,4.2032789903e-09
pipi,1.7908706194e+00,4.1427918219e-09
pipi,1.7910698053e+00,4.1392607444e-09
pipi,1.7912690133e+00,4.1348514679e-09
pipi,1.7915678924e+00,4.1278063031e-09
pipi,1.7923651303e+00,4.1137519645e-09
pipi,1.7938609139e+00,4.0866578790e-09
pipi,1.7969561500e+00,4.0347230651e-09
pipi,1.7977557856e+00,4.0209856560e-09
pipi,1.7985557770e+00,4.0081494815e-09
pipi,1.7987558176e+00,4.0047333838e-09
pipi,1.7989559062e+00,4.0021731668e-09
pipi,1.7994561864e+00,3.9953540658e-09
pipi,1.7996563528e+00,3.9919488736e-09
pipi,1.7997564316e+00,3.9910980835e-09
pipi,1.7999566058e+00,3.9876965186e-09
pipi,1.8000567012e+00,3.9868464173e-09
pipi,1.8001568279e+00,3.9851471932e-09
pipi,1.8004571900e+00,3.9825994976e-09
pipi,1.8006574421e+00,3.9800534307e-09
pipi,1.8010580389e+00,3.9758137472e-09
pipi,1.8018594997e+00,3.9656567939e-09
pipi,1.8035637821e+00,3.9454206646e-09
pipi,1.8036641038e+00,3.9445797909e-09
pipi,1.8037644054e+00,3.9428985812e-09
pipi,1.8039650254e+00,3.9403778951e-09
pipi,1.8043663580e+00,3.9361804752e-09
pipi,1.8051692910e+00,3.9261245582e-09
pipi,1.8068767296e+00,3.9069230377e-09
pipi,1.8101957370e+00,3.8696257729e-09
pipi,1.8102964018e+00,3.8679762981e-09
pipi,1.8105984557e+00,3.8655035096e-09
pipi,1.8110012641e+00,3.8613858484e-09
pipi,1.8117064008e+00,3.8539850664e-09
pipi,1.8133191582e+00,3.8400442341e-09
pipi,1.8164479429e+00,3.8131267640e-09
pipi,1.8226203875e+00,3.7550507507e-09
pipi,1.8228231306e+00,3.7534503197e-09
pipi,1.8234314435e+00,3.7462564083e-09
pipi,1.8242428604e+00,3.7374824583e-09
pipi,1.8257652470e+00,3.7207893594e-09
pipi,1.8258667776e+00,3.7192033279e-09
pipi,1.8259683399e+00,3.7184106671e-09
pipi,1.8260698819e+00,3.7160334956e-09
pipi,1.8264761322e+00,3.7120750547e-09
pipi,1.8272889040e+00,3.7033811595e-09
pipi,1.8288138326e+00,3.6868403706e-09
pipi,1.8289155328e+00,3.6860544061e-09
pipi,1.8290172386e+00,3.6844833819e-09
pipi,1.8292206933e+00,3.6829130272e-09
pipi,1.8296276446e+00,3.6789896666e-09
pipi,1.8297293901e+00,3.6766378974e-09
pipi,1.8299328980e+00,3.6750706861e-09
pipi,1.8303400337e+00,3.6711558801e-09
pipi,1.8305436095e+00,3.6695910055e-09
pipi,1.8307472080e+00,3.6672450442e-09
pipi,1.8313581913e+00,3.6625578200e-09
pipi,1.8314600330e+00,3.6609966104e-09
pipi,1.8318674825e+00,3.6586563431e-09
pipi,1.8322750226e+00,3.6555381143e-09
pipi,1.8326826534e+00,3.6532011371e-09
pipi,1.8333962320e+00,3.6485316636e-09
pipi,1.8349262574e+00,3.6384352009e-09
pipi,1.8350282975e+00,3.6384352009e-09
pipi,1.8351303433e+00,3.6376597540e-09
pipi,1.8354365408e+00,3.6361091575e-09
pipi,1.8366618158e+00,3.6291401437e-09
pipi,1.8382967882e+00,3.6206406844e-09
pipi,1.8385012751e+00,3.6190973425e-09
pipi,1.8387057586e+00,3.6183260170e-09
pipi,1.8391148201e+00,3.6160128293e-09
pipi,1.8400355346e+00,3.6113908895e-09
pipi,1.8416735102e+00,3.6021651186e-09
pipi,1.8433129440e+00,3.5899004811e-09
pipi,1.8450564612e+00,3.5784402626e-09
pipi,1.8451590646e+00,3.5784402626e-09
pipi,1.8458775011e+00,3.5731046619e-09
pipi,1.8466989064e+00,3.5677770169e-09
pipi,1.8484455999e+00,3.5579040239e-09
pipi,1.8485483918e+00,3.5571457403e-09
pipi,1.8486511895e+00,3.5571457403e-09
pipi,1.8491653160e+00,3.5533565519e-09
pipi,1.8492681480e+00,3.5533565519e-09
pipi,1.8493709856e+00,3.5525990436e-09
pipi,1.8495766781e+00,3.5518418907e-09
pipi,1.8499881844e+00,3.5495712061e-09
pipi,1.8500910621e+00,3.5495712061e-09
pipi,1.8501939455e+00,3.5488146985e-09
pipi,1.8503997295e+00,3.5480583521e-09
pipi,1.8506055628e+00,3.5465459493e-09
pipi,1.8508114189e+00,3.5457900864e-09
pipi,1.8509143424e+00,3.5457900864e-09
pipi,1.8510172716e+00,3.5450343846e-09
pipi,1.8512231472e+00,3.5450343846e-09
pipi,1.8513261199e+00,3.5442786504e-09
pipi,1.8515320298e+00,3.5435232708e-09
pipi,1.8517379890e+00,3.5435232708e-09
pipi,1.8519439448e+00,3.5427680521e-09
pipi,1.8523559514e+00,3.5427680521e-09
pipi,1.8524589871e+00,3.5420129944e-09
pipi,1.8527680496e+00,3.5420129944e-09
pipi,1.8531802395e+00,3.5412580976e-09
pipi,1.8533863821e+00,3.5412580976e-09
pipi,1.8534894488e+00,3.5405031685e-09
pipi,1.8541080220e+00,3.5405031685e-09
pipi,1.8543142413e+00,3.5397485935e-09
pipi,1.8553457350e+00,3.5397485935e-09
pipi,1.8555521184e+00,3.5389941793e-09
pipi,1.8590639395e+00,3.5389941793e-09
pipi,1.8594775036e+00,3.5397485935e-09
pipi,1.8623752416e+00,3.5397485935e-09
pipi,1.8627895424e+00,3.5389941793e-09
pipi,1.8638257771e+00,3.5389941793e-09
pipi,1.8640331038e+00,3.5382397328e-09
pipi,1.8649662931e+00,3.5382397328e-09
pipi,1.8653811968e+00,3.5374856402e-09
pipi,1.8657961928e+00,3.5374856402e-09
pipi,1.8662112811e+00,3.5367317083e-09
pipi,1.8666264618e+00,3.5367317083e-09
pipi,1.8670417348e+00,3.5359779371e-09
pipi,1.8679764304e+00,3.5352243265e-09
pipi,1.8681842188e+00,3.5352243265e-09
pipi,1.8683920037e+00,3.5344706837e-09
pipi,1.8688076695e+00,3.5344706837e-09
pipi,1.8689115938e+00,3.5337173944e-09
pipi,1.8692234278e+00,3.5337173944e-09
pipi,1.8696392786e+00,3.5329642656e-09
pipi,1.8697432491e+00,3.5329642656e-09
pipi,1.8698472520e+00,3.5322111046e-09
pipi,1.8701592156e+00,3.5322111046e-09
pipi,1.8702632150e+00,3.5314582968e-09
pipi,1.8705752745e+00,3.5314582968e-09
pipi,1.8706793237e+00,3.5307056495e-09
pipi,1.8709914261e+00,3.5307056495e-09
pipi,1.8710954718e+00,3.5299531626e-09
pipi,1.8711995499e+00,3.5299531626e-09
pipi,1.8714076702e+00,3.5284484773e-09
pipi,1.8715117657e+00,3.5284484773e-09
pipi,1.8716158403e+00,3.5276964715e-09
pipi,1.8722404363e+00,3.5254412231e-09
pipi,1.8730735729e+00,3.5216858074e-09
pipi,1.8748452395e+00,3.5149360989e-09
pipi,1.8750537653e+00,3.5134378148e-09
pipi,1.8756795353e+00,3.5111918736e-09
pipi,1.8765142023e+00,3.5074514453e-09
pipi,1.8766185551e+00,3.5067039145e-09
pipi,1.8767229137e+00,3.5067039145e-09
pipi,1.8769316484e+00,3.5052093308e-09
pipi,1.8773492408e+00,3.5037151929e-09
pipi,1.8782890965e+00,3.4999829205e-09
pipi,1.8783935480e+00,3.4999829205e-09
pipi,1.8784980054e+00,3.4992369814e-09
pipi,1.8791249248e+00,3.4969999271e-09
pipi,1.8792294228e+00,3.4969999271e-09
pipi,1.8793339266e+00,3.4962544330e-09
pipi,1.8799611250e+00,3.4940194761e-09
pipi,1.8800656695e+00,3.4932748080e-09
pipi,1.8801702198e+00,3.4932748080e-09
pipi,1.8803793646e+00,3.4925301080e-09
pipi,1.8804839324e+00,3.4917857573e-09
pipi,1.8806931121e+00,3.4917857573e-09
pipi,1.8807976973e+00,3.4910415653e-09
pipi,1.8809022883e+00,3.4910415653e-09
pipi,1.8810068852e+00,3.4902973414e-09
pipi,1.8816346419e+00,3.4902973414e-09
pipi,1.8817392795e+00,3.4895534666e-09
pipi,1.8828907571e+00,3.4895534666e-09
pipi,1.8829954646e+00,3.4888097503e-09
pipi,1.8855103511e+00,3.4888097503e-09
pipi,1.8856152042e+00,3.4895534666e-09
pipi,1.8871888078e+00,3.4895534666e-09
pipi,1.8876086554e+00,3.4902973414e-09
pipi,1.8884486308e+00,3.4902973414e-09
pipi,1.8885536473e+00,3.4910415653e-09
pipi,1.8894991123e+00,3.4910415653e-09
pipi,1.8897092949e+00,3.4917857573e-09
pipi,1.8907605045e+00,3.4917857573e-09
pipi,1.8908656496e+00,3.4925301080e-09
pipi,1.8909708005e+00,3.4925301080e-09
pipi,1.8910759572e+00,3.4917857573e-09
pipi,1.8914966696e+00,3.4917857573e-09
pipi,1.8917070743e+00,3.4910415653e-09
pipi,1.8921279271e+00,3.4910415653e-09
pipi,1.8924436349e+00,3.4902973414e-09
pipi,1.8932857619e+00,3.4895534666e-09
pipi,1.8934963387e+00,3.4895534666e-09
pipi,1.8937069389e+00,3.4888097503e-09
pipi,1.8941282636e+00,3.4888097503e-09
pipi,1.8948657399e+00,3.4873227932e-09
pipi,1.8952872954e+00,3.4873227932e-09
pipi,1.8957089446e+00,3.4865793621e-09
pipi,1.8961306877e+00,3.4865793621e-09
pipi,1.8964470634e+00,3.4858362797e-09
pipi,1.8972909718e+00,3.4858362797e-09
pipi,1.8973964800e+00,3.4850933556e-09
pipi,1.9009874958e+00,3.4850933556e-09
pipi,1.9010932096e+00,3.4858362797e-09
pipi,1.9013046548e+00,3.4858362797e-09
pipi,1.9014104132e+00,3.4865793621e-09
pipi,1.9015161505e+00,3.4865793621e-09
pipi,1.9021507248e+00,3.4888097503e-09
pipi,1.9029971714e+00,3.4910415653e-09
pipi,1.9031030240e+00,3.4917857573e-09
pipi,1.9032088554e+00,3.4917857573e-09
pipi,1.9035264121e+00,3.4925301080e-09
pipi,1.9047971415e+00,3.4969999271e-09
pipi,1.9049030672e+00,3.4977453893e-09
pipi,1.9050089987e+00,3.4977453893e-09
pipi,1.9052209065e+00,3.4992369814e-09
pipi,1.9056447657e+00,3.5007290186e-09
pipi,1.9064927671e+00,3.5044620866e-09
pipi,1.9082960164e+00,3.5111918736e-09
pipi,1.9085082899e+00,3.5126890082e-09
pipi,1.9091451976e+00,3.5149360989e-09
pipi,1.9099947567e+00,3.5186843169e-09
pipi,1.9102072191e+00,3.5201846462e-09
pipi,1.9104196780e+00,3.5209352429e-09
pipi,1.9109509557e+00,3.5224365319e-09
pipi,1.9118013184e+00,3.5261927482e-09
pipi,1.9119076607e+00,3.5261927482e-09
pipi,1.9120139817e+00,3.5269446259e-09
pipi,1.9135031790e+00,3.5322111046e-09
pipi,1.9153130863e+00,3.5374856402e-09
pipi,1.9154195968e+00,3.5374856402e-09
pipi,1.9155261131e+00,3.5382397328e-09
pipi,1.9157391635e+00,3.5389941793e-09
pipi,1.9160588109e+00,3.5397485935e-09
pipi,1.9169114465e+00,3.5420129944e-09
pipi,1.9170180731e+00,3.5420129944e-09
pipi,1.9171246783e+00,3.5427680521e-09
pipi,1.9173379066e+00,3.5435232708e-09
pipi,1.9177644615e+00,3.5442786504e-09
pipi,1.9186178561e+00,3.5465459493e-09
pipi,1.9187245776e+00,3.5465459493e-09
pipi,1.9189379838e+00,3.5473021669e-09
pipi,1.9193648947e+00,3.5480583521e-09
pipi,1.9194716304e+00,3.5480583521e-09
pipi,1.9195783994e+00,3.5488146985e-09
pipi,1.9197919006e+00,3.5488146985e-09
pipi,1.9202190015e+00,3.5495712061e-09
pipi,1.9203257847e+00,3.5495712061e-09
pipi,1.9204326012e+00,3.5503278751e-09
pipi,1.9207530044e+00,3.5503278751e-09
pipi,1.9208598173e+00,3.5510848991e-09
pipi,1.9222490355e+00,3.5510848991e-09
pipi,1.9223559316e+00,3.5518418907e-09
pipi,1.9239601965e+00,3.5518418907e-09
pipi,1.9259941583e+00,3.5510848991e-09
pipi,1.9267440689e+00,3.5503278751e-09
pipi,1.9284592314e+00,3.5503278751e-09
pipi,1.9285664729e+00,3.5495712061e-09
pipi,1.9315718765e+00,3.5495712061e-09
pipi,1.9320015706e+00,3.5503278751e-09
pipi,1.9329688144e+00,3.5503278751e-09
pipi,1.9330763067e+00,3.5510848991e-09
pipi,1.9333988468e+00,3.5510848991e-09
pipi,1.9338289749e+00,3.5518418907e-09
pipi,1.9342591986e+00,3.5518418907e-09
pipi,1.9346895181e+00,3.5525990436e-09
pipi,1.9349046999e+00,3.5525990436e-09
pipi,1.9351199333e+00,3.5533565519e-09
pipi,1.9356580800e+00,3.5541140277e-09
pipi,1.9358733972e+00,3.5541140277e-09
pipi,1.9360887107e+00,3.5548716650e-09
pipi,1.9365194372e+00,3.5556294639e-09
pipi,1.9367348502e+00,3.5556294639e-09
pipi,1.9369502595e+00,3.5563874242e-09
pipi,1.9373811776e+00,3.5571457403e-09
pipi,1.9374889153e+00,3.5571457403e-09
pipi,1.9375966865e+00,3.5579040239e-09
pipi,1.9378121917e+00,3.5579040239e-09
pipi,1.9383510871e+00,3.5594212703e-09
pipi,1.9392136427e+00,3.5616980616e-09
pipi,1.9394293553e+00,3.5616980616e-09
pipi,1.9400765820e+00,3.5639765037e-09
pipi,1.9401844971e+00,3.5639765037e-09
pipi,1.9402923907e+00,3.5647362434e-09
pipi,1.9405081957e+00,3.5654963397e-09
pipi,1.9406161072e+00,3.5654963397e-09
pipi,1.9407240523e+00,3.5662564034e-09
pipi,1.9408319759e+00,3.5662564034e-09
pipi,1.9410478685e+00,3.5670166291e-09
pipi,1.9411558100e+00,3.5670166291e-09
pipi,1.9412637576e+00,3.5677770169e-09
pipi,1.9414796706e+00,3.5685375668e-09
pipi,1.9427757640e+00,3.5753904010e-09
pipi,1.9428838017e+00,3.5761525738e-09
pipi,1.9429918453e+00,3.5761525738e-09
pipi,1.9432079505e+00,3.5776776022e-09
pipi,1.9436402885e+00,3.5799660712e-09
pipi,1.9446133315e+00,3.5845477928e-09
pipi,1.9463444010e+00,3.5944947208e-09
pipi,1.9499195930e+00,3.6152421612e-09
pipi,1.9503533965e+00,3.6183260170e-09
pipi,1.9533927242e+00,3.6345594203e-09
pipi,1.9535013522e+00,3.6353342063e-09
pipi,1.9536099863e+00,3.6353342063e-09
pipi,1.9538273004e+00,3.6368844723e-09
pipi,1.9543706495e+00,3.6392110117e-09
pipi,1.9569808632e+00,3.6508656538e-09
pipi,1.9570896907e+00,3.6516441151e-09
pipi,1.9571985522e+00,3.6516441151e-09
pipi,1.9574162376e+00,3.6524225431e-09
pipi,1.9578517088e+00,3.6547588229e-09
pipi,1.9586140236e+00,3.6578765866e-09
pipi,1.9587229420e+00,3.6578765866e-09
pipi,1.9588318665e+00,3.6586563431e-09
pipi,1.9594855961e+00,3.6609966104e-09
pipi,1.9595945629e+00,3.6609966104e-09
pipi,1.9597035358e+00,3.6617772319e-09
pipi,1.9599215277e+00,3.6625578200e-09
pipi,1.9603575563e+00,3.6633385745e-09
pipi,1.9604665717e+00,3.6641196953e-09
pipi,1.9605755931e+00,3.6641196953e-09
pipi,1.9607936820e+00,3.6656820367e-09
pipi,1.9611208468e+00,3.6656820367e-09
pipi,1.9612299046e+00,3.6664634572e-09
pipi,1.9615571423e+00,3.6664634572e-09
pipi,1.9619935348e+00,3.6672450442e-09
pipi,1.9621026411e+00,3.6672450442e-09
pipi,1.9622117535e+00,3.6680269981e-09
pipi,1.9624300244e+00,3.6680269981e-09
pipi,1.9628666111e+00,3.6688089185e-09
pipi,1.9636308785e+00,3.6695910055e-09
pipi,1.9638492793e+00,3.6695910055e-09
pipi,1.9640677044e+00,3.6703734596e-09
pipi,1.9645046834e+00,3.6703734596e-09
pipi,1.9652695606e+00,3.6711558801e-09
pipi,1.9654881717e+00,3.6711558801e-09
pipi,1.9657067791e+00,3.6719384675e-09
pipi,1.9661440947e+00,3.6719384675e-09
pipi,1.9670190180e+00,3.6727212217e-09
pipi,1.9674566256e+00,3.6727212217e-09
pipi,1.9677849022e+00,3.6735041427e-09
pipi,1.9686605556e+00,3.6742874311e-09
pipi,1.9690985285e+00,3.6742874311e-09
pipi,1.9695365987e+00,3.6750706861e-09
pipi,1.9698652224e+00,3.6750706861e-09
pipi,1.9703034632e+00,3.6758541079e-09
pipi,1.9709609932e+00,3.6758541079e-09
pipi,1.9710705982e+00,3.6766378974e-09
pipi,1.9715091352e+00,3.6766378974e-09
pipi,1.9717284123e+00,3.6774216534e-09
pipi,1.9721670676e+00,3.6782055765e-09
pipi,1.9722767397e+00,3.6782055765e-09
pipi,1.9723864459e+00,3.6789896666e-09
pipi,1.9726058205e+00,3.6789896666e-09
pipi,1.9730446711e+00,3.6797739239e-09
pipi,1.9739226650e+00,3.6821279000e-09
pipi,1.9740324347e+00,3.6821279000e-09
pipi,1.9741422386e+00,3.6829130272e-09
pipi,1.9743618085e+00,3.6829130272e-09
pipi,1.9749108683e+00,3.6844833819e-09
pipi,1.9757896927e+00,3.6868403706e-09
pipi,1.9775485149e+00,3.6923456076e-09
pipi,1.9776585144e+00,3.6923456076e-09
pipi,1.9794190003e+00,3.6986475466e-09
pipi,1.9795290756e+00,3.6994361963e-09
pipi,1.9796391571e+00,3.6994361963e-09
pipi,1.9798593383e+00,3.7010135962e-09
pipi,1.9802998308e+00,3.7025918708e-09
pipi,1.9804099551e+00,3.7025918708e-09
pipi,1.9806302221e+00,3.7041706163e-09
pipi,1.9807403648e+00,3.7041706163e-09
pipi,1.9808505418e+00,3.7049602415e-09
pipi,1.9810708578e+00,3.7057502372e-09
pipi,1.9811810533e+00,3.7057502372e-09
pipi,1.9817320094e+00,3.7097019335e-09
pipi,1.9821728902e+00,3.7120750547e-09
pipi,1.9830549462e+00,3.7176179724e-09
pipi,1.9849306116e+00,3.7295239178e-09
pipi,1.9857034699e+00,3.7350930942e-09
pipi,1.9883555310e+00,3.7518503660e-09
pipi,1.9885766817e+00,3.7534503197e-09
pipi,1.9886872663e+00,3.7550507507e-09
pipi,1.9891297228e+00,3.7574528818e-09
pipi,1.9900148746e+00,3.7630637636e-09
pipi,1.9904575698e+00,3.7662737135e-09
pipi,1.9905682873e+00,3.7662737135e-09
pipi,1.9910111340e+00,3.7694864014e-09
pipi,1.9911218540e+00,3.7694864014e-09
pipi,1.9913433124e+00,3.7702899501e-09
pipi,1.9917863599e+00,3.7735060639e-09
pipi,1.9918971230e+00,3.7735060639e-09
pipi,1.9921186676e+00,3.7743104695e-09
pipi,1.9925618592e+00,3.7767249212e-09
pipi,1.9934485382e+00,3.7799465242e-09
pipi,1.9951121321e+00,3.7863979767e-09
pipi,1.9952230802e+00,3.7872051305e-09
pipi,1.9953340628e+00,3.7872051305e-09
pipi,1.9968881549e+00,3.7928604404e-09
pipi,1.9969992017e+00,3.7928604404e-09
pipi,1.9971102832e+00,3.7936689717e-09
pipi,1.9973324076e+00,3.7936689717e-09
pipi,1.9977767591e+00,3.7952867586e-09
pipi,1.9985546193e+00,3.7977146290e-09
pipi,1.9986657588e+00,3.7985241951e-09
pipi,1.9987769044e+00,3.7985241951e-09
pipi,1.9989992427e+00,3.7993339338e-09
pipi,1.9991104069e+00,3.7993339338e-09
pipi,1.9992215773e+00,3.8001438452e-09
pipi,1.9994439651e+00,3.8001438452e-09
pipi,1.9995551540e+00,3.8009539291e-09
pipi,1.9997775789e+00,3.8009539291e-09
pipi,1.9998887863e+00,3.8017643932e-09
pipi,2.0000000000e+00,3.8017643932e-09
ss,2.0000000000e+00,2.2910043349e-08
ss,2.0001112198e+00,2.2910043349e-08
ss,2.0003337066e+00,2.2919813197e-08
ss,2.0004449450e+00,2.2919813197e-08
ss,2.0020030178e+00,2.2954038606e-08
ss,2.0021143776e+00,2.2958931763e-08
ss,2.0022257150e+00,2.2958931763e-08
ss,2.0023370586e+00,2.2963825962e-08
ss,2.0036737507e+00,2.2993215587e-08
ss,2.0053458778e+00,2.3032459433e-08
ss,2.0054573950e+00,2.3037369306e-08
ss,2.0055689183e+00,2.3037369306e-08
ss,2.0057920121e+00,2.3042280227e-08
ss,2.0061266851e+00,2.3052105208e-08
ss,2.0070194004e+00,2.3071770258e-08
ss,2.0086943196e+00,2.3111148178e-08
ss,2.0121602136e+00,2.3190105758e-08
ss,2.0122721384e+00,2.3190105758e-08
ss,2.0123840407e+00,2.3195049238e-08
ss,2.0130556138e+00,2.3209886000e-08
ss,2.0139514124e+00,2.3234637565e-08
ss,2.0157442058e+00,2.3274293460e-08
ss,2.0194469053e+00,2.3358786790e-08
ss,2.0268726637e+00,2.3533711722e-08
ss,2.0407845499e+00,2.3851882688e-08
ss,2.0559349361e+00,2.4200136679e-08
ss,2.0708522673e+00,2.4543007864e-08
ss,2.0849500733e+00,2.4869524180e-08
ss,2.1003115376e+00,2.5221879348e-08
ss,2.1147274877e+00,2.5551978905e-08
ss,2.1290055602e+00,2.5875365769e-08
ss,2.1445723563e+00,2.6230787325e-08
ss,2.1592920695e+00,2.6562765216e-08
ss,2.1752013006e+00,2.6921888365e-08
ss,2.1902530349e+00,2.7262612858e-08
ss,2.2051636892e+00,2.7595882984e-08
ss,2.2212873360e+00,2.7957053086e-08
ss,2.2365335982e+00,2.8298810810e-08
ss,2.2532625161e+00,2.8675292174e-08
ss,2.2696116051e+00,2.9038207815e-08
ss,2.2850625112e+00,2.9380654392e-08
ss,2.3020263694e+00,2.9758839522e-08
ss,2.3178268335e+00,3.0109784484e-08
ss,2.3334761784e+00,3.0458373595e-08
ss,2.3506687296e+00,3.0830710101e-08
ss,2.3666714509e+00,3.1187645563e-08
ss,2.3842411579e+00,3.1575626611e-08
ss,2.4016741777e+00,3.1954807296e-08
ss,2.4178896373e+00,3.2310977916e-08
ss,2.4357041288e+00,3.2698989178e-08
ss,2.4524221196e+00,3.3063458112e-08
ss,2.4707658143e+00,3.3460505646e-08
ss,2.4888314824e+00,3.3847886961e-08
ss,2.5057747786e+00,3.4217865565e-08
ss,2.5242367530e+00,3.4621395666e-08
ss,2.5417037792e+00,3.4992367905e-08
ss,2.5588646811e+00,3.5367315153e-08
ss,2.5777178464e+00,3.5769149091e-08
ss,2.5797255359e+00,3.5814925304e-08
ss,2.5800124973e+00,3.5814925304e-08
ss,2.6146784013e+00,3.6555379148e-08
ss,2.6337963249e+00,3.6962830096e-08
ss,2.6515790110e+00,3.7342968432e-08
ss,2.6712638161e+00,3.7759197950e-08
ss,2.6895986227e+00,3.8147526404e-08
ss,2.7077580708e+00,3.8531634698e-08
ss,2.7275565715e+00,3.8952809598e-08
ss,2.7462777557e+00,3.9345026306e-08
ss,2.7665117010e+00,3.9775089915e-08
ss,2.7856552034e+00,4.0175586182e-08
ss,2.8046191559e+00,4.0571466358e-08
ss,2.8252829874e+00,4.1006194288e-08
ss,2.8446749384e+00,4.1410259068e-08
ss,2.8657932500e+00,4.1845054568e-08
ss,2.8867472673e+00,4.2284415292e-08
ss,2.9063994259e+00,4.2691972282e-08
ss,2.9278131526e+00,4.3140227747e-08
ss,2.9480727749e+00,4.3556033457e-08
ss,2.9679773712e+00,4.3966474481e-08
ss,2.9896785351e+00,4.4418640681e-08
ss,3.0101988511e+00,4.4837210300e-08
ss,3.0325459800e+00,4.5298331444e-08
ss,3.0547192547e+00,4.5754438856e-08
ss,3.0753438994e+00,4.6175752712e-08
ss,3.0980023727e+00,4.6640697395e-08
ss,3.1194396553e+00,4.7070172054e-08
ss,3.1425978113e+00,4.7544122665e-08
ss,3.1655757144e+00,4.8012607936e-08
ss,3.1871261036e+00,4.8454715356e-08
ss,3.2107867058e+00,4.8932173329e-08
ss,3.2330044235e+00,4.9382748248e-08
ss,3.2548328018e+00,4.9826847726e-08
ss,3.2788137107e+00,5.0307104955e-08
ss,3.3013185696e+00,5.0759517180e-08
ss,3.3258269144e+00,5.1259688764e-08
ss,3.3501445914e+00,5.1742723545e-08
ss,3.3729514759e+00,5.2196919383e-08
ss,3.3978026095e+00,5.2700017728e-08
ss,3.4211241748e+00,5.3162616661e-08
ss,3.4442227363e+00,5.3629279197e-08
ss,3.4695989802e+00,5.4134643311e-08
ss,3.4932190780e+00,5.4609835337e-08
ss,3.5191520548e+00,5.5124439513e-08
ss,3.5446861608e+00,5.5632033764e-08
ss,3.5596995070e+00,5.5929291420e-08
ss,3.5600954273e+00,5.5929291420e-08
ss,3.5951116611e+00,5.6625060798e-08
ss,3.6197875005e+00,5.7122116740e-08
ss,3.6466600965e+00,5.7648105908e-08
ss,3.6733236315e+00,5.8178935290e-08
ss,3.6983306321e+00,5.8664614008e-08
ss,3.7197824253e+00,5.9091330804e-08
ss,3.7201961504e+00,5.9091330804e-08
ss,3.7515676834e+00,5.9711775598e-08
ss,3.7768972617e+00,6.0210247208e-08
ss,3.8045130607e+00,6.0751721791e-08
ss,3.8306261727e+00,6.1271936847e-08
ss,3.8590639938e+00,6.1822959273e-08
ss,3.8872805771e+00,6.2378933674e-08
ss,3.9137440833e+00,6.2886268463e-08
ss,3.9425797091e+00,6.3451805213e-08
ss,3.9696404718e+00,6.3981501937e-08
ss,3.9964424190e+00,6.4501867071e-08
ss,4.0256634815e+00,6.5068065780e-08
ss,4.0530690594e+00,6.5611251495e-08
ss,4.0831582532e+00,6.6187188403e-08
ss,4.1114125888e+00,6.6739716510e-08
ss,4.1391717433e+00,6.7268174671e-08
ss,4.1696682717e+00,6.7858656085e-08
ss,4.1982877067e+00,6.8410554331e-08
ss,4.2294549753e+00,6.9011059810e-08
ss,4.2603797717e+00,6.9616840306e-08
ss,4.2893832317e+00,7.0168080097e-08
ss,4.3212267757e+00,7.0784013078e-08
ss,4.3508864659e+00,7.1344498665e-08
ss,4.3802624838e+00,7.1909418395e-08
ss,4.4125353169e+00,7.2525176451e-08
ss,4.4425746720e+00,7.3115027768e-08
ss,4.4755554794e+00,7.3741109419e-08
ss,4.5082797058e+00,7.4356701426e-08
ss,4.5387184006e+00,7.4945472368e-08
ss,4.5721587029e+00,7.5587228057e-08
ss,4.6035407194e+00,7.6185742550e-08
ss,4.6379744104e+00,7.6838118634e-08
ss,4.6718862064e+00,7.7479564525e-08
ss,4.7036910858e+00,7.8093067171e-08
ss,4.7386104380e+00,7.8761775614e-08
ss,4.7714002551e+00,7.9368503328e-08
ss,4.8036154692e+00,7.9979913594e-08
ss,4.8387383943e+00,8.0664779043e-08
ss,4.8719500699e+00,8.1286166215e-08
ss,4.9081185463e+00,8.1964744482e-08
ss,4.9440055034e+00,8.2648987531e-08
ss,4.9776629648e+00,8.3285664255e-08
ss,5.0143373163e+00,8.3980934364e-08
ss,5.0490350839e+00,8.4627871583e-08
ss,5.0831248139e+00,8.5261612371e-08
ss,5.1202914467e+00,8.5973377729e-08
ss,5.1551489421e+00,8.6635663500e-08
ss,5.1934198357e+00,8.7340280964e-08
ss,5.2293568026e+00,8.8031858434e-08
ss,5.2649567841e+00,8.8691095017e-08
ss,5.3034529302e+00,8.9412424654e-08
ss,5.3398543455e+00,9.0101202718e-08
ss,5.3797955355e+00,9.0853369055e-08
ss,5.4191313559e+00,9.1572763846e-08
ss,5.4560233465e+00,9.2278183828e-08
ss,5.4962220763e+00,9.3028692535e-08
ss,5.5342544262e+00,9.3745328091e-08
ss,5.5716202270e+00,9.4427216257e-08
ss,5.6126707281e+00,9.5195203284e-08
ss,5.6508802023e+00,9.5908078156e-08
ss,5.6928312341e+00,9.6708720387e-08
ss,5.7344558992e+00,9.7474484316e-08
ss,5.7731734889e+00,9.8204427718e-08
ss,5.8160324022e+00,9.8982035034e-08
ss,5.8559520194e+00,9.9744526019e-08
ss,5.8954898361e+00,1.0047005685e-07
ss,5.9385962094e+00,1.0126559846e-07
ss,5.9395870837e+00,1.0128718544e-07
ss,6.0234116888e+00,1.0285370380e-07
ss,6.0650919599e+00,1.0362393546e-07
ss,6.1060419203e+00,1.0437768469e-07
ss,6.1510298380e+00,1.0520416767e-07
ss,6.1932487838e+00,1.0599200104e-07
ss,6.2392262542e+00,1.0685403991e-07
ss,6.2848460332e+00,1.0767717740e-07
ss,6.3276315768e+00,1.0848353019e-07
ss,6.3742522071e+00,1.0934252405e-07
ss,6.4180032887e+00,1.1016134798e-07
ss,6.4613359247e+00,1.1096264964e-07
ss,6.5089416599e+00,1.1181743122e-07
ss,6.5532526930e+00,1.1265478877e-07
ss,6.6019027621e+00,1.1354681148e-07
ss,6.6501743479e+00,1.1442151219e-07
ss,6.6950746359e+00,1.1525379553e-07
ss,6.7444024118e+00,1.1616639768e-07
ss,6.7906941007e+00,1.1703632296e-07
ss,6.8414874193e+00,1.1796303951e-07
ss,6.8915107927e+00,1.1887175387e-07
ss,6.9384262482e+00,1.1973641408e-07
ss,6.9895470824e+00,1.2068451048e-07
ss,7.0379127317e+00,1.2156234985e-07
ss,7.0854308299e+00,1.2244658116e-07
ss,7.1376347624e+00,1.2338983395e-07
ss,7.1866254880e+00,1.2428735139e-07
ss,7.2399775931e+00,1.2527148985e-07
ss,7.2925090986e+00,1.2623650399e-07
ss,7.3421544371e+00,1.2715472765e-07
ss,7.3962498540e+00,1.2813424909e-07
ss,7.4474297691e+00,1.2906628368e-07
ss,7.4478439201e+00,1.2909379699e-07
ss,7.4490866173e+00,1.2909379699e-07
ss,7.4507438342e+00,1.2912131616e-07
ss,7.4536448774e+00,1.2920391593e-07
ss,7.4602800150e+00,1.2931412881e-07
ss,7.4735680149e+00,1.2956244987e-07
ss,7.4743992471e+00,1.2956244987e-07
ss,7.4752306782e+00,1.2959007602e-07
ss,7.4802208877e+00,1.2967296859e-07
ss,7.4864633613e+00,1.2978358157e-07
ss,7.4868796829e+00,1.2981125487e-07
ss,7.4881288934e+00,1.2981125487e-07
ss,7.4897947961e+00,1.2986660500e-07
ss,7.4931277134e+00,1.2992197873e-07
ss,7.4939611211e+00,1.2992197873e-07
ss,7.4947947282e+00,1.2994968154e-07
ss,7.4964621138e+00,1.2997738316e-07
ss,7.4972958924e+00,1.2997738316e-07
ss,7.4981298704e+00,1.3000509069e-07
ss,7.4985468409e+00,1.3000509069e-07
ss,7.4989638345e+00,1.3003281122e-07
ss,7.4997979981e+00,1.3003281122e-07
tautau,3.5628683051e+00,5.0125134253e-10
tautau,3.5630664360e+00,5.7869724197e-10
tautau,3.5634627307e+00,6.8192171346e-10
tautau,3.5636609453e+00,7.3568407475e-10
tautau,3.5638591202e+00,7.9081416142e-10
tautau,3.5642555539e+00,9.0486152208e-10
tautau,3.5644537619e+00,9.6379452178e-10
tautau,3.5646519809e+00,1.0239432340e-09
tautau,3.5650484519e+00,1.1478795551e-09
tautau,3.5658416279e+00,1.4091392551e-09
tautau,3.5660399241e+00,1.4774257057e-09
tautau,3.5662382313e+00,1.5463820815e-09
tautau,3.5666348788e+00,1.6879722399e-09
tautau,3.5672299836e+00,1.9827126119e-09
tautau,3.5674284077e+00,2.0589492458e-09
tautau,3.5676267922e+00,2.1358394039e-09
tautau,3.5680235941e+00,2.2929587211e-09
tautau,3.5688173812e+00,2.6180513059e-09
tautau,3.5690158937e+00,2.7083055225e-09
tautau,3.5692143664e+00,2.7998800442e-09
tautau,3.5696113449e+00,2.9860510092e-09
tautau,3.5704054852e+00,3.3703893724e-09
tautau,3.5706040860e+00,3.4687878903e-09
tautau,3.5708026470e+00,3.5677770169e-09
tautau,3.5711998022e+00,3.7694864014e-09
tautau,3.5719942959e+00,4.1827219889e-09
tautau,3.5721929851e+00,4.2883509603e-09
tautau,3.5725902949e+00,4.3947735637e-09
tautau,3.5729876489e+00,4.6106905294e-09
tautau,3.5737825913e+00,5.0511267310e-09
tautau,3.5753729048e+00,5.9737239320e-09
tautau,3.5755717310e+00,6.0920307888e-09
tautau,3.5757705682e+00,6.2113562328e-09
tautau,3.5761682760e+00,6.4529373498e-09
tautau,3.5769639259e+00,6.9438991181e-09
tautau,3.5785556551e+00,7.9639664473e-09
tautau,3.5787546583e+00,8.0940364475e-09
tautau,3.5789536726e+00,8.2244775640e-09
tautau,3.5795508328e+00,8.4898898575e-09
tautau,3.5803471844e+00,9.0274228387e-09
tautau,3.5819404191e+00,1.0133037874e-08
tautau,3.5823388131e+00,1.0417763307e-08
tautau,3.5827373023e+00,1.0703641970e-08
tautau,3.5835343628e+00,1.1282301249e-08
tautau,3.5851290158e+00,1.2471197702e-08
tautau,3.5885199972e+00,1.4961240643e-08
tautau,3.5887195545e+00,1.5124775548e-08
tautau,3.5889191229e+00,1.5283581228e-08
tautau,3.5893183441e+00,1.5609539992e-08
tautau,3.5901168687e+00,1.6265116712e-08
tautau,3.5917144509e+00,1.7599895445e-08
tautau,3.5951116611e+00,2.0375554030e-08
tautau,3.5953115850e+00,2.0541269551e-08
tautau,3.5955115712e+00,2.0703919351e-08
tautau,3.5959114745e+00,2.1042063410e-08
tautau,3.5967114659e+00,2.1711853406e-08
tautau,3.5981118919e+00,2.3081607814e-08
tautau,3.6013148842e+00,2.5897437844e-08
tautau,3.6017154331e+00,2.6253162580e-08
tautau,3.6019157755e+00,2.6619446827e-08
tautau,3.6027171026e+00,2.7344094390e-08
tautau,3.6043202919e+00,2.8816225422e-08
tautau,3.6073282076e+00,3.1839218730e-08
tautau,3.6081306875e+00,3.2608502331e-08
tautau,3.6089334487e+00,3.3382139200e-08
tautau,3.6105394041e+00,3.4955092886e-08
tautau,3.6135524584e+00,3.8163794183e-08
tautau,3.6197875005e+00,4.4856328406e-08
tautau,3.6199887966e+00,4.5086397273e-08
tautau,3.6201901554e+00,4.5327309091e-08
tautau,3.6205928036e+00,4.5793470578e-08
tautau,3.6213982859e+00,4.6730261217e-08
tautau,3.6232112634e+00,4.8630621890e-08
tautau,3.6264365989e+00,5.2498200246e-08
tautau,3.6332999989e+00,6.0519066584e-08
tautau,3.6335020464e+00,6.0764672352e-08
tautau,3.6341083082e+00,6.1546829728e-08
tautau,3.6349167973e+00,6.2578706804e-08
tautau,3.6365343152e+00,6.4653288827e-08
tautau,3.6399739181e+00,6.8893475346e-08
tautau,3.6466600965e+00,7.7611803363e-08
tautau,3.6468628870e+00,7.7893559703e-08
tautau,3.6470657406e+00,7.8159677463e-08
tautau,3.6474713780e+00,7.8711423389e-08
tautau,3.6484857208e+00,7.9809605535e-08
tautau,3.6501092768e+00,8.2017177878e-08
tautau,3.6533585565e+00,8.6506490907e-08
tautau,3.6600693729e+00,9.5683461091e-08
tautau,3.6733236315e+00,1.1493485746e-07
tautau,3.6735279048e+00,1.1522923189e-07
tautau,3.6737322417e+00,1.1549973268e-07
tautau,3.6741408450e+00,1.1609213276e-07
tautau,3.6749582402e+00,1.1726106704e-07
tautau,3.6765935764e+00,1.1958336857e-07
tautau,3.6796618063e+00,1.2428735139e-07
tautau,3.6858058976e+00,1.3388618976e-07
tautau,3.6983306321e+00,1.5371798131e-07
tautau,3.6985362960e+00,1.5404599621e-07
tautau,3.6989476580e+00,1.5440762784e-07
tautau,3.6993591185e+00,1.5506731243e-07
tautau,3.7001821242e+00,1.5646183410e-07
tautau,3.7018286848e+00,1.5922073172e-07
tautau,3.7053300461e+00,1.6481504367e-07
tautau,3.7121362755e+00,1.7618663423e-07
tautau,3.7197824253e+00,1.8910717540e-07
tautau,3.7201961504e+00,1.8979369656e-07
tautau,3.7515676834e+00,2.4563943417e-07
tautau,3.7768972617e+00,2.9361871406e-07
tautau,3.8045130607e+00,3.4850931654e-07
tautau,3.8306261727e+00,4.0227001612e-07
tautau,3.8590639938e+00,4.6303887951e-07
tautau,3.8872805771e+00,5.2520584916e-07
tautau,3.9137440833e+00,5.8527218077e-07
tautau,3.9425797091e+00,6.5248622616e-07
tautau,3.9696404718e+00,7.1710421893e-07
tautau,3.9964424190e+00,7.8209676733e-07
tautau,4.0256634815e+00,8.5461768794e-07
tautau,4.0530690594e+00,9.2376586400e-07
tautau,4.0831582532e+00,1.0004263347e-06
tautau,4.1114125888e+00,1.0735631465e-06
tautau,4.1391717433e+00,1.1466566709e-06
tautau,4.1696682717e+00,1.2273402468e-06
tautau,4.1982877067e+00,1.3042144157e-06
tautau,4.2294549753e+00,1.3885648458e-06
tautau,4.2603797717e+00,1.4730231057e-06
tautau,4.2893832317e+00,1.5529886091e-06
tautau,4.3212267757e+00,1.6411388150e-06
tautau,4.3508864659e+00,1.7243396758e-06
tautau,4.3802624838e+00,1.8071300999e-06
tautau,4.4125353169e+00,1.8979369656e-06
tautau,4.4425746720e+00,1.9835579111e-06
tautau,4.4755554794e+00,2.0779081379e-06
tautau,4.5082797058e+00,2.1711852222e-06
tautau,4.5387184006e+00,2.2594799353e-06
tautau,4.5721587029e+00,2.3558806051e-06
tautau,4.6035407194e+00,2.4469873173e-06
tautau,4.6379744104e+00,2.5470406658e-06
tautau,4.6718862064e+00,2.6455399277e-06
tautau,4.7036910858e+00,2.7390762637e-06
tautau,4.7386104380e+00,2.8407597651e-06
tautau,4.7714002551e+00,2.9368130532e-06
tautau,4.8036154692e+00,3.0315870108e-06
tautau,4.8387383943e+00,3.1354288243e-06
tautau,4.8719500699e+00,3.2324754971e-06
tautau,4.9081185463e+00,3.3396371164e-06
tautau,4.9440055034e+00,3.4452068842e-06
tautau,4.9776629648e+00,3.5442784570e-06
tautau,5.0143373163e+00,3.6524221445e-06
tautau,5.0490350839e+00,3.7542502450e-06
tautau,5.0831248139e+00,3.8548062071e-06
tautau,5.1202914467e+00,3.9648113910e-06
tautau,5.1551489421e+00,4.0675376934e-06
tautau,5.1934198357e+00,4.1800477561e-06
tautau,5.2293568026e+00,4.2856091933e-06
tautau,5.2649567841e+00,4.3900916275e-06
tautau,5.3034529302e+00,4.5038367305e-06
tautau,5.3398543455e+00,4.6106900262e-06
tautau,5.3797955355e+00,4.7271270078e-06
tautau,5.4191313559e+00,4.8423735724e-06
tautau,5.4560233465e+00,4.9509226049e-06
tautau,5.4962220763e+00,5.0683832666e-06
tautau,5.5342544262e+00,5.1797897542e-06
tautau,5.5716202270e+00,5.2880060673e-06
tautau,5.6126707281e+00,5.4076974361e-06
tautau,5.6508802023e+00,5.5194986006e-06
tautau,5.6928312341e+00,5.6408209080e-06
tautau,5.7344558992e+00,5.7611248460e-06
tautau,5.7731734889e+00,5.8739687899e-06
tautau,5.8160324022e+00,5.9966882380e-06
tautau,5.8559520194e+00,6.1115402991e-06
tautau,5.8954898361e+00,6.2259374006e-06
tautau,5.9385962094e+00,6.3492392293e-06
tautau,5.9395870837e+00,6.3519464769e-06
tautau,5.9790245772e+00,6.4653285298e-06
tautau,6.0234116888e+00,6.5919661677e-06
tautau,6.0650919599e+00,6.7110628702e-06
tautau,6.1060419203e+00,6.8279434052e-06
tautau,6.1510298380e+00,6.9557502913e-06
tautau,6.1932487838e+00,7.0753840535e-06
tautau,6.2392262542e+00,7.2062860148e-06
tautau,6.2848460332e+00,7.3349180027e-06
tautau,6.3276315768e+00,7.4547141862e-06
tautau,6.3742522071e+00,7.5861630384e-06
tautau,6.4180032887e+00,7.7100630555e-06
tautau,6.4613359247e+00,7.8309766974e-06
tautau,6.5089416599e+00,7.9622682461e-06
tautau,6.5532526930e+00,8.0871375562e-06
tautau,6.6019027621e+00,8.2227238126e-06
tautau,6.6501743479e+00,8.3552388169e-06
tautau,6.6950746359e+00,8.4808452226e-06
tautau,6.7444024118e+00,8.6156834140e-06
tautau,6.7906941007e+00,8.7433413139e-06
tautau,6.8414874193e+00,8.8823529689e-06
tautau,6.8915107927e+00,9.0197283825e-06
tautau,6.9384262482e+00,9.1494712487e-06
tautau,6.9895470824e+00,9.2889977884e-06
tautau,7.0379127317e+00,9.4206057095e-06
tautau,7.0854308299e+00,9.5500062511e-06
tautau,7.1376347624e+00,9.6894429502e-06
tautau,7.1866254880e+00,9.8225362145e-06
tautau,7.2399775931e+00,9.9659509520e-06
tautau,7.2925090986e+00,1.0109305160e-05
tautau,7.3962498540e+00,1.0386719280e-05
tautau,7.4474297691e+00,1.0522658850e-05
tautau,7.4478439201e+00,1.0522658850e-05
tautau,7.4482582002e+00,1.0524901985e-05
tautau,7.4507438342e+00,1.0531634836e-05
tautau,7.4536448774e+00,1.0540618478e-05
tautau,7.4602800150e+00,1.0558608759e-05
tautau,7.4735680149e+00,1.0592423481e-05
tautau,7.4739836194e+00,1.0594681489e-05
tautau,7.4743992471e+00,1.0594681489e-05
tautau,7.4802208877e+00,1.0610502181e-05
tautau,7.4864633613e+00,1.0628611736e-05
tautau,7.4872960277e+00,1.0628611736e-05
tautau,7.4931277134e+00,1.0644483096e-05
tautau,7.4935444057e+00,1.0646752201e-05
tautau,7.4939611211e+00,1.0646752201e-05
tautau,7.4964621138e+00,1.0653562999e-05
tautau,7.4968789915e+00,1.0655834040e-05
tautau,7.4972958924e+00,1.0655834040e-05
tautau,7.4981298704e+00,1.0658105564e-05
tautau,7.4985468409e+00,1.0660378155e-05
tautau,7.4993809581e+00,1.0660378155e-05
tautau,7.4997979981e+00,1.0662650648e-05
