mass_GeV,has_sensitivity,any_variation_sensitive,any_halo_variation_sensitive,decay_structure_variation,decay_structure_has_sensitivity,decay_structure_restores_sensitivity,decay_structure_removes_sensitivity,decay_structure_included_in_halo,numerical_control_n_sensitive,numerical_control_any_sensitive,numerical_control_all_sensitive,numerical_control_sensitive_variations,numerical_control_included_in_halo,halo_restores_sensitivity,halo_restores_sensitivity_variations,halo_removes_sensitivity,halo_removes_sensitivity_variations,envelope_definition,invf_min_central,invf_min_open,invf_min_decay_structure,invf_min_decay_structure_open,invf_min_central_repeat_1,invf_min_central_repeat_2,invf_min_scale_lo,invf_min_scale_hi,invf_min_scale_lo_variation,invf_min_scale_hi_variation,invf_min_mb_lo,invf_min_mb_hi,invf_min_mb_lo_variation,invf_min_mb_hi_variation,invf_min_gg_lo,invf_min_gg_hi,invf_min_gg_lo_variation,invf_min_gg_hi_variation,invf_min_cbs_lo,invf_min_cbs_hi,invf_min_cbs_lo_variation,invf_min_cbs_hi_variation,invf_min_pdf_p16,invf_min_pdf_p84,invf_min_pdf_log10_std,invf_min_pdf_n_finite,invf_min_envelope_lo,invf_min_envelope_hi,invf_min_any_variation_open,invf_min_variation_missing,invf_min_envelope_lo_source,invf_min_envelope_hi_source,invf_min_physical_envelope_max_abs_dex,invf_min_repeat_median_abs_dex,invf_min_repeat_max_abs_dex,invf_min_repeat_median_abs_fraction,invf_min_repeat_max_abs_fraction,invf_min_repeat_missing,invf_min_repeat_not_subdominant,invf_max_central,invf_max_open,invf_max_decay_structure,invf_max_decay_structure_open,invf_max_central_repeat_1,invf_max_central_repeat_2,invf_max_scale_lo,invf_max_scale_hi,invf_max_scale_lo_variation,invf_max_scale_hi_variation,invf_max_mb_lo,invf_max_mb_hi,invf_max_mb_lo_variation,invf_max_mb_hi_variation,invf_max_gg_lo,invf_max_gg_hi,invf_max_gg_lo_variation,invf_max_gg_hi_variation,invf_max_cbs_lo,invf_max_cbs_hi,invf_max_cbs_lo_variation,invf_max_cbs_hi_variation,invf_max_pdf_p16,invf_max_pdf_p84,invf_max_pdf_log10_std,invf_max_pdf_n_finite,invf_max_envelope_lo,invf_max_envelope_hi,invf_max_any_variation_open,invf_max_variation_missing,invf_max_envelope_lo_source,invf_max_envelope_hi_source,invf_max_physical_envelope_max_abs_dex,invf_max_repeat_median_abs_dex,invf_max_repeat_max_abs_dex,invf_max_repeat_median_abs_fraction,invf_max_repeat_max_abs_fraction,invf_max_repeat_missing,invf_max_repeat_not_subdominant,decay_structure_topology_differs,halo_topology_differs,halo_topology_difference_variations,numerical_control_topology_differs,numerical_control_topology_difference_variations,campaign_has_sensitivity,invf_min_campaign_central,invf_max_campaign_central,canonical_rebase_topology_compatible,envelope_reference
0.22,True,True,True,decay_2310_structural,True,False,False,False,2,True,True,central_repeat_1;central_repeat_2,False,False,,False,,single_source_variation_envelope,8.94552128238733e-08,False,8.902677876512638e-08,False,8.898039346833459e-08,8.807536907797369e-08,8.24095184643231e-08,1.0361768398706037e-07,scale_muR0p5_muF1,scale_muR1_muF0p5,8.68739768774704e-08,9.370059574198235e-08,mass_4p5,mass_5,8.945521282387331e-08,8.945521282387331e-08,central,central,8.172213610499239e-08,1.000538699093548e-07,cbs_up,cbs_down,8.887284113175149e-08,9.114761699914054e-08,0.005006487571014221,100.0,8.172213610499239e-08,1.0361768398706037e-07,False,False,cbs,scale,0.06382822763254836,0.0022199250465257947,0.0037201010687706315,0.005093962166565602,0.008529266906073807,False,False,1.8271013485554753e-05,False,1.6847067949432725e-05,False,1.820059725345525e-05,1.7584094199290976e-05,1.822180555991473e-05,1.9985590835331563e-05,scale_muR1_muF2,scale_muR0p5_muF1,1.8271013485554773e-05,1.9521220205876142e-05,central,mass_5,1.8271013485554773e-05,1.8271013485554773e-05,central,central,1.780696623762342e-05,1.856665887431057e-05,cbs_down,cbs_up,1.8751606157170756e-05,2.0346725657238774e-05,0.017512509098153196,100.0,1.780696623762342e-05,2.0346725657238774e-05,False,False,cbs,pdf,0.04673189120842647,0.024028913255981443,0.03151173224573878,0.05704475084926319,0.07525564748777192,False,False,False,False,,False,,True,8.883304987039888e-08,1.6926762761933988e-05,True,canonical_high_statistics_central
0.24,True,True,True,decay_2310_structural,True,False,False,False,2,True,True,central_repeat_1;central_repeat_2,False,False,,False,,single_source_variation_envelope,7.645140930364122e-08,False,7.716586827244826e-08,False,7.6340594205257e-08,7.636437055200031e-08,6.916770031161332e-08,8.760269594802574e-08,scale_muR0p5_muF1,scale_muR1_muF0p5,7.312534525657169e-08,7.681833232129026e-08,mass_4p5,mass_5,7.645140930364121e-08,7.645140930364121e-08,central,central,6.97887960111359e-08,8.559100875053421e-08,cbs_up,cbs_down,7.446857283463081e-08,7.61388711554391e-08,0.004982841405596093,100.0,6.916770031161332e-08,8.760269594802574e-08,False,False,scale,scale,0.059131976065466496,0.0040075555416545505,0.004075175715565038,0.009185280725578115,0.009339551769491417,False,False,1.42378570501697e-05,False,1.2482073495276012e-05,False,1.3278747802283401e-05,1.4293082660710815e-05,1.4181500958009159e-05,1.7070281759116338e-05,scale_muR2_muF2,scale_muR0p5_muF0p5,1.423785705016969e-05,1.5793944590178963e-05,central,mass_5,1.423785705016969e-05,1.423785705016969e-05,central,central,1.3967768604576654e-05,1.4546041766327756e-05,cbs_down,cbs_up,1.5031532905114395e-05,1.6782464558616317e-05,0.02384421565679525,100.0,1.3967768604576654e-05,1.7070281759116338e-05,False,False,cbs,scale,0.07879606131041861,0.040810097211857244,0.0567944885876015,0.09926952181800608,0.139710340438423,False,False,False,False,,False,,True,7.706030289350357e-08,1.2540978311394952e-05,True,canonical_high_statistics_central
0.26,True,True,True,decay_2310_structural,True,False,False,False,2,True,True,central_repeat_1;central_repeat_2,False,False,,False,,single_source_variation_envelope,7.034252941098886e-08,False,6.954935670602826e-08,False,7.069971482493363e-08,7.047162571309922e-08,6.409937356378493e-08,8.108087655589055e-08,scale_muR0p5_muF1,scale_muR1_muF0p5,6.872765981728293e-08,7.413187688366864e-08,mass_4p5,mass_5,7.034252941098886e-08,7.034252941098886e-08,central,central,6.425026248250944e-08,7.869420882673121e-08,cbs_up,cbs_down,6.954100662469447e-08,7.116006156116456e-08,0.004903164998216553,100.0,6.409937356378493e-08,8.108087655589055e-08,False,False,scale,scale,0.061700454318738274,0.007044202177379777,0.0077458880044734,0.016353457762230517,0.017995569798620492,False,False,1.1914049463985098e-05,False,1.1996608628354985e-05,False,1.1292817883866068e-05,1.1833539837731461e-05,1.089604172553595e-05,1.3807895571196824e-05,scale_muR1_muF2,scale_muR0p5_muF0p5,1.1302954602593417e-05,1.1914049463985105e-05,mass_4p5,central,1.1914049463985105e-05,1.1914049463985105e-05,central,central,1.1576079425664261e-05,1.219552503942466e-05,cbs_down,cbs_up,1.0961475010342055e-05,1.242704623176615e-05,0.027916539721199427,100.0,1.089604172553595e-05,1.3807895571196824e-05,False,False,scale,scale,0.06406809498167476,0.018522911596567493,0.028679087958859206,0.041491803512830494,0.06390287364500746,False,False,False,False,,False,,True,6.944992387237935e-08,1.2063724549436903e-05,True,canonical_high_statistics_central
0.28,True,True,True,decay_2310_structural,True,False,False,False,2,True,True,central_repeat_1;central_repeat_2,False,False,,False,,single_source_variation_envelope,6.446050670536e-08,False,6.543338211644704e-08,False,6.486087705153168e-08,6.45053204194881e-08,5.8984732502039474e-08,7.374233369505024e-08,scale_muR0p5_muF1,scale_muR1_muF0p5,6.16784771658335e-08,6.613804989315511e-08,mass_4p5,mass_5,6.446050670535998e-08,6.446050670535998e-08,central,central,5.886671714496466e-08,7.211887676622742e-08,cbs_up,cbs_down,6.349360000763934e-08,6.496820809849941e-08,0.00488331925090749,100.0,5.886671714496466e-08,7.374233369505024e-08,False,False,cbs,scale,0.05842316238392353,0.004571460073722111,0.005765100105974419,0.010467232040487662,0.013186914192011567,False,False,1.060615105782131e-05,False,1.0681986513230179e-05,False,1.1038110255829479e-05,1.1587319960599957e-05,9.428551199888624e-06,1.1601726527355554e-05,scale_muR0p5_muF0p5,scale_muR0p5_muF1,1.0408462444122515e-05,1.0620549384162754e-05,mass_5,mass_4p5,1.0606151057821303e-05,1.0606151057821303e-05,central,central,1.0237690997214585e-05,1.081183042551376e-05,cbs_down,cbs_up,9.448022255228198e-06,1.072140788405508e-05,0.02672009422765539,100.0,9.428551199888624e-06,1.1601726527355554e-05,False,False,scale,scale,0.05111284449166309,0.01725517354819983,0.027799309315462928,0.04083804979848904,0.06610335315738891,False,False,False,False,,False,,True,6.536731357455812e-08,1.086885237372415e-05,True,canonical_high_statistics_central
0.3,True,True,True,decay_2310_structural,True,False,False,False,2,True,True,central_repeat_1;central_repeat_2,False,False,,False,,single_source_variation_envelope,6.15056359477432e-08,False,6.157546291008991e-08,False,6.192768080214031e-08,6.105475187948354e-08,5.6848234476768173e-08,7.14680320619695e-08,scale_muR0p5_muF1,scale_muR1_muF0p5,5.95265163259494e-08,6.375497114049218e-08,mass_4p5,mass_5,6.150563594774319e-08,6.150563594774319e-08,central,central,5.616279281588759e-08,6.881459153668903e-08,cbs_up,cbs_down,6.09918437089991e-08,6.251363231763949e-08,0.005145309015133831,100.0,5.616279281588759e-08,7.14680320619695e-08,False,False,cbs,scale,0.06519691024976648,0.003082672645329687,0.003144303456181774,0.007097168452264435,0.007213880412826668,False,False,9.418905775805245e-06,False,8.714738080275275e-06,False,8.839776607150586e-06,8.366236943186221e-06,8.584829890464284e-06,9.943568639034998e-06,scale_muR2_muF2,scale_muR1_muF0p5,9.418905775805246e-06,9.810981308584924e-06,central,mass_5,9.418905775805246e-06,9.418905775805246e-06,central,central,9.125803812648104e-06,9.66236180019518e-06,cbs_down,cbs_up,9.190225856549378e-06,1.0509562798756858e-05,0.03008679293554601,100.0,8.584829890464284e-06,1.0509562798756858e-05,False,False,scale,pdf,0.04758419725760543,0.013477725167821308,0.0254332900316383,0.030189650031366533,0.05688053144266936,False,False,False,False,,False,,True,6.149839393893997e-08,8.870813531167872e-06,True,canonical_high_statistics_central
0.32,True,True,True,decay_2310_structural,True,False,False,False,2,True,True,central_repeat_1;central_repeat_2,False,False,,False,,single_source_variation_envelope,5.9018217876018e-08,False,5.951736695882637e-08,False,5.876905709344703e-08,5.886213823718666e-08,5.3576986712445566e-08,6.708409578587937e-08,scale_muR0p5_muF1,scale_muR1_muF0p5,5.653933339863925e-08,6.044918040513929e-08,mass_4p5,mass_5,5.901821787601799e-08,5.901821787601799e-08,central,central,5.37763207636861e-08,6.603948834730312e-08,cbs_up,cbs_down,5.7852095280734e-08,5.9086385550329824e-08,0.004898115608424835,100.0,5.3576986712445566e-08,6.708409578587937e-08,False,False,scale,scale,0.05563347904258187,0.005125238915603347,0.005468894656064371,0.011731627119938304,0.012513640345348631,False,False,8.562694532495679e-06,False,8.049188992163614e-06,False,7.215833672734005e-06,8.319067661610469e-06,7.958151527366644e-06,9.31288305390301e-06,scale_muR2_muF1,scale_muR0p5_muF0p5,8.23464062094416e-06,8.620897485538358e-06,mass_4p5,mass_5,8.56269453249567e-06,8.56269453249567e-06,central,central,8.313674777189699e-06,8.720087488586492e-06,cbs_down,cbs_up,8.33836149107676e-06,9.488598747691328e-06,0.027529661788869668,100.0,7.958151527366644e-06,9.488598747691328e-06,False,False,scale,pdf,0.044591630471413346,0.030894071271671653,0.048438829117424476,0.06837735456776234,0.10553949113730454,False,True,False,False,,False,,True,5.9513791273025826e-08,8.067246794281537e-06,True,canonical_high_statistics_central
0.34,True,True,True,decay_2310_structural,True,False,False,False,2,True,True,central_repeat_1;central_repeat_2,False,False,,False,,single_source_variation_envelope,5.651269632129459e-08,False,5.650733093071735e-08,False,5.6797144592872514e-08,5.662084655026849e-08,5.2269766633623746e-08,6.568381531100547e-08,scale_muR0p5_muF1,scale_muR1_muF0p5,5.401228895961628e-08,5.8056845826621526e-08,mass_4p5,mass_5,5.651269632129459e-08,5.651269632129459e-08,central,central,5.155053852922141e-08,6.329925600672404e-08,cbs_up,cbs_down,5.60538187654707e-08,5.731122281637621e-08,0.004766740801415796,100.0,5.155053852922141e-08,6.568381531100547e-08,False,False,cbs,scale,0.06531234252464913,0.0020526643252609666,0.0027277364894482403,0.004738835305695965,0.006300611248007293,False,False,7.880755696139558e-06,False,7.376478627495165e-06,False,7.798072656509258e-06,6.992571330752297e-06,7.339928075109019e-06,9.390924544124684e-06,scale_muR2_muF2,scale_muR0p5_muF1,7.3176969984383384e-06,8.374561677787509e-06,mass_4p5,mass_5,7.880755696139565e-06,7.880755696139565e-06,central,central,7.647776337140302e-06,8.056704267155804e-06,cbs_down,cbs_up,7.745139824714583e-06,8.651156987774076e-06,0.027085832675100646,100.0,7.3176969984383384e-06,9.390924544124684e-06,False,False,mb,scale,0.07614048645277016,0.023675186010665872,0.024562112775812217,0.0544298635812423,0.05498677297077237,False,False,False,False,,False,,True,5.64415284637789e-08,7.399442812810515e-06,True,canonical_high_statistics_central
0.36,True,True,True,decay_2310_structural,True,False,False,False,2,True,True,central_repeat_1;central_repeat_2,False,False,,False,,single_source_variation_envelope,5.475723282516874e-08,False,5.4557822472806625e-08,False,5.4060499362029875e-08,5.455847369559805e-08,4.979774030220146e-08,6.334979755610766e-08,scale_muR0p5_muF1,scale_muR1_muF0p5,5.293038199490793e-08,5.653000028084384e-08,mass_4p5,mass_5,5.475723282516874e-08,5.475723282516874e-08,central,central,4.998292191136883e-08,6.126920809854763e-08,cbs_up,cbs_down,5.415617177384954e-08,5.548127763785961e-08,0.0051986577413832835,100.0,4.979774030220146e-08,6.334979755610766e-08,False,False,scale,scale,0.06330373856622629,0.001991079590777378,0.0034259332537001086,0.004569524152430282,0.007857470254862164,False,False,7.286983857764135e-06,False,7.140364273507594e-06,False,7.197001905443409e-06,6.9372311832475195e-06,6.352071407486917e-06,7.834676333176165e-06,scale_muR0p5_muF1,scale_muR1_muF0p5,6.948971327614072e-06,7.305442089622127e-06,mass_4p5,mass_5,7.286983857764142e-06,7.286983857764142e-06,central,central,7.08886725911291e-06,7.4797810967929516e-06,cbs_down,cbs_up,6.722284090761878e-06,7.671563430578958e-06,0.02858193250891935,100.0,6.352071407486917e-06,7.834676333176165e-06,False,False,scale,scale,0.05963243585608158,0.007982725031882687,0.015728332131709877,0.018057004503432394,0.03556787571472042,False,False,False,False,,False,,True,5.4488642247719164e-08,7.193073528516637e-06,True,canonical_high_statistics_central
0.38,True,True,True,decay_2310_structural,True,False,False,False,2,True,True,central_repeat_1;central_repeat_2,False,False,,False,,single_source_variation_envelope,5.2624148077730575e-08,False,5.334416388885158e-08,False,5.2465851990744154e-08,5.2614895283178475e-08,4.723938882416886e-08,6.062517414325573e-08,scale_muR0p5_muF1,scale_muR1_muF0p5,5.0271273923799145e-08,5.4013707134618184e-08,mass_4p5,mass_5,5.262414807773058e-08,5.262414807773058e-08,central,central,4.8020975377695306e-08,5.894169965443665e-08,cbs_up,cbs_down,5.168861956560286e-08,5.2691660265327886e-08,0.004393154993395252,100.0,4.723938882416886e-08,6.062517414325573e-08,False,False,scale,scale,0.061467920914373586,0.005823585479006521,0.00643957579649701,0.013318804454154953,0.014718282643854552,False,False,6.747584135766786e-06,False,6.247436626728693e-06,False,6.188819365044861e-06,6.087833861164604e-06,6.487927911251696e-06,7.39183449762765e-06,scale_muR2_muF2,scale_muR0p5_muF1,6.4429514038148e-06,7.349877319285625e-06,mass_4p5,mass_5,6.747584135766779e-06,6.747584135766779e-06,central,central,6.538228333832668e-06,6.864104515450869e-06,cbs_down,cbs_up,6.554771943709864e-06,7.741795815488104e-06,0.03315254043247686,100.0,6.4429514038148e-06,7.741795815488104e-06,False,False,mb,pdf,0.05969340442806281,0.008573993781377354,0.012146501329690196,0.019515573887947057,0.02758085943387123,False,False,False,False,,False,,True,5.3249594574360243e-08,6.260503940327993e-06,True,canonical_high_statistics_central
0.4,True,True,True,decay_2310_structural,True,False,False,False,2,True,True,central_repeat_1;central_repeat_2,False,False,,False,,single_source_variation_envelope,5.06653796941882e-08,False,5.112823814870282e-08,False,5.141898691692179e-08,5.13722425915341e-08,4.619027786198223e-08,5.890520537521552e-08,scale_muR0p5_muF1,scale_muR1_muF0p5,4.9250045565165435e-08,5.2570381141088636e-08,mass_4p5,mass_5,5.06653796941882e-08,5.06653796941882e-08,central,central,4.626449768585516e-08,5.6705275657242333e-08,cbs_up,cbs_down,5.013540426791513e-08,5.137825644023978e-08,0.00524062480338707,100.0,4.619027786198223e-08,5.890520537521552e-08,False,False,scale,scale,0.0654423728431679,0.003007283573156272,0.0032047790605886917,0.006948660409062168,0.0074065704472623395,False,False,6.323183381037602e-06,False,6.0863750463111484e-06,False,6.056922584969425e-06,5.9803426423287085e-06,5.43053726880628e-06,6.517655284834174e-06,scale_muR2_muF2,scale_muR0p5_muF1,6.180873401417709e-06,6.4061712152281424e-06,mass_5,mass_4p5,6.323183381037595e-06,6.323183381037595e-06,central,central,6.11770529175464e-06,6.483083645883453e-06,cbs_down,cbs_up,5.958987834997465e-06,6.801668680320337e-06,0.02634174883880226,100.0,5.43053726880628e-06,6.801668680320337e-06,False,False,scale,pdf,0.0660929786075437,0.009001722770910714,0.011764700456666333,0.02049407766682587,0.026725601682630384,False,False,False,False,,False,,True,5.1040948535895594e-08,6.14455969731428e-06,True,canonical_high_statistics_central
0.42,True,True,True,decay_2310_structural,True,False,False,False,2,True,True,central_repeat_1;central_repeat_2,False,False,,False,,single_source_variation_envelope,4.9677840119895156e-08,False,4.982656844264845e-08,False,4.972986485276718e-08,4.951023918096772e-08,4.511044586111795e-08,5.7208505037922304e-08,scale_muR0p5_muF1,scale_muR1_muF0p5,4.8197503242934445e-08,5.1707261313268255e-08,mass_4p5,mass_5,4.967784011989515e-08,4.967784011989515e-08,central,central,4.529419312392158e-08,5.5660824675506474e-08,cbs_up,cbs_down,4.9049527120059764e-08,5.0047286602668134e-08,0.004771320949229805,100.0,4.511044586111795e-08,5.7208505037922304e-08,False,False,scale,scale,0.06129789357343807,0.001422876175971588,0.0023840034741908767,0.003268491432336207,0.005474331796010645,False,False,5.936755450400865e-06,False,5.5598659095607475e-06,False,6.316478100060062e-06,5.848762600085613e-06,5.9367554504008715e-06,7.198373177780686e-06,central,scale_muR1_muF2,5.9367554504008715e-06,6.349454456798326e-06,central,mass_5,5.9367554504008715e-06,5.9367554504008715e-06,central,central,5.718226848380332e-06,6.102835064455974e-06,cbs_down,cbs_up,5.860625761201051e-06,6.639430411471744e-06,0.029013701841847775,100.0,5.718226848380332e-06,7.198373177780686e-06,False,False,cbs,scale,0.0836851979443809,0.037248221074043464,0.05395372153491618,0.09035881102702392,0.13227970096428132,False,False,False,False,,False,,True,4.978276656285614e-08,5.578549270715323e-06,True,canonical_high_statistics_central
0.44,True,True,True,decay_2310_structural,True,False,False,False,2,True,True,central_repeat_1;central_repeat_2,False,False,,False,,single_source_variation_envelope,4.876498625289853e-08,False,4.881020732625886e-08,False,4.8203597977330874e-08,4.832024436584302e-08,4.4176488058005625e-08,5.5440540630164196e-08,scale_muR0p5_muF1,scale_muR1_muF0p5,4.698334979795256e-08,5.020140834249414e-08,mass_4p5,mass_5,4.876498625289853e-08,4.876498625289853e-08,central,central,4.444815996479407e-08,5.4552755334997186e-08,cbs_up,cbs_down,4.784921994657125e-08,4.911505504559186e-08,0.005104816020075604,100.0,4.4176488058005625e-08,5.5440540630164196e-08,False,False,scale,scale,0.05571935053864152,0.0042056748211525274,0.004730507922444893,0.009636462780781785,0.010833289669624602,False,False,5.573476917249812e-06,False,4.913800013819399e-06,False,5.080745037258607e-06,4.997280099386245e-06,5.538744362108243e-06,6.442012468255134e-06,scale_muR2_muF1,scale_muR0p5_muF0p5,5.151060965438408e-06,5.922387019264072e-06,mass_4p5,mass_5,5.573476917249817e-06,5.573476917249817e-06,central,central,5.421140342714613e-06,5.6978792660385545e-06,cbs_down,cbs_up,5.830769056742996e-06,6.605407205948848e-06,0.028595008764919955,100.0,5.151060965438408e-06,6.605407205948848e-06,False,False,mb,pdf,0.07377338906403974,0.007728649324319825,0.011325503891026045,0.01799007504962269,0.026420940940177884,False,False,False,False,,False,,True,4.873152065664561e-08,4.949962373726277e-06,True,canonical_high_statistics_central
0.46,True,True,True,decay_2310_structural,True,False,False,False,2,True,True,central_repeat_1;central_repeat_2,False,False,,False,,single_source_variation_envelope,4.7857208058125e-08,False,4.6946685374763585e-08,False,4.703713300186927e-08,4.737661902610639e-08,4.420511668009424e-08,5.522375807240241e-08,scale_muR0p5_muF1,scale_muR1_muF0p5,4.694853448694957e-08,4.987594222285681e-08,mass_4p5,mass_5,4.7857208058124986e-08,4.7857208058124986e-08,central,central,4.363893167525261e-08,5.3621402084957904e-08,cbs_up,cbs_down,4.773661043346927e-08,4.877936553670094e-08,0.0048820440987954765,100.0,4.363893167525261e-08,5.522375807240241e-08,False,False,cbs,scale,0.062178599092026055,0.0031792586484375995,0.004740869528882641,0.007353886219727213,0.010976055220395908,False,False,5.261949812754512e-06,False,4.969082442786292e-06,False,5.223945566699255e-06,4.874895571570354e-06,5.222586211042511e-06,5.619012581084782e-06,scale_muR0p5_muF1,scale_muR1_muF0p5,5.111476880896404e-06,5.261949812754513e-06,mass_4p5,central,5.261949812754513e-06,5.261949812754513e-06,central,central,5.109362773813804e-06,5.402391772718528e-06,cbs_down,cbs_up,5.182949481174986e-06,5.969236151886442e-06,0.030275178559031758,100.0,5.109362773813804e-06,5.969236151886442e-06,False,False,cbs,pdf,0.05477205899874349,0.015016663070430702,0.022181626310379343,0.03515933270806115,0.05240190684175494,False,False,False,False,,False,,True,4.686225631306189e-08,4.963831339280115e-06,True,canonical_high_statistics_central
0.48,True,True,True,decay_2310_structural,True,False,False,False,2,True,True,central_repeat_1;central_repeat_2,False,False,,False,,single_source_variation_envelope,4.5929877801968484e-08,False,4.556600840207773e-08,False,4.637771283168543e-08,4.661213989049609e-08,4.2512311307628014e-08,5.374929177107918e-08,scale_muR0p5_muF1,scale_muR1_muF0p5,4.488484095480082e-08,4.8528300484583684e-08,mass_4p5,mass_5,4.592987780196848e-08,4.592987780196848e-08,central,central,4.189584129092622e-08,5.1398092526947016e-08,cbs_up,cbs_down,4.605480410195556e-08,4.7172500974366213e-08,0.005046022804740958,100.0,4.189584129092622e-08,5.374929177107918e-08,False,False,cbs,scale,0.06827745616902892,0.009382032536723539,0.010476889564166036,0.021841208050107586,0.024417265780733333,False,False,5.030549787357292e-06,False,4.6428187373262995e-06,False,4.481373899330934e-06,4.9012390920684205e-06,4.831144003496793e-06,5.544848672413456e-06,scale_muR2_muF2,scale_muR0p5_muF0p5,4.883190180778171e-06,5.148068812726128e-06,mass_4p5,mass_5,5.030549787357296e-06,5.030549787357296e-06,central,central,4.883491396397574e-06,5.168270782906937e-06,cbs_down,cbs_up,4.9327599279555874e-06,5.645785957947244e-06,0.03025560494676194,100.0,4.831144003496793e-06,5.645785957947244e-06,False,False,scale,pdf,0.050108957655993436,0.019447354189825905,0.021092212977501745,0.04496413066658761,0.04976529979583422,False,False,False,False,,False,,True,4.550112678447669e-08,4.668890363418988e-06,True,canonical_high_statistics_central
0.5,True,True,True,decay_2310_structural,True,False,False,False,2,True,True,central_repeat_1;central_repeat_2,False,False,,False,,single_source_variation_envelope,4.498145595293072e-08,False,4.5000572910248786e-08,False,4.527431205259873e-08,4.512424409253333e-08,4.0903949519329274e-08,5.287211875187114e-08,scale_muR0p5_muF1,scale_muR1_muF0p5,4.37203143587528e-08,4.762803526451614e-08,mass_4p5,mass_5,4.4981455952930714e-08,4.4981455952930714e-08,central,central,4.1082487722359044e-08,5.0362702552269985e-08,cbs_up,cbs_down,4.467501270748377e-08,4.5626232132398915e-08,0.004621460710702588,100.0,4.0903949519329274e-08,5.287211875187114e-08,False,False,scale,scale,0.07019320579293709,0.002088862599002539,0.002809822641014925,0.004822754022573372,0.006490830453809382,False,False,4.7939292484576445e-06,False,4.523554362646511e-06,False,4.684590164299325e-06,5.232668587758547e-06,4.286699030589285e-06,4.829170299027822e-06,scale_muR2_muF1,scale_muR2_muF2,4.78243821781261e-06,5.015274116570614e-06,mass_4p5,mass_5,4.7939292484576445e-06,4.7939292484576445e-06,central,central,4.628777628117498e-06,4.892689896338794e-06,cbs_down,cbs_up,4.546585433543344e-06,5.239301712067249e-06,0.029071313989819436,100.0,4.286699030589285e-06,5.239301712067249e-06,False,False,scale,pdf,0.04856862744135171,0.03495972909817224,0.05898554271843004,0.08548533925968593,0.1454748089612905,False,True,False,False,,False,,True,4.4982339314691346e-08,4.568121923609563e-06,True,canonical_high_statistics_central
0.52,True,True,True,decay_2310_structural,True,False,False,False,2,True,True,central_repeat_1;central_repeat_2,False,False,,False,,single_source_variation_envelope,4.4273731812473136e-08,False,4.40718791858377e-08,False,4.3967653474611426e-08,4.490660152664151e-08,4.052804473802122e-08,5.1681070923792814e-08,scale_muR0p5_muF1,scale_muR1_muF0p5,4.281438572718744e-08,4.59239423003232e-08,mass_4p5,mass_5,4.4273731812473136e-08,4.4273731812473136e-08,central,central,4.0360691772621954e-08,4.961606385956152e-08,cbs_up,cbs_down,4.399598373573022e-08,4.4930950896390984e-08,0.004936395058605089,100.0,4.0360691772621954e-08,5.1681070923792814e-08,False,False,cbs,scale,0.06718537443141237,0.004588450621108908,0.008711234306503002,0.01066627101886053,0.02026087893473183,False,False,4.545686804577782e-06,False,4.1828826338301255e-06,False,4.323039667425592e-06,3.95865286125317e-06,4.371439790919043e-06,5.799701751445947e-06,scale_muR2_muF2,scale_muR1_muF2,4.3178232165307796e-06,4.545686804577782e-06,mass_4p5,central,4.545686804577782e-06,4.545686804577782e-06,central,central,4.414059377036795e-06,4.67139688579736e-06,cbs_down,cbs_up,4.46311498978782e-06,5.08352919880264e-06,0.02679968898288874,100.0,4.3178232165307796e-06,5.799701751445947e-06,False,False,mb,scale,0.10580615086734912,0.01912090045575665,0.02602527376902586,0.04334709069243914,0.058165215150911775,False,False,False,False,,False,,True,4.4014822535907783e-08,4.203128749260914e-06,True,canonical_high_statistics_central
0.54,False,False,False,decay_2310_structural,False,False,False,False,0,False,False,,False,False,,False,,single_source_variation_envelope,,False,,False,,,,,,,,,,,,,,,,,,,,,,,,,False,True,,,,,,,,False,False,,False,,False,,,,,,,,,,,,,,,,,,,,,,,,,False,True,,,,,,,,False,False,False,False,,False,,False,,,True,canonical_high_statistics_central
0.56,True,True,True,decay_2310_structural,True,False,False,False,2,True,True,central_repeat_1;central_repeat_2,False,False,,False,,single_source_variation_envelope,4.273860927301922e-08,False,4.243515185764423e-08,False,4.224360374895299e-08,4.2430678042231376e-08,3.956920341724474e-08,5.006775755467759e-08,scale_muR0p5_muF1,scale_muR1_muF0p5,4.1564265332656516e-08,4.451051986413505e-08,mass_4p5,mass_5,4.2738609273019214e-08,4.2738609273019214e-08,central,central,3.9018129325655174e-08,4.785246653106745e-08,cbs_up,cbs_down,4.247451620857844e-08,4.33953095380355e-08,0.005218879403729421,100.0,3.9018129325655174e-08,5.006775755467759e-08,False,False,cbs,scale,0.06873775457417164,0.00095950581155968,0.0017740340005767408,0.002205205786213804,0.004076532534740607,False,False,4.157448476790304e-06,False,4.030831561727466e-06,False,3.73730420288685e-06,4.314717377548316e-06,3.7998030247126744e-06,4.417042609340828e-06,scale_muR2_muF2,scale_muR1_muF2,4.015636356598876e-06,4.357315167836263e-06,mass_4p5,mass_5,4.1574484767903e-06,4.1574484767903e-06,central,central,4.009650135115422e-06,4.240532463577088e-06,cbs_down,cbs_up,3.841859765991637e-06,4.443514294089976e-06,0.03254320100888097,100.0,3.7998030247126744e-06,4.443514294089976e-06,False,False,scale,pdf,0.039065791601093025,0.031196952286164148,0.037676164242332,0.07083078901928908,0.08309606669164604,False,False,False,False,,False,,True,4.241651605666835e-08,4.076004112450461e-06,True,canonical_high_statistics_central
0.58,True,True,True,decay_2310_structural,True,False,False,False,2,True,True,central_repeat_1;central_repeat_2,False,False,,False,,single_source_variation_envelope,4.1814751604633364e-08,False,4.22422376159898e-08,False,4.180119743256343e-08,4.184278438661803e-08,3.8020624071235014e-08,4.7986313394245676e-08,scale_muR0p5_muF1,scale_muR1_muF0p5,4.0375139913358205e-08,4.327613738969923e-08,mass_4p5,mass_5,4.181475160463335e-08,4.181475160463335e-08,central,central,3.819984707682239e-08,4.683441897596159e-08,cbs_up,cbs_down,4.112341091044336e-08,4.2003786485878766e-08,0.004660200936145672,100.0,3.8020624071235014e-08,4.7986313394245676e-08,False,False,scale,scale,0.059787864766761345,0.002767052995344521,0.0029829799007892177,0.00635099799351968,0.006845030373304861,False,False,3.93710574545875e-06,False,3.562730080681068e-06,False,4.091170420719799e-06,3.710831221644397e-06,3.844267106159431e-06,4.6461713585938024e-06,scale_muR0p5_muF1,scale_muR1_muF0p5,3.93710574545875e-06,4.4878068526630975e-06,central,mass_4p5,3.93710574545875e-06,3.93710574545875e-06,central,central,3.785309772556392e-06,4.024237857935205e-06,cbs_down,cbs_up,4.002375794085973e-06,4.531460811655118e-06,0.02819736106104347,100.0,3.785309772556392e-06,4.6461713585938024e-06,False,False,cbs,scale,0.07191814374574701,0.03557074376371805,0.05675892815787442,0.08664428225729304,0.13961702373294926,False,False,False,False,,False,,True,4.2089299969244065e-08,3.589952006261446e-06,True,canonical_high_statistics_central
0.6,True,True,True,decay_2310_structural,True,False,False,False,2,True,True,central_repeat_1;central_repeat_2,False,False,,False,,single_source_variation_envelope,4.1222831681862165e-08,False,4.123980848453494e-08,False,4.1256688499450195e-08,4.099051199342695e-08,3.7458686904939935e-08,4.799010222451684e-08,scale_muR0p5_muF1,scale_muR1_muF0p5,3.955398086889135e-08,4.27601484025783e-08,mass_4p5,mass_5,4.122283168186215e-08,4.122283168186215e-08,central,central,3.754920171080933e-08,4.617149314419032e-08,cbs_up,cbs_down,4.0733481792682293e-08,4.164585820136714e-08,0.004993829916769528,100.0,3.7458686904939935e-08,4.799010222451684e-08,False,False,scale,scale,0.06601385397415349,0.0014055115635338566,0.0018174890770916718,0.0032332470672680746,0.004176178666993491,False,False,3.787948336081209e-06,False,3.5315492196217767e-06,False,3.4761644275920846e-06,3.4714415884550566e-06,3.7727900951820328e-06,4.258865179578139e-06,scale_muR1_muF0p5,scale_muR0p5_muF1,3.4061488071324954e-06,3.953632314461815e-06,mass_4p5,mass_5,3.7879483360812052e-06,3.7879483360812052e-06,central,central,3.651533595964546e-06,3.884582202816795e-06,cbs_down,cbs_up,3.6741019262158343e-06,4.323991931166631e-06,0.033752560617318544,100.0,3.4061488071324954e-06,4.323991931166631e-06,False,False,mb,pdf,0.057480827843259696,0.009254796561157796,0.009550021029460787,0.02108427759993159,0.021749724298394946,False,False,False,False,,False,,True,4.1162413586930667e-08,3.5486231639089782e-06,True,canonical_high_statistics_central
0.62,True,True,True,decay_2310_structural,True,False,False,False,2,True,True,central_repeat_1;central_repeat_2,False,False,,False,,single_source_variation_envelope,4.0779355669554115e-08,False,4.0439331770783066e-08,False,4.06197468785253e-08,4.040233628188398e-08,3.719322130868922e-08,4.7154386870380197e-08,scale_muR0p5_muF1,scale_muR1_muF0p5,3.938053093161581e-08,4.2232755774419026e-08,mass_4p5,mass_5,4.0779355669554115e-08,4.0779355669554115e-08,central,central,3.7173197335588946e-08,4.564028194568703e-08,cbs_up,cbs_down,4.050008586367265e-08,4.135396722449454e-08,0.005037696354161464,100.0,3.7173197335588946e-08,4.7154386870380197e-08,False,False,cbs,scale,0.06308174280253098,0.0012226289812966584,0.00238799582162752,0.002822784036107362,0.005513708427315134,False,False,3.6121009141184633e-06,False,3.5358842959643557e-06,False,3.3652298595959203e-06,3.479972083072486e-06,3.386094015405541e-06,4.074509552642669e-06,scale_muR1_muF2,scale_muR2_muF2,3.612100914118467e-06,3.9445786782292845e-06,central,mass_5,3.612100914118467e-06,3.612100914118467e-06,central,central,3.4757401718720443e-06,3.7041932976997735e-06,cbs_down,cbs_up,3.341176366233524e-06,3.926131542154387e-06,0.03474553471113815,100.0,3.341176366233524e-06,4.074509552642669e-06,False,False,pdf,scale,0.05231546530067366,0.016991833568500425,0.024272346684619528,0.038234511896125534,0.05435603928017296,False,False,False,False,,False,,True,4.039700954655016e-08,3.55866478228687e-06,True,canonical_high_statistics_central
0.64,True,True,True,decay_2310_structural,True,False,False,False,2,True,True,central_repeat_1;central_repeat_2,False,False,,False,,single_source_variation_envelope,3.9947877354965566e-08,False,3.991915939743343e-08,False,4.033559417445794e-08,3.963213445671696e-08,3.656154105713339e-08,4.668955268877602e-08,scale_muR0p5_muF1,scale_muR1_muF0p5,3.847485172008894e-08,4.1224225255857414e-08,mass_4p5,mass_5,3.994787735496557e-08,3.994787735496557e-08,central,central,3.646569554753525e-08,4.473258992743367e-08,cbs_up,cbs_down,3.9401524275326046e-08,4.040837150933451e-08,0.005284598766140972,100.0,3.646569554753525e-08,4.668955268877602e-08,False,False,cbs,scale,0.06772600530681228,0.0038204980897367236,0.004715483546785748,0.008815283068044133,0.010916961975995232,False,False,3.503581174904398e-06,False,3.3635105989113776e-06,False,3.135575177952293e-06,3.500885076945012e-06,3.250376055989182e-06,3.983267101686248e-06,scale_muR2_muF1,scale_muR2_muF2,3.503581174904398e-06,3.897478177871412e-06,central,mass_4p5,3.503581174904398e-06,3.503581174904398e-06,central,central,3.389319867333724e-06,3.5672553965876178e-06,cbs_down,cbs_up,3.3579653485573332e-06,3.815912472649005e-06,0.031896148960984506,100.0,3.250376055989182e-06,3.983267101686248e-06,False,False,scale,scale,0.05572724523825645,0.02393031833909065,0.03349889911012838,0.05392812590898588,0.0742342681654391,False,False,False,False,,False,,True,3.990000731179315e-08,3.3870071770086177e-06,True,canonical_high_statistics_central
0.66,True,True,True,decay_2310_structural,True,False,False,False,2,True,True,central_repeat_1;central_repeat_2,False,False,,False,,single_source_variation_envelope,3.9588764095712555e-08,False,3.917973247850548e-08,False,3.9398519960549646e-08,3.9275015955051036e-08,3.660075791126431e-08,4.634517076817982e-08,scale_muR0p5_muF1,scale_muR1_muF0p5,3.844594829493084e-08,4.124817061543861e-08,mass_4p5,mass_5,3.9588764095712555e-08,3.9588764095712555e-08,central,central,3.610417946063253e-08,4.436879981769012e-08,cbs_up,cbs_down,3.943018914493588e-08,4.0272972532211855e-08,0.004485601443162268,100.0,3.610417946063253e-08,4.634517076817982e-08,False,False,cbs,scale,0.06843254282914568,0.002738646447914661,0.0034204151204075828,0.006327130930225744,0.007906892537040244,False,False,3.3788458589103498e-06,False,3.7077737942804686e-06,False,3.0018406090262458e-06,3.278140607531728e-06,2.9643346180841757e-06,3.378845858910353e-06,scale_muR2_muF2,central,2.8426868176499566e-06,3.378845858910353e-06,mass_5,central,3.378845858910353e-06,3.378845858910353e-06,central,central,3.2637576262491266e-06,3.485679719068039e-06,cbs_down,cbs_up,2.8020296442634725e-06,3.242938025729967e-06,0.03349865830721914,100.0,2.8020296442634725e-06,3.485679719068039e-06,False,False,pdf,cbs,0.08129565432928931,0.07249119998779507,0.09161117455483136,0.152910017143068,0.19017938992085182,False,True,False,False,,False,,True,3.9089443928077674e-08,3.7067970012924913e-06,True,canonical_high_statistics_central
0.68,True,True,True,decay_2310_structural,True,False,False,False,2,True,True,central_repeat_1;central_repeat_2,False,False,,False,,single_source_variation_envelope,3.891796745607492e-08,False,3.8626202585693355e-08,False,3.9156774159668826e-08,3.86941973052885e-08,3.565779854281543e-08,4.572448070068526e-08,scale_muR0p5_muF1,scale_muR1_muF0p5,3.781746952435637e-08,4.034515516884604e-08,mass_4p5,mass_5,3.8917967456074916e-08,3.8917967456074916e-08,central,central,3.543330892882498e-08,4.357064027293131e-08,cbs_up,cbs_down,3.881450493351834e-08,3.950510051835276e-08,0.00462587575820158,100.0,3.543330892882498e-08,4.572448070068526e-08,False,False,cbs,scale,0.06999863126637074,0.0036845243979013453,0.006265056609596087,0.008537825001516453,0.01453038033941323,False,False,3.2458607217041273e-06,False,3.0868217188445995e-06,False,2.7593009869471725e-06,3.3036247886397544e-06,2.9180115049505764e-06,3.8056199884460096e-06,scale_muR2_muF2,scale_muR1_muF2,3.2458607217041307e-06,3.399305354833007e-06,central,mass_4p5,3.2458607217041307e-06,3.2458607217041307e-06,central,central,3.13606560869981e-06,3.3552674084494706e-06,cbs_down,cbs_up,3.148751384296835e-06,3.6324192955608776e-06,0.03147468173896995,100.0,2.9180115049505764e-06,3.8056199884460096e-06,False,False,scale,scale,0.06909553895798037,0.039095819942632115,0.046168701932513656,0.08868691565011744,0.10085176094916726,False,False,False,False,,False,,True,3.8595960178707366e-08,3.068794295654707e-06,True,canonical_high_statistics_central
0.7,True,True,True,decay_2310_structural,True,False,False,False,2,True,True,central_repeat_1;central_repeat_2,False,False,,False,,single_source_variation_envelope,3.837542225174383e-08,False,3.833756206924559e-08,False,3.853017885726217e-08,3.824471600976317e-08,3.478089634967606e-08,4.460320234109397e-08,scale_muR0p5_muF1,scale_muR1_muF0p5,3.667499848437822e-08,3.982029342763067e-08,mass_4p5,mass_5,3.8375422251743823e-08,3.8375422251743823e-08,central,central,3.493274508210162e-08,4.2941714222477e-08,cbs_up,cbs_down,3.788899221798497e-08,3.8640486357058503e-08,0.004852387306690141,100.0,3.478089634967606e-08,4.460320234109397e-08,False,False,scale,scale,0.065312873398784,0.001614792322265135,0.0018512997622615046,0.003716180993433238,0.0042537025051415656,False,False,3.141284419139751e-06,False,3.145524817704773e-06,False,3.169615710288789e-06,2.6973413748119657e-06,2.823550378143494e-06,3.2943711042064604e-06,scale_muR2_muF1,scale_muR0p5_muF0p5,2.9210836022636715e-06,3.141284419139754e-06,mass_5,central,3.141284419139754e-06,3.141284419139754e-06,central,central,3.014667419337078e-06,3.2238241432555e-06,cbs_down,cbs_up,2.828102523365215e-06,3.2790798836988755e-06,0.030546141116641314,100.0,2.823550378143494e-06,3.2943711042064604e-06,False,False,scale,scale,0.046311719324100054,0.03503534833315047,0.06819085874878006,0.07482342382338908,0.14530897945089294,False,True,False,False,,False,,True,3.8408092609513975e-08,3.155925720477351e-06,True,canonical_high_statistics_central
0.72,True,True,True,decay_2310_structural,True,False,False,False,2,True,True,central_repeat_1;central_repeat_2,False,False,,False,,single_source_variation_envelope,3.8117669262111574e-08,False,3.819345924192154e-08,False,3.7484122738058406e-08,3.770424250634094e-08,3.45047420569731e-08,4.4419852103971517e-08,scale_muR0p5_muF1,scale_muR1_muF0p5,3.62614732694734e-08,3.871687758507771e-08,mass_4p5,mass_5,3.8117669262111574e-08,3.8117669262111574e-08,central,central,3.4726720243723554e-08,4.2664569283044884e-08,cbs_up,cbs_down,3.736608231713417e-08,3.8297209571853693e-08,0.005153766423754997,100.0,3.45047420569731e-08,4.4419852103971517e-08,False,False,scale,scale,0.06645077076407357,0.006177041318957244,0.007448475716079983,0.014118267064375911,0.017004512268702143,False,False,3.034566746317533e-06,False,3.048814937042723e-06,False,2.8573729136326064e-06,2.549313821054134e-06,2.6071059025038415e-06,3.248489058304409e-06,scale_muR1_muF2,scale_muR0p5_muF0p5,2.5457520090927147e-06,3.034566746317536e-06,mass_4p5,central,3.034566746317536e-06,3.034566746317536e-06,central,central,2.938962012673933e-06,3.1326719424194843e-06,cbs_down,cbs_up,2.755832089131328e-06,3.2188658491844583e-06,0.03416755609938253,100.0,2.5457520090927147e-06,3.248489058304409e-06,False,False,mb,scale,0.07628059920248553,0.052887787353510074,0.07765959887073848,0.11321505370501228,0.16374177723705563,False,True,False,False,,False,,True,3.8132548120408774e-08,3.048476836055925e-06,True,canonical_high_statistics_central
0.74,True,True,True,decay_2310_structural,True,False,False,False,2,True,True,central_repeat_1;central_repeat_2,False,False,,False,,single_source_variation_envelope,3.7087917063090684e-08,False,3.751797306086066e-08,False,3.749701466741815e-08,3.784598018141001e-08,3.420618757905161e-08,4.320771656630988e-08,scale_muR0p5_muF1,scale_muR1_muF0p5,3.573119159006532e-08,3.839079951367357e-08,mass_4p5,mass_5,3.708791706309068e-08,3.708791706309068e-08,central,central,3.3851297533023535e-08,4.1541504230875006e-08,cbs_up,cbs_down,3.6608649339388934e-08,3.73377264610606e-08,0.004868687327540281,100.0,3.3851297533023535e-08,4.320771656630988e-08,False,False,cbs,scale,0.06632887229582263,0.002011532474366806,0.003992496405428092,0.004652916444549293,0.009235448694052462,False,False,2.9306396777993147e-06,False,3.2917439606331825e-06,False,2.6971711614453836e-06,3.311614442763211e-06,2.306074591052361e-06,2.9306396777993147e-06,scale_muR2_muF2,central,2.398529471750573e-06,2.9306396777993147e-06,mass_4p5,central,2.9306396777993147e-06,2.9306396777993147e-06,central,central,2.8230854262542424e-06,3.0080379754852568e-06,cbs_down,cbs_up,2.351676154561543e-06,2.752526565075977e-06,0.03268733229591229,100.0,2.306074591052361e-06,3.0080379754852568e-06,False,False,scale,cbs,0.10408907456407412,0.04694111217481867,0.09150674242555734,0.0977197256690987,0.18998463391277487,False,False,False,False,,False,,True,3.7499654050382996e-08,3.329777772579864e-06,True,canonical_high_statistics_central
0.76,True,True,True,decay_2310_structural,True,False,False,False,2,True,True,central_repeat_1;central_repeat_2,False,False,,False,,single_source_variation_envelope,3.709513477595774e-08,False,3.730660364532473e-08,False,3.67862749096393e-08,3.667796200668133e-08,3.382089832816405e-08,4.263105506380004e-08,scale_muR0p5_muF1,scale_muR1_muF0p5,3.574831686360726e-08,3.78469662449665e-08,mass_4p5,mass_5,3.709513477595774e-08,3.709513477595774e-08,central,central,3.387822211489819e-08,4.156317732752819e-08,cbs_up,cbs_down,3.65839127290295e-08,3.7363692065696984e-08,0.0046257327770904905,100.0,3.382089832816405e-08,4.263105506380004e-08,False,False,scale,scale,0.06040912768920492,0.005579038862034924,0.006219346746962451,0.012762978331100239,0.014218523399190164,False,False,2.8506185821338724e-06,False,3.1111499425457737e-06,False,2.454679802284783e-06,2.5109281349127794e-06,2.2763403965616516e-06,2.850618582133875e-06,scale_muR0p5_muF1,central,2.364127890287757e-06,2.850618582133875e-06,mass_4p5,central,2.850618582133875e-06,2.850618582133875e-06,central,central,2.742688386791346e-06,2.9310588718990617e-06,cbs_down,cbs_up,2.363604909346619e-06,2.696692722376612e-06,0.027916960503030788,100.0,2.2763403965616516e-06,2.9310588718990617e-06,False,False,scale,cbs,0.09770190625025688,0.09981633223189101,0.10473604915269785,0.205284776121259,0.21428697823278786,False,True,False,False,,False,,True,3.7206990471311115e-08,3.124142955864161e-06,True,canonical_high_statistics_central
0.78,True,True,True,decay_2310_structural,True,False,False,False,2,True,True,central_repeat_1;central_repeat_2,False,False,,False,,single_source_variation_envelope,3.67376218111267e-08,False,3.6367722081929496e-08,False,3.67051580764532e-08,3.65692448829932e-08,3.3596650042901214e-08,4.252723937639541e-08,scale_muR0p5_muF1,scale_muR1_muF0p5,3.579539105869127e-08,3.801737413986823e-08,mass_4p5,mass_5,3.6737621811126694e-08,3.6737621811126694e-08,central,central,3.345164070331897e-08,4.115771672687359e-08,cbs_up,cbs_down,3.6550301454814466e-08,3.727731794663891e-08,0.004235916985458732,100.0,3.345164070331897e-08,4.252723937639541e-08,False,False,cbs,scale,0.06355615265536851,0.0032881447452730583,0.00409369777943791,0.007601700648066756,0.009470652960740011,False,False,2.7540059950212915e-06,False,2.564555463605051e-06,False,2.743956107575094e-06,3.0244642951303175e-06,2.5755802876299644e-06,3.2290531647375227e-06,scale_muR2_muF2,scale_muR1_muF2,2.486249592487205e-06,2.7934691889538625e-06,mass_4p5,mass_5,2.754005995021294e-06,2.754005995021294e-06,central,central,2.659452618700934e-06,2.834695762083543e-06,cbs_down,cbs_up,2.701240510719305e-06,3.1240220502742542e-06,0.03204629211227044,100.0,2.486249592487205e-06,3.2290531647375227e-06,False,False,mb,scale,0.06911031420631009,0.04808795688655243,0.06922360777374159,0.11841260855740832,0.17279905612253565,False,True,False,False,,False,,True,3.636079758118608e-08,2.578842709107974e-06,True,canonical_high_statistics_central
0.8,True,True,True,decay_2310_structural,True,False,False,False,2,True,True,central_repeat_1;central_repeat_2,False,False,,False,,single_source_variation_envelope,3.624942013584581e-08,False,3.6392756135070496e-08,False,3.6581338643733106e-08,3.597041851846717e-08,3.353177684871748e-08,4.2177337966465763e-08,scale_muR0p5_muF1,scale_muR1_muF0p5,3.4468031083206284e-08,3.7429081926372386e-08,mass_4p5,mass_5,3.624942013584581e-08,3.624942013584581e-08,central,central,3.3012696784924086e-08,4.0633654825385234e-08,cbs_up,cbs_down,3.557765210992466e-08,3.648094714742485e-08,0.005248018698691098,100.0,3.3012696784924086e-08,4.2177337966465763e-08,False,False,cbs,scale,0.0657781018932706,0.0036570514718841096,0.0055291880633570045,0.008384549972792865,0.012650724252779688,False,False,2.6492868051288736e-06,False,2.371535330224377e-06,False,2.950806571498021e-06,2.6158016654086477e-06,2.4857661648231725e-06,3.10543533809057e-06,scale_muR2_muF1,scale_muR1_muF2,2.356340184513848e-06,3.003236320407058e-06,mass_4p5,mass_5,2.649286805128874e-06,2.649286805128874e-06,central,central,2.5621539864816483e-06,2.7383498025967908e-06,cbs_down,cbs_up,2.6898241197961872e-06,3.179664756068428e-06,0.031557137419363265,100.0,2.356340184513848e-06,3.179664756068428e-06,False,False,mb,pdf,0.07925235663772412,0.06702559538684127,0.09319356039912563,0.16899722617155732,0.23934882795590728,False,True,False,False,,False,,True,3.643130085981474e-08,2.380933039138681e-06,True,canonical_high_statistics_central
0.82,True,True,True,decay_2310_structural,True,False,False,False,2,True,True,central_repeat_1;central_repeat_2,False,False,,False,,single_source_variation_envelope,3.5790981289481235e-08,False,3.596487905253521e-08,False,3.601908440622775e-08,3.6125838962572824e-08,3.265287712149162e-08,4.1556277510529525e-08,scale_muR0p5_muF1,scale_muR1_muF0p5,3.4641310314792144e-08,3.67992704161112e-08,mass_4p5,mass_5,3.579098128948124e-08,3.579098128948124e-08,central,central,3.259416847594374e-08,4.0067163491756306e-08,cbs_up,cbs_down,3.526348277654852e-08,3.6120736429885657e-08,0.0051292223716463995,100.0,3.259416847594374e-08,4.1556277510529525e-08,False,False,cbs,scale,0.06486303209746147,0.0017010928115048785,0.0023437291386683157,0.003925691160343137,0.005411223845926294,False,False,2.5766622108617376e-06,False,2.6027546999325506e-06,False,2.650676062608593e-06,2.3578936150476034e-06,2.3191354590074293e-06,2.8438924795069593e-06,scale_muR2_muF2,scale_muR1_muF2,2.5766622108617355e-06,2.6402977008102345e-06,central,mass_4p5,2.5766622108617355e-06,2.5766622108617355e-06,central,central,2.459018310885585e-06,2.6628116050927325e-06,cbs_down,cbs_up,2.237347048017473e-06,2.6231324536604725e-06,0.03546406233158476,100.0,2.237347048017473e-06,2.8438924795069593e-06,False,False,pdf,scale,0.06132413289158123,0.02683464320259077,0.0522508680555589,0.05830850126566034,0.11335630125470586,False,False,False,False,,False,,True,3.593140608116874e-08,2.659347400070969e-06,True,canonical_high_statistics_central
0.84,True,True,True,decay_2310_structural,True,False,False,False,2,True,True,central_repeat_1;central_repeat_2,False,False,,False,,single_source_variation_envelope,3.5380987302119775e-08,False,3.517008370160211e-08,False,3.560801806457568e-08,3.528039905140968e-08,3.2531312279839915e-08,4.170074914368938e-08,scale_muR0p5_muF1,scale_muR1_muF0p5,3.4522232712931397e-08,3.7072700211072737e-08,mass_4p5,mass_5,3.538098730211976e-08,3.538098730211976e-08,central,central,3.2304362925419016e-08,3.964152084953305e-08,cbs_up,cbs_down,3.527147430252838e-08,3.614222132308912e-08,0.005174151686399362,100.0,3.2304362925419016e-08,4.170074914368938e-08,False,False,cbs,scale,0.07137390936010668,0.00394214299539053,0.005949299430960231,0.009129218900037261,0.01379302622291867,False,False,2.4737514858871933e-06,False,2.365281261961275e-06,False,2.636188463505457e-06,2.247566316697942e-06,2.260696204241356e-06,2.6313455775752368e-06,scale_muR0p5_muF0p5,scale_muR2_muF1,2.447947947231494e-06,2.6512032758506123e-06,mass_4p5,mass_5,2.4737514858871933e-06,2.4737514858871933e-06,central,central,2.3675052991090407e-06,2.564205670029354e-06,cbs_down,cbs_up,2.3860807849383974e-06,2.7433915611384675e-06,0.03213192190204377,100.0,2.260696204241356e-06,2.7433915611384675e-06,False,False,scale,pdf,0.044931730304552,0.03463197012498176,0.04627753733689488,0.08199712646484159,0.1124424102071444,False,True,False,False,,False,,True,3.5123557909290635e-08,2.3697302793540392e-06,True,canonical_high_statistics_central
0.86,True,True,True,decay_2310_structural,True,False,False,False,2,True,True,central_repeat_1;central_repeat_2,False,False,,False,,single_source_variation_envelope,3.5210210674062576e-08,False,3.5064906035104956e-08,False,3.5043990194861964e-08,3.5039101708374973e-08,3.238477499269109e-08,4.127555674206029e-08,scale_muR0p5_muF1,scale_muR1_muF0p5,3.391639670006301e-08,3.632384428926344e-08,mass_4p5,mass_5,3.521021067406257e-08,3.521021067406257e-08,central,central,3.214372540650746e-08,3.946367907296432e-08,cbs_up,cbs_down,3.4938459184577647e-08,3.575178117035376e-08,0.004764297993397319,100.0,3.214372540650746e-08,4.127555674206029e-08,False,False,cbs,scale,0.06902431631876382,0.0013933219906672178,0.0014236152133539903,0.0032133968038444705,0.0032833736698854032,False,False,2.4079163780393622e-06,False,2.2246477596492516e-06,False,2.69042530913624e-06,2.404173620681323e-06,2.3153193125529955e-06,2.8566362051286087e-06,scale_muR1_muF0p5,scale_muR1_muF2,2.4079163780393643e-06,2.7799981060249673e-06,central,mass_5,2.4079163780393643e-06,2.4079163780393643e-06,central,central,2.321832467597312e-06,2.4806198030159924e-06,cbs_down,cbs_up,2.355684342565795e-06,2.737923207174748e-06,0.03442217254795235,100.0,2.3153193125529955e-06,2.8566362051286087e-06,False,False,scale,scale,0.07421353546210874,0.058233967302995904,0.08266152337846666,0.14530350015827165,0.20965499577745117,False,True,False,False,,False,,True,3.4929304237022714e-08,2.224126150454236e-06,True,canonical_high_statistics_central
0.88,True,True,True,decay_2310_structural,True,False,False,False,2,True,True,central_repeat_1;central_repeat_2,False,False,,False,,single_source_variation_envelope,3.4829846898867584e-08,False,3.443804915285172e-08,False,3.4938580723301476e-08,3.4602676419632396e-08,3.2275839705767316e-08,4.050544815619569e-08,scale_muR0p5_muF1,scale_muR1_muF0p5,3.392122962249304e-08,3.624927259460301e-08,mass_4p5,mass_5,3.482984689886758e-08,3.482984689886758e-08,central,central,3.173247447696218e-08,3.9058547921811706e-08,cbs_up,cbs_down,3.470845173751793e-08,3.5412209589784426e-08,0.004483295085363322,100.0,3.173247447696218e-08,4.050544815619569e-08,False,False,cbs,scale,0.06556187617122422,0.004977602988447405,0.00707538675154229,0.011539087939151593,0.016425113112235268,False,False,2.314955116857734e-06,False,2.397386655788913e-06,False,2.410523828584728e-06,2.3464811641708764e-06,1.8896665089387591e-06,2.4273269755715056e-06,scale_muR2_muF1,scale_muR0p5_muF0p5,2.1241706370140883e-06,2.4476472632973138e-06,mass_4p5,mass_5,2.3149551168577315e-06,2.3149551168577315e-06,central,central,2.221779938969149e-06,2.395098918037132e-06,cbs_down,cbs_up,2.0604374249304107e-06,2.341922828716913e-06,0.029801196511736447,100.0,1.8896665089387591e-06,2.4476472632973138e-06,False,False,scale,mb,0.08815740916417791,0.005847178288219013,0.007182023511387747,0.01350547896403459,0.01667471699424361,False,False,False,False,,False,,True,3.4373984145591956e-08,2.370988270182762e-06,True,canonical_high_statistics_central
0.9,True,True,True,decay_2310_structural,True,False,False,False,2,True,True,central_repeat_1;central_repeat_2,False,False,,False,,single_source_variation_envelope,3.4276914632400796e-08,False,3.434167807816793e-08,False,3.4448306378052037e-08,3.4236988314785693e-08,3.1136663449693e-08,3.9585789544499497e-08,scale_muR0p5_muF1,scale_muR1_muF0p5,3.2635144107946316e-08,3.537647222636362e-08,mass_4p5,mass_5,3.4276914632400796e-08,3.4276914632400796e-08,central,central,3.121621605547307e-08,3.8443949668405945e-08,cbs_up,cbs_down,3.3753406750754446e-08,3.446737926817838e-08,0.004307938935275821,100.0,3.1136663449693e-08,3.9585789544499497e-08,False,False,scale,scale,0.06253758856530212,0.0013361602185688604,0.001895923697814439,0.003080595485956683,0.004375068432492135,False,False,2.2161753575225053e-06,False,2.348025662711897e-06,False,2.3194437606657176e-06,2.1274520776019445e-06,1.93569201490664e-06,2.250516319024118e-06,scale_muR1_muF2,scale_muR0p5_muF1,1.840332847138673e-06,2.2161753575225053e-06,mass_4p5,central,2.2161753575225053e-06,2.2161753575225053e-06,central,central,2.116626933526673e-06,2.2874803050882686e-06,cbs_down,cbs_up,1.884495320641034e-06,2.188020424854433e-06,0.03330443333822827,100.0,1.840332847138673e-06,2.2874803050882686e-06,False,False,mb,cbs,0.0807077438007715,0.023574534790986146,0.042336565098905155,0.05195138074461553,0.09288273075978348,False,False,False,False,,False,,True,3.429824919072794e-08,2.3452889165960387e-06,True,canonical_high_statistics_central
0.92,True,True,True,decay_2310_structural,True,False,False,False,2,True,True,central_repeat_1;central_repeat_2,False,False,,False,,single_source_variation_envelope,3.2696376528799385e-08,False,3.312971824597304e-08,False,3.2644036649786386e-08,3.284247159724538e-08,2.968505931932243e-08,3.810386959593265e-08,scale_muR0p5_muF1,scale_muR1_muF0p5,3.1455013240226015e-08,3.391496753594633e-08,mass_4p5,mass_5,3.2696376528799385e-08,3.2696376528799385e-08,central,central,2.9847889753290664e-08,3.665622135226291e-08,cbs_up,cbs_down,3.2240587255509905e-08,3.2956718535880514e-08,0.0050292722851654325,100.0,2.968505931932243e-08,3.810386959593265e-08,False,False,scale,scale,0.06646945617437083,0.003066737568512057,0.004382725682240185,0.007031992256875286,0.010040849496624316,False,False,1.9373676911410052e-06,False,1.920805527433301e-06,False,1.8560372117619924e-06,1.9336208123047613e-06,1.6150362073232089e-06,2.1061009083859187e-06,scale_muR2_muF1,scale_muR2_muF2,1.913677128366732e-06,2.0340888631285238e-06,mass_4p5,mass_5,1.9373676911410035e-06,1.9373676911410035e-06,central,central,1.8537699618157494e-06,1.993751907562014e-06,cbs_down,cbs_up,1.747711935716751e-06,2.02935882073333e-06,0.031075997536048637,100.0,1.6150362073232089e-06,2.1061009083859187e-06,False,False,scale,scale,0.07902978969395935,0.010907654633358188,0.019799971006520423,0.024598597990759863,0.044567458574420904,False,False,False,False,,False,,True,3.2975135017629266e-08,1.9426146078221738e-06,True,canonical_high_statistics_central
0.94,True,True,True,decay_2310_structural,True,False,False,False,2,True,True,central_repeat_1;central_repeat_2,False,False,,False,,single_source_variation_envelope,2.8133426394411367e-08,False,2.7973008110988528e-08,False,2.747512375190619e-08,2.771719247340291e-08,2.5458502917122958e-08,3.279112230181701e-08,scale_muR0p5_muF1,scale_muR1_muF0p5,2.7191037855354947e-08,2.9051774451853688e-08,mass_4p5,mass_5,2.8133426394411364e-08,2.8133426394411364e-08,central,central,2.5607750311906813e-08,3.1591593972745595e-08,cbs_up,cbs_down,2.7725476737927627e-08,2.8392089328883113e-08,0.005352475300412115,100.0,2.5458502917122958e-08,3.279112230181701e-08,False,False,scale,scale,0.06653365250398924,0.0033398071432855225,0.0052445973619486,0.007651151707717574,0.012003507858240892,False,False,1.1316729622496838e-06,False,1.081211974832033e-06,False,1.0927781424858753e-06,1.0829919383252634e-06,1.0674288863569813e-06,1.3359280877044975e-06,scale_muR2_muF2,scale_muR0p5_muF1,1.1316729622496838e-06,1.1498808338410383e-06,central,mass_5,1.1316729622496838e-06,1.1316729622496838e-06,central,central,1.0823268376599992e-06,1.1770155425592801e-06,cbs_down,cbs_up,1.1068547438861834e-06,1.2606215913304262e-06,0.02789046581818248,100.0,1.0674288863569813e-06,1.3359280877044975e-06,False,False,scale,scale,0.0720621410117781,0.0058803123486828035,0.007833700330164284,0.013642252582634629,0.01820142458204832,False,False,False,False,,False,,True,2.7808928443001012e-08,1.073243580399074e-06,True,canonical_high_statistics_central
0.96,False,False,False,decay_2310_structural,False,False,False,False,0,False,False,,False,False,,False,,single_source_variation_envelope,,False,,False,,,,,,,,,,,,,,,,,,,,,,,,,False,True,,,,,,,,False,False,,False,,False,,,,,,,,,,,,,,,,,,,,,,,,,False,True,,,,,,,,False,False,False,False,,False,,False,,,True,canonical_high_statistics_central
0.98,True,True,True,decay_2310_structural,True,False,False,False,2,True,True,central_repeat_1;central_repeat_2,False,False,,False,,single_source_variation_envelope,2.266946089903856e-08,False,2.3997451665569368e-08,False,2.279163927237695e-08,2.2722580368567444e-08,2.0715915418146183e-08,2.674583377465699e-08,scale_muR0p5_muF1,scale_muR1_muF0p5,2.2041191632219396e-08,2.3766604434329673e-08,mass_4p5,mass_5,2.2669460899038564e-08,2.2669460899038564e-08,central,central,2.0591866611326363e-08,2.5565614140304706e-08,cbs_up,cbs_down,2.252498815753534e-08,2.2954558147603023e-08,0.004796448019601842,100.0,2.0591866611326363e-08,2.674583377465699e-08,False,False,cbs,scale,0.07181494881805772,0.0025092301535001305,0.003168187378369325,0.005795596916492229,0.007321694516922106,False,False,5.9869039029048e-07,False,7.841706953994748e-07,False,5.43996569834989e-07,5.916964630190232e-07,5.014615239150292e-07,5.986903902904794e-07,scale_muR2_muF2,central,5.192410844459082e-07,5.986903902904794e-07,mass_4p5,central,5.986903902904794e-07,5.986903902904794e-07,central,central,5.628460643801296e-07,6.279811109422114e-07,cbs_down,cbs_up,5.261493959522454e-07,5.726917999877171e-07,0.021668334735393875,100.0,5.014615239150292e-07,6.279811109422114e-07,False,False,scale,cbs,0.07696467111131255,0.05856477645845892,0.07681618242725374,0.12538157486340568,0.16211615388161338,False,False,False,False,,False,,True,2.262597876769353e-08,6.49250576145046e-07,True,canonical_high_statistics_central
1.0,True,True,True,decay_2310_structural,True,False,False,False,2,True,True,central_repeat_1;central_repeat_2,False,False,,False,,single_source_variation_envelope,2.4609805309751605e-08,False,2.671050382297426e-08,False,2.450335813998665e-08,2.4565792049728176e-08,2.2675401442618577e-08,2.8984395623439142e-08,scale_muR0p5_muF1,scale_muR1_muF0p5,2.3704218044694023e-08,2.5642544526956647e-08,mass_4p5,mass_5,2.4609805309751605e-08,2.4609805309751605e-08,central,central,2.2396346287119723e-08,2.770780891379039e-08,cbs_up,cbs_down,2.4519338445536407e-08,2.5098006801494232e-08,0.00538988467077061,100.0,2.2396346287119723e-08,2.8984395623439142e-08,False,False,cbs,scale,0.07105607100735423,0.003726915555660959,0.00427949731042343,0.00861928360660702,0.009902616313058887,False,False,7.468680157178837e-07,False,9.330067032844919e-07,False,7.355959509726693e-07,7.686127149376977e-07,7.069633048264002e-07,7.812659224181393e-07,scale_muR2_muF1,scale_muR1_muF0p5,7.238358010257663e-07,7.468680157178837e-07,mass_4p5,central,7.468680157178837e-07,7.468680157178837e-07,central,central,7.05362548993612e-07,7.797321899378472e-07,cbs_down,cbs_up,7.299691006826188e-07,8.265700227310444e-07,0.026433868090065187,100.0,7.05362548993612e-07,8.265700227310444e-07,False,False,cbs,pdf,0.0440357892711285,0.02743978389999313,0.0369739011806276,0.06547785393176553,0.0888646563152895,False,False,False,False,,False,,True,2.4324911781506908e-08,7.058845288804558e-07,True,canonical_high_statistics_central
1.05,True,True,True,decay_2310_structural,True,False,False,False,2,True,True,central_repeat_1;central_repeat_2,False,False,,False,,single_source_variation_envelope,2.2949794897308307e-08,False,2.7322778815449532e-08,False,2.29921205402504e-08,2.2745186199794667e-08,2.0757352538853355e-08,2.6881787243312276e-08,scale_muR0p5_muF1,scale_muR1_muF0p5,2.201671339384669e-08,2.3776961380658253e-08,mass_4p5,mass_5,2.2949794897308304e-08,2.2949794897308304e-08,central,central,2.08659912817637e-08,2.5883168839639046e-08,cbs_up,cbs_down,2.271618675546194e-08,2.3206827029896506e-08,0.004966559137450134,100.0,2.0757352538853355e-08,2.6881787243312276e-08,False,False,scale,scale,0.0686793309407614,0.002344765599706644,0.002543947998232099,0.005401525303663002,0.00587484635654989,False,False,5.834796436824263e-07,False,1.0125988651195331e-06,False,6.135627268181945e-07,5.490516319284544e-07,5.503936278847081e-07,6.276931102399583e-07,scale_muR2_muF1,scale_muR1_muF0p5,5.255141891859605e-07,6.0385352006475e-07,mass_4p5,mass_5,5.834796436824258e-07,5.834796436824258e-07,central,central,5.485372322216367e-07,6.099026901255432e-07,cbs_down,cbs_up,5.424126200011432e-07,6.079588878756124e-07,0.02414695335693616,100.0,5.255141891859605e-07,6.276931102399583e-07,False,False,mb,scale,0.045441262345428335,0.02412289108205945,0.033438887588975064,0.05439416857595375,0.07410633550513024,False,False,False,False,,False,,True,2.285783427583638e-08,5.929964238690361e-07,True,canonical_high_statistics_central
1.1,True,True,True,decay_2310_structural,True,False,False,False,2,True,True,central_repeat_1;central_repeat_2,False,False,,False,,single_source_variation_envelope,1.909405997490303e-08,False,2.495107232178737e-08,False,1.9308394861970717e-08,1.899716125147098e-08,1.743307779782998e-08,2.2628309322736472e-08,scale_muR0p5_muF1,scale_muR1_muF0p5,1.848871859167333e-08,1.9799095123937154e-08,mass_4p5,mass_5,1.9094059974903027e-08,1.9094059974903027e-08,central,central,1.7281494716302547e-08,2.1655954081616952e-08,cbs_up,cbs_down,1.889096219498632e-08,1.9403748806623353e-08,0.00564058915270395,100.0,1.7281494716302547e-08,2.2628309322736472e-08,False,False,cbs,scale,0.07375382443405343,0.0035287312821599137,0.004804001033098082,0.008101469195988198,0.011000666394022973,False,False,3.440413816281424e-07,False,7.471538247250432e-07,False,3.1593184381618963e-07,3.3038317180320586e-07,3.0161499973824336e-07,3.6631710786477734e-07,scale_muR2_muF2,scale_muR1_muF2,3.290012342831595e-07,3.5880384465654946e-07,mass_4p5,mass_5,3.4404138162814273e-07,3.4404138162814273e-07,central,central,3.191873718688367e-07,3.6445915977675366e-07,cbs_down,cbs_up,3.297335600984363e-07,3.699761476351913e-07,0.022965828385735198,100.0,3.0161499973824336e-07,3.699761476351913e-07,False,False,scale,pdf,0.057157747260826675,0.012502163992169635,0.02221442207310087,0.02813391696639911,0.049864427918423826,False,False,False,False,,False,,True,1.9208467190979482e-08,3.32512383600205e-07,True,canonical_high_statistics_central
1.15,True,True,True,decay_2310_structural,True,False,False,False,2,True,True,central_repeat_1;central_repeat_2,False,False,,False,,single_source_variation_envelope,1.6049310514720074e-08,False,2.168139032408614e-08,False,1.5831798295764788e-08,1.583992138304628e-08,1.4237172857939352e-08,1.890512843185727e-08,scale_muR0p5_muF1,scale_muR1_muF0p5,1.548455512828373e-08,1.6690228950206976e-08,mass_4p5,mass_5,1.604931051472007e-08,1.604931051472007e-08,central,central,1.4431061428074591e-08,1.8410528629004037e-08,cbs_up,cbs_down,1.5857055393231408e-08,1.6262710059870388e-08,0.005680896125110699,100.0,1.4237172857939352e-08,1.890512843185727e-08,False,False,scale,scale,0.07112325242110629,0.0009376738428317211,0.00104906066033017,0.00215671186983174,0.002412636341408758,False,False,1.781050714135662e-07,False,4.781210581712958e-07,False,1.741920737575316e-07,1.7877663198070192e-07,1.6015580862208438e-07,2.0191114116589823e-07,scale_muR2_muF1,scale_muR0p5_muF0p5,1.7644847609301187e-07,1.8010441180102886e-07,mass_4p5,mass_5,1.781050714135662e-07,1.781050714135662e-07,central,central,1.5995027544048555e-07,1.9265976785421264e-07,cbs_down,cbs_up,1.7316178510305806e-07,1.853065034065558e-07,0.01542762134218523,100.0,1.5995027544048555e-07,2.0191114116589823e-07,False,False,cbs,scale,0.05448399748695021,0.005641180882240082,0.008492155926373535,0.013075216889483487,0.019746341579931714,False,False,False,False,,False,,True,1.5870087044509693e-08,1.753148059386185e-07,True,canonical_high_statistics_central
1.2,True,True,True,decay_2310_structural,True,False,False,False,2,True,True,central_repeat_1;central_repeat_2,False,False,,False,,single_source_variation_envelope,1.339896697893348e-08,False,1.956436397191499e-08,False,1.3328911407557934e-08,1.3307334292181579e-08,1.1793479946369392e-08,1.6289830248451473e-08,scale_muR0p5_muF1,scale_muR1_muF0p5,1.2733946120906751e-08,1.3868945188801163e-08,mass_4p5,mass_5,1.339896697893348e-08,1.339896697893348e-08,central,central,1.1857012737645013e-08,1.5776076803304163e-08,cbs_up,cbs_down,1.303216539351103e-08,1.3481452274086354e-08,0.007158548693347341,100.0,1.1793479946369392e-08,1.6289830248451473e-08,False,False,scale,scale,0.08484524185222053,0.003296949182687303,0.003648756426797739,0.007562437715685877,0.008366377581184525,False,False,8.244130160100383e-08,False,3.351592450960241e-07,False,8.540826896411288e-08,8.732551166718599e-08,7.685302755923434e-08,8.623835993760026e-08,scale_muR2_muF1,scale_muR0p5_muF1,8.130651892565549e-08,8.293524178308492e-08,mass_5,mass_4p5,8.244130160100382e-08,8.244130160100382e-08,central,central,7.198089156511883e-08,9.07427753163253e-08,cbs_down,cbs_up,7.948471826091796e-08,8.371522965067457e-08,0.012072026041206137,100.0,7.198089156511883e-08,9.07427753163253e-08,False,False,cbs,cbs,0.05892761831524318,0.011990830699577959,0.016811440305302128,0.02805792245360328,0.039468756761501966,False,False,False,False,,False,,True,1.3419607798011148e-08,8.400975123028366e-08,True,canonical_high_statistics_central
1.25,True,True,True,decay_2310_structural,True,False,False,False,2,True,True,central_repeat_1;central_repeat_2,False,False,,True,scale_muR1_muF0p5;scale_muR2_muF1;pdf_0003;pdf_0004;pdf_0024;pdf_0032;pdf_0033;pdf_0035;pdf_0040;pdf_0055;pdf_0057;pdf_0061;pdf_0067;pdf_0068;pdf_0084;pdf_0086;mass_5;cbs_down,single_source_variation_envelope,1.4391422166494571e-08,False,1.781109315271194e-08,False,1.4455811675105798e-08,1.3975741507527773e-08,1.075240214719023e-08,1.549647635501269e-08,scale_muR0p5_muF1,scale_muR0p5_muF0p5,1.2544427786263927e-08,1.4391422166494573e-08,mass_4p5,central,1.4391422166494573e-08,1.4391422166494573e-08,central,central,1.037554430305877e-08,1.4391422166494573e-08,cbs_up,central,1.3548195576765e-08,1.4797546937378076e-08,0.022905060415653863,86.0,1.037554430305877e-08,1.549647635501269e-08,False,True,cbs,scale,0.14209282406958135,0.007333811168651394,0.0100461813035011,0.01699332732438885,0.02340181133988284,False,False,1.790352162369094e-08,False,2.5084136819754405e-07,False,1.857779577645498e-08,1.8675729868492035e-08,1.6429049179975847e-08,2.396665794289477e-08,scale_muR2_muF2,scale_muR0p5_muF1,1.790352162369094e-08,1.989081093320414e-08,central,mass_4p5,1.790352162369094e-08,1.790352162369094e-08,central,central,1.790352162369094e-08,2.4513685165727958e-08,central,cbs_up,1.772611903366986e-08,1.9591404133160203e-08,0.021811242277666093,86.0,1.6429049179975847e-08,2.4513685165727958e-08,False,True,scale,cbs,0.13647013893348436,0.014395399689930422,0.015537099247335817,0.03370567460568452,0.036423136239810194,False,False,False,True,scale_muR1_muF0p5;scale_muR2_muF1;pdf_0003;pdf_0004;pdf_0024;pdf_0032;pdf_0033;pdf_0035;pdf_0040;pdf_0055;pdf_0057;pdf_0061;pdf_0067;pdf_0068;pdf_0084;pdf_0086;mass_5;cbs_down,False,,True,1.412525511966762e-08,1.8019406568101545e-08,True,canonical_high_statistics_central
1.3,False,False,False,decay_2310_structural,True,True,False,False,0,False,False,,False,False,,False,,single_source_variation_envelope,,False,1.6778789903447293e-08,False,,,,,,,,,,,,,,,,,,,,,,,,,False,True,,,,,,,,False,False,,False,2.010664560818427e-07,False,,,,,,,,,,,,,,,,,,,,,,,,,False,True,,,,,,,,False,False,True,False,,False,,False,,,True,canonical_high_statistics_central
1.35,False,False,False,decay_2310_structural,True,True,False,False,0,False,False,,False,False,,False,,single_source_variation_envelope,,False,1.570215973373618e-08,False,,,,,,,,,,,,,,,,,,,,,,,,,False,True,,,,,,,,False,False,,False,1.6702166501005844e-07,False,,,,,,,,,,,,,,,,,,,,,,,,,False,True,,,,,,,,False,False,True,False,,False,,False,,,True,canonical_high_statistics_central
1.4,True,True,True,decay_2310_structural,True,False,False,False,2,True,True,central_repeat_1;central_repeat_2,False,False,,True,scale_muR1_muF0p5;scale_muR2_muF1;pdf_0004;pdf_0039;pdf_0041;pdf_0066;pdf_0067;pdf_0068;pdf_0076;pdf_0084;pdf_0089;mass_5;cbs_down,single_source_variation_envelope,1.3739582716043418e-08,False,1.4780202629787787e-08,False,1.319549895810027e-08,1.3609409370444886e-08,1.0512809225182385e-08,1.5250004812419623e-08,scale_muR0p5_muF1,scale_muR0p5_muF0p5,1.2524463537379285e-08,1.373958271604342e-08,mass_4p5,central,1.373958271604342e-08,1.373958271604342e-08,central,central,1.019539380959041e-08,1.373958271604342e-08,cbs_up,central,1.3468880681910797e-08,1.507526965300466e-08,0.025108827496099936,91.0,1.019539380959041e-08,1.5250004812419623e-08,False,True,cbs,scale,0.12956953739971233,0.009018095097003354,0.015724825645486717,0.020434032536839175,0.035560088874799334,False,False,1.9328199431483285e-08,False,1.2898474289461082e-07,False,1.9825617047268818e-08,1.961177394042781e-08,1.8363975271448e-08,2.3862834588095597e-08,scale_muR0p5_muF0p5,scale_muR0p5_muF1,1.9328199431483285e-08,2.0689984220536374e-08,central,mass_4p5,1.9328199431483285e-08,1.9328199431483285e-08,central,central,1.9328199431483285e-08,2.543496956524154e-08,central,cbs_up,1.7910296649657556e-08,1.9928423450150843e-08,0.023481387934657635,91.0,1.7910296649657556e-08,2.543496956524154e-08,False,True,pdf,cbs,0.11923982421854529,0.01513101694778518,0.017485934176716178,0.03546971552285194,0.04108438869117226,False,False,False,True,scale_muR1_muF0p5;scale_muR2_muF1;pdf_0004;pdf_0039;pdf_0041;pdf_0066;pdf_0067;pdf_0068;pdf_0076;pdf_0084;pdf_0089;mass_5;cbs_down,False,,True,1.3682033277433775e-08,1.904323728472495e-08,True,canonical_high_statistics_central
1.45,False,False,False,decay_2310_structural,True,True,False,False,0,False,False,,False,False,,False,,single_source_variation_envelope,,False,1.4250778864592349e-08,False,,,,,,,,,,,,,,,,,,,,,,,,,False,True,,,,,,,,False,False,,False,1.083540004760826e-07,False,,,,,,,,,,,,,,,,,,,,,,,,,False,True,,,,,,,,False,False,True,False,,False,,False,,,True,canonical_high_statistics_central
1.5,True,True,True,decay_2310_structural,True,False,False,False,2,True,True,central_repeat_1;central_repeat_2,False,False,,True,scale_muR1_muF0p5;cbs_down,single_source_variation_envelope,1.2430878289784457e-08,False,1.3840177355909988e-08,False,1.2247778406372621e-08,1.2087559155603242e-08,1.0216802380774888e-08,1.50792452854503e-08,scale_muR0p5_muF1,scale_muR2_muF1,1.1553560863457383e-08,1.287706410297838e-08,mass_4p5,mass_5,1.2430878289784455e-08,1.2430878289784455e-08,central,central,1.031889866898898e-08,1.2430878289784455e-08,cbs_up,central,1.2082282975032757e-08,1.2618988049521624e-08,0.009640330970154046,100.0,1.0216802380774888e-08,1.50792452854503e-08,False,True,scale,scale,0.08518682122553134,0.00601172431698771,0.00887107819846733,0.013725763815032377,0.020219206479316854,False,False,2.9788807511940325e-08,False,9.357999914339438e-08,False,3.091297803066367e-08,2.9571144903631576e-08,2.5086286379494473e-08,3.5105173613964276e-08,scale_muR2_muF1,scale_muR0p5_muF1,2.978880751194032e-08,3.262472920689163e-08,central,mass_4p5,2.978880751194032e-08,2.978880751194032e-08,central,central,2.978880751194032e-08,3.4773528872885074e-08,central,cbs_up,2.9557577979201252e-08,3.104269462950428e-08,0.011747264555594033,100.0,2.5086286379494473e-08,3.5105173613964276e-08,False,True,scale,scale,0.0746167423691313,0.011859122799593447,0.021495475723556368,0.02793587270011677,0.05074050868619251,False,False,False,True,scale_muR1_muF0p5;cbs_down,False,,True,1.2337003578288732e-08,2.9420182980587785e-08,True,canonical_high_statistics_central
1.55,True,True,True,decay_2310_structural,True,False,False,False,2,True,True,central_repeat_1;central_repeat_2,False,False,,False,,single_source_variation_envelope,1.2288733841392812e-08,False,1.3739763541259701e-08,False,1.2204252474135747e-08,1.2529679538136212e-08,1.0308061210541145e-08,1.6071185925630373e-08,scale_muR0p5_muF1,scale_muR1_muF0p5,1.1568808056866026e-08,1.2883987862064932e-08,mass_4p5,mass_5,1.2288733841392812e-08,1.2288733841392812e-08,central,central,1.0502743240255293e-08,1.58615085264236e-08,cbs_up,cbs_down,1.1964429797401469e-08,1.2400841023177313e-08,0.007956252885868263,100.0,1.0308061210541145e-08,1.6071185925630373e-08,False,False,scale,scale,0.11654078737125495,0.005714390020679971,0.0080148402872382,0.013088734207158115,0.018285603739539025,False,False,3.975434724085354e-08,False,8.94150253659373e-08,False,3.9844774757755904e-08,3.9217078667616346e-08,3.3540396452469167e-08,4.3207723406417294e-08,scale_muR2_muF1,scale_muR0p5_muF1,3.78562384151512e-08,3.975434724085354e-08,mass_5,central,3.975434724085354e-08,3.975434724085354e-08,central,central,3.188347972254088e-08,4.5104894971577004e-08,cbs_down,cbs_up,3.776321088763546e-08,3.9433645230471647e-08,0.009453043283202619,100.0,3.188347972254088e-08,4.5104894971577004e-08,False,False,cbs,cbs,0.09581891315622482,0.009100739756720877,0.012548808127585964,0.020706328388740702,0.028481238565227107,False,False,False,False,,False,,True,1.243157126005699e-08,4.0366774399394194e-08,True,canonical_high_statistics_central
1.6,True,True,True,decay_2310_structural,True,False,False,False,2,True,True,central_repeat_1;central_repeat_2,False,False,,False,,single_source_variation_envelope,1.2303864874313485e-08,False,1.3201771448830228e-08,False,1.2414788571148224e-08,1.2376964488455542e-08,1.0655648803541809e-08,1.592297721639478e-08,scale_muR0p5_muF1,scale_muR1_muF0p5,1.1593807715392777e-08,1.306958047603809e-08,mass_4p5,mass_5,1.2303864874313488e-08,1.2303864874313488e-08,central,central,1.0609870969749493e-08,1.5443829675451264e-08,cbs_up,cbs_down,1.210904517472752e-08,1.2503751876094346e-08,0.007983214118430695,100.0,1.0609870969749493e-08,1.592297721639478e-08,False,False,cbs,scale,0.11198272079072691,0.001665945388667378,0.0023285368198751044,0.0038445161220338475,0.005376053561000349,False,False,4.4142449679999374e-08,False,8.066429244733618e-08,False,4.279476223788722e-08,4.355635715149352e-08,3.809246365118083e-08,4.740045921577994e-08,scale_muR2_muF1,scale_muR0p5_muF1,4.28419180234866e-08,4.414244967999937e-08,mass_5,central,4.414244967999937e-08,4.414244967999937e-08,central,central,3.618652682401888e-08,4.9784220495263316e-08,cbs_down,cbs_up,4.2267824056495035e-08,4.434577770222653e-08,0.009878408928599237,100.0,3.618652682401888e-08,4.9784220495263316e-08,False,False,cbs,cbs,0.086309529008612,0.013871604959002859,0.017702071170087486,0.03139816577168081,0.03994098763055687,False,False,False,False,,False,,True,1.2348402895787656e-08,4.4575137243146096e-08,True,canonical_high_statistics_central
1.65,True,True,True,decay_2310_structural,True,False,False,False,2,True,True,central_repeat_1;central_repeat_2,False,False,,False,,single_source_variation_envelope,1.2505892482208773e-08,False,1.309349019323373e-08,False,1.2537036263619277e-08,1.2708822296511135e-08,1.0911132938446273e-08,1.6192198514450894e-08,scale_muR0p5_muF1,scale_muR1_muF0p5,1.2020532379570739e-08,1.320520847381882e-08,mass_4p5,mass_5,1.2505892482208773e-08,1.2505892482208773e-08,central,central,1.0834309681081235e-08,1.548849696911383e-08,cbs_up,cbs_down,1.2307652297381656e-08,1.2760730833447038e-08,0.0073075379882161446,100.0,1.0834309681081235e-08,1.6192198514450894e-08,False,False,cbs,scale,0.11219112902152517,0.006170419004901895,0.009125631538496215,0.014332809811852587,0.02123486105382577,False,False,4.7590318197272465e-08,False,7.490568513673786e-08,False,4.761495281178788e-08,4.7126836620708625e-08,4.3425746999220376e-08,5.2349292635534215e-08,scale_muR2_muF1,scale_muR1_muF2,4.759031819727246e-08,4.8830364785057345e-08,central,mass_4p5,4.759031819727246e-08,4.759031819727246e-08,central,central,3.966582142397252e-08,5.33844768551241e-08,cbs_down,cbs_up,4.750296947521408e-08,4.9573195042604205e-08,0.009236738774979188,100.0,3.966582142397252e-08,5.33844768551241e-08,False,False,cbs,cbs,0.07910215622828876,0.007934385010658573,0.010171919737976154,0.018451023594482474,0.023698153054623194,False,False,False,False,,False,,True,1.2444563715144557e-08,4.651268801229069e-08,True,canonical_high_statistics_central
1.7,True,True,True,decay_2310_structural,True,False,False,False,2,True,True,central_repeat_1;central_repeat_2,False,False,,False,,single_source_variation_envelope,1.2456156850308681e-08,False,1.3059636047097713e-08,False,1.227592200052966e-08,1.2433927807226453e-08,1.0765966560974684e-08,1.5733816789445574e-08,scale_muR0p5_muF1,scale_muR1_muF0p5,1.202539599307257e-08,1.3203997044133786e-08,mass_4p5,mass_5,1.245615685030868e-08,1.245615685030868e-08,central,central,1.0837127730442904e-08,1.5219767460614633e-08,cbs_up,cbs_down,1.221959361577441e-08,1.262599832680307e-08,0.007406461697132804,100.0,1.0765966560974684e-08,1.5733816789445574e-08,False,False,scale,scale,0.10145002045857154,0.005296650001921588,0.008073760579065947,0.012101720442204533,0.018418782901520103,False,False,5.0918775089950464e-08,False,7.385332123929187e-08,False,5.0821978069556714e-08,5.1183049963966827e-08,4.5132545605739904e-08,5.461742593410054e-08,scale_muR2_muF1,scale_muR0p5_muF1,4.96871616762981e-08,5.091877508995046e-08,mass_5,central,5.091877508995046e-08,5.091877508995046e-08,central,central,4.3432477946821275e-08,5.6428139030585614e-08,cbs_down,cbs_up,4.944134100555657e-08,5.1319516327406865e-08,0.008859054851518198,100.0,4.3432477946821275e-08,5.6428139030585614e-08,False,False,cbs,cbs,0.0690633398422964,0.0036984784515232683,0.005235777046306289,0.008473690581834559,0.011983441912733928,False,False,False,False,,False,,True,1.2506272315210821e-08,5.143838699216202e-08,True,canonical_high_statistics_central
1.75,True,True,True,decay_2310_structural,True,False,False,False,2,True,True,central_repeat_1;central_repeat_2,False,False,,False,,single_source_variation_envelope,1.2554799864636237e-08,False,1.3057757829826284e-08,False,1.2591976234702563e-08,1.2562131891162529e-08,1.0909368151256379e-08,1.5648801277745577e-08,scale_muR0p5_muF1,scale_muR1_muF0p5,1.1756415226117468e-08,1.2991465561141741e-08,mass_4p5,mass_5,1.2554799864636237e-08,1.2554799864636237e-08,central,central,1.0975837966033295e-08,1.5168641968116115e-08,cbs_up,cbs_down,1.2342954052508445e-08,1.2757916854783753e-08,0.0067330428306201,100.0,1.0909368151256379e-08,1.5648801277745577e-08,False,False,scale,scale,0.09567128149104853,0.00091332555711654,0.001428598837027728,0.0021000976712700625,0.003284066005772135,False,False,5.5010921077368784e-08,False,7.590008934410829e-08,False,5.643136246070198e-08,5.41634642961638e-08,5.034631171640971e-08,5.918891981120077e-08,scale_muR2_muF1,scale_muR0p5_muF1,5.3051724778422473e-08,5.669409405507103e-08,mass_5,mass_4p5,5.501092107736878e-08,5.501092107736878e-08,central,central,4.715755043901958e-08,6.106638205674875e-08,cbs_down,cbs_up,5.4082022060767707e-08,5.622137171347079e-08,0.009207246081682528,100.0,4.715755043901958e-08,6.106638205674875e-08,False,False,cbs,cbs,0.06689767870435936,0.008907050907382086,0.010112810458378974,0.02045381433213267,0.02301658899712633,False,False,False,False,,False,,True,1.2603522691586948e-08,5.5439492304751624e-08,True,canonical_high_statistics_central
1.8,True,True,True,decay_2310_structural,True,False,False,False,2,True,True,central_repeat_1;central_repeat_2,False,False,,False,,single_source_variation_envelope,1.2747986667154809e-08,False,1.3345441244997184e-08,False,1.2657353098298048e-08,1.2977058401923186e-08,1.103223199401353e-08,1.552407276529678e-08,scale_muR0p5_muF1,scale_muR1_muF0p5,1.2060200098313426e-08,1.3469917986706577e-08,mass_4p5,mass_5,1.2747986667154807e-08,1.2747986667154807e-08,central,central,1.1200829087496593e-08,1.5256850199849715e-08,cbs_up,cbs_down,1.2443773024506318e-08,1.2806838562114875e-08,0.006775612691548052,100.0,1.103223199401353e-08,1.552407276529678e-08,False,False,scale,scale,0.08556406913931358,0.005416681743052099,0.008768047821725133,0.012376815065358038,0.019986739423899946,False,False,6.205737504842002e-08,False,8.622581441153835e-08,False,6.137232011720322e-08,6.463876738416674e-08,5.5490597240723995e-08,6.56221836898106e-08,scale_muR2_muF1,scale_muR1_muF2,5.879827146305741e-08,6.205737504842002e-08,mass_4p5,central,6.205737504842002e-08,6.205737504842002e-08,central,central,5.2744004003182574e-08,6.950689849288967e-08,cbs_down,cbs_up,5.8642611221370224e-08,6.156837789529281e-08,0.011204137509687056,100.0,5.2744004003182574e-08,6.950689849288967e-08,False,False,cbs,cbs,0.07062030580975076,0.011260262253176556,0.01994619788109997,0.02541715376129189,0.04488909838959876,False,False,False,False,,False,,True,1.2915491664732612e-08,6.425674758158877e-08,True,canonical_high_statistics_central
1.85,True,True,True,decay_2310_structural,True,False,False,False,2,True,True,central_repeat_1;central_repeat_2,False,False,,False,,single_source_variation_envelope,1.3240175422513756e-08,False,1.3492399408381721e-08,False,1.306576968149436e-08,1.303487897755469e-08,1.172652229869252e-08,1.6149779787167565e-08,scale_muR0p5_muF1,scale_muR1_muF0p5,1.2640507863434396e-08,1.3799044521679991e-08,mass_4p5,mass_5,1.324017542251376e-08,1.324017542251376e-08,central,central,1.1682195658503943e-08,1.569456900309144e-08,cbs_up,cbs_down,1.3049866817665559e-08,1.3412372765693894e-08,0.005935274441948036,100.0,1.1682195658503943e-08,1.6149779787167565e-08,False,False,cbs,scale,0.08627286559570013,0.0010600046537732055,0.0015740021678674054,0.002437076047542841,0.0036177141744930807,False,False,7.009723372345479e-08,False,8.58011509216363e-08,False,7.07322247753879e-08,6.880027748261208e-08,6.649719078209555e-08,7.761585953896934e-08,scale_muR1_muF0p5,scale_muR1_muF2,7.009723372345479e-08,7.141018288800433e-08,central,mass_5,7.009723372345479e-08,7.009723372345479e-08,central,central,6.157944970342003e-08,7.67820412538254e-08,cbs_down,cbs_up,7.031978334316946e-08,7.358959741476189e-08,0.0109418864636088,100.0,6.157944970342003e-08,7.761585953896934e-08,False,False,cbs,scale,0.05626507598995101,0.006290068761863221,0.012303633039913109,0.014686077753019,0.028735277682850224,False,False,False,False,,False,,True,1.3082206662029562e-08,6.875648800020447e-08,True,canonical_high_statistics_central
1.9,True,True,True,decay_2310_structural,True,False,False,False,2,True,True,central_repeat_1;central_repeat_2,False,False,,False,,single_source_variation_envelope,1.3537450625276236e-08,False,1.3798229932951659e-08,False,1.3562459374658045e-08,1.3391305217138834e-08,1.2036413256107478e-08,1.6193446378182537e-08,scale_muR0p5_muF1,scale_muR1_muF0p5,1.2991535168682782e-08,1.4108573396050708e-08,mass_4p5,mass_5,1.3537450625276238e-08,1.3537450625276238e-08,central,central,1.2004550984341601e-08,1.5883320787037372e-08,cbs_up,cbs_down,1.3390983799468949e-08,1.3683238511289236e-08,0.005702447983951245,100.0,1.2004550984341601e-08,1.6193446378182537e-08,False,False,cbs,scale,0.07780240187942766,0.002757770811007365,0.004605555346815393,0.006377119605995407,0.010661112032179787,False,False,8.230091451359903e-08,False,1.0111691674773955e-07,False,8.015907870482367e-08,8.170873402741898e-08,7.474690585761001e-08,8.358313269773735e-08,scale_muR2_muF1,scale_muR0p5_muF1,7.977856035013448e-08,8.230091451359903e-08,mass_4p5,central,8.230091451359903e-08,8.230091451359903e-08,central,central,7.257264371576227e-08,9.018806059475819e-08,cbs_down,cbs_up,7.69491780053834e-08,8.075570211223097e-08,0.009819564572091417,100.0,7.257264371576227e-08,9.018806059475819e-08,False,False,cbs,cbs,0.05463171695916813,0.019885339039152683,0.024043221365325884,0.044711467988543196,0.05385700429534801,False,False,False,False,,False,,True,1.3419393714859993e-08,8.47219490803546e-08,True,canonical_high_statistics_central
1.95,True,True,True,decay_2310_structural,True,False,False,False,2,True,True,central_repeat_1;central_repeat_2,False,False,,False,,single_source_variation_envelope,1.3805677372785112e-08,False,1.4435118648919918e-08,False,1.3906024512431314e-08,1.3766998667600766e-08,1.2146858238905716e-08,1.659592279077073e-08,scale_muR0p5_muF1,scale_muR1_muF0p5,1.3116465584721808e-08,1.4202631767768064e-08,mass_4p5,mass_5,1.3805677372785112e-08,1.3805677372785112e-08,central,central,1.2288285137544094e-08,1.6104634725340445e-08,cbs_up,cbs_down,1.3489548816724699e-08,1.3812798216436657e-08,0.0060729135140976135,100.0,1.2146858238905716e-08,1.659592279077073e-08,False,False,scale,scale,0.07994368562345144,0.006410385430411836,0.008592245534198462,0.014639621383025825,0.019589950019277658,False,False,9.460141784588764e-08,False,1.1305288513011353e-07,False,9.414712537123684e-08,9.585605306566908e-08,8.512405798877602e-08,1.0281553228433229e-07,scale_muR2_muF1,scale_muR0p5_muF1,8.932953658051216e-08,9.653844756042747e-08,mass_4p5,mass_5,9.460141784588763e-08,9.460141784588763e-08,central,central,8.397374653327401e-08,1.0293403073689802e-07,cbs_down,cbs_up,9.205675365421563e-08,9.657245973462165e-08,0.011381507984720669,100.0,8.397374653327401e-08,1.0293403073689802e-07,False,False,cbs,cbs,0.051754115574977,0.003906239294256597,0.005481410243949547,0.009027251867844699,0.012701399714602601,False,False,False,False,,False,,True,1.4042082359183756e-08,9.465381710016697e-08,True,canonical_high_statistics_central
2.0,True,True,True,decay_2310_structural,True,False,False,False,2,True,True,central_repeat_1;central_repeat_2,False,False,,False,,single_source_variation_envelope,1.4363390835266958e-08,False,1.5269478817955126e-08,False,1.4259367732722724e-08,1.4184113205914685e-08,1.272332218896187e-08,1.693875701368528e-08,scale_muR0p5_muF1,scale_muR1_muF0p5,1.377745595897159e-08,1.465098498254924e-08,mass_4p5,mass_5,1.436339083526696e-08,1.436339083526696e-08,central,central,1.2810787202380894e-08,1.665152683069828e-08,cbs_up,cbs_down,1.4065037259097676e-08,1.4444293856000544e-08,0.006022641080832441,100.0,1.272332218896187e-08,1.693875701368528e-08,False,False,scale,scale,0.07162456010108009,0.00695563167441593,0.008104671838014887,0.01588491629091826,0.018488645247614954,False,False,1.072135198306824e-07,False,1.2938975657410097e-07,False,1.046344075723079e-07,1.0856567168356011e-07,9.98897801743403e-08,1.0836447737524444e-07,scale_muR2_muF1,scale_muR0p5_muF1,1.035302585223862e-07,1.0721351983068251e-07,mass_5,central,1.0721351983068251e-07,1.0721351983068251e-07,central,central,9.610599657621633e-08,1.1635371956837693e-07,cbs_down,cbs_up,1.0139145539715067e-07,1.0677978923155247e-07,0.011533367530988473,100.0,9.610599657621633e-08,1.1635371956837693e-07,False,False,cbs,cbs,0.047499067667491346,0.012528536832578041,0.02053753878820963,0.028270678387984416,0.04618870459715918,False,False,False,False,,False,,True,1.4451298130415456e-08,1.0970137182965065e-07,True,canonical_high_statistics_central
2.05,True,True,True,decay_2310_structural,True,False,False,False,2,True,True,central_repeat_1;central_repeat_2,False,False,,False,,single_source_variation_envelope,1.4432662715763704e-08,False,1.4988852633414777e-08,False,1.4420570983369e-08,1.4353876065674777e-08,1.3086870161676954e-08,1.7171724741937742e-08,scale_muR0p5_muF1,scale_muR1_muF0p5,1.3997900168932147e-08,1.5009064305580572e-08,mass_4p5,mass_5,1.4432662715763706e-08,1.4432662715763706e-08,central,central,1.2877534592458677e-08,1.6717359951651034e-08,cbs_up,cbs_down,1.4339290550550362e-08,1.4712790111444729e-08,0.005410442641905517,100.0,1.2877534592458677e-08,1.7171724741937742e-08,False,False,cbs,scale,0.07546745574898939,0.0014067413439700083,0.0024133736016711538,0.0032470882820296865,0.0055724668328631655,False,False,1.0764575674419853e-07,False,1.193319425034164e-07,False,1.0444398999754269e-07,1.0910394142551119e-07,1.0312353944282157e-07,1.1413402783525596e-07,scale_muR2_muF1,scale_muR1_muF2,1.0663850040728913e-07,1.1223178690917175e-07,mass_4p5,mass_5,1.0764575674419853e-07,1.0764575674419853e-07,central,central,9.655574274016592e-08,1.1633105561662646e-07,cbs_down,cbs_up,1.0493828611460145e-07,1.1044328078399735e-07,0.011706863124514504,100.0,9.655574274016592e-08,1.1633105561662646e-07,False,False,cbs,cbs,0.04721880623212282,0.009478492719241505,0.011242611860233787,0.021738287484233842,0.02555487297994563,False,False,False,False,,False,,True,1.4340658141513984e-08,1.0718303894334442e-07,True,canonical_high_statistics_central
2.1,True,True,True,decay_2310_structural,True,False,False,False,2,True,True,central_repeat_1;central_repeat_2,False,False,,False,,single_source_variation_envelope,1.4518105200803262e-08,False,1.484565005590351e-08,False,1.4495356917792572e-08,1.4686056885463785e-08,1.317955244645626e-08,1.7350669146190172e-08,scale_muR0p5_muF1,scale_muR1_muF0p5,1.4076901044772172e-08,1.5309350099553193e-08,mass_4p5,mass_5,1.451810520080326e-08,1.451810520080326e-08,central,central,1.2960767071437053e-08,1.6795753224361142e-08,cbs_up,cbs_down,1.4521576923078048e-08,1.4812520203975697e-08,0.004716142937604081,100.0,1.2960767071437053e-08,1.7350669146190172e-08,False,False,cbs,scale,0.07740628940330563,0.0058777478399516525,0.008715894175697514,0.013647658537148888,0.020271826132876036,False,False,1.0868994194309826e-07,False,1.1591798069089714e-07,False,1.077515549696509e-07,1.1342854522200807e-07,1.0272480786650187e-07,1.1149989347379272e-07,scale_muR1_muF0p5,scale_muR0p5_muF1,1.0292700412852589e-07,1.0868994194309837e-07,mass_4p5,central,1.0868994194309837e-07,1.0868994194309837e-07,central,central,9.678736499881016e-08,1.1849190302863185e-07,cbs_down,cbs_up,1.0562848762619987e-07,1.1187968120811269e-07,0.012917684589360278,100.0,9.678736499881016e-08,1.1849190302863185e-07,False,False,cbs,cbs,0.05037069026687213,0.011149407931806632,0.017538093739038807,0.026055768353957065,0.04120943234096219,False,False,False,False,,False,,True,1.4394258970306146e-08,1.0893922173465654e-07,True,canonical_high_statistics_central
2.15,True,True,True,decay_2310_structural,True,False,False,False,2,True,True,central_repeat_1;central_repeat_2,False,False,,False,,single_source_variation_envelope,1.4634108964177649e-08,False,1.4995279227591916e-08,False,1.4559891697782715e-08,1.4556333691569377e-08,1.311126233755733e-08,1.7435380177829395e-08,scale_muR0p5_muF1,scale_muR1_muF0p5,1.4140567484962164e-08,1.515743030265255e-08,mass_4p5,mass_5,1.4634108964177649e-08,1.4634108964177649e-08,central,central,1.3069030777726623e-08,1.694437701487213e-08,cbs_up,cbs_down,1.4515297880498278e-08,1.4841076052168192e-08,0.005434862656942574,100.0,1.3069030777726623e-08,1.7435380177829395e-08,False,False,cbs,scale,0.07606513716594598,0.001348222943562849,0.0014012937812850623,0.0030995769474181367,0.0032213982979493183,False,False,1.1036323684244535e-07,False,1.1215313654002512e-07,False,1.045312026498199e-07,1.1189022245972397e-07,1.0036565672479843e-07,1.224132906336446e-07,scale_muR2_muF1,scale_muR0p5_muF1,1.0821059759886611e-07,1.1059253053198986e-07,mass_5,mass_4p5,1.1036323684244543e-07,1.1036323684244543e-07,central,central,9.867628464593838e-08,1.203449553680263e-07,cbs_down,cbs_up,1.0814632425757542e-07,1.1494220215545896e-07,0.012508471759656848,100.0,9.867628464593838e-08,1.224132906336446e-07,False,False,cbs,scale,0.04861164031964549,0.014773095126581204,0.019500820506300975,0.03365450512180668,0.043909111310619364,False,False,False,False,,False,,True,1.4603376985334244e-08,1.0933186780297873e-07,True,canonical_high_statistics_central
2.2,True,True,True,decay_2310_structural,True,False,False,False,2,True,True,central_repeat_1;central_repeat_2,False,False,,False,,single_source_variation_envelope,1.4914163022640634e-08,False,1.4772132277694703e-08,False,1.5041209877145587e-08,1.5091255341955308e-08,1.3815447667869028e-08,1.8066951273995058e-08,scale_muR0p5_muF1,scale_muR1_muF0p5,1.4652699227217287e-08,1.5696547429247746e-08,mass_4p5,mass_5,1.4828665202644039e-08,1.5038604703903877e-08,gg_u,gg_d,1.3317545162744642e-08,1.7297337724063253e-08,cbs_up,cbs_down,1.4912938148226007e-08,1.5321628620572793e-08,0.005815567865475819,100.0,1.3317545162744642e-08,1.8066951273995058e-08,False,False,cbs,scale,0.0832859873461258,0.008503044962243855,0.009224343038501281,0.01977331641247515,0.02146700556964576,False,False,1.0978047316663543e-07,False,1.0520306286986782e-07,False,1.0625509826185916e-07,1.1127703691926535e-07,1.0791678920244048e-07,1.1817838775400017e-07,scale_muR2_muF1,scale_muR0p5_muF0p5,1.0978047316663554e-07,1.1930988422724327e-07,central,mass_5,1.0894868278961167e-07,1.1151414070629983e-07,gg_s,gg_u,9.895768426890139e-08,1.1868171070365341e-07,cbs_down,cbs_up,1.1074338440964299e-07,1.1708553670324847e-07,0.011705491391400398,100.0,9.895768426890139e-08,1.1930988422724327e-07,False,False,cbs,mb,0.04507557459265943,0.013987420142389961,0.024015307896380733,0.03300680422318103,0.05685476029262593,False,False,False,False,,False,,True,1.4774099662219933e-08,1.0529075621370569e-07,True,canonical_high_statistics_central
2.25,True,True,True,decay_2310_structural,True,False,False,False,2,True,True,central_repeat_1;central_repeat_2,False,False,,False,,single_source_variation_envelope,1.4751469508392862e-08,False,1.4895835903178578e-08,False,1.5050936091635707e-08,1.4853316610233792e-08,1.335784075387041e-08,1.7510638338916197e-08,scale_muR0p5_muF1,scale_muR1_muF0p5,1.4175194425951555e-08,1.5145078454318174e-08,mass_4p5,mass_5,1.460988166276812e-08,1.4838011763926083e-08,gg_u,gg_d,1.3169448268246028e-08,1.712452912471379e-08,cbs_up,cbs_down,1.4661935307645091e-08,1.5064244898663242e-08,0.005682937314426137,100.0,1.3169448268246028e-08,1.7510638338916197e-08,False,False,cbs,scale,0.07446669238052817,0.0028700365976175313,0.0038078963008727484,0.0066228381868512765,0.008806556807179788,False,False,1.0591893014822594e-07,False,1.0449782952166057e-07,False,1.0023956032028446e-07,1.0902408424812988e-07,1.0167207930080228e-07,1.1530172158131444e-07,scale_muR2_muF2,scale_muR0p5_muF1,1.0083277538451902e-07,1.0833207872937865e-07,mass_4p5,mass_5,1.0551577202985125e-07,1.0750657864416334e-07,gg_d,gg_u,9.552251411811987e-08,1.1416701141946205e-07,cbs_down,cbs_up,1.054947269586882e-07,1.10565466786453e-07,0.011097007332092875,100.0,9.552251411811987e-08,1.1530172158131444e-07,False,False,cbs,scale,0.044867841044269774,0.018241647219520374,0.01888658019818923,0.04195294968661223,0.042555916457849285,False,False,False,False,,False,,True,1.491954625996002e-08,1.0469494986008905e-07,True,canonical_high_statistics_central
2.3,True,True,True,decay_2310_structural,True,False,False,False,2,True,True,central_repeat_1;central_repeat_2,False,False,,False,,single_source_variation_envelope,1.4839217840196418e-08,False,1.4978612421065888e-08,False,1.5121629253084067e-08,1.4822530888461713e-08,1.3203250172514316e-08,1.7490713621325976e-08,scale_muR0p5_muF1,scale_muR1_muF0p5,1.4323415222599342e-08,1.5629476008788916e-08,mass_4p5,mass_5,1.4720810319046857e-08,1.497998735752528e-08,gg_u,gg_d,1.3236056564598645e-08,1.7251845335044645e-08,cbs_up,cbs_down,1.4743759697060002e-08,1.513411148126649e-08,0.005863576040734769,100.0,1.3203250172514316e-08,1.7490713621325976e-08,False,False,scale,scale,0.07139651872631525,0.004338110967815556,0.005506336235820974,0.010015941817177076,0.012759524586809068,False,False,1.0574253972434372e-07,False,1.0763482842978385e-07,False,1.0160789149053976e-07,1.0528931419754572e-07,9.896026747644376e-08,1.080097162315226e-07,scale_muR1_muF0p5,scale_muR0p5_muF1,1.007818103576947e-07,1.0574253972434383e-07,mass_4p5,central,1.0540618090134093e-07,1.0802852474889046e-07,gg_s,gg_u,9.392599379428822e-08,1.1523621502727773e-07,cbs_down,cbs_up,1.0089696021842032e-07,1.064775705755715e-07,0.012721941927395694,100.0,9.392599379428822e-08,1.1523621502727773e-07,False,False,cbs,cbs,0.05146393821915396,0.014334499874387951,0.022062928720367303,0.0323144374717238,0.049532937795522924,False,False,False,False,,False,,True,1.4931115320049414e-08,1.0690311693166325e-07,True,canonical_high_statistics_central
2.35,True,True,True,decay_2310_structural,True,False,False,False,2,True,True,central_repeat_1;central_repeat_2,False,False,,False,,single_source_variation_envelope,1.5019276434747527e-08,False,1.5141547723655553e-08,False,1.5029408403399027e-08,1.5173302976711855e-08,1.3396648979677864e-08,1.7783027407186807e-08,scale_muR0p5_muF1,scale_muR1_muF0p5,1.4412319741270692e-08,1.5281486183269993e-08,mass_4p5,mass_5,1.4859475388930132e-08,1.5146570812125196e-08,gg_u,gg_d,1.3398172631249544e-08,1.745102940187985e-08,cbs_up,cbs_down,1.4808359201180087e-08,1.513504101266839e-08,0.005319184512135635,100.0,1.3396648979677864e-08,1.7783027407186807e-08,False,False,scale,scale,0.07335668712197307,0.002069121914747729,0.0021055636791658117,0.004763947539760116,0.004836505797002677,False,False,1.0313369674264889e-07,False,1.0743962136280142e-07,False,1.0745125349236804e-07,1.0241061901582006e-07,9.388389343866167e-08,1.0313369674264897e-07,scale_muR2_muF1,central,9.671257539939266e-08,1.0313369674264897e-07,mass_4p5,central,1.0216576879844576e-07,1.0410226274489823e-07,gg_s,gg_u,9.262183708426863e-08,1.1112916859586183e-07,cbs_down,cbs_up,9.576276063881704e-08,1.0141984555819233e-07,0.012083964180809838,100.0,9.262183708426863e-08,1.1112916859586183e-07,False,False,cbs,cbs,0.04668719431093571,0.010433247490306385,0.020722943333549182,0.023463201771889597,0.046595809026849344,False,False,False,False,,False,,True,1.5102451497616196e-08,1.0741574243688636e-07,True,canonical_high_statistics_central
2.4,True,True,True,decay_2310_structural,True,False,False,False,2,True,True,central_repeat_1;central_repeat_2,False,False,,False,,single_source_variation_envelope,1.5169657327455148e-08,False,1.5509087847623254e-08,False,1.5092685273567856e-08,1.50726094821417e-08,1.3237248104868786e-08,1.7785673688083535e-08,scale_muR0p5_muF1,scale_muR1_muF0p5,1.4276224305663378e-08,1.5392584975211744e-08,mass_4p5,mass_5,1.50835538641414e-08,1.5288398781583322e-08,gg_u,gg_d,1.3492286639312521e-08,1.769726266611927e-08,cbs_up,cbs_down,1.4626174061047991e-08,1.5021115508792326e-08,0.005657430049009122,100.0,1.3237248104868786e-08,1.7785673688083535e-08,False,False,scale,scale,0.06909454962489026,0.012080447065494049,0.012369481427468187,0.027432732160884654,0.028080001076211447,False,False,1.0285059941629713e-07,False,1.0489466058997071e-07,False,1.025693709820925e-07,1.0642961202239721e-07,9.184299956794965e-08,1.033108901684898e-07,scale_muR2_muF1,scale_muR0p5_muF0p5,9.885455403834778e-08,1.0441940682301193e-07,mass_5,mass_4p5,1.0196300803723578e-07,1.0386570990353185e-07,gg_d,gg_u,9.223704474760053e-08,1.1106008915416588e-07,cbs_down,cbs_up,9.69725224926981e-08,1.0241769903726916e-07,0.012142990600009783,100.0,9.184299956794965e-08,1.1106008915416588e-07,False,False,scale,cbs,0.04916076789119472,0.008022393407298711,0.010604152122191124,0.018363801245817046,0.0241212800147097,False,False,False,False,,False,,True,1.5508076280796435e-08,1.0510462917322193e-07,True,canonical_high_statistics_central
2.45,True,True,True,decay_2310_structural,True,False,False,False,2,True,True,central_repeat_1;central_repeat_2,False,False,,False,,single_source_variation_envelope,1.5374494712884016e-08,False,1.4968421418197038e-08,False,1.519853992326798e-08,1.5275920926632612e-08,1.413654334280565e-08,1.858164618468935e-08,scale_muR0p5_muF1,scale_muR1_muF0p5,1.51101011246644e-08,1.6008283770656656e-08,mass_4p5,mass_5,1.5238978682523642e-08,1.5458322360907278e-08,gg_u,gg_d,1.3718572503655883e-08,1.78652334799122e-08,cbs_up,cbs_down,1.554808346376162e-08,1.5892573769402207e-08,0.005054963880846317,100.0,1.3718572503655883e-08,1.858164618468935e-08,False,False,cbs,scale,0.08228333489579764,0.009221264563413545,0.010324031078538631,0.021463057963682308,0.024056765419720794,False,False,1.0276661401869497e-07,False,1.0070701394257605e-07,False,1.0102661302120537e-07,1.0607567583959833e-07,1.020601510215558e-07,1.0935013272919921e-07,scale_muR2_muF1,scale_muR1_muF2,1.0276661401869505e-07,1.0680907001430804e-07,central,mass_4p5,1.0208618162157108e-07,1.0385246848315443e-07,gg_s,gg_u,9.235330554896006e-08,1.110329880466069e-07,cbs_down,cbs_up,1.0038668047922052e-07,1.0734130424527853e-07,0.013443308130139822,100.0,9.235330554896006e-08,1.110329880466069e-07,False,False,cbs,cbs,0.04639960300710033,0.012034333228625904,0.022624340338848192,0.028403239185478824,0.05347525835942535,False,False,False,False,,False,,True,1.491706460273383e-08,1.0069118851902573e-07,True,canonical_high_statistics_central
2.5,True,True,True,decay_2310_structural,True,False,False,False,2,True,True,central_repeat_1;central_repeat_2,False,False,,False,,single_source_variation_envelope,1.5468522673915497e-08,False,1.5372196871344914e-08,False,1.5250765102935867e-08,1.5288307255734705e-08,1.4021495679460521e-08,1.8586274235312724e-08,scale_muR0p5_muF1,scale_muR1_muF0p5,1.4882939435461837e-08,1.6169742200473322e-08,mass_4p5,mass_5,1.5306296614787263e-08,1.553840114821695e-08,gg_u,gg_d,1.3788930170712596e-08,1.7953445812953078e-08,cbs_up,cbs_down,1.5404682034833223e-08,1.5723335177925063e-08,0.0047584505976727845,100.0,1.3788930170712596e-08,1.8586274235312724e-08,False,False,cbs,scale,0.07974350250575579,0.002421360885671131,0.002955246061388195,0.005559124433120677,0.006781605943412594,False,False,1.0457988711260003e-07,False,1.0409457317047199e-07,False,1.0749794855639298e-07,1.0121793770264756e-07,9.873364351700238e-08,1.1349322308010234e-07,scale_muR2_muF1,scale_muR0p5_muF1,9.982218151294644e-08,1.0457988711260003e-07,mass_5,central,1.0392156120296131e-07,1.0652153171443518e-07,gg_s,gg_u,9.379693126224933e-08,1.1356601306159796e-07,cbs_down,cbs_up,1.02321789021878e-07,1.0779031393699837e-07,0.011488674481568414,100.0,9.379693126224933e-08,1.1356601306159796e-07,False,False,cbs,cbs,0.04725953882526479,0.013071346027524466,0.015573849879137569,0.030276388690028744,0.03651084358651935,False,False,False,False,,False,,True,1.5354895956615734e-08,1.0371135933747705e-07,True,canonical_high_statistics_central
2.55,True,True,True,decay_2310_structural,True,False,False,False,2,True,True,central_repeat_1;central_repeat_2,False,False,,False,,single_source_variation_envelope,1.5901177449958696e-08,False,1.5879398157041378e-08,False,1.614924854159658e-08,1.5828456121815995e-08,1.4140829928435483e-08,1.874268373881754e-08,scale_muR0p5_muF1,scale_muR1_muF0p5,1.5215858333821223e-08,1.648927825490553e-08,mass_4p5,mass_5,1.574313570211861e-08,1.6067642442101422e-08,gg_u,gg_d,1.4198162792391086e-08,1.8455752275552328e-08,cbs_up,cbs_down,1.5611450920720044e-08,1.6010669539013324e-08,0.005403921349453876,100.0,1.4140829928435483e-08,1.874268373881754e-08,False,False,scale,scale,0.0714024928899768,0.004356880926255968,0.00745521862038423,0.010104085253854478,0.017314462490004567,False,False,1.1025953777014165e-07,False,1.1074464890716316e-07,False,1.1003888031443893e-07,1.1470811171665593e-07,1.0129264353718481e-07,1.2233652446025048e-07,scale_muR1_muF0p5,scale_muR1_muF2,1.096921781514722e-07,1.1044779547263529e-07,mass_4p5,mass_5,1.100706025073799e-07,1.1192892168906951e-07,gg_d,gg_u,1.0010321771285313e-07,1.183196734808056e-07,cbs_down,cbs_up,1.0730263101940035e-07,1.1420683634055169e-07,0.013139285462120913,100.0,1.0010321771285313e-07,1.2233652446025048e-07,False,False,cbs,scale,0.04513997067761011,0.009023983993607487,0.015748736771286964,0.021104254143250067,0.03692832221217235,False,False,False,False,,False,,True,1.5874391977156474e-08,1.1062299028725409e-07,True,canonical_high_statistics_central
2.6,True,True,True,decay_2310_structural,True,False,False,False,2,True,True,central_repeat_1;central_repeat_2,False,False,,False,,single_source_variation_envelope,1.4793505404940301e-08,False,1.5063930448126115e-08,False,1.4953323404567138e-08,1.4996761181715495e-08,1.3028746192789912e-08,1.7672898116345768e-08,scale_muR0p5_muF1,scale_muR1_muF0p5,1.4287775099319123e-08,1.5339681229888598e-08,mass_4p5,mass_5,1.4648151797911005e-08,1.4941387352168998e-08,gg_u,gg_d,1.3113930132455442e-08,1.737574118225704e-08,cbs_up,cbs_down,1.4586522554932603e-08,1.4956544429156915e-08,0.005603209109744416,100.0,1.3028746192789912e-08,1.7672898116345768e-08,False,False,scale,scale,0.07723667904018505,0.0013912457789904131,0.002021120465808046,0.0031972878028547203,0.004642989698906419,False,False,8.652397093701046e-08,False,8.720712355748942e-08,False,8.811979359729364e-08,8.534508593563191e-08,7.998080059559258e-08,8.86245609927543e-08,scale_muR2_muF1,scale_muR0p5_muF1,8.168722682454238e-08,8.652397093701045e-08,mass_4p5,central,8.5487998393867e-08,8.744606963882956e-08,gg_s,gg_u,7.714750406594957e-08,9.377929280348484e-08,cbs_down,cbs_up,8.25893794910487e-08,8.702802093863635e-08,0.011750645697396308,100.0,7.714750406594957e-08,9.377929280348484e-08,False,False,cbs,cbs,0.04981456276007279,0.006947475600612929,0.011330710944792877,0.015837185613291005,0.02575252462062194,False,False,False,False,,False,,True,1.5023075388843434e-08,8.7601033713121e-08,True,canonical_high_statistics_central
2.65,True,True,True,decay_2310_structural,True,False,False,False,2,True,True,central_repeat_1;central_repeat_2,False,False,,False,,single_source_variation_envelope,1.4698260057328585e-08,False,1.4880356692408293e-08,False,1.4761708142781834e-08,1.4975643697074363e-08,1.3059238094220115e-08,1.7557086572008007e-08,scale_muR0p5_muF1,scale_muR1_muF0p5,1.407430592602374e-08,1.5222994527274355e-08,mass_4p5,mass_5,1.4512483741947947e-08,1.4784649128390543e-08,gg_u,gg_d,1.2960572449586828e-08,1.7449697425262718e-08,cbs_up,cbs_down,1.4391669171061792e-08,1.482638431141178e-08,0.006262750491463393,100.0,1.2960572449586828e-08,1.7557086572008007e-08,False,False,cbs,scale,0.07718652348385913,0.0031244420877079015,0.004702868143795058,0.0071682556934279384,0.01077033418644624,False,False,7.66445485651633e-08,False,7.686613475033997e-08,False,7.624022050687562e-08,7.50283473579768e-08,6.794681989629935e-08,7.893214113426717e-08,scale_muR1_muF0p5,scale_muR0p5_muF1,7.426456504258722e-08,7.737195462169605e-08,mass_4p5,mass_5,7.607864658177147e-08,7.816208303031346e-08,gg_d,gg_u,6.702820202838179e-08,8.41915961834963e-08,cbs_down,cbs_up,7.345288602917446e-08,7.813508867022556e-08,0.01304471986899521,100.0,6.702820202838179e-08,8.41915961834963e-08,False,False,cbs,cbs,0.05822370058779214,0.004624487108370268,0.008103868774793632,0.010560029992667419,0.018486830312284597,False,False,False,False,,False,,True,1.4922427675722443e-08,7.644150855545659e-08,True,canonical_high_statistics_central
2.7,True,True,True,decay_2310_structural,True,False,False,False,2,True,True,central_repeat_1;central_repeat_2,False,False,,False,,single_source_variation_envelope,1.4728952456049211e-08,False,1.463373753236835e-08,False,1.4741746062750832e-08,1.479836588303481e-08,1.3018161881411572e-08,1.7938120604712296e-08,scale_muR0p5_muF1,scale_muR1_muF0p5,1.4186787535521438e-08,1.5452180638815642e-08,mass_4p5,mass_5,1.4553739174085972e-08,1.4889936246454373e-08,gg_u,gg_d,1.29556039380055e-08,1.758671874259169e-08,cbs_up,cbs_down,1.4550654440392197e-08,1.4935385574447883e-08,0.005681272929857751,100.0,1.29556039380055e-08,1.7938120604712296e-08,False,False,cbs,scale,0.08560507931080252,0.0032738156874012603,0.004106233170219298,0.0075685740447866134,0.009499790544267084,False,False,6.69821319478385e-08,False,6.956694626160154e-08,False,6.981717407492719e-08,6.937142128234727e-08,6.287868741427048e-08,6.938775450639996e-08,scale_muR2_muF1,scale_muR0p5_muF0p5,6.48082919415177e-08,6.69821319478385e-08,mass_5,central,6.620280342716115e-08,6.769879311064857e-08,gg_d,gg_u,5.876911401604375e-08,7.307173464781389e-08,cbs_down,cbs_up,6.407169785989409e-08,6.733050488901244e-08,0.010395974480642521,100.0,5.876911401604375e-08,7.307173464781389e-08,False,False,cbs,cbs,0.05680982292939962,0.0013908369391519848,0.0016772152891659786,0.0032046383527983835,0.003869397786877782,False,False,False,False,,False,,True,1.4659107432856764e-08,6.954806494634219e-08,True,canonical_high_statistics_central
2.75,True,True,True,decay_2310_structural,True,False,False,False,2,True,True,central_repeat_1;central_repeat_2,False,False,,False,,single_source_variation_envelope,1.45400265461483e-08,False,1.4521094389394949e-08,False,1.4766761226652984e-08,1.4522038344737886e-08,1.3009345568249584e-08,1.7897370013452984e-08,scale_muR0p5_muF1,scale_muR1_muF0p5,1.3788393640394386e-08,1.5370119717064066e-08,mass_4p5,mass_5,1.4405885648140544e-08,1.4764872477382125e-08,gg_u,gg_d,1.2749866500630985e-08,1.7486685531580807e-08,cbs_up,cbs_down,1.4423641949914812e-08,1.4783092016600782e-08,0.005979675259637848,100.0,1.2749866500630985e-08,1.7897370013452984e-08,False,False,cbs,scale,0.09022401744250441,0.005364541446256421,0.00899337814182477,0.012464261067087645,0.020923917161917993,False,False,6.275891077347178e-08,False,6.368598571457325e-08,False,6.154612327816523e-08,6.253698129265516e-08,5.55158017560882e-08,6.628075831224728e-08,scale_muR1_muF0p5,scale_muR0p5_muF1,6.135928499897079e-08,6.275891077347178e-08,mass_5,central,6.172134018092162e-08,6.364302778045617e-08,gg_s,gg_u,5.42933733216253e-08,6.903727731476754e-08,cbs_down,cbs_up,5.960038231932218e-08,6.248726379400561e-08,0.010511819711505218,100.0,5.42933733216253e-08,6.903727731476754e-08,False,False,cbs,cbs,0.06292857167901555,0.015418182177194595,0.018886287820916614,0.03484811071943,0.042555271883727985,False,False,False,False,,False,,True,1.4464115276781184e-08,6.428164620975497e-08,True,canonical_high_statistics_central
2.8,True,True,True,decay_2310_structural,True,False,False,False,2,True,True,central_repeat_1;central_repeat_2,False,False,,False,,single_source_variation_envelope,1.4627630894630911e-08,False,1.4618640623213672e-08,False,1.4665110405652279e-08,1.485409688272849e-08,1.2816505812126692e-08,1.8046300529670115e-08,scale_muR0p5_muF1,scale_muR1_muF0p5,1.3864864775932886e-08,1.518959719062811e-08,mass_4p5,mass_5,1.4445841313803889e-08,1.4784609986863883e-08,gg_u,gg_d,1.2758241742873954e-08,1.782106365369654e-08,cbs_up,cbs_down,1.4417292879400314e-08,1.4784291880639281e-08,0.00573309976580353,100.0,1.2758241742873954e-08,1.8046300529670115e-08,False,False,cbs,scale,0.09121419244641604,0.004060879173649834,0.006841336817256405,0.009415059478359633,0.01587748897840857,False,False,5.781920297037067e-08,False,5.7939067568231125e-08,False,5.753132854785187e-08,5.695526595724946e-08,5.1716574157480785e-08,6.377823180773532e-08,scale_muR2_muF1,scale_muR0p5_muF1,5.592617203631023e-08,5.781920297037067e-08,mass_5,central,5.7020025930823665e-08,5.863926370696731e-08,gg_s,gg_u,4.96356243251718e-08,6.370269794806334e-08,cbs_down,cbs_up,5.576914536398854e-08,5.885158772287155e-08,0.01061719202663498,100.0,4.96356243251718e-08,6.377823180773532e-08,False,False,cbs,scale,0.06627861180877748,0.005802882352969885,0.007988141830776563,0.013260268839883682,0.01822525053262758,False,False,False,False,,False,,True,1.462193723542997e-08,5.8012559386100064e-08,True,canonical_high_statistics_central
2.85,True,True,True,decay_2310_structural,True,False,False,False,2,True,True,central_repeat_1;central_repeat_2,False,False,,False,,single_source_variation_envelope,1.4538523092694482e-08,False,1.4331061977631088e-08,False,1.4634712710446305e-08,1.4617214288416939e-08,1.2969165350008736e-08,1.8059723104301806e-08,scale_muR0p5_muF1,scale_muR1_muF0p5,1.4348234008781022e-08,1.560410282314069e-08,mass_4p5,mass_5,1.4395104379431177e-08,1.4771657169802996e-08,gg_u,gg_d,1.2643749868615575e-08,1.779610406959672e-08,cbs_up,cbs_down,1.4622633352121284e-08,1.5064812467777713e-08,0.006699810141431022,100.0,1.2643749868615575e-08,1.8059723104301806e-08,False,False,cbs,scale,0.09419079671161779,0.008381867268607568,0.008641661060521777,0.019487593282250915,0.02009744794795032,False,False,5.4351013907354116e-08,False,5.3004453910269083e-08,False,5.346400300506543e-08,5.288794976490352e-08,4.966614978419851e-08,5.967374792247483e-08,scale_muR1_muF0p5,scale_muR0p5_muF1,5.405658003190367e-08,5.6058702980608306e-08,mass_4p5,mass_5,5.3812011151367394e-08,5.528158223935825e-08,gg_s,gg_u,4.6337646132561597e-08,6.012813163682686e-08,cbs_down,cbs_up,5.333985507929365e-08,5.5724625122610164e-08,0.009727758057529253,100.0,4.6337646132561597e-08,6.012813163682686e-08,False,False,cbs,cbs,0.06927368152395186,0.0023523704416805735,0.003357639899133069,0.005429111930527419,0.007761214873023281,False,False,False,False,,False,,True,1.4346386945566625e-08,5.3052253069495085e-08,True,canonical_high_statistics_central
2.9,True,True,True,decay_2310_structural,True,False,False,False,2,True,True,central_repeat_1;central_repeat_2,False,False,,False,,single_source_variation_envelope,1.4678500917301144e-08,False,1.4905304903512493e-08,False,1.4651001925798326e-08,1.4773065507658217e-08,1.240062029494697e-08,1.8422069812808637e-08,scale_muR0p5_muF1,scale_muR1_muF0p5,1.396058612755066e-08,1.520806886150113e-08,mass_4p5,mass_5,1.442873153545101e-08,1.4879721695724663e-08,gg_u,gg_d,1.2641678427665823e-08,1.852384320062042e-08,cbs_up,cbs_down,1.425306840935716e-08,1.4673057752079735e-08,0.006078589231906328,100.0,1.240062029494697e-08,1.852384320062042e-08,False,False,scale,cbs,0.10104939183689243,0.006791604632561565,0.008593253716795424,0.015508133793288359,0.019592225966231114,False,False,4.8940095085196996e-08,False,5.0046779386435036e-08,False,5.060226663635413e-08,5.0069962249133717e-08,4.1580787937576986e-08,5.0956022047275374e-08,scale_muR1_muF0p5,scale_muR1_muF2,4.694077821708741e-08,4.9572325283883274e-08,mass_5,mass_4p5,4.8266321856659506e-08,5.024104920072557e-08,gg_s,gg_u,3.98838204082448e-08,5.555068870676494e-08,cbs_down,cbs_up,4.7163179826288565e-08,4.913935720765206e-08,0.009620382658199042,100.0,3.98838204082448e-08,5.555068870676494e-08,False,False,cbs,cbs,0.08886805678724485,0.0038623881763011347,0.006158741550470914,0.008947245903897505,0.014282054235989827,False,False,False,False,,False,,True,1.4943783917092533e-08,4.98897386826689e-08,True,canonical_high_statistics_central
2.95,True,True,True,decay_2310_structural,True,False,False,False,2,True,True,central_repeat_1;central_repeat_2,False,False,,False,,single_source_variation_envelope,1.4749431165842336e-08,False,1.4725740518855991e-08,False,1.4732585061243497e-08,1.4516697634474563e-08,1.3092122371326841e-08,1.894224167390922e-08,scale_muR0p5_muF1,scale_muR1_muF0p5,1.4139861380791518e-08,1.545233720851653e-08,mass_4p5,mass_5,1.4540690293163795e-08,1.4978529735179037e-08,gg_u,gg_d,1.2676768516984092e-08,1.8767294003847865e-08,cbs_up,cbs_down,1.4648820763340997e-08,1.5143917449983474e-08,0.007249915978700142,100.0,1.2676768516984092e-08,1.894224167390922e-08,False,False,cbs,scale,0.10865610182921692,0.0032055630832754645,0.006084055964029389,0.007332388492414743,0.013911386355881405,False,False,4.5793555657253296e-08,False,4.7055377193917464e-08,False,4.6512941910849745e-08,4.7388549147747706e-08,3.8543332646659485e-08,4.982641169480226e-08,scale_muR1_muF0p5,scale_muR0p5_muF1,4.391460199898136e-08,4.5793555657253296e-08,mass_4p5,central,4.530856331722359e-08,4.695257451613e-08,gg_s,gg_u,3.7408181937944624e-08,5.150950181813405e-08,cbs_down,cbs_up,4.31446115286104e-08,4.548178802744017e-08,0.011704393887027697,100.0,3.7408181937944624e-08,5.150950181813405e-08,False,False,cbs,cbs,0.08783776407376376,0.004049801650904072,0.007823940088410808,0.009244461059387643,0.017853982624123188,False,False,False,False,,False,,True,1.4721494025600492e-08,4.735847937878344e-08,True,canonical_high_statistics_central
3.0,True,True,True,decay_2310_structural,True,False,False,False,2,True,True,central_repeat_1;central_repeat_2,False,False,,False,,single_source_variation_envelope,1.5135471055218323e-08,False,1.5399735744262632e-08,False,1.5179933410522806e-08,1.5649041645818507e-08,1.256549184229379e-08,1.9439337291923458e-08,scale_muR0p5_muF1,scale_muR1_muF0p5,1.434043072313032e-08,1.581916372715009e-08,mass_4p5,mass_5,1.4841839405019252e-08,1.5425460103809647e-08,gg_u,gg_d,1.2811371876076531e-08,2.059465856920629e-08,cbs_up,cbs_down,1.4647058862805714e-08,1.5166777138310393e-08,0.007496645185053768,100.0,1.256549184229379e-08,2.059465856920629e-08,False,False,scale,cbs,0.13375865447710655,0.0066089399291962,0.0071593710644881625,0.015198958317425293,0.01634992605749319,False,False,4.216836200050685e-08,False,4.2448557517155734e-08,False,3.941918729772476e-08,4.181355805216918e-08,3.572755755316363e-08,4.617062505490252e-08,scale_muR2_muF1,scale_muR0p5_muF1,4.156102156777465e-08,4.216836200050685e-08,mass_4p5,central,4.174830982086252e-08,4.363833798561841e-08,gg_s,gg_u,3.186686145876684e-08,4.863832550549438e-08,cbs_down,cbs_up,4.130889581546715e-08,4.294494499751647e-08,0.009769864206754962,100.0,3.186686145876684e-08,4.863832550549438e-08,False,False,cbs,cbs,0.12164743921766252,0.015687115294930276,0.028491844513709452,0.035057078688245924,0.06349919400203108,False,False,False,False,,False,,True,1.5432249549558876e-08,4.209199505783474e-08,True,canonical_high_statistics_central
3.1,True,True,True,decay_2310_structural,True,False,False,False,2,True,True,central_repeat_1;central_repeat_2,False,False,,True,cbs_down,single_source_variation_envelope,1.5665816146978603e-08,False,1.577237165341713e-08,False,1.5500091327592516e-08,1.6007644320463893e-08,1.299497533747653e-08,2.226096620559391e-08,scale_muR0p5_muF1,scale_muR2_muF1,1.4424784451635432e-08,1.6240689171667836e-08,mass_4p5,mass_5,1.5238855036423682e-08,1.598894695622385e-08,gg_u,gg_d,1.299242554877423e-08,1.5665816146978603e-08,cbs_up,central,1.521313787438815e-08,1.5880473452437827e-08,0.009394556751111399,100.0,1.299242554877423e-08,2.226096620559391e-08,False,True,cbs,scale,0.15259098495831758,0.006996584460757571,0.011215980499062361,0.015955159855771228,0.025495117222317454,False,False,3.616528070442306e-08,False,3.607872493792959e-08,False,3.824030110056639e-08,3.5681444425461866e-08,2.5684269204365072e-08,4.034563763685254e-08,scale_muR2_muF1,scale_muR0p5_muF1,3.574758529455132e-08,3.8049871178052726e-08,mass_5,mass_4p5,3.570090056757053e-08,3.741865825251791e-08,gg_s,gg_u,3.616528070442307e-08,4.223837096238387e-08,central,cbs_up,3.5054221999060054e-08,3.7428225858658294e-08,0.014155369030652504,100.0,2.5684269204365072e-08,4.223837096238387e-08,False,True,scale,cbs,0.14862462707780288,0.01503943820858522,0.028179782323559444,0.035700512000980233,0.06703774513365302,False,False,False,True,cbs_down,False,,True,1.5905606633197968e-08,3.583781480548897e-08,True,canonical_high_statistics_central
3.2,True,True,True,decay_2310_structural,True,False,False,False,2,True,True,central_repeat_1;central_repeat_2,False,False,,True,scale_muR1_muF0p5;scale_muR2_muF1;cbs_down,single_source_variation_envelope,1.692209705529628e-08,False,1.648049235775409e-08,False,1.7118069331255395e-08,1.7447146511393476e-08,1.4297003569608334e-08,1.8032728490710958e-08,scale_muR0p5_muF1,scale_muR0p5_muF0p5,1.5916335500999824e-08,2.0809100013667333e-08,mass_4p5,mass_5,1.638589049590372e-08,1.7264288145801423e-08,gg_u,gg_d,1.3701980317424559e-08,1.692209705529628e-08,cbs_up,central,1.7132796098884416e-08,1.8330386437221788e-08,0.015106462215925478,100.0,1.3701980317424559e-08,2.0809100013667333e-08,False,True,cbs,mb,0.09167084225192568,0.01946831410494987,0.023603127620702935,0.04589478391741775,0.055852196241399144,False,False,3.049130220192063e-08,False,3.170044505318072e-08,False,3.002956577101023e-08,3.054901757847428e-08,2.813390157415531e-08,3.349720304426951e-08,scale_muR2_muF2,scale_muR0p5_muF1,2.650926084882011e-08,3.0545723772535727e-08,mass_5,mass_4p5,2.9843998651234146e-08,3.165644128090622e-08,gg_s,gg_u,3.049130220192063e-08,3.6372518968668284e-08,central,cbs_up,2.7474104520719895e-08,2.961323526766009e-08,0.018032067751586108,100.0,2.650926084882011e-08,3.6372518968668284e-08,False,True,mb,cbs,0.07659740672302462,0.018872326929487926,0.022596424961251138,0.04248929070238783,0.050699794169287826,False,False,False,True,scale_muR1_muF0p5;scale_muR2_muF1;cbs_down,False,,True,1.652423187023853e-08,3.1633371178648386e-08,True,canonical_high_statistics_central
3.3,False,True,True,decay_2310_structural,False,False,False,False,1,True,False,central_repeat_2,False,True,scale_muR0p5_muF1;scale_muR1_muF2;pdf_0009;pdf_0014;pdf_0017;pdf_0029;pdf_0030;pdf_0031;pdf_0032;pdf_0037;pdf_0039;pdf_0048;pdf_0049;pdf_0050;pdf_0054;pdf_0060;pdf_0064;pdf_0067;pdf_0074;pdf_0075;pdf_0078;pdf_0080;pdf_0081;pdf_0085;pdf_0089;pdf_0096;pdf_0098;pdf_0099;pdf_0100;mass_4p5;gg_u;cbs_up,False,,single_source_variation_envelope,,False,,False,,2.188582550773978e-08,,,,,,,,,,,,,,,,,,,,,,,False,True,,,,,,,,False,False,,False,,False,,2.222977114767237e-08,,,,,,,,,,,,,,,,,,,,,,,False,True,,,,,,,,False,False,False,True,scale_muR0p5_muF1;scale_muR1_muF2;pdf_0009;pdf_0014;pdf_0017;pdf_0029;pdf_0030;pdf_0031;pdf_0032;pdf_0037;pdf_0039;pdf_0048;pdf_0049;pdf_0050;pdf_0054;pdf_0060;pdf_0064;pdf_0067;pdf_0074;pdf_0075;pdf_0078;pdf_0080;pdf_0081;pdf_0085;pdf_0089;pdf_0096;pdf_0098;pdf_0099;pdf_0100;mass_4p5;gg_u;cbs_up,True,central_repeat_2,False,,,True,canonical_high_statistics_central
3.4,False,True,True,decay_2310_structural,False,False,False,False,0,False,False,,False,True,scale_muR0p5_muF1;scale_muR1_muF2;cbs_up,False,,single_source_variation_envelope,,False,,False,,,,,,,,,,,,,,,,,,,,,,,,,False,True,,,,,,,,False,False,,False,,False,,,,,,,,,,,,,,,,,,,,,,,,,False,True,,,,,,,,False,False,False,True,scale_muR0p5_muF1;scale_muR1_muF2;cbs_up,False,,False,,,True,canonical_high_statistics_central
3.5,False,True,True,decay_2310_structural,False,False,False,False,0,False,False,,False,True,cbs_up,False,,single_source_variation_envelope,,False,,False,,,,,,,,,,,,,,,,,,,,,,,,,False,True,,,,,,,,False,False,,False,,False,,,,,,,,,,,,,,,,,,,,,,,,,False,True,,,,,,,,False,False,False,True,cbs_up,False,,False,,,True,canonical_high_statistics_central
3.6,False,False,False,decay_2310_structural,False,False,False,False,0,False,False,,False,False,,False,,single_source_variation_envelope,,False,,False,,,,,,,,,,,,,,,,,,,,,,,,,False,True,,,,,,,,False,False,,False,,False,,,,,,,,,,,,,,,,,,,,,,,,,False,True,,,,,,,,False,False,False,False,,False,,False,,,True,canonical_high_statistics_central
3.7,False,False,False,decay_2310_structural,False,False,False,False,0,False,False,,False,False,,False,,single_source_variation_envelope,,False,,False,,,,,,,,,,,,,,,,,,,,,,,,,False,True,,,,,,,,False,False,,False,,False,,,,,,,,,,,,,,,,,,,,,,,,,False,True,,,,,,,,False,False,False,False,,False,,False,,,True,canonical_high_statistics_central
3.8,False,False,False,decay_2310_structural,False,False,False,False,0,False,False,,False,False,,False,,single_source_variation_envelope,,False,,False,,,,,,,,,,,,,,,,,,,,,,,,,False,True,,,,,,,,False,False,,False,,False,,,,,,,,,,,,,,,,,,,,,,,,,False,True,,,,,,,,False,False,False,False,,False,,False,,,True,canonical_high_statistics_central
3.9,False,False,False,decay_2310_structural,False,False,False,False,0,False,False,,False,False,,False,,single_source_variation_envelope,,False,,False,,,,,,,,,,,,,,,,,,,,,,,,,False,True,,,,,,,,False,False,,False,,False,,,,,,,,,,,,,,,,,,,,,,,,,False,True,,,,,,,,False,False,False,False,,False,,False,,,True,canonical_high_statistics_central
4.0,False,False,False,decay_2310_structural,False,False,False,False,0,False,False,,False,False,,False,,single_source_variation_envelope,,False,,False,,,,,,,,,,,,,,,,,,,,,,,,,False,True,,,,,,,,False,False,,False,,False,,,,,,,,,,,,,,,,,,,,,,,,,False,True,,,,,,,,False,False,False,False,,False,,False,,,True,canonical_high_statistics_central
4.1,False,False,False,decay_2310_structural,False,False,False,False,0,False,False,,False,False,,False,,single_source_variation_envelope,,False,,False,,,,,,,,,,,,,,,,,,,,,,,,,False,True,,,,,,,,False,False,,False,,False,,,,,,,,,,,,,,,,,,,,,,,,,False,True,,,,,,,,False,False,False,False,,False,,False,,,True,canonical_high_statistics_central
4.2,False,False,False,decay_2310_structural,False,False,False,False,0,False,False,,False,False,,False,,single_source_variation_envelope,,False,,False,,,,,,,,,,,,,,,,,,,,,,,,,False,True,,,,,,,,False,False,,False,,False,,,,,,,,,,,,,,,,,,,,,,,,,False,True,,,,,,,,False,False,False,False,,False,,False,,,True,canonical_high_statistics_central
4.3,False,False,False,decay_2310_structural,False,False,False,False,0,False,False,,False,False,,False,,single_source_variation_envelope,,False,,False,,,,,,,,,,,,,,,,,,,,,,,,,False,True,,,,,,,,False,False,,False,,False,,,,,,,,,,,,,,,,,,,,,,,,,False,True,,,,,,,,False,False,False,False,,False,,False,,,True,canonical_high_statistics_central
4.4,False,False,False,decay_2310_structural,False,False,False,False,0,False,False,,False,False,,False,,single_source_variation_envelope,,False,,False,,,,,,,,,,,,,,,,,,,,,,,,,False,True,,,,,,,,False,False,,False,,False,,,,,,,,,,,,,,,,,,,,,,,,,False,True,,,,,,,,False,False,False,False,,False,,False,,,True,canonical_high_statistics_central
4.5,False,False,False,decay_2310_structural,False,False,False,False,0,False,False,,False,False,,False,,single_source_variation_envelope,,False,,False,,,,,,,,,,,,,,,,,,,,,,,,,False,True,,,,,,,,False,False,,False,,False,,,,,,,,,,,,,,,,,,,,,,,,,False,True,,,,,,,,False,False,False,False,,False,,False,,,True,canonical_high_statistics_central
4.6,False,False,False,decay_2310_structural,False,False,False,False,0,False,False,,False,False,,False,,single_source_variation_envelope,,False,,False,,,,,,,,,,,,,,,,,,,,,,,,,False,True,,,,,,,,False,False,,False,,False,,,,,,,,,,,,,,,,,,,,,,,,,False,True,,,,,,,,False,False,False,False,,False,,False,,,True,canonical_high_statistics_central
4.65,False,False,False,decay_2310_structural,False,False,False,False,0,False,False,,False,False,,False,,single_source_variation_envelope,,False,,False,,,,,,,,,,,,,,,,,,,,,,,,,False,True,,,,,,,,False,False,,False,,False,,,,,,,,,,,,,,,,,,,,,,,,,False,True,,,,,,,,False,False,False,False,,False,,False,,,True,canonical_high_statistics_central
4.7,False,False,False,decay_2310_structural,False,False,False,False,0,False,False,,False,False,,False,,single_source_variation_envelope,,False,,False,,,,,,,,,,,,,,,,,,,,,,,,,False,True,,,,,,,,False,False,,False,,False,,,,,,,,,,,,,,,,,,,,,,,,,False,True,,,,,,,,False,False,False,False,,False,,False,,,True,canonical_high_statistics_central
4.75,False,False,False,decay_2310_structural,False,False,False,False,0,False,False,,False,False,,False,,single_source_variation_envelope,,False,,False,,,,,,,,,,,,,,,,,,,,,,,,,False,True,,,,,,,,False,False,,False,,False,,,,,,,,,,,,,,,,,,,,,,,,,False,True,,,,,,,,False,False,False,False,,False,,False,,,True,canonical_high_statistics_central
