# PastExclusion HNL |U_{\mu}|^2 sensitivity (BC7 benchmark)
# Source: HNLimits Umu4 single-flavor compilation
# kind: envelope
# mass_GeV  u2
0.001000554  0.01079184916
0.001012292  0.01062467047
0.001024167  0.01046008157
0.001036181  0.01029804236
0.001048336  0.01013851333
0.001060634  0.009981455591
0.001073076  0.00982116992
0.001085664  0.00954396539
0.0010984  0.009264414144
0.001111285  0.008993051202
0.001124322  0.008729636723
0.001124806  0.008729636723
0.001137511  0.00843141586
0.001150855  0.008192372983
0.001164356  0.007913611372
0.001178014  0.007644335174
0.001191834  0.00729822891
0.001194188  0.007129886162
0.001205815  0.007129886162
0.00121996  0.006882794
0.001234271  0.006644265024
0.00124875  0.00634345656
0.001253688  0.006178945702
0.001263399  0.006178945702
0.00127822  0.005946890171
0.001293215  0.005723549681
0.001308385  0.00535669825
0.001313179  0.005300058423
0.001323734  0.005300058423
0.001339262  0.005095092233
0.001354973  0.004898052586
0.001370868  0.004708632943
0.001382597  0.00443569867
0.00138695  0.00443569867
0.00140322  0.004351143674
0.001419681  0.004182196622
0.001436335  0.00401980948
0.001453184  0.003863727537
0.001461922  0.00370730062
0.001470231  0.00370730062
0.001487478  0.003556566902
0.001504928  0.003405513044
0.001522582  0.00314679473
0.001540443  0.003111124164
0.001541227  0.003111124164
0.001558514  0.002919646176
0.001576797  0.002739952938
0.001595294  0.002572033516
0.001610633  0.002424390559
0.001614008  0.002424390559
0.001632942  0.00222544954
0.001652098  0.002149994004
0.001670249  0.00201967621
0.001671478  0.00191050569
0.001691086  0.001896966325
0.001710924  0.001779530386
0.001719894  0.001669364581
0.001730995  0.00159346175
0.001751301  0.001562583951
0.001769547  0.001454055886
0.001771845  0.001454055886
0.00179263  0.00130728079
0.001813659  0.001255286858
0.001829127  0.001161350303
0.001834935  0.00109936491
0.001856461  0.001073197264
0.001878239  0.000953559727
0.001888743  0.0009062142609
0.001900272  0.0009062142609
0.001922564  0.000783912418
0.001938441  0.0007568103658
0.001945117  0.0007568103658
0.001967935  0.0006965445424
0.001978207  0.000637839989
0.001991021  0.000637839989
0.002014377  0.0005918084422
0.002027954  0.00054307435
0.002038007  0.00054307435
0.002061915  0.000473971902
0.002086103  0.0004603290295
0.002087588  0.0004603290295
0.002110575  0.00040189132
0.002135334  0.0003880232066
0.002137259  0.0003560093644
0.002160383  0.00034147618
0.002177012  0.0003250043597
0.002185726  0.0003250043597
0.002211367  0.0002952546002
0.002226692  0.000255320211
0.002237308  0.000255320211
0.002263554  0.000212069965
0.002276368  0.0002067779633
0.002290107  0.0002067779633
0.002316134  0.000181681939
0.002316972  0.000181681939
0.002344152  0.000159547127
0.002355914  0.0001445046071
0.002371651  0.000130352092
0.002392486  0.0001260974077
0.002399473  0.0001260974077
0.002427621  0.000108048983
0.002435567  0.0001000227596
0.002456099  9.14276599e-05
0.002465442  8.801629099e-05
0.002484911  8.801629099e-05
0.002505338  7.68859964e-05
0.002514061  7.68859964e-05
0.002543553  6.3598914e-05
0.002555067  5.559005232e-05
0.002573391  5.13220696e-05
0.002594887  4.82462823e-05
0.002603579  4.37870044e-05
0.002634122  4.303079831e-05
0.002634721  4.303079831e-05
0.002665022  3.64454052e-05
0.002671301  3.64454052e-05
0.002696285  3.64454052e-05
0.002711224  3.64454052e-05
0.002727915  3.64454052e-05
0.002754314  3.64454052e-05
0.002759916  3.64454052e-05
0.002792292  3.64454052e-05
0.002813899  3.64454052e-05
0.002825048  3.64454052e-05
0.002858188  3.64454052e-05
0.002891718  3.64454052e-05
0.002912308  3.64454052e-05
0.00292564  3.64454052e-05
0.00295996  3.64454052e-05
0.002990875  3.690693456e-05
0.002994683  3.830246377e-05
0.003029813  3.54187178e-05
0.003065356  3.464721224e-05
0.003079573  3.253152689e-05
0.003101315  3.253152689e-05
0.003137696  3.053292e-05
0.003149029  3.053292e-05
0.003174504  3.053292e-05
0.003198678  3.053292e-05
0.003211744  3.053292e-05
0.00324942  3.053292e-05
0.003287539  3.053292e-05
0.00328778  3.053292e-05
0.003326105  3.053292e-05
0.003365123  3.053292e-05
0.003404599  3.053292e-05
0.003405895  3.053292e-05
0.003444537  3.00413567e-05
0.003484945  3.00198123e-05
0.003524243  2.996985385e-05
0.003525826  2.996985385e-05
0.003567187  2.991997854e-05
0.003609034  2.987018624e-05
0.003633074  2.982047679e-05
0.003651371  2.982047679e-05
0.003694204  2.97393325e-05
0.003737541  2.97393325e-05
0.003781385  2.97393325e-05
0.003825744  2.97393325e-05
0.003870624  2.97393325e-05
0.003899438  2.97393325e-05
0.003916029  2.97393325e-05
0.003961968  2.97393325e-05
0.004008445  2.97393325e-05
0.004017643  2.97393325e-05
0.004055468  2.97393325e-05
0.004103042  2.97393325e-05
0.004136115  3.007296939e-05
0.004151174  3.07428254e-05
0.004199871  3.07428254e-05
0.004224865  3.07428254e-05
0.004249139  3.07428254e-05
0.004283757  3.07428254e-05
0.004298985  3.07428254e-05
0.004349416  3.07428254e-05
0.004352447  3.07428254e-05
0.004400439  3.106586054e-05
0.004440914  3.106586054e-05
0.00445206  3.11920737e-05
0.004504286  3.57424608e-05
0.004549161  3.710009901e-05
0.004557125  4.193593778e-05
0.004610584  4.57141133e-05
0.004664671  4.88288876e-05
0.004667508  4.88288876e-05
0.004719391  4.63754345e-05
0.004774754  3.82821043e-05
0.004785905  3.30000467e-05
0.004830766  2.79236042e-05
0.004887435  2.02419881e-05
0.004904382  1.75570883e-05
0.004944769  1.75570883e-05
0.004983575  1.54184166e-05
0.005002775  1.54184166e-05
0.005023449  1.54184166e-05
0.005061462  1.54184166e-05
0.005063228  1.54184166e-05
0.005103048  1.54184166e-05
0.005120838  1.54184166e-05
0.005126378  1.54184166e-05
0.005162932  1.54184166e-05
0.00518091  1.54184166e-05
0.00518297  1.54184166e-05
0.005241686  1.54184166e-05
0.005242438  1.54184166e-05
0.005303176  1.54184166e-05
0.005330933  1.54184166e-05
0.005365387  1.54184166e-05
0.005379925  1.54184166e-05
0.005428327  1.54184166e-05
0.005428917  1.54184166e-05
0.005492006  1.54184166e-05
0.005497575  1.54184166e-05
0.005556432  1.688536924e-05
0.005586061  1.688536924e-05
0.005621614  1.75953744e-05
0.005664629  1.959247868e-05
0.005687561  2.04975255e-05
0.005753101  2.22718502e-05
0.005754281  2.22718502e-05
0.005821783  1.94386614e-05
0.005851874  1.843006679e-05
0.005890078  1.46851284e-05
0.005911403  1.19483668e-05
0.005951236  1.19483668e-05
0.005959174  8.84192264e-06
0.005990989  8.84192264e-06
0.00602908  8.84192264e-06
0.006040669  8.84192264e-06
0.006099806  8.84192264e-06
0.006129745  8.84192264e-06
0.006171363  8.84192264e-06
0.00620888  8.84192264e-06
0.006232285  8.84192264e-06
0.006243758  8.84192264e-06
0.006252461  8.84192264e-06
0.006309012  8.84192264e-06
0.006317003  8.84192264e-06
0.00632701  8.84192264e-06
0.006370621  8.84192264e-06
0.006391107  8.84192264e-06
0.006406297  8.84192264e-06
0.006441906  8.84192264e-06
0.00646608  8.84192264e-06
0.006480855  8.84192264e-06
0.006503408  8.84192264e-06
0.006541933  8.84192264e-06
0.006581734  8.84192264e-06
0.006618675  8.84192264e-06
0.006696318  1.02612707e-05
0.006700006  1.02612707e-05
0.006774872  1.56323461e-05
0.006808699  1.56323461e-05
0.006854347  1.56323461e-05
0.006878112  1.56323461e-05
0.006917905  1.56323461e-05
0.006934754  1.56323461e-05
0.006947887  1.56323461e-05
0.006977843  1.56323461e-05
0.007016105  1.56323461e-05
0.00703044  1.56323461e-05
0.007037754  1.56323461e-05
0.007096016  1.40766053e-05
0.00709841  1.40766053e-05
0.007154649  1.03526121e-05
0.007181681  1.03526121e-05
0.007233824  8.51350821e-06
0.007263735  8.51350821e-06
0.007265928  8.51350821e-06
0.007351164  8.51350821e-06
0.007352753  8.51350821e-06
0.007431611  8.51350821e-06
0.007437399  8.51350821e-06
0.007461571  8.51350821e-06
0.007471699  8.51350821e-06
0.007501614  8.51350821e-06
0.007524647  8.51350821e-06
0.007531502  8.51350821e-06
0.007561467  8.51350821e-06
0.007612917  8.51350821e-06
0.007643625  8.51350821e-06
0.007702224  8.51350821e-06
0.007725992  8.51350821e-06
0.007748575  8.51350821e-06
0.007792577  8.51350821e-06
0.007817313  8.51350821e-06
0.007883991  8.51350821e-06
0.007885995  8.51350821e-06
0.007921638  8.51350821e-06
0.007944137  8.51350821e-06
0.007976477  8.51350821e-06
0.007993075  8.51350821e-06
0.008070048  8.51350821e-06
0.008081637  8.51350821e-06
0.008164717  9.81332202e-06
0.008210043  1.315360671e-05
0.008260496  1.38553735e-05
0.008299119  1.416875661e-05
0.008357399  1.34607042e-05
0.008378397  1.266651534e-05
0.008447862  9.19518663e-06
0.008455439  9.19518663e-06
0.008535102  8.41532381e-06
0.008547106  8.41532381e-06
0.008554628  8.41532381e-06
0.008635585  8.41532381e-06
0.008654982  8.41532381e-06
0.008734639  8.41532381e-06
0.008756512  8.41532381e-06
0.008843288  8.41532381e-06
0.008859234  8.41532381e-06
0.00889302  8.41532381e-06
0.008929606  8.41532381e-06
0.00896316  8.41532381e-06
0.009012002  8.41532381e-06
0.009068306  8.41532381e-06
0.009100707  8.41532381e-06
0.009139834  8.41532381e-06
0.009152558  8.41532381e-06
0.009174685  8.41532381e-06
0.009188286  8.41532381e-06
0.009267001  8.41532381e-06
0.009282312  8.41532381e-06
0.009355844  8.41532381e-06
0.009391202  8.41532381e-06
0.009434376  8.41532381e-06
0.009483337  8.41532381e-06
0.009501369  8.41532381e-06
0.009502731  8.41532381e-06
0.009525373  8.41532381e-06
0.00960071  8.605436361e-06
0.009612828  8.6809013e-06
0.009689692  8.6809013e-06
0.009725595  8.6809013e-06
0.009739265  8.6809013e-06
0.009779071  8.6809013e-06
0.00977938  8.6809013e-06
0.009799538  8.6809013e-06
0.009819709  8.6809013e-06
0.009839685  8.6809013e-06
0.00984311  8.6809013e-06
0.009873731  8.6809013e-06
0.00987966  8.6809013e-06
0.009934974  8.6809013e-06
0.009955113  8.6809013e-06
0.010001318  8.6809013e-06
0.010046786  8.6809013e-06
0.01006242  8.6809013e-06
0.010071895  8.6809013e-06
0.010131969  8.6809013e-06
0.010164529  8.6809013e-06
0.010190047  8.4443528e-06
0.010194881  8.4443528e-06
0.010197018  8.4443528e-06
0.010265102  8.4443528e-06
0.010309585  8.4443528e-06
0.010370634  8.4443528e-06
0.010430526  8.4443528e-06
0.010468922  8.4443528e-06
0.010552885  8.4443528e-06
0.010587627  8.4443528e-06
0.010666744  8.4443528e-06
0.010676679  8.4443528e-06
0.010706497  8.4443528e-06
0.010711811  8.4443528e-06
0.010756579  8.4443528e-06
0.010766767  8.4443528e-06
0.010768552  8.4443528e-06
0.010777747  8.4443528e-06
0.010781371  8.4443528e-06
0.010801926  8.4443528e-06
0.010877556  8.4443528e-06
0.010928642  8.4443528e-06
0.011002683  8.4443528e-06
0.011056845  8.4443528e-06
0.01108167  8.4443528e-06
0.011134764  8.4443528e-06
0.011152107  8.4443528e-06
0.011159094  8.4443528e-06
0.011174231  8.4443528e-06
0.011186551  8.4443528e-06
0.011229987  8.4443528e-06
0.011259906  8.4443528e-06
0.011317779  8.4443528e-06
0.011368588  8.4443528e-06
0.011421594  8.47011358e-06
0.011450547  8.47011358e-06
0.011453568  8.47011358e-06
0.011501759  8.47011358e-06
0.011507716  8.47011358e-06
0.011565702  8.47011358e-06
0.01156597  8.47011358e-06
0.011584872  8.47011358e-06
0.011601474  8.47011358e-06
0.011683254  8.47011358e-06
0.011720772  8.47011358e-06
0.011758574  8.47011358e-06
0.011801753  8.47011358e-06
0.011831642  8.47011358e-06
0.011858267  8.47011358e-06
0.011878154  8.47011358e-06
0.011990301  8.47011358e-06
0.011997375  8.47011358e-06
0.012000867  8.47011358e-06
0.012010314  8.47011358e-06
0.012024191  8.47011358e-06
0.012066691  8.47011358e-06
0.012078174  8.47011358e-06
0.012097575  8.47011358e-06
0.012138115  8.47011358e-06
0.012146538  8.47011358e-06
0.012271754  8.44399914e-06
0.012274232  8.44399914e-06
0.012280505  8.44399914e-06
0.01232555  8.44399914e-06
0.012383184  8.44399914e-06
0.012424566  8.44399914e-06
0.012459281  8.44399914e-06
0.012462194  8.44399914e-06
0.012515158  8.44399914e-06
0.012542236  8.44399914e-06
0.012570317  8.44399914e-06
0.012667694  8.44399914e-06
0.012717778  8.44399914e-06
0.012745279  8.44399914e-06
0.012808771  8.44399914e-06
0.012858584  8.44399914e-06
0.012866969  8.44399914e-06
0.012895259  8.44399914e-06
0.012984584  8.44399914e-06
0.013006779  8.44399914e-06
0.01301791  8.44399914e-06
0.01301961  8.44399914e-06
0.013038875  8.44399914e-06
0.013094197  8.44399914e-06
0.013170621  8.44399914e-06
0.013182768  8.44399914e-06
0.013197597  8.44399914e-06
0.01320214  8.44399914e-06
0.013241187  8.44399914e-06
0.013309959  8.44399914e-06
0.013325124  8.44399914e-06
0.013398559  8.44399914e-06
0.013448391  8.2262489e-06
0.013481439  8.2262489e-06
0.013498124  8.168521914e-06
0.013537971  8.168521914e-06
0.013578064  8.09237467e-06
0.013587584  8.09237467e-06
0.013639588  8.09237467e-06
0.013704533  8.09237467e-06
0.013765382  8.000772754e-06
0.013794346  8.000772754e-06
0.013799593  8.000772754e-06
0.013804153  7.892623558e-06
0.013807825  7.892623558e-06
0.013880562  7.791631922e-06
0.013961474  7.683827155e-06
0.01398204  7.644082458e-06
0.014069686  7.524970976e-06
0.014080712  7.524970976e-06
0.014110649  7.45538563e-06
0.014125254  7.45538563e-06
0.014143978  7.414204847e-06
0.014170806  7.370296739e-06
0.014240255  7.370296739e-06
0.014290956  7.243610538e-06
0.014358665  7.191020745e-06
0.014447053  7.036869701e-06
0.01444733  7.036869701e-06
0.014458601  7.036869701e-06
0.014459955  7.036869701e-06
0.014466085  7.036869701e-06
0.014478871  6.974554983e-06
0.014544186  6.894686751e-06
0.014620003  6.82575524e-06
0.014628213  6.82575524e-06
0.014650262  6.764605323e-06
0.014692111  6.718227711e-06
0.014770522  6.618430248e-06
0.014799815  5.95706734e-06
0.014888879  5.775516577e-06
0.014928042  5.368206654e-06
0.014941817  5.263514714e-06
0.01497343  5.263514714e-06
0.015007405  5.060268987e-06
0.015102335  4.701890904e-06
0.015107019  4.701890904e-06
0.015149081  4.526783343e-06
0.01521514  4.36082085e-06
0.015274861  4.158988831e-06
0.015324668  4.078197568e-06
0.015326793  4.078197568e-06
0.01536775  3.933479845e-06
0.015394299  3.909439001e-06
0.015433236  3.826398996e-06
0.015436181  3.826398996e-06
0.015452215  3.78938787e-06
0.015453435  3.78938787e-06
0.015496885  3.78938787e-06
0.01550659  3.694833212e-06
0.015547349  3.662674553e-06
0.01558414  3.572199491e-06
0.015609243  3.572199491e-06
0.015629383  3.572199491e-06
0.015636388  3.572199491e-06
0.015664682  3.451792557e-06
0.015683196  3.451792557e-06
0.015688496  3.451792557e-06
0.015701262  3.440919001e-06
0.015704926  3.440919001e-06
0.015774572  3.423384543e-06
0.015800431  3.423384543e-06
0.015813983  3.423384543e-06
0.015826249  3.423384543e-06
0.015872535  3.400067125e-06
0.015877999  3.400067125e-06
0.015964661  3.390413926e-06
0.01597417  3.390413926e-06
0.015974981  3.390413926e-06
0.016005084  3.390413926e-06
0.016025322  3.363402838e-06
0.016058734  3.3524137e-06
0.01607502  3.3524137e-06
0.016130291  3.3524137e-06
0.016143991  3.3524137e-06
0.016183244  3.3524137e-06
0.016188987  3.3524137e-06
0.016247117  3.3524137e-06
0.016271881  3.3524137e-06
0.01627219  3.3524137e-06
0.01628635  3.3524137e-06
0.016319971  3.3524137e-06
0.016336036  3.3524137e-06
0.01635858  3.3524137e-06
0.016417335  3.3524137e-06
0.01643771  3.3524137e-06
0.016496147  3.3524137e-06
0.016574878  3.3524137e-06
0.016585317  3.3524137e-06
0.016630539  3.3524137e-06
0.016686185  3.3524137e-06
0.016704026  3.3524137e-06
0.016802843  3.3524137e-06
0.016825629  3.3524137e-06
0.016844123  3.3524137e-06
0.016960803  3.3524137e-06
0.017008774  3.3524137e-06
0.017023009  3.3524137e-06
0.017029117  3.3524137e-06
0.017061624  3.3524137e-06
0.017146553  3.3524137e-06
0.017222703  3.3524137e-06
0.017245563  3.3524137e-06
0.017334631  3.3524137e-06
0.017364126  3.3524137e-06
0.017418263  3.3524137e-06
0.017424741  3.3524137e-06
0.017432044  3.3524137e-06
0.017462209  3.3524137e-06
0.017515551  3.3524137e-06
0.017551267  3.3524137e-06
0.017558457  3.3524137e-06
0.017581309  3.3524137e-06
0.017629148  3.3524137e-06
0.01763001  3.3524137e-06
0.017693096  3.3524137e-06
0.017778187  3.3524137e-06
0.017834549  3.3524137e-06
0.017835954  3.3524137e-06
0.017886991  3.3524137e-06
0.018002139  3.3524137e-06
0.018045185  3.395766918e-06
0.018104475  3.466324369e-06
0.018193372  3.53052859e-06
0.018237134  3.53052859e-06
0.018256871  3.54997695e-06
0.018263444  3.54997695e-06
0.018289036  3.62653053e-06
0.018351115  3.62653053e-06
0.01839026  3.652154538e-06
0.018414553  3.699545087e-06
0.018430701  3.699545087e-06
0.01847104  3.754009421e-06
0.018498055  3.737117612e-06
0.018577177  3.737117612e-06
0.018616979  3.737117612e-06
0.018639948  3.737117612e-06
0.018678422  3.5806856e-06
0.018687721  3.5806856e-06
0.018726103  3.565181245e-06
0.0187856  3.565181245e-06
0.018793837  3.565181245e-06
0.018822101  3.565181245e-06
0.018864534  3.565181245e-06
0.018864829  3.565181245e-06
0.018874171  3.565181245e-06
0.018877115  3.565181245e-06
0.0189029  3.498314855e-06
0.018906944  3.498314855e-06
0.018984847  3.483715071e-06
0.019011989  3.45431158e-06
0.019031253  3.45431158e-06
0.019061262  3.45431158e-06
0.019088157  3.45431158e-06
0.019128739  3.45431158e-06
0.019157919  3.433069537e-06
0.01926965  3.415421894e-06
0.019292479  3.415421894e-06
0.019303002  3.415421894e-06
0.019343971  3.349164238e-06
0.019353136  3.349164238e-06
0.019404782  3.339245336e-06
0.01943272  3.339245336e-06
0.019449311  3.339245336e-06
0.019478367  3.339245336e-06
0.019538488  3.339245336e-06
0.019580165  3.339245336e-06
0.019766534  3.197179617e-06
0.019809858  3.164861013e-06
0.02  3.14201449e-06
0.020042245  3.095156418e-06
0.020119164  3.078048338e-06
0.020128138  3.078048338e-06
0.020175334  3.078048338e-06
0.020277358  3.078048338e-06
0.02032139  2.92710216e-06
0.020489635  2.663678139e-06
0.020515229  2.663678139e-06
0.020755891  2.243794566e-06
0.020840843  2.193763936e-06
0.020894075  2.193763936e-06
0.020983612  1.95563313e-06
0.020999375  1.95563313e-06
0.021047695  1.90758088e-06
0.021192172  1.90758088e-06
0.021245716  1.739393221e-06
0.021494947  1.724007466e-06
0.021533319  1.71595111e-06
0.02159637  1.71423446e-06
0.02167132  1.71423446e-06
0.021747102  1.71423446e-06
0.021864284  1.71423446e-06
0.021920101  1.71423446e-06
0.021964526  1.71423446e-06
0.022002214  1.71423446e-06
0.022195263  1.71423446e-06
0.022260319  1.71423446e-06
0.022503352  1.71423446e-06
0.022521452  1.71423446e-06
0.022526081  1.71423446e-06
0.022542208  1.71423446e-06
0.022785649  1.71423446e-06
0.022792465  1.71423446e-06
0.022846301  1.71423446e-06
0.023052944  1.71423446e-06
0.02315591  1.71423446e-06
0.023323375  1.71423446e-06
0.02346525  1.71423446e-06
0.023596979  1.71423446e-06
0.023678607  1.71423446e-06
0.023759576  1.71423446e-06
0.023764113  1.71423446e-06
0.023870431  1.71423446e-06
0.023873792  1.71423446e-06
0.02407352  1.71423446e-06
0.024153853  1.71423446e-06
0.024338084  1.857225816e-06
0.024372974  1.857225816e-06
0.024437198  1.93235015e-06
0.024537335  2.009056573e-06
0.024672496  1.981968683e-06
0.024723868  1.981968683e-06
0.024873218  1.95932063e-06
0.024971923  1.937297976e-06
0.025013901  1.937297976e-06
0.025231332  1.898188097e-06
0.025250705  1.898188097e-06
0.025261093  1.898188097e-06
0.025307336  1.898188097e-06
0.025540072  1.84966059e-06
0.025604213  1.84966059e-06
0.02565102  1.82054178e-06
0.025829613  1.79540415e-06
0.025904572  1.79540415e-06
0.026108489  1.774251359e-06
0.026208456  1.752700135e-06
0.026282388  1.744314595e-06
0.0263767  1.744314595e-06
0.026414784  1.721416099e-06
0.026515904  1.721416099e-06
0.026655348  1.702141505e-06
0.026826959  1.68032438e-06
0.026924231  1.669711832e-06
0.026963986  1.669711832e-06
0.027141662  1.662579163e-06
0.027154858  1.653767828e-06
0.027193866  1.652581041e-06
0.027357214  1.642748831e-06
0.027453037  1.633530035e-06
0.027460058  1.63300122e-06
0.027530889  1.631370605e-06
0.027711134  1.623364288e-06
0.027782188  1.613833805e-06
0.027978915  1.604410245e-06
0.028104905  1.595091341e-06
0.028108097  1.59114005e-06
0.028147646  1.589710247e-06
0.028236757  1.585673552e-06
0.028303477  1.585673552e-06
0.028342207  1.576210768e-06
0.02843783  1.576210768e-06
0.02845932  1.568531068e-06
0.028498177  1.566853349e-06
0.028504793  1.566853349e-06
0.028607685  1.566853349e-06
0.028615177  1.566853349e-06
0.028752789  1.557600246e-06
0.028771008  1.557600246e-06
0.028771431  1.557600246e-06
0.028926856  1.5456202e-06
0.028990053  1.539396848e-06
0.029074201  1.530443824e-06
0.029082701  1.530443824e-06
0.029108945  1.530443824e-06
0.029238527  1.521587974e-06
0.029394372  1.512827285e-06
0.029450418  1.511109175e-06
0.029550201  1.504161059e-06
0.029693243  1.5002604e-06
0.029706021  1.5002604e-06
0.029772614  1.5002604e-06
0.029795897  1.5002604e-06
0.029861843  1.498604119e-06
0.030017672  1.496810864e-06
0.030145429  1.495600092e-06
0.030173495  1.494925708e-06
0.030329301  1.494065168e-06
0.030485118  1.492539222e-06
0.030499061  1.492539222e-06
0.030533613  1.491256326e-06
0.030640921  1.490642372e-06
0.030796727  1.48951457e-06
0.030856842  1.48801537e-06
0.030952527  1.48759595e-06
0.03103582  1.486524933e-06
0.03110833  1.48529014e-06
0.031139084  1.48529014e-06
0.031218819  1.48529014e-06
0.031264122  1.48529014e-06
0.03131573  1.48529014e-06
0.031419908  1.48529014e-06
0.031575692  1.48529014e-06
0.031585044  1.48529014e-06
0.031731472  1.48529014e-06
0.031765022  1.48529014e-06
0.03185787  1.48529014e-06
0.031887242  1.48529014e-06
0.031955564  1.48529014e-06
0.032043003  1.48529014e-06
0.032198766  1.48529014e-06
0.03233043  1.48529014e-06
0.032354516  1.48529014e-06
0.032393671  1.48529014e-06
0.032510232  1.48529014e-06
0.032665965  1.48529014e-06
0.032709695  1.48529014e-06
0.032821683  1.48529014e-06
0.032923189  1.48529014e-06
0.032951374  1.48529014e-06
0.032977363  1.48529014e-06
0.033093408  1.48529014e-06
0.033132992  1.48529014e-06
0.033290482  1.48529014e-06
0.033428713  1.466159446e-06
0.033481622  1.466159446e-06
0.033634841  1.453851225e-06
0.033655551  1.453851225e-06
0.033819586  1.453851225e-06
0.033874391  1.42262841e-06
0.034136305  1.418786166e-06
0.034271767  1.418786166e-06
0.034510735  1.39210993e-06
0.034673805  1.367790523e-06
0.034714427  1.364048028e-06
0.035008959  1.364048028e-06
0.03503184  1.364048028e-06
0.035080559  1.364048028e-06
0.035342  1.337339469e-06
0.035492085  1.337339469e-06
0.035881527  1.31724736e-06
0.035908438  1.31724736e-06
0.035937114  1.293054484e-06
0.036329675  1.275379277e-06
0.036698003  1.268569026e-06
0.036754125  1.268569026e-06
0.036755854  1.268569026e-06
0.037187032  1.22823581e-06
0.037246627  1.22620799e-06
0.037623269  1.22620799e-06
0.03762675  1.22620799e-06
0.038064623  1.19225152e-06
0.038298659  1.188181282e-06
0.038393034  1.188181282e-06
0.038499368  1.188181282e-06
0.038511154  1.188181282e-06
0.038523338  1.188181282e-06
0.038962923  1.15934756e-06
0.039153123  1.152856101e-06
0.039372  1.143750883e-06
0.039419992  1.143750883e-06
0.039882423  1.123121158e-06
0.040201991  1.121495629e-06
0.040244647  1.121495629e-06
0.040350279  1.121495629e-06
0.040809797  1.10586824e-06
0.040823623  1.10586824e-06
0.041117301  1.094898108e-06
0.04130252  1.08289839e-06
0.041565504  1.081759647e-06
0.041787034  1.072948405e-06
0.041989961  1.068598737e-06
0.042071641  1.068598737e-06
0.042078931  1.068598737e-06
0.042217266  1.06226207e-06
0.042277233  1.06226207e-06
0.042773182  1.057917681e-06
0.042862643  1.052918472e-06
0.043274949  1.047178936e-06
0.043735325  1.040420689e-06
0.043782602  1.03838011e-06
0.044151852  1.037403945e-06
0.04429621  1.037403945e-06
0.044336408  1.028366892e-06
0.044608014  1.02395116e-06
0.044815843  1.02395116e-06
0.044832322  1.02395116e-06
0.044946795  1.021635046e-06
0.045341572  1.021635046e-06
0.045480738  1.01681205e-06
0.045750248  1.01681205e-06
0.045873468  1.01681205e-06
0.046017512  1.01681205e-06
0.046212402  1.01681205e-06
0.046353455  1.01681205e-06
0.046411604  1.01681205e-06
0.046956053  1.01681205e-06
0.047226165  1.01681205e-06
0.047506888  1.01681205e-06
0.048064186  1.01681205e-06
0.048098903  1.01681205e-06
0.048099154  1.01681205e-06
0.048353704  1.01681205e-06
0.048506932  1.01681205e-06
0.04862802  1.01681205e-06
0.04897167  1.01681205e-06
0.049129233  1.01681205e-06
0.04919847  1.01681205e-06
0.049428854  1.01681205e-06
0.049775611  1.01681205e-06
0.049844436  1.01681205e-06
0.050359522  1.01681205e-06
0.050427694  1.01681205e-06
0.050717203  1.01681205e-06
0.050950283  1.01681205e-06
0.051366432  1.01681205e-06
0.051547975  1.01681205e-06
0.051567682  1.01681205e-06
0.051589969  1.01681205e-06
0.052152677  1.01681205e-06
0.052462743  1.01681205e-06
0.052626047  1.01681205e-06
0.052764474  1.01681205e-06
0.053107461  1.01681205e-06
0.053138142  1.01681205e-06
0.053335587  1.01681205e-06
0.053383447  1.01681205e-06
0.053880682  1.01681205e-06
0.054009682  1.01681205e-06
0.054208389  1.01681205e-06
0.0546343  1.01681205e-06
0.054643262  1.01681205e-06
0.055081205  1.017962802e-06
0.055284276  1.01859215e-06
0.055485641  1.01859215e-06
0.055932808  1.033203118e-06
0.055954035  1.033203118e-06
0.05637175  1.03838011e-06
0.056588949  1.044084584e-06
0.056745395  1.044084584e-06
0.056786068  1.044084584e-06
0.056826865  1.044084584e-06
0.057252787  1.04750127e-06
0.057699702  1.053804274e-06
0.057902207  1.06040565e-06
0.057924412  1.06040565e-06
0.058244539  1.06040565e-06
0.058572539  1.068201764e-06
0.058603916  1.068201764e-06
0.059125917  1.076821692e-06
0.059291391  1.08541021e-06
0.059445376  1.08541021e-06
0.059986931  1.092727478e-06
0.060318235  1.103740197e-06
0.060464675  1.103740197e-06
0.06069063  1.11363262e-06
0.061071169  1.11363262e-06
0.061170049  1.118187292e-06
0.061189963  1.118187292e-06
0.061191086  1.118187292e-06
0.061402584  1.125892883e-06
0.061642539  1.125892883e-06
0.062063951  1.13400082e-06
0.06212289  1.145954722e-06
0.062851646  1.15327992e-06
0.062936802  1.15327992e-06
0.063588951  1.17980449e-06
0.063809661  1.17980449e-06
0.063895526  1.183991476e-06
0.064143282  1.190461108e-06
0.064321422  1.201381929e-06
0.064334905  1.201381929e-06
0.064437956  1.201381929e-06
0.064682519  1.201381929e-06
0.065089609  1.220239302e-06
0.065555399  1.2346978e-06
0.065853167  1.258324341e-06
0.066428271  1.258324341e-06
0.066625683  1.26088753e-06
0.066661876  1.26088753e-06
0.067301158  1.282529673e-06
0.06740726  1.28988699e-06
0.067594484  1.292793314e-06
0.067705837  1.301193934e-06
0.067821889  1.301193934e-06
0.068174037  1.311213913e-06
0.068198006  1.311213913e-06
0.068766364  1.336951652e-06
0.068998028  1.35700425e-06
0.069046938  1.35700425e-06
0.069285734  1.35700425e-06
0.069807435  1.39307918e-06
0.069919831  1.39307918e-06
0.070626338  1.43512481e-06
0.070792732  1.43512481e-06
0.070973718  1.43512481e-06
0.071010567  1.43512481e-06
0.071454846  1.4487436e-06
0.071500495  1.4487436e-06
0.07166564  1.453931775e-06
0.072082256  1.47585573e-06
0.072293074  1.509585946e-06
0.072538547  1.509585946e-06
0.073141135  1.538986487e-06
0.073411476  1.568193114e-06
0.073999144  1.57452866e-06
0.074241599  1.617507196e-06
0.074284405  1.617507196e-06
0.074647796  1.617507196e-06
0.074867219  1.62773507e-06
0.075157327  1.639642183e-06
0.075179102  1.639642183e-06
0.075188885  1.642073385e-06
0.075745477  1.68568534e-06
0.076030284  1.714156967e-06
0.076634038  1.74569875e-06
0.076903227  1.794950289e-06
0.077504145  1.81736019e-06
0.07750948  1.81736019e-06
0.077533022  1.81736019e-06
0.077776177  1.867350751e-06
0.078442552  1.888255445e-06
0.078649141  1.89196335e-06
0.078657832  1.89196335e-06
0.078857709  1.922620457e-06
0.079362751  1.96618686e-06
0.079499676  1.96618686e-06
0.07952212  1.96618686e-06
0.080293746  2.06127083e-06
0.080395098  2.06127083e-06
0.080777374  2.124676817e-06
0.081235662  2.15340663e-06
0.08126809  2.15340663e-06
0.081471251  2.222008887e-06
0.082141097  2.25359916e-06
0.082188627  2.25359916e-06
0.082536316  2.339561123e-06
0.082643262  2.339561123e-06
0.083014118  2.339561123e-06
0.083152771  2.36671836e-06
0.083887138  2.470552974e-06
0.084045229  2.470552974e-06
0.084128226  2.490881221e-06
0.084760201  2.612714031e-06
0.085058604  2.62860271e-06
0.085115124  2.62860271e-06
0.085633257  2.774183079e-06
0.086113598  2.8188279e-06
0.086214923  2.8188279e-06
0.086506342  2.95026591e-06
0.087123786  3.0358273e-06
0.087255999  3.0358273e-06
0.087313149  3.0358273e-06
0.087379447  3.0358273e-06
0.087946576  3.173734646e-06
0.088145824  3.34622552e-06
0.088252566  3.34622552e-06
0.089125693  3.60130635e-06
0.089179852  3.60130635e-06
0.089893529  3.690975393e-06
0.089998841  3.690975393e-06
0.090226009  3.698540999e-06
0.090581004  3.629250573e-06
0.090872045  3.551172847e-06
0.091284439  3.513602602e-06
0.091503042  3.445550648e-06
0.091650569  3.410918874e-06
0.091745277  3.39043241e-06
0.092355285  3.370312862e-06
0.092482391  3.274728341e-06
0.092618496  3.274728341e-06
0.093438694  3.157248627e-06
0.093491827  3.157248627e-06
0.093572136  3.113907931e-06
0.093848911  3.113907931e-06
0.094365144  3.048993097e-06
0.094534811  2.988096947e-06
0.095238511  2.901645414e-06
0.095643787  2.886664524e-06
0.096111969  2.813677911e-06
0.096341769  2.799606585e-06
0.096765772  2.760084996e-06
0.096985505  2.735707589e-06
0.097116779  2.714881107e-06
0.097224719  2.714881107e-06
0.097250743  2.714881107e-06
0.097859112  2.64253288e-06
0.097900919  2.64253288e-06
0.098732803  2.573922904e-06
0.099049383  2.562026691e-06
0.099533842  2.530143938e-06
0.1  2.530143938e-06
0.100189306  2.455904459e-06
0.100211318  2.455904459e-06
0.100384725  2.432529451e-06
0.10077204  2.432529451e-06
0.10092935  2.432529451e-06
0.101354912  2.37978275e-06
0.101386885  2.37978275e-06
0.101711249  2.330607172e-06
0.101865031  2.31764237e-06
0.102302389  2.280090535e-06
0.102576242  2.280090535e-06
0.102812731  2.248488746e-06
0.103177288  2.248488746e-06
0.103469339  2.248488746e-06
0.103652974  2.248488746e-06
0.10377955  2.248488746e-06
0.10390729  2.161764334e-06
0.104202389  2.14998637e-06
0.104464409  2.14998637e-06
0.104607957  2.14998637e-06
0.104996975  2.14998637e-06
0.105927968  2.030298704e-06
0.106228681  2.030298704e-06
0.106921235  1.988826724e-06
0.107474837  1.93621072e-06
0.107585252  1.906881909e-06
0.107763346  1.906881909e-06
0.108286563  1.906881909e-06
0.10873561  1.906881909e-06
0.110011174  1.804631114e-06
0.110189522  1.749712148e-06
0.111301701  1.74369103e-06
0.11196517  1.674072362e-06
0.112607368  1.674072362e-06
0.112611943  1.674072362e-06
0.113375992  1.57281335e-06
0.113457784  1.57281335e-06
0.11392835  1.57281335e-06
0.115264829  1.533839641e-06
0.115643777  1.465684144e-06
0.116616987  1.41642668e-06
0.116726045  1.400379191e-06
0.117985006  1.378174875e-06
0.11800641  1.378174875e-06
0.119322384  1.333897473e-06
0.119369073  1.333897473e-06
0.119801149  1.271470751e-06
0.11999432  1.271470751e-06
0.120769376  1.253525068e-06
0.122186107  1.217635994e-06
0.123000991  1.15058489e-06
0.123262581  1.130256092e-06
0.123619457  1.130256092e-06
0.124121797  1.105981013e-06
0.125069621  1.105981013e-06
0.125154489  1.105981013e-06
0.126530855  1.016919959e-06
0.126536797  1.016919959e-06
0.126679598  1.003172877e-06
0.127118836  1.003172877e-06
0.128021184  1.003172877e-06
0.129522984  9.3612528e-07
0.129799117  9.073930731e-07
0.130358204  8.9536668e-07
0.130989772  8.9536668e-07
0.131042402  8.9536668e-07
0.132579644  7.296899072e-07
0.133067391  7.180064124e-07
0.133706103  6.997300441e-07
0.134036811  6.997300441e-07
0.134134919  6.997300441e-07
0.135708439  6.694128509e-07
0.136034987  6.50106306e-07
0.136335665  6.50106306e-07
0.137300417  6.272252314e-07
0.137715418  6.177351404e-07
0.138911071  6.079369923e-07
0.139603927  5.886273461e-07
0.14  5.753686278e-07
0.140008996  5.753686278e-07
0.140540619  5.637754997e-07
0.141394025  5.497208658e-07
0.142189284  2.18683424e-07
0.142462139  2.147778683e-07
0.142872188  2.125754552e-07
0.143857288  2.125754552e-07
0.145072632  1.919819296e-07
0.14554486  1.919819296e-07
0.145592874  1.919819296e-07
0.146140463  1.84494619e-07
0.147252228  1.84494619e-07
0.14804202  1.732099869e-07
0.148751238  1.732099869e-07
0.148979625  1.63009054e-07
0.149635584  1.608758531e-07
0.15  1.608758531e-07
0.150291754  1.608758531e-07
0.150727287  1.608758531e-07
0.150976964  1.509861822e-07
0.152429845  1.44484492e-07
0.152495449  1.44484492e-07
0.153467583  1.407087434e-07
0.154284354  1.407087434e-07
0.154451056  1.31259148e-07
0.156094244  1.2786156e-07
0.156108452  1.2786156e-07
0.15771916  1.153127885e-07
0.157925366  1.147533237e-07
0.158072778  1.13635251e-07
0.159777969  1.13151096e-07
0.159787059  1.13151096e-07
0.16  1.055620508e-07
0.160987291  1.01944079e-07
0.161652304  1.000165906e-07
0.161689772  1.000165906e-07
0.163465666  9.200778542e-08
0.163548627  9.200778542e-08
0.164255408  9.102802976e-08
0.165467195  8.726910845e-08
0.167013291  8.432679359e-08
0.167144272  8.432679359e-08
0.16740827  8.432679359e-08
0.167523525  7.84178737e-08
0.169368956  7.61639173e-08
0.169372115  7.61639173e-08
0.17  7.159836646e-08
0.170308406  7.133946825e-08
0.170791642  7.01728334e-08
0.170822879  7.01728334e-08
0.171358998  6.82353086e-08
0.173077805  6.750035273e-08
0.173369189  6.750035273e-08
0.174059772  5.418276344e-08
0.174501486  5.418276344e-08
0.175402961  4.450461877e-08
0.177327876  2.993797391e-08
0.177460591  2.993797391e-08
0.178043208  2.496106844e-08
0.178180093  2.496106844e-08
0.179542358  1.818005596e-08
0.18  1.689014459e-08
0.180107225  1.689014459e-08
0.180596085  1.689014459e-08
0.181101585  1.343935353e-08
0.181505669  1.343935353e-08
0.181648547  1.343935353e-08
0.1818587  1.343935353e-08
0.183779443  1.343935353e-08
0.183864385  1.343935353e-08
0.184351729  1.343935353e-08
0.185537307  1.203777616e-08
0.185935337  1.203777616e-08
0.186181339  1.203777616e-08
0.187132739  1.203777616e-08
0.187604368  1.203777616e-08
0.188116521  1.203777616e-08
0.188415691  1.203777616e-08
0.188824108  1.203777616e-08
0.189215913  1.203777616e-08
0.189482015  1.203777616e-08
0.19  1.203777616e-08
0.190247138  1.203777616e-08
0.190323292  1.203777616e-08
0.190401105  1.203777616e-08
0.191743119  1.203777616e-08
0.19255595  1.203777616e-08
0.19289452  1.203777616e-08
0.193669471  1.203777616e-08
0.194036697  1.203777616e-08
0.194619142  1.203777616e-08
0.1948148  1.203777616e-08
0.195839072  1.203777616e-08
0.196573127  1.203777616e-08
0.196937811  1.203777616e-08
0.197027797  1.203777616e-08
0.197100148  1.203777616e-08
0.198570356  1.203777616e-08
0.199412305  1.203777616e-08
0.199584914  1.203777616e-08
0.2  1.203777616e-08
0.200206308  1.203777616e-08
0.200251734  1.203777616e-08
0.201  1.203777616e-08
0.201751585  1.203777616e-08
0.202  1.203777616e-08
0.20216888  1.203777616e-08
0.202701325  1.203777616e-08
0.203  1.203777616e-08
0.203475383  1.203777616e-08
0.203930341  1.203777616e-08
0.204  1.203777616e-08
0.204118308  1.203777616e-08
0.204994903  1.203777616e-08
0.205  1.203777616e-08
0.206  1.203777616e-08
0.206512794  1.203777616e-08
0.206713628  1.203777616e-08
0.20674451  1.203777616e-08
0.207  1.203777616e-08
0.207608947  1.214673228e-08
0.208  1.214673228e-08
0.208935369  1.109115085e-08
0.208941063  1.109115085e-08
0.209  1.109115085e-08
0.21  8.53065545e-09
0.210013637  8.53065545e-09
0.210305141  8.53065545e-09
0.211  7.283871734e-09
0.211111111  6.576229641e-09
0.211287554  6.576229641e-09
0.211386364  6.576229641e-09
0.212  6.047117087e-09
0.213  5.180466109e-09
0.213149847  5.180466109e-09
0.213282764  5.180466109e-09
0.21386611  4.429447833e-09
0.214  4.310920103e-09
0.214966161  4.114844566e-09
0.215  4.114844566e-09
0.215188583  4.114844566e-09
0.216  3.480304455e-09
0.216374947  3.480304455e-09
0.216551891  3.480304455e-09
0.216754556  3.480304455e-09
0.217  3.480304455e-09
0.217078499  3.480304455e-09
0.218  3.480304455e-09
0.218644768  3.480304455e-09
0.218726824  3.480304455e-09
0.218913214  3.480304455e-09
0.219  3.480304455e-09
0.219266055  3.480304455e-09
0.219820965  3.480304455e-09
0.22  3.480304455e-09
0.220740637  3.480304455e-09
0.221  3.480304455e-09
0.221481257  3.480304455e-09
0.222  3.480304455e-09
0.222163667  3.480304455e-09
0.222323375  3.480304455e-09
0.223  3.480304455e-09
0.223089646  3.480304455e-09
0.223586697  3.480304455e-09
0.224  3.480304455e-09
0.224079426  3.480304455e-09
0.224971418  3.480304455e-09
0.225  3.480304455e-09
0.226  3.480304455e-09
0.226001981  3.480304455e-09
0.226358249  3.480304455e-09
0.226594303  3.480304455e-09
0.226708073  3.480304455e-09
0.227  3.480304455e-09
0.228  3.480304455e-09
0.228133058  3.480304455e-09
0.228465657  3.480304455e-09
0.229  3.480304455e-09
0.229203471  3.480304455e-09
0.229367557  3.480304455e-09
0.229626825  3.480304455e-09
0.229680588  3.480304455e-09
0.23  3.480304455e-09
0.230479103  3.480304455e-09
0.231  3.480304455e-09
0.232  3.480304455e-09
0.232008155  3.480304455e-09
0.232058239  3.480304455e-09
0.232895427  3.480304455e-09
0.233  3.480304455e-09
0.233359195  3.480304455e-09
0.233751196  3.480304455e-09
0.234  3.480304455e-09
0.234767646  3.480304455e-09
0.234780485  3.480304455e-09
0.235  3.480304455e-09
0.23592708  3.480304455e-09
0.236  3.480304455e-09
0.236164003  3.480304455e-09
0.236424639  3.480304455e-09
0.237  3.480304455e-09
0.237037802  3.480304455e-09
0.23752623  3.480304455e-09
0.237534665  3.480304455e-09
0.238  3.480304455e-09
0.239  3.480304455e-09
0.239245011  3.480304455e-09
0.239432592  3.480304455e-09
0.24  3.480304455e-09
0.240321154  3.480304455e-09
0.240371142  3.480304455e-09
0.240716409  3.476522503e-09
0.240927625  3.157704346e-09
0.241  3.157704346e-09
0.242  2.229608071e-09
0.242700906  1.987561517e-09
0.242711519  1.987561517e-09
0.243  1.987561517e-09
0.243140331  1.987561517e-09
0.244  1.836362334e-09
0.244240571  1.836362334e-09
0.244395015  1.836362334e-09
0.244640374  1.836362334e-09
0.245  1.836362334e-09
0.24599258  1.836362334e-09
0.246  1.836362334e-09
0.246555548  1.836362334e-09
0.247  1.836362334e-09
0.247808359  1.836362334e-09
0.248  1.836362334e-09
0.248073622  1.836362334e-09
0.248878287  1.836362334e-09
0.249  1.836362334e-09
0.2491954  1.836362334e-09
0.249373556  1.836362334e-09
0.25  1.836362334e-09
0.250948494  1.836362334e-09
0.251  1.836362334e-09
0.251121305  1.836362334e-09
0.251752229  1.836362334e-09
0.251797847  1.836362334e-09
0.252  1.836362334e-09
0.252905199  1.836362334e-09
0.253  1.836362334e-09
0.253626603  1.836362334e-09
0.254  1.836362334e-09
0.254434251  1.836362334e-09
0.254751656  1.836362334e-09
0.255  1.836362334e-09
0.255430836  1.836362334e-09
0.255777801  1.836362334e-09
0.255858253  1.836362334e-09
0.256  1.836362334e-09
0.257  1.836362334e-09
0.257690781  1.836362334e-09
0.257740115  1.836362334e-09
0.258  1.836362334e-09
0.259  1.836362334e-09
0.259109443  1.836362334e-09
0.259168281  1.836362334e-09
0.26  1.836362334e-09
0.260763632  1.836362334e-09
0.260805301  1.836362334e-09
0.260997742  1.836362334e-09
0.261  1.836362334e-09
0.262  1.836362334e-09
0.262257511  1.836362334e-09
0.26278805  1.836362334e-09
0.263  1.836362334e-09
0.263822617  1.836362334e-09
0.264  1.836362334e-09
0.264118247  1.836362334e-09
0.265  1.836362334e-09
0.265392457  1.836362334e-09
0.266  1.836362334e-09
0.266466656  1.836362334e-09
0.266633603  1.836362334e-09
0.266917487  1.836362334e-09
0.267  1.836362334e-09
0.267174695  1.381431371e-09
0.267176351  1.381431371e-09
0.268  1.381431371e-09
0.268457369  1.19080521e-09
0.269  1.19080521e-09
0.269182138  1.19080521e-09
0.27  1.19080521e-09
0.270048662  1.19080521e-09
0.270145263  1.19080521e-09
0.271  1.19080521e-09
0.271508665  1.19080521e-09
0.272  1.19080521e-09
0.272029125  1.19080521e-09
0.272986165  1.19080521e-09
0.273  1.19080521e-09
0.273216569  1.19080521e-09
0.27382387  1.19080521e-09
0.274  1.19080521e-09
0.274821611  1.19080521e-09
0.275  1.19080521e-09
0.275746348  1.19080521e-09
0.276  1.19080521e-09
0.276350663  1.19080521e-09
0.276421638  1.19080521e-09
0.277  1.19080521e-09
0.277252336  1.19080521e-09
0.277253149  1.19080521e-09
0.277502477  1.19080521e-09
0.278  1.19080521e-09
0.278899083  1.19080521e-09
0.279  1.19080521e-09
0.279664306  1.19080521e-09
0.28  1.19080521e-09
0.280173293  1.19080521e-09
0.280582652  1.19080521e-09
0.280918782  1.19080521e-09
0.281  1.19080521e-09
0.281181084  1.19080521e-09
0.282  1.19080521e-09
0.282892904  1.19080521e-09
0.282945012  1.19080521e-09
0.283  1.19080521e-09
0.284  1.19080521e-09
0.284332664  1.19080521e-09
0.28485969  1.19080521e-09
0.285  1.19080521e-09
0.285668859  1.19080521e-09
0.285951008  1.19080521e-09
0.286  1.19080521e-09
0.286264204  1.19080521e-09
0.286531373  1.19080521e-09
0.286788628  1.19080521e-09
0.287  1.19080521e-09
0.287308869  1.19080521e-09
0.288  1.19080521e-09
0.288047011  1.19080521e-09
0.28815052  1.19080521e-09
0.288538297  1.19080521e-09
0.289  1.19080521e-09
0.2891143  1.19080521e-09
0.289622334  1.19080521e-09
0.289857288  1.19080521e-09
0.29  1.19080521e-09
0.291  1.19080521e-09
0.291282264  1.19080521e-09
0.292  1.19080521e-09
0.292216904  1.19080521e-09
0.292420947  1.19080521e-09
0.293  1.19080521e-09
0.293019857  1.19080521e-09
0.294  1.19080521e-09
0.294189602  1.19080521e-09
0.295  1.19080521e-09
0.295144774  1.19080521e-09
0.295895511  1.19080521e-09
0.296  1.19080521e-09
0.296457236  1.19080521e-09
0.296512532  1.19080521e-09
0.29678899  1.19080521e-09
0.297  1.19080521e-09
0.297174755  1.19080521e-09
0.298  1.19080521e-09
0.298267074  1.19080521e-09
0.299  1.19080521e-09
0.299058835  1.19080521e-09
0.299115381  1.19080521e-09
0.299574118  1.19080521e-09
0.299934938  1.19080521e-09
0.3  1.19080521e-09
0.3005  1.19080521e-09
0.300624599  1.19080521e-09
0.301  1.19080521e-09
0.3015  1.333639398e-09
0.302  1.586343024e-09
0.3025  1.586343024e-09
0.303  1.831225246e-09
0.303252724  1.815241321e-09
0.303453437  1.815241321e-09
0.3035  1.815241321e-09
0.304  1.783763743e-09
0.3045  1.768266245e-09
0.305  1.752927087e-09
0.3055  1.73774441e-09
0.306  1.72271638e-09
0.3065  1.707841186e-09
0.306826217  1.693117041e-09
0.306931331  1.693117041e-09
0.307  1.693117041e-09
0.307013211  1.693117041e-09
0.30707076  1.693117041e-09
0.3075  1.678542184e-09
0.308  1.664114875e-09
0.3085  1.649833397e-09
0.309  1.635696056e-09
0.3095  1.62170118e-09
0.31  1.607847121e-09
0.3105  1.594132248e-09
0.310609938  1.580474657e-09
0.310614744  1.580474657e-09
0.311  1.573383409e-09
0.3115  1.567113657e-09
0.312  1.553806788e-09
0.3125  1.528103907e-09
0.313  1.515440973e-09
0.3135  1.502901821e-09
0.314  1.490485058e-09
0.314258526  1.486005837e-09
0.314288545  1.486005837e-09
0.3145  1.475043153e-09
0.315  1.466013211e-09
0.3155  1.453955427e-09
0.316  1.442014633e-09
0.3165  1.43018952e-09
0.316784236  1.418478797e-09
0.317  1.418478797e-09
0.3175  1.406881191e-09
0.317945053  1.395395442e-09
0.317967152  1.395395442e-09
0.318  1.395395442e-09
0.3185  1.383191566e-09
0.319  1.372754563e-09
0.3195  1.361596993e-09
0.32  1.350546403e-09
0.32011643  1.339601611e-09
0.3205  1.339601611e-09
0.321  1.318024769e-09
0.3215  1.306033895e-09
0.321645759  1.306033895e-09
0.321674827  1.306033895e-09
0.322  1.294169465e-09
0.322062587  1.294169465e-09
0.3225  1.282429962e-09
0.323  1.270813892e-09
0.3235  1.259319778e-09
0.324  1.247946166e-09
0.324388596  1.236691619e-09
0.3245  1.231834935e-09
0.325  1.225554719e-09
0.325324365  1.21453407e-09
0.325448353  1.21453407e-09
0.3255  1.21453407e-09
0.326  1.203628291e-09
0.3265  1.192836021e-09
0.327  1.182155917e-09
0.3275  1.171586653e-09
0.328  1.152919564e-09
0.3285  1.150775435e-09
0.329  1.140530915e-09
0.329002972  1.140530915e-09
0.329266147  1.130392108e-09
0.3295  1.120357773e-09
0.33  1.110426686e-09
0.3305  1.10059764e-09
0.331  1.093013902e-09
0.3315  1.084376185e-09
0.332  1.078034683e-09
0.3325  1.070637985e-09
0.332681579  1.070637985e-09
0.332935512  1.06330243e-09
0.333  1.06330243e-09
0.333128726  1.06330243e-09
0.3335  1.054116555e-09
0.334  1.047932142e-09
0.3345  1.041656738e-09
0.335  1.030988045e-09
0.3355  1.027521325e-09
0.336  1.020540436e-09
0.336360186  1.013616687e-09
0.3365  1.013616687e-09
0.337  1.00674953e-09
0.337036617  9.99938424e-10
0.3375  9.962218517e-10
0.338  9.864822321e-10
0.3385  9.798360933e-10
0.339  9.732439005e-10
0.3395  9.667051415e-10
0.34  9.602193099e-10
0.340038793  9.602193099e-10
0.3405  9.556982875e-10
0.340990351  9.512047736e-10
0.341  9.512047736e-10
0.3415  9.46738563e-10
0.342  9.413226334e-10
0.3425  9.378872399e-10
0.342698219  9.335017263e-10
0.343  9.335017263e-10
0.3435  9.291427133e-10
0.343717399  9.248100047e-10
0.344  9.248100047e-10
0.3445  9.20503406e-10
0.344990466  9.162227243e-10
0.345  9.162227243e-10
0.3455  9.095197215e-10
0.346  9.035342782e-10
0.3465  8.993553697e-10
0.347  8.95201439e-10
0.347396006  8.95201439e-10
0.3475  8.910723031e-10
0.348  8.869677806e-10
0.3485  8.828876918e-10
0.349  8.788318583e-10
0.349037506  8.788318583e-10
0.3495  8.748001034e-10
0.349586084  8.748001034e-10
0.35  8.716128409e-10
0.3505  8.684414659e-10
0.351  8.65285878e-10
0.351074613  8.65285878e-10
0.3515  8.609625715e-10
0.352  8.590216652e-10
0.3525  8.550064029e-10
0.353  8.528194142e-10
0.353132021  8.497412813e-10
0.3535  8.476785828e-10
0.353561285  8.466783487e-10
0.354  8.466783487e-10
0.3545  8.405977041e-10
0.35475322  8.405977041e-10
0.355  8.37579804e-10
0.3555  8.345767275e-10
0.356  8.315883825e-10
0.3565  8.285627671e-10
0.357  8.256555206e-10
0.357274568  8.256555206e-10
0.3575  8.227108225e-10
0.357878896  8.197804933e-10
0.358  8.197804933e-10
0.358431827  8.168644441e-10
0.3585  8.168644441e-10
0.359  8.139625865e-10
0.3595  8.139625865e-10
0.36  8.139625865e-10
0.3605  8.139625865e-10
0.361  8.139625865e-10
0.361465711  8.139625865e-10
0.3615  8.139625865e-10
0.362  8.139625865e-10
0.362026131  8.139625865e-10
0.362110433  8.139625865e-10
0.3625  8.139625865e-10
0.363  8.139625865e-10
0.3635  8.139625865e-10
0.364  8.139625865e-10
0.3645  8.139625865e-10
0.365  8.139625865e-10
0.3655  8.139625865e-10
0.365706019  8.139625865e-10
0.36578904  8.139625865e-10
0.366  8.139625865e-10
0.3665  8.139625865e-10
0.367  8.139625865e-10
0.3675  8.139625865e-10
0.368  8.139625865e-10
0.3685  8.139625865e-10
0.369  8.139625865e-10
0.369467647  8.139625865e-10
0.3695  8.139625865e-10
0.36999607  8.139625865e-10
0.37  8.139625865e-10
0.3705  8.139625865e-10
0.371  8.139625865e-10
0.3715  8.139625865e-10
0.372  8.139625865e-10
0.372189094  8.139625865e-10
0.3725  8.139625865e-10
0.373  8.139625865e-10
0.373146254  8.139625865e-10
0.3735  8.139625865e-10
0.374  8.139625865e-10
0.374336447  8.139625865e-10
0.3745  8.139625865e-10
0.375  8.139625865e-10
0.3755  8.139625865e-10
0.376  8.139625865e-10
0.3765  8.139625865e-10
0.376824861  8.139625865e-10
0.377  8.139625865e-10
0.3775  8.139625865e-10
0.37750875  8.139625865e-10
0.378  8.139625865e-10
0.3785  8.139625865e-10
0.378727741  8.139625865e-10
0.379  8.139625865e-10
0.3795  8.139625865e-10
0.38  8.139625865e-10
0.3805  8.139625865e-10
0.380503467  8.139625865e-10
0.381  8.139625865e-10
0.381424761  8.139625865e-10
0.3815  8.139625865e-10
0.382  8.139625865e-10
0.382461554  8.139625865e-10
0.3825  8.139625865e-10
0.38287276  8.139625865e-10
0.383  8.139625865e-10
0.383170548  8.139625865e-10
0.3835  8.139625865e-10
0.383557144  8.139625865e-10
0.384  8.139625865e-10
0.384182074  8.139625865e-10
0.384993237  8.139625865e-10
0.387665474  8.139625865e-10
0.388028416  8.139625865e-10
0.389554968  8.139625865e-10
0.392213128  8.139625865e-10
0.394573525  8.139625865e-10
0.396814131  8.139625865e-10
0.401469107  8.139625865e-10
0.403567039  9.23071e-09
0.404005655  9.23071e-09
0.406178691  3.937e-08
0.410943522  5.29364702e-07
0.415764248  7.808589972e-07
0.420641526  7.476637153e-07
0.425576019  7.32003081e-07
0.428384769  7.19745941e-07
0.430568397  7.19745941e-07
0.435619341  7.077265348e-07
0.440729536  6.915989334e-07
0.442856792  6.758388462e-07
0.444371899  6.758388462e-07
0.445899679  6.758388462e-07
0.448700456  6.604378983e-07
0.451130471  6.46526261e-07
0.452550326  6.451758917e-07
0.456422626  6.399648652e-07
0.461776862  6.277698856e-07
0.467193908  6.108334709e-07
0.472674501  5.943539786e-07
0.476284154  5.783190816e-07
0.477793196  5.677309848e-07
0.478219386  5.677309848e-07
0.479876042  5.627167852e-07
0.483829317  5.627167852e-07
0.489505058  5.434671344e-07
0.49524738  5.327636254e-07
0.501057064  5.183903559e-07
0.505020804  5.044048586e-07
0.506934901  5.044048586e-07
0.51288169  4.81531182e-07
0.514515399  4.780934958e-07
0.518898241  4.780934958e-07
0.52498537  4.641685722e-07
0.531143907  4.486310635e-07
0.53737469  4.453671738e-07
0.541759907  4.349640127e-07
0.543678564  4.27353089e-07
0.550056389  4.251780828e-07
0.551666266  4.166935021e-07
0.556509031  4.118469334e-07
0.56101243  4.083782343e-07
0.563037368  4.083782343e-07
0.569642288  3.966133996e-07
0.574625767  3.886205036e-07
0.57632469  3.866650706e-07
0.583085482  3.807886879e-07
0.584514646  3.767437206e-07
0.587045751  3.767437206e-07
0.589925584  3.721386821e-07
0.596845927  3.692256649e-07
0.599987868  3.618576347e-07
0.603847451  3.618576347e-07
0.607097041  3.53398396e-07
0.608871518  3.53398396e-07
0.610931109  3.53398396e-07
0.614290449  3.480870876e-07
0.618097865  3.426381398e-07
0.622511786  3.405215923e-07
0.625348693  3.359653983e-07
0.632684579  3.314701667e-07
0.640106522  3.270350822e-07
0.641403219  3.234879783e-07
0.647615531  3.183421423e-07
0.654119676  3.1761478e-07
0.654152138  3.1761478e-07
0.655212627  3.123949385e-07
0.655331032  3.123949385e-07
0.656737247  3.118482146e-07
0.659558737  3.104599096e-07
0.660059342  3.104599096e-07
0.660974024  3.081227313e-07
0.661230046  3.081227313e-07
0.662392348  3.069720632e-07
0.662898843  3.067653815e-07
0.665238133  3.061863461e-07
0.668096144  3.061863461e-07
0.670675226  3.016433243e-07
0.672406199  3.006272736e-07
0.673849054  2.992152025e-07
0.678196223  2.992152025e-07
0.678542832  2.992152025e-07
0.68031394  2.950737062e-07
0.685503916  2.908830495e-07
0.686502732  2.908830495e-07
0.693782054  2.831700787e-07
0.694556009  2.831700787e-07
0.696531343  2.815586163e-07
0.699889631  2.783316982e-07
0.701558382  2.770863381e-07
0.701859206  2.770863381e-07
0.702703758  2.770863381e-07
0.709421871  2.735759887e-07
0.710692377  2.735759887e-07
0.710947087  2.735759887e-07
0.713080842  2.677931162e-07
0.718757499  2.643069564e-07
0.719287117  2.643069564e-07
0.721691999  2.624377395e-07
0.724423984  2.59670039e-07
0.727724984  2.59670039e-07
0.727906418  2.59670039e-07
0.734174349  2.54432903e-07
0.736261834  2.54432903e-07
0.740496253  2.472778849e-07
0.741692887  2.472778849e-07
0.742150152  2.472778849e-07
0.744898828  2.438494073e-07
0.746872594  2.417217776e-07
0.753303841  2.405690255e-07
0.753637142  2.405690255e-07
0.754853445  2.352243947e-07
0.759790467  2.352243947e-07
0.762477964  2.297896312e-07
0.765360138  2.287948996e-07
0.766332949  2.287948996e-07
0.771320426  2.252469034e-07
0.771394025  2.252469034e-07
0.771422497  2.252469034e-07
0.772931768  2.225411449e-07
0.780471957  2.188234505e-07
0.782265683  2.164583269e-07
0.786875374  2.164583269e-07
0.789627575  2.121793818e-07
0.789782606  2.121793818e-07
0.791372979  2.105417733e-07
0.798890596  2.08200527e-07
0.806788035  2.01286537e-07
0.808262281  2.01286537e-07
0.813595681  1.96865263e-07
0.817743904  1.950440874e-07
0.821409499  1.933960652e-07
0.823561866  1.933960652e-07
0.827336754  1.888567785e-07
0.8343174  1.847145561e-07
0.837042137  1.830649462e-07
0.8385248  1.818279739e-07
0.840990355  1.818279739e-07
0.846861372  1.818279739e-07
0.847640884  1.763060569e-07
0.853027885  1.749701623e-07
0.856795796  1.749701623e-07
0.861037981  1.709518344e-07
0.86406958  1.68304452e-07
0.866846759  1.658964368e-07
0.874667866  1.655275958e-07
0.877015629  1.655275958e-07
0.882034345  1.592343011e-07
0.884685792  1.592343011e-07
0.885031683  1.592343011e-07
0.887303789  1.559673809e-07
0.897712638  1.521364617e-07
0.898059639  1.521364617e-07
0.900298493  1.496976366e-07
0.908243591  1.454935591e-07
0.913272843  1.447648494e-07
0.913592436  1.447648494e-07
0.91539906  1.447648494e-07
0.918186464  1.411532781e-07
0.918898082  1.411532781e-07
0.929393888  1.36579846e-07
0.929677559  1.36579846e-07
0.931379387  1.353815495e-07
0.938123926  1.329385417e-07
0.940583489  1.313241882e-07
0.946279637  1.298186234e-07
0.951617355  1.27073352e-07
0.961099491  1.266645198e-07
0.962780658  1.23418209e-07
0.970103573  1.221516015e-07
0.971284364  1.20814183e-07
0.974074917  1.20814183e-07
0.982483496  1.173112682e-07
0.985501666  1.169484675e-07
0.991767956  1.159945694e-07
0.994561779  1.159945694e-07
0.995294965  1.159945694e-07
0.995994587  1.133189405e-07
0.997062462  1.128726036e-07
0.998400179  1.126415321e-07
0.998433069  1.126415321e-07
1  1.126415321e-07
1.00746724  1.101182815e-07
1.008758876  1.101182815e-07
1.01922612  1.093854206e-07
1.02  1.066880578e-07
1.020592499  1.066880578e-07
1.02341505  1.06223433e-07
1.02790457  1.06223433e-07
1.03256494  1.040706112e-07
1.036976752  1.031528485e-07
1.04  1.018762539e-07
1.04128157  1.018762539e-07
1.044677829  1.011236807e-07
1.05441618  9.82980622e-08
1.05607199  9.82980622e-08
1.056932813  9.82980622e-08
1.06  9.751286582e-08
1.06377876  9.72690987e-08
1.06605189  9.72690987e-08
1.06649633  9.72690987e-08
1.069331558  9.72690987e-08
1.08  9.531105415e-08
1.081875752  9.531105415e-08
1.089771  9.47437579e-08
1.090191241  9.388268831e-08
1.09071903  9.388268831e-08
1.094567099  9.388268831e-08
1.09927361  9.32598352e-08
1.1  9.32598352e-08
1.10324757  9.32598352e-08
1.107407328  9.32598352e-08
1.11574909  9.102990592e-08
1.12  9.090235366e-08
1.120398183  9.090235366e-08
1.12244682  9.02731366e-08
1.12454535  9.02731366e-08
1.133541433  8.913566088e-08
1.13929431  8.895749332e-08
1.14  8.895749332e-08
1.14174104  8.895749332e-08
1.146838864  8.783736169e-08
1.15467927  8.686653156e-08
1.16  8.679738849e-08
1.160292286  8.679738849e-08
1.16042933  8.679738849e-08
1.173903528  8.522065953e-08
1.18  8.480886141e-08
1.18157759  8.480886141e-08
1.182814634  8.480886141e-08
1.187674442  8.480886141e-08
1.18809178  8.480886141e-08
1.18894271  8.344370169e-08
1.19745837  8.288000404e-08
1.2  8.288000404e-08
1.201606901  8.288000404e-08
1.20175409  8.288000404e-08
1.2129228  8.159389323e-08
1.2157028  8.09309097e-08
1.21705028  8.084014094e-08
1.22  8.084014094e-08
1.22280408  8.084014094e-08
1.22351512  8.084014094e-08
1.229964056  7.986328159e-08
1.23566899  7.954216124e-08
1.24  7.888605685e-08
1.244392609  7.856939391e-08
1.258990421  7.713872709e-08
1.25922242  7.713872709e-08
1.26  7.705714094e-08
1.26546901  7.663120547e-08
1.273759479  7.633874418e-08
1.27509891  7.583589811e-08
1.28  7.583589811e-08
1.287646475  7.490854637e-08
1.28870179  7.490854637e-08
1.29960964  7.4455246e-08
1.3  7.4455246e-08
1.30019034  7.4455246e-08
1.303819388  7.354072095e-08
1.3040202  7.354072095e-08
1.311929039  7.283963247e-08
1.31578702  7.283963247e-08
1.319114329  7.283963247e-08
1.32  7.283963247e-08
1.33318788  7.123323389e-08
1.33355808  7.123323389e-08
1.334588692  7.123323389e-08
1.34  7.05907539e-08
1.34374581  7.042363981e-08
1.350244584  7.042363981e-08
1.35777349  6.968707066e-08
1.358448375  6.968707066e-08
1.36  6.906894752e-08
1.36242732  6.906894752e-08
1.366084132  6.866032004e-08
1.3684778  6.849931938e-08
1.37875816  6.779380513e-08
1.38  6.779380513e-08
1.382109493  6.779380513e-08
1.38667134  6.765500179e-08
1.38899723  6.765500179e-08
1.398322844  6.725390562e-08
1.4  6.719289057e-08
1.40109973  6.719289057e-08
1.4101713  6.693697117e-08
1.4146828  6.685745819e-08
1.414726393  6.685745819e-08
1.4188658  6.66682989e-08
1.42  6.66682989e-08
1.42114911  6.66682989e-08
1.43132237  6.66682989e-08
1.44  6.627811579e-08
1.4458085  6.595344707e-08
1.44717263  6.595344707e-08
1.448113032  6.595344707e-08
1.45029945  6.582540925e-08
1.454621991  6.571267245e-08
1.45720686  6.571267245e-08
1.46  6.571267245e-08
1.465100663  6.571267245e-08
1.4766493  6.520509333e-08
1.48  6.520509333e-08
1.482287573  6.501494664e-08
1.49194392  6.492925158e-08
1.49496445  6.468290628e-08
1.499676102  6.468290628e-08
1.5  6.451076648e-08
1.50073907  6.451076648e-08
1.50218936  6.447924566e-08
1.517268613  6.4357949e-08
1.52817115  6.380758643e-08
1.53  6.377482141e-08
1.535067499  6.373288499e-08
1.53955151  6.35301868e-08
1.55247298  6.35301868e-08
1.553075182  6.35301868e-08
1.553290706  6.35301868e-08
1.55460233  6.35301868e-08
1.56  6.35301868e-08
1.567771534  6.35301868e-08
1.571294111  6.35301868e-08
1.58149066  6.35301868e-08
1.58867825  6.35301868e-08
1.589726763  6.35301868e-08
1.59  6.35301868e-08
1.59263157  6.35301868e-08
1.595102607  6.35301868e-08
1.608375647  6.35301868e-08
1.60884405  6.35301868e-08
1.61858474  6.35301868e-08
1.62  6.35301868e-08
1.62129967  6.35301868e-08
1.62181428  6.35301868e-08
1.627243299  6.35301868e-08
1.63062919  6.35301868e-08
1.63667054  6.35301868e-08
1.63937261  6.35301868e-08
1.646332284  6.35301868e-08
1.65  6.35301868e-08
1.66219918  6.35301868e-08
1.66497831  6.35301868e-08
1.6656452  6.35301868e-08
1.68  6.35301868e-08
1.685184674  6.35301868e-08
1.69168462  6.35301868e-08
1.69281191  6.35301868e-08
1.6937757  6.35301868e-08
1.702669327  6.35301868e-08
1.704953362  6.35301868e-08
1.71  6.35301868e-08
1.721921044  6.35301868e-08
1.72307116  6.35301868e-08
1.724953955  6.35301868e-08
1.7348033  6.480170529e-08
1.74  6.582702356e-08
1.74110241  6.582702356e-08
1.745189172  6.637210187e-08
1.75287332  6.82088118e-08
1.75886396  6.82088118e-08
1.765661765  7.095512468e-08
1.76668512  7.095512468e-08
1.78027546  7.176997231e-08
1.78307369  7.176997231e-08
1.78319094  7.176997231e-08
1.786374521  7.28011611e-08
1.7909  7.28011611e-08
1.8  7.456836908e-08
1.80136969  7.456836908e-08
1.80454916  7.493971874e-08
1.807330254  7.576501167e-08
1.810465979  7.576501167e-08
1.81403292  7.774083272e-08
1.818047785  7.774083272e-08
1.82165638  7.774083272e-08
1.82168237  7.774083272e-08
1.828531817  7.991797956e-08
1.83  7.991797956e-08
1.84353107  8.09986017e-08
1.84540835  8.170537339e-08
1.849982093  8.304646193e-08
1.85885099  8.410308222e-08
1.86  8.410308222e-08
1.871683999  8.79599745e-08
1.877113862  8.79599745e-08
1.87732645  8.79599745e-08
1.87886368  8.79599745e-08
1.89  1.346295551e-07
1.893640488  1.359923861e-07
1.893956834  1.359923861e-07
1.9086931  1.401653937e-07
1.91143477  1.401653937e-07
1.915854545  1.420038452e-07
1.9181665  1.431208391e-07
1.92  1.431208391e-07
1.9234058  1.44385957e-07
1.92746904  2.055643727e-07
1.931744111  2.79563299e-07
1.938329193  2.79563299e-07
1.95  2.79563299e-07
1.960196977  2.79563299e-07
1.961067488  2.79563299e-07
1.961587468  2.79563299e-07
1.964269771  2.79563299e-07
1.96556752  2.79563299e-07
1.965750521  2.79563299e-07
1.97090383  2.79563299e-07
1.97161817  2.79563299e-07
1.98  2.79563299e-07
1.980487909  2.79563299e-07
1.984072523  2.79563299e-07
1.99221913  2.79563299e-07
1.993310793  2.79563299e-07
1.99889999  2.79563299e-07
1.99934405  2.79563299e-07
1.99968499  2.79563299e-07
2  2.79563299e-07
2.00059096  2.79563299e-07
2.00282809  2.79563299e-07
2.00597613  2.79563299e-07
2.0067936  3.575475139e-07
2.007347427  3.575475139e-07
2.010055771  3.575475139e-07
2.01061568  3.575475139e-07
2.030895366  4.183995673e-07
2.04349073  8.464430712e-07
2.05  8.464430712e-07
2.054719543  8.464430712e-07
2.05898719  8.464430712e-07
2.07091472  8.464430712e-07
2.078823198  2.812842414e-06
2.07934143  2.812842414e-06
2.08076818  2.812842414e-06
2.09225623  2.812842414e-06
2.09656722  2.812842414e-06
2.0968523  2.812842414e-06
2.1  3.358758978e-06
2.10320961  5.020342131e-06
2.118509785  6.951096825e-06
2.127882097  8.11668212e-06
2.131906291  8.060679857e-06
2.13467632  8.060679857e-06
2.14213092  8.060679857e-06
2.15  8.060679857e-06
2.152844013  8.060679857e-06
2.15336838  8.060679857e-06
2.16134187  7.805489322e-06
2.17771597  7.61839503e-06
2.178098754  7.61839503e-06
2.18744521  7.61839503e-06
2.19115406  7.61839503e-06
2.2  7.61839503e-06
2.203649755  7.61839503e-06
2.20991584  7.61839503e-06
2.21011902  7.61839503e-06
2.21645131  7.61839503e-06
2.22850168  7.61839503e-06
2.229500492  7.61839503e-06
2.25  7.61839503e-06
2.255654481  7.61839503e-06
2.282115279  7.61839503e-06
2.3  7.61839503e-06
2.30227583  7.61839503e-06
2.30625645  7.61839503e-06
2.308886485  7.61839503e-06
2.33597174  7.479836183e-06
2.33735948  7.463097396e-06
2.35  7.391107506e-06
2.36337473  6.535289364e-06
2.39109918  5.96575181e-06
2.39697808  5.96575181e-06
2.4  5.96575181e-06
2.419148862  5.96575181e-06
2.434943122  5.96575181e-06
2.434976484  5.96575181e-06
2.435039991  5.96575181e-06
2.435141047  5.96575181e-06
2.43526571  5.96575181e-06
2.435437346  5.96575181e-06
2.435618515  5.96575181e-06
2.435865462  5.96575181e-06
2.436096283  5.96575181e-06
2.436425004  5.96575181e-06
2.436696563  5.96575181e-06
2.437113254  5.96575181e-06
2.437416604  5.96575181e-06
2.437911985  5.96575181e-06
2.438253388  5.96575181e-06
2.438812444  5.96575181e-06
2.43920366  5.96575181e-06
2.439809343  5.96575181e-06
2.440897252  5.96575181e-06
2.442070628  5.96575181e-06
2.443323843  5.96575181e-06
2.444444444  5.96575181e-06
2.444695439  5.96575181e-06
2.446390587  5.96575181e-06
2.447527592  5.96575181e-06
2.448163276  5.96575181e-06
2.45  5.96575181e-06
2.45000662  5.96575181e-06
2.451913775  5.96575181e-06
2.453877971  5.96575181e-06
2.455892537  5.96575181e-06
2.457950927  5.96575181e-06
2.460046742  5.96575181e-06
2.462173754  5.96575181e-06
2.462962963  5.96575181e-06
2.464621553  5.96575181e-06
2.467265363  5.96575181e-06
2.469927397  5.96575181e-06
2.472601025  5.96575181e-06
2.475279903  5.96575181e-06
2.476239229  5.96575181e-06
2.477957994  5.96575181e-06
2.478583363  5.96575181e-06
2.480629575  5.96575181e-06
2.481481481  5.96575181e-06
2.483683391  5.96575181e-06
2.486903565  5.96575181e-06
2.490098645  5.96575181e-06
2.493256725  5.96575181e-06
2.496366379  5.96575181e-06
2.499422354  5.96575181e-06
2.5  5.96575181e-06
2.50197147  5.96575181e-06
2.50240055  5.96575181e-06
2.502943439  5.96575181e-06
2.505287679  5.96575181e-06
2.506516024  5.96575181e-06
2.50778275  5.96575181e-06
2.510013966  5.96575181e-06
2.51343615  5.96575181e-06
2.516781985  5.96575181e-06
2.518518519  5.96575181e-06
2.518755746  5.96575181e-06
2.520375061  5.96575181e-06
2.52196286  5.96575181e-06
2.524238387  5.96575181e-06
2.528004203  5.96575181e-06
2.531673387  5.96575181e-06
2.534676892  5.96575181e-06
2.535247256  5.96575181e-06
2.537037037  5.96575181e-06
2.539076477  5.96575181e-06
2.543158781  5.96575181e-06
2.547125224  5.96575181e-06
2.55  5.96575181e-06
2.550978647  5.96575181e-06
2.554722234  5.96575181e-06
2.555555556  5.96575181e-06
2.558922007  5.96575181e-06
2.563156615  5.96575181e-06
2.564410866  5.96575181e-06
2.567262141  5.96575181e-06
2.571243265  5.96575181e-06
2.574074074  5.96575181e-06
2.575306371  5.96575181e-06
2.579778135  5.96575181e-06
2.584106842  5.96575181e-06
2.588298662  5.96548997e-06
2.592359926  5.96548997e-06
2.592592593  5.928677824e-06
2.594493646  5.928677824e-06
2.59699294  5.900953991e-06
2.6  5.888983862e-06
2.601515515  5.888983862e-06
2.605891141  5.841104006e-06
2.610127516  5.810352606e-06
2.611111111  5.810352606e-06
2.614798319  5.810352606e-06
2.619486156  5.76988559e-06
2.62278369  5.720117779e-06
2.624019678  5.720117779e-06
2.624929323  5.720117779e-06
2.628407892  5.689490728e-06
2.62962963  5.689490728e-06
2.633187647  5.593547338e-06
2.638013926  5.00178077e-06
2.642681448  5.00178077e-06
2.64720045  5.00178077e-06
2.648148148  5.00178077e-06
2.65  5.00178077e-06
2.652152692  5.00178077e-06
2.655722038  5.00178077e-06
2.657093459  5.00178077e-06
2.661874134  5.00178077e-06
2.666506107  5.00178077e-06
2.666666667  5.00178077e-06
2.671686326  5.00178077e-06
2.676721577  5.00178077e-06
2.681601556  5.00178077e-06
2.685185185  5.00178077e-06
2.686504392  5.00178077e-06
2.686875978  5.00178077e-06
2.691800661  5.00178077e-06
2.696966641  5.00178077e-06
2.7  5.00178077e-06
2.70193695  5.00178077e-06
2.703703704  5.00178077e-06
2.70518084  5.00178077e-06
2.707283238  5.00178077e-06
2.712759437  5.00178077e-06
2.71805138  5.00178077e-06
2.71839538  5.00178077e-06
2.722222222  5.00178077e-06
2.723329283  5.00178077e-06
2.729136305  5.00178077e-06
2.734741255  5.00178077e-06
2.740148732  4.999073081e-06
2.740740741  4.999073081e-06
2.746167848  4.959327479e-06
2.75  4.959327479e-06
2.750284533  4.959327479e-06
2.752069862  4.925119166e-06
2.757757456  4.916749201e-06
2.759259259  4.880412323e-06
2.76124171  4.880412323e-06
2.763917875  4.861771402e-06
2.770098154  4.834787519e-06
2.776047742  4.789200323e-06
2.777777778  4.789200323e-06
2.782447166  4.766731828e-06
2.782547773  4.766731828e-06
2.788884424  4.738698614e-06
2.79316799  4.696919185e-06
2.795075648  4.696919185e-06
2.796296296  4.696919185e-06
2.79650396  4.696919185e-06
2.8  4.674128624e-06
2.80181332  4.650288858e-06
2.808484253  4.650288858e-06
2.814814815  4.583884686e-06
2.814908041  4.583884686e-06
2.81518949  4.583884686e-06
2.822070926  4.55565751e-06
2.828950766  4.543338851e-06
2.833333333  4.495925806e-06
2.835913701  4.495925806e-06
2.843272131  4.442262553e-06
2.848214122  4.442262553e-06
2.85  4.410180552e-06
2.850335294  4.410180552e-06
2.851851852  4.406883324e-06
2.857941225  4.406883324e-06
2.865467674  4.350267237e-06
2.87037037  4.316046361e-06
2.872120955  4.316046361e-06
2.873046198  4.316046361e-06
2.881041008  4.267869021e-06
2.881626162  4.267869021e-06
2.888708492  4.245058331e-06
2.888888889  4.245058331e-06
2.897147604  4.220207274e-06
2.9  4.220207274e-06
2.905260524  4.165551308e-06
2.90700899  4.165551308e-06
2.907407407  4.165551308e-06
2.913845834  4.125186249e-06
2.915430155  4.111946621e-06
2.922349726  4.07864083e-06
2.925925926  4.071658175e-06
2.931134873  4.071658175e-06
2.940022725  4.017762039e-06
2.944444444  3.991677999e-06
2.94909361  3.991677999e-06
2.949630697  3.991677999e-06
2.95  3.991677999e-06
2.958360728  3.949256812e-06
2.962962963  3.949256812e-06
2.967808866  3.905593092e-06
2.977449706  3.883232662e-06
2.981481481  3.862761036e-06
2.984232443  3.862761036e-06
2.987372869  3.829506912e-06
2.989959056  3.818239261e-06
2.997381381  3.818239261e-06
2.99931201  3.818239261e-06
2.9997135  3.818239261e-06
3  3.818239261e-06
3.007792926  3.754703162e-06
3.01153453  3.754703162e-06
3.018042039  3.718219626e-06
3.018518519  3.718219626e-06
3.019240096  3.718219626e-06
3.028829441  3.692583499e-06
3.03174242  3.692583499e-06
3.037037037  3.650376098e-06
3.039403885  3.650376098e-06
3.04737918  3.631840779e-06
3.050326885  3.608263922e-06
3.05465842  3.608263922e-06
3.055555556  3.608263922e-06
3.061294283  3.566722028e-06
3.072281295  3.543916295e-06
3.074074074  3.524794219e-06
3.083655243  3.514334741e-06
3.08682482  3.482953806e-06
3.090492233  3.482953806e-06
3.092592593  3.482953806e-06
3.09443099  3.457498831e-06
3.094895461  3.457498831e-06
3.09673875  3.457498831e-06
3.106477246  3.441605599e-06
3.111111111  3.441605599e-06
3.118160514  3.400701407e-06
3.126746406  3.359223095e-06
3.12962963  3.347488612e-06
3.129758732  3.347488612e-06
3.1402144  3.318087308e-06
3.141873312  3.318087308e-06
3.148148148  3.294248614e-06
3.153935785  3.277346089e-06
3.163425874  3.277346089e-06
3.166011123  3.237895323e-06
3.166666667  3.236962379e-06
3.178536573  3.21084869e-06
3.18086171  3.196476125e-06
3.185185185  3.191142506e-06
3.191037057  3.191142506e-06
3.1945274  3.155966325e-06
3.1960108  3.155966325e-06
3.200535623  3.141216854e-06
3.203542541  3.131026863e-06
3.203703704  3.131026863e-06
3.216527404  3.115789634e-06
3.222222222  3.092338016e-06
3.229522857  3.075919284e-06
3.238080702  3.036331312e-06
3.240740741  3.027685654e-06
3.242544133  3.027685654e-06
3.24977979  3.027685654e-06
3.255895251  2.997004517e-06
3.259259259  2.997004517e-06
3.269433592  2.951712072e-06
3.276066218  2.945195842e-06
3.277777778  2.945195842e-06
3.283029703  2.918206201e-06
3.296296296  2.904148264e-06
3.296698137  2.904148264e-06
3.30598783  2.862714494e-06
3.310786522  2.862714494e-06
3.314497337  2.840444591e-06
3.314814815  2.840444591e-06
3.32019109  2.829039529e-06
3.324992005  2.819569013e-06
3.333333333  2.801937936e-06
3.339297088  2.777295192e-06
3.351851852  2.763668929e-06
3.353379286  2.763668929e-06
3.353715102  2.763668929e-06
3.36316804  2.725631448e-06
3.368415105  2.725631448e-06
3.37037037  2.725631448e-06
3.383376932  2.687821422e-06
3.388888889  2.687821422e-06
3.392717355  2.655486645e-06
3.398473543  2.647321827e-06
3.407407407  2.629184244e-06
3.413716618  2.612877019e-06
3.42133723  2.603362594e-06
3.425925926  2.603362594e-06
3.42911746  2.575743721e-06
3.432516894  2.575743721e-06
3.444444444  2.540768559e-06
3.44468696  2.540768559e-06
3.46061276  2.538839789e-06
3.462962963  2.502169637e-06
3.46562343  2.502169637e-06
3.472783316  2.502169637e-06
3.476727898  2.475453194e-06
3.48051252  2.465739003e-06
3.481481481  2.465739003e-06
3.482566783  2.465739003e-06
3.493024452  2.453671915e-06
3.5  2.42955481e-06
3.509511161  2.42955481e-06
3.513522098  2.42955481e-06
3.514421099  2.397963084e-06
3.518518519  2.393625044e-06
3.52619623  2.393625044e-06
3.537037037  2.357958619e-06
3.5407113  2.357958619e-06
3.543087298  2.357958619e-06
3.554738782  2.322565251e-06
3.555555556  2.322565251e-06
3.560191418  2.314742565e-06
3.574074074  2.287455337e-06
3.577515034  2.287455337e-06
3.592592593  2.252639825e-06
3.59506396  2.252639825e-06
3.596438973  2.252639825e-06
3.60504093  2.234257045e-06
3.611111111  2.217590158e-06
3.612843365  2.217590158e-06
3.61742606  2.217590158e-06
3.62962963  2.203336279e-06
3.630857759  2.183937884e-06
3.638628345  2.172989376e-06
3.648148148  2.164465543e-06
3.649110982  2.164465543e-06
3.666666667  2.143203001e-06
3.66760619  2.143203001e-06
3.681312634  2.110811637e-06
3.685185185  2.093026205e-06
3.686345854  2.093026205e-06
3.69263552  2.083272676e-06
3.703703704  2.083272676e-06
3.705331751  2.083272676e-06
3.722222222  2.050194637e-06
3.724497648  2.029408885e-06
3.724564963  2.029408885e-06
3.740740741  2.009174568e-06
3.744045872  2.00223775e-06
3.759259259  1.975554542e-06
3.7597254  1.975554542e-06
3.763774168  1.975554542e-06
3.768189259  1.975554542e-06
3.77587801  1.953397697e-06
3.777777778  1.949348288e-06
3.783748846  1.949348288e-06
3.796296296  1.921572716e-06
3.803968209  1.912431389e-06
3.812393411  1.898324235e-06
3.814814815  1.898324235e-06
3.82442988  1.889402334e-06
3.82475343  1.889402334e-06
3.833333333  1.873485937e-06
3.845130804  1.857165795e-06
3.851851852  1.849083578e-06
3.857116117  1.83834967e-06
3.866067259  1.83834967e-06
3.87037037  1.83834967e-06
3.887234865  1.83834967e-06
3.888888889  1.83834967e-06
3.89090618  1.83834967e-06
3.902363459  1.83834967e-06
3.907407407  1.83834967e-06
3.90870248  1.83834967e-06
3.925925926  1.83834967e-06
3.930501974  1.83834967e-06
3.944444444  1.83834967e-06
3.948141591  1.83834967e-06
3.952515407  1.83834967e-06
3.95820311  1.83834967e-06
3.962962963  1.83834967e-06
3.974712546  1.83834967e-06
3.981481481  1.83834967e-06
3.994456741  1.83834967e-06
3.99711666  1.83834967e-06
4  1.83834967e-06
4.018518519  1.83834967e-06
4.019997261  1.83834967e-06
4.02666401  1.83834967e-06
4.037037037  1.83834967e-06
4.041315209  1.83834967e-06
4.04274366  1.83834967e-06
4.043651108  1.83834967e-06
4.055555556  1.83834967e-06
4.067904326  1.83834967e-06
4.074074074  1.83834967e-06
4.08232446  1.83834967e-06
4.088723367  1.83834967e-06
4.092592593  1.83834967e-06
4.092774329  1.83834967e-06
4.096309  1.83834967e-06
4.111111111  1.83834967e-06
4.118629952  1.83834967e-06
4.12962963  1.83834967e-06
4.136687664  1.83834967e-06
4.14509367  1.83834967e-06
4.145374193  1.83834967e-06
4.148148148  1.83834967e-06
4.166666667  1.83834967e-06
4.16715857  1.83834967e-06
4.1724187  1.83834967e-06
4.185185185  1.83834967e-06
4.185214625  1.83834967e-06
4.200490032  1.83834967e-06
4.203703704  1.83834967e-06
4.22109877  1.83834967e-06
4.222222222  1.83834967e-06
4.229452615  1.83834967e-06
4.234310849  1.83834967e-06
4.240740741  1.83834967e-06
4.259124858  1.83834967e-06
4.259259259  1.83834967e-06
4.277777778  1.83834967e-06
4.283983015  1.83834967e-06
4.289817735  1.83834967e-06
4.29410669  1.83834967e-06
4.296296296  1.83834967e-06
4.314814815  1.83834967e-06
4.321264689  1.83834967e-06
4.333333333  2.528508869e-06
4.334237878  2.528508869e-06
4.351851852  2.64309377e-06
4.353488893  2.64309377e-06
4.36837736  2.4547766e-06
4.37037037  2.4547766e-06
4.385082275  2.4547766e-06
4.38658095  2.4547766e-06
4.38714488  2.4547766e-06
4.388888889  2.4547766e-06
4.39225182  2.4547766e-06
4.407407407  2.4547766e-06
4.420459659  2.4547766e-06
4.425925926  2.4547766e-06
4.436523121  2.4547766e-06
4.44393261  2.4547766e-06
4.444444444  2.4547766e-06
4.455290598  2.4547766e-06
4.462962963  2.4547766e-06
4.481481481  2.4547766e-06
4.488567414  2.4547766e-06
4.5  2.4547766e-06
4.5014554  2.4547766e-06
4.518518519  2.4547766e-06
4.520788044  2.4547766e-06
4.537037037  2.4547766e-06
4.541222231  2.4547766e-06
4.541755973  2.4547766e-06
4.555555556  2.4547766e-06
4.55972278  2.4547766e-06
4.570847282  2.4547766e-06
4.574074074  2.2939631e-06
4.592592593  2.2939631e-06
4.594494735  2.2939631e-06
4.602605542  2.2939631e-06
4.611111111  2.2939631e-06
4.61874437  2.2939631e-06
4.62962963  2.2939631e-06
4.63732184  2.2939631e-06
4.63858753  2.2939631e-06
4.648148148  2.2939631e-06
4.648392172  2.2939631e-06
4.649483645  2.2939631e-06
4.65375303  2.2939631e-06
4.666666667  2.2939631e-06
4.673711472  2.2939631e-06
4.685185185  2.2939631e-06
4.69862996  2.2939631e-06
4.702921874  2.2939631e-06
4.703703704  2.2939631e-06
4.709737261  2.2939631e-06
4.722222222  2.2939631e-06
4.740740741  2.284819884e-06
4.745488304  2.284819884e-06
4.74925858  2.284819884e-06
4.753941403  2.11483151e-06
4.758091256  2.11483151e-06
4.759259259  2.11483151e-06
4.777777778  2.11483151e-06
4.781186289  2.11483151e-06
4.796296296  2.11483151e-06
4.813907824  2.11483151e-06
4.814814815  2.11483151e-06
4.81692465  2.11483151e-06
4.817065622  2.11483151e-06
4.833333333  1.02198345e-06
4.8417688  1.02198345e-06
4.851851852  1.02198345e-06
4.853390795  1.02198345e-06
4.87037037  1.02198345e-06
4.870379168  1.02198345e-06
4.87300427  1.02198345e-06
4.888888889  1.02198345e-06
4.890481162  1.02198345e-06
4.907407407  1.02198345e-06
4.925925926  1.02198345e-06
4.927512971  1.02198345e-06
4.928908366  1.02198345e-06
4.944444444  1.02198345e-06
4.962962963  1.02198345e-06
4.96792491  1.02198345e-06
4.969220509  1.02198345e-06
4.981481481  1.02198345e-06
4.985317003  1.02198345e-06
5  1.02198345e-06
5.011265861  1.02198345e-06
5.01210654  1.02198345e-06
5.018518519  1.02198345e-06
5.03223032  1.02198345e-06
5.037037037  1.02198345e-06
5.043799127  1.02198345e-06
5.0538499  1.02198345e-06
5.053940215  1.02198345e-06
5.055555556  1.02198345e-06
5.074074074  1.02198345e-06
5.074373569  1.02198345e-06
5.092592593  1.02198345e-06
5.096898402  1.02198345e-06
5.102967297  1.02198345e-06
5.111111111  1.02198345e-06
5.11864407  1.02198345e-06
5.12962963  1.02198345e-06
5.14010001  1.02198345e-06
5.148148148  1.02198345e-06
5.15892388  1.02198345e-06
5.162829562  1.02198345e-06
5.166666667  1.02198345e-06
5.183528604  1.02198345e-06
5.185185185  1.02198345e-06
5.18553195  1.02198345e-06
5.203703704  1.02198345e-06
5.222222222  1.02198345e-06
5.223394064  1.02198345e-06
5.22735077  1.02198345e-06
5.240740741  1.02198345e-06
5.2526541  1.02198345e-06
5.259259259  1.02198345e-06
5.271513783  1.02198345e-06
5.277777778  1.02198345e-06
5.284669039  1.02198345e-06
5.296296296  1.02198345e-06
5.314814815  1.02198345e-06
5.316038717  1.02198345e-06
5.32064508  1.02198345e-06
5.328793553  1.02198345e-06
5.333333333  1.02198345e-06
5.34350376  1.02198345e-06
5.346662824  1.02198345e-06
5.351851852  1.02198345e-06
5.361108839  1.02198345e-06
5.366101386  1.02198345e-06
5.37037037  1.02198345e-06
5.388888889  1.02198345e-06
5.406651268  1.02198345e-06
5.407407407  1.02198345e-06
5.409383851  1.02198345e-06
5.425925926  1.209978866e-06
5.43592474  1.34133143e-06
5.444444444  1.34133143e-06
5.452983419  1.34133143e-06
5.45927869  1.34133143e-06
5.462962963  1.34133143e-06
5.472840649  1.34133143e-06
5.481481481  1.34133143e-06
5.499929064  1.34133143e-06
5.5  1.34133143e-06
5.518518519  1.34133143e-06
5.52994424  1.34133143e-06
5.537037037  1.34133143e-06
5.537041851  1.34133143e-06
5.547758391  1.34133143e-06
5.555555556  1.22566948e-06
5.574074074  1.22566948e-06
5.592592593  1.22566948e-06
5.5946676  1.22566948e-06
5.595969698  1.22566948e-06
5.596319068  1.22566948e-06
5.60199619  1.22566948e-06
5.611111111  1.22566948e-06
5.6255899  1.22566948e-06
5.62962963  1.22566948e-06
5.645746133  1.22566948e-06
5.648148148  1.22566948e-06
5.666666667  1.22566948e-06
5.667712499  1.22566948e-06
5.685185185  1.22566948e-06
5.69007264  1.22566948e-06
5.696120775  1.22566948e-06
5.703703704  1.22566948e-06
5.722222222  1.22566948e-06
5.72288984  1.22566948e-06
5.72779877  1.22566948e-06
5.734199719  1.22566948e-06
5.740740741  1.22566948e-06
5.747423558  1.22566948e-06
5.759259259  1.22566948e-06
5.777777778  1.22566948e-06
5.796296296  1.22566948e-06
5.79972963  1.22566948e-06
5.801466891  1.22566948e-06
5.814814815  1.22566948e-06
5.82187267  1.22566948e-06
5.833333333  1.22566948e-06
5.851851852  9.95060972e-07
5.853113927  9.95060972e-07
5.869523167  9.95060972e-07
5.87037037  9.95060972e-07
5.87704109  9.95060972e-07
5.888888889  9.95060972e-07
5.907407407  9.95060972e-07
5.907650493  9.95060972e-07
5.9225675  9.95060972e-07
5.925925926  9.95060972e-07
5.93432196  9.95060972e-07
5.938377801  9.95060972e-07
5.944444444  9.95060972e-07
5.962962963  9.95060972e-07
5.963411663  9.95060972e-07
5.981481481  9.95060972e-07
6  8.90633033e-07
6.008040161  8.90633033e-07
6.018518519  8.90633033e-07
6.020467132  8.90633033e-07
6.02500395  8.90633033e-07
6.037037037  8.90633033e-07
6.055555556  8.90633033e-07
6.074074074  8.90633033e-07
6.078519721  8.90633033e-07
6.078895168  8.90633033e-07
6.092592593  8.90633033e-07
6.10653753  8.90633033e-07
6.111111111  8.90633033e-07
6.12921214  8.90633033e-07
6.12962963  8.90633033e-07
6.138934196  8.90633033e-07
6.148148148  7.97164417e-07
6.149826068  7.97164417e-07
6.166666667  7.97164417e-07
6.18199019  7.97164417e-07
6.185185185  7.97164417e-07
6.200695739  7.97164417e-07
6.203703704  7.97164417e-07
6.221968901  7.97164417e-07
6.222222222  7.97164417e-07
6.2352227  7.97164417e-07
6.240740741  7.97164417e-07
6.259259259  7.97164417e-07
6.264318061  7.97164417e-07
6.277777778  7.97164417e-07
6.294958032  7.97164417e-07
6.296296296  7.97164417e-07
6.314814815  7.13504983e-07
6.31593217  7.13504983e-07
6.329812876  7.13504983e-07
6.333333333  7.13504983e-07
6.334315876  7.13504983e-07
6.339818387  7.13504983e-07
6.34306682  7.13504983e-07
6.351851852  7.13504983e-07
6.368803389  7.13504983e-07
6.37037037  7.13504983e-07
6.388888889  7.13504983e-07
6.39727012  7.13504983e-07
6.407407407  7.13504983e-07
6.42517223  6.45268107e-07
6.425925926  6.45268107e-07
6.443515017  6.45268107e-07
6.444444444  6.45268107e-07
6.462962963  6.45268107e-07
6.466664602  6.45268107e-07
6.481481481  6.45268107e-07
6.5  6.45268107e-07
6.50834043  6.45268107e-07
6.518518519  6.45268107e-07
6.519103078  6.45268107e-07
6.53630171  6.45268107e-07
6.537037037  6.45268107e-07
6.538023404  6.45268107e-07
6.555555556  6.45268107e-07
6.574074074  6.334958591e-07
6.592592593  5.80116665e-07
6.595577853  5.80116665e-07
6.611111111  5.80116665e-07
6.611320804  5.80116665e-07
6.62962963  5.80116665e-07
6.648148148  5.80116665e-07
6.64935328  5.80116665e-07
6.666666667  5.80116665e-07
6.67219716  5.80116665e-07
6.672949743  5.80116665e-07
6.685185185  5.80116665e-07
6.686472769  5.80116665e-07
6.703703704  5.30877876e-07
6.722222222  5.30877876e-07
6.740740741  4.91473974e-07
6.751229274  4.91473974e-07
6.759259259  4.91473974e-07
6.763334041  4.91473974e-07
6.76436018  4.91473974e-07
6.777777778  4.91473974e-07
6.796296296  4.91473974e-07
6.79924858  4.91473974e-07
6.814814815  4.89422545e-07
6.830427092  4.89422545e-07
6.833333333  4.89422545e-07
6.841698584  4.89422545e-07
6.851851852  4.89422545e-07
6.864876847  4.89422545e-07
6.87037037  4.89422545e-07
6.88135623  4.89422545e-07
6.888888889  4.89422545e-07
6.907407407  4.89422545e-07
6.910553969  4.89422545e-07
6.921303958  4.89422545e-07
6.925925926  4.89422545e-07
6.944444444  4.52038921e-07
6.962962963  4.52038921e-07
6.96445542  4.52038921e-07
6.97820823  4.52038921e-07
6.981481481  4.52038921e-07
6.991620805  4.52038921e-07
7  4.52038921e-07
7.00037584  4.52038921e-07
7.001852938  4.52038921e-07
7.018518519  4.52038921e-07
7.037037037  4.52038921e-07
7.055555556  4.12907337e-07
7.073638625  4.12907337e-07
7.074074074  4.12907337e-07
7.083010878  4.12907337e-07
7.09098955  4.12907337e-07
7.092592593  4.12907337e-07
7.111111111  4.12907337e-07
7.12348668  4.12907337e-07
7.12962963  4.12907337e-07
7.1459198  4.12907337e-07
7.148148148  4.12907337e-07
7.156618586  4.12907337e-07
7.163122408  4.12907337e-07
7.166666667  4.12907337e-07
7.185185185  4.12907337e-07
7.19128329  4.12907337e-07
7.193504339  4.12907337e-07
7.203703704  4.12907337e-07
7.21363497  4.12907337e-07
7.222222222  4.12907337e-07
7.239814062  4.12907337e-07
7.240571975  4.12907337e-07
7.240740741  4.12907337e-07
7.259259259  3.75474463e-07
7.27575087  3.75474463e-07
7.277777778  3.75474463e-07
7.296296296  3.75474463e-07
7.312630862  3.75474463e-07
7.314814815  3.75474463e-07
7.32551021  3.75474463e-07
7.333333333  3.75474463e-07
7.33840166  3.75474463e-07
7.351851852  3.75474463e-07
7.37037037  3.75474463e-07
7.381442876  3.75474463e-07
7.388888889  3.75474463e-07
7.40159192  3.75474463e-07
7.407407407  3.75474463e-07
7.411444845  3.75474463e-07
7.425925926  3.75474463e-07
7.444444444  3.75474463e-07
7.446351185  3.75474463e-07
7.462962963  3.75474463e-07
7.47172985  3.75474463e-07
7.481481481  3.75474463e-07
7.498387568  3.75474463e-07
7.5  3.75474463e-07
7.507556865  3.75474463e-07
7.518518519  3.75474463e-07
7.525857728  3.75474463e-07
7.5296095  3.75474463e-07
7.537037037  3.75474463e-07
7.555555556  3.35715143e-07
7.566799519  3.35715143e-07
7.574074074  3.35715143e-07
7.586350205  3.35715143e-07
7.592592593  3.35715143e-07
7.611111111  3.35715143e-07
7.625205292  3.35715143e-07
7.62962963  3.35715143e-07
7.648148148  3.35715143e-07
7.65617433  3.35715143e-07
7.65984127  3.35715143e-07
7.666666667  3.35715143e-07
7.675344721  3.35715143e-07
7.682901965  3.35715143e-07
7.68333286  3.35715143e-07
7.685185185  3.35715143e-07
7.703703704  3.35715143e-07
7.722222222  3.35715143e-07
7.740004626  3.35715143e-07
7.740740741  3.35715143e-07
7.753568911  3.35715143e-07
7.759259259  3.35715143e-07
7.76538322  3.35715143e-07
7.777777778  3.35715143e-07
7.79232553  3.35715143e-07
7.796296296  3.35715143e-07
7.796620457  3.35715143e-07
7.814814815  3.05522128e-07
7.833333333  3.05522128e-07
7.851851852  3.05522128e-07
7.852847005  3.05522128e-07
7.85647795  3.05522128e-07
7.87037037  3.05522128e-07
7.888888889  3.05522128e-07
7.907407407  3.05522128e-07
7.908770236  3.05522128e-07
7.925925926  3.05522128e-07
7.92710122  3.05522128e-07
7.944444444  3.05522128e-07
7.9486413  3.05522128e-07
7.962962963  3.05522128e-07
7.964480216  3.05522128e-07
7.981481481  3.05522128e-07
7.99536072  3.05522128e-07
8  3.05522128e-07
8.018518519  3.05522128e-07
8.020199717  3.05522128e-07
8.037037037  3.05522128e-07
8.041885807  3.05522128e-07
8.055555556  3.05522128e-07
8.06420799  3.05522128e-07
8.074074074  3.05522128e-07
8.076065837  3.05522128e-07
8.092592593  2.81144441e-07
8.111111111  2.81144441e-07
8.12962963  2.81144441e-07
8.13075061  2.81144441e-07
8.132110985  2.81144441e-07
8.136224154  2.81144441e-07
8.148148148  2.81144441e-07
8.166666667  2.81144441e-07
8.185185185  2.81144441e-07
8.188368584  2.81144441e-07
8.20368615  2.81144441e-07
8.203703704  2.81144441e-07
8.222222222  2.81144441e-07
8.231669171  2.81144441e-07
8.240740741  2.81144441e-07
8.244873211  2.81144441e-07
8.259259259  2.81144441e-07
8.2743273  2.81144441e-07
8.277777778  2.81144441e-07
8.296296296  2.81144441e-07
8.301660744  2.81144441e-07
8.314814815  2.81144441e-07
8.328233842  2.81144441e-07
8.333333333  2.81144441e-07
8.34557672  2.81144441e-07
8.351851852  2.81144441e-07
8.358768516  2.81144441e-07
8.37037037  2.81144441e-07
8.37288136  2.81144441e-07
8.388888889  2.81144441e-07
8.407407407  2.81144441e-07
8.41623548  2.81144441e-07
8.425925926  2.81144441e-07
8.425931302  2.81144441e-07
8.444444444  2.81144441e-07
8.462962963  2.81144441e-07
8.474102393  2.81144441e-07
8.481481481  2.81144441e-07
8.48992142  2.81144441e-07
8.5  2.81144441e-07
8.518518519  2.81144441e-07
8.524774837  2.81144441e-07
8.53241201  2.81144441e-07
8.537037037  2.81144441e-07
8.555555556  2.81144441e-07
8.56302731  2.81144441e-07
8.574074074  2.81144441e-07
8.591209293  2.81144441e-07
8.592592593  2.81144441e-07
8.611111111  2.81144441e-07
8.624777894  2.81144441e-07
8.62962963  2.81144441e-07
8.63676271  2.81144441e-07
8.648148148  2.81144441e-07
8.650570824  2.81144441e-07
8.666666667  2.81144441e-07
8.68280872  2.81144441e-07
8.685185185  2.81144441e-07
8.703703704  2.81144441e-07
8.710542083  2.81144441e-07
8.722222222  2.81144441e-07
8.724267484  2.81144441e-07
8.725954074  2.81144441e-07
8.740740741  2.81144441e-07
8.74855799  2.81144441e-07
8.759259259  2.81144441e-07
8.77116025  2.81144441e-07
8.777777778  2.81144441e-07
8.796296296  2.81144441e-07
8.814814815  2.38950635e-07
8.828317139  2.38950635e-07
8.832482648  2.38950635e-07
8.833333333  2.38950635e-07
8.851851852  2.38950635e-07
8.87037037  2.38950635e-07
8.888888889  2.38950635e-07
8.894641668  2.38950635e-07
8.89987264  2.38950635e-07
8.907407407  2.38950635e-07
8.925925926  2.38950635e-07
8.931881012  2.38950635e-07
8.944444444  2.38950635e-07
8.957653576  2.38950635e-07
8.962962963  2.38950635e-07
8.981481481  2.38950635e-07
9  2.38950635e-07
9.018518519  2.38950635e-07
9.021617993  2.38950635e-07
9.03665978  2.38950635e-07
9.037037037  2.38950635e-07
9.05380442  2.38950635e-07
9.055555556  2.38950635e-07
9.074074074  2.38950635e-07
9.086654031  2.38950635e-07
9.092592593  2.38950635e-07
9.100515505  2.38950635e-07
9.111111111  2.38950635e-07
9.11864407  2.38950635e-07
9.1283293  2.38950635e-07
9.12962963  2.38950635e-07
9.142667694  2.38950635e-07
9.148148148  2.38950635e-07
9.152838669  2.38950635e-07
9.166666667  2.38950635e-07
9.185185185  2.38950635e-07
9.203703704  2.38950635e-07
9.21039859  2.38950635e-07
9.220297092  2.38950635e-07
9.222222222  2.38950635e-07
9.240740741  2.38950635e-07
9.249919174  2.38950635e-07
9.259259259  2.38950635e-07
9.277777778  2.23847713e-07
9.289203253  2.23847713e-07
9.296296296  2.23847713e-07
9.314814815  2.23847713e-07
9.32961909  2.23847713e-07
9.333333333  2.23847713e-07
9.351851852  2.23847713e-07
9.358428807  2.23847713e-07
9.359668759  2.23847713e-07
9.36077482  2.23847713e-07
9.36970121  2.23847713e-07
9.37037037  2.23847713e-07
9.388888889  2.23847713e-07
9.407407407  2.23847713e-07
9.425925926  2.23847713e-07
9.444444444  2.23847713e-07
9.462962963  2.23847713e-07
9.468211353  2.23847713e-07
9.481481481  2.23847713e-07
9.5  2.23847713e-07
9.518518519  2.23847713e-07
9.537037037  2.23847713e-07
9.555555556  2.23847713e-07
9.56450552  2.23847713e-07
9.574074074  2.23847713e-07
9.579281744  2.23847713e-07
9.592592593  2.23847713e-07
9.611111111  2.23847713e-07
9.62962963  2.23847713e-07
9.648148148  2.23847713e-07
9.666666667  2.23847713e-07
9.685185185  2.23847713e-07
9.691655088  2.23847713e-07
9.703703704  2.23847713e-07
9.722222222  2.05809295e-07
9.73827882  2.05809295e-07
9.740740741  2.05809295e-07
9.759259259  2.05809295e-07
9.777777778  2.05809295e-07
9.796296296  2.05809295e-07
9.80534667  2.05809295e-07
9.814814815  2.05809295e-07
9.82213419  2.05809295e-07
9.833333333  2.05809295e-07
9.851851852  2.05809295e-07
9.85472155  2.05809295e-07
9.87037037  2.05809295e-07
9.888888889  2.05809295e-07
9.90671163  2.05809295e-07
9.907407407  2.05809295e-07
9.920371953  2.05809295e-07
9.925925926  2.05809295e-07
9.944444444  2.05809295e-07
9.962962963  2.05809295e-07
9.981481481  2.05809295e-07
10  2.05809295e-07
10.01851852  2.05809295e-07
10.03674658  2.05809295e-07
10.03703704  2.05809295e-07
10.05555556  2.05809295e-07
10.0677966  2.05809295e-07
10.07407407  2.05809295e-07
10.0780576  2.05809295e-07
10.09259259  2.05809295e-07
10.11111111  1.88271146e-07
10.125908  1.88271146e-07
10.12962963  1.88271146e-07
10.14814815  1.88271146e-07
10.15448639  1.88271146e-07
10.16666667  1.88271146e-07
10.18518518  1.88271146e-07
10.2037037  1.88271146e-07
10.22222222  1.88271146e-07
10.24074074  1.88271146e-07
10.2523673  1.88271146e-07
10.25925926  1.88271146e-07
10.27360739  1.88271146e-07
10.27777778  1.88271146e-07
10.2962963  1.88271146e-07
10.2964137  1.88271146e-07
10.31481482  1.88271146e-07
10.33333333  1.88271146e-07
10.33777985  1.88271146e-07
10.35185185  1.88271146e-07
10.37037037  1.88271146e-07
10.38888889  1.88271146e-07
10.39412578  1.88271146e-07
10.40565453  1.88271146e-07
10.40740741  1.88271146e-07
10.42592593  1.88271146e-07
10.4296917  1.88271146e-07
10.44444444  1.88271146e-07
10.46296296  1.743957651e-07
10.48148148  1.743957651e-07
10.5  1.743957651e-07
10.51605795  1.743957651e-07
10.51851852  1.743957651e-07
10.53703704  1.743957651e-07
10.55555556  1.743957651e-07
10.5617433  1.743957651e-07
10.57407407  1.743957651e-07
10.59259259  1.743957651e-07
10.6100832  1.743957651e-07
10.61111111  1.743957651e-07
10.62962963  1.743957651e-07
10.6394205  1.743957651e-07
10.64814815  1.743957651e-07
10.66666667  1.743957651e-07
10.68518518  1.743957651e-07
10.7014456  1.743957651e-07
10.7037037  1.743957651e-07
10.72222222  1.743957651e-07
10.74074074  1.743957651e-07
10.7474214  1.743957651e-07
10.75925926  1.743957651e-07
10.7642302  1.743957651e-07
10.77777778  1.743957651e-07
10.7962963  1.743957651e-07
10.81481482  1.743957651e-07
10.81920835  1.743957651e-07
10.83333333  1.56217528e-07
10.85185185  1.56217528e-07
10.87037037  1.56217528e-07
10.88888889  1.56217528e-07
10.89050402  1.56217528e-07
10.90740741  1.56217528e-07
10.9145758  1.56217528e-07
10.92592593  1.56217528e-07
10.94444444  1.56217528e-07
10.96296296  1.56217528e-07
10.98148148  1.56217528e-07
11  1.56217528e-07
11.01825915  1.56217528e-07
11.01851852  1.56217528e-07
11.03703704  1.56217528e-07
11.05214519  1.56217528e-07
11.05555556  1.56217528e-07
11.07407407  1.56217528e-07
11.0748303  1.56217528e-07
11.09259259  1.56217528e-07
11.1041162  1.56217528e-07
11.11111111  1.56217528e-07
11.1138015  1.56217528e-07
11.12962963  1.56217528e-07
11.14751296  1.56217528e-07
11.14814815  1.56217528e-07
11.16666667  1.56217528e-07
11.18518518  1.56217528e-07
11.1941637  1.56217528e-07
11.2037037  1.56217528e-07
11.22222222  1.56217528e-07
11.24074074  1.56217528e-07
11.25925926  1.56217528e-07
11.27777778  1.56217528e-07
11.27828302  1.56217528e-07
11.2962963  1.56217528e-07
11.31481482  1.56217528e-07
11.33333333  1.56217528e-07
11.35185185  1.56217528e-07
11.3633937  1.56217528e-07
11.37037037  1.56217528e-07
11.3849879  1.56217528e-07
11.38888889  1.56217528e-07
11.40740741  1.56217528e-07
11.41058714  1.56217528e-07
11.42592593  1.56217528e-07
11.44444444  1.56217528e-07
11.4612428  1.56217528e-07
11.46296296  1.56217528e-07
11.48148148  1.56217528e-07
11.5  1.56217528e-07
11.5104829  1.56217528e-07
11.51851852  1.56217528e-07
11.53703704  1.56217528e-07
11.54444329  1.56217528e-07
11.55555556  1.56217528e-07
11.57407407  1.56217528e-07
11.59259259  1.30582752e-07
11.61111111  1.30582752e-07
11.62962963  1.30582752e-07
11.64814815  1.30582752e-07
11.66666667  1.30582752e-07
11.6798697  1.30582752e-07
11.68518518  1.30582752e-07
11.7037037  1.30582752e-07
11.7095676  1.30582752e-07
11.72222222  1.30582752e-07
11.74074074  1.30582752e-07
11.75925926  1.30582752e-07
11.77777778  1.30582752e-07
11.7962963  1.30582752e-07
11.81481482  1.30582752e-07
11.81688477  1.30582752e-07
11.83333333  1.30582752e-07
11.85185185  1.30582752e-07
11.8611377  1.30582752e-07
11.87037037  1.30582752e-07
11.88888889  1.30582752e-07
11.90740741  1.30582752e-07
11.92592593  1.30582752e-07
11.94444444  1.30582752e-07
11.94867873  1.30582752e-07
11.95550716  1.30582752e-07
11.96296296  1.30582752e-07
11.98148148  1.30582752e-07
12  1.30582752e-07
12.0146697  1.30582752e-07
12.01851852  1.30582752e-07
12.03703704  1.30582752e-07
12.05555556  1.30582752e-07
12.07407407  1.30582752e-07
12.0823245  1.30582752e-07
12.0920097  1.30582752e-07
12.09259259  1.30582752e-07
12.0957557  1.30582752e-07
12.11111111  1.20311642e-07
12.12962963  1.20311642e-07
12.14814815  1.20311642e-07
12.16666667  1.20311642e-07
12.18518518  1.20311642e-07
12.2037037  1.20311642e-07
12.22222222  1.20311642e-07
12.2224748  1.20311642e-07
12.22521022  1.20311642e-07
12.23764948  1.20311642e-07
12.24074074  1.20311642e-07
12.25925926  1.20311642e-07
12.2749853  1.20311642e-07
12.27777778  1.20311642e-07
12.2962963  1.20311642e-07
12.31481482  1.20311642e-07
12.32393186  1.20311642e-07
12.33333333  1.20311642e-07
12.35185185  1.20311642e-07
12.37037037  1.20311642e-07
12.3812078  1.20311642e-07
12.38888889  1.20311642e-07
12.3922518  1.20311642e-07
12.39341757  1.20311642e-07
12.40740741  1.20311642e-07
12.42592593  1.20311642e-07
12.4338742  1.20311642e-07
12.44444444  1.20311642e-07
12.44795304  1.20311642e-07
12.46296296  1.20311642e-07
12.48148148  1.20311642e-07
12.49300032  1.20311642e-07
12.5  1.20311642e-07
12.51851852  1.20311642e-07
12.52645019  1.20311642e-07
12.5325529  1.20311642e-07
12.53703704  1.20311642e-07
12.55555556  1.20311642e-07
12.56929129  1.20311642e-07
12.57407407  1.20311642e-07
12.5772579  1.20311642e-07
12.59259259  1.20311642e-07
12.60346691  1.20311642e-07
12.61111111  1.20311642e-07
12.62962963  1.20311642e-07
12.6351967  1.20311642e-07
12.64814815  1.20311642e-07
12.6489299  1.20311642e-07
12.66459194  1.20311642e-07
12.66666667  1.20311642e-07
12.67339639  1.20311642e-07
12.68518518  1.20311642e-07
12.69174614  1.20311642e-07
12.7037037  1.20311642e-07
12.71677849  1.20311642e-07
12.72222222  1.20311642e-07
12.73978725  1.1146462e-07
12.74074074  1.1146462e-07
12.75925926  1.1146462e-07
12.76084962  1.1146462e-07
12.77777778  1.1146462e-07
12.78006202  1.1146462e-07
12.7962963  1.1146462e-07
12.79751103  1.1146462e-07
12.8126591  1.1146462e-07
12.81326652  1.1146462e-07
12.81481482  1.1146462e-07
12.8220664  1.1146462e-07
12.82739673  1.1146462e-07
12.83333333  1.1146462e-07
12.83998402  1.1146462e-07
12.85109707  1.1146462e-07
12.85185185  1.1146462e-07
12.8677052  1.1146462e-07
12.97248045  1.1146462e-07
13.0678363  1.1146462e-07
13.12465897  1.1146462e-07
13.1767554  1.1146462e-07
13.24407257  1.1146462e-07
13.2597063  1.1146462e-07
13.27862269  1.1146462e-07
13.43439254  1.07288144e-07
13.477485  1.07288144e-07
13.4890456  1.07288144e-07
13.5919897  1.07288144e-07
13.6343926  1.07288144e-07
13.75143561  1.07288144e-07
13.8286515  1.07288144e-07
13.91275197  1.07288144e-07
13.9896475  1.07288144e-07
14.0759607  1.07288144e-07
14.0968523  1.07288144e-07
14.11472085  1.07288144e-07
14.1403886  1.07288144e-07
14.2011388  1.07288144e-07
14.24108402  1.07288144e-07
14.3029698  1.07288144e-07
14.40814438  1.07288144e-07
14.4261313  1.07288144e-07
14.5503533  1.07288144e-07
14.5771645  1.07288144e-07
14.62954  1.07288144e-07
14.675645  1.07288144e-07
14.74816737  1.07288144e-07
14.7597715  1.07288144e-07
14.8231828  1.07288144e-07
14.8868665  1.07288144e-07
14.92117626  1.07288144e-07
14.9829054  1.07288144e-07
15.0150559  1.07288144e-07
15.094431  1.11327391e-07
15.09621469  1.11327391e-07
15.1119217  1.11327391e-07
15.12365988  1.11327391e-07
15.144349  1.11327391e-07
15.2094125  1.11327391e-07
15.242049  1.11327391e-07
15.27330648  1.11327391e-07
15.3009713  1.11327391e-07
15.3623165  1.11327391e-07
15.406285  1.11327391e-07
15.45247571  1.11327391e-07
15.53856465  1.11327391e-07
15.63374675  1.11327391e-07
15.81714426  1.21353617e-07
16.00269318  1.32936261e-07
16.19041875  1.50216087e-07
16.38034651  1.436935229e-05
16.57250228  1.412460611e-05
16.76691222  1.388402857e-05
16.85112481  1.364754867e-05
16.96360274  1.354164768e-05
17.16260063  1.341509662e-05
17.36393293  1.318660381e-05
17.56762703  1.296200281e-05
17.77371064  1.274122732e-05
17.86795479  1.25242122e-05
17.9822118  1.25242122e-05
18.19315885  1.231089339e-05
18.4065805  1.210120794e-05
18.62250577  1.189509396e-05
18.83163857  1.169249062e-05
18.84096403  1.169249062e-05
19.061985  1.14699e-05
19.28559874  1.14699e-05
19.51183566  1.14699e-05
19.74072654  1.14699e-05
19.97230251  1.14699e-05
20  1.14699e-05
20.20659507  1.14699e-05
20.44363608  1.14699e-05
20.68345779  1.14699e-05
20.91078327  1.14699e-05
20.92609283  1.14699e-05
21.17157418  1.14699e-05
21.41993524  1.157086952e-05
21.59124176  1.157086952e-05
21.67120979  1.162490456e-05
21.92543202  1.167577778e-05
22.18263649  1.173373285e-05
22.4428582  1.178852845e-05
22.70613253  1.18261016e-05
22.9724953  1.189888852e-05
23.24198274  1.195445538e-05
23.51463151  1.201028174e-05
23.79047868  1.206636881e-05
23.96643289  1.206636881e-05
24.06956178  1.212271779e-05
24.35191877  1.217932992e-05
24.58821491  1.217932992e-05
24.63758805  1.223620642e-05
24.92660848  1.229334854e-05
25.21901938  1.232959011e-05
25.51486051  1.240843456e-05
25.69466356  1.240843456e-05
25.81417212  1.245639485e-05
26.11699491  1.252459797e-05
26.42337008  1.258308685e-05
26.73333929  1.264184887e-05
27.04694472  1.26773629e-05
27.36422901  1.276019743e-05
27.68523532  1.281978654e-05
27.74813636  1.281978654e-05
28.01000732  1.287965392e-05
28.33858918  1.293980088e-05
28.67102559  1.300022873e-05
28.91237046  1.300022873e-05
29.00736177  1.306093876e-05
29.34764346  1.307278526e-05
29.69191696  1.318321069e-05
30  1.318321069e-05
30.04022909  1.324477524e-05
30.39262722  1.328920227e-05
30.74915929  1.336876819e-05
31.10987379  1.343119927e-05
31.47481979  1.34867e-05
31.84404693  1.369998729e-05
32.21760542  1.389416091e-05
32.56475952  1.389416091e-05
32.59554608  1.40910866e-05
32.97792031  1.429080337e-05
33.36478013  1.449335078e-05
33.75617815  1.469876895e-05
33.99698467  1.469876895e-05
34.15216761  1.489010954e-05
34.55280238  1.51183809e-05
34.95813693  1.533265779e-05
35.36822642  1.554997169e-05
35.78312662  1.568393291e-05
36.20289396  1.599388328e-05
36.62758553  1.62205689e-05
37.05725911  1.64504674e-05
37.49197314  1.668362431e-05
37.93178674  1.692008582e-05
37.98218388  1.692008582e-05
38.37675974  1.715989876e-05
38.82695266  1.740311064e-05
39.28242673  1.764976962e-05
39.74324392  1.789992457e-05
39.97579405  1.789992457e-05
40.20946689  1.792862764e-05
40.68115907  1.841092125e-05
41.01765392  1.841092125e-05
41.15838461  1.85997552e-05
41.64120842  1.864210174e-05
42.12969617  1.866332192e-05
42.62391432  1.867263861e-05
43.12393007  1.867702798e-05
43.62981145  1.868507019e-05
44.14162725  1.869128909e-05
44.6594471  1.869751006e-05
45.18334144  1.870373309e-05
45.71338151  1.87099582e-05
46.24963941  1.871618538e-05
46.31507585  1.871618538e-05
46.79218809  1.872241464e-05
47.34110134  1.872864596e-05
47.89645382  1.873487936e-05
48.45832106  1.874111484e-05
49.02677951  1.87418709e-05
49.60190646  1.875359201e-05
49.76095683  1.875359201e-05
50  1.875359201e-05
50.18378016  1.875983371e-05
50.77247975  1.876607749e-05
50.90950412  1.876607749e-05
51.36808529  1.877232335e-05
51.97067781  1.877857129e-05
52.58033927  1.878028672e-05
53.19715259  1.968353296e-05
53.81188272  1.980775759e-05
53.82120166  1.980775759e-05
54.45257138  2.078496824e-05
55.09134762  2.13585872e-05
55.73761726  2.194803676e-05
56.3914682  2.254463926e-05
56.50991394  2.254463926e-05
57.05298939  2.317618732e-05
57.7222708  2.381579861e-05
58.39940347  2.447306175e-05
58.53338734  2.447306175e-05
59.07012766  2.514846389e-05
59.08447949  2.514846389e-05
59.77759206  2.527193903e-05
60.47883544  2.655570138e-05
61.18830502  2.728857975e-05
61.9060973  2.743494676e-05
62.40643798  2.802578671e-05
62.49007242  2.802578671e-05
62.6323099  3.06654857e-05
63.36704162  3.349224101e-05
64.11039238  3.657956762e-05
64.59491042  3.657956762e-05
64.86246329  3.995148509e-05
65.62335665  4.245848356e-05
66.28195085  4.390720756e-05
66.39317596  4.951353543e-05
67.17202592  5.583571187e-05
67.96001247  6.033977292e-05
67.97205146  6.033977292e-05
68.53745607  6.29651406e-05
68.75724279  7.10048963e-05
69.56382532  7.869980953e-05
70.25981605  8.070440275e-05
70.37986977  9.613468082e-05
70.84661807  9.613468082e-05
71.20548713  0.0001145151509
71.62336639  0.0001145151509
72.0407897  0.00013001294
72.54706999  0.00013001294
72.88589111  0.0001625019745
73.31156565  0.0001625019745
73.4826863  0.0001625019745
73.74090629  0.0001886855643
74.60595154  0.0002137680262
74.90878371  0.0002137680262
75.48114454  0.0002533450917
76.11831743  0.0002773488905
76.2356112  0.0002773488905
76.36660431  0.0003093175583
77.2624513  0.0003641864521
77.3473812  0.0003641864521
78.16880735  0.0005040201694
78.34490559  0.0005040201694
79.08579576  0.0005433898977
79.35529472  0.0006258750775
80.01354124  0.0007315915779
80.33374192  0.0007315915779
80.37095895  0.0007315915779
80.95216998  0.000876629237
81.90180966  0.0008876592556
82.86258944  0.001027033101
83.83464001  0.001188290421
84.81809358  0.001366137576
85.81308392  0.001541191067
86.81974637  0.001657473097
87.83821785  0.001782528544
88.86863688  0.001917019357
89.20363764  0.001917019357
89.91114364  0.002061657428
90.9658799  0.002217208363
92.03298915  0.002384495532
93.11261652  0.002564404428
94.20490886  0.002625293894
95.31001474  0.002821358409
96.42808449  0.002945143987
97.55927016  0.00307436059
98.70372564  0.003209246501
99.86160657  0.003350050459
101.0330705  0.003497032115
102.2182767  0.003650462512
102.5994822  0.003650462512
103.4173863  0.003810624584
104.6305626  0.003977813681
105.8579705  0.00415233811
107.099777  0.004334519703
108.356151  0.004394333504
109.6272633  0.004577443571
110.9132869  0.004689984114
112.2143966  0.004805291568
113.5307695  0.004923433958
114.8625847  0.005044480984
116.2100231  0.00516850406
117.5732682  0.005295576354
118.9525054  0.005425772835
120.3479222  0.005559170312
120.6429279  0.005559170312
121.7597085  0.005695847485
123.1880562  0.005835884989
124.6331598  0.00597936544
126.0952156  0.006126373486
127.5744227  0.006157690253
129.0709821  0.006351636408
130.5850975  0.006462628932
132.1169748  0.006575561009
133.6668223  0.006690466532
135.2348509  0.006807379988
136.8212739  0.006926336463
138.4263069  0.00704737166
140.0501685  0.007170521902
141.6930793  0.00729582415
141.8595468  0.00729582415
143.3552629  0.007423316009
145.0369454  0.007553035741
146.7383555  0.007685022278
148.4597246  0.007819315231
150.2012869  0.007832964798
151.9632792  0.007892730873
153.7459412  0.007924380949
155.5495154  0.007956157942
157.3742471  0.007988062362
159.2203845  0.00802009472
161.0881788  0.008052255529
162.9778838  0.008084545303
164.8897568  0.00811696456
166.8073825  0.008149513819
166.8240577  0.008149513819
168.7810497  0.008182193602
170.7609988  0.008215004431
172.7641745  0.008247946833
174.7908492  0.008280737286
176.8412986  0.008326259759
178.9158015  0.008371642438
181.0146402  0.008417272478
183.1381001  0.008463151227
185.28647  0.00850928004
187.4600422  0.00855566028
189.6591123  0.008602293318
191.8839793  0.008649180532
194.1349461  0.008696323307
196.1426178  0.008696323307
196.4123186  0.008743723035
198.7164067  0.008791381118
201.0475237  0.008839298964
203.4059868  0.008887477989
205.7921168  0.008930198562
208.2062381  0.009125513528
210.6486792  0.009303859471
213.1197722  0.009485690946
215.6198534  0.009671076074
218.1492626  0.009860084306
220.7083441  0.01005278645
223.2974458  0.0102492547
225.9169199  0.01044956266
228.5671227  0.01065378537
231.2484148  0.01086199934
231.7340812  0.01086199934
233.9611607  0.01107428257
236.7057295  0.0112907146
239.4824945  0.01151137649
242.2918334  0.01173635093
245.1341283  0.01177728585
248.0097658  0.01218313222
250.9191371  0.01241203365
253.8626377  0.01264523578
256.8406683  0.01288281939
259.8536337  0.01312486682
262.9019439  0.01337146194
265.9860134  0.01362269017
269.1062617  0.01387863859
271.197303  0.01387863859
272.2631132  0.01413939585
275.4569974  0.01440505233
278.6883487  0.01467570007
281.9576065  0.01495143284
285.2652155  0.01513728646
288.6116257  0.01557721659
291.9972923  0.01591477139
295.4226756  0.01625964093
298.8882417  0.01661198371
302.3944619  0.01697196169
305.9418131  0.0173397403
309.5307779  0.0177154886
313.1618444  0.01809937927
316.8355064  0.01849158877
320.0671345  0.01849158877
320.5522637  0.01889229737
324.3126218  0.01930168923
328.1170922  0.01971995252
331.9661923  0.02014727948
335.8604458  0.02052663894
339.8003823  0.02100440792
343.7865376  0.0214365312
347.8194541  0.02187754455
351.8996802  0.02232763086
356.0277708  0.02278697678
360.2042876  0.02325577281
364.4297986  0.02373421338
368.7048786  0.0242224969
373.0301089  0.02472082587
376.6749896  0.02472082587
377.406078  0.02522940694
381.833381  0.02574845105
386.3126202  0.02627817344
390.8444047  0.0268187938
395.4293511  0.02727802336
400.0680828  0.02811887441
404.761231  0.02886046576
409.5094338  0.02962161542
414.3133373  0.03040283922
419.1735947  0.03120466657
424.0908672  0.03202764087
429.0658236  0.03287231982
434.0991405  0.03373927587
439.1915027  0.03462909652
439.6997341  0.03462909652
444.3436028  0.0355423848
449.5561414  0.03647975963
454.8298277  0.03744185626
460.165379  0.03842932668
465.5635209  0.03852865799
471.0249878  0.04082271599
476.5505224  0.04208391157
482.1408764  0.0433840711
487.7968101  0.04472439835
493.5190928  0.04610613427
499.308503  0.04753055818
505.1658279  0.04899898889
511.0918644  0.05051278597
517.0874185  0.05207335098
518.4563099  0.05207335098
523.1533057  0.05368212879
529.2903511  0.05534060893
535.4993893  0.0570503269
541.781265  0.05881286568
548.1368326  0.05921993
554.5669565  0.06227590968
561.0725114  0.06406825816
567.6543822  0.06591219182
574.313464  0.06780919529
581.0506627  0.06976079599
587.8668946  0.07176856525
594.7630869  0.07383411965
601.7401775  0.07595912229
608.7991156  0.07814528414
612.2042084  0.07814528414
615.9408611  0.08039436541
623.1663855  0.08270817696
630.4766716  0.08508858179
637.8727138  0.08753749649
645.3555181  0.0887334611
652.9261021  0.09402780034
660.5854957  0.09767774074
668.3347407  0.1014693633
676.1748911  0.1054081679
684.1070134  0.1094998677
692.1321863  0.1137503977
700.2515016  0.1181659235
708.4660635  0.1227528497
709.5737151  0.1227528497
716.7769894  0.1275178296
725.1854097  0.1324677751
733.6924681  0.1376098658
742.2993218  0.1429515606
751.0071413  0.1436826663
759.8171112  0.1537669324
768.7304298  0.1594591927
777.7483093  0.1653621734
786.8719765  0.1714836751
796.1026723  0.1778317871
805.4416521  0.1844148984
814.8901864  0.1912417082
824.4495602  0.198321238
834.1210739  0.2056628432
842.9120512  0.2056628432
843.9060428  0.2132762255
853.805798  0.2211714457
863.8216859  0.2293589371
873.955069  0.2378495193
884.2073255  0.2457500442
894.57985  0.2572948993
905.0740532  0.2682494923
915.6913626  0.2796704882
926.4332223  0.2915777447
937.3010933  0.3039919649
948.2964541  0.316934733
959.4208  0.3304285528
970.6756442  0.3444968857
979.8604902  0.3444968857
982.0625175  0.3591641923
993.5829689  0.3744559744
1005.238565  0.3903988197
1017.030892  0.4070204479
1028.961553  0.4209579002
1041.032171  0.4432813194
1053.244388  0.4629116042
1065.599864  0.4834111972
1078.100282  0.5048185948
1090.74734  0.5271739984
1103.542759  0.5505193894
1116.48828  0.5748986085
1129.585663  0.6003574378
1142.83669  0.6269436867
1156.243162  0.6547072819
1169.806905  0.6837003611
1183.529762  0.7139773708
