mass_GeV,has_sensitivity,any_variation_sensitive,envelope_definition,campaign_has_sensitivity,numerical_control_n_sensitive,numerical_control_any_sensitive,numerical_control_all_sensitive,numerical_control_sensitive_variations,numerical_control_included_in_envelope,physical_variation_n_sensitive,physical_variation_any_sensitive,physical_variation_sensitive_variations,u2_min_central,u2_min_open,u2_min_campaign_central,u2_min_campaign_central_open,u2_min_central_repeat_1,u2_min_central_repeat_2,u2_min_scale_envelope_lo,u2_min_scale_envelope_hi,u2_min_scale_envelope_lo_source,u2_min_scale_envelope_hi_source,u2_min_scale_envelope_lo_dex,u2_min_scale_envelope_hi_dex,u2_min_pdf_p16,u2_min_pdf_p84,u2_min_pdf_p16_shift_dex,u2_min_pdf_p84_shift_dex,u2_min_pdf_std_dex,u2_min_pdf_n_finite,u2_min_bottom_mass_envelope_lo,u2_min_bottom_mass_envelope_hi,u2_min_bottom_mass_envelope_lo_source,u2_min_bottom_mass_envelope_hi_source,u2_min_bottom_mass_envelope_lo_dex,u2_min_bottom_mass_envelope_hi_dex,u2_min_decay_model_alt,u2_min_decay_model_shift_dex,u2_min_decay_model_envelope_lo,u2_min_decay_model_envelope_hi,u2_min_numerical_repeat_median_abs_dex,u2_min_numerical_repeat_max_abs_dex,u2_min_numerical_repeat_max_fractional,u2_min_numerical_repeat_n_finite,u2_min_numerical_repeat_open,u2_min_numerical_repeat_missing,u2_min_numerical_repeat_to_scale_ratio,u2_min_numerical_repeat_to_pdf_ratio,u2_min_numerical_repeat_to_bottom_mass_ratio,u2_min_numerical_repeat_to_decay_model_ratio,u2_min_numerical_repeat_subdominant,u2_min_numerical_repeat_not_subdominant,u2_min_envelope_lo,u2_min_envelope_hi,u2_min_envelope_lo_source,u2_min_envelope_hi_source,u2_min_envelope_open,u2_min_variation_missing,u2_max_central,u2_max_open,u2_max_campaign_central,u2_max_campaign_central_open,u2_max_central_repeat_1,u2_max_central_repeat_2,u2_max_envelope_lo,u2_max_envelope_hi,u2_max_envelope_open,numerical_control_topology_differs_from_campaign,numerical_control_topology_difference_variations_from_campaign,numerical_control_topology_differs_from_canonical,numerical_control_topology_difference_variations_from_canonical,physical_variation_topology_differs_from_campaign,physical_variation_topology_difference_variations_from_campaign,physical_variation_topology_differs_from_canonical,physical_variation_topology_difference_variations_from_canonical,u2_max_scale_envelope_lo,u2_max_scale_envelope_hi,u2_max_scale_envelope_lo_source,u2_max_scale_envelope_hi_source,u2_max_scale_envelope_lo_dex,u2_max_scale_envelope_hi_dex,u2_max_pdf_p16,u2_max_pdf_p84,u2_max_pdf_p16_shift_dex,u2_max_pdf_p84_shift_dex,u2_max_pdf_std_dex,u2_max_pdf_n_finite,u2_max_bottom_mass_envelope_lo,u2_max_bottom_mass_envelope_hi,u2_max_bottom_mass_envelope_lo_source,u2_max_bottom_mass_envelope_hi_source,u2_max_bottom_mass_envelope_lo_dex,u2_max_bottom_mass_envelope_hi_dex,u2_max_decay_model_alt,u2_max_decay_model_shift_dex,u2_max_decay_model_envelope_lo,u2_max_decay_model_envelope_hi,u2_max_numerical_repeat_median_abs_dex,u2_max_numerical_repeat_max_abs_dex,u2_max_numerical_repeat_max_fractional,u2_max_numerical_repeat_n_finite,u2_max_numerical_repeat_open,u2_max_numerical_repeat_missing,u2_max_numerical_repeat_to_scale_ratio,u2_max_numerical_repeat_to_pdf_ratio,u2_max_numerical_repeat_to_bottom_mass_ratio,u2_max_numerical_repeat_to_decay_model_ratio,u2_max_numerical_repeat_subdominant,u2_max_numerical_repeat_not_subdominant,u2_max_envelope_lo_source,u2_max_envelope_hi_source,u2_max_variation_missing
0.14,True,True,single_source_variation_envelope,True,2,True,True,central_repeat_1;central_repeat_2,False,109,True,scale_muR0p5_muF0p5;scale_muR0p5_muF1;scale_muR1_muF0p5;scale_muR1_muF2;scale_muR2_muF1;scale_muR2_muF2;pdf_0001;pdf_0002;pdf_0003;pdf_0004;pdf_0005;pdf_0006;pdf_0007;pdf_0008;pdf_0009;pdf_0010;pdf_0011;pdf_0012;pdf_0013;pdf_0014;pdf_0015;pdf_0016;pdf_0017;pdf_0018;pdf_0019;pdf_0020;pdf_0021;pdf_0022;pdf_0023;pdf_0024;pdf_0025;pdf_0026;pdf_0027;pdf_0028;pdf_0029;pdf_0030;pdf_0031;pdf_0032;pdf_0033;pdf_0034;pdf_0035;pdf_0036;pdf_0037;pdf_0038;pdf_0039;pdf_0040;pdf_0041;pdf_0042;pdf_0043;pdf_0044;pdf_0045;pdf_0046;pdf_0047;pdf_0048;pdf_0049;pdf_0050;pdf_0051;pdf_0052;pdf_0053;pdf_0054;pdf_0055;pdf_0056;pdf_0057;pdf_0058;pdf_0059;pdf_0060;pdf_0061;pdf_0062;pdf_0063;pdf_0064;pdf_0065;pdf_0066;pdf_0067;pdf_0068;pdf_0069;pdf_0070;pdf_0071;pdf_0072;pdf_0073;pdf_0074;pdf_0075;pdf_0076;pdf_0077;pdf_0078;pdf_0079;pdf_0080;pdf_0081;pdf_0082;pdf_0083;pdf_0084;pdf_0085;pdf_0086;pdf_0087;pdf_0088;pdf_0089;pdf_0090;pdf_0091;pdf_0092;pdf_0093;pdf_0094;pdf_0095;pdf_0096;pdf_0097;pdf_0098;pdf_0099;pdf_0100;mb_dn;mb_up;decay_chpt_spectator,6.945689536487784e-08,False,6.905738145269113e-08,False,7.00160619954323e-08,7.077170138094438e-08,5.796068658850811e-08,9.512888284068561e-08,scale_muR0p5_muF1,scale_muR1_muF0p5,-0.07858184561736437,0.1365970295827159,6.894527051323457e-08,7.188596318863134e-08,-0.003210887063683998,0.014928729160614829,0.009406142244067956,100.0,6.560902805400445e-08,7.372199137034334e-08,mb_dn,mb_up,-0.024751762921319198,0.025881690824267167,7.024967113116642e-08,0.004928928467069049,6.945689536487784e-08,7.024967113116642e-08,0.008318551875801106,0.010649529787718492,0.024824571858804934,2.0,False,False,0.07796311398755346,0.7133580945265069,0.4114696315641515,2.160617639081128,True,False,5.796068658850811e-08,9.512888284068561e-08,scale:scale_muR0p5_muF1,scale:scale_muR1_muF0p5,False,False,,True,,True,,,,,True,False,,False,,False,,False,,,,,,,,,,,,,,,,,,,,,,,,,,,,,,,,,,,,,,
0.16,True,True,single_source_variation_envelope,True,2,True,True,central_repeat_1;central_repeat_2,False,109,True,scale_muR0p5_muF0p5;scale_muR0p5_muF1;scale_muR1_muF0p5;scale_muR1_muF2;scale_muR2_muF1;scale_muR2_muF2;pdf_0001;pdf_0002;pdf_0003;pdf_0004;pdf_0005;pdf_0006;pdf_0007;pdf_0008;pdf_0009;pdf_0010;pdf_0011;pdf_0012;pdf_0013;pdf_0014;pdf_0015;pdf_0016;pdf_0017;pdf_0018;pdf_0019;pdf_0020;pdf_0021;pdf_0022;pdf_0023;pdf_0024;pdf_0025;pdf_0026;pdf_0027;pdf_0028;pdf_0029;pdf_0030;pdf_0031;pdf_0032;pdf_0033;pdf_0034;pdf_0035;pdf_0036;pdf_0037;pdf_0038;pdf_0039;pdf_0040;pdf_0041;pdf_0042;pdf_0043;pdf_0044;pdf_0045;pdf_0046;pdf_0047;pdf_0048;pdf_0049;pdf_0050;pdf_0051;pdf_0052;pdf_0053;pdf_0054;pdf_0055;pdf_0056;pdf_0057;pdf_0058;pdf_0059;pdf_0060;pdf_0061;pdf_0062;pdf_0063;pdf_0064;pdf_0065;pdf_0066;pdf_0067;pdf_0068;pdf_0069;pdf_0070;pdf_0071;pdf_0072;pdf_0073;pdf_0074;pdf_0075;pdf_0076;pdf_0077;pdf_0078;pdf_0079;pdf_0080;pdf_0081;pdf_0082;pdf_0083;pdf_0084;pdf_0085;pdf_0086;pdf_0087;pdf_0088;pdf_0089;pdf_0090;pdf_0091;pdf_0092;pdf_0093;pdf_0094;pdf_0095;pdf_0096;pdf_0097;pdf_0098;pdf_0099;pdf_0100;mb_dn;mb_up;decay_chpt_spectator,6.034476102584944e-08,False,6.011631268331396e-08,False,5.982597967090958e-08,5.97453656058352e-08,5.1181241672017995e-08,8.046823150897042e-08,scale_muR0p5_muF1,scale_muR1_muF0p5,-0.07152875396897773,0.12498488496214666,5.945133298611939e-08,6.193690988344316e-08,-0.006477975176761852,0.011309962259530515,0.009351536019015233,100.0,5.59277291702638e-08,6.515586821573518e-08,mb_dn,mb_up,-0.03301238570288412,0.0333139644656093,6.175677506048131e-08,0.010045037296690928,6.034476102584956e-08,6.175677506048131e-08,0.00239531360280143,0.0026881115875445616,0.006170489521419409,2.0,False,False,0.021507493392970613,0.2376764418713584,0.08069023398039447,0.26760593397001015,True,False,5.1181241672017995e-08,8.046823150897042e-08,scale:scale_muR0p5_muF1,scale:scale_muR1_muF0p5,False,False,,True,,True,,,,,True,False,,False,,False,,False,,,,,,,,,,,,,,,,,,,,,,,,,,,,,,,,,,,,,,
0.18,True,True,single_source_variation_envelope,True,2,True,True,central_repeat_1;central_repeat_2,False,109,True,scale_muR0p5_muF0p5;scale_muR0p5_muF1;scale_muR1_muF0p5;scale_muR1_muF2;scale_muR2_muF1;scale_muR2_muF2;pdf_0001;pdf_0002;pdf_0003;pdf_0004;pdf_0005;pdf_0006;pdf_0007;pdf_0008;pdf_0009;pdf_0010;pdf_0011;pdf_0012;pdf_0013;pdf_0014;pdf_0015;pdf_0016;pdf_0017;pdf_0018;pdf_0019;pdf_0020;pdf_0021;pdf_0022;pdf_0023;pdf_0024;pdf_0025;pdf_0026;pdf_0027;pdf_0028;pdf_0029;pdf_0030;pdf_0031;pdf_0032;pdf_0033;pdf_0034;pdf_0035;pdf_0036;pdf_0037;pdf_0038;pdf_0039;pdf_0040;pdf_0041;pdf_0042;pdf_0043;pdf_0044;pdf_0045;pdf_0046;pdf_0047;pdf_0048;pdf_0049;pdf_0050;pdf_0051;pdf_0052;pdf_0053;pdf_0054;pdf_0055;pdf_0056;pdf_0057;pdf_0058;pdf_0059;pdf_0060;pdf_0061;pdf_0062;pdf_0063;pdf_0064;pdf_0065;pdf_0066;pdf_0067;pdf_0068;pdf_0069;pdf_0070;pdf_0071;pdf_0072;pdf_0073;pdf_0074;pdf_0075;pdf_0076;pdf_0077;pdf_0078;pdf_0079;pdf_0080;pdf_0081;pdf_0082;pdf_0083;pdf_0084;pdf_0085;pdf_0086;pdf_0087;pdf_0088;pdf_0089;pdf_0090;pdf_0091;pdf_0092;pdf_0093;pdf_0094;pdf_0095;pdf_0096;pdf_0097;pdf_0098;pdf_0099;pdf_0100;mb_dn;mb_up;decay_chpt_spectator,5.3842400959985626e-08,False,5.256433650194989e-08,False,5.251961253932033e-08,5.4371916621851665e-08,4.450269509748148e-08,7.31117689925096e-08,scale_muR0p5_muF1,scale_muR1_muF0p5,-0.08273810507528534,0.1328628742371727,5.331129061059404e-08,5.5464068104305154e-08,-0.0043052213982335275,0.012887302595351535,0.00901432598133004,100.0,5.1174413738256964e-08,5.8627140278836534e-08,mb_dn,mb_up,-0.022071541845239295,0.03697429277124353,5.429848046905586e-08,0.0036632582583635553,5.3842400959985626e-08,5.429848046905586e-08,0.007526564400823332,0.01468345538284499,0.034387956553674215,2.0,False,False,0.11051586432364578,1.139373835153163,0.39712606468743417,4.008304724167703,True,False,4.450269509748148e-08,7.31117689925096e-08,scale:scale_muR0p5_muF1,scale:scale_muR1_muF0p5,False,False,,True,,True,,,,,True,False,,False,,False,,False,,,,,,,,,,,,,,,,,,,,,,,,,,,,,,,,,,,,,,
0.2,True,True,single_source_variation_envelope,True,2,True,True,central_repeat_1;central_repeat_2,False,109,True,scale_muR0p5_muF0p5;scale_muR0p5_muF1;scale_muR1_muF0p5;scale_muR1_muF2;scale_muR2_muF1;scale_muR2_muF2;pdf_0001;pdf_0002;pdf_0003;pdf_0004;pdf_0005;pdf_0006;pdf_0007;pdf_0008;pdf_0009;pdf_0010;pdf_0011;pdf_0012;pdf_0013;pdf_0014;pdf_0015;pdf_0016;pdf_0017;pdf_0018;pdf_0019;pdf_0020;pdf_0021;pdf_0022;pdf_0023;pdf_0024;pdf_0025;pdf_0026;pdf_0027;pdf_0028;pdf_0029;pdf_0030;pdf_0031;pdf_0032;pdf_0033;pdf_0034;pdf_0035;pdf_0036;pdf_0037;pdf_0038;pdf_0039;pdf_0040;pdf_0041;pdf_0042;pdf_0043;pdf_0044;pdf_0045;pdf_0046;pdf_0047;pdf_0048;pdf_0049;pdf_0050;pdf_0051;pdf_0052;pdf_0053;pdf_0054;pdf_0055;pdf_0056;pdf_0057;pdf_0058;pdf_0059;pdf_0060;pdf_0061;pdf_0062;pdf_0063;pdf_0064;pdf_0065;pdf_0066;pdf_0067;pdf_0068;pdf_0069;pdf_0070;pdf_0071;pdf_0072;pdf_0073;pdf_0074;pdf_0075;pdf_0076;pdf_0077;pdf_0078;pdf_0079;pdf_0080;pdf_0081;pdf_0082;pdf_0083;pdf_0084;pdf_0085;pdf_0086;pdf_0087;pdf_0088;pdf_0089;pdf_0090;pdf_0091;pdf_0092;pdf_0093;pdf_0094;pdf_0095;pdf_0096;pdf_0097;pdf_0098;pdf_0099;pdf_0100;mb_dn;mb_up;decay_chpt_spectator,4.7530941787118087e-08,False,4.7132275692887866e-08,False,4.7616394102436877e-08,4.696641116638076e-08,3.935749378458444e-08,6.387789171028715e-08,scale_muR0p5_muF1,scale_muR1_muF0p5,-0.08194898403619,0.12837415424085652,4.6761450244002785e-08,4.894223058044451e-08,-0.0070884478107453575,0.012707339204124146,0.009348898872564248,100.0,4.507054275283324e-08,5.093274084096051e-08,mb_dn,mb_up,-0.023083631568123764,0.030020627898164065,4.780514903488254e-08,0.002498256892288886,4.7530941787118087e-08,4.780514903488254e-08,0.0029845641127064226,0.004438094677273519,0.01027148387027843,2.0,False,False,0.03457155923260638,0.3492544431200154,0.14783483850932158,1.7764765068685016,True,False,3.935749378458444e-08,6.387789171028715e-08,scale:scale_muR0p5_muF1,scale:scale_muR1_muF0p5,False,False,,True,,True,,,,,True,False,,False,,False,,False,,,,,,,,,,,,,,,,,,,,,,,,,,,,,,,,,,,,,,
0.22,True,True,single_source_variation_envelope,True,2,True,True,central_repeat_1;central_repeat_2,False,109,True,scale_muR0p5_muF0p5;scale_muR0p5_muF1;scale_muR1_muF0p5;scale_muR1_muF2;scale_muR2_muF1;scale_muR2_muF2;pdf_0001;pdf_0002;pdf_0003;pdf_0004;pdf_0005;pdf_0006;pdf_0007;pdf_0008;pdf_0009;pdf_0010;pdf_0011;pdf_0012;pdf_0013;pdf_0014;pdf_0015;pdf_0016;pdf_0017;pdf_0018;pdf_0019;pdf_0020;pdf_0021;pdf_0022;pdf_0023;pdf_0024;pdf_0025;pdf_0026;pdf_0027;pdf_0028;pdf_0029;pdf_0030;pdf_0031;pdf_0032;pdf_0033;pdf_0034;pdf_0035;pdf_0036;pdf_0037;pdf_0038;pdf_0039;pdf_0040;pdf_0041;pdf_0042;pdf_0043;pdf_0044;pdf_0045;pdf_0046;pdf_0047;pdf_0048;pdf_0049;pdf_0050;pdf_0051;pdf_0052;pdf_0053;pdf_0054;pdf_0055;pdf_0056;pdf_0057;pdf_0058;pdf_0059;pdf_0060;pdf_0061;pdf_0062;pdf_0063;pdf_0064;pdf_0065;pdf_0066;pdf_0067;pdf_0068;pdf_0069;pdf_0070;pdf_0071;pdf_0072;pdf_0073;pdf_0074;pdf_0075;pdf_0076;pdf_0077;pdf_0078;pdf_0079;pdf_0080;pdf_0081;pdf_0082;pdf_0083;pdf_0084;pdf_0085;pdf_0086;pdf_0087;pdf_0088;pdf_0089;pdf_0090;pdf_0091;pdf_0092;pdf_0093;pdf_0094;pdf_0095;pdf_0096;pdf_0097;pdf_0098;pdf_0099;pdf_0100;mb_dn;mb_up;decay_chpt_spectator,1.4107713077823444e-09,False,1.4456223374420142e-09,False,1.4010675199178795e-09,1.4217895050885835e-09,1.1572568301663952e-09,1.8480151127364036e-09,scale_muR0p5_muF1,scale_muR1_muF0p5,-0.08602686573706819,0.11724890006180821,1.3506669787449977e-09,1.4067545057226767e-09,-0.01890833610474907,-0.0012383035803384956,0.0094909778794065,100.0,1.3099514631709918e-09,1.4547029236009001e-09,mb_dn,mb_up,-0.03220141411273225,0.013317693243649842,1.3712102507784859e-09,-0.01235256716575428,1.3712102507784859e-09,1.4107713077823388e-09,0.010407665540660638,0.01359578502052905,0.030820509873258572,2.0,False,False,0.11595661036787534,0.7190365638314572,0.4222108064239749,1.1006444926056675,True,False,1.1572568301663952e-09,1.8480151127364036e-09,scale:scale_muR0p5_muF1,scale:scale_muR1_muF0p5,False,False,0.0004753105927353,False,0.0004318592700910905,False,0.0005306911984279797,0.00041608704698844145,0.0004228188916826703,0.0005389514560998197,False,False,,False,,False,,False,,0.0004228188916826703,0.00047864878674040956,scale_muR1_muF2,scale_muR0p5_muF0p5,-0.05082310957142555,0.0030394693624762326,0.0004656853522016154,0.0005389514560998197,-0.00888491532955138,0.054572156551120354,0.039326744341819334,100.0,0.0004753105927352999,0.000513059881859848,central,mb_dn,0.0,0.033190563758664915,0.00048095059816717715,0.0051229761551363495,0.0004753105927352999,0.00048095059816717715,0.05282884434129653,0.08949963846922415,0.22885216361349126,2.0,False,False,1.761002804116965,1.6400238532883624,2.6965386644226212,17.47024303040936,False,True,scale:scale_muR1_muF2,pdf:p84,False
0.24,True,True,single_source_variation_envelope,True,2,True,True,central_repeat_1;central_repeat_2,False,109,True,scale_muR0p5_muF0p5;scale_muR0p5_muF1;scale_muR1_muF0p5;scale_muR1_muF2;scale_muR2_muF1;scale_muR2_muF2;pdf_0001;pdf_0002;pdf_0003;pdf_0004;pdf_0005;pdf_0006;pdf_0007;pdf_0008;pdf_0009;pdf_0010;pdf_0011;pdf_0012;pdf_0013;pdf_0014;pdf_0015;pdf_0016;pdf_0017;pdf_0018;pdf_0019;pdf_0020;pdf_0021;pdf_0022;pdf_0023;pdf_0024;pdf_0025;pdf_0026;pdf_0027;pdf_0028;pdf_0029;pdf_0030;pdf_0031;pdf_0032;pdf_0033;pdf_0034;pdf_0035;pdf_0036;pdf_0037;pdf_0038;pdf_0039;pdf_0040;pdf_0041;pdf_0042;pdf_0043;pdf_0044;pdf_0045;pdf_0046;pdf_0047;pdf_0048;pdf_0049;pdf_0050;pdf_0051;pdf_0052;pdf_0053;pdf_0054;pdf_0055;pdf_0056;pdf_0057;pdf_0058;pdf_0059;pdf_0060;pdf_0061;pdf_0062;pdf_0063;pdf_0064;pdf_0065;pdf_0066;pdf_0067;pdf_0068;pdf_0069;pdf_0070;pdf_0071;pdf_0072;pdf_0073;pdf_0074;pdf_0075;pdf_0076;pdf_0077;pdf_0078;pdf_0079;pdf_0080;pdf_0081;pdf_0082;pdf_0083;pdf_0084;pdf_0085;pdf_0086;pdf_0087;pdf_0088;pdf_0089;pdf_0090;pdf_0091;pdf_0092;pdf_0093;pdf_0094;pdf_0095;pdf_0096;pdf_0097;pdf_0098;pdf_0099;pdf_0100;mb_dn;mb_up;decay_chpt_spectator,5.850349072332161e-10,False,5.883921072748937e-10,False,5.896590005273333e-10,5.783668425580576e-10,4.750642046115608e-10,7.799868520696516e-10,scale_muR0p5_muF1,scale_muR1_muF0p5,-0.09042947166891224,0.12490550215056828,5.682067343598588e-10,5.912899001615514e-10,-0.012675403215560266,0.004618680995875479,0.009312831055205908,100.0,5.387915321910023e-10,6.255742517625348e-10,mb_dn,mb_up,-0.035761018268528844,0.02909708526455468,5.860562617847185e-10,0.0007575307029608069,5.850349072332162e-10,5.860562617847185e-10,0.004198772416164509,0.007463451299106083,0.017038407879513495,2.0,False,False,0.059752782468375246,0.5888137183631353,0.20870354538182223,9.85234165418669,True,False,4.750642046115608e-10,7.799868520696516e-10,scale:scale_muR0p5_muF1,scale:scale_muR1_muF0p5,False,False,8.280561098770655e-05,False,7.495800700344269e-05,False,8.182758197066637e-05,8.424428305676164e-05,7.148020679761172e-05,0.00010181147001786785,False,False,,False,,False,,False,,7.148020679761172e-05,9.571909159756369e-05,scale_muR1_muF2,scale_muR2_muF2,-0.06387396571104276,0.06293880238506766,7.829480767155338e-05,0.00010181147001786785,-0.0243268043739846,0.08973694211435124,0.05380921609495515,100.0,8.280561098770672e-05,9.470381780892769e-05,central,mb_dn,0.0,0.05830772114041505,8.466619048005453e-05,0.00965025331904279,8.280561098770672e-05,8.466619048005453e-05,0.04440204731623165,0.05072240773342518,0.12388637884799225,2.0,False,False,0.7941014334836597,0.5652344122534276,0.8699089372962608,5.256070079873959,True,False,scale:scale_muR1_muF2,pdf:p84,False
0.26,True,True,single_source_variation_envelope,True,2,True,True,central_repeat_1;central_repeat_2,False,109,True,scale_muR0p5_muF0p5;scale_muR0p5_muF1;scale_muR1_muF0p5;scale_muR1_muF2;scale_muR2_muF1;scale_muR2_muF2;pdf_0001;pdf_0002;pdf_0003;pdf_0004;pdf_0005;pdf_0006;pdf_0007;pdf_0008;pdf_0009;pdf_0010;pdf_0011;pdf_0012;pdf_0013;pdf_0014;pdf_0015;pdf_0016;pdf_0017;pdf_0018;pdf_0019;pdf_0020;pdf_0021;pdf_0022;pdf_0023;pdf_0024;pdf_0025;pdf_0026;pdf_0027;pdf_0028;pdf_0029;pdf_0030;pdf_0031;pdf_0032;pdf_0033;pdf_0034;pdf_0035;pdf_0036;pdf_0037;pdf_0038;pdf_0039;pdf_0040;pdf_0041;pdf_0042;pdf_0043;pdf_0044;pdf_0045;pdf_0046;pdf_0047;pdf_0048;pdf_0049;pdf_0050;pdf_0051;pdf_0052;pdf_0053;pdf_0054;pdf_0055;pdf_0056;pdf_0057;pdf_0058;pdf_0059;pdf_0060;pdf_0061;pdf_0062;pdf_0063;pdf_0064;pdf_0065;pdf_0066;pdf_0067;pdf_0068;pdf_0069;pdf_0070;pdf_0071;pdf_0072;pdf_0073;pdf_0074;pdf_0075;pdf_0076;pdf_0077;pdf_0078;pdf_0079;pdf_0080;pdf_0081;pdf_0082;pdf_0083;pdf_0084;pdf_0085;pdf_0086;pdf_0087;pdf_0088;pdf_0089;pdf_0090;pdf_0091;pdf_0092;pdf_0093;pdf_0094;pdf_0095;pdf_0096;pdf_0097;pdf_0098;pdf_0099;pdf_0100;mb_dn;mb_up;decay_chpt_spectator,3.948659925724074e-10,False,3.9528992651455515e-10,False,3.938540274250109e-10,3.9181224609902007e-10,3.2861952770491116e-10,5.271291919987634e-10,scale_muR0p5_muF1,scale_muR1_muF0p5,-0.07975636504066408,0.12546733558529155,3.864473128220751e-10,4.045552183210333e-10,-0.0093594404222479,0.010528075288384287,0.009750839303137967,100.0,3.6600882807417156e-10,4.265396815887755e-10,mb_dn,mb_up,-0.03295817154749159,0.03350970823042054,3.9000042066529367e-10,-0.005384656712561053,3.9000042066529367e-10,3.9486599257240745e-10,0.0027090987460933746,0.003837741261712324,0.00879779671138936,2.0,False,False,0.030587572803787346,0.3645244887207955,0.11452625117840845,0.712717906929858,True,False,3.2861952770491116e-10,5.271291919987634e-10,scale:scale_muR0p5_muF1,scale:scale_muR1_muF0p5,False,False,3.74765965045769e-05,False,3.436794931992135e-05,False,4.249192298177115e-05,3.8301675319487924e-05,2.937234027754839e-05,4.998744498657688e-05,False,False,,False,,False,,False,,2.937234027754839e-05,4.319266012083228e-05,scale_muR1_muF2,scale_muR0p5_muF1,-0.1058215920259693,0.06164980903348205,3.336137081547492e-05,4.2652395759254474e-05,-0.0505162554272065,0.056183287369386825,0.05217359353376276,100.0,3.6152539141752566e-05,4.998744498657688e-05,mb_up,mb_dn,-0.01562133788520459,0.12510079630382975,3.647283579049623e-05,-0.011790611527350059,3.647283579049623e-05,3.74765965045769e-05,0.06960845879243971,0.09215276637179493,0.23638226378379645,2.0,False,False,0.8708314116950729,1.6402167029835846,0.7366281358272523,7.8157749628196145,True,False,scale:scale_muR1_muF2,bottom_mass:mb_dn,False
0.28,True,True,single_source_variation_envelope,True,2,True,True,central_repeat_1;central_repeat_2,False,109,True,scale_muR0p5_muF0p5;scale_muR0p5_muF1;scale_muR1_muF0p5;scale_muR1_muF2;scale_muR2_muF1;scale_muR2_muF2;pdf_0001;pdf_0002;pdf_0003;pdf_0004;pdf_0005;pdf_0006;pdf_0007;pdf_0008;pdf_0009;pdf_0010;pdf_0011;pdf_0012;pdf_0013;pdf_0014;pdf_0015;pdf_0016;pdf_0017;pdf_0018;pdf_0019;pdf_0020;pdf_0021;pdf_0022;pdf_0023;pdf_0024;pdf_0025;pdf_0026;pdf_0027;pdf_0028;pdf_0029;pdf_0030;pdf_0031;pdf_0032;pdf_0033;pdf_0034;pdf_0035;pdf_0036;pdf_0037;pdf_0038;pdf_0039;pdf_0040;pdf_0041;pdf_0042;pdf_0043;pdf_0044;pdf_0045;pdf_0046;pdf_0047;pdf_0048;pdf_0049;pdf_0050;pdf_0051;pdf_0052;pdf_0053;pdf_0054;pdf_0055;pdf_0056;pdf_0057;pdf_0058;pdf_0059;pdf_0060;pdf_0061;pdf_0062;pdf_0063;pdf_0064;pdf_0065;pdf_0066;pdf_0067;pdf_0068;pdf_0069;pdf_0070;pdf_0071;pdf_0072;pdf_0073;pdf_0074;pdf_0075;pdf_0076;pdf_0077;pdf_0078;pdf_0079;pdf_0080;pdf_0081;pdf_0082;pdf_0083;pdf_0084;pdf_0085;pdf_0086;pdf_0087;pdf_0088;pdf_0089;pdf_0090;pdf_0091;pdf_0092;pdf_0093;pdf_0094;pdf_0095;pdf_0096;pdf_0097;pdf_0098;pdf_0099;pdf_0100;mb_dn;mb_up;decay_chpt_spectator,2.5097326206191695e-10,False,2.5346767739691773e-10,False,2.5313419149017454e-10,2.4923485028915114e-10,2.0956652906274551e-10,3.4354958880534787e-10,scale_muR0p5_muF1,scale_muR1_muF0p5,-0.07830553504727433,0.13636197755510437,2.4321211704373705e-10,2.5465079896285116e-10,-0.01364224743826803,0.006317587591521345,0.010172876659481543,100.0,2.3714746351103414e-10,2.6544375263300215e-10,mb_dn,mb_up,-0.024608971642116728,0.02434505291934741,2.740180925223163e-10,0.038151783302581066,2.50973262061918e-10,2.740180925223163e-10,0.003942795450708303,0.0073138160268815255,0.016699672128759002,2.0,False,False,0.05363530331558873,0.5361151862973438,0.29720120504200115,0.1917031235178652,True,False,2.0956652906274551e-10,3.4354958880534787e-10,scale:scale_muR0p5_muF1,scale:scale_muR1_muF0p5,False,False,9.826428059067302e-06,False,9.651891221275504e-06,False,1.1732836244806022e-05,1.0192697452448639e-05,7.694902599667343e-06,1.3185847647580541e-05,False,False,,False,,False,,False,,7.694902599667343e-06,1.0781580139004882e-05,scale_muR1_muF2,scale_muR0p5_muF1,-0.10619255195511457,0.040286736380518384,8.533264109962676e-06,1.08311333677366e-05,-0.061280491424645867,0.04227822453885821,0.05326923828982625,100.0,7.731973475005442e-06,9.826428059067302e-06,mb_dn,central,-0.10410532347026802,0.0,1.3185847647580541e-05,0.1277123745386417,9.826428059067302e-06,1.3185847647580541e-05,0.054233652622306394,0.08479059058650673,0.21559971779867593,2.0,False,False,0.7984608056348999,1.3836473666463702,0.8144693062763743,0.6639183625925912,True,False,scale:scale_muR1_muF2,decay_model:decay_chpt_spectator,False
0.3,True,True,single_source_variation_envelope,True,2,True,True,central_repeat_1;central_repeat_2,False,109,True,scale_muR0p5_muF0p5;scale_muR0p5_muF1;scale_muR1_muF0p5;scale_muR1_muF2;scale_muR2_muF1;scale_muR2_muF2;pdf_0001;pdf_0002;pdf_0003;pdf_0004;pdf_0005;pdf_0006;pdf_0007;pdf_0008;pdf_0009;pdf_0010;pdf_0011;pdf_0012;pdf_0013;pdf_0014;pdf_0015;pdf_0016;pdf_0017;pdf_0018;pdf_0019;pdf_0020;pdf_0021;pdf_0022;pdf_0023;pdf_0024;pdf_0025;pdf_0026;pdf_0027;pdf_0028;pdf_0029;pdf_0030;pdf_0031;pdf_0032;pdf_0033;pdf_0034;pdf_0035;pdf_0036;pdf_0037;pdf_0038;pdf_0039;pdf_0040;pdf_0041;pdf_0042;pdf_0043;pdf_0044;pdf_0045;pdf_0046;pdf_0047;pdf_0048;pdf_0049;pdf_0050;pdf_0051;pdf_0052;pdf_0053;pdf_0054;pdf_0055;pdf_0056;pdf_0057;pdf_0058;pdf_0059;pdf_0060;pdf_0061;pdf_0062;pdf_0063;pdf_0064;pdf_0065;pdf_0066;pdf_0067;pdf_0068;pdf_0069;pdf_0070;pdf_0071;pdf_0072;pdf_0073;pdf_0074;pdf_0075;pdf_0076;pdf_0077;pdf_0078;pdf_0079;pdf_0080;pdf_0081;pdf_0082;pdf_0083;pdf_0084;pdf_0085;pdf_0086;pdf_0087;pdf_0088;pdf_0089;pdf_0090;pdf_0091;pdf_0092;pdf_0093;pdf_0094;pdf_0095;pdf_0096;pdf_0097;pdf_0098;pdf_0099;pdf_0100;mb_dn;mb_up;decay_chpt_spectator,1.3441107910527808e-10,False,1.3689850328794926e-10,False,1.3688044859709332e-10,1.358507812380888e-10,1.1187102062468294e-10,1.8058646861981269e-10,scale_muR0p5_muF1,scale_muR1_muF0p5,-0.07971746752896713,0.12825013762924797,1.3162500448676071e-10,1.3761905178113158e-10,-0.009096668797495155,0.010243493362194656,0.00934796418789912,100.0,1.257093470223359e-10,1.4296046519913463e-10,mb_dn,mb_up,-0.029067497274512633,0.02678088491666486,1.8060473633387235e-10,0.12829406764366347,1.344110791052781e-10,1.8060473633387235e-10,0.0016969199628888987,0.0033365597545405024,0.007653276147634003,2.0,False,False,0.0260160325456024,0.3257247929553643,0.11478661967455007,0.026007124225009302,True,False,1.1187102062468294e-10,1.8060473633387235e-10,scale:scale_muR0p5_muF1,decay_model:decay_chpt_spectator,False,False,2.1920166693100748e-06,False,2.128616693546683e-06,False,2.4539125613471912e-06,2.5266487659117393e-06,1.8375221644919279e-06,4.283311875462834e-06,False,False,,False,,False,,False,,1.8375221644919279e-06,2.4598296093892856e-06,scale_muR1_muF2,scale_muR2_muF1,-0.07661126612224223,0.05006117244096231,1.9595876975075087e-06,2.4168557789741455e-06,-0.04867914819335262,0.04240688308694196,0.04841135300768552,100.0,2.19201666931007e-06,2.390444661460674e-06,central,mb_up,0.0,0.037634841836261756,4.283311875462834e-06,0.2909358448511492,2.19201666931007e-06,4.283311875462834e-06,0.06810451513294336,0.0744474102853081,0.1869909568837682,2.0,False,False,0.9717553834251813,1.5293490754933603,1.9781512729403015,0.25588943955461196,True,False,scale:scale_muR1_muF2,decay_model:decay_chpt_spectator,False
0.32,True,True,single_source_variation_envelope,True,2,True,True,central_repeat_1;central_repeat_2,False,109,True,scale_muR0p5_muF0p5;scale_muR0p5_muF1;scale_muR1_muF0p5;scale_muR1_muF2;scale_muR2_muF1;scale_muR2_muF2;pdf_0001;pdf_0002;pdf_0003;pdf_0004;pdf_0005;pdf_0006;pdf_0007;pdf_0008;pdf_0009;pdf_0010;pdf_0011;pdf_0012;pdf_0013;pdf_0014;pdf_0015;pdf_0016;pdf_0017;pdf_0018;pdf_0019;pdf_0020;pdf_0021;pdf_0022;pdf_0023;pdf_0024;pdf_0025;pdf_0026;pdf_0027;pdf_0028;pdf_0029;pdf_0030;pdf_0031;pdf_0032;pdf_0033;pdf_0034;pdf_0035;pdf_0036;pdf_0037;pdf_0038;pdf_0039;pdf_0040;pdf_0041;pdf_0042;pdf_0043;pdf_0044;pdf_0045;pdf_0046;pdf_0047;pdf_0048;pdf_0049;pdf_0050;pdf_0051;pdf_0052;pdf_0053;pdf_0054;pdf_0055;pdf_0056;pdf_0057;pdf_0058;pdf_0059;pdf_0060;pdf_0061;pdf_0062;pdf_0063;pdf_0064;pdf_0065;pdf_0066;pdf_0067;pdf_0068;pdf_0069;pdf_0070;pdf_0071;pdf_0072;pdf_0073;pdf_0074;pdf_0075;pdf_0076;pdf_0077;pdf_0078;pdf_0079;pdf_0080;pdf_0081;pdf_0082;pdf_0083;pdf_0084;pdf_0085;pdf_0086;pdf_0087;pdf_0088;pdf_0089;pdf_0090;pdf_0091;pdf_0092;pdf_0093;pdf_0094;pdf_0095;pdf_0096;pdf_0097;pdf_0098;pdf_0099;pdf_0100;mb_dn;mb_up;decay_chpt_spectator,1.0844664853364455e-10,False,1.0975676316858789e-10,False,1.0761438916643512e-10,1.107183459471418e-10,9.094887858793827e-11,1.4512006269293464e-10,scale_muR0p5_muF1,scale_muR1_muF0p5,-0.07641878647387479,0.12651132233820483,1.0626989922767332e-10,1.1133876030680837e-10,-0.008805866244786742,0.011430246381783249,0.010509237888568846,100.0,1.0273971780036512e-10,1.169847140555547e-10,mb_dn,mb_up,-0.02347776650178446,0.032912982860795026,1.513027370556639e-10,0.14463064945401527,1.0844664853364456e-10,1.513027370556639e-10,0.006174622098359173,0.00856094587824785,0.019519289201906043,2.0,False,False,0.06766940476174717,0.7489729960582219,0.26010847799654757,0.0591917820362811,True,False,9.094887858793827e-11,1.513027370556639e-10,scale:scale_muR0p5_muF1,decay_model:decay_chpt_spectator,False,False,1.3663132001523484e-06,False,1.2744143234744968e-06,False,1.3646787663546117e-06,1.3397682961782298e-06,1.1854303357802962e-06,2.7529367189264647e-06,False,False,,False,,False,,False,,1.1854303357802962e-06,1.5685324739290923e-06,scale_muR1_muF2,scale_muR0p5_muF0p5,-0.06167422727066363,0.059943250353908795,1.2564301234026384e-06,1.5858606667450878e-06,-0.036411923907060384,0.06471476353333028,0.05024934044032784,100.0,1.289646854399146e-06,1.418804200865226e-06,mb_dn,mb_up,-0.02507946095702618,0.01637220154418717,2.7529367189264647e-06,0.30424596435045714,1.3663132001523484e-06,2.7529367189264647e-06,0.025719421430860034,0.02971979025140925,0.07082817669062469,2.0,False,False,0.48188346358975725,0.45924281614816626,1.185025080974998,0.09768343292526106,True,False,scale:scale_muR1_muF2,decay_model:decay_chpt_spectator,False
0.34,True,True,single_source_variation_envelope,True,2,True,True,central_repeat_1;central_repeat_2,False,109,True,scale_muR0p5_muF0p5;scale_muR0p5_muF1;scale_muR1_muF0p5;scale_muR1_muF2;scale_muR2_muF1;scale_muR2_muF2;pdf_0001;pdf_0002;pdf_0003;pdf_0004;pdf_0005;pdf_0006;pdf_0007;pdf_0008;pdf_0009;pdf_0010;pdf_0011;pdf_0012;pdf_0013;pdf_0014;pdf_0015;pdf_0016;pdf_0017;pdf_0018;pdf_0019;pdf_0020;pdf_0021;pdf_0022;pdf_0023;pdf_0024;pdf_0025;pdf_0026;pdf_0027;pdf_0028;pdf_0029;pdf_0030;pdf_0031;pdf_0032;pdf_0033;pdf_0034;pdf_0035;pdf_0036;pdf_0037;pdf_0038;pdf_0039;pdf_0040;pdf_0041;pdf_0042;pdf_0043;pdf_0044;pdf_0045;pdf_0046;pdf_0047;pdf_0048;pdf_0049;pdf_0050;pdf_0051;pdf_0052;pdf_0053;pdf_0054;pdf_0055;pdf_0056;pdf_0057;pdf_0058;pdf_0059;pdf_0060;pdf_0061;pdf_0062;pdf_0063;pdf_0064;pdf_0065;pdf_0066;pdf_0067;pdf_0068;pdf_0069;pdf_0070;pdf_0071;pdf_0072;pdf_0073;pdf_0074;pdf_0075;pdf_0076;pdf_0077;pdf_0078;pdf_0079;pdf_0080;pdf_0081;pdf_0082;pdf_0083;pdf_0084;pdf_0085;pdf_0086;pdf_0087;pdf_0088;pdf_0089;pdf_0090;pdf_0091;pdf_0092;pdf_0093;pdf_0094;pdf_0095;pdf_0096;pdf_0097;pdf_0098;pdf_0099;pdf_0100;mb_dn;mb_up;decay_chpt_spectator,9.357236872260751e-11,False,9.338503750260221e-11,False,9.262526796380612e-11,9.340220585558334e-11,7.752026052947981e-11,1.2857567073161843e-10,scale_muR0p5_muF1,scale_muR1_muF0p5,-0.08173239987481473,0.13801117505893679,9.172309334067236e-11,9.620843678231158e-11,-0.008668930704939015,0.012065534691384272,0.009564461968121687,100.0,8.739508957670668e-11,9.958157364380598e-11,mb_dn,mb_up,-0.029660591655950697,0.02703136146489271,1.352974831447939e-10,0.1601420942682985,9.357236872260714e-11,1.352974831447939e-10,0.0018138277864672148,0.0035478201318195346,0.008135880855377087,2.0,False,False,0.02570675983524132,0.2940458274387917,0.1196139366662886,0.02215420091781487,True,False,7.752026052947981e-11,1.352974831447939e-10,scale:scale_muR0p5_muF1,decay_model:decay_chpt_spectator,False,False,9.485724070141848e-07,False,8.4501876656033e-07,False,1.008914117860382e-06,1.064106916625814e-06,8.942431006318731e-07,2.425418044795672e-06,False,False,,False,,False,,False,,8.958148237232554e-07,1.190943213646474e-06,scale_muR2_muF2,scale_muR0p5_muF0p5,-0.024852242557973803,0.09882056669587502,9.285038590771243e-07,1.1693905977063864e-06,-0.009286774216297644,0.09088911031732039,0.04791212890209933,100.0,8.942431006318731e-07,1.159618656002677e-06,mb_up,mb_dn,-0.02561488920956112,0.0872447063660946,2.425418044795672e-06,0.40771611701631105,9.48572407014183e-07,2.425418044795672e-06,0.08855337858425028,0.10011891202091316,0.2592701591200013,2.0,False,False,1.0131384120578246,1.1015501380899082,1.1475643186968394,0.24556034908207422,True,False,bottom_mass:mb_up,decay_model:decay_chpt_spectator,False
0.36,True,True,single_source_variation_envelope,True,2,True,True,central_repeat_1;central_repeat_2,False,109,True,scale_muR0p5_muF0p5;scale_muR0p5_muF1;scale_muR1_muF0p5;scale_muR1_muF2;scale_muR2_muF1;scale_muR2_muF2;pdf_0001;pdf_0002;pdf_0003;pdf_0004;pdf_0005;pdf_0006;pdf_0007;pdf_0008;pdf_0009;pdf_0010;pdf_0011;pdf_0012;pdf_0013;pdf_0014;pdf_0015;pdf_0016;pdf_0017;pdf_0018;pdf_0019;pdf_0020;pdf_0021;pdf_0022;pdf_0023;pdf_0024;pdf_0025;pdf_0026;pdf_0027;pdf_0028;pdf_0029;pdf_0030;pdf_0031;pdf_0032;pdf_0033;pdf_0034;pdf_0035;pdf_0036;pdf_0037;pdf_0038;pdf_0039;pdf_0040;pdf_0041;pdf_0042;pdf_0043;pdf_0044;pdf_0045;pdf_0046;pdf_0047;pdf_0048;pdf_0049;pdf_0050;pdf_0051;pdf_0052;pdf_0053;pdf_0054;pdf_0055;pdf_0056;pdf_0057;pdf_0058;pdf_0059;pdf_0060;pdf_0061;pdf_0062;pdf_0063;pdf_0064;pdf_0065;pdf_0066;pdf_0067;pdf_0068;pdf_0069;pdf_0070;pdf_0071;pdf_0072;pdf_0073;pdf_0074;pdf_0075;pdf_0076;pdf_0077;pdf_0078;pdf_0079;pdf_0080;pdf_0081;pdf_0082;pdf_0083;pdf_0084;pdf_0085;pdf_0086;pdf_0087;pdf_0088;pdf_0089;pdf_0090;pdf_0091;pdf_0092;pdf_0093;pdf_0094;pdf_0095;pdf_0096;pdf_0097;pdf_0098;pdf_0099;pdf_0100;mb_dn;mb_up;decay_chpt_spectator,8.210499759611384e-11,False,8.02582669294736e-11,False,8.148986105609143e-11,8.205040067608222e-11,6.935021721655718e-11,1.1142972565824868e-10,scale_muR0p5_muF1,scale_muR1_muF0p5,-0.07332176701967441,0.13263146856537134,8.20470233794272e-11,8.53323698607619e-11,-0.00030676300293741576,0.01674421436376683,0.009696794115571674,100.0,8.013942160956728e-11,8.831147070952787e-11,mb_dn,mb_up,-0.010523389041125597,0.031647524705658014,1.2291355444314678e-10,0.17523018517007394,8.210499759611384e-11,1.2291355444314678e-10,0.008102364259644723,0.009590928693778977,0.02232958441755839,2.0,False,False,0.07231261779365585,0.5727906060814054,0.303054623796985,0.054733313695184804,True,False,6.935021721655718e-11,1.2291355444314678e-10,scale:scale_muR0p5_muF1,decay_model:decay_chpt_spectator,False,False,7.049698196299595e-07,False,6.623929738386512e-07,False,5.891526429148265e-07,6.003249504714405e-07,5.991300166469291e-07,1.7557940929793602e-06,False,False,,False,,False,,False,,5.991300166469291e-07,9.269949767063525e-07,scale_muR1_muF2,scale_muR0p5_muF0p5,-0.07064944640759752,0.11890685588670014,6.35347399661226e-07,8.165046775272945e-07,-0.045159268076766956,0.06378815216608658,0.052143065841543886,100.0,7.007356487608552e-07,8.383450767748993e-07,mb_up,mb_dn,-0.0026163128003817704,0.07525229339658512,1.7557940929793602e-06,0.39630305872836935,7.04969819629961e-07,1.7557940929793602e-06,0.046808605156423155,0.05088788688629897,0.11056930525604414,2.0,False,False,0.42796427932454345,0.7977639288531371,0.6762303790279993,0.12840649539669113,True,False,scale:scale_muR1_muF2,decay_model:decay_chpt_spectator,False
0.38,True,True,single_source_variation_envelope,True,2,True,True,central_repeat_1;central_repeat_2,False,109,True,scale_muR0p5_muF0p5;scale_muR0p5_muF1;scale_muR1_muF0p5;scale_muR1_muF2;scale_muR2_muF1;scale_muR2_muF2;pdf_0001;pdf_0002;pdf_0003;pdf_0004;pdf_0005;pdf_0006;pdf_0007;pdf_0008;pdf_0009;pdf_0010;pdf_0011;pdf_0012;pdf_0013;pdf_0014;pdf_0015;pdf_0016;pdf_0017;pdf_0018;pdf_0019;pdf_0020;pdf_0021;pdf_0022;pdf_0023;pdf_0024;pdf_0025;pdf_0026;pdf_0027;pdf_0028;pdf_0029;pdf_0030;pdf_0031;pdf_0032;pdf_0033;pdf_0034;pdf_0035;pdf_0036;pdf_0037;pdf_0038;pdf_0039;pdf_0040;pdf_0041;pdf_0042;pdf_0043;pdf_0044;pdf_0045;pdf_0046;pdf_0047;pdf_0048;pdf_0049;pdf_0050;pdf_0051;pdf_0052;pdf_0053;pdf_0054;pdf_0055;pdf_0056;pdf_0057;pdf_0058;pdf_0059;pdf_0060;pdf_0061;pdf_0062;pdf_0063;pdf_0064;pdf_0065;pdf_0066;pdf_0067;pdf_0068;pdf_0069;pdf_0070;pdf_0071;pdf_0072;pdf_0073;pdf_0074;pdf_0075;pdf_0076;pdf_0077;pdf_0078;pdf_0079;pdf_0080;pdf_0081;pdf_0082;pdf_0083;pdf_0084;pdf_0085;pdf_0086;pdf_0087;pdf_0088;pdf_0089;pdf_0090;pdf_0091;pdf_0092;pdf_0093;pdf_0094;pdf_0095;pdf_0096;pdf_0097;pdf_0098;pdf_0099;pdf_0100;mb_dn;mb_up;decay_chpt_spectator,7.258891160355412e-11,False,7.276891014290459e-11,False,7.257572236187302e-11,7.258973308577951e-11,6.04509494671272e-11,9.845345054331028e-11,scale_muR0p5_muF1,scale_muR1_muF0p5,-0.07946715819518069,0.13236065700829514,7.092200765594557e-11,7.416705739656069e-11,-0.010089263565715711,0.009340763920290485,0.009754967918780008,100.0,6.775922779867514e-11,7.742289151191585e-11,mb_dn,mb_up,-0.029901836629873557,0.027999102226480943,1.0942808070792132e-10,0.17825849741632993,7.258891160355382e-11,1.0942808070792132e-10,0.0011125872353314747,0.0011545034066422488,0.002654812070871815,2.0,False,False,0.008722406134399101,0.11442890743437038,0.038609782433525745,0.006476568709910414,True,False,6.04509494671272e-11,1.0942808070792132e-10,scale:scale_muR0p5_muF1,decay_model:decay_chpt_spectator,False,False,5.305900796929568e-07,False,5.111833988301814e-07,False,5.707404226953359e-07,5.585388589448269e-07,4.2811262629090646e-07,1.3583627602777292e-06,False,False,,False,,False,,False,,4.2811262629090646e-07,5.843306781155949e-07,scale_muR1_muF2,scale_muR1_muF0p5,-0.09320108919427472,0.04189956210092394,4.7257437020811205e-07,6.096658439683529e-07,-0.05028896159905738,0.06033273887998902,0.05702954251638815,100.0,5.305900796929568e-07,5.582855497400977e-07,central,mb_dn,0.0,0.022097261201896146,1.3583627602777292e-06,0.4082566409842716,5.305900796929568e-07,1.3583627602777292e-06,0.04316927175148688,0.047861891298004444,0.11650813387415915,2.0,False,False,0.5135336047225569,0.7932988322179275,2.1659648614687805,0.1172348138235144,True,False,scale:scale_muR1_muF2,decay_model:decay_chpt_spectator,False
0.4,True,True,single_source_variation_envelope,True,2,True,True,central_repeat_1;central_repeat_2,False,109,True,scale_muR0p5_muF0p5;scale_muR0p5_muF1;scale_muR1_muF0p5;scale_muR1_muF2;scale_muR2_muF1;scale_muR2_muF2;pdf_0001;pdf_0002;pdf_0003;pdf_0004;pdf_0005;pdf_0006;pdf_0007;pdf_0008;pdf_0009;pdf_0010;pdf_0011;pdf_0012;pdf_0013;pdf_0014;pdf_0015;pdf_0016;pdf_0017;pdf_0018;pdf_0019;pdf_0020;pdf_0021;pdf_0022;pdf_0023;pdf_0024;pdf_0025;pdf_0026;pdf_0027;pdf_0028;pdf_0029;pdf_0030;pdf_0031;pdf_0032;pdf_0033;pdf_0034;pdf_0035;pdf_0036;pdf_0037;pdf_0038;pdf_0039;pdf_0040;pdf_0041;pdf_0042;pdf_0043;pdf_0044;pdf_0045;pdf_0046;pdf_0047;pdf_0048;pdf_0049;pdf_0050;pdf_0051;pdf_0052;pdf_0053;pdf_0054;pdf_0055;pdf_0056;pdf_0057;pdf_0058;pdf_0059;pdf_0060;pdf_0061;pdf_0062;pdf_0063;pdf_0064;pdf_0065;pdf_0066;pdf_0067;pdf_0068;pdf_0069;pdf_0070;pdf_0071;pdf_0072;pdf_0073;pdf_0074;pdf_0075;pdf_0076;pdf_0077;pdf_0078;pdf_0079;pdf_0080;pdf_0081;pdf_0082;pdf_0083;pdf_0084;pdf_0085;pdf_0086;pdf_0087;pdf_0088;pdf_0089;pdf_0090;pdf_0091;pdf_0092;pdf_0093;pdf_0094;pdf_0095;pdf_0096;pdf_0097;pdf_0098;pdf_0099;pdf_0100;mb_dn;mb_up;decay_chpt_spectator,6.656904424691204e-11,False,6.633561324691047e-11,False,6.617604973089179e-11,6.537159383371103e-11,5.486593105905686e-11,8.819214853470081e-11,scale_muR0p5_muF1,scale_muR1_muF0p5,-0.08396956824084612,0.12215760131071995,6.424117559120916e-11,6.702911529948208e-11,-0.015458841909888221,0.0029911655959100614,0.010101741948385968,100.0,6.220384816597974e-11,7.087947299443489e-11,mb_dn,mb_up,-0.029455069065683404,0.027248158117837207,1.0242776341609392e-10,0.18714536799664927,6.656904424691231e-11,1.0242776341609392e-10,0.003701791976868485,0.006357674688757697,0.014532456489264933,2.0,False,False,0.05204485533885298,0.4112646164452346,0.21584314314729275,0.033971851704454305,True,False,5.486593105905686e-11,1.0242776341609392e-10,scale:scale_muR0p5_muF1,decay_model:decay_chpt_spectator,False,False,4.1591758537463035e-07,False,4.466894612543522e-07,False,3.7845325194845296e-07,4.582102768684878e-07,3.4218182005839e-07,1.1459627438116492e-06,False,False,,False,,False,,False,,3.4218182005839e-07,4.4257863056701073e-07,scale_muR1_muF2,scale_muR0p5_muF1,-0.08475035114097551,0.026983157535982016,3.4614732980124575e-07,4.264870342566518e-07,-0.07974629732985594,0.010898549484936737,0.051328761299976364,100.0,3.476412653108806e-07,4.1591758537463035e-07,mb_up,central,-0.07787596116260254,0.0,1.1459627438116492e-06,0.4401632154715056,4.1591758537463035e-07,1.1459627438116492e-06,0.041526292037161294,0.07199346491521474,0.15275983703372942,2.0,False,False,0.8494768923784081,0.9027812867276706,0.9244632597842957,0.16356083921755,True,False,scale:scale_muR1_muF2,decay_model:decay_chpt_spectator,False
0.42,True,True,single_source_variation_envelope,True,2,True,True,central_repeat_1;central_repeat_2,False,109,True,scale_muR0p5_muF0p5;scale_muR0p5_muF1;scale_muR1_muF0p5;scale_muR1_muF2;scale_muR2_muF1;scale_muR2_muF2;pdf_0001;pdf_0002;pdf_0003;pdf_0004;pdf_0005;pdf_0006;pdf_0007;pdf_0008;pdf_0009;pdf_0010;pdf_0011;pdf_0012;pdf_0013;pdf_0014;pdf_0015;pdf_0016;pdf_0017;pdf_0018;pdf_0019;pdf_0020;pdf_0021;pdf_0022;pdf_0023;pdf_0024;pdf_0025;pdf_0026;pdf_0027;pdf_0028;pdf_0029;pdf_0030;pdf_0031;pdf_0032;pdf_0033;pdf_0034;pdf_0035;pdf_0036;pdf_0037;pdf_0038;pdf_0039;pdf_0040;pdf_0041;pdf_0042;pdf_0043;pdf_0044;pdf_0045;pdf_0046;pdf_0047;pdf_0048;pdf_0049;pdf_0050;pdf_0051;pdf_0052;pdf_0053;pdf_0054;pdf_0055;pdf_0056;pdf_0057;pdf_0058;pdf_0059;pdf_0060;pdf_0061;pdf_0062;pdf_0063;pdf_0064;pdf_0065;pdf_0066;pdf_0067;pdf_0068;pdf_0069;pdf_0070;pdf_0071;pdf_0072;pdf_0073;pdf_0074;pdf_0075;pdf_0076;pdf_0077;pdf_0078;pdf_0079;pdf_0080;pdf_0081;pdf_0082;pdf_0083;pdf_0084;pdf_0085;pdf_0086;pdf_0087;pdf_0088;pdf_0089;pdf_0090;pdf_0091;pdf_0092;pdf_0093;pdf_0094;pdf_0095;pdf_0096;pdf_0097;pdf_0098;pdf_0099;pdf_0100;mb_dn;mb_up;decay_chpt_spectator,5.93941082100446e-11,False,5.862678257406067e-11,False,5.910175450819e-11,5.919189475941018e-11,5.014402081211334e-11,8.124782529702241e-11,scale_muR0p5_muF1,scale_muR1_muF0p5,-0.07352421083618843,0.13606837947653005,5.886888766895728e-11,6.116793958326892e-11,-0.003857536006938389,0.012780485837049937,0.009215341917666063,100.0,5.5496464048272086e-11,6.463852127652377e-11,mb_dn,mb_up,-0.02947805290311223,0.03674804672852616,9.480585619885079e-11,0.20309179884788797,5.93941082100446e-11,9.480585619885079e-11,0.0038352470521507698,0.004166181312118766,0.009639147170248386,2.0,False,False,0.030618291539493022,0.32597988568175024,0.11337150360388304,0.02051378409050953,True,False,5.014402081211334e-11,9.480585619885079e-11,scale:scale_muR0p5_muF1,decay_model:decay_chpt_spectator,False,False,3.268416223622319e-07,False,3.790585738234206e-07,False,3.2641460846864185e-07,3.8143649208411983e-07,2.3748474922984353e-07,9.054358539222336e-07,False,False,,False,,False,,False,,2.3748474922984353e-07,3.454852515123777e-07,scale_muR2_muF2,scale_muR0p5_muF0p5,-0.13870163218430243,0.02409215485947236,2.4738258867020926e-07,3.1161448196198567e-07,-0.12096822779472127,-0.020719724706063758,0.048718593302773575,100.0,2.5334906929339944e-07,3.268416223622312e-07,mb_up,central,-0.11061804436470624,0.0,9.054358539222336e-07,0.44252033035546035,3.268416223622312e-07,9.054358539222336e-07,0.03382632631792637,0.06493673719880899,0.1388808194569483,2.0,False,False,0.46817572494405163,0.5368082047874942,0.5870356646761302,0.1467429465820196,True,False,scale:scale_muR2_muF2,decay_model:decay_chpt_spectator,False
0.44,True,True,single_source_variation_envelope,True,2,True,True,central_repeat_1;central_repeat_2,False,109,True,scale_muR0p5_muF0p5;scale_muR0p5_muF1;scale_muR1_muF0p5;scale_muR1_muF2;scale_muR2_muF1;scale_muR2_muF2;pdf_0001;pdf_0002;pdf_0003;pdf_0004;pdf_0005;pdf_0006;pdf_0007;pdf_0008;pdf_0009;pdf_0010;pdf_0011;pdf_0012;pdf_0013;pdf_0014;pdf_0015;pdf_0016;pdf_0017;pdf_0018;pdf_0019;pdf_0020;pdf_0021;pdf_0022;pdf_0023;pdf_0024;pdf_0025;pdf_0026;pdf_0027;pdf_0028;pdf_0029;pdf_0030;pdf_0031;pdf_0032;pdf_0033;pdf_0034;pdf_0035;pdf_0036;pdf_0037;pdf_0038;pdf_0039;pdf_0040;pdf_0041;pdf_0042;pdf_0043;pdf_0044;pdf_0045;pdf_0046;pdf_0047;pdf_0048;pdf_0049;pdf_0050;pdf_0051;pdf_0052;pdf_0053;pdf_0054;pdf_0055;pdf_0056;pdf_0057;pdf_0058;pdf_0059;pdf_0060;pdf_0061;pdf_0062;pdf_0063;pdf_0064;pdf_0065;pdf_0066;pdf_0067;pdf_0068;pdf_0069;pdf_0070;pdf_0071;pdf_0072;pdf_0073;pdf_0074;pdf_0075;pdf_0076;pdf_0077;pdf_0078;pdf_0079;pdf_0080;pdf_0081;pdf_0082;pdf_0083;pdf_0084;pdf_0085;pdf_0086;pdf_0087;pdf_0088;pdf_0089;pdf_0090;pdf_0091;pdf_0092;pdf_0093;pdf_0094;pdf_0095;pdf_0096;pdf_0097;pdf_0098;pdf_0099;pdf_0100;mb_dn;mb_up;decay_chpt_spectator,5.431110781610041e-11,False,5.497151641230118e-11,False,5.3746467639310355e-11,5.323000830986148e-11,4.4342195806299536e-11,7.322410742696918e-11,scale_muR0p5_muF1,scale_muR1_muF0p5,-0.08807146606157445,0.12976542506032906,5.238671616169542e-11,5.4761841330906085e-11,-0.01566748570466281,0.0035893811269662734,0.009494713470805298,100.0,5.0011856286856196e-11,5.82695149773025e-11,mb_dn,mb_up,-0.03581568691967085,0.030552741686038942,8.485957722140093e-11,0.19381220229210783,5.431110781610018e-11,8.485957722140093e-11,0.011884487071368355,0.01398118335463927,0.03168019032580294,2.0,False,False,0.10774197632489006,0.8923693066130147,0.39036479702307375,0.07213778693648637,True,False,4.4342195806299536e-11,8.485957722140093e-11,scale:scale_muR0p5_muF1,decay_model:decay_chpt_spectator,False,False,2.6973240411805697e-07,False,2.565012031791304e-07,False,2.661207660275052e-07,2.576697861567364e-07,2.1241797410482104e-07,9.170731584662287e-07,False,False,,False,,False,,False,,2.4208724799873653e-07,2.7054536996273117e-07,scale_muR0p5_muF0p5,scale_muR0p5_muF1,-0.04696120977502005,0.0013069826808536078,2.434653166604389e-07,3.1016805448631837e-07,-0.044496021591566404,0.06066394270600295,0.05383741526210456,100.0,2.1241797410482104e-07,2.697324041180575e-07,mb_dn,central,-0.10374186073419178,0.0,9.170731584662287e-07,0.5314708591415238,2.697324041180575e-07,9.170731584662287e-07,0.00898172434987643,0.015989358277779253,0.037502993082090486,2.0,False,False,0.34048011868477096,0.26357268526493316,0.1541263879847626,0.03008510815363725,True,False,bottom_mass:mb_dn,decay_model:decay_chpt_spectator,False
0.46,True,True,single_source_variation_envelope,True,2,True,True,central_repeat_1;central_repeat_2,False,109,True,scale_muR0p5_muF0p5;scale_muR0p5_muF1;scale_muR1_muF0p5;scale_muR1_muF2;scale_muR2_muF1;scale_muR2_muF2;pdf_0001;pdf_0002;pdf_0003;pdf_0004;pdf_0005;pdf_0006;pdf_0007;pdf_0008;pdf_0009;pdf_0010;pdf_0011;pdf_0012;pdf_0013;pdf_0014;pdf_0015;pdf_0016;pdf_0017;pdf_0018;pdf_0019;pdf_0020;pdf_0021;pdf_0022;pdf_0023;pdf_0024;pdf_0025;pdf_0026;pdf_0027;pdf_0028;pdf_0029;pdf_0030;pdf_0031;pdf_0032;pdf_0033;pdf_0034;pdf_0035;pdf_0036;pdf_0037;pdf_0038;pdf_0039;pdf_0040;pdf_0041;pdf_0042;pdf_0043;pdf_0044;pdf_0045;pdf_0046;pdf_0047;pdf_0048;pdf_0049;pdf_0050;pdf_0051;pdf_0052;pdf_0053;pdf_0054;pdf_0055;pdf_0056;pdf_0057;pdf_0058;pdf_0059;pdf_0060;pdf_0061;pdf_0062;pdf_0063;pdf_0064;pdf_0065;pdf_0066;pdf_0067;pdf_0068;pdf_0069;pdf_0070;pdf_0071;pdf_0072;pdf_0073;pdf_0074;pdf_0075;pdf_0076;pdf_0077;pdf_0078;pdf_0079;pdf_0080;pdf_0081;pdf_0082;pdf_0083;pdf_0084;pdf_0085;pdf_0086;pdf_0087;pdf_0088;pdf_0089;pdf_0090;pdf_0091;pdf_0092;pdf_0093;pdf_0094;pdf_0095;pdf_0096;pdf_0097;pdf_0098;pdf_0099;pdf_0100;mb_dn;mb_up;decay_chpt_spectator,5.023766958083259e-11,False,4.9908617959479785e-11,False,4.953029910531783e-11,5.033102699316796e-11,4.1659512729281956e-11,6.634908598957417e-11,scale_muR0p5_muF1,scale_muR1_muF0p5,-0.08131529928087211,0.12080545930180442,4.914636496560604e-11,5.1416948937137716e-11,-0.009538083753930948,0.010076817001877458,0.010176273009377138,100.0,4.667584563398654e-11,5.370405153111832e-11,mb_dn,mb_up,-0.03193729031744397,0.028977565704918717,8.157818224974105e-11,0.2105445388105469,5.023766958083238e-11,8.157818224974105e-11,0.003482420772272121,0.003660248366193386,0.008463649184417887,2.0,False,False,0.03029869997057918,0.3632345774971827,0.11460735490744432,0.0173846749332547,True,False,4.1659512729281956e-11,8.157818224974105e-11,scale:scale_muR0p5_muF1,decay_model:decay_chpt_spectator,False,False,2.1679628000795855e-07,False,2.0862113484580367e-07,False,2.222941801781201e-07,2.3755877853580306e-07,1.8843951723821765e-07,6.853273352344014e-07,False,False,,False,,False,,False,,1.8843951723821765e-07,2.659422195579726e-07,scale_muR1_muF2,scale_muR0p5_muF1,-0.0608798429501185,0.08873546316159509,1.9494615066414616e-07,2.479951797281409e-07,-0.04613716171433602,0.05839141364273459,0.05455529007319805,100.0,2.066229992409134e-07,2.7848568354374535e-07,mb_up,mb_dn,-0.020873164635657915,0.10875104787073475,6.853273352344014e-07,0.49984622870063067,2.1679628000795852e-07,6.853273352344014e-07,0.041991284619864455,0.05641278005912653,0.1387090704467111,2.0,False,False,0.6357410898548408,0.9661143058512979,0.5187332091381842,0.11286026945881678,True,False,scale:scale_muR1_muF2,decay_model:decay_chpt_spectator,False
0.48,True,True,single_source_variation_envelope,True,2,True,True,central_repeat_1;central_repeat_2,False,109,True,scale_muR0p5_muF0p5;scale_muR0p5_muF1;scale_muR1_muF0p5;scale_muR1_muF2;scale_muR2_muF1;scale_muR2_muF2;pdf_0001;pdf_0002;pdf_0003;pdf_0004;pdf_0005;pdf_0006;pdf_0007;pdf_0008;pdf_0009;pdf_0010;pdf_0011;pdf_0012;pdf_0013;pdf_0014;pdf_0015;pdf_0016;pdf_0017;pdf_0018;pdf_0019;pdf_0020;pdf_0021;pdf_0022;pdf_0023;pdf_0024;pdf_0025;pdf_0026;pdf_0027;pdf_0028;pdf_0029;pdf_0030;pdf_0031;pdf_0032;pdf_0033;pdf_0034;pdf_0035;pdf_0036;pdf_0037;pdf_0038;pdf_0039;pdf_0040;pdf_0041;pdf_0042;pdf_0043;pdf_0044;pdf_0045;pdf_0046;pdf_0047;pdf_0048;pdf_0049;pdf_0050;pdf_0051;pdf_0052;pdf_0053;pdf_0054;pdf_0055;pdf_0056;pdf_0057;pdf_0058;pdf_0059;pdf_0060;pdf_0061;pdf_0062;pdf_0063;pdf_0064;pdf_0065;pdf_0066;pdf_0067;pdf_0068;pdf_0069;pdf_0070;pdf_0071;pdf_0072;pdf_0073;pdf_0074;pdf_0075;pdf_0076;pdf_0077;pdf_0078;pdf_0079;pdf_0080;pdf_0081;pdf_0082;pdf_0083;pdf_0084;pdf_0085;pdf_0086;pdf_0087;pdf_0088;pdf_0089;pdf_0090;pdf_0091;pdf_0092;pdf_0093;pdf_0094;pdf_0095;pdf_0096;pdf_0097;pdf_0098;pdf_0099;pdf_0100;mb_dn;mb_up;decay_chpt_spectator,4.6068158385551907e-11,False,4.6260685393557606e-11,False,4.7261047941023216e-11,4.576759008489364e-11,3.8156741546046576e-11,6.095290843360958e-11,scale_muR0p5_muF1,scale_muR1_muF0p5,-0.08182957093580079,0.12159358197490278,4.5256256276494656e-11,4.733313617355059e-11,-0.007722226246382746,0.011764429369769402,0.009644903420322424,100.0,4.285698679683642e-11,5.0132145699825355e-11,mb_dn,mb_up,-0.03137921804291821,0.036715441893353074,7.559413693934269e-11,0.2150872617433297,4.6068158385551907e-11,7.559413693934269e-11,0.006972651088295478,0.009291284270403821,0.021624464465996196,2.0,False,False,0.07641262079376497,0.7897777255800671,0.253062030341133,0.04319774306993316,True,False,3.8156741546046576e-11,7.559413693934269e-11,scale:scale_muR0p5_muF1,decay_model:decay_chpt_spectator,False,False,1.8254519460151578e-07,False,1.7211286674138985e-07,False,2.0837098794098167e-07,2.1116824756838817e-07,1.5903678592576885e-07,6.167596131416348e-07,False,False,,False,,False,,False,,1.7052447773181472e-07,2.116077618075898e-07,scale_muR2_muF2,scale_muR0p5_muF0p5,-0.02958367679663887,0.06416118876765875,1.69064287315019e-07,2.080299831723269e-07,-0.033318526792465164,0.056755529061987886,0.04565597953497739,100.0,1.5903678592576885e-07,2.2369313597646697e-07,mb_up,mb_dn,-0.059872814668707974,0.08828225309472515,6.167596131416348e-07,0.5287455224772426,1.8254519460151615e-07,6.167596131416348e-07,0.08591959499129587,0.08881527749272067,0.22691726403977341,2.0,False,False,1.3842523681152417,1.5648744529491991,1.0060377298869299,0.16797357843638913,True,False,bottom_mass:mb_up,decay_model:decay_chpt_spectator,False
0.5,True,True,single_source_variation_envelope,True,2,True,True,central_repeat_1;central_repeat_2,False,109,True,scale_muR0p5_muF0p5;scale_muR0p5_muF1;scale_muR1_muF0p5;scale_muR1_muF2;scale_muR2_muF1;scale_muR2_muF2;pdf_0001;pdf_0002;pdf_0003;pdf_0004;pdf_0005;pdf_0006;pdf_0007;pdf_0008;pdf_0009;pdf_0010;pdf_0011;pdf_0012;pdf_0013;pdf_0014;pdf_0015;pdf_0016;pdf_0017;pdf_0018;pdf_0019;pdf_0020;pdf_0021;pdf_0022;pdf_0023;pdf_0024;pdf_0025;pdf_0026;pdf_0027;pdf_0028;pdf_0029;pdf_0030;pdf_0031;pdf_0032;pdf_0033;pdf_0034;pdf_0035;pdf_0036;pdf_0037;pdf_0038;pdf_0039;pdf_0040;pdf_0041;pdf_0042;pdf_0043;pdf_0044;pdf_0045;pdf_0046;pdf_0047;pdf_0048;pdf_0049;pdf_0050;pdf_0051;pdf_0052;pdf_0053;pdf_0054;pdf_0055;pdf_0056;pdf_0057;pdf_0058;pdf_0059;pdf_0060;pdf_0061;pdf_0062;pdf_0063;pdf_0064;pdf_0065;pdf_0066;pdf_0067;pdf_0068;pdf_0069;pdf_0070;pdf_0071;pdf_0072;pdf_0073;pdf_0074;pdf_0075;pdf_0076;pdf_0077;pdf_0078;pdf_0079;pdf_0080;pdf_0081;pdf_0082;pdf_0083;pdf_0084;pdf_0085;pdf_0086;pdf_0087;pdf_0088;pdf_0089;pdf_0090;pdf_0091;pdf_0092;pdf_0093;pdf_0094;pdf_0095;pdf_0096;pdf_0097;pdf_0098;pdf_0099;pdf_0100;mb_dn;mb_up;decay_chpt_spectator,4.266753817306839e-11,False,4.292425869086013e-11,False,4.265843640518359e-11,4.2445775383958664e-11,3.597997693834442e-11,5.910139692055598e-11,scale_muR0p5_muF1,scale_muR1_muF0p5,-0.07403670506177562,0.14150016027963197,4.1971325466510834e-11,4.370333895079718e-11,-0.007144901134344295,0.01041703278556838,0.009913806171025347,100.0,3.9862704558157614e-11,4.5977013127280084e-11,mb_dn,mb_up,-0.02953082483869096,0.032443168427906954,7.111858788945094e-11,0.22188553911261621,4.2667538173068395e-11,7.111858788945094e-11,0.0037831013715381445,0.004868332035503187,0.011147153649117114,2.0,False,False,0.03440513442445868,0.46734344949434253,0.15005723150379932,0.021940735998267576,True,False,3.597997693834442e-11,7.111858788945094e-11,scale:scale_muR0p5_muF1,decay_model:decay_chpt_spectator,False,False,1.5185359748423997e-07,False,1.4798064639703176e-07,False,1.4763048262016833e-07,1.7901675863130246e-07,1.3463253607979587e-07,4.890546183501541e-07,False,False,,False,,False,,False,,1.3493209577776617e-07,1.7541759453632848e-07,scale_muR1_muF2,scale_muR0p5_muF0p5,-0.0513098191045227,0.06264806630675412,1.3463253607979587e-07,1.7346466222189308e-07,-0.052275058323675516,0.057785929754591514,0.055066372549169185,100.0,1.5185359748423995e-07,1.7937931837320054e-07,central,mb_up,0.0,0.07234728437853111,4.890546183501541e-07,0.5079322794687569,1.5185359748423995e-07,4.890546183501541e-07,0.04185882489704351,0.08268876926657143,0.20973088704451848,2.0,False,False,1.3198934004074234,1.430949880321017,1.142942267659035,0.1627948697276241,True,False,pdf:p16,decay_model:decay_chpt_spectator,False
0.525,True,True,single_source_variation_envelope,True,2,True,True,central_repeat_1;central_repeat_2,False,109,True,scale_muR0p5_muF0p5;scale_muR0p5_muF1;scale_muR1_muF0p5;scale_muR1_muF2;scale_muR2_muF1;scale_muR2_muF2;pdf_0001;pdf_0002;pdf_0003;pdf_0004;pdf_0005;pdf_0006;pdf_0007;pdf_0008;pdf_0009;pdf_0010;pdf_0011;pdf_0012;pdf_0013;pdf_0014;pdf_0015;pdf_0016;pdf_0017;pdf_0018;pdf_0019;pdf_0020;pdf_0021;pdf_0022;pdf_0023;pdf_0024;pdf_0025;pdf_0026;pdf_0027;pdf_0028;pdf_0029;pdf_0030;pdf_0031;pdf_0032;pdf_0033;pdf_0034;pdf_0035;pdf_0036;pdf_0037;pdf_0038;pdf_0039;pdf_0040;pdf_0041;pdf_0042;pdf_0043;pdf_0044;pdf_0045;pdf_0046;pdf_0047;pdf_0048;pdf_0049;pdf_0050;pdf_0051;pdf_0052;pdf_0053;pdf_0054;pdf_0055;pdf_0056;pdf_0057;pdf_0058;pdf_0059;pdf_0060;pdf_0061;pdf_0062;pdf_0063;pdf_0064;pdf_0065;pdf_0066;pdf_0067;pdf_0068;pdf_0069;pdf_0070;pdf_0071;pdf_0072;pdf_0073;pdf_0074;pdf_0075;pdf_0076;pdf_0077;pdf_0078;pdf_0079;pdf_0080;pdf_0081;pdf_0082;pdf_0083;pdf_0084;pdf_0085;pdf_0086;pdf_0087;pdf_0088;pdf_0089;pdf_0090;pdf_0091;pdf_0092;pdf_0093;pdf_0094;pdf_0095;pdf_0096;pdf_0097;pdf_0098;pdf_0099;pdf_0100;mb_dn;mb_up;decay_chpt_spectator,3.9990445115907495e-11,False,3.9386164775715685e-11,False,3.9565456636908753e-11,3.8943589025745325e-11,3.3071266934888636e-11,5.5052130212174045e-11,scale_muR0p5_muF1,scale_muR1_muF0p5,-0.08250540537854789,0.13881789032150316,3.958541293542076e-11,4.1448045623119445e-11,-0.004421058455394089,0.01554781922074433,0.010102191931177232,100.0,3.769100553769394e-11,4.2931853024744e-11,mb_dn,mb_up,-0.02571851419089377,0.030823395803784237,6.891114186864825e-11,0.2363332082036962,3.9990445115907495e-11,6.891114186864825e-11,0.0034401044902789835,0.004907720045565611,0.011236832844492617,2.0,False,False,0.035353656752737696,0.3156532743201436,0.15922061530167558,0.020766104276533304,True,False,3.3071266934888636e-11,6.891114186864825e-11,scale:scale_muR0p5_muF1,decay_model:decay_chpt_spectator,False,False,1.2508736336551593e-07,False,1.2619163995644084e-07,False,1.2998324416319608e-07,1.2789948593869315e-07,1.0611118466067775e-07,4.813156436367274e-07,False,False,,False,,False,,False,,1.099697409280681e-07,1.3841654131582417e-07,scale_muR1_muF0p5,scale_muR2_muF1,-0.05594023648396451,0.04397455469642342,1.0611118466067775e-07,1.3564368492621868e-07,-0.07145227523784747,0.03518614099799233,0.05357015049296382,100.0,1.1276033427506766e-07,1.3039313096371188e-07,mb_dn,mb_up,-0.045057083751730787,0.018041275203295903,4.813156436367274e-07,0.585216538862058,1.2508736336551593e-07,4.813156436367274e-07,0.009347501106146794,0.012856787649459633,0.030046397749201592,2.0,False,False,0.22983077043560732,0.17993531495900547,0.2853444248700575,0.021969282813605034,True,False,pdf:p16,decay_model:decay_chpt_spectator,False
0.55,True,True,single_source_variation_envelope,True,2,True,True,central_repeat_1;central_repeat_2,False,109,True,scale_muR0p5_muF0p5;scale_muR0p5_muF1;scale_muR1_muF0p5;scale_muR1_muF2;scale_muR2_muF1;scale_muR2_muF2;pdf_0001;pdf_0002;pdf_0003;pdf_0004;pdf_0005;pdf_0006;pdf_0007;pdf_0008;pdf_0009;pdf_0010;pdf_0011;pdf_0012;pdf_0013;pdf_0014;pdf_0015;pdf_0016;pdf_0017;pdf_0018;pdf_0019;pdf_0020;pdf_0021;pdf_0022;pdf_0023;pdf_0024;pdf_0025;pdf_0026;pdf_0027;pdf_0028;pdf_0029;pdf_0030;pdf_0031;pdf_0032;pdf_0033;pdf_0034;pdf_0035;pdf_0036;pdf_0037;pdf_0038;pdf_0039;pdf_0040;pdf_0041;pdf_0042;pdf_0043;pdf_0044;pdf_0045;pdf_0046;pdf_0047;pdf_0048;pdf_0049;pdf_0050;pdf_0051;pdf_0052;pdf_0053;pdf_0054;pdf_0055;pdf_0056;pdf_0057;pdf_0058;pdf_0059;pdf_0060;pdf_0061;pdf_0062;pdf_0063;pdf_0064;pdf_0065;pdf_0066;pdf_0067;pdf_0068;pdf_0069;pdf_0070;pdf_0071;pdf_0072;pdf_0073;pdf_0074;pdf_0075;pdf_0076;pdf_0077;pdf_0078;pdf_0079;pdf_0080;pdf_0081;pdf_0082;pdf_0083;pdf_0084;pdf_0085;pdf_0086;pdf_0087;pdf_0088;pdf_0089;pdf_0090;pdf_0091;pdf_0092;pdf_0093;pdf_0094;pdf_0095;pdf_0096;pdf_0097;pdf_0098;pdf_0099;pdf_0100;mb_dn;mb_up;decay_chpt_spectator,3.6945526000328825e-11,False,3.7284992201248415e-11,False,3.687474293708912e-11,3.742256952834233e-11,2.9808080635798763e-11,4.987521314916612e-11,scale_muR0p5_muF1,scale_muR1_muF0p5,-0.09322784167784448,0.1303229106508894,3.5923292404308704e-11,3.740025995043338e-11,-0.012185720743683959,0.005312766703758243,0.00907453796351559,100.0,3.4275036847172186e-11,3.9155172758801244e-11,mb_dn,mb_up,-0.032583923722684816,0.025227290413342374,6.285064716225358e-11,0.23074789983007804,3.6945526000328974e-11,6.285064716225358e-11,0.0032023012615569613,0.004805055164029071,0.011003066916172033,2.0,False,False,0.03687037942930012,0.39431850319724443,0.14746705169469224,0.020823830542195602,True,False,2.9808080635798763e-11,6.285064716225358e-11,scale:scale_muR0p5_muF1,decay_model:decay_chpt_spectator,False,False,1.0524966142015769e-07,False,9.377760067891059e-08,False,9.584342824512531e-08,9.068071405253086e-08,1.0226574238386849e-07,4.139329770309377e-07,False,False,,False,,False,,False,,1.0226574238386849e-07,1.3265101222921067e-07,scale_muR0p5_muF0p5,scale_muR2_muF2,-0.0124905320187505,0.1004898609128615,1.0295499934992701e-07,1.2883882529771568e-07,-0.00957326722378582,0.08782604901865199,0.04657814839524122,100.0,1.0524966142015769e-07,1.205836440570002e-07,central,mb_dn,0.0,0.05906769675739021,4.139329770309377e-07,0.5947093195425008,1.0524966142015769e-07,4.139329770309377e-07,0.012023704220614384,0.014584185763816038,0.03302373492134125,2.0,False,False,0.1451309179984091,0.1660576324083386,0.24690628828338984,0.024523217115607652,True,False,scale:scale_muR0p5_muF0p5,decay_model:decay_chpt_spectator,False
0.575,True,True,single_source_variation_envelope,True,2,True,True,central_repeat_1;central_repeat_2,False,109,True,scale_muR0p5_muF0p5;scale_muR0p5_muF1;scale_muR1_muF0p5;scale_muR1_muF2;scale_muR2_muF1;scale_muR2_muF2;pdf_0001;pdf_0002;pdf_0003;pdf_0004;pdf_0005;pdf_0006;pdf_0007;pdf_0008;pdf_0009;pdf_0010;pdf_0011;pdf_0012;pdf_0013;pdf_0014;pdf_0015;pdf_0016;pdf_0017;pdf_0018;pdf_0019;pdf_0020;pdf_0021;pdf_0022;pdf_0023;pdf_0024;pdf_0025;pdf_0026;pdf_0027;pdf_0028;pdf_0029;pdf_0030;pdf_0031;pdf_0032;pdf_0033;pdf_0034;pdf_0035;pdf_0036;pdf_0037;pdf_0038;pdf_0039;pdf_0040;pdf_0041;pdf_0042;pdf_0043;pdf_0044;pdf_0045;pdf_0046;pdf_0047;pdf_0048;pdf_0049;pdf_0050;pdf_0051;pdf_0052;pdf_0053;pdf_0054;pdf_0055;pdf_0056;pdf_0057;pdf_0058;pdf_0059;pdf_0060;pdf_0061;pdf_0062;pdf_0063;pdf_0064;pdf_0065;pdf_0066;pdf_0067;pdf_0068;pdf_0069;pdf_0070;pdf_0071;pdf_0072;pdf_0073;pdf_0074;pdf_0075;pdf_0076;pdf_0077;pdf_0078;pdf_0079;pdf_0080;pdf_0081;pdf_0082;pdf_0083;pdf_0084;pdf_0085;pdf_0086;pdf_0087;pdf_0088;pdf_0089;pdf_0090;pdf_0091;pdf_0092;pdf_0093;pdf_0094;pdf_0095;pdf_0096;pdf_0097;pdf_0098;pdf_0099;pdf_0100;mb_dn;mb_up;decay_chpt_spectator,3.4443550914371905e-11,False,3.412393649051365e-11,False,3.4471541008974175e-11,3.429130675565508e-11,2.901230591624721e-11,4.768938517370049e-11,scale_muR0p5_muF1,scale_muR1_muF0p5,-0.07452566995873866,0.14131380528052162,3.4203101452421365e-11,3.5816408240588014e-11,-0.0030424295423348013,0.016974113424067738,0.01006160645249824,100.0,3.2863201463787106e-11,3.761651993361081e-11,mb_dn,mb_up,-0.02039804891811592,0.038270696487730405,5.935931088387178e-11,0.2363809323432946,3.4443550914371905e-11,5.935931088387178e-11,0.0032632418788027806,0.004401573455593777,0.010186530459554533,2.0,False,False,0.031147512069724725,0.2593109487151623,0.11501158482979067,0.0186206789691539,True,False,2.901230591624721e-11,5.935931088387178e-11,scale:scale_muR0p5_muF1,decay_model:decay_chpt_spectator,False,False,8.83238143967447e-08,False,7.881429403964799e-08,False,8.874643582336167e-08,8.498268044917881e-08,8.019174318236723e-08,3.2364534643825466e-07,False,False,,False,,False,,False,,8.019174318236723e-08,1.0113855224581892e-07,scale_muR1_muF2,scale_muR0p5_muF1,-0.04194816231759457,0.05883891615486725,8.603387568125568e-08,1.0999377152774964e-07,-0.011408328873778295,0.09529027718313898,0.051198236642130926,100.0,8.699843561573189e-08,9.255908065389373e-08,mb_dn,mb_up,-0.0065663731371286005,0.02034121587050297,3.2364534643825466e-07,0.5639915504088107,8.83238143967447e-08,3.2364534643825466e-07,0.04213568284586078,0.05154593040567246,0.1260195489249356,2.0,False,False,0.8760516640041558,0.5409358848500987,2.5340633880406234,0.09139486286329869,True,False,scale:scale_muR1_muF2,decay_model:decay_chpt_spectator,False
0.6,True,True,single_source_variation_envelope,True,2,True,True,central_repeat_1;central_repeat_2,False,109,True,scale_muR0p5_muF0p5;scale_muR0p5_muF1;scale_muR1_muF0p5;scale_muR1_muF2;scale_muR2_muF1;scale_muR2_muF2;pdf_0001;pdf_0002;pdf_0003;pdf_0004;pdf_0005;pdf_0006;pdf_0007;pdf_0008;pdf_0009;pdf_0010;pdf_0011;pdf_0012;pdf_0013;pdf_0014;pdf_0015;pdf_0016;pdf_0017;pdf_0018;pdf_0019;pdf_0020;pdf_0021;pdf_0022;pdf_0023;pdf_0024;pdf_0025;pdf_0026;pdf_0027;pdf_0028;pdf_0029;pdf_0030;pdf_0031;pdf_0032;pdf_0033;pdf_0034;pdf_0035;pdf_0036;pdf_0037;pdf_0038;pdf_0039;pdf_0040;pdf_0041;pdf_0042;pdf_0043;pdf_0044;pdf_0045;pdf_0046;pdf_0047;pdf_0048;pdf_0049;pdf_0050;pdf_0051;pdf_0052;pdf_0053;pdf_0054;pdf_0055;pdf_0056;pdf_0057;pdf_0058;pdf_0059;pdf_0060;pdf_0061;pdf_0062;pdf_0063;pdf_0064;pdf_0065;pdf_0066;pdf_0067;pdf_0068;pdf_0069;pdf_0070;pdf_0071;pdf_0072;pdf_0073;pdf_0074;pdf_0075;pdf_0076;pdf_0077;pdf_0078;pdf_0079;pdf_0080;pdf_0081;pdf_0082;pdf_0083;pdf_0084;pdf_0085;pdf_0086;pdf_0087;pdf_0088;pdf_0089;pdf_0090;pdf_0091;pdf_0092;pdf_0093;pdf_0094;pdf_0095;pdf_0096;pdf_0097;pdf_0098;pdf_0099;pdf_0100;mb_dn;mb_up;decay_chpt_spectator,3.3024458855604736e-11,False,3.2183485575959335e-11,False,3.205924630540112e-11,3.1868055812269813e-11,2.765830004090463e-11,4.501002700185295e-11,scale_muR0p5_muF1,scale_muR1_muF0p5,-0.07701022632274324,0.13447356355339402,3.2572931917375646e-11,3.4021883123780345e-11,-0.005978858380760954,0.012922638379929907,0.00955308858616945,100.0,3.0875216341823604e-11,3.5875886073050194e-11,mb_dn,mb_up,-0.029225700553357825,0.035966926284036305,5.6000448086196085e-11,0.22935579209494428,3.302445885560488e-11,5.6000448086196085e-11,0.002978639202200206,0.004277508714521261,0.009800982026792804,2.0,False,False,0.03180929099735529,0.33100893089793804,0.11892894824375934,0.018650101117788823,True,False,2.765830004090463e-11,5.6000448086196085e-11,scale:scale_muR0p5_muF1,decay_model:decay_chpt_spectator,False,False,7.311883065494329e-08,False,7.318300399119322e-08,False,7.184473937406006e-08,6.919152288682707e-08,5.705043270688466e-08,2.6690420691064824e-07,False,False,,False,,False,,False,,5.705043270688466e-08,9.087640232627445e-08,scale_muR2_muF1,scale_muR0p5_muF1,-0.10777029464019883,0.09442188820334696,6.411501462284846e-08,8.244128414644051e-08,-0.057069491719377474,0.052115510573298884,0.05470074237909235,100.0,6.132152177925595e-08,7.311883065494313e-08,mb_dn,central,-0.07641631343285127,0.0,2.6690420691064824e-07,0.5623261817632423,7.311883065494313e-08,2.6690420691064824e-07,0.01618630075229488,0.024357342875922505,0.054541094061217654,2.0,False,False,0.2260116570827032,0.4268014685620929,0.3187453278196396,0.043315327768568564,True,False,scale:scale_muR2_muF1,decay_model:decay_chpt_spectator,False
0.625,True,True,single_source_variation_envelope,True,2,True,True,central_repeat_1;central_repeat_2,False,109,True,scale_muR0p5_muF0p5;scale_muR0p5_muF1;scale_muR1_muF0p5;scale_muR1_muF2;scale_muR2_muF1;scale_muR2_muF2;pdf_0001;pdf_0002;pdf_0003;pdf_0004;pdf_0005;pdf_0006;pdf_0007;pdf_0008;pdf_0009;pdf_0010;pdf_0011;pdf_0012;pdf_0013;pdf_0014;pdf_0015;pdf_0016;pdf_0017;pdf_0018;pdf_0019;pdf_0020;pdf_0021;pdf_0022;pdf_0023;pdf_0024;pdf_0025;pdf_0026;pdf_0027;pdf_0028;pdf_0029;pdf_0030;pdf_0031;pdf_0032;pdf_0033;pdf_0034;pdf_0035;pdf_0036;pdf_0037;pdf_0038;pdf_0039;pdf_0040;pdf_0041;pdf_0042;pdf_0043;pdf_0044;pdf_0045;pdf_0046;pdf_0047;pdf_0048;pdf_0049;pdf_0050;pdf_0051;pdf_0052;pdf_0053;pdf_0054;pdf_0055;pdf_0056;pdf_0057;pdf_0058;pdf_0059;pdf_0060;pdf_0061;pdf_0062;pdf_0063;pdf_0064;pdf_0065;pdf_0066;pdf_0067;pdf_0068;pdf_0069;pdf_0070;pdf_0071;pdf_0072;pdf_0073;pdf_0074;pdf_0075;pdf_0076;pdf_0077;pdf_0078;pdf_0079;pdf_0080;pdf_0081;pdf_0082;pdf_0083;pdf_0084;pdf_0085;pdf_0086;pdf_0087;pdf_0088;pdf_0089;pdf_0090;pdf_0091;pdf_0092;pdf_0093;pdf_0094;pdf_0095;pdf_0096;pdf_0097;pdf_0098;pdf_0099;pdf_0100;mb_dn;mb_up;decay_chpt_spectator,2.993579836719769e-11,False,3.014527225198612e-11,False,3.000464541587051e-11,3.010383796638863e-11,2.5248664565070158e-11,4.095244283683529e-11,scale_muR0p5_muF1,scale_muR1_muF0p5,-0.07395243231362514,0.13608896781352264,2.9396490570276253e-11,3.0494293152864166e-11,-0.007895358673279063,0.008027726043041028,0.008777107351248436,100.0,2.8397294768641637e-11,3.245778803373711e-11,mb_dn,mb_up,-0.022913875453433263,0.035128074785843566,5.105280135681349e-11,0.2318287326052868,2.993579836719769e-11,5.105280135681349e-11,0.0013140272128486785,0.002030711680941266,0.004664971506646243,2.0,False,False,0.014921941973458646,0.2529622548220394,0.057808795196474375,0.00875953406689571,True,False,2.5248664565070158e-11,5.105280135681349e-11,scale:scale_muR0p5_muF1,decay_model:decay_chpt_spectator,False,False,6.16967911439383e-08,False,5.7315142692751626e-08,False,6.037650280481236e-08,5.23060364840059e-08,5.56635122298409e-08,2.41413538504267e-07,False,False,,False,,False,,False,,5.56635122298409e-08,7.160171459595857e-08,scale_muR1_muF0p5,scale_muR0p5_muF0p5,-0.044691971153286936,0.06466084525453919,5.826422472311325e-08,7.261327398067303e-08,-0.024860604914355378,0.07075344170593478,0.05026389765706467,100.0,5.8393038110889256e-08,6.909501385142805e-08,mb_dn,mb_up,-0.023901505328375983,0.04918413130616717,2.41413538504267e-07,0.5924990448155425,6.169679114393817e-08,2.41413538504267e-07,0.031158070666272852,0.03971756557903294,0.0873958603854127,2.0,False,False,0.6142444538527707,0.5613517112581881,0.8075280486666394,0.06703397402336381,True,False,scale:scale_muR1_muF0p5,decay_model:decay_chpt_spectator,False
0.65,True,True,single_source_variation_envelope,True,2,True,True,central_repeat_1;central_repeat_2,False,109,True,scale_muR0p5_muF0p5;scale_muR0p5_muF1;scale_muR1_muF0p5;scale_muR1_muF2;scale_muR2_muF1;scale_muR2_muF2;pdf_0001;pdf_0002;pdf_0003;pdf_0004;pdf_0005;pdf_0006;pdf_0007;pdf_0008;pdf_0009;pdf_0010;pdf_0011;pdf_0012;pdf_0013;pdf_0014;pdf_0015;pdf_0016;pdf_0017;pdf_0018;pdf_0019;pdf_0020;pdf_0021;pdf_0022;pdf_0023;pdf_0024;pdf_0025;pdf_0026;pdf_0027;pdf_0028;pdf_0029;pdf_0030;pdf_0031;pdf_0032;pdf_0033;pdf_0034;pdf_0035;pdf_0036;pdf_0037;pdf_0038;pdf_0039;pdf_0040;pdf_0041;pdf_0042;pdf_0043;pdf_0044;pdf_0045;pdf_0046;pdf_0047;pdf_0048;pdf_0049;pdf_0050;pdf_0051;pdf_0052;pdf_0053;pdf_0054;pdf_0055;pdf_0056;pdf_0057;pdf_0058;pdf_0059;pdf_0060;pdf_0061;pdf_0062;pdf_0063;pdf_0064;pdf_0065;pdf_0066;pdf_0067;pdf_0068;pdf_0069;pdf_0070;pdf_0071;pdf_0072;pdf_0073;pdf_0074;pdf_0075;pdf_0076;pdf_0077;pdf_0078;pdf_0079;pdf_0080;pdf_0081;pdf_0082;pdf_0083;pdf_0084;pdf_0085;pdf_0086;pdf_0087;pdf_0088;pdf_0089;pdf_0090;pdf_0091;pdf_0092;pdf_0093;pdf_0094;pdf_0095;pdf_0096;pdf_0097;pdf_0098;pdf_0099;pdf_0100;mb_dn;mb_up;decay_chpt_spectator,2.8850070584058237e-11,False,2.8244752261034527e-11,False,2.8177772405632492e-11,2.9023507011047755e-11,2.4327066148000972e-11,3.9344337829699106e-11,scale_muR0p5_muF1,scale_muR1_muF0p5,-0.07405714399533636,0.13473536044513423,2.837212541379807e-11,2.961445792179651e-11,-0.007255009129867318,0.011356907471084199,0.009545824625096141,100.0,2.702287300727144e-11,3.136051554762388e-11,mb_dn,mb_up,-0.028415359738019674,0.03623631357572954,4.947096208943924e-11,0.23420347638370664,2.8850070584058237e-11,4.947096208943924e-11,0.006421615805086489,0.01181211875458743,0.02757166155383728,2.0,False,False,0.08766903295143118,1.040082327399624,0.3259746256997562,0.0504352836131052,True,False,2.4327066148000972e-11,4.947096208943924e-11,scale:scale_muR0p5_muF1,decay_model:decay_chpt_spectator,False,False,5.13690353775549e-08,False,5.1568402613049166e-08,False,5.1210946597313874e-08,4.516514448342198e-08,4.533230791768467e-08,1.8601382280478626e-07,False,False,,False,,False,,False,,4.8020044017768213e-08,5.4972779395943603e-08,scale_muR1_muF2,scale_muR2_muF1,-0.029278856675867715,0.02944628473549482,4.533230791768467e-08,5.900511827584693e-08,-0.05429358046329824,0.06018827474977151,0.05256809241155575,100.0,4.7911399979607457e-08,5.2257885625312554e-08,mb_dn,mb_up,-0.030262549289494345,0.007450423525691363,1.8601382280478626e-07,0.5588438076197697,5.1369035377554795e-08,1.8601382280478626e-07,0.03030057517060447,0.057580274994659675,0.12417018571769511,2.0,False,False,1.9554342937277884,0.9566693053430355,1.902690828979457,0.10303464798134897,True,False,pdf:p16,decay_model:decay_chpt_spectator,False
0.675,True,True,single_source_variation_envelope,True,2,True,True,central_repeat_1;central_repeat_2,False,109,True,scale_muR0p5_muF0p5;scale_muR0p5_muF1;scale_muR1_muF0p5;scale_muR1_muF2;scale_muR2_muF1;scale_muR2_muF2;pdf_0001;pdf_0002;pdf_0003;pdf_0004;pdf_0005;pdf_0006;pdf_0007;pdf_0008;pdf_0009;pdf_0010;pdf_0011;pdf_0012;pdf_0013;pdf_0014;pdf_0015;pdf_0016;pdf_0017;pdf_0018;pdf_0019;pdf_0020;pdf_0021;pdf_0022;pdf_0023;pdf_0024;pdf_0025;pdf_0026;pdf_0027;pdf_0028;pdf_0029;pdf_0030;pdf_0031;pdf_0032;pdf_0033;pdf_0034;pdf_0035;pdf_0036;pdf_0037;pdf_0038;pdf_0039;pdf_0040;pdf_0041;pdf_0042;pdf_0043;pdf_0044;pdf_0045;pdf_0046;pdf_0047;pdf_0048;pdf_0049;pdf_0050;pdf_0051;pdf_0052;pdf_0053;pdf_0054;pdf_0055;pdf_0056;pdf_0057;pdf_0058;pdf_0059;pdf_0060;pdf_0061;pdf_0062;pdf_0063;pdf_0064;pdf_0065;pdf_0066;pdf_0067;pdf_0068;pdf_0069;pdf_0070;pdf_0071;pdf_0072;pdf_0073;pdf_0074;pdf_0075;pdf_0076;pdf_0077;pdf_0078;pdf_0079;pdf_0080;pdf_0081;pdf_0082;pdf_0083;pdf_0084;pdf_0085;pdf_0086;pdf_0087;pdf_0088;pdf_0089;pdf_0090;pdf_0091;pdf_0092;pdf_0093;pdf_0094;pdf_0095;pdf_0096;pdf_0097;pdf_0098;pdf_0099;pdf_0100;mb_dn;mb_up;decay_chpt_spectator,2.6944805491975577e-11,False,2.6515994926750272e-11,False,2.6943192116141852e-11,2.684443524724731e-11,2.2846393003565636e-11,3.696391803676094e-11,scale_muR0p5_muF1,scale_muR1_muF0p5,-0.07165740962184053,0.13730294569847246,2.6654997428628407e-11,2.7776927775736864e-11,-0.004696407911504608,0.013209156709635295,0.009104413665040308,100.0,2.4986091031180232e-11,2.9780119442206145e-11,mb_dn,mb_up,-0.03277673498056899,0.043451382412774464,4.699410896521089e-11,0.2415683666706414,2.6944805491975687e-11,4.699410896521089e-11,0.0061437325149231725,0.006941120566938963,0.016110924390040804,2.0,False,False,0.05055332594380155,0.5254779483292699,0.15974452782653728,0.028733565833156498,True,False,2.2846393003565636e-11,4.699410896521089e-11,scale:scale_muR0p5_muF1,decay_model:decay_chpt_spectator,False,False,4.4448533419353416e-08,False,4.496895162959639e-08,False,5.082282551080201e-08,4.645983270382616e-08,3.688587010351184e-08,1.764190142278178e-07,False,False,,False,,False,,False,,3.688587010351184e-08,4.9602650921535284e-08,scale_muR2_muF1,scale_muR0p5_muF1,-0.08099740346381701,0.04764745118862823,3.8394630188718565e-08,4.9713528450678464e-08,-0.06358694709738089,0.048617152588420254,0.0542651498327531,100.0,4.19713325021436e-08,4.552070851555183e-08,mb_up,mb_dn,-0.024904678610553788,0.010351577113398847,1.764190142278178e-07,0.598687955068387,4.444853341935341e-08,1.764190142278178e-07,0.03365546098455896,0.053146043232907836,0.13017590290792724,2.0,False,False,0.6561450239160953,0.83580114565835,2.1339782803053833,0.08877085764459226,True,False,scale:scale_muR2_muF1,decay_model:decay_chpt_spectator,False
0.7,True,True,single_source_variation_envelope,True,2,True,True,central_repeat_1;central_repeat_2,False,109,True,scale_muR0p5_muF0p5;scale_muR0p5_muF1;scale_muR1_muF0p5;scale_muR1_muF2;scale_muR2_muF1;scale_muR2_muF2;pdf_0001;pdf_0002;pdf_0003;pdf_0004;pdf_0005;pdf_0006;pdf_0007;pdf_0008;pdf_0009;pdf_0010;pdf_0011;pdf_0012;pdf_0013;pdf_0014;pdf_0015;pdf_0016;pdf_0017;pdf_0018;pdf_0019;pdf_0020;pdf_0021;pdf_0022;pdf_0023;pdf_0024;pdf_0025;pdf_0026;pdf_0027;pdf_0028;pdf_0029;pdf_0030;pdf_0031;pdf_0032;pdf_0033;pdf_0034;pdf_0035;pdf_0036;pdf_0037;pdf_0038;pdf_0039;pdf_0040;pdf_0041;pdf_0042;pdf_0043;pdf_0044;pdf_0045;pdf_0046;pdf_0047;pdf_0048;pdf_0049;pdf_0050;pdf_0051;pdf_0052;pdf_0053;pdf_0054;pdf_0055;pdf_0056;pdf_0057;pdf_0058;pdf_0059;pdf_0060;pdf_0061;pdf_0062;pdf_0063;pdf_0064;pdf_0065;pdf_0066;pdf_0067;pdf_0068;pdf_0069;pdf_0070;pdf_0071;pdf_0072;pdf_0073;pdf_0074;pdf_0075;pdf_0076;pdf_0077;pdf_0078;pdf_0079;pdf_0080;pdf_0081;pdf_0082;pdf_0083;pdf_0084;pdf_0085;pdf_0086;pdf_0087;pdf_0088;pdf_0089;pdf_0090;pdf_0091;pdf_0092;pdf_0093;pdf_0094;pdf_0095;pdf_0096;pdf_0097;pdf_0098;pdf_0099;pdf_0100;mb_dn;mb_up;decay_chpt_spectator,2.509140697400504e-11,False,2.5564164609379747e-11,False,2.4918970419442486e-11,2.513633132831671e-11,2.0350727900844102e-11,3.400665494684601e-11,scale_muR0p5_muF1,scale_muR1_muF0p5,-0.09094506700046523,0.13203890020388798,2.422938270266245e-11,2.524798661066639e-11,-0.015182664937404056,0.0027017366180448477,0.010175737093372383,100.0,2.3003330257040392e-11,2.709402561174438e-11,mb_dn,mb_up,-0.03773429999231581,0.03334852240426045,4.265858795231569e-11,0.23048146111162993,2.5091406974005144e-11,4.265858795231569e-11,0.009215611921434608,0.01110151078451338,0.025238227018008375,2.0,False,False,0.08407757689113567,0.7311964553181746,0.2942021128462456,0.04816661058538042,True,False,2.0350727900844102e-11,4.265858795231569e-11,scale:scale_muR0p5_muF1,decay_model:decay_chpt_spectator,False,False,3.741803139760939e-08,False,4.175885068362199e-08,False,4.213401696609287e-08,3.448590292419427e-08,2.6254189625332756e-08,1.3552968776232491e-07,False,False,,False,,False,,False,,2.6254189625332756e-08,3.741803139760939e-08,scale_muR0p5_muF1,central,-0.15388231738695257,0.0,2.8561570187975656e-08,3.6864187264455434e-08,-0.11729885573323529,-0.006476271508351061,0.052617091706165894,100.0,2.9783937807199714e-08,3.9297954503250594e-08,mb_up,mb_dn,-0.09909881872388038,0.021289010442725242,1.3552968776232491e-07,0.5589535027161245,3.741803139760939e-08,1.3552968776232491e-07,0.04349563222295716,0.08310693584951867,0.17416541979399347,2.0,False,False,0.5400681329781245,0.7085059383573448,0.8386269071590048,0.14868309339806776,True,False,scale:scale_muR0p5_muF1,decay_model:decay_chpt_spectator,False
0.725,True,True,single_source_variation_envelope,True,2,True,True,central_repeat_1;central_repeat_2,False,109,True,scale_muR0p5_muF0p5;scale_muR0p5_muF1;scale_muR1_muF0p5;scale_muR1_muF2;scale_muR2_muF1;scale_muR2_muF2;pdf_0001;pdf_0002;pdf_0003;pdf_0004;pdf_0005;pdf_0006;pdf_0007;pdf_0008;pdf_0009;pdf_0010;pdf_0011;pdf_0012;pdf_0013;pdf_0014;pdf_0015;pdf_0016;pdf_0017;pdf_0018;pdf_0019;pdf_0020;pdf_0021;pdf_0022;pdf_0023;pdf_0024;pdf_0025;pdf_0026;pdf_0027;pdf_0028;pdf_0029;pdf_0030;pdf_0031;pdf_0032;pdf_0033;pdf_0034;pdf_0035;pdf_0036;pdf_0037;pdf_0038;pdf_0039;pdf_0040;pdf_0041;pdf_0042;pdf_0043;pdf_0044;pdf_0045;pdf_0046;pdf_0047;pdf_0048;pdf_0049;pdf_0050;pdf_0051;pdf_0052;pdf_0053;pdf_0054;pdf_0055;pdf_0056;pdf_0057;pdf_0058;pdf_0059;pdf_0060;pdf_0061;pdf_0062;pdf_0063;pdf_0064;pdf_0065;pdf_0066;pdf_0067;pdf_0068;pdf_0069;pdf_0070;pdf_0071;pdf_0072;pdf_0073;pdf_0074;pdf_0075;pdf_0076;pdf_0077;pdf_0078;pdf_0079;pdf_0080;pdf_0081;pdf_0082;pdf_0083;pdf_0084;pdf_0085;pdf_0086;pdf_0087;pdf_0088;pdf_0089;pdf_0090;pdf_0091;pdf_0092;pdf_0093;pdf_0094;pdf_0095;pdf_0096;pdf_0097;pdf_0098;pdf_0099;pdf_0100;mb_dn;mb_up;decay_chpt_spectator,2.393011681876967e-11,False,2.3844352864393837e-11,False,2.3693028998603698e-11,2.3528579310501626e-11,2.0135952627704028e-11,3.2315034428207655e-11,scale_muR0p5_muF1,scale_muR1_muF0p5,-0.07497263788746444,0.13045980425520298,2.3227805917848118e-11,2.4197747337579784e-11,-0.012936630110580438,0.004830119001658417,0.008957272934463037,100.0,2.2162844634609568e-11,2.6056782902466038e-11,mb_dn,mb_up,-0.033319316710759495,0.03697597587298773,4.1643288963942056e-11,0.2406002038331998,2.393011681876967e-11,4.1643288963942056e-11,0.004277394870387141,0.005789835538450916,0.01324311696308389,2.0,False,False,0.044380225553036626,0.4475536124137616,0.1565837114979458,0.024064133970829127,True,False,2.0135952627704028e-11,4.1643288963942056e-11,scale:scale_muR0p5_muF1,decay_model:decay_chpt_spectator,False,False,3.078833626948509e-08,False,3.3320430049735195e-08,False,3.311810790193044e-08,3.631790216806994e-08,2.3366921839154242e-08,1.248960864109246e-07,False,False,,False,,False,,False,,2.3366921839154242e-08,3.0788336269485026e-08,scale_muR0p5_muF0p5,central,-0.11978471539287483,0.0,2.5244555186145664e-08,3.2862911833243114e-08,-0.08621849851975671,0.02831982039649006,0.05456049605274134,100.0,2.7684189940533446e-08,3.0788336269485026e-08,mb_dn,central,-0.04615440100497192,0.0,1.248960864109246e-07,0.608162608805876,3.0788336269485026e-08,1.248960864109246e-07,0.020027618813220016,0.037410156422560625,0.08995898653950785,2.0,False,False,0.31231160252676027,0.43389941909030344,0.8105436449826456,0.061513410855717134,True,False,scale:scale_muR0p5_muF0p5,decay_model:decay_chpt_spectator,False
0.75,True,True,single_source_variation_envelope,True,2,True,True,central_repeat_1;central_repeat_2,False,109,True,scale_muR0p5_muF0p5;scale_muR0p5_muF1;scale_muR1_muF0p5;scale_muR1_muF2;scale_muR2_muF1;scale_muR2_muF2;pdf_0001;pdf_0002;pdf_0003;pdf_0004;pdf_0005;pdf_0006;pdf_0007;pdf_0008;pdf_0009;pdf_0010;pdf_0011;pdf_0012;pdf_0013;pdf_0014;pdf_0015;pdf_0016;pdf_0017;pdf_0018;pdf_0019;pdf_0020;pdf_0021;pdf_0022;pdf_0023;pdf_0024;pdf_0025;pdf_0026;pdf_0027;pdf_0028;pdf_0029;pdf_0030;pdf_0031;pdf_0032;pdf_0033;pdf_0034;pdf_0035;pdf_0036;pdf_0037;pdf_0038;pdf_0039;pdf_0040;pdf_0041;pdf_0042;pdf_0043;pdf_0044;pdf_0045;pdf_0046;pdf_0047;pdf_0048;pdf_0049;pdf_0050;pdf_0051;pdf_0052;pdf_0053;pdf_0054;pdf_0055;pdf_0056;pdf_0057;pdf_0058;pdf_0059;pdf_0060;pdf_0061;pdf_0062;pdf_0063;pdf_0064;pdf_0065;pdf_0066;pdf_0067;pdf_0068;pdf_0069;pdf_0070;pdf_0071;pdf_0072;pdf_0073;pdf_0074;pdf_0075;pdf_0076;pdf_0077;pdf_0078;pdf_0079;pdf_0080;pdf_0081;pdf_0082;pdf_0083;pdf_0084;pdf_0085;pdf_0086;pdf_0087;pdf_0088;pdf_0089;pdf_0090;pdf_0091;pdf_0092;pdf_0093;pdf_0094;pdf_0095;pdf_0096;pdf_0097;pdf_0098;pdf_0099;pdf_0100;mb_dn;mb_up;decay_chpt_spectator,2.2511105640798593e-11,False,2.2485147418235056e-11,False,2.2413791796221098e-11,2.20727826463207e-11,1.863410298796671e-11,3.001636409627211e-11,scale_muR0p5_muF1,scale_muR1_muF0p5,-0.08208833460745169,0.12496125864160845,2.1705333192783682e-11,2.26199353546961e-11,-0.015830369084488538,0.0020945333758373152,0.00982729394184424,100.0,2.0700283214373535e-11,2.3937523131074463e-11,mb_dn,mb_up,-0.036420538679317715,0.026682384926926872,3.939364660920175e-11,0.243029358592171,2.2511105640798593e-11,3.939364660920175e-11,0.004709529172290061,0.008038652503117305,0.018339429323907086,2.0,False,False,0.06432915761654043,0.5077994366533132,0.220717561975058,0.033076878240900165,True,False,1.863410298796671e-11,3.939364660920175e-11,scale:scale_muR0p5_muF1,decay_model:decay_chpt_spectator,False,False,2.5647595306447407e-08,False,2.7196530687444927e-08,False,2.479409139542356e-08,2.439262355805602e-08,2.12556255000566e-08,1.0525846808721927e-07,False,False,,False,,False,,False,,2.12556255000566e-08,2.930088061989343e-08,scale_muR1_muF2,scale_muR0p5_muF1,-0.0815727626341669,0.05783402067399557,2.1426209865903313e-08,2.8036364958882103e-08,-0.07810129789479348,0.0386750523780055,0.055817215403813084,100.0,2.1885454732277816e-08,2.5647595306447354e-08,mb_dn,central,-0.0688910775888365,0.0,1.0525846808721927e-07,0.6132103927545796,2.5647595306447354e-08,1.0525846808721927e-07,0.04371015135028422,0.04725499346081108,0.10309797089977024,2.0,False,False,0.5792986768480272,0.6050474798058545,0.6859377892568855,0.07706163173219992,True,False,scale:scale_muR1_muF2,decay_model:decay_chpt_spectator,False
0.775,True,True,single_source_variation_envelope,True,2,True,True,central_repeat_1;central_repeat_2,False,109,True,scale_muR0p5_muF0p5;scale_muR0p5_muF1;scale_muR1_muF0p5;scale_muR1_muF2;scale_muR2_muF1;scale_muR2_muF2;pdf_0001;pdf_0002;pdf_0003;pdf_0004;pdf_0005;pdf_0006;pdf_0007;pdf_0008;pdf_0009;pdf_0010;pdf_0011;pdf_0012;pdf_0013;pdf_0014;pdf_0015;pdf_0016;pdf_0017;pdf_0018;pdf_0019;pdf_0020;pdf_0021;pdf_0022;pdf_0023;pdf_0024;pdf_0025;pdf_0026;pdf_0027;pdf_0028;pdf_0029;pdf_0030;pdf_0031;pdf_0032;pdf_0033;pdf_0034;pdf_0035;pdf_0036;pdf_0037;pdf_0038;pdf_0039;pdf_0040;pdf_0041;pdf_0042;pdf_0043;pdf_0044;pdf_0045;pdf_0046;pdf_0047;pdf_0048;pdf_0049;pdf_0050;pdf_0051;pdf_0052;pdf_0053;pdf_0054;pdf_0055;pdf_0056;pdf_0057;pdf_0058;pdf_0059;pdf_0060;pdf_0061;pdf_0062;pdf_0063;pdf_0064;pdf_0065;pdf_0066;pdf_0067;pdf_0068;pdf_0069;pdf_0070;pdf_0071;pdf_0072;pdf_0073;pdf_0074;pdf_0075;pdf_0076;pdf_0077;pdf_0078;pdf_0079;pdf_0080;pdf_0081;pdf_0082;pdf_0083;pdf_0084;pdf_0085;pdf_0086;pdf_0087;pdf_0088;pdf_0089;pdf_0090;pdf_0091;pdf_0092;pdf_0093;pdf_0094;pdf_0095;pdf_0096;pdf_0097;pdf_0098;pdf_0099;pdf_0100;mb_dn;mb_up;decay_chpt_spectator,2.068550289580817e-11,False,2.0531808508647042e-11,False,2.0523394325335384e-11,2.065846392853531e-11,1.7069662929007077e-11,2.7720448471626283e-11,scale_muR0p5_muF1,scale_muR1_muF0p5,-0.08344113843556222,0.12713416845823922,2.0458600209707274e-11,2.133435542904233e-11,-0.0047901680234012645,0.013413442419748733,0.008929260084721361,100.0,1.9382536069830182e-11,2.2437768089793263e-11,mb_dn,mb_up,-0.028255482874103066,0.035313571254047105,3.798585775926232e-11,0.2639558539472091,2.0685502895808253e-11,3.798585775926232e-11,0.0014244183281721945,0.002670821049020944,0.006168741532677213,2.0,False,False,0.021007893325689624,0.19911525807041672,0.0756315760251763,0.01011843840203334,True,False,1.7069662929007077e-11,3.798585775926232e-11,scale:scale_muR0p5_muF1,decay_model:decay_chpt_spectator,False,False,2.0506044902719136e-08,False,2.2335794814242114e-08,False,2.1235760140740594e-08,2.1634458163024746e-08,1.6406234934666116e-08,9.39662179675142e-08,False,False,,False,,False,,False,,1.7281857776116146e-08,2.3187003025971968e-08,scale_muR2_muF2,scale_muR0p5_muF1,-0.07429147731070618,0.05336271466730835,1.6406234934666116e-08,2.145796224463488e-08,-0.09687297773981474,0.019706572786068577,0.05461567774631588,100.0,1.953727971425983e-08,2.058122500015851e-08,mb_dn,mb_up,-0.021017809707122304,0.00158931649546723,9.39662179675142e-08,0.6610898433254171,2.050604490271918e-08,9.39662179675142e-08,0.017894494334853572,0.021933600041364798,0.049249855787540486,2.0,False,False,0.29523709630423434,0.22641608168869265,1.0435721108433178,0.03317794133855439,True,False,pdf:p16,decay_model:decay_chpt_spectator,False
0.8,True,True,single_source_variation_envelope,True,2,True,True,central_repeat_1;central_repeat_2,False,109,True,scale_muR0p5_muF0p5;scale_muR0p5_muF1;scale_muR1_muF0p5;scale_muR1_muF2;scale_muR2_muF1;scale_muR2_muF2;pdf_0001;pdf_0002;pdf_0003;pdf_0004;pdf_0005;pdf_0006;pdf_0007;pdf_0008;pdf_0009;pdf_0010;pdf_0011;pdf_0012;pdf_0013;pdf_0014;pdf_0015;pdf_0016;pdf_0017;pdf_0018;pdf_0019;pdf_0020;pdf_0021;pdf_0022;pdf_0023;pdf_0024;pdf_0025;pdf_0026;pdf_0027;pdf_0028;pdf_0029;pdf_0030;pdf_0031;pdf_0032;pdf_0033;pdf_0034;pdf_0035;pdf_0036;pdf_0037;pdf_0038;pdf_0039;pdf_0040;pdf_0041;pdf_0042;pdf_0043;pdf_0044;pdf_0045;pdf_0046;pdf_0047;pdf_0048;pdf_0049;pdf_0050;pdf_0051;pdf_0052;pdf_0053;pdf_0054;pdf_0055;pdf_0056;pdf_0057;pdf_0058;pdf_0059;pdf_0060;pdf_0061;pdf_0062;pdf_0063;pdf_0064;pdf_0065;pdf_0066;pdf_0067;pdf_0068;pdf_0069;pdf_0070;pdf_0071;pdf_0072;pdf_0073;pdf_0074;pdf_0075;pdf_0076;pdf_0077;pdf_0078;pdf_0079;pdf_0080;pdf_0081;pdf_0082;pdf_0083;pdf_0084;pdf_0085;pdf_0086;pdf_0087;pdf_0088;pdf_0089;pdf_0090;pdf_0091;pdf_0092;pdf_0093;pdf_0094;pdf_0095;pdf_0096;pdf_0097;pdf_0098;pdf_0099;pdf_0100;mb_dn;mb_up;decay_chpt_spectator,1.9164038531976702e-11,False,1.9206917335517848e-11,False,1.9005909858820036e-11,1.9119332759943007e-11,1.5888249781899276e-11,2.6285634287650734e-11,scale_muR0p5_muF1,scale_muR1_muF0p5,-0.0814109765737161,0.13723142586273518,1.875683623878828e-11,1.955129327199698e-11,-0.009327448683521311,0.008688454842344484,0.010100720062889928,100.0,1.823149593124061e-11,2.0997413457240822e-11,mb_dn,mb_up,-0.021664730536095078,0.03967876455472208,3.6735467920582184e-11,0.282598540675135,1.9164038531976625e-11,3.6735467920582184e-11,0.0032769686998186387,0.004569002062003946,0.010465368970277278,2.0,False,False,0.03329413822876154,0.48984478146483357,0.11514980653449301,0.016167819023723495,True,False,1.5888249781899276e-11,3.6735467920582184e-11,scale:scale_muR0p5_muF1,decay_model:decay_chpt_spectator,False,False,1.6496727296850367e-08,False,1.5813196588309983e-08,False,1.9826760113176157e-08,1.5086863269800422e-08,1.4634779401266768e-08,1.0399992945797696e-07,False,False,,False,,False,,False,,1.5025012399660463e-08,1.9805381365990866e-08,scale_muR1_muF2,scale_muR0p5_muF0p5,-0.04058295616644525,0.07938541420364498,1.4634779401266768e-08,1.9531736431394917e-08,-0.05201161481051919,0.07334305986771117,0.05904132711935414,100.0,1.4942513930172365e-08,1.717155417807892e-08,mb_dn,mb_up,-0.04297412587332783,0.017411809194886274,1.0399992945797696e-07,0.7996352494709802,1.6496727296850367e-08,1.0399992945797696e-07,0.0593263988120607,0.09823208195034194,0.25381101806027195,2.0,False,False,1.237407185384839,1.3393507460354543,2.285842468091022,0.12284611266865733,True,False,pdf:p16,decay_model:decay_chpt_spectator,False
0.825,True,True,single_source_variation_envelope,True,2,True,True,central_repeat_1;central_repeat_2,False,109,True,scale_muR0p5_muF0p5;scale_muR0p5_muF1;scale_muR1_muF0p5;scale_muR1_muF2;scale_muR2_muF1;scale_muR2_muF2;pdf_0001;pdf_0002;pdf_0003;pdf_0004;pdf_0005;pdf_0006;pdf_0007;pdf_0008;pdf_0009;pdf_0010;pdf_0011;pdf_0012;pdf_0013;pdf_0014;pdf_0015;pdf_0016;pdf_0017;pdf_0018;pdf_0019;pdf_0020;pdf_0021;pdf_0022;pdf_0023;pdf_0024;pdf_0025;pdf_0026;pdf_0027;pdf_0028;pdf_0029;pdf_0030;pdf_0031;pdf_0032;pdf_0033;pdf_0034;pdf_0035;pdf_0036;pdf_0037;pdf_0038;pdf_0039;pdf_0040;pdf_0041;pdf_0042;pdf_0043;pdf_0044;pdf_0045;pdf_0046;pdf_0047;pdf_0048;pdf_0049;pdf_0050;pdf_0051;pdf_0052;pdf_0053;pdf_0054;pdf_0055;pdf_0056;pdf_0057;pdf_0058;pdf_0059;pdf_0060;pdf_0061;pdf_0062;pdf_0063;pdf_0064;pdf_0065;pdf_0066;pdf_0067;pdf_0068;pdf_0069;pdf_0070;pdf_0071;pdf_0072;pdf_0073;pdf_0074;pdf_0075;pdf_0076;pdf_0077;pdf_0078;pdf_0079;pdf_0080;pdf_0081;pdf_0082;pdf_0083;pdf_0084;pdf_0085;pdf_0086;pdf_0087;pdf_0088;pdf_0089;pdf_0090;pdf_0091;pdf_0092;pdf_0093;pdf_0094;pdf_0095;pdf_0096;pdf_0097;pdf_0098;pdf_0099;pdf_0100;mb_dn;mb_up;decay_chpt_spectator,1.7999659193504855e-11,False,1.767158119611723e-11,False,1.754003052386494e-11,1.7647474017009907e-11,1.4900208526098788e-11,2.4958236481563343e-11,scale_muR0p5_muF1,scale_muR1_muF0p5,-0.0820719358880897,0.14194961315147836,1.7590022577101616e-11,1.8415227267557392e-11,-0.009997885344176893,0.00991280074917178,0.00992989627661788,100.0,1.693094384573239e-11,1.9154814036270997e-11,mb_dn,mb_up,-0.026583112920480545,0.02701365778278131,3.4665026461825534e-11,0.28462725383053034,1.7999659193504855e-11,3.4665026461825534e-11,0.0019189625412279199,0.003245065708203043,0.007444193634534191,2.0,False,False,0.02286068722667207,0.3245752073055208,0.12012685339752362,0.011401106761670774,True,False,1.4900208526098788e-11,3.4665026461825534e-11,scale:scale_muR0p5_muF1,decay_model:decay_chpt_spectator,False,False,1.2894637785557264e-08,False,1.2169913222062028e-08,False,1.2391408708529709e-08,1.3231204168649514e-08,1.1888321907788599e-08,7.688867382572577e-08,False,False,,False,,False,,False,,1.1903897650470952e-08,1.4856310482394942e-08,scale_muR0p5_muF0p5,scale_muR2_muF2,-0.034719963015735544,0.061501819981221395,1.1888321907788599e-08,1.5185765739783706e-08,-0.03528859092775516,0.0710275488592007,0.05348408947855423,100.0,1.2345087689385035e-08,1.3354184623152345e-08,mb_dn,mb_up,-0.018914968025347534,0.015208228934274537,7.688867382572577e-08,0.7754532230898503,1.2894637785557264e-08,7.688867382572577e-08,0.022072544841023944,0.036311889529543784,0.0872061227736236,2.0,False,False,0.5904197557183031,0.511236697770967,1.919743637995212,0.0468266665845509,True,False,pdf:p16,decay_model:decay_chpt_spectator,False
0.85,True,True,single_source_variation_envelope,True,2,True,True,central_repeat_1;central_repeat_2,False,109,True,scale_muR0p5_muF0p5;scale_muR0p5_muF1;scale_muR1_muF0p5;scale_muR1_muF2;scale_muR2_muF1;scale_muR2_muF2;pdf_0001;pdf_0002;pdf_0003;pdf_0004;pdf_0005;pdf_0006;pdf_0007;pdf_0008;pdf_0009;pdf_0010;pdf_0011;pdf_0012;pdf_0013;pdf_0014;pdf_0015;pdf_0016;pdf_0017;pdf_0018;pdf_0019;pdf_0020;pdf_0021;pdf_0022;pdf_0023;pdf_0024;pdf_0025;pdf_0026;pdf_0027;pdf_0028;pdf_0029;pdf_0030;pdf_0031;pdf_0032;pdf_0033;pdf_0034;pdf_0035;pdf_0036;pdf_0037;pdf_0038;pdf_0039;pdf_0040;pdf_0041;pdf_0042;pdf_0043;pdf_0044;pdf_0045;pdf_0046;pdf_0047;pdf_0048;pdf_0049;pdf_0050;pdf_0051;pdf_0052;pdf_0053;pdf_0054;pdf_0055;pdf_0056;pdf_0057;pdf_0058;pdf_0059;pdf_0060;pdf_0061;pdf_0062;pdf_0063;pdf_0064;pdf_0065;pdf_0066;pdf_0067;pdf_0068;pdf_0069;pdf_0070;pdf_0071;pdf_0072;pdf_0073;pdf_0074;pdf_0075;pdf_0076;pdf_0077;pdf_0078;pdf_0079;pdf_0080;pdf_0081;pdf_0082;pdf_0083;pdf_0084;pdf_0085;pdf_0086;pdf_0087;pdf_0088;pdf_0089;pdf_0090;pdf_0091;pdf_0092;pdf_0093;pdf_0094;pdf_0095;pdf_0096;pdf_0097;pdf_0098;pdf_0099;pdf_0100;mb_dn;mb_up;decay_chpt_spectator,1.606597488186407e-11,False,1.6139967230108317e-11,False,1.598421297940366e-11,1.6002073799944057e-11,1.3224593886527581e-11,2.216456730085416e-11,scale_muR0p5_muF1,scale_muR1_muF0p5,-0.08452473945411398,0.1397521737370191,1.560332707834377e-11,1.633738552700929e-11,-0.012689871326100999,0.0072754739434746085,0.010611952174512562,100.0,1.5195782097082076e-11,1.704601695414297e-11,mb_dn,mb_up,-0.024184026360099864,0.0257158324245772,3.3329850924729764e-11,0.31692628754896823,1.6065974881864003e-11,3.3329850924729764e-11,0.003968885305868142,0.004211390997843623,0.009650221000083725,2.0,False,False,0.030134708357155687,0.33187026799723945,0.16376646605531234,0.013288235035387909,True,False,1.3224593886527581e-11,3.3329850924729764e-11,scale:scale_muR0p5_muF1,decay_model:decay_chpt_spectator,False,False,9.526488035652982e-09,False,8.096078062597704e-09,False,1.0804022798065187e-08,8.238277492057757e-09,9.02496281765372e-09,7.646209041797992e-08,False,False,,False,,False,,False,,9.02496281765372e-09,1.1630166032600203e-08,scale_muR1_muF2,scale_muR0p5_muF0p5,-0.02348740505105873,0.08665308841053587,1.0143431427311895e-08,1.2717898487656006e-08,0.02725207122275819,0.1254825278252394,0.049298049346012174,100.0,9.526488035652982e-09,1.1525520077719717e-08,central,mb_up,0.0,0.08272770525050888,7.646209041797992e-08,0.9045133407775499,9.526488035652982e-09,7.646209041797992e-08,0.06643626713658968,0.12531080494639824,0.3344761147965778,2.0,False,False,1.4461204700831194,0.998631499685117,1.514738074348163,0.1385394767518596,True,False,scale:scale_muR1_muF2,decay_model:decay_chpt_spectator,False
0.875,True,True,single_source_variation_envelope,True,2,True,True,central_repeat_1;central_repeat_2,False,109,True,scale_muR0p5_muF0p5;scale_muR0p5_muF1;scale_muR1_muF0p5;scale_muR1_muF2;scale_muR2_muF1;scale_muR2_muF2;pdf_0001;pdf_0002;pdf_0003;pdf_0004;pdf_0005;pdf_0006;pdf_0007;pdf_0008;pdf_0009;pdf_0010;pdf_0011;pdf_0012;pdf_0013;pdf_0014;pdf_0015;pdf_0016;pdf_0017;pdf_0018;pdf_0019;pdf_0020;pdf_0021;pdf_0022;pdf_0023;pdf_0024;pdf_0025;pdf_0026;pdf_0027;pdf_0028;pdf_0029;pdf_0030;pdf_0031;pdf_0032;pdf_0033;pdf_0034;pdf_0035;pdf_0036;pdf_0037;pdf_0038;pdf_0039;pdf_0040;pdf_0041;pdf_0042;pdf_0043;pdf_0044;pdf_0045;pdf_0046;pdf_0047;pdf_0048;pdf_0049;pdf_0050;pdf_0051;pdf_0052;pdf_0053;pdf_0054;pdf_0055;pdf_0056;pdf_0057;pdf_0058;pdf_0059;pdf_0060;pdf_0061;pdf_0062;pdf_0063;pdf_0064;pdf_0065;pdf_0066;pdf_0067;pdf_0068;pdf_0069;pdf_0070;pdf_0071;pdf_0072;pdf_0073;pdf_0074;pdf_0075;pdf_0076;pdf_0077;pdf_0078;pdf_0079;pdf_0080;pdf_0081;pdf_0082;pdf_0083;pdf_0084;pdf_0085;pdf_0086;pdf_0087;pdf_0088;pdf_0089;pdf_0090;pdf_0091;pdf_0092;pdf_0093;pdf_0094;pdf_0095;pdf_0096;pdf_0097;pdf_0098;pdf_0099;pdf_0100;mb_dn;mb_up;decay_chpt_spectator,1.429750220910762e-11,False,1.4474206155398303e-11,False,1.4449167703473892e-11,1.4295153644854742e-11,1.1953970746496709e-11,2.0301857662925135e-11,scale_muR0p5_muF1,scale_muR1_muF0p5,-0.07774798361884194,0.15227560627369918,1.40663143889217e-11,1.464775157981153e-11,-0.00707985244423881,0.010510793568469623,0.009448450351963974,100.0,1.3347296157539069e-11,1.536374704009553e-11,mb_dn,mb_up,-0.02986687536940913,0.03123697569024131,3.145901223873011e-11,0.3424849100469558,1.4297502209107678e-11,3.145901223873011e-11,0.003078924344699807,0.005405926436097275,0.01237045462951225,2.0,False,False,0.035500935234371665,0.5143214354731525,0.1730617742800924,0.01578442225485527,True,False,1.1953970746496709e-11,3.145901223873011e-11,scale:scale_muR0p5_muF1,decay_model:decay_chpt_spectator,False,False,6.736715314145291e-09,False,6.622214553715186e-09,False,7.190110657344675e-09,7.499270551559718e-09,5.341503753522584e-09,6.113131642591707e-08,False,False,,False,,False,,False,,5.341503753522584e-09,7.595827247241857e-09,scale_muR2_muF1,scale_muR1_muF0p5,-0.10078465704159534,0.05212688401451615,6.258432463981471e-09,8.072638847781906e-09,-0.03198262492141701,0.07856732857785076,0.050877038035736157,100.0,6.736715314145291e-09,7.825523198562451e-09,central,mb_dn,0.0,0.06506518828053487,6.113131642591707e-08,0.9578155532051529,6.736715314145291e-09,6.113131642591707e-08,0.04487405074365913,0.05401577455714168,0.13244149532311456,2.0,False,False,0.5359523576574613,0.6875093697963596,0.8301793322144467,0.05639475614734785,True,False,scale:scale_muR2_muF1,decay_model:decay_chpt_spectator,False
0.9,True,True,single_source_variation_envelope,True,2,True,True,central_repeat_1;central_repeat_2,False,109,True,scale_muR0p5_muF0p5;scale_muR0p5_muF1;scale_muR1_muF0p5;scale_muR1_muF2;scale_muR2_muF1;scale_muR2_muF2;pdf_0001;pdf_0002;pdf_0003;pdf_0004;pdf_0005;pdf_0006;pdf_0007;pdf_0008;pdf_0009;pdf_0010;pdf_0011;pdf_0012;pdf_0013;pdf_0014;pdf_0015;pdf_0016;pdf_0017;pdf_0018;pdf_0019;pdf_0020;pdf_0021;pdf_0022;pdf_0023;pdf_0024;pdf_0025;pdf_0026;pdf_0027;pdf_0028;pdf_0029;pdf_0030;pdf_0031;pdf_0032;pdf_0033;pdf_0034;pdf_0035;pdf_0036;pdf_0037;pdf_0038;pdf_0039;pdf_0040;pdf_0041;pdf_0042;pdf_0043;pdf_0044;pdf_0045;pdf_0046;pdf_0047;pdf_0048;pdf_0049;pdf_0050;pdf_0051;pdf_0052;pdf_0053;pdf_0054;pdf_0055;pdf_0056;pdf_0057;pdf_0058;pdf_0059;pdf_0060;pdf_0061;pdf_0062;pdf_0063;pdf_0064;pdf_0065;pdf_0066;pdf_0067;pdf_0068;pdf_0069;pdf_0070;pdf_0071;pdf_0072;pdf_0073;pdf_0074;pdf_0075;pdf_0076;pdf_0077;pdf_0078;pdf_0079;pdf_0080;pdf_0081;pdf_0082;pdf_0083;pdf_0084;pdf_0085;pdf_0086;pdf_0087;pdf_0088;pdf_0089;pdf_0090;pdf_0091;pdf_0092;pdf_0093;pdf_0094;pdf_0095;pdf_0096;pdf_0097;pdf_0098;pdf_0099;pdf_0100;mb_dn;mb_up;decay_chpt_spectator,1.260830513486964e-11,False,1.2725093427215795e-11,False,1.2789039161524514e-11,1.2817763768649781e-11,1.031131355280367e-11,1.746490311712374e-11,scale_muR0p5_muF1,scale_muR1_muF0p5,-0.08734271732435595,0.14150947014565496,1.2332027737971738e-11,1.285251530737516e-11,-0.009622217779401865,0.00833141910769264,0.009883884431751585,100.0,1.1580896980693457e-11,1.3618875147528356e-11,mb_dn,mb_up,-0.036914512367250296,0.033484527780750284,3.0781181332648124e-11,0.3876285726674773,1.2608305134869692e-11,3.0781181332648124e-11,0.002664110656121821,0.0031512836794753696,0.007282488098341755,2.0,False,False,0.02226906564084912,0.32750076455568017,0.08536706778418983,0.008129647558717664,True,False,1.031131355280367e-11,3.0781181332648124e-11,scale:scale_muR0p5_muF1,decay_model:decay_chpt_spectator,False,False,4.631258520132564e-09,False,4.932409386742153e-09,False,4.922347885204173e-09,4.552996230362538e-09,3.809044261882346e-09,5.776957505727661e-08,False,False,,False,,False,,False,,4.0952729148157144e-09,4.866259313243496e-09,scale_muR1_muF2,scale_muR0p5_muF1,-0.05341617523304265,0.021496223601038977,3.809044261882346e-09,4.7108897031329775e-09,-0.0848830050142908,0.007403911849936051,0.04523545533313021,100.0,4.057549871967693e-09,4.631258520132583e-09,mb_up,central,-0.057435157785134194,0.0,5.776957505727661e-08,1.0960001486638804,4.631258520132583e-09,5.776957505727661e-08,0.017824318178251808,0.03476182484094181,0.07692247877871661,2.0,False,False,0.6507733788367261,0.4095263219662093,0.6052359944928911,0.03171698916584957,True,False,pdf:p16,decay_model:decay_chpt_spectator,False
0.925,True,True,single_source_variation_envelope,True,2,True,True,central_repeat_1;central_repeat_2,False,109,True,scale_muR0p5_muF0p5;scale_muR0p5_muF1;scale_muR1_muF0p5;scale_muR1_muF2;scale_muR2_muF1;scale_muR2_muF2;pdf_0001;pdf_0002;pdf_0003;pdf_0004;pdf_0005;pdf_0006;pdf_0007;pdf_0008;pdf_0009;pdf_0010;pdf_0011;pdf_0012;pdf_0013;pdf_0014;pdf_0015;pdf_0016;pdf_0017;pdf_0018;pdf_0019;pdf_0020;pdf_0021;pdf_0022;pdf_0023;pdf_0024;pdf_0025;pdf_0026;pdf_0027;pdf_0028;pdf_0029;pdf_0030;pdf_0031;pdf_0032;pdf_0033;pdf_0034;pdf_0035;pdf_0036;pdf_0037;pdf_0038;pdf_0039;pdf_0040;pdf_0041;pdf_0042;pdf_0043;pdf_0044;pdf_0045;pdf_0046;pdf_0047;pdf_0048;pdf_0049;pdf_0050;pdf_0051;pdf_0052;pdf_0053;pdf_0054;pdf_0055;pdf_0056;pdf_0057;pdf_0058;pdf_0059;pdf_0060;pdf_0061;pdf_0062;pdf_0063;pdf_0064;pdf_0065;pdf_0066;pdf_0067;pdf_0068;pdf_0069;pdf_0070;pdf_0071;pdf_0072;pdf_0073;pdf_0074;pdf_0075;pdf_0076;pdf_0077;pdf_0078;pdf_0079;pdf_0080;pdf_0081;pdf_0082;pdf_0083;pdf_0084;pdf_0085;pdf_0086;pdf_0087;pdf_0088;pdf_0089;pdf_0090;pdf_0091;pdf_0092;pdf_0093;pdf_0094;pdf_0095;pdf_0096;pdf_0097;pdf_0098;pdf_0099;pdf_0100;mb_dn;mb_up;decay_chpt_spectator,1.1028180237861348e-11,False,1.0966903087426122e-11,False,1.0953008366128907e-11,1.0964568569085722e-11,8.901962527633154e-12,1.5390055890710504e-11,scale_muR0p5_muF1,scale_muR1_muF0p5,-0.0930180935268421,0.14473634168710703,1.0621949442218948e-11,1.1230760522019713e-11,-0.016299625379625482,0.007905311373381352,0.011155714578497247,100.0,1.0195713806069343e-11,1.1821550859243953e-11,mb_dn,mb_up,-0.03408621902443798,0.030170599671761167,2.9665735369924314e-11,0.42975126299176125,1.1028180237861394e-11,2.9665735369924314e-11,0.00032152208421543094,0.0005505863112613696,0.0012669685495029226,2.0,False,False,0.0038040640301081705,0.03377907764368634,0.016152754016707717,0.0012811743877805075,True,False,8.901962527633154e-12,2.9665735369924314e-11,scale:scale_muR0p5_muF1,decay_model:decay_chpt_spectator,False,False,2.6790788340589572e-09,False,2.7125269137003114e-09,False,2.604708742429271e-09,3.112971596316812e-09,2.4341655284141403e-09,4.676467757084144e-08,False,False,,False,,False,,False,,2.4341655284141403e-09,3.4996315525648616e-09,scale_muR2_muF1,scale_muR0p5_muF1,-0.04163538541888734,0.11603683019922073,2.478766980042261e-09,2.9928053774971837e-09,-0.03374979103587705,0.048092982272523344,0.03975648116047327,100.0,2.5991889193872343e-09,2.8044654534613755e-09,mb_dn,mb_up,-0.01314764636389043,0.01986460130136969,4.676467757084144e-08,1.2419324510925591,2.6790788340589577e-09,4.676467757084144e-08,0.038707995183118626,0.059801102118809624,0.1476279113006962,2.0,False,False,0.515363113729827,1.2434475737009016,3.0104355587890033,0.04815165435624224,True,False,scale:scale_muR2_muF1,decay_model:decay_chpt_spectator,False
0.95,True,True,single_source_variation_envelope,True,2,True,True,central_repeat_1;central_repeat_2,False,109,True,scale_muR0p5_muF0p5;scale_muR0p5_muF1;scale_muR1_muF0p5;scale_muR1_muF2;scale_muR2_muF1;scale_muR2_muF2;pdf_0001;pdf_0002;pdf_0003;pdf_0004;pdf_0005;pdf_0006;pdf_0007;pdf_0008;pdf_0009;pdf_0010;pdf_0011;pdf_0012;pdf_0013;pdf_0014;pdf_0015;pdf_0016;pdf_0017;pdf_0018;pdf_0019;pdf_0020;pdf_0021;pdf_0022;pdf_0023;pdf_0024;pdf_0025;pdf_0026;pdf_0027;pdf_0028;pdf_0029;pdf_0030;pdf_0031;pdf_0032;pdf_0033;pdf_0034;pdf_0035;pdf_0036;pdf_0037;pdf_0038;pdf_0039;pdf_0040;pdf_0041;pdf_0042;pdf_0043;pdf_0044;pdf_0045;pdf_0046;pdf_0047;pdf_0048;pdf_0049;pdf_0050;pdf_0051;pdf_0052;pdf_0053;pdf_0054;pdf_0055;pdf_0056;pdf_0057;pdf_0058;pdf_0059;pdf_0060;pdf_0061;pdf_0062;pdf_0063;pdf_0064;pdf_0065;pdf_0066;pdf_0067;pdf_0068;pdf_0069;pdf_0070;pdf_0071;pdf_0072;pdf_0073;pdf_0074;pdf_0075;pdf_0076;pdf_0077;pdf_0078;pdf_0079;pdf_0080;pdf_0081;pdf_0082;pdf_0083;pdf_0084;pdf_0085;pdf_0086;pdf_0087;pdf_0088;pdf_0089;pdf_0090;pdf_0091;pdf_0092;pdf_0093;pdf_0094;pdf_0095;pdf_0096;pdf_0097;pdf_0098;pdf_0099;pdf_0100;mb_dn;mb_up;decay_chpt_spectator,9.008640095177771e-12,False,9.067720816833898e-12,False,9.130744671143444e-12,8.97607766418015e-12,7.416593605053083e-12,1.2789740283449034e-11,scale_muR0p5_muF1,scale_muR1_muF0p5,-0.08445475439593153,0.15220248877448128,8.784389690459654e-12,9.198380531005717e-12,-0.01094764316057173,0.009052135353805113,0.010295823620408233,100.0,8.319566878225411e-12,9.986792561890422e-12,mb_dn,mb_up,-0.03455851949434674,0.04476679239773418,2.797092716068468e-11,0.49204762556371406,9.008640095177773e-12,2.797092716068468e-11,0.0037097984495346736,0.004411538709028662,0.010106525609347883,2.0,False,False,0.028984668677561817,0.4029669805933165,0.09854489170977429,0.008965674214918902,True,False,7.416593605053083e-12,2.797092716068468e-11,scale:scale_muR0p5_muF1,decay_model:decay_chpt_spectator,False,False,1.435350489698756e-09,False,1.4187548357895406e-09,False,1.5313717784314386e-09,1.342929069435095e-09,1.2532305272829932e-09,4.633239580241096e-08,False,False,,False,,False,,False,,1.2532305272829932e-09,1.6689588690813476e-09,scale_muR2_muF1,scale_muR0p5_muF1,-0.058926996543547716,0.06548767196654381,1.3591740571318826e-09,1.5628199266098889e-09,-0.0236828853447566,0.03695097821883664,0.03194317232685214,100.0,1.4167918405230482e-09,1.4511451298451184e-09,mb_dn,mb_up,-0.005651914771753752,0.004752886840455162,4.633239580241096e-08,1.5089267959162633,1.43535048969875e-09,4.633239580241096e-08,0.028513782224210082,0.03317328442055434,0.07937731016030436,2.0,False,False,0.5065576989437314,0.8977647147550608,5.869388651496046,0.02198468773325122,True,False,scale:scale_muR2_muF1,decay_model:decay_chpt_spectator,False
0.975,True,True,single_source_variation_envelope,True,2,True,True,central_repeat_1;central_repeat_2,False,109,True,scale_muR0p5_muF0p5;scale_muR0p5_muF1;scale_muR1_muF0p5;scale_muR1_muF2;scale_muR2_muF1;scale_muR2_muF2;pdf_0001;pdf_0002;pdf_0003;pdf_0004;pdf_0005;pdf_0006;pdf_0007;pdf_0008;pdf_0009;pdf_0010;pdf_0011;pdf_0012;pdf_0013;pdf_0014;pdf_0015;pdf_0016;pdf_0017;pdf_0018;pdf_0019;pdf_0020;pdf_0021;pdf_0022;pdf_0023;pdf_0024;pdf_0025;pdf_0026;pdf_0027;pdf_0028;pdf_0029;pdf_0030;pdf_0031;pdf_0032;pdf_0033;pdf_0034;pdf_0035;pdf_0036;pdf_0037;pdf_0038;pdf_0039;pdf_0040;pdf_0041;pdf_0042;pdf_0043;pdf_0044;pdf_0045;pdf_0046;pdf_0047;pdf_0048;pdf_0049;pdf_0050;pdf_0051;pdf_0052;pdf_0053;pdf_0054;pdf_0055;pdf_0056;pdf_0057;pdf_0058;pdf_0059;pdf_0060;pdf_0061;pdf_0062;pdf_0063;pdf_0064;pdf_0065;pdf_0066;pdf_0067;pdf_0068;pdf_0069;pdf_0070;pdf_0071;pdf_0072;pdf_0073;pdf_0074;pdf_0075;pdf_0076;pdf_0077;pdf_0078;pdf_0079;pdf_0080;pdf_0081;pdf_0082;pdf_0083;pdf_0084;pdf_0085;pdf_0086;pdf_0087;pdf_0088;pdf_0089;pdf_0090;pdf_0091;pdf_0092;pdf_0093;pdf_0094;pdf_0095;pdf_0096;pdf_0097;pdf_0098;pdf_0099;pdf_0100;mb_dn;mb_up;decay_chpt_spectator,7.398794149799898e-12,False,7.32271210771221e-12,False,7.302915033284718e-12,7.559961623897813e-12,6.010622659349756e-12,1.0719832008882496e-11,scale_muR0p5_muF1,scale_muR1_muF0p5,-0.09024148022525402,0.1610270350627534,7.320682617975079e-12,7.672583313332831e-12,-0.004609365702638257,0.015780668456345737,0.011545727398654351,100.0,6.7835607979823396e-12,8.067915291460025e-12,mb_dn,mb_up,-0.03770322275424931,0.03760038522566944,2.7701377359127544e-11,0.5733404189612674,7.398794149799928e-12,2.7701377359127544e-11,0.007511671556524213,0.013847630735076777,0.03239913200134348,2.0,False,False,0.085995688423874,0.8775059670877475,0.3672797634657396,0.02415254581242469,True,False,6.010622659349756e-12,2.7701377359127544e-11,scale:scale_muR0p5_muF1,decay_model:decay_chpt_spectator,False,False,6.856886640670463e-10,False,7.139101141801801e-10,False,6.785513293693564e-10,6.867303754935674e-10,5.937793174327226e-10,3.7458997021560754e-08,False,False,,False,,False,,False,,5.937793174327226e-10,7.261496382389528e-10,scale_muR2_muF1,scale_muR0p5_muF1,-0.06250190354292862,0.024899155647819526,6.426854278518185e-10,7.151646064644233e-10,-0.02812851678995898,0.018279043374677784,0.02570375984000319,100.0,6.301707388703502e-10,6.856886640670464e-10,mb_up,central,-0.03666873626058198,0.0,3.7458997021560754e-08,1.7374291751129123,6.856886640670464e-10,3.7458997021560754e-08,0.019459053170170826,0.0220608291121831,0.049528342726209984,2.0,False,False,0.3529625157261156,0.7842869667432355,0.6016250179829068,0.012697397642553924,True,False,scale:scale_muR2_muF1,decay_model:decay_chpt_spectator,False
1.0,True,True,single_source_variation_envelope,True,2,True,True,central_repeat_1;central_repeat_2,False,109,True,scale_muR0p5_muF0p5;scale_muR0p5_muF1;scale_muR1_muF0p5;scale_muR1_muF2;scale_muR2_muF1;scale_muR2_muF2;pdf_0001;pdf_0002;pdf_0003;pdf_0004;pdf_0005;pdf_0006;pdf_0007;pdf_0008;pdf_0009;pdf_0010;pdf_0011;pdf_0012;pdf_0013;pdf_0014;pdf_0015;pdf_0016;pdf_0017;pdf_0018;pdf_0019;pdf_0020;pdf_0021;pdf_0022;pdf_0023;pdf_0024;pdf_0025;pdf_0026;pdf_0027;pdf_0028;pdf_0029;pdf_0030;pdf_0031;pdf_0032;pdf_0033;pdf_0034;pdf_0035;pdf_0036;pdf_0037;pdf_0038;pdf_0039;pdf_0040;pdf_0041;pdf_0042;pdf_0043;pdf_0044;pdf_0045;pdf_0046;pdf_0047;pdf_0048;pdf_0049;pdf_0050;pdf_0051;pdf_0052;pdf_0053;pdf_0054;pdf_0055;pdf_0056;pdf_0057;pdf_0058;pdf_0059;pdf_0060;pdf_0061;pdf_0062;pdf_0063;pdf_0064;pdf_0065;pdf_0066;pdf_0067;pdf_0068;pdf_0069;pdf_0070;pdf_0071;pdf_0072;pdf_0073;pdf_0074;pdf_0075;pdf_0076;pdf_0077;pdf_0078;pdf_0079;pdf_0080;pdf_0081;pdf_0082;pdf_0083;pdf_0084;pdf_0085;pdf_0086;pdf_0087;pdf_0088;pdf_0089;pdf_0090;pdf_0091;pdf_0092;pdf_0093;pdf_0094;pdf_0095;pdf_0096;pdf_0097;pdf_0098;pdf_0099;pdf_0100;mb_dn;mb_up;decay_chpt_spectator,9.440179739088214e-12,False,9.402945457637317e-12,False,9.484727405505285e-12,9.45477969727814e-12,7.777583864413238e-12,1.3463890159143079e-11,scale_muR0p5_muF1,scale_muR1_muF0p5,-0.08413556052247806,0.15419029667434891,9.306055202530949e-12,9.691497389156668e-12,-0.0062146388611239445,0.011410619844248515,0.009616681857521845,100.0,8.94282625559611e-12,1.0296405377898532e-11,mb_dn,mb_up,-0.023505470047895827,0.03770536950703196,2.2386433733993565e-11,0.37500465064551847,9.440179739088175e-12,2.2386433733993565e-11,0.003074216820601272,0.003760936659602976,0.008697481893989334,2.0,False,False,0.02439152619017332,0.3295996809059118,0.09974538663257418,0.010029040048247522,True,False,7.777583864413238e-12,2.2386433733993565e-11,scale:scale_muR0p5_muF1,decay_model:decay_chpt_spectator,False,False,1.2193856457151615e-09,False,1.2600055939217788e-09,False,1.2010839121060045e-09,1.333913922306114e-09,1.0511214751055208e-09,1.5125875186971448e-08,False,False,,False,,False,,False,,1.0511214751055208e-09,1.3091890516070763e-09,scale_muR2_muF1,scale_muR0p5_muF1,-0.06448816921538203,0.030861286447816383,1.1146648983375176e-09,1.2309944208083525e-09,-0.038996753242933835,0.004115006282162881,0.025782303436603038,100.0,1.1283432153472258e-09,1.2193856457151667e-09,mb_up,central,-0.033699856453306865,0.0,1.5125875186971448e-08,1.093579434123897,1.2193856457151667e-09,1.5125875186971448e-08,0.02277722776346014,0.02475533217146797,0.05865714306417891,2.0,False,False,0.3838740108869955,0.634804954588203,0.7345827186465301,0.022636976701468692,True,False,scale:scale_muR2_muF1,decay_model:decay_chpt_spectator,False
1.05,True,True,single_source_variation_envelope,True,2,True,True,central_repeat_1;central_repeat_2,False,109,True,scale_muR0p5_muF0p5;scale_muR0p5_muF1;scale_muR1_muF0p5;scale_muR1_muF2;scale_muR2_muF1;scale_muR2_muF2;pdf_0001;pdf_0002;pdf_0003;pdf_0004;pdf_0005;pdf_0006;pdf_0007;pdf_0008;pdf_0009;pdf_0010;pdf_0011;pdf_0012;pdf_0013;pdf_0014;pdf_0015;pdf_0016;pdf_0017;pdf_0018;pdf_0019;pdf_0020;pdf_0021;pdf_0022;pdf_0023;pdf_0024;pdf_0025;pdf_0026;pdf_0027;pdf_0028;pdf_0029;pdf_0030;pdf_0031;pdf_0032;pdf_0033;pdf_0034;pdf_0035;pdf_0036;pdf_0037;pdf_0038;pdf_0039;pdf_0040;pdf_0041;pdf_0042;pdf_0043;pdf_0044;pdf_0045;pdf_0046;pdf_0047;pdf_0048;pdf_0049;pdf_0050;pdf_0051;pdf_0052;pdf_0053;pdf_0054;pdf_0055;pdf_0056;pdf_0057;pdf_0058;pdf_0059;pdf_0060;pdf_0061;pdf_0062;pdf_0063;pdf_0064;pdf_0065;pdf_0066;pdf_0067;pdf_0068;pdf_0069;pdf_0070;pdf_0071;pdf_0072;pdf_0073;pdf_0074;pdf_0075;pdf_0076;pdf_0077;pdf_0078;pdf_0079;pdf_0080;pdf_0081;pdf_0082;pdf_0083;pdf_0084;pdf_0085;pdf_0086;pdf_0087;pdf_0088;pdf_0089;pdf_0090;pdf_0091;pdf_0092;pdf_0093;pdf_0094;pdf_0095;pdf_0096;pdf_0097;pdf_0098;pdf_0099;pdf_0100;mb_dn;mb_up;decay_chpt_spectator,1.3471408649851867e-11,False,1.3427836582610845e-11,False,1.3137518013941917e-11,1.3199950666068532e-11,1.0981131131967386e-11,1.8642170858633437e-11,scale_muR0p5_muF1,scale_muR1_muF0p5,-0.08876593275270928,0.141083473551868,1.3092946975435037e-11,1.3627609079117989e-11,-0.012375601436383832,0.005006656438695245,0.009982532856082861,100.0,1.2042590474162906e-11,1.4600950510385772e-11,mb_dn,mb_up,-0.04869309269944999,0.03496811844665437,1.9874299477059692e-11,0.16887881923852532,1.3471408649851924e-11,1.9874299477059692e-11,0.0084632309261643,0.009492722690369604,0.02162065101722277,2.0,False,False,0.06728444127000952,0.767051422847324,0.19495008766360056,0.056210262087171704,True,False,1.0981131131967386e-11,1.9874299477059692e-11,scale:scale_muR0p5_muF1,decay_model:decay_chpt_spectator,False,False,3.025098342656642e-09,False,3.2009151267101726e-09,False,3.349313565762797e-09,3.361703671221847e-09,2.5294155761436657e-09,8.647042795973202e-09,False,False,,False,,False,,False,,2.5294155761436657e-09,3.551183269667801e-09,scale_muR2_muF1,scale_muR0p5_muF1,-0.07771930904282343,0.06963358831507094,2.7082472258770004e-09,3.1107420949912032e-09,-0.04805119069875907,0.012124508510529708,0.0334038451989025,100.0,2.8366619078741624e-09,3.02509834265663e-09,mb_dn,central,-0.02793192086737939,0.0,8.647042795973202e-09,0.45612811073345405,3.02509834265663e-09,8.647042795973202e-09,0.020483459617912203,0.021285269590210376,0.05023205494265315,2.0,False,False,0.27387363388012326,0.4429707002195072,0.7620410243632266,0.04666511247461522,True,False,scale:scale_muR2_muF1,decay_model:decay_chpt_spectator,False
1.1,True,True,single_source_variation_envelope,True,2,True,True,central_repeat_1;central_repeat_2,False,109,True,scale_muR0p5_muF0p5;scale_muR0p5_muF1;scale_muR1_muF0p5;scale_muR1_muF2;scale_muR2_muF1;scale_muR2_muF2;pdf_0001;pdf_0002;pdf_0003;pdf_0004;pdf_0005;pdf_0006;pdf_0007;pdf_0008;pdf_0009;pdf_0010;pdf_0011;pdf_0012;pdf_0013;pdf_0014;pdf_0015;pdf_0016;pdf_0017;pdf_0018;pdf_0019;pdf_0020;pdf_0021;pdf_0022;pdf_0023;pdf_0024;pdf_0025;pdf_0026;pdf_0027;pdf_0028;pdf_0029;pdf_0030;pdf_0031;pdf_0032;pdf_0033;pdf_0034;pdf_0035;pdf_0036;pdf_0037;pdf_0038;pdf_0039;pdf_0040;pdf_0041;pdf_0042;pdf_0043;pdf_0044;pdf_0045;pdf_0046;pdf_0047;pdf_0048;pdf_0049;pdf_0050;pdf_0051;pdf_0052;pdf_0053;pdf_0054;pdf_0055;pdf_0056;pdf_0057;pdf_0058;pdf_0059;pdf_0060;pdf_0061;pdf_0062;pdf_0063;pdf_0064;pdf_0065;pdf_0066;pdf_0067;pdf_0068;pdf_0069;pdf_0070;pdf_0071;pdf_0072;pdf_0073;pdf_0074;pdf_0075;pdf_0076;pdf_0077;pdf_0078;pdf_0079;pdf_0080;pdf_0081;pdf_0082;pdf_0083;pdf_0084;pdf_0085;pdf_0086;pdf_0087;pdf_0088;pdf_0089;pdf_0090;pdf_0091;pdf_0092;pdf_0093;pdf_0094;pdf_0095;pdf_0096;pdf_0097;pdf_0098;pdf_0099;pdf_0100;mb_dn;mb_up;decay_chpt_spectator,1.611227716857188e-11,False,1.6535971761812005e-11,False,1.6284457880477936e-11,1.643059398883867e-11,1.3331220128241506e-11,2.2045170064261915e-11,scale_muR0p5_muF1,scale_muR1_muF0p5,-0.08228702449223313,0.13615652932985256,1.56274869337492e-11,1.630616533853319e-11,-0.013267779688755255,0.005194917449921732,0.010146231831096955,100.0,1.4876775604648746e-11,1.720165480084292e-11,mb_dn,mb_up,-0.03464811181172145,0.028413303941000834,1.72172940765816e-11,0.028807973263754505,1.6112277168571815e-11,1.72172940765816e-11,0.004716437341580004,0.006656416769118323,0.015210105880496982,2.0,False,False,0.048887973289863315,0.5016978669580855,0.1921148490079179,0.23106161298383546,True,False,1.3331220128241506e-11,2.2045170064261915e-11,scale:scale_muR0p5_muF1,scale:scale_muR1_muF0p5,False,False,5.108182973260457e-09,False,5.414442918579687e-09,False,5.875334530599847e-09,5.229633643754099e-09,4.488467883988781e-09,5.808090303859377e-09,False,False,,False,,False,,False,,4.5042648872809295e-09,5.4215146302081864e-09,scale_muR1_muF2,scale_muR0p5_muF0p5,-0.05464252251109514,0.025854188934085087,4.488467883988781e-09,5.345841281006483e-09,-0.05616832308621156,0.019749615189553538,0.03723703987717256,100.0,5.039149590978145e-09,5.252316967477145e-09,mb_up,mb_dn,-0.005909194232472714,0.012084481924929946,5.808090303859377e-09,0.05576691498981745,5.108182973260477e-09,5.808090303859377e-09,0.025280666828374265,0.035478820014493095,0.08512262830190864,2.0,False,False,0.6492895712727965,0.6316517578785006,2.935899133689901,0.6361983627921899,True,False,pdf:p16,decay_model:decay_chpt_spectator,False
1.15,True,True,single_source_variation_envelope,True,2,True,True,central_repeat_1;central_repeat_2,False,109,True,scale_muR0p5_muF0p5;scale_muR0p5_muF1;scale_muR1_muF0p5;scale_muR1_muF2;scale_muR2_muF1;scale_muR2_muF2;pdf_0001;pdf_0002;pdf_0003;pdf_0004;pdf_0005;pdf_0006;pdf_0007;pdf_0008;pdf_0009;pdf_0010;pdf_0011;pdf_0012;pdf_0013;pdf_0014;pdf_0015;pdf_0016;pdf_0017;pdf_0018;pdf_0019;pdf_0020;pdf_0021;pdf_0022;pdf_0023;pdf_0024;pdf_0025;pdf_0026;pdf_0027;pdf_0028;pdf_0029;pdf_0030;pdf_0031;pdf_0032;pdf_0033;pdf_0034;pdf_0035;pdf_0036;pdf_0037;pdf_0038;pdf_0039;pdf_0040;pdf_0041;pdf_0042;pdf_0043;pdf_0044;pdf_0045;pdf_0046;pdf_0047;pdf_0048;pdf_0049;pdf_0050;pdf_0051;pdf_0052;pdf_0053;pdf_0054;pdf_0055;pdf_0056;pdf_0057;pdf_0058;pdf_0059;pdf_0060;pdf_0061;pdf_0062;pdf_0063;pdf_0064;pdf_0065;pdf_0066;pdf_0067;pdf_0068;pdf_0069;pdf_0070;pdf_0071;pdf_0072;pdf_0073;pdf_0074;pdf_0075;pdf_0076;pdf_0077;pdf_0078;pdf_0079;pdf_0080;pdf_0081;pdf_0082;pdf_0083;pdf_0084;pdf_0085;pdf_0086;pdf_0087;pdf_0088;pdf_0089;pdf_0090;pdf_0091;pdf_0092;pdf_0093;pdf_0094;pdf_0095;pdf_0096;pdf_0097;pdf_0098;pdf_0099;pdf_0100;mb_dn;mb_up;decay_chpt_spectator,1.8224107315681072e-11,False,1.8433899776596896e-11,False,1.838688732746213e-11,1.8469597412326712e-11,1.4961693318797567e-11,2.4524613831556434e-11,scale_muR0p5_muF1,scale_muR1_muF0p5,-0.08566551572329928,0.12895591347860424,1.7735348074078985e-11,1.850065140543335e-11,-0.011806547799226408,0.006540755964479672,0.008715649956064891,100.0,1.674188264492491e-11,1.966909639115576e-11,mb_dn,mb_up,-0.03684197081532048,0.03313814449833785,1.654224591878045e-11,-0.04205179135251491,1.654224591878045e-11,1.8224107315681146e-11,0.0009746071554923574,0.0011090071636434828,0.002550325742491588,2.0,False,False,0.008599893822065663,0.09393153549220777,0.030101732863387153,0.026372411922878966,True,False,1.4961693318797567e-11,2.4524613831556434e-11,scale:scale_muR0p5_muF1,scale:scale_muR1_muF0p5,False,False,6.592740120582831e-09,False,7.0021612531624245e-09,False,7.312145255717936e-09,8.02178044600012e-09,4.642824391841471e-09,7.309733678305556e-09,False,False,,False,,False,,False,,5.788201644961854e-09,7.309733678305556e-09,scale_muR2_muF1,scale_muR0p5_muF0p5,-0.05652230428308691,0.044835597614696354,5.545303061412579e-09,6.7114836943380744e-09,-0.0751406704567188,0.007752582785103712,0.03865795067423078,100.0,5.990315469673237e-09,6.592740120582858e-09,mb_up,central,-0.04161626224975379,0.0,4.642824391841471e-09,-0.15228369920177798,4.642824391841471e-09,6.592740120582858e-09,0.03892568274005903,0.05903866334764096,0.1456149260169064,2.0,False,False,1.0445197536878732,0.785708498324451,1.4186440625861407,0.3876886604219794,True,False,decay_model:decay_chpt_spectator,scale:scale_muR0p5_muF0p5,False
1.2,True,True,single_source_variation_envelope,True,2,True,True,central_repeat_1;central_repeat_2,False,109,True,scale_muR0p5_muF0p5;scale_muR0p5_muF1;scale_muR1_muF0p5;scale_muR1_muF2;scale_muR2_muF1;scale_muR2_muF2;pdf_0001;pdf_0002;pdf_0003;pdf_0004;pdf_0005;pdf_0006;pdf_0007;pdf_0008;pdf_0009;pdf_0010;pdf_0011;pdf_0012;pdf_0013;pdf_0014;pdf_0015;pdf_0016;pdf_0017;pdf_0018;pdf_0019;pdf_0020;pdf_0021;pdf_0022;pdf_0023;pdf_0024;pdf_0025;pdf_0026;pdf_0027;pdf_0028;pdf_0029;pdf_0030;pdf_0031;pdf_0032;pdf_0033;pdf_0034;pdf_0035;pdf_0036;pdf_0037;pdf_0038;pdf_0039;pdf_0040;pdf_0041;pdf_0042;pdf_0043;pdf_0044;pdf_0045;pdf_0046;pdf_0047;pdf_0048;pdf_0049;pdf_0050;pdf_0051;pdf_0052;pdf_0053;pdf_0054;pdf_0055;pdf_0056;pdf_0057;pdf_0058;pdf_0059;pdf_0060;pdf_0061;pdf_0062;pdf_0063;pdf_0064;pdf_0065;pdf_0066;pdf_0067;pdf_0068;pdf_0069;pdf_0070;pdf_0071;pdf_0072;pdf_0073;pdf_0074;pdf_0075;pdf_0076;pdf_0077;pdf_0078;pdf_0079;pdf_0080;pdf_0081;pdf_0082;pdf_0083;pdf_0084;pdf_0085;pdf_0086;pdf_0087;pdf_0088;pdf_0089;pdf_0090;pdf_0091;pdf_0092;pdf_0093;pdf_0094;pdf_0095;pdf_0096;pdf_0097;pdf_0098;pdf_0099;pdf_0100;mb_dn;mb_up;decay_chpt_spectator,1.902393377688846e-11,False,1.93313188457952e-11,False,1.886553993009732e-11,1.911211335418172e-11,1.5714880168419032e-11,2.5998070511832197e-11,scale_muR0p5_muF1,scale_muR1_muF0p5,-0.08298925176444172,0.13564079183092304,1.8540703929191033e-11,1.9347244687385556e-11,-0.011174106633713876,0.007318798796559278,0.00967118524358896,100.0,1.757913973503429e-11,2.0282175759003603e-11,mb_dn,mb_up,-0.03430270715794137,0.02781421637685,1.5257512929921885e-11,-0.09581657880992722,1.5257512929921885e-11,1.902393377688846e-11,0.007772508159082037,0.010592244844373155,0.024094523473197516,2.0,False,False,0.07809040850761506,0.947927668097854,0.30878743172085066,0.11054709921740317,True,False,1.5257512929921885e-11,2.5998070511832197e-11,decay_model:decay_chpt_spectator,scale:scale_muR1_muF0p5,False,False,7.206715906490956e-09,False,7.35051018674816e-09,False,6.825341794934478e-09,6.5723087424699714e-09,3.4725619840257863e-09,8.334050521203033e-09,False,False,,False,,False,,False,,6.450908333232782e-09,8.334050521203033e-09,scale_muR1_muF0p5,scale_muR0p5_muF1,-0.048116531564659226,0.06311872661115459,6.260610088136243e-09,7.777187764891332e-09,-0.06112074552809332,0.033085182046106,0.04723096878239738,100.0,6.434867470427563e-09,7.206715906490928e-09,mb_dn,central,-0.049197795418070456,0.0,3.4725619840257863e-09,-0.317087395736511,3.4725619840257863e-09,7.206715906490928e-09,0.04039630312173337,0.04859952701987069,0.10587039872159698,2.0,False,False,0.7699700172861534,0.7951396305781738,0.9878395283139045,0.15326855521010765,True,False,decay_model:decay_chpt_spectator,scale:scale_muR0p5_muF1,False
1.25,True,True,single_source_variation_envelope,True,2,True,True,central_repeat_1;central_repeat_2,False,109,True,scale_muR0p5_muF0p5;scale_muR0p5_muF1;scale_muR1_muF0p5;scale_muR1_muF2;scale_muR2_muF1;scale_muR2_muF2;pdf_0001;pdf_0002;pdf_0003;pdf_0004;pdf_0005;pdf_0006;pdf_0007;pdf_0008;pdf_0009;pdf_0010;pdf_0011;pdf_0012;pdf_0013;pdf_0014;pdf_0015;pdf_0016;pdf_0017;pdf_0018;pdf_0019;pdf_0020;pdf_0021;pdf_0022;pdf_0023;pdf_0024;pdf_0025;pdf_0026;pdf_0027;pdf_0028;pdf_0029;pdf_0030;pdf_0031;pdf_0032;pdf_0033;pdf_0034;pdf_0035;pdf_0036;pdf_0037;pdf_0038;pdf_0039;pdf_0040;pdf_0041;pdf_0042;pdf_0043;pdf_0044;pdf_0045;pdf_0046;pdf_0047;pdf_0048;pdf_0049;pdf_0050;pdf_0051;pdf_0052;pdf_0053;pdf_0054;pdf_0055;pdf_0056;pdf_0057;pdf_0058;pdf_0059;pdf_0060;pdf_0061;pdf_0062;pdf_0063;pdf_0064;pdf_0065;pdf_0066;pdf_0067;pdf_0068;pdf_0069;pdf_0070;pdf_0071;pdf_0072;pdf_0073;pdf_0074;pdf_0075;pdf_0076;pdf_0077;pdf_0078;pdf_0079;pdf_0080;pdf_0081;pdf_0082;pdf_0083;pdf_0084;pdf_0085;pdf_0086;pdf_0087;pdf_0088;pdf_0089;pdf_0090;pdf_0091;pdf_0092;pdf_0093;pdf_0094;pdf_0095;pdf_0096;pdf_0097;pdf_0098;pdf_0099;pdf_0100;mb_dn;mb_up;decay_chpt_spectator,1.913803686055551e-11,False,1.919041600873551e-11,False,1.9223746684339672e-11,1.9009324160754085e-11,1.5618661139133908e-11,2.6459431466349834e-11,scale_muR0p5_muF1,scale_muR1_muF0p5,-0.08825358411285755,0.14068312155488272,1.888340262948902e-11,1.9703239421446547e-11,-0.005817133506843319,0.012640247935101101,0.010061610593957437,100.0,1.793015383721428e-11,2.0596036893286484e-11,mb_dn,mb_up,-0.02831337097393316,0.031886274385438895,1.4550315291203881e-11,-0.11902498255023808,1.4550315291203881e-11,1.9138036860555513e-11,0.0024356791928399346,0.004117712797139461,0.009436577503009413,2.0,False,False,0.029269415915917647,0.32576202763435164,0.12913746985191363,0.0345953656863714,True,False,1.4550315291203881e-11,2.6459431466349834e-11,decay_model:decay_chpt_spectator,scale:scale_muR1_muF0p5,False,False,6.7969529872695914e-09,False,6.812851263140519e-09,False,8.27351398699274e-09,6.788301661804069e-09,2.93865630396568e-09,7.76942520184957e-09,False,False,,False,,False,,False,,6.507588905071874e-09,7.443294605222945e-09,scale_muR1_muF2,scale_muR0p5_muF1,-0.018894155986590278,0.03945094265331228,6.2095247096787234e-09,7.76942520184957e-09,-0.039255906413439234,0.05807462395279295,0.046125824905906075,100.0,6.436387569808553e-09,6.892301990730547e-09,mb_up,mb_dn,-0.023672078591427947,0.006050032058039889,2.93865630396568e-09,-0.3641654707115247,2.93865630396568e-09,6.796952987269591e-09,0.042964435991735606,0.08436109783513146,0.21439815246735594,2.0,False,False,2.1383797740013835,1.4526327007077302,3.563738499317082,0.23165594934166198,True,False,decay_model:decay_chpt_spectator,pdf:p84,False
1.3,True,True,single_source_variation_envelope,True,2,True,True,central_repeat_1;central_repeat_2,False,109,True,scale_muR0p5_muF0p5;scale_muR0p5_muF1;scale_muR1_muF0p5;scale_muR1_muF2;scale_muR2_muF1;scale_muR2_muF2;pdf_0001;pdf_0002;pdf_0003;pdf_0004;pdf_0005;pdf_0006;pdf_0007;pdf_0008;pdf_0009;pdf_0010;pdf_0011;pdf_0012;pdf_0013;pdf_0014;pdf_0015;pdf_0016;pdf_0017;pdf_0018;pdf_0019;pdf_0020;pdf_0021;pdf_0022;pdf_0023;pdf_0024;pdf_0025;pdf_0026;pdf_0027;pdf_0028;pdf_0029;pdf_0030;pdf_0031;pdf_0032;pdf_0033;pdf_0034;pdf_0035;pdf_0036;pdf_0037;pdf_0038;pdf_0039;pdf_0040;pdf_0041;pdf_0042;pdf_0043;pdf_0044;pdf_0045;pdf_0046;pdf_0047;pdf_0048;pdf_0049;pdf_0050;pdf_0051;pdf_0052;pdf_0053;pdf_0054;pdf_0055;pdf_0056;pdf_0057;pdf_0058;pdf_0059;pdf_0060;pdf_0061;pdf_0062;pdf_0063;pdf_0064;pdf_0065;pdf_0066;pdf_0067;pdf_0068;pdf_0069;pdf_0070;pdf_0071;pdf_0072;pdf_0073;pdf_0074;pdf_0075;pdf_0076;pdf_0077;pdf_0078;pdf_0079;pdf_0080;pdf_0081;pdf_0082;pdf_0083;pdf_0084;pdf_0085;pdf_0086;pdf_0087;pdf_0088;pdf_0089;pdf_0090;pdf_0091;pdf_0092;pdf_0093;pdf_0094;pdf_0095;pdf_0096;pdf_0097;pdf_0098;pdf_0099;pdf_0100;mb_dn;mb_up;decay_chpt_spectator,1.8449008816764703e-11,False,1.8704273389988596e-11,False,1.8315400257713547e-11,1.8592861583842385e-11,1.508893164610115e-11,2.537380228449813e-11,scale_muR0p5_muF1,scale_muR1_muF0p5,-0.08731454725109167,0.13841251306278757,1.793262175272917e-11,1.8682985233096393e-11,-0.012329250269480951,0.005473232128689887,0.009088521869532271,100.0,1.6612169024157312e-11,1.974007248103838e-11,mb_dn,mb_up,-0.04554669712504378,0.029375704556883875,1.4297159784671785e-11,-0.11072326754311135,1.4297159784671785e-11,1.8449008816764703e-11,0.0058595166191990344,0.00912442769683075,0.020790603525031592,2.0,False,False,0.06592198562778546,0.7400634667475916,0.200331270383461,0.08240750024179021,True,False,1.4297159784671785e-11,2.537380228449813e-11,decay_model:decay_chpt_spectator,scale:scale_muR1_muF0p5,False,False,5.749776882151784e-09,False,6.147147234831766e-09,False,5.44518012206135e-09,5.7655039587748535e-09,2.0837729626749277e-09,7.105786980173365e-09,False,False,,False,,False,,False,,4.9379697880824015e-09,7.105786980173365e-09,scale_muR1_muF2,scale_muR0p5_muF0p5,-0.06610256392305125,0.0919611915242573,4.964656852544028e-09,6.0241671910475485e-09,-0.06376175611253565,0.020246024114330297,0.042416151090604114,100.0,5.074752192847051e-09,5.764006802281887e-09,mb_up,mb_dn,-0.054236152484579137,0.0010734922778414813,2.0837729626749277e-09,-0.4408005937059407,2.0837729626749277e-09,5.749776882151784e-09,0.04024885279757573,0.052661364918890285,0.11419396444465135,2.0,False,False,0.5726477011229176,0.8259083207486656,0.9709642462905789,0.11946754535004285,True,False,decay_model:decay_chpt_spectator,scale:scale_muR0p5_muF0p5,False
1.35,True,True,single_source_variation_envelope,True,2,True,True,central_repeat_1;central_repeat_2,False,109,True,scale_muR0p5_muF0p5;scale_muR0p5_muF1;scale_muR1_muF0p5;scale_muR1_muF2;scale_muR2_muF1;scale_muR2_muF2;pdf_0001;pdf_0002;pdf_0003;pdf_0004;pdf_0005;pdf_0006;pdf_0007;pdf_0008;pdf_0009;pdf_0010;pdf_0011;pdf_0012;pdf_0013;pdf_0014;pdf_0015;pdf_0016;pdf_0017;pdf_0018;pdf_0019;pdf_0020;pdf_0021;pdf_0022;pdf_0023;pdf_0024;pdf_0025;pdf_0026;pdf_0027;pdf_0028;pdf_0029;pdf_0030;pdf_0031;pdf_0032;pdf_0033;pdf_0034;pdf_0035;pdf_0036;pdf_0037;pdf_0038;pdf_0039;pdf_0040;pdf_0041;pdf_0042;pdf_0043;pdf_0044;pdf_0045;pdf_0046;pdf_0047;pdf_0048;pdf_0049;pdf_0050;pdf_0051;pdf_0052;pdf_0053;pdf_0054;pdf_0055;pdf_0056;pdf_0057;pdf_0058;pdf_0059;pdf_0060;pdf_0061;pdf_0062;pdf_0063;pdf_0064;pdf_0065;pdf_0066;pdf_0067;pdf_0068;pdf_0069;pdf_0070;pdf_0071;pdf_0072;pdf_0073;pdf_0074;pdf_0075;pdf_0076;pdf_0077;pdf_0078;pdf_0079;pdf_0080;pdf_0081;pdf_0082;pdf_0083;pdf_0084;pdf_0085;pdf_0086;pdf_0087;pdf_0088;pdf_0089;pdf_0090;pdf_0091;pdf_0092;pdf_0093;pdf_0094;pdf_0095;pdf_0096;pdf_0097;pdf_0098;pdf_0099;pdf_0100;mb_dn;mb_up;decay_chpt_spectator,1.8426124310224295e-11,False,1.810496575056999e-11,False,1.8093104801723306e-11,1.8276793421861027e-11,1.5300118762090082e-11,2.518299824358696e-11,scale_muR0p5_muF1,scale_muR1_muF0p5,-0.08073919486870551,0.13567343842310464,1.822088436041922e-11,1.8960962992335495e-11,-0.004864544901339585,0.012426393811777459,0.009637147144203403,100.0,1.7182608111116266e-11,1.949962994742783e-11,mb_dn,mb_up,-0.030344911642341543,0.024592372887997982,1.3872608559961485e-11,-0.12327586469936946,1.3872608559961485e-11,1.8426124310224298e-11,0.002193452176856958,0.004102295547774304,0.009490637743163388,2.0,False,False,0.03023654147380774,0.3301275985544768,0.1351889106195385,0.03327736177538478,True,False,1.3872608559961485e-11,2.518299824358696e-11,decay_model:decay_chpt_spectator,scale:scale_muR1_muF0p5,False,False,5.3343973540015525e-09,False,5.141157360007359e-09,False,5.3398077622800216e-09,5.089352482508627e-09,2.0647019125831446e-09,6.214818146202331e-09,False,False,,False,,False,,False,,4.8352587925751e-09,5.724613808174806e-09,scale_muR1_muF2,scale_muR0p5_muF0p5,-0.04266563938948842,0.03066083105623285,5.035439426927604e-09,6.214818146202331e-09,-0.025047986672714018,0.06634306240600019,0.04316952129537861,100.0,4.961843154272336e-09,5.441735258354383e-09,mb_dn,mb_up,-0.03144233078541525,0.00865204670662223,2.0647019125831446e-09,-0.4122280026495151,2.0647019125831446e-09,5.334397354001574e-09,0.010431545848116563,0.016464725420615167,0.03863923789183099,2.0,False,False,0.385901293317348,0.24817554124734026,0.52364837495611,0.03994082234780596,True,False,decay_model:decay_chpt_spectator,pdf:p84,False
1.4,True,True,single_source_variation_envelope,True,2,True,True,central_repeat_1;central_repeat_2,False,109,True,scale_muR0p5_muF0p5;scale_muR0p5_muF1;scale_muR1_muF0p5;scale_muR1_muF2;scale_muR2_muF1;scale_muR2_muF2;pdf_0001;pdf_0002;pdf_0003;pdf_0004;pdf_0005;pdf_0006;pdf_0007;pdf_0008;pdf_0009;pdf_0010;pdf_0011;pdf_0012;pdf_0013;pdf_0014;pdf_0015;pdf_0016;pdf_0017;pdf_0018;pdf_0019;pdf_0020;pdf_0021;pdf_0022;pdf_0023;pdf_0024;pdf_0025;pdf_0026;pdf_0027;pdf_0028;pdf_0029;pdf_0030;pdf_0031;pdf_0032;pdf_0033;pdf_0034;pdf_0035;pdf_0036;pdf_0037;pdf_0038;pdf_0039;pdf_0040;pdf_0041;pdf_0042;pdf_0043;pdf_0044;pdf_0045;pdf_0046;pdf_0047;pdf_0048;pdf_0049;pdf_0050;pdf_0051;pdf_0052;pdf_0053;pdf_0054;pdf_0055;pdf_0056;pdf_0057;pdf_0058;pdf_0059;pdf_0060;pdf_0061;pdf_0062;pdf_0063;pdf_0064;pdf_0065;pdf_0066;pdf_0067;pdf_0068;pdf_0069;pdf_0070;pdf_0071;pdf_0072;pdf_0073;pdf_0074;pdf_0075;pdf_0076;pdf_0077;pdf_0078;pdf_0079;pdf_0080;pdf_0081;pdf_0082;pdf_0083;pdf_0084;pdf_0085;pdf_0086;pdf_0087;pdf_0088;pdf_0089;pdf_0090;pdf_0091;pdf_0092;pdf_0093;pdf_0094;pdf_0095;pdf_0096;pdf_0097;pdf_0098;pdf_0099;pdf_0100;mb_dn;mb_up;decay_chpt_spectator,1.8105540873860108e-11,False,1.8341439296615896e-11,False,1.8135640355915175e-11,1.8389879372213674e-11,1.498887399019304e-11,2.502155431043849e-11,scale_muR0p5_muF1,scale_muR1_muF0p5,-0.08204249464351143,0.14050278087894696,1.775320126270763e-11,1.847450732607927e-11,-0.008534826627647263,0.008761362361044078,0.009686401722106646,100.0,1.6495651176058315e-11,1.991859455609276e-11,mb_dn,mb_up,-0.04044203893097098,0.04144718841975248,1.2984517150059211e-11,-0.14438569886077346,1.2984517150059211e-11,1.8105540873860108e-11,0.0030229928533112016,0.004900517997150189,0.011220435723312772,2.0,False,False,0.034878441312647966,0.5593328748665295,0.11823523341367952,0.03394046665158717,True,False,1.2984517150059211e-11,2.502155431043849e-11,decay_model:decay_chpt_spectator,scale:scale_muR1_muF0p5,False,False,5.327658181225537e-09,False,5.3948206130717445e-09,False,5.558806261999601e-09,4.650617297638999e-09,1.7871047750883733e-09,5.779440587886473e-09,False,False,,False,,False,,False,,4.806783578581413e-09,5.48978761966447e-09,scale_muR1_muF2,scale_muR0p5_muF0p5,-0.04468178420752622,0.013019190438164685,4.7423716848414344e-09,5.779440587886473e-09,-0.050540764089909374,0.03534945055481664,0.045771281273655276,100.0,4.470799765884805e-09,5.327658181225537e-09,mb_dn,central,-0.07615113351261549,0.0,1.7871047750883733e-09,-0.4743863377883901,1.7871047750883733e-09,5.327658181225537e-09,0.03873546773701442,0.0644664056285773,0.13794774077001326,2.0,False,False,1.44278942239998,1.2755328651916489,0.8465587136388134,0.13589431333356375,True,False,decay_model:decay_chpt_spectator,pdf:p84,False
1.45,True,True,single_source_variation_envelope,True,2,True,True,central_repeat_1;central_repeat_2,False,109,True,scale_muR0p5_muF0p5;scale_muR0p5_muF1;scale_muR1_muF0p5;scale_muR1_muF2;scale_muR2_muF1;scale_muR2_muF2;pdf_0001;pdf_0002;pdf_0003;pdf_0004;pdf_0005;pdf_0006;pdf_0007;pdf_0008;pdf_0009;pdf_0010;pdf_0011;pdf_0012;pdf_0013;pdf_0014;pdf_0015;pdf_0016;pdf_0017;pdf_0018;pdf_0019;pdf_0020;pdf_0021;pdf_0022;pdf_0023;pdf_0024;pdf_0025;pdf_0026;pdf_0027;pdf_0028;pdf_0029;pdf_0030;pdf_0031;pdf_0032;pdf_0033;pdf_0034;pdf_0035;pdf_0036;pdf_0037;pdf_0038;pdf_0039;pdf_0040;pdf_0041;pdf_0042;pdf_0043;pdf_0044;pdf_0045;pdf_0046;pdf_0047;pdf_0048;pdf_0049;pdf_0050;pdf_0051;pdf_0052;pdf_0053;pdf_0054;pdf_0055;pdf_0056;pdf_0057;pdf_0058;pdf_0059;pdf_0060;pdf_0061;pdf_0062;pdf_0063;pdf_0064;pdf_0065;pdf_0066;pdf_0067;pdf_0068;pdf_0069;pdf_0070;pdf_0071;pdf_0072;pdf_0073;pdf_0074;pdf_0075;pdf_0076;pdf_0077;pdf_0078;pdf_0079;pdf_0080;pdf_0081;pdf_0082;pdf_0083;pdf_0084;pdf_0085;pdf_0086;pdf_0087;pdf_0088;pdf_0089;pdf_0090;pdf_0091;pdf_0092;pdf_0093;pdf_0094;pdf_0095;pdf_0096;pdf_0097;pdf_0098;pdf_0099;pdf_0100;mb_dn;mb_up;decay_chpt_spectator,1.8478934935710165e-11,False,1.8450152376627332e-11,False,1.8984299688902958e-11,1.8378537812441095e-11,1.527920724361297e-11,2.534370785718817e-11,scale_muR0p5_muF1,scale_muR1_muF0p5,-0.08257611471221082,0.13719321740747148,1.8125660879696382e-11,1.890341661029855e-11,-0.008383085975111726,0.00986336949076616,0.010255627956649659,100.0,1.7183469150395085e-11,2.001209160511127e-11,mb_dn,mb_up,-0.03156608876756373,0.03461554587641302,1.2622683194570694e-11,-0.16552525393425377,1.2622683194570694e-11,1.8478934935710243e-11,0.007041812466449748,0.01239462382581813,0.028950834734150055,2.0,False,False,0.09034429004609906,1.256631806952144,0.35806524242230153,0.07488056070731808,True,False,1.2622683194570694e-11,2.534370785718817e-11,decay_model:decay_chpt_spectator,scale:scale_muR1_muF0p5,False,False,5.300533838263969e-09,False,5.7087599206990695e-09,False,5.256135345771528e-09,5.0535264317743116e-09,1.2569667807658534e-09,5.3887414974399585e-09,False,False,,False,,False,,False,,4.28162983328935e-09,5.3436019353004854e-09,scale_muR2_muF2,scale_muR0p5_muF1,-0.09271049354859429,0.0035144871054946236,4.468401612650444e-09,5.3887414974399585e-09,-0.07416741148481876,0.007167739253754135,0.03866523785079727,100.0,4.740691116388774e-09,5.300533838263969e-09,mb_dn,central,-0.04847795193426663,0.0,1.2569667807658534e-09,-0.6249958110995255,1.2569667807658534e-09,5.300533838263969e-09,0.044411238652624974,0.05294723777364396,0.11477685136994176,2.0,False,False,0.5711029652311324,0.7138881715520256,1.0921921339712832,0.08471614822585194,True,False,decay_model:decay_chpt_spectator,pdf:p84,False
1.5,True,True,single_source_variation_envelope,True,2,True,True,central_repeat_1;central_repeat_2,False,109,True,scale_muR0p5_muF0p5;scale_muR0p5_muF1;scale_muR1_muF0p5;scale_muR1_muF2;scale_muR2_muF1;scale_muR2_muF2;pdf_0001;pdf_0002;pdf_0003;pdf_0004;pdf_0005;pdf_0006;pdf_0007;pdf_0008;pdf_0009;pdf_0010;pdf_0011;pdf_0012;pdf_0013;pdf_0014;pdf_0015;pdf_0016;pdf_0017;pdf_0018;pdf_0019;pdf_0020;pdf_0021;pdf_0022;pdf_0023;pdf_0024;pdf_0025;pdf_0026;pdf_0027;pdf_0028;pdf_0029;pdf_0030;pdf_0031;pdf_0032;pdf_0033;pdf_0034;pdf_0035;pdf_0036;pdf_0037;pdf_0038;pdf_0039;pdf_0040;pdf_0041;pdf_0042;pdf_0043;pdf_0044;pdf_0045;pdf_0046;pdf_0047;pdf_0048;pdf_0049;pdf_0050;pdf_0051;pdf_0052;pdf_0053;pdf_0054;pdf_0055;pdf_0056;pdf_0057;pdf_0058;pdf_0059;pdf_0060;pdf_0061;pdf_0062;pdf_0063;pdf_0064;pdf_0065;pdf_0066;pdf_0067;pdf_0068;pdf_0069;pdf_0070;pdf_0071;pdf_0072;pdf_0073;pdf_0074;pdf_0075;pdf_0076;pdf_0077;pdf_0078;pdf_0079;pdf_0080;pdf_0081;pdf_0082;pdf_0083;pdf_0084;pdf_0085;pdf_0086;pdf_0087;pdf_0088;pdf_0089;pdf_0090;pdf_0091;pdf_0092;pdf_0093;pdf_0094;pdf_0095;pdf_0096;pdf_0097;pdf_0098;pdf_0099;pdf_0100;mb_dn;mb_up;decay_chpt_spectator,1.8843720351787828e-11,False,1.8923012557160945e-11,False,1.8815783922590036e-11,1.879815078196719e-11,1.556802430326264e-11,2.5547839795830808e-11,scale_muR0p5_muF1,scale_muR1_muF0p5,-0.08293314961083276,0.1321875336281586,1.8310049488300043e-11,1.9092310222409313e-11,-0.012477132401315316,0.005691831895015653,0.009932573801355028,100.0,1.760095716868781e-11,2.0244971214763048e-11,mb_dn,mb_up,-0.029630364416423305,0.03115051309157124,1.2369163465005089e-11,-0.1828263215242174,1.2369163465005089e-11,1.884372035178791e-11,0.0026715546332631845,0.0028751487611380355,0.006598408938142564,2.0,False,False,0.021750528829940823,0.23043345767773873,0.09229860043351897,0.015726120490572742,True,False,1.2369163465005089e-11,2.5547839795830808e-11,decay_model:decay_chpt_spectator,scale:scale_muR1_muF0p5,False,False,5.318626386885047e-09,False,5.3857379569600385e-09,False,5.548958785992137e-09,5.40334012848348e-09,1.180229536051243e-09,5.87614301169503e-09,False,False,,False,,False,,False,,4.9096879637218754e-09,5.590380136588556e-09,scale_muR2_muF2,scale_muR0p5_muF1,-0.03474559254902232,0.021641856326306552,4.8257534068127055e-09,5.87614301169503e-09,-0.04223435792476771,0.0432928730979274,0.042750657636522915,100.0,5.299642959331427e-09,5.560344631386285e-09,mb_up,mb_dn,-0.001552872007497541,0.019302226214476192,1.180229536051243e-09,-0.6538330049141603,1.180229536051243e-09,5.318626386885047e-09,0.0071916837370853415,0.012966280178265066,0.030306121526237018,2.0,False,False,0.37317769613429475,0.2995014941358977,0.671750503501025,0.01983118025674976,True,False,decay_model:decay_chpt_spectator,pdf:p84,False
1.55,True,True,single_source_variation_envelope,True,2,True,True,central_repeat_1;central_repeat_2,False,109,True,scale_muR0p5_muF0p5;scale_muR0p5_muF1;scale_muR1_muF0p5;scale_muR1_muF2;scale_muR2_muF1;scale_muR2_muF2;pdf_0001;pdf_0002;pdf_0003;pdf_0004;pdf_0005;pdf_0006;pdf_0007;pdf_0008;pdf_0009;pdf_0010;pdf_0011;pdf_0012;pdf_0013;pdf_0014;pdf_0015;pdf_0016;pdf_0017;pdf_0018;pdf_0019;pdf_0020;pdf_0021;pdf_0022;pdf_0023;pdf_0024;pdf_0025;pdf_0026;pdf_0027;pdf_0028;pdf_0029;pdf_0030;pdf_0031;pdf_0032;pdf_0033;pdf_0034;pdf_0035;pdf_0036;pdf_0037;pdf_0038;pdf_0039;pdf_0040;pdf_0041;pdf_0042;pdf_0043;pdf_0044;pdf_0045;pdf_0046;pdf_0047;pdf_0048;pdf_0049;pdf_0050;pdf_0051;pdf_0052;pdf_0053;pdf_0054;pdf_0055;pdf_0056;pdf_0057;pdf_0058;pdf_0059;pdf_0060;pdf_0061;pdf_0062;pdf_0063;pdf_0064;pdf_0065;pdf_0066;pdf_0067;pdf_0068;pdf_0069;pdf_0070;pdf_0071;pdf_0072;pdf_0073;pdf_0074;pdf_0075;pdf_0076;pdf_0077;pdf_0078;pdf_0079;pdf_0080;pdf_0081;pdf_0082;pdf_0083;pdf_0084;pdf_0085;pdf_0086;pdf_0087;pdf_0088;pdf_0089;pdf_0090;pdf_0091;pdf_0092;pdf_0093;pdf_0094;pdf_0095;pdf_0096;pdf_0097;pdf_0098;pdf_0099;pdf_0100;mb_dn;mb_up;decay_chpt_spectator,1.867602631518444e-11,False,1.905746768073609e-11,False,1.8634939592779437e-11,1.8889588137741156e-11,1.513179000118787e-11,2.512326247490086e-11,scale_muR0p5_muF1,scale_muR1_muF0p5,-0.09139417166697505,0.12879155846061074,1.7997530145646956e-11,1.8716381683855848e-11,-0.01607156752081984,0.0009374159981430097,0.009233249921305395,100.0,1.7118432481805133e-11,1.9330414473746663e-11,mb_dn,mb_up,-0.03782048295662577,0.014956688872903356,1.1725766777225233e-11,-0.20214322527713158,1.1725766777225233e-11,1.8676026315184442e-11,0.006789952883424988,0.009737202650939025,0.0221712608954735,2.0,False,False,0.07560435456580816,0.6058651490170458,0.25745844287885183,0.04816981938222093,True,False,1.1725766777225233e-11,2.512326247490086e-11,decay_model:decay_chpt_spectator,scale:scale_muR1_muF0p5,False,False,5.339636445899545e-09,False,5.585484722890993e-09,False,5.392294841837277e-09,5.0263134898117145e-09,9.95841000506245e-10,5.592275869448836e-09,False,False,,False,,False,,False,,4.453407451347505e-09,5.592275869448836e-09,scale_muR2_muF1,scale_muR0p5_muF0p5,-0.07881925725390282,0.020076898512984442,4.59203484808857e-09,5.385909792389096e-09,-0.06550651351094494,0.0037473865256476557,0.03743015883293807,100.0,4.244153326486193e-09,5.3396364458995665e-09,mb_dn,central,-0.09972062363187995,0.0,9.95841000506245e-10,-0.7293216857256795,9.95841000506245e-10,5.3396364458995665e-09,0.030549266983268986,0.04581129636119741,0.10011149628386362,2.0,False,False,0.5812195896952456,0.6993395603865129,0.4593964086136328,0.06281356671249243,True,False,decay_model:decay_chpt_spectator,scale:scale_muR0p5_muF0p5,False
1.6,True,True,single_source_variation_envelope,True,2,True,True,central_repeat_1;central_repeat_2,False,109,True,scale_muR0p5_muF0p5;scale_muR0p5_muF1;scale_muR1_muF0p5;scale_muR1_muF2;scale_muR2_muF1;scale_muR2_muF2;pdf_0001;pdf_0002;pdf_0003;pdf_0004;pdf_0005;pdf_0006;pdf_0007;pdf_0008;pdf_0009;pdf_0010;pdf_0011;pdf_0012;pdf_0013;pdf_0014;pdf_0015;pdf_0016;pdf_0017;pdf_0018;pdf_0019;pdf_0020;pdf_0021;pdf_0022;pdf_0023;pdf_0024;pdf_0025;pdf_0026;pdf_0027;pdf_0028;pdf_0029;pdf_0030;pdf_0031;pdf_0032;pdf_0033;pdf_0034;pdf_0035;pdf_0036;pdf_0037;pdf_0038;pdf_0039;pdf_0040;pdf_0041;pdf_0042;pdf_0043;pdf_0044;pdf_0045;pdf_0046;pdf_0047;pdf_0048;pdf_0049;pdf_0050;pdf_0051;pdf_0052;pdf_0053;pdf_0054;pdf_0055;pdf_0056;pdf_0057;pdf_0058;pdf_0059;pdf_0060;pdf_0061;pdf_0062;pdf_0063;pdf_0064;pdf_0065;pdf_0066;pdf_0067;pdf_0068;pdf_0069;pdf_0070;pdf_0071;pdf_0072;pdf_0073;pdf_0074;pdf_0075;pdf_0076;pdf_0077;pdf_0078;pdf_0079;pdf_0080;pdf_0081;pdf_0082;pdf_0083;pdf_0084;pdf_0085;pdf_0086;pdf_0087;pdf_0088;pdf_0089;pdf_0090;pdf_0091;pdf_0092;pdf_0093;pdf_0094;pdf_0095;pdf_0096;pdf_0097;pdf_0098;pdf_0099;pdf_0100;mb_dn;mb_up;decay_chpt_spectator,1.8312288526291948e-11,False,1.808977648672276e-11,False,1.7929370229866356e-11,1.8279731721370865e-11,1.5686180714248175e-11,2.5498830203616346e-11,scale_muR0p5_muF1,scale_muR1_muF0p5,-0.06722540837696833,0.1437776345782602,1.8306881977496715e-11,1.9057699790252678e-11,-0.00012824071614048194,0.017327858952258524,0.009429084788580143,100.0,1.7367094335161328e-11,2.012217401301975e-11,mb_dn,mb_up,-0.023015459105726777,0.04093227796868426,1.2074453421263253e-11,-0.18087514191383214,1.2074453421263253e-11,1.8312288526292022e-11,0.004202391200545108,0.004536616766770862,0.01050069550541588,2.0,False,False,0.031553007392825884,0.2618105779409958,0.11083225737501481,0.02508148283268289,True,False,1.2074453421263253e-11,2.5498830203616346e-11,decay_model:decay_chpt_spectator,scale:scale_muR1_muF0p5,False,False,5.038300651794128e-09,False,4.836370210640864e-09,False,5.482030497437493e-09,4.869574013715398e-09,9.51099740028392e-10,6.071901853050761e-09,False,False,,False,,False,,False,,4.673261681796852e-09,6.071901853050761e-09,scale_muR2_muF1,scale_muR0p5_muF0p5,-0.032663979442375535,0.08104066325584469,4.847684708648721e-09,5.8033832265948605e-09,-0.016749713951863754,0.06139717046105453,0.038710808883586696,100.0,4.865597535136507e-09,5.3410751549243506e-09,mb_up,mb_dn,-0.01514789690942564,0.025344609322853984,9.51099740028392e-10,-0.7240580167348618,9.51099740028392e-10,5.038300651794108e-09,0.02869667171742929,0.0544219097702463,0.13350100564594158,2.0,False,False,0.671538306620675,0.8863911701723652,2.1472775167685247,0.07516236062914101,True,False,decay_model:decay_chpt_spectator,scale:scale_muR0p5_muF0p5,False
1.65,True,True,single_source_variation_envelope,True,2,True,True,central_repeat_1;central_repeat_2,False,109,True,scale_muR0p5_muF0p5;scale_muR0p5_muF1;scale_muR1_muF0p5;scale_muR1_muF2;scale_muR2_muF1;scale_muR2_muF2;pdf_0001;pdf_0002;pdf_0003;pdf_0004;pdf_0005;pdf_0006;pdf_0007;pdf_0008;pdf_0009;pdf_0010;pdf_0011;pdf_0012;pdf_0013;pdf_0014;pdf_0015;pdf_0016;pdf_0017;pdf_0018;pdf_0019;pdf_0020;pdf_0021;pdf_0022;pdf_0023;pdf_0024;pdf_0025;pdf_0026;pdf_0027;pdf_0028;pdf_0029;pdf_0030;pdf_0031;pdf_0032;pdf_0033;pdf_0034;pdf_0035;pdf_0036;pdf_0037;pdf_0038;pdf_0039;pdf_0040;pdf_0041;pdf_0042;pdf_0043;pdf_0044;pdf_0045;pdf_0046;pdf_0047;pdf_0048;pdf_0049;pdf_0050;pdf_0051;pdf_0052;pdf_0053;pdf_0054;pdf_0055;pdf_0056;pdf_0057;pdf_0058;pdf_0059;pdf_0060;pdf_0061;pdf_0062;pdf_0063;pdf_0064;pdf_0065;pdf_0066;pdf_0067;pdf_0068;pdf_0069;pdf_0070;pdf_0071;pdf_0072;pdf_0073;pdf_0074;pdf_0075;pdf_0076;pdf_0077;pdf_0078;pdf_0079;pdf_0080;pdf_0081;pdf_0082;pdf_0083;pdf_0084;pdf_0085;pdf_0086;pdf_0087;pdf_0088;pdf_0089;pdf_0090;pdf_0091;pdf_0092;pdf_0093;pdf_0094;pdf_0095;pdf_0096;pdf_0097;pdf_0098;pdf_0099;pdf_0100;mb_dn;mb_up;decay_chpt_spectator,1.8418513290867878e-11,False,1.8250159351643202e-11,False,1.8487147270618884e-11,1.858737773903014e-11,1.5289394455816935e-11,2.526086757320072e-11,scale_muR0p5_muF1,scale_muR1_muF0p5,-0.0808642865084348,0.13719369031598383,1.8243319812093106e-11,1.8987395489708464e-11,-0.0041507002684895156,0.013210824627480022,0.009237566979528013,100.0,1.7425958185108156e-11,2.0380159925104777e-11,mb_dn,mb_up,-0.02405790423207499,0.04395301582573552,1.1528661010318655e-11,-0.20347570246758373,1.1528661010318655e-11,1.8418513290867953e-11,0.00677735203025609,0.007951464048922219,0.01847755851822619,2.0,False,False,0.05795794274946935,0.6018900616076809,0.18090826987727315,0.03907819927634351,True,False,1.1528661010318655e-11,2.526086757320072e-11,decay_model:decay_chpt_spectator,scale:scale_muR1_muF0p5,False,False,5.009384857908161e-09,False,4.691896077498385e-09,False,4.901887120734993e-09,5.222092103336196e-09,8.870583291120808e-10,5.9647731020288445e-09,False,False,,False,,False,,False,,5.0093848579081815e-09,5.8947154274517475e-09,central,scale_muR1_muF0p5,0.0,0.07067844531285061,5.005528487412834e-09,5.9647731020288445e-09,-0.00033446130811576325,0.07580952922596218,0.03740123038008298,100.0,4.937283862272821e-09,5.1752766565436245e-09,mb_dn,mb_up,-0.006296301583056163,0.01414917230099455,8.870583291120808e-10,-0.7518322205839709,8.870583291120808e-10,5.0093848579081815e-09,0.03275553256306374,0.04649614310956984,0.11300250838473391,2.0,False,False,0.65785463876235,0.6133284770966035,3.286138730977332,0.06184377556132787,True,False,decay_model:decay_chpt_spectator,pdf:p84,False
1.7,True,True,single_source_variation_envelope,True,2,True,True,central_repeat_1;central_repeat_2,False,109,True,scale_muR0p5_muF0p5;scale_muR0p5_muF1;scale_muR1_muF0p5;scale_muR1_muF2;scale_muR2_muF1;scale_muR2_muF2;pdf_0001;pdf_0002;pdf_0003;pdf_0004;pdf_0005;pdf_0006;pdf_0007;pdf_0008;pdf_0009;pdf_0010;pdf_0011;pdf_0012;pdf_0013;pdf_0014;pdf_0015;pdf_0016;pdf_0017;pdf_0018;pdf_0019;pdf_0020;pdf_0021;pdf_0022;pdf_0023;pdf_0024;pdf_0025;pdf_0026;pdf_0027;pdf_0028;pdf_0029;pdf_0030;pdf_0031;pdf_0032;pdf_0033;pdf_0034;pdf_0035;pdf_0036;pdf_0037;pdf_0038;pdf_0039;pdf_0040;pdf_0041;pdf_0042;pdf_0043;pdf_0044;pdf_0045;pdf_0046;pdf_0047;pdf_0048;pdf_0049;pdf_0050;pdf_0051;pdf_0052;pdf_0053;pdf_0054;pdf_0055;pdf_0056;pdf_0057;pdf_0058;pdf_0059;pdf_0060;pdf_0061;pdf_0062;pdf_0063;pdf_0064;pdf_0065;pdf_0066;pdf_0067;pdf_0068;pdf_0069;pdf_0070;pdf_0071;pdf_0072;pdf_0073;pdf_0074;pdf_0075;pdf_0076;pdf_0077;pdf_0078;pdf_0079;pdf_0080;pdf_0081;pdf_0082;pdf_0083;pdf_0084;pdf_0085;pdf_0086;pdf_0087;pdf_0088;pdf_0089;pdf_0090;pdf_0091;pdf_0092;pdf_0093;pdf_0094;pdf_0095;pdf_0096;pdf_0097;pdf_0098;pdf_0099;pdf_0100;mb_dn;mb_up;decay_chpt_spectator,1.8290768429380534e-11,False,1.8419898725657174e-11,False,1.874969863719079e-11,1.8320820222044453e-11,1.5392140356667565e-11,2.5097938270770085e-11,scale_muR0p5_muF1,scale_muR1_muF0p5,-0.07493293645992338,0.13740609542069748,1.815543525894783e-11,1.8894056601902853e-11,-0.003225286220276402,0.014093260677693564,0.009258496800182056,100.0,1.685175303662274e-11,1.980561692756099e-11,mb_dn,mb_up,-0.03558686549121148,0.03455642345954679,1.098241288351048e-11,-0.22153418441350503,1.098241288351048e-11,1.8290768429380538e-11,0.005024689312262964,0.007707053654719687,0.017904545320557963,2.0,False,False,0.05608960527641027,0.5468609309780387,0.21657017408917392,0.03478945551957829,True,False,1.098241288351048e-11,2.5097938270770085e-11,decay_model:decay_chpt_spectator,scale:scale_muR1_muF0p5,False,False,5.2632599288020665e-09,False,5.4787579952500845e-09,False,5.335280619924262e-09,5.603532037488126e-09,6.417449382998884e-10,6.017654416572863e-09,False,False,,False,,False,,False,,4.049925690837918e-09,6.017654416572863e-09,scale_muR2_muF1,scale_muR0p5_muF1,-0.11380776367161971,0.05817242493987962,4.7597603643177815e-09,5.658135958926134e-09,-0.04366973019444664,0.031418560472459944,0.039779489798280415,100.0,4.4125248359403676e-09,5.354280181038165e-09,mb_dn,mb_up,-0.07656765556993328,0.0074462749873500655,6.417449382998884e-10,-0.9138923665015835,6.417449382998884e-10,5.263259928802066e-09,0.010652296169367581,0.01152485047432883,0.02618793811484521,2.0,False,False,0.10126594269598838,0.2639093583361413,0.1505185236317256,0.01261073064703059,True,False,decay_model:decay_chpt_spectator,scale:scale_muR0p5_muF1,False
1.75,True,True,single_source_variation_envelope,True,2,True,True,central_repeat_1;central_repeat_2,False,109,True,scale_muR0p5_muF0p5;scale_muR0p5_muF1;scale_muR1_muF0p5;scale_muR1_muF2;scale_muR2_muF1;scale_muR2_muF2;pdf_0001;pdf_0002;pdf_0003;pdf_0004;pdf_0005;pdf_0006;pdf_0007;pdf_0008;pdf_0009;pdf_0010;pdf_0011;pdf_0012;pdf_0013;pdf_0014;pdf_0015;pdf_0016;pdf_0017;pdf_0018;pdf_0019;pdf_0020;pdf_0021;pdf_0022;pdf_0023;pdf_0024;pdf_0025;pdf_0026;pdf_0027;pdf_0028;pdf_0029;pdf_0030;pdf_0031;pdf_0032;pdf_0033;pdf_0034;pdf_0035;pdf_0036;pdf_0037;pdf_0038;pdf_0039;pdf_0040;pdf_0041;pdf_0042;pdf_0043;pdf_0044;pdf_0045;pdf_0046;pdf_0047;pdf_0048;pdf_0049;pdf_0050;pdf_0051;pdf_0052;pdf_0053;pdf_0054;pdf_0055;pdf_0056;pdf_0057;pdf_0058;pdf_0059;pdf_0060;pdf_0061;pdf_0062;pdf_0063;pdf_0064;pdf_0065;pdf_0066;pdf_0067;pdf_0068;pdf_0069;pdf_0070;pdf_0071;pdf_0072;pdf_0073;pdf_0074;pdf_0075;pdf_0076;pdf_0077;pdf_0078;pdf_0079;pdf_0080;pdf_0081;pdf_0082;pdf_0083;pdf_0084;pdf_0085;pdf_0086;pdf_0087;pdf_0088;pdf_0089;pdf_0090;pdf_0091;pdf_0092;pdf_0093;pdf_0094;pdf_0095;pdf_0096;pdf_0097;pdf_0098;pdf_0099;pdf_0100;mb_dn;mb_up;decay_chpt_spectator,1.8853038180362093e-11,False,1.893111864171743e-11,False,1.910415534982501e-11,1.8908488493517653e-11,1.5786858112065295e-11,2.5248105420381984e-11,scale_muR0p5_muF1,scale_muR1_muF0p5,-0.07708564137684704,0.1268474478338728,1.8448703500605156e-11,1.9267731049654994e-11,-0.009415495914549155,0.009449228503553897,0.009431565688897827,100.0,1.7384849270679323e-11,2.0181624225236717e-11,mb_dn,mb_up,-0.03521041740727604,0.02957476845924134,1.0922706675721926e-11,-0.2370510760117508,1.0922706675721926e-11,1.8853038180362016e-11,0.0022355137112173296,0.003951563801978253,0.009140331925566514,2.0,False,False,0.031152095445810334,0.4181890405647458,0.11222712177111777,0.016669672496160158,True,False,1.0922706675721926e-11,2.5248105420381984e-11,decay_model:decay_chpt_spectator,scale:scale_muR1_muF0p5,False,False,5.681249139343374e-09,False,5.625088338300086e-09,False,5.648830208360446e-09,4.61827002552809e-09,6.088531241663093e-10,6.300798768697796e-09,False,False,,False,,False,,False,,5.335754219079873e-09,5.78502957786343e-09,scale_muR1_muF2,scale_muR0p5_muF0p5,-0.027248018317941103,0.007861748992143092,5.2617373079331816e-09,6.300798768697796e-09,-0.03331467262167109,0.044951774813739576,0.03810507798867303,100.0,5.506119789089843e-09,5.681249139343397e-09,mb_dn,central,-0.013598179265493116,0.0,6.088531241663093e-10,-0.9699312959302606,6.088531241663093e-10,5.681249139343397e-09,0.043739599450040245,0.08565002506718322,0.17898711135197198,2.0,False,False,3.143348777433406,1.905375826028657,6.298639207127504,0.08830524948165151,True,False,decay_model:decay_chpt_spectator,pdf:p84,False
1.8,True,True,single_source_variation_envelope,True,2,True,True,central_repeat_1;central_repeat_2,False,109,True,scale_muR0p5_muF0p5;scale_muR0p5_muF1;scale_muR1_muF0p5;scale_muR1_muF2;scale_muR2_muF1;scale_muR2_muF2;pdf_0001;pdf_0002;pdf_0003;pdf_0004;pdf_0005;pdf_0006;pdf_0007;pdf_0008;pdf_0009;pdf_0010;pdf_0011;pdf_0012;pdf_0013;pdf_0014;pdf_0015;pdf_0016;pdf_0017;pdf_0018;pdf_0019;pdf_0020;pdf_0021;pdf_0022;pdf_0023;pdf_0024;pdf_0025;pdf_0026;pdf_0027;pdf_0028;pdf_0029;pdf_0030;pdf_0031;pdf_0032;pdf_0033;pdf_0034;pdf_0035;pdf_0036;pdf_0037;pdf_0038;pdf_0039;pdf_0040;pdf_0041;pdf_0042;pdf_0043;pdf_0044;pdf_0045;pdf_0046;pdf_0047;pdf_0048;pdf_0049;pdf_0050;pdf_0051;pdf_0052;pdf_0053;pdf_0054;pdf_0055;pdf_0056;pdf_0057;pdf_0058;pdf_0059;pdf_0060;pdf_0061;pdf_0062;pdf_0063;pdf_0064;pdf_0065;pdf_0066;pdf_0067;pdf_0068;pdf_0069;pdf_0070;pdf_0071;pdf_0072;pdf_0073;pdf_0074;pdf_0075;pdf_0076;pdf_0077;pdf_0078;pdf_0079;pdf_0080;pdf_0081;pdf_0082;pdf_0083;pdf_0084;pdf_0085;pdf_0086;pdf_0087;pdf_0088;pdf_0089;pdf_0090;pdf_0091;pdf_0092;pdf_0093;pdf_0094;pdf_0095;pdf_0096;pdf_0097;pdf_0098;pdf_0099;pdf_0100;mb_dn;mb_up;decay_chpt_spectator,1.877398327100888e-11,False,1.883399483185222e-11,False,1.92063206307083e-11,1.8832873744575176e-11,1.5659094569658387e-11,2.5660717146370707e-11,scale_muR0p5_muF1,scale_muR1_muF0p5,-0.07878977959705402,0.13571236300128398,1.851316984255862e-11,1.9317591346013434e-11,-0.006075641107743834,0.012396548004055319,0.01047572790918462,100.0,1.7727366913613094e-11,2.0464601162930272e-11,mb_dn,mb_up,-0.024912192904304575,0.037446858504566194,1.0611542850130769e-11,-0.24777789442327247,1.0611542850130769e-11,1.8773983271008805e-11,0.004263789901108872,0.008501727798231329,0.019768817087408186,2.0,False,False,0.06264519760923251,0.6858141311153826,0.22703447332423482,0.03431188975925371,True,False,1.0611542850130769e-11,2.5660717146370707e-11,decay_model:decay_chpt_spectator,scale:scale_muR1_muF0p5,False,False,5.654600372062682e-09,False,6.1710235143546305e-09,False,5.950133183142726e-09,5.554007679577064e-09,4.827419752032597e-10,5.654600372062682e-09,False,False,,False,,False,,False,,4.7862476178483335e-09,5.654600372062682e-09,scale_muR1_muF0p5,central,-0.0724067542198874,0.0,4.936805686369473e-09,5.645860475408383e-09,-0.05895588378324845,-0.000671776080181985,0.03173186181856919,100.0,5.3076184514612926e-09,5.654600372062682e-09,mb_dn,central,-0.02750222221822085,0.0,4.827419752032597e-10,-1.0686868543489023,4.827419752032597e-10,5.654600372062682e-09,0.030790619941372555,0.04575072535581093,0.0999859801769194,2.0,False,False,0.6318571499127484,0.7760162755597669,1.663528313922939,0.042810225623748845,True,False,decay_model:decay_chpt_spectator,scale:central,False
1.85,True,True,single_source_variation_envelope,True,2,True,True,central_repeat_1;central_repeat_2,False,109,True,scale_muR0p5_muF0p5;scale_muR0p5_muF1;scale_muR1_muF0p5;scale_muR1_muF2;scale_muR2_muF1;scale_muR2_muF2;pdf_0001;pdf_0002;pdf_0003;pdf_0004;pdf_0005;pdf_0006;pdf_0007;pdf_0008;pdf_0009;pdf_0010;pdf_0011;pdf_0012;pdf_0013;pdf_0014;pdf_0015;pdf_0016;pdf_0017;pdf_0018;pdf_0019;pdf_0020;pdf_0021;pdf_0022;pdf_0023;pdf_0024;pdf_0025;pdf_0026;pdf_0027;pdf_0028;pdf_0029;pdf_0030;pdf_0031;pdf_0032;pdf_0033;pdf_0034;pdf_0035;pdf_0036;pdf_0037;pdf_0038;pdf_0039;pdf_0040;pdf_0041;pdf_0042;pdf_0043;pdf_0044;pdf_0045;pdf_0046;pdf_0047;pdf_0048;pdf_0049;pdf_0050;pdf_0051;pdf_0052;pdf_0053;pdf_0054;pdf_0055;pdf_0056;pdf_0057;pdf_0058;pdf_0059;pdf_0060;pdf_0061;pdf_0062;pdf_0063;pdf_0064;pdf_0065;pdf_0066;pdf_0067;pdf_0068;pdf_0069;pdf_0070;pdf_0071;pdf_0072;pdf_0073;pdf_0074;pdf_0075;pdf_0076;pdf_0077;pdf_0078;pdf_0079;pdf_0080;pdf_0081;pdf_0082;pdf_0083;pdf_0084;pdf_0085;pdf_0086;pdf_0087;pdf_0088;pdf_0089;pdf_0090;pdf_0091;pdf_0092;pdf_0093;pdf_0094;pdf_0095;pdf_0096;pdf_0097;pdf_0098;pdf_0099;pdf_0100;mb_dn;mb_up;decay_chpt_spectator,1.9139996744244595e-11,False,1.8846342430030747e-11,False,1.8818888738374667e-11,1.8992252799267608e-11,1.5837073286845047e-11,2.6412152572130296e-11,scale_muR0p5_muF1,scale_muR1_muF0p5,-0.08226693312178313,0.13986193778223566,1.893448249668652e-11,1.9697339651579603e-11,-0.004688419763871465,0.01246571417598652,0.008753582860686218,100.0,1.820277535905818e-11,2.0189599372180208e-11,mb_dn,mb_up,-0.021804250085025956,0.02318584163689863,1.0824333513676753e-11,-0.2475406945172871,1.0824333513676753e-11,1.9139996744244517e-11,0.001991253888298239,0.0033494045917379367,0.0077421053861550515,2.0,False,False,0.023947934976797928,0.26868934619005647,0.14445904721472763,0.013530723092901518,True,False,1.0824333513676753e-11,2.6412152572130296e-11,decay_model:decay_chpt_spectator,scale:scale_muR1_muF0p5,False,False,5.7116022584853965e-09,False,6.201966902486656e-09,False,6.174034148331883e-09,5.12539141405514e-09,4.081682737045942e-10,6.219565997024327e-09,False,False,,False,,False,,False,,4.614397605996766e-09,6.219565997024327e-09,scale_muR1_muF0p5,scale_muR0p5_muF0p5,-0.09264294326704814,0.03700212390984703,4.795142968074402e-09,5.53432013010872e-09,-0.07595639638336849,-0.013693679564651617,0.035131137395136035,100.0,5.403474534617048e-09,5.711602258485373e-09,mb_up,central,-0.024084847578734525,0.0,4.081682737045942e-10,-1.145918712007056,4.081682737045942e-10,5.711602258485373e-09,0.04238141211603441,0.08280240720512921,0.17358613893922392,2.0,False,False,0.8937799716320209,1.0901308006663115,3.4379460752011886,0.07225853486596993,True,False,decay_model:decay_chpt_spectator,scale:scale_muR0p5_muF0p5,False
1.9,True,True,single_source_variation_envelope,True,2,True,True,central_repeat_1;central_repeat_2,False,109,True,scale_muR0p5_muF0p5;scale_muR0p5_muF1;scale_muR1_muF0p5;scale_muR1_muF2;scale_muR2_muF1;scale_muR2_muF2;pdf_0001;pdf_0002;pdf_0003;pdf_0004;pdf_0005;pdf_0006;pdf_0007;pdf_0008;pdf_0009;pdf_0010;pdf_0011;pdf_0012;pdf_0013;pdf_0014;pdf_0015;pdf_0016;pdf_0017;pdf_0018;pdf_0019;pdf_0020;pdf_0021;pdf_0022;pdf_0023;pdf_0024;pdf_0025;pdf_0026;pdf_0027;pdf_0028;pdf_0029;pdf_0030;pdf_0031;pdf_0032;pdf_0033;pdf_0034;pdf_0035;pdf_0036;pdf_0037;pdf_0038;pdf_0039;pdf_0040;pdf_0041;pdf_0042;pdf_0043;pdf_0044;pdf_0045;pdf_0046;pdf_0047;pdf_0048;pdf_0049;pdf_0050;pdf_0051;pdf_0052;pdf_0053;pdf_0054;pdf_0055;pdf_0056;pdf_0057;pdf_0058;pdf_0059;pdf_0060;pdf_0061;pdf_0062;pdf_0063;pdf_0064;pdf_0065;pdf_0066;pdf_0067;pdf_0068;pdf_0069;pdf_0070;pdf_0071;pdf_0072;pdf_0073;pdf_0074;pdf_0075;pdf_0076;pdf_0077;pdf_0078;pdf_0079;pdf_0080;pdf_0081;pdf_0082;pdf_0083;pdf_0084;pdf_0085;pdf_0086;pdf_0087;pdf_0088;pdf_0089;pdf_0090;pdf_0091;pdf_0092;pdf_0093;pdf_0094;pdf_0095;pdf_0096;pdf_0097;pdf_0098;pdf_0099;pdf_0100;mb_dn;mb_up;decay_chpt_spectator,1.8807756861428783e-11,False,1.916861541596535e-11,False,1.903431976101412e-11,1.8975259805921666e-11,1.542895920196069e-11,2.5094553912484168e-11,scale_muR0p5_muF1,scale_muR1_muF0p5,-0.086000371122676,0.12524247817022172,1.8238646327047763e-11,1.8982233296651416e-11,-0.013344399944102747,0.004010304906012507,0.008608703077994832,100.0,1.7333967746461746e-11,2.0253352065512725e-11,mb_dn,mb_up,-0.03543901765014468,0.0321599103657384,1.0190702604328312e-11,-0.2661328740395561,1.0190702604328312e-11,1.880775686142871e-11,0.0037281982683543546,0.004403013236911946,0.010087093191020968,2.0,False,False,0.03515590957029489,0.3299521338805314,0.1242419663089609,0.01654441696765922,True,False,1.0190702604328312e-11,2.5094553912484168e-11,decay_model:decay_chpt_spectator,scale:scale_muR1_muF0p5,False,False,5.460910329848974e-09,False,5.5704618856078965e-09,False,5.422319333949072e-09,5.332430034980843e-09,3.6329494656163526e-10,6.030662616532367e-09,False,False,,False,,False,,False,,4.779970449898827e-09,5.770594937577189e-09,scale_muR2_muF1,scale_muR0p5_muF0p5,-0.057839833536865726,0.02395554509584663,5.081679122970044e-09,6.030662616532367e-09,-0.031257806785873754,0.043099987366998604,0.03830614350852077,100.0,5.343957737989079e-09,5.5246183746297475e-09,mb_dn,mb_up,-0.009402030401043149,0.005037238211230033,3.6329494656163526e-10,-1.1770056884576476,3.6329494656163526e-10,5.460910329848952e-09,0.015336078726056357,0.018966041105484166,0.04273107966900269,2.0,False,False,0.32790621870299236,0.4400474864177419,2.017228225871286,0.016113805813748727,True,False,decay_model:decay_chpt_spectator,pdf:p84,False
1.95,True,True,single_source_variation_envelope,True,2,True,True,central_repeat_1;central_repeat_2,False,109,True,scale_muR0p5_muF0p5;scale_muR0p5_muF1;scale_muR1_muF0p5;scale_muR1_muF2;scale_muR2_muF1;scale_muR2_muF2;pdf_0001;pdf_0002;pdf_0003;pdf_0004;pdf_0005;pdf_0006;pdf_0007;pdf_0008;pdf_0009;pdf_0010;pdf_0011;pdf_0012;pdf_0013;pdf_0014;pdf_0015;pdf_0016;pdf_0017;pdf_0018;pdf_0019;pdf_0020;pdf_0021;pdf_0022;pdf_0023;pdf_0024;pdf_0025;pdf_0026;pdf_0027;pdf_0028;pdf_0029;pdf_0030;pdf_0031;pdf_0032;pdf_0033;pdf_0034;pdf_0035;pdf_0036;pdf_0037;pdf_0038;pdf_0039;pdf_0040;pdf_0041;pdf_0042;pdf_0043;pdf_0044;pdf_0045;pdf_0046;pdf_0047;pdf_0048;pdf_0049;pdf_0050;pdf_0051;pdf_0052;pdf_0053;pdf_0054;pdf_0055;pdf_0056;pdf_0057;pdf_0058;pdf_0059;pdf_0060;pdf_0061;pdf_0062;pdf_0063;pdf_0064;pdf_0065;pdf_0066;pdf_0067;pdf_0068;pdf_0069;pdf_0070;pdf_0071;pdf_0072;pdf_0073;pdf_0074;pdf_0075;pdf_0076;pdf_0077;pdf_0078;pdf_0079;pdf_0080;pdf_0081;pdf_0082;pdf_0083;pdf_0084;pdf_0085;pdf_0086;pdf_0087;pdf_0088;pdf_0089;pdf_0090;pdf_0091;pdf_0092;pdf_0093;pdf_0094;pdf_0095;pdf_0096;pdf_0097;pdf_0098;pdf_0099;pdf_0100;mb_dn;mb_up;decay_chpt_spectator,1.878084587308201e-11,False,1.8843345728632142e-11,False,1.900044134239359e-11,1.8616676264803468e-11,1.515185435022656e-11,2.5664252874856638e-11,scale_muR0p5_muF1,scale_muR1_muF0p5,-0.09324936166928133,0.13561347719376649,1.840044263774661e-11,1.9115562595981872e-11,-0.008886878173740342,0.00767193577808456,0.008681255100652248,100.0,1.7546413154562886e-11,2.031112595447014e-11,mb_dn,mb_up,-0.029526797411964623,0.03401885072168653,1.0631793074598693e-11,-0.24710863322714083,1.0631793074598693e-11,1.878084587308201e-11,0.00443077111285195,0.005255869783065137,0.01202915167470775,2.0,False,False,0.038756249687156644,0.5914191328283988,0.15449874618235104,0.02126947049330313,True,False,1.0631793074598693e-11,2.5664252874856638e-11,decay_model:decay_chpt_spectator,scale:scale_muR1_muF0p5,False,False,5.470376905088121e-09,False,5.2748124557812495e-09,False,5.621292854358075e-09,5.713023013413713e-09,3.4863387469579565e-10,6.530838855364183e-09,False,False,,False,,False,,False,,5.067076543475455e-09,6.530838855364183e-09,scale_muR2_muF1,scale_muR0p5_muF1,-0.03325978513473693,0.07695171798415856,5.325454882480841e-09,6.283088309415989e-09,-0.01166054027393848,0.060155913863910726,0.03574291453297464,100.0,5.313355154514308e-09,5.790062427708888e-09,mb_up,mb_dn,-0.01264840401731604,0.02466599631394395,3.4863387469579565e-10,-1.1956476672904657,3.4863387469579565e-10,5.4703769050880985e-09,0.031144069438662214,0.034658950458375415,0.08307604513070044,2.0,False,False,0.4503986573179611,0.5761520062147759,1.4051307726330253,0.02898759509723989,True,False,decay_model:decay_chpt_spectator,scale:scale_muR0p5_muF1,False
2.0,True,True,single_source_variation_envelope,True,2,True,True,central_repeat_1;central_repeat_2,False,109,True,scale_muR0p5_muF0p5;scale_muR0p5_muF1;scale_muR1_muF0p5;scale_muR1_muF2;scale_muR2_muF1;scale_muR2_muF2;pdf_0001;pdf_0002;pdf_0003;pdf_0004;pdf_0005;pdf_0006;pdf_0007;pdf_0008;pdf_0009;pdf_0010;pdf_0011;pdf_0012;pdf_0013;pdf_0014;pdf_0015;pdf_0016;pdf_0017;pdf_0018;pdf_0019;pdf_0020;pdf_0021;pdf_0022;pdf_0023;pdf_0024;pdf_0025;pdf_0026;pdf_0027;pdf_0028;pdf_0029;pdf_0030;pdf_0031;pdf_0032;pdf_0033;pdf_0034;pdf_0035;pdf_0036;pdf_0037;pdf_0038;pdf_0039;pdf_0040;pdf_0041;pdf_0042;pdf_0043;pdf_0044;pdf_0045;pdf_0046;pdf_0047;pdf_0048;pdf_0049;pdf_0050;pdf_0051;pdf_0052;pdf_0053;pdf_0054;pdf_0055;pdf_0056;pdf_0057;pdf_0058;pdf_0059;pdf_0060;pdf_0061;pdf_0062;pdf_0063;pdf_0064;pdf_0065;pdf_0066;pdf_0067;pdf_0068;pdf_0069;pdf_0070;pdf_0071;pdf_0072;pdf_0073;pdf_0074;pdf_0075;pdf_0076;pdf_0077;pdf_0078;pdf_0079;pdf_0080;pdf_0081;pdf_0082;pdf_0083;pdf_0084;pdf_0085;pdf_0086;pdf_0087;pdf_0088;pdf_0089;pdf_0090;pdf_0091;pdf_0092;pdf_0093;pdf_0094;pdf_0095;pdf_0096;pdf_0097;pdf_0098;pdf_0099;pdf_0100;mb_dn;mb_up;decay_chpt_spectator,1.6282976425041937e-11,False,1.644338554360472e-11,False,1.6390675869035418e-11,1.6208020627461546e-11,1.3408858254439054e-11,2.2279590352478004e-11,scale_muR0p5_muF1,scale_muR1_muF0p5,-0.0843419942354835,0.1361734072523415,1.5902529994886587e-11,1.6476074990296978e-11,-0.010267570689652672,0.0051199658729590425,0.008881525702802285,100.0,1.515181868130272e-11,1.7921473394888378e-11,mb_dn,mb_up,-0.03126902951496646,0.041639917760642575,1.6401074735625156e-11,0.0031385134953101357,1.6282976425041937e-11,1.6401074735625156e-11,0.003827818301275876,0.006261258966151928,0.014313653080688882,2.0,False,False,0.045980041863454696,0.6098091900610749,0.15036674669107958,1.9949759577290633,True,False,1.3408858254439054e-11,2.2279590352478004e-11,scale:scale_muR0p5_muF1,scale:scale_muR1_muF0p5,False,False,5.681720596674843e-09,False,5.6767084948296735e-09,False,5.60491441145574e-09,5.7852788954152974e-09,5.2519995635921345e-09,6.277835569977765e-09,False,False,,False,,False,,False,,5.4610442835437e-09,6.2442039093438264e-09,scale_muR2_muF1,scale_muR0p5_muF1,-0.01720417488182946,0.040997203726151454,5.2519995635921345e-09,6.277835569977765e-09,-0.03415519179015902,0.04333006328550937,0.038778703326209946,100.0,5.649480025255487e-09,5.734931164698815e-09,mb_dn,mb_up,-0.002471395664622733,0.004048336393024599,5.274813047079212e-09,-0.03227280138974642,5.274813047079212e-09,5.6817205966748434e-09,0.0068776574869655605,0.008227706859644357,0.019125590240278934,2.0,False,False,0.20068946444745048,0.18988448748460293,2.032367387705462,0.25494244395710963,True,False,pdf:p16,pdf:p84,False
2.1,True,True,single_source_variation_envelope,True,2,True,True,central_repeat_1;central_repeat_2,False,109,True,scale_muR0p5_muF0p5;scale_muR0p5_muF1;scale_muR1_muF0p5;scale_muR1_muF2;scale_muR2_muF1;scale_muR2_muF2;pdf_0001;pdf_0002;pdf_0003;pdf_0004;pdf_0005;pdf_0006;pdf_0007;pdf_0008;pdf_0009;pdf_0010;pdf_0011;pdf_0012;pdf_0013;pdf_0014;pdf_0015;pdf_0016;pdf_0017;pdf_0018;pdf_0019;pdf_0020;pdf_0021;pdf_0022;pdf_0023;pdf_0024;pdf_0025;pdf_0026;pdf_0027;pdf_0028;pdf_0029;pdf_0030;pdf_0031;pdf_0032;pdf_0033;pdf_0034;pdf_0035;pdf_0036;pdf_0037;pdf_0038;pdf_0039;pdf_0040;pdf_0041;pdf_0042;pdf_0043;pdf_0044;pdf_0045;pdf_0046;pdf_0047;pdf_0048;pdf_0049;pdf_0050;pdf_0051;pdf_0052;pdf_0053;pdf_0054;pdf_0055;pdf_0056;pdf_0057;pdf_0058;pdf_0059;pdf_0060;pdf_0061;pdf_0062;pdf_0063;pdf_0064;pdf_0065;pdf_0066;pdf_0067;pdf_0068;pdf_0069;pdf_0070;pdf_0071;pdf_0072;pdf_0073;pdf_0074;pdf_0075;pdf_0076;pdf_0077;pdf_0078;pdf_0079;pdf_0080;pdf_0081;pdf_0082;pdf_0083;pdf_0084;pdf_0085;pdf_0086;pdf_0087;pdf_0088;pdf_0089;pdf_0090;pdf_0091;pdf_0092;pdf_0093;pdf_0094;pdf_0095;pdf_0096;pdf_0097;pdf_0098;pdf_0099;pdf_0100;mb_dn;mb_up;decay_chpt_spectator,1.5999595396531288e-11,False,1.5842984606444662e-11,False,1.601951287677742e-11,1.615327455605356e-11,1.3299120599266654e-11,2.1543812223590568e-11,scale_muR0p5_muF1,scale_muR1_muF0p5,-0.080286075889207,0.12921355489711672,1.574438201598652e-11,1.6500012847665477e-11,-0.006983381421976631,0.013375282174406422,0.01007296261233289,100.0,1.5334353124541582e-11,1.7191931658055456e-11,mb_dn,mb_up,-0.018443540089252863,0.031215675863597525,1.5874300609319854e-11,-0.003414399982325733,1.5874300609319854e-11,1.5999595396531223e-11,0.0066179401058086285,0.00842357457387699,0.019585321662351163,2.0,False,False,0.06519110615433547,0.6297866814350642,0.26985078300675935,2.4670731658507203,True,False,1.3299120599266654e-11,2.1543812223590568e-11,scale:scale_muR0p5_muF1,scale:scale_muR1_muF0p5,False,False,4.7100502810774485e-09,False,5.007355309038923e-09,False,5.007985994346367e-09,4.558725779600705e-09,3.6606711374031765e-09,4.897635387227011e-09,False,False,,False,,False,,False,,3.8865605552696195e-09,4.897635387227011e-09,scale_muR2_muF2,scale_muR0p5_muF1,-0.083460104667191,0.016960906836599676,4.078588331505134e-09,4.763050917256187e-09,-0.062515670944018,0.004859680800224808,0.03603721079592549,100.0,3.6606711374031765e-09,4.791255392932456e-09,mb_dn,mb_up,-0.1094648283132571,0.007423777728821079,3.8723822161676985e-09,-0.08504732639823231,3.8723822161676985e-09,4.7100502810774295e-09,0.020409818348217534,0.04076493997848907,0.08959410741801843,2.0,False,False,0.4884362431732508,0.6520755414269418,0.3724021734344793,0.4793206524518842,True,False,bottom_mass:mb_dn,scale:scale_muR0p5_muF1,False
2.2,True,True,single_source_variation_envelope,True,2,True,True,central_repeat_1;central_repeat_2,False,109,True,scale_muR0p5_muF0p5;scale_muR0p5_muF1;scale_muR1_muF0p5;scale_muR1_muF2;scale_muR2_muF1;scale_muR2_muF2;pdf_0001;pdf_0002;pdf_0003;pdf_0004;pdf_0005;pdf_0006;pdf_0007;pdf_0008;pdf_0009;pdf_0010;pdf_0011;pdf_0012;pdf_0013;pdf_0014;pdf_0015;pdf_0016;pdf_0017;pdf_0018;pdf_0019;pdf_0020;pdf_0021;pdf_0022;pdf_0023;pdf_0024;pdf_0025;pdf_0026;pdf_0027;pdf_0028;pdf_0029;pdf_0030;pdf_0031;pdf_0032;pdf_0033;pdf_0034;pdf_0035;pdf_0036;pdf_0037;pdf_0038;pdf_0039;pdf_0040;pdf_0041;pdf_0042;pdf_0043;pdf_0044;pdf_0045;pdf_0046;pdf_0047;pdf_0048;pdf_0049;pdf_0050;pdf_0051;pdf_0052;pdf_0053;pdf_0054;pdf_0055;pdf_0056;pdf_0057;pdf_0058;pdf_0059;pdf_0060;pdf_0061;pdf_0062;pdf_0063;pdf_0064;pdf_0065;pdf_0066;pdf_0067;pdf_0068;pdf_0069;pdf_0070;pdf_0071;pdf_0072;pdf_0073;pdf_0074;pdf_0075;pdf_0076;pdf_0077;pdf_0078;pdf_0079;pdf_0080;pdf_0081;pdf_0082;pdf_0083;pdf_0084;pdf_0085;pdf_0086;pdf_0087;pdf_0088;pdf_0089;pdf_0090;pdf_0091;pdf_0092;pdf_0093;pdf_0094;pdf_0095;pdf_0096;pdf_0097;pdf_0098;pdf_0099;pdf_0100;mb_dn;mb_up;decay_chpt_spectator,1.5660697718488766e-11,False,1.5558108714161422e-11,False,1.5758000035818437e-11,1.5837019827152542e-11,1.2761174995824466e-11,2.12117016252047e-11,scale_muR0p5_muF1,scale_muR1_muF0p5,-0.08892044267359545,0.13176440255185007,1.5415233203756077e-11,1.6058135513606268e-11,-0.006861007747692938,0.010884011652839476,0.008741200953063086,100.0,1.477445813634399e-11,1.7023122327156814e-11,mb_dn,mb_up,-0.02529954513680721,0.03622811304617635,1.5284239162521984e-11,-0.010567282165887093,1.5284239162521984e-11,1.5660697718488766e-11,0.006630476934440743,0.007716658587137104,0.01792705772374803,2.0,False,False,0.058564061595471915,0.7089902908293877,0.21300194623168622,0.7302406111618496,True,False,1.2761174995824466e-11,2.12117016252047e-11,scale:scale_muR0p5_muF1,scale:scale_muR1_muF0p5,False,False,3.8408282410087644e-09,False,3.6518725482587196e-09,False,4.086735320480882e-09,4.0834089719944005e-09,3.0769646396242198e-09,4.626936632820884e-09,False,False,,False,,False,,False,,3.7362294497031595e-09,4.626936632820884e-09,scale_muR1_muF0p5,scale_muR0p5_muF1,-0.011991346958218685,0.08086866548518579,3.7459181438252726e-09,4.5020456289906415e-09,-0.010866603375360384,0.06898500606233604,0.03918604502811289,100.0,3.4328840898227282e-09,3.9307859295987005e-09,mb_dn,mb_up,-0.04876574640606712,0.010054506536576469,3.0769646396242198e-09,-0.09630238089385834,3.0769646396242198e-09,3.840828241008749e-09,0.04868408290933157,0.04886089923235737,0.1190793946052453,2.0,False,False,0.6042006374064393,0.7082828866928825,1.0019512225958342,0.5073695871155088,True,False,decay_model:decay_chpt_spectator,scale:scale_muR0p5_muF1,False
2.3,True,True,single_source_variation_envelope,True,2,True,True,central_repeat_1;central_repeat_2,False,109,True,scale_muR0p5_muF0p5;scale_muR0p5_muF1;scale_muR1_muF0p5;scale_muR1_muF2;scale_muR2_muF1;scale_muR2_muF2;pdf_0001;pdf_0002;pdf_0003;pdf_0004;pdf_0005;pdf_0006;pdf_0007;pdf_0008;pdf_0009;pdf_0010;pdf_0011;pdf_0012;pdf_0013;pdf_0014;pdf_0015;pdf_0016;pdf_0017;pdf_0018;pdf_0019;pdf_0020;pdf_0021;pdf_0022;pdf_0023;pdf_0024;pdf_0025;pdf_0026;pdf_0027;pdf_0028;pdf_0029;pdf_0030;pdf_0031;pdf_0032;pdf_0033;pdf_0034;pdf_0035;pdf_0036;pdf_0037;pdf_0038;pdf_0039;pdf_0040;pdf_0041;pdf_0042;pdf_0043;pdf_0044;pdf_0045;pdf_0046;pdf_0047;pdf_0048;pdf_0049;pdf_0050;pdf_0051;pdf_0052;pdf_0053;pdf_0054;pdf_0055;pdf_0056;pdf_0057;pdf_0058;pdf_0059;pdf_0060;pdf_0061;pdf_0062;pdf_0063;pdf_0064;pdf_0065;pdf_0066;pdf_0067;pdf_0068;pdf_0069;pdf_0070;pdf_0071;pdf_0072;pdf_0073;pdf_0074;pdf_0075;pdf_0076;pdf_0077;pdf_0078;pdf_0079;pdf_0080;pdf_0081;pdf_0082;pdf_0083;pdf_0084;pdf_0085;pdf_0086;pdf_0087;pdf_0088;pdf_0089;pdf_0090;pdf_0091;pdf_0092;pdf_0093;pdf_0094;pdf_0095;pdf_0096;pdf_0097;pdf_0098;pdf_0099;pdf_0100;mb_dn;mb_up;decay_chpt_spectator,1.546773862331249e-11,False,1.489434332399326e-11,False,1.506437109350874e-11,1.5224739670481927e-11,1.3419498279671203e-11,2.1471335322577462e-11,scale_muR0p5_muF1,scale_muR1_muF0p5,-0.06169054568593246,0.14243222978410586,1.56455367798369e-11,1.6185980552721488e-11,0.004963643191999267,0.01971218958164833,0.007859700089039029,100.0,1.4894609062110996e-11,1.7255153906625243e-11,mb_dn,mb_up,-0.01639771587506189,0.0474920126411611,1.508899502087706e-11,-0.010766509447053707,1.508899502087706e-11,1.546773862331255e-11,0.007229080018813505,0.009528514934688204,0.02218267293170495,2.0,False,False,0.06689858713249955,0.4833818635530508,0.20063405201804158,0.885014310491848,True,False,1.3419498279671203e-11,2.1471335322577462e-11,scale:scale_muR0p5_muF1,scale:scale_muR1_muF0p5,False,False,3.1714031318573635e-09,False,3.200766214962177e-09,False,3.256459294797631e-09,3.0137883691587455e-09,2.5266329132307945e-09,3.406679619365326e-09,False,False,,False,,False,,False,,3.06915374844802e-09,3.286643413029757e-09,scale_muR1_muF2,scale_muR0p5_muF1,-0.014232805890760147,0.01550113677996201,2.9044470763526973e-09,3.406679619365326e-09,-0.03818798338729046,0.03107984159875876,0.036574446250372775,100.0,2.985559604813954e-09,3.3114370929890345e-09,mb_dn,mb_up,-0.02622570471543284,0.018765058481022834,2.5266329132307945e-09,-0.09870930154919044,2.5266329132307945e-09,3.1714031318573635e-09,0.01681645071095339,0.026141201774962042,0.058416589418306186,2.0,False,False,1.6864054647110924,0.6845399902332164,0.9967778581590957,0.2648301767380547,True,False,decay_model:decay_chpt_spectator,pdf:p84,False
2.4,True,True,single_source_variation_envelope,True,2,True,True,central_repeat_1;central_repeat_2,False,109,True,scale_muR0p5_muF0p5;scale_muR0p5_muF1;scale_muR1_muF0p5;scale_muR1_muF2;scale_muR2_muF1;scale_muR2_muF2;pdf_0001;pdf_0002;pdf_0003;pdf_0004;pdf_0005;pdf_0006;pdf_0007;pdf_0008;pdf_0009;pdf_0010;pdf_0011;pdf_0012;pdf_0013;pdf_0014;pdf_0015;pdf_0016;pdf_0017;pdf_0018;pdf_0019;pdf_0020;pdf_0021;pdf_0022;pdf_0023;pdf_0024;pdf_0025;pdf_0026;pdf_0027;pdf_0028;pdf_0029;pdf_0030;pdf_0031;pdf_0032;pdf_0033;pdf_0034;pdf_0035;pdf_0036;pdf_0037;pdf_0038;pdf_0039;pdf_0040;pdf_0041;pdf_0042;pdf_0043;pdf_0044;pdf_0045;pdf_0046;pdf_0047;pdf_0048;pdf_0049;pdf_0050;pdf_0051;pdf_0052;pdf_0053;pdf_0054;pdf_0055;pdf_0056;pdf_0057;pdf_0058;pdf_0059;pdf_0060;pdf_0061;pdf_0062;pdf_0063;pdf_0064;pdf_0065;pdf_0066;pdf_0067;pdf_0068;pdf_0069;pdf_0070;pdf_0071;pdf_0072;pdf_0073;pdf_0074;pdf_0075;pdf_0076;pdf_0077;pdf_0078;pdf_0079;pdf_0080;pdf_0081;pdf_0082;pdf_0083;pdf_0084;pdf_0085;pdf_0086;pdf_0087;pdf_0088;pdf_0089;pdf_0090;pdf_0091;pdf_0092;pdf_0093;pdf_0094;pdf_0095;pdf_0096;pdf_0097;pdf_0098;pdf_0099;pdf_0100;mb_dn;mb_up;decay_chpt_spectator,1.5114333304666333e-11,False,1.4840123732153468e-11,False,1.480994714792117e-11,1.5220232087742503e-11,1.2745682277076384e-11,2.1129259158888876e-11,scale_muR0p5_muF1,scale_muR1_muF0p5,-0.07402590691148703,0.14549527479508306,1.5079768891423233e-11,1.5663488293062644e-11,-0.0009943094450193257,0.01549949167650233,0.00903665236587854,100.0,1.4380130405355182e-11,1.663256595094221e-11,mb_dn,mb_up,-0.02162617070829498,0.04157025902607714,1.4596976337069287e-11,-0.015126091151412169,1.4596976337069287e-11,1.5114333304666333e-11,0.005933883109977778,0.010983752917402612,0.025613557032915457,2.0,False,False,0.07549216242845161,0.7086524607806521,0.2642214211490112,0.7261461541818867,True,False,1.2745682277076384e-11,2.1129259158888876e-11,scale:scale_muR0p5_muF1,scale:scale_muR1_muF0p5,False,False,2.595074531616129e-09,False,2.455478301304988e-09,False,2.9198079253593635e-09,2.5072357618530226e-09,2.175009655381865e-09,3.0472702405150963e-09,False,False,,False,,False,,False,,2.4918912149976486e-09,3.0472702405150963e-09,scale_muR2_muF1,scale_muR0p5_muF0p5,-0.01762075646568384,0.06976113490835978,2.6007855531091175e-09,2.963511467315059e-09,0.0009547085867644967,0.057656776600754966,0.031375392139037186,100.0,2.5950745316161185e-09,2.970713664721789e-09,central,mb_dn,0.0,0.05871095842146801,2.175009655381865e-09,-0.07668864625034466,2.175009655381865e-09,2.5950745316161185e-09,0.04213862769484944,0.07521818236883071,0.18909946131782251,2.0,False,False,1.0782247517566832,1.3045852856062334,1.2811608665772818,0.9808255334601458,True,False,decay_model:decay_chpt_spectator,scale:scale_muR0p5_muF0p5,False
2.5,True,True,single_source_variation_envelope,True,2,True,True,central_repeat_1;central_repeat_2,False,109,True,scale_muR0p5_muF0p5;scale_muR0p5_muF1;scale_muR1_muF0p5;scale_muR1_muF2;scale_muR2_muF1;scale_muR2_muF2;pdf_0001;pdf_0002;pdf_0003;pdf_0004;pdf_0005;pdf_0006;pdf_0007;pdf_0008;pdf_0009;pdf_0010;pdf_0011;pdf_0012;pdf_0013;pdf_0014;pdf_0015;pdf_0016;pdf_0017;pdf_0018;pdf_0019;pdf_0020;pdf_0021;pdf_0022;pdf_0023;pdf_0024;pdf_0025;pdf_0026;pdf_0027;pdf_0028;pdf_0029;pdf_0030;pdf_0031;pdf_0032;pdf_0033;pdf_0034;pdf_0035;pdf_0036;pdf_0037;pdf_0038;pdf_0039;pdf_0040;pdf_0041;pdf_0042;pdf_0043;pdf_0044;pdf_0045;pdf_0046;pdf_0047;pdf_0048;pdf_0049;pdf_0050;pdf_0051;pdf_0052;pdf_0053;pdf_0054;pdf_0055;pdf_0056;pdf_0057;pdf_0058;pdf_0059;pdf_0060;pdf_0061;pdf_0062;pdf_0063;pdf_0064;pdf_0065;pdf_0066;pdf_0067;pdf_0068;pdf_0069;pdf_0070;pdf_0071;pdf_0072;pdf_0073;pdf_0074;pdf_0075;pdf_0076;pdf_0077;pdf_0078;pdf_0079;pdf_0080;pdf_0081;pdf_0082;pdf_0083;pdf_0084;pdf_0085;pdf_0086;pdf_0087;pdf_0088;pdf_0089;pdf_0090;pdf_0091;pdf_0092;pdf_0093;pdf_0094;pdf_0095;pdf_0096;pdf_0097;pdf_0098;pdf_0099;pdf_0100;mb_dn;mb_up;decay_chpt_spectator,1.4914933667824534e-11,False,1.4511646334876562e-11,False,1.5030721296771493e-11,1.5023014921637e-11,1.2591571509333485e-11,2.0564377343007726e-11,scale_muR0p5_muF1,scale_muR1_muF0p5,-0.07354138999278526,0.13949423805495265,1.4996538117841127e-11,1.568533740972125e-11,0.0023696894973070926,0.02187253907440656,0.009396666460055823,100.0,1.462271678649794e-11,1.643759451508347e-11,mb_dn,mb_up,-0.00859325759666163,0.04221693676994498,1.4089955599431121e-11,-0.024711701682202047,1.4089955599431121e-11,1.4914933667824472e-11,0.015151774745710611,0.015263136482747797,0.03576954329760729,2.0,False,False,0.10941768416796546,0.6978218866508945,0.3615405960390264,0.6176481360545344,True,False,1.2591571509333485e-11,2.0564377343007726e-11,scale:scale_muR0p5_muF1,scale:scale_muR1_muF0p5,False,False,2.082659704548755e-09,False,2.237032490974776e-09,False,1.983091975232075e-09,2.074095112388203e-09,1.6323384236233153e-09,2.192415810706811e-09,False,False,,False,,False,,False,,1.8309942128463221e-09,2.082659704548747e-09,scale_muR2_muF1,central,-0.05593134270423583,0.0,1.855179381768783e-09,2.1446457542389325e-09,-0.05023240538777962,0.01273725271400572,0.03330929939929674,100.0,1.9480217089279396e-09,2.192415810706811e-09,mb_up,mb_dn,-0.029024521964007732,0.022304610995886875,1.6323384236233153e-09,-0.10580811074393992,1.6323384236233153e-09,2.082659704548747e-09,0.04258652929461615,0.052329434771781536,0.11351668639915347,2.0,False,False,0.9356012611479554,1.0417465452393422,1.802938730108058,0.4945692197304323,True,False,decay_model:decay_chpt_spectator,bottom_mass:mb_dn,False
2.6,True,True,single_source_variation_envelope,True,2,True,True,central_repeat_1;central_repeat_2,False,109,True,scale_muR0p5_muF0p5;scale_muR0p5_muF1;scale_muR1_muF0p5;scale_muR1_muF2;scale_muR2_muF1;scale_muR2_muF2;pdf_0001;pdf_0002;pdf_0003;pdf_0004;pdf_0005;pdf_0006;pdf_0007;pdf_0008;pdf_0009;pdf_0010;pdf_0011;pdf_0012;pdf_0013;pdf_0014;pdf_0015;pdf_0016;pdf_0017;pdf_0018;pdf_0019;pdf_0020;pdf_0021;pdf_0022;pdf_0023;pdf_0024;pdf_0025;pdf_0026;pdf_0027;pdf_0028;pdf_0029;pdf_0030;pdf_0031;pdf_0032;pdf_0033;pdf_0034;pdf_0035;pdf_0036;pdf_0037;pdf_0038;pdf_0039;pdf_0040;pdf_0041;pdf_0042;pdf_0043;pdf_0044;pdf_0045;pdf_0046;pdf_0047;pdf_0048;pdf_0049;pdf_0050;pdf_0051;pdf_0052;pdf_0053;pdf_0054;pdf_0055;pdf_0056;pdf_0057;pdf_0058;pdf_0059;pdf_0060;pdf_0061;pdf_0062;pdf_0063;pdf_0064;pdf_0065;pdf_0066;pdf_0067;pdf_0068;pdf_0069;pdf_0070;pdf_0071;pdf_0072;pdf_0073;pdf_0074;pdf_0075;pdf_0076;pdf_0077;pdf_0078;pdf_0079;pdf_0080;pdf_0081;pdf_0082;pdf_0083;pdf_0084;pdf_0085;pdf_0086;pdf_0087;pdf_0088;pdf_0089;pdf_0090;pdf_0091;pdf_0092;pdf_0093;pdf_0094;pdf_0095;pdf_0096;pdf_0097;pdf_0098;pdf_0099;pdf_0100;mb_dn;mb_up;decay_chpt_spectator,1.459246541021194e-11,False,1.4428675204389482e-11,False,1.4431199130295604e-11,1.4672571514508222e-11,1.2107511292083929e-11,1.9711457850184997e-11,scale_muR0p5_muF1,scale_muR1_muF0p5,-0.08107378977349278,0.13059007314616267,1.4456171094620973e-11,1.5082688389214e-11,-0.004075392903676089,0.014350086008230178,0.009070136536805079,100.0,1.3666094124962604e-11,1.5880383067596737e-11,mb_dn,mb_up,-0.028484264945561222,0.036732301758682695,1.371463669689371e-11,-0.026944364980764135,1.371463669689371e-11,1.459246541021194e-11,0.003677869799341593,0.007279777584168201,0.016903583084644014,2.0,False,False,0.055745260024629324,0.5072985332626608,0.19818462866807482,0.2701781092026222,True,False,1.2107511292083929e-11,1.9711457850184997e-11,scale:scale_muR0p5_muF1,scale:scale_muR1_muF0p5,False,False,1.698153788219881e-09,False,1.7965431889836182e-09,False,1.7151882854543391e-09,1.7865960828131033e-09,1.3240657919137171e-09,1.7802469309564775e-09,False,False,,False,,False,,False,,1.3971509015163486e-09,1.7802469309564775e-09,scale_muR2_muF1,scale_muR0p5_muF1,-0.08473370295288163,0.020503227473660957,1.5125611276865269e-09,1.7564427510441607e-09,-0.050264083289023986,0.014656980827636445,0.03247525289028622,100.0,1.539601800952291e-09,1.698153788219881e-09,mb_up,central,-0.042568607830371974,0.0,1.3240657919137171e-09,-0.10806745283769459,1.3240657919137171e-09,1.698153788219881e-09,0.011268572483825068,0.020125860286457353,0.04528413456918068,2.0,False,False,0.2375189515516495,0.4004024140006981,0.472786433764881,0.1862342431322424,True,False,decay_model:decay_chpt_spectator,scale:scale_muR0p5_muF1,False
2.7,True,True,single_source_variation_envelope,True,2,True,True,central_repeat_1;central_repeat_2,False,109,True,scale_muR0p5_muF0p5;scale_muR0p5_muF1;scale_muR1_muF0p5;scale_muR1_muF2;scale_muR2_muF1;scale_muR2_muF2;pdf_0001;pdf_0002;pdf_0003;pdf_0004;pdf_0005;pdf_0006;pdf_0007;pdf_0008;pdf_0009;pdf_0010;pdf_0011;pdf_0012;pdf_0013;pdf_0014;pdf_0015;pdf_0016;pdf_0017;pdf_0018;pdf_0019;pdf_0020;pdf_0021;pdf_0022;pdf_0023;pdf_0024;pdf_0025;pdf_0026;pdf_0027;pdf_0028;pdf_0029;pdf_0030;pdf_0031;pdf_0032;pdf_0033;pdf_0034;pdf_0035;pdf_0036;pdf_0037;pdf_0038;pdf_0039;pdf_0040;pdf_0041;pdf_0042;pdf_0043;pdf_0044;pdf_0045;pdf_0046;pdf_0047;pdf_0048;pdf_0049;pdf_0050;pdf_0051;pdf_0052;pdf_0053;pdf_0054;pdf_0055;pdf_0056;pdf_0057;pdf_0058;pdf_0059;pdf_0060;pdf_0061;pdf_0062;pdf_0063;pdf_0064;pdf_0065;pdf_0066;pdf_0067;pdf_0068;pdf_0069;pdf_0070;pdf_0071;pdf_0072;pdf_0073;pdf_0074;pdf_0075;pdf_0076;pdf_0077;pdf_0078;pdf_0079;pdf_0080;pdf_0081;pdf_0082;pdf_0083;pdf_0084;pdf_0085;pdf_0086;pdf_0087;pdf_0088;pdf_0089;pdf_0090;pdf_0091;pdf_0092;pdf_0093;pdf_0094;pdf_0095;pdf_0096;pdf_0097;pdf_0098;pdf_0099;pdf_0100;mb_dn;mb_up;decay_chpt_spectator,1.437411764966286e-11,False,1.4205316412485108e-11,False,1.412734711709359e-11,1.4444071332685409e-11,1.2148649365530371e-11,1.9514501120061252e-11,scale_muR0p5_muF1,scale_muR1_muF0p5,-0.07305319753076489,0.13277625804470183,1.4285527180213078e-11,1.4851423396633385e-11,-0.0026849233339536482,0.014186884329816962,0.009314472144291503,100.0,1.3743042940996265e-11,1.571786284912392e-11,mb_dn,mb_up,-0.019498291682269908,0.03881229972813394,1.3539756753037407e-11,-0.02597033300937035,1.3539756753037407e-11,1.437411764966286e-11,0.0048145041911951125,0.007238712800727853,0.01680743415123498,2.0,False,False,0.05451812626238339,0.5102397843277015,0.1865056400015564,0.27873007242980113,True,False,1.2148649365530371e-11,1.9514501120061252e-11,scale:scale_muR0p5_muF1,scale:scale_muR1_muF0p5,False,False,1.3426369495439816e-09,False,1.3238428132310208e-09,False,1.3400671222458914e-09,1.323047489626252e-09,9.65864613353459e-10,1.5026015344019805e-09,False,False,,False,,False,,False,,1.3028321533122311e-09,1.5026015344019805e-09,scale_muR1_muF2,scale_muR0p5_muF1,-0.013070126636353763,0.0488852331355254,1.3046812194092745e-09,1.49627762498491e-09,-0.012454183994888623,0.04705358678437932,0.029027617688140803,100.0,1.3340660435945085e-09,1.4308635670396874e-09,mb_dn,mb_up,-0.0027812647798572954,0.027639630864694453,9.65864613353459e-10,-0.14304233986122838,9.65864613353459e-10,1.3426369495439818e-09,0.002775559539093919,0.005290130050497055,0.012255464812527928,2.0,False,False,0.10821529756912755,0.11242777462935627,0.1913965521607025,0.03698296641140827,True,False,decay_model:decay_chpt_spectator,scale:scale_muR0p5_muF1,False
2.8,True,True,single_source_variation_envelope,True,2,True,True,central_repeat_1;central_repeat_2,False,109,True,scale_muR0p5_muF0p5;scale_muR0p5_muF1;scale_muR1_muF0p5;scale_muR1_muF2;scale_muR2_muF1;scale_muR2_muF2;pdf_0001;pdf_0002;pdf_0003;pdf_0004;pdf_0005;pdf_0006;pdf_0007;pdf_0008;pdf_0009;pdf_0010;pdf_0011;pdf_0012;pdf_0013;pdf_0014;pdf_0015;pdf_0016;pdf_0017;pdf_0018;pdf_0019;pdf_0020;pdf_0021;pdf_0022;pdf_0023;pdf_0024;pdf_0025;pdf_0026;pdf_0027;pdf_0028;pdf_0029;pdf_0030;pdf_0031;pdf_0032;pdf_0033;pdf_0034;pdf_0035;pdf_0036;pdf_0037;pdf_0038;pdf_0039;pdf_0040;pdf_0041;pdf_0042;pdf_0043;pdf_0044;pdf_0045;pdf_0046;pdf_0047;pdf_0048;pdf_0049;pdf_0050;pdf_0051;pdf_0052;pdf_0053;pdf_0054;pdf_0055;pdf_0056;pdf_0057;pdf_0058;pdf_0059;pdf_0060;pdf_0061;pdf_0062;pdf_0063;pdf_0064;pdf_0065;pdf_0066;pdf_0067;pdf_0068;pdf_0069;pdf_0070;pdf_0071;pdf_0072;pdf_0073;pdf_0074;pdf_0075;pdf_0076;pdf_0077;pdf_0078;pdf_0079;pdf_0080;pdf_0081;pdf_0082;pdf_0083;pdf_0084;pdf_0085;pdf_0086;pdf_0087;pdf_0088;pdf_0089;pdf_0090;pdf_0091;pdf_0092;pdf_0093;pdf_0094;pdf_0095;pdf_0096;pdf_0097;pdf_0098;pdf_0099;pdf_0100;mb_dn;mb_up;decay_chpt_spectator,1.44974241255665e-11,False,1.4337366345111145e-11,False,1.4527881124238022e-11,1.437075772883237e-11,1.1774540144857225e-11,1.9842213395753427e-11,scale_muR0p5_muF1,scale_muR1_muF0p5,-0.0903468897376527,0.136299271519702,1.4237017126533808e-11,1.479742410888739e-11,-0.007871837005142268,0.008895276815106712,0.009469738412199575,100.0,1.3605865556071948e-11,1.5345729899808392e-11,mb_dn,mb_up,-0.027564669238723027,0.024696705433623123,1.3426319435530389e-11,-0.03333386888703238,1.3426319435530389e-11,1.4497424125566443e-11,0.0033715903123585633,0.005732895160186047,0.013287989895845786,2.0,False,False,0.04206108437899728,0.6444875498927655,0.2079798277474862,0.1719840916040883,True,False,1.1774540144857225e-11,1.9842213395753427e-11,scale:scale_muR0p5_muF1,scale:scale_muR1_muF0p5,False,False,1.137141283569034e-09,False,1.1384055867998622e-09,False,1.158940482482712e-09,1.1412152591634155e-09,7.802934427080169e-10,1.2822787955827888e-09,False,False,,False,,False,,False,,9.68832932283991e-10,1.2822787955827888e-09,scale_muR2_muF1,scale_muR0p5_muF1,-0.0695655339518435,0.05216803386348623,1.0604349665444907e-09,1.2017445284460423e-09,-0.030330387122100788,0.023997726710392797,0.02797973809556219,100.0,1.1161503109604606e-09,1.163974827987798e-09,mb_dn,mb_up,-0.00809174215991959,0.010129161655044072,7.802934427080169e-10,-0.1635564694642575,7.802934427080169e-10,1.137141283569034e-09,0.004417333220190223,0.007764114884853512,0.018038294893276907,2.0,False,False,0.11160864358819116,0.25598469460998236,0.7665111042025058,0.047470545862756154,True,False,decay_model:decay_chpt_spectator,scale:scale_muR0p5_muF1,False
2.9,True,True,single_source_variation_envelope,True,2,True,True,central_repeat_1;central_repeat_2,False,109,True,scale_muR0p5_muF0p5;scale_muR0p5_muF1;scale_muR1_muF0p5;scale_muR1_muF2;scale_muR2_muF1;scale_muR2_muF2;pdf_0001;pdf_0002;pdf_0003;pdf_0004;pdf_0005;pdf_0006;pdf_0007;pdf_0008;pdf_0009;pdf_0010;pdf_0011;pdf_0012;pdf_0013;pdf_0014;pdf_0015;pdf_0016;pdf_0017;pdf_0018;pdf_0019;pdf_0020;pdf_0021;pdf_0022;pdf_0023;pdf_0024;pdf_0025;pdf_0026;pdf_0027;pdf_0028;pdf_0029;pdf_0030;pdf_0031;pdf_0032;pdf_0033;pdf_0034;pdf_0035;pdf_0036;pdf_0037;pdf_0038;pdf_0039;pdf_0040;pdf_0041;pdf_0042;pdf_0043;pdf_0044;pdf_0045;pdf_0046;pdf_0047;pdf_0048;pdf_0049;pdf_0050;pdf_0051;pdf_0052;pdf_0053;pdf_0054;pdf_0055;pdf_0056;pdf_0057;pdf_0058;pdf_0059;pdf_0060;pdf_0061;pdf_0062;pdf_0063;pdf_0064;pdf_0065;pdf_0066;pdf_0067;pdf_0068;pdf_0069;pdf_0070;pdf_0071;pdf_0072;pdf_0073;pdf_0074;pdf_0075;pdf_0076;pdf_0077;pdf_0078;pdf_0079;pdf_0080;pdf_0081;pdf_0082;pdf_0083;pdf_0084;pdf_0085;pdf_0086;pdf_0087;pdf_0088;pdf_0089;pdf_0090;pdf_0091;pdf_0092;pdf_0093;pdf_0094;pdf_0095;pdf_0096;pdf_0097;pdf_0098;pdf_0099;pdf_0100;mb_dn;mb_up;decay_chpt_spectator,1.4286071652113904e-11,False,1.4435051614859807e-11,False,1.4513738519409772e-11,1.4521953710702388e-11,1.1677532370036999e-11,1.9519134056520135e-11,scale_muR0p5_muF1,scale_muR1_muF0p5,-0.0875617441850185,0.13554772278519067,1.403355084496993e-11,1.4592958271849108e-11,-0.007745251535094866,0.00923051661144747,0.009416888233587243,100.0,1.3598985426843196e-11,1.5154808693745737e-11,mb_dn,mb_up,-0.021406315634557416,0.02563763442767808,1.3170590170608928e-11,-0.035307587990807576,1.3170590170608928e-11,1.4286071652113843e-11,0.002483830203910742,0.0026067069830517653,0.006020213724287737,2.0,False,False,0.019230916827593966,0.28240098499134797,0.10167501960467913,0.07382852047923603,True,False,1.1677532370036999e-11,1.9519134056520135e-11,scale:scale_muR0p5_muF1,scale:scale_muR1_muF0p5,False,False,9.012875081685733e-10,False,9.275460054285571e-10,False,1.0537741473023147e-09,8.992805473991291e-10,6.559295610133718e-10,9.60981175939388e-10,False,False,,False,,False,,False,,7.783632068825298e-10,9.60981175939388e-10,scale_muR2_muF1,scale_muR0p5_muF1,-0.06368105308571081,0.02785152883510733,8.568796339248766e-10,9.552190554061115e-10,-0.021943531029288366,0.025239625701503954,0.025509438983317118,100.0,9.012875081685734e-10,9.568214295414938e-10,central,mb_dn,0.0,0.025967541677484718,6.559295610133718e-10,-0.13800614794448762,6.559295610133718e-10,9.012875081685734e-10,0.03442617023442285,0.05541208020472688,0.1360882814814517,2.0,False,False,0.870150186275117,2.195439855569056,2.1338978056891764,0.40151892528017047,True,False,decay_model:decay_chpt_spectator,scale:scale_muR0p5_muF1,False
3.0,True,True,single_source_variation_envelope,True,2,True,True,central_repeat_1;central_repeat_2,False,109,True,scale_muR0p5_muF0p5;scale_muR0p5_muF1;scale_muR1_muF0p5;scale_muR1_muF2;scale_muR2_muF1;scale_muR2_muF2;pdf_0001;pdf_0002;pdf_0003;pdf_0004;pdf_0005;pdf_0006;pdf_0007;pdf_0008;pdf_0009;pdf_0010;pdf_0011;pdf_0012;pdf_0013;pdf_0014;pdf_0015;pdf_0016;pdf_0017;pdf_0018;pdf_0019;pdf_0020;pdf_0021;pdf_0022;pdf_0023;pdf_0024;pdf_0025;pdf_0026;pdf_0027;pdf_0028;pdf_0029;pdf_0030;pdf_0031;pdf_0032;pdf_0033;pdf_0034;pdf_0035;pdf_0036;pdf_0037;pdf_0038;pdf_0039;pdf_0040;pdf_0041;pdf_0042;pdf_0043;pdf_0044;pdf_0045;pdf_0046;pdf_0047;pdf_0048;pdf_0049;pdf_0050;pdf_0051;pdf_0052;pdf_0053;pdf_0054;pdf_0055;pdf_0056;pdf_0057;pdf_0058;pdf_0059;pdf_0060;pdf_0061;pdf_0062;pdf_0063;pdf_0064;pdf_0065;pdf_0066;pdf_0067;pdf_0068;pdf_0069;pdf_0070;pdf_0071;pdf_0072;pdf_0073;pdf_0074;pdf_0075;pdf_0076;pdf_0077;pdf_0078;pdf_0079;pdf_0080;pdf_0081;pdf_0082;pdf_0083;pdf_0084;pdf_0085;pdf_0086;pdf_0087;pdf_0088;pdf_0089;pdf_0090;pdf_0091;pdf_0092;pdf_0093;pdf_0094;pdf_0095;pdf_0096;pdf_0097;pdf_0098;pdf_0099;pdf_0100;mb_dn;mb_up;decay_chpt_spectator,1.4668045594807214e-11,False,1.4439003360871622e-11,False,1.496054988268433e-11,1.4835476312809283e-11,1.2229095915795692e-11,1.993382228410909e-11,scale_muR0p5_muF1,scale_muR1_muF0p5,-0.07897789998242288,0.1332183308080861,1.4670079412839233e-11,1.5287575701702395e-11,6.0213524189833834e-05,0.017966369337537813,0.009936435232743939,100.0,1.3972882166605745e-11,1.5759888045581208e-11,mb_dn,mb_up,-0.021086254609233634,0.03118087677092163,1.3559535077258323e-11,-0.03412745236258097,1.3559535077258323e-11,1.4668045594807214e-11,0.013587308025180711,0.01541033905334821,0.03612067320560719,2.0,False,False,0.11567731677668515,0.8577325092138013,0.4942240452878939,0.45155257678258076,True,False,1.2229095915795692e-11,1.993382228410909e-11,scale:scale_muR0p5_muF1,scale:scale_muR1_muF0p5,False,False,7.988469780970415e-10,False,7.945404147060695e-10,False,8.061595383560743e-10,8.0426226430838e-10,5.622649923394952e-10,8.788309650935535e-10,False,False,,False,,False,,False,,7.398345278705495e-10,8.788309650935535e-10,scale_muR2_muF1,scale_muR0p5_muF1,-0.03332900081548473,0.04144175395951066,7.495487931365952e-10,8.52921325806384e-10,-0.027663687437215145,0.028445376650124032,0.02516339119917727,100.0,7.962866350856861e-10,8.497579103004658e-10,mb_up,mb_dn,-0.0013941701025377284,0.02683161940234946,5.622649923394952e-10,-0.1525225522980751,5.622649923394952e-10,7.988469780970416e-10,0.005793351832260818,0.006305004139393944,0.014623703759994777,2.0,False,False,0.1521413438618946,0.22165303757250307,0.234984107550432,0.04133817618703405,True,False,decay_model:decay_chpt_spectator,scale:scale_muR0p5_muF1,False
3.1,True,True,single_source_variation_envelope,True,2,True,True,central_repeat_1;central_repeat_2,False,109,True,scale_muR0p5_muF0p5;scale_muR0p5_muF1;scale_muR1_muF0p5;scale_muR1_muF2;scale_muR2_muF1;scale_muR2_muF2;pdf_0001;pdf_0002;pdf_0003;pdf_0004;pdf_0005;pdf_0006;pdf_0007;pdf_0008;pdf_0009;pdf_0010;pdf_0011;pdf_0012;pdf_0013;pdf_0014;pdf_0015;pdf_0016;pdf_0017;pdf_0018;pdf_0019;pdf_0020;pdf_0021;pdf_0022;pdf_0023;pdf_0024;pdf_0025;pdf_0026;pdf_0027;pdf_0028;pdf_0029;pdf_0030;pdf_0031;pdf_0032;pdf_0033;pdf_0034;pdf_0035;pdf_0036;pdf_0037;pdf_0038;pdf_0039;pdf_0040;pdf_0041;pdf_0042;pdf_0043;pdf_0044;pdf_0045;pdf_0046;pdf_0047;pdf_0048;pdf_0049;pdf_0050;pdf_0051;pdf_0052;pdf_0053;pdf_0054;pdf_0055;pdf_0056;pdf_0057;pdf_0058;pdf_0059;pdf_0060;pdf_0061;pdf_0062;pdf_0063;pdf_0064;pdf_0065;pdf_0066;pdf_0067;pdf_0068;pdf_0069;pdf_0070;pdf_0071;pdf_0072;pdf_0073;pdf_0074;pdf_0075;pdf_0076;pdf_0077;pdf_0078;pdf_0079;pdf_0080;pdf_0081;pdf_0082;pdf_0083;pdf_0084;pdf_0085;pdf_0086;pdf_0087;pdf_0088;pdf_0089;pdf_0090;pdf_0091;pdf_0092;pdf_0093;pdf_0094;pdf_0095;pdf_0096;pdf_0097;pdf_0098;pdf_0099;pdf_0100;mb_dn;mb_up;decay_chpt_spectator,1.5212156505214035e-11,False,1.515214363825992e-11,False,1.4939121373140126e-11,1.5237170837896138e-11,1.2041408100350469e-11,2.0957689009852582e-11,scale_muR0p5_muF1,scale_muR1_muF0p5,-0.10151350935908354,0.13915260673710605,1.4827284758048196e-11,1.548610006182949e-11,-0.01112915659060576,0.007751276228434634,0.009694842907186807,100.0,1.4309458684013752e-11,1.6341106718190317e-11,mb_dn,mb_up,-0.026567579817765363,0.03109068137417914,1.372506013607112e-11,-0.044676528878182964,1.372506013607112e-11,1.5212156505214035e-11,0.004289640569082209,0.006149022962864237,0.014058886333541909,2.0,False,False,0.044189060536115383,0.5525147312649633,0.1977770409358416,0.13763430412488936,True,False,1.2041408100350469e-11,2.0957689009852582e-11,scale:scale_muR0p5_muF1,scale:scale_muR1_muF0p5,False,False,6.861391645064157e-10,False,7.137718313714151e-10,False,7.056410169140554e-10,6.897212414199015e-10,4.2867438415104414e-10,7.005406074528473e-10,False,False,,False,,False,,False,,5.617220561870065e-10,7.005406074528473e-10,scale_muR2_muF1,scale_muR0p5_muF0p5,-0.08689073244666723,0.009021105251063588,6.153898001977897e-10,6.93094062612776e-10,-0.04726191562195048,0.0043799691190269385,0.02564034284650369,100.0,6.49325825408968e-10,6.861391645064158e-10,mb_dn,central,-0.023949533103435172,0.0,4.2867438415104414e-10,-0.20428467675954032,4.2867438415104414e-10,6.861391645064158e-10,0.009930695567804904,0.014885803546148324,0.03369506737931027,2.0,False,False,0.171316354771035,0.3149640328847507,0.6215487993798592,0.07286793988797372,True,False,decay_model:decay_chpt_spectator,scale:scale_muR0p5_muF0p5,False
3.2,True,True,single_source_variation_envelope,True,2,True,True,central_repeat_1;central_repeat_2,False,109,True,scale_muR0p5_muF0p5;scale_muR0p5_muF1;scale_muR1_muF0p5;scale_muR1_muF2;scale_muR2_muF1;scale_muR2_muF2;pdf_0001;pdf_0002;pdf_0003;pdf_0004;pdf_0005;pdf_0006;pdf_0007;pdf_0008;pdf_0009;pdf_0010;pdf_0011;pdf_0012;pdf_0013;pdf_0014;pdf_0015;pdf_0016;pdf_0017;pdf_0018;pdf_0019;pdf_0020;pdf_0021;pdf_0022;pdf_0023;pdf_0024;pdf_0025;pdf_0026;pdf_0027;pdf_0028;pdf_0029;pdf_0030;pdf_0031;pdf_0032;pdf_0033;pdf_0034;pdf_0035;pdf_0036;pdf_0037;pdf_0038;pdf_0039;pdf_0040;pdf_0041;pdf_0042;pdf_0043;pdf_0044;pdf_0045;pdf_0046;pdf_0047;pdf_0048;pdf_0049;pdf_0050;pdf_0051;pdf_0052;pdf_0053;pdf_0054;pdf_0055;pdf_0056;pdf_0057;pdf_0058;pdf_0059;pdf_0060;pdf_0061;pdf_0062;pdf_0063;pdf_0064;pdf_0065;pdf_0066;pdf_0067;pdf_0068;pdf_0069;pdf_0070;pdf_0071;pdf_0072;pdf_0073;pdf_0074;pdf_0075;pdf_0076;pdf_0077;pdf_0078;pdf_0079;pdf_0080;pdf_0081;pdf_0082;pdf_0083;pdf_0084;pdf_0085;pdf_0086;pdf_0087;pdf_0088;pdf_0089;pdf_0090;pdf_0091;pdf_0092;pdf_0093;pdf_0094;pdf_0095;pdf_0096;pdf_0097;pdf_0098;pdf_0099;pdf_0100;mb_dn;mb_up;decay_chpt_spectator,1.557062547069259e-11,False,1.5373926409287706e-11,False,1.5515619329974156e-11,1.613169016963775e-11,1.2756453550291744e-11,2.205054218673582e-11,scale_muR0p5_muF1,scale_muR1_muF0p5,-0.0865761064892876,0.15111321403482414,1.5462457059961767e-11,1.624147014124558e-11,-0.0030275519099483006,0.01831927955073631,0.009731640476013345,100.0,1.4796273261057045e-11,1.7117153987306054e-11,mb_dn,mb_up,-0.022153715120564854,0.041125499142719235,1.4368402857587757e-11,-0.034897562359656575,1.4368402857587757e-11,1.557062547069253e-11,0.012439696119244559,0.020895074326741536,0.04928888952481669,2.0,False,False,0.1382743028807941,1.140605680964222,0.5080807470379543,0.5987545522920921,True,False,1.2756453550291744e-11,2.205054218673582e-11,scale:scale_muR0p5_muF1,scale:scale_muR1_muF0p5,False,False,5.904568570245421e-10,False,6.022445875114014e-10,False,5.748788053118893e-10,5.505643366586091e-10,3.5283546589336334e-10,6.500291965787743e-10,False,False,,False,,False,,False,,5.29048507401114e-10,6.500291965787743e-10,scale_muR1_muF0p5,scale_muR0p5_muF0p5,-0.04769267701206026,0.041744693296701385,5.533360900507487e-10,6.128689232178336e-10,-0.028199173488040685,0.01617942964684005,0.02318228190993294,100.0,5.531200627375092e-10,5.904568570245397e-10,mb_up,central,-0.028368759008511546,0.0,3.5283546589336334e-10,-0.22361593791938006,3.5283546589336334e-10,5.904568570245397e-10,0.029580718874518297,0.03896482947925328,0.08581272779278237,2.0,False,False,0.8169981624097149,1.3817720400840234,1.3735119490973353,0.17424889228289808,True,False,decay_model:decay_chpt_spectator,scale:scale_muR0p5_muF0p5,False
3.3,True,True,single_source_variation_envelope,True,2,True,True,central_repeat_1;central_repeat_2,False,109,True,scale_muR0p5_muF0p5;scale_muR0p5_muF1;scale_muR1_muF0p5;scale_muR1_muF2;scale_muR2_muF1;scale_muR2_muF2;pdf_0001;pdf_0002;pdf_0003;pdf_0004;pdf_0005;pdf_0006;pdf_0007;pdf_0008;pdf_0009;pdf_0010;pdf_0011;pdf_0012;pdf_0013;pdf_0014;pdf_0015;pdf_0016;pdf_0017;pdf_0018;pdf_0019;pdf_0020;pdf_0021;pdf_0022;pdf_0023;pdf_0024;pdf_0025;pdf_0026;pdf_0027;pdf_0028;pdf_0029;pdf_0030;pdf_0031;pdf_0032;pdf_0033;pdf_0034;pdf_0035;pdf_0036;pdf_0037;pdf_0038;pdf_0039;pdf_0040;pdf_0041;pdf_0042;pdf_0043;pdf_0044;pdf_0045;pdf_0046;pdf_0047;pdf_0048;pdf_0049;pdf_0050;pdf_0051;pdf_0052;pdf_0053;pdf_0054;pdf_0055;pdf_0056;pdf_0057;pdf_0058;pdf_0059;pdf_0060;pdf_0061;pdf_0062;pdf_0063;pdf_0064;pdf_0065;pdf_0066;pdf_0067;pdf_0068;pdf_0069;pdf_0070;pdf_0071;pdf_0072;pdf_0073;pdf_0074;pdf_0075;pdf_0076;pdf_0077;pdf_0078;pdf_0079;pdf_0080;pdf_0081;pdf_0082;pdf_0083;pdf_0084;pdf_0085;pdf_0086;pdf_0087;pdf_0088;pdf_0089;pdf_0090;pdf_0091;pdf_0092;pdf_0093;pdf_0094;pdf_0095;pdf_0096;pdf_0097;pdf_0098;pdf_0099;pdf_0100;mb_dn;mb_up;decay_chpt_spectator,1.5979410634621323e-11,False,1.6237409806491753e-11,False,1.637291096872642e-11,1.6631110287613542e-11,1.2856186967696985e-11,2.161744099786762e-11,scale_muR0p5_muF1,scale_muR1_muF0p5,-0.09444857752599489,0.13124352501858638,1.5651222704705107e-11,1.6361334360955964e-11,-0.009012486119482688,0.010257962715920499,0.009967577942211064,100.0,1.5004701246825208e-11,1.7343707575172393e-11,mb_dn,mb_up,-0.027333404510859083,0.035581185189107245,1.440264391461777e-11,-0.04511853378437536,1.440264391461777e-11,1.5979410634621323e-11,0.007006820179825013,0.010404491824544948,0.024246507652001537,2.0,False,False,0.07927622961263414,1.0142844259315775,0.2924155496576927,0.23060350042110733,True,False,1.2856186967696985e-11,2.161744099786762e-11,scale:scale_muR0p5_muF1,scale:scale_muR1_muF0p5,False,False,5.229316174428321e-10,False,5.263413264661284e-10,False,5.098407742294248e-10,5.104664189411836e-10,3.108821421394887e-10,5.398146351313674e-10,False,False,,False,,False,,False,,4.721507110646842e-10,5.266418115942266e-10,scale_muR2_muF1,scale_muR0p5_muF1,-0.04436425282066736,0.00307043511931937,4.845896262490766e-10,5.398146351313674e-10,-0.03307078806324171,0.013799753816140736,0.02323527151559552,100.0,4.90879978039063e-10,5.229316174428321e-10,mb_up,central,-0.02746958239263897,0.0,3.108821421394887e-10,-0.22584912511543287,3.108821421394887e-10,5.229316174428321e-10,0.013566599499384324,0.013832905648966332,0.03134952816167558,2.0,False,False,0.3118029667913665,0.41828170597306247,0.5035717489710778,0.06124843583917471,True,False,decay_model:decay_chpt_spectator,pdf:p84,False
3.4,True,True,single_source_variation_envelope,True,2,True,True,central_repeat_1;central_repeat_2,False,109,True,scale_muR0p5_muF0p5;scale_muR0p5_muF1;scale_muR1_muF0p5;scale_muR1_muF2;scale_muR2_muF1;scale_muR2_muF2;pdf_0001;pdf_0002;pdf_0003;pdf_0004;pdf_0005;pdf_0006;pdf_0007;pdf_0008;pdf_0009;pdf_0010;pdf_0011;pdf_0012;pdf_0013;pdf_0014;pdf_0015;pdf_0016;pdf_0017;pdf_0018;pdf_0019;pdf_0020;pdf_0021;pdf_0022;pdf_0023;pdf_0024;pdf_0025;pdf_0026;pdf_0027;pdf_0028;pdf_0029;pdf_0030;pdf_0031;pdf_0032;pdf_0033;pdf_0034;pdf_0035;pdf_0036;pdf_0037;pdf_0038;pdf_0039;pdf_0040;pdf_0041;pdf_0042;pdf_0043;pdf_0044;pdf_0045;pdf_0046;pdf_0047;pdf_0048;pdf_0049;pdf_0050;pdf_0051;pdf_0052;pdf_0053;pdf_0054;pdf_0055;pdf_0056;pdf_0057;pdf_0058;pdf_0059;pdf_0060;pdf_0061;pdf_0062;pdf_0063;pdf_0064;pdf_0065;pdf_0066;pdf_0067;pdf_0068;pdf_0069;pdf_0070;pdf_0071;pdf_0072;pdf_0073;pdf_0074;pdf_0075;pdf_0076;pdf_0077;pdf_0078;pdf_0079;pdf_0080;pdf_0081;pdf_0082;pdf_0083;pdf_0084;pdf_0085;pdf_0086;pdf_0087;pdf_0088;pdf_0089;pdf_0090;pdf_0091;pdf_0092;pdf_0093;pdf_0094;pdf_0095;pdf_0096;pdf_0097;pdf_0098;pdf_0099;pdf_0100;mb_dn;mb_up;decay_chpt_spectator,1.706138101010184e-11,False,1.6756334350178468e-11,False,1.7384917270288077e-11,1.6918241891719636e-11,1.3374246941636713e-11,2.430290574500202e-11,scale_muR0p5_muF1,scale_muR1_muF0p5,-0.1057448438895765,0.15364402092613716,1.694908802576364e-11,1.7710064702401387e-11,-0.0028678464044311625,0.01620596622958992,0.010195152674452234,100.0,1.6545289452853835e-11,1.9043677160569792e-11,mb_dn,mb_up,-0.013339812264963058,0.047736628827721006,1.6162378084874865e-11,-0.023508919670371498,1.6162378084874865e-11,1.7061381010101768e-11,0.010084911669844487,0.01599361080483952,0.03751315215925555,2.0,False,False,0.10409523721413337,0.9868964662926012,0.33503854791589127,0.6803209602607307,True,False,1.3374246941636713e-11,2.430290574500202e-11,scale:scale_muR0p5_muF1,scale:scale_muR1_muF0p5,False,False,4.3968575294595815e-10,False,4.71135590894648e-10,False,4.5071500424264026e-10,4.4712503918618364e-10,2.2549485363078254e-10,4.5289741467178013e-10,False,False,,False,,False,,False,,3.652339480094965e-10,4.5289741467178013e-10,scale_muR2_muF1,scale_muR0p5_muF1,-0.08057125565333934,0.012857448069164334,4.041236648148459e-10,4.4438506775639166e-10,-0.03662811073058947,0.004617063848652236,0.021730203684806063,100.0,3.91574385307874e-10,4.3968575294595634e-10,mb_dn,central,-0.05032811863702236,0.0,2.2549485363078254e-10,-0.29000575886959723,2.2549485363078254e-10,4.3968575294595634e-10,0.02098040972416637,0.022716922073428236,0.050963145583780456,2.0,False,False,0.2819482194887044,0.6202045811349071,0.4513763416683178,0.07833265850297487,True,False,decay_model:decay_chpt_spectator,scale:scale_muR0p5_muF1,False
3.5,True,True,single_source_variation_envelope,True,2,True,True,central_repeat_1;central_repeat_2,False,109,True,scale_muR0p5_muF0p5;scale_muR0p5_muF1;scale_muR1_muF0p5;scale_muR1_muF2;scale_muR2_muF1;scale_muR2_muF2;pdf_0001;pdf_0002;pdf_0003;pdf_0004;pdf_0005;pdf_0006;pdf_0007;pdf_0008;pdf_0009;pdf_0010;pdf_0011;pdf_0012;pdf_0013;pdf_0014;pdf_0015;pdf_0016;pdf_0017;pdf_0018;pdf_0019;pdf_0020;pdf_0021;pdf_0022;pdf_0023;pdf_0024;pdf_0025;pdf_0026;pdf_0027;pdf_0028;pdf_0029;pdf_0030;pdf_0031;pdf_0032;pdf_0033;pdf_0034;pdf_0035;pdf_0036;pdf_0037;pdf_0038;pdf_0039;pdf_0040;pdf_0041;pdf_0042;pdf_0043;pdf_0044;pdf_0045;pdf_0046;pdf_0047;pdf_0048;pdf_0049;pdf_0050;pdf_0051;pdf_0052;pdf_0053;pdf_0054;pdf_0055;pdf_0056;pdf_0057;pdf_0058;pdf_0059;pdf_0060;pdf_0061;pdf_0062;pdf_0063;pdf_0064;pdf_0065;pdf_0066;pdf_0067;pdf_0068;pdf_0069;pdf_0070;pdf_0071;pdf_0072;pdf_0073;pdf_0074;pdf_0075;pdf_0076;pdf_0077;pdf_0078;pdf_0079;pdf_0080;pdf_0081;pdf_0082;pdf_0083;pdf_0084;pdf_0085;pdf_0086;pdf_0087;pdf_0088;pdf_0089;pdf_0090;pdf_0091;pdf_0092;pdf_0093;pdf_0094;pdf_0095;pdf_0096;pdf_0097;pdf_0098;pdf_0099;pdf_0100;mb_dn;mb_up;decay_chpt_spectator,1.787876468922728e-11,False,1.7950588690329112e-11,False,1.8245551201626052e-11,1.7825128803095772e-11,1.4106358061141287e-11,2.5712768502888098e-11,scale_muR0p5_muF1,scale_muR1_muF0p5,-0.10292260513664075,0.15781133133585712,1.761032176847139e-11,1.8454724796368534e-11,-0.00657021717734807,0.01377006475603082,0.010865603140635104,100.0,1.6722045591476346e-11,2.0034897327501875e-11,mb_dn,mb_up,-0.02904810529338242,0.04944961268768644,1.617330333910114e-11,-0.043538776411264024,1.617330333910114e-11,1.7878764689227208e-11,0.005062155651588185,0.007078292164912625,0.016431912979870678,2.0,False,False,0.04485287656466485,0.5140347769107312,0.1431415087033676,0.1625744393469308,True,False,1.4106358061141287e-11,2.5712768502888098e-11,scale:scale_muR0p5_muF1,scale:scale_muR1_muF0p5,False,False,3.8560169240372655e-10,False,4.217887724065412e-10,False,3.879273164393967e-10,4.103680624011637e-10,1.9754725790637578e-10,4.122863968999968e-10,False,False,,False,,False,,False,,3.061586951265184e-10,4.122863968999968e-10,scale_muR2_muF1,scale_muR0p5_muF1,-0.10019233312942255,0.029060074445347084,3.4313817206772135e-10,3.822021784599571e-10,-0.050669897945914144,-0.0038457732515571053,0.022816037867928164,100.0,3.577145874707137e-10,3.856016924037282e-10,mb_dn,central,-0.03260228047005498,0.0,1.9754725790637578e-10,-0.2904679256018845,1.9754725790637578e-10,3.856016924037282e-10,0.024133057159514415,0.03634465295003331,0.08028060058105846,2.0,False,False,0.3627488432980738,0.7172829317483167,1.114788672019912,0.12512449653338767,True,False,decay_model:decay_chpt_spectator,scale:scale_muR0p5_muF1,False
3.6,True,True,single_source_variation_envelope,True,2,True,True,central_repeat_1;central_repeat_2,False,109,True,scale_muR0p5_muF0p5;scale_muR0p5_muF1;scale_muR1_muF0p5;scale_muR1_muF2;scale_muR2_muF1;scale_muR2_muF2;pdf_0001;pdf_0002;pdf_0003;pdf_0004;pdf_0005;pdf_0006;pdf_0007;pdf_0008;pdf_0009;pdf_0010;pdf_0011;pdf_0012;pdf_0013;pdf_0014;pdf_0015;pdf_0016;pdf_0017;pdf_0018;pdf_0019;pdf_0020;pdf_0021;pdf_0022;pdf_0023;pdf_0024;pdf_0025;pdf_0026;pdf_0027;pdf_0028;pdf_0029;pdf_0030;pdf_0031;pdf_0032;pdf_0033;pdf_0034;pdf_0035;pdf_0036;pdf_0037;pdf_0038;pdf_0039;pdf_0040;pdf_0041;pdf_0042;pdf_0043;pdf_0044;pdf_0045;pdf_0046;pdf_0047;pdf_0048;pdf_0049;pdf_0050;pdf_0051;pdf_0052;pdf_0053;pdf_0054;pdf_0055;pdf_0056;pdf_0057;pdf_0058;pdf_0059;pdf_0060;pdf_0061;pdf_0062;pdf_0063;pdf_0064;pdf_0065;pdf_0066;pdf_0067;pdf_0068;pdf_0069;pdf_0070;pdf_0071;pdf_0072;pdf_0073;pdf_0074;pdf_0075;pdf_0076;pdf_0077;pdf_0078;pdf_0079;pdf_0080;pdf_0081;pdf_0082;pdf_0083;pdf_0084;pdf_0085;pdf_0086;pdf_0087;pdf_0088;pdf_0089;pdf_0090;pdf_0091;pdf_0092;pdf_0093;pdf_0094;pdf_0095;pdf_0096;pdf_0097;pdf_0098;pdf_0099;pdf_0100;mb_dn;mb_up;decay_chpt_spectator,1.873904614649388e-11,False,1.863853508525288e-11,False,1.8923503843838925e-11,1.9301659730210877e-11,1.4468825876070148e-11,2.699931110647826e-11,scale_muR0p5_muF1,scale_muR1_muF0p5,-0.11231419049885893,0.15860520248896215,1.8673248903965294e-11,1.959046888106878e-11,-0.0015275945395920587,0.01929734989545473,0.010315420076618427,100.0,1.8137549804608646e-11,2.1067436688940797e-11,mb_dn,mb_up,-0.014168862695917994,0.050864216780402316,1.7745438257111147e-11,-0.023660751151098225,1.7745438257111147e-11,1.873904614649388e-11,0.010886328408706625,0.015182879617158918,0.03557815257072816,2.0,False,False,0.09572750060462577,0.7867857347984902,0.298498248438749,0.6416905160871952,True,False,1.4468825876070148e-11,2.699931110647826e-11,scale:scale_muR0p5_muF1,scale:scale_muR1_muF0p5,False,False,2.937913271651965e-10,False,3.114984275242584e-10,False,3.0116568799639675e-10,3.0413405557905686e-10,1.5396496055590993e-10,3.081104623484587e-10,False,False,,False,,False,,False,,2.4480804489322585e-10,3.081104623484587e-10,scale_muR2_muF1,scale_muR0p5_muF1,-0.07921328558736107,0.020667474580998046,2.6636699156144414e-10,2.963585901276678e-10,-0.04255856543310621,0.0037785489373032277,0.023058422660486803,100.0,2.6704789093093743e-10,2.9379132716519776e-10,mb_dn,central,-0.041449818717476106,0.0,1.5396496055590993e-10,-0.28061707603482766,1.5396496055590993e-10,2.9379132716519776e-10,0.012520586575608839,0.014650367745021597,0.033171080862220426,2.0,False,False,0.18494836612810753,0.34424016871642743,0.3534482947893979,0.052207684407642126,True,False,decay_model:decay_chpt_spectator,scale:scale_muR0p5_muF1,False
3.7,True,True,single_source_variation_envelope,True,2,True,True,central_repeat_1;central_repeat_2,False,109,True,scale_muR0p5_muF0p5;scale_muR0p5_muF1;scale_muR1_muF0p5;scale_muR1_muF2;scale_muR2_muF1;scale_muR2_muF2;pdf_0001;pdf_0002;pdf_0003;pdf_0004;pdf_0005;pdf_0006;pdf_0007;pdf_0008;pdf_0009;pdf_0010;pdf_0011;pdf_0012;pdf_0013;pdf_0014;pdf_0015;pdf_0016;pdf_0017;pdf_0018;pdf_0019;pdf_0020;pdf_0021;pdf_0022;pdf_0023;pdf_0024;pdf_0025;pdf_0026;pdf_0027;pdf_0028;pdf_0029;pdf_0030;pdf_0031;pdf_0032;pdf_0033;pdf_0034;pdf_0035;pdf_0036;pdf_0037;pdf_0038;pdf_0039;pdf_0040;pdf_0041;pdf_0042;pdf_0043;pdf_0044;pdf_0045;pdf_0046;pdf_0047;pdf_0048;pdf_0049;pdf_0050;pdf_0051;pdf_0052;pdf_0053;pdf_0054;pdf_0055;pdf_0056;pdf_0057;pdf_0058;pdf_0059;pdf_0060;pdf_0061;pdf_0062;pdf_0063;pdf_0064;pdf_0065;pdf_0066;pdf_0067;pdf_0068;pdf_0069;pdf_0070;pdf_0071;pdf_0072;pdf_0073;pdf_0074;pdf_0075;pdf_0076;pdf_0077;pdf_0078;pdf_0079;pdf_0080;pdf_0081;pdf_0082;pdf_0083;pdf_0084;pdf_0085;pdf_0086;pdf_0087;pdf_0088;pdf_0089;pdf_0090;pdf_0091;pdf_0092;pdf_0093;pdf_0094;pdf_0095;pdf_0096;pdf_0097;pdf_0098;pdf_0099;pdf_0100;mb_dn;mb_up;decay_chpt_spectator,2.045160031634167e-11,False,2.012902518315433e-11,False,2.0907060029250542e-11,2.078965069679497e-11,1.525042994291392e-11,3.510912471486364e-11,scale_muR0p5_muF1,scale_muR1_muF0p5,-0.12744520919716784,0.23469270569543532,2.0341628199966186e-11,2.1910583164782226e-11,-0.0023415846572110155,0.02992663998964673,0.016402578322415883,100.0,1.9792416596038564e-11,2.4334764554521186e-11,mb_dn,mb_up,-0.014228473235343486,0.07549985192025233,2.2403800752280705e-11,0.03959440486312715,2.0451600316341758e-11,2.2403800752280705e-11,0.015247336135478129,0.016470223003150153,0.03865238574729091,2.0,False,False,0.0701778223330206,0.5503532307284783,0.21814907690874724,0.41597349575238296,True,False,1.525042994291392e-11,3.510912471486364e-11,scale:scale_muR0p5_muF1,scale:scale_muR1_muF0p5,False,False,1.442615099182384e-10,False,1.5495945692167183e-10,False,1.407504647346655e-10,1.4475082636321585e-10,7.040888378389261e-11,1.5684647593061548e-10,False,False,,False,,False,,False,,1.0628356897774098e-10,1.5684647593061548e-10,scale_muR2_muF1,scale_muR0p5_muF1,-0.13268434394484885,0.03632429186003705,1.3052564575906676e-10,1.4471847015872738e-10,-0.04345462293161795,0.0013734894455428304,0.023206194094745943,100.0,1.2544219874179768e-10,1.442615099182384e-10,mb_up,central,-0.06070681574713532,0.0,7.040888378389261e-11,-0.3115230140825975,7.040888378389261e-11,1.442615099182384e-10,0.03568264104949215,0.041768248170473754,0.09169490181027573,2.0,False,False,0.3147940964898994,0.9611922818016867,0.6880322688057435,0.1340775682126627,True,False,decay_model:decay_chpt_spectator,scale:scale_muR0p5_muF1,False
3.8,False,True,single_source_variation_envelope,False,0,False,False,,False,6,True,scale_muR0p5_muF1;scale_muR1_muF2;pdf_0009;pdf_0063;pdf_0064;pdf_0070,,False,,False,,,,,,,,,,,,,,,,,,,,,,,,,,,,,,,,,,,,,,,,,False,,,False,,False,,,,,False,False,,False,,True,scale_muR0p5_muF1;scale_muR1_muF2;pdf_0009;pdf_0063;pdf_0064;pdf_0070,True,scale_muR0p5_muF1;scale_muR1_muF2;pdf_0009;pdf_0063;pdf_0064;pdf_0070,,,,,,,,,,,,,,,,,,,,,,,,,,,,,,,,,,,,,
3.9,False,False,single_source_variation_envelope,False,0,False,False,,False,0,False,,,False,,False,,,,,,,,,,,,,,,,,,,,,,,,,,,,,,,,,,,,,,,,,False,,,False,,False,,,,,False,False,,False,,False,,False,,,,,,,,,,,,,,,,,,,,,,,,,,,,,,,,,,,,,,
4.0,False,False,single_source_variation_envelope,False,0,False,False,,False,0,False,,,False,,False,,,,,,,,,,,,,,,,,,,,,,,,,,,,,,,,,,,,,,,,,False,,,False,,False,,,,,False,False,,False,,False,,False,,,,,,,,,,,,,,,,,,,,,,,,,,,,,,,,,,,,,,
4.1,False,False,single_source_variation_envelope,False,0,False,False,,False,0,False,,,False,,False,,,,,,,,,,,,,,,,,,,,,,,,,,,,,,,,,,,,,,,,,False,,,False,,False,,,,,False,False,,False,,False,,False,,,,,,,,,,,,,,,,,,,,,,,,,,,,,,,,,,,,,,
4.2,False,False,single_source_variation_envelope,False,0,False,False,,False,0,False,,,False,,False,,,,,,,,,,,,,,,,,,,,,,,,,,,,,,,,,,,,,,,,,False,,,False,,False,,,,,False,False,,False,,False,,False,,,,,,,,,,,,,,,,,,,,,,,,,,,,,,,,,,,,,,
4.3,False,False,single_source_variation_envelope,False,0,False,False,,False,0,False,,,False,,False,,,,,,,,,,,,,,,,,,,,,,,,,,,,,,,,,,,,,,,,,False,,,False,,False,,,,,False,False,,False,,False,,False,,,,,,,,,,,,,,,,,,,,,,,,,,,,,,,,,,,,,,
4.4,False,False,single_source_variation_envelope,False,0,False,False,,False,0,False,,,False,,False,,,,,,,,,,,,,,,,,,,,,,,,,,,,,,,,,,,,,,,,,False,,,False,,False,,,,,False,False,,False,,False,,False,,,,,,,,,,,,,,,,,,,,,,,,,,,,,,,,,,,,,,
4.5,False,False,single_source_variation_envelope,False,0,False,False,,False,0,False,,,False,,False,,,,,,,,,,,,,,,,,,,,,,,,,,,,,,,,,,,,,,,,,False,,,False,,False,,,,,False,False,,False,,False,,False,,,,,,,,,,,,,,,,,,,,,,,,,,,,,,,,,,,,,,
4.6,False,False,single_source_variation_envelope,False,0,False,False,,False,0,False,,,False,,False,,,,,,,,,,,,,,,,,,,,,,,,,,,,,,,,,,,,,,,,,False,,,False,,False,,,,,False,False,,False,,False,,False,,,,,,,,,,,,,,,,,,,,,,,,,,,,,,,,,,,,,,
4.7,False,False,single_source_variation_envelope,False,0,False,False,,False,0,False,,,False,,False,,,,,,,,,,,,,,,,,,,,,,,,,,,,,,,,,,,,,,,,,False,,,False,,False,,,,,False,False,,False,,False,,False,,,,,,,,,,,,,,,,,,,,,,,,,,,,,,,,,,,,,,
